time_UTC,observed_data,forecast_data,offset,x,y,station_id,agency,storm,year,time_UTC_dt
2022-09-25 01:00:00,2.56,2.315,-0.2450000000000001,-73.7101944,40.8662222,01302250,USGS,IAN,2022,60.0
2022-09-25 02:00:00,2.54,3.625,1.085,-73.7101944,40.8662222,01302250,USGS,IAN,2022,120.0
2022-09-25 03:00:00,2.94,3.959,1.019,-73.7101944,40.8662222,01302250,USGS,IAN,2022,180.0
2022-09-25 04:00:00,3.27,3.747,0.4769999999999998,-73.7101944,40.8662222,01302250,USGS,IAN,2022,240.0
2022-09-25 05:00:00,2.97,2.483,-0.4870000000000001,-73.7101944,40.8662222,01302250,USGS,IAN,2022,300.0
2022-09-25 06:00:00,2.75,0.342,-2.408,-73.7101944,40.8662222,01302250,USGS,IAN,2022,360.0
2022-09-25 07:00:00,2.64,-1.811,-4.4510000000000005,-73.7101944,40.8662222,01302250,USGS,IAN,2022,420.0
2022-09-25 08:00:00,2.58,-3.264,-5.843999999999999,-73.7101944,40.8662222,01302250,USGS,IAN,2022,480.0
2022-09-25 09:00:00,2.55,-3.92,-6.47,-73.7101944,40.8662222,01302250,USGS,IAN,2022,540.0
2022-09-25 10:00:00,2.53,-4.098,-6.628,-73.7101944,40.8662222,01302250,USGS,IAN,2022,600.0
2022-09-25 11:00:00,2.51,-3.245,-5.755,-73.7101944,40.8662222,01302250,USGS,IAN,2022,660.0
2022-09-25 12:00:00,2.5,-0.947,-3.447,-73.7101944,40.8662222,01302250,USGS,IAN,2022,720.0
2022-09-25 13:00:00,2.49,1.668,-0.8220000000000003,-73.7101944,40.8662222,01302250,USGS,IAN,2022,780.0
2022-09-25 14:00:00,2.48,3.433,0.9529999999999998,-73.7101944,40.8662222,01302250,USGS,IAN,2022,840.0
2022-09-25 15:00:00,3.37,4.049,0.6790000000000003,-73.7101944,40.8662222,01302250,USGS,IAN,2022,900.0
2022-09-25 16:00:00,4.2,4.094,-0.1059999999999998,-73.7101944,40.8662222,01302250,USGS,IAN,2022,960.0
2022-09-25 17:00:00,4.26,3.185,-1.0749999999999995,-73.7101944,40.8662222,01302250,USGS,IAN,2022,1020.0
2022-09-25 18:00:00,3.69,1.225,-2.465,-73.7101944,40.8662222,01302250,USGS,IAN,2022,1080.0
2022-09-25 19:00:00,3.16,-1.135,-4.295,-73.7101944,40.8662222,01302250,USGS,IAN,2022,1140.0
2022-09-25 20:00:00,2.91,-2.887,-5.797000000000001,-73.7101944,40.8662222,01302250,USGS,IAN,2022,1200.0
2022-09-25 21:00:00,2.79,-3.82,-6.609999999999999,-73.7101944,40.8662222,01302250,USGS,IAN,2022,1260.0
2022-09-25 22:00:00,2.72,-4.152,-6.872,-73.7101944,40.8662222,01302250,USGS,IAN,2022,1320.0
2022-09-25 23:00:00,2.68,-3.731,-6.411,-73.7101944,40.8662222,01302250,USGS,IAN,2022,1380.0
2022-09-26 00:00:00,2.63,-1.8,-4.43,-73.7101944,40.8662222,01302250,USGS,IAN,2022,1440.0
2022-09-26 01:00:00,2.59,0.895,-1.6949999999999998,-73.7101944,40.8662222,01302250,USGS,IAN,2022,1500.0
2022-09-26 02:00:00,2.89,3.032,0.1419999999999999,-73.7101944,40.8662222,01302250,USGS,IAN,2022,1560.0
2022-09-26 03:00:00,4.37,3.961,-0.4090000000000002,-73.7101944,40.8662222,01302250,USGS,IAN,2022,1620.0
2022-09-26 04:00:00,5.09,4.15,-0.9399999999999996,-73.7101944,40.8662222,01302250,USGS,IAN,2022,1680.0
2022-09-26 05:00:00,5.11,3.574,-1.5360000000000005,-73.7101944,40.8662222,01302250,USGS,IAN,2022,1740.0
2022-09-26 06:00:00,4.62,1.839,-2.781,-73.7101944,40.8662222,01302250,USGS,IAN,2022,1800.0
2022-09-26 07:00:00,3.99,-0.569,-4.559,-73.7101944,40.8662222,01302250,USGS,IAN,2022,1860.0
2022-09-26 08:00:00,3.38,-2.555,-5.9350000000000005,-73.7101944,40.8662222,01302250,USGS,IAN,2022,1920.0
2022-09-26 09:00:00,3.04,-3.733,-6.773,-73.7101944,40.8662222,01302250,USGS,IAN,2022,1980.0
2022-09-26 10:00:00,2.87,-4.184,-7.054,-73.7101944,40.8662222,01302250,USGS,IAN,2022,2040.0
2022-09-26 11:00:00,2.7,-4.078,-6.7780000000000005,-73.7101944,40.8662222,01302250,USGS,IAN,2022,2100.0
2022-09-26 12:00:00,2.5,-2.528,-5.0280000000000005,-73.7101944,40.8662222,01302250,USGS,IAN,2022,2160.0
2022-09-26 13:00:00,2.43,0.233,-2.197,-73.7101944,40.8662222,01302250,USGS,IAN,2022,2220.0
2022-09-26 14:00:00,2.41,2.741,0.3309999999999999,-73.7101944,40.8662222,01302250,USGS,IAN,2022,2280.0
2022-09-26 15:00:00,2.78,4.062,1.2820000000000005,-73.7101944,40.8662222,01302250,USGS,IAN,2022,2340.0
2022-09-26 16:00:00,4.24,4.432,0.1920000000000001,-73.7101944,40.8662222,01302250,USGS,IAN,2022,2400.0
2022-09-26 17:00:00,4.43,4.193,-0.2370000000000001,-73.7101944,40.8662222,01302250,USGS,IAN,2022,2460.0
2022-09-26 18:00:00,4.04,2.692,-1.348,-73.7101944,40.8662222,01302250,USGS,IAN,2022,2520.0
2022-09-26 19:00:00,3.43,0.309,-3.121,-73.7101944,40.8662222,01302250,USGS,IAN,2022,2580.0
2022-09-26 20:00:00,3.08,-1.984,-5.064,-73.7101944,40.8662222,01302250,USGS,IAN,2022,2640.0
2022-09-26 21:00:00,2.88,-3.483,-6.363,-73.7101944,40.8662222,01302250,USGS,IAN,2022,2700.0
2022-09-26 22:00:00,2.79,-4.212,-7.002,-73.7101944,40.8662222,01302250,USGS,IAN,2022,2760.0
2022-09-26 23:00:00,2.72,-4.445,-7.165000000000001,-73.7101944,40.8662222,01302250,USGS,IAN,2022,2820.0
2022-09-27 00:00:00,2.69,-3.512,-6.202,-73.7101944,40.8662222,01302250,USGS,IAN,2022,2880.0
2022-09-27 01:00:00,2.52,-0.993,-3.513,-73.7101944,40.8662222,01302250,USGS,IAN,2022,2940.0
2022-09-27 02:00:00,2.52,1.766,-0.754,-73.7101944,40.8662222,01302250,USGS,IAN,2022,3000.0
2022-09-27 03:00:00,2.59,3.549,0.959,-73.7101944,40.8662222,01302250,USGS,IAN,2022,3060.0
2022-09-27 04:00:00,4.15,4.126,-0.024,-73.7101944,40.8662222,01302250,USGS,IAN,2022,3120.0
2022-09-27 05:00:00,4.58,4.158,-0.4219999999999997,-73.7101944,40.8662222,01302250,USGS,IAN,2022,3180.0
2022-09-27 06:00:00,4.56,3.147,-1.4129999999999998,-73.7101944,40.8662222,01302250,USGS,IAN,2022,3240.0
2022-09-27 07:00:00,3.98,1.02,-2.96,-73.7101944,40.8662222,01302250,USGS,IAN,2022,3300.0
2022-09-27 08:00:00,3.37,-1.418,-4.788,-73.7101944,40.8662222,01302250,USGS,IAN,2022,3360.0
2022-09-27 09:00:00,3.03,-3.162,-6.192,-73.7101944,40.8662222,01302250,USGS,IAN,2022,3420.0
2022-09-27 10:00:00,2.84,-4.035,-6.875,-73.7101944,40.8662222,01302250,USGS,IAN,2022,3480.0
2022-09-27 11:00:00,2.73,-4.343,-7.073,-73.7101944,40.8662222,01302250,USGS,IAN,2022,3540.0
2022-09-27 12:00:00,2.59,-3.742,-6.332,-73.7101944,40.8662222,01302250,USGS,IAN,2022,3600.0
2022-09-27 13:00:00,2.52,-1.483,-4.003,-73.7101944,40.8662222,01302250,USGS,IAN,2022,3660.0
2022-09-27 14:00:00,2.49,1.422,-1.0680000000000005,-73.7101944,40.8662222,01302250,USGS,IAN,2022,3720.0
2022-09-27 15:00:00,2.56,3.597,1.037,-73.7101944,40.8662222,01302250,USGS,IAN,2022,3780.0
2022-09-27 16:00:00,4.2,4.502,0.3019999999999996,-73.7101944,40.8662222,01302250,USGS,IAN,2022,3840.0
2022-09-27 17:00:00,4.84,4.703,-0.1369999999999995,-73.7101944,40.8662222,01302250,USGS,IAN,2022,3900.0
2022-09-27 18:00:00,4.94,3.992,-0.9480000000000004,-73.7101944,40.8662222,01302250,USGS,IAN,2022,3960.0
2022-09-27 19:00:00,4.44,1.983,-2.4570000000000003,-73.7101944,40.8662222,01302250,USGS,IAN,2022,4020.0
2022-09-27 20:00:00,3.79,-0.601,-4.391,-73.7101944,40.8662222,01302250,USGS,IAN,2022,4080.0
2022-09-27 21:00:00,3.26,-2.669,-5.929,-73.7101944,40.8662222,01302250,USGS,IAN,2022,4140.0
2022-09-27 22:00:00,2.98,-3.911,-6.891,-73.7101944,40.8662222,01302250,USGS,IAN,2022,4200.0
2022-09-27 23:00:00,2.8,-4.499,-7.298999999999999,-73.7101944,40.8662222,01302250,USGS,IAN,2022,4260.0
2022-09-28 00:00:00,2.6,-4.52,-7.119999999999999,-73.7101944,40.8662222,01302250,USGS,IAN,2022,4320.0
2022-09-28 01:00:00,2.49,-2.999,-5.489000000000001,-73.7101944,40.8662222,01302250,USGS,IAN,2022,4380.0
2022-09-28 02:00:00,2.43,-0.141,-2.571,-73.7101944,40.8662222,01302250,USGS,IAN,2022,4440.0
2022-09-28 03:00:00,2.39,2.448,0.0579999999999998,-73.7101944,40.8662222,01302250,USGS,IAN,2022,4500.0
2022-09-28 04:00:00,2.49,3.785,1.295,-73.7101944,40.8662222,01302250,USGS,IAN,2022,4560.0
2022-09-28 05:00:00,3.67,4.164,0.4939999999999998,-73.7101944,40.8662222,01302250,USGS,IAN,2022,4620.0
2022-09-28 06:00:00,3.78,3.968,0.1880000000000001,-73.7101944,40.8662222,01302250,USGS,IAN,2022,4680.0
2022-09-28 07:00:00,3.43,2.547,-0.883,-73.7101944,40.8662222,01302250,USGS,IAN,2022,4740.0
2022-09-28 08:00:00,2.89,0.157,-2.733,-73.7101944,40.8662222,01302250,USGS,IAN,2022,4800.0
2022-09-28 09:00:00,2.62,-2.105,-4.725,-73.7101944,40.8662222,01302250,USGS,IAN,2022,4860.0
2022-09-28 10:00:00,2.47,-3.557,-6.027,-73.7101944,40.8662222,01302250,USGS,IAN,2022,4920.0
2022-09-28 11:00:00,2.37,-4.164,-6.534,-73.7101944,40.8662222,01302250,USGS,IAN,2022,4980.0
2022-09-28 12:00:00,2.32,-4.304,-6.6240000000000006,-73.7101944,40.8662222,01302250,USGS,IAN,2022,5040.0
2022-09-28 13:00:00,2.28,-3.157,-5.436999999999999,-73.7101944,40.8662222,01302250,USGS,IAN,2022,5100.0
2022-09-28 14:00:00,2.26,-0.464,-2.724,-73.7101944,40.8662222,01302250,USGS,IAN,2022,5160.0
2022-09-28 15:00:00,2.26,2.38,0.1200000000000001,-73.7101944,40.8662222,01302250,USGS,IAN,2022,5220.0
2022-09-28 16:00:00,2.43,4.151,1.7209999999999996,-73.7101944,40.8662222,01302250,USGS,IAN,2022,5280.0
2022-09-28 17:00:00,4.17,4.756,0.5860000000000003,-73.7101944,40.8662222,01302250,USGS,IAN,2022,5340.0
2022-09-28 18:00:00,4.63,4.78,0.1500000000000003,-73.7101944,40.8662222,01302250,USGS,IAN,2022,5400.0
2022-09-28 19:00:00,4.46,3.593,-0.867,-73.7101944,40.8662222,01302250,USGS,IAN,2022,5460.0
2022-09-28 20:00:00,3.87,1.255,-2.615,-73.7101944,40.8662222,01302250,USGS,IAN,2022,5520.0
2022-09-28 21:00:00,3.3,-1.297,-4.597,-73.7101944,40.8662222,01302250,USGS,IAN,2022,5580.0
2022-09-28 22:00:00,3.0,-3.103,-6.103,-73.7101944,40.8662222,01302250,USGS,IAN,2022,5640.0
2022-09-28 23:00:00,2.81,-4.137,-6.946999999999999,-73.7101944,40.8662222,01302250,USGS,IAN,2022,5700.0
2022-09-29 00:00:00,2.59,-4.659,-7.249,-73.7101944,40.8662222,01302250,USGS,IAN,2022,5760.0
2022-09-29 01:00:00,2.44,-4.368,-6.808,-73.7101944,40.8662222,01302250,USGS,IAN,2022,5820.0
2022-09-29 02:00:00,2.37,-2.387,-4.757,-73.7101944,40.8662222,01302250,USGS,IAN,2022,5880.0
2022-09-29 03:00:00,2.31,0.547,-1.763,-73.7101944,40.8662222,01302250,USGS,IAN,2022,5940.0
2022-09-29 04:00:00,2.3,2.833,0.5330000000000004,-73.7101944,40.8662222,01302250,USGS,IAN,2022,6000.0
2022-09-29 05:00:00,2.5,3.827,1.327,-73.7101944,40.8662222,01302250,USGS,IAN,2022,6060.0
2022-09-29 06:00:00,3.54,4.097,0.5570000000000004,-73.7101944,40.8662222,01302250,USGS,IAN,2022,6120.0
2022-09-29 07:00:00,3.54,3.625,0.0849999999999999,-73.7101944,40.8662222,01302250,USGS,IAN,2022,6180.0
2022-09-29 08:00:00,3.07,1.917,-1.1529999999999998,-73.7101944,40.8662222,01302250,USGS,IAN,2022,6240.0
2022-09-29 09:00:00,2.68,-0.534,-3.2140000000000004,-73.7101944,40.8662222,01302250,USGS,IAN,2022,6300.0
2022-09-29 10:00:00,2.47,-2.556,-5.026,-73.7101944,40.8662222,01302250,USGS,IAN,2022,6360.0
2022-09-29 11:00:00,2.36,-3.689,-6.049,-73.7101944,40.8662222,01302250,USGS,IAN,2022,6420.0
2022-09-29 12:00:00,2.36,-4.079,-6.439,-73.7101944,40.8662222,01302250,USGS,IAN,2022,6480.0
2022-09-29 13:00:00,2.33,-3.934,-6.264,-73.7101944,40.8662222,01302250,USGS,IAN,2022,6540.0
2022-09-29 14:00:00,2.29,-2.333,-4.623,-73.7101944,40.8662222,01302250,USGS,IAN,2022,6600.0
2022-09-29 15:00:00,2.29,0.434,-1.856,-73.7101944,40.8662222,01302250,USGS,IAN,2022,6660.0
2022-09-29 16:00:00,2.29,2.981,0.6909999999999998,-73.7101944,40.8662222,01302250,USGS,IAN,2022,6720.0
2022-09-29 17:00:00,3.16,4.404,1.2439999999999998,-73.7101944,40.8662222,01302250,USGS,IAN,2022,6780.0
2022-09-29 18:00:00,4.34,4.887,0.5469999999999997,-73.7101944,40.8662222,01302250,USGS,IAN,2022,6840.0
2022-09-29 19:00:00,4.65,4.721,0.0709999999999997,-73.7101944,40.8662222,01302250,USGS,IAN,2022,6900.0
2022-09-29 20:00:00,4.36,3.237,-1.1230000000000002,-73.7101944,40.8662222,01302250,USGS,IAN,2022,6960.0
2022-09-29 21:00:00,3.74,0.775,-2.9650000000000003,-73.7101944,40.8662222,01302250,USGS,IAN,2022,7020.0
2022-09-29 22:00:00,3.2,-1.659,-4.859,-73.7101944,40.8662222,01302250,USGS,IAN,2022,7080.0
2022-09-29 23:00:00,2.93,-3.296,-6.226,-73.7101944,40.8662222,01302250,USGS,IAN,2022,7140.0
2022-09-30 00:00:00,2.8,-4.229,-7.029,-73.7101944,40.8662222,01302250,USGS,IAN,2022,7200.0
2022-09-30 01:00:00,2.71,-4.698,-7.408,-73.7101944,40.8662222,01302250,USGS,IAN,2022,7260.0
2022-09-30 02:00:00,2.59,-4.105,-6.695,-73.7101944,40.8662222,01302250,USGS,IAN,2022,7320.0
2022-09-30 03:00:00,2.47,-1.794,-4.264,-73.7101944,40.8662222,01302250,USGS,IAN,2022,7380.0
2022-09-30 04:00:00,2.43,1.068,-1.362,-73.7101944,40.8662222,01302250,USGS,IAN,2022,7440.0
2022-09-30 05:00:00,2.38,3.03,0.6499999999999999,-73.7101944,40.8662222,01302250,USGS,IAN,2022,7500.0
2022-09-30 06:00:00,2.91,3.738,0.8279999999999998,-73.7101944,40.8662222,01302250,USGS,IAN,2022,7560.0
2022-09-30 07:00:00,3.68,3.926,0.246,-73.7101944,40.8662222,01302250,USGS,IAN,2022,7620.0
2022-09-30 08:00:00,3.63,3.217,-0.4129999999999998,-73.7101944,40.8662222,01302250,USGS,IAN,2022,7680.0
2022-09-30 09:00:00,3.17,1.349,-1.821,-73.7101944,40.8662222,01302250,USGS,IAN,2022,7740.0
2022-09-30 10:00:00,2.82,-0.982,-3.802,-73.7101944,40.8662222,01302250,USGS,IAN,2022,7800.0
2022-09-30 11:00:00,2.61,-2.782,-5.392,-73.7101944,40.8662222,01302250,USGS,IAN,2022,7860.0
2022-09-30 12:00:00,2.51,-3.685,-6.195,-73.7101944,40.8662222,01302250,USGS,IAN,2022,7920.0
2022-09-30 13:00:00,2.46,-3.995,-6.455,-73.7101944,40.8662222,01302250,USGS,IAN,2022,7980.0
2022-09-30 14:00:00,2.45,-3.616,-6.066000000000001,-73.7101944,40.8662222,01302250,USGS,IAN,2022,8040.0
2022-09-30 15:00:00,2.4,-1.713,-4.113,-73.7101944,40.8662222,01302250,USGS,IAN,2022,8100.0
2022-09-30 16:00:00,2.36,1.06,-1.2999999999999998,-73.7101944,40.8662222,01302250,USGS,IAN,2022,8160.0
2022-09-30 17:00:00,2.35,3.362,1.012,-73.7101944,40.8662222,01302250,USGS,IAN,2022,8220.0
2022-09-30 18:00:00,3.92,4.481,0.5609999999999999,-73.7101944,40.8662222,01302250,USGS,IAN,2022,8280.0
2022-09-30 19:00:00,4.63,4.83,0.2000000000000001,-73.7101944,40.8662222,01302250,USGS,IAN,2022,8340.0
2022-09-30 20:00:00,4.86,4.459,-0.4010000000000007,-73.7101944,40.8662222,01302250,USGS,IAN,2022,8400.0
2022-09-30 21:00:00,4.45,2.776,-1.6740000000000004,-73.7101944,40.8662222,01302250,USGS,IAN,2022,8460.0
2022-09-30 22:00:00,3.81,0.328,-3.482,-73.7101944,40.8662222,01302250,USGS,IAN,2022,8520.0
2022-09-30 23:00:00,3.21,-1.877,-5.087,-73.7101944,40.8662222,01302250,USGS,IAN,2022,8580.0
2022-10-01 00:00:00,2.87,-3.277,-6.147,-73.7101944,40.8662222,01302250,USGS,IAN,2022,8640.0
2022-10-01 01:00:00,2.67,-4.086,-6.756,-73.7101944,40.8662222,01302250,USGS,IAN,2022,8700.0
2022-10-01 02:00:00,2.56,-4.487,-7.047000000000001,-73.7101944,40.8662222,01302250,USGS,IAN,2022,8760.0
2022-10-01 03:00:00,2.49,-3.74,-6.23,-73.7101944,40.8662222,01302250,USGS,IAN,2022,8820.0
2022-10-01 04:00:00,2.43,-1.436,-3.866,-73.7101944,40.8662222,01302250,USGS,IAN,2022,8880.0
2022-10-01 05:00:00,2.38,1.245,-1.1349999999999998,-73.7101944,40.8662222,01302250,USGS,IAN,2022,8940.0
2022-10-01 06:00:00,2.37,3.018,0.6479999999999997,-73.7101944,40.8662222,01302250,USGS,IAN,2022,9000.0
2022-10-01 07:00:00,3.48,3.672,0.1920000000000001,-73.7101944,40.8662222,01302250,USGS,IAN,2022,9060.0
2022-10-01 08:00:00,3.94,3.88,-0.06,-73.7101944,40.8662222,01302250,USGS,IAN,2022,9120.0
2022-10-01 09:00:00,3.91,3.222,-0.6880000000000002,-73.7101944,40.8662222,01302250,USGS,IAN,2022,9180.0
2022-10-01 10:00:00,3.41,1.344,-2.066,-73.7101944,40.8662222,01302250,USGS,IAN,2022,9240.0
2022-10-01 11:00:00,3.01,-1.025,-4.035,-73.7101944,40.8662222,01302250,USGS,IAN,2022,9300.0
2022-10-01 12:00:00,2.8,-2.754,-5.554,-73.7101944,40.8662222,01302250,USGS,IAN,2022,9360.0
2022-10-01 13:00:00,2.66,-3.478,-6.138,-73.7101944,40.8662222,01302250,USGS,IAN,2022,9420.0
2022-10-01 14:00:00,2.59,-3.705,-6.295,-73.7101944,40.8662222,01302250,USGS,IAN,2022,9480.0
2022-10-01 15:00:00,2.54,-3.081,-5.621,-73.7101944,40.8662222,01302250,USGS,IAN,2022,9540.0
2022-10-01 16:00:00,2.55,-0.916,-3.466,-73.7101944,40.8662222,01302250,USGS,IAN,2022,9600.0
2022-10-01 17:00:00,2.55,1.762,-0.7879999999999998,-73.7101944,40.8662222,01302250,USGS,IAN,2022,9660.0
2022-10-01 18:00:00,2.7,3.695,0.9949999999999996,-73.7101944,40.8662222,01302250,USGS,IAN,2022,9720.0
2022-10-01 19:00:00,4.34,4.446,0.1059999999999998,-73.7101944,40.8662222,01302250,USGS,IAN,2022,9780.0
2022-10-01 20:00:00,5.15,4.568,-0.5820000000000007,-73.7101944,40.8662222,01302250,USGS,IAN,2022,9840.0
2022-10-01 21:00:00,5.16,3.917,-1.2430000000000003,-73.7101944,40.8662222,01302250,USGS,IAN,2022,9900.0
2022-10-01 22:00:00,4.64,2.161,-2.479,-73.7101944,40.8662222,01302250,USGS,IAN,2022,9960.0
2022-10-01 23:00:00,4.03,-0.126,-4.156000000000001,-73.7101944,40.8662222,01302250,USGS,IAN,2022,10020.0
2022-09-25 01:00:00,0.921,1.0,0.0789999999999999,-72.30675,41.13663889,01304200,USGS,IAN,2022,60.0
2022-09-25 02:00:00,1.061,1.225,0.1640000000000001,-72.30675,41.13663889,01304200,USGS,IAN,2022,120.0
2022-09-25 03:00:00,0.921,1.268,0.347,-72.30675,41.13663889,01304200,USGS,IAN,2022,180.0
2022-09-25 04:00:00,0.581,0.981,0.4,-72.30675,41.13663889,01304200,USGS,IAN,2022,240.0
2022-09-25 05:00:00,-0.029,0.369,0.398,-72.30675,41.13663889,01304200,USGS,IAN,2022,300.0
2022-09-25 06:00:00,-0.729,-0.306,0.423,-72.30675,41.13663889,01304200,USGS,IAN,2022,360.0
2022-09-25 07:00:00,-1.399,-0.91,0.489,-72.30675,41.13663889,01304200,USGS,IAN,2022,420.0
2022-09-25 08:00:00,-1.869,-1.287,0.5820000000000001,-72.30675,41.13663889,01304200,USGS,IAN,2022,480.0
2022-09-25 09:00:00,-1.649,-1.378,0.2710000000000001,-72.30675,41.13663889,01304200,USGS,IAN,2022,540.0
2022-09-25 10:00:00,-1.089,-0.929,0.1599999999999999,-72.30675,41.13663889,01304200,USGS,IAN,2022,600.0
2022-09-25 11:00:00,-0.379,-0.261,0.118,-72.30675,41.13663889,01304200,USGS,IAN,2022,660.0
2022-09-25 12:00:00,0.311,0.31,-0.001,-72.30675,41.13663889,01304200,USGS,IAN,2022,720.0
2022-09-25 13:00:00,1.101,0.906,-0.1949999999999999,-72.30675,41.13663889,01304200,USGS,IAN,2022,780.0
2022-09-25 14:00:00,1.541,1.22,-0.3209999999999999,-72.30675,41.13663889,01304200,USGS,IAN,2022,840.0
2022-09-25 15:00:00,1.501,1.311,-0.1899999999999999,-72.30675,41.13663889,01304200,USGS,IAN,2022,900.0
2022-09-25 16:00:00,1.481,1.174,-0.3070000000000001,-72.30675,41.13663889,01304200,USGS,IAN,2022,960.0
2022-09-25 17:00:00,1.141,0.621,-0.52,-72.30675,41.13663889,01304200,USGS,IAN,2022,1020.0
2022-09-25 18:00:00,0.581,-0.059,-0.6399999999999999,-72.30675,41.13663889,01304200,USGS,IAN,2022,1080.0
2022-09-25 19:00:00,0.171,-0.682,-0.8530000000000001,-72.30675,41.13663889,01304200,USGS,IAN,2022,1140.0
2022-09-25 20:00:00,-0.179,-1.169,-0.99,-72.30675,41.13663889,01304200,USGS,IAN,2022,1200.0
2022-09-25 21:00:00,-0.209,-1.345,-1.136,-72.30675,41.13663889,01304200,USGS,IAN,2022,1260.0
2022-09-25 22:00:00,0.251,-1.096,-1.347,-72.30675,41.13663889,01304200,USGS,IAN,2022,1320.0
2022-09-25 23:00:00,0.901,-0.463,-1.364,-72.30675,41.13663889,01304200,USGS,IAN,2022,1380.0
2022-09-26 00:00:00,1.541,0.143,-1.398,-72.30675,41.13663889,01304200,USGS,IAN,2022,1440.0
2022-09-26 01:00:00,2.251,0.75,-1.501,-72.30675,41.13663889,01304200,USGS,IAN,2022,1500.0
2022-09-26 02:00:00,2.661,1.146,-1.515,-72.30675,41.13663889,01304200,USGS,IAN,2022,1560.0
2022-09-26 03:00:00,2.641,1.265,-1.376,-72.30675,41.13663889,01304200,USGS,IAN,2022,1620.0
2022-09-26 04:00:00,2.321,1.212,-1.1090000000000002,-72.30675,41.13663889,01304200,USGS,IAN,2022,1680.0
2022-09-26 05:00:00,2.001,0.749,-1.2519999999999998,-72.30675,41.13663889,01304200,USGS,IAN,2022,1740.0
2022-09-26 06:00:00,1.221,0.089,-1.132,-72.30675,41.13663889,01304200,USGS,IAN,2022,1800.0
2022-09-26 07:00:00,0.171,-0.583,-0.754,-72.30675,41.13663889,01304200,USGS,IAN,2022,1860.0
2022-09-26 08:00:00,-0.329,-1.174,-0.845,-72.30675,41.13663889,01304200,USGS,IAN,2022,1920.0
2022-09-26 09:00:00,-0.439,-1.422,-0.983,-72.30675,41.13663889,01304200,USGS,IAN,2022,1980.0
2022-09-26 10:00:00,-0.449,-1.225,-0.776,-72.30675,41.13663889,01304200,USGS,IAN,2022,2040.0
2022-09-26 11:00:00,-0.009,-0.599,-0.59,-72.30675,41.13663889,01304200,USGS,IAN,2022,2100.0
2022-09-26 12:00:00,0.791,0.064,-0.7270000000000001,-72.30675,41.13663889,01304200,USGS,IAN,2022,2160.0
2022-09-26 13:00:00,1.291,0.756,-0.5349999999999999,-72.30675,41.13663889,01304200,USGS,IAN,2022,2220.0
2022-09-26 14:00:00,1.711,1.233,-0.478,-72.30675,41.13663889,01304200,USGS,IAN,2022,2280.0
2022-09-26 15:00:00,1.891,1.435,-0.4559999999999999,-72.30675,41.13663889,01304200,USGS,IAN,2022,2340.0
2022-09-26 16:00:00,1.831,1.447,-0.3839999999999999,-72.30675,41.13663889,01304200,USGS,IAN,2022,2400.0
2022-09-26 17:00:00,1.481,1.089,-0.3920000000000001,-72.30675,41.13663889,01304200,USGS,IAN,2022,2460.0
2022-09-26 18:00:00,0.811,0.405,-0.406,-72.30675,41.13663889,01304200,USGS,IAN,2022,2520.0
2022-09-26 19:00:00,0.171,-0.327,-0.498,-72.30675,41.13663889,01304200,USGS,IAN,2022,2580.0
2022-09-26 20:00:00,-0.309,-0.977,-0.6679999999999999,-72.30675,41.13663889,01304200,USGS,IAN,2022,2640.0
2022-09-26 21:00:00,-0.749,-1.383,-0.634,-72.30675,41.13663889,01304200,USGS,IAN,2022,2700.0
2022-09-26 22:00:00,-0.639,-1.465,-0.8260000000000001,-72.30675,41.13663889,01304200,USGS,IAN,2022,2760.0
2022-09-26 23:00:00,-0.019,-0.97,-0.951,-72.30675,41.13663889,01304200,USGS,IAN,2022,2820.0
2022-09-27 00:00:00,0.561,-0.28,-0.8410000000000001,-72.30675,41.13663889,01304200,USGS,IAN,2022,2880.0
2022-09-27 01:00:00,1.221,0.299,-0.9220000000000002,-72.30675,41.13663889,01304200,USGS,IAN,2022,2940.0
2022-09-27 02:00:00,1.841,0.898,-0.943,-72.30675,41.13663889,01304200,USGS,IAN,2022,3000.0
2022-09-27 03:00:00,2.111,1.187,-0.9240000000000002,-72.30675,41.13663889,01304200,USGS,IAN,2022,3060.0
2022-09-27 04:00:00,1.971,1.244,-0.7270000000000001,-72.30675,41.13663889,01304200,USGS,IAN,2022,3120.0
2022-09-27 05:00:00,1.731,1.066,-0.665,-72.30675,41.13663889,01304200,USGS,IAN,2022,3180.0
2022-09-27 06:00:00,1.181,0.471,-0.7100000000000001,-72.30675,41.13663889,01304200,USGS,IAN,2022,3240.0
2022-09-27 07:00:00,0.471,-0.215,-0.6859999999999999,-72.30675,41.13663889,01304200,USGS,IAN,2022,3300.0
2022-09-27 08:00:00,-0.159,-0.836,-0.6769999999999999,-72.30675,41.13663889,01304200,USGS,IAN,2022,3360.0
2022-09-27 09:00:00,-0.459,-1.315,-0.8559999999999999,-72.30675,41.13663889,01304200,USGS,IAN,2022,3420.0
2022-09-27 10:00:00,-0.539,-1.412,-0.8729999999999999,-72.30675,41.13663889,01304200,USGS,IAN,2022,3480.0
2022-09-27 11:00:00,-0.219,-1.015,-0.7959999999999999,-72.30675,41.13663889,01304200,USGS,IAN,2022,3540.0
2022-09-27 12:00:00,0.451,-0.242,-0.6930000000000001,-72.30675,41.13663889,01304200,USGS,IAN,2022,3600.0
2022-09-27 13:00:00,1.151,0.402,-0.749,-72.30675,41.13663889,01304200,USGS,IAN,2022,3660.0
2022-09-27 14:00:00,1.951,1.101,-0.8500000000000001,-72.30675,41.13663889,01304200,USGS,IAN,2022,3720.0
2022-09-27 15:00:00,2.371,1.514,-0.857,-72.30675,41.13663889,01304200,USGS,IAN,2022,3780.0
2022-09-27 16:00:00,2.391,1.586,-0.8049999999999999,-72.30675,41.13663889,01304200,USGS,IAN,2022,3840.0
2022-09-27 17:00:00,2.021,1.484,-0.5369999999999999,-72.30675,41.13663889,01304200,USGS,IAN,2022,3900.0
2022-09-27 18:00:00,1.501,0.93,-0.5709999999999998,-72.30675,41.13663889,01304200,USGS,IAN,2022,3960.0
2022-09-27 19:00:00,0.781,0.182,-0.599,-72.30675,41.13663889,01304200,USGS,IAN,2022,4020.0
2022-09-27 20:00:00,-0.019,-0.558,-0.539,-72.30675,41.13663889,01304200,USGS,IAN,2022,4080.0
2022-09-27 21:00:00,-0.579,-1.251,-0.6719999999999999,-72.30675,41.13663889,01304200,USGS,IAN,2022,4140.0
2022-09-27 22:00:00,-0.869,-1.58,-0.7110000000000001,-72.30675,41.13663889,01304200,USGS,IAN,2022,4200.0
2022-09-27 23:00:00,-0.589,-1.43,-0.841,-72.30675,41.13663889,01304200,USGS,IAN,2022,4260.0
2022-09-28 00:00:00,-0.199,-0.81,-0.611,-72.30675,41.13663889,01304200,USGS,IAN,2022,4320.0
2022-09-28 01:00:00,0.311,-0.162,-0.473,-72.30675,41.13663889,01304200,USGS,IAN,2022,4380.0
2022-09-28 02:00:00,0.931,0.442,-0.489,-72.30675,41.13663889,01304200,USGS,IAN,2022,4440.0
2022-09-28 03:00:00,1.441,0.954,-0.4870000000000001,-72.30675,41.13663889,01304200,USGS,IAN,2022,4500.0
2022-09-28 04:00:00,1.621,1.146,-0.4750000000000001,-72.30675,41.13663889,01304200,USGS,IAN,2022,4560.0
2022-09-28 05:00:00,1.611,1.189,-0.4219999999999999,-72.30675,41.13663889,01304200,USGS,IAN,2022,4620.0
2022-09-28 06:00:00,1.221,0.857,-0.3640000000000001,-72.30675,41.13663889,01304200,USGS,IAN,2022,4680.0
2022-09-28 07:00:00,0.591,0.219,-0.372,-72.30675,41.13663889,01304200,USGS,IAN,2022,4740.0
2022-09-28 08:00:00,-0.089,-0.457,-0.368,-72.30675,41.13663889,01304200,USGS,IAN,2022,4800.0
2022-09-28 09:00:00,-0.589,-1.095,-0.506,-72.30675,41.13663889,01304200,USGS,IAN,2022,4860.0
2022-09-28 10:00:00,-0.859,-1.431,-0.5720000000000001,-72.30675,41.13663889,01304200,USGS,IAN,2022,4920.0
2022-09-28 11:00:00,-0.719,-1.352,-0.6330000000000001,-72.30675,41.13663889,01304200,USGS,IAN,2022,4980.0
2022-09-28 12:00:00,-0.249,-0.73,-0.481,-72.30675,41.13663889,01304200,USGS,IAN,2022,5040.0
2022-09-28 13:00:00,0.481,0.022,-0.4589999999999999,-72.30675,41.13663889,01304200,USGS,IAN,2022,5100.0
2022-09-28 14:00:00,1.111,0.766,-0.345,-72.30675,41.13663889,01304200,USGS,IAN,2022,5160.0
2022-09-28 15:00:00,1.801,1.366,-0.4349999999999998,-72.30675,41.13663889,01304200,USGS,IAN,2022,5220.0
2022-09-28 16:00:00,2.041,1.661,-0.3799999999999999,-72.30675,41.13663889,01304200,USGS,IAN,2022,5280.0
2022-09-28 17:00:00,1.951,1.69,-0.2610000000000001,-72.30675,41.13663889,01304200,USGS,IAN,2022,5340.0
2022-09-28 18:00:00,1.611,1.449,-0.1619999999999999,-72.30675,41.13663889,01304200,USGS,IAN,2022,5400.0
2022-09-28 19:00:00,0.981,0.777,-0.2039999999999999,-72.30675,41.13663889,01304200,USGS,IAN,2022,5460.0
2022-09-28 20:00:00,0.221,0.005,-0.216,-72.30675,41.13663889,01304200,USGS,IAN,2022,5520.0
2022-09-28 21:00:00,-0.509,-0.728,-0.2189999999999999,-72.30675,41.13663889,01304200,USGS,IAN,2022,5580.0
2022-09-28 22:00:00,-1.049,-1.331,-0.282,-72.30675,41.13663889,01304200,USGS,IAN,2022,5640.0
2022-09-28 23:00:00,-1.169,-1.604,-0.435,-72.30675,41.13663889,01304200,USGS,IAN,2022,5700.0
2022-09-29 00:00:00,-0.839,-1.359,-0.52,-72.30675,41.13663889,01304200,USGS,IAN,2022,5760.0
2022-09-29 01:00:00,-0.379,-0.676,-0.297,-72.30675,41.13663889,01304200,USGS,IAN,2022,5820.0
2022-09-29 02:00:00,0.181,-0.071,-0.252,-72.30675,41.13663889,01304200,USGS,IAN,2022,5880.0
2022-09-29 03:00:00,0.721,0.529,-0.1919999999999999,-72.30675,41.13663889,01304200,USGS,IAN,2022,5940.0
2022-09-29 04:00:00,1.191,0.954,-0.2370000000000001,-72.30675,41.13663889,01304200,USGS,IAN,2022,6000.0
2022-09-29 05:00:00,1.241,1.063,-0.1780000000000001,-72.30675,41.13663889,01304200,USGS,IAN,2022,6060.0
2022-09-29 06:00:00,1.111,1.084,-0.0269999999999999,-72.30675,41.13663889,01304200,USGS,IAN,2022,6120.0
2022-09-29 07:00:00,0.741,0.647,-0.0939999999999999,-72.30675,41.13663889,01304200,USGS,IAN,2022,6180.0
2022-09-29 08:00:00,0.101,0.031,-0.07,-72.30675,41.13663889,01304200,USGS,IAN,2022,6240.0
2022-09-29 09:00:00,-0.509,-0.588,-0.0789999999999999,-72.30675,41.13663889,01304200,USGS,IAN,2022,6300.0
2022-09-29 10:00:00,-0.999,-1.121,-0.122,-72.30675,41.13663889,01304200,USGS,IAN,2022,6360.0
2022-09-29 11:00:00,-0.999,-1.345,-0.346,-72.30675,41.13663889,01304200,USGS,IAN,2022,6420.0
2022-09-29 12:00:00,-0.809,-1.129,-0.3199999999999999,-72.30675,41.13663889,01304200,USGS,IAN,2022,6480.0
2022-09-29 13:00:00,-0.199,-0.489,-0.29,-72.30675,41.13663889,01304200,USGS,IAN,2022,6540.0
2022-09-29 14:00:00,0.521,0.214,-0.307,-72.30675,41.13663889,01304200,USGS,IAN,2022,6600.0
2022-09-29 15:00:00,1.251,0.992,-0.2589999999999999,-72.30675,41.13663889,01304200,USGS,IAN,2022,6660.0
2022-09-29 16:00:00,1.801,1.573,-0.2279999999999999,-72.30675,41.13663889,01304200,USGS,IAN,2022,6720.0
2022-09-29 17:00:00,2.041,1.789,-0.252,-72.30675,41.13663889,01304200,USGS,IAN,2022,6780.0
2022-09-29 18:00:00,1.911,1.807,-0.104,-72.30675,41.13663889,01304200,USGS,IAN,2022,6840.0
2022-09-29 19:00:00,1.541,1.428,-0.1129999999999999,-72.30675,41.13663889,01304200,USGS,IAN,2022,6900.0
2022-09-29 20:00:00,0.821,0.712,-0.1089999999999999,-72.30675,41.13663889,01304200,USGS,IAN,2022,6960.0
2022-09-29 21:00:00,0.131,-0.082,-0.213,-72.30675,41.13663889,01304200,USGS,IAN,2022,7020.0
2022-09-29 22:00:00,-0.609,-0.842,-0.2329999999999999,-72.30675,41.13663889,01304200,USGS,IAN,2022,7080.0
2022-09-29 23:00:00,-1.119,-1.442,-0.3229999999999999,-72.30675,41.13663889,01304200,USGS,IAN,2022,7140.0
2022-09-30 00:00:00,-1.119,-1.576,-0.4570000000000001,-72.30675,41.13663889,01304200,USGS,IAN,2022,7200.0
2022-09-30 01:00:00,-0.799,-1.217,-0.418,-72.30675,41.13663889,01304200,USGS,IAN,2022,7260.0
2022-09-30 02:00:00,-0.269,-0.555,-0.286,-72.30675,41.13663889,01304200,USGS,IAN,2022,7320.0
2022-09-30 03:00:00,0.271,0.002,-0.269,-72.30675,41.13663889,01304200,USGS,IAN,2022,7380.0
2022-09-30 04:00:00,0.821,0.54,-0.2809999999999999,-72.30675,41.13663889,01304200,USGS,IAN,2022,7440.0
2022-09-30 05:00:00,1.201,0.876,-0.325,-72.30675,41.13663889,01304200,USGS,IAN,2022,7500.0
2022-09-30 06:00:00,1.241,0.993,-0.2480000000000001,-72.30675,41.13663889,01304200,USGS,IAN,2022,7560.0
2022-09-30 07:00:00,1.041,0.976,-0.0649999999999999,-72.30675,41.13663889,01304200,USGS,IAN,2022,7620.0
2022-09-30 08:00:00,0.691,0.506,-0.1849999999999999,-72.30675,41.13663889,01304200,USGS,IAN,2022,7680.0
2022-09-30 09:00:00,0.211,-0.103,-0.314,-72.30675,41.13663889,01304200,USGS,IAN,2022,7740.0
2022-09-30 10:00:00,-0.259,-0.665,-0.406,-72.30675,41.13663889,01304200,USGS,IAN,2022,7800.0
2022-09-30 11:00:00,-0.609,-1.118,-0.5090000000000001,-72.30675,41.13663889,01304200,USGS,IAN,2022,7860.0
2022-09-30 12:00:00,-0.649,-1.283,-0.6339999999999999,-72.30675,41.13663889,01304200,USGS,IAN,2022,7920.0
2022-09-30 13:00:00,-0.329,-1.012,-0.683,-72.30675,41.13663889,01304200,USGS,IAN,2022,7980.0
2022-09-30 14:00:00,0.211,-0.301,-0.512,-72.30675,41.13663889,01304200,USGS,IAN,2022,8040.0
2022-09-30 15:00:00,0.961,0.374,-0.587,-72.30675,41.13663889,01304200,USGS,IAN,2022,8100.0
2022-09-30 16:00:00,1.661,1.112,-0.5489999999999999,-72.30675,41.13663889,01304200,USGS,IAN,2022,8160.0
2022-09-30 17:00:00,2.201,1.63,-0.5710000000000002,-72.30675,41.13663889,01304200,USGS,IAN,2022,8220.0
2022-09-30 18:00:00,2.271,1.796,-0.4749999999999998,-72.30675,41.13663889,01304200,USGS,IAN,2022,8280.0
2022-09-30 19:00:00,2.091,1.785,-0.3060000000000002,-72.30675,41.13663889,01304200,USGS,IAN,2022,8340.0
2022-09-30 20:00:00,1.661,1.369,-0.292,-72.30675,41.13663889,01304200,USGS,IAN,2022,8400.0
2022-09-30 21:00:00,1.031,0.667,-0.3639999999999999,-72.30675,41.13663889,01304200,USGS,IAN,2022,8460.0
2022-09-30 22:00:00,0.281,-0.099,-0.38,-72.30675,41.13663889,01304200,USGS,IAN,2022,8520.0
2022-09-30 23:00:00,-0.389,-0.847,-0.4579999999999999,-72.30675,41.13663889,01304200,USGS,IAN,2022,8580.0
2022-10-01 00:00:00,-0.739,-1.391,-0.652,-72.30675,41.13663889,01304200,USGS,IAN,2022,8640.0
2022-10-01 01:00:00,-0.849,-1.545,-0.696,-72.30675,41.13663889,01304200,USGS,IAN,2022,8700.0
2022-10-01 02:00:00,-0.499,-1.184,-0.6849999999999999,-72.30675,41.13663889,01304200,USGS,IAN,2022,8760.0
2022-10-01 03:00:00,0.051,-0.544,-0.5950000000000001,-72.30675,41.13663889,01304200,USGS,IAN,2022,8820.0
2022-10-01 04:00:00,0.561,0.047,-0.514,-72.30675,41.13663889,01304200,USGS,IAN,2022,8880.0
2022-10-01 05:00:00,1.171,0.543,-0.628,-72.30675,41.13663889,01304200,USGS,IAN,2022,8940.0
2022-10-01 06:00:00,1.501,0.911,-0.5899999999999999,-72.30675,41.13663889,01304200,USGS,IAN,2022,9000.0
2022-10-01 07:00:00,1.511,1.077,-0.4339999999999999,-72.30675,41.13663889,01304200,USGS,IAN,2022,9060.0
2022-10-01 08:00:00,1.411,0.977,-0.434,-72.30675,41.13663889,01304200,USGS,IAN,2022,9120.0
2022-10-01 09:00:00,1.151,0.455,-0.696,-72.30675,41.13663889,01304200,USGS,IAN,2022,9180.0
2022-10-01 10:00:00,0.581,-0.105,-0.6859999999999999,-72.30675,41.13663889,01304200,USGS,IAN,2022,9240.0
2022-10-01 11:00:00,0.081,-0.633,-0.714,-72.30675,41.13663889,01304200,USGS,IAN,2022,9300.0
2022-10-01 12:00:00,-0.169,-0.993,-0.824,-72.30675,41.13663889,01304200,USGS,IAN,2022,9360.0
2022-10-01 13:00:00,-0.209,-0.995,-0.786,-72.30675,41.13663889,01304200,USGS,IAN,2022,9420.0
2022-10-01 14:00:00,0.101,-0.665,-0.766,-72.30675,41.13663889,01304200,USGS,IAN,2022,9480.0
2022-10-01 15:00:00,0.631,-0.049,-0.68,-72.30675,41.13663889,01304200,USGS,IAN,2022,9540.0
2022-10-01 16:00:00,1.421,0.622,-0.799,-72.30675,41.13663889,01304200,USGS,IAN,2022,9600.0
2022-10-01 17:00:00,1.961,1.227,-0.734,-72.30675,41.13663889,01304200,USGS,IAN,2022,9660.0
2022-10-01 18:00:00,2.581,1.615,-0.966,-72.30675,41.13663889,01304200,USGS,IAN,2022,9720.0
2022-10-01 19:00:00,2.401,1.792,-0.6089999999999998,-72.30675,41.13663889,01304200,USGS,IAN,2022,9780.0
2022-10-01 20:00:00,2.331,1.785,-0.546,-72.30675,41.13663889,01304200,USGS,IAN,2022,9840.0
2022-10-01 21:00:00,2.101,1.285,-0.8160000000000001,-72.30675,41.13663889,01304200,USGS,IAN,2022,9900.0
2022-10-01 22:00:00,1.611,0.547,-1.064,-72.30675,41.13663889,01304200,USGS,IAN,2022,9960.0
2022-10-01 23:00:00,0.851,-0.186,-1.037,-72.30675,41.13663889,01304200,USGS,IAN,2022,10020.0
2022-09-25 01:00:00,1.223,1.232,0.0089999999999998,-72.50327778,40.85055556,01304746,USGS,IAN,2022,60.0
2022-09-25 02:00:00,0.613,0.85,0.237,-72.50327778,40.85055556,01304746,USGS,IAN,2022,120.0
2022-09-25 03:00:00,-0.127,0.4,0.527,-72.50327778,40.85055556,01304746,USGS,IAN,2022,180.0
2022-09-25 04:00:00,-0.837,-0.081,0.756,-72.50327778,40.85055556,01304746,USGS,IAN,2022,240.0
2022-09-25 05:00:00,-1.377,-0.494,0.883,-72.50327778,40.85055556,01304746,USGS,IAN,2022,300.0
2022-09-25 06:00:00,-1.697,-0.807,0.89,-72.50327778,40.85055556,01304746,USGS,IAN,2022,360.0
2022-09-25 07:00:00,-1.667,-0.979,0.6880000000000001,-72.50327778,40.85055556,01304746,USGS,IAN,2022,420.0
2022-09-25 08:00:00,-1.147,-0.826,0.321,-72.50327778,40.85055556,01304746,USGS,IAN,2022,480.0
2022-09-25 09:00:00,-0.427,-0.4,0.0269999999999999,-72.50327778,40.85055556,01304746,USGS,IAN,2022,540.0
2022-09-25 10:00:00,0.423,0.185,-0.238,-72.50327778,40.85055556,01304746,USGS,IAN,2022,600.0
2022-09-25 11:00:00,1.143,0.828,-0.315,-72.50327778,40.85055556,01304746,USGS,IAN,2022,660.0
2022-09-25 12:00:00,1.573,1.201,-0.3719999999999999,-72.50327778,40.85055556,01304746,USGS,IAN,2022,720.0
2022-09-25 13:00:00,1.483,1.276,-0.207,-72.50327778,40.85055556,01304746,USGS,IAN,2022,780.0
2022-09-25 14:00:00,0.893,0.96,0.0669999999999999,-72.50327778,40.85055556,01304746,USGS,IAN,2022,840.0
2022-09-25 15:00:00,0.353,0.525,0.172,-72.50327778,40.85055556,01304746,USGS,IAN,2022,900.0
2022-09-25 16:00:00,-0.297,0.068,0.365,-72.50327778,40.85055556,01304746,USGS,IAN,2022,960.0
2022-09-25 17:00:00,-0.857,-0.379,0.478,-72.50327778,40.85055556,01304746,USGS,IAN,2022,1020.0
2022-09-25 18:00:00,-0.987,-0.725,0.262,-72.50327778,40.85055556,01304746,USGS,IAN,2022,1080.0
2022-09-25 19:00:00,-0.577,-0.942,-0.365,-72.50327778,40.85055556,01304746,USGS,IAN,2022,1140.0
2022-09-25 20:00:00,0.063,-0.88,-0.943,-72.50327778,40.85055556,01304746,USGS,IAN,2022,1200.0
2022-09-25 21:00:00,0.853,-0.497,-1.35,-72.50327778,40.85055556,01304746,USGS,IAN,2022,1260.0
2022-09-25 22:00:00,1.703,0.068,-1.635,-72.50327778,40.85055556,01304746,USGS,IAN,2022,1320.0
2022-09-25 23:00:00,2.413,0.685,-1.7279999999999998,-72.50327778,40.85055556,01304746,USGS,IAN,2022,1380.0
2022-09-26 00:00:00,2.903,1.21,-1.693,-72.50327778,40.85055556,01304746,USGS,IAN,2022,1440.0
2022-09-26 01:00:00,2.773,1.38,-1.3930000000000002,-72.50327778,40.85055556,01304746,USGS,IAN,2022,1500.0
2022-09-26 02:00:00,2.393,1.121,-1.2719999999999998,-72.50327778,40.85055556,01304746,USGS,IAN,2022,1560.0
2022-09-26 03:00:00,1.723,0.695,-1.028,-72.50327778,40.85055556,01304746,USGS,IAN,2022,1620.0
2022-09-26 04:00:00,1.123,0.209,-0.914,-72.50327778,40.85055556,01304746,USGS,IAN,2022,1680.0
2022-09-26 05:00:00,0.353,-0.266,-0.619,-72.50327778,40.85055556,01304746,USGS,IAN,2022,1740.0
2022-09-26 06:00:00,-0.297,-0.649,-0.352,-72.50327778,40.85055556,01304746,USGS,IAN,2022,1800.0
2022-09-26 07:00:00,-0.447,-0.924,-0.477,-72.50327778,40.85055556,01304746,USGS,IAN,2022,1860.0
2022-09-26 08:00:00,-0.097,-0.998,-0.901,-72.50327778,40.85055556,01304746,USGS,IAN,2022,1920.0
2022-09-26 09:00:00,0.483,-0.682,-1.165,-72.50327778,40.85055556,01304746,USGS,IAN,2022,1980.0
2022-09-26 10:00:00,1.233,-0.142,-1.375,-72.50327778,40.85055556,01304746,USGS,IAN,2022,2040.0
2022-09-26 11:00:00,2.023,0.514,-1.509,-72.50327778,40.85055556,01304746,USGS,IAN,2022,2100.0
2022-09-26 12:00:00,2.533,1.124,-1.4089999999999998,-72.50327778,40.85055556,01304746,USGS,IAN,2022,2160.0
2022-09-26 13:00:00,2.363,1.461,-0.902,-72.50327778,40.85055556,01304746,USGS,IAN,2022,2220.0
2022-09-26 14:00:00,1.953,1.366,-0.587,-72.50327778,40.85055556,01304746,USGS,IAN,2022,2280.0
2022-09-26 15:00:00,1.353,0.957,-0.396,-72.50327778,40.85055556,01304746,USGS,IAN,2022,2340.0
2022-09-26 16:00:00,0.583,0.453,-0.1299999999999999,-72.50327778,40.85055556,01304746,USGS,IAN,2022,2400.0
2022-09-26 17:00:00,-0.087,-0.042,0.0449999999999999,-72.50327778,40.85055556,01304746,USGS,IAN,2022,2460.0
2022-09-26 18:00:00,-0.697,-0.473,0.2239999999999999,-72.50327778,40.85055556,01304746,USGS,IAN,2022,2520.0
2022-09-26 19:00:00,-0.817,-0.806,0.0109999999999998,-72.50327778,40.85055556,01304746,USGS,IAN,2022,2580.0
2022-09-26 20:00:00,-0.637,-0.995,-0.358,-72.50327778,40.85055556,01304746,USGS,IAN,2022,2640.0
2022-09-26 21:00:00,-0.067,-0.843,-0.776,-72.50327778,40.85055556,01304746,USGS,IAN,2022,2700.0
2022-09-26 22:00:00,0.753,-0.384,-1.137,-72.50327778,40.85055556,01304746,USGS,IAN,2022,2760.0
2022-09-26 23:00:00,1.513,0.226,-1.287,-72.50327778,40.85055556,01304746,USGS,IAN,2022,2820.0
2022-09-27 00:00:00,2.173,0.925,-1.248,-72.50327778,40.85055556,01304746,USGS,IAN,2022,2880.0
2022-09-27 01:00:00,2.353,1.287,-1.0660000000000005,-72.50327778,40.85055556,01304746,USGS,IAN,2022,2940.0
2022-09-27 02:00:00,2.113,1.32,-0.7929999999999999,-72.50327778,40.85055556,01304746,USGS,IAN,2022,3000.0
2022-09-27 03:00:00,1.523,0.966,-0.5569999999999999,-72.50327778,40.85055556,01304746,USGS,IAN,2022,3060.0
2022-09-27 04:00:00,0.793,0.493,-0.3,-72.50327778,40.85055556,01304746,USGS,IAN,2022,3120.0
2022-09-27 05:00:00,0.123,0.01,-0.113,-72.50327778,40.85055556,01304746,USGS,IAN,2022,3180.0
2022-09-27 06:00:00,-0.547,-0.445,0.102,-72.50327778,40.85055556,01304746,USGS,IAN,2022,3240.0
2022-09-27 07:00:00,-0.837,-0.796,0.0409999999999999,-72.50327778,40.85055556,01304746,USGS,IAN,2022,3300.0
2022-09-27 08:00:00,-0.627,-1.014,-0.387,-72.50327778,40.85055556,01304746,USGS,IAN,2022,3360.0
2022-09-27 09:00:00,-0.027,-0.926,-0.899,-72.50327778,40.85055556,01304746,USGS,IAN,2022,3420.0
2022-09-27 10:00:00,0.663,-0.487,-1.15,-72.50327778,40.85055556,01304746,USGS,IAN,2022,3480.0
2022-09-27 11:00:00,1.413,0.147,-1.266,-72.50327778,40.85055556,01304746,USGS,IAN,2022,3540.0
2022-09-27 12:00:00,2.223,0.936,-1.287,-72.50327778,40.85055556,01304746,USGS,IAN,2022,3600.0
2022-09-27 13:00:00,2.663,1.425,-1.2379999999999998,-72.50327778,40.85055556,01304746,USGS,IAN,2022,3660.0
2022-09-27 14:00:00,2.533,1.629,-0.904,-72.50327778,40.85055556,01304746,USGS,IAN,2022,3720.0
2022-09-27 15:00:00,1.953,1.374,-0.579,-72.50327778,40.85055556,01304746,USGS,IAN,2022,3780.0
2022-09-27 16:00:00,1.243,0.898,-0.3450000000000001,-72.50327778,40.85055556,01304746,USGS,IAN,2022,3840.0
2022-09-27 17:00:00,0.483,0.345,-0.138,-72.50327778,40.85055556,01304746,USGS,IAN,2022,3900.0
2022-09-27 18:00:00,-0.337,-0.133,0.204,-72.50327778,40.85055556,01304746,USGS,IAN,2022,3960.0
2022-09-27 19:00:00,-0.797,-0.553,0.244,-72.50327778,40.85055556,01304746,USGS,IAN,2022,4020.0
2022-09-27 20:00:00,-0.917,-0.868,0.049,-72.50327778,40.85055556,01304746,USGS,IAN,2022,4080.0
2022-09-27 21:00:00,-0.517,-1.018,-0.501,-72.50327778,40.85055556,01304746,USGS,IAN,2022,4140.0
2022-09-27 22:00:00,0.093,-0.767,-0.86,-72.50327778,40.85055556,01304746,USGS,IAN,2022,4200.0
2022-09-27 23:00:00,0.883,-0.241,-1.124,-72.50327778,40.85055556,01304746,USGS,IAN,2022,4260.0
2022-09-28 00:00:00,1.613,0.403,-1.21,-72.50327778,40.85055556,01304746,USGS,IAN,2022,4320.0
2022-09-28 01:00:00,2.023,1.003,-1.0200000000000002,-72.50327778,40.85055556,01304746,USGS,IAN,2022,4380.0
2022-09-28 02:00:00,1.983,1.297,-0.6860000000000002,-72.50327778,40.85055556,01304746,USGS,IAN,2022,4440.0
2022-09-28 03:00:00,1.553,1.179,-0.3739999999999999,-72.50327778,40.85055556,01304746,USGS,IAN,2022,4500.0
2022-09-28 04:00:00,0.993,0.772,-0.2209999999999999,-72.50327778,40.85055556,01304746,USGS,IAN,2022,4560.0
2022-09-28 05:00:00,0.343,0.306,-0.037,-72.50327778,40.85055556,01304746,USGS,IAN,2022,4620.0
2022-09-28 06:00:00,-0.477,-0.192,0.285,-72.50327778,40.85055556,01304746,USGS,IAN,2022,4680.0
2022-09-28 07:00:00,-0.977,-0.608,0.369,-72.50327778,40.85055556,01304746,USGS,IAN,2022,4740.0
2022-09-28 08:00:00,-1.097,-0.916,0.1809999999999999,-72.50327778,40.85055556,01304746,USGS,IAN,2022,4800.0
2022-09-28 09:00:00,-0.777,-1.055,-0.2779999999999999,-72.50327778,40.85055556,01304746,USGS,IAN,2022,4860.0
2022-09-28 10:00:00,-0.137,-0.808,-0.671,-72.50327778,40.85055556,01304746,USGS,IAN,2022,4920.0
2022-09-28 11:00:00,0.663,-0.28,-0.943,-72.50327778,40.85055556,01304746,USGS,IAN,2022,4980.0
2022-09-28 12:00:00,1.503,0.436,-1.067,-72.50327778,40.85055556,01304746,USGS,IAN,2022,5040.0
2022-09-28 13:00:00,2.153,1.149,-1.004,-72.50327778,40.85055556,01304746,USGS,IAN,2022,5100.0
2022-09-28 14:00:00,2.383,1.625,-0.758,-72.50327778,40.85055556,01304746,USGS,IAN,2022,5160.0
2022-09-28 15:00:00,1.993,1.708,-0.2850000000000001,-72.50327778,40.85055556,01304746,USGS,IAN,2022,5220.0
2022-09-28 16:00:00,1.453,1.338,-0.1149999999999999,-72.50327778,40.85055556,01304746,USGS,IAN,2022,5280.0
2022-09-28 17:00:00,0.793,0.818,0.0249999999999999,-72.50327778,40.85055556,01304746,USGS,IAN,2022,5340.0
2022-09-28 18:00:00,-0.127,0.265,0.392,-72.50327778,40.85055556,01304746,USGS,IAN,2022,5400.0
2022-09-28 19:00:00,-0.767,-0.209,0.558,-72.50327778,40.85055556,01304746,USGS,IAN,2022,5460.0
2022-09-28 20:00:00,-1.167,-0.618,0.549,-72.50327778,40.85055556,01304746,USGS,IAN,2022,5520.0
2022-09-28 21:00:00,-1.117,-0.904,0.2129999999999999,-72.50327778,40.85055556,01304746,USGS,IAN,2022,5580.0
2022-09-28 22:00:00,-0.627,-0.997,-0.37,-72.50327778,40.85055556,01304746,USGS,IAN,2022,5640.0
2022-09-28 23:00:00,-0.037,-0.66,-0.623,-72.50327778,40.85055556,01304746,USGS,IAN,2022,5700.0
2022-09-29 00:00:00,0.723,-0.111,-0.834,-72.50327778,40.85055556,01304746,USGS,IAN,2022,5760.0
2022-09-29 01:00:00,1.343,0.505,-0.838,-72.50327778,40.85055556,01304746,USGS,IAN,2022,5820.0
2022-09-29 02:00:00,1.663,1.005,-0.6580000000000001,-72.50327778,40.85055556,01304746,USGS,IAN,2022,5880.0
2022-09-29 03:00:00,1.483,1.233,-0.25,-72.50327778,40.85055556,01304746,USGS,IAN,2022,5940.0
2022-09-29 04:00:00,0.973,0.994,0.021,-72.50327778,40.85055556,01304746,USGS,IAN,2022,6000.0
2022-09-29 05:00:00,0.363,0.568,0.2049999999999999,-72.50327778,40.85055556,01304746,USGS,IAN,2022,6060.0
2022-09-29 06:00:00,-0.357,0.069,0.426,-72.50327778,40.85055556,01304746,USGS,IAN,2022,6120.0
2022-09-29 07:00:00,-1.017,-0.362,0.6549999999999999,-72.50327778,40.85055556,01304746,USGS,IAN,2022,6180.0
2022-09-29 08:00:00,-1.347,-0.729,0.618,-72.50327778,40.85055556,01304746,USGS,IAN,2022,6240.0
2022-09-29 09:00:00,-1.317,-0.976,0.3409999999999999,-72.50327778,40.85055556,01304746,USGS,IAN,2022,6300.0
2022-09-29 10:00:00,-0.777,-0.972,-0.1949999999999999,-72.50327778,40.85055556,01304746,USGS,IAN,2022,6360.0
2022-09-29 11:00:00,-0.247,-0.616,-0.369,-72.50327778,40.85055556,01304746,USGS,IAN,2022,6420.0
2022-09-29 12:00:00,0.643,-0.039,-0.682,-72.50327778,40.85055556,01304746,USGS,IAN,2022,6480.0
2022-09-29 13:00:00,1.453,0.665,-0.788,-72.50327778,40.85055556,01304746,USGS,IAN,2022,6540.0
2022-09-29 14:00:00,2.043,1.355,-0.6880000000000002,-72.50327778,40.85055556,01304746,USGS,IAN,2022,6600.0
2022-09-29 15:00:00,2.193,1.727,-0.4659999999999999,-72.50327778,40.85055556,01304746,USGS,IAN,2022,6660.0
2022-09-29 16:00:00,1.893,1.738,-0.155,-72.50327778,40.85055556,01304746,USGS,IAN,2022,6720.0
2022-09-29 17:00:00,1.253,1.334,0.0810000000000001,-72.50327778,40.85055556,01304746,USGS,IAN,2022,6780.0
2022-09-29 18:00:00,0.483,0.79,0.307,-72.50327778,40.85055556,01304746,USGS,IAN,2022,6840.0
2022-09-29 19:00:00,-0.297,0.262,0.5589999999999999,-72.50327778,40.85055556,01304746,USGS,IAN,2022,6900.0
2022-09-29 20:00:00,-0.867,-0.23,0.637,-72.50327778,40.85055556,01304746,USGS,IAN,2022,6960.0
2022-09-29 21:00:00,-1.127,-0.627,0.5,-72.50327778,40.85055556,01304746,USGS,IAN,2022,7020.0
2022-09-29 22:00:00,-1.017,-0.899,0.1179999999999998,-72.50327778,40.85055556,01304746,USGS,IAN,2022,7080.0
2022-09-29 23:00:00,-0.597,-0.923,-0.326,-72.50327778,40.85055556,01304746,USGS,IAN,2022,7140.0
2022-09-30 00:00:00,0.093,-0.533,-0.626,-72.50327778,40.85055556,01304746,USGS,IAN,2022,7200.0
2022-09-30 01:00:00,0.783,0.025,-0.758,-72.50327778,40.85055556,01304746,USGS,IAN,2022,7260.0
2022-09-30 02:00:00,1.313,0.602,-0.711,-72.50327778,40.85055556,01304746,USGS,IAN,2022,7320.0
2022-09-30 03:00:00,1.553,1.049,-0.504,-72.50327778,40.85055556,01304746,USGS,IAN,2022,7380.0
2022-09-30 04:00:00,1.313,1.12,-0.1929999999999998,-72.50327778,40.85055556,01304746,USGS,IAN,2022,7440.0
2022-09-30 05:00:00,0.923,0.806,-0.1169999999999999,-72.50327778,40.85055556,01304746,USGS,IAN,2022,7500.0
2022-09-30 06:00:00,0.273,0.406,0.133,-72.50327778,40.85055556,01304746,USGS,IAN,2022,7560.0
2022-09-30 07:00:00,-0.427,-0.069,0.358,-72.50327778,40.85055556,01304746,USGS,IAN,2022,7620.0
2022-09-30 08:00:00,-0.957,-0.491,0.4659999999999999,-72.50327778,40.85055556,01304746,USGS,IAN,2022,7680.0
2022-09-30 09:00:00,-1.107,-0.816,0.291,-72.50327778,40.85055556,01304746,USGS,IAN,2022,7740.0
2022-09-30 10:00:00,-0.777,-1.004,-0.2269999999999999,-72.50327778,40.85055556,01304746,USGS,IAN,2022,7800.0
2022-09-30 11:00:00,-0.307,-0.891,-0.5840000000000001,-72.50327778,40.85055556,01304746,USGS,IAN,2022,7860.0
2022-09-30 12:00:00,0.383,-0.491,-0.874,-72.50327778,40.85055556,01304746,USGS,IAN,2022,7920.0
2022-09-30 13:00:00,1.153,0.119,-1.034,-72.50327778,40.85055556,01304746,USGS,IAN,2022,7980.0
2022-09-30 14:00:00,1.903,0.903,-1.0,-72.50327778,40.85055556,01304746,USGS,IAN,2022,8040.0
2022-09-30 15:00:00,2.403,1.436,-0.967,-72.50327778,40.85055556,01304746,USGS,IAN,2022,8100.0
2022-09-30 16:00:00,2.513,1.749,-0.7639999999999998,-72.50327778,40.85055556,01304746,USGS,IAN,2022,8160.0
2022-09-30 17:00:00,2.153,1.664,-0.4890000000000001,-72.50327778,40.85055556,01304746,USGS,IAN,2022,8220.0
2022-09-30 18:00:00,1.403,1.22,-0.183,-72.50327778,40.85055556,01304746,USGS,IAN,2022,8280.0
2022-09-30 19:00:00,0.673,0.71,0.0369999999999999,-72.50327778,40.85055556,01304746,USGS,IAN,2022,8340.0
2022-09-30 20:00:00,-0.067,0.206,0.273,-72.50327778,40.85055556,01304746,USGS,IAN,2022,8400.0
2022-09-30 21:00:00,-0.567,-0.238,0.3289999999999999,-72.50327778,40.85055556,01304746,USGS,IAN,2022,8460.0
2022-09-30 22:00:00,-0.737,-0.579,0.158,-72.50327778,40.85055556,01304746,USGS,IAN,2022,8520.0
2022-09-30 23:00:00,-0.587,-0.794,-0.207,-72.50327778,40.85055556,01304746,USGS,IAN,2022,8580.0
2022-10-01 00:00:00,-0.137,-0.715,-0.578,-72.50327778,40.85055556,01304746,USGS,IAN,2022,8640.0
2022-10-01 01:00:00,0.493,-0.336,-0.829,-72.50327778,40.85055556,01304746,USGS,IAN,2022,8700.0
2022-10-01 02:00:00,1.153,0.192,-0.961,-72.50327778,40.85055556,01304746,USGS,IAN,2022,8760.0
2022-10-01 03:00:00,1.633,0.751,-0.882,-72.50327778,40.85055556,01304746,USGS,IAN,2022,8820.0
2022-10-01 04:00:00,1.823,1.149,-0.6739999999999999,-72.50327778,40.85055556,01304746,USGS,IAN,2022,8880.0
2022-10-01 05:00:00,1.673,1.271,-0.4020000000000001,-72.50327778,40.85055556,01304746,USGS,IAN,2022,8940.0
2022-10-01 06:00:00,1.193,1.015,-0.1780000000000001,-72.50327778,40.85055556,01304746,USGS,IAN,2022,9000.0
2022-10-01 07:00:00,0.643,0.601,-0.042,-72.50327778,40.85055556,01304746,USGS,IAN,2022,9060.0
2022-10-01 08:00:00,0.053,0.148,0.095,-72.50327778,40.85055556,01304746,USGS,IAN,2022,9120.0
2022-10-01 09:00:00,-0.397,-0.278,0.119,-72.50327778,40.85055556,01304746,USGS,IAN,2022,9180.0
2022-10-01 10:00:00,-0.577,-0.585,-0.008,-72.50327778,40.85055556,01304746,USGS,IAN,2022,9240.0
2022-10-01 11:00:00,-0.317,-0.686,-0.369,-72.50327778,40.85055556,01304746,USGS,IAN,2022,9300.0
2022-10-01 12:00:00,0.223,-0.417,-0.64,-72.50327778,40.85055556,01304746,USGS,IAN,2022,9360.0
2022-10-01 13:00:00,0.823,0.041,-0.7819999999999999,-72.50327778,40.85055556,01304746,USGS,IAN,2022,9420.0
2022-10-01 14:00:00,1.603,0.661,-0.942,-72.50327778,40.85055556,01304746,USGS,IAN,2022,9480.0
2022-10-01 15:00:00,2.423,1.345,-1.078,-72.50327778,40.85055556,01304746,USGS,IAN,2022,9540.0
2022-10-01 16:00:00,2.883,1.764,-1.119,-72.50327778,40.85055556,01304746,USGS,IAN,2022,9600.0
2022-10-01 17:00:00,2.713,1.908,-0.8050000000000002,-72.50327778,40.85055556,01304746,USGS,IAN,2022,9660.0
2022-10-01 18:00:00,2.293,1.661,-0.6320000000000001,-72.50327778,40.85055556,01304746,USGS,IAN,2022,9720.0
2022-10-01 19:00:00,1.723,1.215,-0.508,-72.50327778,40.85055556,01304746,USGS,IAN,2022,9780.0
2022-10-01 20:00:00,1.013,0.708,-0.3049999999999999,-72.50327778,40.85055556,01304746,USGS,IAN,2022,9840.0
2022-10-01 21:00:00,0.403,0.221,-0.182,-72.50327778,40.85055556,01304746,USGS,IAN,2022,9900.0
2022-10-01 22:00:00,0.003,-0.199,-0.202,-72.50327778,40.85055556,01304746,USGS,IAN,2022,9960.0
2022-10-01 23:00:00,-0.157,-0.523,-0.366,-72.50327778,40.85055556,01304746,USGS,IAN,2022,10020.0
2022-09-25 01:00:00,0.846,0.471,-0.375,-73.09125,40.72105556,01306402,USGS,IAN,2022,60.0
2022-09-25 02:00:00,1.046,0.582,-0.4640000000000001,-73.09125,40.72105556,01306402,USGS,IAN,2022,120.0
2022-09-25 03:00:00,1.006,0.585,-0.421,-73.09125,40.72105556,01306402,USGS,IAN,2022,180.0
2022-09-25 04:00:00,0.836,0.486,-0.35,-73.09125,40.72105556,01306402,USGS,IAN,2022,240.0
2022-09-25 05:00:00,0.626,0.358,-0.268,-73.09125,40.72105556,01306402,USGS,IAN,2022,300.0
2022-09-25 06:00:00,0.386,0.218,-0.168,-73.09125,40.72105556,01306402,USGS,IAN,2022,360.0
2022-09-25 07:00:00,0.146,0.099,-0.0469999999999999,-73.09125,40.72105556,01306402,USGS,IAN,2022,420.0
2022-09-25 08:00:00,-0.054,-0.004,0.05,-73.09125,40.72105556,01306402,USGS,IAN,2022,480.0
2022-09-25 09:00:00,-0.244,-0.067,0.177,-73.09125,40.72105556,01306402,USGS,IAN,2022,540.0
2022-09-25 10:00:00,-0.354,-0.018,0.3359999999999999,-73.09125,40.72105556,01306402,USGS,IAN,2022,600.0
2022-09-25 11:00:00,-0.244,0.103,0.347,-73.09125,40.72105556,01306402,USGS,IAN,2022,660.0
2022-09-25 12:00:00,-0.054,0.268,0.322,-73.09125,40.72105556,01306402,USGS,IAN,2022,720.0
2022-09-25 13:00:00,0.176,0.43,0.254,-73.09125,40.72105556,01306402,USGS,IAN,2022,780.0
2022-09-25 14:00:00,0.436,0.553,0.117,-73.09125,40.72105556,01306402,USGS,IAN,2022,840.0
2022-09-25 15:00:00,0.566,0.593,0.027,-73.09125,40.72105556,01306402,USGS,IAN,2022,900.0
2022-09-25 16:00:00,0.516,0.508,-0.008,-73.09125,40.72105556,01306402,USGS,IAN,2022,960.0
2022-09-25 17:00:00,0.386,0.387,0.001,-73.09125,40.72105556,01306402,USGS,IAN,2022,1020.0
2022-09-25 18:00:00,0.206,0.244,0.038,-73.09125,40.72105556,01306402,USGS,IAN,2022,1080.0
2022-09-25 19:00:00,-0.024,0.121,0.145,-73.09125,40.72105556,01306402,USGS,IAN,2022,1140.0
2022-09-25 20:00:00,-0.184,0.013,0.197,-73.09125,40.72105556,01306402,USGS,IAN,2022,1200.0
2022-09-25 21:00:00,-0.254,-0.063,0.191,-73.09125,40.72105556,01306402,USGS,IAN,2022,1260.0
2022-09-25 22:00:00,-0.104,-0.041,0.063,-73.09125,40.72105556,01306402,USGS,IAN,2022,1320.0
2022-09-25 23:00:00,0.126,0.076,-0.05,-73.09125,40.72105556,01306402,USGS,IAN,2022,1380.0
2022-09-26 00:00:00,0.406,0.237,-0.169,-73.09125,40.72105556,01306402,USGS,IAN,2022,1440.0
2022-09-26 01:00:00,0.696,0.416,-0.2799999999999999,-73.09125,40.72105556,01306402,USGS,IAN,2022,1500.0
2022-09-26 02:00:00,1.006,0.56,-0.4459999999999999,-73.09125,40.72105556,01306402,USGS,IAN,2022,1560.0
2022-09-26 03:00:00,1.116,0.637,-0.4790000000000001,-73.09125,40.72105556,01306402,USGS,IAN,2022,1620.0
2022-09-26 04:00:00,1.446,0.578,-0.868,-73.09125,40.72105556,01306402,USGS,IAN,2022,1680.0
2022-09-26 05:00:00,1.296,0.464,-0.8320000000000001,-73.09125,40.72105556,01306402,USGS,IAN,2022,1740.0
2022-09-26 06:00:00,1.146,0.325,-0.821,-73.09125,40.72105556,01306402,USGS,IAN,2022,1800.0
2022-09-26 07:00:00,0.906,0.191,-0.7150000000000001,-73.09125,40.72105556,01306402,USGS,IAN,2022,1860.0
2022-09-26 08:00:00,0.706,0.075,-0.631,-73.09125,40.72105556,01306402,USGS,IAN,2022,1920.0
2022-09-26 09:00:00,0.566,-0.02,-0.586,-73.09125,40.72105556,01306402,USGS,IAN,2022,1980.0
2022-09-26 10:00:00,0.466,-0.046,-0.512,-73.09125,40.72105556,01306402,USGS,IAN,2022,2040.0
2022-09-26 11:00:00,0.586,0.058,-0.5279999999999999,-73.09125,40.72105556,01306402,USGS,IAN,2022,2100.0
2022-09-26 12:00:00,0.806,0.212,-0.5940000000000001,-73.09125,40.72105556,01306402,USGS,IAN,2022,2160.0
2022-09-26 13:00:00,1.106,0.392,-0.7140000000000001,-73.09125,40.72105556,01306402,USGS,IAN,2022,2220.0
2022-09-26 14:00:00,1.386,0.559,-0.8269999999999998,-73.09125,40.72105556,01306402,USGS,IAN,2022,2280.0
2022-09-26 15:00:00,1.556,0.665,-0.891,-73.09125,40.72105556,01306402,USGS,IAN,2022,2340.0
2022-09-26 16:00:00,1.546,0.66,-0.886,-73.09125,40.72105556,01306402,USGS,IAN,2022,2400.0
2022-09-26 17:00:00,1.396,0.558,-0.8379999999999999,-73.09125,40.72105556,01306402,USGS,IAN,2022,2460.0
2022-09-26 18:00:00,1.196,0.422,-0.774,-73.09125,40.72105556,01306402,USGS,IAN,2022,2520.0
2022-09-26 19:00:00,0.936,0.275,-0.661,-73.09125,40.72105556,01306402,USGS,IAN,2022,2580.0
2022-09-26 20:00:00,0.706,0.155,-0.5509999999999999,-73.09125,40.72105556,01306402,USGS,IAN,2022,2640.0
2022-09-26 21:00:00,0.486,0.047,-0.439,-73.09125,40.72105556,01306402,USGS,IAN,2022,2700.0
2022-09-26 22:00:00,0.366,-0.019,-0.385,-73.09125,40.72105556,01306402,USGS,IAN,2022,2760.0
2022-09-26 23:00:00,0.416,0.042,-0.374,-73.09125,40.72105556,01306402,USGS,IAN,2022,2820.0
2022-09-27 00:00:00,0.606,0.173,-0.433,-73.09125,40.72105556,01306402,USGS,IAN,2022,2880.0
2022-09-27 01:00:00,0.866,0.343,-0.5229999999999999,-73.09125,40.72105556,01306402,USGS,IAN,2022,2940.0
2022-09-27 02:00:00,1.126,0.516,-0.6099999999999999,-73.09125,40.72105556,01306402,USGS,IAN,2022,3000.0
2022-09-27 03:00:00,1.316,0.636,-0.68,-73.09125,40.72105556,01306402,USGS,IAN,2022,3060.0
2022-09-27 04:00:00,1.376,0.66,-0.7159999999999999,-73.09125,40.72105556,01306402,USGS,IAN,2022,3120.0
2022-09-27 05:00:00,1.226,0.566,-0.66,-73.09125,40.72105556,01306402,USGS,IAN,2022,3180.0
2022-09-27 06:00:00,1.016,0.436,-0.5800000000000001,-73.09125,40.72105556,01306402,USGS,IAN,2022,3240.0
2022-09-27 07:00:00,0.776,0.287,-0.489,-73.09125,40.72105556,01306402,USGS,IAN,2022,3300.0
2022-09-27 08:00:00,0.556,0.162,-0.394,-73.09125,40.72105556,01306402,USGS,IAN,2022,3360.0
2022-09-27 09:00:00,0.316,0.05,-0.266,-73.09125,40.72105556,01306402,USGS,IAN,2022,3420.0
2022-09-27 10:00:00,0.186,-0.027,-0.213,-73.09125,40.72105556,01306402,USGS,IAN,2022,3480.0
2022-09-27 11:00:00,0.206,0.014,-0.1919999999999999,-73.09125,40.72105556,01306402,USGS,IAN,2022,3540.0
2022-09-27 12:00:00,0.406,0.145,-0.261,-73.09125,40.72105556,01306402,USGS,IAN,2022,3600.0
2022-09-27 13:00:00,0.666,0.321,-0.345,-73.09125,40.72105556,01306402,USGS,IAN,2022,3660.0
2022-09-27 14:00:00,0.996,0.506,-0.49,-73.09125,40.72105556,01306402,USGS,IAN,2022,3720.0
2022-09-27 15:00:00,1.286,0.662,-0.624,-73.09125,40.72105556,01306402,USGS,IAN,2022,3780.0
2022-09-27 16:00:00,1.466,0.745,-0.721,-73.09125,40.72105556,01306402,USGS,IAN,2022,3840.0
2022-09-27 17:00:00,1.436,0.697,-0.739,-73.09125,40.72105556,01306402,USGS,IAN,2022,3900.0
2022-09-27 18:00:00,1.286,0.582,-0.7040000000000001,-73.09125,40.72105556,01306402,USGS,IAN,2022,3960.0
2022-09-27 19:00:00,1.076,0.445,-0.631,-73.09125,40.72105556,01306402,USGS,IAN,2022,4020.0
2022-09-27 20:00:00,0.816,0.301,-0.5149999999999999,-73.09125,40.72105556,01306402,USGS,IAN,2022,4080.0
2022-09-27 21:00:00,0.556,0.188,-0.368,-73.09125,40.72105556,01306402,USGS,IAN,2022,4140.0
2022-09-27 22:00:00,0.386,0.083,-0.303,-73.09125,40.72105556,01306402,USGS,IAN,2022,4200.0
2022-09-27 23:00:00,0.236,0.032,-0.204,-73.09125,40.72105556,01306402,USGS,IAN,2022,4260.0
2022-09-28 00:00:00,0.286,0.119,-0.1669999999999999,-73.09125,40.72105556,01306402,USGS,IAN,2022,4320.0
2022-09-28 01:00:00,0.466,0.261,-0.205,-73.09125,40.72105556,01306402,USGS,IAN,2022,4380.0
2022-09-28 02:00:00,0.716,0.431,-0.285,-73.09125,40.72105556,01306402,USGS,IAN,2022,4440.0
2022-09-28 03:00:00,0.976,0.589,-0.387,-73.09125,40.72105556,01306402,USGS,IAN,2022,4500.0
2022-09-28 04:00:00,1.146,0.677,-0.4689999999999998,-73.09125,40.72105556,01306402,USGS,IAN,2022,4560.0
2022-09-28 05:00:00,1.146,0.638,-0.5079999999999999,-73.09125,40.72105556,01306402,USGS,IAN,2022,4620.0
2022-09-28 06:00:00,0.956,0.529,-0.4269999999999999,-73.09125,40.72105556,01306402,USGS,IAN,2022,4680.0
2022-09-28 07:00:00,0.766,0.389,-0.377,-73.09125,40.72105556,01306402,USGS,IAN,2022,4740.0
2022-09-28 08:00:00,0.506,0.245,-0.261,-73.09125,40.72105556,01306402,USGS,IAN,2022,4800.0
2022-09-28 09:00:00,0.306,0.128,-0.178,-73.09125,40.72105556,01306402,USGS,IAN,2022,4860.0
2022-09-28 10:00:00,0.106,0.021,-0.0849999999999999,-73.09125,40.72105556,01306402,USGS,IAN,2022,4920.0
2022-09-28 11:00:00,-0.004,-0.03,-0.026,-73.09125,40.72105556,01306402,USGS,IAN,2022,4980.0
2022-09-28 12:00:00,0.066,0.06,-0.006,-73.09125,40.72105556,01306402,USGS,IAN,2022,5040.0
2022-09-28 13:00:00,0.256,0.211,-0.045,-73.09125,40.72105556,01306402,USGS,IAN,2022,5100.0
2022-09-28 14:00:00,0.546,0.398,-0.148,-73.09125,40.72105556,01306402,USGS,IAN,2022,5160.0
2022-09-28 15:00:00,0.836,0.585,-0.251,-73.09125,40.72105556,01306402,USGS,IAN,2022,5220.0
2022-09-28 16:00:00,1.076,0.729,-0.3470000000000001,-73.09125,40.72105556,01306402,USGS,IAN,2022,5280.0
2022-09-28 17:00:00,1.216,0.796,-0.4199999999999999,-73.09125,40.72105556,01306402,USGS,IAN,2022,5340.0
2022-09-28 18:00:00,1.106,0.71,-0.3960000000000001,-73.09125,40.72105556,01306402,USGS,IAN,2022,5400.0
2022-09-28 19:00:00,0.926,0.588,-0.3380000000000001,-73.09125,40.72105556,01306402,USGS,IAN,2022,5460.0
2022-09-28 20:00:00,0.686,0.445,-0.241,-73.09125,40.72105556,01306402,USGS,IAN,2022,5520.0
2022-09-28 21:00:00,0.406,0.308,-0.098,-73.09125,40.72105556,01306402,USGS,IAN,2022,5580.0
2022-09-28 22:00:00,0.186,0.196,0.01,-73.09125,40.72105556,01306402,USGS,IAN,2022,5640.0
2022-09-28 23:00:00,-0.004,0.099,0.103,-73.09125,40.72105556,01306402,USGS,IAN,2022,5700.0
2022-09-29 00:00:00,-0.094,0.068,0.162,-73.09125,40.72105556,01306402,USGS,IAN,2022,5760.0
2022-09-29 01:00:00,-0.004,0.174,0.178,-73.09125,40.72105556,01306402,USGS,IAN,2022,5820.0
2022-09-29 02:00:00,0.196,0.315,0.119,-73.09125,40.72105556,01306402,USGS,IAN,2022,5880.0
2022-09-29 03:00:00,0.416,0.48,0.064,-73.09125,40.72105556,01306402,USGS,IAN,2022,5940.0
2022-09-29 04:00:00,0.656,0.617,-0.039,-73.09125,40.72105556,01306402,USGS,IAN,2022,6000.0
2022-09-29 05:00:00,0.736,0.669,-0.0669999999999999,-73.09125,40.72105556,01306402,USGS,IAN,2022,6060.0
2022-09-29 06:00:00,0.666,0.589,-0.077,-73.09125,40.72105556,01306402,USGS,IAN,2022,6120.0
2022-09-29 07:00:00,0.466,0.467,0.001,-73.09125,40.72105556,01306402,USGS,IAN,2022,6180.0
2022-09-29 08:00:00,0.246,0.323,0.077,-73.09125,40.72105556,01306402,USGS,IAN,2022,6240.0
2022-09-29 09:00:00,0.026,0.191,0.165,-73.09125,40.72105556,01306402,USGS,IAN,2022,6300.0
2022-09-29 10:00:00,-0.184,0.076,0.26,-73.09125,40.72105556,01306402,USGS,IAN,2022,6360.0
2022-09-29 11:00:00,-0.354,-0.014,0.3399999999999999,-73.09125,40.72105556,01306402,USGS,IAN,2022,6420.0
2022-09-29 12:00:00,-0.424,-0.02,0.4039999999999999,-73.09125,40.72105556,01306402,USGS,IAN,2022,6480.0
2022-09-29 13:00:00,-0.304,0.095,0.399,-73.09125,40.72105556,01306402,USGS,IAN,2022,6540.0
2022-09-29 14:00:00,-0.084,0.264,0.348,-73.09125,40.72105556,01306402,USGS,IAN,2022,6600.0
2022-09-29 15:00:00,0.146,0.452,0.306,-73.09125,40.72105556,01306402,USGS,IAN,2022,6660.0
2022-09-29 16:00:00,0.466,0.629,0.1629999999999999,-73.09125,40.72105556,01306402,USGS,IAN,2022,6720.0
2022-09-29 17:00:00,0.746,0.765,0.019,-73.09125,40.72105556,01306402,USGS,IAN,2022,6780.0
2022-09-29 18:00:00,0.906,0.822,-0.084,-73.09125,40.72105556,01306402,USGS,IAN,2022,6840.0
2022-09-29 19:00:00,0.806,0.727,-0.079,-73.09125,40.72105556,01306402,USGS,IAN,2022,6900.0
2022-09-29 20:00:00,0.586,0.602,0.016,-73.09125,40.72105556,01306402,USGS,IAN,2022,6960.0
2022-09-29 21:00:00,0.386,0.457,0.071,-73.09125,40.72105556,01306402,USGS,IAN,2022,7020.0
2022-09-29 22:00:00,0.136,0.322,0.186,-73.09125,40.72105556,01306402,USGS,IAN,2022,7080.0
2022-09-29 23:00:00,-0.064,0.209,0.273,-73.09125,40.72105556,01306402,USGS,IAN,2022,7140.0
2022-09-30 00:00:00,-0.224,0.12,0.344,-73.09125,40.72105556,01306402,USGS,IAN,2022,7200.0
2022-09-30 01:00:00,-0.244,0.109,0.353,-73.09125,40.72105556,01306402,USGS,IAN,2022,7260.0
2022-09-30 02:00:00,-0.114,0.222,0.336,-73.09125,40.72105556,01306402,USGS,IAN,2022,7320.0
2022-09-30 03:00:00,0.086,0.368,0.282,-73.09125,40.72105556,01306402,USGS,IAN,2022,7380.0
2022-09-30 04:00:00,0.326,0.525,0.199,-73.09125,40.72105556,01306402,USGS,IAN,2022,7440.0
2022-09-30 05:00:00,0.506,0.633,0.127,-73.09125,40.72105556,01306402,USGS,IAN,2022,7500.0
2022-09-30 06:00:00,0.616,0.639,0.023,-73.09125,40.72105556,01306402,USGS,IAN,2022,7560.0
2022-09-30 07:00:00,0.546,0.542,-0.004,-73.09125,40.72105556,01306402,USGS,IAN,2022,7620.0
2022-09-30 08:00:00,0.346,0.415,0.069,-73.09125,40.72105556,01306402,USGS,IAN,2022,7680.0
2022-09-30 09:00:00,0.136,0.272,0.136,-73.09125,40.72105556,01306402,USGS,IAN,2022,7740.0
2022-09-30 10:00:00,-0.094,0.15,0.244,-73.09125,40.72105556,01306402,USGS,IAN,2022,7800.0
2022-09-30 11:00:00,-0.274,0.042,0.316,-73.09125,40.72105556,01306402,USGS,IAN,2022,7860.0
2022-09-30 12:00:00,-0.384,-0.033,0.351,-73.09125,40.72105556,01306402,USGS,IAN,2022,7920.0
2022-09-30 13:00:00,-0.294,-0.005,0.289,-73.09125,40.72105556,01306402,USGS,IAN,2022,7980.0
2022-09-30 14:00:00,-0.124,0.118,0.242,-73.09125,40.72105556,01306402,USGS,IAN,2022,8040.0
2022-09-30 15:00:00,0.136,0.297,0.1609999999999999,-73.09125,40.72105556,01306402,USGS,IAN,2022,8100.0
2022-09-30 16:00:00,0.466,0.485,0.0189999999999999,-73.09125,40.72105556,01306402,USGS,IAN,2022,8160.0
2022-09-30 17:00:00,0.786,0.651,-0.135,-73.09125,40.72105556,01306402,USGS,IAN,2022,8220.0
2022-09-30 18:00:00,1.036,0.775,-0.261,-73.09125,40.72105556,01306402,USGS,IAN,2022,8280.0
2022-09-30 19:00:00,1.166,0.808,-0.3579999999999999,-73.09125,40.72105556,01306402,USGS,IAN,2022,8340.0
2022-09-30 20:00:00,1.066,0.708,-0.3580000000000001,-73.09125,40.72105556,01306402,USGS,IAN,2022,8400.0
2022-09-30 21:00:00,0.826,0.582,-0.244,-73.09125,40.72105556,01306402,USGS,IAN,2022,8460.0
2022-09-30 22:00:00,0.586,0.438,-0.1479999999999999,-73.09125,40.72105556,01306402,USGS,IAN,2022,8520.0
2022-09-30 23:00:00,0.356,0.312,-0.0439999999999999,-73.09125,40.72105556,01306402,USGS,IAN,2022,8580.0
2022-10-01 00:00:00,0.156,0.204,0.0479999999999999,-73.09125,40.72105556,01306402,USGS,IAN,2022,8640.0
2022-10-01 01:00:00,0.006,0.123,0.1169999999999999,-73.09125,40.72105556,01306402,USGS,IAN,2022,8700.0
2022-10-01 02:00:00,-0.034,0.11,0.144,-73.09125,40.72105556,01306402,USGS,IAN,2022,8760.0
2022-10-01 03:00:00,0.156,0.213,0.0569999999999999,-73.09125,40.72105556,01306402,USGS,IAN,2022,8820.0
2022-10-01 04:00:00,0.346,0.345,-0.001,-73.09125,40.72105556,01306402,USGS,IAN,2022,8880.0
2022-10-01 05:00:00,0.586,0.49,-0.0959999999999999,-73.09125,40.72105556,01306402,USGS,IAN,2022,8940.0
2022-10-01 06:00:00,0.736,0.602,-0.134,-73.09125,40.72105556,01306402,USGS,IAN,2022,9000.0
2022-10-01 07:00:00,0.856,0.639,-0.2169999999999999,-73.09125,40.72105556,01306402,USGS,IAN,2022,9060.0
2022-10-01 08:00:00,0.866,0.553,-0.3129999999999999,-73.09125,40.72105556,01306402,USGS,IAN,2022,9120.0
2022-10-01 09:00:00,0.706,0.427,-0.2789999999999999,-73.09125,40.72105556,01306402,USGS,IAN,2022,9180.0
2022-10-01 10:00:00,0.466,0.281,-0.185,-73.09125,40.72105556,01306402,USGS,IAN,2022,9240.0
2022-10-01 11:00:00,0.266,0.156,-0.11,-73.09125,40.72105556,01306402,USGS,IAN,2022,9300.0
2022-10-01 12:00:00,0.066,0.054,-0.012,-73.09125,40.72105556,01306402,USGS,IAN,2022,9360.0
2022-10-01 13:00:00,-0.054,-0.021,0.033,-73.09125,40.72105556,01306402,USGS,IAN,2022,9420.0
2022-10-01 14:00:00,0.006,0.071,0.0649999999999999,-73.09125,40.72105556,01306402,USGS,IAN,2022,9480.0
2022-10-01 15:00:00,0.256,0.231,-0.0249999999999999,-73.09125,40.72105556,01306402,USGS,IAN,2022,9540.0
2022-10-01 16:00:00,0.486,0.421,-0.065,-73.09125,40.72105556,01306402,USGS,IAN,2022,9600.0
2022-10-01 17:00:00,0.866,0.617,-0.249,-73.09125,40.72105556,01306402,USGS,IAN,2022,9660.0
2022-10-01 18:00:00,1.156,0.766,-0.3899999999999999,-73.09125,40.72105556,01306402,USGS,IAN,2022,9720.0
2022-10-01 19:00:00,1.346,0.87,-0.4760000000000001,-73.09125,40.72105556,01306402,USGS,IAN,2022,9780.0
2022-10-01 20:00:00,1.486,0.853,-0.633,-73.09125,40.72105556,01306402,USGS,IAN,2022,9840.0
2022-10-01 21:00:00,1.376,0.753,-0.6229999999999999,-73.09125,40.72105556,01306402,USGS,IAN,2022,9900.0
2022-10-01 22:00:00,1.196,0.626,-0.57,-73.09125,40.72105556,01306402,USGS,IAN,2022,9960.0
2022-10-01 23:00:00,0.936,0.486,-0.45,-73.09125,40.72105556,01306402,USGS,IAN,2022,10020.0
2022-09-25 01:00:00,0.992,0.508,-0.484,-73.3556765,40.66926687,01309225,USGS,IAN,2022,60.0
2022-09-25 02:00:00,1.012,0.582,-0.43,-73.3556765,40.66926687,01309225,USGS,IAN,2022,120.0
2022-09-25 03:00:00,0.762,0.555,-0.2069999999999999,-73.3556765,40.66926687,01309225,USGS,IAN,2022,180.0
2022-09-25 04:00:00,0.402,0.431,0.0289999999999999,-73.3556765,40.66926687,01309225,USGS,IAN,2022,240.0
2022-09-25 05:00:00,0.182,0.352,0.1699999999999999,-73.3556765,40.66926687,01309225,USGS,IAN,2022,300.0
2022-09-25 06:00:00,-0.008,0.247,0.255,-73.3556765,40.66926687,01309225,USGS,IAN,2022,360.0
2022-09-25 07:00:00,-0.198,0.119,0.317,-73.3556765,40.66926687,01309225,USGS,IAN,2022,420.0
2022-09-25 08:00:00,-0.438,0.017,0.455,-73.3556765,40.66926687,01309225,USGS,IAN,2022,480.0
2022-09-25 09:00:00,-0.578,-0.029,0.5489999999999999,-73.3556765,40.66926687,01309225,USGS,IAN,2022,540.0
2022-09-25 10:00:00,-0.548,0.054,0.6020000000000001,-73.3556765,40.66926687,01309225,USGS,IAN,2022,600.0
2022-09-25 11:00:00,-0.198,0.19,0.388,-73.3556765,40.66926687,01309225,USGS,IAN,2022,660.0
2022-09-25 12:00:00,0.122,0.34,0.218,-73.3556765,40.66926687,01309225,USGS,IAN,2022,720.0
2022-09-25 13:00:00,0.382,0.477,0.0949999999999999,-73.3556765,40.66926687,01309225,USGS,IAN,2022,780.0
2022-09-25 14:00:00,0.572,0.556,-0.0159999999999999,-73.3556765,40.66926687,01309225,USGS,IAN,2022,840.0
2022-09-25 15:00:00,0.592,0.565,-0.027,-73.3556765,40.66926687,01309225,USGS,IAN,2022,900.0
2022-09-25 16:00:00,0.272,0.455,0.183,-73.3556765,40.66926687,01309225,USGS,IAN,2022,960.0
2022-09-25 17:00:00,-0.048,0.365,0.413,-73.3556765,40.66926687,01309225,USGS,IAN,2022,1020.0
2022-09-25 18:00:00,-0.188,0.269,0.457,-73.3556765,40.66926687,01309225,USGS,IAN,2022,1080.0
2022-09-25 19:00:00,-0.348,0.144,0.492,-73.3556765,40.66926687,01309225,USGS,IAN,2022,1140.0
2022-09-25 20:00:00,-0.508,0.029,0.537,-73.3556765,40.66926687,01309225,USGS,IAN,2022,1200.0
2022-09-25 21:00:00,-0.528,-0.03,0.498,-73.3556765,40.66926687,01309225,USGS,IAN,2022,1260.0
2022-09-25 22:00:00,-0.188,0.022,0.21,-73.3556765,40.66926687,01309225,USGS,IAN,2022,1320.0
2022-09-25 23:00:00,0.202,0.173,-0.029,-73.3556765,40.66926687,01309225,USGS,IAN,2022,1380.0
2022-09-26 00:00:00,0.562,0.319,-0.243,-73.3556765,40.66926687,01309225,USGS,IAN,2022,1440.0
2022-09-26 01:00:00,0.922,0.474,-0.448,-73.3556765,40.66926687,01309225,USGS,IAN,2022,1500.0
2022-09-26 02:00:00,1.222,0.581,-0.641,-73.3556765,40.66926687,01309225,USGS,IAN,2022,1560.0
2022-09-26 03:00:00,1.332,0.627,-0.7050000000000001,-73.3556765,40.66926687,01309225,USGS,IAN,2022,1620.0
2022-09-26 04:00:00,1.312,0.541,-0.771,-73.3556765,40.66926687,01309225,USGS,IAN,2022,1680.0
2022-09-26 05:00:00,1.012,0.431,-0.581,-73.3556765,40.66926687,01309225,USGS,IAN,2022,1740.0
2022-09-26 06:00:00,0.772,0.344,-0.428,-73.3556765,40.66926687,01309225,USGS,IAN,2022,1800.0
2022-09-26 07:00:00,0.492,0.221,-0.271,-73.3556765,40.66926687,01309225,USGS,IAN,2022,1860.0
2022-09-26 08:00:00,0.172,0.094,-0.0779999999999999,-73.3556765,40.66926687,01309225,USGS,IAN,2022,1920.0
2022-09-26 09:00:00,-0.008,0.006,0.014,-73.3556765,40.66926687,01309225,USGS,IAN,2022,1980.0
2022-09-26 10:00:00,0.092,0.004,-0.088,-73.3556765,40.66926687,01309225,USGS,IAN,2022,2040.0
2022-09-26 11:00:00,0.552,0.162,-0.39,-73.3556765,40.66926687,01309225,USGS,IAN,2022,2100.0
2022-09-26 12:00:00,0.932,0.294,-0.6380000000000001,-73.3556765,40.66926687,01309225,USGS,IAN,2022,2160.0
2022-09-26 13:00:00,1.182,0.46,-0.722,-73.3556765,40.66926687,01309225,USGS,IAN,2022,2220.0
2022-09-26 14:00:00,1.392,0.589,-0.8029999999999999,-73.3556765,40.66926687,01309225,USGS,IAN,2022,2280.0
2022-09-26 15:00:00,1.502,0.686,-0.816,-73.3556765,40.66926687,01309225,USGS,IAN,2022,2340.0
2022-09-26 16:00:00,1.312,0.642,-0.67,-73.3556765,40.66926687,01309225,USGS,IAN,2022,2400.0
2022-09-26 17:00:00,0.932,0.51,-0.422,-73.3556765,40.66926687,01309225,USGS,IAN,2022,2460.0
2022-09-26 18:00:00,0.732,0.429,-0.303,-73.3556765,40.66926687,01309225,USGS,IAN,2022,2520.0
2022-09-26 19:00:00,0.552,0.312,-0.24,-73.3556765,40.66926687,01309225,USGS,IAN,2022,2580.0
2022-09-26 20:00:00,0.352,0.179,-0.173,-73.3556765,40.66926687,01309225,USGS,IAN,2022,2640.0
2022-09-26 21:00:00,0.172,0.066,-0.1059999999999999,-73.3556765,40.66926687,01309225,USGS,IAN,2022,2700.0
2022-09-26 22:00:00,0.092,0.02,-0.072,-73.3556765,40.66926687,01309225,USGS,IAN,2022,2760.0
2022-09-26 23:00:00,0.342,0.118,-0.224,-73.3556765,40.66926687,01309225,USGS,IAN,2022,2820.0
2022-09-27 00:00:00,0.712,0.267,-0.4449999999999999,-73.3556765,40.66926687,01309225,USGS,IAN,2022,2880.0
2022-09-27 01:00:00,0.982,0.421,-0.5609999999999999,-73.3556765,40.66926687,01309225,USGS,IAN,2022,2940.0
2022-09-27 02:00:00,1.142,0.55,-0.5919999999999999,-73.3556765,40.66926687,01309225,USGS,IAN,2022,3000.0
2022-09-27 03:00:00,1.262,0.645,-0.617,-73.3556765,40.66926687,01309225,USGS,IAN,2022,3060.0
2022-09-27 04:00:00,1.172,0.647,-0.5249999999999999,-73.3556765,40.66926687,01309225,USGS,IAN,2022,3120.0
2022-09-27 05:00:00,0.862,0.517,-0.345,-73.3556765,40.66926687,01309225,USGS,IAN,2022,3180.0
2022-09-27 06:00:00,0.652,0.429,-0.223,-73.3556765,40.66926687,01309225,USGS,IAN,2022,3240.0
2022-09-27 07:00:00,0.442,0.321,-0.121,-73.3556765,40.66926687,01309225,USGS,IAN,2022,3300.0
2022-09-27 08:00:00,0.222,0.189,-0.033,-73.3556765,40.66926687,01309225,USGS,IAN,2022,3360.0
2022-09-27 09:00:00,0.052,0.067,0.015,-73.3556765,40.66926687,01309225,USGS,IAN,2022,3420.0
2022-09-27 10:00:00,-0.068,0.009,0.077,-73.3556765,40.66926687,01309225,USGS,IAN,2022,3480.0
2022-09-27 11:00:00,0.102,0.084,-0.0179999999999999,-73.3556765,40.66926687,01309225,USGS,IAN,2022,3540.0
2022-09-27 12:00:00,0.562,0.25,-0.312,-73.3556765,40.66926687,01309225,USGS,IAN,2022,3600.0
2022-09-27 13:00:00,0.902,0.415,-0.487,-73.3556765,40.66926687,01309225,USGS,IAN,2022,3660.0
2022-09-27 14:00:00,1.162,0.555,-0.6069999999999999,-73.3556765,40.66926687,01309225,USGS,IAN,2022,3720.0
2022-09-27 15:00:00,1.362,0.707,-0.6550000000000001,-73.3556765,40.66926687,01309225,USGS,IAN,2022,3780.0
2022-09-27 16:00:00,1.432,0.784,-0.6479999999999999,-73.3556765,40.66926687,01309225,USGS,IAN,2022,3840.0
2022-09-27 17:00:00,1.182,0.707,-0.475,-73.3556765,40.66926687,01309225,USGS,IAN,2022,3900.0
2022-09-27 18:00:00,0.742,0.584,-0.158,-73.3556765,40.66926687,01309225,USGS,IAN,2022,3960.0
2022-09-27 19:00:00,0.552,0.481,-0.071,-73.3556765,40.66926687,01309225,USGS,IAN,2022,4020.0
2022-09-27 20:00:00,0.382,0.356,-0.026,-73.3556765,40.66926687,01309225,USGS,IAN,2022,4080.0
2022-09-27 21:00:00,0.132,0.214,0.0819999999999999,-73.3556765,40.66926687,01309225,USGS,IAN,2022,4140.0
2022-09-27 22:00:00,-0.038,0.107,0.145,-73.3556765,40.66926687,01309225,USGS,IAN,2022,4200.0
2022-09-27 23:00:00,-0.058,0.076,0.134,-73.3556765,40.66926687,01309225,USGS,IAN,2022,4260.0
2022-09-28 00:00:00,0.282,0.209,-0.0729999999999999,-73.3556765,40.66926687,01309225,USGS,IAN,2022,4320.0
2022-09-28 01:00:00,0.772,0.349,-0.423,-73.3556765,40.66926687,01309225,USGS,IAN,2022,4380.0
2022-09-28 02:00:00,0.982,0.497,-0.485,-73.3556765,40.66926687,01309225,USGS,IAN,2022,4440.0
2022-09-28 03:00:00,1.132,0.605,-0.5269999999999999,-73.3556765,40.66926687,01309225,USGS,IAN,2022,4500.0
2022-09-28 04:00:00,1.142,0.674,-0.4679999999999998,-73.3556765,40.66926687,01309225,USGS,IAN,2022,4560.0
2022-09-28 05:00:00,0.862,0.614,-0.248,-73.3556765,40.66926687,01309225,USGS,IAN,2022,4620.0
2022-09-28 06:00:00,0.532,0.49,-0.042,-73.3556765,40.66926687,01309225,USGS,IAN,2022,4680.0
2022-09-28 07:00:00,0.342,0.407,0.0649999999999999,-73.3556765,40.66926687,01309225,USGS,IAN,2022,4740.0
2022-09-28 08:00:00,0.122,0.281,0.159,-73.3556765,40.66926687,01309225,USGS,IAN,2022,4800.0
2022-09-28 09:00:00,-0.108,0.144,0.252,-73.3556765,40.66926687,01309225,USGS,IAN,2022,4860.0
2022-09-28 10:00:00,-0.258,0.045,0.303,-73.3556765,40.66926687,01309225,USGS,IAN,2022,4920.0
2022-09-28 11:00:00,-0.288,0.015,0.303,-73.3556765,40.66926687,01309225,USGS,IAN,2022,4980.0
2022-09-28 12:00:00,0.042,0.16,0.118,-73.3556765,40.66926687,01309225,USGS,IAN,2022,5040.0
2022-09-28 13:00:00,0.472,0.311,-0.1609999999999999,-73.3556765,40.66926687,01309225,USGS,IAN,2022,5100.0
2022-09-28 14:00:00,0.762,0.48,-0.282,-73.3556765,40.66926687,01309225,USGS,IAN,2022,5160.0
2022-09-28 15:00:00,1.032,0.638,-0.394,-73.3556765,40.66926687,01309225,USGS,IAN,2022,5220.0
2022-09-28 16:00:00,1.192,0.788,-0.4039999999999999,-73.3556765,40.66926687,01309225,USGS,IAN,2022,5280.0
2022-09-28 17:00:00,1.142,0.83,-0.3119999999999999,-73.3556765,40.66926687,01309225,USGS,IAN,2022,5340.0
2022-09-28 18:00:00,0.772,0.722,-0.05,-73.3556765,40.66926687,01309225,USGS,IAN,2022,5400.0
2022-09-28 19:00:00,0.482,0.611,0.129,-73.3556765,40.66926687,01309225,USGS,IAN,2022,5460.0
2022-09-28 20:00:00,0.322,0.494,0.172,-73.3556765,40.66926687,01309225,USGS,IAN,2022,5520.0
2022-09-28 21:00:00,0.132,0.363,0.2309999999999999,-73.3556765,40.66926687,01309225,USGS,IAN,2022,5580.0
2022-09-28 22:00:00,-0.078,0.221,0.299,-73.3556765,40.66926687,01309225,USGS,IAN,2022,5640.0
2022-09-28 23:00:00,-0.218,0.124,0.3419999999999999,-73.3556765,40.66926687,01309225,USGS,IAN,2022,5700.0
2022-09-29 00:00:00,-0.218,0.114,0.332,-73.3556765,40.66926687,01309225,USGS,IAN,2022,5760.0
2022-09-29 01:00:00,0.142,0.263,0.121,-73.3556765,40.66926687,01309225,USGS,IAN,2022,5820.0
2022-09-29 02:00:00,0.442,0.397,-0.0449999999999999,-73.3556765,40.66926687,01309225,USGS,IAN,2022,5880.0
2022-09-29 03:00:00,0.622,0.53,-0.0919999999999999,-73.3556765,40.66926687,01309225,USGS,IAN,2022,5940.0
2022-09-29 04:00:00,0.772,0.62,-0.152,-73.3556765,40.66926687,01309225,USGS,IAN,2022,6000.0
2022-09-29 05:00:00,0.702,0.653,-0.0489999999999999,-73.3556765,40.66926687,01309225,USGS,IAN,2022,6060.0
2022-09-29 06:00:00,0.372,0.552,0.18,-73.3556765,40.66926687,01309225,USGS,IAN,2022,6120.0
2022-09-29 07:00:00,0.192,0.45,0.258,-73.3556765,40.66926687,01309225,USGS,IAN,2022,6180.0
2022-09-29 08:00:00,0.002,0.362,0.36,-73.3556765,40.66926687,01309225,USGS,IAN,2022,6240.0
2022-09-29 09:00:00,-0.208,0.233,0.441,-73.3556765,40.66926687,01309225,USGS,IAN,2022,6300.0
2022-09-29 10:00:00,-0.408,0.105,0.513,-73.3556765,40.66926687,01309225,USGS,IAN,2022,6360.0
2022-09-29 11:00:00,-0.558,0.03,0.5880000000000001,-73.3556765,40.66926687,01309225,USGS,IAN,2022,6420.0
2022-09-29 12:00:00,-0.518,0.05,0.5680000000000001,-73.3556765,40.66926687,01309225,USGS,IAN,2022,6480.0
2022-09-29 13:00:00,-0.118,0.215,0.3329999999999999,-73.3556765,40.66926687,01309225,USGS,IAN,2022,6540.0
2022-09-29 14:00:00,0.332,0.371,0.0389999999999999,-73.3556765,40.66926687,01309225,USGS,IAN,2022,6600.0
2022-09-29 15:00:00,0.702,0.53,-0.1719999999999999,-73.3556765,40.66926687,01309225,USGS,IAN,2022,6660.0
2022-09-29 16:00:00,0.912,0.696,-0.216,-73.3556765,40.66926687,01309225,USGS,IAN,2022,6720.0
2022-09-29 17:00:00,1.022,0.845,-0.177,-73.3556765,40.66926687,01309225,USGS,IAN,2022,6780.0
2022-09-29 18:00:00,0.882,0.864,-0.018,-73.3556765,40.66926687,01309225,USGS,IAN,2022,6840.0
2022-09-29 19:00:00,0.512,0.745,0.2329999999999999,-73.3556765,40.66926687,01309225,USGS,IAN,2022,6900.0
2022-09-29 20:00:00,0.262,0.637,0.375,-73.3556765,40.66926687,01309225,USGS,IAN,2022,6960.0
2022-09-29 21:00:00,0.122,0.518,0.396,-73.3556765,40.66926687,01309225,USGS,IAN,2022,7020.0
2022-09-29 22:00:00,-0.068,0.389,0.457,-73.3556765,40.66926687,01309225,USGS,IAN,2022,7080.0
2022-09-29 23:00:00,-0.258,0.255,0.513,-73.3556765,40.66926687,01309225,USGS,IAN,2022,7140.0
2022-09-30 00:00:00,-0.388,0.166,0.554,-73.3556765,40.66926687,01309225,USGS,IAN,2022,7200.0
2022-09-30 01:00:00,-0.268,0.18,0.448,-73.3556765,40.66926687,01309225,USGS,IAN,2022,7260.0
2022-09-30 02:00:00,0.112,0.336,0.224,-73.3556765,40.66926687,01309225,USGS,IAN,2022,7320.0
2022-09-30 03:00:00,0.362,0.459,0.097,-73.3556765,40.66926687,01309225,USGS,IAN,2022,7380.0
2022-09-30 04:00:00,0.582,0.573,-0.009,-73.3556765,40.66926687,01309225,USGS,IAN,2022,7440.0
2022-09-30 05:00:00,0.722,0.642,-0.0799999999999999,-73.3556765,40.66926687,01309225,USGS,IAN,2022,7500.0
2022-09-30 06:00:00,0.642,0.639,-0.003,-73.3556765,40.66926687,01309225,USGS,IAN,2022,7560.0
2022-09-30 07:00:00,0.332,0.515,0.183,-73.3556765,40.66926687,01309225,USGS,IAN,2022,7620.0
2022-09-30 08:00:00,0.162,0.434,0.272,-73.3556765,40.66926687,01309225,USGS,IAN,2022,7680.0
2022-09-30 09:00:00,-0.008,0.323,0.331,-73.3556765,40.66926687,01309225,USGS,IAN,2022,7740.0
2022-09-30 10:00:00,-0.198,0.192,0.39,-73.3556765,40.66926687,01309225,USGS,IAN,2022,7800.0
2022-09-30 11:00:00,-0.378,0.073,0.451,-73.3556765,40.66926687,01309225,USGS,IAN,2022,7860.0
2022-09-30 12:00:00,-0.438,0.014,0.452,-73.3556765,40.66926687,01309225,USGS,IAN,2022,7920.0
2022-09-30 13:00:00,-0.168,0.067,0.235,-73.3556765,40.66926687,01309225,USGS,IAN,2022,7980.0
2022-09-30 14:00:00,0.222,0.231,0.009,-73.3556765,40.66926687,01309225,USGS,IAN,2022,8040.0
2022-09-30 15:00:00,0.532,0.4,-0.132,-73.3556765,40.66926687,01309225,USGS,IAN,2022,8100.0
2022-09-30 16:00:00,0.862,0.557,-0.3049999999999999,-73.3556765,40.66926687,01309225,USGS,IAN,2022,8160.0
2022-09-30 17:00:00,1.122,0.721,-0.4010000000000001,-73.3556765,40.66926687,01309225,USGS,IAN,2022,8220.0
2022-09-30 18:00:00,1.282,0.852,-0.43,-73.3556765,40.66926687,01309225,USGS,IAN,2022,8280.0
2022-09-30 19:00:00,1.212,0.846,-0.366,-73.3556765,40.66926687,01309225,USGS,IAN,2022,8340.0
2022-09-30 20:00:00,0.842,0.723,-0.119,-73.3556765,40.66926687,01309225,USGS,IAN,2022,8400.0
2022-09-30 21:00:00,0.722,0.623,-0.0989999999999999,-73.3556765,40.66926687,01309225,USGS,IAN,2022,8460.0
2022-09-30 22:00:00,0.462,0.507,0.0449999999999999,-73.3556765,40.66926687,01309225,USGS,IAN,2022,8520.0
2022-09-30 23:00:00,0.252,0.385,0.133,-73.3556765,40.66926687,01309225,USGS,IAN,2022,8580.0
2022-10-01 00:00:00,0.102,0.258,0.156,-73.3556765,40.66926687,01309225,USGS,IAN,2022,8640.0
2022-10-01 01:00:00,0.022,0.185,0.163,-73.3556765,40.66926687,01309225,USGS,IAN,2022,8700.0
2022-10-01 02:00:00,0.182,0.217,0.035,-73.3556765,40.66926687,01309225,USGS,IAN,2022,8760.0
2022-10-01 03:00:00,0.562,0.371,-0.191,-73.3556765,40.66926687,01309225,USGS,IAN,2022,8820.0
2022-10-01 04:00:00,0.852,0.493,-0.359,-73.3556765,40.66926687,01309225,USGS,IAN,2022,8880.0
2022-10-01 05:00:00,1.092,0.612,-0.4800000000000001,-73.3556765,40.66926687,01309225,USGS,IAN,2022,8940.0
2022-10-01 06:00:00,1.212,0.669,-0.5429999999999999,-73.3556765,40.66926687,01309225,USGS,IAN,2022,9000.0
2022-10-01 07:00:00,1.102,0.659,-0.443,-73.3556765,40.66926687,01309225,USGS,IAN,2022,9060.0
2022-10-01 08:00:00,0.762,0.535,-0.2269999999999999,-73.3556765,40.66926687,01309225,USGS,IAN,2022,9120.0
2022-10-01 09:00:00,0.542,0.471,-0.071,-73.3556765,40.66926687,01309225,USGS,IAN,2022,9180.0
2022-10-01 10:00:00,0.422,0.406,-0.0159999999999999,-73.3556765,40.66926687,01309225,USGS,IAN,2022,9240.0
2022-10-01 11:00:00,0.292,0.317,0.025,-73.3556765,40.66926687,01309225,USGS,IAN,2022,9300.0
2022-10-01 12:00:00,0.152,0.267,0.115,-73.3556765,40.66926687,01309225,USGS,IAN,2022,9360.0
2022-10-01 13:00:00,0.092,0.273,0.181,-73.3556765,40.66926687,01309225,USGS,IAN,2022,9420.0
2022-10-01 14:00:00,0.322,0.345,0.0229999999999999,-73.3556765,40.66926687,01309225,USGS,IAN,2022,9480.0
2022-10-01 15:00:00,0.842,0.432,-0.41,-73.3556765,40.66926687,01309225,USGS,IAN,2022,9540.0
2022-10-01 16:00:00,1.202,0.538,-0.6639999999999999,-73.3556765,40.66926687,01309225,USGS,IAN,2022,9600.0
2022-10-01 17:00:00,1.422,0.675,-0.7469999999999999,-73.3556765,40.66926687,01309225,USGS,IAN,2022,9660.0
2022-10-01 18:00:00,1.712,0.831,-0.881,-73.3556765,40.66926687,01309225,USGS,IAN,2022,9720.0
2022-10-01 19:00:00,1.872,0.917,-0.955,-73.3556765,40.66926687,01309225,USGS,IAN,2022,9780.0
2022-10-01 20:00:00,1.652,0.871,-0.7809999999999999,-73.3556765,40.66926687,01309225,USGS,IAN,2022,9840.0
2022-10-01 21:00:00,1.322,0.753,-0.5690000000000001,-73.3556765,40.66926687,01309225,USGS,IAN,2022,9900.0
2022-10-01 22:00:00,1.132,0.652,-0.4799999999999998,-73.3556765,40.66926687,01309225,USGS,IAN,2022,9960.0
2022-10-01 23:00:00,0.922,0.533,-0.389,-73.3556765,40.66926687,01309225,USGS,IAN,2022,10020.0
2022-09-25 01:00:00,2.019,2.027,0.008,-73.5754058,40.6276026,01310521,USGS,IAN,2022,60.0
2022-09-25 02:00:00,1.119,1.45,0.3309999999999999,-73.5754058,40.6276026,01310521,USGS,IAN,2022,120.0
2022-09-25 03:00:00,0.269,0.698,0.4289999999999999,-73.5754058,40.6276026,01310521,USGS,IAN,2022,180.0
2022-09-25 04:00:00,-0.561,-0.041,0.52,-73.5754058,40.6276026,01310521,USGS,IAN,2022,240.0
2022-09-25 05:00:00,-1.281,-0.648,0.6329999999999999,-73.5754058,40.6276026,01310521,USGS,IAN,2022,300.0
2022-09-25 06:00:00,-1.761,-1.089,0.6719999999999999,-73.5754058,40.6276026,01310521,USGS,IAN,2022,360.0
2022-09-25 07:00:00,-2.021,-1.368,0.6529999999999998,-73.5754058,40.6276026,01310521,USGS,IAN,2022,420.0
2022-09-25 08:00:00,-1.461,-1.486,-0.0249999999999999,-73.5754058,40.6276026,01310521,USGS,IAN,2022,480.0
2022-09-25 09:00:00,-0.451,-1.127,-0.6759999999999999,-73.5754058,40.6276026,01310521,USGS,IAN,2022,540.0
2022-09-25 10:00:00,0.629,-0.208,-0.837,-73.5754058,40.6276026,01310521,USGS,IAN,2022,600.0
2022-09-25 11:00:00,1.549,1.193,-0.3559999999999998,-73.5754058,40.6276026,01310521,USGS,IAN,2022,660.0
2022-09-25 12:00:00,2.009,2.086,0.0769999999999999,-73.5754058,40.6276026,01310521,USGS,IAN,2022,720.0
2022-09-25 13:00:00,1.969,2.046,0.0769999999999997,-73.5754058,40.6276026,01310521,USGS,IAN,2022,780.0
2022-09-25 14:00:00,1.349,1.671,0.322,-73.5754058,40.6276026,01310521,USGS,IAN,2022,840.0
2022-09-25 15:00:00,0.539,0.892,0.353,-73.5754058,40.6276026,01310521,USGS,IAN,2022,900.0
2022-09-25 16:00:00,-0.311,0.161,0.472,-73.5754058,40.6276026,01310521,USGS,IAN,2022,960.0
2022-09-25 17:00:00,-0.991,-0.516,0.475,-73.5754058,40.6276026,01310521,USGS,IAN,2022,1020.0
2022-09-25 18:00:00,-1.481,-0.995,0.4860000000000001,-73.5754058,40.6276026,01310521,USGS,IAN,2022,1080.0
2022-09-25 19:00:00,-1.411,-1.314,0.0969999999999999,-73.5754058,40.6276026,01310521,USGS,IAN,2022,1140.0
2022-09-25 20:00:00,-0.441,-1.486,-1.045,-73.5754058,40.6276026,01310521,USGS,IAN,2022,1200.0
2022-09-25 21:00:00,0.609,-1.275,-1.884,-73.5754058,40.6276026,01310521,USGS,IAN,2022,1260.0
2022-09-25 22:00:00,1.539,-0.512,-2.051,-73.5754058,40.6276026,01310521,USGS,IAN,2022,1320.0
2022-09-25 23:00:00,2.459,0.885,-1.574,-73.5754058,40.6276026,01310521,USGS,IAN,2022,1380.0
2022-09-26 00:00:00,3.039,2.105,-0.9340000000000002,-73.5754058,40.6276026,01310521,USGS,IAN,2022,1440.0
2022-09-26 01:00:00,3.079,2.267,-0.8120000000000003,-73.5754058,40.6276026,01310521,USGS,IAN,2022,1500.0
2022-09-26 02:00:00,2.769,1.987,-0.782,-73.5754058,40.6276026,01310521,USGS,IAN,2022,1560.0
2022-09-26 03:00:00,1.929,1.253,-0.6760000000000002,-73.5754058,40.6276026,01310521,USGS,IAN,2022,1620.0
2022-09-26 04:00:00,1.189,0.454,-0.7350000000000001,-73.5754058,40.6276026,01310521,USGS,IAN,2022,1680.0
2022-09-26 05:00:00,0.209,-0.288,-0.497,-73.5754058,40.6276026,01310521,USGS,IAN,2022,1740.0
2022-09-26 06:00:00,-0.441,-0.834,-0.3929999999999999,-73.5754058,40.6276026,01310521,USGS,IAN,2022,1800.0
2022-09-26 07:00:00,-0.841,-1.217,-0.3760000000000001,-73.5754058,40.6276026,01310521,USGS,IAN,2022,1860.0
2022-09-26 08:00:00,-0.881,-1.439,-0.558,-73.5754058,40.6276026,01310521,USGS,IAN,2022,1920.0
2022-09-26 09:00:00,0.099,-1.412,-1.511,-73.5754058,40.6276026,01310521,USGS,IAN,2022,1980.0
2022-09-26 10:00:00,1.289,-0.869,-2.158,-73.5754058,40.6276026,01310521,USGS,IAN,2022,2040.0
2022-09-26 11:00:00,2.269,0.368,-1.901,-73.5754058,40.6276026,01310521,USGS,IAN,2022,2100.0
2022-09-26 12:00:00,2.869,1.871,-0.9980000000000002,-73.5754058,40.6276026,01310521,USGS,IAN,2022,2160.0
2022-09-26 13:00:00,3.109,2.364,-0.7450000000000001,-73.5754058,40.6276026,01310521,USGS,IAN,2022,2220.0
2022-09-26 14:00:00,2.559,2.19,-0.3690000000000002,-73.5754058,40.6276026,01310521,USGS,IAN,2022,2280.0
2022-09-26 15:00:00,1.679,1.636,-0.0430000000000001,-73.5754058,40.6276026,01310521,USGS,IAN,2022,2340.0
2022-09-26 16:00:00,0.789,0.783,-0.006,-73.5754058,40.6276026,01310521,USGS,IAN,2022,2400.0
2022-09-26 17:00:00,-0.061,0.011,0.072,-73.5754058,40.6276026,01310521,USGS,IAN,2022,2460.0
2022-09-26 18:00:00,-0.711,-0.633,0.0779999999999999,-73.5754058,40.6276026,01310521,USGS,IAN,2022,2520.0
2022-09-26 19:00:00,-1.151,-1.087,0.064,-73.5754058,40.6276026,01310521,USGS,IAN,2022,2580.0
2022-09-26 20:00:00,-0.941,-1.369,-0.428,-73.5754058,40.6276026,01310521,USGS,IAN,2022,2640.0
2022-09-26 21:00:00,-0.081,-1.498,-1.417,-73.5754058,40.6276026,01310521,USGS,IAN,2022,2700.0
2022-09-26 22:00:00,0.919,-1.167,-2.0860000000000003,-73.5754058,40.6276026,01310521,USGS,IAN,2022,2760.0
2022-09-26 23:00:00,1.819,-0.199,-2.018,-73.5754058,40.6276026,01310521,USGS,IAN,2022,2820.0
2022-09-27 00:00:00,2.529,1.402,-1.127,-73.5754058,40.6276026,01310521,USGS,IAN,2022,2880.0
2022-09-27 01:00:00,2.819,2.23,-0.589,-73.5754058,40.6276026,01310521,USGS,IAN,2022,2940.0
2022-09-27 02:00:00,2.409,2.212,-0.1969999999999996,-73.5754058,40.6276026,01310521,USGS,IAN,2022,3000.0
2022-09-27 03:00:00,1.649,1.801,0.1519999999999999,-73.5754058,40.6276026,01310521,USGS,IAN,2022,3060.0
2022-09-27 04:00:00,0.799,0.968,0.1689999999999999,-73.5754058,40.6276026,01310521,USGS,IAN,2022,3120.0
2022-09-27 05:00:00,-0.011,0.18,0.191,-73.5754058,40.6276026,01310521,USGS,IAN,2022,3180.0
2022-09-27 06:00:00,-0.711,-0.52,0.1909999999999999,-73.5754058,40.6276026,01310521,USGS,IAN,2022,3240.0
2022-09-27 07:00:00,-1.251,-1.007,0.244,-73.5754058,40.6276026,01310521,USGS,IAN,2022,3300.0
2022-09-27 08:00:00,-1.241,-1.322,-0.0809999999999999,-73.5754058,40.6276026,01310521,USGS,IAN,2022,3360.0
2022-09-27 09:00:00,-0.411,-1.489,-1.078,-73.5754058,40.6276026,01310521,USGS,IAN,2022,3420.0
2022-09-27 10:00:00,0.709,-1.283,-1.992,-73.5754058,40.6276026,01310521,USGS,IAN,2022,3480.0
2022-09-27 11:00:00,1.709,-0.461,-2.17,-73.5754058,40.6276026,01310521,USGS,IAN,2022,3540.0
2022-09-27 12:00:00,2.539,1.261,-1.2780000000000002,-73.5754058,40.6276026,01310521,USGS,IAN,2022,3600.0
2022-09-27 13:00:00,3.059,2.33,-0.7290000000000001,-73.5754058,40.6276026,01310521,USGS,IAN,2022,3660.0
2022-09-27 14:00:00,3.199,2.548,-0.6509999999999998,-73.5754058,40.6276026,01310521,USGS,IAN,2022,3720.0
2022-09-27 15:00:00,2.559,2.205,-0.3540000000000001,-73.5754058,40.6276026,01310521,USGS,IAN,2022,3780.0
2022-09-27 16:00:00,1.509,1.518,0.0090000000000001,-73.5754058,40.6276026,01310521,USGS,IAN,2022,3840.0
2022-09-27 17:00:00,0.559,0.642,0.0829999999999999,-73.5754058,40.6276026,01310521,USGS,IAN,2022,3900.0
2022-09-27 18:00:00,-0.301,-0.152,0.149,-73.5754058,40.6276026,01310521,USGS,IAN,2022,3960.0
2022-09-27 19:00:00,-1.051,-0.75,0.3009999999999999,-73.5754058,40.6276026,01310521,USGS,IAN,2022,4020.0
2022-09-27 20:00:00,-1.411,-1.165,0.246,-73.5754058,40.6276026,01310521,USGS,IAN,2022,4080.0
2022-09-27 21:00:00,-1.011,-1.412,-0.401,-73.5754058,40.6276026,01310521,USGS,IAN,2022,4140.0
2022-09-27 22:00:00,-0.031,-1.46,-1.429,-73.5754058,40.6276026,01310521,USGS,IAN,2022,4200.0
2022-09-27 23:00:00,1.019,-1.006,-2.025,-73.5754058,40.6276026,01310521,USGS,IAN,2022,4260.0
2022-09-28 00:00:00,1.839,0.173,-1.666,-73.5754058,40.6276026,01310521,USGS,IAN,2022,4320.0
2022-09-28 01:00:00,2.429,1.732,-0.6969999999999998,-73.5754058,40.6276026,01310521,USGS,IAN,2022,4380.0
2022-09-28 02:00:00,2.569,2.252,-0.3170000000000001,-73.5754058,40.6276026,01310521,USGS,IAN,2022,4440.0
2022-09-28 03:00:00,2.019,2.034,0.0149999999999996,-73.5754058,40.6276026,01310521,USGS,IAN,2022,4500.0
2022-09-28 04:00:00,1.169,1.445,0.276,-73.5754058,40.6276026,01310521,USGS,IAN,2022,4560.0
2022-09-28 05:00:00,0.369,0.634,0.265,-73.5754058,40.6276026,01310521,USGS,IAN,2022,4620.0
2022-09-28 06:00:00,-0.451,-0.138,0.313,-73.5754058,40.6276026,01310521,USGS,IAN,2022,4680.0
2022-09-28 07:00:00,-1.141,-0.73,0.411,-73.5754058,40.6276026,01310521,USGS,IAN,2022,4740.0
2022-09-28 08:00:00,-1.611,-1.151,0.4599999999999999,-73.5754058,40.6276026,01310521,USGS,IAN,2022,4800.0
2022-09-28 09:00:00,-1.321,-1.404,-0.0829999999999999,-73.5754058,40.6276026,01310521,USGS,IAN,2022,4860.0
2022-09-28 10:00:00,-0.271,-1.488,-1.217,-73.5754058,40.6276026,01310521,USGS,IAN,2022,4920.0
2022-09-28 11:00:00,0.839,-1.088,-1.927,-73.5754058,40.6276026,01310521,USGS,IAN,2022,4980.0
2022-09-28 12:00:00,1.749,0.061,-1.6880000000000002,-73.5754058,40.6276026,01310521,USGS,IAN,2022,5040.0
2022-09-28 13:00:00,2.449,1.907,-0.5419999999999998,-73.5754058,40.6276026,01310521,USGS,IAN,2022,5100.0
2022-09-28 14:00:00,2.869,2.576,-0.2930000000000001,-73.5754058,40.6276026,01310521,USGS,IAN,2022,5160.0
2022-09-28 15:00:00,2.719,2.598,-0.121,-73.5754058,40.6276026,01310521,USGS,IAN,2022,5220.0
2022-09-28 16:00:00,1.839,2.097,0.258,-73.5754058,40.6276026,01310521,USGS,IAN,2022,5280.0
2022-09-28 17:00:00,0.909,1.382,0.4729999999999998,-73.5754058,40.6276026,01310521,USGS,IAN,2022,5340.0
2022-09-28 18:00:00,-0.001,0.496,0.497,-73.5754058,40.6276026,01310521,USGS,IAN,2022,5400.0
2022-09-28 19:00:00,-0.841,-0.285,0.556,-73.5754058,40.6276026,01310521,USGS,IAN,2022,5460.0
2022-09-28 20:00:00,-1.491,-0.849,0.6420000000000001,-73.5754058,40.6276026,01310521,USGS,IAN,2022,5520.0
2022-09-28 21:00:00,-1.751,-1.228,0.5229999999999999,-73.5754058,40.6276026,01310521,USGS,IAN,2022,5580.0
2022-09-28 22:00:00,-0.961,-1.443,-0.4820000000000001,-73.5754058,40.6276026,01310521,USGS,IAN,2022,5640.0
2022-09-28 23:00:00,0.019,-1.383,-1.402,-73.5754058,40.6276026,01310521,USGS,IAN,2022,5700.0
2022-09-29 00:00:00,0.929,-0.794,-1.723,-73.5754058,40.6276026,01310521,USGS,IAN,2022,5760.0
2022-09-29 01:00:00,1.659,0.458,-1.201,-73.5754058,40.6276026,01310521,USGS,IAN,2022,5820.0
2022-09-29 02:00:00,2.089,1.856,-0.2329999999999998,-73.5754058,40.6276026,01310521,USGS,IAN,2022,5880.0
2022-09-29 03:00:00,1.989,2.12,0.131,-73.5754058,40.6276026,01310521,USGS,IAN,2022,5940.0
2022-09-29 04:00:00,1.379,1.894,0.5149999999999999,-73.5754058,40.6276026,01310521,USGS,IAN,2022,6000.0
2022-09-29 05:00:00,0.569,1.13,0.5609999999999999,-73.5754058,40.6276026,01310521,USGS,IAN,2022,6060.0
2022-09-29 06:00:00,-0.221,0.346,0.567,-73.5754058,40.6276026,01310521,USGS,IAN,2022,6120.0
2022-09-29 07:00:00,-1.031,-0.378,0.6529999999999999,-73.5754058,40.6276026,01310521,USGS,IAN,2022,6180.0
2022-09-29 08:00:00,-1.681,-0.901,0.78,-73.5754058,40.6276026,01310521,USGS,IAN,2022,6240.0
2022-09-29 09:00:00,-1.931,-1.259,0.6720000000000002,-73.5754058,40.6276026,01310521,USGS,IAN,2022,6300.0
2022-09-29 10:00:00,-1.341,-1.461,-0.1200000000000001,-73.5754058,40.6276026,01310521,USGS,IAN,2022,6360.0
2022-09-29 11:00:00,-0.261,-1.369,-1.108,-73.5754058,40.6276026,01310521,USGS,IAN,2022,6420.0
2022-09-29 12:00:00,0.799,-0.73,-1.529,-73.5754058,40.6276026,01310521,USGS,IAN,2022,6480.0
2022-09-29 13:00:00,1.789,0.666,-1.1229999999999998,-73.5754058,40.6276026,01310521,USGS,IAN,2022,6540.0
2022-09-29 14:00:00,2.579,2.203,-0.3760000000000003,-73.5754058,40.6276026,01310521,USGS,IAN,2022,6600.0
2022-09-29 15:00:00,2.889,2.655,-0.2339999999999999,-73.5754058,40.6276026,01310521,USGS,IAN,2022,6660.0
2022-09-29 16:00:00,2.599,2.559,-0.04,-73.5754058,40.6276026,01310521,USGS,IAN,2022,6720.0
2022-09-29 17:00:00,1.709,2.007,0.298,-73.5754058,40.6276026,01310521,USGS,IAN,2022,6780.0
2022-09-29 18:00:00,0.779,1.273,0.4939999999999999,-73.5754058,40.6276026,01310521,USGS,IAN,2022,6840.0
2022-09-29 19:00:00,-0.121,0.417,0.538,-73.5754058,40.6276026,01310521,USGS,IAN,2022,6900.0
2022-09-29 20:00:00,-0.881,-0.345,0.536,-73.5754058,40.6276026,01310521,USGS,IAN,2022,6960.0
2022-09-29 21:00:00,-1.491,-0.891,0.6000000000000001,-73.5754058,40.6276026,01310521,USGS,IAN,2022,7020.0
2022-09-29 22:00:00,-1.441,-1.252,0.189,-73.5754058,40.6276026,01310521,USGS,IAN,2022,7080.0
2022-09-29 23:00:00,-0.671,-1.457,-0.786,-73.5754058,40.6276026,01310521,USGS,IAN,2022,7140.0
2022-09-30 00:00:00,0.249,-1.309,-1.5579999999999998,-73.5754058,40.6276026,01310521,USGS,IAN,2022,7200.0
2022-09-30 01:00:00,1.049,-0.593,-1.642,-73.5754058,40.6276026,01310521,USGS,IAN,2022,7260.0
2022-09-30 02:00:00,1.739,0.75,-0.989,-73.5754058,40.6276026,01310521,USGS,IAN,2022,7320.0
2022-09-30 03:00:00,2.119,1.923,-0.1960000000000001,-73.5754058,40.6276026,01310521,USGS,IAN,2022,7380.0
2022-09-30 04:00:00,1.979,2.01,0.0309999999999996,-73.5754058,40.6276026,01310521,USGS,IAN,2022,7440.0
2022-09-30 05:00:00,1.319,1.541,0.2219999999999999,-73.5754058,40.6276026,01310521,USGS,IAN,2022,7500.0
2022-09-30 06:00:00,0.599,0.798,0.199,-73.5754058,40.6276026,01310521,USGS,IAN,2022,7560.0
2022-09-30 07:00:00,-0.171,0.062,0.233,-73.5754058,40.6276026,01310521,USGS,IAN,2022,7620.0
2022-09-30 08:00:00,-0.971,-0.58,0.391,-73.5754058,40.6276026,01310521,USGS,IAN,2022,7680.0
2022-09-30 09:00:00,-1.471,-1.04,0.431,-73.5754058,40.6276026,01310521,USGS,IAN,2022,7740.0
2022-09-30 10:00:00,-1.301,-1.341,-0.04,-73.5754058,40.6276026,01310521,USGS,IAN,2022,7800.0
2022-09-30 11:00:00,-0.431,-1.498,-1.067,-73.5754058,40.6276026,01310521,USGS,IAN,2022,7860.0
2022-09-30 12:00:00,0.599,-1.259,-1.858,-73.5754058,40.6276026,01310521,USGS,IAN,2022,7920.0
2022-09-30 13:00:00,1.399,-0.451,-1.85,-73.5754058,40.6276026,01310521,USGS,IAN,2022,7980.0
2022-09-30 14:00:00,2.229,1.128,-1.1010000000000002,-73.5754058,40.6276026,01310521,USGS,IAN,2022,8040.0
2022-09-30 15:00:00,2.879,2.323,-0.556,-73.5754058,40.6276026,01310521,USGS,IAN,2022,8100.0
2022-09-30 16:00:00,3.199,2.677,-0.5219999999999998,-73.5754058,40.6276026,01310521,USGS,IAN,2022,8160.0
2022-09-30 17:00:00,2.789,2.434,-0.355,-73.5754058,40.6276026,01310521,USGS,IAN,2022,8220.0
2022-09-30 18:00:00,1.929,1.903,-0.026,-73.5754058,40.6276026,01310521,USGS,IAN,2022,8280.0
2022-09-30 19:00:00,0.999,1.069,0.0699999999999999,-73.5754058,40.6276026,01310521,USGS,IAN,2022,8340.0
2022-09-30 20:00:00,0.109,0.261,0.152,-73.5754058,40.6276026,01310521,USGS,IAN,2022,8400.0
2022-09-30 21:00:00,-0.631,-0.459,0.172,-73.5754058,40.6276026,01310521,USGS,IAN,2022,8460.0
2022-09-30 22:00:00,-1.061,-0.964,0.0969999999999999,-73.5754058,40.6276026,01310521,USGS,IAN,2022,8520.0
2022-09-30 23:00:00,-0.891,-1.297,-0.4059999999999999,-73.5754058,40.6276026,01310521,USGS,IAN,2022,8580.0
2022-10-01 00:00:00,-0.011,-1.473,-1.4620000000000002,-73.5754058,40.6276026,01310521,USGS,IAN,2022,8640.0
2022-10-01 01:00:00,0.739,-1.173,-1.912,-73.5754058,40.6276026,01310521,USGS,IAN,2022,8700.0
2022-10-01 02:00:00,1.459,-0.399,-1.858,-73.5754058,40.6276026,01310521,USGS,IAN,2022,8760.0
2022-10-01 03:00:00,2.099,0.787,-1.3120000000000005,-73.5754058,40.6276026,01310521,USGS,IAN,2022,8820.0
2022-10-01 04:00:00,2.479,1.845,-0.6340000000000001,-73.5754058,40.6276026,01310521,USGS,IAN,2022,8880.0
2022-10-01 05:00:00,2.379,1.981,-0.3979999999999999,-73.5754058,40.6276026,01310521,USGS,IAN,2022,8940.0
2022-10-01 06:00:00,1.819,1.531,-0.288,-73.5754058,40.6276026,01310521,USGS,IAN,2022,9000.0
2022-10-01 07:00:00,1.149,0.841,-0.308,-73.5754058,40.6276026,01310521,USGS,IAN,2022,9060.0
2022-10-01 08:00:00,0.469,0.129,-0.3399999999999999,-73.5754058,40.6276026,01310521,USGS,IAN,2022,9120.0
2022-10-01 09:00:00,-0.211,-0.536,-0.325,-73.5754058,40.6276026,01310521,USGS,IAN,2022,9180.0
2022-10-01 10:00:00,-0.581,-1.015,-0.4339999999999999,-73.5754058,40.6276026,01310521,USGS,IAN,2022,9240.0
2022-10-01 11:00:00,-0.631,-1.33,-0.6990000000000001,-73.5754058,40.6276026,01310521,USGS,IAN,2022,9300.0
2022-10-01 12:00:00,0.109,-1.447,-1.556,-73.5754058,40.6276026,01310521,USGS,IAN,2022,9360.0
2022-10-01 13:00:00,0.999,-0.987,-1.986,-73.5754058,40.6276026,01310521,USGS,IAN,2022,9420.0
2022-10-01 14:00:00,2.029,0.259,-1.77,-73.5754058,40.6276026,01310521,USGS,IAN,2022,9480.0
2022-10-01 15:00:00,2.909,1.879,-1.0299999999999998,-73.5754058,40.6276026,01310521,USGS,IAN,2022,9540.0
2022-10-01 16:00:00,3.509,2.534,-0.975,-73.5754058,40.6276026,01310521,USGS,IAN,2022,9600.0
2022-10-01 17:00:00,3.629,2.601,-1.028,-73.5754058,40.6276026,01310521,USGS,IAN,2022,9660.0
2022-10-01 18:00:00,3.119,2.226,-0.8930000000000002,-73.5754058,40.6276026,01310521,USGS,IAN,2022,9720.0
2022-10-01 19:00:00,2.389,1.552,-0.8369999999999997,-73.5754058,40.6276026,01310521,USGS,IAN,2022,9780.0
2022-10-01 20:00:00,1.529,0.745,-0.7839999999999999,-73.5754058,40.6276026,01310521,USGS,IAN,2022,9840.0
2022-10-01 21:00:00,0.719,0.028,-0.691,-73.5754058,40.6276026,01310521,USGS,IAN,2022,9900.0
2022-10-01 22:00:00,0.099,-0.59,-0.689,-73.5754058,40.6276026,01310521,USGS,IAN,2022,9960.0
2022-10-01 23:00:00,-0.231,-1.041,-0.8099999999999999,-73.5754058,40.6276026,01310521,USGS,IAN,2022,10020.0
2022-09-26 00:00:00,3.1,2.209,-0.891,-73.5837396,40.597347,01310740,USGS,IAN,2022,1440.0
2022-09-26 12:00:00,2.99,2.264,-0.7260000000000004,-73.5837396,40.597347,01310740,USGS,IAN,2022,2160.0
2022-09-26 13:00:00,3.11,2.223,-0.887,-73.5837396,40.597347,01310740,USGS,IAN,2022,2220.0
2022-09-27 00:00:00,2.58,2.179,-0.4010000000000002,-73.5837396,40.597347,01310740,USGS,IAN,2022,2880.0
2022-09-27 01:00:00,2.83,2.219,-0.6110000000000002,-73.5837396,40.597347,01310740,USGS,IAN,2022,2940.0
2022-09-27 12:00:00,2.62,2.32,-0.3000000000000002,-73.5837396,40.597347,01310740,USGS,IAN,2022,3600.0
2022-09-27 13:00:00,3.16,2.507,-0.653,-73.5837396,40.597347,01310740,USGS,IAN,2022,3660.0
2022-09-27 14:00:00,3.21,2.233,-0.977,-73.5837396,40.597347,01310740,USGS,IAN,2022,3720.0
2022-09-28 01:00:00,2.47,2.208,-0.262,-73.5837396,40.597347,01310740,USGS,IAN,2022,4380.0
2022-09-28 02:00:00,2.54,2.105,-0.435,-73.5837396,40.597347,01310740,USGS,IAN,2022,4440.0
2022-09-28 13:00:00,2.55,2.518,-0.032,-73.5837396,40.597347,01310740,USGS,IAN,2022,5100.0
2022-09-28 14:00:00,2.95,2.628,-0.322,-73.5837396,40.597347,01310740,USGS,IAN,2022,5160.0
2022-09-28 15:00:00,2.63,2.113,-0.5169999999999999,-73.5837396,40.597347,01310740,USGS,IAN,2022,5220.0
2022-09-29 14:00:00,2.71,2.545,-0.165,-73.5837396,40.597347,01310740,USGS,IAN,2022,6600.0
2022-09-29 15:00:00,2.97,2.616,-0.3540000000000001,-73.5837396,40.597347,01310740,USGS,IAN,2022,6660.0
2022-09-30 14:00:00,2.35,2.285,-0.0649999999999999,-73.5837396,40.597347,01310740,USGS,IAN,2022,8040.0
2022-09-30 15:00:00,3.03,2.56,-0.4699999999999997,-73.5837396,40.597347,01310740,USGS,IAN,2022,8100.0
2022-09-30 16:00:00,3.22,2.503,-0.7170000000000001,-73.5837396,40.597347,01310740,USGS,IAN,2022,8160.0
2022-10-01 15:00:00,3.1,2.409,-0.6910000000000003,-73.5837396,40.597347,01310740,USGS,IAN,2022,9540.0
2022-10-01 16:00:00,3.65,2.588,-1.0619999999999998,-73.5837396,40.597347,01310740,USGS,IAN,2022,9600.0
2022-10-01 17:00:00,3.74,2.277,-1.463,-73.5837396,40.597347,01310740,USGS,IAN,2022,9660.0
2022-09-25 01:00:00,1.931,1.591,-0.3400000000000001,-73.7373543001,40.59316026,01311145,USGS,IAN,2022,60.0
2022-09-25 02:00:00,0.821,0.677,-0.1439999999999999,-73.7373543001,40.59316026,01311145,USGS,IAN,2022,120.0
2022-09-25 03:00:00,-0.199,-0.35,-0.1509999999999999,-73.7373543001,40.59316026,01311145,USGS,IAN,2022,180.0
2022-09-25 04:00:00,-1.149,-1.251,-0.1019999999999998,-73.7373543001,40.59316026,01311145,USGS,IAN,2022,240.0
2022-09-25 05:00:00,-1.879,-1.942,-0.0629999999999999,-73.7373543001,40.59316026,01311145,USGS,IAN,2022,300.0
2022-09-25 06:00:00,-2.289,-2.241,0.048,-73.7373543001,40.59316026,01311145,USGS,IAN,2022,360.0
2022-09-25 07:00:00,-2.199,-1.575,0.6239999999999999,-73.7373543001,40.59316026,01311145,USGS,IAN,2022,420.0
2022-09-25 08:00:00,-1.449,-0.62,0.8290000000000001,-73.7373543001,40.59316026,01311145,USGS,IAN,2022,480.0
2022-09-25 09:00:00,-0.389,0.336,0.7250000000000001,-73.7373543001,40.59316026,01311145,USGS,IAN,2022,540.0
2022-09-25 10:00:00,0.721,1.24,0.519,-73.7373543001,40.59316026,01311145,USGS,IAN,2022,600.0
2022-09-25 11:00:00,1.651,1.894,0.2429999999999998,-73.7373543001,40.59316026,01311145,USGS,IAN,2022,660.0
2022-09-25 12:00:00,2.131,2.113,-0.0179999999999997,-73.7373543001,40.59316026,01311145,USGS,IAN,2022,720.0
2022-09-25 13:00:00,1.991,1.742,-0.2490000000000001,-73.7373543001,40.59316026,01311145,USGS,IAN,2022,780.0
2022-09-25 14:00:00,1.241,0.911,-0.33,-73.7373543001,40.59316026,01311145,USGS,IAN,2022,840.0
2022-09-25 15:00:00,0.161,-0.11,-0.271,-73.7373543001,40.59316026,01311145,USGS,IAN,2022,900.0
2022-09-25 16:00:00,-0.869,-1.059,-0.1899999999999999,-73.7373543001,40.59316026,01311145,USGS,IAN,2022,960.0
2022-09-25 17:00:00,-1.589,-1.842,-0.2530000000000001,-73.7373543001,40.59316026,01311145,USGS,IAN,2022,1020.0
2022-09-25 18:00:00,-1.899,-2.327,-0.4279999999999999,-73.7373543001,40.59316026,01311145,USGS,IAN,2022,1080.0
2022-09-25 19:00:00,-1.459,-1.839,-0.3799999999999999,-73.7373543001,40.59316026,01311145,USGS,IAN,2022,1140.0
2022-09-25 20:00:00,-0.469,-0.868,-0.399,-73.7373543001,40.59316026,01311145,USGS,IAN,2022,1200.0
2022-09-25 21:00:00,0.651,0.136,-0.515,-73.7373543001,40.59316026,01311145,USGS,IAN,2022,1260.0
2022-09-25 22:00:00,1.821,1.108,-0.7129999999999999,-73.7373543001,40.59316026,01311145,USGS,IAN,2022,1320.0
2022-09-25 23:00:00,2.761,1.965,-0.796,-73.7373543001,40.59316026,01311145,USGS,IAN,2022,1380.0
2022-09-26 00:00:00,3.251,2.246,-1.005,-73.7373543001,40.59316026,01311145,USGS,IAN,2022,1440.0
2022-09-26 01:00:00,3.231,2.069,-1.162,-73.7373543001,40.59316026,01311145,USGS,IAN,2022,1500.0
2022-09-26 02:00:00,2.801,1.232,-1.5690000000000002,-73.7373543001,40.59316026,01311145,USGS,IAN,2022,1560.0
2022-09-26 03:00:00,1.871,0.221,-1.65,-73.7373543001,40.59316026,01311145,USGS,IAN,2022,1620.0
2022-09-26 04:00:00,0.781,-0.778,-1.5590000000000002,-73.7373543001,40.59316026,01311145,USGS,IAN,2022,1680.0
2022-09-26 05:00:00,-0.239,-1.647,-1.408,-73.7373543001,40.59316026,01311145,USGS,IAN,2022,1740.0
2022-09-26 06:00:00,-1.029,-2.222,-1.193,-73.7373543001,40.59316026,01311145,USGS,IAN,2022,1800.0
2022-09-26 07:00:00,-1.209,-2.19,-0.981,-73.7373543001,40.59316026,01311145,USGS,IAN,2022,1860.0
2022-09-26 08:00:00,-0.959,-1.22,-0.261,-73.7373543001,40.59316026,01311145,USGS,IAN,2022,1920.0
2022-09-26 09:00:00,0.321,-0.203,-0.524,-73.7373543001,40.59316026,01311145,USGS,IAN,2022,1980.0
2022-09-26 10:00:00,1.351,0.835,-0.516,-73.7373543001,40.59316026,01311145,USGS,IAN,2022,2040.0
2022-09-26 11:00:00,2.501,1.783,-0.718,-73.7373543001,40.59316026,01311145,USGS,IAN,2022,2100.0
2022-09-26 12:00:00,3.081,2.308,-0.7730000000000001,-73.7373543001,40.59316026,01311145,USGS,IAN,2022,2160.0
2022-09-26 13:00:00,3.151,2.284,-0.867,-73.7373543001,40.59316026,01311145,USGS,IAN,2022,2220.0
2022-09-26 14:00:00,2.491,1.708,-0.7830000000000001,-73.7373543001,40.59316026,01311145,USGS,IAN,2022,2280.0
2022-09-26 15:00:00,1.551,0.729,-0.822,-73.7373543001,40.59316026,01311145,USGS,IAN,2022,2340.0
2022-09-26 16:00:00,0.351,-0.394,-0.745,-73.7373543001,40.59316026,01311145,USGS,IAN,2022,2400.0
2022-09-26 17:00:00,-0.569,-1.379,-0.81,-73.7373543001,40.59316026,01311145,USGS,IAN,2022,2460.0
2022-09-26 18:00:00,-1.339,-2.129,-0.79,-73.7373543001,40.59316026,01311145,USGS,IAN,2022,2520.0
2022-09-26 19:00:00,-1.649,-2.449,-0.7999999999999998,-73.7373543001,40.59316026,01311145,USGS,IAN,2022,2580.0
2022-09-26 20:00:00,-1.049,-1.706,-0.657,-73.7373543001,40.59316026,01311145,USGS,IAN,2022,2640.0
2022-09-26 21:00:00,-0.119,-0.612,-0.493,-73.7373543001,40.59316026,01311145,USGS,IAN,2022,2700.0
2022-09-26 22:00:00,0.921,0.439,-0.482,-73.7373543001,40.59316026,01311145,USGS,IAN,2022,2760.0
2022-09-26 23:00:00,1.981,1.428,-0.5530000000000002,-73.7373543001,40.59316026,01311145,USGS,IAN,2022,2820.0
2022-09-27 00:00:00,2.691,2.122,-0.569,-73.7373543001,40.59316026,01311145,USGS,IAN,2022,2880.0
2022-09-27 01:00:00,2.901,2.287,-0.6139999999999999,-73.7373543001,40.59316026,01311145,USGS,IAN,2022,2940.0
2022-09-27 02:00:00,2.411,1.846,-0.565,-73.7373543001,40.59316026,01311145,USGS,IAN,2022,3000.0
2022-09-27 03:00:00,1.451,0.954,-0.4970000000000001,-73.7373543001,40.59316026,01311145,USGS,IAN,2022,3060.0
2022-09-27 04:00:00,0.411,-0.185,-0.596,-73.7373543001,40.59316026,01311145,USGS,IAN,2022,3120.0
2022-09-27 05:00:00,-0.509,-1.193,-0.684,-73.7373543001,40.59316026,01311145,USGS,IAN,2022,3180.0
2022-09-27 06:00:00,-1.309,-2.023,-0.7140000000000002,-73.7373543001,40.59316026,01311145,USGS,IAN,2022,3240.0
2022-09-27 07:00:00,-1.699,-2.523,-0.8240000000000001,-73.7373543001,40.59316026,01311145,USGS,IAN,2022,3300.0
2022-09-27 08:00:00,-1.299,-1.955,-0.6560000000000001,-73.7373543001,40.59316026,01311145,USGS,IAN,2022,3360.0
2022-09-27 09:00:00,-0.379,-0.838,-0.4589999999999999,-73.7373543001,40.59316026,01311145,USGS,IAN,2022,3420.0
2022-09-27 10:00:00,0.741,0.282,-0.459,-73.7373543001,40.59316026,01311145,USGS,IAN,2022,3480.0
2022-09-27 11:00:00,1.831,1.361,-0.47,-73.7373543001,40.59316026,01311145,USGS,IAN,2022,3540.0
2022-09-27 12:00:00,2.771,2.208,-0.5629999999999997,-73.7373543001,40.59316026,01311145,USGS,IAN,2022,3600.0
2022-09-27 13:00:00,3.261,2.514,-0.7470000000000003,-73.7373543001,40.59316026,01311145,USGS,IAN,2022,3660.0
2022-09-27 14:00:00,3.291,2.384,-0.907,-73.7373543001,40.59316026,01311145,USGS,IAN,2022,3720.0
2022-09-27 15:00:00,2.371,1.569,-0.802,-73.7373543001,40.59316026,01311145,USGS,IAN,2022,3780.0
2022-09-27 16:00:00,1.271,0.471,-0.7999999999999999,-73.7373543001,40.59316026,01311145,USGS,IAN,2022,3840.0
2022-09-27 17:00:00,0.071,-0.684,-0.755,-73.7373543001,40.59316026,01311145,USGS,IAN,2022,3900.0
2022-09-27 18:00:00,-0.909,-1.665,-0.756,-73.7373543001,40.59316026,01311145,USGS,IAN,2022,3960.0
2022-09-27 19:00:00,-1.579,-2.32,-0.7409999999999999,-73.7373543001,40.59316026,01311145,USGS,IAN,2022,4020.0
2022-09-27 20:00:00,-1.709,-2.414,-0.7050000000000001,-73.7373543001,40.59316026,01311145,USGS,IAN,2022,4080.0
2022-09-27 21:00:00,-1.009,-1.433,-0.4240000000000001,-73.7373543001,40.59316026,01311145,USGS,IAN,2022,4140.0
2022-09-27 22:00:00,0.011,-0.358,-0.369,-73.7373543001,40.59316026,01311145,USGS,IAN,2022,4200.0
2022-09-27 23:00:00,1.001,0.695,-0.3059999999999999,-73.7373543001,40.59316026,01311145,USGS,IAN,2022,4260.0
2022-09-28 00:00:00,1.991,1.658,-0.3330000000000002,-73.7373543001,40.59316026,01311145,USGS,IAN,2022,4320.0
2022-09-28 01:00:00,2.601,2.159,-0.4420000000000001,-73.7373543001,40.59316026,01311145,USGS,IAN,2022,4380.0
2022-09-28 02:00:00,2.651,2.173,-0.4779999999999997,-73.7373543001,40.59316026,01311145,USGS,IAN,2022,4440.0
2022-09-28 03:00:00,1.921,1.53,-0.391,-73.7373543001,40.59316026,01311145,USGS,IAN,2022,4500.0
2022-09-28 04:00:00,0.941,0.518,-0.4229999999999999,-73.7373543001,40.59316026,01311145,USGS,IAN,2022,4560.0
2022-09-28 05:00:00,-0.069,-0.584,-0.5149999999999999,-73.7373543001,40.59316026,01311145,USGS,IAN,2022,4620.0
2022-09-28 06:00:00,-1.069,-1.54,-0.4710000000000001,-73.7373543001,40.59316026,01311145,USGS,IAN,2022,4680.0
2022-09-28 07:00:00,-1.809,-2.243,-0.4339999999999999,-73.7373543001,40.59316026,01311145,USGS,IAN,2022,4740.0
2022-09-28 08:00:00,-2.039,-2.444,-0.4049999999999998,-73.7373543001,40.59316026,01311145,USGS,IAN,2022,4800.0
2022-09-28 09:00:00,-1.369,-1.591,-0.2219999999999999,-73.7373543001,40.59316026,01311145,USGS,IAN,2022,4860.0
2022-09-28 10:00:00,-0.269,-0.429,-0.1599999999999999,-73.7373543001,40.59316026,01311145,USGS,IAN,2022,4920.0
2022-09-28 11:00:00,0.851,0.688,-0.163,-73.7373543001,40.59316026,01311145,USGS,IAN,2022,4980.0
2022-09-28 12:00:00,1.921,1.775,-0.1460000000000001,-73.7373543001,40.59316026,01311145,USGS,IAN,2022,5040.0
2022-09-28 13:00:00,2.691,2.507,-0.1839999999999997,-73.7373543001,40.59316026,01311145,USGS,IAN,2022,5100.0
2022-09-28 14:00:00,3.021,2.675,-0.3460000000000001,-73.7373543001,40.59316026,01311145,USGS,IAN,2022,5160.0
2022-09-28 15:00:00,2.681,2.317,-0.3639999999999999,-73.7373543001,40.59316026,01311145,USGS,IAN,2022,5220.0
2022-09-28 16:00:00,1.681,1.384,-0.2970000000000001,-73.7373543001,40.59316026,01311145,USGS,IAN,2022,5280.0
2022-09-28 17:00:00,0.511,0.184,-0.327,-73.7373543001,40.59316026,01311145,USGS,IAN,2022,5340.0
2022-09-28 18:00:00,-0.579,-0.942,-0.363,-73.7373543001,40.59316026,01311145,USGS,IAN,2022,5400.0
2022-09-28 19:00:00,-1.549,-1.87,-0.3210000000000002,-73.7373543001,40.59316026,01311145,USGS,IAN,2022,5460.0
2022-09-28 20:00:00,-2.049,-2.523,-0.4740000000000002,-73.7373543001,40.59316026,01311145,USGS,IAN,2022,5520.0
2022-09-28 21:00:00,-1.879,-2.2,-0.3210000000000002,-73.7373543001,40.59316026,01311145,USGS,IAN,2022,5580.0
2022-09-28 22:00:00,-0.939,-1.112,-0.1730000000000001,-73.7373543001,40.59316026,01311145,USGS,IAN,2022,5640.0
2022-09-28 23:00:00,0.051,-0.139,-0.19,-73.7373543001,40.59316026,01311145,USGS,IAN,2022,5700.0
2022-09-29 00:00:00,1.041,0.87,-0.1709999999999999,-73.7373543001,40.59316026,01311145,USGS,IAN,2022,5760.0
2022-09-29 01:00:00,1.881,1.754,-0.127,-73.7373543001,40.59316026,01311145,USGS,IAN,2022,5820.0
2022-09-29 02:00:00,2.231,2.124,-0.1069999999999997,-73.7373543001,40.59316026,01311145,USGS,IAN,2022,5880.0
2022-09-29 03:00:00,2.071,1.942,-0.1290000000000002,-73.7373543001,40.59316026,01311145,USGS,IAN,2022,5940.0
2022-09-29 04:00:00,1.201,1.153,-0.048,-73.7373543001,40.59316026,01311145,USGS,IAN,2022,6000.0
2022-09-29 05:00:00,0.331,0.14,-0.191,-73.7373543001,40.59316026,01311145,USGS,IAN,2022,6060.0
2022-09-29 06:00:00,-0.659,-0.919,-0.26,-73.7373543001,40.59316026,01311145,USGS,IAN,2022,6120.0
2022-09-29 07:00:00,-1.549,-1.777,-0.2279999999999999,-73.7373543001,40.59316026,01311145,USGS,IAN,2022,6180.0
2022-09-29 08:00:00,-2.129,-2.377,-0.2479999999999997,-73.7373543001,40.59316026,01311145,USGS,IAN,2022,6240.0
2022-09-29 09:00:00,-2.039,-2.127,-0.0879999999999996,-73.7373543001,40.59316026,01311145,USGS,IAN,2022,6300.0
2022-09-29 10:00:00,-1.189,-1.075,0.1140000000000001,-73.7373543001,40.59316026,01311145,USGS,IAN,2022,6360.0
2022-09-29 11:00:00,-0.109,-0.015,0.094,-73.7373543001,40.59316026,01311145,USGS,IAN,2022,6420.0
2022-09-29 12:00:00,1.041,1.041,0.0,-73.7373543001,40.59316026,01311145,USGS,IAN,2022,6480.0
2022-09-29 13:00:00,2.081,2.053,-0.028,-73.7373543001,40.59316026,01311145,USGS,IAN,2022,6540.0
2022-09-29 14:00:00,2.891,2.546,-0.3450000000000002,-73.7373543001,40.59316026,01311145,USGS,IAN,2022,6600.0
2022-09-29 15:00:00,3.131,2.704,-0.4269999999999996,-73.7373543001,40.59316026,01311145,USGS,IAN,2022,6660.0
2022-09-29 16:00:00,2.631,2.229,-0.4019999999999997,-73.7373543001,40.59316026,01311145,USGS,IAN,2022,6720.0
2022-09-29 17:00:00,1.531,1.25,-0.2809999999999999,-73.7373543001,40.59316026,01311145,USGS,IAN,2022,6780.0
2022-09-29 18:00:00,0.431,0.126,-0.305,-73.7373543001,40.59316026,01311145,USGS,IAN,2022,6840.0
2022-09-29 19:00:00,-0.619,-1.018,-0.399,-73.7373543001,40.59316026,01311145,USGS,IAN,2022,6900.0
2022-09-29 20:00:00,-1.499,-1.929,-0.4299999999999999,-73.7373543001,40.59316026,01311145,USGS,IAN,2022,6960.0
2022-09-29 21:00:00,-1.819,-2.513,-0.694,-73.7373543001,40.59316026,01311145,USGS,IAN,2022,7020.0
2022-09-29 22:00:00,-1.339,-2.026,-0.6869999999999998,-73.7373543001,40.59316026,01311145,USGS,IAN,2022,7080.0
2022-09-29 23:00:00,-0.609,-0.94,-0.3309999999999999,-73.7373543001,40.59316026,01311145,USGS,IAN,2022,7140.0
2022-09-30 00:00:00,0.381,0.071,-0.31,-73.7373543001,40.59316026,01311145,USGS,IAN,2022,7200.0
2022-09-30 01:00:00,1.291,1.073,-0.2179999999999999,-73.7373543001,40.59316026,01311145,USGS,IAN,2022,7260.0
2022-09-30 02:00:00,1.951,1.861,-0.09,-73.7373543001,40.59316026,01311145,USGS,IAN,2022,7320.0
2022-09-30 03:00:00,2.271,2.029,-0.242,-73.7373543001,40.59316026,01311145,USGS,IAN,2022,7380.0
2022-09-30 04:00:00,2.011,1.636,-0.3750000000000002,-73.7373543001,40.59316026,01311145,USGS,IAN,2022,7440.0
2022-09-30 05:00:00,1.221,0.81,-0.411,-73.7373543001,40.59316026,01311145,USGS,IAN,2022,7500.0
2022-09-30 06:00:00,0.401,-0.215,-0.616,-73.7373543001,40.59316026,01311145,USGS,IAN,2022,7560.0
2022-09-30 07:00:00,-0.589,-1.144,-0.5549999999999999,-73.7373543001,40.59316026,01311145,USGS,IAN,2022,7620.0
2022-09-30 08:00:00,-1.379,-1.894,-0.5149999999999999,-73.7373543001,40.59316026,01311145,USGS,IAN,2022,7680.0
2022-09-30 09:00:00,-1.619,-2.307,-0.688,-73.7373543001,40.59316026,01311145,USGS,IAN,2022,7740.0
2022-09-30 10:00:00,-1.169,-1.805,-0.6359999999999999,-73.7373543001,40.59316026,01311145,USGS,IAN,2022,7800.0
2022-09-30 11:00:00,-0.199,-0.805,-0.6060000000000001,-73.7373543001,40.59316026,01311145,USGS,IAN,2022,7860.0
2022-09-30 12:00:00,0.761,0.214,-0.547,-73.7373543001,40.59316026,01311145,USGS,IAN,2022,7920.0
2022-09-30 13:00:00,1.721,1.228,-0.4930000000000001,-73.7373543001,40.59316026,01311145,USGS,IAN,2022,7980.0
2022-09-30 14:00:00,2.561,2.149,-0.4119999999999999,-73.7373543001,40.59316026,01311145,USGS,IAN,2022,8040.0
2022-09-30 15:00:00,3.201,2.558,-0.6430000000000002,-73.7373543001,40.59316026,01311145,USGS,IAN,2022,8100.0
2022-09-30 16:00:00,3.351,2.632,-0.7189999999999999,-73.7373543001,40.59316026,01311145,USGS,IAN,2022,8160.0
2022-09-30 17:00:00,2.791,1.996,-0.7949999999999999,-73.7373543001,40.59316026,01311145,USGS,IAN,2022,8220.0
2022-09-30 18:00:00,1.771,1.02,-0.7509999999999999,-73.7373543001,40.59316026,01311145,USGS,IAN,2022,8280.0
2022-09-30 19:00:00,0.661,-0.07,-0.7310000000000001,-73.7373543001,40.59316026,01311145,USGS,IAN,2022,8340.0
2022-09-30 20:00:00,-0.309,-1.08,-0.7710000000000001,-73.7373543001,40.59316026,01311145,USGS,IAN,2022,8400.0
2022-09-30 21:00:00,-0.939,-1.854,-0.915,-73.7373543001,40.59316026,01311145,USGS,IAN,2022,8460.0
2022-09-30 22:00:00,-1.329,-2.277,-0.9480000000000002,-73.7373543001,40.59316026,01311145,USGS,IAN,2022,8520.0
2022-09-30 23:00:00,-0.639,-1.656,-1.017,-73.7373543001,40.59316026,01311145,USGS,IAN,2022,8580.0
2022-10-01 00:00:00,0.001,-0.76,-0.761,-73.7373543001,40.59316026,01311145,USGS,IAN,2022,8640.0
2022-10-01 01:00:00,0.871,0.093,-0.778,-73.7373543001,40.59316026,01311145,USGS,IAN,2022,8700.0
2022-10-01 02:00:00,1.841,0.982,-0.859,-73.7373543001,40.59316026,01311145,USGS,IAN,2022,8760.0
2022-10-01 03:00:00,2.311,1.716,-0.595,-73.7373543001,40.59316026,01311145,USGS,IAN,2022,8820.0
2022-10-01 04:00:00,2.651,1.968,-0.6829999999999998,-73.7373543001,40.59316026,01311145,USGS,IAN,2022,8880.0
2022-10-01 05:00:00,2.461,1.676,-0.7849999999999999,-73.7373543001,40.59316026,01311145,USGS,IAN,2022,8940.0
2022-10-01 06:00:00,1.851,0.902,-0.949,-73.7373543001,40.59316026,01311145,USGS,IAN,2022,9000.0
2022-10-01 07:00:00,0.911,-0.109,-1.02,-73.7373543001,40.59316026,01311145,USGS,IAN,2022,9060.0
2022-10-01 08:00:00,0.071,-1.107,-1.178,-73.7373543001,40.59316026,01311145,USGS,IAN,2022,9120.0
2022-10-01 09:00:00,-0.509,-1.911,-1.402,-73.7373543001,40.59316026,01311145,USGS,IAN,2022,9180.0
2022-10-01 10:00:00,-0.889,-2.233,-1.344,-73.7373543001,40.59316026,01311145,USGS,IAN,2022,9240.0
2022-10-01 11:00:00,-0.409,-1.44,-1.031,-73.7373543001,40.59316026,01311145,USGS,IAN,2022,9300.0
2022-10-01 12:00:00,0.181,-0.245,-0.426,-73.7373543001,40.59316026,01311145,USGS,IAN,2022,9360.0
2022-10-01 13:00:00,1.401,0.866,-0.535,-73.7373543001,40.59316026,01311145,USGS,IAN,2022,9420.0
2022-10-01 14:00:00,2.441,1.783,-0.6579999999999999,-73.7373543001,40.59316026,01311145,USGS,IAN,2022,9480.0
2022-10-01 15:00:00,3.221,2.418,-0.8029999999999999,-73.7373543001,40.59316026,01311145,USGS,IAN,2022,9540.0
2022-10-01 16:00:00,3.811,2.637,-1.174,-73.7373543001,40.59316026,01311145,USGS,IAN,2022,9600.0
2022-10-01 17:00:00,3.951,2.407,-1.544,-73.7373543001,40.59316026,01311145,USGS,IAN,2022,9660.0
2022-10-01 18:00:00,3.331,1.673,-1.658,-73.7373543001,40.59316026,01311145,USGS,IAN,2022,9720.0
2022-10-01 19:00:00,2.171,0.741,-1.4299999999999995,-73.7373543001,40.59316026,01311145,USGS,IAN,2022,9780.0
2022-10-01 20:00:00,1.311,-0.211,-1.522,-73.7373543001,40.59316026,01311145,USGS,IAN,2022,9840.0
2022-10-01 21:00:00,0.351,-1.081,-1.432,-73.7373543001,40.59316026,01311145,USGS,IAN,2022,9900.0
2022-10-01 22:00:00,-0.129,-1.744,-1.615,-73.7373543001,40.59316026,01311145,USGS,IAN,2022,9960.0
2022-10-01 23:00:00,-0.439,-2.015,-1.576,-73.7373543001,40.59316026,01311145,USGS,IAN,2022,10020.0
2022-09-25 01:00:00,2.474,2.095,-0.379,-73.885136,40.57371636,01311875,USGS,IAN,2022,60.0
2022-09-25 02:00:00,1.094,0.97,-0.1240000000000001,-73.885136,40.57371636,01311875,USGS,IAN,2022,120.0
2022-09-25 03:00:00,-0.176,-0.302,-0.126,-73.885136,40.57371636,01311875,USGS,IAN,2022,180.0
2022-09-25 04:00:00,-1.206,-1.364,-0.1580000000000001,-73.885136,40.57371636,01311875,USGS,IAN,2022,240.0
2022-09-25 05:00:00,-2.086,-2.156,-0.0700000000000002,-73.885136,40.57371636,01311875,USGS,IAN,2022,300.0
2022-09-25 06:00:00,-2.616,-2.532,0.084,-73.885136,40.57371636,01311875,USGS,IAN,2022,360.0
2022-09-25 07:00:00,-2.696,-2.189,0.5070000000000001,-73.885136,40.57371636,01311875,USGS,IAN,2022,420.0
2022-09-25 08:00:00,-1.976,-1.166,0.81,-73.885136,40.57371636,01311875,USGS,IAN,2022,480.0
2022-09-25 09:00:00,-0.706,0.1,0.8059999999999999,-73.885136,40.57371636,01311875,USGS,IAN,2022,540.0
2022-09-25 10:00:00,0.734,1.209,0.4750000000000001,-73.885136,40.57371636,01311875,USGS,IAN,2022,600.0
2022-09-25 11:00:00,2.004,2.067,0.0630000000000001,-73.885136,40.57371636,01311875,USGS,IAN,2022,660.0
2022-09-25 12:00:00,2.764,2.54,-0.2239999999999997,-73.885136,40.57371636,01311875,USGS,IAN,2022,720.0
2022-09-25 13:00:00,2.644,2.295,-0.3490000000000002,-73.885136,40.57371636,01311875,USGS,IAN,2022,780.0
2022-09-25 14:00:00,1.674,1.324,-0.3499999999999998,-73.885136,40.57371636,01311875,USGS,IAN,2022,840.0
2022-09-25 15:00:00,0.374,0.09,-0.284,-73.885136,40.57371636,01311875,USGS,IAN,2022,900.0
2022-09-25 16:00:00,-0.836,-1.13,-0.2939999999999999,-73.885136,40.57371636,01311875,USGS,IAN,2022,960.0
2022-09-25 17:00:00,-1.796,-2.035,-0.2390000000000001,-73.885136,40.57371636,01311875,USGS,IAN,2022,1020.0
2022-09-25 18:00:00,-2.406,-2.52,-0.1139999999999998,-73.885136,40.57371636,01311875,USGS,IAN,2022,1080.0
2022-09-25 19:00:00,-2.236,-2.384,-0.1479999999999997,-73.885136,40.57371636,01311875,USGS,IAN,2022,1140.0
2022-09-25 20:00:00,-1.136,-1.508,-0.3720000000000001,-73.885136,40.57371636,01311875,USGS,IAN,2022,1200.0
2022-09-25 21:00:00,0.434,-0.199,-0.633,-73.885136,40.57371636,01311875,USGS,IAN,2022,1260.0
2022-09-25 22:00:00,1.944,1.032,-0.912,-73.885136,40.57371636,01311875,USGS,IAN,2022,1320.0
2022-09-25 23:00:00,3.184,2.005,-1.1790000000000005,-73.885136,40.57371636,01311875,USGS,IAN,2022,1380.0
2022-09-26 00:00:00,3.864,2.659,-1.205,-73.885136,40.57371636,01311875,USGS,IAN,2022,1440.0
2022-09-26 01:00:00,3.724,2.644,-1.08,-73.885136,40.57371636,01311875,USGS,IAN,2022,1500.0
2022-09-26 02:00:00,3.004,1.779,-1.225,-73.885136,40.57371636,01311875,USGS,IAN,2022,1560.0
2022-09-26 03:00:00,1.934,0.531,-1.403,-73.885136,40.57371636,01311875,USGS,IAN,2022,1620.0
2022-09-26 04:00:00,0.934,-0.802,-1.7360000000000002,-73.885136,40.57371636,01311875,USGS,IAN,2022,1680.0
2022-09-26 05:00:00,-0.326,-1.809,-1.483,-73.885136,40.57371636,01311875,USGS,IAN,2022,1740.0
2022-09-26 06:00:00,-1.236,-2.513,-1.277,-73.885136,40.57371636,01311875,USGS,IAN,2022,1800.0
2022-09-26 07:00:00,-1.756,-2.645,-0.889,-73.885136,40.57371636,01311875,USGS,IAN,2022,1860.0
2022-09-26 08:00:00,-1.616,-1.971,-0.355,-73.885136,40.57371636,01311875,USGS,IAN,2022,1920.0
2022-09-26 09:00:00,-0.456,-0.671,-0.215,-73.885136,40.57371636,01311875,USGS,IAN,2022,1980.0
2022-09-26 10:00:00,1.214,0.662,-0.5519999999999999,-73.885136,40.57371636,01311875,USGS,IAN,2022,2040.0
2022-09-26 11:00:00,2.754,1.76,-0.994,-73.885136,40.57371636,01311875,USGS,IAN,2022,2100.0
2022-09-26 12:00:00,3.764,2.593,-1.1709999999999998,-73.885136,40.57371636,01311875,USGS,IAN,2022,2160.0
2022-09-26 13:00:00,3.854,2.88,-0.9740000000000002,-73.885136,40.57371636,01311875,USGS,IAN,2022,2220.0
2022-09-26 14:00:00,2.974,2.263,-0.7110000000000003,-73.885136,40.57371636,01311875,USGS,IAN,2022,2280.0
2022-09-26 15:00:00,1.614,1.051,-0.5630000000000002,-73.885136,40.57371636,01311875,USGS,IAN,2022,2340.0
2022-09-26 16:00:00,0.334,-0.339,-0.673,-73.885136,40.57371636,01311875,USGS,IAN,2022,2400.0
2022-09-26 17:00:00,-0.766,-1.499,-0.7330000000000001,-73.885136,40.57371636,01311875,USGS,IAN,2022,2460.0
2022-09-26 18:00:00,-1.596,-2.344,-0.7479999999999998,-73.885136,40.57371636,01311875,USGS,IAN,2022,2520.0
2022-09-26 19:00:00,-2.126,-2.78,-0.6539999999999999,-73.885136,40.57371636,01311875,USGS,IAN,2022,2580.0
2022-09-26 21:00:00,-0.696,-1.237,-0.5410000000000001,-73.885136,40.57371636,01311875,USGS,IAN,2022,2700.0
2022-09-26 22:00:00,0.764,0.138,-0.626,-73.885136,40.57371636,01311875,USGS,IAN,2022,2760.0
2022-09-26 23:00:00,2.124,1.343,-0.7810000000000001,-73.885136,40.57371636,01311875,USGS,IAN,2022,2820.0
2022-09-27 00:00:00,3.164,2.313,-0.851,-73.885136,40.57371636,01311875,USGS,IAN,2022,2880.0
2022-09-27 01:00:00,3.494,2.798,-0.6960000000000002,-73.885136,40.57371636,01311875,USGS,IAN,2022,2940.0
2022-09-27 02:00:00,2.904,2.46,-0.4439999999999999,-73.885136,40.57371636,01311875,USGS,IAN,2022,3000.0
2022-09-27 03:00:00,1.744,1.351,-0.393,-73.885136,40.57371636,01311875,USGS,IAN,2022,3060.0
2022-09-27 04:00:00,0.524,0.022,-0.502,-73.885136,40.57371636,01311875,USGS,IAN,2022,3120.0
2022-09-27 05:00:00,-0.566,-1.274,-0.7080000000000001,-73.885136,40.57371636,01311875,USGS,IAN,2022,3180.0
2022-09-27 06:00:00,-1.456,-2.244,-0.7880000000000003,-73.885136,40.57371636,01311875,USGS,IAN,2022,3240.0
2022-09-27 07:00:00,-2.146,-2.765,-0.6190000000000002,-73.885136,40.57371636,01311875,USGS,IAN,2022,3300.0
2022-09-27 08:00:00,-2.006,-2.582,-0.5760000000000001,-73.885136,40.57371636,01311875,USGS,IAN,2022,3360.0
2022-09-27 09:00:00,-1.066,-1.567,-0.5009999999999999,-73.885136,40.57371636,01311875,USGS,IAN,2022,3420.0
2022-09-27 10:00:00,0.464,-0.118,-0.5820000000000001,-73.885136,40.57371636,01311875,USGS,IAN,2022,3480.0
2022-09-27 11:00:00,1.954,1.203,-0.7509999999999999,-73.885136,40.57371636,01311875,USGS,IAN,2022,3540.0
2022-09-27 12:00:00,3.214,2.315,-0.899,-73.885136,40.57371636,01311875,USGS,IAN,2022,3600.0
2022-09-27 13:00:00,3.804,3.029,-0.7749999999999999,-73.885136,40.57371636,01311875,USGS,IAN,2022,3660.0
2022-09-27 14:00:00,3.824,2.999,-0.8249999999999997,-73.885136,40.57371636,01311875,USGS,IAN,2022,3720.0
2022-09-27 15:00:00,2.944,2.065,-0.879,-73.885136,40.57371636,01311875,USGS,IAN,2022,3780.0
2022-09-27 16:00:00,1.524,0.699,-0.8250000000000001,-73.885136,40.57371636,01311875,USGS,IAN,2022,3840.0
2022-09-27 17:00:00,0.114,-0.727,-0.841,-73.885136,40.57371636,01311875,USGS,IAN,2022,3900.0
2022-09-27 18:00:00,-1.096,-1.835,-0.7389999999999999,-73.885136,40.57371636,01311875,USGS,IAN,2022,3960.0
2022-09-27 19:00:00,-1.956,-2.655,-0.6989999999999998,-73.885136,40.57371636,01311875,USGS,IAN,2022,4020.0
2022-09-27 20:00:00,-2.276,-2.845,-0.5690000000000004,-73.885136,40.57371636,01311875,USGS,IAN,2022,4080.0
2022-09-27 21:00:00,-1.726,-2.185,-0.4590000000000001,-73.885136,40.57371636,01311875,USGS,IAN,2022,4140.0
2022-09-27 22:00:00,-0.466,-0.884,-0.418,-73.885136,40.57371636,01311875,USGS,IAN,2022,4200.0
2022-09-27 23:00:00,0.974,0.468,-0.506,-73.885136,40.57371636,01311875,USGS,IAN,2022,4260.0
2022-09-28 00:00:00,2.264,1.613,-0.6509999999999998,-73.885136,40.57371636,01311875,USGS,IAN,2022,4320.0
2022-09-28 01:00:00,3.054,2.467,-0.5869999999999997,-73.885136,40.57371636,01311875,USGS,IAN,2022,4380.0
2022-09-28 02:00:00,3.144,2.755,-0.3890000000000002,-73.885136,40.57371636,01311875,USGS,IAN,2022,4440.0
2022-09-28 03:00:00,2.434,2.127,-0.3070000000000004,-73.885136,40.57371636,01311875,USGS,IAN,2022,4500.0
2022-09-28 04:00:00,1.144,0.856,-0.2879999999999999,-73.885136,40.57371636,01311875,USGS,IAN,2022,4560.0
2022-09-28 05:00:00,-0.076,-0.543,-0.467,-73.885136,40.57371636,01311875,USGS,IAN,2022,4620.0
2022-09-28 06:00:00,-1.146,-1.67,-0.524,-73.885136,40.57371636,01311875,USGS,IAN,2022,4680.0
2022-09-28 07:00:00,-2.026,-2.521,-0.4950000000000001,-73.885136,40.57371636,01311875,USGS,IAN,2022,4740.0
2022-09-28 08:00:00,-2.586,-2.817,-0.2310000000000003,-73.885136,40.57371636,01311875,USGS,IAN,2022,4800.0
2022-09-28 09:00:00,-2.196,-2.309,-0.1129999999999999,-73.885136,40.57371636,01311875,USGS,IAN,2022,4860.0
2022-09-28 10:00:00,-0.866,-1.062,-0.196,-73.885136,40.57371636,01311875,USGS,IAN,2022,4920.0
2022-09-28 11:00:00,0.644,0.388,-0.256,-73.885136,40.57371636,01311875,USGS,IAN,2022,4980.0
2022-09-28 12:00:00,2.094,1.643,-0.4509999999999998,-73.885136,40.57371636,01311875,USGS,IAN,2022,5040.0
2022-09-28 13:00:00,3.104,2.696,-0.4079999999999999,-73.885136,40.57371636,01311875,USGS,IAN,2022,5100.0
2022-09-28 14:00:00,3.474,3.287,-0.1870000000000002,-73.885136,40.57371636,01311875,USGS,IAN,2022,5160.0
2022-09-28 15:00:00,3.204,2.975,-0.2290000000000001,-73.885136,40.57371636,01311875,USGS,IAN,2022,5220.0
2022-09-28 16:00:00,2.094,1.822,-0.2719999999999998,-73.885136,40.57371636,01311875,USGS,IAN,2022,5280.0
2022-09-28 17:00:00,0.754,0.378,-0.376,-73.885136,40.57371636,01311875,USGS,IAN,2022,5340.0
2022-09-28 18:00:00,-0.576,-1.014,-0.438,-73.885136,40.57371636,01311875,USGS,IAN,2022,5400.0
2022-09-28 19:00:00,-1.696,-2.103,-0.4070000000000002,-73.885136,40.57371636,01311875,USGS,IAN,2022,5460.0
2022-09-28 20:00:00,-2.496,-2.765,-0.2690000000000001,-73.885136,40.57371636,01311875,USGS,IAN,2022,5520.0
2022-09-28 21:00:00,-2.596,-2.753,-0.157,-73.885136,40.57371636,01311875,USGS,IAN,2022,5580.0
2022-09-28 22:00:00,-1.596,-1.898,-0.3019999999999998,-73.885136,40.57371636,01311875,USGS,IAN,2022,5640.0
2022-09-28 23:00:00,-0.276,-0.536,-0.26,-73.885136,40.57371636,01311875,USGS,IAN,2022,5700.0
2022-09-29 00:00:00,1.134,0.744,-0.3899999999999999,-73.885136,40.57371636,01311875,USGS,IAN,2022,5760.0
2022-09-29 01:00:00,2.174,1.78,-0.3939999999999999,-73.885136,40.57371636,01311875,USGS,IAN,2022,5820.0
2022-09-29 02:00:00,2.664,2.49,-0.1739999999999999,-73.885136,40.57371636,01311875,USGS,IAN,2022,5880.0
2022-09-29 03:00:00,2.364,2.547,0.1830000000000002,-73.885136,40.57371636,01311875,USGS,IAN,2022,5940.0
2022-09-29 04:00:00,1.554,1.679,0.125,-73.885136,40.57371636,01311875,USGS,IAN,2022,6000.0
2022-09-29 05:00:00,0.444,0.392,-0.0519999999999999,-73.885136,40.57371636,01311875,USGS,IAN,2022,6060.0
2022-09-29 06:00:00,-0.646,-0.932,-0.286,-73.885136,40.57371636,01311875,USGS,IAN,2022,6120.0
2022-09-29 07:00:00,-1.676,-1.95,-0.274,-73.885136,40.57371636,01311875,USGS,IAN,2022,6180.0
2022-09-29 08:00:00,-2.466,-2.571,-0.1049999999999999,-73.885136,40.57371636,01311875,USGS,IAN,2022,6240.0
2022-09-29 09:00:00,-2.646,-2.626,0.02,-73.885136,40.57371636,01311875,USGS,IAN,2022,6300.0
2022-09-29 11:00:00,-0.526,-0.452,0.074,-73.885136,40.57371636,01311875,USGS,IAN,2022,6420.0
2022-09-29 12:00:00,0.924,0.89,-0.034,-73.885136,40.57371636,01311875,USGS,IAN,2022,6480.0
2022-09-29 13:00:00,2.294,1.993,-0.3009999999999999,-73.885136,40.57371636,01311875,USGS,IAN,2022,6540.0
2022-09-29 14:00:00,3.294,2.879,-0.415,-73.885136,40.57371636,01311875,USGS,IAN,2022,6600.0
2022-09-29 15:00:00,3.624,3.282,-0.3420000000000001,-73.885136,40.57371636,01311875,USGS,IAN,2022,6660.0
2022-09-29 16:00:00,3.184,2.809,-0.375,-73.885136,40.57371636,01311875,USGS,IAN,2022,6720.0
2022-09-29 17:00:00,1.904,1.605,-0.2989999999999999,-73.885136,40.57371636,01311875,USGS,IAN,2022,6780.0
2022-09-29 18:00:00,0.554,0.282,-0.2720000000000001,-73.885136,40.57371636,01311875,USGS,IAN,2022,6840.0
2022-09-29 19:00:00,-0.706,-1.083,-0.377,-73.885136,40.57371636,01311875,USGS,IAN,2022,6900.0
2022-09-29 21:00:00,-2.326,-2.788,-0.4619999999999997,-73.885136,40.57371636,01311875,USGS,IAN,2022,7020.0
2022-09-29 22:00:00,-2.136,-2.658,-0.5219999999999998,-73.885136,40.57371636,01311875,USGS,IAN,2022,7080.0
2022-09-29 23:00:00,-1.066,-1.664,-0.5979999999999999,-73.885136,40.57371636,01311875,USGS,IAN,2022,7140.0
2022-09-30 00:00:00,0.214,-0.281,-0.495,-73.885136,40.57371636,01311875,USGS,IAN,2022,7200.0
2022-09-30 01:00:00,1.354,0.99,-0.3640000000000001,-73.885136,40.57371636,01311875,USGS,IAN,2022,7260.0
2022-09-30 02:00:00,2.204,1.956,-0.2480000000000002,-73.885136,40.57371636,01311875,USGS,IAN,2022,7320.0
2022-09-30 03:00:00,2.534,2.479,-0.0549999999999997,-73.885136,40.57371636,01311875,USGS,IAN,2022,7380.0
2022-09-30 04:00:00,2.334,2.245,-0.0889999999999999,-73.885136,40.57371636,01311875,USGS,IAN,2022,7440.0
2022-09-30 05:00:00,1.544,1.226,-0.318,-73.885136,40.57371636,01311875,USGS,IAN,2022,7500.0
2022-09-30 06:00:00,0.484,-0.048,-0.532,-73.885136,40.57371636,01311875,USGS,IAN,2022,7560.0
2022-09-30 07:00:00,-0.526,-1.234,-0.708,-73.885136,40.57371636,01311875,USGS,IAN,2022,7620.0
2022-09-30 08:00:00,-1.496,-2.091,-0.5950000000000002,-73.885136,40.57371636,01311875,USGS,IAN,2022,7680.0
2022-09-30 09:00:00,-2.106,-2.503,-0.3970000000000002,-73.885136,40.57371636,01311875,USGS,IAN,2022,7740.0
2022-09-30 10:00:00,-1.846,-2.345,-0.4990000000000001,-73.885136,40.57371636,01311875,USGS,IAN,2022,7800.0
2022-09-30 11:00:00,-0.786,-1.439,-0.653,-73.885136,40.57371636,01311875,USGS,IAN,2022,7860.0
2022-09-30 12:00:00,0.594,-0.114,-0.708,-73.885136,40.57371636,01311875,USGS,IAN,2022,7920.0
2022-09-30 13:00:00,1.854,1.102,-0.752,-73.885136,40.57371636,01311875,USGS,IAN,2022,7980.0
2022-09-30 14:00:00,2.794,2.179,-0.6150000000000002,-73.885136,40.57371636,01311875,USGS,IAN,2022,8040.0
2022-09-30 15:00:00,3.474,3.001,-0.4730000000000003,-73.885136,40.57371636,01311875,USGS,IAN,2022,8100.0
2022-09-30 16:00:00,3.744,3.255,-0.4890000000000003,-73.885136,40.57371636,01311875,USGS,IAN,2022,8160.0
2022-09-30 17:00:00,3.344,2.56,-0.7839999999999998,-73.885136,40.57371636,01311875,USGS,IAN,2022,8220.0
2022-09-30 18:00:00,2.204,1.309,-0.8950000000000002,-73.885136,40.57371636,01311875,USGS,IAN,2022,8280.0
2022-09-30 20:00:00,-0.366,-1.203,-0.8370000000000001,-73.885136,40.57371636,01311875,USGS,IAN,2022,8400.0
2022-09-30 21:00:00,-1.296,-2.106,-0.8099999999999998,-73.885136,40.57371636,01311875,USGS,IAN,2022,8460.0
2022-09-30 22:00:00,-1.736,-2.55,-0.8139999999999998,-73.885136,40.57371636,01311875,USGS,IAN,2022,8520.0
2022-09-30 23:00:00,-1.336,-2.278,-0.942,-73.885136,40.57371636,01311875,USGS,IAN,2022,8580.0
2022-10-01 00:00:00,-0.286,-1.294,-1.008,-73.885136,40.57371636,01311875,USGS,IAN,2022,8640.0
2022-10-01 01:00:00,0.864,-0.122,-0.986,-73.885136,40.57371636,01311875,USGS,IAN,2022,8700.0
2022-10-01 02:00:00,1.854,0.943,-0.911,-73.885136,40.57371636,01311875,USGS,IAN,2022,8760.0
2022-10-01 03:00:00,2.594,1.771,-0.823,-73.885136,40.57371636,01311875,USGS,IAN,2022,8820.0
2022-10-01 04:00:00,3.004,2.292,-0.7120000000000002,-73.885136,40.57371636,01311875,USGS,IAN,2022,8880.0
2022-10-01 05:00:00,2.934,2.193,-0.7410000000000001,-73.885136,40.57371636,01311875,USGS,IAN,2022,8940.0
2022-10-01 06:00:00,2.234,1.321,-0.913,-73.885136,40.57371636,01311875,USGS,IAN,2022,9000.0
2022-10-01 07:00:00,1.194,0.11,-1.084,-73.885136,40.57371636,01311875,USGS,IAN,2022,9060.0
2022-10-01 08:00:00,0.154,-1.144,-1.2979999999999998,-73.885136,40.57371636,01311875,USGS,IAN,2022,9120.0
2022-10-01 09:00:00,-0.646,-2.136,-1.4900000000000002,-73.885136,40.57371636,01311875,USGS,IAN,2022,9180.0
2022-10-01 10:00:00,-1.146,-2.589,-1.443,-73.885136,40.57371636,01311875,USGS,IAN,2022,9240.0
2022-10-01 11:00:00,-1.016,-2.154,-1.138,-73.885136,40.57371636,01311875,USGS,IAN,2022,9300.0
2022-10-01 12:00:00,-0.306,-0.915,-0.609,-73.885136,40.57371636,01311875,USGS,IAN,2022,9360.0
2022-10-01 13:00:00,1.134,0.599,-0.5349999999999999,-73.885136,40.57371636,01311875,USGS,IAN,2022,9420.0
2022-10-01 14:00:00,2.364,1.775,-0.589,-73.885136,40.57371636,01311875,USGS,IAN,2022,9480.0
2022-10-01 15:00:00,3.574,2.664,-0.9099999999999996,-73.885136,40.57371636,01311875,USGS,IAN,2022,9540.0
2022-10-01 16:00:00,4.334,3.111,-1.2229999999999994,-73.885136,40.57371636,01311875,USGS,IAN,2022,9600.0
2022-10-01 17:00:00,4.414,2.873,-1.5409999999999997,-73.885136,40.57371636,01311875,USGS,IAN,2022,9660.0
2022-10-01 18:00:00,3.724,1.945,-1.779,-73.885136,40.57371636,01311875,USGS,IAN,2022,9720.0
2022-10-01 19:00:00,2.474,0.808,-1.666,-73.885136,40.57371636,01311875,USGS,IAN,2022,9780.0
2022-10-01 20:00:00,1.284,-0.335,-1.619,-73.885136,40.57371636,01311875,USGS,IAN,2022,9840.0
2022-10-01 21:00:00,0.324,-1.196,-1.52,-73.885136,40.57371636,01311875,USGS,IAN,2022,9900.0
2022-10-01 22:00:00,-0.366,-1.922,-1.556,-73.885136,40.57371636,01311875,USGS,IAN,2022,9960.0
2022-10-01 23:00:00,-0.786,-2.303,-1.517,-73.885136,40.57371636,01311875,USGS,IAN,2022,10020.0
2022-09-25 01:00:00,1.92,1.485,-0.4349999999999998,-73.8960556,41.04319444,01376269,USGS,IAN,2022,60.0
2022-09-25 02:00:00,2.01,1.695,-0.3149999999999997,-73.8960556,41.04319444,01376269,USGS,IAN,2022,120.0
2022-09-25 03:00:00,1.51,1.452,-0.058,-73.8960556,41.04319444,01376269,USGS,IAN,2022,180.0
2022-09-25 04:00:00,0.67,0.863,0.1929999999999999,-73.8960556,41.04319444,01376269,USGS,IAN,2022,240.0
2022-09-25 05:00:00,-0.42,0.154,0.574,-73.8960556,41.04319444,01376269,USGS,IAN,2022,300.0
2022-09-25 06:00:00,-1.25,-0.546,0.704,-73.8960556,41.04319444,01376269,USGS,IAN,2022,360.0
2022-09-25 07:00:00,-1.93,-1.078,0.8519999999999999,-73.8960556,41.04319444,01376269,USGS,IAN,2022,420.0
2022-09-25 08:00:00,-2.29,-1.381,0.909,-73.8960556,41.04319444,01376269,USGS,IAN,2022,480.0
2022-09-25 09:00:00,-2.41,-1.305,1.1050000000000002,-73.8960556,41.04319444,01376269,USGS,IAN,2022,540.0
2022-09-25 10:00:00,-1.92,-0.725,1.1949999999999998,-73.8960556,41.04319444,01376269,USGS,IAN,2022,600.0
2022-09-25 11:00:00,-1.01,-0.064,0.946,-73.8960556,41.04319444,01376269,USGS,IAN,2022,660.0
2022-09-25 12:00:00,-0.02,0.736,0.756,-73.8960556,41.04319444,01376269,USGS,IAN,2022,720.0
2022-09-25 13:00:00,0.88,1.309,0.4289999999999999,-73.8960556,41.04319444,01376269,USGS,IAN,2022,780.0
2022-09-25 14:00:00,1.31,1.615,0.3049999999999999,-73.8960556,41.04319444,01376269,USGS,IAN,2022,840.0
2022-09-25 15:00:00,1.35,1.553,0.2029999999999998,-73.8960556,41.04319444,01376269,USGS,IAN,2022,900.0
2022-09-25 16:00:00,0.89,1.027,0.1369999999999999,-73.8960556,41.04319444,01376269,USGS,IAN,2022,960.0
2022-09-25 17:00:00,-0.06,0.363,0.423,-73.8960556,41.04319444,01376269,USGS,IAN,2022,1020.0
2022-09-25 18:00:00,-1.03,-0.395,0.635,-73.8960556,41.04319444,01376269,USGS,IAN,2022,1080.0
2022-09-25 19:00:00,-1.77,-0.974,0.796,-73.8960556,41.04319444,01376269,USGS,IAN,2022,1140.0
2022-09-25 20:00:00,-2.2,-1.35,0.8500000000000001,-73.8960556,41.04319444,01376269,USGS,IAN,2022,1200.0
2022-09-25 21:00:00,-2.0,-1.421,0.579,-73.8960556,41.04319444,01376269,USGS,IAN,2022,1260.0
2022-09-25 22:00:00,-1.02,-0.926,0.0939999999999999,-73.8960556,41.04319444,01376269,USGS,IAN,2022,1320.0
2022-09-25 23:00:00,0.02,-0.241,-0.261,-73.8960556,41.04319444,01376269,USGS,IAN,2022,1380.0
2022-09-26 00:00:00,1.15,0.554,-0.5959999999999999,-73.8960556,41.04319444,01376269,USGS,IAN,2022,1440.0
2022-09-26 01:00:00,1.97,1.262,-0.708,-73.8960556,41.04319444,01376269,USGS,IAN,2022,1500.0
2022-09-26 02:00:00,2.41,1.633,-0.7770000000000001,-73.8960556,41.04319444,01376269,USGS,IAN,2022,1560.0
2022-09-26 03:00:00,2.43,1.708,-0.7220000000000002,-73.8960556,41.04319444,01376269,USGS,IAN,2022,1620.0
2022-09-26 04:00:00,2.14,1.284,-0.8560000000000001,-73.8960556,41.04319444,01376269,USGS,IAN,2022,1680.0
2022-09-26 05:00:00,1.48,0.625,-0.855,-73.8960556,41.04319444,01376269,USGS,IAN,2022,1740.0
2022-09-26 06:00:00,0.51,-0.151,-0.661,-73.8960556,41.04319444,01376269,USGS,IAN,2022,1800.0
2022-09-26 07:00:00,-0.26,-0.812,-0.552,-73.8960556,41.04319444,01376269,USGS,IAN,2022,1860.0
2022-09-26 08:00:00,-0.96,-1.273,-0.3129999999999999,-73.8960556,41.04319444,01376269,USGS,IAN,2022,1920.0
2022-09-26 09:00:00,-1.32,-1.489,-0.169,-73.8960556,41.04319444,01376269,USGS,IAN,2022,1980.0
2022-09-26 10:00:00,-1.34,-1.148,0.1920000000000001,-73.8960556,41.04319444,01376269,USGS,IAN,2022,2040.0
2022-09-26 11:00:00,-0.38,-0.463,-0.083,-73.8960556,41.04319444,01376269,USGS,IAN,2022,2100.0
2022-09-26 12:00:00,0.76,0.289,-0.471,-73.8960556,41.04319444,01376269,USGS,IAN,2022,2160.0
2022-09-26 13:00:00,1.85,1.114,-0.736,-73.8960556,41.04319444,01376269,USGS,IAN,2022,2220.0
2022-09-26 14:00:00,2.44,1.593,-0.847,-73.8960556,41.04319444,01376269,USGS,IAN,2022,2280.0
2022-09-26 15:00:00,2.5,1.82,-0.6799999999999999,-73.8960556,41.04319444,01376269,USGS,IAN,2022,2340.0
2022-09-26 16:00:00,2.05,1.546,-0.5039999999999998,-73.8960556,41.04319444,01376269,USGS,IAN,2022,2400.0
2022-09-26 17:00:00,1.26,0.914,-0.346,-73.8960556,41.04319444,01376269,USGS,IAN,2022,2460.0
2022-09-26 18:00:00,0.12,0.172,0.0519999999999999,-73.8960556,41.04319444,01376269,USGS,IAN,2022,2520.0
2022-09-26 19:00:00,-0.72,-0.577,0.143,-73.8960556,41.04319444,01376269,USGS,IAN,2022,2580.0
2022-09-26 20:00:00,-1.37,-1.118,0.252,-73.8960556,41.04319444,01376269,USGS,IAN,2022,2640.0
2022-09-26 21:00:00,-1.6,-1.467,0.133,-73.8960556,41.04319444,01376269,USGS,IAN,2022,2700.0
2022-09-26 22:00:00,-1.44,-1.364,0.0759999999999998,-73.8960556,41.04319444,01376269,USGS,IAN,2022,2760.0
2022-09-26 23:00:00,-0.59,-0.73,-0.14,-73.8960556,41.04319444,01376269,USGS,IAN,2022,2820.0
2022-09-27 00:00:00,0.36,-0.033,-0.393,-73.8960556,41.04319444,01376269,USGS,IAN,2022,2880.0
2022-09-27 01:00:00,1.36,0.831,-0.5290000000000001,-73.8960556,41.04319444,01376269,USGS,IAN,2022,2940.0
2022-09-27 02:00:00,2.02,1.423,-0.597,-73.8960556,41.04319444,01376269,USGS,IAN,2022,3000.0
2022-09-27 03:00:00,2.22,1.724,-0.4960000000000002,-73.8960556,41.04319444,01376269,USGS,IAN,2022,3060.0
2022-09-27 04:00:00,1.93,1.613,-0.3169999999999999,-73.8960556,41.04319444,01376269,USGS,IAN,2022,3120.0
2022-09-27 05:00:00,1.25,1.043,-0.207,-73.8960556,41.04319444,01376269,USGS,IAN,2022,3180.0
2022-09-27 06:00:00,0.21,0.334,0.124,-73.8960556,41.04319444,01376269,USGS,IAN,2022,3240.0
2022-09-27 07:00:00,-0.66,-0.455,0.205,-73.8960556,41.04319444,01376269,USGS,IAN,2022,3300.0
2022-09-27 08:00:00,-1.39,-1.054,0.3359999999999998,-73.8960556,41.04319444,01376269,USGS,IAN,2022,3360.0
2022-09-27 09:00:00,-1.8,-1.445,0.355,-73.8960556,41.04319444,01376269,USGS,IAN,2022,3420.0
2022-09-27 10:00:00,-1.77,-1.478,0.292,-73.8960556,41.04319444,01376269,USGS,IAN,2022,3480.0
2022-09-27 11:00:00,-0.97,-0.901,0.0689999999999999,-73.8960556,41.04319444,01376269,USGS,IAN,2022,3540.0
2022-09-27 12:00:00,0.04,-0.183,-0.223,-73.8960556,41.04319444,01376269,USGS,IAN,2022,3600.0
2022-09-27 13:00:00,1.13,0.699,-0.4309999999999999,-73.8960556,41.04319444,01376269,USGS,IAN,2022,3660.0
2022-09-27 14:00:00,1.97,1.427,-0.5429999999999999,-73.8960556,41.04319444,01376269,USGS,IAN,2022,3720.0
2022-09-27 15:00:00,2.38,1.829,-0.5509999999999999,-73.8960556,41.04319444,01376269,USGS,IAN,2022,3780.0
2022-09-27 16:00:00,2.43,1.901,-0.5290000000000001,-73.8960556,41.04319444,01376269,USGS,IAN,2022,3840.0
2022-09-27 17:00:00,1.91,1.453,-0.4569999999999998,-73.8960556,41.04319444,01376269,USGS,IAN,2022,3900.0
2022-09-27 18:00:00,0.95,0.766,-0.1839999999999999,-73.8960556,41.04319444,01376269,USGS,IAN,2022,3960.0
2022-09-27 19:00:00,-0.08,-0.049,0.031,-73.8960556,41.04319444,01376269,USGS,IAN,2022,4020.0
2022-09-27 20:00:00,-0.92,-0.746,0.174,-73.8960556,41.04319444,01376269,USGS,IAN,2022,4080.0
2022-09-27 21:00:00,-1.56,-1.255,0.3050000000000001,-73.8960556,41.04319444,01376269,USGS,IAN,2022,4140.0
2022-09-27 22:00:00,-1.78,-1.502,0.278,-73.8960556,41.04319444,01376269,USGS,IAN,2022,4200.0
2022-09-27 23:00:00,-1.43,-1.226,0.2039999999999999,-73.8960556,41.04319444,01376269,USGS,IAN,2022,4260.0
2022-09-28 00:00:00,-0.53,-0.546,-0.016,-73.8960556,41.04319444,01376269,USGS,IAN,2022,4320.0
2022-09-28 01:00:00,0.46,0.183,-0.277,-73.8960556,41.04319444,01376269,USGS,IAN,2022,4380.0
2022-09-28 02:00:00,1.34,1.045,-0.2950000000000001,-73.8960556,41.04319444,01376269,USGS,IAN,2022,4440.0
2022-09-28 03:00:00,1.86,1.523,-0.3370000000000002,-73.8960556,41.04319444,01376269,USGS,IAN,2022,4500.0
2022-09-28 04:00:00,1.94,1.716,-0.2239999999999999,-73.8960556,41.04319444,01376269,USGS,IAN,2022,4560.0
2022-09-28 05:00:00,1.55,1.423,-0.127,-73.8960556,41.04319444,01376269,USGS,IAN,2022,4620.0
2022-09-28 06:00:00,0.69,0.786,0.096,-73.8960556,41.04319444,01376269,USGS,IAN,2022,4680.0
2022-09-28 07:00:00,-0.33,0.022,0.352,-73.8960556,41.04319444,01376269,USGS,IAN,2022,4740.0
2022-09-28 08:00:00,-1.2,-0.717,0.483,-73.8960556,41.04319444,01376269,USGS,IAN,2022,4800.0
2022-09-28 09:00:00,-1.85,-1.236,0.6140000000000001,-73.8960556,41.04319444,01376269,USGS,IAN,2022,4860.0
2022-09-28 10:00:00,-2.16,-1.547,0.6130000000000002,-73.8960556,41.04319444,01376269,USGS,IAN,2022,4920.0
2022-09-28 11:00:00,-1.86,-1.355,0.5050000000000001,-73.8960556,41.04319444,01376269,USGS,IAN,2022,4980.0
2022-09-28 12:00:00,-0.88,-0.657,0.2229999999999999,-73.8960556,41.04319444,01376269,USGS,IAN,2022,5040.0
2022-09-28 13:00:00,0.12,0.09,-0.03,-73.8960556,41.04319444,01376269,USGS,IAN,2022,5100.0
2022-09-28 14:00:00,1.14,1.028,-0.1119999999999998,-73.8960556,41.04319444,01376269,USGS,IAN,2022,5160.0
2022-09-28 15:00:00,1.76,1.628,-0.1320000000000001,-73.8960556,41.04319444,01376269,USGS,IAN,2022,5220.0
2022-09-28 16:00:00,2.1,2.0,-0.1,-73.8960556,41.04319444,01376269,USGS,IAN,2022,5280.0
2022-09-28 17:00:00,1.96,1.896,-0.064,-73.8960556,41.04319444,01376269,USGS,IAN,2022,5340.0
2022-09-28 18:00:00,1.36,1.339,-0.0210000000000001,-73.8960556,41.04319444,01376269,USGS,IAN,2022,5400.0
2022-09-28 19:00:00,0.21,0.594,0.384,-73.8960556,41.04319444,01376269,USGS,IAN,2022,5460.0
2022-09-28 20:00:00,-0.71,-0.221,0.489,-73.8960556,41.04319444,01376269,USGS,IAN,2022,5520.0
2022-09-28 21:00:00,-1.55,-0.879,0.671,-73.8960556,41.04319444,01376269,USGS,IAN,2022,5580.0
2022-09-28 22:00:00,-2.02,-1.329,0.6910000000000001,-73.8960556,41.04319444,01376269,USGS,IAN,2022,5640.0
2022-09-28 23:00:00,-2.09,-1.463,0.6269999999999998,-73.8960556,41.04319444,01376269,USGS,IAN,2022,5700.0
2022-09-29 00:00:00,-1.35,-1.053,0.2970000000000001,-73.8960556,41.04319444,01376269,USGS,IAN,2022,5760.0
2022-09-29 01:00:00,-0.46,-0.371,0.089,-73.8960556,41.04319444,01376269,USGS,IAN,2022,5820.0
2022-09-29 02:00:00,0.46,0.389,-0.071,-73.8960556,41.04319444,01376269,USGS,IAN,2022,5880.0
2022-09-29 03:00:00,1.09,1.157,0.0669999999999999,-73.8960556,41.04319444,01376269,USGS,IAN,2022,5940.0
2022-09-29 04:00:00,1.41,1.551,0.141,-73.8960556,41.04319444,01376269,USGS,IAN,2022,6000.0
2022-09-29 05:00:00,1.38,1.628,0.248,-73.8960556,41.04319444,01376269,USGS,IAN,2022,6060.0
2022-09-29 06:00:00,0.85,1.194,0.344,-73.8960556,41.04319444,01376269,USGS,IAN,2022,6120.0
2022-09-29 07:00:00,0.0,0.533,0.533,-73.8960556,41.04319444,01376269,USGS,IAN,2022,6180.0
2022-09-29 08:00:00,-1.0,-0.239,0.761,-73.8960556,41.04319444,01376269,USGS,IAN,2022,6240.0
2022-09-29 09:00:00,-1.76,-0.898,0.862,-73.8960556,41.04319444,01376269,USGS,IAN,2022,6300.0
2022-09-29 10:00:00,-2.33,-1.357,0.973,-73.8960556,41.04319444,01376269,USGS,IAN,2022,6360.0
2022-09-29 11:00:00,-2.46,-1.518,0.942,-73.8960556,41.04319444,01376269,USGS,IAN,2022,6420.0
2022-09-29 12:00:00,-1.85,-1.093,0.7570000000000001,-73.8960556,41.04319444,01376269,USGS,IAN,2022,6480.0
2022-09-29 13:00:00,-0.87,-0.378,0.492,-73.8960556,41.04319444,01376269,USGS,IAN,2022,6540.0
2022-09-29 14:00:00,0.23,0.423,0.1929999999999999,-73.8960556,41.04319444,01376269,USGS,IAN,2022,6600.0
2022-09-29 15:00:00,1.16,1.255,0.0949999999999999,-73.8960556,41.04319444,01376269,USGS,IAN,2022,6660.0
2022-09-29 16:00:00,1.79,1.765,-0.0250000000000001,-73.8960556,41.04319444,01376269,USGS,IAN,2022,6720.0
2022-09-29 17:00:00,2.05,2.074,0.024,-73.8960556,41.04319444,01376269,USGS,IAN,2022,6780.0
2022-09-29 18:00:00,1.79,1.873,0.0829999999999999,-73.8960556,41.04319444,01376269,USGS,IAN,2022,6840.0
2022-09-29 19:00:00,1.05,1.29,0.24,-73.8960556,41.04319444,01376269,USGS,IAN,2022,6900.0
2022-09-29 20:00:00,-0.02,0.539,0.559,-73.8960556,41.04319444,01376269,USGS,IAN,2022,6960.0
2022-09-29 21:00:00,-0.9,-0.268,0.632,-73.8960556,41.04319444,01376269,USGS,IAN,2022,7020.0
2022-09-29 22:00:00,-1.67,-0.88,0.7899999999999999,-73.8960556,41.04319444,01376269,USGS,IAN,2022,7080.0
2022-09-29 23:00:00,-2.1,-1.316,0.784,-73.8960556,41.04319444,01376269,USGS,IAN,2022,7140.0
2022-09-30 00:00:00,-1.94,-1.358,0.5819999999999999,-73.8960556,41.04319444,01376269,USGS,IAN,2022,7200.0
2022-09-30 01:00:00,-1.24,-0.888,0.352,-73.8960556,41.04319444,01376269,USGS,IAN,2022,7260.0
2022-09-30 02:00:00,-0.34,-0.206,0.134,-73.8960556,41.04319444,01376269,USGS,IAN,2022,7320.0
2022-09-30 03:00:00,0.46,0.588,0.1279999999999999,-73.8960556,41.04319444,01376269,USGS,IAN,2022,7380.0
2022-09-30 04:00:00,1.12,1.259,0.1389999999999998,-73.8960556,41.04319444,01376269,USGS,IAN,2022,7440.0
2022-09-30 05:00:00,1.4,1.574,0.1740000000000001,-73.8960556,41.04319444,01376269,USGS,IAN,2022,7500.0
2022-09-30 06:00:00,1.35,1.496,0.1459999999999999,-73.8960556,41.04319444,01376269,USGS,IAN,2022,7560.0
2022-09-30 07:00:00,0.89,0.968,0.0779999999999999,-73.8960556,41.04319444,01376269,USGS,IAN,2022,7620.0
2022-09-30 08:00:00,0.04,0.297,0.257,-73.8960556,41.04319444,01376269,USGS,IAN,2022,7680.0
2022-09-30 09:00:00,-0.8,-0.452,0.348,-73.8960556,41.04319444,01376269,USGS,IAN,2022,7740.0
2022-09-30 10:00:00,-1.57,-1.031,0.5390000000000001,-73.8960556,41.04319444,01376269,USGS,IAN,2022,7800.0
2022-09-30 11:00:00,-2.02,-1.39,0.6300000000000001,-73.8960556,41.04319444,01376269,USGS,IAN,2022,7860.0
2022-09-30 12:00:00,-1.87,-1.449,0.421,-73.8960556,41.04319444,01376269,USGS,IAN,2022,7920.0
2022-09-30 13:00:00,-1.0,-0.91,0.0899999999999999,-73.8960556,41.04319444,01376269,USGS,IAN,2022,7980.0
2022-09-30 14:00:00,-0.19,-0.219,-0.0289999999999999,-73.8960556,41.04319444,01376269,USGS,IAN,2022,8040.0
2022-09-30 15:00:00,0.8,0.62,-0.18,-73.8960556,41.04319444,01376269,USGS,IAN,2022,8100.0
2022-09-30 16:00:00,1.56,1.373,-0.187,-73.8960556,41.04319444,01376269,USGS,IAN,2022,8160.0
2022-09-30 17:00:00,2.17,1.836,-0.3339999999999998,-73.8960556,41.04319444,01376269,USGS,IAN,2022,8220.0
2022-09-30 18:00:00,2.41,2.038,-0.3720000000000003,-73.8960556,41.04319444,01376269,USGS,IAN,2022,8280.0
2022-09-30 19:00:00,2.17,1.755,-0.415,-73.8960556,41.04319444,01376269,USGS,IAN,2022,8340.0
2022-09-30 20:00:00,1.44,1.123,-0.3169999999999999,-73.8960556,41.04319444,01376269,USGS,IAN,2022,8400.0
2022-09-30 21:00:00,0.4,0.396,-0.004,-73.8960556,41.04319444,01376269,USGS,IAN,2022,8460.0
2022-09-30 22:00:00,-0.44,-0.363,0.077,-73.8960556,41.04319444,01376269,USGS,IAN,2022,8520.0
2022-09-30 23:00:00,-1.12,-0.909,0.211,-73.8960556,41.04319444,01376269,USGS,IAN,2022,8580.0
2022-10-01 00:00:00,-1.51,-1.261,0.2490000000000001,-73.8960556,41.04319444,01376269,USGS,IAN,2022,8640.0
2022-10-01 01:00:00,-1.24,-1.233,0.0069999999999998,-73.8960556,41.04319444,01376269,USGS,IAN,2022,8700.0
2022-10-01 02:00:00,-0.59,-0.757,-0.167,-73.8960556,41.04319444,01376269,USGS,IAN,2022,8760.0
2022-10-01 03:00:00,0.23,-0.155,-0.385,-73.8960556,41.04319444,01376269,USGS,IAN,2022,8820.0
2022-10-01 04:00:00,1.01,0.608,-0.402,-73.8960556,41.04319444,01376269,USGS,IAN,2022,8880.0
2022-10-01 05:00:00,1.6,1.201,-0.399,-73.8960556,41.04319444,01376269,USGS,IAN,2022,8940.0
2022-10-01 06:00:00,1.96,1.535,-0.425,-73.8960556,41.04319444,01376269,USGS,IAN,2022,9000.0
2022-10-01 07:00:00,1.91,1.501,-0.409,-73.8960556,41.04319444,01376269,USGS,IAN,2022,9060.0
2022-10-01 08:00:00,1.51,1.025,-0.4850000000000001,-73.8960556,41.04319444,01376269,USGS,IAN,2022,9120.0
2022-10-01 09:00:00,0.66,0.362,-0.298,-73.8960556,41.04319444,01376269,USGS,IAN,2022,9180.0
2022-10-01 10:00:00,-0.17,-0.399,-0.229,-73.8960556,41.04319444,01376269,USGS,IAN,2022,9240.0
2022-10-01 11:00:00,-0.87,-1.025,-0.1549999999999999,-73.8960556,41.04319444,01376269,USGS,IAN,2022,9300.0
2022-10-01 12:00:00,-1.29,-1.352,-0.062,-73.8960556,41.04319444,01376269,USGS,IAN,2022,9360.0
2022-10-01 13:00:00,-1.18,-1.205,-0.0250000000000001,-73.8960556,41.04319444,01376269,USGS,IAN,2022,9420.0
2022-10-01 14:00:00,-0.57,-0.477,0.0929999999999999,-73.8960556,41.04319444,01376269,USGS,IAN,2022,9480.0
2022-10-01 15:00:00,0.38,0.284,-0.096,-73.8960556,41.04319444,01376269,USGS,IAN,2022,9540.0
2022-10-01 16:00:00,1.39,1.166,-0.2239999999999999,-73.8960556,41.04319444,01376269,USGS,IAN,2022,9600.0
2022-10-01 17:00:00,2.27,1.71,-0.56,-73.8960556,41.04319444,01376269,USGS,IAN,2022,9660.0
2022-10-01 18:00:00,2.86,2.073,-0.7869999999999999,-73.8960556,41.04319444,01376269,USGS,IAN,2022,9720.0
2022-10-01 19:00:00,2.94,2.041,-0.899,-73.8960556,41.04319444,01376269,USGS,IAN,2022,9780.0
2022-10-01 20:00:00,2.67,1.616,-1.0539999999999998,-73.8960556,41.04319444,01376269,USGS,IAN,2022,9840.0
2022-10-01 21:00:00,1.84,0.96,-0.8800000000000001,-73.8960556,41.04319444,01376269,USGS,IAN,2022,9900.0
2022-10-01 22:00:00,0.94,0.249,-0.691,-73.8960556,41.04319444,01376269,USGS,IAN,2022,9960.0
2022-10-01 23:00:00,0.09,-0.38,-0.47,-73.8960556,41.04319444,01376269,USGS,IAN,2022,10020.0
2022-09-25 01:00:00,2.245,1.82,-0.425,-74.12988889,40.53888889,01376562,USGS,IAN,2022,60.0
2022-09-25 02:00:00,0.935,0.626,-0.309,-74.12988889,40.53888889,01376562,USGS,IAN,2022,120.0
2022-09-25 03:00:00,-0.305,-0.519,-0.214,-74.12988889,40.53888889,01376562,USGS,IAN,2022,180.0
2022-09-25 04:00:00,-1.245,-1.431,-0.1859999999999999,-74.12988889,40.53888889,01376562,USGS,IAN,2022,240.0
2022-09-25 05:00:00,-1.995,-2.107,-0.1120000000000001,-74.12988889,40.53888889,01376562,USGS,IAN,2022,300.0
2022-09-25 06:00:00,-2.485,-2.453,0.032,-74.12988889,40.53888889,01376562,USGS,IAN,2022,360.0
2022-09-25 07:00:00,-2.625,-2.132,0.4929999999999999,-74.12988889,40.53888889,01376562,USGS,IAN,2022,420.0
2022-09-25 08:00:00,-1.995,-0.919,1.076,-74.12988889,40.53888889,01376562,USGS,IAN,2022,480.0
2022-09-25 09:00:00,-0.605,0.408,1.013,-74.12988889,40.53888889,01376562,USGS,IAN,2022,540.0
2022-09-25 10:00:00,0.955,1.409,0.454,-74.12988889,40.53888889,01376562,USGS,IAN,2022,600.0
2022-09-25 11:00:00,2.105,2.102,-0.0030000000000001,-74.12988889,40.53888889,01376562,USGS,IAN,2022,660.0
2022-09-25 12:00:00,2.605,2.416,-0.189,-74.12988889,40.53888889,01376562,USGS,IAN,2022,720.0
2022-09-25 13:00:00,2.325,2.07,-0.2550000000000003,-74.12988889,40.53888889,01376562,USGS,IAN,2022,780.0
2022-09-25 14:00:00,1.525,0.984,-0.5409999999999999,-74.12988889,40.53888889,01376562,USGS,IAN,2022,840.0
2022-09-25 15:00:00,0.365,-0.252,-0.617,-74.12988889,40.53888889,01376562,USGS,IAN,2022,900.0
2022-09-25 16:00:00,-0.775,-1.261,-0.4859999999999999,-74.12988889,40.53888889,01376562,USGS,IAN,2022,960.0
2022-09-25 17:00:00,-1.805,-2.004,-0.199,-74.12988889,40.53888889,01376562,USGS,IAN,2022,1020.0
2022-09-25 18:00:00,-2.315,-2.446,-0.1310000000000002,-74.12988889,40.53888889,01376562,USGS,IAN,2022,1080.0
2022-09-25 19:00:00,-2.145,-2.329,-0.1840000000000001,-74.12988889,40.53888889,01376562,USGS,IAN,2022,1140.0
2022-09-25 20:00:00,-0.995,-1.313,-0.3179999999999999,-74.12988889,40.53888889,01376562,USGS,IAN,2022,1200.0
2022-09-25 21:00:00,0.795,0.116,-0.679,-74.12988889,40.53888889,01376562,USGS,IAN,2022,1260.0
2022-09-25 22:00:00,2.255,1.293,-0.962,-74.12988889,40.53888889,01376562,USGS,IAN,2022,1320.0
2022-09-25 23:00:00,3.185,2.116,-1.069,-74.12988889,40.53888889,01376562,USGS,IAN,2022,1380.0
2022-09-26 00:00:00,3.575,2.584,-0.991,-74.12988889,40.53888889,01376562,USGS,IAN,2022,1440.0
2022-09-26 01:00:00,3.615,2.423,-1.1920000000000002,-74.12988889,40.53888889,01376562,USGS,IAN,2022,1500.0
2022-09-26 02:00:00,2.905,1.442,-1.463,-74.12988889,40.53888889,01376562,USGS,IAN,2022,1560.0
2022-09-26 03:00:00,1.875,0.143,-1.732,-74.12988889,40.53888889,01376562,USGS,IAN,2022,1620.0
2022-09-26 04:00:00,0.835,-0.987,-1.822,-74.12988889,40.53888889,01376562,USGS,IAN,2022,1680.0
2022-09-26 05:00:00,-0.315,-1.852,-1.537,-74.12988889,40.53888889,01376562,USGS,IAN,2022,1740.0
2022-09-26 06:00:00,-1.355,-2.446,-1.0910000000000002,-74.12988889,40.53888889,01376562,USGS,IAN,2022,1800.0
2022-09-26 07:00:00,-1.655,-2.585,-0.93,-74.12988889,40.53888889,01376562,USGS,IAN,2022,1860.0
2022-09-26 08:00:00,-1.455,-1.804,-0.349,-74.12988889,40.53888889,01376562,USGS,IAN,2022,1920.0
2022-09-26 09:00:00,-0.495,-0.342,0.1529999999999999,-74.12988889,40.53888889,01376562,USGS,IAN,2022,1980.0
2022-09-26 10:00:00,1.475,0.982,-0.4930000000000001,-74.12988889,40.53888889,01376562,USGS,IAN,2022,2040.0
2022-09-26 11:00:00,2.985,1.956,-1.029,-74.12988889,40.53888889,01376562,USGS,IAN,2022,2100.0
2022-09-26 12:00:00,3.515,2.591,-0.924,-74.12988889,40.53888889,01376562,USGS,IAN,2022,2160.0
2022-09-26 13:00:00,3.485,2.688,-0.7969999999999997,-74.12988889,40.53888889,01376562,USGS,IAN,2022,2220.0
2022-09-26 14:00:00,2.755,1.94,-0.815,-74.12988889,40.53888889,01376562,USGS,IAN,2022,2280.0
2022-09-26 15:00:00,1.465,0.645,-0.8200000000000001,-74.12988889,40.53888889,01376562,USGS,IAN,2022,2340.0
2022-09-26 16:00:00,0.385,-0.606,-0.991,-74.12988889,40.53888889,01376562,USGS,IAN,2022,2400.0
2022-09-26 17:00:00,-0.735,-1.6,-0.8650000000000001,-74.12988889,40.53888889,01376562,USGS,IAN,2022,2460.0
2022-09-26 18:00:00,-1.535,-2.34,-0.8049999999999999,-74.12988889,40.53888889,01376562,USGS,IAN,2022,2520.0
2022-09-26 19:00:00,-2.065,-2.706,-0.641,-74.12988889,40.53888889,01376562,USGS,IAN,2022,2580.0
2022-09-26 20:00:00,-1.795,-2.304,-0.5089999999999999,-74.12988889,40.53888889,01376562,USGS,IAN,2022,2640.0
2022-09-26 21:00:00,-0.525,-0.967,-0.4419999999999999,-74.12988889,40.53888889,01376562,USGS,IAN,2022,2700.0
2022-09-26 22:00:00,1.075,0.503,-0.572,-74.12988889,40.53888889,01376562,USGS,IAN,2022,2760.0
2022-09-26 23:00:00,2.275,1.617,-0.6579999999999999,-74.12988889,40.53888889,01376562,USGS,IAN,2022,2820.0
2022-09-27 00:00:00,3.035,2.374,-0.661,-74.12988889,40.53888889,01376562,USGS,IAN,2022,2880.0
2022-09-27 01:00:00,3.215,2.656,-0.5589999999999997,-74.12988889,40.53888889,01376562,USGS,IAN,2022,2940.0
2022-09-27 02:00:00,2.645,2.17,-0.4750000000000001,-74.12988889,40.53888889,01376562,USGS,IAN,2022,3000.0
2022-09-27 03:00:00,1.585,0.951,-0.634,-74.12988889,40.53888889,01376562,USGS,IAN,2022,3060.0
2022-09-27 04:00:00,0.545,-0.362,-0.907,-74.12988889,40.53888889,01376562,USGS,IAN,2022,3120.0
2022-09-27 05:00:00,-0.505,-1.426,-0.921,-74.12988889,40.53888889,01376562,USGS,IAN,2022,3180.0
2022-09-27 06:00:00,-1.475,-2.228,-0.7530000000000001,-74.12988889,40.53888889,01376562,USGS,IAN,2022,3240.0
2022-09-27 07:00:00,-2.075,-2.715,-0.6399999999999997,-74.12988889,40.53888889,01376562,USGS,IAN,2022,3300.0
2022-09-27 08:00:00,-2.025,-2.536,-0.5110000000000001,-74.12988889,40.53888889,01376562,USGS,IAN,2022,3360.0
2022-09-27 09:00:00,-0.975,-1.318,-0.3430000000000001,-74.12988889,40.53888889,01376562,USGS,IAN,2022,3420.0
2022-09-27 10:00:00,0.705,0.264,-0.4409999999999999,-74.12988889,40.53888889,01376562,USGS,IAN,2022,3480.0
2022-09-27 11:00:00,2.185,1.545,-0.6400000000000001,-74.12988889,40.53888889,01376562,USGS,IAN,2022,3540.0
2022-09-27 12:00:00,3.105,2.465,-0.6400000000000001,-74.12988889,40.53888889,01376562,USGS,IAN,2022,3600.0
2022-09-27 13:00:00,3.625,2.971,-0.6539999999999999,-74.12988889,40.53888889,01376562,USGS,IAN,2022,3660.0
2022-09-27 14:00:00,3.535,2.746,-0.7890000000000001,-74.12988889,40.53888889,01376562,USGS,IAN,2022,3720.0
2022-09-27 15:00:00,2.775,1.672,-1.103,-74.12988889,40.53888889,01376562,USGS,IAN,2022,3780.0
2022-09-27 16:00:00,1.385,0.26,-1.125,-74.12988889,40.53888889,01376562,USGS,IAN,2022,3840.0
2022-09-27 17:00:00,0.025,-0.958,-0.983,-74.12988889,40.53888889,01376562,USGS,IAN,2022,3900.0
2022-09-27 18:00:00,-1.055,-1.902,-0.847,-74.12988889,40.53888889,01376562,USGS,IAN,2022,3960.0
2022-09-27 19:00:00,-1.915,-2.605,-0.69,-74.12988889,40.53888889,01376562,USGS,IAN,2022,4020.0
2022-09-27 20:00:00,-2.205,-2.818,-0.613,-74.12988889,40.53888889,01376562,USGS,IAN,2022,4080.0
2022-09-27 21:00:00,-1.695,-2.048,-0.353,-74.12988889,40.53888889,01376562,USGS,IAN,2022,4140.0
2022-09-27 22:00:00,-0.275,-0.568,-0.2929999999999999,-74.12988889,40.53888889,01376562,USGS,IAN,2022,4200.0
2022-09-27 23:00:00,1.275,0.818,-0.4569999999999999,-74.12988889,40.53888889,01376562,USGS,IAN,2022,4260.0
2022-09-28 00:00:00,2.345,1.835,-0.5100000000000002,-74.12988889,40.53888889,01376562,USGS,IAN,2022,4320.0
2022-09-28 01:00:00,2.905,2.504,-0.4009999999999998,-74.12988889,40.53888889,01376562,USGS,IAN,2022,4380.0
2022-09-28 02:00:00,2.855,2.546,-0.3090000000000001,-74.12988889,40.53888889,01376562,USGS,IAN,2022,4440.0
2022-09-28 03:00:00,2.215,1.758,-0.4569999999999998,-74.12988889,40.53888889,01376562,USGS,IAN,2022,4500.0
2022-09-28 04:00:00,0.985,0.437,-0.548,-74.12988889,40.53888889,01376562,USGS,IAN,2022,4560.0
2022-09-28 05:00:00,-0.135,-0.805,-0.67,-74.12988889,40.53888889,01376562,USGS,IAN,2022,4620.0
2022-09-28 06:00:00,-1.135,-1.778,-0.643,-74.12988889,40.53888889,01376562,USGS,IAN,2022,4680.0
2022-09-28 07:00:00,-2.035,-2.466,-0.431,-74.12988889,40.53888889,01376562,USGS,IAN,2022,4740.0
2022-09-28 08:00:00,-2.555,-2.76,-0.2049999999999996,-74.12988889,40.53888889,01376562,USGS,IAN,2022,4800.0
2022-09-28 09:00:00,-2.235,-2.215,0.02,-74.12988889,40.53888889,01376562,USGS,IAN,2022,4860.0
2022-09-28 10:00:00,-0.795,-0.773,0.022,-74.12988889,40.53888889,01376562,USGS,IAN,2022,4920.0
2022-09-28 11:00:00,0.945,0.769,-0.1759999999999999,-74.12988889,40.53888889,01376562,USGS,IAN,2022,4980.0
2022-09-28 12:00:00,2.145,1.961,-0.1839999999999999,-74.12988889,40.53888889,01376562,USGS,IAN,2022,5040.0
2022-09-28 13:00:00,2.945,2.813,-0.1319999999999996,-74.12988889,40.53888889,01376562,USGS,IAN,2022,5100.0
2022-09-28 14:00:00,3.235,3.169,-0.0659999999999998,-74.12988889,40.53888889,01376562,USGS,IAN,2022,5160.0
2022-09-28 15:00:00,3.045,2.653,-0.3919999999999999,-74.12988889,40.53888889,01376562,USGS,IAN,2022,5220.0
2022-09-28 16:00:00,1.975,1.357,-0.6180000000000001,-74.12988889,40.53888889,01376562,USGS,IAN,2022,5280.0
2022-09-28 17:00:00,0.655,-0.05,-0.7050000000000001,-74.12988889,40.53888889,01376562,USGS,IAN,2022,5340.0
2022-09-28 18:00:00,-0.555,-1.23,-0.6749999999999999,-74.12988889,40.53888889,01376562,USGS,IAN,2022,5400.0
2022-09-28 19:00:00,-1.675,-2.137,-0.4619999999999999,-74.12988889,40.53888889,01376562,USGS,IAN,2022,5460.0
2022-09-28 20:00:00,-2.445,-2.739,-0.294,-74.12988889,40.53888889,01376562,USGS,IAN,2022,5520.0
2022-09-28 21:00:00,-2.485,-2.729,-0.2440000000000002,-74.12988889,40.53888889,01376562,USGS,IAN,2022,5580.0
2022-09-28 22:00:00,-1.535,-1.662,-0.127,-74.12988889,40.53888889,01376562,USGS,IAN,2022,5640.0
2022-09-28 23:00:00,0.115,-0.18,-0.295,-74.12988889,40.53888889,01376562,USGS,IAN,2022,5700.0
2022-09-29 00:00:00,1.405,1.014,-0.391,-74.12988889,40.53888889,01376562,USGS,IAN,2022,5760.0
2022-09-29 01:00:00,2.065,1.927,-0.1379999999999999,-74.12988889,40.53888889,01376562,USGS,IAN,2022,5820.0
2022-09-29 02:00:00,2.465,2.455,-0.0099999999999997,-74.12988889,40.53888889,01376562,USGS,IAN,2022,5880.0
2022-09-29 03:00:00,2.225,2.313,0.088,-74.12988889,40.53888889,01376562,USGS,IAN,2022,5940.0
2022-09-29 04:00:00,1.595,1.325,-0.27,-74.12988889,40.53888889,01376562,USGS,IAN,2022,6000.0
2022-09-29 05:00:00,0.515,0.012,-0.503,-74.12988889,40.53888889,01376562,USGS,IAN,2022,6060.0
2022-09-29 06:00:00,-0.525,-1.133,-0.608,-74.12988889,40.53888889,01376562,USGS,IAN,2022,6120.0
2022-09-29 07:00:00,-1.525,-1.992,-0.4670000000000001,-74.12988889,40.53888889,01376562,USGS,IAN,2022,6180.0
2022-09-29 08:00:00,-2.285,-2.538,-0.2529999999999996,-74.12988889,40.53888889,01376562,USGS,IAN,2022,6240.0
2022-09-29 09:00:00,-2.565,-2.552,0.0129999999999999,-74.12988889,40.53888889,01376562,USGS,IAN,2022,6300.0
2022-09-29 10:00:00,-1.855,-1.643,0.2119999999999999,-74.12988889,40.53888889,01376562,USGS,IAN,2022,6360.0
2022-09-29 11:00:00,-0.245,-0.104,0.141,-74.12988889,40.53888889,01376562,USGS,IAN,2022,6420.0
2022-09-29 12:00:00,1.295,1.218,-0.0769999999999999,-74.12988889,40.53888889,01376562,USGS,IAN,2022,6480.0
2022-09-29 13:00:00,2.405,2.167,-0.238,-74.12988889,40.53888889,01376562,USGS,IAN,2022,6540.0
2022-09-29 14:00:00,3.205,2.892,-0.3130000000000001,-74.12988889,40.53888889,01376562,USGS,IAN,2022,6600.0
2022-09-29 15:00:00,3.535,3.138,-0.3970000000000002,-74.12988889,40.53888889,01376562,USGS,IAN,2022,6660.0
2022-09-29 16:00:00,2.995,2.513,-0.4820000000000002,-74.12988889,40.53888889,01376562,USGS,IAN,2022,6720.0
2022-09-29 17:00:00,1.875,1.191,-0.6839999999999999,-74.12988889,40.53888889,01376562,USGS,IAN,2022,6780.0
2022-09-29 18:00:00,0.565,-0.122,-0.6869999999999999,-74.12988889,40.53888889,01376562,USGS,IAN,2022,6840.0
2022-09-29 19:00:00,-0.515,-1.253,-0.7379999999999999,-74.12988889,40.53888889,01376562,USGS,IAN,2022,6900.0
2022-09-29 20:00:00,-1.535,-2.18,-0.6450000000000002,-74.12988889,40.53888889,01376562,USGS,IAN,2022,6960.0
2022-09-29 21:00:00,-2.185,-2.76,-0.5749999999999997,-74.12988889,40.53888889,01376562,USGS,IAN,2022,7020.0
2022-09-29 22:00:00,-1.985,-2.624,-0.639,-74.12988889,40.53888889,01376562,USGS,IAN,2022,7080.0
2022-09-29 23:00:00,-0.875,-1.387,-0.512,-74.12988889,40.53888889,01376562,USGS,IAN,2022,7140.0
2022-09-30 00:00:00,0.465,0.095,-0.37,-74.12988889,40.53888889,01376562,USGS,IAN,2022,7200.0
2022-09-30 01:00:00,1.485,1.265,-0.2200000000000002,-74.12988889,40.53888889,01376562,USGS,IAN,2022,7260.0
2022-09-30 02:00:00,2.145,2.054,-0.0910000000000001,-74.12988889,40.53888889,01376562,USGS,IAN,2022,7320.0
2022-09-30 03:00:00,2.445,2.369,-0.0759999999999996,-74.12988889,40.53888889,01376562,USGS,IAN,2022,7380.0
2022-09-30 04:00:00,2.255,1.962,-0.2929999999999999,-74.12988889,40.53888889,01376562,USGS,IAN,2022,7440.0
2022-09-30 05:00:00,1.555,0.864,-0.691,-74.12988889,40.53888889,01376562,USGS,IAN,2022,7500.0
2022-09-30 06:00:00,0.585,-0.36,-0.945,-74.12988889,40.53888889,01376562,USGS,IAN,2022,7560.0
2022-09-30 07:00:00,-0.385,-1.347,-0.962,-74.12988889,40.53888889,01376562,USGS,IAN,2022,7620.0
2022-09-30 08:00:00,-1.305,-2.028,-0.7230000000000001,-74.12988889,40.53888889,01376562,USGS,IAN,2022,7680.0
2022-09-30 09:00:00,-1.995,-2.445,-0.4499999999999997,-74.12988889,40.53888889,01376562,USGS,IAN,2022,7740.0
2022-09-30 10:00:00,-1.705,-2.282,-0.577,-74.12988889,40.53888889,01376562,USGS,IAN,2022,7800.0
2022-09-30 11:00:00,-0.625,-1.24,-0.615,-74.12988889,40.53888889,01376562,USGS,IAN,2022,7860.0
2022-09-30 12:00:00,0.965,0.211,-0.754,-74.12988889,40.53888889,01376562,USGS,IAN,2022,7920.0
2022-09-30 13:00:00,2.035,1.394,-0.6410000000000002,-74.12988889,40.53888889,01376562,USGS,IAN,2022,7980.0
2022-09-30 14:00:00,2.705,2.314,-0.391,-74.12988889,40.53888889,01376562,USGS,IAN,2022,8040.0
2022-09-30 15:00:00,3.305,3.009,-0.2960000000000002,-74.12988889,40.53888889,01376562,USGS,IAN,2022,8100.0
2022-09-30 16:00:00,3.675,3.068,-0.6069999999999998,-74.12988889,40.53888889,01376562,USGS,IAN,2022,8160.0
2022-09-30 17:00:00,3.285,2.201,-1.084,-74.12988889,40.53888889,01376562,USGS,IAN,2022,8220.0
2022-09-30 18:00:00,2.155,0.908,-1.247,-74.12988889,40.53888889,01376562,USGS,IAN,2022,8280.0
2022-09-30 19:00:00,0.805,-0.292,-1.097,-74.12988889,40.53888889,01376562,USGS,IAN,2022,8340.0
2022-09-30 20:00:00,-0.365,-1.294,-0.929,-74.12988889,40.53888889,01376562,USGS,IAN,2022,8400.0
2022-09-30 21:00:00,-1.175,-2.063,-0.8880000000000001,-74.12988889,40.53888889,01376562,USGS,IAN,2022,8460.0
2022-09-30 22:00:00,-1.475,-2.494,-1.019,-74.12988889,40.53888889,01376562,USGS,IAN,2022,8520.0
2022-09-30 23:00:00,-1.285,-2.204,-0.9190000000000004,-74.12988889,40.53888889,01376562,USGS,IAN,2022,8580.0
2022-10-01 00:00:00,-0.015,-1.027,-1.012,-74.12988889,40.53888889,01376562,USGS,IAN,2022,8640.0
2022-10-01 01:00:00,1.075,0.194,-0.881,-74.12988889,40.53888889,01376562,USGS,IAN,2022,8700.0
2022-10-01 02:00:00,1.835,1.109,-0.726,-74.12988889,40.53888889,01376562,USGS,IAN,2022,8760.0
2022-10-01 03:00:00,2.685,1.863,-0.8220000000000001,-74.12988889,40.53888889,01376562,USGS,IAN,2022,8820.0
2022-10-01 04:00:00,3.005,2.261,-0.7439999999999998,-74.12988889,40.53888889,01376562,USGS,IAN,2022,8880.0
2022-10-01 05:00:00,2.955,2.019,-0.936,-74.12988889,40.53888889,01376562,USGS,IAN,2022,8940.0
2022-10-01 06:00:00,2.195,1.0,-1.1949999999999998,-74.12988889,40.53888889,01376562,USGS,IAN,2022,9000.0
2022-10-01 07:00:00,1.335,-0.204,-1.539,-74.12988889,40.53888889,01376562,USGS,IAN,2022,9060.0
2022-10-01 08:00:00,0.405,-1.262,-1.667,-74.12988889,40.53888889,01376562,USGS,IAN,2022,9120.0
2022-10-01 09:00:00,-0.505,-2.09,-1.585,-74.12988889,40.53888889,01376562,USGS,IAN,2022,9180.0
2022-10-01 10:00:00,-0.745,-2.47,-1.725,-74.12988889,40.53888889,01376562,USGS,IAN,2022,9240.0
2022-10-01 11:00:00,-0.665,-1.941,-1.276,-74.12988889,40.53888889,01376562,USGS,IAN,2022,9300.0
2022-10-01 12:00:00,0.155,-0.485,-0.64,-74.12988889,40.53888889,01376562,USGS,IAN,2022,9360.0
2022-10-01 13:00:00,1.285,1.107,-0.1779999999999999,-74.12988889,40.53888889,01376562,USGS,IAN,2022,9420.0
2022-10-01 14:00:00,2.795,2.135,-0.6600000000000001,-74.12988889,40.53888889,01376562,USGS,IAN,2022,9480.0
2022-10-01 15:00:00,3.835,2.653,-1.182,-74.12988889,40.53888889,01376562,USGS,IAN,2022,9540.0
2022-10-01 16:00:00,4.225,2.967,-1.2579999999999996,-74.12988889,40.53888889,01376562,USGS,IAN,2022,9600.0
2022-10-01 17:00:00,4.315,2.701,-1.6140000000000003,-74.12988889,40.53888889,01376562,USGS,IAN,2022,9660.0
2022-10-01 18:00:00,3.575,1.678,-1.897,-74.12988889,40.53888889,01376562,USGS,IAN,2022,9720.0
2022-10-01 19:00:00,2.635,0.478,-2.157,-74.12988889,40.53888889,01376562,USGS,IAN,2022,9780.0
2022-10-01 20:00:00,1.455,-0.423,-1.878,-74.12988889,40.53888889,01376562,USGS,IAN,2022,9840.0
2022-10-01 21:00:00,0.585,-1.166,-1.751,-74.12988889,40.53888889,01376562,USGS,IAN,2022,9900.0
2022-10-01 22:00:00,-0.235,-1.879,-1.644,-74.12988889,40.53888889,01376562,USGS,IAN,2022,9960.0
2022-10-01 23:00:00,-0.495,-2.267,-1.7719999999999998,-74.12988889,40.53888889,01376562,USGS,IAN,2022,10020.0
2022-09-25 01:00:00,2.972,2.653,-0.3189999999999999,-75.384422,39.05830556,01484085,USGS,IAN,2022,60.0
2022-09-25 02:00:00,2.852,2.441,-0.411,-75.384422,39.05830556,01484085,USGS,IAN,2022,120.0
2022-09-25 03:00:00,2.192,1.667,-0.5250000000000001,-75.384422,39.05830556,01484085,USGS,IAN,2022,180.0
2022-09-25 04:00:00,1.202,0.535,-0.6669999999999999,-75.384422,39.05830556,01484085,USGS,IAN,2022,240.0
2022-09-25 05:00:00,0.092,-0.614,-0.706,-75.384422,39.05830556,01484085,USGS,IAN,2022,300.0
2022-09-25 06:00:00,-0.938,-1.638,-0.7,-75.384422,39.05830556,01484085,USGS,IAN,2022,360.0
2022-09-25 07:00:00,-1.788,-2.342,-0.554,-75.384422,39.05830556,01484085,USGS,IAN,2022,420.0
2022-09-25 08:00:00,-2.228,-2.423,-0.1949999999999998,-75.384422,39.05830556,01484085,USGS,IAN,2022,480.0
2022-09-25 09:00:00,-1.948,-1.79,0.1579999999999999,-75.384422,39.05830556,01484085,USGS,IAN,2022,540.0
2022-09-25 10:00:00,-1.058,-0.646,0.412,-75.384422,39.05830556,01484085,USGS,IAN,2022,600.0
2022-09-25 11:00:00,0.192,0.643,0.451,-75.384422,39.05830556,01484085,USGS,IAN,2022,660.0
2022-09-25 12:00:00,1.222,1.778,0.556,-75.384422,39.05830556,01484085,USGS,IAN,2022,720.0
2022-09-25 13:00:00,2.022,2.501,0.4790000000000001,-75.384422,39.05830556,01484085,USGS,IAN,2022,780.0
2022-09-25 14:00:00,2.382,2.548,0.1659999999999999,-75.384422,39.05830556,01484085,USGS,IAN,2022,840.0
2022-09-25 15:00:00,2.062,1.89,-0.1719999999999999,-75.384422,39.05830556,01484085,USGS,IAN,2022,900.0
2022-09-25 16:00:00,1.182,0.821,-0.361,-75.384422,39.05830556,01484085,USGS,IAN,2022,960.0
2022-09-25 17:00:00,-0.058,-0.358,-0.3,-75.384422,39.05830556,01484085,USGS,IAN,2022,1020.0
2022-09-25 18:00:00,-1.288,-1.471,-0.183,-75.384422,39.05830556,01484085,USGS,IAN,2022,1080.0
2022-09-25 19:00:00,-2.228,-2.313,-0.0849999999999999,-75.384422,39.05830556,01484085,USGS,IAN,2022,1140.0
2022-09-25 20:00:00,-2.748,-2.651,0.0970000000000004,-75.384422,39.05830556,01484085,USGS,IAN,2022,1200.0
2022-09-25 21:00:00,-2.268,-2.145,0.1229999999999997,-75.384422,39.05830556,01484085,USGS,IAN,2022,1260.0
2022-09-25 22:00:00,-1.628,-1.121,0.5069999999999999,-75.384422,39.05830556,01484085,USGS,IAN,2022,1320.0
2022-09-25 23:00:00,-0.238,0.254,0.492,-75.384422,39.05830556,01484085,USGS,IAN,2022,1380.0
2022-09-26 00:00:00,1.012,1.489,0.4770000000000001,-75.384422,39.05830556,01484085,USGS,IAN,2022,1440.0
2022-09-26 01:00:00,2.202,2.432,0.2299999999999999,-75.384422,39.05830556,01484085,USGS,IAN,2022,1500.0
2022-09-26 02:00:00,2.682,2.732,0.0500000000000002,-75.384422,39.05830556,01484085,USGS,IAN,2022,1560.0
2022-09-26 03:00:00,2.592,2.269,-0.3229999999999999,-75.384422,39.05830556,01484085,USGS,IAN,2022,1620.0
2022-09-26 04:00:00,1.802,1.298,-0.504,-75.384422,39.05830556,01484085,USGS,IAN,2022,1680.0
2022-09-26 05:00:00,0.772,0.083,-0.6890000000000001,-75.384422,39.05830556,01484085,USGS,IAN,2022,1740.0
2022-09-26 06:00:00,-0.238,-1.093,-0.855,-75.384422,39.05830556,01484085,USGS,IAN,2022,1800.0
2022-09-26 07:00:00,-1.318,-2.055,-0.7370000000000001,-75.384422,39.05830556,01484085,USGS,IAN,2022,1860.0
2022-09-26 08:00:00,-2.018,-2.604,-0.5860000000000003,-75.384422,39.05830556,01484085,USGS,IAN,2022,1920.0
2022-09-26 09:00:00,-1.988,-2.33,-0.3420000000000001,-75.384422,39.05830556,01484085,USGS,IAN,2022,1980.0
2022-09-26 10:00:00,-1.288,-1.46,-0.1719999999999999,-75.384422,39.05830556,01484085,USGS,IAN,2022,2040.0
2022-09-26 11:00:00,0.042,-0.086,-0.128,-75.384422,39.05830556,01484085,USGS,IAN,2022,2100.0
2022-09-26 12:00:00,1.402,1.254,-0.1479999999999999,-75.384422,39.05830556,01484085,USGS,IAN,2022,2160.0
2022-09-26 13:00:00,2.592,2.346,-0.246,-75.384422,39.05830556,01484085,USGS,IAN,2022,2220.0
2022-09-26 14:00:00,3.352,2.881,-0.4710000000000001,-75.384422,39.05830556,01484085,USGS,IAN,2022,2280.0
2022-09-26 15:00:00,3.422,2.623,-0.7989999999999999,-75.384422,39.05830556,01484085,USGS,IAN,2022,2340.0
2022-09-26 16:00:00,2.752,1.759,-0.993,-75.384422,39.05830556,01484085,USGS,IAN,2022,2400.0
2022-09-26 17:00:00,1.752,0.528,-1.224,-75.384422,39.05830556,01484085,USGS,IAN,2022,2460.0
2022-09-26 18:00:00,0.492,-0.714,-1.206,-75.384422,39.05830556,01484085,USGS,IAN,2022,2520.0
2022-09-26 19:00:00,-0.698,-1.828,-1.13,-75.384422,39.05830556,01484085,USGS,IAN,2022,2580.0
2022-09-26 20:00:00,-1.498,-2.603,-1.1050000000000002,-75.384422,39.05830556,01484085,USGS,IAN,2022,2640.0
2022-09-26 21:00:00,-1.848,-2.719,-0.8709999999999998,-75.384422,39.05830556,01484085,USGS,IAN,2022,2700.0
2022-09-26 22:00:00,-1.398,-2.02,-0.6220000000000001,-75.384422,39.05830556,01484085,USGS,IAN,2022,2760.0
2022-09-26 23:00:00,-0.338,-0.787,-0.449,-75.384422,39.05830556,01484085,USGS,IAN,2022,2820.0
2022-09-27 00:00:00,0.902,0.623,-0.279,-75.384422,39.05830556,01484085,USGS,IAN,2022,2880.0
2022-09-27 01:00:00,1.972,1.831,-0.141,-75.384422,39.05830556,01484085,USGS,IAN,2022,2940.0
2022-09-27 02:00:00,2.652,2.621,-0.0310000000000001,-75.384422,39.05830556,01484085,USGS,IAN,2022,3000.0
2022-09-27 03:00:00,2.832,2.673,-0.1589999999999998,-75.384422,39.05830556,01484085,USGS,IAN,2022,3060.0
2022-09-27 04:00:00,2.232,1.976,-0.2560000000000002,-75.384422,39.05830556,01484085,USGS,IAN,2022,3120.0
2022-09-27 05:00:00,1.332,0.833,-0.4990000000000001,-75.384422,39.05830556,01484085,USGS,IAN,2022,3180.0
2022-09-27 06:00:00,0.052,-0.4,-0.452,-75.384422,39.05830556,01484085,USGS,IAN,2022,3240.0
2022-09-27 07:00:00,-1.118,-1.56,-0.4419999999999999,-75.384422,39.05830556,01484085,USGS,IAN,2022,3300.0
2022-09-27 08:00:00,-1.938,-2.432,-0.494,-75.384422,39.05830556,01484085,USGS,IAN,2022,3360.0
2022-09-27 09:00:00,-2.368,-2.731,-0.363,-75.384422,39.05830556,01484085,USGS,IAN,2022,3420.0
2022-09-27 10:00:00,-1.968,-2.132,-0.1640000000000001,-75.384422,39.05830556,01484085,USGS,IAN,2022,3480.0
2022-09-27 11:00:00,-0.978,-0.986,-0.008,-75.384422,39.05830556,01484085,USGS,IAN,2022,3540.0
2022-09-27 12:00:00,0.382,0.507,0.125,-75.384422,39.05830556,01484085,USGS,IAN,2022,3600.0
2022-09-27 13:00:00,1.722,1.841,0.119,-75.384422,39.05830556,01484085,USGS,IAN,2022,3660.0
2022-09-27 14:00:00,2.802,2.834,0.032,-75.384422,39.05830556,01484085,USGS,IAN,2022,3720.0
2022-09-27 15:00:00,3.302,3.112,-0.1899999999999999,-75.384422,39.05830556,01484085,USGS,IAN,2022,3780.0
2022-09-27 16:00:00,3.052,2.575,-0.4769999999999998,-75.384422,39.05830556,01484085,USGS,IAN,2022,3840.0
2022-09-27 17:00:00,2.212,1.503,-0.7090000000000003,-75.384422,39.05830556,01484085,USGS,IAN,2022,3900.0
2022-09-27 18:00:00,1.062,0.199,-0.863,-75.384422,39.05830556,01484085,USGS,IAN,2022,3960.0
2022-09-27 19:00:00,-0.138,-1.076,-0.938,-75.384422,39.05830556,01484085,USGS,IAN,2022,4020.0
2022-09-27 20:00:00,-1.188,-2.136,-0.9480000000000002,-75.384422,39.05830556,01484085,USGS,IAN,2022,4080.0
2022-09-27 21:00:00,-1.878,-2.795,-0.917,-75.384422,39.05830556,01484085,USGS,IAN,2022,4140.0
2022-09-27 22:00:00,-1.958,-2.609,-0.651,-75.384422,39.05830556,01484085,USGS,IAN,2022,4200.0
2022-09-27 23:00:00,-1.328,-1.779,-0.4509999999999998,-75.384422,39.05830556,01484085,USGS,IAN,2022,4260.0
2022-09-28 00:00:00,-0.108,-0.41,-0.302,-75.384422,39.05830556,01484085,USGS,IAN,2022,4320.0
2022-09-28 01:00:00,1.092,0.961,-0.1310000000000001,-75.384422,39.05830556,01484085,USGS,IAN,2022,4380.0
2022-09-28 02:00:00,2.072,2.081,0.0089999999999998,-75.384422,39.05830556,01484085,USGS,IAN,2022,4440.0
2022-09-28 03:00:00,2.572,2.656,0.084,-75.384422,39.05830556,01484085,USGS,IAN,2022,4500.0
2022-09-28 04:00:00,2.462,2.436,-0.0260000000000002,-75.384422,39.05830556,01484085,USGS,IAN,2022,4560.0
2022-09-28 05:00:00,1.762,1.59,-0.1719999999999999,-75.384422,39.05830556,01484085,USGS,IAN,2022,4620.0
2022-09-28 06:00:00,0.662,0.364,-0.298,-75.384422,39.05830556,01484085,USGS,IAN,2022,4680.0
2022-09-28 07:00:00,-0.498,-0.857,-0.359,-75.384422,39.05830556,01484085,USGS,IAN,2022,4740.0
2022-09-28 08:00:00,-1.588,-1.942,-0.3539999999999998,-75.384422,39.05830556,01484085,USGS,IAN,2022,4800.0
2022-09-28 09:00:00,-2.298,-2.662,-0.3639999999999999,-75.384422,39.05830556,01484085,USGS,IAN,2022,4860.0
2022-09-28 10:00:00,-2.488,-2.638,-0.1499999999999999,-75.384422,39.05830556,01484085,USGS,IAN,2022,4920.0
2022-09-28 11:00:00,-1.758,-1.845,-0.0869999999999999,-75.384422,39.05830556,01484085,USGS,IAN,2022,4980.0
2022-09-28 12:00:00,-0.548,-0.479,0.069,-75.384422,39.05830556,01484085,USGS,IAN,2022,5040.0
2022-09-28 13:00:00,0.802,1.022,0.2199999999999999,-75.384422,39.05830556,01484085,USGS,IAN,2022,5100.0
2022-09-28 14:00:00,2.042,2.332,0.29,-75.384422,39.05830556,01484085,USGS,IAN,2022,5160.0
2022-09-28 15:00:00,2.992,3.14,0.1480000000000001,-75.384422,39.05830556,01484085,USGS,IAN,2022,5220.0
2022-09-28 16:00:00,3.182,3.163,-0.0190000000000001,-75.384422,39.05830556,01484085,USGS,IAN,2022,5280.0
2022-09-28 17:00:00,2.622,2.44,-0.1819999999999999,-75.384422,39.05830556,01484085,USGS,IAN,2022,5340.0
2022-09-28 18:00:00,1.672,1.224,-0.4479999999999999,-75.384422,39.05830556,01484085,USGS,IAN,2022,5400.0
2022-09-28 19:00:00,0.462,-0.093,-0.555,-75.384422,39.05830556,01484085,USGS,IAN,2022,5460.0
2022-09-28 20:00:00,-0.728,-1.348,-0.6200000000000001,-75.384422,39.05830556,01484085,USGS,IAN,2022,5520.0
2022-09-28 21:00:00,-1.728,-2.331,-0.603,-75.384422,39.05830556,01484085,USGS,IAN,2022,5580.0
2022-09-28 22:00:00,-2.258,-2.844,-0.5859999999999999,-75.384422,39.05830556,01484085,USGS,IAN,2022,5640.0
2022-09-28 23:00:00,-2.208,-2.438,-0.2299999999999999,-75.384422,39.05830556,01484085,USGS,IAN,2022,5700.0
2022-09-29 00:00:00,-1.458,-1.479,-0.0210000000000001,-75.384422,39.05830556,01484085,USGS,IAN,2022,5760.0
2022-09-29 01:00:00,-0.228,-0.08,0.148,-75.384422,39.05830556,01484085,USGS,IAN,2022,5820.0
2022-09-29 02:00:00,0.912,1.213,0.301,-75.384422,39.05830556,01484085,USGS,IAN,2022,5880.0
2022-09-29 03:00:00,1.852,2.205,0.353,-75.384422,39.05830556,01484085,USGS,IAN,2022,5940.0
2022-09-29 04:00:00,2.322,2.573,0.2509999999999999,-75.384422,39.05830556,01484085,USGS,IAN,2022,6000.0
2022-09-29 05:00:00,2.112,2.151,0.0389999999999997,-75.384422,39.05830556,01484085,USGS,IAN,2022,6060.0
2022-09-29 06:00:00,1.352,1.193,-0.159,-75.384422,39.05830556,01484085,USGS,IAN,2022,6120.0
2022-09-29 07:00:00,0.202,-0.01,-0.212,-75.384422,39.05830556,01484085,USGS,IAN,2022,6180.0
2022-09-29 08:00:00,-0.758,-1.178,-0.4199999999999999,-75.384422,39.05830556,01484085,USGS,IAN,2022,6240.0
2022-09-29 09:00:00,-1.638,-2.133,-0.4950000000000001,-75.384422,39.05830556,01484085,USGS,IAN,2022,6300.0
2022-09-29 10:00:00,-2.118,-2.647,-0.5289999999999999,-75.384422,39.05830556,01484085,USGS,IAN,2022,6360.0
2022-09-29 11:00:00,-1.888,-2.285,-0.3970000000000002,-75.384422,39.05830556,01484085,USGS,IAN,2022,6420.0
2022-09-29 12:00:00,-1.058,-1.344,-0.286,-75.384422,39.05830556,01484085,USGS,IAN,2022,6480.0
2022-09-29 13:00:00,0.162,0.105,-0.057,-75.384422,39.05830556,01484085,USGS,IAN,2022,6540.0
2022-09-29 14:00:00,1.452,1.522,0.07,-75.384422,39.05830556,01484085,USGS,IAN,2022,6600.0
2022-09-29 15:00:00,2.602,2.721,0.1190000000000002,-75.384422,39.05830556,01484085,USGS,IAN,2022,6660.0
2022-09-29 16:00:00,3.352,3.34,-0.012,-75.384422,39.05830556,01484085,USGS,IAN,2022,6720.0
2022-09-29 17:00:00,3.462,3.16,-0.302,-75.384422,39.05830556,01484085,USGS,IAN,2022,6780.0
2022-09-29 18:00:00,2.932,2.349,-0.5829999999999997,-75.384422,39.05830556,01484085,USGS,IAN,2022,6840.0
2022-09-29 19:00:00,2.042,1.088,-0.9539999999999996,-75.384422,39.05830556,01484085,USGS,IAN,2022,6900.0
2022-09-29 20:00:00,0.822,-0.209,-1.031,-75.384422,39.05830556,01484085,USGS,IAN,2022,6960.0
2022-09-29 21:00:00,-0.298,-1.405,-1.107,-75.384422,39.05830556,01484085,USGS,IAN,2022,7020.0
2022-09-29 22:00:00,-1.178,-2.319,-1.141,-75.384422,39.05830556,01484085,USGS,IAN,2022,7080.0
2022-09-29 23:00:00,-1.598,-2.704,-1.106,-75.384422,39.05830556,01484085,USGS,IAN,2022,7140.0
2022-09-30 00:00:00,-1.168,-2.172,-1.0040000000000002,-75.384422,39.05830556,01484085,USGS,IAN,2022,7200.0
2022-09-30 01:00:00,-0.208,-1.115,-0.907,-75.384422,39.05830556,01484085,USGS,IAN,2022,7260.0
2022-09-30 02:00:00,0.872,0.273,-0.599,-75.384422,39.05830556,01484085,USGS,IAN,2022,7320.0
2022-09-30 03:00:00,1.762,1.483,-0.2789999999999999,-75.384422,39.05830556,01484085,USGS,IAN,2022,7380.0
2022-09-30 04:00:00,2.532,2.359,-0.173,-75.384422,39.05830556,01484085,USGS,IAN,2022,7440.0
2022-09-30 05:00:00,2.862,2.54,-0.322,-75.384422,39.05830556,01484085,USGS,IAN,2022,7500.0
2022-09-30 06:00:00,2.552,1.979,-0.573,-75.384422,39.05830556,01484085,USGS,IAN,2022,7560.0
2022-09-30 07:00:00,1.812,0.933,-0.879,-75.384422,39.05830556,01484085,USGS,IAN,2022,7620.0
2022-09-30 08:00:00,0.802,-0.254,-1.056,-75.384422,39.05830556,01484085,USGS,IAN,2022,7680.0
2022-09-30 09:00:00,-0.148,-1.362,-1.2140000000000002,-75.384422,39.05830556,01484085,USGS,IAN,2022,7740.0
2022-09-30 10:00:00,-0.908,-2.209,-1.3010000000000002,-75.384422,39.05830556,01484085,USGS,IAN,2022,7800.0
2022-09-30 11:00:00,-1.108,-2.553,-1.4449999999999998,-75.384422,39.05830556,01484085,USGS,IAN,2022,7860.0
2022-09-30 12:00:00,-0.748,-2.044,-1.296,-75.384422,39.05830556,01484085,USGS,IAN,2022,7920.0
2022-09-30 13:00:00,0.092,-0.98,-1.072,-75.384422,39.05830556,01484085,USGS,IAN,2022,7980.0
2022-09-30 14:00:00,1.172,0.471,-0.701,-75.384422,39.05830556,01484085,USGS,IAN,2022,8040.0
2022-09-30 15:00:00,2.352,1.826,-0.5259999999999998,-75.384422,39.05830556,01484085,USGS,IAN,2022,8100.0
2022-09-30 16:00:00,3.452,2.903,-0.5489999999999999,-75.384422,39.05830556,01484085,USGS,IAN,2022,8160.0
2022-09-30 17:00:00,3.932,3.346,-0.5859999999999999,-75.384422,39.05830556,01484085,USGS,IAN,2022,8220.0
2022-09-30 18:00:00,3.842,3.027,-0.815,-75.384422,39.05830556,01484085,USGS,IAN,2022,8280.0
2022-09-30 19:00:00,3.322,2.173,-1.149,-75.384422,39.05830556,01484085,USGS,IAN,2022,8340.0
2022-09-30 20:00:00,2.522,0.947,-1.5749999999999995,-75.384422,39.05830556,01484085,USGS,IAN,2022,8400.0
2022-09-30 21:00:00,1.522,-0.299,-1.821,-75.384422,39.05830556,01484085,USGS,IAN,2022,8460.0
2022-09-30 22:00:00,0.582,-1.403,-1.985,-75.384422,39.05830556,01484085,USGS,IAN,2022,8520.0
2022-09-30 23:00:00,-0.118,-2.197,-2.079,-75.384422,39.05830556,01484085,USGS,IAN,2022,8580.0
2022-10-01 00:00:00,-0.348,-2.409,-2.061,-75.384422,39.05830556,01484085,USGS,IAN,2022,8640.0
2022-10-01 01:00:00,-0.028,-1.834,-1.806,-75.384422,39.05830556,01484085,USGS,IAN,2022,8700.0
2022-10-01 02:00:00,0.812,-0.752,-1.564,-75.384422,39.05830556,01484085,USGS,IAN,2022,8760.0
2022-10-01 03:00:00,1.812,0.513,-1.299,-75.384422,39.05830556,01484085,USGS,IAN,2022,8820.0
2022-10-01 04:00:00,2.892,1.628,-1.264,-75.384422,39.05830556,01484085,USGS,IAN,2022,8880.0
2022-10-01 05:00:00,3.572,2.44,-1.132,-75.384422,39.05830556,01484085,USGS,IAN,2022,8940.0
2022-10-01 06:00:00,3.782,2.566,-1.2160000000000002,-75.384422,39.05830556,01484085,USGS,IAN,2022,9000.0
2022-10-01 07:00:00,3.362,1.97,-1.392,-75.384422,39.05830556,01484085,USGS,IAN,2022,9060.0
2022-10-01 08:00:00,2.832,0.893,-1.939,-75.384422,39.05830556,01484085,USGS,IAN,2022,9120.0
2022-10-01 09:00:00,2.102,-0.314,-2.416,-75.384422,39.05830556,01484085,USGS,IAN,2022,9180.0
2022-10-01 10:00:00,1.342,-1.389,-2.731,-75.384422,39.05830556,01484085,USGS,IAN,2022,9240.0
2022-10-01 11:00:00,0.952,-2.101,-3.053,-75.384422,39.05830556,01484085,USGS,IAN,2022,9300.0
2022-10-01 12:00:00,0.252,-2.206,-2.458,-75.384422,39.05830556,01484085,USGS,IAN,2022,9360.0
2022-10-01 13:00:00,0.602,-1.598,-2.2,-75.384422,39.05830556,01484085,USGS,IAN,2022,9420.0
2022-10-01 14:00:00,1.072,-0.432,-1.504,-75.384422,39.05830556,01484085,USGS,IAN,2022,9480.0
2022-10-01 15:00:00,2.212,1.006,-1.2060000000000002,-75.384422,39.05830556,01484085,USGS,IAN,2022,9540.0
2022-10-01 16:00:00,3.122,2.366,-0.7559999999999998,-75.384422,39.05830556,01484085,USGS,IAN,2022,9600.0
2022-10-01 17:00:00,3.812,3.306,-0.5059999999999998,-75.384422,39.05830556,01484085,USGS,IAN,2022,9660.0
2022-10-01 18:00:00,4.132,3.448,-0.6839999999999997,-75.384422,39.05830556,01484085,USGS,IAN,2022,9720.0
2022-10-01 19:00:00,3.942,2.751,-1.1910000000000005,-75.384422,39.05830556,01484085,USGS,IAN,2022,9780.0
2022-10-01 20:00:00,3.382,1.636,-1.7460000000000002,-75.384422,39.05830556,01484085,USGS,IAN,2022,9840.0
2022-10-01 21:00:00,2.562,0.458,-2.104,-75.384422,39.05830556,01484085,USGS,IAN,2022,9900.0
2022-10-01 22:00:00,1.392,-0.699,-2.091,-75.384422,39.05830556,01484085,USGS,IAN,2022,9960.0
2022-10-01 23:00:00,0.452,-1.636,-2.088,-75.384422,39.05830556,01484085,USGS,IAN,2022,10020.0
2022-09-25 01:00:00,2.402,0.703,-1.6990000000000005,-75.2115833,38.59152778,01484540,USGS,IAN,2022,60.0
2022-09-25 02:00:00,2.382,0.986,-1.396,-75.2115833,38.59152778,01484540,USGS,IAN,2022,120.0
2022-09-25 03:00:00,1.902,0.698,-1.204,-75.2115833,38.59152778,01484540,USGS,IAN,2022,180.0
2022-09-25 04:00:00,1.442,0.404,-1.0379999999999998,-75.2115833,38.59152778,01484540,USGS,IAN,2022,240.0
2022-09-25 05:00:00,0.952,0.243,-0.709,-75.2115833,38.59152778,01484540,USGS,IAN,2022,300.0
2022-09-25 06:00:00,0.462,0.027,-0.435,-75.2115833,38.59152778,01484540,USGS,IAN,2022,360.0
2022-09-25 07:00:00,0.002,-0.155,-0.157,-75.2115833,38.59152778,01484540,USGS,IAN,2022,420.0
2022-09-25 08:00:00,-0.348,-0.29,0.0579999999999999,-75.2115833,38.59152778,01484540,USGS,IAN,2022,480.0
2022-09-25 09:00:00,-0.398,-0.298,0.1,-75.2115833,38.59152778,01484540,USGS,IAN,2022,540.0
2022-09-25 10:00:00,0.132,-0.084,-0.216,-75.2115833,38.59152778,01484540,USGS,IAN,2022,600.0
2022-09-25 11:00:00,0.782,0.24,-0.542,-75.2115833,38.59152778,01484540,USGS,IAN,2022,660.0
2022-09-25 12:00:00,1.282,0.591,-0.6910000000000001,-75.2115833,38.59152778,01484540,USGS,IAN,2022,720.0
2022-09-25 13:00:00,1.682,0.682,-1.0,-75.2115833,38.59152778,01484540,USGS,IAN,2022,780.0
2022-09-25 14:00:00,1.772,0.97,-0.802,-75.2115833,38.59152778,01484540,USGS,IAN,2022,840.0
2022-09-25 15:00:00,1.382,0.779,-0.6029999999999999,-75.2115833,38.59152778,01484540,USGS,IAN,2022,900.0
2022-09-25 16:00:00,0.852,0.459,-0.3929999999999999,-75.2115833,38.59152778,01484540,USGS,IAN,2022,960.0
2022-09-25 17:00:00,0.362,0.278,-0.0839999999999999,-75.2115833,38.59152778,01484540,USGS,IAN,2022,1020.0
2022-09-25 18:00:00,-0.138,0.073,0.211,-75.2115833,38.59152778,01484540,USGS,IAN,2022,1080.0
2022-09-25 19:00:00,-0.628,-0.133,0.495,-75.2115833,38.59152778,01484540,USGS,IAN,2022,1140.0
2022-09-25 20:00:00,-1.008,-0.29,0.718,-75.2115833,38.59152778,01484540,USGS,IAN,2022,1200.0
2022-09-25 21:00:00,-1.148,-0.353,0.7949999999999999,-75.2115833,38.59152778,01484540,USGS,IAN,2022,1260.0
2022-09-25 22:00:00,-0.528,-0.22,0.308,-75.2115833,38.59152778,01484540,USGS,IAN,2022,1320.0
2022-09-25 23:00:00,0.322,0.15,-0.172,-75.2115833,38.59152778,01484540,USGS,IAN,2022,1380.0
2022-09-26 00:00:00,1.072,0.46,-0.6120000000000001,-75.2115833,38.59152778,01484540,USGS,IAN,2022,1440.0
2022-09-26 01:00:00,1.652,0.622,-1.0299999999999998,-75.2115833,38.59152778,01484540,USGS,IAN,2022,1500.0
2022-09-26 02:00:00,1.752,0.836,-0.916,-75.2115833,38.59152778,01484540,USGS,IAN,2022,1560.0
2022-09-26 03:00:00,1.462,0.938,-0.524,-75.2115833,38.59152778,01484540,USGS,IAN,2022,1620.0
2022-09-26 04:00:00,1.322,0.572,-0.7500000000000001,-75.2115833,38.59152778,01484540,USGS,IAN,2022,1680.0
2022-09-26 05:00:00,0.822,0.319,-0.5029999999999999,-75.2115833,38.59152778,01484540,USGS,IAN,2022,1740.0
2022-09-26 06:00:00,0.362,0.157,-0.205,-75.2115833,38.59152778,01484540,USGS,IAN,2022,1800.0
2022-09-26 07:00:00,-0.068,-0.07,-0.002,-75.2115833,38.59152778,01484540,USGS,IAN,2022,1860.0
2022-09-26 08:00:00,-0.388,-0.237,0.151,-75.2115833,38.59152778,01484540,USGS,IAN,2022,1920.0
2022-09-26 09:00:00,-0.408,-0.337,0.0709999999999999,-75.2115833,38.59152778,01484540,USGS,IAN,2022,1980.0
2022-09-26 10:00:00,0.072,-0.262,-0.334,-75.2115833,38.59152778,01484540,USGS,IAN,2022,2040.0
2022-09-26 11:00:00,0.822,0.098,-0.724,-75.2115833,38.59152778,01484540,USGS,IAN,2022,2100.0
2022-09-26 12:00:00,1.552,0.421,-1.131,-75.2115833,38.59152778,01484540,USGS,IAN,2022,2160.0
2022-09-26 13:00:00,2.152,0.582,-1.5700000000000005,-75.2115833,38.59152778,01484540,USGS,IAN,2022,2220.0
2022-09-26 14:00:00,2.562,0.837,-1.725,-75.2115833,38.59152778,01484540,USGS,IAN,2022,2280.0
2022-09-26 15:00:00,2.662,0.972,-1.69,-75.2115833,38.59152778,01484540,USGS,IAN,2022,2340.0
2022-09-26 16:00:00,2.252,0.779,-1.473,-75.2115833,38.59152778,01484540,USGS,IAN,2022,2400.0
2022-09-26 17:00:00,1.552,0.414,-1.138,-75.2115833,38.59152778,01484540,USGS,IAN,2022,2460.0
2022-09-26 18:00:00,1.122,0.266,-0.8560000000000001,-75.2115833,38.59152778,01484540,USGS,IAN,2022,2520.0
2022-09-26 19:00:00,0.592,0.02,-0.572,-75.2115833,38.59152778,01484540,USGS,IAN,2022,2580.0
2022-09-26 20:00:00,0.172,-0.169,-0.3409999999999999,-75.2115833,38.59152778,01484540,USGS,IAN,2022,2640.0
2022-09-26 21:00:00,-0.068,-0.317,-0.249,-75.2115833,38.59152778,01484540,USGS,IAN,2022,2700.0
2022-09-26 22:00:00,0.072,-0.332,-0.404,-75.2115833,38.59152778,01484540,USGS,IAN,2022,2760.0
2022-09-26 23:00:00,0.762,-0.116,-0.878,-75.2115833,38.59152778,01484540,USGS,IAN,2022,2820.0
2022-09-27 00:00:00,1.382,0.245,-1.137,-75.2115833,38.59152778,01484540,USGS,IAN,2022,2880.0
2022-09-27 01:00:00,1.912,0.585,-1.327,-75.2115833,38.59152778,01484540,USGS,IAN,2022,2940.0
2022-09-27 02:00:00,2.232,0.638,-1.5940000000000003,-75.2115833,38.59152778,01484540,USGS,IAN,2022,3000.0
2022-09-27 03:00:00,2.262,0.93,-1.332,-75.2115833,38.59152778,01484540,USGS,IAN,2022,3060.0
2022-09-27 04:00:00,1.872,0.78,-1.092,-75.2115833,38.59152778,01484540,USGS,IAN,2022,3120.0
2022-09-27 05:00:00,1.362,0.435,-0.927,-75.2115833,38.59152778,01484540,USGS,IAN,2022,3180.0
2022-09-27 06:00:00,0.862,0.245,-0.617,-75.2115833,38.59152778,01484540,USGS,IAN,2022,3240.0
2022-09-27 07:00:00,0.362,0.034,-0.3279999999999999,-75.2115833,38.59152778,01484540,USGS,IAN,2022,3300.0
2022-09-27 08:00:00,-0.118,-0.169,-0.051,-75.2115833,38.59152778,01484540,USGS,IAN,2022,3360.0
2022-09-27 09:00:00,-0.448,-0.321,0.127,-75.2115833,38.59152778,01484540,USGS,IAN,2022,3420.0
2022-09-27 10:00:00,-0.378,-0.353,0.025,-75.2115833,38.59152778,01484540,USGS,IAN,2022,3480.0
2022-09-27 11:00:00,0.302,-0.156,-0.4579999999999999,-75.2115833,38.59152778,01484540,USGS,IAN,2022,3540.0
2022-09-27 12:00:00,1.032,0.235,-0.797,-75.2115833,38.59152778,01484540,USGS,IAN,2022,3600.0
2022-09-27 13:00:00,1.772,0.542,-1.23,-75.2115833,38.59152778,01484540,USGS,IAN,2022,3660.0
2022-09-27 14:00:00,2.312,0.769,-1.5429999999999997,-75.2115833,38.59152778,01484540,USGS,IAN,2022,3720.0
2022-09-27 15:00:00,2.562,0.897,-1.6649999999999998,-75.2115833,38.59152778,01484540,USGS,IAN,2022,3780.0
2022-09-27 16:00:00,2.482,1.041,-1.4410000000000005,-75.2115833,38.59152778,01484540,USGS,IAN,2022,3840.0
2022-09-27 17:00:00,1.882,0.713,-1.169,-75.2115833,38.59152778,01484540,USGS,IAN,2022,3900.0
2022-09-27 18:00:00,1.392,0.411,-0.981,-75.2115833,38.59152778,01484540,USGS,IAN,2022,3960.0
2022-09-27 19:00:00,0.912,0.234,-0.678,-75.2115833,38.59152778,01484540,USGS,IAN,2022,4020.0
2022-09-27 20:00:00,0.422,-0.003,-0.425,-75.2115833,38.59152778,01484540,USGS,IAN,2022,4080.0
2022-09-27 21:00:00,0.022,-0.185,-0.207,-75.2115833,38.59152778,01484540,USGS,IAN,2022,4140.0
2022-09-27 22:00:00,-0.158,-0.315,-0.157,-75.2115833,38.59152778,01484540,USGS,IAN,2022,4200.0
2022-09-27 23:00:00,0.162,-0.287,-0.4489999999999999,-75.2115833,38.59152778,01484540,USGS,IAN,2022,4260.0
2022-09-28 00:00:00,0.902,0.007,-0.895,-75.2115833,38.59152778,01484540,USGS,IAN,2022,4320.0
2022-09-28 01:00:00,1.502,0.33,-1.172,-75.2115833,38.59152778,01484540,USGS,IAN,2022,4380.0
2022-09-28 02:00:00,1.972,0.654,-1.318,-75.2115833,38.59152778,01484540,USGS,IAN,2022,4440.0
2022-09-28 03:00:00,2.202,0.745,-1.457,-75.2115833,38.59152778,01484540,USGS,IAN,2022,4500.0
2022-09-28 04:00:00,2.072,0.971,-1.101,-75.2115833,38.59152778,01484540,USGS,IAN,2022,4560.0
2022-09-28 05:00:00,1.552,0.625,-0.927,-75.2115833,38.59152778,01484540,USGS,IAN,2022,4620.0
2022-09-28 06:00:00,1.112,0.341,-0.7710000000000001,-75.2115833,38.59152778,01484540,USGS,IAN,2022,4680.0
2022-09-28 07:00:00,0.612,0.181,-0.431,-75.2115833,38.59152778,01484540,USGS,IAN,2022,4740.0
2022-09-28 08:00:00,0.092,-0.052,-0.144,-75.2115833,38.59152778,01484540,USGS,IAN,2022,4800.0
2022-09-28 09:00:00,-0.338,-0.237,0.101,-75.2115833,38.59152778,01484540,USGS,IAN,2022,4860.0
2022-09-28 10:00:00,-0.568,-0.366,0.2019999999999999,-75.2115833,38.59152778,01484540,USGS,IAN,2022,4920.0
2022-09-28 11:00:00,-0.208,-0.337,-0.129,-75.2115833,38.59152778,01484540,USGS,IAN,2022,4980.0
2022-09-28 12:00:00,0.502,-0.009,-0.511,-75.2115833,38.59152778,01484540,USGS,IAN,2022,5040.0
2022-09-28 13:00:00,1.182,0.38,-0.8019999999999999,-75.2115833,38.59152778,01484540,USGS,IAN,2022,5100.0
2022-09-28 14:00:00,1.882,0.638,-1.2439999999999998,-75.2115833,38.59152778,01484540,USGS,IAN,2022,5160.0
2022-09-28 15:00:00,2.362,0.868,-1.4940000000000002,-75.2115833,38.59152778,01484540,USGS,IAN,2022,5220.0
2022-09-28 16:00:00,2.522,0.971,-1.5509999999999995,-75.2115833,38.59152778,01484540,USGS,IAN,2022,5280.0
2022-09-28 17:00:00,2.222,1.071,-1.151,-75.2115833,38.59152778,01484540,USGS,IAN,2022,5340.0
2022-09-28 18:00:00,1.512,0.636,-0.876,-75.2115833,38.59152778,01484540,USGS,IAN,2022,5400.0
2022-09-28 19:00:00,1.092,0.428,-0.6640000000000001,-75.2115833,38.59152778,01484540,USGS,IAN,2022,5460.0
2022-09-28 20:00:00,0.582,0.206,-0.376,-75.2115833,38.59152778,01484540,USGS,IAN,2022,5520.0
2022-09-28 21:00:00,0.102,-0.011,-0.1129999999999999,-75.2115833,38.59152778,01484540,USGS,IAN,2022,5580.0
2022-09-28 22:00:00,-0.288,-0.191,0.0969999999999999,-75.2115833,38.59152778,01484540,USGS,IAN,2022,5640.0
2022-09-28 23:00:00,-0.458,-0.297,0.161,-75.2115833,38.59152778,01484540,USGS,IAN,2022,5700.0
2022-09-29 00:00:00,-0.018,-0.23,-0.212,-75.2115833,38.59152778,01484540,USGS,IAN,2022,5760.0
2022-09-29 01:00:00,0.672,0.111,-0.561,-75.2115833,38.59152778,01484540,USGS,IAN,2022,5820.0
2022-09-29 02:00:00,1.242,0.394,-0.848,-75.2115833,38.59152778,01484540,USGS,IAN,2022,5880.0
2022-09-29 03:00:00,1.712,0.728,-0.984,-75.2115833,38.59152778,01484540,USGS,IAN,2022,5940.0
2022-09-29 04:00:00,1.872,0.924,-0.948,-75.2115833,38.59152778,01484540,USGS,IAN,2022,6000.0
2022-09-29 05:00:00,1.652,0.866,-0.7859999999999999,-75.2115833,38.59152778,01484540,USGS,IAN,2022,6060.0
2022-09-29 06:00:00,1.132,0.532,-0.5999999999999999,-75.2115833,38.59152778,01484540,USGS,IAN,2022,6120.0
2022-09-29 07:00:00,0.762,0.308,-0.454,-75.2115833,38.59152778,01484540,USGS,IAN,2022,6180.0
2022-09-29 08:00:00,0.302,0.131,-0.1709999999999999,-75.2115833,38.59152778,01484540,USGS,IAN,2022,6240.0
2022-09-29 09:00:00,-0.118,-0.09,0.0279999999999999,-75.2115833,38.59152778,01484540,USGS,IAN,2022,6300.0
2022-09-29 10:00:00,-0.438,-0.251,0.187,-75.2115833,38.59152778,01484540,USGS,IAN,2022,6360.0
2022-09-29 11:00:00,-0.318,-0.337,-0.019,-75.2115833,38.59152778,01484540,USGS,IAN,2022,6420.0
2022-09-29 12:00:00,0.242,-0.224,-0.4659999999999999,-75.2115833,38.59152778,01484540,USGS,IAN,2022,6480.0
2022-09-29 13:00:00,1.022,0.171,-0.851,-75.2115833,38.59152778,01484540,USGS,IAN,2022,6540.0
2022-09-29 14:00:00,1.762,0.53,-1.232,-75.2115833,38.59152778,01484540,USGS,IAN,2022,6600.0
2022-09-29 15:00:00,2.402,0.746,-1.656,-75.2115833,38.59152778,01484540,USGS,IAN,2022,6660.0
2022-09-29 16:00:00,2.822,0.922,-1.9,-75.2115833,38.59152778,01484540,USGS,IAN,2022,6720.0
2022-09-29 17:00:00,2.992,1.044,-1.948,-75.2115833,38.59152778,01484540,USGS,IAN,2022,6780.0
2022-09-29 18:00:00,2.802,1.087,-1.715,-75.2115833,38.59152778,01484540,USGS,IAN,2022,6840.0
2022-09-29 19:00:00,2.212,0.656,-1.556,-75.2115833,38.59152778,01484540,USGS,IAN,2022,6900.0
2022-09-29 20:00:00,1.722,0.503,-1.219,-75.2115833,38.59152778,01484540,USGS,IAN,2022,6960.0
2022-09-29 21:00:00,1.202,0.256,-0.946,-75.2115833,38.59152778,01484540,USGS,IAN,2022,7020.0
2022-09-29 22:00:00,0.702,0.062,-0.6399999999999999,-75.2115833,38.59152778,01484540,USGS,IAN,2022,7080.0
2022-09-29 23:00:00,0.452,-0.108,-0.56,-75.2115833,38.59152778,01484540,USGS,IAN,2022,7140.0
2022-09-30 00:00:00,0.462,-0.176,-0.638,-75.2115833,38.59152778,01484540,USGS,IAN,2022,7200.0
2022-09-30 01:00:00,0.952,-0.066,-1.018,-75.2115833,38.59152778,01484540,USGS,IAN,2022,7260.0
2022-09-30 02:00:00,1.582,0.309,-1.273,-75.2115833,38.59152778,01484540,USGS,IAN,2022,7320.0
2022-09-30 03:00:00,2.042,0.595,-1.4469999999999998,-75.2115833,38.59152778,01484540,USGS,IAN,2022,7380.0
2022-09-30 04:00:00,2.402,0.811,-1.5910000000000002,-75.2115833,38.59152778,01484540,USGS,IAN,2022,7440.0
2022-09-30 05:00:00,2.592,1.073,-1.519,-75.2115833,38.59152778,01484540,USGS,IAN,2022,7500.0
2022-09-30 06:00:00,2.412,0.862,-1.5499999999999998,-75.2115833,38.59152778,01484540,USGS,IAN,2022,7560.0
2022-09-30 07:00:00,1.902,0.547,-1.355,-75.2115833,38.59152778,01484540,USGS,IAN,2022,7620.0
2022-09-30 08:00:00,1.562,0.365,-1.197,-75.2115833,38.59152778,01484540,USGS,IAN,2022,7680.0
2022-09-30 09:00:00,1.172,0.149,-1.023,-75.2115833,38.59152778,01484540,USGS,IAN,2022,7740.0
2022-09-30 10:00:00,0.812,-0.055,-0.8670000000000001,-75.2115833,38.59152778,01484540,USGS,IAN,2022,7800.0
2022-09-30 11:00:00,0.652,-0.224,-0.876,-75.2115833,38.59152778,01484540,USGS,IAN,2022,7860.0
2022-09-30 12:00:00,0.772,-0.271,-1.043,-75.2115833,38.59152778,01484540,USGS,IAN,2022,7920.0
2022-09-30 13:00:00,1.402,-0.11,-1.512,-75.2115833,38.59152778,01484540,USGS,IAN,2022,7980.0
2022-09-30 14:00:00,2.032,0.281,-1.751,-75.2115833,38.59152778,01484540,USGS,IAN,2022,8040.0
2022-09-30 15:00:00,2.662,0.597,-2.065,-75.2115833,38.59152778,01484540,USGS,IAN,2022,8100.0
2022-09-30 16:00:00,3.212,0.818,-2.394,-75.2115833,38.59152778,01484540,USGS,IAN,2022,8160.0
2022-09-30 17:00:00,3.552,0.971,-2.581,-75.2115833,38.59152778,01484540,USGS,IAN,2022,8220.0
2022-09-30 18:00:00,3.632,1.077,-2.555,-75.2115833,38.59152778,01484540,USGS,IAN,2022,8280.0
2022-09-30 19:00:00,3.382,1.085,-2.297,-75.2115833,38.59152778,01484540,USGS,IAN,2022,8340.0
2022-09-30 20:00:00,2.902,0.655,-2.247,-75.2115833,38.59152778,01484540,USGS,IAN,2022,8400.0
2022-09-30 21:00:00,2.582,0.561,-2.021,-75.2115833,38.59152778,01484540,USGS,IAN,2022,8460.0
2022-09-30 22:00:00,2.142,0.294,-1.848,-75.2115833,38.59152778,01484540,USGS,IAN,2022,8520.0
2022-09-30 23:00:00,1.872,0.132,-1.7400000000000002,-75.2115833,38.59152778,01484540,USGS,IAN,2022,8580.0
2022-10-01 00:00:00,1.792,-0.049,-1.841,-75.2115833,38.59152778,01484540,USGS,IAN,2022,8640.0
2022-10-01 01:00:00,1.952,-0.076,-2.028,-75.2115833,38.59152778,01484540,USGS,IAN,2022,8700.0
2022-10-01 02:00:00,2.412,0.045,-2.367,-75.2115833,38.59152778,01484540,USGS,IAN,2022,8760.0
2022-10-01 03:00:00,2.842,0.39,-2.452,-75.2115833,38.59152778,01484540,USGS,IAN,2022,8820.0
2022-10-01 04:00:00,3.292,0.642,-2.65,-75.2115833,38.59152778,01484540,USGS,IAN,2022,8880.0
2022-10-01 05:00:00,3.592,0.859,-2.733,-75.2115833,38.59152778,01484540,USGS,IAN,2022,8940.0
2022-10-01 06:00:00,3.732,1.061,-2.6710000000000003,-75.2115833,38.59152778,01484540,USGS,IAN,2022,9000.0
2022-10-01 07:00:00,3.802,0.802,-3.0,-75.2115833,38.59152778,01484540,USGS,IAN,2022,9060.0
2022-10-01 08:00:00,3.502,0.507,-2.995,-75.2115833,38.59152778,01484540,USGS,IAN,2022,9120.0
2022-10-01 09:00:00,3.072,0.352,-2.72,-75.2115833,38.59152778,01484540,USGS,IAN,2022,9180.0
2022-10-01 10:00:00,2.542,0.147,-2.395,-75.2115833,38.59152778,01484540,USGS,IAN,2022,9240.0
2022-10-01 11:00:00,2.362,-0.048,-2.41,-75.2115833,38.59152778,01484540,USGS,IAN,2022,9300.0
2022-10-01 12:00:00,2.002,-0.197,-2.199,-75.2115833,38.59152778,01484540,USGS,IAN,2022,9360.0
2022-10-01 13:00:00,1.982,-0.19,-2.172,-75.2115833,38.59152778,01484540,USGS,IAN,2022,9420.0
2022-10-01 14:00:00,2.542,0.058,-2.484,-75.2115833,38.59152778,01484540,USGS,IAN,2022,9480.0
2022-10-01 15:00:00,3.012,0.444,-2.568,-75.2115833,38.59152778,01484540,USGS,IAN,2022,9540.0
2022-10-01 16:00:00,3.432,0.697,-2.735,-75.2115833,38.59152778,01484540,USGS,IAN,2022,9600.0
2022-10-01 17:00:00,3.742,0.835,-2.907,-75.2115833,38.59152778,01484540,USGS,IAN,2022,9660.0
2022-10-01 18:00:00,3.972,1.046,-2.926,-75.2115833,38.59152778,01484540,USGS,IAN,2022,9720.0
2022-10-01 19:00:00,3.902,1.06,-2.842,-75.2115833,38.59152778,01484540,USGS,IAN,2022,9780.0
2022-10-01 20:00:00,3.472,0.967,-2.505,-75.2115833,38.59152778,01484540,USGS,IAN,2022,9840.0
2022-10-01 21:00:00,3.062,0.616,-2.446,-75.2115833,38.59152778,01484540,USGS,IAN,2022,9900.0
2022-10-01 22:00:00,2.632,0.493,-2.139,-75.2115833,38.59152778,01484540,USGS,IAN,2022,9960.0
2022-10-01 23:00:00,2.132,0.244,-1.888,-75.2115833,38.59152778,01484540,USGS,IAN,2022,10020.0
2022-09-25 01:00:00,1.647,0.338,-1.309,-75.0842222,38.6942222,01484670,USGS,IAN,2022,60.0
2022-09-25 02:00:00,1.907,0.534,-1.373,-75.0842222,38.6942222,01484670,USGS,IAN,2022,120.0
2022-09-25 03:00:00,1.927,0.671,-1.256,-75.0842222,38.6942222,01484670,USGS,IAN,2022,180.0
2022-09-25 04:00:00,1.687,0.649,-1.038,-75.0842222,38.6942222,01484670,USGS,IAN,2022,240.0
2022-09-25 05:00:00,1.397,0.513,-0.884,-75.0842222,38.6942222,01484670,USGS,IAN,2022,300.0
2022-09-25 06:00:00,1.087,0.358,-0.729,-75.0842222,38.6942222,01484670,USGS,IAN,2022,360.0
2022-09-25 07:00:00,0.757,0.202,-0.5549999999999999,-75.0842222,38.6942222,01484670,USGS,IAN,2022,420.0
2022-09-25 08:00:00,0.527,0.05,-0.477,-75.0842222,38.6942222,01484670,USGS,IAN,2022,480.0
2022-09-25 09:00:00,0.227,-0.077,-0.304,-75.0842222,38.6942222,01484670,USGS,IAN,2022,540.0
2022-09-25 10:00:00,0.117,-0.136,-0.253,-75.0842222,38.6942222,01484670,USGS,IAN,2022,600.0
2022-09-25 11:00:00,0.317,-0.046,-0.363,-75.0842222,38.6942222,01484670,USGS,IAN,2022,660.0
2022-09-25 12:00:00,0.567,0.126,-0.4409999999999999,-75.0842222,38.6942222,01484670,USGS,IAN,2022,720.0
2022-09-25 13:00:00,0.947,0.317,-0.6299999999999999,-75.0842222,38.6942222,01484670,USGS,IAN,2022,780.0
2022-09-25 14:00:00,1.227,0.518,-0.7090000000000001,-75.0842222,38.6942222,01484670,USGS,IAN,2022,840.0
2022-09-25 15:00:00,1.437,0.661,-0.776,-75.0842222,38.6942222,01484670,USGS,IAN,2022,900.0
2022-09-25 16:00:00,1.157,0.682,-0.475,-75.0842222,38.6942222,01484670,USGS,IAN,2022,960.0
2022-09-25 17:00:00,0.817,0.551,-0.2659999999999999,-75.0842222,38.6942222,01484670,USGS,IAN,2022,1020.0
2022-09-25 18:00:00,0.657,0.396,-0.261,-75.0842222,38.6942222,01484670,USGS,IAN,2022,1080.0
2022-09-25 19:00:00,0.337,0.237,-0.1,-75.0842222,38.6942222,01484670,USGS,IAN,2022,1140.0
2022-09-25 20:00:00,0.127,0.081,-0.046,-75.0842222,38.6942222,01484670,USGS,IAN,2022,1200.0
2022-09-25 21:00:00,-0.183,-0.062,0.121,-75.0842222,38.6942222,01484670,USGS,IAN,2022,1260.0
2022-09-25 22:00:00,-0.333,-0.156,0.177,-75.0842222,38.6942222,01484670,USGS,IAN,2022,1320.0
2022-09-25 23:00:00,-0.173,-0.106,0.0669999999999999,-75.0842222,38.6942222,01484670,USGS,IAN,2022,1380.0
2022-09-26 00:00:00,0.157,0.054,-0.103,-75.0842222,38.6942222,01484670,USGS,IAN,2022,1440.0
2022-09-26 01:00:00,0.597,0.233,-0.364,-75.0842222,38.6942222,01484670,USGS,IAN,2022,1500.0
2022-09-26 02:00:00,1.007,0.421,-0.5859999999999999,-75.0842222,38.6942222,01484670,USGS,IAN,2022,1560.0
2022-09-26 03:00:00,1.337,0.609,-0.728,-75.0842222,38.6942222,01484670,USGS,IAN,2022,1620.0
2022-09-26 04:00:00,1.387,0.695,-0.6920000000000001,-75.0842222,38.6942222,01484670,USGS,IAN,2022,1680.0
2022-09-26 05:00:00,1.227,0.603,-0.6240000000000001,-75.0842222,38.6942222,01484670,USGS,IAN,2022,1740.0
2022-09-26 06:00:00,0.937,0.453,-0.484,-75.0842222,38.6942222,01484670,USGS,IAN,2022,1800.0
2022-09-26 07:00:00,0.567,0.297,-0.2699999999999999,-75.0842222,38.6942222,01484670,USGS,IAN,2022,1860.0
2022-09-26 08:00:00,0.347,0.133,-0.2139999999999999,-75.0842222,38.6942222,01484670,USGS,IAN,2022,1920.0
2022-09-26 09:00:00,0.097,-0.012,-0.109,-75.0842222,38.6942222,01484670,USGS,IAN,2022,1980.0
2022-09-26 10:00:00,0.007,-0.126,-0.133,-75.0842222,38.6942222,01484670,USGS,IAN,2022,2040.0
2022-09-26 11:00:00,0.247,-0.111,-0.358,-75.0842222,38.6942222,01484670,USGS,IAN,2022,2100.0
2022-09-26 12:00:00,0.577,0.039,-0.5379999999999999,-75.0842222,38.6942222,01484670,USGS,IAN,2022,2160.0
2022-09-26 13:00:00,1.007,0.21,-0.7969999999999999,-75.0842222,38.6942222,01484670,USGS,IAN,2022,2220.0
2022-09-26 14:00:00,1.457,0.404,-1.053,-75.0842222,38.6942222,01484670,USGS,IAN,2022,2280.0
2022-09-26 15:00:00,1.897,0.595,-1.302,-75.0842222,38.6942222,01484670,USGS,IAN,2022,2340.0
2022-09-26 16:00:00,2.047,0.724,-1.3230000000000002,-75.0842222,38.6942222,01484670,USGS,IAN,2022,2400.0
2022-09-26 17:00:00,1.937,0.69,-1.247,-75.0842222,38.6942222,01484670,USGS,IAN,2022,2460.0
2022-09-26 18:00:00,1.647,0.546,-1.101,-75.0842222,38.6942222,01484670,USGS,IAN,2022,2520.0
2022-09-26 19:00:00,1.357,0.386,-0.971,-75.0842222,38.6942222,01484670,USGS,IAN,2022,2580.0
2022-09-26 20:00:00,0.997,0.223,-0.774,-75.0842222,38.6942222,01484670,USGS,IAN,2022,2640.0
2022-09-26 21:00:00,0.697,0.063,-0.6339999999999999,-75.0842222,38.6942222,01484670,USGS,IAN,2022,2700.0
2022-09-26 22:00:00,0.477,-0.075,-0.5519999999999999,-75.0842222,38.6942222,01484670,USGS,IAN,2022,2760.0
2022-09-26 23:00:00,0.437,-0.143,-0.58,-75.0842222,38.6942222,01484670,USGS,IAN,2022,2820.0
2022-09-27 00:00:00,0.707,-0.054,-0.761,-75.0842222,38.6942222,01484670,USGS,IAN,2022,2880.0
2022-09-27 01:00:00,1.047,0.119,-0.928,-75.0842222,38.6942222,01484670,USGS,IAN,2022,2940.0
2022-09-27 02:00:00,1.447,0.302,-1.145,-75.0842222,38.6942222,01484670,USGS,IAN,2022,3000.0
2022-09-27 03:00:00,1.717,0.501,-1.2160000000000002,-75.0842222,38.6942222,01484670,USGS,IAN,2022,3060.0
2022-09-27 04:00:00,1.807,0.644,-1.1629999999999998,-75.0842222,38.6942222,01484670,USGS,IAN,2022,3120.0
2022-09-27 05:00:00,1.577,0.662,-0.915,-75.0842222,38.6942222,01484670,USGS,IAN,2022,3180.0
2022-09-27 06:00:00,1.297,0.528,-0.7689999999999999,-75.0842222,38.6942222,01484670,USGS,IAN,2022,3240.0
2022-09-27 07:00:00,0.977,0.371,-0.606,-75.0842222,38.6942222,01484670,USGS,IAN,2022,3300.0
2022-09-27 08:00:00,0.647,0.211,-0.436,-75.0842222,38.6942222,01484670,USGS,IAN,2022,3360.0
2022-09-27 09:00:00,0.357,0.054,-0.303,-75.0842222,38.6942222,01484670,USGS,IAN,2022,3420.0
2022-09-27 10:00:00,0.107,-0.085,-0.192,-75.0842222,38.6942222,01484670,USGS,IAN,2022,3480.0
2022-09-27 11:00:00,0.107,-0.159,-0.266,-75.0842222,38.6942222,01484670,USGS,IAN,2022,3540.0
2022-09-27 12:00:00,0.337,-0.071,-0.408,-75.0842222,38.6942222,01484670,USGS,IAN,2022,3600.0
2022-09-27 13:00:00,0.707,0.101,-0.606,-75.0842222,38.6942222,01484670,USGS,IAN,2022,3660.0
2022-09-27 14:00:00,1.157,0.303,-0.8540000000000001,-75.0842222,38.6942222,01484670,USGS,IAN,2022,3720.0
2022-09-27 15:00:00,1.577,0.506,-1.071,-75.0842222,38.6942222,01484670,USGS,IAN,2022,3780.0
2022-09-27 16:00:00,1.917,0.695,-1.222,-75.0842222,38.6942222,01484670,USGS,IAN,2022,3840.0
2022-09-27 17:00:00,1.967,0.788,-1.179,-75.0842222,38.6942222,01484670,USGS,IAN,2022,3900.0
2022-09-27 18:00:00,1.727,0.704,-1.023,-75.0842222,38.6942222,01484670,USGS,IAN,2022,3960.0
2022-09-27 19:00:00,1.457,0.551,-0.906,-75.0842222,38.6942222,01484670,USGS,IAN,2022,4020.0
2022-09-27 20:00:00,1.117,0.383,-0.734,-75.0842222,38.6942222,01484670,USGS,IAN,2022,4080.0
2022-09-27 21:00:00,0.787,0.218,-0.5690000000000001,-75.0842222,38.6942222,01484670,USGS,IAN,2022,4140.0
2022-09-27 22:00:00,0.487,0.057,-0.43,-75.0842222,38.6942222,01484670,USGS,IAN,2022,4200.0
2022-09-27 23:00:00,0.317,-0.072,-0.389,-75.0842222,38.6942222,01484670,USGS,IAN,2022,4260.0
2022-09-28 00:00:00,0.417,-0.109,-0.526,-75.0842222,38.6942222,01484670,USGS,IAN,2022,4320.0
2022-09-28 01:00:00,0.697,0.009,-0.688,-75.0842222,38.6942222,01484670,USGS,IAN,2022,4380.0
2022-09-28 02:00:00,1.067,0.189,-0.8779999999999999,-75.0842222,38.6942222,01484670,USGS,IAN,2022,4440.0
2022-09-28 03:00:00,1.427,0.378,-1.049,-75.0842222,38.6942222,01484670,USGS,IAN,2022,4500.0
2022-09-28 04:00:00,1.717,0.567,-1.15,-75.0842222,38.6942222,01484670,USGS,IAN,2022,4560.0
2022-09-28 05:00:00,1.667,0.682,-0.985,-75.0842222,38.6942222,01484670,USGS,IAN,2022,4620.0
2022-09-28 06:00:00,1.397,0.613,-0.784,-75.0842222,38.6942222,01484670,USGS,IAN,2022,4680.0
2022-09-28 07:00:00,1.097,0.471,-0.626,-75.0842222,38.6942222,01484670,USGS,IAN,2022,4740.0
2022-09-28 09:00:00,0.497,0.148,-0.349,-75.0842222,38.6942222,01484670,USGS,IAN,2022,4860.0
2022-09-28 10:00:00,0.217,-0.005,-0.222,-75.0842222,38.6942222,01484670,USGS,IAN,2022,4920.0
2022-09-28 11:00:00,-0.003,-0.132,-0.129,-75.0842222,38.6942222,01484670,USGS,IAN,2022,4980.0
2022-09-28 12:00:00,0.117,-0.152,-0.269,-75.0842222,38.6942222,01484670,USGS,IAN,2022,5040.0
2022-09-28 13:00:00,0.377,-0.008,-0.385,-75.0842222,38.6942222,01484670,USGS,IAN,2022,5100.0
2022-09-28 14:00:00,0.787,0.174,-0.613,-75.0842222,38.6942222,01484670,USGS,IAN,2022,5160.0
2022-09-28 15:00:00,1.207,0.377,-0.8300000000000001,-75.0842222,38.6942222,01484670,USGS,IAN,2022,5220.0
2022-09-28 16:00:00,1.617,0.581,-1.036,-75.0842222,38.6942222,01484670,USGS,IAN,2022,5280.0
2022-09-28 17:00:00,1.867,0.777,-1.09,-75.0842222,38.6942222,01484670,USGS,IAN,2022,5340.0
2022-09-28 18:00:00,1.727,0.825,-0.902,-75.0842222,38.6942222,01484670,USGS,IAN,2022,5400.0
2022-09-28 19:00:00,1.457,0.711,-0.7460000000000001,-75.0842222,38.6942222,01484670,USGS,IAN,2022,5460.0
2022-09-28 20:00:00,1.137,0.552,-0.585,-75.0842222,38.6942222,01484670,USGS,IAN,2022,5520.0
2022-09-28 21:00:00,0.797,0.38,-0.417,-75.0842222,38.6942222,01484670,USGS,IAN,2022,5580.0
2022-09-28 22:00:00,0.477,0.212,-0.265,-75.0842222,38.6942222,01484670,USGS,IAN,2022,5640.0
2022-09-28 23:00:00,0.237,0.055,-0.182,-75.0842222,38.6942222,01484670,USGS,IAN,2022,5700.0
2022-09-29 00:00:00,0.057,-0.066,-0.123,-75.0842222,38.6942222,01484670,USGS,IAN,2022,5760.0
2022-09-29 01:00:00,0.167,-0.073,-0.24,-75.0842222,38.6942222,01484670,USGS,IAN,2022,5820.0
2022-09-29 02:00:00,0.437,0.062,-0.375,-75.0842222,38.6942222,01484670,USGS,IAN,2022,5880.0
2022-09-29 03:00:00,0.787,0.247,-0.54,-75.0842222,38.6942222,01484670,USGS,IAN,2022,5940.0
2022-09-29 04:00:00,1.087,0.45,-0.637,-75.0842222,38.6942222,01484670,USGS,IAN,2022,6000.0
2022-09-29 05:00:00,1.297,0.625,-0.6719999999999999,-75.0842222,38.6942222,01484670,USGS,IAN,2022,6060.0
2022-09-29 06:00:00,1.167,0.686,-0.481,-75.0842222,38.6942222,01484670,USGS,IAN,2022,6120.0
2022-09-29 07:00:00,0.917,0.575,-0.3420000000000001,-75.0842222,38.6942222,01484670,USGS,IAN,2022,6180.0
2022-09-29 08:00:00,0.637,0.422,-0.215,-75.0842222,38.6942222,01484670,USGS,IAN,2022,6240.0
2022-09-29 09:00:00,0.347,0.259,-0.0879999999999999,-75.0842222,38.6942222,01484670,USGS,IAN,2022,6300.0
2022-09-29 10:00:00,0.057,0.105,0.0479999999999999,-75.0842222,38.6942222,01484670,USGS,IAN,2022,6360.0
2022-09-29 11:00:00,-0.163,-0.041,0.122,-75.0842222,38.6942222,01484670,USGS,IAN,2022,6420.0
2022-09-29 12:00:00,-0.263,-0.144,0.119,-75.0842222,38.6942222,01484670,USGS,IAN,2022,6480.0
2022-09-29 13:00:00,-0.093,-0.102,-0.0089999999999999,-75.0842222,38.6942222,01484670,USGS,IAN,2022,6540.0
2022-09-29 14:00:00,0.297,0.063,-0.2339999999999999,-75.0842222,38.6942222,01484670,USGS,IAN,2022,6600.0
2022-09-29 15:00:00,0.747,0.258,-0.489,-75.0842222,38.6942222,01484670,USGS,IAN,2022,6660.0
2022-09-29 16:00:00,1.257,0.459,-0.7979999999999998,-75.0842222,38.6942222,01484670,USGS,IAN,2022,6720.0
2022-09-29 17:00:00,1.697,0.67,-1.027,-75.0842222,38.6942222,01484670,USGS,IAN,2022,6780.0
2022-09-29 18:00:00,2.007,0.851,-1.156,-75.0842222,38.6942222,01484670,USGS,IAN,2022,6840.0
2022-09-29 19:00:00,1.947,0.868,-1.0790000000000002,-75.0842222,38.6942222,01484670,USGS,IAN,2022,6900.0
2022-09-29 20:00:00,1.717,0.738,-0.979,-75.0842222,38.6942222,01484670,USGS,IAN,2022,6960.0
2022-09-29 21:00:00,1.407,0.575,-0.8320000000000001,-75.0842222,38.6942222,01484670,USGS,IAN,2022,7020.0
2022-09-29 22:00:00,1.077,0.407,-0.6699999999999999,-75.0842222,38.6942222,01484670,USGS,IAN,2022,7080.0
2022-09-29 23:00:00,0.777,0.235,-0.542,-75.0842222,38.6942222,01484670,USGS,IAN,2022,7140.0
2022-09-30 00:00:00,0.507,0.087,-0.42,-75.0842222,38.6942222,01484670,USGS,IAN,2022,7200.0
2022-09-30 01:00:00,0.387,-0.025,-0.412,-75.0842222,38.6942222,01484670,USGS,IAN,2022,7260.0
2022-09-30 02:00:00,0.587,0.003,-0.584,-75.0842222,38.6942222,01484670,USGS,IAN,2022,7320.0
2022-09-30 03:00:00,0.907,0.156,-0.751,-75.0842222,38.6942222,01484670,USGS,IAN,2022,7380.0
2022-09-30 04:00:00,1.287,0.343,-0.944,-75.0842222,38.6942222,01484670,USGS,IAN,2022,7440.0
2022-09-30 05:00:00,1.587,0.541,-1.0459999999999998,-75.0842222,38.6942222,01484670,USGS,IAN,2022,7500.0
2022-09-30 06:00:00,1.757,0.693,-1.064,-75.0842222,38.6942222,01484670,USGS,IAN,2022,7560.0
2022-09-30 07:00:00,1.597,0.7,-0.897,-75.0842222,38.6942222,01484670,USGS,IAN,2022,7620.0
2022-09-30 08:00:00,1.357,0.575,-0.782,-75.0842222,38.6942222,01484670,USGS,IAN,2022,7680.0
2022-09-30 09:00:00,1.037,0.426,-0.611,-75.0842222,38.6942222,01484670,USGS,IAN,2022,7740.0
2022-09-30 10:00:00,0.727,0.267,-0.4599999999999999,-75.0842222,38.6942222,01484670,USGS,IAN,2022,7800.0
2022-09-30 11:00:00,0.497,0.114,-0.383,-75.0842222,38.6942222,01484670,USGS,IAN,2022,7860.0
2022-09-30 12:00:00,0.327,-0.023,-0.35,-75.0842222,38.6942222,01484670,USGS,IAN,2022,7920.0
2022-09-30 13:00:00,0.397,-0.106,-0.503,-75.0842222,38.6942222,01484670,USGS,IAN,2022,7980.0
2022-09-30 14:00:00,0.687,-0.025,-0.7120000000000001,-75.0842222,38.6942222,01484670,USGS,IAN,2022,8040.0
2022-09-30 15:00:00,1.097,0.142,-0.955,-75.0842222,38.6942222,01484670,USGS,IAN,2022,8100.0
2022-09-30 16:00:00,1.527,0.34,-1.1869999999999998,-75.0842222,38.6942222,01484670,USGS,IAN,2022,8160.0
2022-09-30 17:00:00,1.967,0.539,-1.428,-75.0842222,38.6942222,01484670,USGS,IAN,2022,8220.0
2022-09-30 18:00:00,2.377,0.742,-1.6349999999999998,-75.0842222,38.6942222,01484670,USGS,IAN,2022,8280.0
2022-09-30 19:00:00,2.527,0.909,-1.618,-75.0842222,38.6942222,01484670,USGS,IAN,2022,8340.0
2022-09-30 20:00:00,2.377,0.896,-1.481,-75.0842222,38.6942222,01484670,USGS,IAN,2022,8400.0
2022-09-30 21:00:00,2.097,0.762,-1.335,-75.0842222,38.6942222,01484670,USGS,IAN,2022,8460.0
2022-09-30 22:00:00,1.747,0.601,-1.146,-75.0842222,38.6942222,01484670,USGS,IAN,2022,8520.0
2022-09-30 23:00:00,1.387,0.443,-0.944,-75.0842222,38.6942222,01484670,USGS,IAN,2022,8580.0
2022-10-01 00:00:00,1.017,0.283,-0.734,-75.0842222,38.6942222,01484670,USGS,IAN,2022,8640.0
2022-10-01 01:00:00,0.857,0.139,-0.718,-75.0842222,38.6942222,01484670,USGS,IAN,2022,8700.0
2022-10-01 02:00:00,0.977,0.05,-0.927,-75.0842222,38.6942222,01484670,USGS,IAN,2022,8760.0
2022-10-01 03:00:00,1.357,0.098,-1.259,-75.0842222,38.6942222,01484670,USGS,IAN,2022,8820.0
2022-10-01 04:00:00,1.627,0.26,-1.367,-75.0842222,38.6942222,01484670,USGS,IAN,2022,8880.0
2022-10-01 05:00:00,1.997,0.449,-1.548,-75.0842222,38.6942222,01484670,USGS,IAN,2022,8940.0
2022-10-01 06:00:00,2.367,0.645,-1.722,-75.0842222,38.6942222,01484670,USGS,IAN,2022,9000.0
2022-10-01 07:00:00,2.477,0.773,-1.7039999999999995,-75.0842222,38.6942222,01484670,USGS,IAN,2022,9060.0
2022-10-01 08:00:00,2.557,0.762,-1.795,-75.0842222,38.6942222,01484670,USGS,IAN,2022,9120.0
2022-10-01 09:00:00,2.357,0.633,-1.7240000000000002,-75.0842222,38.6942222,01484670,USGS,IAN,2022,9180.0
2022-10-01 10:00:00,2.027,0.489,-1.5380000000000005,-75.0842222,38.6942222,01484670,USGS,IAN,2022,9240.0
2022-10-01 11:00:00,1.887,0.324,-1.563,-75.0842222,38.6942222,01484670,USGS,IAN,2022,9300.0
2022-10-01 12:00:00,1.617,0.163,-1.454,-75.0842222,38.6942222,01484670,USGS,IAN,2022,9360.0
2022-10-01 13:00:00,1.377,0.043,-1.334,-75.0842222,38.6942222,01484670,USGS,IAN,2022,9420.0
2022-10-01 14:00:00,1.467,0.013,-1.4540000000000002,-75.0842222,38.6942222,01484670,USGS,IAN,2022,9480.0
2022-10-01 15:00:00,1.837,0.128,-1.709,-75.0842222,38.6942222,01484670,USGS,IAN,2022,9540.0
2022-10-01 16:00:00,2.237,0.296,-1.941,-75.0842222,38.6942222,01484670,USGS,IAN,2022,9600.0
2022-10-01 17:00:00,2.607,0.479,-2.128,-75.0842222,38.6942222,01484670,USGS,IAN,2022,9660.0
2022-10-01 18:00:00,2.977,0.667,-2.31,-75.0842222,38.6942222,01484670,USGS,IAN,2022,9720.0
2022-10-01 19:00:00,3.287,0.857,-2.43,-75.0842222,38.6942222,01484670,USGS,IAN,2022,9780.0
2022-10-01 20:00:00,3.267,0.954,-2.313,-75.0842222,38.6942222,01484670,USGS,IAN,2022,9840.0
2022-10-01 21:00:00,3.017,0.871,-2.146,-75.0842222,38.6942222,01484670,USGS,IAN,2022,9900.0
2022-10-01 22:00:00,2.707,0.724,-1.983,-75.0842222,38.6942222,01484670,USGS,IAN,2022,9960.0
2022-10-01 23:00:00,2.377,0.569,-1.808,-75.0842222,38.6942222,01484670,USGS,IAN,2022,10020.0
2022-09-25 01:00:00,1.844,1.286,-0.558,-75.068,38.6098333,01484683,USGS,IAN,2022,60.0
2022-09-25 02:00:00,1.514,0.893,-0.621,-75.068,38.6098333,01484683,USGS,IAN,2022,120.0
2022-09-25 03:00:00,0.844,0.073,-0.771,-75.068,38.6098333,01484683,USGS,IAN,2022,180.0
2022-09-25 04:00:00,0.154,-0.741,-0.895,-75.068,38.6098333,01484683,USGS,IAN,2022,240.0
2022-09-25 05:00:00,-0.546,-1.272,-0.726,-75.068,38.6098333,01484683,USGS,IAN,2022,300.0
2022-09-25 06:00:00,-0.986,-1.572,-0.5860000000000001,-75.068,38.6098333,01484683,USGS,IAN,2022,360.0
2022-09-25 07:00:00,-1.076,-1.318,-0.242,-75.068,38.6098333,01484683,USGS,IAN,2022,420.0
2022-09-25 08:00:00,-0.806,-0.764,0.042,-75.068,38.6098333,01484683,USGS,IAN,2022,480.0
2022-09-25 09:00:00,-0.246,-0.013,0.2329999999999999,-75.068,38.6098333,01484683,USGS,IAN,2022,540.0
2022-09-25 10:00:00,0.304,0.817,0.5129999999999999,-75.068,38.6098333,01484683,USGS,IAN,2022,600.0
2022-09-25 11:00:00,0.714,1.304,0.5900000000000001,-75.068,38.6098333,01484683,USGS,IAN,2022,660.0
2022-09-25 12:00:00,1.094,1.317,0.2229999999999998,-75.068,38.6098333,01484683,USGS,IAN,2022,720.0
2022-09-25 13:00:00,1.324,1.328,0.004,-75.068,38.6098333,01484683,USGS,IAN,2022,780.0
2022-09-25 14:00:00,1.004,0.993,-0.011,-75.068,38.6098333,01484683,USGS,IAN,2022,840.0
2022-09-25 15:00:00,0.404,0.248,-0.156,-75.068,38.6098333,01484683,USGS,IAN,2022,900.0
2022-09-25 16:00:00,-0.346,-0.64,-0.294,-75.068,38.6098333,01484683,USGS,IAN,2022,960.0
2022-09-25 17:00:00,-1.136,-1.407,-0.2710000000000001,-75.068,38.6098333,01484683,USGS,IAN,2022,1020.0
2022-09-25 18:00:00,-1.656,-1.719,-0.0630000000000001,-75.068,38.6098333,01484683,USGS,IAN,2022,1080.0
2022-09-25 19:00:00,-1.706,-1.565,0.141,-75.068,38.6098333,01484683,USGS,IAN,2022,1140.0
2022-09-25 20:00:00,-1.356,-1.05,0.306,-75.068,38.6098333,01484683,USGS,IAN,2022,1200.0
2022-09-25 21:00:00,-0.816,-0.277,0.5389999999999999,-75.068,38.6098333,01484683,USGS,IAN,2022,1260.0
2022-09-25 22:00:00,-0.056,0.597,0.653,-75.068,38.6098333,01484683,USGS,IAN,2022,1320.0
2022-09-25 23:00:00,0.574,1.233,0.6590000000000001,-75.068,38.6098333,01484683,USGS,IAN,2022,1380.0
2022-09-26 00:00:00,1.194,1.33,0.1360000000000001,-75.068,38.6098333,01484683,USGS,IAN,2022,1440.0
2022-09-26 01:00:00,1.304,1.29,-0.014,-75.068,38.6098333,01484683,USGS,IAN,2022,1500.0
2022-09-26 02:00:00,1.124,1.157,0.0329999999999999,-75.068,38.6098333,01484683,USGS,IAN,2022,1560.0
2022-09-26 03:00:00,1.214,0.579,-0.635,-75.068,38.6098333,01484683,USGS,IAN,2022,1620.0
2022-09-26 04:00:00,0.384,-0.334,-0.718,-75.068,38.6098333,01484683,USGS,IAN,2022,1680.0
2022-09-26 05:00:00,-0.306,-1.001,-0.6949999999999998,-75.068,38.6098333,01484683,USGS,IAN,2022,1740.0
2022-09-26 06:00:00,-0.986,-1.643,-0.657,-75.068,38.6098333,01484683,USGS,IAN,2022,1800.0
2022-09-26 07:00:00,-1.066,-1.633,-0.567,-75.068,38.6098333,01484683,USGS,IAN,2022,1860.0
2022-09-26 08:00:00,-0.756,-1.17,-0.4139999999999999,-75.068,38.6098333,01484683,USGS,IAN,2022,1920.0
2022-09-26 09:00:00,-0.406,-0.449,-0.0429999999999999,-75.068,38.6098333,01484683,USGS,IAN,2022,1980.0
2022-09-26 10:00:00,0.414,0.434,0.02,-75.068,38.6098333,01484683,USGS,IAN,2022,2040.0
2022-09-26 11:00:00,1.084,1.195,0.1109999999999999,-75.068,38.6098333,01484683,USGS,IAN,2022,2100.0
2022-09-26 12:00:00,1.624,1.347,-0.2770000000000001,-75.068,38.6098333,01484683,USGS,IAN,2022,2160.0
2022-09-26 13:00:00,1.964,1.475,-0.4889999999999999,-75.068,38.6098333,01484683,USGS,IAN,2022,2220.0
2022-09-26 14:00:00,2.104,1.303,-0.8010000000000002,-75.068,38.6098333,01484683,USGS,IAN,2022,2280.0
2022-09-26 15:00:00,1.994,0.924,-1.0699999999999998,-75.068,38.6098333,01484683,USGS,IAN,2022,2340.0
2022-09-26 16:00:00,1.204,-0.02,-1.224,-75.068,38.6098333,01484683,USGS,IAN,2022,2400.0
2022-09-26 17:00:00,0.494,-0.873,-1.367,-75.068,38.6098333,01484683,USGS,IAN,2022,2460.0
2022-09-26 18:00:00,-0.206,-1.637,-1.431,-75.068,38.6098333,01484683,USGS,IAN,2022,2520.0
2022-09-26 19:00:00,-0.586,-1.837,-1.251,-75.068,38.6098333,01484683,USGS,IAN,2022,2580.0
2022-09-26 20:00:00,-0.556,-1.53,-0.974,-75.068,38.6098333,01484683,USGS,IAN,2022,2640.0
2022-09-26 21:00:00,-0.276,-0.867,-0.591,-75.068,38.6098333,01484683,USGS,IAN,2022,2700.0
2022-09-26 22:00:00,0.264,-0.049,-0.313,-75.068,38.6098333,01484683,USGS,IAN,2022,2760.0
2022-09-26 23:00:00,0.824,0.857,0.033,-75.068,38.6098333,01484683,USGS,IAN,2022,2820.0
2022-09-27 00:00:00,1.244,1.297,0.0529999999999999,-75.068,38.6098333,01484683,USGS,IAN,2022,2880.0
2022-09-27 01:00:00,1.644,1.343,-0.3009999999999999,-75.068,38.6098333,01484683,USGS,IAN,2022,2940.0
2022-09-27 02:00:00,1.714,1.337,-0.377,-75.068,38.6098333,01484683,USGS,IAN,2022,3000.0
2022-09-27 03:00:00,1.424,1.002,-0.4219999999999999,-75.068,38.6098333,01484683,USGS,IAN,2022,3060.0
2022-09-27 04:00:00,0.844,0.194,-0.6499999999999999,-75.068,38.6098333,01484683,USGS,IAN,2022,3120.0
2022-09-27 05:00:00,0.044,-0.741,-0.785,-75.068,38.6098333,01484683,USGS,IAN,2022,3180.0
2022-09-27 06:00:00,-0.696,-1.549,-0.853,-75.068,38.6098333,01484683,USGS,IAN,2022,3240.0
2022-09-27 07:00:00,-1.176,-1.811,-0.635,-75.068,38.6098333,01484683,USGS,IAN,2022,3300.0
2022-09-27 08:00:00,-1.156,-1.586,-0.4300000000000001,-75.068,38.6098333,01484683,USGS,IAN,2022,3360.0
2022-09-27 09:00:00,-0.776,-0.839,-0.0629999999999999,-75.068,38.6098333,01484683,USGS,IAN,2022,3420.0
2022-09-27 10:00:00,-0.066,-0.106,-0.0399999999999999,-75.068,38.6098333,01484683,USGS,IAN,2022,3480.0
2022-09-27 11:00:00,0.554,0.899,0.345,-75.068,38.6098333,01484683,USGS,IAN,2022,3540.0
2022-09-27 12:00:00,1.264,1.28,0.016,-75.068,38.6098333,01484683,USGS,IAN,2022,3600.0
2022-09-27 13:00:00,1.784,1.354,-0.4299999999999999,-75.068,38.6098333,01484683,USGS,IAN,2022,3660.0
2022-09-27 14:00:00,2.024,1.22,-0.804,-75.068,38.6098333,01484683,USGS,IAN,2022,3720.0
2022-09-27 15:00:00,2.064,1.312,-0.752,-75.068,38.6098333,01484683,USGS,IAN,2022,3780.0
2022-09-27 16:00:00,1.554,0.725,-0.8290000000000001,-75.068,38.6098333,01484683,USGS,IAN,2022,3840.0
2022-09-27 17:00:00,0.904,-0.303,-1.207,-75.068,38.6098333,01484683,USGS,IAN,2022,3900.0
2022-09-27 18:00:00,0.244,-1.052,-1.296,-75.068,38.6098333,01484683,USGS,IAN,2022,3960.0
2022-09-27 19:00:00,-0.526,-1.811,-1.285,-75.068,38.6098333,01484683,USGS,IAN,2022,4020.0
2022-09-27 20:00:00,-0.766,-1.851,-1.085,-75.068,38.6098333,01484683,USGS,IAN,2022,4080.0
2022-09-27 21:00:00,-0.636,-1.406,-0.7699999999999999,-75.068,38.6098333,01484683,USGS,IAN,2022,4140.0
2022-09-27 22:00:00,-0.156,-0.706,-0.5499999999999999,-75.068,38.6098333,01484683,USGS,IAN,2022,4200.0
2022-09-27 23:00:00,0.394,0.193,-0.201,-75.068,38.6098333,01484683,USGS,IAN,2022,4260.0
2022-09-28 00:00:00,0.904,1.018,0.1139999999999999,-75.068,38.6098333,01484683,USGS,IAN,2022,4320.0
2022-09-28 01:00:00,1.404,1.308,-0.0959999999999998,-75.068,38.6098333,01484683,USGS,IAN,2022,4380.0
2022-09-28 02:00:00,1.634,1.353,-0.2809999999999999,-75.068,38.6098333,01484683,USGS,IAN,2022,4440.0
2022-09-28 03:00:00,1.584,1.214,-0.3700000000000001,-75.068,38.6098333,01484683,USGS,IAN,2022,4500.0
2022-09-28 04:00:00,1.214,0.713,-0.501,-75.068,38.6098333,01484683,USGS,IAN,2022,4560.0
2022-09-28 05:00:00,0.514,-0.189,-0.7030000000000001,-75.068,38.6098333,01484683,USGS,IAN,2022,4620.0
2022-09-28 06:00:00,-0.316,-0.952,-0.6359999999999999,-75.068,38.6098333,01484683,USGS,IAN,2022,4680.0
2022-09-28 07:00:00,-1.076,-1.714,-0.6379999999999999,-75.068,38.6098333,01484683,USGS,IAN,2022,4740.0
2022-09-28 08:00:00,-1.326,-1.835,-0.5089999999999999,-75.068,38.6098333,01484683,USGS,IAN,2022,4800.0
2022-09-28 09:00:00,-1.006,-1.431,-0.425,-75.068,38.6098333,01484683,USGS,IAN,2022,4860.0
2022-09-28 10:00:00,-0.536,-0.722,-0.1859999999999999,-75.068,38.6098333,01484683,USGS,IAN,2022,4920.0
2022-09-28 11:00:00,0.104,0.265,0.161,-75.068,38.6098333,01484683,USGS,IAN,2022,4980.0
2022-09-28 12:00:00,0.794,1.192,0.3979999999999999,-75.068,38.6098333,01484683,USGS,IAN,2022,5040.0
2022-09-28 13:00:00,1.444,1.224,-0.2199999999999999,-75.068,38.6098333,01484683,USGS,IAN,2022,5100.0
2022-09-28 14:00:00,1.854,1.387,-0.4670000000000001,-75.068,38.6098333,01484683,USGS,IAN,2022,5160.0
2022-09-28 15:00:00,1.954,1.27,-0.6839999999999999,-75.068,38.6098333,01484683,USGS,IAN,2022,5220.0
2022-09-28 16:00:00,1.834,1.296,-0.538,-75.068,38.6098333,01484683,USGS,IAN,2022,5280.0
2022-09-28 17:00:00,1.124,0.524,-0.6000000000000001,-75.068,38.6098333,01484683,USGS,IAN,2022,5340.0
2022-09-28 18:00:00,0.424,-0.521,-0.945,-75.068,38.6098333,01484683,USGS,IAN,2022,5400.0
2022-09-28 19:00:00,-0.426,-1.517,-1.091,-75.068,38.6098333,01484683,USGS,IAN,2022,5460.0
2022-09-28 20:00:00,-1.026,-1.856,-0.8300000000000001,-75.068,38.6098333,01484683,USGS,IAN,2022,5520.0
2022-09-28 21:00:00,-1.096,-1.772,-0.6759999999999999,-75.068,38.6098333,01484683,USGS,IAN,2022,5580.0
2022-09-28 22:00:00,-0.976,-1.237,-0.2610000000000001,-75.068,38.6098333,01484683,USGS,IAN,2022,5640.0
2022-09-28 23:00:00,-0.436,-0.474,-0.0379999999999999,-75.068,38.6098333,01484683,USGS,IAN,2022,5700.0
2022-09-29 00:00:00,0.164,0.386,0.222,-75.068,38.6098333,01484683,USGS,IAN,2022,5760.0
2022-09-29 01:00:00,0.724,1.109,0.385,-75.068,38.6098333,01484683,USGS,IAN,2022,5820.0
2022-09-29 02:00:00,1.124,1.307,0.1829999999999998,-75.068,38.6098333,01484683,USGS,IAN,2022,5880.0
2022-09-29 03:00:00,1.304,1.345,0.0409999999999999,-75.068,38.6098333,01484683,USGS,IAN,2022,5940.0
2022-09-29 04:00:00,1.214,1.075,-0.139,-75.068,38.6098333,01484683,USGS,IAN,2022,6000.0
2022-09-29 05:00:00,0.744,0.448,-0.296,-75.068,38.6098333,01484683,USGS,IAN,2022,6060.0
2022-09-29 06:00:00,0.084,-0.461,-0.545,-75.068,38.6098333,01484683,USGS,IAN,2022,6120.0
2022-09-29 07:00:00,-0.606,-1.07,-0.4640000000000001,-75.068,38.6098333,01484683,USGS,IAN,2022,6180.0
2022-09-29 08:00:00,-1.096,-1.721,-0.625,-75.068,38.6098333,01484683,USGS,IAN,2022,6240.0
2022-09-29 09:00:00,-1.166,-1.641,-0.4750000000000001,-75.068,38.6098333,01484683,USGS,IAN,2022,6300.0
2022-09-29 10:00:00,-0.776,-1.133,-0.357,-75.068,38.6098333,01484683,USGS,IAN,2022,6360.0
2022-09-29 11:00:00,-0.186,-0.365,-0.179,-75.068,38.6098333,01484683,USGS,IAN,2022,6420.0
2022-09-29 12:00:00,0.504,0.631,0.127,-75.068,38.6098333,01484683,USGS,IAN,2022,6480.0
2022-09-29 13:00:00,1.204,1.247,0.0430000000000001,-75.068,38.6098333,01484683,USGS,IAN,2022,6540.0
2022-09-29 14:00:00,1.774,1.408,-0.3660000000000001,-75.068,38.6098333,01484683,USGS,IAN,2022,6600.0
2022-09-29 15:00:00,2.254,1.424,-0.8300000000000001,-75.068,38.6098333,01484683,USGS,IAN,2022,6660.0
2022-09-29 16:00:00,2.334,1.373,-0.961,-75.068,38.6098333,01484683,USGS,IAN,2022,6720.0
2022-09-29 17:00:00,2.184,1.29,-0.8940000000000001,-75.068,38.6098333,01484683,USGS,IAN,2022,6780.0
2022-09-29 18:00:00,1.564,0.48,-1.084,-75.068,38.6098333,01484683,USGS,IAN,2022,6840.0
2022-09-29 19:00:00,0.834,-0.547,-1.381,-75.068,38.6098333,01484683,USGS,IAN,2022,6900.0
2022-09-29 20:00:00,0.094,-1.496,-1.59,-75.068,38.6098333,01484683,USGS,IAN,2022,6960.0
2022-09-29 21:00:00,-0.356,-1.757,-1.4009999999999998,-75.068,38.6098333,01484683,USGS,IAN,2022,7020.0
2022-09-29 22:00:00,-0.436,-1.601,-1.165,-75.068,38.6098333,01484683,USGS,IAN,2022,7080.0
2022-09-29 23:00:00,-0.186,-1.016,-0.8300000000000001,-75.068,38.6098333,01484683,USGS,IAN,2022,7140.0
2022-09-30 00:00:00,0.274,-0.256,-0.53,-75.068,38.6098333,01484683,USGS,IAN,2022,7200.0
2022-09-30 01:00:00,0.794,0.588,-0.206,-75.068,38.6098333,01484683,USGS,IAN,2022,7260.0
2022-09-30 02:00:00,1.324,1.187,-0.137,-75.068,38.6098333,01484683,USGS,IAN,2022,7320.0
2022-09-30 03:00:00,1.674,1.253,-0.421,-75.068,38.6098333,01484683,USGS,IAN,2022,7380.0
2022-09-30 04:00:00,1.844,1.319,-0.5250000000000001,-75.068,38.6098333,01484683,USGS,IAN,2022,7440.0
2022-09-30 05:00:00,1.744,0.983,-0.761,-75.068,38.6098333,01484683,USGS,IAN,2022,7500.0
2022-09-30 06:00:00,1.224,0.255,-0.969,-75.068,38.6098333,01484683,USGS,IAN,2022,7560.0
2022-09-30 07:00:00,0.634,-0.587,-1.221,-75.068,38.6098333,01484683,USGS,IAN,2022,7620.0
2022-09-30 08:00:00,0.074,-1.595,-1.669,-75.068,38.6098333,01484683,USGS,IAN,2022,7680.0
2022-09-30 09:00:00,-0.246,-1.664,-1.418,-75.068,38.6098333,01484683,USGS,IAN,2022,7740.0
2022-09-30 10:00:00,-0.256,-1.496,-1.24,-75.068,38.6098333,01484683,USGS,IAN,2022,7800.0
2022-09-30 11:00:00,-0.026,-0.926,-0.9,-75.068,38.6098333,01484683,USGS,IAN,2022,7860.0
2022-09-30 12:00:00,0.524,-0.13,-0.654,-75.068,38.6098333,01484683,USGS,IAN,2022,7920.0
2022-09-30 13:00:00,1.144,0.871,-0.2729999999999999,-75.068,38.6098333,01484683,USGS,IAN,2022,7980.0
2022-09-30 14:00:00,1.794,1.309,-0.4850000000000001,-75.068,38.6098333,01484683,USGS,IAN,2022,8040.0
2022-09-30 15:00:00,2.334,1.55,-0.784,-75.068,38.6098333,01484683,USGS,IAN,2022,8100.0
2022-09-30 16:00:00,2.654,1.392,-1.262,-75.068,38.6098333,01484683,USGS,IAN,2022,8160.0
2022-09-30 17:00:00,2.764,1.404,-1.36,-75.068,38.6098333,01484683,USGS,IAN,2022,8220.0
2022-09-30 18:00:00,2.634,1.226,-1.408,-75.068,38.6098333,01484683,USGS,IAN,2022,8280.0
2022-09-30 19:00:00,2.004,0.397,-1.607,-75.068,38.6098333,01484683,USGS,IAN,2022,8340.0
2022-09-30 20:00:00,1.504,-0.553,-2.057,-75.068,38.6098333,01484683,USGS,IAN,2022,8400.0
2022-09-30 21:00:00,0.804,-1.082,-1.886,-75.068,38.6098333,01484683,USGS,IAN,2022,8460.0
2022-09-30 22:00:00,0.504,-1.561,-2.065,-75.068,38.6098333,01484683,USGS,IAN,2022,8520.0
2022-09-30 23:00:00,0.444,-1.383,-1.827,-75.068,38.6098333,01484683,USGS,IAN,2022,8580.0
2022-10-01 00:00:00,0.784,-0.896,-1.6800000000000002,-75.068,38.6098333,01484683,USGS,IAN,2022,8640.0
2022-10-01 01:00:00,1.144,-0.154,-1.2979999999999998,-75.068,38.6098333,01484683,USGS,IAN,2022,8700.0
2022-10-01 02:00:00,1.634,0.595,-1.039,-75.068,38.6098333,01484683,USGS,IAN,2022,8760.0
2022-10-01 03:00:00,2.294,1.181,-1.113,-75.068,38.6098333,01484683,USGS,IAN,2022,8820.0
2022-10-01 04:00:00,2.434,1.366,-1.068,-75.068,38.6098333,01484683,USGS,IAN,2022,8880.0
2022-10-01 05:00:00,2.764,1.301,-1.463,-75.068,38.6098333,01484683,USGS,IAN,2022,8940.0
2022-10-01 06:00:00,2.744,0.92,-1.8240000000000005,-75.068,38.6098333,01484683,USGS,IAN,2022,9000.0
2022-10-01 07:00:00,2.384,0.135,-2.249,-75.068,38.6098333,01484683,USGS,IAN,2022,9060.0
2022-10-01 08:00:00,1.994,-0.726,-2.72,-75.068,38.6098333,01484683,USGS,IAN,2022,9120.0
2022-10-01 09:00:00,1.364,-1.398,-2.762,-75.068,38.6098333,01484683,USGS,IAN,2022,9180.0
2022-10-01 10:00:00,1.114,-1.511,-2.625,-75.068,38.6098333,01484683,USGS,IAN,2022,9240.0
2022-10-01 11:00:00,1.034,-1.27,-2.3040000000000003,-75.068,38.6098333,01484683,USGS,IAN,2022,9300.0
2022-10-01 12:00:00,1.334,-0.707,-2.041,-75.068,38.6098333,01484683,USGS,IAN,2022,9360.0
2022-10-01 13:00:00,1.614,0.124,-1.4900000000000002,-75.068,38.6098333,01484683,USGS,IAN,2022,9420.0
2022-10-01 14:00:00,2.114,1.147,-0.967,-75.068,38.6098333,01484683,USGS,IAN,2022,9480.0
2022-10-01 15:00:00,2.604,1.207,-1.397,-75.068,38.6098333,01484683,USGS,IAN,2022,9540.0
2022-10-01 16:00:00,2.934,1.362,-1.572,-75.068,38.6098333,01484683,USGS,IAN,2022,9600.0
2022-10-01 17:00:00,3.224,1.375,-1.849,-75.068,38.6098333,01484683,USGS,IAN,2022,9660.0
2022-10-01 18:00:00,3.234,1.355,-1.879,-75.068,38.6098333,01484683,USGS,IAN,2022,9720.0
2022-10-01 19:00:00,3.084,1.021,-2.063,-75.068,38.6098333,01484683,USGS,IAN,2022,9780.0
2022-10-01 20:00:00,2.344,0.176,-2.168,-75.068,38.6098333,01484683,USGS,IAN,2022,9840.0
2022-10-01 21:00:00,1.774,-0.698,-2.472,-75.068,38.6098333,01484683,USGS,IAN,2022,9900.0
2022-10-01 22:00:00,1.174,-1.086,-2.26,-75.068,38.6098333,01484683,USGS,IAN,2022,9960.0
2022-10-01 23:00:00,0.844,-1.371,-2.215,-75.068,38.6098333,01484683,USGS,IAN,2022,10020.0
2022-09-25 01:00:00,1.062,0.116,-0.946,-75.0583333,38.4549722,01484701,USGS,IAN,2022,60.0
2022-09-25 02:00:00,1.202,0.189,-1.013,-75.0583333,38.4549722,01484701,USGS,IAN,2022,120.0
2022-09-25 03:00:00,1.262,0.251,-1.011,-75.0583333,38.4549722,01484701,USGS,IAN,2022,180.0
2022-09-25 04:00:00,1.202,0.285,-0.917,-75.0583333,38.4549722,01484701,USGS,IAN,2022,240.0
2022-09-25 05:00:00,1.082,0.282,-0.8,-75.0583333,38.4549722,01484701,USGS,IAN,2022,300.0
2022-09-25 06:00:00,0.932,0.247,-0.685,-75.0583333,38.4549722,01484701,USGS,IAN,2022,360.0
2022-09-25 07:00:00,0.772,0.192,-0.5800000000000001,-75.0583333,38.4549722,01484701,USGS,IAN,2022,420.0
2022-09-25 08:00:00,0.612,0.133,-0.479,-75.0583333,38.4549722,01484701,USGS,IAN,2022,480.0
2022-09-25 09:00:00,0.472,0.077,-0.3949999999999999,-75.0583333,38.4549722,01484701,USGS,IAN,2022,540.0
2022-09-25 10:00:00,0.402,0.04,-0.362,-75.0583333,38.4549722,01484701,USGS,IAN,2022,600.0
2022-09-25 11:00:00,0.442,0.04,-0.402,-75.0583333,38.4549722,01484701,USGS,IAN,2022,660.0
2022-09-25 12:00:00,0.582,0.069,-0.5129999999999999,-75.0583333,38.4549722,01484701,USGS,IAN,2022,720.0
2022-09-25 13:00:00,0.722,0.134,-0.588,-75.0583333,38.4549722,01484701,USGS,IAN,2022,780.0
2022-09-25 14:00:00,0.832,0.204,-0.628,-75.0583333,38.4549722,01484701,USGS,IAN,2022,840.0
2022-09-25 15:00:00,0.912,0.271,-0.641,-75.0583333,38.4549722,01484701,USGS,IAN,2022,900.0
2022-09-25 16:00:00,0.852,0.308,-0.544,-75.0583333,38.4549722,01484701,USGS,IAN,2022,960.0
2022-09-25 17:00:00,0.732,0.307,-0.425,-75.0583333,38.4549722,01484701,USGS,IAN,2022,1020.0
2022-09-25 18:00:00,0.602,0.28,-0.3219999999999999,-75.0583333,38.4549722,01484701,USGS,IAN,2022,1080.0
2022-09-25 19:00:00,0.422,0.224,-0.1979999999999999,-75.0583333,38.4549722,01484701,USGS,IAN,2022,1140.0
2022-09-25 20:00:00,0.292,0.163,-0.1289999999999999,-75.0583333,38.4549722,01484701,USGS,IAN,2022,1200.0
2022-09-25 21:00:00,0.182,0.103,-0.079,-75.0583333,38.4549722,01484701,USGS,IAN,2022,1260.0
2022-09-25 22:00:00,0.072,0.053,-0.0189999999999999,-75.0583333,38.4549722,01484701,USGS,IAN,2022,1320.0
2022-09-25 23:00:00,0.112,0.031,-0.081,-75.0583333,38.4549722,01484701,USGS,IAN,2022,1380.0
2022-09-26 00:00:00,0.312,0.054,-0.258,-75.0583333,38.4549722,01484701,USGS,IAN,2022,1440.0
2022-09-26 01:00:00,0.432,0.109,-0.323,-75.0583333,38.4549722,01484701,USGS,IAN,2022,1500.0
2022-09-26 02:00:00,0.592,0.178,-0.414,-75.0583333,38.4549722,01484701,USGS,IAN,2022,1560.0
2022-09-26 03:00:00,0.762,0.249,-0.513,-75.0583333,38.4549722,01484701,USGS,IAN,2022,1620.0
2022-09-26 04:00:00,0.822,0.296,-0.526,-75.0583333,38.4549722,01484701,USGS,IAN,2022,1680.0
2022-09-26 05:00:00,0.812,0.318,-0.494,-75.0583333,38.4549722,01484701,USGS,IAN,2022,1740.0
2022-09-26 06:00:00,0.682,0.293,-0.389,-75.0583333,38.4549722,01484701,USGS,IAN,2022,1800.0
2022-09-26 07:00:00,0.512,0.243,-0.269,-75.0583333,38.4549722,01484701,USGS,IAN,2022,1860.0
2022-09-26 08:00:00,0.342,0.185,-0.157,-75.0583333,38.4549722,01484701,USGS,IAN,2022,1920.0
2022-09-26 09:00:00,0.212,0.124,-0.088,-75.0583333,38.4549722,01484701,USGS,IAN,2022,1980.0
2022-09-26 10:00:00,0.132,0.07,-0.062,-75.0583333,38.4549722,01484701,USGS,IAN,2022,2040.0
2022-09-26 11:00:00,0.212,0.044,-0.1679999999999999,-75.0583333,38.4549722,01484701,USGS,IAN,2022,2100.0
2022-09-26 12:00:00,0.372,0.058,-0.314,-75.0583333,38.4549722,01484701,USGS,IAN,2022,2160.0
2022-09-26 13:00:00,0.552,0.114,-0.438,-75.0583333,38.4549722,01484701,USGS,IAN,2022,2220.0
2022-09-26 14:00:00,0.742,0.187,-0.5549999999999999,-75.0583333,38.4549722,01484701,USGS,IAN,2022,2280.0
2022-09-26 15:00:00,0.912,0.267,-0.645,-75.0583333,38.4549722,01484701,USGS,IAN,2022,2340.0
2022-09-26 16:00:00,1.042,0.332,-0.71,-75.0583333,38.4549722,01484701,USGS,IAN,2022,2400.0
2022-09-26 17:00:00,1.072,0.367,-0.7050000000000001,-75.0583333,38.4549722,01484701,USGS,IAN,2022,2460.0
2022-09-26 18:00:00,1.012,0.362,-0.65,-75.0583333,38.4549722,01484701,USGS,IAN,2022,2520.0
2022-09-26 19:00:00,0.882,0.32,-0.562,-75.0583333,38.4549722,01484701,USGS,IAN,2022,2580.0
2022-09-26 20:00:00,0.732,0.261,-0.471,-75.0583333,38.4549722,01484701,USGS,IAN,2022,2640.0
2022-09-26 21:00:00,0.642,0.196,-0.446,-75.0583333,38.4549722,01484701,USGS,IAN,2022,2700.0
2022-09-26 22:00:00,0.512,0.134,-0.378,-75.0583333,38.4549722,01484701,USGS,IAN,2022,2760.0
2022-09-26 23:00:00,0.512,0.091,-0.421,-75.0583333,38.4549722,01484701,USGS,IAN,2022,2820.0
2022-09-27 00:00:00,0.612,0.077,-0.535,-75.0583333,38.4549722,01484701,USGS,IAN,2022,2880.0
2022-09-27 01:00:00,0.762,0.108,-0.654,-75.0583333,38.4549722,01484701,USGS,IAN,2022,2940.0
2022-09-27 02:00:00,0.912,0.169,-0.743,-75.0583333,38.4549722,01484701,USGS,IAN,2022,3000.0
2022-09-27 03:00:00,1.052,0.237,-0.8150000000000001,-75.0583333,38.4549722,01484701,USGS,IAN,2022,3060.0
2022-09-27 04:00:00,1.142,0.302,-0.8399999999999999,-75.0583333,38.4549722,01484701,USGS,IAN,2022,3120.0
2022-09-27 05:00:00,1.062,0.335,-0.7270000000000001,-75.0583333,38.4549722,01484701,USGS,IAN,2022,3180.0
2022-09-27 06:00:00,0.942,0.331,-0.611,-75.0583333,38.4549722,01484701,USGS,IAN,2022,3240.0
2022-09-27 07:00:00,0.782,0.292,-0.49,-75.0583333,38.4549722,01484701,USGS,IAN,2022,3300.0
2022-09-27 08:00:00,0.612,0.234,-0.378,-75.0583333,38.4549722,01484701,USGS,IAN,2022,3360.0
2022-09-27 09:00:00,0.452,0.17,-0.282,-75.0583333,38.4549722,01484701,USGS,IAN,2022,3420.0
2022-09-27 10:00:00,0.312,0.109,-0.203,-75.0583333,38.4549722,01484701,USGS,IAN,2022,3480.0
2022-09-27 11:00:00,0.252,0.067,-0.185,-75.0583333,38.4549722,01484701,USGS,IAN,2022,3540.0
2022-09-27 12:00:00,0.362,0.055,-0.307,-75.0583333,38.4549722,01484701,USGS,IAN,2022,3600.0
2022-09-27 13:00:00,0.502,0.089,-0.413,-75.0583333,38.4549722,01484701,USGS,IAN,2022,3660.0
2022-09-27 14:00:00,0.712,0.159,-0.5529999999999999,-75.0583333,38.4549722,01484701,USGS,IAN,2022,3720.0
2022-09-27 15:00:00,0.862,0.239,-0.623,-75.0583333,38.4549722,01484701,USGS,IAN,2022,3780.0
2022-09-27 16:00:00,1.022,0.351,-0.671,-75.0583333,38.4549722,01484701,USGS,IAN,2022,3840.0
2022-09-27 17:00:00,1.082,0.413,-0.669,-75.0583333,38.4549722,01484701,USGS,IAN,2022,3900.0
2022-09-27 18:00:00,1.062,0.435,-0.627,-75.0583333,38.4549722,01484701,USGS,IAN,2022,3960.0
2022-09-27 19:00:00,0.962,0.412,-0.55,-75.0583333,38.4549722,01484701,USGS,IAN,2022,4020.0
2022-09-27 20:00:00,0.802,0.359,-0.443,-75.0583333,38.4549722,01484701,USGS,IAN,2022,4080.0
2022-09-27 21:00:00,0.662,0.299,-0.363,-75.0583333,38.4549722,01484701,USGS,IAN,2022,4140.0
2022-09-27 22:00:00,0.542,0.232,-0.31,-75.0583333,38.4549722,01484701,USGS,IAN,2022,4200.0
2022-09-27 23:00:00,0.422,0.168,-0.254,-75.0583333,38.4549722,01484701,USGS,IAN,2022,4260.0
2022-09-28 00:00:00,0.462,0.129,-0.333,-75.0583333,38.4549722,01484701,USGS,IAN,2022,4320.0
2022-09-28 01:00:00,0.582,0.127,-0.4549999999999999,-75.0583333,38.4549722,01484701,USGS,IAN,2022,4380.0
2022-09-28 02:00:00,0.732,0.156,-0.576,-75.0583333,38.4549722,01484701,USGS,IAN,2022,4440.0
2022-09-28 03:00:00,0.882,0.22,-0.662,-75.0583333,38.4549722,01484701,USGS,IAN,2022,4500.0
2022-09-28 04:00:00,1.022,0.286,-0.736,-75.0583333,38.4549722,01484701,USGS,IAN,2022,4560.0
2022-09-28 05:00:00,1.042,0.335,-0.7070000000000001,-75.0583333,38.4549722,01484701,USGS,IAN,2022,4620.0
2022-09-28 06:00:00,0.942,0.353,-0.589,-75.0583333,38.4549722,01484701,USGS,IAN,2022,4680.0
2022-09-28 07:00:00,0.802,0.327,-0.475,-75.0583333,38.4549722,01484701,USGS,IAN,2022,4740.0
2022-09-28 08:00:00,0.642,0.275,-0.367,-75.0583333,38.4549722,01484701,USGS,IAN,2022,4800.0
2022-09-28 09:00:00,0.472,0.215,-0.257,-75.0583333,38.4549722,01484701,USGS,IAN,2022,4860.0
2022-09-28 10:00:00,0.322,0.15,-0.172,-75.0583333,38.4549722,01484701,USGS,IAN,2022,4920.0
2022-09-28 11:00:00,0.202,0.09,-0.112,-75.0583333,38.4549722,01484701,USGS,IAN,2022,4980.0
2022-09-28 12:00:00,0.222,0.056,-0.166,-75.0583333,38.4549722,01484701,USGS,IAN,2022,5040.0
2022-09-28 13:00:00,0.352,0.064,-0.288,-75.0583333,38.4549722,01484701,USGS,IAN,2022,5100.0
2022-09-28 14:00:00,0.502,0.11,-0.392,-75.0583333,38.4549722,01484701,USGS,IAN,2022,5160.0
2022-09-28 15:00:00,0.702,0.189,-0.5129999999999999,-75.0583333,38.4549722,01484701,USGS,IAN,2022,5220.0
2022-09-28 16:00:00,0.852,0.324,-0.528,-75.0583333,38.4549722,01484701,USGS,IAN,2022,5280.0
2022-09-28 17:00:00,0.972,0.411,-0.5609999999999999,-75.0583333,38.4549722,01484701,USGS,IAN,2022,5340.0
2022-09-28 18:00:00,0.972,0.462,-0.51,-75.0583333,38.4549722,01484701,USGS,IAN,2022,5400.0
2022-09-28 19:00:00,0.882,0.469,-0.413,-75.0583333,38.4549722,01484701,USGS,IAN,2022,5460.0
2022-09-28 20:00:00,0.752,0.442,-0.31,-75.0583333,38.4549722,01484701,USGS,IAN,2022,5520.0
2022-09-28 21:00:00,0.592,0.383,-0.2089999999999999,-75.0583333,38.4549722,01484701,USGS,IAN,2022,5580.0
2022-09-28 22:00:00,0.432,0.32,-0.1119999999999999,-75.0583333,38.4549722,01484701,USGS,IAN,2022,5640.0
2022-09-28 23:00:00,0.302,0.252,-0.0499999999999999,-75.0583333,38.4549722,01484701,USGS,IAN,2022,5700.0
2022-09-29 00:00:00,0.202,0.189,-0.013,-75.0583333,38.4549722,01484701,USGS,IAN,2022,5760.0
2022-09-29 01:00:00,0.252,0.152,-0.1,-75.0583333,38.4549722,01484701,USGS,IAN,2022,5820.0
2022-09-29 02:00:00,0.372,0.157,-0.215,-75.0583333,38.4549722,01484701,USGS,IAN,2022,5880.0
2022-09-29 03:00:00,0.492,0.191,-0.301,-75.0583333,38.4549722,01484701,USGS,IAN,2022,5940.0
2022-09-29 04:00:00,0.632,0.253,-0.379,-75.0583333,38.4549722,01484701,USGS,IAN,2022,6000.0
2022-09-29 05:00:00,0.712,0.313,-0.3989999999999999,-75.0583333,38.4549722,01484701,USGS,IAN,2022,6060.0
2022-09-29 06:00:00,0.662,0.346,-0.316,-75.0583333,38.4549722,01484701,USGS,IAN,2022,6120.0
2022-09-29 07:00:00,0.562,0.344,-0.218,-75.0583333,38.4549722,01484701,USGS,IAN,2022,6180.0
2022-09-29 08:00:00,0.422,0.309,-0.1129999999999999,-75.0583333,38.4549722,01484701,USGS,IAN,2022,6240.0
2022-09-29 09:00:00,0.262,0.252,-0.01,-75.0583333,38.4549722,01484701,USGS,IAN,2022,6300.0
2022-09-29 10:00:00,0.082,0.189,0.107,-75.0583333,38.4549722,01484701,USGS,IAN,2022,6360.0
2022-09-29 11:00:00,-0.058,0.125,0.183,-75.0583333,38.4549722,01484701,USGS,IAN,2022,6420.0
2022-09-29 12:00:00,-0.148,0.072,0.2199999999999999,-75.0583333,38.4549722,01484701,USGS,IAN,2022,6480.0
2022-09-29 13:00:00,-0.088,0.049,0.137,-75.0583333,38.4549722,01484701,USGS,IAN,2022,6540.0
2022-09-29 14:00:00,0.032,0.072,0.0399999999999999,-75.0583333,38.4549722,01484701,USGS,IAN,2022,6600.0
2022-09-29 15:00:00,0.262,0.136,-0.126,-75.0583333,38.4549722,01484701,USGS,IAN,2022,6660.0
2022-09-29 16:00:00,0.462,0.222,-0.24,-75.0583333,38.4549722,01484701,USGS,IAN,2022,6720.0
2022-09-29 17:00:00,0.642,0.364,-0.278,-75.0583333,38.4549722,01484701,USGS,IAN,2022,6780.0
2022-09-29 18:00:00,0.732,0.467,-0.2649999999999999,-75.0583333,38.4549722,01484701,USGS,IAN,2022,6840.0
2022-09-29 19:00:00,0.772,0.503,-0.269,-75.0583333,38.4549722,01484701,USGS,IAN,2022,6900.0
2022-09-29 20:00:00,0.702,0.514,-0.1879999999999999,-75.0583333,38.4549722,01484701,USGS,IAN,2022,6960.0
2022-09-29 21:00:00,0.542,0.491,-0.051,-75.0583333,38.4549722,01484701,USGS,IAN,2022,7020.0
2022-09-29 22:00:00,0.412,0.431,0.019,-75.0583333,38.4549722,01484701,USGS,IAN,2022,7080.0
2022-09-29 23:00:00,0.262,0.367,0.1049999999999999,-75.0583333,38.4549722,01484701,USGS,IAN,2022,7140.0
2022-09-30 00:00:00,0.142,0.3,0.158,-75.0583333,38.4549722,01484701,USGS,IAN,2022,7200.0
2022-09-30 01:00:00,0.122,0.239,0.1169999999999999,-75.0583333,38.4549722,01484701,USGS,IAN,2022,7260.0
2022-09-30 02:00:00,0.172,0.206,0.034,-75.0583333,38.4549722,01484701,USGS,IAN,2022,7320.0
2022-09-30 03:00:00,0.362,0.213,-0.149,-75.0583333,38.4549722,01484701,USGS,IAN,2022,7380.0
2022-09-30 04:00:00,0.512,0.258,-0.254,-75.0583333,38.4549722,01484701,USGS,IAN,2022,7440.0
2022-09-30 05:00:00,0.652,0.318,-0.334,-75.0583333,38.4549722,01484701,USGS,IAN,2022,7500.0
2022-09-30 06:00:00,0.752,0.372,-0.38,-75.0583333,38.4549722,01484701,USGS,IAN,2022,7560.0
2022-09-30 07:00:00,0.742,0.399,-0.3429999999999999,-75.0583333,38.4549722,01484701,USGS,IAN,2022,7620.0
2022-09-30 08:00:00,0.602,0.385,-0.2169999999999999,-75.0583333,38.4549722,01484701,USGS,IAN,2022,7680.0
2022-09-30 09:00:00,0.462,0.342,-0.12,-75.0583333,38.4549722,01484701,USGS,IAN,2022,7740.0
2022-09-30 10:00:00,0.282,0.285,0.003,-75.0583333,38.4549722,01484701,USGS,IAN,2022,7800.0
2022-09-30 11:00:00,0.142,0.222,0.08,-75.0583333,38.4549722,01484701,USGS,IAN,2022,7860.0
2022-09-30 12:00:00,0.042,0.16,0.118,-75.0583333,38.4549722,01484701,USGS,IAN,2022,7920.0
2022-09-30 13:00:00,0.072,0.116,0.044,-75.0583333,38.4549722,01484701,USGS,IAN,2022,7980.0
2022-09-30 14:00:00,0.202,0.104,-0.098,-75.0583333,38.4549722,01484701,USGS,IAN,2022,8040.0
2022-09-30 15:00:00,0.422,0.138,-0.284,-75.0583333,38.4549722,01484701,USGS,IAN,2022,8100.0
2022-09-30 16:00:00,0.632,0.212,-0.42,-75.0583333,38.4549722,01484701,USGS,IAN,2022,8160.0
2022-09-30 17:00:00,0.802,0.334,-0.468,-75.0583333,38.4549722,01484701,USGS,IAN,2022,8220.0
2022-09-30 18:00:00,0.972,0.457,-0.5149999999999999,-75.0583333,38.4549722,01484701,USGS,IAN,2022,8280.0
2022-09-30 19:00:00,1.112,0.564,-0.5480000000000002,-75.0583333,38.4549722,01484701,USGS,IAN,2022,8340.0
2022-09-30 20:00:00,1.142,0.609,-0.5329999999999999,-75.0583333,38.4549722,01484701,USGS,IAN,2022,8400.0
2022-09-30 21:00:00,1.052,0.614,-0.438,-75.0583333,38.4549722,01484701,USGS,IAN,2022,8460.0
2022-09-30 22:00:00,0.932,0.585,-0.3470000000000001,-75.0583333,38.4549722,01484701,USGS,IAN,2022,8520.0
2022-09-30 23:00:00,0.712,0.53,-0.1819999999999999,-75.0583333,38.4549722,01484701,USGS,IAN,2022,8580.0
2022-10-01 00:00:00,0.532,0.468,-0.064,-75.0583333,38.4549722,01484701,USGS,IAN,2022,8640.0
2022-10-01 01:00:00,0.422,0.394,-0.0279999999999999,-75.0583333,38.4549722,01484701,USGS,IAN,2022,8700.0
2022-10-01 02:00:00,0.502,0.334,-0.1679999999999999,-75.0583333,38.4549722,01484701,USGS,IAN,2022,8760.0
2022-10-01 03:00:00,0.572,0.315,-0.2569999999999999,-75.0583333,38.4549722,01484701,USGS,IAN,2022,8820.0
2022-10-01 04:00:00,0.742,0.35,-0.392,-75.0583333,38.4549722,01484701,USGS,IAN,2022,8880.0
2022-10-01 05:00:00,0.932,0.415,-0.5170000000000001,-75.0583333,38.4549722,01484701,USGS,IAN,2022,8940.0
2022-10-01 06:00:00,1.102,0.517,-0.5850000000000001,-75.0583333,38.4549722,01484701,USGS,IAN,2022,9000.0
2022-10-01 07:00:00,1.252,0.576,-0.676,-75.0583333,38.4549722,01484701,USGS,IAN,2022,9060.0
2022-10-01 08:00:00,1.412,0.588,-0.824,-75.0583333,38.4549722,01484701,USGS,IAN,2022,9120.0
2022-10-01 09:00:00,1.432,0.564,-0.868,-75.0583333,38.4549722,01484701,USGS,IAN,2022,9180.0
2022-10-01 10:00:00,1.422,0.523,-0.8989999999999999,-75.0583333,38.4549722,01484701,USGS,IAN,2022,9240.0
2022-10-01 11:00:00,1.302,0.47,-0.8320000000000001,-75.0583333,38.4549722,01484701,USGS,IAN,2022,9300.0
2022-10-01 12:00:00,1.202,0.414,-0.788,-75.0583333,38.4549722,01484701,USGS,IAN,2022,9360.0
2022-10-01 13:00:00,1.132,0.337,-0.7949999999999999,-75.0583333,38.4549722,01484701,USGS,IAN,2022,9420.0
2022-10-01 14:00:00,1.172,0.29,-0.8819999999999999,-75.0583333,38.4549722,01484701,USGS,IAN,2022,9480.0
2022-10-01 15:00:00,1.272,0.305,-0.967,-75.0583333,38.4549722,01484701,USGS,IAN,2022,9540.0
2022-10-01 16:00:00,1.422,0.364,-1.0579999999999998,-75.0583333,38.4549722,01484701,USGS,IAN,2022,9600.0
2022-10-01 17:00:00,1.562,0.47,-1.092,-75.0583333,38.4549722,01484701,USGS,IAN,2022,9660.0
2022-10-01 18:00:00,1.732,0.587,-1.145,-75.0583333,38.4549722,01484701,USGS,IAN,2022,9720.0
2022-10-01 19:00:00,1.872,0.672,-1.2000000000000002,-75.0583333,38.4549722,01484701,USGS,IAN,2022,9780.0
2022-10-01 20:00:00,1.992,0.738,-1.254,-75.0583333,38.4549722,01484701,USGS,IAN,2022,9840.0
2022-10-01 21:00:00,2.002,0.762,-1.2399999999999998,-75.0583333,38.4549722,01484701,USGS,IAN,2022,9900.0
2022-10-01 22:00:00,1.932,0.737,-1.1949999999999998,-75.0583333,38.4549722,01484701,USGS,IAN,2022,9960.0
2022-10-01 23:00:00,1.822,0.695,-1.1270000000000002,-75.0583333,38.4549722,01484701,USGS,IAN,2022,10020.0
2022-09-25 01:00:00,1.476,1.033,-0.443,-75.40788889,37.90238889,01484746,USGS,IAN,2022,60.0
2022-09-25 02:00:00,0.936,0.346,-0.5900000000000001,-75.40788889,37.90238889,01484746,USGS,IAN,2022,120.0
2022-09-25 03:00:00,0.176,-0.241,-0.417,-75.40788889,37.90238889,01484746,USGS,IAN,2022,180.0
2022-09-25 04:00:00,-0.544,-0.798,-0.254,-75.40788889,37.90238889,01484746,USGS,IAN,2022,240.0
2022-09-25 05:00:00,-1.134,-1.226,-0.092,-75.40788889,37.90238889,01484746,USGS,IAN,2022,300.0
2022-09-25 06:00:00,-1.424,-1.377,0.0469999999999999,-75.40788889,37.90238889,01484746,USGS,IAN,2022,360.0
2022-09-25 07:00:00,-1.324,-1.059,0.2650000000000001,-75.40788889,37.90238889,01484746,USGS,IAN,2022,420.0
2022-09-25 08:00:00,-0.624,-0.309,0.315,-75.40788889,37.90238889,01484746,USGS,IAN,2022,480.0
2022-09-25 09:00:00,0.136,0.325,0.189,-75.40788889,37.90238889,01484746,USGS,IAN,2022,540.0
2022-09-25 10:00:00,0.596,0.874,0.278,-75.40788889,37.90238889,01484746,USGS,IAN,2022,600.0
2022-09-25 11:00:00,0.986,1.317,0.3309999999999999,-75.40788889,37.90238889,01484746,USGS,IAN,2022,660.0
2022-09-25 12:00:00,1.206,1.484,0.278,-75.40788889,37.90238889,01484746,USGS,IAN,2022,720.0
2022-09-25 13:00:00,1.196,1.272,0.076,-75.40788889,37.90238889,01484746,USGS,IAN,2022,780.0
2022-09-25 14:00:00,0.606,0.564,-0.042,-75.40788889,37.90238889,01484746,USGS,IAN,2022,840.0
2022-09-25 15:00:00,-0.174,-0.043,0.131,-75.40788889,37.90238889,01484746,USGS,IAN,2022,900.0
2022-09-25 16:00:00,-0.944,-0.655,0.2889999999999999,-75.40788889,37.90238889,01484746,USGS,IAN,2022,960.0
2022-09-25 17:00:00,-1.444,-1.122,0.3219999999999998,-75.40788889,37.90238889,01484746,USGS,IAN,2022,1020.0
2022-09-25 18:00:00,-1.764,-1.413,0.351,-75.40788889,37.90238889,01484746,USGS,IAN,2022,1080.0
2022-09-25 19:00:00,-1.794,-1.272,0.522,-75.40788889,37.90238889,01484746,USGS,IAN,2022,1140.0
2022-09-25 20:00:00,-1.304,-0.575,0.7290000000000001,-75.40788889,37.90238889,01484746,USGS,IAN,2022,1200.0
2022-09-25 21:00:00,-0.434,0.165,0.599,-75.40788889,37.90238889,01484746,USGS,IAN,2022,1260.0
2022-09-25 22:00:00,0.216,0.811,0.5950000000000001,-75.40788889,37.90238889,01484746,USGS,IAN,2022,1320.0
2022-09-25 23:00:00,0.706,1.231,0.5250000000000001,-75.40788889,37.90238889,01484746,USGS,IAN,2022,1380.0
2022-09-26 00:00:00,0.776,1.492,0.716,-75.40788889,37.90238889,01484746,USGS,IAN,2022,1440.0
2022-09-26 01:00:00,0.786,1.417,0.631,-75.40788889,37.90238889,01484746,USGS,IAN,2022,1500.0
2022-09-26 02:00:00,0.346,0.8,0.454,-75.40788889,37.90238889,01484746,USGS,IAN,2022,1560.0
2022-09-26 03:00:00,0.156,0.082,-0.074,-75.40788889,37.90238889,01484746,USGS,IAN,2022,1620.0
2022-09-26 04:00:00,-0.584,-0.51,0.0739999999999999,-75.40788889,37.90238889,01484746,USGS,IAN,2022,1680.0
2022-09-26 05:00:00,-1.364,-1.058,0.306,-75.40788889,37.90238889,01484746,USGS,IAN,2022,1740.0
2022-09-26 06:00:00,-1.824,-1.419,0.405,-75.40788889,37.90238889,01484746,USGS,IAN,2022,1800.0
2022-09-26 07:00:00,-1.624,-1.417,0.207,-75.40788889,37.90238889,01484746,USGS,IAN,2022,1860.0
2022-09-26 08:00:00,-1.284,-0.818,0.4660000000000001,-75.40788889,37.90238889,01484746,USGS,IAN,2022,1920.0
2022-09-26 09:00:00,-0.574,0.033,0.607,-75.40788889,37.90238889,01484746,USGS,IAN,2022,1980.0
2022-09-26 10:00:00,0.266,0.72,0.4539999999999999,-75.40788889,37.90238889,01484746,USGS,IAN,2022,2040.0
2022-09-26 11:00:00,0.806,1.228,0.4219999999999999,-75.40788889,37.90238889,01484746,USGS,IAN,2022,2100.0
2022-09-26 12:00:00,1.366,1.629,0.2629999999999999,-75.40788889,37.90238889,01484746,USGS,IAN,2022,2160.0
2022-09-26 13:00:00,1.616,1.704,0.0879999999999998,-75.40788889,37.90238889,01484746,USGS,IAN,2022,2220.0
2022-09-26 14:00:00,1.396,1.248,-0.1479999999999999,-75.40788889,37.90238889,01484746,USGS,IAN,2022,2280.0
2022-09-26 15:00:00,0.856,0.409,-0.447,-75.40788889,37.90238889,01484746,USGS,IAN,2022,2340.0
2022-09-26 16:00:00,0.236,-0.227,-0.4629999999999999,-75.40788889,37.90238889,01484746,USGS,IAN,2022,2400.0
2022-09-26 17:00:00,-0.514,-0.855,-0.3409999999999999,-75.40788889,37.90238889,01484746,USGS,IAN,2022,2460.0
2022-09-26 18:00:00,-0.914,-1.323,-0.4089999999999999,-75.40788889,37.90238889,01484746,USGS,IAN,2022,2520.0
2022-09-26 19:00:00,-1.204,-1.51,-0.306,-75.40788889,37.90238889,01484746,USGS,IAN,2022,2580.0
2022-09-26 20:00:00,-0.744,-1.157,-0.413,-75.40788889,37.90238889,01484746,USGS,IAN,2022,2640.0
2022-09-26 21:00:00,-0.114,-0.348,-0.2339999999999999,-75.40788889,37.90238889,01484746,USGS,IAN,2022,2700.0
2022-09-26 22:00:00,0.566,0.337,-0.2289999999999999,-75.40788889,37.90238889,01484746,USGS,IAN,2022,2760.0
2022-09-26 23:00:00,0.996,1.019,0.0229999999999999,-75.40788889,37.90238889,01484746,USGS,IAN,2022,2820.0
2022-09-27 00:00:00,1.496,1.381,-0.1149999999999999,-75.40788889,37.90238889,01484746,USGS,IAN,2022,2880.0
2022-09-27 01:00:00,1.586,1.554,-0.032,-75.40788889,37.90238889,01484746,USGS,IAN,2022,2940.0
2022-09-27 02:00:00,1.416,1.283,-0.133,-75.40788889,37.90238889,01484746,USGS,IAN,2022,3000.0
2022-09-27 03:00:00,0.776,0.486,-0.29,-75.40788889,37.90238889,01484746,USGS,IAN,2022,3060.0
2022-09-27 04:00:00,0.116,-0.148,-0.264,-75.40788889,37.90238889,01484746,USGS,IAN,2022,3120.0
2022-09-27 05:00:00,-0.764,-0.795,-0.031,-75.40788889,37.90238889,01484746,USGS,IAN,2022,3180.0
2022-09-27 06:00:00,-1.384,-1.306,0.0779999999999998,-75.40788889,37.90238889,01484746,USGS,IAN,2022,3240.0
2022-09-27 07:00:00,-1.624,-1.537,0.0870000000000001,-75.40788889,37.90238889,01484746,USGS,IAN,2022,3300.0
2022-09-27 08:00:00,-1.504,-1.31,0.1939999999999999,-75.40788889,37.90238889,01484746,USGS,IAN,2022,3360.0
2022-09-27 09:00:00,-0.964,-0.492,0.472,-75.40788889,37.90238889,01484746,USGS,IAN,2022,3420.0
2022-09-27 10:00:00,-0.034,0.343,0.377,-75.40788889,37.90238889,01484746,USGS,IAN,2022,3480.0
2022-09-27 11:00:00,0.766,1.002,0.236,-75.40788889,37.90238889,01484746,USGS,IAN,2022,3540.0
2022-09-27 12:00:00,1.276,1.538,0.262,-75.40788889,37.90238889,01484746,USGS,IAN,2022,3600.0
2022-09-27 13:00:00,1.666,1.867,0.201,-75.40788889,37.90238889,01484746,USGS,IAN,2022,3660.0
2022-09-27 14:00:00,1.746,1.772,0.026,-75.40788889,37.90238889,01484746,USGS,IAN,2022,3720.0
2022-09-27 15:00:00,1.316,1.127,-0.189,-75.40788889,37.90238889,01484746,USGS,IAN,2022,3780.0
2022-09-27 16:00:00,0.546,0.308,-0.238,-75.40788889,37.90238889,01484746,USGS,IAN,2022,3840.0
2022-09-27 17:00:00,-0.134,-0.42,-0.286,-75.40788889,37.90238889,01484746,USGS,IAN,2022,3900.0
2022-09-27 18:00:00,-0.694,-1.036,-0.3420000000000001,-75.40788889,37.90238889,01484746,USGS,IAN,2022,3960.0
2022-09-27 19:00:00,-1.134,-1.465,-0.3310000000000002,-75.40788889,37.90238889,01484746,USGS,IAN,2022,4020.0
2022-09-27 20:00:00,-1.334,-1.494,-0.1599999999999999,-75.40788889,37.90238889,01484746,USGS,IAN,2022,4080.0
2022-09-27 21:00:00,-0.884,-0.963,-0.0789999999999999,-75.40788889,37.90238889,01484746,USGS,IAN,2022,4140.0
2022-09-27 22:00:00,-0.054,-0.159,-0.105,-75.40788889,37.90238889,01484746,USGS,IAN,2022,4200.0
2022-09-27 23:00:00,0.736,0.483,-0.253,-75.40788889,37.90238889,01484746,USGS,IAN,2022,4260.0
2022-09-28 00:00:00,1.116,1.03,-0.086,-75.40788889,37.90238889,01484746,USGS,IAN,2022,4320.0
2022-09-28 01:00:00,1.506,1.447,-0.0589999999999999,-75.40788889,37.90238889,01484746,USGS,IAN,2022,4380.0
2022-09-28 02:00:00,1.526,1.456,-0.07,-75.40788889,37.90238889,01484746,USGS,IAN,2022,4440.0
2022-09-28 03:00:00,1.286,0.946,-0.3400000000000001,-75.40788889,37.90238889,01484746,USGS,IAN,2022,4500.0
2022-09-28 04:00:00,0.516,0.224,-0.292,-75.40788889,37.90238889,01484746,USGS,IAN,2022,4560.0
2022-09-28 05:00:00,-0.274,-0.399,-0.125,-75.40788889,37.90238889,01484746,USGS,IAN,2022,4620.0
2022-09-28 06:00:00,-1.004,-0.997,0.007,-75.40788889,37.90238889,01484746,USGS,IAN,2022,4680.0
2022-09-28 07:00:00,-1.494,-1.435,0.0589999999999999,-75.40788889,37.90238889,01484746,USGS,IAN,2022,4740.0
2022-09-28 08:00:00,-1.644,-1.557,0.0869999999999999,-75.40788889,37.90238889,01484746,USGS,IAN,2022,4800.0
2022-09-28 09:00:00,-1.394,-1.093,0.3009999999999999,-75.40788889,37.90238889,01484746,USGS,IAN,2022,4860.0
2022-09-28 10:00:00,-0.544,-0.176,0.368,-75.40788889,37.90238889,01484746,USGS,IAN,2022,4920.0
2022-09-28 11:00:00,0.426,0.576,0.1499999999999999,-75.40788889,37.90238889,01484746,USGS,IAN,2022,4980.0
2022-09-28 12:00:00,0.906,1.265,0.3589999999999999,-75.40788889,37.90238889,01484746,USGS,IAN,2022,5040.0
2022-09-28 13:00:00,1.466,1.767,0.3009999999999999,-75.40788889,37.90238889,01484746,USGS,IAN,2022,5100.0
2022-09-28 14:00:00,1.836,2.009,0.1729999999999998,-75.40788889,37.90238889,01484746,USGS,IAN,2022,5160.0
2022-09-28 15:00:00,1.616,1.733,0.1169999999999999,-75.40788889,37.90238889,01484746,USGS,IAN,2022,5220.0
2022-09-28 16:00:00,1.116,0.922,-0.194,-75.40788889,37.90238889,01484746,USGS,IAN,2022,5280.0
2022-09-28 17:00:00,0.286,0.199,-0.0869999999999999,-75.40788889,37.90238889,01484746,USGS,IAN,2022,5340.0
2022-09-28 18:00:00,-0.424,-0.55,-0.126,-75.40788889,37.90238889,01484746,USGS,IAN,2022,5400.0
2022-09-28 19:00:00,-1.094,-1.162,-0.0679999999999998,-75.40788889,37.90238889,01484746,USGS,IAN,2022,5460.0
2022-09-28 20:00:00,-1.544,-1.522,0.022,-75.40788889,37.90238889,01484746,USGS,IAN,2022,5520.0
2022-09-28 21:00:00,-1.504,-1.397,0.1069999999999999,-75.40788889,37.90238889,01484746,USGS,IAN,2022,5580.0
2022-09-28 22:00:00,-0.964,-0.745,0.2189999999999999,-75.40788889,37.90238889,01484746,USGS,IAN,2022,5640.0
2022-09-28 23:00:00,-0.244,-0.024,0.22,-75.40788889,37.90238889,01484746,USGS,IAN,2022,5700.0
2022-09-29 00:00:00,0.356,0.587,0.2309999999999999,-75.40788889,37.90238889,01484746,USGS,IAN,2022,5760.0
2022-09-29 01:00:00,0.826,1.13,0.3039999999999999,-75.40788889,37.90238889,01484746,USGS,IAN,2022,5820.0
2022-09-29 02:00:00,1.156,1.433,0.2770000000000001,-75.40788889,37.90238889,01484746,USGS,IAN,2022,5880.0
2022-09-29 03:00:00,1.146,1.317,0.171,-75.40788889,37.90238889,01484746,USGS,IAN,2022,5940.0
2022-09-29 04:00:00,0.626,0.674,0.048,-75.40788889,37.90238889,01484746,USGS,IAN,2022,6000.0
2022-09-29 05:00:00,-0.104,0.051,0.155,-75.40788889,37.90238889,01484746,USGS,IAN,2022,6060.0
2022-09-29 06:00:00,-0.734,-0.544,0.1899999999999999,-75.40788889,37.90238889,01484746,USGS,IAN,2022,6120.0
2022-09-29 07:00:00,-1.304,-1.073,0.2310000000000001,-75.40788889,37.90238889,01484746,USGS,IAN,2022,6180.0
2022-09-29 08:00:00,-1.574,-1.411,0.163,-75.40788889,37.90238889,01484746,USGS,IAN,2022,6240.0
2022-09-29 09:00:00,-1.644,-1.371,0.2729999999999999,-75.40788889,37.90238889,01484746,USGS,IAN,2022,6300.0
2022-09-29 10:00:00,-1.124,-0.718,0.4060000000000001,-75.40788889,37.90238889,01484746,USGS,IAN,2022,6360.0
2022-09-29 11:00:00,-0.234,0.161,0.395,-75.40788889,37.90238889,01484746,USGS,IAN,2022,6420.0
2022-09-29 12:00:00,0.576,0.857,0.281,-75.40788889,37.90238889,01484746,USGS,IAN,2022,6480.0
2022-09-29 13:00:00,1.176,1.497,0.3210000000000002,-75.40788889,37.90238889,01484746,USGS,IAN,2022,6540.0
2022-09-29 14:00:00,1.756,1.996,0.24,-75.40788889,37.90238889,01484746,USGS,IAN,2022,6600.0
2022-09-29 15:00:00,2.036,2.127,0.0909999999999997,-75.40788889,37.90238889,01484746,USGS,IAN,2022,6660.0
2022-09-29 16:00:00,1.876,1.741,-0.1349999999999998,-75.40788889,37.90238889,01484746,USGS,IAN,2022,6720.0
2022-09-29 17:00:00,1.386,0.918,-0.4679999999999998,-75.40788889,37.90238889,01484746,USGS,IAN,2022,6780.0
2022-09-29 18:00:00,0.606,0.232,-0.374,-75.40788889,37.90238889,01484746,USGS,IAN,2022,6840.0
2022-09-29 19:00:00,-0.134,-0.525,-0.391,-75.40788889,37.90238889,01484746,USGS,IAN,2022,6900.0
2022-09-29 20:00:00,-0.714,-1.125,-0.411,-75.40788889,37.90238889,01484746,USGS,IAN,2022,6960.0
2022-09-29 21:00:00,-0.994,-1.412,-0.4179999999999999,-75.40788889,37.90238889,01484746,USGS,IAN,2022,7020.0
2022-09-29 22:00:00,-0.814,-1.13,-0.3159999999999999,-75.40788889,37.90238889,01484746,USGS,IAN,2022,7080.0
2022-09-29 23:00:00,-0.324,-0.457,-0.133,-75.40788889,37.90238889,01484746,USGS,IAN,2022,7140.0
2022-09-30 00:00:00,0.476,0.191,-0.285,-75.40788889,37.90238889,01484746,USGS,IAN,2022,7200.0
2022-09-30 01:00:00,0.996,0.826,-0.17,-75.40788889,37.90238889,01484746,USGS,IAN,2022,7260.0
2022-09-30 02:00:00,1.436,1.329,-0.1069999999999999,-75.40788889,37.90238889,01484746,USGS,IAN,2022,7320.0
2022-09-30 03:00:00,1.776,1.564,-0.2119999999999999,-75.40788889,37.90238889,01484746,USGS,IAN,2022,7380.0
2022-09-30 04:00:00,1.706,1.291,-0.415,-75.40788889,37.90238889,01484746,USGS,IAN,2022,7440.0
2022-09-30 05:00:00,1.266,0.57,-0.6960000000000001,-75.40788889,37.90238889,01484746,USGS,IAN,2022,7500.0
2022-09-30 06:00:00,0.606,0.032,-0.574,-75.40788889,37.90238889,01484746,USGS,IAN,2022,7560.0
2022-09-30 07:00:00,-0.084,-0.461,-0.377,-75.40788889,37.90238889,01484746,USGS,IAN,2022,7620.0
2022-09-30 08:00:00,-0.514,-0.972,-0.4579999999999999,-75.40788889,37.90238889,01484746,USGS,IAN,2022,7680.0
2022-09-30 09:00:00,-0.624,-1.316,-0.6920000000000001,-75.40788889,37.90238889,01484746,USGS,IAN,2022,7740.0
2022-09-30 10:00:00,-0.594,-1.194,-0.6,-75.40788889,37.90238889,01484746,USGS,IAN,2022,7800.0
2022-09-30 11:00:00,-0.174,-0.449,-0.275,-75.40788889,37.90238889,01484746,USGS,IAN,2022,7860.0
2022-09-30 12:00:00,0.536,0.38,-0.156,-75.40788889,37.90238889,01484746,USGS,IAN,2022,7920.0
2022-09-30 13:00:00,1.366,1.007,-0.3590000000000002,-75.40788889,37.90238889,01484746,USGS,IAN,2022,7980.0
2022-09-30 14:00:00,1.996,1.645,-0.351,-75.40788889,37.90238889,01484746,USGS,IAN,2022,8040.0
2022-09-30 15:00:00,2.456,2.03,-0.4260000000000001,-75.40788889,37.90238889,01484746,USGS,IAN,2022,8100.0
2022-09-30 16:00:00,2.626,2.137,-0.4889999999999999,-75.40788889,37.90238889,01484746,USGS,IAN,2022,8160.0
2022-09-30 17:00:00,2.326,1.676,-0.6500000000000001,-75.40788889,37.90238889,01484746,USGS,IAN,2022,8220.0
2022-09-30 18:00:00,1.886,0.927,-0.959,-75.40788889,37.90238889,01484746,USGS,IAN,2022,8280.0
2022-09-30 19:00:00,1.286,0.29,-0.996,-75.40788889,37.90238889,01484746,USGS,IAN,2022,8340.0
2022-09-30 20:00:00,0.566,-0.39,-0.956,-75.40788889,37.90238889,01484746,USGS,IAN,2022,8400.0
2022-09-30 21:00:00,-0.004,-0.945,-0.941,-75.40788889,37.90238889,01484746,USGS,IAN,2022,8460.0
2022-09-30 22:00:00,-0.014,-1.167,-1.153,-75.40788889,37.90238889,01484746,USGS,IAN,2022,8520.0
2022-09-30 23:00:00,0.126,-0.831,-0.957,-75.40788889,37.90238889,01484746,USGS,IAN,2022,8580.0
2022-10-01 00:00:00,0.586,-0.257,-0.843,-75.40788889,37.90238889,01484746,USGS,IAN,2022,8640.0
2022-10-01 01:00:00,1.166,0.242,-0.924,-75.40788889,37.90238889,01484746,USGS,IAN,2022,8700.0
2022-10-01 02:00:00,1.976,0.856,-1.12,-75.40788889,37.90238889,01484746,USGS,IAN,2022,8760.0
2022-10-01 03:00:00,2.406,1.42,-0.9860000000000002,-75.40788889,37.90238889,01484746,USGS,IAN,2022,8820.0
2022-10-01 04:00:00,2.636,1.636,-1.0000000000000002,-75.40788889,37.90238889,01484746,USGS,IAN,2022,8880.0
2022-10-01 05:00:00,2.626,1.264,-1.362,-75.40788889,37.90238889,01484746,USGS,IAN,2022,8940.0
2022-10-01 06:00:00,2.116,0.439,-1.677,-75.40788889,37.90238889,01484746,USGS,IAN,2022,9000.0
2022-10-01 07:00:00,1.376,-0.144,-1.5199999999999998,-75.40788889,37.90238889,01484746,USGS,IAN,2022,9060.0
2022-10-01 08:00:00,0.726,-0.65,-1.376,-75.40788889,37.90238889,01484746,USGS,IAN,2022,9120.0
2022-10-01 09:00:00,0.136,-0.967,-1.103,-75.40788889,37.90238889,01484746,USGS,IAN,2022,9180.0
2022-10-01 10:00:00,-0.124,-1.194,-1.0699999999999998,-75.40788889,37.90238889,01484746,USGS,IAN,2022,9240.0
2022-10-01 11:00:00,0.056,-1.018,-1.074,-75.40788889,37.90238889,01484746,USGS,IAN,2022,9300.0
2022-10-01 12:00:00,0.506,-0.274,-0.78,-75.40788889,37.90238889,01484746,USGS,IAN,2022,9360.0
2022-10-01 13:00:00,1.166,0.46,-0.706,-75.40788889,37.90238889,01484746,USGS,IAN,2022,9420.0
2022-10-01 14:00:00,1.626,1.135,-0.4909999999999999,-75.40788889,37.90238889,01484746,USGS,IAN,2022,9480.0
2022-10-01 15:00:00,2.186,1.913,-0.2729999999999999,-75.40788889,37.90238889,01484746,USGS,IAN,2022,9540.0
2022-10-01 16:00:00,2.536,2.19,-0.3460000000000001,-75.40788889,37.90238889,01484746,USGS,IAN,2022,9600.0
2022-10-01 17:00:00,2.546,2.036,-0.5099999999999998,-75.40788889,37.90238889,01484746,USGS,IAN,2022,9660.0
2022-10-01 18:00:00,2.266,1.284,-0.982,-75.40788889,37.90238889,01484746,USGS,IAN,2022,9720.0
2022-10-01 19:00:00,1.806,0.567,-1.239,-75.40788889,37.90238889,01484746,USGS,IAN,2022,9780.0
2022-10-01 20:00:00,1.276,0.004,-1.272,-75.40788889,37.90238889,01484746,USGS,IAN,2022,9840.0
2022-10-01 21:00:00,0.636,-0.552,-1.1880000000000002,-75.40788889,37.90238889,01484746,USGS,IAN,2022,9900.0
2022-10-01 22:00:00,0.086,-1.011,-1.097,-75.40788889,37.90238889,01484746,USGS,IAN,2022,9960.0
2022-10-01 23:00:00,-0.094,-1.172,-1.0779999999999998,-75.40788889,37.90238889,01484746,USGS,IAN,2022,10020.0
2022-09-25 01:00:00,1.403,0.484,-0.919,-75.9352222,37.4763333,01484812,USGS,IAN,2022,60.0
2022-09-25 03:00:00,1.593,0.773,-0.82,-75.9352222,37.4763333,01484812,USGS,IAN,2022,180.0
2022-09-25 04:00:00,1.312,0.637,-0.675,-75.9352222,37.4763333,01484812,USGS,IAN,2022,240.0
2022-09-25 07:00:00,0.243,-0.189,-0.432,-75.9352222,37.4763333,01484812,USGS,IAN,2022,420.0
2022-09-25 08:00:00,-0.117,-0.408,-0.291,-75.9352222,37.4763333,01484812,USGS,IAN,2022,480.0
2022-09-25 09:00:00,-0.338,-0.549,-0.211,-75.9352222,37.4763333,01484812,USGS,IAN,2022,540.0
2022-09-25 10:00:00,-0.318,-0.55,-0.232,-75.9352222,37.4763333,01484812,USGS,IAN,2022,600.0
2022-09-25 11:00:00,-0.087,-0.351,-0.264,-75.9352222,37.4763333,01484812,USGS,IAN,2022,660.0
2022-09-25 13:00:00,0.733,0.341,-0.3919999999999999,-75.9352222,37.4763333,01484812,USGS,IAN,2022,780.0
2022-09-25 14:00:00,1.052,0.626,-0.426,-75.9352222,37.4763333,01484812,USGS,IAN,2022,840.0
2022-09-25 15:00:00,1.203,0.771,-0.432,-75.9352222,37.4763333,01484812,USGS,IAN,2022,900.0
2022-09-25 16:00:00,1.103,0.692,-0.411,-75.9352222,37.4763333,01484812,USGS,IAN,2022,960.0
2022-09-25 17:00:00,0.752,0.468,-0.284,-75.9352222,37.4763333,01484812,USGS,IAN,2022,1020.0
2022-09-25 18:00:00,0.333,0.171,-0.162,-75.9352222,37.4763333,01484812,USGS,IAN,2022,1080.0
2022-09-25 20:00:00,-0.427,-0.348,0.079,-75.9352222,37.4763333,01484812,USGS,IAN,2022,1200.0
2022-09-25 21:00:00,-0.627,-0.517,0.1099999999999999,-75.9352222,37.4763333,01484812,USGS,IAN,2022,1260.0
2022-09-25 22:00:00,-0.647,-0.575,0.072,-75.9352222,37.4763333,01484812,USGS,IAN,2022,1320.0
2022-09-25 23:00:00,-0.338,-0.416,-0.0779999999999999,-75.9352222,37.4763333,01484812,USGS,IAN,2022,1380.0
2022-09-26 01:00:00,0.253,0.269,0.016,-75.9352222,37.4763333,01484812,USGS,IAN,2022,1500.0
2022-09-26 03:00:00,0.792,0.798,0.006,-75.9352222,37.4763333,01484812,USGS,IAN,2022,1620.0
2022-09-26 04:00:00,0.663,0.76,0.0969999999999999,-75.9352222,37.4763333,01484812,USGS,IAN,2022,1680.0
2022-09-26 05:00:00,0.363,0.562,0.199,-75.9352222,37.4763333,01484812,USGS,IAN,2022,1740.0
2022-09-26 06:00:00,0.052,0.27,0.218,-75.9352222,37.4763333,01484812,USGS,IAN,2022,1800.0
2022-09-26 08:00:00,-0.438,-0.289,0.149,-75.9352222,37.4763333,01484812,USGS,IAN,2022,1920.0
2022-09-26 10:00:00,-0.768,-0.593,0.175,-75.9352222,37.4763333,01484812,USGS,IAN,2022,2040.0
2022-09-26 11:00:00,-0.738,-0.492,0.246,-75.9352222,37.4763333,01484812,USGS,IAN,2022,2100.0
2022-09-26 12:00:00,-0.448,-0.209,0.239,-75.9352222,37.4763333,01484812,USGS,IAN,2022,2160.0
2022-09-26 13:00:00,-0.017,0.177,0.194,-75.9352222,37.4763333,01484812,USGS,IAN,2022,2220.0
2022-09-26 15:00:00,0.752,0.82,0.0679999999999999,-75.9352222,37.4763333,01484812,USGS,IAN,2022,2340.0
2022-09-26 16:00:00,0.932,0.864,-0.068,-75.9352222,37.4763333,01484812,USGS,IAN,2022,2400.0
2022-09-26 18:00:00,0.483,0.442,-0.0409999999999999,-75.9352222,37.4763333,01484812,USGS,IAN,2022,2520.0
2022-09-26 19:00:00,0.133,0.121,-0.012,-75.9352222,37.4763333,01484812,USGS,IAN,2022,2580.0
2022-09-26 22:00:00,-0.527,-0.549,-0.022,-75.9352222,37.4763333,01484812,USGS,IAN,2022,2760.0
2022-09-26 23:00:00,-0.338,-0.558,-0.22,-75.9352222,37.4763333,01484812,USGS,IAN,2022,2820.0
2022-09-27 00:00:00,0.073,-0.347,-0.42,-75.9352222,37.4763333,01484812,USGS,IAN,2022,2880.0
2022-09-27 02:00:00,0.953,0.38,-0.573,-75.9352222,37.4763333,01484812,USGS,IAN,2022,3000.0
2022-09-27 03:00:00,1.203,0.697,-0.5060000000000001,-75.9352222,37.4763333,01484812,USGS,IAN,2022,3060.0
2022-09-27 04:00:00,1.323,0.817,-0.506,-75.9352222,37.4763333,01484812,USGS,IAN,2022,3120.0
2022-09-27 05:00:00,1.192,0.704,-0.488,-75.9352222,37.4763333,01484812,USGS,IAN,2022,3180.0
2022-09-27 06:00:00,0.883,0.454,-0.429,-75.9352222,37.4763333,01484812,USGS,IAN,2022,3240.0
2022-09-27 07:00:00,0.453,0.142,-0.311,-75.9352222,37.4763333,01484812,USGS,IAN,2022,3300.0
2022-09-27 08:00:00,0.043,-0.146,-0.189,-75.9352222,37.4763333,01484812,USGS,IAN,2022,3360.0
2022-09-27 11:00:00,-0.487,-0.601,-0.1139999999999999,-75.9352222,37.4763333,01484812,USGS,IAN,2022,3540.0
2022-09-27 13:00:00,0.183,-0.038,-0.221,-75.9352222,37.4763333,01484812,USGS,IAN,2022,3660.0
2022-09-27 14:00:00,0.703,0.366,-0.3369999999999999,-75.9352222,37.4763333,01484812,USGS,IAN,2022,3720.0
2022-09-27 15:00:00,1.143,0.753,-0.39,-75.9352222,37.4763333,01484812,USGS,IAN,2022,3780.0
2022-09-27 17:00:00,1.302,0.904,-0.398,-75.9352222,37.4763333,01484812,USGS,IAN,2022,3900.0
2022-09-27 18:00:00,0.943,0.709,-0.2339999999999999,-75.9352222,37.4763333,01484812,USGS,IAN,2022,3960.0
2022-09-27 19:00:00,0.552,0.392,-0.16,-75.9352222,37.4763333,01484812,USGS,IAN,2022,4020.0
2022-09-27 20:00:00,0.163,0.064,-0.099,-75.9352222,37.4763333,01484812,USGS,IAN,2022,4080.0
2022-09-27 21:00:00,-0.177,-0.218,-0.041,-75.9352222,37.4763333,01484812,USGS,IAN,2022,4140.0
2022-09-28 00:00:00,-0.247,-0.516,-0.269,-75.9352222,37.4763333,01484812,USGS,IAN,2022,4320.0
2022-09-28 02:00:00,0.613,0.108,-0.505,-75.9352222,37.4763333,01484812,USGS,IAN,2022,4440.0
2022-09-28 04:00:00,1.383,0.743,-0.64,-75.9352222,37.4763333,01484812,USGS,IAN,2022,4560.0
2022-09-28 05:00:00,1.443,0.777,-0.666,-75.9352222,37.4763333,01484812,USGS,IAN,2022,4620.0
2022-09-28 06:00:00,1.143,0.61,-0.533,-75.9352222,37.4763333,01484812,USGS,IAN,2022,4680.0
2022-09-28 07:00:00,0.772,0.328,-0.444,-75.9352222,37.4763333,01484812,USGS,IAN,2022,4740.0
2022-09-28 08:00:00,0.333,0.022,-0.311,-75.9352222,37.4763333,01484812,USGS,IAN,2022,4800.0
2022-09-28 09:00:00,-0.047,-0.248,-0.201,-75.9352222,37.4763333,01484812,USGS,IAN,2022,4860.0
2022-09-28 10:00:00,-0.357,-0.465,-0.108,-75.9352222,37.4763333,01484812,USGS,IAN,2022,4920.0
2022-09-28 13:00:00,-0.177,-0.296,-0.119,-75.9352222,37.4763333,01484812,USGS,IAN,2022,5100.0
2022-09-28 14:00:00,0.333,0.111,-0.222,-75.9352222,37.4763333,01484812,USGS,IAN,2022,5160.0
2022-09-28 15:00:00,0.823,0.549,-0.2739999999999999,-75.9352222,37.4763333,01484812,USGS,IAN,2022,5220.0
2022-09-28 16:00:00,1.152,0.877,-0.2749999999999999,-75.9352222,37.4763333,01484812,USGS,IAN,2022,5280.0
2022-09-28 17:00:00,1.252,1.001,-0.2510000000000001,-75.9352222,37.4763333,01484812,USGS,IAN,2022,5340.0
2022-09-28 18:00:00,1.042,0.909,-0.133,-75.9352222,37.4763333,01484812,USGS,IAN,2022,5400.0
2022-09-28 19:00:00,0.713,0.676,-0.0369999999999999,-75.9352222,37.4763333,01484812,USGS,IAN,2022,5460.0
2022-09-28 20:00:00,0.312,0.338,0.026,-75.9352222,37.4763333,01484812,USGS,IAN,2022,5520.0
2022-09-28 21:00:00,-0.107,0.014,0.121,-75.9352222,37.4763333,01484812,USGS,IAN,2022,5580.0
2022-09-28 22:00:00,-0.448,-0.259,0.189,-75.9352222,37.4763333,01484812,USGS,IAN,2022,5640.0
2022-09-28 23:00:00,-0.657,-0.462,0.195,-75.9352222,37.4763333,01484812,USGS,IAN,2022,5700.0
2022-09-29 00:00:00,-0.698,-0.57,0.128,-75.9352222,37.4763333,01484812,USGS,IAN,2022,5760.0
2022-09-29 01:00:00,-0.468,-0.47,-0.0019999999999999,-75.9352222,37.4763333,01484812,USGS,IAN,2022,5820.0
2022-09-29 02:00:00,-0.117,-0.192,-0.075,-75.9352222,37.4763333,01484812,USGS,IAN,2022,5880.0
2022-09-29 03:00:00,0.283,0.181,-0.1019999999999999,-75.9352222,37.4763333,01484812,USGS,IAN,2022,5940.0
2022-09-29 04:00:00,0.633,0.513,-0.12,-75.9352222,37.4763333,01484812,USGS,IAN,2022,6000.0
2022-09-29 05:00:00,0.873,0.728,-0.145,-75.9352222,37.4763333,01484812,USGS,IAN,2022,6060.0
2022-09-29 06:00:00,0.833,0.709,-0.124,-75.9352222,37.4763333,01484812,USGS,IAN,2022,6120.0
2022-09-29 07:00:00,0.583,0.508,-0.0749999999999999,-75.9352222,37.4763333,01484812,USGS,IAN,2022,6180.0
2022-09-29 08:00:00,0.243,0.22,-0.0229999999999999,-75.9352222,37.4763333,01484812,USGS,IAN,2022,6240.0
2022-09-29 09:00:00,-0.107,-0.068,0.0389999999999999,-75.9352222,37.4763333,01484812,USGS,IAN,2022,6300.0
2022-09-29 10:00:00,-0.377,-0.315,0.062,-75.9352222,37.4763333,01484812,USGS,IAN,2022,6360.0
2022-09-29 11:00:00,-0.547,-0.502,0.045,-75.9352222,37.4763333,01484812,USGS,IAN,2022,6420.0
2022-09-29 13:00:00,-0.357,-0.451,-0.094,-75.9352222,37.4763333,01484812,USGS,IAN,2022,6540.0
2022-09-29 14:00:00,0.033,-0.126,-0.159,-75.9352222,37.4763333,01484812,USGS,IAN,2022,6600.0
2022-09-29 15:00:00,0.522,0.29,-0.232,-75.9352222,37.4763333,01484812,USGS,IAN,2022,6660.0
2022-09-29 16:00:00,1.002,0.73,-0.272,-75.9352222,37.4763333,01484812,USGS,IAN,2022,6720.0
2022-09-29 17:00:00,1.333,1.006,-0.3269999999999999,-75.9352222,37.4763333,01484812,USGS,IAN,2022,6780.0
2022-09-29 19:00:00,1.143,0.983,-0.16,-75.9352222,37.4763333,01484812,USGS,IAN,2022,6900.0
2022-09-29 20:00:00,0.812,0.726,-0.086,-75.9352222,37.4763333,01484812,USGS,IAN,2022,6960.0
2022-09-29 21:00:00,0.432,0.38,-0.0519999999999999,-75.9352222,37.4763333,01484812,USGS,IAN,2022,7020.0
2022-09-29 23:00:00,-0.228,-0.223,0.005,-75.9352222,37.4763333,01484812,USGS,IAN,2022,7140.0
2022-09-30 00:00:00,-0.348,-0.418,-0.07,-75.9352222,37.4763333,01484812,USGS,IAN,2022,7200.0
2022-09-30 01:00:00,-0.277,-0.488,-0.2109999999999999,-75.9352222,37.4763333,01484812,USGS,IAN,2022,7260.0
2022-09-30 02:00:00,0.043,-0.314,-0.357,-75.9352222,37.4763333,01484812,USGS,IAN,2022,7320.0
2022-09-30 03:00:00,0.443,0.028,-0.415,-75.9352222,37.4763333,01484812,USGS,IAN,2022,7380.0
2022-09-30 04:00:00,0.873,0.407,-0.466,-75.9352222,37.4763333,01484812,USGS,IAN,2022,7440.0
2022-09-30 05:00:00,1.232,0.766,-0.4659999999999999,-75.9352222,37.4763333,01484812,USGS,IAN,2022,7500.0
2022-09-30 06:00:00,1.423,0.902,-0.521,-75.9352222,37.4763333,01484812,USGS,IAN,2022,7560.0
2022-09-30 07:00:00,1.403,0.836,-0.5670000000000001,-75.9352222,37.4763333,01484812,USGS,IAN,2022,7620.0
2022-09-30 08:00:00,1.212,0.664,-0.5479999999999999,-75.9352222,37.4763333,01484812,USGS,IAN,2022,7680.0
2022-09-30 10:00:00,0.643,0.11,-0.533,-75.9352222,37.4763333,01484812,USGS,IAN,2022,7800.0
2022-09-30 11:00:00,0.393,-0.138,-0.531,-75.9352222,37.4763333,01484812,USGS,IAN,2022,7860.0
2022-09-30 13:00:00,0.453,-0.39,-0.843,-75.9352222,37.4763333,01484812,USGS,IAN,2022,7980.0
2022-09-30 14:00:00,0.792,-0.211,-1.003,-75.9352222,37.4763333,01484812,USGS,IAN,2022,8040.0
2022-09-30 15:00:00,1.223,0.145,-1.078,-75.9352222,37.4763333,01484812,USGS,IAN,2022,8100.0
2022-09-30 16:00:00,1.762,0.61,-1.152,-75.9352222,37.4763333,01484812,USGS,IAN,2022,8160.0
2022-09-30 17:00:00,2.192,0.991,-1.201,-75.9352222,37.4763333,01484812,USGS,IAN,2022,8220.0
2022-09-30 19:00:00,2.462,1.228,-1.2340000000000002,-75.9352222,37.4763333,01484812,USGS,IAN,2022,8340.0
2022-09-30 20:00:00,2.152,1.082,-1.07,-75.9352222,37.4763333,01484812,USGS,IAN,2022,8400.0
2022-09-30 21:00:00,1.893,0.827,-1.066,-75.9352222,37.4763333,01484812,USGS,IAN,2022,8460.0
2022-09-30 22:00:00,1.633,0.485,-1.148,-75.9352222,37.4763333,01484812,USGS,IAN,2022,8520.0
2022-09-30 23:00:00,1.413,0.161,-1.252,-75.9352222,37.4763333,01484812,USGS,IAN,2022,8580.0
2022-10-01 00:00:00,1.163,-0.1,-1.263,-75.9352222,37.4763333,01484812,USGS,IAN,2022,8640.0
2022-10-01 01:00:00,1.133,-0.28,-1.413,-75.9352222,37.4763333,01484812,USGS,IAN,2022,8700.0
2022-10-01 02:00:00,1.323,-0.345,-1.668,-75.9352222,37.4763333,01484812,USGS,IAN,2022,8760.0
2022-10-01 04:00:00,2.143,0.161,-1.982,-75.9352222,37.4763333,01484812,USGS,IAN,2022,8880.0
2022-10-01 05:00:00,2.643,0.565,-2.078,-75.9352222,37.4763333,01484812,USGS,IAN,2022,8940.0
2022-10-01 07:00:00,2.812,1.036,-1.7759999999999998,-75.9352222,37.4763333,01484812,USGS,IAN,2022,9060.0
2022-10-01 08:00:00,2.473,0.888,-1.585,-75.9352222,37.4763333,01484812,USGS,IAN,2022,9120.0
2022-10-01 09:00:00,2.112,0.624,-1.488,-75.9352222,37.4763333,01484812,USGS,IAN,2022,9180.0
2022-10-01 10:00:00,1.703,0.311,-1.392,-75.9352222,37.4763333,01484812,USGS,IAN,2022,9240.0
2022-10-01 11:00:00,1.333,0.042,-1.291,-75.9352222,37.4763333,01484812,USGS,IAN,2022,9300.0
2022-10-01 12:00:00,1.022,-0.158,-1.18,-75.9352222,37.4763333,01484812,USGS,IAN,2022,9360.0
2022-10-01 13:00:00,0.873,-0.269,-1.142,-75.9352222,37.4763333,01484812,USGS,IAN,2022,9420.0
2022-10-01 14:00:00,0.922,-0.268,-1.19,-75.9352222,37.4763333,01484812,USGS,IAN,2022,9480.0
2022-10-01 16:00:00,1.633,0.265,-1.368,-75.9352222,37.4763333,01484812,USGS,IAN,2022,9600.0
2022-10-01 19:00:00,2.692,1.304,-1.388,-75.9352222,37.4763333,01484812,USGS,IAN,2022,9780.0
2022-10-01 20:00:00,2.513,1.23,-1.283,-75.9352222,37.4763333,01484812,USGS,IAN,2022,9840.0
2022-10-01 21:00:00,2.232,1.006,-1.2260000000000002,-75.9352222,37.4763333,01484812,USGS,IAN,2022,9900.0
2022-10-01 22:00:00,1.873,0.714,-1.159,-75.9352222,37.4763333,01484812,USGS,IAN,2022,9960.0
2022-09-25 01:00:00,0.889,-0.026,-0.915,-75.86375,37.9784722,01485755,USGS,IAN,2022,60.0
2022-09-25 02:00:00,1.379,0.411,-0.968,-75.86375,37.9784722,01485755,USGS,IAN,2022,120.0
2022-09-25 03:00:00,1.769,0.71,-1.059,-75.86375,37.9784722,01485755,USGS,IAN,2022,180.0
2022-09-25 04:00:00,2.009,0.885,-1.124,-75.86375,37.9784722,01485755,USGS,IAN,2022,240.0
2022-09-25 05:00:00,1.969,0.871,-1.098,-75.86375,37.9784722,01485755,USGS,IAN,2022,300.0
2022-09-25 06:00:00,1.709,0.669,-1.04,-75.86375,37.9784722,01485755,USGS,IAN,2022,360.0
2022-09-25 07:00:00,1.399,0.255,-1.144,-75.86375,37.9784722,01485755,USGS,IAN,2022,420.0
2022-09-25 08:00:00,0.869,-0.042,-0.911,-75.86375,37.9784722,01485755,USGS,IAN,2022,480.0
2022-09-25 09:00:00,0.479,-0.033,-0.512,-75.86375,37.9784722,01485755,USGS,IAN,2022,540.0
2022-09-25 10:00:00,0.149,-0.032,-0.181,-75.86375,37.9784722,01485755,USGS,IAN,2022,600.0
2022-09-25 11:00:00,0.059,-0.032,-0.091,-75.86375,37.9784722,01485755,USGS,IAN,2022,660.0
2022-09-25 12:00:00,0.109,-0.032,-0.141,-75.86375,37.9784722,01485755,USGS,IAN,2022,720.0
2022-09-25 13:00:00,0.399,-0.032,-0.431,-75.86375,37.9784722,01485755,USGS,IAN,2022,780.0
2022-09-25 14:00:00,0.899,0.21,-0.6890000000000001,-75.86375,37.9784722,01485755,USGS,IAN,2022,840.0
2022-09-25 15:00:00,1.209,0.583,-0.6260000000000001,-75.86375,37.9784722,01485755,USGS,IAN,2022,900.0
2022-09-25 16:00:00,1.469,0.864,-0.6050000000000001,-75.86375,37.9784722,01485755,USGS,IAN,2022,960.0
2022-09-25 17:00:00,1.579,0.906,-0.6729999999999999,-75.86375,37.9784722,01485755,USGS,IAN,2022,1020.0
2022-09-25 18:00:00,1.399,0.751,-0.648,-75.86375,37.9784722,01485755,USGS,IAN,2022,1080.0
2022-09-25 19:00:00,0.979,0.396,-0.583,-75.86375,37.9784722,01485755,USGS,IAN,2022,1140.0
2022-09-25 20:00:00,0.539,0.023,-0.516,-75.86375,37.9784722,01485755,USGS,IAN,2022,1200.0
2022-09-25 21:00:00,0.039,-0.033,-0.072,-75.86375,37.9784722,01485755,USGS,IAN,2022,1260.0
2022-09-25 22:00:00,-0.281,-0.032,0.249,-75.86375,37.9784722,01485755,USGS,IAN,2022,1320.0
2022-09-25 23:00:00,-0.401,-0.032,0.369,-75.86375,37.9784722,01485755,USGS,IAN,2022,1380.0
2022-09-26 00:00:00,-0.291,-0.032,0.259,-75.86375,37.9784722,01485755,USGS,IAN,2022,1440.0
2022-09-26 01:00:00,-0.221,-0.032,0.189,-75.86375,37.9784722,01485755,USGS,IAN,2022,1500.0
2022-09-26 02:00:00,0.249,0.073,-0.176,-75.86375,37.9784722,01485755,USGS,IAN,2022,1560.0
2022-09-26 03:00:00,0.809,0.531,-0.278,-75.86375,37.9784722,01485755,USGS,IAN,2022,1620.0
2022-09-26 04:00:00,1.249,0.832,-0.4170000000000001,-75.86375,37.9784722,01485755,USGS,IAN,2022,1680.0
2022-09-26 05:00:00,1.349,0.926,-0.4229999999999999,-75.86375,37.9784722,01485755,USGS,IAN,2022,1740.0
2022-09-26 06:00:00,1.259,0.835,-0.4239999999999999,-75.86375,37.9784722,01485755,USGS,IAN,2022,1800.0
2022-09-26 07:00:00,1.009,0.538,-0.4709999999999998,-75.86375,37.9784722,01485755,USGS,IAN,2022,1860.0
2022-09-26 08:00:00,0.319,0.091,-0.228,-75.86375,37.9784722,01485755,USGS,IAN,2022,1920.0
2022-09-26 09:00:00,-0.051,-0.034,0.0169999999999999,-75.86375,37.9784722,01485755,USGS,IAN,2022,1980.0
2022-09-26 10:00:00,-0.411,-0.032,0.379,-75.86375,37.9784722,01485755,USGS,IAN,2022,2040.0
2022-09-26 11:00:00,-0.721,-0.032,0.689,-75.86375,37.9784722,01485755,USGS,IAN,2022,2100.0
2022-09-26 12:00:00,-0.861,-0.032,0.829,-75.86375,37.9784722,01485755,USGS,IAN,2022,2160.0
2022-09-26 13:00:00,-0.701,-0.032,0.6689999999999999,-75.86375,37.9784722,01485755,USGS,IAN,2022,2220.0
2022-09-26 14:00:00,-0.261,-0.014,0.247,-75.86375,37.9784722,01485755,USGS,IAN,2022,2280.0
2022-09-26 15:00:00,0.229,0.465,0.236,-75.86375,37.9784722,01485755,USGS,IAN,2022,2340.0
2022-09-26 16:00:00,0.759,0.802,0.043,-75.86375,37.9784722,01485755,USGS,IAN,2022,2400.0
2022-09-26 17:00:00,1.049,0.971,-0.0779999999999999,-75.86375,37.9784722,01485755,USGS,IAN,2022,2460.0
2022-09-26 18:00:00,1.149,0.961,-0.188,-75.86375,37.9784722,01485755,USGS,IAN,2022,2520.0
2022-09-26 19:00:00,1.019,0.725,-0.2939999999999999,-75.86375,37.9784722,01485755,USGS,IAN,2022,2580.0
2022-09-26 20:00:00,0.689,0.288,-0.4009999999999999,-75.86375,37.9784722,01485755,USGS,IAN,2022,2640.0
2022-09-26 21:00:00,0.229,-0.044,-0.273,-75.86375,37.9784722,01485755,USGS,IAN,2022,2700.0
2022-09-26 22:00:00,-0.211,-0.033,0.178,-75.86375,37.9784722,01485755,USGS,IAN,2022,2760.0
2022-09-26 23:00:00,-0.471,-0.032,0.4389999999999999,-75.86375,37.9784722,01485755,USGS,IAN,2022,2820.0
2022-09-27 00:00:00,-0.541,-0.032,0.509,-75.86375,37.9784722,01485755,USGS,IAN,2022,2880.0
2022-09-27 01:00:00,-0.231,-0.032,0.199,-75.86375,37.9784722,01485755,USGS,IAN,2022,2940.0
2022-09-27 02:00:00,0.309,-0.032,-0.3409999999999999,-75.86375,37.9784722,01485755,USGS,IAN,2022,3000.0
2022-09-27 03:00:00,0.879,0.254,-0.625,-75.86375,37.9784722,01485755,USGS,IAN,2022,3060.0
2022-09-27 04:00:00,1.349,0.624,-0.725,-75.86375,37.9784722,01485755,USGS,IAN,2022,3120.0
2022-09-27 05:00:00,1.499,0.904,-0.5950000000000001,-75.86375,37.9784722,01485755,USGS,IAN,2022,3180.0
2022-09-27 06:00:00,1.489,0.937,-0.552,-75.86375,37.9784722,01485755,USGS,IAN,2022,3240.0
2022-09-27 07:00:00,1.259,0.752,-0.5069999999999999,-75.86375,37.9784722,01485755,USGS,IAN,2022,3300.0
2022-09-27 08:00:00,0.899,0.354,-0.545,-75.86375,37.9784722,01485755,USGS,IAN,2022,3360.0
2022-09-27 09:00:00,0.389,-0.017,-0.406,-75.86375,37.9784722,01485755,USGS,IAN,2022,3420.0
2022-09-27 10:00:00,-0.041,-0.031,0.01,-75.86375,37.9784722,01485755,USGS,IAN,2022,3480.0
2022-09-27 11:00:00,-0.321,-0.032,0.289,-75.86375,37.9784722,01485755,USGS,IAN,2022,3540.0
2022-09-27 12:00:00,-0.491,-0.032,0.4589999999999999,-75.86375,37.9784722,01485755,USGS,IAN,2022,3600.0
2022-09-27 13:00:00,-0.421,-0.032,0.389,-75.86375,37.9784722,01485755,USGS,IAN,2022,3660.0
2022-09-27 14:00:00,-0.111,-0.032,0.079,-75.86375,37.9784722,01485755,USGS,IAN,2022,3720.0
2022-09-27 15:00:00,0.399,0.183,-0.216,-75.86375,37.9784722,01485755,USGS,IAN,2022,3780.0
2022-09-27 16:00:00,0.969,0.626,-0.3429999999999999,-75.86375,37.9784722,01485755,USGS,IAN,2022,3840.0
2022-09-27 17:00:00,1.379,0.958,-0.421,-75.86375,37.9784722,01485755,USGS,IAN,2022,3900.0
2022-09-27 18:00:00,1.539,1.058,-0.4809999999999998,-75.86375,37.9784722,01485755,USGS,IAN,2022,3960.0
2022-09-27 19:00:00,1.509,0.969,-0.5399999999999999,-75.86375,37.9784722,01485755,USGS,IAN,2022,4020.0
2022-09-27 20:00:00,1.119,0.66,-0.4589999999999999,-75.86375,37.9784722,01485755,USGS,IAN,2022,4080.0
2022-09-27 21:00:00,0.679,0.194,-0.485,-75.86375,37.9784722,01485755,USGS,IAN,2022,4140.0
2022-09-27 22:00:00,0.209,-0.035,-0.244,-75.86375,37.9784722,01485755,USGS,IAN,2022,4200.0
2022-09-27 23:00:00,-0.141,-0.034,0.1069999999999999,-75.86375,37.9784722,01485755,USGS,IAN,2022,4260.0
2022-09-28 00:00:00,-0.381,-0.034,0.347,-75.86375,37.9784722,01485755,USGS,IAN,2022,4320.0
2022-09-28 01:00:00,-0.391,-0.034,0.357,-75.86375,37.9784722,01485755,USGS,IAN,2022,4380.0
2022-09-28 02:00:00,-0.141,-0.034,0.1069999999999999,-75.86375,37.9784722,01485755,USGS,IAN,2022,4440.0
2022-09-28 03:00:00,0.389,-0.034,-0.423,-75.86375,37.9784722,01485755,USGS,IAN,2022,4500.0
2022-09-28 04:00:00,0.889,0.395,-0.494,-75.86375,37.9784722,01485755,USGS,IAN,2022,4560.0
2022-09-28 05:00:00,1.219,0.709,-0.5100000000000001,-75.86375,37.9784722,01485755,USGS,IAN,2022,4620.0
2022-09-28 06:00:00,1.299,0.92,-0.3789999999999999,-75.86375,37.9784722,01485755,USGS,IAN,2022,4680.0
2022-09-28 07:00:00,1.259,0.894,-0.3649999999999999,-75.86375,37.9784722,01485755,USGS,IAN,2022,4740.0
2022-09-28 08:00:00,0.949,0.635,-0.3139999999999999,-75.86375,37.9784722,01485755,USGS,IAN,2022,4800.0
2022-09-28 09:00:00,0.489,0.172,-0.317,-75.86375,37.9784722,01485755,USGS,IAN,2022,4860.0
2022-09-28 10:00:00,0.049,-0.035,-0.084,-75.86375,37.9784722,01485755,USGS,IAN,2022,4920.0
2022-09-28 11:00:00,-0.351,-0.033,0.3179999999999999,-75.86375,37.9784722,01485755,USGS,IAN,2022,4980.0
2022-09-28 12:00:00,-0.571,-0.032,0.5389999999999999,-75.86375,37.9784722,01485755,USGS,IAN,2022,5040.0
2022-09-28 13:00:00,-0.681,-0.032,0.649,-75.86375,37.9784722,01485755,USGS,IAN,2022,5100.0
2022-09-28 14:00:00,-0.511,-0.032,0.479,-75.86375,37.9784722,01485755,USGS,IAN,2022,5160.0
2022-09-28 15:00:00,-0.101,-0.032,0.069,-75.86375,37.9784722,01485755,USGS,IAN,2022,5220.0
2022-09-28 16:00:00,0.519,0.401,-0.118,-75.86375,37.9784722,01485755,USGS,IAN,2022,5280.0
2022-09-28 17:00:00,0.979,0.762,-0.2169999999999999,-75.86375,37.9784722,01485755,USGS,IAN,2022,5340.0
2022-09-28 18:00:00,1.259,1.04,-0.2189999999999998,-75.86375,37.9784722,01485755,USGS,IAN,2022,5400.0
2022-09-28 19:00:00,1.329,1.098,-0.2309999999999998,-75.86375,37.9784722,01485755,USGS,IAN,2022,5460.0
2022-09-28 20:00:00,1.179,0.947,-0.2320000000000001,-75.86375,37.9784722,01485755,USGS,IAN,2022,5520.0
2022-09-28 21:00:00,0.769,0.586,-0.183,-75.86375,37.9784722,01485755,USGS,IAN,2022,5580.0
2022-09-28 22:00:00,0.319,0.113,-0.206,-75.86375,37.9784722,01485755,USGS,IAN,2022,5640.0
2022-09-28 23:00:00,-0.201,-0.031,0.17,-75.86375,37.9784722,01485755,USGS,IAN,2022,5700.0
2022-09-29 00:00:00,-0.571,-0.033,0.5379999999999999,-75.86375,37.9784722,01485755,USGS,IAN,2022,5760.0
2022-09-29 01:00:00,-0.791,-0.033,0.758,-75.86375,37.9784722,01485755,USGS,IAN,2022,5820.0
2022-09-29 02:00:00,-0.771,-0.033,0.738,-75.86375,37.9784722,01485755,USGS,IAN,2022,5880.0
2022-09-29 03:00:00,-0.501,-0.033,0.4679999999999999,-75.86375,37.9784722,01485755,USGS,IAN,2022,5940.0
2022-09-29 04:00:00,-0.031,-0.008,0.023,-75.86375,37.9784722,01485755,USGS,IAN,2022,6000.0
2022-09-29 05:00:00,0.409,0.461,0.052,-75.86375,37.9784722,01485755,USGS,IAN,2022,6060.0
2022-09-29 06:00:00,0.739,0.763,0.024,-75.86375,37.9784722,01485755,USGS,IAN,2022,6120.0
2022-09-29 07:00:00,0.859,0.875,0.016,-75.86375,37.9784722,01485755,USGS,IAN,2022,6180.0
2022-09-29 08:00:00,0.719,0.792,0.073,-75.86375,37.9784722,01485755,USGS,IAN,2022,6240.0
2022-09-29 09:00:00,0.339,0.481,0.1419999999999999,-75.86375,37.9784722,01485755,USGS,IAN,2022,6300.0
2022-09-29 10:00:00,-0.101,0.043,0.144,-75.86375,37.9784722,01485755,USGS,IAN,2022,6360.0
2022-09-29 11:00:00,-0.481,-0.032,0.4489999999999999,-75.86375,37.9784722,01485755,USGS,IAN,2022,6420.0
2022-09-29 12:00:00,-0.751,-0.033,0.718,-75.86375,37.9784722,01485755,USGS,IAN,2022,6480.0
2022-09-29 13:00:00,-0.941,-0.033,0.908,-75.86375,37.9784722,01485755,USGS,IAN,2022,6540.0
2022-09-29 14:00:00,-0.931,-0.033,0.898,-75.86375,37.9784722,01485755,USGS,IAN,2022,6600.0
2022-09-29 15:00:00,-0.721,-0.032,0.689,-75.86375,37.9784722,01485755,USGS,IAN,2022,6660.0
2022-09-29 16:00:00,-0.251,0.042,0.293,-75.86375,37.9784722,01485755,USGS,IAN,2022,6720.0
2022-09-29 17:00:00,0.369,0.561,0.192,-75.86375,37.9784722,01485755,USGS,IAN,2022,6780.0
2022-09-29 18:00:00,0.909,0.929,0.02,-75.86375,37.9784722,01485755,USGS,IAN,2022,6840.0
2022-09-29 19:00:00,1.149,1.113,-0.036,-75.86375,37.9784722,01485755,USGS,IAN,2022,6900.0
2022-09-29 20:00:00,1.139,1.141,0.002,-75.86375,37.9784722,01485755,USGS,IAN,2022,6960.0
2022-09-29 21:00:00,0.939,0.977,0.038,-75.86375,37.9784722,01485755,USGS,IAN,2022,7020.0
2022-09-29 22:00:00,0.609,0.6,-0.009,-75.86375,37.9784722,01485755,USGS,IAN,2022,7080.0
2022-09-29 23:00:00,0.169,0.12,-0.049,-75.86375,37.9784722,01485755,USGS,IAN,2022,7140.0
2022-09-30 00:00:00,-0.241,-0.033,0.208,-75.86375,37.9784722,01485755,USGS,IAN,2022,7200.0
2022-09-30 01:00:00,-0.491,-0.034,0.4569999999999999,-75.86375,37.9784722,01485755,USGS,IAN,2022,7260.0
2022-09-30 02:00:00,-0.561,-0.034,0.527,-75.86375,37.9784722,01485755,USGS,IAN,2022,7320.0
2022-09-30 03:00:00,-0.471,-0.034,0.4369999999999999,-75.86375,37.9784722,01485755,USGS,IAN,2022,7380.0
2022-09-30 04:00:00,-0.091,-0.034,0.0569999999999999,-75.86375,37.9784722,01485755,USGS,IAN,2022,7440.0
2022-09-30 05:00:00,0.389,0.21,-0.179,-75.86375,37.9784722,01485755,USGS,IAN,2022,7500.0
2022-09-30 06:00:00,0.809,0.614,-0.195,-75.86375,37.9784722,01485755,USGS,IAN,2022,7560.0
2022-09-30 07:00:00,1.109,0.92,-0.1889999999999999,-75.86375,37.9784722,01485755,USGS,IAN,2022,7620.0
2022-09-30 08:00:00,1.259,1.007,-0.252,-75.86375,37.9784722,01485755,USGS,IAN,2022,7680.0
2022-09-30 09:00:00,1.259,0.944,-0.3149999999999999,-75.86375,37.9784722,01485755,USGS,IAN,2022,7740.0
2022-09-30 10:00:00,1.099,0.696,-0.403,-75.86375,37.9784722,01485755,USGS,IAN,2022,7800.0
2022-09-30 11:00:00,0.809,0.294,-0.5150000000000001,-75.86375,37.9784722,01485755,USGS,IAN,2022,7860.0
2022-09-30 12:00:00,0.559,0.01,-0.549,-75.86375,37.9784722,01485755,USGS,IAN,2022,7920.0
2022-09-30 13:00:00,0.279,-0.033,-0.312,-75.86375,37.9784722,01485755,USGS,IAN,2022,7980.0
2022-09-30 14:00:00,0.239,-0.033,-0.272,-75.86375,37.9784722,01485755,USGS,IAN,2022,8040.0
2022-09-30 15:00:00,0.359,-0.033,-0.392,-75.86375,37.9784722,01485755,USGS,IAN,2022,8100.0
2022-09-30 16:00:00,0.629,-0.033,-0.662,-75.86375,37.9784722,01485755,USGS,IAN,2022,8160.0
2022-09-30 17:00:00,1.109,0.359,-0.75,-75.86375,37.9784722,01485755,USGS,IAN,2022,8220.0
2022-09-30 18:00:00,1.509,0.767,-0.7419999999999999,-75.86375,37.9784722,01485755,USGS,IAN,2022,8280.0
2022-09-30 19:00:00,1.749,1.12,-0.629,-75.86375,37.9784722,01485755,USGS,IAN,2022,8340.0
2022-09-30 20:00:00,1.879,1.273,-0.6060000000000001,-75.86375,37.9784722,01485755,USGS,IAN,2022,8400.0
2022-09-30 21:00:00,1.869,1.264,-0.605,-75.86375,37.9784722,01485755,USGS,IAN,2022,8460.0
2022-09-30 22:00:00,1.559,1.104,-0.4549999999999998,-75.86375,37.9784722,01485755,USGS,IAN,2022,8520.0
2022-09-30 23:00:00,1.309,0.732,-0.577,-75.86375,37.9784722,01485755,USGS,IAN,2022,8580.0
2022-10-01 00:00:00,0.959,0.282,-0.677,-75.86375,37.9784722,01485755,USGS,IAN,2022,8640.0
2022-10-01 01:00:00,0.719,-0.051,-0.77,-75.86375,37.9784722,01485755,USGS,IAN,2022,8700.0
2022-10-01 02:00:00,0.549,-0.036,-0.5850000000000001,-75.86375,37.9784722,01485755,USGS,IAN,2022,8760.0
2022-10-01 03:00:00,0.669,-0.038,-0.7070000000000001,-75.86375,37.9784722,01485755,USGS,IAN,2022,8820.0
2022-10-01 04:00:00,0.969,-0.037,-1.006,-75.86375,37.9784722,01485755,USGS,IAN,2022,8880.0
2022-10-01 05:00:00,1.489,0.011,-1.4780000000000002,-75.86375,37.9784722,01485755,USGS,IAN,2022,8940.0
2022-10-01 06:00:00,2.019,0.586,-1.4330000000000005,-75.86375,37.9784722,01485755,USGS,IAN,2022,9000.0
2022-10-01 07:00:00,2.629,0.962,-1.667,-75.86375,37.9784722,01485755,USGS,IAN,2022,9060.0
2022-10-01 08:00:00,2.879,1.245,-1.634,-75.86375,37.9784722,01485755,USGS,IAN,2022,9120.0
2022-10-01 09:00:00,2.859,1.277,-1.582,-75.86375,37.9784722,01485755,USGS,IAN,2022,9180.0
2022-10-01 10:00:00,2.659,1.07,-1.5889999999999995,-75.86375,37.9784722,01485755,USGS,IAN,2022,9240.0
2022-10-01 11:00:00,2.239,0.624,-1.6149999999999998,-75.86375,37.9784722,01485755,USGS,IAN,2022,9300.0
2022-10-01 12:00:00,1.799,0.235,-1.564,-75.86375,37.9784722,01485755,USGS,IAN,2022,9360.0
2022-10-01 13:00:00,1.349,-0.024,-1.373,-75.86375,37.9784722,01485755,USGS,IAN,2022,9420.0
2022-10-01 14:00:00,1.009,-0.032,-1.041,-75.86375,37.9784722,01485755,USGS,IAN,2022,9480.0
2022-10-01 15:00:00,0.819,-0.035,-0.854,-75.86375,37.9784722,01485755,USGS,IAN,2022,9540.0
2022-10-01 16:00:00,0.919,-0.033,-0.952,-75.86375,37.9784722,01485755,USGS,IAN,2022,9600.0
2022-10-01 17:00:00,1.229,0.024,-1.205,-75.86375,37.9784722,01485755,USGS,IAN,2022,9660.0
2022-10-01 18:00:00,1.729,0.601,-1.128,-75.86375,37.9784722,01485755,USGS,IAN,2022,9720.0
2022-10-01 19:00:00,2.249,1.004,-1.245,-75.86375,37.9784722,01485755,USGS,IAN,2022,9780.0
2022-10-01 20:00:00,2.679,1.316,-1.3629999999999998,-75.86375,37.9784722,01485755,USGS,IAN,2022,9840.0
2022-10-01 21:00:00,2.849,1.44,-1.4090000000000005,-75.86375,37.9784722,01485755,USGS,IAN,2022,9900.0
2022-10-01 22:00:00,2.789,1.338,-1.451,-75.86375,37.9784722,01485755,USGS,IAN,2022,9960.0
2022-10-01 23:00:00,2.539,1.056,-1.483,-75.86375,37.9784722,01485755,USGS,IAN,2022,10020.0
2022-09-25 01:00:00,0.708,-0.129,-0.837,-75.72013889,38.5439722,01488110,USGS,IAN,2022,60.0
2022-09-25 02:00:00,0.238,-0.316,-0.554,-75.72013889,38.5439722,01488110,USGS,IAN,2022,120.0
2022-09-25 03:00:00,-0.052,-0.465,-0.413,-75.72013889,38.5439722,01488110,USGS,IAN,2022,180.0
2022-09-25 04:00:00,0.278,-0.451,-0.7290000000000001,-75.72013889,38.5439722,01488110,USGS,IAN,2022,240.0
2022-09-25 05:00:00,0.928,-0.221,-1.149,-75.72013889,38.5439722,01488110,USGS,IAN,2022,300.0
2022-09-25 06:00:00,1.438,0.072,-1.366,-75.72013889,38.5439722,01488110,USGS,IAN,2022,360.0
2022-09-25 07:00:00,1.818,0.439,-1.379,-75.72013889,38.5439722,01488110,USGS,IAN,2022,420.0
2022-09-25 08:00:00,2.068,0.758,-1.31,-75.72013889,38.5439722,01488110,USGS,IAN,2022,480.0
2022-09-25 09:00:00,2.208,0.859,-1.3490000000000002,-75.72013889,38.5439722,01488110,USGS,IAN,2022,540.0
2022-09-25 10:00:00,2.208,0.645,-1.5630000000000002,-75.72013889,38.5439722,01488110,USGS,IAN,2022,600.0
2022-09-25 11:00:00,1.988,0.427,-1.561,-75.72013889,38.5439722,01488110,USGS,IAN,2022,660.0
2022-09-25 12:00:00,1.678,0.209,-1.469,-75.72013889,38.5439722,01488110,USGS,IAN,2022,720.0
2022-09-25 13:00:00,1.308,-0.009,-1.317,-75.72013889,38.5439722,01488110,USGS,IAN,2022,780.0
2022-09-25 14:00:00,0.848,-0.214,-1.062,-75.72013889,38.5439722,01488110,USGS,IAN,2022,840.0
2022-09-25 15:00:00,0.448,-0.388,-0.8360000000000001,-75.72013889,38.5439722,01488110,USGS,IAN,2022,900.0
2022-09-25 16:00:00,0.268,-0.486,-0.754,-75.72013889,38.5439722,01488110,USGS,IAN,2022,960.0
2022-09-25 17:00:00,0.478,-0.33,-0.808,-75.72013889,38.5439722,01488110,USGS,IAN,2022,1020.0
2022-09-25 18:00:00,0.958,-0.065,-1.023,-75.72013889,38.5439722,01488110,USGS,IAN,2022,1080.0
2022-09-25 19:00:00,1.398,0.282,-1.116,-75.72013889,38.5439722,01488110,USGS,IAN,2022,1140.0
2022-09-25 20:00:00,1.708,0.64,-1.068,-75.72013889,38.5439722,01488110,USGS,IAN,2022,1200.0
2022-09-25 21:00:00,1.928,0.861,-1.067,-75.72013889,38.5439722,01488110,USGS,IAN,2022,1260.0
2022-09-25 22:00:00,1.978,0.726,-1.252,-75.72013889,38.5439722,01488110,USGS,IAN,2022,1320.0
2022-09-25 23:00:00,1.818,0.497,-1.3210000000000002,-75.72013889,38.5439722,01488110,USGS,IAN,2022,1380.0
2022-09-26 00:00:00,1.458,0.28,-1.178,-75.72013889,38.5439722,01488110,USGS,IAN,2022,1440.0
2022-09-26 01:00:00,1.088,0.058,-1.03,-75.72013889,38.5439722,01488110,USGS,IAN,2022,1500.0
2022-09-26 02:00:00,0.718,-0.152,-0.87,-75.72013889,38.5439722,01488110,USGS,IAN,2022,1560.0
2022-09-26 03:00:00,0.298,-0.338,-0.636,-75.72013889,38.5439722,01488110,USGS,IAN,2022,1620.0
2022-09-26 04:00:00,0.128,-0.474,-0.602,-75.72013889,38.5439722,01488110,USGS,IAN,2022,1680.0
2022-09-26 05:00:00,0.388,-0.397,-0.785,-75.72013889,38.5439722,01488110,USGS,IAN,2022,1740.0
2022-09-26 06:00:00,0.788,-0.145,-0.933,-75.72013889,38.5439722,01488110,USGS,IAN,2022,1800.0
2022-09-26 07:00:00,1.218,0.185,-1.033,-75.72013889,38.5439722,01488110,USGS,IAN,2022,1860.0
2022-09-26 08:00:00,1.538,0.556,-0.982,-75.72013889,38.5439722,01488110,USGS,IAN,2022,1920.0
2022-09-26 09:00:00,1.698,0.836,-0.862,-75.72013889,38.5439722,01488110,USGS,IAN,2022,1980.0
2022-09-26 10:00:00,1.658,0.806,-0.8519999999999999,-75.72013889,38.5439722,01488110,USGS,IAN,2022,2040.0
2022-09-26 11:00:00,1.328,0.573,-0.7550000000000001,-75.72013889,38.5439722,01488110,USGS,IAN,2022,2100.0
2022-09-26 12:00:00,0.798,0.356,-0.442,-75.72013889,38.5439722,01488110,USGS,IAN,2022,2160.0
2022-09-26 13:00:00,0.258,0.133,-0.125,-75.72013889,38.5439722,01488110,USGS,IAN,2022,2220.0
2022-09-26 14:00:00,-0.262,-0.083,0.179,-75.72013889,38.5439722,01488110,USGS,IAN,2022,2280.0
2022-09-26 15:00:00,-0.762,-0.28,0.482,-75.72013889,38.5439722,01488110,USGS,IAN,2022,2340.0
2022-09-26 16:00:00,-1.082,-0.439,0.643,-75.72013889,38.5439722,01488110,USGS,IAN,2022,2400.0
2022-09-26 17:00:00,-0.832,-0.457,0.3749999999999999,-75.72013889,38.5439722,01488110,USGS,IAN,2022,2460.0
2022-09-26 18:00:00,-0.102,-0.223,-0.121,-75.72013889,38.5439722,01488110,USGS,IAN,2022,2520.0
2022-09-26 19:00:00,0.618,0.079,-0.539,-75.72013889,38.5439722,01488110,USGS,IAN,2022,2580.0
2022-09-26 20:00:00,1.168,0.456,-0.712,-75.72013889,38.5439722,01488110,USGS,IAN,2022,2640.0
2022-09-26 21:00:00,1.488,0.786,-0.702,-75.72013889,38.5439722,01488110,USGS,IAN,2022,2700.0
2022-09-26 22:00:00,1.638,0.924,-0.7139999999999999,-75.72013889,38.5439722,01488110,USGS,IAN,2022,2760.0
2022-09-26 23:00:00,1.618,0.716,-0.902,-75.72013889,38.5439722,01488110,USGS,IAN,2022,2820.0
2022-09-27 00:00:00,1.248,0.49,-0.758,-75.72013889,38.5439722,01488110,USGS,IAN,2022,2880.0
2022-09-27 01:00:00,0.698,0.265,-0.4329999999999999,-75.72013889,38.5439722,01488110,USGS,IAN,2022,2940.0
2022-09-27 02:00:00,0.118,0.04,-0.0779999999999999,-75.72013889,38.5439722,01488110,USGS,IAN,2022,3000.0
2022-09-27 03:00:00,-0.402,-0.171,0.231,-75.72013889,38.5439722,01488110,USGS,IAN,2022,3060.0
2022-09-27 04:00:00,-0.712,-0.353,0.359,-75.72013889,38.5439722,01488110,USGS,IAN,2022,3120.0
2022-09-27 05:00:00,-0.332,-0.464,-0.132,-75.72013889,38.5439722,01488110,USGS,IAN,2022,3180.0
2022-09-27 06:00:00,0.388,-0.322,-0.71,-75.72013889,38.5439722,01488110,USGS,IAN,2022,3240.0
2022-09-27 07:00:00,0.998,-0.05,-1.048,-75.72013889,38.5439722,01488110,USGS,IAN,2022,3300.0
2022-09-27 08:00:00,1.408,0.302,-1.106,-75.72013889,38.5439722,01488110,USGS,IAN,2022,3360.0
2022-09-27 09:00:00,1.658,0.663,-0.995,-75.72013889,38.5439722,01488110,USGS,IAN,2022,3420.0
2022-09-27 10:00:00,1.778,0.883,-0.895,-75.72013889,38.5439722,01488110,USGS,IAN,2022,3480.0
2022-09-27 11:00:00,1.728,0.732,-0.996,-75.72013889,38.5439722,01488110,USGS,IAN,2022,3540.0
2022-09-27 12:00:00,1.368,0.499,-0.8690000000000001,-75.72013889,38.5439722,01488110,USGS,IAN,2022,3600.0
2022-09-27 13:00:00,0.848,0.276,-0.572,-75.72013889,38.5439722,01488110,USGS,IAN,2022,3660.0
2022-09-27 14:00:00,0.288,0.052,-0.236,-75.72013889,38.5439722,01488110,USGS,IAN,2022,3720.0
2022-09-27 15:00:00,-0.272,-0.16,0.112,-75.72013889,38.5439722,01488110,USGS,IAN,2022,3780.0
2022-09-27 16:00:00,-0.672,-0.346,0.326,-75.72013889,38.5439722,01488110,USGS,IAN,2022,3840.0
2022-09-27 17:00:00,-0.812,-0.48,0.3320000000000001,-75.72013889,38.5439722,01488110,USGS,IAN,2022,3900.0
2022-09-27 18:00:00,-0.252,-0.387,-0.135,-75.72013889,38.5439722,01488110,USGS,IAN,2022,3960.0
2022-09-27 19:00:00,0.528,-0.121,-0.649,-75.72013889,38.5439722,01488110,USGS,IAN,2022,4020.0
2022-09-27 20:00:00,1.138,0.231,-0.907,-75.72013889,38.5439722,01488110,USGS,IAN,2022,4080.0
2022-09-27 21:00:00,1.548,0.615,-0.933,-75.72013889,38.5439722,01488110,USGS,IAN,2022,4140.0
2022-09-27 22:00:00,1.778,0.901,-0.877,-75.72013889,38.5439722,01488110,USGS,IAN,2022,4200.0
2022-09-27 23:00:00,1.888,0.936,-0.9519999999999998,-75.72013889,38.5439722,01488110,USGS,IAN,2022,4260.0
2022-09-28 00:00:00,1.748,0.703,-1.045,-75.72013889,38.5439722,01488110,USGS,IAN,2022,4320.0
2022-09-28 01:00:00,1.308,0.475,-0.8330000000000001,-75.72013889,38.5439722,01488110,USGS,IAN,2022,4380.0
2022-09-28 02:00:00,0.768,0.247,-0.521,-75.72013889,38.5439722,01488110,USGS,IAN,2022,4440.0
2022-09-28 03:00:00,0.198,0.021,-0.177,-75.72013889,38.5439722,01488110,USGS,IAN,2022,4500.0
2022-09-28 04:00:00,-0.332,-0.19,0.142,-75.72013889,38.5439722,01488110,USGS,IAN,2022,4560.0
2022-09-28 05:00:00,-0.672,-0.365,0.307,-75.72013889,38.5439722,01488110,USGS,IAN,2022,4620.0
2022-09-28 06:00:00,-0.452,-0.436,0.016,-75.72013889,38.5439722,01488110,USGS,IAN,2022,4680.0
2022-09-28 07:00:00,0.188,-0.234,-0.422,-75.72013889,38.5439722,01488110,USGS,IAN,2022,4740.0
2022-09-28 08:00:00,0.818,0.051,-0.7669999999999999,-75.72013889,38.5439722,01488110,USGS,IAN,2022,4800.0
2022-09-28 09:00:00,1.288,0.411,-0.877,-75.72013889,38.5439722,01488110,USGS,IAN,2022,4860.0
2022-09-28 10:00:00,1.508,0.746,-0.762,-75.72013889,38.5439722,01488110,USGS,IAN,2022,4920.0
2022-09-28 11:00:00,1.548,0.867,-0.681,-75.72013889,38.5439722,01488110,USGS,IAN,2022,4980.0
2022-09-28 12:00:00,1.308,0.64,-0.668,-75.72013889,38.5439722,01488110,USGS,IAN,2022,5040.0
2022-09-28 13:00:00,0.818,0.415,-0.4029999999999999,-75.72013889,38.5439722,01488110,USGS,IAN,2022,5100.0
2022-09-28 14:00:00,0.278,0.191,-0.087,-75.72013889,38.5439722,01488110,USGS,IAN,2022,5160.0
2022-09-28 15:00:00,-0.282,-0.029,0.2529999999999999,-75.72013889,38.5439722,01488110,USGS,IAN,2022,5220.0
2022-09-28 16:00:00,-0.792,-0.235,0.557,-75.72013889,38.5439722,01488110,USGS,IAN,2022,5280.0
2022-09-28 17:00:00,-1.132,-0.407,0.7249999999999999,-75.72013889,38.5439722,01488110,USGS,IAN,2022,5340.0
2022-09-28 18:00:00,-0.962,-0.493,0.469,-75.72013889,38.5439722,01488110,USGS,IAN,2022,5400.0
2022-09-28 19:00:00,-0.182,-0.309,-0.127,-75.72013889,38.5439722,01488110,USGS,IAN,2022,5460.0
2022-09-28 20:00:00,0.618,-0.02,-0.638,-75.72013889,38.5439722,01488110,USGS,IAN,2022,5520.0
2022-09-28 21:00:00,1.178,0.36,-0.818,-75.72013889,38.5439722,01488110,USGS,IAN,2022,5580.0
2022-09-28 22:00:00,1.498,0.731,-0.767,-75.72013889,38.5439722,01488110,USGS,IAN,2022,5640.0
2022-09-28 23:00:00,1.638,0.971,-0.6669999999999999,-75.72013889,38.5439722,01488110,USGS,IAN,2022,5700.0
2022-09-29 00:00:00,1.568,0.912,-0.656,-75.72013889,38.5439722,01488110,USGS,IAN,2022,5760.0
2022-09-29 01:00:00,1.178,0.682,-0.4959999999999999,-75.72013889,38.5439722,01488110,USGS,IAN,2022,5820.0
2022-09-29 02:00:00,0.608,0.453,-0.1549999999999999,-75.72013889,38.5439722,01488110,USGS,IAN,2022,5880.0
2022-09-29 03:00:00,0.018,0.219,0.201,-75.72013889,38.5439722,01488110,USGS,IAN,2022,5940.0
2022-09-29 04:00:00,-0.542,-0.008,0.534,-75.72013889,38.5439722,01488110,USGS,IAN,2022,6000.0
2022-09-29 05:00:00,-1.042,-0.215,0.8270000000000001,-75.72013889,38.5439722,01488110,USGS,IAN,2022,6060.0
2022-09-29 06:00:00,-1.302,-0.382,0.92,-75.72013889,38.5439722,01488110,USGS,IAN,2022,6120.0
2022-09-29 07:00:00,-0.922,-0.408,0.514,-75.72013889,38.5439722,01488110,USGS,IAN,2022,6180.0
2022-09-29 08:00:00,-0.262,-0.174,0.088,-75.72013889,38.5439722,01488110,USGS,IAN,2022,6240.0
2022-09-29 09:00:00,0.358,0.121,-0.237,-75.72013889,38.5439722,01488110,USGS,IAN,2022,6300.0
2022-09-29 10:00:00,0.758,0.48,-0.278,-75.72013889,38.5439722,01488110,USGS,IAN,2022,6360.0
2022-09-29 11:00:00,0.908,0.777,-0.131,-75.72013889,38.5439722,01488110,USGS,IAN,2022,6420.0
2022-09-29 12:00:00,0.788,0.766,-0.022,-75.72013889,38.5439722,01488110,USGS,IAN,2022,6480.0
2022-09-29 13:00:00,0.378,0.53,0.152,-75.72013889,38.5439722,01488110,USGS,IAN,2022,6540.0
2022-09-29 14:00:00,-0.182,0.312,0.494,-75.72013889,38.5439722,01488110,USGS,IAN,2022,6600.0
2022-09-29 15:00:00,-0.822,0.09,0.912,-75.72013889,38.5439722,01488110,USGS,IAN,2022,6660.0
2022-09-29 16:00:00,-1.442,-0.124,1.318,-75.72013889,38.5439722,01488110,USGS,IAN,2022,6720.0
2022-09-29 17:00:00,-1.922,-0.317,1.605,-75.72013889,38.5439722,01488110,USGS,IAN,2022,6780.0
2022-09-29 18:00:00,-2.132,-0.47,1.662,-75.72013889,38.5439722,01488110,USGS,IAN,2022,6840.0
2022-09-29 19:00:00,-1.482,-0.455,1.027,-75.72013889,38.5439722,01488110,USGS,IAN,2022,6900.0
2022-09-29 20:00:00,-0.552,-0.209,0.3430000000000001,-75.72013889,38.5439722,01488110,USGS,IAN,2022,6960.0
2022-09-29 21:00:00,0.288,0.109,-0.179,-75.72013889,38.5439722,01488110,USGS,IAN,2022,7020.0
2022-09-29 22:00:00,0.908,0.507,-0.401,-75.72013889,38.5439722,01488110,USGS,IAN,2022,7080.0
2022-09-29 23:00:00,1.258,0.841,-0.417,-75.72013889,38.5439722,01488110,USGS,IAN,2022,7140.0
2022-09-30 00:00:00,1.398,1.034,-0.3639999999999999,-75.72013889,38.5439722,01488110,USGS,IAN,2022,7200.0
2022-09-30 01:00:00,1.318,0.925,-0.393,-75.72013889,38.5439722,01488110,USGS,IAN,2022,7260.0
2022-09-30 02:00:00,0.948,0.699,-0.249,-75.72013889,38.5439722,01488110,USGS,IAN,2022,7320.0
2022-09-30 03:00:00,0.368,0.47,0.1019999999999999,-75.72013889,38.5439722,01488110,USGS,IAN,2022,7380.0
2022-09-30 04:00:00,-0.212,0.231,0.443,-75.72013889,38.5439722,01488110,USGS,IAN,2022,7440.0
2022-09-30 05:00:00,-0.792,-0.0,0.792,-75.72013889,38.5439722,01488110,USGS,IAN,2022,7500.0
2022-09-30 06:00:00,-1.182,-0.21,0.972,-75.72013889,38.5439722,01488110,USGS,IAN,2022,7560.0
2022-09-30 07:00:00,-1.042,-0.372,0.67,-75.72013889,38.5439722,01488110,USGS,IAN,2022,7620.0
2022-09-30 08:00:00,-0.392,-0.314,0.078,-75.72013889,38.5439722,01488110,USGS,IAN,2022,7680.0
2022-09-30 09:00:00,0.278,-0.043,-0.321,-75.72013889,38.5439722,01488110,USGS,IAN,2022,7740.0
2022-09-30 10:00:00,0.828,0.288,-0.54,-75.72013889,38.5439722,01488110,USGS,IAN,2022,7800.0
2022-09-30 11:00:00,1.158,0.65,-0.5079999999999999,-75.72013889,38.5439722,01488110,USGS,IAN,2022,7860.0
2022-09-30 12:00:00,1.338,0.921,-0.417,-75.72013889,38.5439722,01488110,USGS,IAN,2022,7920.0
2022-09-30 13:00:00,1.358,0.925,-0.433,-75.72013889,38.5439722,01488110,USGS,IAN,2022,7980.0
2022-09-30 14:00:00,1.178,0.706,-0.472,-75.72013889,38.5439722,01488110,USGS,IAN,2022,8040.0
2022-09-30 15:00:00,0.728,0.486,-0.242,-75.72013889,38.5439722,01488110,USGS,IAN,2022,8100.0
2022-09-30 16:00:00,0.258,0.264,0.006,-75.72013889,38.5439722,01488110,USGS,IAN,2022,8160.0
2022-09-30 17:00:00,-0.172,0.041,0.213,-75.72013889,38.5439722,01488110,USGS,IAN,2022,8220.0
2022-09-30 18:00:00,-0.482,-0.163,0.3189999999999999,-75.72013889,38.5439722,01488110,USGS,IAN,2022,8280.0
2022-09-30 19:00:00,-0.352,-0.325,0.0269999999999999,-75.72013889,38.5439722,01488110,USGS,IAN,2022,8340.0
2022-09-30 20:00:00,0.128,-0.227,-0.355,-75.72013889,38.5439722,01488110,USGS,IAN,2022,8400.0
2022-09-30 21:00:00,0.698,0.043,-0.6549999999999999,-75.72013889,38.5439722,01488110,USGS,IAN,2022,8460.0
2022-09-30 22:00:00,1.118,0.389,-0.7290000000000001,-75.72013889,38.5439722,01488110,USGS,IAN,2022,8520.0
2022-09-30 23:00:00,1.348,0.757,-0.5910000000000001,-75.72013889,38.5439722,01488110,USGS,IAN,2022,8580.0
2022-10-01 00:00:00,1.468,1.056,-0.4119999999999999,-75.72013889,38.5439722,01488110,USGS,IAN,2022,8640.0
2022-10-01 01:00:00,1.488,1.211,-0.2769999999999999,-75.72013889,38.5439722,01488110,USGS,IAN,2022,8700.0
2022-10-01 02:00:00,1.338,1.107,-0.2310000000000001,-75.72013889,38.5439722,01488110,USGS,IAN,2022,8760.0
2022-10-01 03:00:00,0.958,0.915,-0.0429999999999999,-75.72013889,38.5439722,01488110,USGS,IAN,2022,8820.0
2022-10-01 04:00:00,0.438,0.694,0.2559999999999999,-75.72013889,38.5439722,01488110,USGS,IAN,2022,8880.0
2022-10-01 05:00:00,0.078,0.448,0.37,-75.72013889,38.5439722,01488110,USGS,IAN,2022,8940.0
2022-10-01 06:00:00,-0.362,0.209,0.571,-75.72013889,38.5439722,01488110,USGS,IAN,2022,9000.0
2022-10-01 07:00:00,-0.262,0.0,0.262,-75.72013889,38.5439722,01488110,USGS,IAN,2022,9060.0
2022-10-01 08:00:00,0.388,-0.072,-0.46,-75.72013889,38.5439722,01488110,USGS,IAN,2022,9120.0
2022-10-01 09:00:00,1.048,0.163,-0.885,-75.72013889,38.5439722,01488110,USGS,IAN,2022,9180.0
2022-10-01 10:00:00,1.498,0.457,-1.041,-75.72013889,38.5439722,01488110,USGS,IAN,2022,9240.0
2022-10-01 11:00:00,1.908,0.798,-1.11,-75.72013889,38.5439722,01488110,USGS,IAN,2022,9300.0
2022-10-01 12:00:00,2.138,1.1,-1.0379999999999998,-75.72013889,38.5439722,01488110,USGS,IAN,2022,9360.0
2022-10-01 13:00:00,2.308,1.282,-1.0259999999999998,-75.72013889,38.5439722,01488110,USGS,IAN,2022,9420.0
2022-10-01 14:00:00,2.358,1.171,-1.187,-75.72013889,38.5439722,01488110,USGS,IAN,2022,9480.0
2022-10-01 15:00:00,2.288,0.972,-1.3159999999999998,-75.72013889,38.5439722,01488110,USGS,IAN,2022,9540.0
2022-10-01 16:00:00,2.038,0.739,-1.299,-75.72013889,38.5439722,01488110,USGS,IAN,2022,9600.0
2022-10-01 17:00:00,1.698,0.486,-1.212,-75.72013889,38.5439722,01488110,USGS,IAN,2022,9660.0
2022-10-01 18:00:00,1.328,0.25,-1.078,-75.72013889,38.5439722,01488110,USGS,IAN,2022,9720.0
2022-10-01 19:00:00,0.948,0.05,-0.8979999999999999,-75.72013889,38.5439722,01488110,USGS,IAN,2022,9780.0
2022-10-01 20:00:00,0.738,-0.046,-0.784,-75.72013889,38.5439722,01488110,USGS,IAN,2022,9840.0
2022-10-01 21:00:00,0.958,0.155,-0.8029999999999999,-75.72013889,38.5439722,01488110,USGS,IAN,2022,9900.0
2022-10-01 22:00:00,1.378,0.426,-0.952,-75.72013889,38.5439722,01488110,USGS,IAN,2022,9960.0
2022-10-01 23:00:00,1.868,0.755,-1.113,-75.72013889,38.5439722,01488110,USGS,IAN,2022,10020.0
2022-09-25 01:00:00,0.145,-0.239,-0.384,-89.2465,29.1338,01545,USACE,IAN,2022,60.0
2022-09-25 02:00:00,0.206,-0.204,-0.41,-89.2465,29.1338,01545,USACE,IAN,2022,120.0
2022-09-25 03:00:00,0.276,-0.163,-0.439,-89.2465,29.1338,01545,USACE,IAN,2022,180.0
2022-09-25 04:00:00,0.355,-0.118,-0.473,-89.2465,29.1338,01545,USACE,IAN,2022,240.0
2022-09-25 05:00:00,0.335,-0.093,-0.428,-89.2465,29.1338,01545,USACE,IAN,2022,300.0
2022-09-25 06:00:00,0.395,-0.093,-0.488,-89.2465,29.1338,01545,USACE,IAN,2022,360.0
2022-09-25 07:00:00,0.446,-0.113,-0.559,-89.2465,29.1338,01545,USACE,IAN,2022,420.0
2022-09-25 08:00:00,0.476,-0.12,-0.596,-89.2465,29.1338,01545,USACE,IAN,2022,480.0
2022-09-25 09:00:00,0.456,-0.107,-0.5630000000000001,-89.2465,29.1338,01545,USACE,IAN,2022,540.0
2022-09-25 10:00:00,0.486,-0.061,-0.5469999999999999,-89.2465,29.1338,01545,USACE,IAN,2022,600.0
2022-09-25 11:00:00,0.496,0.011,-0.485,-89.2465,29.1338,01545,USACE,IAN,2022,660.0
2022-09-25 12:00:00,0.566,0.092,-0.474,-89.2465,29.1338,01545,USACE,IAN,2022,720.0
2022-09-25 13:00:00,0.625,0.16,-0.4649999999999999,-89.2465,29.1338,01545,USACE,IAN,2022,780.0
2022-09-25 14:00:00,0.645,0.217,-0.428,-89.2465,29.1338,01545,USACE,IAN,2022,840.0
2022-09-25 15:00:00,0.625,0.265,-0.36,-89.2465,29.1338,01545,USACE,IAN,2022,900.0
2022-09-25 16:00:00,0.615,0.298,-0.317,-89.2465,29.1338,01545,USACE,IAN,2022,960.0
2022-09-25 17:00:00,0.585,0.293,-0.292,-89.2465,29.1338,01545,USACE,IAN,2022,1020.0
2022-09-25 18:00:00,0.506,0.238,-0.268,-89.2465,29.1338,01545,USACE,IAN,2022,1080.0
2022-09-25 19:00:00,0.456,0.15,-0.306,-89.2465,29.1338,01545,USACE,IAN,2022,1140.0
2022-09-25 20:00:00,0.365,0.068,-0.297,-89.2465,29.1338,01545,USACE,IAN,2022,1200.0
2022-09-25 21:00:00,0.306,-0.008,-0.314,-89.2465,29.1338,01545,USACE,IAN,2022,1260.0
2022-09-25 22:00:00,0.256,-0.059,-0.315,-89.2465,29.1338,01545,USACE,IAN,2022,1320.0
2022-09-25 23:00:00,0.236,-0.074,-0.31,-89.2465,29.1338,01545,USACE,IAN,2022,1380.0
2022-09-26 00:00:00,0.306,-0.058,-0.364,-89.2465,29.1338,01545,USACE,IAN,2022,1440.0
2022-09-26 01:00:00,0.375,-0.034,-0.409,-89.2465,29.1338,01545,USACE,IAN,2022,1500.0
2022-09-26 02:00:00,0.415,-0.02,-0.435,-89.2465,29.1338,01545,USACE,IAN,2022,1560.0
2022-09-26 03:00:00,0.516,-0.012,-0.528,-89.2465,29.1338,01545,USACE,IAN,2022,1620.0
2022-09-26 04:00:00,0.516,0.001,-0.515,-89.2465,29.1338,01545,USACE,IAN,2022,1680.0
2022-09-26 05:00:00,0.516,0.0,-0.516,-89.2465,29.1338,01545,USACE,IAN,2022,1740.0
2022-09-26 06:00:00,0.576,-0.031,-0.607,-89.2465,29.1338,01545,USACE,IAN,2022,1800.0
2022-09-26 07:00:00,0.576,-0.096,-0.6719999999999999,-89.2465,29.1338,01545,USACE,IAN,2022,1860.0
2022-09-26 08:00:00,0.536,-0.159,-0.6950000000000001,-89.2465,29.1338,01545,USACE,IAN,2022,1920.0
2022-09-26 09:00:00,0.506,-0.206,-0.712,-89.2465,29.1338,01545,USACE,IAN,2022,1980.0
2022-09-26 10:00:00,0.456,-0.225,-0.681,-89.2465,29.1338,01545,USACE,IAN,2022,2040.0
2022-09-26 11:00:00,0.506,-0.198,-0.704,-89.2465,29.1338,01545,USACE,IAN,2022,2100.0
2022-09-26 12:00:00,0.576,-0.131,-0.707,-89.2465,29.1338,01545,USACE,IAN,2022,2160.0
2022-09-26 13:00:00,0.625,-0.052,-0.677,-89.2465,29.1338,01545,USACE,IAN,2022,2220.0
2022-09-26 14:00:00,0.635,0.015,-0.62,-89.2465,29.1338,01545,USACE,IAN,2022,2280.0
2022-09-26 15:00:00,0.665,0.077,-0.5880000000000001,-89.2465,29.1338,01545,USACE,IAN,2022,2340.0
2022-09-26 16:00:00,0.696,0.135,-0.5609999999999999,-89.2465,29.1338,01545,USACE,IAN,2022,2400.0
2022-09-26 17:00:00,0.746,0.179,-0.567,-89.2465,29.1338,01545,USACE,IAN,2022,2460.0
2022-09-26 18:00:00,0.716,0.192,-0.524,-89.2465,29.1338,01545,USACE,IAN,2022,2520.0
2022-09-26 19:00:00,0.675,0.161,-0.514,-89.2465,29.1338,01545,USACE,IAN,2022,2580.0
2022-09-26 20:00:00,0.645,0.11,-0.535,-89.2465,29.1338,01545,USACE,IAN,2022,2640.0
2022-09-26 21:00:00,0.585,0.077,-0.508,-89.2465,29.1338,01545,USACE,IAN,2022,2700.0
2022-09-26 22:00:00,0.556,0.066,-0.49,-89.2465,29.1338,01545,USACE,IAN,2022,2760.0
2022-09-26 23:00:00,0.576,0.086,-0.49,-89.2465,29.1338,01545,USACE,IAN,2022,2820.0
2022-09-27 00:00:00,0.496,0.131,-0.365,-89.2465,29.1338,01545,USACE,IAN,2022,2880.0
2022-09-27 01:00:00,0.615,0.174,-0.441,-89.2465,29.1338,01545,USACE,IAN,2022,2940.0
2022-09-27 02:00:00,0.716,0.201,-0.5149999999999999,-89.2465,29.1338,01545,USACE,IAN,2022,3000.0
2022-09-27 03:00:00,0.665,0.207,-0.4580000000000001,-89.2465,29.1338,01545,USACE,IAN,2022,3060.0
2022-09-27 04:00:00,0.605,0.193,-0.412,-89.2465,29.1338,01545,USACE,IAN,2022,3120.0
2022-09-27 05:00:00,0.645,0.158,-0.487,-89.2465,29.1338,01545,USACE,IAN,2022,3180.0
2022-09-27 06:00:00,0.776,0.096,-0.68,-89.2465,29.1338,01545,USACE,IAN,2022,3240.0
2022-09-27 07:00:00,0.796,0.002,-0.794,-89.2465,29.1338,01545,USACE,IAN,2022,3300.0
2022-09-27 08:00:00,0.706,-0.113,-0.819,-89.2465,29.1338,01545,USACE,IAN,2022,3360.0
2022-09-27 09:00:00,0.665,-0.228,-0.893,-89.2465,29.1338,01545,USACE,IAN,2022,3420.0
2022-09-27 10:00:00,0.615,-0.324,-0.939,-89.2465,29.1338,01545,USACE,IAN,2022,3480.0
2022-09-27 11:00:00,0.506,-0.391,-0.897,-89.2465,29.1338,01545,USACE,IAN,2022,3540.0
2022-09-27 12:00:00,0.595,-0.403,-0.998,-89.2465,29.1338,01545,USACE,IAN,2022,3600.0
2022-09-27 13:00:00,0.566,-0.365,-0.931,-89.2465,29.1338,01545,USACE,IAN,2022,3660.0
2022-09-27 14:00:00,0.576,-0.303,-0.879,-89.2465,29.1338,01545,USACE,IAN,2022,3720.0
2022-09-27 15:00:00,0.605,-0.236,-0.841,-89.2465,29.1338,01545,USACE,IAN,2022,3780.0
2022-09-27 16:00:00,0.675,-0.159,-0.8340000000000001,-89.2465,29.1338,01545,USACE,IAN,2022,3840.0
2022-09-27 17:00:00,0.726,-0.072,-0.7979999999999999,-89.2465,29.1338,01545,USACE,IAN,2022,3900.0
2022-09-27 18:00:00,0.726,0.016,-0.71,-89.2465,29.1338,01545,USACE,IAN,2022,3960.0
2022-09-27 19:00:00,0.835,0.083,-0.752,-89.2465,29.1338,01545,USACE,IAN,2022,4020.0
2022-09-27 20:00:00,0.865,0.126,-0.739,-89.2465,29.1338,01545,USACE,IAN,2022,4080.0
2022-09-27 21:00:00,0.855,0.16,-0.695,-89.2465,29.1338,01545,USACE,IAN,2022,4140.0
2022-09-27 22:00:00,0.885,0.204,-0.681,-89.2465,29.1338,01545,USACE,IAN,2022,4200.0
2022-09-27 23:00:00,0.925,0.258,-0.667,-89.2465,29.1338,01545,USACE,IAN,2022,4260.0
2022-09-28 00:00:00,0.915,0.327,-0.5880000000000001,-89.2465,29.1338,01545,USACE,IAN,2022,4320.0
2022-09-28 01:00:00,1.056,0.401,-0.655,-89.2465,29.1338,01545,USACE,IAN,2022,4380.0
2022-09-28 02:00:00,1.155,0.456,-0.6990000000000001,-89.2465,29.1338,01545,USACE,IAN,2022,4440.0
2022-09-28 03:00:00,1.226,0.476,-0.75,-89.2465,29.1338,01545,USACE,IAN,2022,4500.0
2022-09-28 04:00:00,1.255,0.454,-0.8009999999999999,-89.2465,29.1338,01545,USACE,IAN,2022,4560.0
2022-09-28 05:00:00,1.295,0.398,-0.8969999999999999,-89.2465,29.1338,01545,USACE,IAN,2022,4620.0
2022-09-28 06:00:00,1.326,0.316,-1.01,-89.2465,29.1338,01545,USACE,IAN,2022,4680.0
2022-09-28 07:00:00,1.295,0.194,-1.101,-89.2465,29.1338,01545,USACE,IAN,2022,4740.0
2022-09-28 08:00:00,1.275,0.044,-1.231,-89.2465,29.1338,01545,USACE,IAN,2022,4800.0
2022-09-28 09:00:00,1.145,-0.12,-1.265,-89.2465,29.1338,01545,USACE,IAN,2022,4860.0
2022-09-28 10:00:00,1.066,-0.272,-1.338,-89.2465,29.1338,01545,USACE,IAN,2022,4920.0
2022-09-28 11:00:00,0.956,-0.403,-1.359,-89.2465,29.1338,01545,USACE,IAN,2022,4980.0
2022-09-28 12:00:00,0.946,-0.497,-1.443,-89.2465,29.1338,01545,USACE,IAN,2022,5040.0
2022-09-28 13:00:00,0.895,-0.533,-1.428,-89.2465,29.1338,01545,USACE,IAN,2022,5100.0
2022-09-28 14:00:00,0.816,-0.526,-1.342,-89.2465,29.1338,01545,USACE,IAN,2022,5160.0
2022-09-28 15:00:00,0.885,-0.493,-1.378,-89.2465,29.1338,01545,USACE,IAN,2022,5220.0
2022-09-28 16:00:00,0.905,-0.436,-1.341,-89.2465,29.1338,01545,USACE,IAN,2022,5280.0
2022-09-28 17:00:00,0.865,-0.356,-1.221,-89.2465,29.1338,01545,USACE,IAN,2022,5340.0
2022-09-28 18:00:00,0.905,-0.256,-1.161,-89.2465,29.1338,01545,USACE,IAN,2022,5400.0
2022-09-28 19:00:00,1.026,-0.147,-1.173,-89.2465,29.1338,01545,USACE,IAN,2022,5460.0
2022-09-28 20:00:00,1.036,-0.056,-1.092,-89.2465,29.1338,01545,USACE,IAN,2022,5520.0
2022-09-28 21:00:00,1.036,0.031,-1.005,-89.2465,29.1338,01545,USACE,IAN,2022,5580.0
2022-09-28 22:00:00,1.066,0.132,-0.934,-89.2465,29.1338,01545,USACE,IAN,2022,5640.0
2022-09-28 23:00:00,1.135,0.248,-0.887,-89.2465,29.1338,01545,USACE,IAN,2022,5700.0
2022-09-29 00:00:00,1.175,0.374,-0.801,-89.2465,29.1338,01545,USACE,IAN,2022,5760.0
2022-09-29 01:00:00,1.286,0.501,-0.785,-89.2465,29.1338,01545,USACE,IAN,2022,5820.0
2022-09-29 02:00:00,1.335,0.618,-0.717,-89.2465,29.1338,01545,USACE,IAN,2022,5880.0
2022-09-29 03:00:00,1.395,0.684,-0.711,-89.2465,29.1338,01545,USACE,IAN,2022,5940.0
2022-09-29 04:00:00,1.375,0.699,-0.676,-89.2465,29.1338,01545,USACE,IAN,2022,6000.0
2022-09-29 05:00:00,1.346,0.682,-0.664,-89.2465,29.1338,01545,USACE,IAN,2022,6060.0
2022-09-29 06:00:00,1.366,0.622,-0.7440000000000001,-89.2465,29.1338,01545,USACE,IAN,2022,6120.0
2022-09-29 07:00:00,1.306,0.517,-0.789,-89.2465,29.1338,01545,USACE,IAN,2022,6180.0
2022-09-29 08:00:00,1.215,0.348,-0.8670000000000001,-89.2465,29.1338,01545,USACE,IAN,2022,6240.0
2022-09-29 09:00:00,1.026,0.138,-0.888,-89.2465,29.1338,01545,USACE,IAN,2022,6300.0
2022-09-29 10:00:00,0.845,-0.084,-0.929,-89.2465,29.1338,01545,USACE,IAN,2022,6360.0
2022-09-29 11:00:00,0.655,-0.292,-0.947,-89.2465,29.1338,01545,USACE,IAN,2022,6420.0
2022-09-29 12:00:00,0.476,-0.472,-0.948,-89.2465,29.1338,01545,USACE,IAN,2022,6480.0
2022-09-29 13:00:00,0.286,-0.617,-0.903,-89.2465,29.1338,01545,USACE,IAN,2022,6540.0
2022-09-29 14:00:00,0.155,-0.715,-0.87,-89.2465,29.1338,01545,USACE,IAN,2022,6600.0
2022-09-29 15:00:00,0.066,-0.771,-0.837,-89.2465,29.1338,01545,USACE,IAN,2022,6660.0
2022-09-29 16:00:00,-0.054,-0.788,-0.734,-89.2465,29.1338,01545,USACE,IAN,2022,6720.0
2022-09-29 17:00:00,-0.164,-0.762,-0.598,-89.2465,29.1338,01545,USACE,IAN,2022,6780.0
2022-09-29 18:00:00,-0.164,-0.682,-0.518,-89.2465,29.1338,01545,USACE,IAN,2022,6840.0
2022-09-29 19:00:00,-0.154,-0.566,-0.4119999999999999,-89.2465,29.1338,01545,USACE,IAN,2022,6900.0
2022-09-29 20:00:00,-0.154,-0.443,-0.289,-89.2465,29.1338,01545,USACE,IAN,2022,6960.0
2022-09-29 21:00:00,-0.114,-0.327,-0.213,-89.2465,29.1338,01545,USACE,IAN,2022,7020.0
2022-09-29 22:00:00,-0.044,-0.219,-0.175,-89.2465,29.1338,01545,USACE,IAN,2022,7080.0
2022-09-29 23:00:00,0.066,-0.097,-0.163,-89.2465,29.1338,01545,USACE,IAN,2022,7140.0
2022-09-30 00:00:00,0.185,0.04,-0.145,-89.2465,29.1338,01545,USACE,IAN,2022,7200.0
2022-09-30 01:00:00,0.335,0.184,-0.151,-89.2465,29.1338,01545,USACE,IAN,2022,7260.0
2022-09-30 02:00:00,0.526,0.329,-0.197,-89.2465,29.1338,01545,USACE,IAN,2022,7320.0
2022-09-30 03:00:00,0.625,0.459,-0.1659999999999999,-89.2465,29.1338,01545,USACE,IAN,2022,7380.0
2022-09-30 04:00:00,0.585,0.548,-0.0369999999999999,-89.2465,29.1338,01545,USACE,IAN,2022,7440.0
2022-09-30 05:00:00,0.746,0.581,-0.165,-89.2465,29.1338,01545,USACE,IAN,2022,7500.0
2022-09-30 06:00:00,0.766,0.555,-0.2109999999999999,-89.2465,29.1338,01545,USACE,IAN,2022,7560.0
2022-09-30 07:00:00,0.746,0.47,-0.276,-89.2465,29.1338,01545,USACE,IAN,2022,7620.0
2022-09-30 08:00:00,0.635,0.336,-0.299,-89.2465,29.1338,01545,USACE,IAN,2022,7680.0
2022-09-30 09:00:00,0.456,0.155,-0.301,-89.2465,29.1338,01545,USACE,IAN,2022,7740.0
2022-09-30 10:00:00,0.256,-0.054,-0.31,-89.2465,29.1338,01545,USACE,IAN,2022,7800.0
2022-09-30 11:00:00,0.055,-0.268,-0.323,-89.2465,29.1338,01545,USACE,IAN,2022,7860.0
2022-09-30 12:00:00,-0.195,-0.473,-0.2779999999999999,-89.2465,29.1338,01545,USACE,IAN,2022,7920.0
2022-09-30 13:00:00,-0.304,-0.661,-0.357,-89.2465,29.1338,01545,USACE,IAN,2022,7980.0
2022-09-30 14:00:00,-0.514,-0.811,-0.297,-89.2465,29.1338,01545,USACE,IAN,2022,8040.0
2022-09-30 15:00:00,-0.534,-0.918,-0.384,-89.2465,29.1338,01545,USACE,IAN,2022,8100.0
2022-09-30 16:00:00,-0.664,-0.982,-0.3179999999999999,-89.2465,29.1338,01545,USACE,IAN,2022,8160.0
2022-09-30 17:00:00,-0.664,-1.008,-0.344,-89.2465,29.1338,01545,USACE,IAN,2022,8220.0
2022-09-30 18:00:00,-0.664,-0.989,-0.3249999999999999,-89.2465,29.1338,01545,USACE,IAN,2022,8280.0
2022-09-30 19:00:00,-0.615,-0.897,-0.282,-89.2465,29.1338,01545,USACE,IAN,2022,8340.0
2022-09-30 20:00:00,-0.474,-0.748,-0.274,-89.2465,29.1338,01545,USACE,IAN,2022,8400.0
2022-09-30 21:00:00,-0.424,-0.576,-0.1519999999999999,-89.2465,29.1338,01545,USACE,IAN,2022,8460.0
2022-09-30 22:00:00,-0.334,-0.4,-0.066,-89.2465,29.1338,01545,USACE,IAN,2022,8520.0
2022-09-30 23:00:00,-0.205,-0.222,-0.017,-89.2465,29.1338,01545,USACE,IAN,2022,8580.0
2022-10-01 00:00:00,0.006,-0.03,-0.036,-89.2465,29.1338,01545,USACE,IAN,2022,8640.0
2022-10-01 01:00:00,0.266,0.169,-0.097,-89.2465,29.1338,01545,USACE,IAN,2022,8700.0
2022-10-01 02:00:00,0.446,0.368,-0.078,-89.2465,29.1338,01545,USACE,IAN,2022,8760.0
2022-10-01 03:00:00,0.595,0.561,-0.0339999999999999,-89.2465,29.1338,01545,USACE,IAN,2022,8820.0
2022-10-01 04:00:00,0.736,0.725,-0.011,-89.2465,29.1338,01545,USACE,IAN,2022,8880.0
2022-10-01 05:00:00,0.816,0.829,0.013,-89.2465,29.1338,01545,USACE,IAN,2022,8940.0
2022-10-01 06:00:00,0.816,0.856,0.04,-89.2465,29.1338,01545,USACE,IAN,2022,9000.0
2022-10-01 07:00:00,0.816,0.797,-0.0189999999999999,-89.2465,29.1338,01545,USACE,IAN,2022,9060.0
2022-10-01 08:00:00,0.746,0.676,-0.0699999999999999,-89.2465,29.1338,01545,USACE,IAN,2022,9120.0
2022-10-01 09:00:00,0.615,0.53,-0.0849999999999999,-89.2465,29.1338,01545,USACE,IAN,2022,9180.0
2022-10-01 10:00:00,0.456,0.347,-0.109,-89.2465,29.1338,01545,USACE,IAN,2022,9240.0
2022-10-01 11:00:00,0.266,0.133,-0.133,-89.2465,29.1338,01545,USACE,IAN,2022,9300.0
2022-10-01 12:00:00,0.096,-0.097,-0.193,-89.2465,29.1338,01545,USACE,IAN,2022,9360.0
2022-10-01 13:00:00,-0.105,-0.329,-0.224,-89.2465,29.1338,01545,USACE,IAN,2022,9420.0
2022-10-01 14:00:00,-0.274,-0.554,-0.28,-89.2465,29.1338,01545,USACE,IAN,2022,9480.0
2022-10-01 15:00:00,-0.385,-0.749,-0.364,-89.2465,29.1338,01545,USACE,IAN,2022,9540.0
2022-10-01 16:00:00,-0.534,-0.894,-0.36,-89.2465,29.1338,01545,USACE,IAN,2022,9600.0
2022-10-01 17:00:00,-0.644,-1.001,-0.3569999999999999,-89.2465,29.1338,01545,USACE,IAN,2022,9660.0
2022-10-01 18:00:00,-0.684,-1.059,-0.3749999999999999,-89.2465,29.1338,01545,USACE,IAN,2022,9720.0
2022-10-01 19:00:00,-0.695,-1.057,-0.362,-89.2465,29.1338,01545,USACE,IAN,2022,9780.0
2022-10-01 20:00:00,-0.644,-0.975,-0.3309999999999999,-89.2465,29.1338,01545,USACE,IAN,2022,9840.0
2022-10-01 21:00:00,-0.554,-0.817,-0.2629999999999999,-89.2465,29.1338,01545,USACE,IAN,2022,9900.0
2022-10-01 22:00:00,-0.434,-0.618,-0.184,-89.2465,29.1338,01545,USACE,IAN,2022,9960.0
2022-10-01 23:00:00,-0.294,-0.405,-0.111,-89.2465,29.1338,01545,USACE,IAN,2022,10020.0
2022-09-25 01:00:00,2.263,0.81,-1.4529999999999998,-76.0895833,39.53775,01580620,USGS,IAN,2022,60.0
2022-09-25 02:00:00,2.263,0.659,-1.604,-76.0895833,39.53775,01580620,USGS,IAN,2022,120.0
2022-09-25 03:00:00,1.983,0.343,-1.64,-76.0895833,39.53775,01580620,USGS,IAN,2022,180.0
2022-09-25 04:00:00,1.523,0.018,-1.505,-76.0895833,39.53775,01580620,USGS,IAN,2022,240.0
2022-09-25 05:00:00,1.063,-0.288,-1.351,-76.0895833,39.53775,01580620,USGS,IAN,2022,300.0
2022-09-25 06:00:00,0.613,-0.543,-1.156,-76.0895833,39.53775,01580620,USGS,IAN,2022,360.0
2022-09-25 07:00:00,0.243,-0.708,-0.951,-76.0895833,39.53775,01580620,USGS,IAN,2022,420.0
2022-09-25 08:00:00,0.043,-0.641,-0.684,-76.0895833,39.53775,01580620,USGS,IAN,2022,480.0
2022-09-25 09:00:00,0.273,-0.316,-0.589,-76.0895833,39.53775,01580620,USGS,IAN,2022,540.0
2022-09-25 10:00:00,0.803,0.086,-0.7170000000000001,-76.0895833,39.53775,01580620,USGS,IAN,2022,600.0
2022-09-25 11:00:00,1.383,0.473,-0.91,-76.0895833,39.53775,01580620,USGS,IAN,2022,660.0
2022-09-25 12:00:00,1.903,0.786,-1.117,-76.0895833,39.53775,01580620,USGS,IAN,2022,720.0
2022-09-25 13:00:00,2.233,0.944,-1.289,-76.0895833,39.53775,01580620,USGS,IAN,2022,780.0
2022-09-25 14:00:00,2.283,0.839,-1.444,-76.0895833,39.53775,01580620,USGS,IAN,2022,840.0
2022-09-25 15:00:00,2.023,0.523,-1.5,-76.0895833,39.53775,01580620,USGS,IAN,2022,900.0
2022-09-25 16:00:00,1.563,0.182,-1.381,-76.0895833,39.53775,01580620,USGS,IAN,2022,960.0
2022-09-25 17:00:00,1.053,-0.14,-1.193,-76.0895833,39.53775,01580620,USGS,IAN,2022,1020.0
2022-09-25 18:00:00,0.613,-0.426,-1.039,-76.0895833,39.53775,01580620,USGS,IAN,2022,1080.0
2022-09-25 19:00:00,0.193,-0.648,-0.841,-76.0895833,39.53775,01580620,USGS,IAN,2022,1140.0
2022-09-25 20:00:00,-0.157,-0.73,-0.573,-76.0895833,39.53775,01580620,USGS,IAN,2022,1200.0
2022-09-25 21:00:00,-0.357,-0.514,-0.157,-76.0895833,39.53775,01580620,USGS,IAN,2022,1260.0
2022-09-25 22:00:00,-0.247,-0.135,0.1119999999999999,-76.0895833,39.53775,01580620,USGS,IAN,2022,1320.0
2022-09-25 23:00:00,0.143,0.269,0.126,-76.0895833,39.53775,01580620,USGS,IAN,2022,1380.0
2022-09-26 00:00:00,0.673,0.626,-0.047,-76.0895833,39.53775,01580620,USGS,IAN,2022,1440.0
2022-09-26 01:00:00,1.153,0.864,-0.289,-76.0895833,39.53775,01580620,USGS,IAN,2022,1500.0
2022-09-26 02:00:00,1.453,0.875,-0.5780000000000001,-76.0895833,39.53775,01580620,USGS,IAN,2022,1560.0
2022-09-26 03:00:00,1.473,0.617,-0.8560000000000001,-76.0895833,39.53775,01580620,USGS,IAN,2022,1620.0
2022-09-26 04:00:00,1.213,0.274,-0.939,-76.0895833,39.53775,01580620,USGS,IAN,2022,1680.0
2022-09-26 05:00:00,0.813,-0.054,-0.867,-76.0895833,39.53775,01580620,USGS,IAN,2022,1740.0
2022-09-26 06:00:00,0.353,-0.356,-0.709,-76.0895833,39.53775,01580620,USGS,IAN,2022,1800.0
2022-09-26 07:00:00,-0.117,-0.597,-0.48,-76.0895833,39.53775,01580620,USGS,IAN,2022,1860.0
2022-09-26 08:00:00,-0.487,-0.732,-0.245,-76.0895833,39.53775,01580620,USGS,IAN,2022,1920.0
2022-09-26 09:00:00,-0.667,-0.585,0.082,-76.0895833,39.53775,01580620,USGS,IAN,2022,1980.0
2022-09-26 10:00:00,-0.577,-0.22,0.357,-76.0895833,39.53775,01580620,USGS,IAN,2022,2040.0
2022-09-26 11:00:00,-0.237,0.19,0.427,-76.0895833,39.53775,01580620,USGS,IAN,2022,2100.0
2022-09-26 12:00:00,0.193,0.567,0.3739999999999999,-76.0895833,39.53775,01580620,USGS,IAN,2022,2160.0
2022-09-26 13:00:00,0.653,0.848,0.1949999999999999,-76.0895833,39.53775,01580620,USGS,IAN,2022,2220.0
2022-09-26 14:00:00,1.013,0.931,-0.0819999999999998,-76.0895833,39.53775,01580620,USGS,IAN,2022,2280.0
2022-09-26 15:00:00,1.113,0.727,-0.386,-76.0895833,39.53775,01580620,USGS,IAN,2022,2340.0
2022-09-26 16:00:00,0.933,0.385,-0.548,-76.0895833,39.53775,01580620,USGS,IAN,2022,2400.0
2022-09-26 17:00:00,0.593,0.047,-0.5459999999999999,-76.0895833,39.53775,01580620,USGS,IAN,2022,2460.0
2022-09-26 18:00:00,0.153,-0.268,-0.421,-76.0895833,39.53775,01580620,USGS,IAN,2022,2520.0
2022-09-26 19:00:00,-0.147,-0.533,-0.386,-76.0895833,39.53775,01580620,USGS,IAN,2022,2580.0
2022-09-26 20:00:00,-0.517,-0.712,-0.1949999999999999,-76.0895833,39.53775,01580620,USGS,IAN,2022,2640.0
2022-09-26 21:00:00,-0.827,-0.656,0.1709999999999999,-76.0895833,39.53775,01580620,USGS,IAN,2022,2700.0
2022-09-26 22:00:00,-0.927,-0.327,0.6000000000000001,-76.0895833,39.53775,01580620,USGS,IAN,2022,2760.0
2022-09-26 23:00:00,-0.627,0.088,0.715,-76.0895833,39.53775,01580620,USGS,IAN,2022,2820.0
2022-09-27 00:00:00,-0.047,0.492,0.539,-76.0895833,39.53775,01580620,USGS,IAN,2022,2880.0
2022-09-27 01:00:00,0.533,0.822,0.2889999999999999,-76.0895833,39.53775,01580620,USGS,IAN,2022,2940.0
2022-09-27 02:00:00,0.973,0.99,0.017,-76.0895833,39.53775,01580620,USGS,IAN,2022,3000.0
2022-09-27 03:00:00,1.263,0.886,-0.3769999999999999,-76.0895833,39.53775,01580620,USGS,IAN,2022,3060.0
2022-09-27 04:00:00,1.283,0.56,-0.7229999999999999,-76.0895833,39.53775,01580620,USGS,IAN,2022,3120.0
2022-09-27 05:00:00,1.063,0.21,-0.853,-76.0895833,39.53775,01580620,USGS,IAN,2022,3180.0
2022-09-27 06:00:00,0.683,-0.118,-0.801,-76.0895833,39.53775,01580620,USGS,IAN,2022,3240.0
2022-09-27 07:00:00,0.293,-0.412,-0.705,-76.0895833,39.53775,01580620,USGS,IAN,2022,3300.0
2022-09-27 08:00:00,-0.107,-0.638,-0.531,-76.0895833,39.53775,01580620,USGS,IAN,2022,3360.0
2022-09-27 09:00:00,-0.337,-0.725,-0.3879999999999999,-76.0895833,39.53775,01580620,USGS,IAN,2022,3420.0
2022-09-27 10:00:00,-0.277,-0.504,-0.2269999999999999,-76.0895833,39.53775,01580620,USGS,IAN,2022,3480.0
2022-09-27 11:00:00,0.113,-0.117,-0.23,-76.0895833,39.53775,01580620,USGS,IAN,2022,3540.0
2022-09-27 12:00:00,0.653,0.294,-0.359,-76.0895833,39.53775,01580620,USGS,IAN,2022,3600.0
2022-09-27 13:00:00,1.203,0.653,-0.55,-76.0895833,39.53775,01580620,USGS,IAN,2022,3660.0
2022-09-27 14:00:00,1.623,0.883,-0.74,-76.0895833,39.53775,01580620,USGS,IAN,2022,3720.0
2022-09-27 15:00:00,1.743,0.867,-0.8760000000000001,-76.0895833,39.53775,01580620,USGS,IAN,2022,3780.0
2022-09-27 16:00:00,1.513,0.584,-0.929,-76.0895833,39.53775,01580620,USGS,IAN,2022,3840.0
2022-09-27 17:00:00,1.093,0.237,-0.856,-76.0895833,39.53775,01580620,USGS,IAN,2022,3900.0
2022-09-27 18:00:00,0.693,-0.096,-0.7889999999999999,-76.0895833,39.53775,01580620,USGS,IAN,2022,3960.0
2022-09-27 19:00:00,0.313,-0.396,-0.7090000000000001,-76.0895833,39.53775,01580620,USGS,IAN,2022,4020.0
2022-09-27 20:00:00,-0.087,-0.632,-0.545,-76.0895833,39.53775,01580620,USGS,IAN,2022,4080.0
2022-09-27 21:00:00,-0.397,-0.736,-0.3389999999999999,-76.0895833,39.53775,01580620,USGS,IAN,2022,4140.0
2022-09-27 22:00:00,-0.597,-0.528,0.0689999999999999,-76.0895833,39.53775,01580620,USGS,IAN,2022,4200.0
2022-09-27 23:00:00,-0.437,-0.129,0.308,-76.0895833,39.53775,01580620,USGS,IAN,2022,4260.0
2022-09-28 00:00:00,0.063,0.3,0.237,-76.0895833,39.53775,01580620,USGS,IAN,2022,4320.0
2022-09-28 01:00:00,0.683,0.688,0.0049999999999998,-76.0895833,39.53775,01580620,USGS,IAN,2022,4380.0
2022-09-28 02:00:00,1.213,0.976,-0.2370000000000001,-76.0895833,39.53775,01580620,USGS,IAN,2022,4440.0
2022-09-28 03:00:00,1.493,1.062,-0.431,-76.0895833,39.53775,01580620,USGS,IAN,2022,4500.0
2022-09-28 04:00:00,1.563,0.853,-0.71,-76.0895833,39.53775,01580620,USGS,IAN,2022,4560.0
2022-09-28 05:00:00,1.313,0.496,-0.817,-76.0895833,39.53775,01580620,USGS,IAN,2022,4620.0
2022-09-28 06:00:00,0.843,0.151,-0.692,-76.0895833,39.53775,01580620,USGS,IAN,2022,4680.0
2022-09-28 07:00:00,0.353,-0.178,-0.5309999999999999,-76.0895833,39.53775,01580620,USGS,IAN,2022,4740.0
2022-09-28 08:00:00,-0.117,-0.457,-0.34,-76.0895833,39.53775,01580620,USGS,IAN,2022,4800.0
2022-09-28 09:00:00,-0.517,-0.669,-0.152,-76.0895833,39.53775,01580620,USGS,IAN,2022,4860.0
2022-09-28 10:00:00,-0.817,-0.697,0.12,-76.0895833,39.53775,01580620,USGS,IAN,2022,4920.0
2022-09-28 11:00:00,-0.857,-0.425,0.432,-76.0895833,39.53775,01580620,USGS,IAN,2022,4980.0
2022-09-28 12:00:00,-0.507,-0.027,0.48,-76.0895833,39.53775,01580620,USGS,IAN,2022,5040.0
2022-09-28 13:00:00,-0.037,0.378,0.415,-76.0895833,39.53775,01580620,USGS,IAN,2022,5100.0
2022-09-28 14:00:00,0.373,0.707,0.3339999999999999,-76.0895833,39.53775,01580620,USGS,IAN,2022,5160.0
2022-09-28 15:00:00,0.663,0.875,0.2119999999999999,-76.0895833,39.53775,01580620,USGS,IAN,2022,5220.0
2022-09-28 16:00:00,0.733,0.76,0.027,-76.0895833,39.53775,01580620,USGS,IAN,2022,5280.0
2022-09-28 17:00:00,0.633,0.436,-0.197,-76.0895833,39.53775,01580620,USGS,IAN,2022,5340.0
2022-09-28 18:00:00,0.333,0.097,-0.236,-76.0895833,39.53775,01580620,USGS,IAN,2022,5400.0
2022-09-28 19:00:00,-0.037,-0.229,-0.192,-76.0895833,39.53775,01580620,USGS,IAN,2022,5460.0
2022-09-28 20:00:00,-0.407,-0.504,-0.097,-76.0895833,39.53775,01580620,USGS,IAN,2022,5520.0
2022-09-28 21:00:00,-0.727,-0.707,0.02,-76.0895833,39.53775,01580620,USGS,IAN,2022,5580.0
2022-09-28 22:00:00,-0.937,-0.702,0.2350000000000001,-76.0895833,39.53775,01580620,USGS,IAN,2022,5640.0
2022-09-28 23:00:00,-0.907,-0.391,0.516,-76.0895833,39.53775,01580620,USGS,IAN,2022,5700.0
2022-09-29 00:00:00,-0.457,0.038,0.495,-76.0895833,39.53775,01580620,USGS,IAN,2022,5760.0
2022-09-29 01:00:00,0.173,0.464,0.291,-76.0895833,39.53775,01580620,USGS,IAN,2022,5820.0
2022-09-29 02:00:00,0.733,0.832,0.0989999999999999,-76.0895833,39.53775,01580620,USGS,IAN,2022,5880.0
2022-09-29 03:00:00,1.153,1.074,-0.0789999999999999,-76.0895833,39.53775,01580620,USGS,IAN,2022,5940.0
2022-09-29 04:00:00,1.233,1.079,-0.1540000000000001,-76.0895833,39.53775,01580620,USGS,IAN,2022,6000.0
2022-09-29 05:00:00,1.073,0.799,-0.2739999999999999,-76.0895833,39.53775,01580620,USGS,IAN,2022,6060.0
2022-09-29 06:00:00,0.653,0.434,-0.219,-76.0895833,39.53775,01580620,USGS,IAN,2022,6120.0
2022-09-29 07:00:00,0.123,0.089,-0.034,-76.0895833,39.53775,01580620,USGS,IAN,2022,6180.0
2022-09-29 08:00:00,-0.427,-0.235,0.192,-76.0895833,39.53775,01580620,USGS,IAN,2022,6240.0
2022-09-29 09:00:00,-0.937,-0.504,0.433,-76.0895833,39.53775,01580620,USGS,IAN,2022,6300.0
2022-09-29 10:00:00,-1.337,-0.701,0.636,-76.0895833,39.53775,01580620,USGS,IAN,2022,6360.0
2022-09-29 11:00:00,-1.707,-0.679,1.028,-76.0895833,39.53775,01580620,USGS,IAN,2022,6420.0
2022-09-29 12:00:00,-1.927,-0.38,1.5470000000000002,-76.0895833,39.53775,01580620,USGS,IAN,2022,6480.0
2022-09-29 13:00:00,-1.857,0.02,1.877,-76.0895833,39.53775,01580620,USGS,IAN,2022,6540.0
2022-09-29 14:00:00,-1.527,0.411,1.938,-76.0895833,39.53775,01580620,USGS,IAN,2022,6600.0
2022-09-29 15:00:00,-1.207,0.71,1.917,-76.0895833,39.53775,01580620,USGS,IAN,2022,6660.0
2022-09-29 16:00:00,-1.037,0.824,1.861,-76.0895833,39.53775,01580620,USGS,IAN,2022,6720.0
2022-09-29 17:00:00,-0.917,0.648,1.565,-76.0895833,39.53775,01580620,USGS,IAN,2022,6780.0
2022-09-29 18:00:00,-0.737,0.318,1.055,-76.0895833,39.53775,01580620,USGS,IAN,2022,6840.0
2022-09-29 19:00:00,-0.767,-0.013,0.754,-76.0895833,39.53775,01580620,USGS,IAN,2022,6900.0
2022-09-29 20:00:00,-0.987,-0.324,0.663,-76.0895833,39.53775,01580620,USGS,IAN,2022,6960.0
2022-09-29 21:00:00,-1.217,-0.575,0.6420000000000001,-76.0895833,39.53775,01580620,USGS,IAN,2022,7020.0
2022-09-29 22:00:00,-1.437,-0.719,0.7180000000000001,-76.0895833,39.53775,01580620,USGS,IAN,2022,7080.0
2022-09-29 23:00:00,-1.497,-0.584,0.913,-76.0895833,39.53775,01580620,USGS,IAN,2022,7140.0
2022-09-30 00:00:00,-1.277,-0.199,1.0779999999999998,-76.0895833,39.53775,01580620,USGS,IAN,2022,7200.0
2022-09-30 01:00:00,-0.727,0.241,0.968,-76.0895833,39.53775,01580620,USGS,IAN,2022,7260.0
2022-09-30 02:00:00,-0.127,0.65,0.777,-76.0895833,39.53775,01580620,USGS,IAN,2022,7320.0
2022-09-30 03:00:00,0.283,0.99,0.7070000000000001,-76.0895833,39.53775,01580620,USGS,IAN,2022,7380.0
2022-09-30 04:00:00,0.673,1.188,0.5149999999999999,-76.0895833,39.53775,01580620,USGS,IAN,2022,7440.0
2022-09-30 05:00:00,0.913,1.136,0.2229999999999998,-76.0895833,39.53775,01580620,USGS,IAN,2022,7500.0
2022-09-30 06:00:00,0.913,0.831,-0.082,-76.0895833,39.53775,01580620,USGS,IAN,2022,7560.0
2022-09-30 07:00:00,0.733,0.469,-0.264,-76.0895833,39.53775,01580620,USGS,IAN,2022,7620.0
2022-09-30 08:00:00,0.423,0.126,-0.297,-76.0895833,39.53775,01580620,USGS,IAN,2022,7680.0
2022-09-30 09:00:00,0.033,-0.187,-0.22,-76.0895833,39.53775,01580620,USGS,IAN,2022,7740.0
2022-09-30 10:00:00,-0.367,-0.439,-0.072,-76.0895833,39.53775,01580620,USGS,IAN,2022,7800.0
2022-09-30 11:00:00,-0.707,-0.582,0.125,-76.0895833,39.53775,01580620,USGS,IAN,2022,7860.0
2022-09-30 12:00:00,-0.917,-0.434,0.483,-76.0895833,39.53775,01580620,USGS,IAN,2022,7920.0
2022-09-30 13:00:00,-0.887,-0.056,0.831,-76.0895833,39.53775,01580620,USGS,IAN,2022,7980.0
2022-09-30 14:00:00,-0.607,0.367,0.974,-76.0895833,39.53775,01580620,USGS,IAN,2022,8040.0
2022-09-30 15:00:00,-0.217,0.752,0.969,-76.0895833,39.53775,01580620,USGS,IAN,2022,8100.0
2022-09-30 16:00:00,0.153,1.029,0.8759999999999999,-76.0895833,39.53775,01580620,USGS,IAN,2022,8160.0
2022-09-30 17:00:00,0.503,1.111,0.608,-76.0895833,39.53775,01580620,USGS,IAN,2022,8220.0
2022-09-30 18:00:00,0.733,0.911,0.178,-76.0895833,39.53775,01580620,USGS,IAN,2022,8280.0
2022-09-30 19:00:00,0.713,0.581,-0.132,-76.0895833,39.53775,01580620,USGS,IAN,2022,8340.0
2022-09-30 20:00:00,0.573,0.244,-0.3289999999999999,-76.0895833,39.53775,01580620,USGS,IAN,2022,8400.0
2022-09-30 21:00:00,0.373,-0.068,-0.441,-76.0895833,39.53775,01580620,USGS,IAN,2022,8460.0
2022-09-30 22:00:00,0.103,-0.32,-0.423,-76.0895833,39.53775,01580620,USGS,IAN,2022,8520.0
2022-09-30 23:00:00,-0.097,-0.443,-0.346,-76.0895833,39.53775,01580620,USGS,IAN,2022,8580.0
2022-10-01 00:00:00,-0.177,-0.275,-0.098,-76.0895833,39.53775,01580620,USGS,IAN,2022,8640.0
2022-10-01 01:00:00,-0.057,0.149,0.206,-76.0895833,39.53775,01580620,USGS,IAN,2022,8700.0
2022-10-01 02:00:00,0.283,0.622,0.339,-76.0895833,39.53775,01580620,USGS,IAN,2022,8760.0
2022-10-01 03:00:00,0.753,1.035,0.2819999999999999,-76.0895833,39.53775,01580620,USGS,IAN,2022,8820.0
2022-10-01 04:00:00,0.973,1.34,0.3670000000000001,-76.0895833,39.53775,01580620,USGS,IAN,2022,8880.0
2022-10-01 05:00:00,1.083,1.52,0.437,-76.0895833,39.53775,01580620,USGS,IAN,2022,8940.0
2022-10-01 06:00:00,0.913,1.504,0.591,-76.0895833,39.53775,01580620,USGS,IAN,2022,9000.0
2022-10-01 07:00:00,0.713,1.268,0.555,-76.0895833,39.53775,01580620,USGS,IAN,2022,9060.0
2022-10-01 08:00:00,0.393,0.965,0.572,-76.0895833,39.53775,01580620,USGS,IAN,2022,9120.0
2022-10-01 09:00:00,0.103,0.666,0.5630000000000001,-76.0895833,39.53775,01580620,USGS,IAN,2022,9180.0
2022-10-01 10:00:00,-0.087,0.387,0.474,-76.0895833,39.53775,01580620,USGS,IAN,2022,9240.0
2022-10-01 11:00:00,-0.267,0.158,0.425,-76.0895833,39.53775,01580620,USGS,IAN,2022,9300.0
2022-10-01 12:00:00,-0.327,0.054,0.381,-76.0895833,39.53775,01580620,USGS,IAN,2022,9360.0
2022-10-01 13:00:00,-0.107,0.293,0.3999999999999999,-76.0895833,39.53775,01580620,USGS,IAN,2022,9420.0
2022-10-01 14:00:00,0.363,0.714,0.351,-76.0895833,39.53775,01580620,USGS,IAN,2022,9480.0
2022-10-01 15:00:00,0.943,1.065,0.122,-76.0895833,39.53775,01580620,USGS,IAN,2022,9540.0
2022-10-01 16:00:00,1.493,1.306,-0.187,-76.0895833,39.53775,01580620,USGS,IAN,2022,9600.0
2022-10-01 17:00:00,1.803,1.415,-0.3879999999999999,-76.0895833,39.53775,01580620,USGS,IAN,2022,9660.0
2022-10-01 18:00:00,1.933,1.254,-0.679,-76.0895833,39.53775,01580620,USGS,IAN,2022,9720.0
2022-10-01 19:00:00,1.933,0.895,-1.038,-76.0895833,39.53775,01580620,USGS,IAN,2022,9780.0
2022-10-01 20:00:00,1.673,0.55,-1.123,-76.0895833,39.53775,01580620,USGS,IAN,2022,9840.0
2022-10-01 21:00:00,1.393,0.223,-1.17,-76.0895833,39.53775,01580620,USGS,IAN,2022,9900.0
2022-10-01 22:00:00,1.023,-0.058,-1.081,-76.0895833,39.53775,01580620,USGS,IAN,2022,9960.0
2022-10-01 23:00:00,0.643,-0.268,-0.911,-76.0895833,39.53775,01580620,USGS,IAN,2022,10020.0
2022-09-25 01:00:00,2.243,0.193,-2.05,-77.0676667,38.9033611,01647600,USGS,IAN,2022,60.0
2022-09-25 02:00:00,1.693,-0.338,-2.031,-77.0676667,38.9033611,01647600,USGS,IAN,2022,120.0
2022-09-25 03:00:00,1.113,-0.608,-1.721,-77.0676667,38.9033611,01647600,USGS,IAN,2022,180.0
2022-09-25 04:00:00,0.543,-0.764,-1.307,-77.0676667,38.9033611,01647600,USGS,IAN,2022,240.0
2022-09-25 05:00:00,0.073,-0.89,-0.963,-77.0676667,38.9033611,01647600,USGS,IAN,2022,300.0
2022-09-25 06:00:00,-0.267,-0.788,-0.521,-77.0676667,38.9033611,01647600,USGS,IAN,2022,360.0
2022-09-25 07:00:00,-0.247,-0.141,0.106,-77.0676667,38.9033611,01647600,USGS,IAN,2022,420.0
2022-09-25 08:00:00,0.263,0.5,0.237,-77.0676667,38.9033611,01647600,USGS,IAN,2022,480.0
2022-09-25 09:00:00,1.173,0.814,-0.3590000000000001,-77.0676667,38.9033611,01647600,USGS,IAN,2022,540.0
2022-09-25 10:00:00,1.953,0.95,-1.003,-77.0676667,38.9033611,01647600,USGS,IAN,2022,600.0
2022-09-25 11:00:00,2.403,1.051,-1.352,-77.0676667,38.9033611,01647600,USGS,IAN,2022,660.0
2022-09-25 12:00:00,2.533,0.95,-1.583,-77.0676667,38.9033611,01647600,USGS,IAN,2022,720.0
2022-09-25 13:00:00,2.313,0.441,-1.872,-77.0676667,38.9033611,01647600,USGS,IAN,2022,780.0
2022-09-25 14:00:00,1.823,-0.192,-2.015,-77.0676667,38.9033611,01647600,USGS,IAN,2022,840.0
2022-09-25 15:00:00,1.233,-0.529,-1.762,-77.0676667,38.9033611,01647600,USGS,IAN,2022,900.0
2022-09-25 16:00:00,0.663,-0.706,-1.369,-77.0676667,38.9033611,01647600,USGS,IAN,2022,960.0
2022-09-25 17:00:00,0.173,-0.85,-1.023,-77.0676667,38.9033611,01647600,USGS,IAN,2022,1020.0
2022-09-25 18:00:00,-0.207,-0.889,-0.682,-77.0676667,38.9033611,01647600,USGS,IAN,2022,1080.0
2022-09-25 19:00:00,-0.427,-0.508,-0.081,-77.0676667,38.9033611,01647600,USGS,IAN,2022,1140.0
2022-09-25 20:00:00,-0.467,0.262,0.7290000000000001,-77.0676667,38.9033611,01647600,USGS,IAN,2022,1200.0
2022-09-25 21:00:00,0.023,0.71,0.6869999999999999,-77.0676667,38.9033611,01647600,USGS,IAN,2022,1260.0
2022-09-25 22:00:00,0.853,0.909,0.056,-77.0676667,38.9033611,01647600,USGS,IAN,2022,1320.0
2022-09-25 23:00:00,1.543,1.028,-0.5149999999999999,-77.0676667,38.9033611,01647600,USGS,IAN,2022,1380.0
2022-09-26 00:00:00,2.053,1.028,-1.025,-77.0676667,38.9033611,01647600,USGS,IAN,2022,1440.0
2022-09-26 01:00:00,2.183,0.649,-1.5339999999999998,-77.0676667,38.9033611,01647600,USGS,IAN,2022,1500.0
2022-09-26 02:00:00,1.823,-0.018,-1.841,-77.0676667,38.9033611,01647600,USGS,IAN,2022,1560.0
2022-09-26 03:00:00,1.233,-0.44,-1.673,-77.0676667,38.9033611,01647600,USGS,IAN,2022,1620.0
2022-09-26 04:00:00,0.553,-0.66,-1.213,-77.0676667,38.9033611,01647600,USGS,IAN,2022,1680.0
2022-09-26 05:00:00,-0.067,-0.813,-0.746,-77.0676667,38.9033611,01647600,USGS,IAN,2022,1740.0
2022-09-26 06:00:00,-0.577,-0.914,-0.3370000000000001,-77.0676667,38.9033611,01647600,USGS,IAN,2022,1800.0
2022-09-26 07:00:00,-1.057,-0.677,0.3799999999999999,-77.0676667,38.9033611,01647600,USGS,IAN,2022,1860.0
2022-09-26 08:00:00,-1.287,0.092,1.379,-77.0676667,38.9033611,01647600,USGS,IAN,2022,1920.0
2022-09-26 09:00:00,-1.097,0.64,1.737,-77.0676667,38.9033611,01647600,USGS,IAN,2022,1980.0
2022-09-26 10:00:00,-0.507,0.884,1.391,-77.0676667,38.9033611,01647600,USGS,IAN,2022,2040.0
2022-09-26 11:00:00,0.323,1.016,0.6930000000000001,-77.0676667,38.9033611,01647600,USGS,IAN,2022,2100.0
2022-09-26 12:00:00,1.033,1.076,0.0430000000000001,-77.0676667,38.9033611,01647600,USGS,IAN,2022,2160.0
2022-09-26 13:00:00,1.403,0.812,-0.591,-77.0676667,38.9033611,01647600,USGS,IAN,2022,2220.0
2022-09-26 14:00:00,1.503,0.163,-1.34,-77.0676667,38.9033611,01647600,USGS,IAN,2022,2280.0
2022-09-26 15:00:00,1.203,-0.351,-1.554,-77.0676667,38.9033611,01647600,USGS,IAN,2022,2340.0
2022-09-26 16:00:00,0.583,-0.617,-1.2,-77.0676667,38.9033611,01647600,USGS,IAN,2022,2400.0
2022-09-26 17:00:00,-0.077,-0.778,-0.7010000000000001,-77.0676667,38.9033611,01647600,USGS,IAN,2022,2460.0
2022-09-26 18:00:00,-0.657,-0.917,-0.26,-77.0676667,38.9033611,01647600,USGS,IAN,2022,2520.0
2022-09-26 19:00:00,-1.087,-0.813,0.274,-77.0676667,38.9033611,01647600,USGS,IAN,2022,2580.0
2022-09-26 20:00:00,-1.347,-0.112,1.235,-77.0676667,38.9033611,01647600,USGS,IAN,2022,2640.0
2022-09-26 21:00:00,-1.457,0.556,2.013,-77.0676667,38.9033611,01647600,USGS,IAN,2022,2700.0
2022-09-26 22:00:00,-0.817,0.881,1.698,-77.0676667,38.9033611,01647600,USGS,IAN,2022,2760.0
2022-09-26 23:00:00,0.163,1.025,0.8619999999999999,-77.0676667,38.9033611,01647600,USGS,IAN,2022,2820.0
2022-09-27 00:00:00,0.893,1.134,0.2409999999999998,-77.0676667,38.9033611,01647600,USGS,IAN,2022,2880.0
2022-09-27 01:00:00,1.403,1.026,-0.377,-77.0676667,38.9033611,01647600,USGS,IAN,2022,2940.0
2022-09-27 02:00:00,1.553,0.481,-1.072,-77.0676667,38.9033611,01647600,USGS,IAN,2022,3000.0
2022-09-27 03:00:00,1.353,-0.174,-1.527,-77.0676667,38.9033611,01647600,USGS,IAN,2022,3060.0
2022-09-27 04:00:00,0.893,-0.515,-1.408,-77.0676667,38.9033611,01647600,USGS,IAN,2022,3120.0
2022-09-27 05:00:00,0.223,-0.701,-0.924,-77.0676667,38.9033611,01647600,USGS,IAN,2022,3180.0
2022-09-27 06:00:00,-0.347,-0.852,-0.505,-77.0676667,38.9033611,01647600,USGS,IAN,2022,3240.0
2022-09-27 07:00:00,-0.767,-0.9,-0.133,-77.0676667,38.9033611,01647600,USGS,IAN,2022,3300.0
2022-09-27 08:00:00,-0.967,-0.5,0.4669999999999999,-77.0676667,38.9033611,01647600,USGS,IAN,2022,3360.0
2022-09-27 09:00:00,-0.607,0.298,0.905,-77.0676667,38.9033611,01647600,USGS,IAN,2022,3420.0
2022-09-27 10:00:00,0.433,0.756,0.323,-77.0676667,38.9033611,01647600,USGS,IAN,2022,3480.0
2022-09-27 11:00:00,1.333,0.948,-0.385,-77.0676667,38.9033611,01647600,USGS,IAN,2022,3540.0
2022-09-27 12:00:00,1.903,1.058,-0.845,-77.0676667,38.9033611,01647600,USGS,IAN,2022,3600.0
2022-09-27 13:00:00,2.253,1.027,-1.2260000000000002,-77.0676667,38.9033611,01647600,USGS,IAN,2022,3660.0
2022-09-27 14:00:00,2.183,0.578,-1.605,-77.0676667,38.9033611,01647600,USGS,IAN,2022,3720.0
2022-09-27 15:00:00,1.693,-0.095,-1.788,-77.0676667,38.9033611,01647600,USGS,IAN,2022,3780.0
2022-09-27 16:00:00,0.933,-0.485,-1.418,-77.0676667,38.9033611,01647600,USGS,IAN,2022,3840.0
2022-09-27 17:00:00,0.353,-0.698,-1.051,-77.0676667,38.9033611,01647600,USGS,IAN,2022,3900.0
2022-09-27 18:00:00,-0.307,-0.856,-0.5489999999999999,-77.0676667,38.9033611,01647600,USGS,IAN,2022,3960.0
2022-09-27 19:00:00,-0.797,-0.937,-0.14,-77.0676667,38.9033611,01647600,USGS,IAN,2022,4020.0
2022-09-27 20:00:00,-1.107,-0.591,0.516,-77.0676667,38.9033611,01647600,USGS,IAN,2022,4080.0
2022-09-27 21:00:00,-1.177,0.253,1.4300000000000002,-77.0676667,38.9033611,01647600,USGS,IAN,2022,4140.0
2022-09-27 22:00:00,-0.717,0.745,1.462,-77.0676667,38.9033611,01647600,USGS,IAN,2022,4200.0
2022-09-27 23:00:00,0.263,0.968,0.705,-77.0676667,38.9033611,01647600,USGS,IAN,2022,4260.0
2022-09-28 00:00:00,1.103,1.126,0.0229999999999999,-77.0676667,38.9033611,01647600,USGS,IAN,2022,4320.0
2022-09-28 01:00:00,1.743,1.209,-0.534,-77.0676667,38.9033611,01647600,USGS,IAN,2022,4380.0
2022-09-28 02:00:00,1.953,0.961,-0.992,-77.0676667,38.9033611,01647600,USGS,IAN,2022,4440.0
2022-09-28 03:00:00,1.693,0.274,-1.419,-77.0676667,38.9033611,01647600,USGS,IAN,2022,4500.0
2022-09-28 04:00:00,1.203,-0.286,-1.489,-77.0676667,38.9033611,01647600,USGS,IAN,2022,4560.0
2022-09-28 05:00:00,0.483,-0.553,-1.036,-77.0676667,38.9033611,01647600,USGS,IAN,2022,4620.0
2022-09-28 06:00:00,-0.157,-0.725,-0.568,-77.0676667,38.9033611,01647600,USGS,IAN,2022,4680.0
2022-09-28 07:00:00,-0.687,-0.881,-0.1939999999999999,-77.0676667,38.9033611,01647600,USGS,IAN,2022,4740.0
2022-09-28 08:00:00,-1.077,-0.856,0.2209999999999999,-77.0676667,38.9033611,01647600,USGS,IAN,2022,4800.0
2022-09-28 09:00:00,-1.317,-0.296,1.021,-77.0676667,38.9033611,01647600,USGS,IAN,2022,4860.0
2022-09-28 10:00:00,-1.127,0.455,1.582,-77.0676667,38.9033611,01647600,USGS,IAN,2022,4920.0
2022-09-28 11:00:00,-0.257,0.846,1.103,-77.0676667,38.9033611,01647600,USGS,IAN,2022,4980.0
2022-09-28 12:00:00,0.563,0.988,0.425,-77.0676667,38.9033611,01647600,USGS,IAN,2022,5040.0
2022-09-28 13:00:00,1.203,1.061,-0.1420000000000001,-77.0676667,38.9033611,01647600,USGS,IAN,2022,5100.0
2022-09-28 14:00:00,1.473,0.903,-0.5700000000000001,-77.0676667,38.9033611,01647600,USGS,IAN,2022,5160.0
2022-09-28 15:00:00,1.363,0.309,-1.054,-77.0676667,38.9033611,01647600,USGS,IAN,2022,5220.0
2022-09-28 16:00:00,0.853,-0.283,-1.136,-77.0676667,38.9033611,01647600,USGS,IAN,2022,5280.0
2022-09-28 17:00:00,0.133,-0.581,-0.714,-77.0676667,38.9033611,01647600,USGS,IAN,2022,5340.0
2022-09-28 18:00:00,-0.537,-0.759,-0.2219999999999999,-77.0676667,38.9033611,01647600,USGS,IAN,2022,5400.0
2022-09-28 19:00:00,-1.057,-0.923,0.1339999999999999,-77.0676667,38.9033611,01647600,USGS,IAN,2022,5460.0
2022-09-28 20:00:00,-1.457,-0.907,0.55,-77.0676667,38.9033611,01647600,USGS,IAN,2022,5520.0
2022-09-28 21:00:00,-1.677,-0.288,1.389,-77.0676667,38.9033611,01647600,USGS,IAN,2022,5580.0
2022-09-28 22:00:00,-1.557,0.482,2.039,-77.0676667,38.9033611,01647600,USGS,IAN,2022,5640.0
2022-09-28 23:00:00,-0.677,0.875,1.552,-77.0676667,38.9033611,01647600,USGS,IAN,2022,5700.0
2022-09-29 00:00:00,0.273,1.043,0.7699999999999999,-77.0676667,38.9033611,01647600,USGS,IAN,2022,5760.0
2022-09-29 01:00:00,1.053,1.194,0.141,-77.0676667,38.9033611,01647600,USGS,IAN,2022,5820.0
2022-09-29 02:00:00,1.523,1.214,-0.3089999999999999,-77.0676667,38.9033611,01647600,USGS,IAN,2022,5880.0
2022-09-29 03:00:00,1.593,0.853,-0.74,-77.0676667,38.9033611,01647600,USGS,IAN,2022,5940.0
2022-09-29 04:00:00,1.293,0.115,-1.178,-77.0676667,38.9033611,01647600,USGS,IAN,2022,6000.0
2022-09-29 05:00:00,0.683,-0.35,-1.033,-77.0676667,38.9033611,01647600,USGS,IAN,2022,6060.0
2022-09-29 06:00:00,-0.037,-0.593,-0.5559999999999999,-77.0676667,38.9033611,01647600,USGS,IAN,2022,6120.0
2022-09-29 07:00:00,-0.657,-0.753,-0.0959999999999999,-77.0676667,38.9033611,01647600,USGS,IAN,2022,6180.0
2022-09-29 08:00:00,-1.187,-0.892,0.295,-77.0676667,38.9033611,01647600,USGS,IAN,2022,6240.0
2022-09-29 09:00:00,-1.607,-0.773,0.834,-77.0676667,38.9033611,01647600,USGS,IAN,2022,6300.0
2022-09-29 10:00:00,-1.837,-0.071,1.766,-77.0676667,38.9033611,01647600,USGS,IAN,2022,6360.0
2022-09-29 11:00:00,-1.737,0.586,2.323,-77.0676667,38.9033611,01647600,USGS,IAN,2022,6420.0
2022-09-29 12:00:00,-0.797,0.913,1.71,-77.0676667,38.9033611,01647600,USGS,IAN,2022,6480.0
2022-09-29 13:00:00,0.053,1.032,0.979,-77.0676667,38.9033611,01647600,USGS,IAN,2022,6540.0
2022-09-29 14:00:00,0.733,1.082,0.3490000000000001,-77.0676667,38.9033611,01647600,USGS,IAN,2022,6600.0
2022-09-29 15:00:00,1.023,0.827,-0.1959999999999999,-77.0676667,38.9033611,01647600,USGS,IAN,2022,6660.0
2022-09-29 16:00:00,0.933,0.183,-0.75,-77.0676667,38.9033611,01647600,USGS,IAN,2022,6720.0
2022-09-29 17:00:00,0.523,-0.325,-0.8480000000000001,-77.0676667,38.9033611,01647600,USGS,IAN,2022,6780.0
2022-09-29 18:00:00,-0.027,-0.575,-0.5479999999999999,-77.0676667,38.9033611,01647600,USGS,IAN,2022,6840.0
2022-09-29 19:00:00,-0.577,-0.737,-0.16,-77.0676667,38.9033611,01647600,USGS,IAN,2022,6900.0
2022-09-29 20:00:00,-1.057,-0.86,0.1969999999999999,-77.0676667,38.9033611,01647600,USGS,IAN,2022,6960.0
2022-09-29 21:00:00,-1.397,-0.676,0.721,-77.0676667,38.9033611,01647600,USGS,IAN,2022,7020.0
2022-09-29 22:00:00,-1.507,0.126,1.633,-77.0676667,38.9033611,01647600,USGS,IAN,2022,7080.0
2022-09-29 23:00:00,-1.317,0.73,2.047,-77.0676667,38.9033611,01647600,USGS,IAN,2022,7140.0
2022-09-30 00:00:00,-0.447,1.011,1.458,-77.0676667,38.9033611,01647600,USGS,IAN,2022,7200.0
2022-09-30 01:00:00,0.483,1.202,0.719,-77.0676667,38.9033611,01647600,USGS,IAN,2022,7260.0
2022-09-30 02:00:00,1.193,1.382,0.1889999999999998,-77.0676667,38.9033611,01647600,USGS,IAN,2022,7320.0
2022-09-30 03:00:00,1.603,1.393,-0.2099999999999999,-77.0676667,38.9033611,01647600,USGS,IAN,2022,7380.0
2022-09-30 04:00:00,1.643,1.016,-0.627,-77.0676667,38.9033611,01647600,USGS,IAN,2022,7440.0
2022-09-30 05:00:00,1.323,0.268,-1.055,-77.0676667,38.9033611,01647600,USGS,IAN,2022,7500.0
2022-09-30 06:00:00,0.723,-0.203,-0.926,-77.0676667,38.9033611,01647600,USGS,IAN,2022,7560.0
2022-09-30 07:00:00,0.083,-0.388,-0.471,-77.0676667,38.9033611,01647600,USGS,IAN,2022,7620.0
2022-09-30 08:00:00,-0.477,-0.514,-0.037,-77.0676667,38.9033611,01647600,USGS,IAN,2022,7680.0
2022-09-30 09:00:00,-0.937,-0.552,0.385,-77.0676667,38.9033611,01647600,USGS,IAN,2022,7740.0
2022-09-30 10:00:00,-1.127,-0.253,0.874,-77.0676667,38.9033611,01647600,USGS,IAN,2022,7800.0
2022-09-30 11:00:00,-0.957,0.526,1.483,-77.0676667,38.9033611,01647600,USGS,IAN,2022,7860.0
2022-09-30 12:00:00,-0.197,1.052,1.249,-77.0676667,38.9033611,01647600,USGS,IAN,2022,7920.0
2022-09-30 13:00:00,0.683,1.271,0.5879999999999999,-77.0676667,38.9033611,01647600,USGS,IAN,2022,7980.0
2022-09-30 14:00:00,1.393,1.369,-0.024,-77.0676667,38.9033611,01647600,USGS,IAN,2022,8040.0
2022-09-30 15:00:00,1.843,1.357,-0.486,-77.0676667,38.9033611,01647600,USGS,IAN,2022,8100.0
2022-09-30 16:00:00,1.993,1.031,-0.9620000000000002,-77.0676667,38.9033611,01647600,USGS,IAN,2022,8160.0
2022-09-30 17:00:00,1.803,0.373,-1.43,-77.0676667,38.9033611,01647600,USGS,IAN,2022,8220.0
2022-09-30 18:00:00,1.383,-0.1,-1.483,-77.0676667,38.9033611,01647600,USGS,IAN,2022,8280.0
2022-09-30 19:00:00,0.903,-0.33,-1.233,-77.0676667,38.9033611,01647600,USGS,IAN,2022,8340.0
2022-09-30 20:00:00,0.413,-0.506,-0.919,-77.0676667,38.9033611,01647600,USGS,IAN,2022,8400.0
2022-09-30 21:00:00,0.003,-0.593,-0.596,-77.0676667,38.9033611,01647600,USGS,IAN,2022,8460.0
2022-09-30 22:00:00,-0.227,-0.309,-0.0819999999999999,-77.0676667,38.9033611,01647600,USGS,IAN,2022,8520.0
2022-09-30 23:00:00,-0.117,0.541,0.658,-77.0676667,38.9033611,01647600,USGS,IAN,2022,8580.0
2022-10-01 00:00:00,0.523,1.127,0.604,-77.0676667,38.9033611,01647600,USGS,IAN,2022,8640.0
2022-10-01 01:00:00,1.413,1.407,-0.006,-77.0676667,38.9033611,01647600,USGS,IAN,2022,8700.0
2022-10-01 02:00:00,2.263,1.61,-0.6529999999999998,-77.0676667,38.9033611,01647600,USGS,IAN,2022,8760.0
2022-10-01 03:00:00,2.673,1.821,-0.8520000000000001,-77.0676667,38.9033611,01647600,USGS,IAN,2022,8820.0
2022-10-01 04:00:00,2.913,1.965,-0.9479999999999996,-77.0676667,38.9033611,01647600,USGS,IAN,2022,8880.0
2022-10-01 05:00:00,2.643,1.81,-0.8329999999999997,-77.0676667,38.9033611,01647600,USGS,IAN,2022,8940.0
2022-10-01 06:00:00,2.183,1.151,-1.0319999999999998,-77.0676667,38.9033611,01647600,USGS,IAN,2022,9000.0
2022-10-01 07:00:00,1.653,0.63,-1.023,-77.0676667,38.9033611,01647600,USGS,IAN,2022,9060.0
2022-10-01 08:00:00,1.213,0.397,-0.8160000000000001,-77.0676667,38.9033611,01647600,USGS,IAN,2022,9120.0
2022-10-01 09:00:00,0.803,0.28,-0.523,-77.0676667,38.9033611,01647600,USGS,IAN,2022,9180.0
2022-10-01 10:00:00,0.653,0.163,-0.49,-77.0676667,38.9033611,01647600,USGS,IAN,2022,9240.0
2022-10-01 11:00:00,0.763,0.27,-0.493,-77.0676667,38.9033611,01647600,USGS,IAN,2022,9300.0
2022-10-01 12:00:00,1.323,0.723,-0.6,-77.0676667,38.9033611,01647600,USGS,IAN,2022,9360.0
2022-10-01 13:00:00,2.043,1.217,-0.8260000000000001,-77.0676667,38.9033611,01647600,USGS,IAN,2022,9420.0
2022-10-01 14:00:00,2.643,1.499,-1.1439999999999997,-77.0676667,38.9033611,01647600,USGS,IAN,2022,9480.0
2022-10-01 15:00:00,2.993,1.561,-1.432,-77.0676667,38.9033611,01647600,USGS,IAN,2022,9540.0
2022-10-01 16:00:00,3.173,1.338,-1.835,-77.0676667,38.9033611,01647600,USGS,IAN,2022,9600.0
2022-10-01 17:00:00,3.113,0.651,-2.462,-77.0676667,38.9033611,01647600,USGS,IAN,2022,9660.0
2022-10-01 18:00:00,2.663,0.123,-2.54,-77.0676667,38.9033611,01647600,USGS,IAN,2022,9720.0
2022-10-01 19:00:00,2.053,-0.099,-2.152,-77.0676667,38.9033611,01647600,USGS,IAN,2022,9780.0
2022-10-01 20:00:00,1.433,-0.172,-1.605,-77.0676667,38.9033611,01647600,USGS,IAN,2022,9840.0
2022-10-01 21:00:00,0.953,-0.326,-1.279,-77.0676667,38.9033611,01647600,USGS,IAN,2022,9900.0
2022-10-01 22:00:00,0.753,-0.379,-1.132,-77.0676667,38.9033611,01647600,USGS,IAN,2022,9960.0
2022-10-01 23:00:00,0.413,-0.019,-0.432,-77.0676667,38.9033611,01647600,USGS,IAN,2022,10020.0
2022-09-25 01:00:00,2.257,0.181,-2.076,-77.0383333,38.80527778,0165258890,USGS,IAN,2022,60.0
2022-09-25 02:00:00,1.787,-0.317,-2.104,-77.0383333,38.80527778,0165258890,USGS,IAN,2022,120.0
2022-09-25 03:00:00,1.207,-0.597,-1.804,-77.0383333,38.80527778,0165258890,USGS,IAN,2022,180.0
2022-09-25 04:00:00,0.667,-0.763,-1.4300000000000002,-77.0383333,38.80527778,0165258890,USGS,IAN,2022,240.0
2022-09-25 05:00:00,0.227,-0.864,-1.091,-77.0383333,38.80527778,0165258890,USGS,IAN,2022,300.0
2022-09-25 06:00:00,-0.013,-0.719,-0.706,-77.0383333,38.80527778,0165258890,USGS,IAN,2022,360.0
2022-09-25 07:00:00,0.027,-0.136,-0.163,-77.0383333,38.80527778,0165258890,USGS,IAN,2022,420.0
2022-09-25 08:00:00,0.567,0.469,-0.0979999999999999,-77.0383333,38.80527778,0165258890,USGS,IAN,2022,480.0
2022-09-25 09:00:00,1.327,0.788,-0.5389999999999999,-77.0383333,38.80527778,0165258890,USGS,IAN,2022,540.0
2022-09-25 10:00:00,2.017,0.947,-1.0699999999999998,-77.0383333,38.80527778,0165258890,USGS,IAN,2022,600.0
2022-09-25 11:00:00,2.447,1.034,-1.413,-77.0383333,38.80527778,0165258890,USGS,IAN,2022,660.0
2022-09-25 12:00:00,2.587,0.907,-1.6800000000000002,-77.0383333,38.80527778,0165258890,USGS,IAN,2022,720.0
2022-09-25 13:00:00,2.377,0.418,-1.959,-77.0383333,38.80527778,0165258890,USGS,IAN,2022,780.0
2022-09-25 14:00:00,1.907,-0.158,-2.065,-77.0383333,38.80527778,0165258890,USGS,IAN,2022,840.0
2022-09-25 15:00:00,1.337,-0.51,-1.847,-77.0383333,38.80527778,0165258890,USGS,IAN,2022,900.0
2022-09-25 16:00:00,0.787,-0.704,-1.491,-77.0383333,38.80527778,0165258890,USGS,IAN,2022,960.0
2022-09-25 17:00:00,0.317,-0.841,-1.158,-77.0383333,38.80527778,0165258890,USGS,IAN,2022,1020.0
2022-09-25 18:00:00,-0.003,-0.847,-0.844,-77.0383333,38.80527778,0165258890,USGS,IAN,2022,1080.0
2022-09-25 19:00:00,-0.183,-0.44,-0.257,-77.0383333,38.80527778,0165258890,USGS,IAN,2022,1140.0
2022-09-25 20:00:00,-0.153,0.237,0.39,-77.0383333,38.80527778,0165258890,USGS,IAN,2022,1200.0
2022-09-25 21:00:00,0.307,0.695,0.3879999999999999,-77.0383333,38.80527778,0165258890,USGS,IAN,2022,1260.0
2022-09-25 22:00:00,1.017,0.906,-0.1109999999999998,-77.0383333,38.80527778,0165258890,USGS,IAN,2022,1320.0
2022-09-25 23:00:00,1.647,1.018,-0.629,-77.0383333,38.80527778,0165258890,USGS,IAN,2022,1380.0
2022-09-26 00:00:00,2.067,0.986,-1.0810000000000002,-77.0383333,38.80527778,0165258890,USGS,IAN,2022,1440.0
2022-09-26 01:00:00,2.217,0.604,-1.613,-77.0383333,38.80527778,0165258890,USGS,IAN,2022,1500.0
2022-09-26 02:00:00,1.897,0.003,-1.894,-77.0383333,38.80527778,0165258890,USGS,IAN,2022,1560.0
2022-09-26 03:00:00,1.327,-0.425,-1.752,-77.0383333,38.80527778,0165258890,USGS,IAN,2022,1620.0
2022-09-26 04:00:00,0.637,-0.654,-1.291,-77.0383333,38.80527778,0165258890,USGS,IAN,2022,1680.0
2022-09-26 05:00:00,0.057,-0.812,-0.8690000000000001,-77.0383333,38.80527778,0165258890,USGS,IAN,2022,1740.0
2022-09-26 06:00:00,-0.473,-0.879,-0.406,-77.0383333,38.80527778,0165258890,USGS,IAN,2022,1800.0
2022-09-26 07:00:00,-0.843,-0.599,0.244,-77.0383333,38.80527778,0165258890,USGS,IAN,2022,1860.0
2022-09-26 08:00:00,-1.013,0.072,1.085,-77.0383333,38.80527778,0165258890,USGS,IAN,2022,1920.0
2022-09-26 09:00:00,-0.843,0.62,1.463,-77.0383333,38.80527778,0165258890,USGS,IAN,2022,1980.0
2022-09-26 10:00:00,-0.223,0.878,1.101,-77.0383333,38.80527778,0165258890,USGS,IAN,2022,2040.0
2022-09-26 11:00:00,0.497,1.009,0.5119999999999999,-77.0383333,38.80527778,0165258890,USGS,IAN,2022,2100.0
2022-09-26 12:00:00,1.107,1.038,-0.0689999999999999,-77.0383333,38.80527778,0165258890,USGS,IAN,2022,2160.0
2022-09-26 13:00:00,1.467,0.759,-0.7080000000000001,-77.0383333,38.80527778,0165258890,USGS,IAN,2022,2220.0
2022-09-26 14:00:00,1.567,0.166,-1.401,-77.0383333,38.80527778,0165258890,USGS,IAN,2022,2280.0
2022-09-26 15:00:00,1.277,-0.334,-1.611,-77.0383333,38.80527778,0165258890,USGS,IAN,2022,2340.0
2022-09-26 16:00:00,0.697,-0.608,-1.305,-77.0383333,38.80527778,0165258890,USGS,IAN,2022,2400.0
2022-09-26 17:00:00,0.087,-0.778,-0.865,-77.0383333,38.80527778,0165258890,USGS,IAN,2022,2460.0
2022-09-26 18:00:00,-0.433,-0.891,-0.458,-77.0383333,38.80527778,0165258890,USGS,IAN,2022,2520.0
2022-09-26 19:00:00,-0.833,-0.737,0.0959999999999999,-77.0383333,38.80527778,0165258890,USGS,IAN,2022,2580.0
2022-09-26 20:00:00,-1.143,-0.112,1.031,-77.0383333,38.80527778,0165258890,USGS,IAN,2022,2640.0
2022-09-26 21:00:00,-0.953,0.524,1.477,-77.0383333,38.80527778,0165258890,USGS,IAN,2022,2700.0
2022-09-26 22:00:00,-0.413,0.854,1.267,-77.0383333,38.80527778,0165258890,USGS,IAN,2022,2760.0
2022-09-26 23:00:00,0.367,1.02,0.653,-77.0383333,38.80527778,0165258890,USGS,IAN,2022,2820.0
2022-09-27 00:00:00,1.037,1.114,0.0770000000000001,-77.0383333,38.80527778,0165258890,USGS,IAN,2022,2880.0
2022-09-27 01:00:00,1.477,0.978,-0.4990000000000001,-77.0383333,38.80527778,0165258890,USGS,IAN,2022,2940.0
2022-09-27 02:00:00,1.617,0.454,-1.163,-77.0383333,38.80527778,0165258890,USGS,IAN,2022,3000.0
2022-09-27 03:00:00,1.447,-0.139,-1.586,-77.0383333,38.80527778,0165258890,USGS,IAN,2022,3060.0
2022-09-27 04:00:00,0.947,-0.497,-1.444,-77.0383333,38.80527778,0165258890,USGS,IAN,2022,3120.0
2022-09-27 05:00:00,0.357,-0.695,-1.052,-77.0383333,38.80527778,0165258890,USGS,IAN,2022,3180.0
2022-09-27 06:00:00,-0.183,-0.843,-0.6599999999999999,-77.0383333,38.80527778,0165258890,USGS,IAN,2022,3240.0
2022-09-27 07:00:00,-0.553,-0.855,-0.3019999999999999,-77.0383333,38.80527778,0165258890,USGS,IAN,2022,3300.0
2022-09-27 08:00:00,-0.673,-0.431,0.242,-77.0383333,38.80527778,0165258890,USGS,IAN,2022,3360.0
2022-09-27 09:00:00,-0.183,0.271,0.454,-77.0383333,38.80527778,0165258890,USGS,IAN,2022,3420.0
2022-09-27 10:00:00,0.617,0.736,0.119,-77.0383333,38.80527778,0165258890,USGS,IAN,2022,3480.0
2022-09-27 11:00:00,1.417,0.945,-0.4720000000000001,-77.0383333,38.80527778,0165258890,USGS,IAN,2022,3540.0
2022-09-27 12:00:00,2.007,1.049,-0.9580000000000002,-77.0383333,38.80527778,0165258890,USGS,IAN,2022,3600.0
2022-09-27 13:00:00,2.297,0.981,-1.3160000000000005,-77.0383333,38.80527778,0165258890,USGS,IAN,2022,3660.0
2022-09-27 14:00:00,2.227,0.539,-1.6879999999999995,-77.0383333,38.80527778,0165258890,USGS,IAN,2022,3720.0
2022-09-27 15:00:00,1.757,-0.071,-1.828,-77.0383333,38.80527778,0165258890,USGS,IAN,2022,3780.0
2022-09-27 16:00:00,1.097,-0.473,-1.5699999999999998,-77.0383333,38.80527778,0165258890,USGS,IAN,2022,3840.0
2022-09-27 17:00:00,0.447,-0.691,-1.138,-77.0383333,38.80527778,0165258890,USGS,IAN,2022,3900.0
2022-09-27 18:00:00,-0.113,-0.851,-0.738,-77.0383333,38.80527778,0165258890,USGS,IAN,2022,3960.0
2022-09-27 19:00:00,-0.553,-0.895,-0.3419999999999999,-77.0383333,38.80527778,0165258890,USGS,IAN,2022,4020.0
2022-09-27 20:00:00,-0.823,-0.509,0.3139999999999999,-77.0383333,38.80527778,0165258890,USGS,IAN,2022,4080.0
2022-09-27 21:00:00,-0.813,0.222,1.035,-77.0383333,38.80527778,0165258890,USGS,IAN,2022,4140.0
2022-09-27 22:00:00,-0.313,0.73,1.043,-77.0383333,38.80527778,0165258890,USGS,IAN,2022,4200.0
2022-09-27 23:00:00,0.487,0.97,0.483,-77.0383333,38.80527778,0165258890,USGS,IAN,2022,4260.0
2022-09-28 00:00:00,1.277,1.121,-0.1559999999999999,-77.0383333,38.80527778,0165258890,USGS,IAN,2022,4320.0
2022-09-28 01:00:00,1.797,1.172,-0.625,-77.0383333,38.80527778,0165258890,USGS,IAN,2022,4380.0
2022-09-28 02:00:00,1.997,0.904,-1.093,-77.0383333,38.80527778,0165258890,USGS,IAN,2022,4440.0
2022-09-28 03:00:00,1.797,0.28,-1.517,-77.0383333,38.80527778,0165258890,USGS,IAN,2022,4500.0
2022-09-28 04:00:00,1.237,-0.258,-1.495,-77.0383333,38.80527778,0165258890,USGS,IAN,2022,4560.0
2022-09-28 05:00:00,0.557,-0.545,-1.102,-77.0383333,38.80527778,0165258890,USGS,IAN,2022,4620.0
2022-09-28 06:00:00,-0.033,-0.726,-0.693,-77.0383333,38.80527778,0165258890,USGS,IAN,2022,4680.0
2022-09-28 07:00:00,-0.543,-0.862,-0.3189999999999999,-77.0383333,38.80527778,0165258890,USGS,IAN,2022,4740.0
2022-09-28 08:00:00,-0.913,-0.797,0.1159999999999999,-77.0383333,38.80527778,0165258890,USGS,IAN,2022,4800.0
2022-09-28 09:00:00,-1.073,-0.257,0.816,-77.0383333,38.80527778,0165258890,USGS,IAN,2022,4860.0
2022-09-28 10:00:00,-0.763,0.424,1.187,-77.0383333,38.80527778,0165258890,USGS,IAN,2022,4920.0
2022-09-28 11:00:00,-0.073,0.813,0.8859999999999999,-77.0383333,38.80527778,0165258890,USGS,IAN,2022,4980.0
2022-09-28 12:00:00,0.697,0.981,0.284,-77.0383333,38.80527778,0165258890,USGS,IAN,2022,5040.0
2022-09-28 13:00:00,1.277,1.041,-0.236,-77.0383333,38.80527778,0165258890,USGS,IAN,2022,5100.0
2022-09-28 14:00:00,1.557,0.853,-0.704,-77.0383333,38.80527778,0165258890,USGS,IAN,2022,5160.0
2022-09-28 15:00:00,1.447,0.298,-1.149,-77.0383333,38.80527778,0165258890,USGS,IAN,2022,5220.0
2022-09-28 16:00:00,0.967,-0.255,-1.222,-77.0383333,38.80527778,0165258890,USGS,IAN,2022,5280.0
2022-09-28 17:00:00,0.297,-0.569,-0.8659999999999999,-77.0383333,38.80527778,0165258890,USGS,IAN,2022,5340.0
2022-09-28 18:00:00,-0.313,-0.76,-0.447,-77.0383333,38.80527778,0165258890,USGS,IAN,2022,5400.0
2022-09-28 19:00:00,-0.783,-0.904,-0.121,-77.0383333,38.80527778,0165258890,USGS,IAN,2022,5460.0
2022-09-28 20:00:00,-1.163,-0.837,0.326,-77.0383333,38.80527778,0165258890,USGS,IAN,2022,5520.0
2022-09-28 21:00:00,-1.343,-0.256,1.087,-77.0383333,38.80527778,0165258890,USGS,IAN,2022,5580.0
2022-09-28 22:00:00,-1.083,0.45,1.533,-77.0383333,38.80527778,0165258890,USGS,IAN,2022,5640.0
2022-09-28 23:00:00,-0.373,0.844,1.217,-77.0383333,38.80527778,0165258890,USGS,IAN,2022,5700.0
2022-09-29 00:00:00,0.467,1.043,0.5759999999999998,-77.0383333,38.80527778,0165258890,USGS,IAN,2022,5760.0
2022-09-29 01:00:00,1.177,1.187,0.01,-77.0383333,38.80527778,0165258890,USGS,IAN,2022,5820.0
2022-09-29 02:00:00,1.587,1.181,-0.4059999999999999,-77.0383333,38.80527778,0165258890,USGS,IAN,2022,5880.0
2022-09-29 03:00:00,1.687,0.796,-0.891,-77.0383333,38.80527778,0165258890,USGS,IAN,2022,5940.0
2022-09-29 04:00:00,1.347,0.136,-1.211,-77.0383333,38.80527778,0165258890,USGS,IAN,2022,6000.0
2022-09-29 05:00:00,0.747,-0.337,-1.084,-77.0383333,38.80527778,0165258890,USGS,IAN,2022,6060.0
2022-09-29 06:00:00,0.077,-0.588,-0.6649999999999999,-77.0383333,38.80527778,0165258890,USGS,IAN,2022,6120.0
2022-09-29 07:00:00,-0.503,-0.755,-0.252,-77.0383333,38.80527778,0165258890,USGS,IAN,2022,6180.0
2022-09-29 08:00:00,-1.003,-0.863,0.1399999999999999,-77.0383333,38.80527778,0165258890,USGS,IAN,2022,6240.0
2022-09-29 09:00:00,-1.373,-0.698,0.675,-77.0383333,38.80527778,0165258890,USGS,IAN,2022,6300.0
2022-09-29 10:00:00,-1.523,-0.073,1.45,-77.0383333,38.80527778,0165258890,USGS,IAN,2022,6360.0
2022-09-29 11:00:00,-1.233,0.563,1.796,-77.0383333,38.80527778,0165258890,USGS,IAN,2022,6420.0
2022-09-29 12:00:00,-0.523,0.887,1.41,-77.0383333,38.80527778,0165258890,USGS,IAN,2022,6480.0
2022-09-29 13:00:00,0.247,1.026,0.779,-77.0383333,38.80527778,0165258890,USGS,IAN,2022,6540.0
2022-09-29 14:00:00,0.877,1.051,0.1739999999999999,-77.0383333,38.80527778,0165258890,USGS,IAN,2022,6600.0
2022-09-29 15:00:00,1.157,0.78,-0.377,-77.0383333,38.80527778,0165258890,USGS,IAN,2022,6660.0
2022-09-29 16:00:00,1.087,0.188,-0.899,-77.0383333,38.80527778,0165258890,USGS,IAN,2022,6720.0
2022-09-29 17:00:00,0.687,-0.304,-0.991,-77.0383333,38.80527778,0165258890,USGS,IAN,2022,6780.0
2022-09-29 18:00:00,0.137,-0.565,-0.702,-77.0383333,38.80527778,0165258890,USGS,IAN,2022,6840.0
2022-09-29 19:00:00,-0.373,-0.732,-0.359,-77.0383333,38.80527778,0165258890,USGS,IAN,2022,6900.0
2022-09-29 20:00:00,-0.833,-0.826,0.007,-77.0383333,38.80527778,0165258890,USGS,IAN,2022,6960.0
2022-09-29 21:00:00,-1.123,-0.584,0.539,-77.0383333,38.80527778,0165258890,USGS,IAN,2022,7020.0
2022-09-29 22:00:00,-1.243,0.109,1.352,-77.0383333,38.80527778,0165258890,USGS,IAN,2022,7080.0
2022-09-29 23:00:00,-0.893,0.712,1.605,-77.0383333,38.80527778,0165258890,USGS,IAN,2022,7140.0
2022-09-30 00:00:00,-0.173,1.013,1.186,-77.0383333,38.80527778,0165258890,USGS,IAN,2022,7200.0
2022-09-30 01:00:00,0.657,1.205,0.548,-77.0383333,38.80527778,0165258890,USGS,IAN,2022,7260.0
2022-09-30 02:00:00,1.317,1.364,0.0470000000000001,-77.0383333,38.80527778,0165258890,USGS,IAN,2022,7320.0
2022-09-30 03:00:00,1.697,1.361,-0.3360000000000001,-77.0383333,38.80527778,0165258890,USGS,IAN,2022,7380.0
2022-09-30 04:00:00,1.737,0.963,-0.7740000000000001,-77.0383333,38.80527778,0165258890,USGS,IAN,2022,7440.0
2022-09-30 05:00:00,1.397,0.298,-1.099,-77.0383333,38.80527778,0165258890,USGS,IAN,2022,7500.0
2022-09-30 06:00:00,0.837,-0.168,-1.005,-77.0383333,38.80527778,0165258890,USGS,IAN,2022,7560.0
2022-09-30 07:00:00,0.237,-0.381,-0.618,-77.0383333,38.80527778,0165258890,USGS,IAN,2022,7620.0
2022-09-30 08:00:00,-0.303,-0.506,-0.203,-77.0383333,38.80527778,0165258890,USGS,IAN,2022,7680.0
2022-09-30 09:00:00,-0.683,-0.526,0.157,-77.0383333,38.80527778,0165258890,USGS,IAN,2022,7740.0
2022-09-30 10:00:00,-0.803,-0.182,0.621,-77.0383333,38.80527778,0165258890,USGS,IAN,2022,7800.0
2022-09-30 11:00:00,-0.543,0.501,1.044,-77.0383333,38.80527778,0165258890,USGS,IAN,2022,7860.0
2022-09-30 12:00:00,0.097,1.019,0.922,-77.0383333,38.80527778,0165258890,USGS,IAN,2022,7920.0
2022-09-30 13:00:00,0.867,1.261,0.3939999999999999,-77.0383333,38.80527778,0165258890,USGS,IAN,2022,7980.0
2022-09-30 14:00:00,1.547,1.363,-0.1839999999999999,-77.0383333,38.80527778,0165258890,USGS,IAN,2022,8040.0
2022-09-30 15:00:00,1.967,1.324,-0.643,-77.0383333,38.80527778,0165258890,USGS,IAN,2022,8100.0
2022-09-30 16:00:00,2.107,0.983,-1.124,-77.0383333,38.80527778,0165258890,USGS,IAN,2022,8160.0
2022-09-30 17:00:00,1.937,0.393,-1.544,-77.0383333,38.80527778,0165258890,USGS,IAN,2022,8220.0
2022-09-30 18:00:00,1.527,-0.071,-1.598,-77.0383333,38.80527778,0165258890,USGS,IAN,2022,8280.0
2022-09-30 19:00:00,1.077,-0.322,-1.399,-77.0383333,38.80527778,0165258890,USGS,IAN,2022,8340.0
2022-09-30 20:00:00,0.597,-0.498,-1.095,-77.0383333,38.80527778,0165258890,USGS,IAN,2022,8400.0
2022-09-30 21:00:00,0.257,-0.561,-0.8180000000000001,-77.0383333,38.80527778,0165258890,USGS,IAN,2022,8460.0
2022-09-30 22:00:00,0.107,-0.227,-0.334,-77.0383333,38.80527778,0165258890,USGS,IAN,2022,8520.0
2022-09-30 23:00:00,0.227,0.51,0.283,-77.0383333,38.80527778,0165258890,USGS,IAN,2022,8580.0
2022-10-01 00:00:00,0.827,1.087,0.26,-77.0383333,38.80527778,0165258890,USGS,IAN,2022,8640.0
2022-10-01 01:00:00,1.687,1.39,-0.2970000000000001,-77.0383333,38.80527778,0165258890,USGS,IAN,2022,8700.0
2022-10-01 02:00:00,2.407,1.598,-0.8089999999999999,-77.0383333,38.80527778,0165258890,USGS,IAN,2022,8760.0
2022-10-01 03:00:00,2.857,1.791,-1.0660000000000005,-77.0383333,38.80527778,0165258890,USGS,IAN,2022,8820.0
2022-10-01 04:00:00,2.997,1.906,-1.091,-77.0383333,38.80527778,0165258890,USGS,IAN,2022,8880.0
2022-10-01 05:00:00,2.787,1.723,-1.0639999999999998,-77.0383333,38.80527778,0165258890,USGS,IAN,2022,8940.0
2022-10-01 06:00:00,2.367,1.147,-1.22,-77.0383333,38.80527778,0165258890,USGS,IAN,2022,9000.0
2022-10-01 07:00:00,1.877,0.631,-1.246,-77.0383333,38.80527778,0165258890,USGS,IAN,2022,9060.0
2022-10-01 08:00:00,1.407,0.384,-1.023,-77.0383333,38.80527778,0165258890,USGS,IAN,2022,9120.0
2022-10-01 09:00:00,1.107,0.256,-0.851,-77.0383333,38.80527778,0165258890,USGS,IAN,2022,9180.0
2022-10-01 10:00:00,0.957,0.182,-0.7749999999999999,-77.0383333,38.80527778,0165258890,USGS,IAN,2022,9240.0
2022-10-01 11:00:00,1.097,0.313,-0.784,-77.0383333,38.80527778,0165258890,USGS,IAN,2022,9300.0
2022-10-01 12:00:00,1.597,0.733,-0.864,-77.0383333,38.80527778,0165258890,USGS,IAN,2022,9360.0
2022-10-01 13:00:00,2.227,1.197,-1.0299999999999998,-77.0383333,38.80527778,0165258890,USGS,IAN,2022,9420.0
2022-10-01 14:00:00,2.777,1.463,-1.314,-77.0383333,38.80527778,0165258890,USGS,IAN,2022,9480.0
2022-10-01 15:00:00,3.117,1.501,-1.616,-77.0383333,38.80527778,0165258890,USGS,IAN,2022,9540.0
2022-10-01 16:00:00,3.267,1.244,-2.023,-77.0383333,38.80527778,0165258890,USGS,IAN,2022,9600.0
2022-10-01 17:00:00,3.177,0.646,-2.531,-77.0383333,38.80527778,0165258890,USGS,IAN,2022,9660.0
2022-10-01 18:00:00,2.787,0.142,-2.645,-77.0383333,38.80527778,0165258890,USGS,IAN,2022,9720.0
2022-10-01 19:00:00,2.197,-0.08,-2.277,-77.0383333,38.80527778,0165258890,USGS,IAN,2022,9780.0
2022-10-01 20:00:00,1.627,-0.191,-1.818,-77.0383333,38.80527778,0165258890,USGS,IAN,2022,9840.0
2022-10-01 21:00:00,1.237,-0.318,-1.5550000000000002,-77.0383333,38.80527778,0165258890,USGS,IAN,2022,9900.0
2022-10-01 22:00:00,0.887,-0.335,-1.222,-77.0383333,38.80527778,0165258890,USGS,IAN,2022,9960.0
2022-10-01 23:00:00,0.737,0.05,-0.6869999999999999,-77.0383333,38.80527778,0165258890,USGS,IAN,2022,10020.0
2022-09-25 01:00:00,0.129,-0.219,-0.348,-89.407111,28.932305,01670,USACE,IAN,2022,60.0
2022-09-25 02:00:00,0.189,-0.185,-0.374,-89.407111,28.932305,01670,USACE,IAN,2022,120.0
2022-09-25 03:00:00,0.389,-0.149,-0.538,-89.407111,28.932305,01670,USACE,IAN,2022,180.0
2022-09-25 04:00:00,0.289,-0.129,-0.418,-89.407111,28.932305,01670,USACE,IAN,2022,240.0
2022-09-25 05:00:00,0.379,-0.122,-0.501,-89.407111,28.932305,01670,USACE,IAN,2022,300.0
2022-09-25 06:00:00,0.369,-0.126,-0.495,-89.407111,28.932305,01670,USACE,IAN,2022,360.0
2022-09-25 07:00:00,0.419,-0.117,-0.536,-89.407111,28.932305,01670,USACE,IAN,2022,420.0
2022-09-25 08:00:00,0.409,-0.107,-0.516,-89.407111,28.932305,01670,USACE,IAN,2022,480.0
2022-09-25 09:00:00,0.449,-0.063,-0.512,-89.407111,28.932305,01670,USACE,IAN,2022,540.0
2022-09-25 10:00:00,0.519,-0.0,-0.519,-89.407111,28.932305,01670,USACE,IAN,2022,600.0
2022-09-25 11:00:00,0.579,0.079,-0.4999999999999999,-89.407111,28.932305,01670,USACE,IAN,2022,660.0
2022-09-25 12:00:00,0.659,0.142,-0.517,-89.407111,28.932305,01670,USACE,IAN,2022,720.0
2022-09-25 13:00:00,0.799,0.197,-0.6020000000000001,-89.407111,28.932305,01670,USACE,IAN,2022,780.0
2022-09-25 14:00:00,0.749,0.241,-0.508,-89.407111,28.932305,01670,USACE,IAN,2022,840.0
2022-09-25 15:00:00,0.749,0.273,-0.476,-89.407111,28.932305,01670,USACE,IAN,2022,900.0
2022-09-25 16:00:00,0.679,0.271,-0.408,-89.407111,28.932305,01670,USACE,IAN,2022,960.0
2022-09-25 17:00:00,0.599,0.23,-0.369,-89.407111,28.932305,01670,USACE,IAN,2022,1020.0
2022-09-25 18:00:00,0.579,0.165,-0.4139999999999999,-89.407111,28.932305,01670,USACE,IAN,2022,1080.0
2022-09-25 19:00:00,0.489,0.098,-0.391,-89.407111,28.932305,01670,USACE,IAN,2022,1140.0
2022-09-25 20:00:00,0.409,0.03,-0.379,-89.407111,28.932305,01670,USACE,IAN,2022,1200.0
2022-09-25 21:00:00,0.239,-0.017,-0.256,-89.407111,28.932305,01670,USACE,IAN,2022,1260.0
2022-09-25 22:00:00,0.239,-0.04,-0.2789999999999999,-89.407111,28.932305,01670,USACE,IAN,2022,1320.0
2022-09-25 23:00:00,0.329,-0.038,-0.367,-89.407111,28.932305,01670,USACE,IAN,2022,1380.0
2022-09-26 00:00:00,0.409,-0.032,-0.4409999999999999,-89.407111,28.932305,01670,USACE,IAN,2022,1440.0
2022-09-26 01:00:00,0.469,-0.028,-0.497,-89.407111,28.932305,01670,USACE,IAN,2022,1500.0
2022-09-26 02:00:00,0.569,-0.022,-0.591,-89.407111,28.932305,01670,USACE,IAN,2022,1560.0
2022-09-26 03:00:00,0.579,-0.014,-0.593,-89.407111,28.932305,01670,USACE,IAN,2022,1620.0
2022-09-26 04:00:00,0.619,-0.016,-0.635,-89.407111,28.932305,01670,USACE,IAN,2022,1680.0
2022-09-26 05:00:00,0.659,-0.046,-0.7050000000000001,-89.407111,28.932305,01670,USACE,IAN,2022,1740.0
2022-09-26 06:00:00,0.719,-0.099,-0.818,-89.407111,28.932305,01670,USACE,IAN,2022,1800.0
2022-09-26 07:00:00,0.739,-0.146,-0.885,-89.407111,28.932305,01670,USACE,IAN,2022,1860.0
2022-09-26 08:00:00,0.649,-0.186,-0.835,-89.407111,28.932305,01670,USACE,IAN,2022,1920.0
2022-09-26 09:00:00,0.579,-0.201,-0.78,-89.407111,28.932305,01670,USACE,IAN,2022,1980.0
2022-09-26 10:00:00,0.789,-0.184,-0.973,-89.407111,28.932305,01670,USACE,IAN,2022,2040.0
2022-09-26 11:00:00,0.659,-0.131,-0.79,-89.407111,28.932305,01670,USACE,IAN,2022,2100.0
2022-09-26 12:00:00,0.759,-0.068,-0.827,-89.407111,28.932305,01670,USACE,IAN,2022,2160.0
2022-09-26 13:00:00,0.809,-0.008,-0.8170000000000001,-89.407111,28.932305,01670,USACE,IAN,2022,2220.0
2022-09-26 14:00:00,0.839,0.05,-0.7889999999999999,-89.407111,28.932305,01670,USACE,IAN,2022,2280.0
2022-09-26 15:00:00,0.839,0.103,-0.736,-89.407111,28.932305,01670,USACE,IAN,2022,2340.0
2022-09-26 16:00:00,0.859,0.146,-0.713,-89.407111,28.932305,01670,USACE,IAN,2022,2400.0
2022-09-26 17:00:00,0.829,0.159,-0.6699999999999999,-89.407111,28.932305,01670,USACE,IAN,2022,2460.0
2022-09-26 18:00:00,0.789,0.146,-0.643,-89.407111,28.932305,01670,USACE,IAN,2022,2520.0
2022-09-26 19:00:00,0.689,0.123,-0.566,-89.407111,28.932305,01670,USACE,IAN,2022,2580.0
2022-09-26 20:00:00,0.599,0.101,-0.498,-89.407111,28.932305,01670,USACE,IAN,2022,2640.0
2022-09-26 21:00:00,0.579,0.092,-0.487,-89.407111,28.932305,01670,USACE,IAN,2022,2700.0
2022-09-26 22:00:00,0.459,0.103,-0.356,-89.407111,28.932305,01670,USACE,IAN,2022,2760.0
2022-09-26 23:00:00,0.549,0.136,-0.413,-89.407111,28.932305,01670,USACE,IAN,2022,2820.0
2022-09-27 00:00:00,0.709,0.172,-0.5369999999999999,-89.407111,28.932305,01670,USACE,IAN,2022,2880.0
2022-09-27 01:00:00,0.589,0.195,-0.3939999999999999,-89.407111,28.932305,01670,USACE,IAN,2022,2940.0
2022-09-27 02:00:00,0.689,0.201,-0.4879999999999999,-89.407111,28.932305,01670,USACE,IAN,2022,3000.0
2022-09-27 03:00:00,0.599,0.186,-0.413,-89.407111,28.932305,01670,USACE,IAN,2022,3060.0
2022-09-27 04:00:00,0.659,0.156,-0.503,-89.407111,28.932305,01670,USACE,IAN,2022,3120.0
2022-09-27 05:00:00,0.639,0.098,-0.541,-89.407111,28.932305,01670,USACE,IAN,2022,3180.0
2022-09-27 06:00:00,0.639,0.003,-0.636,-89.407111,28.932305,01670,USACE,IAN,2022,3240.0
2022-09-27 07:00:00,0.409,-0.108,-0.517,-89.407111,28.932305,01670,USACE,IAN,2022,3300.0
2022-09-27 08:00:00,0.349,-0.217,-0.566,-89.407111,28.932305,01670,USACE,IAN,2022,3360.0
2022-09-27 09:00:00,0.329,-0.303,-0.632,-89.407111,28.932305,01670,USACE,IAN,2022,3420.0
2022-09-27 10:00:00,0.229,-0.362,-0.591,-89.407111,28.932305,01670,USACE,IAN,2022,3480.0
2022-09-27 11:00:00,0.259,-0.378,-0.637,-89.407111,28.932305,01670,USACE,IAN,2022,3540.0
2022-09-27 12:00:00,0.269,-0.359,-0.628,-89.407111,28.932305,01670,USACE,IAN,2022,3600.0
2022-09-27 13:00:00,0.369,-0.316,-0.685,-89.407111,28.932305,01670,USACE,IAN,2022,3660.0
2022-09-27 14:00:00,0.409,-0.263,-0.6719999999999999,-89.407111,28.932305,01670,USACE,IAN,2022,3720.0
2022-09-27 15:00:00,0.479,-0.195,-0.6739999999999999,-89.407111,28.932305,01670,USACE,IAN,2022,3780.0
2022-09-27 16:00:00,0.519,-0.112,-0.631,-89.407111,28.932305,01670,USACE,IAN,2022,3840.0
2022-09-27 17:00:00,0.659,-0.027,-0.686,-89.407111,28.932305,01670,USACE,IAN,2022,3900.0
2022-09-27 18:00:00,0.639,0.038,-0.601,-89.407111,28.932305,01670,USACE,IAN,2022,3960.0
2022-09-27 19:00:00,0.739,0.087,-0.652,-89.407111,28.932305,01670,USACE,IAN,2022,4020.0
2022-09-27 20:00:00,0.799,0.138,-0.661,-89.407111,28.932305,01670,USACE,IAN,2022,4080.0
2022-09-27 21:00:00,0.889,0.194,-0.6950000000000001,-89.407111,28.932305,01670,USACE,IAN,2022,4140.0
2022-09-27 22:00:00,0.889,0.252,-0.637,-89.407111,28.932305,01670,USACE,IAN,2022,4200.0
2022-09-27 23:00:00,0.919,0.323,-0.5960000000000001,-89.407111,28.932305,01670,USACE,IAN,2022,4260.0
2022-09-28 00:00:00,1.039,0.396,-0.6429999999999999,-89.407111,28.932305,01670,USACE,IAN,2022,4320.0
2022-09-28 01:00:00,1.109,0.449,-0.6599999999999999,-89.407111,28.932305,01670,USACE,IAN,2022,4380.0
2022-09-28 02:00:00,1.139,0.466,-0.673,-89.407111,28.932305,01670,USACE,IAN,2022,4440.0
2022-09-28 03:00:00,1.249,0.449,-0.8,-89.407111,28.932305,01670,USACE,IAN,2022,4500.0
2022-09-28 04:00:00,1.199,0.4,-0.799,-89.407111,28.932305,01670,USACE,IAN,2022,4560.0
2022-09-28 05:00:00,1.109,0.323,-0.786,-89.407111,28.932305,01670,USACE,IAN,2022,4620.0
2022-09-28 06:00:00,1.029,0.199,-0.8299999999999998,-89.407111,28.932305,01670,USACE,IAN,2022,4680.0
2022-09-28 07:00:00,0.959,0.035,-0.924,-89.407111,28.932305,01670,USACE,IAN,2022,4740.0
2022-09-28 08:00:00,0.899,-0.139,-1.038,-89.407111,28.932305,01670,USACE,IAN,2022,4800.0
2022-09-28 09:00:00,0.729,-0.298,-1.027,-89.407111,28.932305,01670,USACE,IAN,2022,4860.0
2022-09-28 10:00:00,0.569,-0.438,-1.007,-89.407111,28.932305,01670,USACE,IAN,2022,4920.0
2022-09-28 11:00:00,0.519,-0.541,-1.06,-89.407111,28.932305,01670,USACE,IAN,2022,4980.0
2022-09-28 12:00:00,0.439,-0.588,-1.027,-89.407111,28.932305,01670,USACE,IAN,2022,5040.0
2022-09-28 13:00:00,0.399,-0.596,-0.995,-89.407111,28.932305,01670,USACE,IAN,2022,5100.0
2022-09-28 14:00:00,0.489,-0.574,-1.063,-89.407111,28.932305,01670,USACE,IAN,2022,5160.0
2022-09-28 15:00:00,0.509,-0.537,-1.046,-89.407111,28.932305,01670,USACE,IAN,2022,5220.0
2022-09-28 16:00:00,0.549,-0.467,-1.016,-89.407111,28.932305,01670,USACE,IAN,2022,5280.0
2022-09-28 17:00:00,0.729,-0.363,-1.092,-89.407111,28.932305,01670,USACE,IAN,2022,5340.0
2022-09-28 18:00:00,0.899,-0.257,-1.156,-89.407111,28.932305,01670,USACE,IAN,2022,5400.0
2022-09-28 19:00:00,0.859,-0.172,-1.031,-89.407111,28.932305,01670,USACE,IAN,2022,5460.0
2022-09-28 20:00:00,0.869,-0.073,-0.942,-89.407111,28.932305,01670,USACE,IAN,2022,5520.0
2022-09-28 21:00:00,1.029,0.049,-0.98,-89.407111,28.932305,01670,USACE,IAN,2022,5580.0
2022-09-28 22:00:00,1.209,0.185,-1.024,-89.407111,28.932305,01670,USACE,IAN,2022,5640.0
2022-09-28 23:00:00,1.269,0.325,-0.944,-89.407111,28.932305,01670,USACE,IAN,2022,5700.0
2022-09-29 00:00:00,1.369,0.457,-0.912,-89.407111,28.932305,01670,USACE,IAN,2022,5760.0
2022-09-29 01:00:00,1.449,0.579,-0.8700000000000001,-89.407111,28.932305,01670,USACE,IAN,2022,5820.0
2022-09-29 02:00:00,1.419,0.64,-0.779,-89.407111,28.932305,01670,USACE,IAN,2022,5880.0
2022-09-29 03:00:00,1.399,0.658,-0.741,-89.407111,28.932305,01670,USACE,IAN,2022,5940.0
2022-09-29 04:00:00,1.329,0.641,-0.688,-89.407111,28.932305,01670,USACE,IAN,2022,6000.0
2022-09-29 05:00:00,1.309,0.581,-0.728,-89.407111,28.932305,01670,USACE,IAN,2022,6060.0
2022-09-29 06:00:00,1.159,0.48,-0.679,-89.407111,28.932305,01670,USACE,IAN,2022,6120.0
2022-09-29 07:00:00,1.029,0.309,-0.72,-89.407111,28.932305,01670,USACE,IAN,2022,6180.0
2022-09-29 08:00:00,0.789,0.096,-0.6930000000000001,-89.407111,28.932305,01670,USACE,IAN,2022,6240.0
2022-09-29 09:00:00,0.709,-0.134,-0.843,-89.407111,28.932305,01670,USACE,IAN,2022,6300.0
2022-09-29 10:00:00,0.409,-0.336,-0.745,-89.407111,28.932305,01670,USACE,IAN,2022,6360.0
2022-09-29 11:00:00,0.209,-0.503,-0.712,-89.407111,28.932305,01670,USACE,IAN,2022,6420.0
2022-09-29 12:00:00,-0.231,-0.634,-0.403,-89.407111,28.932305,01670,USACE,IAN,2022,6480.0
2022-09-29 13:00:00,-0.031,-0.717,-0.6859999999999999,-89.407111,28.932305,01670,USACE,IAN,2022,6540.0
2022-09-29 14:00:00,-0.141,-0.764,-0.623,-89.407111,28.932305,01670,USACE,IAN,2022,6600.0
2022-09-29 15:00:00,-0.141,-0.776,-0.635,-89.407111,28.932305,01670,USACE,IAN,2022,6660.0
2022-09-29 16:00:00,-0.171,-0.753,-0.582,-89.407111,28.932305,01670,USACE,IAN,2022,6720.0
2022-09-29 17:00:00,-0.141,-0.687,-0.546,-89.407111,28.932305,01670,USACE,IAN,2022,6780.0
2022-09-29 18:00:00,-0.071,-0.573,-0.502,-89.407111,28.932305,01670,USACE,IAN,2022,6840.0
2022-09-29 19:00:00,-0.041,-0.445,-0.404,-89.407111,28.932305,01670,USACE,IAN,2022,6900.0
2022-09-29 20:00:00,0.039,-0.318,-0.357,-89.407111,28.932305,01670,USACE,IAN,2022,6960.0
2022-09-29 21:00:00,0.139,-0.186,-0.325,-89.407111,28.932305,01670,USACE,IAN,2022,7020.0
2022-09-29 22:00:00,0.229,-0.031,-0.26,-89.407111,28.932305,01670,USACE,IAN,2022,7080.0
2022-09-29 23:00:00,0.359,0.129,-0.2299999999999999,-89.407111,28.932305,01670,USACE,IAN,2022,7140.0
2022-09-30 00:00:00,0.519,0.285,-0.234,-89.407111,28.932305,01670,USACE,IAN,2022,7200.0
2022-09-30 01:00:00,0.639,0.437,-0.202,-89.407111,28.932305,01670,USACE,IAN,2022,7260.0
2022-09-30 02:00:00,0.759,0.565,-0.194,-89.407111,28.932305,01670,USACE,IAN,2022,7320.0
2022-09-30 03:00:00,0.819,0.643,-0.1759999999999999,-89.407111,28.932305,01670,USACE,IAN,2022,7380.0
2022-09-30 04:00:00,0.849,0.659,-0.1899999999999999,-89.407111,28.932305,01670,USACE,IAN,2022,7440.0
2022-09-30 05:00:00,0.819,0.62,-0.1989999999999999,-89.407111,28.932305,01670,USACE,IAN,2022,7500.0
2022-09-30 06:00:00,0.799,0.534,-0.265,-89.407111,28.932305,01670,USACE,IAN,2022,7560.0
2022-09-30 07:00:00,0.709,0.401,-0.3079999999999999,-89.407111,28.932305,01670,USACE,IAN,2022,7620.0
2022-09-30 08:00:00,0.499,0.216,-0.283,-89.407111,28.932305,01670,USACE,IAN,2022,7680.0
2022-09-30 09:00:00,0.219,-0.006,-0.225,-89.407111,28.932305,01670,USACE,IAN,2022,7740.0
2022-09-30 10:00:00,0.009,-0.233,-0.242,-89.407111,28.932305,01670,USACE,IAN,2022,7800.0
2022-09-30 11:00:00,-0.231,-0.446,-0.215,-89.407111,28.932305,01670,USACE,IAN,2022,7860.0
2022-09-30 12:00:00,-0.781,-0.635,0.146,-89.407111,28.932305,01670,USACE,IAN,2022,7920.0
2022-09-30 13:00:00,-0.611,-0.788,-0.177,-89.407111,28.932305,01670,USACE,IAN,2022,7980.0
2022-09-30 14:00:00,-0.711,-0.898,-0.187,-89.407111,28.932305,01670,USACE,IAN,2022,8040.0
2022-09-30 15:00:00,-0.791,-0.96,-0.1689999999999999,-89.407111,28.932305,01670,USACE,IAN,2022,8100.0
2022-09-30 16:00:00,-0.781,-0.983,-0.2019999999999999,-89.407111,28.932305,01670,USACE,IAN,2022,8160.0
2022-09-30 17:00:00,-0.781,-0.967,-0.1859999999999999,-89.407111,28.932305,01670,USACE,IAN,2022,8220.0
2022-09-30 18:00:00,-0.691,-0.889,-0.198,-89.407111,28.932305,01670,USACE,IAN,2022,8280.0
2022-09-30 19:00:00,-0.581,-0.757,-0.176,-89.407111,28.932305,01670,USACE,IAN,2022,8340.0
2022-09-30 20:00:00,-0.551,-0.593,-0.0419999999999999,-89.407111,28.932305,01670,USACE,IAN,2022,8400.0
2022-09-30 21:00:00,-0.301,-0.415,-0.1139999999999999,-89.407111,28.932305,01670,USACE,IAN,2022,8460.0
2022-09-30 22:00:00,-0.181,-0.217,-0.036,-89.407111,28.932305,01670,USACE,IAN,2022,8520.0
2022-09-30 23:00:00,0.089,-0.003,-0.092,-89.407111,28.932305,01670,USACE,IAN,2022,8580.0
2022-10-01 00:00:00,0.279,0.205,-0.074,-89.407111,28.932305,01670,USACE,IAN,2022,8640.0
2022-10-01 01:00:00,0.539,0.406,-0.133,-89.407111,28.932305,01670,USACE,IAN,2022,8700.0
2022-10-01 02:00:00,0.649,0.597,-0.052,-89.407111,28.932305,01670,USACE,IAN,2022,8760.0
2022-10-01 03:00:00,0.839,0.745,-0.0939999999999999,-89.407111,28.932305,01670,USACE,IAN,2022,8820.0
2022-10-01 04:00:00,0.919,0.828,-0.091,-89.407111,28.932305,01670,USACE,IAN,2022,8880.0
2022-10-01 05:00:00,1.129,0.834,-0.295,-89.407111,28.932305,01670,USACE,IAN,2022,8940.0
2022-10-01 06:00:00,0.979,0.774,-0.2049999999999999,-89.407111,28.932305,01670,USACE,IAN,2022,9000.0
2022-10-01 07:00:00,0.839,0.675,-0.1639999999999999,-89.407111,28.932305,01670,USACE,IAN,2022,9060.0
2022-10-01 08:00:00,0.759,0.534,-0.2249999999999999,-89.407111,28.932305,01670,USACE,IAN,2022,9120.0
2022-10-01 09:00:00,0.579,0.337,-0.2419999999999999,-89.407111,28.932305,01670,USACE,IAN,2022,9180.0
2022-10-01 10:00:00,0.349,0.103,-0.246,-89.407111,28.932305,01670,USACE,IAN,2022,9240.0
2022-10-01 11:00:00,0.179,-0.154,-0.3329999999999999,-89.407111,28.932305,01670,USACE,IAN,2022,9300.0
2022-10-01 12:00:00,-0.031,-0.408,-0.377,-89.407111,28.932305,01670,USACE,IAN,2022,9360.0
2022-10-01 13:00:00,-0.271,-0.64,-0.369,-89.407111,28.932305,01670,USACE,IAN,2022,9420.0
2022-10-01 14:00:00,-0.411,-0.843,-0.432,-89.407111,28.932305,01670,USACE,IAN,2022,9480.0
2022-10-01 15:00:00,-0.531,-0.99,-0.4589999999999999,-89.407111,28.932305,01670,USACE,IAN,2022,9540.0
2022-10-01 16:00:00,-0.591,-1.084,-0.4930000000000001,-89.407111,28.932305,01670,USACE,IAN,2022,9600.0
2022-10-01 17:00:00,-0.681,-1.129,-0.4479999999999999,-89.407111,28.932305,01670,USACE,IAN,2022,9660.0
2022-10-01 18:00:00,-0.651,-1.116,-0.4650000000000001,-89.407111,28.932305,01670,USACE,IAN,2022,9720.0
2022-10-01 19:00:00,-0.581,-1.025,-0.4439999999999999,-89.407111,28.932305,01670,USACE,IAN,2022,9780.0
2022-10-01 20:00:00,-0.461,-0.867,-0.4059999999999999,-89.407111,28.932305,01670,USACE,IAN,2022,9840.0
2022-10-01 21:00:00,-0.311,-0.681,-0.37,-89.407111,28.932305,01670,USACE,IAN,2022,9900.0
2022-10-01 22:00:00,-0.161,-0.471,-0.3099999999999999,-89.407111,28.932305,01670,USACE,IAN,2022,9960.0
2022-10-01 23:00:00,0.059,-0.226,-0.285,-89.407111,28.932305,01670,USACE,IAN,2022,10020.0
2022-09-25 01:00:00,1.914,1.001,-0.913,-76.4254444,37.3793611,01670060,USGS,IAN,2022,60.0
2022-09-25 02:00:00,1.524,0.873,-0.651,-76.4254444,37.3793611,01670060,USGS,IAN,2022,120.0
2022-09-25 03:00:00,1.074,0.649,-0.425,-76.4254444,37.3793611,01670060,USGS,IAN,2022,180.0
2022-09-25 04:00:00,0.614,0.188,-0.426,-76.4254444,37.3793611,01670060,USGS,IAN,2022,240.0
2022-09-25 05:00:00,0.104,-0.438,-0.542,-76.4254444,37.3793611,01670060,USGS,IAN,2022,300.0
2022-09-25 06:00:00,-0.326,-0.887,-0.5609999999999999,-76.4254444,37.3793611,01670060,USGS,IAN,2022,360.0
2022-09-25 07:00:00,-0.566,-0.923,-0.3570000000000001,-76.4254444,37.3793611,01670060,USGS,IAN,2022,420.0
2022-09-25 08:00:00,-0.586,-0.804,-0.218,-76.4254444,37.3793611,01670060,USGS,IAN,2022,480.0
2022-09-25 09:00:00,-0.336,-0.656,-0.32,-76.4254444,37.3793611,01670060,USGS,IAN,2022,540.0
2022-09-25 10:00:00,0.094,-0.252,-0.346,-76.4254444,37.3793611,01670060,USGS,IAN,2022,600.0
2022-09-25 11:00:00,0.634,0.47,-0.164,-76.4254444,37.3793611,01670060,USGS,IAN,2022,660.0
2022-09-25 12:00:00,1.114,1.042,-0.072,-76.4254444,37.3793611,01670060,USGS,IAN,2022,720.0
2022-09-25 13:00:00,1.294,1.068,-0.2259999999999999,-76.4254444,37.3793611,01670060,USGS,IAN,2022,780.0
2022-09-25 14:00:00,1.284,0.896,-0.388,-76.4254444,37.3793611,01670060,USGS,IAN,2022,840.0
2022-09-25 15:00:00,1.114,0.734,-0.3800000000000001,-76.4254444,37.3793611,01670060,USGS,IAN,2022,900.0
2022-09-25 16:00:00,0.704,0.363,-0.3409999999999999,-76.4254444,37.3793611,01670060,USGS,IAN,2022,960.0
2022-09-25 17:00:00,0.074,-0.245,-0.319,-76.4254444,37.3793611,01670060,USGS,IAN,2022,1020.0
2022-09-25 18:00:00,-0.556,-0.802,-0.246,-76.4254444,37.3793611,01670060,USGS,IAN,2022,1080.0
2022-09-25 19:00:00,-0.886,-0.94,-0.0539999999999999,-76.4254444,37.3793611,01670060,USGS,IAN,2022,1140.0
2022-09-25 20:00:00,-0.896,-0.833,0.063,-76.4254444,37.3793611,01670060,USGS,IAN,2022,1200.0
2022-09-25 21:00:00,-0.636,-0.727,-0.0909999999999999,-76.4254444,37.3793611,01670060,USGS,IAN,2022,1260.0
2022-09-25 22:00:00,-0.466,-0.411,0.055,-76.4254444,37.3793611,01670060,USGS,IAN,2022,1320.0
2022-09-25 23:00:00,-0.166,0.287,0.4529999999999999,-76.4254444,37.3793611,01670060,USGS,IAN,2022,1380.0
2022-09-26 00:00:00,0.934,0.976,0.0419999999999999,-76.4254444,37.3793611,01670060,USGS,IAN,2022,1440.0
2022-09-26 01:00:00,1.494,1.155,-0.3389999999999999,-76.4254444,37.3793611,01670060,USGS,IAN,2022,1500.0
2022-09-26 02:00:00,1.084,0.993,-0.091,-76.4254444,37.3793611,01670060,USGS,IAN,2022,1560.0
2022-09-26 03:00:00,0.654,0.837,0.1829999999999999,-76.4254444,37.3793611,01670060,USGS,IAN,2022,1620.0
2022-09-26 04:00:00,0.194,0.516,0.322,-76.4254444,37.3793611,01670060,USGS,IAN,2022,1680.0
2022-09-26 05:00:00,-0.416,-0.055,0.361,-76.4254444,37.3793611,01670060,USGS,IAN,2022,1740.0
2022-09-26 06:00:00,-0.806,-0.693,0.1130000000000001,-76.4254444,37.3793611,01670060,USGS,IAN,2022,1800.0
2022-09-26 07:00:00,-1.186,-0.983,0.2029999999999999,-76.4254444,37.3793611,01670060,USGS,IAN,2022,1860.0
2022-09-26 08:00:00,-1.406,-0.914,0.4919999999999999,-76.4254444,37.3793611,01670060,USGS,IAN,2022,1920.0
2022-09-26 09:00:00,-1.226,-0.808,0.4179999999999999,-76.4254444,37.3793611,01670060,USGS,IAN,2022,1980.0
2022-09-26 10:00:00,-0.786,-0.572,0.214,-76.4254444,37.3793611,01670060,USGS,IAN,2022,2040.0
2022-09-26 11:00:00,-0.156,0.056,0.212,-76.4254444,37.3793611,01670060,USGS,IAN,2022,2100.0
2022-09-26 12:00:00,0.574,0.87,0.296,-76.4254444,37.3793611,01670060,USGS,IAN,2022,2160.0
2022-09-26 13:00:00,1.074,1.228,0.1539999999999999,-76.4254444,37.3793611,01670060,USGS,IAN,2022,2220.0
2022-09-26 14:00:00,1.354,1.107,-0.2470000000000001,-76.4254444,37.3793611,01670060,USGS,IAN,2022,2280.0
2022-09-26 15:00:00,1.224,0.979,-0.245,-76.4254444,37.3793611,01670060,USGS,IAN,2022,2340.0
2022-09-26 17:00:00,0.354,0.247,-0.1069999999999999,-76.4254444,37.3793611,01670060,USGS,IAN,2022,2460.0
2022-09-26 18:00:00,-0.306,-0.449,-0.143,-76.4254444,37.3793611,01670060,USGS,IAN,2022,2520.0
2022-09-26 19:00:00,-0.766,-0.93,-0.164,-76.4254444,37.3793611,01670060,USGS,IAN,2022,2580.0
2022-09-26 20:00:00,-0.976,-0.959,0.017,-76.4254444,37.3793611,01670060,USGS,IAN,2022,2640.0
2022-09-26 21:00:00,-0.776,-0.848,-0.0719999999999999,-76.4254444,37.3793611,01670060,USGS,IAN,2022,2700.0
2022-09-26 22:00:00,-0.236,-0.714,-0.478,-76.4254444,37.3793611,01670060,USGS,IAN,2022,2760.0
2022-09-26 23:00:00,0.464,-0.263,-0.7270000000000001,-76.4254444,37.3793611,01670060,USGS,IAN,2022,2820.0
2022-09-27 00:00:00,1.244,0.534,-0.71,-76.4254444,37.3793611,01670060,USGS,IAN,2022,2880.0
2022-09-27 02:00:00,1.574,1.134,-0.4400000000000001,-76.4254444,37.3793611,01670060,USGS,IAN,2022,3000.0
2022-09-27 03:00:00,1.344,0.951,-0.3930000000000001,-76.4254444,37.3793611,01670060,USGS,IAN,2022,3060.0
2022-09-27 04:00:00,1.034,0.755,-0.279,-76.4254444,37.3793611,01670060,USGS,IAN,2022,3120.0
2022-09-27 05:00:00,0.554,0.324,-0.23,-76.4254444,37.3793611,01670060,USGS,IAN,2022,3180.0
2022-09-27 06:00:00,0.014,-0.343,-0.357,-76.4254444,37.3793611,01670060,USGS,IAN,2022,3240.0
2022-09-27 07:00:00,-0.416,-0.898,-0.482,-76.4254444,37.3793611,01670060,USGS,IAN,2022,3300.0
2022-09-27 08:00:00,-0.636,-1.009,-0.3729999999999999,-76.4254444,37.3793611,01670060,USGS,IAN,2022,3360.0
2022-09-27 09:00:00,-0.676,-0.903,-0.2269999999999999,-76.4254444,37.3793611,01670060,USGS,IAN,2022,3420.0
2022-09-27 10:00:00,-0.446,-0.788,-0.342,-76.4254444,37.3793611,01670060,USGS,IAN,2022,3480.0
2022-09-27 11:00:00,0.084,-0.39,-0.474,-76.4254444,37.3793611,01670060,USGS,IAN,2022,3540.0
2022-09-27 12:00:00,0.644,0.44,-0.204,-76.4254444,37.3793611,01670060,USGS,IAN,2022,3600.0
2022-09-27 13:00:00,1.204,1.166,-0.038,-76.4254444,37.3793611,01670060,USGS,IAN,2022,3660.0
2022-09-27 15:00:00,1.954,1.158,-0.796,-76.4254444,37.3793611,01670060,USGS,IAN,2022,3780.0
2022-09-27 16:00:00,1.574,1.045,-0.5290000000000001,-76.4254444,37.3793611,01670060,USGS,IAN,2022,3840.0
2022-09-27 17:00:00,0.964,0.705,-0.259,-76.4254444,37.3793611,01670060,USGS,IAN,2022,3900.0
2022-09-27 18:00:00,0.324,0.083,-0.241,-76.4254444,37.3793611,01670060,USGS,IAN,2022,3960.0
2022-09-27 19:00:00,-0.226,-0.637,-0.411,-76.4254444,37.3793611,01670060,USGS,IAN,2022,4020.0
2022-09-27 20:00:00,-0.576,-0.994,-0.418,-76.4254444,37.3793611,01670060,USGS,IAN,2022,4080.0
2022-09-27 21:00:00,-0.626,-0.94,-0.3139999999999999,-76.4254444,37.3793611,01670060,USGS,IAN,2022,4140.0
2022-09-27 22:00:00,-0.466,-0.837,-0.3709999999999999,-76.4254444,37.3793611,01670060,USGS,IAN,2022,4200.0
2022-09-27 23:00:00,-0.116,-0.651,-0.535,-76.4254444,37.3793611,01670060,USGS,IAN,2022,4260.0
2022-09-28 00:00:00,0.534,-0.078,-0.612,-76.4254444,37.3793611,01670060,USGS,IAN,2022,4320.0
2022-09-28 01:00:00,1.354,0.738,-0.6160000000000001,-76.4254444,37.3793611,01670060,USGS,IAN,2022,4380.0
2022-09-28 02:00:00,1.744,1.18,-0.5640000000000001,-76.4254444,37.3793611,01670060,USGS,IAN,2022,4440.0
2022-09-28 04:00:00,1.324,0.868,-0.456,-76.4254444,37.3793611,01670060,USGS,IAN,2022,4560.0
2022-09-28 05:00:00,0.824,0.605,-0.2189999999999999,-76.4254444,37.3793611,01670060,USGS,IAN,2022,4620.0
2022-09-28 06:00:00,0.664,0.09,-0.5740000000000001,-76.4254444,37.3793611,01670060,USGS,IAN,2022,4680.0
2022-09-28 07:00:00,0.364,-0.597,-0.961,-76.4254444,37.3793611,01670060,USGS,IAN,2022,4740.0
2022-09-28 08:00:00,-0.256,-0.997,-0.741,-76.4254444,37.3793611,01670060,USGS,IAN,2022,4800.0
2022-09-28 09:00:00,-0.636,-0.971,-0.3349999999999999,-76.4254444,37.3793611,01670060,USGS,IAN,2022,4860.0
2022-09-28 10:00:00,-0.656,-0.887,-0.2309999999999999,-76.4254444,37.3793611,01670060,USGS,IAN,2022,4920.0
2022-09-28 11:00:00,-0.306,-0.728,-0.422,-76.4254444,37.3793611,01670060,USGS,IAN,2022,4980.0
2022-09-28 12:00:00,0.204,-0.146,-0.35,-76.4254444,37.3793611,01670060,USGS,IAN,2022,5040.0
2022-09-28 13:00:00,0.764,0.769,0.005,-76.4254444,37.3793611,01670060,USGS,IAN,2022,5100.0
2022-09-28 14:00:00,1.504,1.33,-0.1739999999999999,-76.4254444,37.3793611,01670060,USGS,IAN,2022,5160.0
2022-09-28 15:00:00,1.914,1.305,-0.609,-76.4254444,37.3793611,01670060,USGS,IAN,2022,5220.0
2022-09-28 16:00:00,1.714,1.204,-0.51,-76.4254444,37.3793611,01670060,USGS,IAN,2022,5280.0
2022-09-28 17:00:00,1.204,1.05,-0.1539999999999999,-76.4254444,37.3793611,01670060,USGS,IAN,2022,5340.0
2022-09-28 18:00:00,0.704,0.607,-0.0969999999999999,-76.4254444,37.3793611,01670060,USGS,IAN,2022,5400.0
2022-09-28 19:00:00,0.124,-0.078,-0.202,-76.4254444,37.3793611,01670060,USGS,IAN,2022,5460.0
2022-09-28 20:00:00,-0.526,-0.756,-0.2299999999999999,-76.4254444,37.3793611,01670060,USGS,IAN,2022,5520.0
2022-09-28 21:00:00,-0.926,-1.005,-0.0789999999999998,-76.4254444,37.3793611,01670060,USGS,IAN,2022,5580.0
2022-09-28 22:00:00,-0.926,-0.904,0.022,-76.4254444,37.3793611,01670060,USGS,IAN,2022,5640.0
2022-09-28 23:00:00,-0.556,-0.801,-0.245,-76.4254444,37.3793611,01670060,USGS,IAN,2022,5700.0
2022-09-29 00:00:00,-0.076,-0.555,-0.479,-76.4254444,37.3793611,01670060,USGS,IAN,2022,5760.0
2022-09-29 01:00:00,0.394,0.09,-0.304,-76.4254444,37.3793611,01670060,USGS,IAN,2022,5820.0
2022-09-29 02:00:00,0.934,0.872,-0.062,-76.4254444,37.3793611,01670060,USGS,IAN,2022,5880.0
2022-09-29 03:00:00,1.344,1.17,-0.1740000000000001,-76.4254444,37.3793611,01670060,USGS,IAN,2022,5940.0
2022-09-29 04:00:00,1.334,0.991,-0.3430000000000001,-76.4254444,37.3793611,01670060,USGS,IAN,2022,6000.0
2022-09-29 06:00:00,0.664,0.492,-0.172,-76.4254444,37.3793611,01670060,USGS,IAN,2022,6120.0
2022-09-29 07:00:00,0.154,-0.048,-0.202,-76.4254444,37.3793611,01670060,USGS,IAN,2022,6180.0
2022-09-29 08:00:00,-0.346,-0.674,-0.328,-76.4254444,37.3793611,01670060,USGS,IAN,2022,6240.0
2022-09-29 09:00:00,-0.596,-0.917,-0.321,-76.4254444,37.3793611,01670060,USGS,IAN,2022,6300.0
2022-09-29 10:00:00,-0.546,-0.817,-0.2709999999999999,-76.4254444,37.3793611,01670060,USGS,IAN,2022,6360.0
2022-09-29 11:00:00,-0.266,-0.719,-0.4529999999999999,-76.4254444,37.3793611,01670060,USGS,IAN,2022,6420.0
2022-09-29 12:00:00,0.124,-0.452,-0.5760000000000001,-76.4254444,37.3793611,01670060,USGS,IAN,2022,6480.0
2022-09-29 13:00:00,0.574,0.264,-0.3099999999999999,-76.4254444,37.3793611,01670060,USGS,IAN,2022,6540.0
2022-09-29 14:00:00,1.264,1.113,-0.151,-76.4254444,37.3793611,01670060,USGS,IAN,2022,6600.0
2022-09-29 15:00:00,1.964,1.448,-0.516,-76.4254444,37.3793611,01670060,USGS,IAN,2022,6660.0
2022-09-29 16:00:00,2.244,1.407,-0.8370000000000002,-76.4254444,37.3793611,01670060,USGS,IAN,2022,6720.0
2022-09-29 17:00:00,1.984,1.378,-0.6060000000000001,-76.4254444,37.3793611,01670060,USGS,IAN,2022,6780.0
2022-09-29 19:00:00,0.864,0.706,-0.158,-76.4254444,37.3793611,01670060,USGS,IAN,2022,6900.0
2022-09-29 20:00:00,0.414,0.04,-0.374,-76.4254444,37.3793611,01670060,USGS,IAN,2022,6960.0
2022-09-29 21:00:00,-0.056,-0.604,-0.5479999999999999,-76.4254444,37.3793611,01670060,USGS,IAN,2022,7020.0
2022-09-29 22:00:00,-0.366,-0.792,-0.426,-76.4254444,37.3793611,01670060,USGS,IAN,2022,7080.0
2022-09-29 23:00:00,-0.266,-0.621,-0.355,-76.4254444,37.3793611,01670060,USGS,IAN,2022,7140.0
2022-09-30 00:00:00,0.184,-0.433,-0.617,-76.4254444,37.3793611,01670060,USGS,IAN,2022,7200.0
2022-09-30 01:00:00,0.644,-0.06,-0.704,-76.4254444,37.3793611,01670060,USGS,IAN,2022,7260.0
2022-09-30 02:00:00,1.174,0.696,-0.478,-76.4254444,37.3793611,01670060,USGS,IAN,2022,7320.0
2022-09-30 03:00:00,1.634,1.436,-0.1979999999999999,-76.4254444,37.3793611,01670060,USGS,IAN,2022,7380.0
2022-09-30 04:00:00,1.844,1.548,-0.296,-76.4254444,37.3793611,01670060,USGS,IAN,2022,7440.0
2022-09-30 05:00:00,1.974,1.384,-0.5900000000000001,-76.4254444,37.3793611,01670060,USGS,IAN,2022,7500.0
2022-09-30 06:00:00,1.864,1.238,-0.6260000000000001,-76.4254444,37.3793611,01670060,USGS,IAN,2022,7560.0
2022-09-30 07:00:00,1.464,0.935,-0.5289999999999999,-76.4254444,37.3793611,01670060,USGS,IAN,2022,7620.0
2022-09-30 08:00:00,0.984,0.386,-0.598,-76.4254444,37.3793611,01670060,USGS,IAN,2022,7680.0
2022-09-30 09:00:00,0.544,-0.241,-0.785,-76.4254444,37.3793611,01670060,USGS,IAN,2022,7740.0
2022-09-30 10:00:00,0.434,-0.58,-1.014,-76.4254444,37.3793611,01670060,USGS,IAN,2022,7800.0
2022-09-30 11:00:00,0.524,-0.573,-1.097,-76.4254444,37.3793611,01670060,USGS,IAN,2022,7860.0
2022-09-30 12:00:00,0.734,-0.49,-1.224,-76.4254444,37.3793611,01670060,USGS,IAN,2022,7920.0
2022-09-30 13:00:00,1.234,-0.19,-1.424,-76.4254444,37.3793611,01670060,USGS,IAN,2022,7980.0
2022-09-30 14:00:00,1.884,0.617,-1.267,-76.4254444,37.3793611,01670060,USGS,IAN,2022,8040.0
2022-09-30 15:00:00,2.474,1.462,-1.0120000000000002,-76.4254444,37.3793611,01670060,USGS,IAN,2022,8100.0
2022-09-30 16:00:00,3.124,1.719,-1.405,-76.4254444,37.3793611,01670060,USGS,IAN,2022,8160.0
2022-09-30 17:00:00,3.354,1.637,-1.717,-76.4254444,37.3793611,01670060,USGS,IAN,2022,8220.0
2022-09-30 18:00:00,3.194,1.581,-1.613,-76.4254444,37.3793611,01670060,USGS,IAN,2022,8280.0
2022-09-30 19:00:00,2.984,1.392,-1.592,-76.4254444,37.3793611,01670060,USGS,IAN,2022,8340.0
2022-09-30 20:00:00,2.644,1.007,-1.6370000000000002,-76.4254444,37.3793611,01670060,USGS,IAN,2022,8400.0
2022-09-30 21:00:00,2.274,0.439,-1.835,-76.4254444,37.3793611,01670060,USGS,IAN,2022,8460.0
2022-09-30 22:00:00,2.044,-0.169,-2.213,-76.4254444,37.3793611,01670060,USGS,IAN,2022,8520.0
2022-09-30 23:00:00,1.934,-0.326,-2.26,-76.4254444,37.3793611,01670060,USGS,IAN,2022,8580.0
2022-10-01 00:00:00,2.194,-0.132,-2.326,-76.4254444,37.3793611,01670060,USGS,IAN,2022,8640.0
2022-10-01 01:00:00,2.724,0.085,-2.639,-76.4254444,37.3793611,01670060,USGS,IAN,2022,8700.0
2022-10-01 02:00:00,3.134,0.487,-2.647,-76.4254444,37.3793611,01670060,USGS,IAN,2022,8760.0
2022-10-01 03:00:00,3.564,1.14,-2.4240000000000004,-76.4254444,37.3793611,01670060,USGS,IAN,2022,8820.0
2022-10-01 04:00:00,3.604,1.604,-2.0,-76.4254444,37.3793611,01670060,USGS,IAN,2022,8880.0
2022-10-01 05:00:00,3.344,1.487,-1.857,-76.4254444,37.3793611,01670060,USGS,IAN,2022,8940.0
2022-10-01 06:00:00,3.154,1.242,-1.912,-76.4254444,37.3793611,01670060,USGS,IAN,2022,9000.0
2022-10-01 07:00:00,2.604,0.984,-1.62,-76.4254444,37.3793611,01670060,USGS,IAN,2022,9060.0
2022-10-01 08:00:00,1.974,0.508,-1.466,-76.4254444,37.3793611,01670060,USGS,IAN,2022,9120.0
2022-10-01 09:00:00,1.464,-0.18,-1.644,-76.4254444,37.3793611,01670060,USGS,IAN,2022,9180.0
2022-10-01 10:00:00,1.124,-0.66,-1.7840000000000005,-76.4254444,37.3793611,01670060,USGS,IAN,2022,9240.0
2022-10-01 11:00:00,0.994,-0.659,-1.653,-76.4254444,37.3793611,01670060,USGS,IAN,2022,9300.0
2022-10-01 12:00:00,0.994,-0.498,-1.492,-76.4254444,37.3793611,01670060,USGS,IAN,2022,9360.0
2022-10-01 13:00:00,1.214,-0.357,-1.571,-76.4254444,37.3793611,01670060,USGS,IAN,2022,9420.0
2022-10-01 14:00:00,1.654,-0.063,-1.717,-76.4254444,37.3793611,01670060,USGS,IAN,2022,9480.0
2022-10-01 15:00:00,2.154,0.691,-1.463,-76.4254444,37.3793611,01670060,USGS,IAN,2022,9540.0
2022-10-01 16:00:00,2.734,1.574,-1.16,-76.4254444,37.3793611,01670060,USGS,IAN,2022,9600.0
2022-10-01 17:00:00,3.144,1.851,-1.293,-76.4254444,37.3793611,01670060,USGS,IAN,2022,9660.0
2022-10-01 18:00:00,3.184,1.552,-1.632,-76.4254444,37.3793611,01670060,USGS,IAN,2022,9720.0
2022-10-01 19:00:00,2.854,1.292,-1.562,-76.4254444,37.3793611,01670060,USGS,IAN,2022,9780.0
2022-10-01 20:00:00,2.264,1.005,-1.259,-76.4254444,37.3793611,01670060,USGS,IAN,2022,9840.0
2022-10-01 21:00:00,1.764,0.466,-1.298,-76.4254444,37.3793611,01670060,USGS,IAN,2022,9900.0
2022-10-01 22:00:00,1.244,-0.191,-1.435,-76.4254444,37.3793611,01670060,USGS,IAN,2022,9960.0
2022-10-01 23:00:00,0.714,-0.518,-1.232,-76.4254444,37.3793611,01670060,USGS,IAN,2022,10020.0
2022-09-25 01:00:00,0.227,-0.208,-0.435,-89.1658333,29.0147222,01850,USACE,IAN,2022,60.0
2022-09-25 02:00:00,0.317,-0.175,-0.492,-89.1658333,29.0147222,01850,USACE,IAN,2022,120.0
2022-09-25 03:00:00,0.407,-0.143,-0.5499999999999999,-89.1658333,29.0147222,01850,USACE,IAN,2022,180.0
2022-09-25 04:00:00,0.447,-0.128,-0.575,-89.1658333,29.0147222,01850,USACE,IAN,2022,240.0
2022-09-25 05:00:00,0.487,-0.126,-0.613,-89.1658333,29.0147222,01850,USACE,IAN,2022,300.0
2022-09-25 06:00:00,0.497,-0.138,-0.635,-89.1658333,29.0147222,01850,USACE,IAN,2022,360.0
2022-09-25 07:00:00,0.537,-0.132,-0.669,-89.1658333,29.0147222,01850,USACE,IAN,2022,420.0
2022-09-25 08:00:00,0.577,-0.122,-0.699,-89.1658333,29.0147222,01850,USACE,IAN,2022,480.0
2022-09-25 09:00:00,0.597,-0.068,-0.665,-89.1658333,29.0147222,01850,USACE,IAN,2022,540.0
2022-09-25 10:00:00,0.627,0.0,-0.627,-89.1658333,29.0147222,01850,USACE,IAN,2022,600.0
2022-09-25 11:00:00,0.707,0.08,-0.627,-89.1658333,29.0147222,01850,USACE,IAN,2022,660.0
2022-09-25 12:00:00,0.777,0.146,-0.631,-89.1658333,29.0147222,01850,USACE,IAN,2022,720.0
2022-09-25 13:00:00,0.767,0.206,-0.561,-89.1658333,29.0147222,01850,USACE,IAN,2022,780.0
2022-09-25 14:00:00,0.757,0.252,-0.505,-89.1658333,29.0147222,01850,USACE,IAN,2022,840.0
2022-09-25 15:00:00,0.747,0.281,-0.4659999999999999,-89.1658333,29.0147222,01850,USACE,IAN,2022,900.0
2022-09-25 16:00:00,0.657,0.273,-0.384,-89.1658333,29.0147222,01850,USACE,IAN,2022,960.0
2022-09-25 17:00:00,0.597,0.23,-0.367,-89.1658333,29.0147222,01850,USACE,IAN,2022,1020.0
2022-09-25 18:00:00,0.567,0.159,-0.4079999999999999,-89.1658333,29.0147222,01850,USACE,IAN,2022,1080.0
2022-09-25 19:00:00,0.457,0.09,-0.367,-89.1658333,29.0147222,01850,USACE,IAN,2022,1140.0
2022-09-25 20:00:00,0.347,0.019,-0.3279999999999999,-89.1658333,29.0147222,01850,USACE,IAN,2022,1200.0
2022-09-25 21:00:00,0.307,-0.024,-0.331,-89.1658333,29.0147222,01850,USACE,IAN,2022,1260.0
2022-09-25 22:00:00,0.297,-0.04,-0.3369999999999999,-89.1658333,29.0147222,01850,USACE,IAN,2022,1320.0
2022-09-25 23:00:00,0.347,-0.037,-0.3839999999999999,-89.1658333,29.0147222,01850,USACE,IAN,2022,1380.0
2022-09-26 00:00:00,0.407,-0.027,-0.434,-89.1658333,29.0147222,01850,USACE,IAN,2022,1440.0
2022-09-26 01:00:00,0.497,-0.017,-0.514,-89.1658333,29.0147222,01850,USACE,IAN,2022,1500.0
2022-09-26 02:00:00,0.577,-0.009,-0.586,-89.1658333,29.0147222,01850,USACE,IAN,2022,1560.0
2022-09-26 03:00:00,0.627,-0.003,-0.63,-89.1658333,29.0147222,01850,USACE,IAN,2022,1620.0
2022-09-26 04:00:00,0.657,-0.012,-0.669,-89.1658333,29.0147222,01850,USACE,IAN,2022,1680.0
2022-09-26 05:00:00,0.657,-0.048,-0.7050000000000001,-89.1658333,29.0147222,01850,USACE,IAN,2022,1740.0
2022-09-26 06:00:00,0.677,-0.105,-0.782,-89.1658333,29.0147222,01850,USACE,IAN,2022,1800.0
2022-09-26 07:00:00,0.657,-0.155,-0.812,-89.1658333,29.0147222,01850,USACE,IAN,2022,1860.0
2022-09-26 08:00:00,0.627,-0.199,-0.8260000000000001,-89.1658333,29.0147222,01850,USACE,IAN,2022,1920.0
2022-09-26 09:00:00,0.587,-0.212,-0.7989999999999999,-89.1658333,29.0147222,01850,USACE,IAN,2022,1980.0
2022-09-26 10:00:00,0.617,-0.188,-0.8049999999999999,-89.1658333,29.0147222,01850,USACE,IAN,2022,2040.0
2022-09-26 11:00:00,0.677,-0.13,-0.807,-89.1658333,29.0147222,01850,USACE,IAN,2022,2100.0
2022-09-26 12:00:00,0.717,-0.065,-0.782,-89.1658333,29.0147222,01850,USACE,IAN,2022,2160.0
2022-09-26 13:00:00,0.727,-0.0,-0.727,-89.1658333,29.0147222,01850,USACE,IAN,2022,2220.0
2022-09-26 14:00:00,0.787,0.061,-0.726,-89.1658333,29.0147222,01850,USACE,IAN,2022,2280.0
2022-09-26 15:00:00,0.807,0.112,-0.6950000000000001,-89.1658333,29.0147222,01850,USACE,IAN,2022,2340.0
2022-09-26 16:00:00,0.807,0.151,-0.656,-89.1658333,29.0147222,01850,USACE,IAN,2022,2400.0
2022-09-26 17:00:00,0.827,0.158,-0.6689999999999999,-89.1658333,29.0147222,01850,USACE,IAN,2022,2460.0
2022-09-26 18:00:00,0.807,0.141,-0.666,-89.1658333,29.0147222,01850,USACE,IAN,2022,2520.0
2022-09-26 19:00:00,0.757,0.115,-0.642,-89.1658333,29.0147222,01850,USACE,IAN,2022,2580.0
2022-09-26 20:00:00,0.667,0.089,-0.5780000000000001,-89.1658333,29.0147222,01850,USACE,IAN,2022,2640.0
2022-09-26 21:00:00,0.597,0.082,-0.515,-89.1658333,29.0147222,01850,USACE,IAN,2022,2700.0
2022-09-26 22:00:00,0.647,0.098,-0.549,-89.1658333,29.0147222,01850,USACE,IAN,2022,2760.0
2022-09-26 23:00:00,0.687,0.136,-0.551,-89.1658333,29.0147222,01850,USACE,IAN,2022,2820.0
2022-09-27 00:00:00,0.747,0.174,-0.573,-89.1658333,29.0147222,01850,USACE,IAN,2022,2880.0
2022-09-27 01:00:00,0.767,0.202,-0.565,-89.1658333,29.0147222,01850,USACE,IAN,2022,2940.0
2022-09-27 02:00:00,0.657,0.211,-0.446,-89.1658333,29.0147222,01850,USACE,IAN,2022,3000.0
2022-09-27 03:00:00,0.757,0.197,-0.56,-89.1658333,29.0147222,01850,USACE,IAN,2022,3060.0
2022-09-27 04:00:00,0.707,0.164,-0.5429999999999999,-89.1658333,29.0147222,01850,USACE,IAN,2022,3120.0
2022-09-27 05:00:00,0.747,0.1,-0.647,-89.1658333,29.0147222,01850,USACE,IAN,2022,3180.0
2022-09-27 06:00:00,0.617,0.0,-0.617,-89.1658333,29.0147222,01850,USACE,IAN,2022,3240.0
2022-09-27 07:00:00,0.547,-0.113,-0.66,-89.1658333,29.0147222,01850,USACE,IAN,2022,3300.0
2022-09-27 08:00:00,0.477,-0.226,-0.703,-89.1658333,29.0147222,01850,USACE,IAN,2022,3360.0
2022-09-27 09:00:00,0.427,-0.314,-0.741,-89.1658333,29.0147222,01850,USACE,IAN,2022,3420.0
2022-09-27 10:00:00,0.377,-0.368,-0.745,-89.1658333,29.0147222,01850,USACE,IAN,2022,3480.0
2022-09-27 11:00:00,0.367,-0.375,-0.742,-89.1658333,29.0147222,01850,USACE,IAN,2022,3540.0
2022-09-27 12:00:00,0.397,-0.357,-0.754,-89.1658333,29.0147222,01850,USACE,IAN,2022,3600.0
2022-09-27 13:00:00,0.447,-0.31,-0.757,-89.1658333,29.0147222,01850,USACE,IAN,2022,3660.0
2022-09-27 14:00:00,0.487,-0.253,-0.74,-89.1658333,29.0147222,01850,USACE,IAN,2022,3720.0
2022-09-27 15:00:00,0.607,-0.184,-0.7909999999999999,-89.1658333,29.0147222,01850,USACE,IAN,2022,3780.0
2022-09-27 16:00:00,0.607,-0.103,-0.71,-89.1658333,29.0147222,01850,USACE,IAN,2022,3840.0
2022-09-27 17:00:00,0.717,-0.024,-0.741,-89.1658333,29.0147222,01850,USACE,IAN,2022,3900.0
2022-09-27 18:00:00,0.707,0.034,-0.6729999999999999,-89.1658333,29.0147222,01850,USACE,IAN,2022,3960.0
2022-09-27 19:00:00,0.737,0.082,-0.655,-89.1658333,29.0147222,01850,USACE,IAN,2022,4020.0
2022-09-27 20:00:00,0.757,0.128,-0.629,-89.1658333,29.0147222,01850,USACE,IAN,2022,4080.0
2022-09-27 21:00:00,0.747,0.181,-0.5660000000000001,-89.1658333,29.0147222,01850,USACE,IAN,2022,4140.0
2022-09-27 22:00:00,0.867,0.241,-0.626,-89.1658333,29.0147222,01850,USACE,IAN,2022,4200.0
2022-09-27 23:00:00,0.867,0.32,-0.5469999999999999,-89.1658333,29.0147222,01850,USACE,IAN,2022,4260.0
2022-09-28 00:00:00,0.967,0.398,-0.569,-89.1658333,29.0147222,01850,USACE,IAN,2022,4320.0
2022-09-28 01:00:00,1.127,0.453,-0.6739999999999999,-89.1658333,29.0147222,01850,USACE,IAN,2022,4380.0
2022-09-28 02:00:00,1.107,0.476,-0.631,-89.1658333,29.0147222,01850,USACE,IAN,2022,4440.0
2022-09-28 03:00:00,1.177,0.464,-0.7130000000000001,-89.1658333,29.0147222,01850,USACE,IAN,2022,4500.0
2022-09-28 04:00:00,1.237,0.416,-0.8210000000000002,-89.1658333,29.0147222,01850,USACE,IAN,2022,4560.0
2022-09-28 05:00:00,1.197,0.338,-0.859,-89.1658333,29.0147222,01850,USACE,IAN,2022,4620.0
2022-09-28 06:00:00,1.117,0.212,-0.905,-89.1658333,29.0147222,01850,USACE,IAN,2022,4680.0
2022-09-28 07:00:00,1.017,0.049,-0.968,-89.1658333,29.0147222,01850,USACE,IAN,2022,4740.0
2022-09-28 08:00:00,0.867,-0.121,-0.988,-89.1658333,29.0147222,01850,USACE,IAN,2022,4800.0
2022-09-28 09:00:00,0.737,-0.276,-1.013,-89.1658333,29.0147222,01850,USACE,IAN,2022,4860.0
2022-09-28 10:00:00,0.637,-0.413,-1.05,-89.1658333,29.0147222,01850,USACE,IAN,2022,4920.0
2022-09-28 11:00:00,0.597,-0.504,-1.101,-89.1658333,29.0147222,01850,USACE,IAN,2022,4980.0
2022-09-28 12:00:00,0.547,-0.539,-1.086,-89.1658333,29.0147222,01850,USACE,IAN,2022,5040.0
2022-09-28 13:00:00,0.577,-0.54,-1.117,-89.1658333,29.0147222,01850,USACE,IAN,2022,5100.0
2022-09-28 14:00:00,0.507,-0.51,-1.017,-89.1658333,29.0147222,01850,USACE,IAN,2022,5160.0
2022-09-28 15:00:00,0.577,-0.465,-1.042,-89.1658333,29.0147222,01850,USACE,IAN,2022,5220.0
2022-09-28 16:00:00,0.617,-0.39,-1.007,-89.1658333,29.0147222,01850,USACE,IAN,2022,5280.0
2022-09-28 17:00:00,0.647,-0.287,-0.934,-89.1658333,29.0147222,01850,USACE,IAN,2022,5340.0
2022-09-28 18:00:00,0.787,-0.187,-0.974,-89.1658333,29.0147222,01850,USACE,IAN,2022,5400.0
2022-09-28 19:00:00,0.857,-0.107,-0.964,-89.1658333,29.0147222,01850,USACE,IAN,2022,5460.0
2022-09-28 20:00:00,0.867,-0.008,-0.875,-89.1658333,29.0147222,01850,USACE,IAN,2022,5520.0
2022-09-28 21:00:00,0.957,0.112,-0.845,-89.1658333,29.0147222,01850,USACE,IAN,2022,5580.0
2022-09-28 22:00:00,0.987,0.241,-0.746,-89.1658333,29.0147222,01850,USACE,IAN,2022,5640.0
2022-09-28 23:00:00,1.087,0.388,-0.699,-89.1658333,29.0147222,01850,USACE,IAN,2022,5700.0
2022-09-29 00:00:00,1.187,0.523,-0.664,-89.1658333,29.0147222,01850,USACE,IAN,2022,5760.0
2022-09-29 01:00:00,1.247,0.647,-0.6000000000000001,-89.1658333,29.0147222,01850,USACE,IAN,2022,5820.0
2022-09-29 02:00:00,1.267,0.705,-0.5619999999999999,-89.1658333,29.0147222,01850,USACE,IAN,2022,5880.0
2022-09-29 03:00:00,1.237,0.727,-0.5100000000000001,-89.1658333,29.0147222,01850,USACE,IAN,2022,5940.0
2022-09-29 04:00:00,1.237,0.712,-0.5250000000000001,-89.1658333,29.0147222,01850,USACE,IAN,2022,6000.0
2022-09-29 05:00:00,1.177,0.643,-0.534,-89.1658333,29.0147222,01850,USACE,IAN,2022,6060.0
2022-09-29 06:00:00,1.117,0.535,-0.582,-89.1658333,29.0147222,01850,USACE,IAN,2022,6120.0
2022-09-29 07:00:00,0.927,0.354,-0.5730000000000001,-89.1658333,29.0147222,01850,USACE,IAN,2022,6180.0
2022-09-29 08:00:00,0.697,0.13,-0.567,-89.1658333,29.0147222,01850,USACE,IAN,2022,6240.0
2022-09-29 09:00:00,0.467,-0.107,-0.5740000000000001,-89.1658333,29.0147222,01850,USACE,IAN,2022,6300.0
2022-09-29 10:00:00,0.237,-0.317,-0.554,-89.1658333,29.0147222,01850,USACE,IAN,2022,6360.0
2022-09-29 11:00:00,0.057,-0.491,-0.548,-89.1658333,29.0147222,01850,USACE,IAN,2022,6420.0
2022-09-29 12:00:00,-0.073,-0.623,-0.55,-89.1658333,29.0147222,01850,USACE,IAN,2022,6480.0
2022-09-29 13:00:00,-0.223,-0.705,-0.482,-89.1658333,29.0147222,01850,USACE,IAN,2022,6540.0
2022-09-29 14:00:00,-0.213,-0.753,-0.54,-89.1658333,29.0147222,01850,USACE,IAN,2022,6600.0
2022-09-29 15:00:00,-0.273,-0.773,-0.5,-89.1658333,29.0147222,01850,USACE,IAN,2022,6660.0
2022-09-29 16:00:00,-0.333,-0.751,-0.418,-89.1658333,29.0147222,01850,USACE,IAN,2022,6720.0
2022-09-29 17:00:00,-0.303,-0.69,-0.3869999999999999,-89.1658333,29.0147222,01850,USACE,IAN,2022,6780.0
2022-09-29 18:00:00,-0.263,-0.583,-0.3199999999999999,-89.1658333,29.0147222,01850,USACE,IAN,2022,6840.0
2022-09-29 19:00:00,-0.173,-0.465,-0.292,-89.1658333,29.0147222,01850,USACE,IAN,2022,6900.0
2022-09-29 20:00:00,-0.163,-0.345,-0.1819999999999999,-89.1658333,29.0147222,01850,USACE,IAN,2022,6960.0
2022-09-29 21:00:00,-0.043,-0.217,-0.174,-89.1658333,29.0147222,01850,USACE,IAN,2022,7020.0
2022-09-29 22:00:00,0.067,-0.065,-0.132,-89.1658333,29.0147222,01850,USACE,IAN,2022,7080.0
2022-09-29 23:00:00,0.207,0.09,-0.1169999999999999,-89.1658333,29.0147222,01850,USACE,IAN,2022,7140.0
2022-09-30 00:00:00,0.397,0.25,-0.147,-89.1658333,29.0147222,01850,USACE,IAN,2022,7200.0
2022-09-30 01:00:00,0.567,0.408,-0.1589999999999999,-89.1658333,29.0147222,01850,USACE,IAN,2022,7260.0
2022-09-30 02:00:00,0.717,0.538,-0.1789999999999999,-89.1658333,29.0147222,01850,USACE,IAN,2022,7320.0
2022-09-30 03:00:00,0.807,0.616,-0.191,-89.1658333,29.0147222,01850,USACE,IAN,2022,7380.0
2022-09-30 04:00:00,0.857,0.635,-0.2219999999999999,-89.1658333,29.0147222,01850,USACE,IAN,2022,7440.0
2022-09-30 05:00:00,0.847,0.599,-0.248,-89.1658333,29.0147222,01850,USACE,IAN,2022,7500.0
2022-09-30 06:00:00,0.797,0.511,-0.286,-89.1658333,29.0147222,01850,USACE,IAN,2022,7560.0
2022-09-30 07:00:00,0.677,0.375,-0.302,-89.1658333,29.0147222,01850,USACE,IAN,2022,7620.0
2022-09-30 08:00:00,0.477,0.186,-0.291,-89.1658333,29.0147222,01850,USACE,IAN,2022,7680.0
2022-09-30 09:00:00,0.207,-0.035,-0.242,-89.1658333,29.0147222,01850,USACE,IAN,2022,7740.0
2022-09-30 10:00:00,-0.053,-0.262,-0.209,-89.1658333,29.0147222,01850,USACE,IAN,2022,7800.0
2022-09-30 11:00:00,-0.303,-0.479,-0.176,-89.1658333,29.0147222,01850,USACE,IAN,2022,7860.0
2022-09-30 12:00:00,-0.483,-0.664,-0.181,-89.1658333,29.0147222,01850,USACE,IAN,2022,7920.0
2022-09-30 13:00:00,-0.643,-0.813,-0.1699999999999999,-89.1658333,29.0147222,01850,USACE,IAN,2022,7980.0
2022-09-30 14:00:00,-0.783,-0.921,-0.138,-89.1658333,29.0147222,01850,USACE,IAN,2022,8040.0
2022-09-30 15:00:00,-0.883,-0.983,-0.0999999999999999,-89.1658333,29.0147222,01850,USACE,IAN,2022,8100.0
2022-09-30 16:00:00,-0.843,-1.003,-0.1599999999999999,-89.1658333,29.0147222,01850,USACE,IAN,2022,8160.0
2022-09-30 17:00:00,-0.793,-0.986,-0.1929999999999999,-89.1658333,29.0147222,01850,USACE,IAN,2022,8220.0
2022-09-30 18:00:00,-0.723,-0.907,-0.184,-89.1658333,29.0147222,01850,USACE,IAN,2022,8280.0
2022-09-30 19:00:00,-0.573,-0.779,-0.206,-89.1658333,29.0147222,01850,USACE,IAN,2022,8340.0
2022-09-30 20:00:00,-0.483,-0.62,-0.137,-89.1658333,29.0147222,01850,USACE,IAN,2022,8400.0
2022-09-30 21:00:00,-0.303,-0.442,-0.139,-89.1658333,29.0147222,01850,USACE,IAN,2022,8460.0
2022-09-30 22:00:00,-0.113,-0.246,-0.133,-89.1658333,29.0147222,01850,USACE,IAN,2022,8520.0
2022-09-30 23:00:00,0.117,-0.034,-0.151,-89.1658333,29.0147222,01850,USACE,IAN,2022,8580.0
2022-10-01 00:00:00,0.327,0.174,-0.153,-89.1658333,29.0147222,01850,USACE,IAN,2022,8640.0
2022-10-01 01:00:00,0.557,0.385,-0.172,-89.1658333,29.0147222,01850,USACE,IAN,2022,8700.0
2022-10-01 02:00:00,0.757,0.584,-0.173,-89.1658333,29.0147222,01850,USACE,IAN,2022,8760.0
2022-10-01 03:00:00,0.917,0.732,-0.185,-89.1658333,29.0147222,01850,USACE,IAN,2022,8820.0
2022-10-01 04:00:00,1.037,0.824,-0.2129999999999999,-89.1658333,29.0147222,01850,USACE,IAN,2022,8880.0
2022-10-01 05:00:00,1.077,0.834,-0.243,-89.1658333,29.0147222,01850,USACE,IAN,2022,8940.0
2022-10-01 06:00:00,1.057,0.779,-0.2779999999999999,-89.1658333,29.0147222,01850,USACE,IAN,2022,9000.0
2022-10-01 07:00:00,0.997,0.681,-0.3159999999999999,-89.1658333,29.0147222,01850,USACE,IAN,2022,9060.0
2022-10-01 08:00:00,0.867,0.539,-0.3279999999999999,-89.1658333,29.0147222,01850,USACE,IAN,2022,9120.0
2022-10-01 09:00:00,0.677,0.343,-0.334,-89.1658333,29.0147222,01850,USACE,IAN,2022,9180.0
2022-10-01 10:00:00,0.457,0.113,-0.344,-89.1658333,29.0147222,01850,USACE,IAN,2022,9240.0
2022-10-01 11:00:00,0.197,-0.142,-0.3389999999999999,-89.1658333,29.0147222,01850,USACE,IAN,2022,9300.0
2022-10-01 12:00:00,-0.063,-0.399,-0.336,-89.1658333,29.0147222,01850,USACE,IAN,2022,9360.0
2022-10-01 13:00:00,-0.263,-0.627,-0.364,-89.1658333,29.0147222,01850,USACE,IAN,2022,9420.0
2022-10-01 14:00:00,-0.443,-0.823,-0.3799999999999999,-89.1658333,29.0147222,01850,USACE,IAN,2022,9480.0
2022-10-01 15:00:00,-0.553,-0.969,-0.4159999999999999,-89.1658333,29.0147222,01850,USACE,IAN,2022,9540.0
2022-10-01 16:00:00,-0.603,-1.062,-0.4590000000000001,-89.1658333,29.0147222,01850,USACE,IAN,2022,9600.0
2022-10-01 17:00:00,-0.653,-1.111,-0.4579999999999999,-89.1658333,29.0147222,01850,USACE,IAN,2022,9660.0
2022-10-01 18:00:00,-0.653,-1.093,-0.4399999999999999,-89.1658333,29.0147222,01850,USACE,IAN,2022,9720.0
2022-10-01 19:00:00,-0.603,-1.0,-0.397,-89.1658333,29.0147222,01850,USACE,IAN,2022,9780.0
2022-10-01 20:00:00,-0.513,-0.847,-0.3339999999999999,-89.1658333,29.0147222,01850,USACE,IAN,2022,9840.0
2022-10-01 21:00:00,-0.383,-0.666,-0.283,-89.1658333,29.0147222,01850,USACE,IAN,2022,9900.0
2022-10-01 22:00:00,-0.233,-0.458,-0.225,-89.1658333,29.0147222,01850,USACE,IAN,2022,9960.0
2022-10-01 23:00:00,-0.063,-0.206,-0.143,-89.1658333,29.0147222,01850,USACE,IAN,2022,10020.0
2022-09-25 01:00:00,1.119,0.159,-0.96,-76.7913486,37.22014784,02042770,USGS,IAN,2022,60.0
2022-09-25 02:00:00,1.499,0.59,-0.909,-76.7913486,37.22014784,02042770,USGS,IAN,2022,120.0
2022-09-25 03:00:00,1.679,0.922,-0.757,-76.7913486,37.22014784,02042770,USGS,IAN,2022,180.0
2022-09-25 04:00:00,1.679,1.091,-0.5880000000000001,-76.7913486,37.22014784,02042770,USGS,IAN,2022,240.0
2022-09-25 05:00:00,1.489,0.982,-0.5070000000000001,-76.7913486,37.22014784,02042770,USGS,IAN,2022,300.0
2022-09-25 06:00:00,1.119,0.56,-0.5589999999999999,-76.7913486,37.22014784,02042770,USGS,IAN,2022,360.0
2022-09-25 07:00:00,0.659,0.141,-0.518,-76.7913486,37.22014784,02042770,USGS,IAN,2022,420.0
2022-09-25 08:00:00,0.239,-0.219,-0.4579999999999999,-76.7913486,37.22014784,02042770,USGS,IAN,2022,480.0
2022-09-25 09:00:00,-0.051,-0.5,-0.449,-76.7913486,37.22014784,02042770,USGS,IAN,2022,540.0
2022-09-25 10:00:00,-0.271,-0.73,-0.4589999999999999,-76.7913486,37.22014784,02042770,USGS,IAN,2022,600.0
2022-09-25 11:00:00,-0.381,-0.856,-0.475,-76.7913486,37.22014784,02042770,USGS,IAN,2022,660.0
2022-09-25 12:00:00,-0.261,-0.542,-0.281,-76.7913486,37.22014784,02042770,USGS,IAN,2022,720.0
2022-09-25 13:00:00,0.169,-0.067,-0.236,-76.7913486,37.22014784,02042770,USGS,IAN,2022,780.0
2022-09-25 14:00:00,0.609,0.406,-0.2029999999999999,-76.7913486,37.22014784,02042770,USGS,IAN,2022,840.0
2022-09-25 15:00:00,0.919,0.789,-0.13,-76.7913486,37.22014784,02042770,USGS,IAN,2022,900.0
2022-09-25 16:00:00,1.099,1.029,-0.07,-76.7913486,37.22014784,02042770,USGS,IAN,2022,960.0
2022-09-25 17:00:00,1.059,1.038,-0.0209999999999999,-76.7913486,37.22014784,02042770,USGS,IAN,2022,1020.0
2022-09-25 18:00:00,0.819,0.699,-0.12,-76.7913486,37.22014784,02042770,USGS,IAN,2022,1080.0
2022-09-25 19:00:00,0.389,0.264,-0.125,-76.7913486,37.22014784,02042770,USGS,IAN,2022,1140.0
2022-09-25 20:00:00,-0.041,-0.137,-0.096,-76.7913486,37.22014784,02042770,USGS,IAN,2022,1200.0
2022-09-25 21:00:00,-0.391,-0.437,-0.0459999999999999,-76.7913486,37.22014784,02042770,USGS,IAN,2022,1260.0
2022-09-25 22:00:00,-0.691,-0.682,0.0089999999999998,-76.7913486,37.22014784,02042770,USGS,IAN,2022,1320.0
2022-09-25 23:00:00,-0.711,-0.855,-0.144,-76.7913486,37.22014784,02042770,USGS,IAN,2022,1380.0
2022-09-26 00:00:00,-0.701,-0.699,0.002,-76.7913486,37.22014784,02042770,USGS,IAN,2022,1440.0
2022-09-26 01:00:00,-0.361,-0.2,0.1609999999999999,-76.7913486,37.22014784,02042770,USGS,IAN,2022,1500.0
2022-09-26 02:00:00,0.299,0.299,0.0,-76.7913486,37.22014784,02042770,USGS,IAN,2022,1560.0
2022-09-26 03:00:00,0.779,0.722,-0.057,-76.7913486,37.22014784,02042770,USGS,IAN,2022,1620.0
2022-09-26 04:00:00,0.949,1.018,0.069,-76.7913486,37.22014784,02042770,USGS,IAN,2022,1680.0
2022-09-26 05:00:00,0.899,1.117,0.2179999999999999,-76.7913486,37.22014784,02042770,USGS,IAN,2022,1740.0
2022-09-26 06:00:00,0.499,0.856,0.357,-76.7913486,37.22014784,02042770,USGS,IAN,2022,1800.0
2022-09-26 07:00:00,0.099,0.4,0.301,-76.7913486,37.22014784,02042770,USGS,IAN,2022,1860.0
2022-09-26 08:00:00,-0.351,-0.013,0.3379999999999999,-76.7913486,37.22014784,02042770,USGS,IAN,2022,1920.0
2022-09-26 09:00:00,-0.691,-0.351,0.3399999999999999,-76.7913486,37.22014784,02042770,USGS,IAN,2022,1980.0
2022-09-26 10:00:00,-0.961,-0.62,0.3409999999999999,-76.7913486,37.22014784,02042770,USGS,IAN,2022,2040.0
2022-09-26 11:00:00,-1.171,-0.828,0.3430000000000001,-76.7913486,37.22014784,02042770,USGS,IAN,2022,2100.0
2022-09-26 12:00:00,-1.201,-0.841,0.3600000000000001,-76.7913486,37.22014784,02042770,USGS,IAN,2022,2160.0
2022-09-26 13:00:00,-0.691,-0.347,0.344,-76.7913486,37.22014784,02042770,USGS,IAN,2022,2220.0
2022-09-26 14:00:00,-0.121,0.156,0.277,-76.7913486,37.22014784,02042770,USGS,IAN,2022,2280.0
2022-09-26 15:00:00,0.419,0.622,0.203,-76.7913486,37.22014784,02042770,USGS,IAN,2022,2340.0
2022-09-26 16:00:00,0.739,0.988,0.249,-76.7913486,37.22014784,02042770,USGS,IAN,2022,2400.0
2022-09-26 17:00:00,0.949,1.178,0.2289999999999999,-76.7913486,37.22014784,02042770,USGS,IAN,2022,2460.0
2022-09-26 18:00:00,0.989,1.077,0.0879999999999999,-76.7913486,37.22014784,02042770,USGS,IAN,2022,2520.0
2022-09-26 19:00:00,0.739,0.629,-0.1099999999999999,-76.7913486,37.22014784,02042770,USGS,IAN,2022,2580.0
2022-09-26 20:00:00,0.319,0.191,-0.128,-76.7913486,37.22014784,02042770,USGS,IAN,2022,2640.0
2022-09-26 21:00:00,-0.121,-0.189,-0.068,-76.7913486,37.22014784,02042770,USGS,IAN,2022,2700.0
2022-09-26 22:00:00,-0.501,-0.488,0.013,-76.7913486,37.22014784,02042770,USGS,IAN,2022,2760.0
2022-09-26 23:00:00,-0.681,-0.731,-0.0499999999999999,-76.7913486,37.22014784,02042770,USGS,IAN,2022,2820.0
2022-09-27 00:00:00,-0.601,-0.878,-0.277,-76.7913486,37.22014784,02042770,USGS,IAN,2022,2880.0
2022-09-27 01:00:00,-0.041,-0.561,-0.52,-76.7913486,37.22014784,02042770,USGS,IAN,2022,2940.0
2022-09-27 02:00:00,0.589,-0.061,-0.6499999999999999,-76.7913486,37.22014784,02042770,USGS,IAN,2022,3000.0
2022-09-27 03:00:00,1.079,0.436,-0.643,-76.7913486,37.22014784,02042770,USGS,IAN,2022,3060.0
2022-09-27 04:00:00,1.359,0.838,-0.521,-76.7913486,37.22014784,02042770,USGS,IAN,2022,3120.0
2022-09-27 05:00:00,1.469,1.08,-0.389,-76.7913486,37.22014784,02042770,USGS,IAN,2022,3180.0
2022-09-27 06:00:00,1.399,1.068,-0.3309999999999999,-76.7913486,37.22014784,02042770,USGS,IAN,2022,3240.0
2022-09-27 07:00:00,1.099,0.689,-0.41,-76.7913486,37.22014784,02042770,USGS,IAN,2022,3300.0
2022-09-27 08:00:00,0.649,0.241,-0.408,-76.7913486,37.22014784,02042770,USGS,IAN,2022,3360.0
2022-09-27 09:00:00,0.159,-0.166,-0.325,-76.7913486,37.22014784,02042770,USGS,IAN,2022,3420.0
2022-09-27 10:00:00,-0.171,-0.495,-0.3239999999999999,-76.7913486,37.22014784,02042770,USGS,IAN,2022,3480.0
2022-09-27 11:00:00,-0.371,-0.732,-0.361,-76.7913486,37.22014784,02042770,USGS,IAN,2022,3540.0
2022-09-27 12:00:00,-0.471,-0.909,-0.438,-76.7913486,37.22014784,02042770,USGS,IAN,2022,3600.0
2022-09-27 13:00:00,-0.241,-0.687,-0.446,-76.7913486,37.22014784,02042770,USGS,IAN,2022,3660.0
2022-09-27 14:00:00,0.279,-0.155,-0.434,-76.7913486,37.22014784,02042770,USGS,IAN,2022,3720.0
2022-09-27 15:00:00,0.799,0.379,-0.42,-76.7913486,37.22014784,02042770,USGS,IAN,2022,3780.0
2022-09-27 16:00:00,1.249,0.833,-0.4160000000000001,-76.7913486,37.22014784,02042770,USGS,IAN,2022,3840.0
2022-09-27 17:00:00,1.499,1.158,-0.3410000000000002,-76.7913486,37.22014784,02042770,USGS,IAN,2022,3900.0
2022-09-27 18:00:00,1.579,1.286,-0.2929999999999999,-76.7913486,37.22014784,02042770,USGS,IAN,2022,3960.0
2022-09-27 19:00:00,1.419,1.051,-0.3680000000000001,-76.7913486,37.22014784,02042770,USGS,IAN,2022,4020.0
2022-09-27 20:00:00,0.989,0.579,-0.41,-76.7913486,37.22014784,02042770,USGS,IAN,2022,4080.0
2022-09-27 21:00:00,0.479,0.123,-0.356,-76.7913486,37.22014784,02042770,USGS,IAN,2022,4140.0
2022-09-27 22:00:00,0.049,-0.24,-0.289,-76.7913486,37.22014784,02042770,USGS,IAN,2022,4200.0
2022-09-27 23:00:00,-0.211,-0.528,-0.317,-76.7913486,37.22014784,02042770,USGS,IAN,2022,4260.0
2022-09-28 00:00:00,-0.371,-0.766,-0.395,-76.7913486,37.22014784,02042770,USGS,IAN,2022,4320.0
2022-09-28 01:00:00,-0.281,-0.86,-0.579,-76.7913486,37.22014784,02042770,USGS,IAN,2022,4380.0
2022-09-28 02:00:00,0.239,-0.418,-0.657,-76.7913486,37.22014784,02042770,USGS,IAN,2022,4440.0
2022-09-28 03:00:00,0.789,0.075,-0.7140000000000001,-76.7913486,37.22014784,02042770,USGS,IAN,2022,4500.0
2022-09-28 04:00:00,1.249,0.555,-0.6940000000000001,-76.7913486,37.22014784,02042770,USGS,IAN,2022,4560.0
2022-09-28 05:00:00,1.409,0.916,-0.493,-76.7913486,37.22014784,02042770,USGS,IAN,2022,4620.0
2022-09-28 06:00:00,1.359,1.087,-0.272,-76.7913486,37.22014784,02042770,USGS,IAN,2022,4680.0
2022-09-28 07:00:00,1.289,0.938,-0.351,-76.7913486,37.22014784,02042770,USGS,IAN,2022,4740.0
2022-09-28 08:00:00,1.069,0.492,-0.577,-76.7913486,37.22014784,02042770,USGS,IAN,2022,4800.0
2022-09-28 09:00:00,0.719,0.058,-0.6609999999999999,-76.7913486,37.22014784,02042770,USGS,IAN,2022,4860.0
2022-09-28 10:00:00,0.329,-0.31,-0.639,-76.7913486,37.22014784,02042770,USGS,IAN,2022,4920.0
2022-09-28 11:00:00,0.009,-0.594,-0.603,-76.7913486,37.22014784,02042770,USGS,IAN,2022,4980.0
2022-09-28 12:00:00,-0.201,-0.827,-0.6259999999999999,-76.7913486,37.22014784,02042770,USGS,IAN,2022,5040.0
2022-09-28 13:00:00,-0.321,-0.934,-0.613,-76.7913486,37.22014784,02042770,USGS,IAN,2022,5100.0
2022-09-28 14:00:00,-0.061,-0.49,-0.429,-76.7913486,37.22014784,02042770,USGS,IAN,2022,5160.0
2022-09-28 15:00:00,0.489,0.024,-0.4649999999999999,-76.7913486,37.22014784,02042770,USGS,IAN,2022,5220.0
2022-09-28 16:00:00,1.069,0.544,-0.5249999999999999,-76.7913486,37.22014784,02042770,USGS,IAN,2022,5280.0
2022-09-28 17:00:00,1.439,0.979,-0.4600000000000001,-76.7913486,37.22014784,02042770,USGS,IAN,2022,5340.0
2022-09-28 18:00:00,1.609,1.265,-0.3440000000000001,-76.7913486,37.22014784,02042770,USGS,IAN,2022,5400.0
2022-09-28 19:00:00,1.579,1.336,-0.2429999999999998,-76.7913486,37.22014784,02042770,USGS,IAN,2022,5460.0
2022-09-28 20:00:00,1.309,0.963,-0.346,-76.7913486,37.22014784,02042770,USGS,IAN,2022,5520.0
2022-09-28 21:00:00,0.799,0.498,-0.301,-76.7913486,37.22014784,02042770,USGS,IAN,2022,5580.0
2022-09-28 22:00:00,0.309,0.063,-0.246,-76.7913486,37.22014784,02042770,USGS,IAN,2022,5640.0
2022-09-28 23:00:00,-0.091,-0.285,-0.1939999999999999,-76.7913486,37.22014784,02042770,USGS,IAN,2022,5700.0
2022-09-29 00:00:00,-0.321,-0.559,-0.238,-76.7913486,37.22014784,02042770,USGS,IAN,2022,5760.0
2022-09-29 01:00:00,-0.471,-0.788,-0.317,-76.7913486,37.22014784,02042770,USGS,IAN,2022,5820.0
2022-09-29 02:00:00,-0.331,-0.803,-0.472,-76.7913486,37.22014784,02042770,USGS,IAN,2022,5880.0
2022-09-29 03:00:00,0.129,-0.306,-0.435,-76.7913486,37.22014784,02042770,USGS,IAN,2022,5940.0
2022-09-29 04:00:00,0.619,0.189,-0.43,-76.7913486,37.22014784,02042770,USGS,IAN,2022,6000.0
2022-09-29 05:00:00,1.019,0.641,-0.3779999999999999,-76.7913486,37.22014784,02042770,USGS,IAN,2022,6060.0
2022-09-29 06:00:00,1.229,0.97,-0.2590000000000001,-76.7913486,37.22014784,02042770,USGS,IAN,2022,6120.0
2022-09-29 07:00:00,1.259,1.084,-0.1749999999999998,-76.7913486,37.22014784,02042770,USGS,IAN,2022,6180.0
2022-09-29 08:00:00,1.079,0.855,-0.2239999999999999,-76.7913486,37.22014784,02042770,USGS,IAN,2022,6240.0
2022-09-29 09:00:00,0.719,0.397,-0.3219999999999999,-76.7913486,37.22014784,02042770,USGS,IAN,2022,6300.0
2022-09-29 10:00:00,0.259,-0.008,-0.267,-76.7913486,37.22014784,02042770,USGS,IAN,2022,6360.0
2022-09-29 11:00:00,-0.121,-0.34,-0.219,-76.7913486,37.22014784,02042770,USGS,IAN,2022,6420.0
2022-09-29 12:00:00,-0.361,-0.589,-0.2279999999999999,-76.7913486,37.22014784,02042770,USGS,IAN,2022,6480.0
2022-09-29 13:00:00,-0.391,-0.766,-0.375,-76.7913486,37.22014784,02042770,USGS,IAN,2022,6540.0
2022-09-29 14:00:00,-0.081,-0.674,-0.5930000000000001,-76.7913486,37.22014784,02042770,USGS,IAN,2022,6600.0
2022-09-29 15:00:00,0.499,-0.147,-0.646,-76.7913486,37.22014784,02042770,USGS,IAN,2022,6660.0
2022-09-29 16:00:00,1.059,0.38,-0.6789999999999999,-76.7913486,37.22014784,02042770,USGS,IAN,2022,6720.0
2022-09-29 17:00:00,1.499,0.875,-0.6240000000000001,-76.7913486,37.22014784,02042770,USGS,IAN,2022,6780.0
2022-09-29 18:00:00,1.839,1.276,-0.563,-76.7913486,37.22014784,02042770,USGS,IAN,2022,6840.0
2022-09-29 19:00:00,2.009,1.54,-0.4689999999999998,-76.7913486,37.22014784,02042770,USGS,IAN,2022,6900.0
2022-09-29 20:00:00,2.079,1.576,-0.5030000000000001,-76.7913486,37.22014784,02042770,USGS,IAN,2022,6960.0
2022-09-29 21:00:00,1.869,1.182,-0.687,-76.7913486,37.22014784,02042770,USGS,IAN,2022,7020.0
2022-09-29 22:00:00,1.429,0.711,-0.7180000000000001,-76.7913486,37.22014784,02042770,USGS,IAN,2022,7080.0
2022-09-29 23:00:00,0.989,0.288,-0.7010000000000001,-76.7913486,37.22014784,02042770,USGS,IAN,2022,7140.0
2022-09-30 00:00:00,0.679,-0.04,-0.7190000000000001,-76.7913486,37.22014784,02042770,USGS,IAN,2022,7200.0
2022-09-30 01:00:00,0.529,-0.28,-0.809,-76.7913486,37.22014784,02042770,USGS,IAN,2022,7260.0
2022-09-30 02:00:00,0.579,-0.407,-0.986,-76.7913486,37.22014784,02042770,USGS,IAN,2022,7320.0
2022-09-30 03:00:00,0.889,-0.125,-1.014,-76.7913486,37.22014784,02042770,USGS,IAN,2022,7380.0
2022-09-30 04:00:00,1.329,0.41,-0.919,-76.7913486,37.22014784,02042770,USGS,IAN,2022,7440.0
2022-09-30 05:00:00,1.729,0.929,-0.8,-76.7913486,37.22014784,02042770,USGS,IAN,2022,7500.0
2022-09-30 06:00:00,2.069,1.379,-0.69,-76.7913486,37.22014784,02042770,USGS,IAN,2022,7560.0
2022-09-30 07:00:00,2.239,1.708,-0.5309999999999999,-76.7913486,37.22014784,02042770,USGS,IAN,2022,7620.0
2022-09-30 08:00:00,2.299,1.866,-0.4329999999999998,-76.7913486,37.22014784,02042770,USGS,IAN,2022,7680.0
2022-09-30 09:00:00,2.159,1.584,-0.5749999999999997,-76.7913486,37.22014784,02042770,USGS,IAN,2022,7740.0
2022-09-30 10:00:00,1.859,1.101,-0.758,-76.7913486,37.22014784,02042770,USGS,IAN,2022,7800.0
2022-09-30 11:00:00,1.499,0.678,-0.8210000000000001,-76.7913486,37.22014784,02042770,USGS,IAN,2022,7860.0
2022-09-30 12:00:00,1.249,0.315,-0.9340000000000002,-76.7913486,37.22014784,02042770,USGS,IAN,2022,7920.0
2022-09-30 13:00:00,1.109,0.03,-1.079,-76.7913486,37.22014784,02042770,USGS,IAN,2022,7980.0
2022-09-30 14:00:00,1.179,-0.212,-1.391,-76.7913486,37.22014784,02042770,USGS,IAN,2022,8040.0
2022-09-30 15:00:00,1.519,-0.215,-1.734,-76.7913486,37.22014784,02042770,USGS,IAN,2022,8100.0
2022-09-30 16:00:00,2.029,0.33,-1.6989999999999998,-76.7913486,37.22014784,02042770,USGS,IAN,2022,8160.0
2022-09-30 17:00:00,2.549,0.873,-1.676,-76.7913486,37.22014784,02042770,USGS,IAN,2022,8220.0
2022-09-30 18:00:00,2.929,1.374,-1.5549999999999995,-76.7913486,37.22014784,02042770,USGS,IAN,2022,8280.0
2022-09-30 19:00:00,3.279,1.753,-1.526,-76.7913486,37.22014784,02042770,USGS,IAN,2022,8340.0
2022-09-30 20:00:00,3.609,1.984,-1.625,-76.7913486,37.22014784,02042770,USGS,IAN,2022,8400.0
2022-09-30 21:00:00,3.699,1.972,-1.727,-76.7913486,37.22014784,02042770,USGS,IAN,2022,8460.0
2022-09-30 22:00:00,3.759,1.61,-2.149,-76.7913486,37.22014784,02042770,USGS,IAN,2022,8520.0
2022-09-30 23:00:00,3.609,1.183,-2.426,-76.7913486,37.22014784,02042770,USGS,IAN,2022,8580.0
2022-10-01 00:00:00,3.409,0.809,-2.6,-76.7913486,37.22014784,02042770,USGS,IAN,2022,8640.0
2022-10-01 01:00:00,3.389,0.514,-2.875,-76.7913486,37.22014784,02042770,USGS,IAN,2022,8700.0
2022-10-01 02:00:00,3.639,0.379,-3.26,-76.7913486,37.22014784,02042770,USGS,IAN,2022,8760.0
2022-10-01 03:00:00,3.979,0.403,-3.576,-76.7913486,37.22014784,02042770,USGS,IAN,2022,8820.0
2022-10-01 04:00:00,4.209,0.668,-3.5409999999999995,-76.7913486,37.22014784,02042770,USGS,IAN,2022,8880.0
2022-10-01 05:00:00,4.389,1.097,-3.2920000000000003,-76.7913486,37.22014784,02042770,USGS,IAN,2022,8940.0
2022-10-01 06:00:00,4.279,1.49,-2.789,-76.7913486,37.22014784,02042770,USGS,IAN,2022,9000.0
2022-10-01 07:00:00,4.009,1.76,-2.249000000000001,-76.7913486,37.22014784,02042770,USGS,IAN,2022,9060.0
2022-10-01 08:00:00,3.579,1.833,-1.7460000000000002,-76.7913486,37.22014784,02042770,USGS,IAN,2022,9120.0
2022-10-01 09:00:00,3.159,1.501,-1.658,-76.7913486,37.22014784,02042770,USGS,IAN,2022,9180.0
2022-10-01 10:00:00,2.749,1.055,-1.6940000000000002,-76.7913486,37.22014784,02042770,USGS,IAN,2022,9240.0
2022-10-01 11:00:00,2.429,0.632,-1.7969999999999997,-76.7913486,37.22014784,02042770,USGS,IAN,2022,9300.0
2022-10-01 12:00:00,2.099,0.262,-1.837,-76.7913486,37.22014784,02042770,USGS,IAN,2022,9360.0
2022-10-01 13:00:00,1.779,-0.046,-1.825,-76.7913486,37.22014784,02042770,USGS,IAN,2022,9420.0
2022-10-01 14:00:00,1.489,-0.323,-1.812,-76.7913486,37.22014784,02042770,USGS,IAN,2022,9480.0
2022-10-01 15:00:00,1.309,-0.511,-1.82,-76.7913486,37.22014784,02042770,USGS,IAN,2022,9540.0
2022-10-01 16:00:00,1.399,-0.313,-1.712,-76.7913486,37.22014784,02042770,USGS,IAN,2022,9600.0
2022-10-01 17:00:00,1.889,0.245,-1.644,-76.7913486,37.22014784,02042770,USGS,IAN,2022,9660.0
2022-10-01 18:00:00,2.379,0.797,-1.582,-76.7913486,37.22014784,02042770,USGS,IAN,2022,9720.0
2022-10-01 19:00:00,2.729,1.254,-1.475,-76.7913486,37.22014784,02042770,USGS,IAN,2022,9780.0
2022-10-01 20:00:00,2.919,1.563,-1.356,-76.7913486,37.22014784,02042770,USGS,IAN,2022,9840.0
2022-10-01 21:00:00,2.889,1.68,-1.209,-76.7913486,37.22014784,02042770,USGS,IAN,2022,9900.0
2022-10-01 22:00:00,2.659,1.39,-1.269,-76.7913486,37.22014784,02042770,USGS,IAN,2022,9960.0
2022-10-01 23:00:00,2.259,0.929,-1.3299999999999998,-76.7913486,37.22014784,02042770,USGS,IAN,2022,10020.0
2022-09-25 01:00:00,2.037,1.314,-0.7229999999999999,-76.3648611,36.8437222,02042893,USGS,IAN,2022,60.0
2022-09-25 02:00:00,1.807,1.194,-0.613,-76.3648611,36.8437222,02042893,USGS,IAN,2022,120.0
2022-09-25 03:00:00,1.327,0.807,-0.5199999999999999,-76.3648611,36.8437222,02042893,USGS,IAN,2022,180.0
2022-09-25 04:00:00,0.717,0.285,-0.432,-76.3648611,36.8437222,02042893,USGS,IAN,2022,240.0
2022-09-25 05:00:00,0.017,-0.312,-0.329,-76.3648611,36.8437222,02042893,USGS,IAN,2022,300.0
2022-09-25 06:00:00,-0.603,-0.84,-0.237,-76.3648611,36.8437222,02042893,USGS,IAN,2022,360.0
2022-09-25 07:00:00,-1.033,-1.194,-0.161,-76.3648611,36.8437222,02042893,USGS,IAN,2022,420.0
2022-09-25 08:00:00,-1.113,-1.218,-0.1049999999999999,-76.3648611,36.8437222,02042893,USGS,IAN,2022,480.0
2022-09-25 09:00:00,-0.783,-0.887,-0.1039999999999999,-76.3648611,36.8437222,02042893,USGS,IAN,2022,540.0
2022-09-25 10:00:00,-0.333,-0.316,0.017,-76.3648611,36.8437222,02042893,USGS,IAN,2022,600.0
2022-09-25 11:00:00,0.277,0.388,0.1109999999999999,-76.3648611,36.8437222,02042893,USGS,IAN,2022,660.0
2022-09-25 12:00:00,0.817,0.945,0.128,-76.3648611,36.8437222,02042893,USGS,IAN,2022,720.0
2022-09-25 13:00:00,1.147,1.257,0.1099999999999998,-76.3648611,36.8437222,02042893,USGS,IAN,2022,780.0
2022-09-25 14:00:00,1.237,1.257,0.0199999999999997,-76.3648611,36.8437222,02042893,USGS,IAN,2022,840.0
2022-09-25 15:00:00,1.027,0.936,-0.0909999999999998,-76.3648611,36.8437222,02042893,USGS,IAN,2022,900.0
2022-09-25 16:00:00,0.487,0.448,-0.0389999999999999,-76.3648611,36.8437222,02042893,USGS,IAN,2022,960.0
2022-09-25 17:00:00,-0.133,-0.143,-0.0099999999999999,-76.3648611,36.8437222,02042893,USGS,IAN,2022,1020.0
2022-09-25 18:00:00,-0.783,-0.695,0.088,-76.3648611,36.8437222,02042893,USGS,IAN,2022,1080.0
2022-09-25 19:00:00,-1.273,-1.113,0.1599999999999999,-76.3648611,36.8437222,02042893,USGS,IAN,2022,1140.0
2022-09-25 20:00:00,-1.463,-1.266,0.197,-76.3648611,36.8437222,02042893,USGS,IAN,2022,1200.0
2022-09-25 21:00:00,-1.233,-1.028,0.205,-76.3648611,36.8437222,02042893,USGS,IAN,2022,1260.0
2022-09-25 22:00:00,-0.763,-0.502,0.261,-76.3648611,36.8437222,02042893,USGS,IAN,2022,1320.0
2022-09-25 23:00:00,-0.043,0.221,0.264,-76.3648611,36.8437222,02042893,USGS,IAN,2022,1380.0
2022-09-26 00:00:00,0.897,0.856,-0.041,-76.3648611,36.8437222,02042893,USGS,IAN,2022,1440.0
2022-09-26 01:00:00,1.217,1.259,0.0419999999999998,-76.3648611,36.8437222,02042893,USGS,IAN,2022,1500.0
2022-09-26 02:00:00,1.087,1.353,0.266,-76.3648611,36.8437222,02042893,USGS,IAN,2022,1560.0
2022-09-26 03:00:00,0.667,1.106,0.439,-76.3648611,36.8437222,02042893,USGS,IAN,2022,1620.0
2022-09-26 04:00:00,0.057,0.632,0.575,-76.3648611,36.8437222,02042893,USGS,IAN,2022,1680.0
2022-09-26 05:00:00,-0.423,0.042,0.4649999999999999,-76.3648611,36.8437222,02042893,USGS,IAN,2022,1740.0
2022-09-26 06:00:00,-1.083,-0.556,0.5269999999999999,-76.3648611,36.8437222,02042893,USGS,IAN,2022,1800.0
2022-09-26 07:00:00,-1.623,-1.053,0.5700000000000001,-76.3648611,36.8437222,02042893,USGS,IAN,2022,1860.0
2022-09-26 08:00:00,-1.853,-1.317,0.536,-76.3648611,36.8437222,02042893,USGS,IAN,2022,1920.0
2022-09-26 09:00:00,-1.723,-1.191,0.532,-76.3648611,36.8437222,02042893,USGS,IAN,2022,1980.0
2022-09-26 10:00:00,-1.183,-0.72,0.4630000000000001,-76.3648611,36.8437222,02042893,USGS,IAN,2022,2040.0
2022-09-26 11:00:00,-0.353,0.005,0.358,-76.3648611,36.8437222,02042893,USGS,IAN,2022,2100.0
2022-09-26 12:00:00,0.387,0.737,0.35,-76.3648611,36.8437222,02042893,USGS,IAN,2022,2160.0
2022-09-26 13:00:00,1.017,1.224,0.207,-76.3648611,36.8437222,02042893,USGS,IAN,2022,2220.0
2022-09-26 14:00:00,1.457,1.448,-0.0090000000000001,-76.3648611,36.8437222,02042893,USGS,IAN,2022,2280.0
2022-09-26 15:00:00,1.397,1.321,-0.076,-76.3648611,36.8437222,02042893,USGS,IAN,2022,2340.0
2022-09-26 16:00:00,1.157,0.914,-0.243,-76.3648611,36.8437222,02042893,USGS,IAN,2022,2400.0
2022-09-26 17:00:00,0.527,0.345,-0.182,-76.3648611,36.8437222,02042893,USGS,IAN,2022,2460.0
2022-09-26 18:00:00,-0.083,-0.31,-0.2269999999999999,-76.3648611,36.8437222,02042893,USGS,IAN,2022,2520.0
2022-09-26 19:00:00,-0.733,-0.875,-0.142,-76.3648611,36.8437222,02042893,USGS,IAN,2022,2580.0
2022-09-26 20:00:00,-1.213,-1.26,-0.0469999999999999,-76.3648611,36.8437222,02042893,USGS,IAN,2022,2640.0
2022-09-26 21:00:00,-1.103,-1.311,-0.2079999999999999,-76.3648611,36.8437222,02042893,USGS,IAN,2022,2700.0
2022-09-26 22:00:00,-0.613,-0.962,-0.349,-76.3648611,36.8437222,02042893,USGS,IAN,2022,2760.0
2022-09-26 23:00:00,0.197,-0.332,-0.529,-76.3648611,36.8437222,02042893,USGS,IAN,2022,2820.0
2022-09-27 00:00:00,0.987,0.43,-0.5569999999999999,-76.3648611,36.8437222,02042893,USGS,IAN,2022,2880.0
2022-09-27 01:00:00,1.567,1.022,-0.5449999999999999,-76.3648611,36.8437222,02042893,USGS,IAN,2022,2940.0
2022-09-27 02:00:00,1.817,1.338,-0.4789999999999998,-76.3648611,36.8437222,02042893,USGS,IAN,2022,3000.0
2022-09-27 03:00:00,1.787,1.318,-0.4689999999999998,-76.3648611,36.8437222,02042893,USGS,IAN,2022,3060.0
2022-09-27 04:00:00,1.487,0.957,-0.5300000000000001,-76.3648611,36.8437222,02042893,USGS,IAN,2022,3120.0
2022-09-27 05:00:00,0.937,0.408,-0.5290000000000001,-76.3648611,36.8437222,02042893,USGS,IAN,2022,3180.0
2022-09-27 06:00:00,0.247,-0.215,-0.4619999999999999,-76.3648611,36.8437222,02042893,USGS,IAN,2022,3240.0
2022-09-27 07:00:00,-0.423,-0.801,-0.378,-76.3648611,36.8437222,02042893,USGS,IAN,2022,3300.0
2022-09-27 08:00:00,-0.853,-1.237,-0.3840000000000001,-76.3648611,36.8437222,02042893,USGS,IAN,2022,3360.0
2022-09-27 09:00:00,-0.933,-1.381,-0.4479999999999999,-76.3648611,36.8437222,02042893,USGS,IAN,2022,3420.0
2022-09-27 10:00:00,-0.573,-1.093,-0.52,-76.3648611,36.8437222,02042893,USGS,IAN,2022,3480.0
2022-09-27 11:00:00,-0.033,-0.472,-0.4389999999999999,-76.3648611,36.8437222,02042893,USGS,IAN,2022,3540.0
2022-09-27 12:00:00,0.627,0.363,-0.264,-76.3648611,36.8437222,02042893,USGS,IAN,2022,3600.0
2022-09-27 13:00:00,1.307,1.037,-0.27,-76.3648611,36.8437222,02042893,USGS,IAN,2022,3660.0
2022-09-27 14:00:00,1.877,1.468,-0.409,-76.3648611,36.8437222,02042893,USGS,IAN,2022,3720.0
2022-09-27 15:00:00,2.117,1.581,-0.536,-76.3648611,36.8437222,02042893,USGS,IAN,2022,3780.0
2022-09-27 16:00:00,1.887,1.329,-0.558,-76.3648611,36.8437222,02042893,USGS,IAN,2022,3840.0
2022-09-27 17:00:00,1.367,0.835,-0.532,-76.3648611,36.8437222,02042893,USGS,IAN,2022,3900.0
2022-09-27 18:00:00,0.587,0.197,-0.3899999999999999,-76.3648611,36.8437222,02042893,USGS,IAN,2022,3960.0
2022-09-27 19:00:00,-0.133,-0.473,-0.3399999999999999,-76.3648611,36.8437222,02042893,USGS,IAN,2022,4020.0
2022-09-27 20:00:00,-0.713,-1.026,-0.313,-76.3648611,36.8437222,02042893,USGS,IAN,2022,4080.0
2022-09-27 21:00:00,-0.913,-1.345,-0.4319999999999999,-76.3648611,36.8437222,02042893,USGS,IAN,2022,4140.0
2022-09-27 22:00:00,-0.793,-1.278,-0.485,-76.3648611,36.8437222,02042893,USGS,IAN,2022,4200.0
2022-09-27 23:00:00,-0.203,-0.836,-0.633,-76.3648611,36.8437222,02042893,USGS,IAN,2022,4260.0
2022-09-28 00:00:00,0.517,-0.129,-0.646,-76.3648611,36.8437222,02042893,USGS,IAN,2022,4320.0
2022-09-28 01:00:00,1.227,0.611,-0.6160000000000001,-76.3648611,36.8437222,02042893,USGS,IAN,2022,4380.0
2022-09-28 02:00:00,1.737,1.117,-0.6200000000000001,-76.3648611,36.8437222,02042893,USGS,IAN,2022,4440.0
2022-09-28 03:00:00,1.947,1.343,-0.6040000000000001,-76.3648611,36.8437222,02042893,USGS,IAN,2022,4500.0
2022-09-28 05:00:00,1.347,0.755,-0.592,-76.3648611,36.8437222,02042893,USGS,IAN,2022,4620.0
2022-09-28 06:00:00,1.067,0.158,-0.909,-76.3648611,36.8437222,02042893,USGS,IAN,2022,4680.0
2022-09-28 08:00:00,-0.163,-0.988,-0.825,-76.3648611,36.8437222,02042893,USGS,IAN,2022,4800.0
2022-09-28 09:00:00,-0.583,-1.344,-0.7610000000000001,-76.3648611,36.8437222,02042893,USGS,IAN,2022,4860.0
2022-09-28 10:00:00,-0.683,-1.358,-0.675,-76.3648611,36.8437222,02042893,USGS,IAN,2022,4920.0
2022-09-28 12:00:00,0.227,-0.195,-0.422,-76.3648611,36.8437222,02042893,USGS,IAN,2022,5040.0
2022-09-28 13:00:00,0.997,0.642,-0.355,-76.3648611,36.8437222,02042893,USGS,IAN,2022,5100.0
2022-09-28 14:00:00,1.767,1.256,-0.5109999999999999,-76.3648611,36.8437222,02042893,USGS,IAN,2022,5160.0
2022-09-28 15:00:00,2.147,1.616,-0.5309999999999997,-76.3648611,36.8437222,02042893,USGS,IAN,2022,5220.0
2022-09-28 16:00:00,2.097,1.619,-0.478,-76.3648611,36.8437222,02042893,USGS,IAN,2022,5280.0
2022-09-28 17:00:00,1.737,1.303,-0.4340000000000001,-76.3648611,36.8437222,02042893,USGS,IAN,2022,5340.0
2022-09-28 18:00:00,1.157,0.733,-0.424,-76.3648611,36.8437222,02042893,USGS,IAN,2022,5400.0
2022-09-28 19:00:00,0.427,0.057,-0.37,-76.3648611,36.8437222,02042893,USGS,IAN,2022,5460.0
2022-09-28 20:00:00,-0.363,-0.602,-0.239,-76.3648611,36.8437222,02042893,USGS,IAN,2022,5520.0
2022-09-28 21:00:00,-0.913,-1.125,-0.2119999999999999,-76.3648611,36.8437222,02042893,USGS,IAN,2022,5580.0
2022-09-28 22:00:00,-1.043,-1.359,-0.316,-76.3648611,36.8437222,02042893,USGS,IAN,2022,5640.0
2022-09-28 23:00:00,-0.793,-1.192,-0.3989999999999999,-76.3648611,36.8437222,02042893,USGS,IAN,2022,5700.0
2022-09-29 00:00:00,-0.243,-0.693,-0.4499999999999999,-76.3648611,36.8437222,02042893,USGS,IAN,2022,5760.0
2022-09-29 01:00:00,0.417,0.051,-0.366,-76.3648611,36.8437222,02042893,USGS,IAN,2022,5820.0
2022-09-29 02:00:00,1.067,0.734,-0.3329999999999999,-76.3648611,36.8437222,02042893,USGS,IAN,2022,5880.0
2022-09-29 03:00:00,1.537,1.159,-0.3779999999999999,-76.3648611,36.8437222,02042893,USGS,IAN,2022,5940.0
2022-09-29 04:00:00,1.777,1.304,-0.4729999999999998,-76.3648611,36.8437222,02042893,USGS,IAN,2022,6000.0
2022-09-29 05:00:00,1.667,1.052,-0.615,-76.3648611,36.8437222,02042893,USGS,IAN,2022,6060.0
2022-09-29 06:00:00,1.177,0.598,-0.5790000000000001,-76.3648611,36.8437222,02042893,USGS,IAN,2022,6120.0
2022-09-29 07:00:00,0.597,0.015,-0.582,-76.3648611,36.8437222,02042893,USGS,IAN,2022,6180.0
2022-09-29 08:00:00,-0.053,-0.562,-0.509,-76.3648611,36.8437222,02042893,USGS,IAN,2022,6240.0
2022-09-29 09:00:00,-0.493,-1.013,-0.5199999999999999,-76.3648611,36.8437222,02042893,USGS,IAN,2022,6300.0
2022-09-29 10:00:00,-0.573,-1.253,-0.6799999999999999,-76.3648611,36.8437222,02042893,USGS,IAN,2022,6360.0
2022-09-29 11:00:00,-0.293,-1.099,-0.806,-76.3648611,36.8437222,02042893,USGS,IAN,2022,6420.0
2022-09-29 12:00:00,0.267,-0.58,-0.847,-76.3648611,36.8437222,02042893,USGS,IAN,2022,6480.0
2022-09-29 13:00:00,0.997,0.212,-0.785,-76.3648611,36.8437222,02042893,USGS,IAN,2022,6540.0
2022-09-29 14:00:00,1.827,0.957,-0.87,-76.3648611,36.8437222,02042893,USGS,IAN,2022,6600.0
2022-09-29 15:00:00,2.397,1.521,-0.8759999999999999,-76.3648611,36.8437222,02042893,USGS,IAN,2022,6660.0
2022-09-29 16:00:00,2.767,1.815,-0.952,-76.3648611,36.8437222,02042893,USGS,IAN,2022,6720.0
2022-09-29 17:00:00,2.707,1.77,-0.9369999999999998,-76.3648611,36.8437222,02042893,USGS,IAN,2022,6780.0
2022-09-29 18:00:00,2.417,1.399,-1.0179999999999998,-76.3648611,36.8437222,02042893,USGS,IAN,2022,6840.0
2022-09-29 19:00:00,1.877,0.865,-1.012,-76.3648611,36.8437222,02042893,USGS,IAN,2022,6900.0
2022-09-29 20:00:00,1.217,0.16,-1.0570000000000002,-76.3648611,36.8437222,02042893,USGS,IAN,2022,6960.0
2022-09-29 21:00:00,0.507,-0.485,-0.992,-76.3648611,36.8437222,02042893,USGS,IAN,2022,7020.0
2022-09-29 22:00:00,0.077,-0.953,-1.03,-76.3648611,36.8437222,02042893,USGS,IAN,2022,7080.0
2022-09-29 23:00:00,0.117,-1.075,-1.192,-76.3648611,36.8437222,02042893,USGS,IAN,2022,7140.0
2022-09-30 00:00:00,0.407,-0.769,-1.176,-76.3648611,36.8437222,02042893,USGS,IAN,2022,7200.0
2022-09-30 01:00:00,0.947,-0.184,-1.131,-76.3648611,36.8437222,02042893,USGS,IAN,2022,7260.0
2022-09-30 02:00:00,1.517,0.607,-0.91,-76.3648611,36.8437222,02042893,USGS,IAN,2022,7320.0
2022-09-30 03:00:00,2.077,1.258,-0.819,-76.3648611,36.8437222,02042893,USGS,IAN,2022,7380.0
2022-09-30 04:00:00,2.507,1.655,-0.8520000000000001,-76.3648611,36.8437222,02042893,USGS,IAN,2022,7440.0
2022-09-30 05:00:00,2.667,1.733,-0.9339999999999996,-76.3648611,36.8437222,02042893,USGS,IAN,2022,7500.0
2022-09-30 06:00:00,2.487,1.481,-1.006,-76.3648611,36.8437222,02042893,USGS,IAN,2022,7560.0
2022-09-30 07:00:00,2.117,1.015,-1.102,-76.3648611,36.8437222,02042893,USGS,IAN,2022,7620.0
2022-09-30 08:00:00,1.617,0.469,-1.148,-76.3648611,36.8437222,02042893,USGS,IAN,2022,7680.0
2022-09-30 09:00:00,1.117,-0.129,-1.246,-76.3648611,36.8437222,02042893,USGS,IAN,2022,7740.0
2022-09-30 12:00:00,1.037,-0.827,-1.864,-76.3648611,36.8437222,02042893,USGS,IAN,2022,7920.0
2022-09-30 13:00:00,1.517,-0.28,-1.797,-76.3648611,36.8437222,02042893,USGS,IAN,2022,7980.0
2022-09-30 14:00:00,2.207,0.539,-1.6679999999999997,-76.3648611,36.8437222,02042893,USGS,IAN,2022,8040.0
2022-09-30 15:00:00,3.047,1.267,-1.7800000000000002,-76.3648611,36.8437222,02042893,USGS,IAN,2022,8100.0
2022-09-30 16:00:00,3.667,1.755,-1.912,-76.3648611,36.8437222,02042893,USGS,IAN,2022,8160.0
2022-09-30 17:00:00,4.087,1.984,-2.103,-76.3648611,36.8437222,02042893,USGS,IAN,2022,8220.0
2022-09-30 18:00:00,4.187,1.857,-2.33,-76.3648611,36.8437222,02042893,USGS,IAN,2022,8280.0
2022-09-30 19:00:00,4.157,1.471,-2.686,-76.3648611,36.8437222,02042893,USGS,IAN,2022,8340.0
2022-09-30 20:00:00,3.897,0.952,-2.945,-76.3648611,36.8437222,02042893,USGS,IAN,2022,8400.0
2022-09-30 21:00:00,3.497,0.275,-3.222,-76.3648611,36.8437222,02042893,USGS,IAN,2022,8460.0
2022-09-30 22:00:00,3.147,-0.33,-3.477,-76.3648611,36.8437222,02042893,USGS,IAN,2022,8520.0
2022-09-30 23:00:00,3.067,-0.754,-3.821,-76.3648611,36.8437222,02042893,USGS,IAN,2022,8580.0
2022-10-01 00:00:00,3.277,-0.825,-4.102,-76.3648611,36.8437222,02042893,USGS,IAN,2022,8640.0
2022-10-01 01:00:00,3.357,-0.601,-3.958,-76.3648611,36.8437222,02042893,USGS,IAN,2022,8700.0
2022-10-01 02:00:00,3.567,-0.157,-3.724,-76.3648611,36.8437222,02042893,USGS,IAN,2022,8760.0
2022-10-01 03:00:00,3.887,0.49,-3.397,-76.3648611,36.8437222,02042893,USGS,IAN,2022,8820.0
2022-10-01 04:00:00,4.017,1.078,-2.939,-76.3648611,36.8437222,02042893,USGS,IAN,2022,8880.0
2022-10-01 05:00:00,3.797,1.446,-2.351,-76.3648611,36.8437222,02042893,USGS,IAN,2022,8940.0
2022-10-01 06:00:00,3.367,1.469,-1.898,-76.3648611,36.8437222,02042893,USGS,IAN,2022,9000.0
2022-10-01 07:00:00,2.837,1.037,-1.8000000000000005,-76.3648611,36.8437222,02042893,USGS,IAN,2022,9060.0
2022-10-01 08:00:00,2.237,0.472,-1.765,-76.3648611,36.8437222,02042893,USGS,IAN,2022,9120.0
2022-10-01 09:00:00,1.697,-0.161,-1.858,-76.3648611,36.8437222,02042893,USGS,IAN,2022,9180.0
2022-10-01 10:00:00,1.167,-0.665,-1.832,-76.3648611,36.8437222,02042893,USGS,IAN,2022,9240.0
2022-10-01 11:00:00,0.807,-0.971,-1.778,-76.3648611,36.8437222,02042893,USGS,IAN,2022,9300.0
2022-10-01 12:00:00,0.757,-0.966,-1.723,-76.3648611,36.8437222,02042893,USGS,IAN,2022,9360.0
2022-10-01 13:00:00,0.967,-0.697,-1.664,-76.3648611,36.8437222,02042893,USGS,IAN,2022,9420.0
2022-10-01 14:00:00,1.437,-0.207,-1.644,-76.3648611,36.8437222,02042893,USGS,IAN,2022,9480.0
2022-10-01 15:00:00,2.017,0.563,-1.454,-76.3648611,36.8437222,02042893,USGS,IAN,2022,9540.0
2022-10-01 16:00:00,2.627,1.239,-1.3879999999999997,-76.3648611,36.8437222,02042893,USGS,IAN,2022,9600.0
2022-10-01 18:00:00,3.147,1.792,-1.3549999999999998,-76.3648611,36.8437222,02042893,USGS,IAN,2022,9720.0
2022-10-01 19:00:00,2.937,1.601,-1.336,-76.3648611,36.8437222,02042893,USGS,IAN,2022,9780.0
2022-10-01 20:00:00,2.527,1.086,-1.441,-76.3648611,36.8437222,02042893,USGS,IAN,2022,9840.0
2022-10-01 21:00:00,1.997,0.499,-1.4980000000000002,-76.3648611,36.8437222,02042893,USGS,IAN,2022,9900.0
2022-10-01 22:00:00,1.317,-0.149,-1.466,-76.3648611,36.8437222,02042893,USGS,IAN,2022,9960.0
2022-10-01 23:00:00,0.737,-0.631,-1.368,-76.3648611,36.8437222,02042893,USGS,IAN,2022,10020.0
2022-09-25 01:00:00,1.901,1.233,-0.6679999999999999,-76.31488889,37.00213889,0204289994,USGS,IAN,2022,60.0
2022-09-25 02:00:00,1.621,1.02,-0.601,-76.31488889,37.00213889,0204289994,USGS,IAN,2022,120.0
2022-09-25 03:00:00,1.101,0.577,-0.524,-76.31488889,37.00213889,0204289994,USGS,IAN,2022,180.0
2022-09-25 04:00:00,0.471,-0.01,-0.481,-76.31488889,37.00213889,0204289994,USGS,IAN,2022,240.0
2022-09-25 05:00:00,-0.199,-0.564,-0.3649999999999999,-76.31488889,37.00213889,0204289994,USGS,IAN,2022,300.0
2022-09-25 06:00:00,-0.649,-0.988,-0.3389999999999999,-76.31488889,37.00213889,0204289994,USGS,IAN,2022,360.0
2022-09-25 07:00:00,-0.859,-1.159,-0.3,-76.31488889,37.00213889,0204289994,USGS,IAN,2022,420.0
2022-09-25 08:00:00,-0.759,-1.036,-0.277,-76.31488889,37.00213889,0204289994,USGS,IAN,2022,480.0
2022-09-25 09:00:00,-0.479,-0.609,-0.13,-76.31488889,37.00213889,0204289994,USGS,IAN,2022,540.0
2022-09-25 10:00:00,0.071,0.025,-0.0459999999999999,-76.31488889,37.00213889,0204289994,USGS,IAN,2022,600.0
2022-09-25 11:00:00,0.601,0.618,0.017,-76.31488889,37.00213889,0204289994,USGS,IAN,2022,660.0
2022-09-25 12:00:00,0.961,1.046,0.085,-76.31488889,37.00213889,0204289994,USGS,IAN,2022,720.0
2022-09-25 13:00:00,1.211,1.218,0.0069999999999998,-76.31488889,37.00213889,0204289994,USGS,IAN,2022,780.0
2022-09-25 14:00:00,1.191,1.1,-0.0909999999999999,-76.31488889,37.00213889,0204289994,USGS,IAN,2022,840.0
2022-09-25 15:00:00,0.891,0.725,-0.166,-76.31488889,37.00213889,0204289994,USGS,IAN,2022,900.0
2022-09-25 16:00:00,0.311,0.164,-0.147,-76.31488889,37.00213889,0204289994,USGS,IAN,2022,960.0
2022-09-25 17:00:00,-0.329,-0.412,-0.0829999999999999,-76.31488889,37.00213889,0204289994,USGS,IAN,2022,1020.0
2022-09-25 18:00:00,-0.849,-0.879,-0.03,-76.31488889,37.00213889,0204289994,USGS,IAN,2022,1080.0
2022-09-25 19:00:00,-1.139,-1.144,-0.0049999999999998,-76.31488889,37.00213889,0204289994,USGS,IAN,2022,1140.0
2022-09-25 20:00:00,-1.029,-1.115,-0.086,-76.31488889,37.00213889,0204289994,USGS,IAN,2022,1200.0
2022-09-25 22:00:00,-0.369,-0.145,0.224,-76.31488889,37.00213889,0204289994,USGS,IAN,2022,1320.0
2022-09-25 23:00:00,0.471,0.5,0.029,-76.31488889,37.00213889,0204289994,USGS,IAN,2022,1380.0
2022-09-26 00:00:00,0.931,1.002,0.0709999999999999,-76.31488889,37.00213889,0204289994,USGS,IAN,2022,1440.0
2022-09-26 01:00:00,1.101,1.26,0.159,-76.31488889,37.00213889,0204289994,USGS,IAN,2022,1500.0
2022-09-26 02:00:00,1.011,1.225,0.2140000000000002,-76.31488889,37.00213889,0204289994,USGS,IAN,2022,1560.0
2022-09-26 03:00:00,0.491,0.895,0.404,-76.31488889,37.00213889,0204289994,USGS,IAN,2022,1620.0
2022-09-26 04:00:00,0.021,0.359,0.3379999999999999,-76.31488889,37.00213889,0204289994,USGS,IAN,2022,1680.0
2022-09-26 05:00:00,-0.659,-0.261,0.398,-76.31488889,37.00213889,0204289994,USGS,IAN,2022,1740.0
2022-09-26 06:00:00,-1.219,-0.792,0.427,-76.31488889,37.00213889,0204289994,USGS,IAN,2022,1800.0
2022-09-26 07:00:00,-1.559,-1.147,0.4119999999999999,-76.31488889,37.00213889,0204289994,USGS,IAN,2022,1860.0
2022-09-26 08:00:00,-1.689,-1.212,0.4770000000000001,-76.31488889,37.00213889,0204289994,USGS,IAN,2022,1920.0
2022-09-26 09:00:00,-1.359,-0.949,0.41,-76.31488889,37.00213889,0204289994,USGS,IAN,2022,1980.0
2022-09-26 10:00:00,-0.729,-0.348,0.381,-76.31488889,37.00213889,0204289994,USGS,IAN,2022,2040.0
2022-09-26 11:00:00,-0.039,0.351,0.3899999999999999,-76.31488889,37.00213889,0204289994,USGS,IAN,2022,2100.0
2022-09-26 12:00:00,0.581,0.923,0.3420000000000001,-76.31488889,37.00213889,0204289994,USGS,IAN,2022,2160.0
2022-09-26 13:00:00,1.121,1.289,0.1679999999999999,-76.31488889,37.00213889,0204289994,USGS,IAN,2022,2220.0
2022-09-26 14:00:00,1.301,1.366,0.0650000000000001,-76.31488889,37.00213889,0204289994,USGS,IAN,2022,2280.0
2022-09-26 15:00:00,1.361,1.137,-0.2239999999999999,-76.31488889,37.00213889,0204289994,USGS,IAN,2022,2340.0
2022-09-26 17:00:00,0.341,0.01,-0.331,-76.31488889,37.00213889,0204289994,USGS,IAN,2022,2460.0
2022-09-26 18:00:00,-0.339,-0.585,-0.2459999999999999,-76.31488889,37.00213889,0204289994,USGS,IAN,2022,2520.0
2022-09-26 19:00:00,-0.869,-1.041,-0.1719999999999999,-76.31488889,37.00213889,0204289994,USGS,IAN,2022,2580.0
2022-09-26 20:00:00,-0.929,-1.237,-0.308,-76.31488889,37.00213889,0204289994,USGS,IAN,2022,2640.0
2022-09-26 21:00:00,-0.679,-1.115,-0.4359999999999999,-76.31488889,37.00213889,0204289994,USGS,IAN,2022,2700.0
2022-09-26 22:00:00,-0.159,-0.648,-0.489,-76.31488889,37.00213889,0204289994,USGS,IAN,2022,2760.0
2022-09-26 23:00:00,0.601,0.05,-0.5509999999999999,-76.31488889,37.00213889,0204289994,USGS,IAN,2022,2820.0
2022-09-27 00:00:00,1.161,0.68,-0.481,-76.31488889,37.00213889,0204289994,USGS,IAN,2022,2880.0
2022-09-27 01:00:00,1.541,1.124,-0.4169999999999998,-76.31488889,37.00213889,0204289994,USGS,IAN,2022,2940.0
2022-09-27 02:00:00,1.741,1.293,-0.4480000000000002,-76.31488889,37.00213889,0204289994,USGS,IAN,2022,3000.0
2022-09-27 03:00:00,1.651,1.145,-0.506,-76.31488889,37.00213889,0204289994,USGS,IAN,2022,3060.0
2022-09-27 04:00:00,1.251,0.709,-0.5419999999999999,-76.31488889,37.00213889,0204289994,USGS,IAN,2022,3120.0
2022-09-27 05:00:00,0.571,0.095,-0.476,-76.31488889,37.00213889,0204289994,USGS,IAN,2022,3180.0
2022-09-27 06:00:00,-0.139,-0.508,-0.369,-76.31488889,37.00213889,0204289994,USGS,IAN,2022,3240.0
2022-09-27 07:00:00,-0.659,-1.002,-0.3429999999999999,-76.31488889,37.00213889,0204289994,USGS,IAN,2022,3300.0
2022-09-27 08:00:00,-0.869,-1.26,-0.391,-76.31488889,37.00213889,0204289994,USGS,IAN,2022,3360.0
2022-09-27 09:00:00,-0.709,-1.204,-0.495,-76.31488889,37.00213889,0204289994,USGS,IAN,2022,3420.0
2022-09-27 10:00:00,-0.299,-0.774,-0.475,-76.31488889,37.00213889,0204289994,USGS,IAN,2022,3480.0
2022-09-27 11:00:00,0.251,-0.048,-0.299,-76.31488889,37.00213889,0204289994,USGS,IAN,2022,3540.0
2022-09-27 12:00:00,0.851,0.656,-0.1949999999999999,-76.31488889,37.00213889,0204289994,USGS,IAN,2022,3600.0
2022-09-27 13:00:00,1.441,1.2,-0.2410000000000001,-76.31488889,37.00213889,0204289994,USGS,IAN,2022,3660.0
2022-09-27 14:00:00,1.901,1.479,-0.4219999999999999,-76.31488889,37.00213889,0204289994,USGS,IAN,2022,3720.0
2022-09-27 15:00:00,1.931,1.45,-0.4810000000000001,-76.31488889,37.00213889,0204289994,USGS,IAN,2022,3780.0
2022-09-27 16:00:00,1.661,1.114,-0.5469999999999999,-76.31488889,37.00213889,0204289994,USGS,IAN,2022,3840.0
2022-09-27 17:00:00,0.991,0.536,-0.4549999999999999,-76.31488889,37.00213889,0204289994,USGS,IAN,2022,3900.0
2022-09-27 18:00:00,0.301,-0.153,-0.4539999999999999,-76.31488889,37.00213889,0204289994,USGS,IAN,2022,3960.0
2022-09-27 20:00:00,-0.719,-1.155,-0.436,-76.31488889,37.00213889,0204289994,USGS,IAN,2022,4080.0
2022-09-27 21:00:00,-0.709,-1.268,-0.559,-76.31488889,37.00213889,0204289994,USGS,IAN,2022,4140.0
2022-09-27 22:00:00,-0.419,-1.048,-0.629,-76.31488889,37.00213889,0204289994,USGS,IAN,2022,4200.0
2022-09-27 23:00:00,0.171,-0.493,-0.664,-76.31488889,37.00213889,0204289994,USGS,IAN,2022,4260.0
2022-09-28 00:00:00,0.841,0.223,-0.618,-76.31488889,37.00213889,0204289994,USGS,IAN,2022,4320.0
2022-09-28 01:00:00,1.321,0.812,-0.5089999999999999,-76.31488889,37.00213889,0204289994,USGS,IAN,2022,4380.0
2022-09-28 02:00:00,1.671,1.18,-0.4910000000000001,-76.31488889,37.00213889,0204289994,USGS,IAN,2022,4440.0
2022-09-28 03:00:00,1.791,1.244,-0.5469999999999999,-76.31488889,37.00213889,0204289994,USGS,IAN,2022,4500.0
2022-09-28 04:00:00,1.561,0.991,-0.57,-76.31488889,37.00213889,0204289994,USGS,IAN,2022,4560.0
2022-09-28 05:00:00,1.241,0.481,-0.7600000000000001,-76.31488889,37.00213889,0204289994,USGS,IAN,2022,4620.0
2022-09-28 06:00:00,0.681,-0.156,-0.8370000000000001,-76.31488889,37.00213889,0204289994,USGS,IAN,2022,4680.0
2022-09-28 07:00:00,0.101,-0.718,-0.819,-76.31488889,37.00213889,0204289994,USGS,IAN,2022,4740.0
2022-09-28 09:00:00,-0.539,-1.304,-0.765,-76.31488889,37.00213889,0204289994,USGS,IAN,2022,4860.0
2022-09-28 10:00:00,-0.529,-1.12,-0.5910000000000001,-76.31488889,37.00213889,0204289994,USGS,IAN,2022,4920.0
2022-09-28 11:00:00,-0.049,-0.553,-0.504,-76.31488889,37.00213889,0204289994,USGS,IAN,2022,4980.0
2022-09-28 12:00:00,0.551,0.227,-0.324,-76.31488889,37.00213889,0204289994,USGS,IAN,2022,5040.0
2022-09-28 13:00:00,1.291,0.901,-0.3899999999999999,-76.31488889,37.00213889,0204289994,USGS,IAN,2022,5100.0
2022-09-28 14:00:00,1.761,1.389,-0.3719999999999999,-76.31488889,37.00213889,0204289994,USGS,IAN,2022,5160.0
2022-09-28 15:00:00,2.041,1.587,-0.4539999999999999,-76.31488889,37.00213889,0204289994,USGS,IAN,2022,5220.0
2022-09-28 16:00:00,1.891,1.465,-0.4259999999999999,-76.31488889,37.00213889,0204289994,USGS,IAN,2022,5280.0
2022-09-28 17:00:00,1.491,1.05,-0.441,-76.31488889,37.00213889,0204289994,USGS,IAN,2022,5340.0
2022-09-28 18:00:00,0.801,0.403,-0.398,-76.31488889,37.00213889,0204289994,USGS,IAN,2022,5400.0
2022-09-28 19:00:00,-0.019,-0.284,-0.2649999999999999,-76.31488889,37.00213889,0204289994,USGS,IAN,2022,5460.0
2022-09-28 20:00:00,-0.649,-0.858,-0.2089999999999999,-76.31488889,37.00213889,0204289994,USGS,IAN,2022,5520.0
2022-09-28 21:00:00,-0.889,-1.202,-0.3129999999999999,-76.31488889,37.00213889,0204289994,USGS,IAN,2022,5580.0
2022-09-28 22:00:00,-0.829,-1.239,-0.4100000000000001,-76.31488889,37.00213889,0204289994,USGS,IAN,2022,5640.0
2022-09-28 23:00:00,-0.459,-0.94,-0.4809999999999999,-76.31488889,37.00213889,0204289994,USGS,IAN,2022,5700.0
2022-09-29 00:00:00,0.101,-0.335,-0.436,-76.31488889,37.00213889,0204289994,USGS,IAN,2022,5760.0
2022-09-29 01:00:00,0.641,0.355,-0.286,-76.31488889,37.00213889,0204289994,USGS,IAN,2022,5820.0
2022-09-29 02:00:00,1.131,0.886,-0.245,-76.31488889,37.00213889,0204289994,USGS,IAN,2022,5880.0
2022-09-29 03:00:00,1.571,1.183,-0.3879999999999999,-76.31488889,37.00213889,0204289994,USGS,IAN,2022,5940.0
2022-09-29 04:00:00,1.571,1.159,-0.4119999999999999,-76.31488889,37.00213889,0204289994,USGS,IAN,2022,6000.0
2022-09-29 05:00:00,1.301,0.848,-0.4529999999999999,-76.31488889,37.00213889,0204289994,USGS,IAN,2022,6060.0
2022-09-29 06:00:00,0.871,0.31,-0.5609999999999999,-76.31488889,37.00213889,0204289994,USGS,IAN,2022,6120.0
2022-09-29 07:00:00,0.211,-0.282,-0.493,-76.31488889,37.00213889,0204289994,USGS,IAN,2022,6180.0
2022-09-29 08:00:00,-0.299,-0.773,-0.474,-76.31488889,37.00213889,0204289994,USGS,IAN,2022,6240.0
2022-09-29 09:00:00,-0.549,-1.1,-0.551,-76.31488889,37.00213889,0204289994,USGS,IAN,2022,6300.0
2022-09-29 10:00:00,-0.429,-1.142,-0.7129999999999999,-76.31488889,37.00213889,0204289994,USGS,IAN,2022,6360.0
2022-09-29 11:00:00,-0.059,-0.839,-0.78,-76.31488889,37.00213889,0204289994,USGS,IAN,2022,6420.0
2022-09-29 12:00:00,0.481,-0.179,-0.6599999999999999,-76.31488889,37.00213889,0204289994,USGS,IAN,2022,6480.0
2022-09-29 13:00:00,1.161,0.555,-0.606,-76.31488889,37.00213889,0204289994,USGS,IAN,2022,6540.0
2022-09-29 14:00:00,1.811,1.181,-0.6299999999999999,-76.31488889,37.00213889,0204289994,USGS,IAN,2022,6600.0
2022-09-29 15:00:00,2.321,1.61,-0.7110000000000001,-76.31488889,37.00213889,0204289994,USGS,IAN,2022,6660.0
2022-09-29 16:00:00,2.531,1.753,-0.7780000000000002,-76.31488889,37.00213889,0204289994,USGS,IAN,2022,6720.0
2022-09-29 17:00:00,2.441,1.592,-0.8489999999999998,-76.31488889,37.00213889,0204289994,USGS,IAN,2022,6780.0
2022-09-29 18:00:00,2.081,1.162,-0.919,-76.31488889,37.00213889,0204289994,USGS,IAN,2022,6840.0
2022-09-29 19:00:00,1.431,0.501,-0.93,-76.31488889,37.00213889,0204289994,USGS,IAN,2022,6900.0
2022-09-29 20:00:00,0.751,-0.181,-0.932,-76.31488889,37.00213889,0204289994,USGS,IAN,2022,6960.0
2022-09-29 21:00:00,0.191,-0.718,-0.909,-76.31488889,37.00213889,0204289994,USGS,IAN,2022,7020.0
2022-09-29 22:00:00,0.091,-0.997,-1.088,-76.31488889,37.00213889,0204289994,USGS,IAN,2022,7080.0
2022-09-29 23:00:00,0.251,-0.923,-1.174,-76.31488889,37.00213889,0204289994,USGS,IAN,2022,7140.0
2022-09-30 00:00:00,0.601,-0.516,-1.117,-76.31488889,37.00213889,0204289994,USGS,IAN,2022,7200.0
2022-09-30 01:00:00,1.061,0.174,-0.887,-76.31488889,37.00213889,0204289994,USGS,IAN,2022,7260.0
2022-09-30 02:00:00,1.601,0.846,-0.755,-76.31488889,37.00213889,0204289994,USGS,IAN,2022,7320.0
2022-09-30 03:00:00,2.081,1.352,-0.7289999999999999,-76.31488889,37.00213889,0204289994,USGS,IAN,2022,7380.0
2022-09-30 04:00:00,2.421,1.604,-0.8169999999999997,-76.31488889,37.00213889,0204289994,USGS,IAN,2022,7440.0
2022-09-30 05:00:00,2.411,1.528,-0.883,-76.31488889,37.00213889,0204289994,USGS,IAN,2022,7500.0
2022-09-30 06:00:00,2.211,1.224,-0.987,-76.31488889,37.00213889,0204289994,USGS,IAN,2022,7560.0
2022-09-30 07:00:00,1.831,0.733,-1.098,-76.31488889,37.00213889,0204289994,USGS,IAN,2022,7620.0
2022-09-30 08:00:00,1.261,0.134,-1.1269999999999998,-76.31488889,37.00213889,0204289994,USGS,IAN,2022,7680.0
2022-09-30 09:00:00,0.941,-0.383,-1.3239999999999998,-76.31488889,37.00213889,0204289994,USGS,IAN,2022,7740.0
2022-09-30 10:00:00,0.671,-0.75,-1.421,-76.31488889,37.00213889,0204289994,USGS,IAN,2022,7800.0
2022-09-30 11:00:00,0.851,-0.852,-1.7029999999999998,-76.31488889,37.00213889,0204289994,USGS,IAN,2022,7860.0
2022-09-30 12:00:00,1.131,-0.545,-1.6760000000000002,-76.31488889,37.00213889,0204289994,USGS,IAN,2022,7920.0
2022-09-30 13:00:00,1.761,0.121,-1.64,-76.31488889,37.00213889,0204289994,USGS,IAN,2022,7980.0
2022-09-30 14:00:00,2.401,0.85,-1.5509999999999995,-76.31488889,37.00213889,0204289994,USGS,IAN,2022,8040.0
2022-09-30 15:00:00,3.031,1.445,-1.586,-76.31488889,37.00213889,0204289994,USGS,IAN,2022,8100.0
2022-09-30 16:00:00,3.531,1.818,-1.713,-76.31488889,37.00213889,0204289994,USGS,IAN,2022,8160.0
2022-09-30 17:00:00,3.781,1.891,-1.89,-76.31488889,37.00213889,0204289994,USGS,IAN,2022,8220.0
2022-09-30 18:00:00,3.901,1.694,-2.207,-76.31488889,37.00213889,0204289994,USGS,IAN,2022,8280.0
2022-09-30 19:00:00,3.721,1.279,-2.442,-76.31488889,37.00213889,0204289994,USGS,IAN,2022,8340.0
2022-09-30 20:00:00,3.401,0.656,-2.745,-76.31488889,37.00213889,0204289994,USGS,IAN,2022,8400.0
2022-09-30 21:00:00,3.051,0.026,-3.0250000000000004,-76.31488889,37.00213889,0204289994,USGS,IAN,2022,8460.0
2022-09-30 22:00:00,2.791,-0.461,-3.252,-76.31488889,37.00213889,0204289994,USGS,IAN,2022,8520.0
2022-09-30 23:00:00,2.851,-0.678,-3.529,-76.31488889,37.00213889,0204289994,USGS,IAN,2022,8580.0
2022-10-01 00:00:00,3.041,-0.621,-3.662,-76.31488889,37.00213889,0204289994,USGS,IAN,2022,8640.0
2022-10-01 01:00:00,3.391,-0.271,-3.662,-76.31488889,37.00213889,0204289994,USGS,IAN,2022,8700.0
2022-10-01 02:00:00,3.501,0.291,-3.21,-76.31488889,37.00213889,0204289994,USGS,IAN,2022,8760.0
2022-10-01 03:00:00,3.931,0.849,-3.082,-76.31488889,37.00213889,0204289994,USGS,IAN,2022,8820.0
2022-10-01 04:00:00,3.881,1.275,-2.606,-76.31488889,37.00213889,0204289994,USGS,IAN,2022,8880.0
2022-10-01 05:00:00,3.531,1.459,-2.072,-76.31488889,37.00213889,0204289994,USGS,IAN,2022,8940.0
2022-10-01 06:00:00,3.101,1.25,-1.851,-76.31488889,37.00213889,0204289994,USGS,IAN,2022,9000.0
2022-10-01 07:00:00,2.491,0.794,-1.697,-76.31488889,37.00213889,0204289994,USGS,IAN,2022,9060.0
2022-10-01 09:00:00,1.291,-0.405,-1.696,-76.31488889,37.00213889,0204289994,USGS,IAN,2022,9180.0
2022-10-01 10:00:00,0.911,-0.793,-1.7040000000000002,-76.31488889,37.00213889,0204289994,USGS,IAN,2022,9240.0
2022-10-01 11:00:00,0.781,-0.94,-1.721,-76.31488889,37.00213889,0204289994,USGS,IAN,2022,9300.0
2022-10-01 12:00:00,0.911,-0.835,-1.746,-76.31488889,37.00213889,0204289994,USGS,IAN,2022,9360.0
2022-10-01 13:00:00,1.291,-0.485,-1.7759999999999998,-76.31488889,37.00213889,0204289994,USGS,IAN,2022,9420.0
2022-10-01 14:00:00,1.861,0.2,-1.661,-76.31488889,37.00213889,0204289994,USGS,IAN,2022,9480.0
2022-10-01 15:00:00,2.331,0.921,-1.41,-76.31488889,37.00213889,0204289994,USGS,IAN,2022,9540.0
2022-10-01 16:00:00,2.831,1.487,-1.344,-76.31488889,37.00213889,0204289994,USGS,IAN,2022,9600.0
2022-10-01 17:00:00,3.061,1.748,-1.313,-76.31488889,37.00213889,0204289994,USGS,IAN,2022,9660.0
2022-10-01 18:00:00,3.111,1.705,-1.406,-76.31488889,37.00213889,0204289994,USGS,IAN,2022,9720.0
2022-10-01 19:00:00,2.801,1.381,-1.4200000000000002,-76.31488889,37.00213889,0204289994,USGS,IAN,2022,9780.0
2022-10-01 20:00:00,2.331,0.85,-1.481,-76.31488889,37.00213889,0204289994,USGS,IAN,2022,9840.0
2022-10-01 21:00:00,1.641,0.193,-1.448,-76.31488889,37.00213889,0204289994,USGS,IAN,2022,9900.0
2022-10-01 22:00:00,0.991,-0.341,-1.332,-76.31488889,37.00213889,0204289994,USGS,IAN,2022,9960.0
2022-10-01 23:00:00,0.551,-0.727,-1.278,-76.31488889,37.00213889,0204289994,USGS,IAN,2022,10020.0
2022-09-25 01:00:00,1.975,1.26,-0.7150000000000001,-76.0955833,36.9066111,0204292275,USGS,IAN,2022,60.0
2022-09-25 02:00:00,1.605,0.905,-0.7,-76.0955833,36.9066111,0204292275,USGS,IAN,2022,120.0
2022-09-25 03:00:00,1.095,0.422,-0.673,-76.0955833,36.9066111,0204292275,USGS,IAN,2022,180.0
2022-09-25 04:00:00,0.495,-0.146,-0.641,-76.0955833,36.9066111,0204292275,USGS,IAN,2022,240.0
2022-09-25 05:00:00,-0.035,-0.633,-0.598,-76.0955833,36.9066111,0204292275,USGS,IAN,2022,300.0
2022-09-25 06:00:00,-0.455,-1.002,-0.5469999999999999,-76.0955833,36.9066111,0204292275,USGS,IAN,2022,360.0
2022-09-25 08:00:00,-0.515,-0.896,-0.381,-76.0955833,36.9066111,0204292275,USGS,IAN,2022,480.0
2022-09-25 09:00:00,-0.135,-0.356,-0.2209999999999999,-76.0955833,36.9066111,0204292275,USGS,IAN,2022,540.0
2022-09-25 10:00:00,0.365,0.241,-0.124,-76.0955833,36.9066111,0204292275,USGS,IAN,2022,600.0
2022-09-25 11:00:00,0.825,0.737,-0.0879999999999999,-76.0955833,36.9066111,0204292275,USGS,IAN,2022,660.0
2022-09-25 12:00:00,1.125,1.039,-0.086,-76.0955833,36.9066111,0204292275,USGS,IAN,2022,720.0
2022-09-25 13:00:00,1.295,1.235,-0.0599999999999998,-76.0955833,36.9066111,0204292275,USGS,IAN,2022,780.0
2022-09-25 14:00:00,1.255,1.032,-0.2229999999999998,-76.0955833,36.9066111,0204292275,USGS,IAN,2022,840.0
2022-09-25 15:00:00,0.845,0.566,-0.279,-76.0955833,36.9066111,0204292275,USGS,IAN,2022,900.0
2022-09-25 16:00:00,0.215,0.011,-0.204,-76.0955833,36.9066111,0204292275,USGS,IAN,2022,960.0
2022-09-25 17:00:00,-0.275,-0.502,-0.2269999999999999,-76.0955833,36.9066111,0204292275,USGS,IAN,2022,1020.0
2022-09-25 18:00:00,-0.715,-0.915,-0.2,-76.0955833,36.9066111,0204292275,USGS,IAN,2022,1080.0
2022-09-25 19:00:00,-0.945,-1.139,-0.194,-76.0955833,36.9066111,0204292275,USGS,IAN,2022,1140.0
2022-09-25 20:00:00,-0.885,-1.024,-0.139,-76.0955833,36.9066111,0204292275,USGS,IAN,2022,1200.0
2022-09-25 21:00:00,-0.515,-0.501,0.014,-76.0955833,36.9066111,0204292275,USGS,IAN,2022,1260.0
2022-09-25 22:00:00,-0.055,0.098,0.153,-76.0955833,36.9066111,0204292275,USGS,IAN,2022,1320.0
2022-09-25 23:00:00,0.885,0.676,-0.2089999999999999,-76.0955833,36.9066111,0204292275,USGS,IAN,2022,1380.0
2022-09-26 00:00:00,1.055,1.009,-0.046,-76.0955833,36.9066111,0204292275,USGS,IAN,2022,1440.0
2022-09-26 01:00:00,1.225,1.276,0.0509999999999999,-76.0955833,36.9066111,0204292275,USGS,IAN,2022,1500.0
2022-09-26 02:00:00,0.975,1.199,0.2240000000000001,-76.0955833,36.9066111,0204292275,USGS,IAN,2022,1560.0
2022-09-26 03:00:00,0.505,0.756,0.251,-76.0955833,36.9066111,0204292275,USGS,IAN,2022,1620.0
2022-09-26 04:00:00,0.065,0.214,0.149,-76.0955833,36.9066111,0204292275,USGS,IAN,2022,1680.0
2022-09-26 05:00:00,-0.535,-0.366,0.169,-76.0955833,36.9066111,0204292275,USGS,IAN,2022,1740.0
2022-09-26 06:00:00,-1.005,-0.837,0.1679999999999999,-76.0955833,36.9066111,0204292275,USGS,IAN,2022,1800.0
2022-09-26 07:00:00,-1.275,-1.143,0.1319999999999999,-76.0955833,36.9066111,0204292275,USGS,IAN,2022,1860.0
2022-09-26 08:00:00,-1.365,-1.151,0.2139999999999999,-76.0955833,36.9066111,0204292275,USGS,IAN,2022,1920.0
2022-09-26 09:00:00,-0.985,-0.707,0.278,-76.0955833,36.9066111,0204292275,USGS,IAN,2022,1980.0
2022-09-26 10:00:00,-0.335,-0.087,0.248,-76.0955833,36.9066111,0204292275,USGS,IAN,2022,2040.0
2022-09-26 11:00:00,0.285,0.55,0.265,-76.0955833,36.9066111,0204292275,USGS,IAN,2022,2100.0
2022-09-26 12:00:00,0.825,0.957,0.132,-76.0955833,36.9066111,0204292275,USGS,IAN,2022,2160.0
2022-09-26 13:00:00,1.255,1.299,0.044,-76.0955833,36.9066111,0204292275,USGS,IAN,2022,2220.0
2022-09-26 14:00:00,1.465,1.406,-0.0590000000000001,-76.0955833,36.9066111,0204292275,USGS,IAN,2022,2280.0
2022-09-26 15:00:00,1.365,1.031,-0.3340000000000001,-76.0955833,36.9066111,0204292275,USGS,IAN,2022,2340.0
2022-09-26 16:00:00,0.895,0.495,-0.4,-76.0955833,36.9066111,0204292275,USGS,IAN,2022,2400.0
2022-09-26 17:00:00,0.375,-0.126,-0.501,-76.0955833,36.9066111,0204292275,USGS,IAN,2022,2460.0
2022-09-26 18:00:00,-0.105,-0.656,-0.551,-76.0955833,36.9066111,0204292275,USGS,IAN,2022,2520.0
2022-09-26 19:00:00,-0.505,-1.053,-0.5479999999999999,-76.0955833,36.9066111,0204292275,USGS,IAN,2022,2580.0
2022-09-26 20:00:00,-0.545,-1.209,-0.664,-76.0955833,36.9066111,0204292275,USGS,IAN,2022,2640.0
2022-09-26 21:00:00,-0.255,-0.96,-0.705,-76.0955833,36.9066111,0204292275,USGS,IAN,2022,2700.0
2022-09-26 22:00:00,0.305,-0.362,-0.667,-76.0955833,36.9066111,0204292275,USGS,IAN,2022,2760.0
2022-09-26 23:00:00,0.915,0.28,-0.635,-76.0955833,36.9066111,0204292275,USGS,IAN,2022,2820.0
2022-09-27 00:00:00,1.425,0.809,-0.616,-76.0955833,36.9066111,0204292275,USGS,IAN,2022,2880.0
2022-09-27 01:00:00,1.755,1.104,-0.6509999999999998,-76.0955833,36.9066111,0204292275,USGS,IAN,2022,2940.0
2022-09-27 02:00:00,1.855,1.309,-0.546,-76.0955833,36.9066111,0204292275,USGS,IAN,2022,3000.0
2022-09-27 03:00:00,1.705,1.058,-0.647,-76.0955833,36.9066111,0204292275,USGS,IAN,2022,3060.0
2022-09-27 04:00:00,1.205,0.546,-0.659,-76.0955833,36.9066111,0204292275,USGS,IAN,2022,3120.0
2022-09-27 05:00:00,0.665,-0.048,-0.7130000000000001,-76.0955833,36.9066111,0204292275,USGS,IAN,2022,3180.0
2022-09-27 06:00:00,0.075,-0.592,-0.6669999999999999,-76.0955833,36.9066111,0204292275,USGS,IAN,2022,3240.0
2022-09-27 07:00:00,-0.335,-1.023,-0.688,-76.0955833,36.9066111,0204292275,USGS,IAN,2022,3300.0
2022-09-27 08:00:00,-0.545,-1.246,-0.701,-76.0955833,36.9066111,0204292275,USGS,IAN,2022,3360.0
2022-09-27 09:00:00,-0.415,-1.081,-0.6659999999999999,-76.0955833,36.9066111,0204292275,USGS,IAN,2022,3420.0
2022-09-27 10:00:00,0.025,-0.467,-0.492,-76.0955833,36.9066111,0204292275,USGS,IAN,2022,3480.0
2022-09-27 11:00:00,0.565,0.219,-0.346,-76.0955833,36.9066111,0204292275,USGS,IAN,2022,3540.0
2022-09-27 12:00:00,1.145,0.772,-0.373,-76.0955833,36.9066111,0204292275,USGS,IAN,2022,3600.0
2022-09-27 13:00:00,1.685,1.205,-0.48,-76.0955833,36.9066111,0204292275,USGS,IAN,2022,3660.0
2022-09-27 14:00:00,2.025,1.533,-0.492,-76.0955833,36.9066111,0204292275,USGS,IAN,2022,3720.0
2022-09-27 15:00:00,1.985,1.451,-0.534,-76.0955833,36.9066111,0204292275,USGS,IAN,2022,3780.0
2022-09-27 16:00:00,1.555,0.981,-0.574,-76.0955833,36.9066111,0204292275,USGS,IAN,2022,3840.0
2022-09-27 17:00:00,1.075,0.386,-0.689,-76.0955833,36.9066111,0204292275,USGS,IAN,2022,3900.0
2022-09-27 18:00:00,0.415,-0.269,-0.6839999999999999,-76.0955833,36.9066111,0204292275,USGS,IAN,2022,3960.0
2022-09-27 19:00:00,-0.065,-0.789,-0.724,-76.0955833,36.9066111,0204292275,USGS,IAN,2022,4020.0
2022-09-27 20:00:00,-0.385,-1.144,-0.7589999999999999,-76.0955833,36.9066111,0204292275,USGS,IAN,2022,4080.0
2022-09-27 21:00:00,-0.425,-1.216,-0.7909999999999999,-76.0955833,36.9066111,0204292275,USGS,IAN,2022,4140.0
2022-09-27 22:00:00,-0.075,-0.831,-0.756,-76.0955833,36.9066111,0204292275,USGS,IAN,2022,4200.0
2022-09-27 23:00:00,0.455,-0.202,-0.657,-76.0955833,36.9066111,0204292275,USGS,IAN,2022,4260.0
2022-09-28 00:00:00,0.965,0.435,-0.53,-76.0955833,36.9066111,0204292275,USGS,IAN,2022,4320.0
2022-09-28 01:00:00,1.485,0.847,-0.6380000000000001,-76.0955833,36.9066111,0204292275,USGS,IAN,2022,4380.0
2022-09-28 03:00:00,1.865,1.241,-0.6239999999999999,-76.0955833,36.9066111,0204292275,USGS,IAN,2022,4500.0
2022-09-28 04:00:00,1.525,0.856,-0.6689999999999999,-76.0955833,36.9066111,0204292275,USGS,IAN,2022,4560.0
2022-09-28 05:00:00,1.265,0.34,-0.9249999999999998,-76.0955833,36.9066111,0204292275,USGS,IAN,2022,4620.0
2022-09-28 06:00:00,0.775,-0.27,-1.045,-76.0955833,36.9066111,0204292275,USGS,IAN,2022,4680.0
2022-09-28 07:00:00,0.305,-0.771,-1.076,-76.0955833,36.9066111,0204292275,USGS,IAN,2022,4740.0
2022-09-28 08:00:00,-0.035,-1.147,-1.112,-76.0955833,36.9066111,0204292275,USGS,IAN,2022,4800.0
2022-09-28 09:00:00,-0.225,-1.268,-1.043,-76.0955833,36.9066111,0204292275,USGS,IAN,2022,4860.0
2022-09-28 10:00:00,-0.045,-0.914,-0.869,-76.0955833,36.9066111,0204292275,USGS,IAN,2022,4920.0
2022-09-28 11:00:00,0.375,-0.24,-0.615,-76.0955833,36.9066111,0204292275,USGS,IAN,2022,4980.0
2022-09-28 12:00:00,0.965,0.47,-0.495,-76.0955833,36.9066111,0204292275,USGS,IAN,2022,5040.0
2022-09-28 13:00:00,1.575,0.974,-0.601,-76.0955833,36.9066111,0204292275,USGS,IAN,2022,5100.0
2022-09-28 14:00:00,1.975,1.413,-0.562,-76.0955833,36.9066111,0204292275,USGS,IAN,2022,5160.0
2022-09-28 15:00:00,2.155,1.674,-0.4809999999999998,-76.0955833,36.9066111,0204292275,USGS,IAN,2022,5220.0
2022-09-28 16:00:00,1.935,1.424,-0.5110000000000001,-76.0955833,36.9066111,0204292275,USGS,IAN,2022,5280.0
2022-09-28 17:00:00,1.485,0.899,-0.5860000000000001,-76.0955833,36.9066111,0204292275,USGS,IAN,2022,5340.0
2022-09-28 18:00:00,0.885,0.283,-0.6020000000000001,-76.0955833,36.9066111,0204292275,USGS,IAN,2022,5400.0
2022-09-28 19:00:00,0.235,-0.384,-0.619,-76.0955833,36.9066111,0204292275,USGS,IAN,2022,5460.0
2022-09-28 20:00:00,-0.255,-0.877,-0.622,-76.0955833,36.9066111,0204292275,USGS,IAN,2022,5520.0
2022-09-28 21:00:00,-0.545,-1.176,-0.6309999999999999,-76.0955833,36.9066111,0204292275,USGS,IAN,2022,5580.0
2022-09-28 22:00:00,-0.495,-1.163,-0.668,-76.0955833,36.9066111,0204292275,USGS,IAN,2022,5640.0
2022-09-28 23:00:00,-0.135,-0.696,-0.5609999999999999,-76.0955833,36.9066111,0204292275,USGS,IAN,2022,5700.0
2022-09-29 00:00:00,0.305,-0.067,-0.372,-76.0955833,36.9066111,0204292275,USGS,IAN,2022,5760.0
2022-09-29 01:00:00,0.855,0.541,-0.3139999999999999,-76.0955833,36.9066111,0204292275,USGS,IAN,2022,5820.0
2022-09-29 02:00:00,1.235,0.887,-0.3480000000000001,-76.0955833,36.9066111,0204292275,USGS,IAN,2022,5880.0
2022-09-29 03:00:00,1.595,1.155,-0.4399999999999999,-76.0955833,36.9066111,0204292275,USGS,IAN,2022,5940.0
2022-09-29 04:00:00,1.615,1.113,-0.502,-76.0955833,36.9066111,0204292275,USGS,IAN,2022,6000.0
2022-09-29 05:00:00,1.265,0.692,-0.573,-76.0955833,36.9066111,0204292275,USGS,IAN,2022,6060.0
2022-09-29 06:00:00,0.885,0.142,-0.743,-76.0955833,36.9066111,0204292275,USGS,IAN,2022,6120.0
2022-09-29 07:00:00,0.335,-0.393,-0.728,-76.0955833,36.9066111,0204292275,USGS,IAN,2022,6180.0
2022-09-29 08:00:00,-0.045,-0.837,-0.7919999999999999,-76.0955833,36.9066111,0204292275,USGS,IAN,2022,6240.0
2022-09-29 09:00:00,-0.295,-1.122,-0.8270000000000002,-76.0955833,36.9066111,0204292275,USGS,IAN,2022,6300.0
2022-09-29 10:00:00,-0.135,-1.094,-0.959,-76.0955833,36.9066111,0204292275,USGS,IAN,2022,6360.0
2022-09-29 11:00:00,0.205,-0.591,-0.7959999999999999,-76.0955833,36.9066111,0204292275,USGS,IAN,2022,6420.0
2022-09-29 12:00:00,0.765,0.069,-0.696,-76.0955833,36.9066111,0204292275,USGS,IAN,2022,6480.0
2022-09-29 13:00:00,1.445,0.745,-0.7000000000000001,-76.0955833,36.9066111,0204292275,USGS,IAN,2022,6540.0
2022-09-29 14:00:00,2.035,1.192,-0.8430000000000002,-76.0955833,36.9066111,0204292275,USGS,IAN,2022,6600.0
2022-09-29 15:00:00,2.485,1.66,-0.825,-76.0955833,36.9066111,0204292275,USGS,IAN,2022,6660.0
2022-09-29 16:00:00,2.705,1.85,-0.855,-76.0955833,36.9066111,0204292275,USGS,IAN,2022,6720.0
2022-09-29 17:00:00,2.585,1.504,-1.081,-76.0955833,36.9066111,0204292275,USGS,IAN,2022,6780.0
2022-09-29 18:00:00,2.155,0.973,-1.182,-76.0955833,36.9066111,0204292275,USGS,IAN,2022,6840.0
2022-09-29 19:00:00,1.625,0.343,-1.282,-76.0955833,36.9066111,0204292275,USGS,IAN,2022,6900.0
2022-09-29 20:00:00,1.095,-0.314,-1.409,-76.0955833,36.9066111,0204292275,USGS,IAN,2022,6960.0
2022-09-29 21:00:00,0.745,-0.774,-1.519,-76.0955833,36.9066111,0204292275,USGS,IAN,2022,7020.0
2022-09-29 22:00:00,0.565,-1.01,-1.575,-76.0955833,36.9066111,0204292275,USGS,IAN,2022,7080.0
2022-09-29 23:00:00,0.645,-0.876,-1.521,-76.0955833,36.9066111,0204292275,USGS,IAN,2022,7140.0
2022-09-30 00:00:00,0.985,-0.328,-1.313,-76.0955833,36.9066111,0204292275,USGS,IAN,2022,7200.0
2022-09-30 01:00:00,1.445,0.332,-1.113,-76.0955833,36.9066111,0204292275,USGS,IAN,2022,7260.0
2022-09-30 02:00:00,1.955,0.834,-1.121,-76.0955833,36.9066111,0204292275,USGS,IAN,2022,7320.0
2022-09-30 03:00:00,2.375,1.242,-1.133,-76.0955833,36.9066111,0204292275,USGS,IAN,2022,7380.0
2022-09-30 04:00:00,2.645,1.511,-1.134,-76.0955833,36.9066111,0204292275,USGS,IAN,2022,7440.0
2022-09-30 05:00:00,2.655,1.337,-1.3179999999999998,-76.0955833,36.9066111,0204292275,USGS,IAN,2022,7500.0
2022-09-30 06:00:00,2.315,0.911,-1.404,-76.0955833,36.9066111,0204292275,USGS,IAN,2022,7560.0
2022-09-30 07:00:00,1.855,0.426,-1.429,-76.0955833,36.9066111,0204292275,USGS,IAN,2022,7620.0
2022-09-30 08:00:00,1.475,-0.127,-1.602,-76.0955833,36.9066111,0204292275,USGS,IAN,2022,7680.0
2022-09-30 09:00:00,1.165,-0.568,-1.733,-76.0955833,36.9066111,0204292275,USGS,IAN,2022,7740.0
2022-09-30 10:00:00,1.005,-0.871,-1.876,-76.0955833,36.9066111,0204292275,USGS,IAN,2022,7800.0
2022-09-30 11:00:00,1.125,-0.861,-1.986,-76.0955833,36.9066111,0204292275,USGS,IAN,2022,7860.0
2022-09-30 12:00:00,1.475,-0.324,-1.7990000000000002,-76.0955833,36.9066111,0204292275,USGS,IAN,2022,7920.0
2022-09-30 13:00:00,2.015,0.346,-1.669,-76.0955833,36.9066111,0204292275,USGS,IAN,2022,7980.0
2022-09-30 14:00:00,2.655,0.905,-1.7499999999999998,-76.0955833,36.9066111,0204292275,USGS,IAN,2022,8040.0
2022-09-30 15:00:00,3.245,1.419,-1.826,-76.0955833,36.9066111,0204292275,USGS,IAN,2022,8100.0
2022-09-30 16:00:00,3.745,1.846,-1.899,-76.0955833,36.9066111,0204292275,USGS,IAN,2022,8160.0
2022-09-30 17:00:00,4.065,1.898,-2.1670000000000007,-76.0955833,36.9066111,0204292275,USGS,IAN,2022,8220.0
2022-09-30 18:00:00,3.975,1.514,-2.4610000000000003,-76.0955833,36.9066111,0204292275,USGS,IAN,2022,8280.0
2022-09-30 19:00:00,3.695,1.023,-2.672,-76.0955833,36.9066111,0204292275,USGS,IAN,2022,8340.0
2022-09-30 20:00:00,3.255,0.427,-2.828,-76.0955833,36.9066111,0204292275,USGS,IAN,2022,8400.0
2022-09-30 21:00:00,3.105,-0.194,-3.299,-76.0955833,36.9066111,0204292275,USGS,IAN,2022,8460.0
2022-09-30 22:00:00,2.975,-0.612,-3.587,-76.0955833,36.9066111,0204292275,USGS,IAN,2022,8520.0
2022-09-30 23:00:00,3.045,-0.8,-3.845,-76.0955833,36.9066111,0204292275,USGS,IAN,2022,8580.0
2022-10-01 00:00:00,3.105,-0.695,-3.8,-76.0955833,36.9066111,0204292275,USGS,IAN,2022,8640.0
2022-10-01 01:00:00,3.715,-0.252,-3.967,-76.0955833,36.9066111,0204292275,USGS,IAN,2022,8700.0
2022-10-01 02:00:00,3.515,0.303,-3.212,-76.0955833,36.9066111,0204292275,USGS,IAN,2022,8760.0
2022-10-01 03:00:00,3.925,0.79,-3.135,-76.0955833,36.9066111,0204292275,USGS,IAN,2022,8820.0
2022-10-01 04:00:00,3.875,1.106,-2.769,-76.0955833,36.9066111,0204292275,USGS,IAN,2022,8880.0
2022-10-01 05:00:00,3.435,1.3,-2.135,-76.0955833,36.9066111,0204292275,USGS,IAN,2022,8940.0
2022-10-01 06:00:00,3.155,1.031,-2.124,-76.0955833,36.9066111,0204292275,USGS,IAN,2022,9000.0
2022-10-01 07:00:00,2.545,0.529,-2.016,-76.0955833,36.9066111,0204292275,USGS,IAN,2022,9060.0
2022-10-01 08:00:00,2.045,-0.045,-2.09,-76.0955833,36.9066111,0204292275,USGS,IAN,2022,9120.0
2022-10-01 09:00:00,1.565,-0.539,-2.104,-76.0955833,36.9066111,0204292275,USGS,IAN,2022,9180.0
2022-10-01 10:00:00,1.155,-0.876,-2.031,-76.0955833,36.9066111,0204292275,USGS,IAN,2022,9240.0
2022-10-01 11:00:00,0.945,-0.967,-1.912,-76.0955833,36.9066111,0204292275,USGS,IAN,2022,9300.0
2022-10-01 12:00:00,1.125,-0.768,-1.893,-76.0955833,36.9066111,0204292275,USGS,IAN,2022,9360.0
2022-10-01 13:00:00,1.485,-0.254,-1.739,-76.0955833,36.9066111,0204292275,USGS,IAN,2022,9420.0
2022-10-01 14:00:00,2.035,0.427,-1.608,-76.0955833,36.9066111,0204292275,USGS,IAN,2022,9480.0
2022-10-01 15:00:00,2.525,0.983,-1.5419999999999998,-76.0955833,36.9066111,0204292275,USGS,IAN,2022,9540.0
2022-10-01 16:00:00,2.955,1.479,-1.476,-76.0955833,36.9066111,0204292275,USGS,IAN,2022,9600.0
2022-10-01 17:00:00,3.215,1.816,-1.3989999999999998,-76.0955833,36.9066111,0204292275,USGS,IAN,2022,9660.0
2022-10-01 18:00:00,3.105,1.681,-1.424,-76.0955833,36.9066111,0204292275,USGS,IAN,2022,9720.0
2022-10-01 19:00:00,2.715,1.208,-1.507,-76.0955833,36.9066111,0204292275,USGS,IAN,2022,9780.0
2022-10-01 20:00:00,2.305,0.672,-1.633,-76.0955833,36.9066111,0204292275,USGS,IAN,2022,9840.0
2022-10-01 21:00:00,1.705,0.054,-1.651,-76.0955833,36.9066111,0204292275,USGS,IAN,2022,9900.0
2022-10-01 22:00:00,1.255,-0.445,-1.7,-76.0955833,36.9066111,0204292275,USGS,IAN,2022,9960.0
2022-10-01 23:00:00,0.855,-0.782,-1.637,-76.0955833,36.9066111,0204292275,USGS,IAN,2022,10020.0
2022-09-25 01:00:00,0.425,0.048,-0.377,-75.83681,36.373759,02043433,USGS,IAN,2022,60.0
2022-09-25 02:00:00,0.455,0.051,-0.404,-75.83681,36.373759,02043433,USGS,IAN,2022,120.0
2022-09-25 03:00:00,0.495,0.057,-0.438,-75.83681,36.373759,02043433,USGS,IAN,2022,180.0
2022-09-25 04:00:00,0.535,0.062,-0.473,-75.83681,36.373759,02043433,USGS,IAN,2022,240.0
2022-09-25 05:00:00,0.585,0.066,-0.5189999999999999,-75.83681,36.373759,02043433,USGS,IAN,2022,300.0
2022-09-25 06:00:00,0.605,0.068,-0.5369999999999999,-75.83681,36.373759,02043433,USGS,IAN,2022,360.0
2022-09-25 07:00:00,0.645,0.07,-0.575,-75.83681,36.373759,02043433,USGS,IAN,2022,420.0
2022-09-25 08:00:00,0.665,0.071,-0.5940000000000001,-75.83681,36.373759,02043433,USGS,IAN,2022,480.0
2022-09-25 09:00:00,0.695,0.07,-0.625,-75.83681,36.373759,02043433,USGS,IAN,2022,540.0
2022-09-25 10:00:00,0.735,0.064,-0.671,-75.83681,36.373759,02043433,USGS,IAN,2022,600.0
2022-09-25 11:00:00,0.745,0.059,-0.6859999999999999,-75.83681,36.373759,02043433,USGS,IAN,2022,660.0
2022-09-25 12:00:00,0.815,0.055,-0.7599999999999999,-75.83681,36.373759,02043433,USGS,IAN,2022,720.0
2022-09-25 13:00:00,0.815,0.054,-0.7609999999999999,-75.83681,36.373759,02043433,USGS,IAN,2022,780.0
2022-09-25 14:00:00,0.875,0.057,-0.818,-75.83681,36.373759,02043433,USGS,IAN,2022,840.0
2022-09-25 15:00:00,0.915,0.062,-0.853,-75.83681,36.373759,02043433,USGS,IAN,2022,900.0
2022-09-25 16:00:00,0.985,0.067,-0.918,-75.83681,36.373759,02043433,USGS,IAN,2022,960.0
2022-09-25 17:00:00,1.035,0.071,-0.964,-75.83681,36.373759,02043433,USGS,IAN,2022,1020.0
2022-09-25 18:00:00,1.005,0.074,-0.931,-75.83681,36.373759,02043433,USGS,IAN,2022,1080.0
2022-09-25 19:00:00,1.015,0.075,-0.94,-75.83681,36.373759,02043433,USGS,IAN,2022,1140.0
2022-09-25 20:00:00,0.965,0.077,-0.888,-75.83681,36.373759,02043433,USGS,IAN,2022,1200.0
2022-09-25 21:00:00,0.995,0.077,-0.918,-75.83681,36.373759,02043433,USGS,IAN,2022,1260.0
2022-09-25 22:00:00,1.075,0.074,-1.001,-75.83681,36.373759,02043433,USGS,IAN,2022,1320.0
2022-09-25 23:00:00,1.085,0.068,-1.017,-75.83681,36.373759,02043433,USGS,IAN,2022,1380.0
2022-09-26 00:00:00,1.175,0.063,-1.112,-75.83681,36.373759,02043433,USGS,IAN,2022,1440.0
2022-09-26 01:00:00,1.155,0.061,-1.094,-75.83681,36.373759,02043433,USGS,IAN,2022,1500.0
2022-09-26 02:00:00,1.175,0.063,-1.112,-75.83681,36.373759,02043433,USGS,IAN,2022,1560.0
2022-09-26 03:00:00,1.275,0.068,-1.207,-75.83681,36.373759,02043433,USGS,IAN,2022,1620.0
2022-09-26 06:00:00,1.245,0.081,-1.164,-75.83681,36.373759,02043433,USGS,IAN,2022,1800.0
2022-09-26 07:00:00,1.235,0.082,-1.153,-75.83681,36.373759,02043433,USGS,IAN,2022,1860.0
2022-09-26 08:00:00,1.185,0.084,-1.101,-75.83681,36.373759,02043433,USGS,IAN,2022,1920.0
2022-09-26 09:00:00,1.115,0.085,-1.03,-75.83681,36.373759,02043433,USGS,IAN,2022,1980.0
2022-09-26 10:00:00,1.155,0.082,-1.073,-75.83681,36.373759,02043433,USGS,IAN,2022,2040.0
2022-09-26 11:00:00,1.175,0.077,-1.098,-75.83681,36.373759,02043433,USGS,IAN,2022,2100.0
2022-09-26 12:00:00,1.205,0.072,-1.133,-75.83681,36.373759,02043433,USGS,IAN,2022,2160.0
2022-09-26 13:00:00,1.215,0.068,-1.147,-75.83681,36.373759,02043433,USGS,IAN,2022,2220.0
2022-09-26 14:00:00,1.215,0.069,-1.146,-75.83681,36.373759,02043433,USGS,IAN,2022,2280.0
2022-09-26 15:00:00,1.165,0.074,-1.091,-75.83681,36.373759,02043433,USGS,IAN,2022,2340.0
2022-09-26 16:00:00,1.105,0.079,-1.026,-75.83681,36.373759,02043433,USGS,IAN,2022,2400.0
2022-09-26 17:00:00,1.075,0.083,-0.992,-75.83681,36.373759,02043433,USGS,IAN,2022,2460.0
2022-09-26 18:00:00,1.085,0.087,-0.998,-75.83681,36.373759,02043433,USGS,IAN,2022,2520.0
2022-09-26 19:00:00,1.085,0.09,-0.995,-75.83681,36.373759,02043433,USGS,IAN,2022,2580.0
2022-09-26 20:00:00,1.025,0.091,-0.934,-75.83681,36.373759,02043433,USGS,IAN,2022,2640.0
2022-09-26 21:00:00,0.995,0.093,-0.902,-75.83681,36.373759,02043433,USGS,IAN,2022,2700.0
2022-09-26 22:00:00,0.955,0.092,-0.863,-75.83681,36.373759,02043433,USGS,IAN,2022,2760.0
2022-09-26 23:00:00,0.955,0.088,-0.867,-75.83681,36.373759,02043433,USGS,IAN,2022,2820.0
2022-09-27 00:00:00,0.925,0.084,-0.8410000000000001,-75.83681,36.373759,02043433,USGS,IAN,2022,2880.0
2022-09-27 01:00:00,0.925,0.078,-0.8470000000000001,-75.83681,36.373759,02043433,USGS,IAN,2022,2940.0
2022-09-27 02:00:00,0.905,0.077,-0.8280000000000001,-75.83681,36.373759,02043433,USGS,IAN,2022,3000.0
2022-09-27 03:00:00,0.895,0.082,-0.8130000000000001,-75.83681,36.373759,02043433,USGS,IAN,2022,3060.0
2022-09-27 04:00:00,0.895,0.087,-0.808,-75.83681,36.373759,02043433,USGS,IAN,2022,3120.0
2022-09-27 05:00:00,0.895,0.091,-0.804,-75.83681,36.373759,02043433,USGS,IAN,2022,3180.0
2022-09-27 06:00:00,0.895,0.095,-0.8,-75.83681,36.373759,02043433,USGS,IAN,2022,3240.0
2022-09-27 07:00:00,0.915,0.097,-0.8180000000000001,-75.83681,36.373759,02043433,USGS,IAN,2022,3300.0
2022-09-27 08:00:00,0.935,0.099,-0.8360000000000001,-75.83681,36.373759,02043433,USGS,IAN,2022,3360.0
2022-09-27 09:00:00,0.895,0.101,-0.794,-75.83681,36.373759,02043433,USGS,IAN,2022,3420.0
2022-09-27 10:00:00,0.855,0.101,-0.754,-75.83681,36.373759,02043433,USGS,IAN,2022,3480.0
2022-09-27 11:00:00,0.855,0.096,-0.759,-75.83681,36.373759,02043433,USGS,IAN,2022,3540.0
2022-09-27 12:00:00,0.825,0.09,-0.735,-75.83681,36.373759,02043433,USGS,IAN,2022,3600.0
2022-09-27 13:00:00,0.785,0.085,-0.7000000000000001,-75.83681,36.373759,02043433,USGS,IAN,2022,3660.0
2022-09-27 14:00:00,0.755,0.084,-0.671,-75.83681,36.373759,02043433,USGS,IAN,2022,3720.0
2022-09-27 15:00:00,0.715,0.087,-0.628,-75.83681,36.373759,02043433,USGS,IAN,2022,3780.0
2022-09-27 16:00:00,0.695,0.092,-0.603,-75.83681,36.373759,02043433,USGS,IAN,2022,3840.0
2022-09-27 17:00:00,0.675,0.097,-0.5780000000000001,-75.83681,36.373759,02043433,USGS,IAN,2022,3900.0
2022-09-27 18:00:00,0.625,0.101,-0.524,-75.83681,36.373759,02043433,USGS,IAN,2022,3960.0
2022-09-27 19:00:00,0.605,0.105,-0.5,-75.83681,36.373759,02043433,USGS,IAN,2022,4020.0
2022-09-27 20:00:00,0.585,0.107,-0.478,-75.83681,36.373759,02043433,USGS,IAN,2022,4080.0
2022-09-27 21:00:00,0.575,0.109,-0.4659999999999999,-75.83681,36.373759,02043433,USGS,IAN,2022,4140.0
2022-09-27 22:00:00,0.575,0.11,-0.4649999999999999,-75.83681,36.373759,02043433,USGS,IAN,2022,4200.0
2022-09-27 23:00:00,0.575,0.108,-0.4669999999999999,-75.83681,36.373759,02043433,USGS,IAN,2022,4260.0
2022-09-28 00:00:00,0.595,0.105,-0.49,-75.83681,36.373759,02043433,USGS,IAN,2022,4320.0
2022-09-28 01:00:00,0.625,0.101,-0.524,-75.83681,36.373759,02043433,USGS,IAN,2022,4380.0
2022-09-28 02:00:00,0.655,0.094,-0.561,-75.83681,36.373759,02043433,USGS,IAN,2022,4440.0
2022-09-28 03:00:00,0.685,0.095,-0.5900000000000001,-75.83681,36.373759,02043433,USGS,IAN,2022,4500.0
2022-09-28 04:00:00,0.725,0.102,-0.623,-75.83681,36.373759,02043433,USGS,IAN,2022,4560.0
2022-09-28 05:00:00,0.725,0.106,-0.619,-75.83681,36.373759,02043433,USGS,IAN,2022,4620.0
2022-09-28 06:00:00,0.685,0.109,-0.5760000000000001,-75.83681,36.373759,02043433,USGS,IAN,2022,4680.0
2022-09-28 07:00:00,0.655,0.112,-0.543,-75.83681,36.373759,02043433,USGS,IAN,2022,4740.0
2022-09-28 08:00:00,0.675,0.115,-0.56,-75.83681,36.373759,02043433,USGS,IAN,2022,4800.0
2022-09-28 09:00:00,0.635,0.117,-0.518,-75.83681,36.373759,02043433,USGS,IAN,2022,4860.0
2022-09-28 10:00:00,0.595,0.119,-0.476,-75.83681,36.373759,02043433,USGS,IAN,2022,4920.0
2022-09-28 11:00:00,0.565,0.117,-0.4479999999999999,-75.83681,36.373759,02043433,USGS,IAN,2022,4980.0
2022-09-28 12:00:00,0.505,0.111,-0.394,-75.83681,36.373759,02043433,USGS,IAN,2022,5040.0
2022-09-28 13:00:00,0.415,0.104,-0.311,-75.83681,36.373759,02043433,USGS,IAN,2022,5100.0
2022-09-28 14:00:00,0.375,0.101,-0.274,-75.83681,36.373759,02043433,USGS,IAN,2022,5160.0
2022-09-28 15:00:00,0.335,0.101,-0.234,-75.83681,36.373759,02043433,USGS,IAN,2022,5220.0
2022-09-28 16:00:00,0.315,0.104,-0.211,-75.83681,36.373759,02043433,USGS,IAN,2022,5280.0
2022-09-28 17:00:00,0.285,0.109,-0.176,-75.83681,36.373759,02043433,USGS,IAN,2022,5340.0
2022-09-28 18:00:00,0.255,0.114,-0.141,-75.83681,36.373759,02043433,USGS,IAN,2022,5400.0
2022-09-28 19:00:00,0.245,0.119,-0.126,-75.83681,36.373759,02043433,USGS,IAN,2022,5460.0
2022-09-28 20:00:00,0.215,0.122,-0.093,-75.83681,36.373759,02043433,USGS,IAN,2022,5520.0
2022-09-28 21:00:00,0.185,0.124,-0.061,-75.83681,36.373759,02043433,USGS,IAN,2022,5580.0
2022-09-28 22:00:00,0.175,0.125,-0.0499999999999999,-75.83681,36.373759,02043433,USGS,IAN,2022,5640.0
2022-09-28 23:00:00,0.175,0.126,-0.0489999999999999,-75.83681,36.373759,02043433,USGS,IAN,2022,5700.0
2022-09-29 00:00:00,0.125,0.122,-0.003,-75.83681,36.373759,02043433,USGS,IAN,2022,5760.0
2022-09-29 01:00:00,0.095,0.118,0.0229999999999999,-75.83681,36.373759,02043433,USGS,IAN,2022,5820.0
2022-09-29 02:00:00,0.045,0.111,0.066,-75.83681,36.373759,02043433,USGS,IAN,2022,5880.0
2022-09-29 03:00:00,0.045,0.102,0.0569999999999999,-75.83681,36.373759,02043433,USGS,IAN,2022,5940.0
2022-09-29 04:00:00,0.035,0.096,0.061,-75.83681,36.373759,02043433,USGS,IAN,2022,6000.0
2022-09-29 05:00:00,-0.015,0.088,0.103,-75.83681,36.373759,02043433,USGS,IAN,2022,6060.0
2022-09-29 06:00:00,-0.055,0.078,0.133,-75.83681,36.373759,02043433,USGS,IAN,2022,6120.0
2022-09-29 07:00:00,-0.095,0.075,0.1699999999999999,-75.83681,36.373759,02043433,USGS,IAN,2022,6180.0
2022-09-29 08:00:00,-0.115,0.073,0.188,-75.83681,36.373759,02043433,USGS,IAN,2022,6240.0
2022-09-29 09:00:00,-0.165,0.074,0.239,-75.83681,36.373759,02043433,USGS,IAN,2022,6300.0
2022-09-29 10:00:00,-0.155,0.072,0.2269999999999999,-75.83681,36.373759,02043433,USGS,IAN,2022,6360.0
2022-09-29 11:00:00,-0.235,0.068,0.303,-75.83681,36.373759,02043433,USGS,IAN,2022,6420.0
2022-09-29 12:00:00,-0.265,0.063,0.328,-75.83681,36.373759,02043433,USGS,IAN,2022,6480.0
2022-09-29 13:00:00,-0.315,0.058,0.373,-75.83681,36.373759,02043433,USGS,IAN,2022,6540.0
2022-09-29 14:00:00,-0.315,0.055,0.37,-75.83681,36.373759,02043433,USGS,IAN,2022,6600.0
2022-09-29 15:00:00,-0.365,0.053,0.418,-75.83681,36.373759,02043433,USGS,IAN,2022,6660.0
2022-09-29 16:00:00,-0.435,0.052,0.487,-75.83681,36.373759,02043433,USGS,IAN,2022,6720.0
2022-09-29 17:00:00,-0.445,0.05,0.495,-75.83681,36.373759,02043433,USGS,IAN,2022,6780.0
2022-09-29 18:00:00,-0.475,0.048,0.523,-75.83681,36.373759,02043433,USGS,IAN,2022,6840.0
2022-09-29 19:00:00,-0.575,0.036,0.611,-75.83681,36.373759,02043433,USGS,IAN,2022,6900.0
2022-09-29 20:00:00,-0.605,0.018,0.623,-75.83681,36.373759,02043433,USGS,IAN,2022,6960.0
2022-09-29 21:00:00,-0.665,-0.013,0.652,-75.83681,36.373759,02043433,USGS,IAN,2022,7020.0
2022-09-29 22:00:00,-0.705,-0.055,0.6499999999999999,-75.83681,36.373759,02043433,USGS,IAN,2022,7080.0
2022-09-29 23:00:00,-0.755,-0.112,0.643,-75.83681,36.373759,02043433,USGS,IAN,2022,7140.0
2022-09-30 00:00:00,-0.825,-0.189,0.6359999999999999,-75.83681,36.373759,02043433,USGS,IAN,2022,7200.0
2022-09-30 01:00:00,-0.885,-0.252,0.633,-75.83681,36.373759,02043433,USGS,IAN,2022,7260.0
2022-09-30 02:00:00,-0.955,-0.308,0.647,-75.83681,36.373759,02043433,USGS,IAN,2022,7320.0
2022-09-30 03:00:00,-0.965,-0.367,0.598,-75.83681,36.373759,02043433,USGS,IAN,2022,7380.0
2022-09-30 04:00:00,-1.035,-0.445,0.5899999999999999,-75.83681,36.373759,02043433,USGS,IAN,2022,7440.0
2022-09-30 05:00:00,-1.055,-0.472,0.583,-75.83681,36.373759,02043433,USGS,IAN,2022,7500.0
2022-09-30 06:00:00,-1.145,-0.5,0.645,-75.83681,36.373759,02043433,USGS,IAN,2022,7560.0
2022-09-30 07:00:00,-1.205,-0.374,0.8310000000000001,-75.83681,36.373759,02043433,USGS,IAN,2022,7620.0
2022-09-30 08:00:00,-1.225,-0.229,0.996,-75.83681,36.373759,02043433,USGS,IAN,2022,7680.0
2022-09-30 10:00:00,-1.325,-0.039,1.286,-75.83681,36.373759,02043433,USGS,IAN,2022,7800.0
2022-09-30 11:00:00,-1.435,0.01,1.445,-75.83681,36.373759,02043433,USGS,IAN,2022,7860.0
2022-09-30 12:00:00,-1.455,0.033,1.488,-75.83681,36.373759,02043433,USGS,IAN,2022,7920.0
2022-09-30 22:00:00,-1.745,-0.185,1.56,-75.83681,36.373759,02043433,USGS,IAN,2022,8520.0
2022-09-30 23:00:00,-1.795,-0.201,1.594,-75.83681,36.373759,02043433,USGS,IAN,2022,8580.0
2022-10-01 00:00:00,-1.455,-0.209,1.246,-75.83681,36.373759,02043433,USGS,IAN,2022,8640.0
2022-10-01 01:00:00,-1.205,-0.244,0.961,-75.83681,36.373759,02043433,USGS,IAN,2022,8700.0
2022-10-01 02:00:00,-0.935,-0.286,0.649,-75.83681,36.373759,02043433,USGS,IAN,2022,8760.0
2022-10-01 03:00:00,-0.775,-0.31,0.465,-75.83681,36.373759,02043433,USGS,IAN,2022,8820.0
2022-10-01 04:00:00,-0.655,-0.294,0.361,-75.83681,36.373759,02043433,USGS,IAN,2022,8880.0
2022-10-01 05:00:00,-0.535,-0.166,0.369,-75.83681,36.373759,02043433,USGS,IAN,2022,8940.0
2022-10-01 06:00:00,-0.395,-0.003,0.392,-75.83681,36.373759,02043433,USGS,IAN,2022,9000.0
2022-10-01 07:00:00,-0.295,0.104,0.3989999999999999,-75.83681,36.373759,02043433,USGS,IAN,2022,9060.0
2022-10-01 08:00:00,-0.205,0.182,0.387,-75.83681,36.373759,02043433,USGS,IAN,2022,9120.0
2022-10-01 09:00:00,-0.115,0.215,0.33,-75.83681,36.373759,02043433,USGS,IAN,2022,9180.0
2022-10-01 10:00:00,-0.035,0.241,0.276,-75.83681,36.373759,02043433,USGS,IAN,2022,9240.0
2022-10-01 11:00:00,0.035,0.271,0.236,-75.83681,36.373759,02043433,USGS,IAN,2022,9300.0
2022-10-01 13:00:00,0.185,0.315,0.13,-75.83681,36.373759,02043433,USGS,IAN,2022,9420.0
2022-10-01 14:00:00,0.255,0.338,0.083,-75.83681,36.373759,02043433,USGS,IAN,2022,9480.0
2022-10-01 15:00:00,0.325,0.382,0.0569999999999999,-75.83681,36.373759,02043433,USGS,IAN,2022,9540.0
2022-10-01 16:00:00,0.405,0.41,0.0049999999999999,-75.83681,36.373759,02043433,USGS,IAN,2022,9600.0
2022-10-01 17:00:00,0.465,0.357,-0.108,-75.83681,36.373759,02043433,USGS,IAN,2022,9660.0
2022-10-01 18:00:00,0.565,0.353,-0.2119999999999999,-75.83681,36.373759,02043433,USGS,IAN,2022,9720.0
2022-10-01 19:00:00,0.625,0.392,-0.2329999999999999,-75.83681,36.373759,02043433,USGS,IAN,2022,9780.0
2022-10-01 20:00:00,0.665,0.431,-0.234,-75.83681,36.373759,02043433,USGS,IAN,2022,9840.0
2022-10-01 21:00:00,0.735,0.455,-0.2799999999999999,-75.83681,36.373759,02043433,USGS,IAN,2022,9900.0
2022-10-01 22:00:00,0.795,0.475,-0.32,-75.83681,36.373759,02043433,USGS,IAN,2022,9960.0
2022-10-01 23:00:00,0.835,0.496,-0.3389999999999999,-75.83681,36.373759,02043433,USGS,IAN,2022,10020.0
2022-09-25 01:00:00,0.701,-0.155,-0.856,-77.06194444,35.54222,02084472,USGS,IAN,2022,60.0
2022-09-25 02:00:00,0.711,-0.069,-0.78,-77.06194444,35.54222,02084472,USGS,IAN,2022,120.0
2022-09-25 03:00:00,0.831,0.082,-0.749,-77.06194444,35.54222,02084472,USGS,IAN,2022,180.0
2022-09-25 04:00:00,0.891,0.119,-0.772,-77.06194444,35.54222,02084472,USGS,IAN,2022,240.0
2022-09-25 05:00:00,0.851,0.2,-0.651,-77.06194444,35.54222,02084472,USGS,IAN,2022,300.0
2022-09-25 06:00:00,0.891,0.275,-0.616,-77.06194444,35.54222,02084472,USGS,IAN,2022,360.0
2022-09-25 07:00:00,0.951,0.326,-0.625,-77.06194444,35.54222,02084472,USGS,IAN,2022,420.0
2022-09-25 08:00:00,0.991,0.275,-0.716,-77.06194444,35.54222,02084472,USGS,IAN,2022,480.0
2022-09-25 09:00:00,0.791,0.118,-0.673,-77.06194444,35.54222,02084472,USGS,IAN,2022,540.0
2022-09-25 10:00:00,0.701,0.084,-0.617,-77.06194444,35.54222,02084472,USGS,IAN,2022,600.0
2022-09-25 11:00:00,0.641,0.012,-0.629,-77.06194444,35.54222,02084472,USGS,IAN,2022,660.0
2022-09-25 12:00:00,0.531,-0.08,-0.611,-77.06194444,35.54222,02084472,USGS,IAN,2022,720.0
2022-09-25 13:00:00,0.411,-0.142,-0.5529999999999999,-77.06194444,35.54222,02084472,USGS,IAN,2022,780.0
2022-09-25 14:00:00,0.361,-0.122,-0.483,-77.06194444,35.54222,02084472,USGS,IAN,2022,840.0
2022-09-25 15:00:00,0.401,0.017,-0.384,-77.06194444,35.54222,02084472,USGS,IAN,2022,900.0
2022-09-25 16:00:00,0.431,0.113,-0.318,-77.06194444,35.54222,02084472,USGS,IAN,2022,960.0
2022-09-25 17:00:00,0.401,0.175,-0.226,-77.06194444,35.54222,02084472,USGS,IAN,2022,1020.0
2022-09-25 18:00:00,0.371,0.255,-0.1159999999999999,-77.06194444,35.54222,02084472,USGS,IAN,2022,1080.0
2022-09-25 19:00:00,0.491,0.316,-0.175,-77.06194444,35.54222,02084472,USGS,IAN,2022,1140.0
2022-09-25 20:00:00,0.671,0.324,-0.347,-77.06194444,35.54222,02084472,USGS,IAN,2022,1200.0
2022-09-25 21:00:00,0.751,0.169,-0.582,-77.06194444,35.54222,02084472,USGS,IAN,2022,1260.0
2022-09-25 22:00:00,0.751,0.09,-0.661,-77.06194444,35.54222,02084472,USGS,IAN,2022,1320.0
2022-09-25 23:00:00,0.871,0.043,-0.828,-77.06194444,35.54222,02084472,USGS,IAN,2022,1380.0
2022-09-26 00:00:00,0.911,-0.053,-0.964,-77.06194444,35.54222,02084472,USGS,IAN,2022,1440.0
2022-09-26 01:00:00,0.721,-0.12,-0.841,-77.06194444,35.54222,02084472,USGS,IAN,2022,1500.0
2022-09-26 02:00:00,0.491,-0.14,-0.631,-77.06194444,35.54222,02084472,USGS,IAN,2022,1560.0
2022-09-26 03:00:00,0.271,-0.021,-0.292,-77.06194444,35.54222,02084472,USGS,IAN,2022,1620.0
2022-09-26 04:00:00,0.131,0.111,-0.02,-77.06194444,35.54222,02084472,USGS,IAN,2022,1680.0
2022-09-26 05:00:00,0.181,0.155,-0.0259999999999999,-77.06194444,35.54222,02084472,USGS,IAN,2022,1740.0
2022-09-26 06:00:00,0.391,0.24,-0.151,-77.06194444,35.54222,02084472,USGS,IAN,2022,1800.0
2022-09-26 07:00:00,0.651,0.312,-0.339,-77.06194444,35.54222,02084472,USGS,IAN,2022,1860.0
2022-09-26 08:00:00,0.851,0.346,-0.505,-77.06194444,35.54222,02084472,USGS,IAN,2022,1920.0
2022-09-26 09:00:00,0.841,0.231,-0.61,-77.06194444,35.54222,02084472,USGS,IAN,2022,1980.0
2022-09-26 10:00:00,0.671,0.102,-0.5690000000000001,-77.06194444,35.54222,02084472,USGS,IAN,2022,2040.0
2022-09-26 11:00:00,0.401,0.085,-0.316,-77.06194444,35.54222,02084472,USGS,IAN,2022,2100.0
2022-09-26 12:00:00,0.281,-0.017,-0.298,-77.06194444,35.54222,02084472,USGS,IAN,2022,2160.0
2022-09-26 13:00:00,0.371,-0.096,-0.4669999999999999,-77.06194444,35.54222,02084472,USGS,IAN,2022,2220.0
2022-09-26 14:00:00,0.321,-0.143,-0.4639999999999999,-77.06194444,35.54222,02084472,USGS,IAN,2022,2280.0
2022-09-26 15:00:00,0.181,-0.049,-0.2299999999999999,-77.06194444,35.54222,02084472,USGS,IAN,2022,2340.0
2022-09-26 16:00:00,0.111,0.105,-0.006,-77.06194444,35.54222,02084472,USGS,IAN,2022,2400.0
2022-09-26 17:00:00,0.301,0.15,-0.151,-77.06194444,35.54222,02084472,USGS,IAN,2022,2460.0
2022-09-26 18:00:00,0.501,0.235,-0.266,-77.06194444,35.54222,02084472,USGS,IAN,2022,2520.0
2022-09-26 19:00:00,0.751,0.32,-0.431,-77.06194444,35.54222,02084472,USGS,IAN,2022,2580.0
2022-09-26 20:00:00,1.081,0.378,-0.703,-77.06194444,35.54222,02084472,USGS,IAN,2022,2640.0
2022-09-26 21:00:00,1.331,0.316,-1.015,-77.06194444,35.54222,02084472,USGS,IAN,2022,2700.0
2022-09-26 22:00:00,1.471,0.154,-1.3170000000000002,-77.06194444,35.54222,02084472,USGS,IAN,2022,2760.0
2022-09-26 23:00:00,1.561,0.121,-1.44,-77.06194444,35.54222,02084472,USGS,IAN,2022,2820.0
2022-09-27 00:00:00,1.421,0.034,-1.387,-77.06194444,35.54222,02084472,USGS,IAN,2022,2880.0
2022-09-27 01:00:00,1.121,-0.06,-1.181,-77.06194444,35.54222,02084472,USGS,IAN,2022,2940.0
2022-09-27 02:00:00,0.761,-0.127,-0.888,-77.06194444,35.54222,02084472,USGS,IAN,2022,3000.0
2022-09-27 03:00:00,0.441,-0.11,-0.551,-77.06194444,35.54222,02084472,USGS,IAN,2022,3060.0
2022-09-27 04:00:00,0.321,0.024,-0.297,-77.06194444,35.54222,02084472,USGS,IAN,2022,3120.0
2022-09-27 05:00:00,0.351,0.136,-0.2149999999999999,-77.06194444,35.54222,02084472,USGS,IAN,2022,3180.0
2022-09-27 06:00:00,0.381,0.194,-0.187,-77.06194444,35.54222,02084472,USGS,IAN,2022,3240.0
2022-09-27 07:00:00,0.581,0.279,-0.3019999999999999,-77.06194444,35.54222,02084472,USGS,IAN,2022,3300.0
2022-09-27 08:00:00,0.861,0.343,-0.518,-77.06194444,35.54222,02084472,USGS,IAN,2022,3360.0
2022-09-27 09:00:00,1.011,0.34,-0.6709999999999998,-77.06194444,35.54222,02084472,USGS,IAN,2022,3420.0
2022-09-27 10:00:00,1.001,0.17,-0.8309999999999998,-77.06194444,35.54222,02084472,USGS,IAN,2022,3480.0
2022-09-27 11:00:00,0.981,0.117,-0.864,-77.06194444,35.54222,02084472,USGS,IAN,2022,3540.0
2022-09-27 12:00:00,1.021,0.051,-0.97,-77.06194444,35.54222,02084472,USGS,IAN,2022,3600.0
2022-09-27 13:00:00,0.761,-0.046,-0.807,-77.06194444,35.54222,02084472,USGS,IAN,2022,3660.0
2022-09-27 14:00:00,0.441,-0.113,-0.554,-77.06194444,35.54222,02084472,USGS,IAN,2022,3720.0
2022-09-27 15:00:00,0.411,-0.114,-0.525,-77.06194444,35.54222,02084472,USGS,IAN,2022,3780.0
2022-09-27 16:00:00,0.611,0.042,-0.569,-77.06194444,35.54222,02084472,USGS,IAN,2022,3840.0
2022-09-27 17:00:00,0.901,0.152,-0.749,-77.06194444,35.54222,02084472,USGS,IAN,2022,3900.0
2022-09-27 18:00:00,1.001,0.199,-0.8019999999999998,-77.06194444,35.54222,02084472,USGS,IAN,2022,3960.0
2022-09-27 19:00:00,1.061,0.303,-0.758,-77.06194444,35.54222,02084472,USGS,IAN,2022,4020.0
2022-09-27 20:00:00,1.151,0.38,-0.771,-77.06194444,35.54222,02084472,USGS,IAN,2022,4080.0
2022-09-27 21:00:00,1.141,0.415,-0.726,-77.06194444,35.54222,02084472,USGS,IAN,2022,4140.0
2022-09-27 22:00:00,1.131,0.297,-0.8340000000000001,-77.06194444,35.54222,02084472,USGS,IAN,2022,4200.0
2022-09-27 23:00:00,1.131,0.16,-0.971,-77.06194444,35.54222,02084472,USGS,IAN,2022,4260.0
2022-09-28 00:00:00,1.061,0.132,-0.929,-77.06194444,35.54222,02084472,USGS,IAN,2022,4320.0
2022-09-28 01:00:00,0.931,0.024,-0.907,-77.06194444,35.54222,02084472,USGS,IAN,2022,4380.0
2022-09-28 02:00:00,0.731,-0.069,-0.8,-77.06194444,35.54222,02084472,USGS,IAN,2022,4440.0
2022-09-28 03:00:00,0.581,-0.125,-0.706,-77.06194444,35.54222,02084472,USGS,IAN,2022,4500.0
2022-09-28 04:00:00,0.471,-0.079,-0.5499999999999999,-77.06194444,35.54222,02084472,USGS,IAN,2022,4560.0
2022-09-28 05:00:00,0.461,0.062,-0.399,-77.06194444,35.54222,02084472,USGS,IAN,2022,4620.0
2022-09-28 06:00:00,0.501,0.165,-0.3359999999999999,-77.06194444,35.54222,02084472,USGS,IAN,2022,4680.0
2022-09-28 07:00:00,0.521,0.228,-0.293,-77.06194444,35.54222,02084472,USGS,IAN,2022,4740.0
2022-09-28 08:00:00,0.591,0.309,-0.282,-77.06194444,35.54222,02084472,USGS,IAN,2022,4800.0
2022-09-28 09:00:00,0.751,0.363,-0.388,-77.06194444,35.54222,02084472,USGS,IAN,2022,4860.0
2022-09-28 10:00:00,0.891,0.297,-0.5940000000000001,-77.06194444,35.54222,02084472,USGS,IAN,2022,4920.0
2022-09-28 11:00:00,0.951,0.137,-0.814,-77.06194444,35.54222,02084472,USGS,IAN,2022,4980.0
2022-09-28 12:00:00,0.921,0.119,-0.802,-77.06194444,35.54222,02084472,USGS,IAN,2022,5040.0
2022-09-28 13:00:00,0.661,0.013,-0.648,-77.06194444,35.54222,02084472,USGS,IAN,2022,5100.0
2022-09-28 14:00:00,0.461,-0.068,-0.529,-77.06194444,35.54222,02084472,USGS,IAN,2022,5160.0
2022-09-28 15:00:00,0.461,-0.123,-0.5840000000000001,-77.06194444,35.54222,02084472,USGS,IAN,2022,5220.0
2022-09-28 16:00:00,0.681,-0.062,-0.7430000000000001,-77.06194444,35.54222,02084472,USGS,IAN,2022,5280.0
2022-09-28 17:00:00,1.061,0.118,-0.943,-77.06194444,35.54222,02084472,USGS,IAN,2022,5340.0
2022-09-28 18:00:00,1.321,0.175,-1.146,-77.06194444,35.54222,02084472,USGS,IAN,2022,5400.0
2022-09-28 19:00:00,1.431,0.271,-1.16,-77.06194444,35.54222,02084472,USGS,IAN,2022,5460.0
2022-09-28 20:00:00,1.441,0.367,-1.074,-77.06194444,35.54222,02084472,USGS,IAN,2022,5520.0
2022-09-28 21:00:00,1.441,0.422,-1.019,-77.06194444,35.54222,02084472,USGS,IAN,2022,5580.0
2022-09-28 22:00:00,1.371,0.425,-0.946,-77.06194444,35.54222,02084472,USGS,IAN,2022,5640.0
2022-09-28 23:00:00,1.231,0.286,-0.945,-77.06194444,35.54222,02084472,USGS,IAN,2022,5700.0
2022-09-29 00:00:00,1.101,0.177,-0.924,-77.06194444,35.54222,02084472,USGS,IAN,2022,5760.0
2022-09-29 01:00:00,1.211,0.131,-1.08,-77.06194444,35.54222,02084472,USGS,IAN,2022,5820.0
2022-09-29 02:00:00,1.261,0.031,-1.23,-77.06194444,35.54222,02084472,USGS,IAN,2022,5880.0
2022-09-29 03:00:00,1.221,-0.029,-1.25,-77.06194444,35.54222,02084472,USGS,IAN,2022,5940.0
2022-09-29 04:00:00,1.061,-0.004,-1.065,-77.06194444,35.54222,02084472,USGS,IAN,2022,6000.0
2022-09-29 05:00:00,0.891,0.156,-0.735,-77.06194444,35.54222,02084472,USGS,IAN,2022,6060.0
2022-09-29 06:00:00,0.981,0.39,-0.591,-77.06194444,35.54222,02084472,USGS,IAN,2022,6120.0
2022-09-29 07:00:00,1.151,0.581,-0.5700000000000001,-77.06194444,35.54222,02084472,USGS,IAN,2022,6180.0
2022-09-29 08:00:00,1.231,0.757,-0.4740000000000001,-77.06194444,35.54222,02084472,USGS,IAN,2022,6240.0
2022-09-29 09:00:00,1.271,0.926,-0.3449999999999998,-77.06194444,35.54222,02084472,USGS,IAN,2022,6300.0
2022-09-29 10:00:00,1.261,1.065,-0.1959999999999999,-77.06194444,35.54222,02084472,USGS,IAN,2022,6360.0
2022-09-29 11:00:00,1.251,1.12,-0.1309999999999997,-77.06194444,35.54222,02084472,USGS,IAN,2022,6420.0
2022-09-29 12:00:00,1.251,1.091,-0.1599999999999999,-77.06194444,35.54222,02084472,USGS,IAN,2022,6480.0
2022-09-29 13:00:00,1.241,1.09,-0.151,-77.06194444,35.54222,02084472,USGS,IAN,2022,6540.0
2022-09-29 14:00:00,1.211,1.058,-0.153,-77.06194444,35.54222,02084472,USGS,IAN,2022,6600.0
2022-09-29 15:00:00,1.281,1.023,-0.258,-77.06194444,35.54222,02084472,USGS,IAN,2022,6660.0
2022-09-29 16:00:00,1.421,1.024,-0.397,-77.06194444,35.54222,02084472,USGS,IAN,2022,6720.0
2022-09-29 17:00:00,1.621,1.126,-0.4950000000000001,-77.06194444,35.54222,02084472,USGS,IAN,2022,6780.0
2022-09-29 18:00:00,1.851,1.221,-0.6299999999999999,-77.06194444,35.54222,02084472,USGS,IAN,2022,6840.0
2022-09-29 19:00:00,1.971,1.312,-0.659,-77.06194444,35.54222,02084472,USGS,IAN,2022,6900.0
2022-09-29 20:00:00,2.041,1.496,-0.5449999999999999,-77.06194444,35.54222,02084472,USGS,IAN,2022,6960.0
2022-09-29 21:00:00,2.121,1.73,-0.391,-77.06194444,35.54222,02084472,USGS,IAN,2022,7020.0
2022-09-29 22:00:00,2.111,1.988,-0.1230000000000002,-77.06194444,35.54222,02084472,USGS,IAN,2022,7080.0
2022-09-29 23:00:00,2.011,2.289,0.278,-77.06194444,35.54222,02084472,USGS,IAN,2022,7140.0
2022-09-30 00:00:00,1.861,2.584,0.7230000000000001,-77.06194444,35.54222,02084472,USGS,IAN,2022,7200.0
2022-09-30 01:00:00,1.781,2.858,1.0770000000000002,-77.06194444,35.54222,02084472,USGS,IAN,2022,7260.0
2022-09-30 02:00:00,1.841,3.088,1.247,-77.06194444,35.54222,02084472,USGS,IAN,2022,7320.0
2022-09-30 03:00:00,1.921,3.259,1.338,-77.06194444,35.54222,02084472,USGS,IAN,2022,7380.0
2022-09-30 04:00:00,2.011,3.395,1.384,-77.06194444,35.54222,02084472,USGS,IAN,2022,7440.0
2022-09-30 05:00:00,1.921,3.522,1.6009999999999998,-77.06194444,35.54222,02084472,USGS,IAN,2022,7500.0
2022-09-30 06:00:00,1.841,3.634,1.793,-77.06194444,35.54222,02084472,USGS,IAN,2022,7560.0
2022-09-30 07:00:00,1.931,3.711,1.7799999999999998,-77.06194444,35.54222,02084472,USGS,IAN,2022,7620.0
2022-09-30 08:00:00,1.981,3.694,1.713,-77.06194444,35.54222,02084472,USGS,IAN,2022,7680.0
2022-09-30 09:00:00,1.901,3.559,1.658,-77.06194444,35.54222,02084472,USGS,IAN,2022,7740.0
2022-09-30 10:00:00,1.871,3.346,1.475,-77.06194444,35.54222,02084472,USGS,IAN,2022,7800.0
2022-09-30 11:00:00,1.981,3.124,1.143,-77.06194444,35.54222,02084472,USGS,IAN,2022,7860.0
2022-09-30 12:00:00,2.001,2.924,0.923,-77.06194444,35.54222,02084472,USGS,IAN,2022,7920.0
2022-09-30 13:00:00,2.001,2.777,0.7760000000000002,-77.06194444,35.54222,02084472,USGS,IAN,2022,7980.0
2022-09-30 14:00:00,2.091,2.736,0.645,-77.06194444,35.54222,02084472,USGS,IAN,2022,8040.0
2022-09-30 15:00:00,2.431,2.787,0.3559999999999998,-77.06194444,35.54222,02084472,USGS,IAN,2022,8100.0
2022-09-30 16:00:00,2.621,2.92,0.2989999999999999,-77.06194444,35.54222,02084472,USGS,IAN,2022,8160.0
2022-09-30 17:00:00,2.571,3.29,0.7189999999999999,-77.06194444,35.54222,02084472,USGS,IAN,2022,8220.0
2022-09-30 18:00:00,2.711,3.639,0.928,-77.06194444,35.54222,02084472,USGS,IAN,2022,8280.0
2022-09-30 19:00:00,2.971,3.963,0.992,-77.06194444,35.54222,02084472,USGS,IAN,2022,8340.0
2022-09-30 20:00:00,3.041,4.316,1.275,-77.06194444,35.54222,02084472,USGS,IAN,2022,8400.0
2022-09-30 21:00:00,2.821,4.672,1.8509999999999995,-77.06194444,35.54222,02084472,USGS,IAN,2022,8460.0
2022-09-30 22:00:00,3.321,5.024,1.7029999999999998,-77.06194444,35.54222,02084472,USGS,IAN,2022,8520.0
2022-09-30 23:00:00,3.471,5.33,1.859,-77.06194444,35.54222,02084472,USGS,IAN,2022,8580.0
2022-10-01 00:00:00,3.471,5.522,2.051,-77.06194444,35.54222,02084472,USGS,IAN,2022,8640.0
2022-10-01 01:00:00,3.421,5.599,2.1780000000000004,-77.06194444,35.54222,02084472,USGS,IAN,2022,8700.0
2022-10-01 02:00:00,3.281,5.255,1.974,-77.06194444,35.54222,02084472,USGS,IAN,2022,8760.0
2022-10-01 03:00:00,3.001,4.865,1.8640000000000003,-77.06194444,35.54222,02084472,USGS,IAN,2022,8820.0
2022-10-01 04:00:00,2.661,4.367,1.706,-77.06194444,35.54222,02084472,USGS,IAN,2022,8880.0
2022-10-01 05:00:00,2.361,3.824,1.4629999999999996,-77.06194444,35.54222,02084472,USGS,IAN,2022,8940.0
2022-10-01 06:00:00,2.091,3.275,1.1839999999999995,-77.06194444,35.54222,02084472,USGS,IAN,2022,9000.0
2022-10-01 07:00:00,1.921,2.752,0.8309999999999997,-77.06194444,35.54222,02084472,USGS,IAN,2022,9060.0
2022-10-01 08:00:00,1.831,2.282,0.451,-77.06194444,35.54222,02084472,USGS,IAN,2022,9120.0
2022-10-01 09:00:00,1.771,1.85,0.0790000000000001,-77.06194444,35.54222,02084472,USGS,IAN,2022,9180.0
2022-10-01 10:00:00,1.801,1.474,-0.3269999999999999,-77.06194444,35.54222,02084472,USGS,IAN,2022,9240.0
2022-10-01 11:00:00,1.921,1.101,-0.8200000000000001,-77.06194444,35.54222,02084472,USGS,IAN,2022,9300.0
2022-10-01 12:00:00,1.991,0.85,-1.141,-77.06194444,35.54222,02084472,USGS,IAN,2022,9360.0
2022-10-01 13:00:00,2.021,0.64,-1.3809999999999998,-77.06194444,35.54222,02084472,USGS,IAN,2022,9420.0
2022-10-01 14:00:00,2.021,0.483,-1.5379999999999998,-77.06194444,35.54222,02084472,USGS,IAN,2022,9480.0
2022-10-01 15:00:00,1.971,0.451,-1.52,-77.06194444,35.54222,02084472,USGS,IAN,2022,9540.0
2022-10-01 16:00:00,1.861,0.596,-1.265,-77.06194444,35.54222,02084472,USGS,IAN,2022,9600.0
2022-10-01 17:00:00,1.731,0.747,-0.984,-77.06194444,35.54222,02084472,USGS,IAN,2022,9660.0
2022-10-01 18:00:00,1.601,0.798,-0.8029999999999999,-77.06194444,35.54222,02084472,USGS,IAN,2022,9720.0
2022-10-01 19:00:00,1.521,0.943,-0.578,-77.06194444,35.54222,02084472,USGS,IAN,2022,9780.0
2022-10-01 20:00:00,1.581,1.14,-0.441,-77.06194444,35.54222,02084472,USGS,IAN,2022,9840.0
2022-10-01 21:00:00,1.611,0.967,-0.644,-77.06194444,35.54222,02084472,USGS,IAN,2022,9900.0
2022-10-01 22:00:00,1.591,0.658,-0.933,-77.06194444,35.54222,02084472,USGS,IAN,2022,9960.0
2022-10-01 23:00:00,1.571,0.566,-1.005,-77.06194444,35.54222,02084472,USGS,IAN,2022,10020.0
2022-09-25 01:00:00,1.319,0.0,-1.319,-79.0047569,33.6871151,02110725,USGS,IAN,2022,60.0
2022-09-25 02:00:00,1.519,0.15,-1.369,-79.0047569,33.6871151,02110725,USGS,IAN,2022,120.0
2022-09-25 03:00:00,1.639,0.314,-1.325,-79.0047569,33.6871151,02110725,USGS,IAN,2022,180.0
2022-09-25 04:00:00,1.589,0.453,-1.136,-79.0047569,33.6871151,02110725,USGS,IAN,2022,240.0
2022-09-25 05:00:00,1.469,0.482,-0.987,-79.0047569,33.6871151,02110725,USGS,IAN,2022,300.0
2022-09-25 06:00:00,1.469,0.49,-0.979,-79.0047569,33.6871151,02110725,USGS,IAN,2022,360.0
2022-09-25 07:00:00,1.339,0.42,-0.919,-79.0047569,33.6871151,02110725,USGS,IAN,2022,420.0
2022-09-25 08:00:00,1.099,0.302,-0.7969999999999999,-79.0047569,33.6871151,02110725,USGS,IAN,2022,480.0
2022-09-25 09:00:00,0.819,0.174,-0.645,-79.0047569,33.6871151,02110725,USGS,IAN,2022,540.0
2022-09-25 10:00:00,0.499,0.043,-0.456,-79.0047569,33.6871151,02110725,USGS,IAN,2022,600.0
2022-09-25 11:00:00,0.199,-0.044,-0.243,-79.0047569,33.6871151,02110725,USGS,IAN,2022,660.0
2022-09-25 12:00:00,0.329,-0.01,-0.339,-79.0047569,33.6871151,02110725,USGS,IAN,2022,720.0
2022-09-25 13:00:00,0.879,0.025,-0.854,-79.0047569,33.6871151,02110725,USGS,IAN,2022,780.0
2022-09-25 14:00:00,1.269,0.14,-1.129,-79.0047569,33.6871151,02110725,USGS,IAN,2022,840.0
2022-09-25 15:00:00,1.479,0.298,-1.181,-79.0047569,33.6871151,02110725,USGS,IAN,2022,900.0
2022-09-25 16:00:00,1.529,0.447,-1.082,-79.0047569,33.6871151,02110725,USGS,IAN,2022,960.0
2022-09-25 17:00:00,1.379,0.498,-0.881,-79.0047569,33.6871151,02110725,USGS,IAN,2022,1020.0
2022-09-25 18:00:00,1.359,0.505,-0.854,-79.0047569,33.6871151,02110725,USGS,IAN,2022,1080.0
2022-09-25 19:00:00,1.299,0.453,-0.8459999999999999,-79.0047569,33.6871151,02110725,USGS,IAN,2022,1140.0
2022-09-25 20:00:00,1.009,0.336,-0.6729999999999998,-79.0047569,33.6871151,02110725,USGS,IAN,2022,1200.0
2022-09-25 21:00:00,0.679,0.209,-0.4700000000000001,-79.0047569,33.6871151,02110725,USGS,IAN,2022,1260.0
2022-09-25 22:00:00,0.299,0.076,-0.2229999999999999,-79.0047569,33.6871151,02110725,USGS,IAN,2022,1320.0
2022-09-25 23:00:00,0.019,-0.041,-0.06,-79.0047569,33.6871151,02110725,USGS,IAN,2022,1380.0
2022-09-26 00:00:00,0.209,-0.022,-0.2309999999999999,-79.0047569,33.6871151,02110725,USGS,IAN,2022,1440.0
2022-09-26 01:00:00,0.879,0.0,-0.879,-79.0047569,33.6871151,02110725,USGS,IAN,2022,1500.0
2022-09-26 02:00:00,1.279,0.087,-1.192,-79.0047569,33.6871151,02110725,USGS,IAN,2022,1560.0
2022-09-26 03:00:00,1.479,0.244,-1.235,-79.0047569,33.6871151,02110725,USGS,IAN,2022,1620.0
2022-09-26 04:00:00,1.519,0.406,-1.113,-79.0047569,33.6871151,02110725,USGS,IAN,2022,1680.0
2022-09-26 05:00:00,1.389,0.513,-0.876,-79.0047569,33.6871151,02110725,USGS,IAN,2022,1740.0
2022-09-26 06:00:00,1.369,0.517,-0.852,-79.0047569,33.6871151,02110725,USGS,IAN,2022,1800.0
2022-09-26 07:00:00,1.289,0.501,-0.7879999999999999,-79.0047569,33.6871151,02110725,USGS,IAN,2022,1860.0
2022-09-26 08:00:00,1.029,0.4,-0.6289999999999999,-79.0047569,33.6871151,02110725,USGS,IAN,2022,1920.0
2022-09-26 09:00:00,0.729,0.275,-0.4539999999999999,-79.0047569,33.6871151,02110725,USGS,IAN,2022,1980.0
2022-09-26 10:00:00,0.349,0.143,-0.206,-79.0047569,33.6871151,02110725,USGS,IAN,2022,2040.0
2022-09-26 11:00:00,-0.041,0.014,0.055,-79.0047569,33.6871151,02110725,USGS,IAN,2022,2100.0
2022-09-26 12:00:00,-0.201,-0.001,0.2,-79.0047569,33.6871151,02110725,USGS,IAN,2022,2160.0
2022-09-26 13:00:00,0.239,0.014,-0.2249999999999999,-79.0047569,33.6871151,02110725,USGS,IAN,2022,2220.0
2022-09-26 14:00:00,0.909,0.076,-0.8330000000000001,-79.0047569,33.6871151,02110725,USGS,IAN,2022,2280.0
2022-09-26 15:00:00,1.249,0.226,-1.023,-79.0047569,33.6871151,02110725,USGS,IAN,2022,2340.0
2022-09-26 16:00:00,1.439,0.395,-1.044,-79.0047569,33.6871151,02110725,USGS,IAN,2022,2400.0
2022-09-26 17:00:00,1.379,0.536,-0.843,-79.0047569,33.6871151,02110725,USGS,IAN,2022,2460.0
2022-09-26 18:00:00,1.249,0.57,-0.6790000000000002,-79.0047569,33.6871151,02110725,USGS,IAN,2022,2520.0
2022-09-26 19:00:00,1.239,0.577,-0.6620000000000001,-79.0047569,33.6871151,02110725,USGS,IAN,2022,2580.0
2022-09-26 20:00:00,0.999,0.506,-0.493,-79.0047569,33.6871151,02110725,USGS,IAN,2022,2640.0
2022-09-26 21:00:00,0.659,0.384,-0.275,-79.0047569,33.6871151,02110725,USGS,IAN,2022,2700.0
2022-09-26 22:00:00,0.259,0.251,-0.008,-79.0047569,33.6871151,02110725,USGS,IAN,2022,2760.0
2022-09-26 23:00:00,-0.151,0.115,0.266,-79.0047569,33.6871151,02110725,USGS,IAN,2022,2820.0
2022-09-27 00:00:00,-0.241,0.011,0.252,-79.0047569,33.6871151,02110725,USGS,IAN,2022,2880.0
2022-09-27 01:00:00,0.169,0.044,-0.125,-79.0047569,33.6871151,02110725,USGS,IAN,2022,2940.0
2022-09-27 02:00:00,0.879,0.075,-0.804,-79.0047569,33.6871151,02110725,USGS,IAN,2022,3000.0
2022-09-27 03:00:00,1.229,0.181,-1.048,-79.0047569,33.6871151,02110725,USGS,IAN,2022,3060.0
2022-09-27 04:00:00,1.409,0.34,-1.069,-79.0047569,33.6871151,02110725,USGS,IAN,2022,3120.0
2022-09-27 05:00:00,1.369,0.488,-0.881,-79.0047569,33.6871151,02110725,USGS,IAN,2022,3180.0
2022-09-27 06:00:00,1.279,0.536,-0.7429999999999999,-79.0047569,33.6871151,02110725,USGS,IAN,2022,3240.0
2022-09-27 07:00:00,1.259,0.543,-0.7159999999999999,-79.0047569,33.6871151,02110725,USGS,IAN,2022,3300.0
2022-09-27 08:00:00,1.049,0.487,-0.5619999999999999,-79.0047569,33.6871151,02110725,USGS,IAN,2022,3360.0
2022-09-27 09:00:00,0.729,0.368,-0.361,-79.0047569,33.6871151,02110725,USGS,IAN,2022,3420.0
2022-09-27 10:00:00,0.349,0.238,-0.1109999999999999,-79.0047569,33.6871151,02110725,USGS,IAN,2022,3480.0
2022-09-27 11:00:00,-0.091,0.101,0.192,-79.0047569,33.6871151,02110725,USGS,IAN,2022,3540.0
2022-09-27 12:00:00,-0.441,-0.016,0.425,-79.0047569,33.6871151,02110725,USGS,IAN,2022,3600.0
2022-09-27 13:00:00,-0.311,0.007,0.318,-79.0047569,33.6871151,02110725,USGS,IAN,2022,3660.0
2022-09-27 14:00:00,0.429,0.034,-0.395,-79.0047569,33.6871151,02110725,USGS,IAN,2022,3720.0
2022-09-27 15:00:00,0.949,0.132,-0.817,-79.0047569,33.6871151,02110725,USGS,IAN,2022,3780.0
2022-09-27 16:00:00,1.259,0.303,-0.956,-79.0047569,33.6871151,02110725,USGS,IAN,2022,3840.0
2022-09-27 17:00:00,1.389,0.482,-0.907,-79.0047569,33.6871151,02110725,USGS,IAN,2022,3900.0
2022-09-27 18:00:00,1.299,0.613,-0.6859999999999999,-79.0047569,33.6871151,02110725,USGS,IAN,2022,3960.0
2022-09-27 19:00:00,1.229,0.63,-0.5990000000000001,-79.0047569,33.6871151,02110725,USGS,IAN,2022,4020.0
2022-09-27 20:00:00,1.189,0.629,-0.56,-79.0047569,33.6871151,02110725,USGS,IAN,2022,4080.0
2022-09-27 21:00:00,0.899,0.541,-0.358,-79.0047569,33.6871151,02110725,USGS,IAN,2022,4140.0
2022-09-27 22:00:00,0.549,0.415,-0.134,-79.0047569,33.6871151,02110725,USGS,IAN,2022,4200.0
2022-09-27 23:00:00,0.139,0.279,0.14,-79.0047569,33.6871151,02110725,USGS,IAN,2022,4260.0
2022-09-28 00:00:00,-0.281,0.141,0.422,-79.0047569,33.6871151,02110725,USGS,IAN,2022,4320.0
2022-09-28 01:00:00,-0.281,0.07,0.351,-79.0047569,33.6871151,02110725,USGS,IAN,2022,4380.0
2022-09-28 02:00:00,0.249,0.099,-0.15,-79.0047569,33.6871151,02110725,USGS,IAN,2022,4440.0
2022-09-28 03:00:00,0.859,0.14,-0.719,-79.0047569,33.6871151,02110725,USGS,IAN,2022,4500.0
2022-09-28 04:00:00,1.179,0.264,-0.915,-79.0047569,33.6871151,02110725,USGS,IAN,2022,4560.0
2022-09-28 05:00:00,1.329,0.422,-0.907,-79.0047569,33.6871151,02110725,USGS,IAN,2022,4620.0
2022-09-28 06:00:00,1.209,0.54,-0.669,-79.0047569,33.6871151,02110725,USGS,IAN,2022,4680.0
2022-09-28 07:00:00,1.199,0.545,-0.654,-79.0047569,33.6871151,02110725,USGS,IAN,2022,4740.0
2022-09-28 08:00:00,1.109,0.539,-0.57,-79.0047569,33.6871151,02110725,USGS,IAN,2022,4800.0
2022-09-28 09:00:00,0.769,0.445,-0.324,-79.0047569,33.6871151,02110725,USGS,IAN,2022,4860.0
2022-09-28 10:00:00,0.379,0.32,-0.059,-79.0047569,33.6871151,02110725,USGS,IAN,2022,4920.0
2022-09-28 11:00:00,-0.061,0.188,0.249,-79.0047569,33.6871151,02110725,USGS,IAN,2022,4980.0
2022-09-28 12:00:00,-0.471,0.05,0.521,-79.0047569,33.6871151,02110725,USGS,IAN,2022,5040.0
2022-09-28 13:00:00,-0.581,-0.034,0.5469999999999999,-79.0047569,33.6871151,02110725,USGS,IAN,2022,5100.0
2022-09-28 14:00:00,0.089,0.003,-0.086,-79.0047569,33.6871151,02110725,USGS,IAN,2022,5160.0
2022-09-28 15:00:00,0.679,0.046,-0.633,-79.0047569,33.6871151,02110725,USGS,IAN,2022,5220.0
2022-09-28 16:00:00,1.089,0.177,-0.912,-79.0047569,33.6871151,02110725,USGS,IAN,2022,5280.0
2022-09-28 17:00:00,1.389,0.359,-1.03,-79.0047569,33.6871151,02110725,USGS,IAN,2022,5340.0
2022-09-28 18:00:00,1.489,0.538,-0.951,-79.0047569,33.6871151,02110725,USGS,IAN,2022,5400.0
2022-09-28 19:00:00,1.449,0.656,-0.793,-79.0047569,33.6871151,02110725,USGS,IAN,2022,5460.0
2022-09-28 20:00:00,1.319,0.668,-0.6509999999999999,-79.0047569,33.6871151,02110725,USGS,IAN,2022,5520.0
2022-09-28 21:00:00,1.319,0.658,-0.6609999999999999,-79.0047569,33.6871151,02110725,USGS,IAN,2022,5580.0
2022-09-28 22:00:00,1.139,0.56,-0.579,-79.0047569,33.6871151,02110725,USGS,IAN,2022,5640.0
2022-09-28 23:00:00,0.829,0.431,-0.3979999999999999,-79.0047569,33.6871151,02110725,USGS,IAN,2022,5700.0
2022-09-29 00:00:00,0.489,0.292,-0.197,-79.0047569,33.6871151,02110725,USGS,IAN,2022,5760.0
2022-09-29 01:00:00,0.169,0.158,-0.011,-79.0047569,33.6871151,02110725,USGS,IAN,2022,5820.0
2022-09-29 02:00:00,0.199,0.14,-0.059,-79.0047569,33.6871151,02110725,USGS,IAN,2022,5880.0
2022-09-29 03:00:00,0.669,0.151,-0.518,-79.0047569,33.6871151,02110725,USGS,IAN,2022,5940.0
2022-09-29 04:00:00,1.119,0.204,-0.915,-79.0047569,33.6871151,02110725,USGS,IAN,2022,6000.0
2022-09-29 05:00:00,1.319,0.337,-0.982,-79.0047569,33.6871151,02110725,USGS,IAN,2022,6060.0
2022-09-29 06:00:00,1.409,0.497,-0.912,-79.0047569,33.6871151,02110725,USGS,IAN,2022,6120.0
2022-09-29 07:00:00,1.319,0.63,-0.689,-79.0047569,33.6871151,02110725,USGS,IAN,2022,6180.0
2022-09-29 08:00:00,1.279,0.673,-0.6059999999999999,-79.0047569,33.6871151,02110725,USGS,IAN,2022,6240.0
2022-09-29 09:00:00,1.249,0.677,-0.5720000000000001,-79.0047569,33.6871151,02110725,USGS,IAN,2022,6300.0
2022-09-29 10:00:00,1.029,0.594,-0.4349999999999999,-79.0047569,33.6871151,02110725,USGS,IAN,2022,6360.0
2022-09-29 11:00:00,0.729,0.482,-0.247,-79.0047569,33.6871151,02110725,USGS,IAN,2022,6420.0
2022-09-29 12:00:00,0.389,0.374,-0.015,-79.0047569,33.6871151,02110725,USGS,IAN,2022,6480.0
2022-09-29 13:00:00,0.039,0.385,0.346,-79.0047569,33.6871151,02110725,USGS,IAN,2022,6540.0
2022-09-29 14:00:00,0.129,0.398,0.269,-79.0047569,33.6871151,02110725,USGS,IAN,2022,6600.0
2022-09-29 15:00:00,0.579,0.475,-0.1039999999999999,-79.0047569,33.6871151,02110725,USGS,IAN,2022,6660.0
2022-09-29 16:00:00,1.099,0.649,-0.4499999999999999,-79.0047569,33.6871151,02110725,USGS,IAN,2022,6720.0
2022-09-29 17:00:00,1.389,0.884,-0.505,-79.0047569,33.6871151,02110725,USGS,IAN,2022,6780.0
2022-09-29 18:00:00,1.599,1.156,-0.443,-79.0047569,33.6871151,02110725,USGS,IAN,2022,6840.0
2022-09-29 19:00:00,1.669,1.425,-0.244,-79.0047569,33.6871151,02110725,USGS,IAN,2022,6900.0
2022-09-29 20:00:00,1.669,1.625,-0.044,-79.0047569,33.6871151,02110725,USGS,IAN,2022,6960.0
2022-09-29 21:00:00,1.519,1.716,0.197,-79.0047569,33.6871151,02110725,USGS,IAN,2022,7020.0
2022-09-29 22:00:00,1.529,1.732,0.203,-79.0047569,33.6871151,02110725,USGS,IAN,2022,7080.0
2022-09-29 23:00:00,1.499,1.733,0.2339999999999999,-79.0047569,33.6871151,02110725,USGS,IAN,2022,7140.0
2022-09-30 00:00:00,1.349,1.705,0.3560000000000001,-79.0047569,33.6871151,02110725,USGS,IAN,2022,7200.0
2022-09-30 01:00:00,1.129,1.643,0.514,-79.0047569,33.6871151,02110725,USGS,IAN,2022,7260.0
2022-09-30 02:00:00,0.979,1.691,0.7120000000000001,-79.0047569,33.6871151,02110725,USGS,IAN,2022,7320.0
2022-09-30 03:00:00,1.069,1.717,0.6480000000000001,-79.0047569,33.6871151,02110725,USGS,IAN,2022,7380.0
2022-09-30 04:00:00,1.229,1.789,0.5599999999999998,-79.0047569,33.6871151,02110725,USGS,IAN,2022,7440.0
2022-09-30 05:00:00,1.429,1.926,0.4969999999999999,-79.0047569,33.6871151,02110725,USGS,IAN,2022,7500.0
2022-09-30 06:00:00,1.599,2.1,0.5010000000000001,-79.0047569,33.6871151,02110725,USGS,IAN,2022,7560.0
2022-09-30 07:00:00,1.709,2.263,0.5539999999999998,-79.0047569,33.6871151,02110725,USGS,IAN,2022,7620.0
2022-09-30 08:00:00,1.709,2.363,0.6539999999999999,-79.0047569,33.6871151,02110725,USGS,IAN,2022,7680.0
2022-09-30 09:00:00,1.649,2.343,0.694,-79.0047569,33.6871151,02110725,USGS,IAN,2022,7740.0
2022-09-30 10:00:00,1.649,2.31,0.661,-79.0047569,33.6871151,02110725,USGS,IAN,2022,7800.0
2022-09-30 11:00:00,1.639,2.277,0.6380000000000001,-79.0047569,33.6871151,02110725,USGS,IAN,2022,7860.0
2022-09-30 12:00:00,1.459,2.194,0.7349999999999999,-79.0047569,33.6871151,02110725,USGS,IAN,2022,7920.0
2022-09-30 13:00:00,1.269,2.137,0.8680000000000001,-79.0047569,33.6871151,02110725,USGS,IAN,2022,7980.0
2022-09-30 14:00:00,1.129,2.209,1.08,-79.0047569,33.6871151,02110725,USGS,IAN,2022,8040.0
2022-09-30 15:00:00,1.329,2.269,0.9400000000000002,-79.0047569,33.6871151,02110725,USGS,IAN,2022,8100.0
2022-09-30 16:00:00,1.519,2.358,0.8390000000000002,-79.0047569,33.6871151,02110725,USGS,IAN,2022,8160.0
2022-09-30 17:00:00,1.929,2.517,0.5879999999999999,-79.0047569,33.6871151,02110725,USGS,IAN,2022,8220.0
2022-09-30 18:00:00,2.239,2.751,0.512,-79.0047569,33.6871151,02110725,USGS,IAN,2022,8280.0
2022-09-30 19:00:00,2.539,3.004,0.4649999999999998,-79.0047569,33.6871151,02110725,USGS,IAN,2022,8340.0
2022-09-30 20:00:00,2.849,3.188,0.3389999999999999,-79.0047569,33.6871151,02110725,USGS,IAN,2022,8400.0
2022-09-30 21:00:00,3.119,3.512,0.3929999999999998,-79.0047569,33.6871151,02110725,USGS,IAN,2022,8460.0
2022-09-30 22:00:00,3.149,3.748,0.5990000000000002,-79.0047569,33.6871151,02110725,USGS,IAN,2022,8520.0
2022-09-30 23:00:00,3.129,3.65,0.5209999999999999,-79.0047569,33.6871151,02110725,USGS,IAN,2022,8580.0
2022-10-01 00:00:00,2.789,3.531,0.742,-79.0047569,33.6871151,02110725,USGS,IAN,2022,8640.0
2022-10-01 01:00:00,2.609,3.531,0.9220000000000002,-79.0047569,33.6871151,02110725,USGS,IAN,2022,8700.0
2022-10-01 02:00:00,2.489,3.53,1.041,-79.0047569,33.6871151,02110725,USGS,IAN,2022,8760.0
2022-10-01 03:00:00,2.319,3.523,1.2040000000000002,-79.0047569,33.6871151,02110725,USGS,IAN,2022,8820.0
2022-10-01 04:00:00,2.229,3.487,1.258,-79.0047569,33.6871151,02110725,USGS,IAN,2022,8880.0
2022-10-01 05:00:00,2.269,3.411,1.142,-79.0047569,33.6871151,02110725,USGS,IAN,2022,8940.0
2022-10-01 06:00:00,2.269,3.319,1.0499999999999998,-79.0047569,33.6871151,02110725,USGS,IAN,2022,9000.0
2022-10-01 07:00:00,2.119,3.223,1.1039999999999996,-79.0047569,33.6871151,02110725,USGS,IAN,2022,9060.0
2022-10-01 08:00:00,1.979,3.117,1.138,-79.0047569,33.6871151,02110725,USGS,IAN,2022,9120.0
2022-10-01 09:00:00,1.999,2.998,0.999,-79.0047569,33.6871151,02110725,USGS,IAN,2022,9180.0
2022-10-01 10:00:00,1.979,2.874,0.895,-79.0047569,33.6871151,02110725,USGS,IAN,2022,9240.0
2022-10-01 11:00:00,1.869,2.747,0.8779999999999999,-79.0047569,33.6871151,02110725,USGS,IAN,2022,9300.0
2022-10-01 12:00:00,1.729,2.619,0.8900000000000001,-79.0047569,33.6871151,02110725,USGS,IAN,2022,9360.0
2022-10-01 13:00:00,1.569,2.491,0.9220000000000002,-79.0047569,33.6871151,02110725,USGS,IAN,2022,9420.0
2022-10-01 14:00:00,1.389,2.366,0.977,-79.0047569,33.6871151,02110725,USGS,IAN,2022,9480.0
2022-10-01 15:00:00,1.209,2.243,1.0339999999999998,-79.0047569,33.6871151,02110725,USGS,IAN,2022,9540.0
2022-10-01 16:00:00,1.129,2.146,1.017,-79.0047569,33.6871151,02110725,USGS,IAN,2022,9600.0
2022-10-01 17:00:00,1.429,2.165,0.736,-79.0047569,33.6871151,02110725,USGS,IAN,2022,9660.0
2022-10-01 18:00:00,1.689,2.246,0.5569999999999999,-79.0047569,33.6871151,02110725,USGS,IAN,2022,9720.0
2022-10-01 19:00:00,1.909,2.279,0.3699999999999999,-79.0047569,33.6871151,02110725,USGS,IAN,2022,9780.0
2022-10-01 20:00:00,2.039,2.177,0.1379999999999999,-79.0047569,33.6871151,02110725,USGS,IAN,2022,9840.0
2022-10-01 21:00:00,1.959,2.141,0.1819999999999999,-79.0047569,33.6871151,02110725,USGS,IAN,2022,9900.0
2022-10-01 22:00:00,1.919,2.099,0.1800000000000001,-79.0047569,33.6871151,02110725,USGS,IAN,2022,9960.0
2022-10-01 23:00:00,1.969,2.014,0.0449999999999997,-79.0047569,33.6871151,02110725,USGS,IAN,2022,10020.0
2022-09-25 01:00:00,3.254,1.597,-1.657,-78.6558483,33.8515612,02110777,USGS,IAN,2022,60.0
2022-09-25 02:00:00,2.424,1.102,-1.3219999999999998,-78.6558483,33.8515612,02110777,USGS,IAN,2022,120.0
2022-09-25 03:00:00,1.544,0.516,-1.028,-78.6558483,33.8515612,02110777,USGS,IAN,2022,180.0
2022-09-25 04:00:00,0.554,0.015,-0.539,-78.6558483,33.8515612,02110777,USGS,IAN,2022,240.0
2022-09-25 05:00:00,-0.396,-0.41,-0.0139999999999999,-78.6558483,33.8515612,02110777,USGS,IAN,2022,300.0
2022-09-25 06:00:00,-0.946,-0.764,0.1819999999999999,-78.6558483,33.8515612,02110777,USGS,IAN,2022,360.0
2022-09-25 07:00:00,-0.926,-0.996,-0.0699999999999999,-78.6558483,33.8515612,02110777,USGS,IAN,2022,420.0
2022-09-25 08:00:00,-0.386,-0.928,-0.542,-78.6558483,33.8515612,02110777,USGS,IAN,2022,480.0
2022-09-25 09:00:00,0.554,-0.333,-0.887,-78.6558483,33.8515612,02110777,USGS,IAN,2022,540.0
2022-09-25 10:00:00,1.384,0.35,-1.0339999999999998,-78.6558483,33.8515612,02110777,USGS,IAN,2022,600.0
2022-09-25 11:00:00,2.134,0.943,-1.1909999999999998,-78.6558483,33.8515612,02110777,USGS,IAN,2022,660.0
2022-09-25 12:00:00,2.684,1.442,-1.2420000000000002,-78.6558483,33.8515612,02110777,USGS,IAN,2022,720.0
2022-09-25 13:00:00,3.024,1.634,-1.39,-78.6558483,33.8515612,02110777,USGS,IAN,2022,780.0
2022-09-25 14:00:00,2.654,1.266,-1.388,-78.6558483,33.8515612,02110777,USGS,IAN,2022,840.0
2022-09-25 15:00:00,1.704,0.663,-1.041,-78.6558483,33.8515612,02110777,USGS,IAN,2022,900.0
2022-09-25 16:00:00,0.724,0.13,-0.594,-78.6558483,33.8515612,02110777,USGS,IAN,2022,960.0
2022-09-25 17:00:00,-0.336,-0.306,0.03,-78.6558483,33.8515612,02110777,USGS,IAN,2022,1020.0
2022-09-25 18:00:00,-1.056,-0.688,0.3680000000000001,-78.6558483,33.8515612,02110777,USGS,IAN,2022,1080.0
2022-09-25 19:00:00,-1.376,-0.963,0.4129999999999999,-78.6558483,33.8515612,02110777,USGS,IAN,2022,1140.0
2022-09-25 20:00:00,-0.776,-1.038,-0.262,-78.6558483,33.8515612,02110777,USGS,IAN,2022,1200.0
2022-09-25 21:00:00,0.604,-0.55,-1.154,-78.6558483,33.8515612,02110777,USGS,IAN,2022,1260.0
2022-09-25 22:00:00,1.664,0.13,-1.5339999999999998,-78.6558483,33.8515612,02110777,USGS,IAN,2022,1320.0
2022-09-25 23:00:00,2.504,0.772,-1.732,-78.6558483,33.8515612,02110777,USGS,IAN,2022,1380.0
2022-09-26 00:00:00,3.154,1.355,-1.799,-78.6558483,33.8515612,02110777,USGS,IAN,2022,1440.0
2022-09-26 01:00:00,3.414,1.722,-1.6920000000000002,-78.6558483,33.8515612,02110777,USGS,IAN,2022,1500.0
2022-09-26 02:00:00,2.794,1.518,-1.276,-78.6558483,33.8515612,02110777,USGS,IAN,2022,1560.0
2022-09-26 03:00:00,1.864,0.904,-0.96,-78.6558483,33.8515612,02110777,USGS,IAN,2022,1620.0
2022-09-26 04:00:00,1.004,0.312,-0.692,-78.6558483,33.8515612,02110777,USGS,IAN,2022,1680.0
2022-09-26 05:00:00,-0.036,-0.144,-0.1079999999999999,-78.6558483,33.8515612,02110777,USGS,IAN,2022,1740.0
2022-09-26 06:00:00,-0.856,-0.561,0.2949999999999999,-78.6558483,33.8515612,02110777,USGS,IAN,2022,1800.0
2022-09-26 07:00:00,-1.296,-0.887,0.409,-78.6558483,33.8515612,02110777,USGS,IAN,2022,1860.0
2022-09-26 08:00:00,-1.216,-1.066,0.1499999999999999,-78.6558483,33.8515612,02110777,USGS,IAN,2022,1920.0
2022-09-26 09:00:00,-0.396,-0.763,-0.367,-78.6558483,33.8515612,02110777,USGS,IAN,2022,1980.0
2022-09-26 10:00:00,0.744,-0.069,-0.813,-78.6558483,33.8515612,02110777,USGS,IAN,2022,2040.0
2022-09-26 11:00:00,1.684,0.627,-1.057,-78.6558483,33.8515612,02110777,USGS,IAN,2022,2100.0
2022-09-26 12:00:00,2.364,1.276,-1.088,-78.6558483,33.8515612,02110777,USGS,IAN,2022,2160.0
2022-09-26 13:00:00,2.854,1.773,-1.0810000000000002,-78.6558483,33.8515612,02110777,USGS,IAN,2022,2220.0
2022-09-26 14:00:00,2.944,1.776,-1.168,-78.6558483,33.8515612,02110777,USGS,IAN,2022,2280.0
2022-09-26 15:00:00,2.164,1.222,-0.9420000000000002,-78.6558483,33.8515612,02110777,USGS,IAN,2022,2340.0
2022-09-26 16:00:00,1.234,0.606,-0.628,-78.6558483,33.8515612,02110777,USGS,IAN,2022,2400.0
2022-09-26 17:00:00,0.224,0.08,-0.144,-78.6558483,33.8515612,02110777,USGS,IAN,2022,2460.0
2022-09-26 18:00:00,-0.746,-0.366,0.38,-78.6558483,33.8515612,02110777,USGS,IAN,2022,2520.0
2022-09-26 19:00:00,-1.246,-0.743,0.503,-78.6558483,33.8515612,02110777,USGS,IAN,2022,2580.0
2022-09-26 20:00:00,-1.196,-1.001,0.195,-78.6558483,33.8515612,02110777,USGS,IAN,2022,2640.0
2022-09-26 21:00:00,-0.346,-0.994,-0.648,-78.6558483,33.8515612,02110777,USGS,IAN,2022,2700.0
2022-09-26 22:00:00,0.884,-0.386,-1.27,-78.6558483,33.8515612,02110777,USGS,IAN,2022,2760.0
2022-09-26 23:00:00,1.864,0.354,-1.5100000000000002,-78.6558483,33.8515612,02110777,USGS,IAN,2022,2820.0
2022-09-27 00:00:00,2.564,0.995,-1.569,-78.6558483,33.8515612,02110777,USGS,IAN,2022,2880.0
2022-09-27 01:00:00,3.144,1.544,-1.6,-78.6558483,33.8515612,02110777,USGS,IAN,2022,2940.0
2022-09-27 02:00:00,3.074,1.742,-1.332,-78.6558483,33.8515612,02110777,USGS,IAN,2022,3000.0
2022-09-27 03:00:00,2.184,1.321,-0.8630000000000002,-78.6558483,33.8515612,02110777,USGS,IAN,2022,3060.0
2022-09-27 04:00:00,1.384,0.689,-0.695,-78.6558483,33.8515612,02110777,USGS,IAN,2022,3120.0
2022-09-27 05:00:00,0.434,0.142,-0.292,-78.6558483,33.8515612,02110777,USGS,IAN,2022,3180.0
2022-09-27 06:00:00,-0.566,-0.312,0.2539999999999999,-78.6558483,33.8515612,02110777,USGS,IAN,2022,3240.0
2022-09-27 07:00:00,-1.246,-0.71,0.536,-78.6558483,33.8515612,02110777,USGS,IAN,2022,3300.0
2022-09-27 08:00:00,-1.516,-0.998,0.518,-78.6558483,33.8515612,02110777,USGS,IAN,2022,3360.0
2022-09-27 09:00:00,-1.136,-1.079,0.0569999999999999,-78.6558483,33.8515612,02110777,USGS,IAN,2022,3420.0
2022-09-27 10:00:00,0.204,-0.537,-0.741,-78.6558483,33.8515612,02110777,USGS,IAN,2022,3480.0
2022-09-27 11:00:00,1.134,0.212,-0.922,-78.6558483,33.8515612,02110777,USGS,IAN,2022,3540.0
2022-09-27 12:00:00,1.974,0.936,-1.0379999999999998,-78.6558483,33.8515612,02110777,USGS,IAN,2022,3600.0
2022-09-27 13:00:00,2.674,1.633,-1.041,-78.6558483,33.8515612,02110777,USGS,IAN,2022,3660.0
2022-09-27 14:00:00,3.044,2.047,-0.997,-78.6558483,33.8515612,02110777,USGS,IAN,2022,3720.0
2022-09-27 15:00:00,2.764,1.816,-0.9479999999999996,-78.6558483,33.8515612,02110777,USGS,IAN,2022,3780.0
2022-09-27 16:00:00,1.824,1.128,-0.6960000000000002,-78.6558483,33.8515612,02110777,USGS,IAN,2022,3840.0
2022-09-27 17:00:00,0.994,0.528,-0.4659999999999999,-78.6558483,33.8515612,02110777,USGS,IAN,2022,3900.0
2022-09-27 18:00:00,-0.096,0.011,0.107,-78.6558483,33.8515612,02110777,USGS,IAN,2022,3960.0
2022-09-27 19:00:00,-0.946,-0.433,0.5129999999999999,-78.6558483,33.8515612,02110777,USGS,IAN,2022,4020.0
2022-09-27 20:00:00,-1.406,-0.793,0.6129999999999999,-78.6558483,33.8515612,02110777,USGS,IAN,2022,4080.0
2022-09-27 21:00:00,-1.336,-1.02,0.316,-78.6558483,33.8515612,02110777,USGS,IAN,2022,4140.0
2022-09-27 22:00:00,-0.276,-0.879,-0.603,-78.6558483,33.8515612,02110777,USGS,IAN,2022,4200.0
2022-09-27 23:00:00,0.934,-0.195,-1.129,-78.6558483,33.8515612,02110777,USGS,IAN,2022,4260.0
2022-09-28 00:00:00,1.914,0.532,-1.382,-78.6558483,33.8515612,02110777,USGS,IAN,2022,4320.0
2022-09-28 01:00:00,2.514,1.158,-1.356,-78.6558483,33.8515612,02110777,USGS,IAN,2022,4380.0
2022-09-28 02:00:00,2.894,1.625,-1.269,-78.6558483,33.8515612,02110777,USGS,IAN,2022,4440.0
2022-09-28 03:00:00,2.604,1.633,-0.971,-78.6558483,33.8515612,02110777,USGS,IAN,2022,4500.0
2022-09-28 04:00:00,1.644,1.07,-0.5739999999999998,-78.6558483,33.8515612,02110777,USGS,IAN,2022,4560.0
2022-09-28 05:00:00,0.864,0.477,-0.387,-78.6558483,33.8515612,02110777,USGS,IAN,2022,4620.0
2022-09-28 06:00:00,-0.126,-0.029,0.097,-78.6558483,33.8515612,02110777,USGS,IAN,2022,4680.0
2022-09-28 07:00:00,-0.926,-0.47,0.456,-78.6558483,33.8515612,02110777,USGS,IAN,2022,4740.0
2022-09-28 08:00:00,-1.416,-0.834,0.582,-78.6558483,33.8515612,02110777,USGS,IAN,2022,4800.0
2022-09-28 09:00:00,-1.506,-1.075,0.431,-78.6558483,33.8515612,02110777,USGS,IAN,2022,4860.0
2022-09-28 10:00:00,-0.706,-0.995,-0.289,-78.6558483,33.8515612,02110777,USGS,IAN,2022,4920.0
2022-09-28 11:00:00,0.334,-0.324,-0.658,-78.6558483,33.8515612,02110777,USGS,IAN,2022,4980.0
2022-09-28 12:00:00,1.384,0.455,-0.9289999999999998,-78.6558483,33.8515612,02110777,USGS,IAN,2022,5040.0
2022-09-28 13:00:00,2.174,1.192,-0.982,-78.6558483,33.8515612,02110777,USGS,IAN,2022,5100.0
2022-09-28 14:00:00,2.874,1.89,-0.9840000000000002,-78.6558483,33.8515612,02110777,USGS,IAN,2022,5160.0
2022-09-28 15:00:00,3.434,2.175,-1.2590000000000003,-78.6558483,33.8515612,02110777,USGS,IAN,2022,5220.0
2022-09-28 16:00:00,3.214,1.765,-1.449,-78.6558483,33.8515612,02110777,USGS,IAN,2022,5280.0
2022-09-28 17:00:00,2.304,1.041,-1.263,-78.6558483,33.8515612,02110777,USGS,IAN,2022,5340.0
2022-09-28 18:00:00,1.244,0.444,-0.8,-78.6558483,33.8515612,02110777,USGS,IAN,2022,5400.0
2022-09-28 19:00:00,0.164,-0.05,-0.214,-78.6558483,33.8515612,02110777,USGS,IAN,2022,5460.0
2022-09-28 20:00:00,-0.796,-0.487,0.309,-78.6558483,33.8515612,02110777,USGS,IAN,2022,5520.0
2022-09-28 21:00:00,-1.276,-0.825,0.451,-78.6558483,33.8515612,02110777,USGS,IAN,2022,5580.0
2022-09-28 22:00:00,-0.846,-1.015,-0.1689999999999999,-78.6558483,33.8515612,02110777,USGS,IAN,2022,5640.0
2022-09-28 23:00:00,0.394,-0.722,-1.116,-78.6558483,33.8515612,02110777,USGS,IAN,2022,5700.0
2022-09-29 00:00:00,1.314,-0.002,-1.316,-78.6558483,33.8515612,02110777,USGS,IAN,2022,5760.0
2022-09-29 01:00:00,2.104,0.687,-1.417,-78.6558483,33.8515612,02110777,USGS,IAN,2022,5820.0
2022-09-29 02:00:00,2.564,1.27,-1.294,-78.6558483,33.8515612,02110777,USGS,IAN,2022,5880.0
2022-09-29 03:00:00,2.754,1.67,-1.084,-78.6558483,33.8515612,02110777,USGS,IAN,2022,5940.0
2022-09-29 04:00:00,2.384,1.57,-0.8139999999999998,-78.6558483,33.8515612,02110777,USGS,IAN,2022,6000.0
2022-09-29 05:00:00,1.684,1.031,-0.653,-78.6558483,33.8515612,02110777,USGS,IAN,2022,6060.0
2022-09-29 06:00:00,0.924,0.45,-0.474,-78.6558483,33.8515612,02110777,USGS,IAN,2022,6120.0
2022-09-29 07:00:00,0.074,0.008,-0.066,-78.6558483,33.8515612,02110777,USGS,IAN,2022,6180.0
2022-09-29 08:00:00,-0.756,-0.353,0.403,-78.6558483,33.8515612,02110777,USGS,IAN,2022,6240.0
2022-09-29 09:00:00,-1.206,-0.607,0.599,-78.6558483,33.8515612,02110777,USGS,IAN,2022,6300.0
2022-09-29 10:00:00,-1.016,-0.599,0.417,-78.6558483,33.8515612,02110777,USGS,IAN,2022,6360.0
2022-09-29 11:00:00,-0.156,-0.063,0.093,-78.6558483,33.8515612,02110777,USGS,IAN,2022,6420.0
2022-09-29 12:00:00,1.044,0.569,-0.4750000000000001,-78.6558483,33.8515612,02110777,USGS,IAN,2022,6480.0
2022-09-29 13:00:00,1.944,1.344,-0.5999999999999999,-78.6558483,33.8515612,02110777,USGS,IAN,2022,6540.0
2022-09-29 14:00:00,2.784,2.357,-0.4269999999999996,-78.6558483,33.8515612,02110777,USGS,IAN,2022,6600.0
2022-09-29 15:00:00,3.574,3.242,-0.3319999999999998,-78.6558483,33.8515612,02110777,USGS,IAN,2022,6660.0
2022-09-29 16:00:00,4.024,3.475,-0.5489999999999999,-78.6558483,33.8515612,02110777,USGS,IAN,2022,6720.0
2022-09-29 17:00:00,3.404,3.032,-0.3719999999999999,-78.6558483,33.8515612,02110777,USGS,IAN,2022,6780.0
2022-09-29 18:00:00,2.644,2.209,-0.435,-78.6558483,33.8515612,02110777,USGS,IAN,2022,6840.0
2022-09-29 19:00:00,1.614,1.483,-0.131,-78.6558483,33.8515612,02110777,USGS,IAN,2022,6900.0
2022-09-29 20:00:00,0.634,0.996,0.362,-78.6558483,33.8515612,02110777,USGS,IAN,2022,6960.0
2022-09-29 21:00:00,-0.296,0.566,0.8619999999999999,-78.6558483,33.8515612,02110777,USGS,IAN,2022,7020.0
2022-09-29 22:00:00,-0.896,0.282,1.178,-78.6558483,33.8515612,02110777,USGS,IAN,2022,7080.0
2022-09-29 23:00:00,-0.556,0.309,0.865,-78.6558483,33.8515612,02110777,USGS,IAN,2022,7140.0
2022-09-30 00:00:00,0.484,0.887,0.403,-78.6558483,33.8515612,02110777,USGS,IAN,2022,7200.0
2022-09-30 01:00:00,1.484,1.481,-0.0029999999999998,-78.6558483,33.8515612,02110777,USGS,IAN,2022,7260.0
2022-09-30 02:00:00,2.284,2.275,-0.0089999999999998,-78.6558483,33.8515612,02110777,USGS,IAN,2022,7320.0
2022-09-30 03:00:00,2.794,3.115,0.3210000000000002,-78.6558483,33.8515612,02110777,USGS,IAN,2022,7380.0
2022-09-30 04:00:00,3.044,3.59,0.5459999999999998,-78.6558483,33.8515612,02110777,USGS,IAN,2022,7440.0
2022-09-30 05:00:00,2.864,3.48,0.6160000000000001,-78.6558483,33.8515612,02110777,USGS,IAN,2022,7500.0
2022-09-30 06:00:00,2.284,2.835,0.5510000000000002,-78.6558483,33.8515612,02110777,USGS,IAN,2022,7560.0
2022-09-30 07:00:00,1.604,2.114,0.5099999999999998,-78.6558483,33.8515612,02110777,USGS,IAN,2022,7620.0
2022-09-30 08:00:00,0.644,1.619,0.975,-78.6558483,33.8515612,02110777,USGS,IAN,2022,7680.0
2022-09-30 09:00:00,-0.146,1.222,1.368,-78.6558483,33.8515612,02110777,USGS,IAN,2022,7740.0
2022-09-30 10:00:00,-0.706,0.894,1.6,-78.6558483,33.8515612,02110777,USGS,IAN,2022,7800.0
2022-09-30 11:00:00,-0.646,0.916,1.562,-78.6558483,33.8515612,02110777,USGS,IAN,2022,7860.0
2022-09-30 12:00:00,0.474,1.485,1.011,-78.6558483,33.8515612,02110777,USGS,IAN,2022,7920.0
2022-09-30 13:00:00,1.664,2.187,0.5229999999999999,-78.6558483,33.8515612,02110777,USGS,IAN,2022,7980.0
2022-09-30 14:00:00,2.564,3.195,0.6309999999999998,-78.6558483,33.8515612,02110777,USGS,IAN,2022,8040.0
2022-09-30 15:00:00,3.314,4.362,1.048,-78.6558483,33.8515612,02110777,USGS,IAN,2022,8100.0
2022-09-30 16:00:00,4.174,5.295,1.1209999999999996,-78.6558483,33.8515612,02110777,USGS,IAN,2022,8160.0
2022-09-30 17:00:00,5.284,6.16,0.8760000000000003,-78.6558483,33.8515612,02110777,USGS,IAN,2022,8220.0
2022-09-30 19:00:00,5.954,8.876,2.922,-78.6558483,33.8515612,02110777,USGS,IAN,2022,8340.0
2022-09-30 20:00:00,6.094,7.413,1.319,-78.6558483,33.8515612,02110777,USGS,IAN,2022,8400.0
2022-09-30 21:00:00,5.184,5.201,0.0169999999999994,-78.6558483,33.8515612,02110777,USGS,IAN,2022,8460.0
2022-10-01 02:00:00,1.644,1.752,0.1080000000000001,-78.6558483,33.8515612,02110777,USGS,IAN,2022,8760.0
2022-10-01 08:00:00,0.464,1.171,0.7070000000000001,-78.6558483,33.8515612,02110777,USGS,IAN,2022,9120.0
2022-10-01 16:00:00,2.924,2.566,-0.3580000000000001,-78.6558483,33.8515612,02110777,USGS,IAN,2022,9600.0
2022-09-25 01:00:00,1.121,-0.079,-1.2,-79.09420639,33.64905837,02110802,USGS,IAN,2022,60.0
2022-09-25 02:00:00,1.301,0.081,-1.22,-79.09420639,33.64905837,02110802,USGS,IAN,2022,120.0
2022-09-25 03:00:00,1.451,0.257,-1.194,-79.09420639,33.64905837,02110802,USGS,IAN,2022,180.0
2022-09-25 04:00:00,1.571,0.448,-1.123,-79.09420639,33.64905837,02110802,USGS,IAN,2022,240.0
2022-09-25 05:00:00,1.591,0.601,-0.99,-79.09420639,33.64905837,02110802,USGS,IAN,2022,300.0
2022-09-25 06:00:00,1.411,0.582,-0.8290000000000001,-79.09420639,33.64905837,02110802,USGS,IAN,2022,360.0
2022-09-25 07:00:00,1.131,0.467,-0.6639999999999999,-79.09420639,33.64905837,02110802,USGS,IAN,2022,420.0
2022-09-25 08:00:00,0.841,0.341,-0.4999999999999999,-79.09420639,33.64905837,02110802,USGS,IAN,2022,480.0
2022-09-25 09:00:00,0.471,0.205,-0.266,-79.09420639,33.64905837,02110802,USGS,IAN,2022,540.0
2022-09-25 10:00:00,0.061,0.062,0.001,-79.09420639,33.64905837,02110802,USGS,IAN,2022,600.0
2022-09-25 11:00:00,-0.249,-0.083,0.1659999999999999,-79.09420639,33.64905837,02110802,USGS,IAN,2022,660.0
2022-09-25 12:00:00,0.181,-0.144,-0.3249999999999999,-79.09420639,33.64905837,02110802,USGS,IAN,2022,720.0
2022-09-25 13:00:00,0.801,-0.085,-0.886,-79.09420639,33.64905837,02110802,USGS,IAN,2022,780.0
2022-09-25 14:00:00,1.071,0.068,-1.003,-79.09420639,33.64905837,02110802,USGS,IAN,2022,840.0
2022-09-25 15:00:00,1.241,0.234,-1.007,-79.09420639,33.64905837,02110802,USGS,IAN,2022,900.0
2022-09-25 16:00:00,1.391,0.416,-0.975,-79.09420639,33.64905837,02110802,USGS,IAN,2022,960.0
2022-09-25 17:00:00,1.471,0.589,-0.8820000000000001,-79.09420639,33.64905837,02110802,USGS,IAN,2022,1020.0
2022-09-25 18:00:00,1.361,0.607,-0.754,-79.09420639,33.64905837,02110802,USGS,IAN,2022,1080.0
2022-09-25 19:00:00,1.041,0.501,-0.5399999999999999,-79.09420639,33.64905837,02110802,USGS,IAN,2022,1140.0
2022-09-25 20:00:00,0.721,0.376,-0.345,-79.09420639,33.64905837,02110802,USGS,IAN,2022,1200.0
2022-09-25 21:00:00,0.281,0.242,-0.039,-79.09420639,33.64905837,02110802,USGS,IAN,2022,1260.0
2022-09-25 22:00:00,-0.159,0.1,0.259,-79.09420639,33.64905837,02110802,USGS,IAN,2022,1320.0
2022-09-25 23:00:00,-0.499,-0.048,0.451,-79.09420639,33.64905837,02110802,USGS,IAN,2022,1380.0
2022-09-26 00:00:00,0.161,-0.149,-0.31,-79.09420639,33.64905837,02110802,USGS,IAN,2022,1440.0
2022-09-26 01:00:00,0.771,-0.136,-0.907,-79.09420639,33.64905837,02110802,USGS,IAN,2022,1500.0
2022-09-26 02:00:00,1.061,0.008,-1.053,-79.09420639,33.64905837,02110802,USGS,IAN,2022,1560.0
2022-09-26 03:00:00,1.251,0.169,-1.082,-79.09420639,33.64905837,02110802,USGS,IAN,2022,1620.0
2022-09-26 04:00:00,1.391,0.354,-1.037,-79.09420639,33.64905837,02110802,USGS,IAN,2022,1680.0
2022-09-26 05:00:00,1.471,0.547,-0.924,-79.09420639,33.64905837,02110802,USGS,IAN,2022,1740.0
2022-09-26 06:00:00,1.371,0.641,-0.73,-79.09420639,33.64905837,02110802,USGS,IAN,2022,1800.0
2022-09-26 07:00:00,1.071,0.566,-0.505,-79.09420639,33.64905837,02110802,USGS,IAN,2022,1860.0
2022-09-26 08:00:00,0.761,0.444,-0.317,-79.09420639,33.64905837,02110802,USGS,IAN,2022,1920.0
2022-09-26 09:00:00,0.361,0.312,-0.0489999999999999,-79.09420639,33.64905837,02110802,USGS,IAN,2022,1980.0
2022-09-26 10:00:00,-0.099,0.171,0.27,-79.09420639,33.64905837,02110802,USGS,IAN,2022,2040.0
2022-09-26 11:00:00,-0.539,0.025,0.5640000000000001,-79.09420639,33.64905837,02110802,USGS,IAN,2022,2100.0
2022-09-26 12:00:00,-0.609,-0.111,0.498,-79.09420639,33.64905837,02110802,USGS,IAN,2022,2160.0
2022-09-26 13:00:00,0.311,-0.133,-0.444,-79.09420639,33.64905837,02110802,USGS,IAN,2022,2220.0
2022-09-26 14:00:00,0.751,-0.017,-0.768,-79.09420639,33.64905837,02110802,USGS,IAN,2022,2280.0
2022-09-26 15:00:00,1.011,0.144,-0.8669999999999999,-79.09420639,33.64905837,02110802,USGS,IAN,2022,2340.0
2022-09-26 16:00:00,1.211,0.326,-0.885,-79.09420639,33.64905837,02110802,USGS,IAN,2022,2400.0
2022-09-26 17:00:00,1.341,0.53,-0.8109999999999999,-79.09420639,33.64905837,02110802,USGS,IAN,2022,2460.0
2022-09-26 18:00:00,1.341,0.69,-0.651,-79.09420639,33.64905837,02110802,USGS,IAN,2022,2520.0
2022-09-26 19:00:00,1.051,0.673,-0.3779999999999999,-79.09420639,33.64905837,02110802,USGS,IAN,2022,2580.0
2022-09-26 20:00:00,0.691,0.555,-0.1359999999999999,-79.09420639,33.64905837,02110802,USGS,IAN,2022,2640.0
2022-09-26 21:00:00,0.271,0.425,0.1539999999999999,-79.09420639,33.64905837,02110802,USGS,IAN,2022,2700.0
2022-09-26 22:00:00,-0.199,0.285,0.484,-79.09420639,33.64905837,02110802,USGS,IAN,2022,2760.0
2022-09-26 23:00:00,-0.649,0.138,0.787,-79.09420639,33.64905837,02110802,USGS,IAN,2022,2820.0
2022-09-27 00:00:00,-0.709,-0.009,0.7,-79.09420639,33.64905837,02110802,USGS,IAN,2022,2880.0
2022-09-27 01:00:00,0.301,-0.092,-0.393,-79.09420639,33.64905837,02110802,USGS,IAN,2022,2940.0
2022-09-27 02:00:00,0.721,-0.054,-0.775,-79.09420639,33.64905837,02110802,USGS,IAN,2022,3000.0
2022-09-27 03:00:00,1.011,0.101,-0.91,-79.09420639,33.64905837,02110802,USGS,IAN,2022,3060.0
2022-09-27 04:00:00,1.201,0.269,-0.932,-79.09420639,33.64905837,02110802,USGS,IAN,2022,3120.0
2022-09-27 05:00:00,1.331,0.456,-0.875,-79.09420639,33.64905837,02110802,USGS,IAN,2022,3180.0
2022-09-27 06:00:00,1.351,0.631,-0.72,-79.09420639,33.64905837,02110802,USGS,IAN,2022,3240.0
2022-09-27 07:00:00,1.121,0.645,-0.476,-79.09420639,33.64905837,02110802,USGS,IAN,2022,3300.0
2022-09-27 08:00:00,0.771,0.535,-0.236,-79.09420639,33.64905837,02110802,USGS,IAN,2022,3360.0
2022-09-27 09:00:00,0.381,0.408,0.0269999999999999,-79.09420639,33.64905837,02110802,USGS,IAN,2022,3420.0
2022-09-27 10:00:00,-0.109,0.27,0.379,-79.09420639,33.64905837,02110802,USGS,IAN,2022,3480.0
2022-09-27 11:00:00,-0.589,0.126,0.715,-79.09420639,33.64905837,02110802,USGS,IAN,2022,3540.0
2022-09-27 12:00:00,-0.939,-0.023,0.916,-79.09420639,33.64905837,02110802,USGS,IAN,2022,3600.0
2022-09-27 13:00:00,-0.379,-0.125,0.254,-79.09420639,33.64905837,02110802,USGS,IAN,2022,3660.0
2022-09-27 14:00:00,0.401,-0.108,-0.509,-79.09420639,33.64905837,02110802,USGS,IAN,2022,3720.0
2022-09-27 15:00:00,0.751,0.044,-0.707,-79.09420639,33.64905837,02110802,USGS,IAN,2022,3780.0
2022-09-27 16:00:00,1.011,0.217,-0.7939999999999999,-79.09420639,33.64905837,02110802,USGS,IAN,2022,3840.0
2022-09-27 17:00:00,1.221,0.417,-0.804,-79.09420639,33.64905837,02110802,USGS,IAN,2022,3900.0
2022-09-27 18:00:00,1.321,0.634,-0.6869999999999999,-79.09420639,33.64905837,02110802,USGS,IAN,2022,3960.0
2022-09-27 19:00:00,1.281,0.765,-0.5159999999999999,-79.09420639,33.64905837,02110802,USGS,IAN,2022,4020.0
2022-09-27 20:00:00,0.951,0.719,-0.2319999999999999,-79.09420639,33.64905837,02110802,USGS,IAN,2022,4080.0
2022-09-27 21:00:00,0.601,0.592,-0.009,-79.09420639,33.64905837,02110802,USGS,IAN,2022,4140.0
2022-09-27 22:00:00,0.161,0.457,0.296,-79.09420639,33.64905837,02110802,USGS,IAN,2022,4200.0
2022-09-27 23:00:00,-0.329,0.312,0.641,-79.09420639,33.64905837,02110802,USGS,IAN,2022,4260.0
2022-09-28 00:00:00,-0.769,0.162,0.931,-79.09420639,33.64905837,02110802,USGS,IAN,2022,4320.0
2022-09-28 01:00:00,-0.669,0.018,0.687,-79.09420639,33.64905837,02110802,USGS,IAN,2022,4380.0
2022-09-28 02:00:00,0.321,-0.039,-0.36,-79.09420639,33.64905837,02110802,USGS,IAN,2022,4440.0
2022-09-28 03:00:00,0.711,0.031,-0.6799999999999999,-79.09420639,33.64905837,02110802,USGS,IAN,2022,4500.0
2022-09-28 04:00:00,0.981,0.184,-0.7969999999999999,-79.09420639,33.64905837,02110802,USGS,IAN,2022,4560.0
2022-09-28 05:00:00,1.171,0.358,-0.8130000000000001,-79.09420639,33.64905837,02110802,USGS,IAN,2022,4620.0
2022-09-28 06:00:00,1.271,0.542,-0.7289999999999999,-79.09420639,33.64905837,02110802,USGS,IAN,2022,4680.0
2022-09-28 07:00:00,1.171,0.662,-0.509,-79.09420639,33.64905837,02110802,USGS,IAN,2022,4740.0
2022-09-28 08:00:00,0.801,0.609,-0.192,-79.09420639,33.64905837,02110802,USGS,IAN,2022,4800.0
2022-09-28 09:00:00,0.421,0.488,0.067,-79.09420639,33.64905837,02110802,USGS,IAN,2022,4860.0
2022-09-28 10:00:00,-0.039,0.357,0.3959999999999999,-79.09420639,33.64905837,02110802,USGS,IAN,2022,4920.0
2022-09-28 11:00:00,-0.519,0.217,0.736,-79.09420639,33.64905837,02110802,USGS,IAN,2022,4980.0
2022-09-28 12:00:00,-0.919,0.068,0.987,-79.09420639,33.64905837,02110802,USGS,IAN,2022,5040.0
2022-09-28 13:00:00,-0.799,-0.081,0.7180000000000001,-79.09420639,33.64905837,02110802,USGS,IAN,2022,5100.0
2022-09-28 14:00:00,0.111,-0.142,-0.253,-79.09420639,33.64905837,02110802,USGS,IAN,2022,5160.0
2022-09-28 15:00:00,0.551,-0.078,-0.629,-79.09420639,33.64905837,02110802,USGS,IAN,2022,5220.0
2022-09-28 16:00:00,0.861,0.088,-0.773,-79.09420639,33.64905837,02110802,USGS,IAN,2022,5280.0
2022-09-28 17:00:00,1.111,0.27,-0.841,-79.09420639,33.64905837,02110802,USGS,IAN,2022,5340.0
2022-09-28 18:00:00,1.311,0.486,-0.825,-79.09420639,33.64905837,02110802,USGS,IAN,2022,5400.0
2022-09-28 19:00:00,1.431,0.705,-0.7260000000000001,-79.09420639,33.64905837,02110802,USGS,IAN,2022,5460.0
2022-09-28 20:00:00,1.421,0.809,-0.612,-79.09420639,33.64905837,02110802,USGS,IAN,2022,5520.0
2022-09-28 21:00:00,1.211,0.742,-0.4690000000000001,-79.09420639,33.64905837,02110802,USGS,IAN,2022,5580.0
2022-09-28 22:00:00,0.871,0.612,-0.259,-79.09420639,33.64905837,02110802,USGS,IAN,2022,5640.0
2022-09-28 23:00:00,0.521,0.474,-0.047,-79.09420639,33.64905837,02110802,USGS,IAN,2022,5700.0
2022-09-29 00:00:00,0.071,0.327,0.256,-79.09420639,33.64905837,02110802,USGS,IAN,2022,5760.0
2022-09-29 01:00:00,-0.339,0.175,0.514,-79.09420639,33.64905837,02110802,USGS,IAN,2022,5820.0
2022-09-29 02:00:00,-0.099,0.04,0.139,-79.09420639,33.64905837,02110802,USGS,IAN,2022,5880.0
2022-09-29 03:00:00,0.651,0.011,-0.64,-79.09420639,33.64905837,02110802,USGS,IAN,2022,5940.0
2022-09-29 04:00:00,0.931,0.104,-0.8270000000000001,-79.09420639,33.64905837,02110802,USGS,IAN,2022,6000.0
2022-09-29 05:00:00,1.121,0.268,-0.853,-79.09420639,33.64905837,02110802,USGS,IAN,2022,6060.0
2022-09-29 06:00:00,1.261,0.451,-0.8099999999999998,-79.09420639,33.64905837,02110802,USGS,IAN,2022,6120.0
2022-09-29 07:00:00,1.321,0.646,-0.6749999999999999,-79.09420639,33.64905837,02110802,USGS,IAN,2022,6180.0
2022-09-29 08:00:00,1.311,0.8,-0.5109999999999999,-79.09420639,33.64905837,02110802,USGS,IAN,2022,6240.0
2022-09-29 09:00:00,1.071,0.776,-0.2949999999999999,-79.09420639,33.64905837,02110802,USGS,IAN,2022,6300.0
2022-09-29 10:00:00,0.771,0.669,-0.1019999999999999,-79.09420639,33.64905837,02110802,USGS,IAN,2022,6360.0
2022-09-29 11:00:00,0.401,0.551,0.15,-79.09420639,33.64905837,02110802,USGS,IAN,2022,6420.0
2022-09-29 12:00:00,-0.009,0.428,0.437,-79.09420639,33.64905837,02110802,USGS,IAN,2022,6480.0
2022-09-29 13:00:00,-0.369,0.325,0.694,-79.09420639,33.64905837,02110802,USGS,IAN,2022,6540.0
2022-09-29 14:00:00,-0.209,0.324,0.533,-79.09420639,33.64905837,02110802,USGS,IAN,2022,6600.0
2022-09-29 15:00:00,0.581,0.446,-0.1349999999999999,-79.09420639,33.64905837,02110802,USGS,IAN,2022,6660.0
2022-09-29 16:00:00,0.921,0.619,-0.302,-79.09420639,33.64905837,02110802,USGS,IAN,2022,6720.0
2022-09-29 17:00:00,1.131,0.842,-0.289,-79.09420639,33.64905837,02110802,USGS,IAN,2022,6780.0
2022-09-29 18:00:00,1.331,1.113,-0.2179999999999999,-79.09420639,33.64905837,02110802,USGS,IAN,2022,6840.0
2022-09-29 19:00:00,1.501,1.382,-0.119,-79.09420639,33.64905837,02110802,USGS,IAN,2022,6900.0
2022-09-29 20:00:00,1.621,1.637,0.016,-79.09420639,33.64905837,02110802,USGS,IAN,2022,6960.0
2022-09-29 21:00:00,1.681,1.835,0.1539999999999999,-79.09420639,33.64905837,02110802,USGS,IAN,2022,7020.0
2022-09-29 22:00:00,1.611,1.928,0.3169999999999999,-79.09420639,33.64905837,02110802,USGS,IAN,2022,7080.0
2022-09-29 23:00:00,1.391,1.94,0.5489999999999999,-79.09420639,33.64905837,02110802,USGS,IAN,2022,7140.0
2022-09-30 00:00:00,1.151,1.876,0.7249999999999999,-79.09420639,33.64905837,02110802,USGS,IAN,2022,7200.0
2022-09-30 01:00:00,0.901,1.77,0.869,-79.09420639,33.64905837,02110802,USGS,IAN,2022,7260.0
2022-09-30 02:00:00,0.671,1.683,1.012,-79.09420639,33.64905837,02110802,USGS,IAN,2022,7320.0
2022-09-30 03:00:00,0.671,1.679,1.008,-79.09420639,33.64905837,02110802,USGS,IAN,2022,7380.0
2022-09-30 04:00:00,1.041,1.725,0.6840000000000002,-79.09420639,33.64905837,02110802,USGS,IAN,2022,7440.0
2022-09-30 05:00:00,1.261,1.845,0.5840000000000001,-79.09420639,33.64905837,02110802,USGS,IAN,2022,7500.0
2022-09-30 06:00:00,1.411,1.988,0.577,-79.09420639,33.64905837,02110802,USGS,IAN,2022,7560.0
2022-09-30 07:00:00,1.551,2.146,0.595,-79.09420639,33.64905837,02110802,USGS,IAN,2022,7620.0
2022-09-30 08:00:00,1.651,2.289,0.6380000000000001,-79.09420639,33.64905837,02110802,USGS,IAN,2022,7680.0
2022-09-30 09:00:00,1.701,2.407,0.706,-79.09420639,33.64905837,02110802,USGS,IAN,2022,7740.0
2022-09-30 10:00:00,1.621,2.457,0.8359999999999999,-79.09420639,33.64905837,02110802,USGS,IAN,2022,7800.0
2022-09-30 11:00:00,1.431,2.418,0.987,-79.09420639,33.64905837,02110802,USGS,IAN,2022,7860.0
2022-09-30 12:00:00,1.231,2.334,1.103,-79.09420639,33.64905837,02110802,USGS,IAN,2022,7920.0
2022-09-30 13:00:00,0.991,2.237,1.246,-79.09420639,33.64905837,02110802,USGS,IAN,2022,7980.0
2022-09-30 14:00:00,0.731,2.215,1.484,-79.09420639,33.64905837,02110802,USGS,IAN,2022,8040.0
2022-09-30 15:00:00,0.801,2.205,1.404,-79.09420639,33.64905837,02110802,USGS,IAN,2022,8100.0
2022-09-30 16:00:00,1.091,2.225,1.134,-79.09420639,33.64905837,02110802,USGS,IAN,2022,8160.0
2022-09-30 17:00:00,1.431,2.282,0.851,-79.09420639,33.64905837,02110802,USGS,IAN,2022,8220.0
2022-09-30 18:00:00,1.731,2.365,0.6340000000000001,-79.09420639,33.64905837,02110802,USGS,IAN,2022,8280.0
2022-09-30 19:00:00,1.971,2.428,0.4569999999999998,-79.09420639,33.64905837,02110802,USGS,IAN,2022,8340.0
2022-09-30 20:00:00,2.191,2.644,0.4530000000000003,-79.09420639,33.64905837,02110802,USGS,IAN,2022,8400.0
2022-09-30 21:00:00,2.431,2.905,0.4739999999999997,-79.09420639,33.64905837,02110802,USGS,IAN,2022,8460.0
2022-09-30 22:00:00,2.631,3.165,0.5340000000000003,-79.09420639,33.64905837,02110802,USGS,IAN,2022,8520.0
2022-09-30 23:00:00,2.721,3.417,0.6959999999999997,-79.09420639,33.64905837,02110802,USGS,IAN,2022,8580.0
2022-10-01 00:00:00,2.661,3.609,0.948,-79.09420639,33.64905837,02110802,USGS,IAN,2022,8640.0
2022-10-01 01:00:00,2.431,3.73,1.299,-79.09420639,33.64905837,02110802,USGS,IAN,2022,8700.0
2022-10-01 02:00:00,2.221,3.803,1.582,-79.09420639,33.64905837,02110802,USGS,IAN,2022,8760.0
2022-10-01 03:00:00,2.071,3.802,1.731,-79.09420639,33.64905837,02110802,USGS,IAN,2022,8820.0
2022-10-01 04:00:00,1.921,3.723,1.802,-79.09420639,33.64905837,02110802,USGS,IAN,2022,8880.0
2022-10-01 05:00:00,1.811,3.602,1.791,-79.09420639,33.64905837,02110802,USGS,IAN,2022,8940.0
2022-10-01 06:00:00,1.811,3.477,1.666,-79.09420639,33.64905837,02110802,USGS,IAN,2022,9000.0
2022-10-01 07:00:00,1.881,3.357,1.4760000000000002,-79.09420639,33.64905837,02110802,USGS,IAN,2022,9060.0
2022-10-01 08:00:00,1.921,3.239,1.3179999999999998,-79.09420639,33.64905837,02110802,USGS,IAN,2022,9120.0
2022-10-01 09:00:00,1.881,3.121,1.24,-79.09420639,33.64905837,02110802,USGS,IAN,2022,9180.0
2022-10-01 10:00:00,1.761,3.006,1.245,-79.09420639,33.64905837,02110802,USGS,IAN,2022,9240.0
2022-10-01 11:00:00,1.621,2.891,1.27,-79.09420639,33.64905837,02110802,USGS,IAN,2022,9300.0
2022-10-01 12:00:00,1.431,2.775,1.344,-79.09420639,33.64905837,02110802,USGS,IAN,2022,9360.0
2022-10-01 13:00:00,1.201,2.657,1.456,-79.09420639,33.64905837,02110802,USGS,IAN,2022,9420.0
2022-10-01 14:00:00,0.961,2.54,1.5790000000000002,-79.09420639,33.64905837,02110802,USGS,IAN,2022,9480.0
2022-10-01 15:00:00,0.741,2.417,1.6759999999999995,-79.09420639,33.64905837,02110802,USGS,IAN,2022,9540.0
2022-10-01 16:00:00,0.731,2.287,1.556,-79.09420639,33.64905837,02110802,USGS,IAN,2022,9600.0
2022-10-01 17:00:00,1.081,2.164,1.0830000000000002,-79.09420639,33.64905837,02110802,USGS,IAN,2022,9660.0
2022-10-01 18:00:00,1.421,2.127,0.7059999999999997,-79.09420639,33.64905837,02110802,USGS,IAN,2022,9720.0
2022-10-01 19:00:00,1.651,2.147,0.4959999999999998,-79.09420639,33.64905837,02110802,USGS,IAN,2022,9780.0
2022-10-01 20:00:00,1.821,2.214,0.393,-79.09420639,33.64905837,02110802,USGS,IAN,2022,9840.0
2022-10-01 21:00:00,1.941,2.227,0.2859999999999998,-79.09420639,33.64905837,02110802,USGS,IAN,2022,9900.0
2022-10-01 22:00:00,1.961,2.194,0.2329999999999998,-79.09420639,33.64905837,02110802,USGS,IAN,2022,9960.0
2022-10-01 23:00:00,1.841,2.11,0.2689999999999999,-79.09420639,33.64905837,02110802,USGS,IAN,2022,10020.0
2022-09-25 01:00:00,1.383,0.192,-1.191,-79.1269867,33.5081,021108125,USGS,IAN,2022,60.0
2022-09-25 02:00:00,1.593,0.487,-1.106,-79.1269867,33.5081,021108125,USGS,IAN,2022,120.0
2022-09-25 03:00:00,1.633,0.801,-0.832,-79.1269867,33.5081,021108125,USGS,IAN,2022,180.0
2022-09-25 04:00:00,1.303,0.906,-0.3969999999999999,-79.1269867,33.5081,021108125,USGS,IAN,2022,240.0
2022-09-25 05:00:00,0.723,0.665,-0.0579999999999999,-79.1269867,33.5081,021108125,USGS,IAN,2022,300.0
2022-09-25 06:00:00,0.173,0.465,0.292,-79.1269867,33.5081,021108125,USGS,IAN,2022,360.0
2022-09-25 07:00:00,-0.377,0.265,0.642,-79.1269867,33.5081,021108125,USGS,IAN,2022,420.0
2022-09-25 08:00:00,-0.897,0.067,0.964,-79.1269867,33.5081,021108125,USGS,IAN,2022,480.0
2022-09-25 09:00:00,-1.307,-0.13,1.177,-79.1269867,33.5081,021108125,USGS,IAN,2022,540.0
2022-09-25 10:00:00,-1.277,-0.323,0.954,-79.1269867,33.5081,021108125,USGS,IAN,2022,600.0
2022-09-25 11:00:00,-0.237,-0.377,-0.14,-79.1269867,33.5081,021108125,USGS,IAN,2022,660.0
2022-09-25 12:00:00,0.563,-0.135,-0.698,-79.1269867,33.5081,021108125,USGS,IAN,2022,720.0
2022-09-25 13:00:00,0.953,0.125,-0.828,-79.1269867,33.5081,021108125,USGS,IAN,2022,780.0
2022-09-25 14:00:00,1.223,0.418,-0.8050000000000002,-79.1269867,33.5081,021108125,USGS,IAN,2022,840.0
2022-09-25 15:00:00,1.373,0.642,-0.731,-79.1269867,33.5081,021108125,USGS,IAN,2022,900.0
2022-09-25 16:00:00,1.293,0.919,-0.3739999999999999,-79.1269867,33.5081,021108125,USGS,IAN,2022,960.0
2022-09-25 17:00:00,0.743,0.717,-0.026,-79.1269867,33.5081,021108125,USGS,IAN,2022,1020.0
2022-09-25 18:00:00,0.113,0.502,0.389,-79.1269867,33.5081,021108125,USGS,IAN,2022,1080.0
2022-09-25 19:00:00,-0.487,0.311,0.798,-79.1269867,33.5081,021108125,USGS,IAN,2022,1140.0
2022-09-25 20:00:00,-1.077,0.113,1.19,-79.1269867,33.5081,021108125,USGS,IAN,2022,1200.0
2022-09-25 21:00:00,-1.527,-0.086,1.4409999999999998,-79.1269867,33.5081,021108125,USGS,IAN,2022,1260.0
2022-09-25 22:00:00,-1.547,-0.289,1.258,-79.1269867,33.5081,021108125,USGS,IAN,2022,1320.0
2022-09-25 23:00:00,-0.267,-0.408,-0.1409999999999999,-79.1269867,33.5081,021108125,USGS,IAN,2022,1380.0
2022-09-26 00:00:00,0.583,-0.238,-0.821,-79.1269867,33.5081,021108125,USGS,IAN,2022,1440.0
2022-09-26 01:00:00,1.013,0.028,-0.985,-79.1269867,33.5081,021108125,USGS,IAN,2022,1500.0
2022-09-26 02:00:00,1.293,0.31,-0.983,-79.1269867,33.5081,021108125,USGS,IAN,2022,1560.0
2022-09-26 03:00:00,1.453,0.576,-0.8770000000000001,-79.1269867,33.5081,021108125,USGS,IAN,2022,1620.0
2022-09-26 04:00:00,1.333,0.912,-0.4209999999999999,-79.1269867,33.5081,021108125,USGS,IAN,2022,1680.0
2022-09-26 05:00:00,0.793,0.859,0.0659999999999999,-79.1269867,33.5081,021108125,USGS,IAN,2022,1740.0
2022-09-26 06:00:00,0.213,0.601,0.388,-79.1269867,33.5081,021108125,USGS,IAN,2022,1800.0
2022-09-26 07:00:00,-0.367,0.408,0.7749999999999999,-79.1269867,33.5081,021108125,USGS,IAN,2022,1860.0
2022-09-26 08:00:00,-0.927,0.206,1.133,-79.1269867,33.5081,021108125,USGS,IAN,2022,1920.0
2022-09-26 09:00:00,-1.437,0.004,1.441,-79.1269867,33.5081,021108125,USGS,IAN,2022,1980.0
2022-09-26 10:00:00,-1.767,-0.191,1.5759999999999998,-79.1269867,33.5081,021108125,USGS,IAN,2022,2040.0
2022-09-26 11:00:00,-1.267,-0.367,0.8999999999999999,-79.1269867,33.5081,021108125,USGS,IAN,2022,2100.0
2022-09-26 12:00:00,-0.037,-0.306,-0.269,-79.1269867,33.5081,021108125,USGS,IAN,2022,2160.0
2022-09-26 13:00:00,0.573,-0.027,-0.6,-79.1269867,33.5081,021108125,USGS,IAN,2022,2220.0
2022-09-26 14:00:00,0.963,0.246,-0.717,-79.1269867,33.5081,021108125,USGS,IAN,2022,2280.0
2022-09-26 15:00:00,1.213,0.534,-0.679,-79.1269867,33.5081,021108125,USGS,IAN,2022,2340.0
2022-09-26 16:00:00,1.263,0.912,-0.3509999999999998,-79.1269867,33.5081,021108125,USGS,IAN,2022,2400.0
2022-09-26 17:00:00,0.943,1.019,0.0759999999999999,-79.1269867,33.5081,021108125,USGS,IAN,2022,2460.0
2022-09-26 18:00:00,0.293,0.764,0.471,-79.1269867,33.5081,021108125,USGS,IAN,2022,2520.0
2022-09-26 19:00:00,-0.347,0.547,0.894,-79.1269867,33.5081,021108125,USGS,IAN,2022,2580.0
2022-09-26 20:00:00,-0.927,0.346,1.273,-79.1269867,33.5081,021108125,USGS,IAN,2022,2640.0
2022-09-26 21:00:00,-1.477,0.141,1.618,-79.1269867,33.5081,021108125,USGS,IAN,2022,2700.0
2022-09-26 22:00:00,-1.857,-0.064,1.793,-79.1269867,33.5081,021108125,USGS,IAN,2022,2760.0
2022-09-26 23:00:00,-1.357,-0.268,1.089,-79.1269867,33.5081,021108125,USGS,IAN,2022,2820.0
2022-09-27 00:00:00,-0.017,-0.352,-0.3349999999999999,-79.1269867,33.5081,021108125,USGS,IAN,2022,2880.0
2022-09-27 01:00:00,0.623,-0.127,-0.75,-79.1269867,33.5081,021108125,USGS,IAN,2022,2940.0
2022-09-27 02:00:00,1.023,0.145,-0.8779999999999999,-79.1269867,33.5081,021108125,USGS,IAN,2022,3000.0
2022-09-27 03:00:00,1.273,0.447,-0.8259999999999998,-79.1269867,33.5081,021108125,USGS,IAN,2022,3060.0
2022-09-27 04:00:00,1.363,0.746,-0.617,-79.1269867,33.5081,021108125,USGS,IAN,2022,3120.0
2022-09-27 05:00:00,1.053,0.963,-0.0899999999999999,-79.1269867,33.5081,021108125,USGS,IAN,2022,3180.0
2022-09-27 06:00:00,0.403,0.756,0.353,-79.1269867,33.5081,021108125,USGS,IAN,2022,3240.0
2022-09-27 07:00:00,-0.207,0.532,0.739,-79.1269867,33.5081,021108125,USGS,IAN,2022,3300.0
2022-09-27 08:00:00,-0.807,0.337,1.144,-79.1269867,33.5081,021108125,USGS,IAN,2022,3360.0
2022-09-27 09:00:00,-1.377,0.134,1.511,-79.1269867,33.5081,021108125,USGS,IAN,2022,3420.0
2022-09-27 10:00:00,-1.857,-0.07,1.787,-79.1269867,33.5081,021108125,USGS,IAN,2022,3480.0
2022-09-27 11:00:00,-1.937,-0.279,1.658,-79.1269867,33.5081,021108125,USGS,IAN,2022,3540.0
2022-09-27 12:00:00,-0.837,-0.396,0.4409999999999999,-79.1269867,33.5081,021108125,USGS,IAN,2022,3600.0
2022-09-27 13:00:00,0.213,-0.21,-0.423,-79.1269867,33.5081,021108125,USGS,IAN,2022,3660.0
2022-09-27 14:00:00,0.753,0.078,-0.675,-79.1269867,33.5081,021108125,USGS,IAN,2022,3720.0
2022-09-27 15:00:00,1.103,0.387,-0.716,-79.1269867,33.5081,021108125,USGS,IAN,2022,3780.0
2022-09-27 16:00:00,1.323,0.716,-0.607,-79.1269867,33.5081,021108125,USGS,IAN,2022,3840.0
2022-09-27 17:00:00,1.303,1.061,-0.242,-79.1269867,33.5081,021108125,USGS,IAN,2022,3900.0
2022-09-27 18:00:00,0.843,1.08,0.2370000000000001,-79.1269867,33.5081,021108125,USGS,IAN,2022,3960.0
2022-09-27 19:00:00,0.183,0.79,0.607,-79.1269867,33.5081,021108125,USGS,IAN,2022,4020.0
2022-09-27 20:00:00,-0.417,0.575,0.992,-79.1269867,33.5081,021108125,USGS,IAN,2022,4080.0
2022-09-27 21:00:00,-1.007,0.367,1.374,-79.1269867,33.5081,021108125,USGS,IAN,2022,4140.0
2022-09-27 22:00:00,-1.557,0.157,1.714,-79.1269867,33.5081,021108125,USGS,IAN,2022,4200.0
2022-09-27 23:00:00,-1.897,-0.051,1.846,-79.1269867,33.5081,021108125,USGS,IAN,2022,4260.0
2022-09-28 00:00:00,-1.197,-0.234,0.963,-79.1269867,33.5081,021108125,USGS,IAN,2022,4320.0
2022-09-28 01:00:00,0.073,-0.28,-0.353,-79.1269867,33.5081,021108125,USGS,IAN,2022,4380.0
2022-09-28 02:00:00,0.653,-0.016,-0.669,-79.1269867,33.5081,021108125,USGS,IAN,2022,4440.0
2022-09-28 03:00:00,1.013,0.252,-0.7609999999999999,-79.1269867,33.5081,021108125,USGS,IAN,2022,4500.0
2022-09-28 04:00:00,1.223,0.516,-0.7070000000000001,-79.1269867,33.5081,021108125,USGS,IAN,2022,4560.0
2022-09-28 05:00:00,1.173,0.82,-0.3530000000000001,-79.1269867,33.5081,021108125,USGS,IAN,2022,4620.0
2022-09-28 06:00:00,0.683,0.903,0.2199999999999999,-79.1269867,33.5081,021108125,USGS,IAN,2022,4680.0
2022-09-28 07:00:00,0.023,0.649,0.626,-79.1269867,33.5081,021108125,USGS,IAN,2022,4740.0
2022-09-28 08:00:00,-0.597,0.457,1.054,-79.1269867,33.5081,021108125,USGS,IAN,2022,4800.0
2022-09-28 09:00:00,-1.197,0.256,1.453,-79.1269867,33.5081,021108125,USGS,IAN,2022,4860.0
2022-09-28 10:00:00,-1.697,0.053,1.75,-79.1269867,33.5081,021108125,USGS,IAN,2022,4920.0
2022-09-28 11:00:00,-1.887,-0.149,1.738,-79.1269867,33.5081,021108125,USGS,IAN,2022,4980.0
2022-09-28 12:00:00,-1.247,-0.351,0.8960000000000001,-79.1269867,33.5081,021108125,USGS,IAN,2022,5040.0
2022-09-28 13:00:00,-0.087,-0.396,-0.309,-79.1269867,33.5081,021108125,USGS,IAN,2022,5100.0
2022-09-28 14:00:00,0.523,-0.128,-0.651,-79.1269867,33.5081,021108125,USGS,IAN,2022,5160.0
2022-09-28 15:00:00,0.973,0.157,-0.816,-79.1269867,33.5081,021108125,USGS,IAN,2022,5220.0
2022-09-28 16:00:00,1.303,0.457,-0.8459999999999999,-79.1269867,33.5081,021108125,USGS,IAN,2022,5280.0
2022-09-28 17:00:00,1.533,0.879,-0.6539999999999999,-79.1269867,33.5081,021108125,USGS,IAN,2022,5340.0
2022-09-28 18:00:00,1.573,1.157,-0.4159999999999999,-79.1269867,33.5081,021108125,USGS,IAN,2022,5400.0
2022-09-28 19:00:00,1.183,1.101,-0.082,-79.1269867,33.5081,021108125,USGS,IAN,2022,5460.0
2022-09-28 20:00:00,0.543,0.801,0.258,-79.1269867,33.5081,021108125,USGS,IAN,2022,5520.0
2022-09-28 21:00:00,-0.067,0.586,0.653,-79.1269867,33.5081,021108125,USGS,IAN,2022,5580.0
2022-09-28 22:00:00,-0.657,0.376,1.033,-79.1269867,33.5081,021108125,USGS,IAN,2022,5640.0
2022-09-28 23:00:00,-1.147,0.163,1.31,-79.1269867,33.5081,021108125,USGS,IAN,2022,5700.0
2022-09-29 00:00:00,-1.367,-0.044,1.323,-79.1269867,33.5081,021108125,USGS,IAN,2022,5760.0
2022-09-29 01:00:00,-0.517,-0.209,0.308,-79.1269867,33.5081,021108125,USGS,IAN,2022,5820.0
2022-09-29 02:00:00,0.493,-0.193,-0.6859999999999999,-79.1269867,33.5081,021108125,USGS,IAN,2022,5880.0
2022-09-29 03:00:00,0.883,0.081,-0.802,-79.1269867,33.5081,021108125,USGS,IAN,2022,5940.0
2022-09-29 04:00:00,1.133,0.348,-0.785,-79.1269867,33.5081,021108125,USGS,IAN,2022,6000.0
2022-09-29 05:00:00,1.283,0.609,-0.6739999999999999,-79.1269867,33.5081,021108125,USGS,IAN,2022,6060.0
2022-09-29 06:00:00,1.253,0.9,-0.3529999999999998,-79.1269867,33.5081,021108125,USGS,IAN,2022,6120.0
2022-09-29 07:00:00,0.973,1.041,0.0679999999999999,-79.1269867,33.5081,021108125,USGS,IAN,2022,6180.0
2022-09-29 08:00:00,0.493,0.844,0.351,-79.1269867,33.5081,021108125,USGS,IAN,2022,6240.0
2022-09-29 09:00:00,-0.057,0.658,0.7150000000000001,-79.1269867,33.5081,021108125,USGS,IAN,2022,6300.0
2022-09-29 10:00:00,-0.577,0.486,1.063,-79.1269867,33.5081,021108125,USGS,IAN,2022,6360.0
2022-09-29 11:00:00,-1.007,0.31,1.317,-79.1269867,33.5081,021108125,USGS,IAN,2022,6420.0
2022-09-29 12:00:00,-1.187,0.164,1.351,-79.1269867,33.5081,021108125,USGS,IAN,2022,6480.0
2022-09-29 13:00:00,-0.577,0.24,0.817,-79.1269867,33.5081,021108125,USGS,IAN,2022,6540.0
2022-09-29 14:00:00,0.483,0.52,0.037,-79.1269867,33.5081,021108125,USGS,IAN,2022,6600.0
2022-09-29 15:00:00,0.973,0.801,-0.1719999999999999,-79.1269867,33.5081,021108125,USGS,IAN,2022,6660.0
2022-09-29 16:00:00,1.333,1.2,-0.133,-79.1269867,33.5081,021108125,USGS,IAN,2022,6720.0
2022-09-29 17:00:00,1.663,1.668,0.0049999999999998,-79.1269867,33.5081,021108125,USGS,IAN,2022,6780.0
2022-09-29 18:00:00,1.853,1.976,0.123,-79.1269867,33.5081,021108125,USGS,IAN,2022,6840.0
2022-09-29 19:00:00,1.923,2.129,0.2059999999999999,-79.1269867,33.5081,021108125,USGS,IAN,2022,6900.0
2022-09-29 20:00:00,1.743,2.277,0.534,-79.1269867,33.5081,021108125,USGS,IAN,2022,6960.0
2022-09-29 21:00:00,1.293,2.302,1.009,-79.1269867,33.5081,021108125,USGS,IAN,2022,7020.0
2022-09-29 22:00:00,0.793,2.175,1.3819999999999997,-79.1269867,33.5081,021108125,USGS,IAN,2022,7080.0
2022-09-29 23:00:00,0.313,2.004,1.691,-79.1269867,33.5081,021108125,USGS,IAN,2022,7140.0
2022-09-30 00:00:00,-0.097,1.837,1.934,-79.1269867,33.5081,021108125,USGS,IAN,2022,7200.0
2022-09-30 01:00:00,-0.227,1.698,1.925,-79.1269867,33.5081,021108125,USGS,IAN,2022,7260.0
2022-09-30 02:00:00,0.313,1.639,1.326,-79.1269867,33.5081,021108125,USGS,IAN,2022,7320.0
2022-09-30 03:00:00,0.923,1.797,0.8739999999999999,-79.1269867,33.5081,021108125,USGS,IAN,2022,7380.0
2022-09-30 04:00:00,1.243,1.97,0.7269999999999999,-79.1269867,33.5081,021108125,USGS,IAN,2022,7440.0
2022-09-30 05:00:00,1.513,2.123,0.6100000000000003,-79.1269867,33.5081,021108125,USGS,IAN,2022,7500.0
2022-09-30 06:00:00,1.713,2.305,0.5920000000000001,-79.1269867,33.5081,021108125,USGS,IAN,2022,7560.0
2022-09-30 07:00:00,1.763,2.497,0.734,-79.1269867,33.5081,021108125,USGS,IAN,2022,7620.0
2022-09-30 08:00:00,1.573,2.637,1.064,-79.1269867,33.5081,021108125,USGS,IAN,2022,7680.0
2022-09-30 09:00:00,1.193,2.66,1.467,-79.1269867,33.5081,021108125,USGS,IAN,2022,7740.0
2022-09-30 10:00:00,0.723,2.534,1.811,-79.1269867,33.5081,021108125,USGS,IAN,2022,7800.0
2022-09-30 11:00:00,0.243,2.411,2.168,-79.1269867,33.5081,021108125,USGS,IAN,2022,7860.0
2022-09-30 12:00:00,-0.287,2.293,2.58,-79.1269867,33.5081,021108125,USGS,IAN,2022,7920.0
2022-09-30 13:00:00,-0.367,2.174,2.541,-79.1269867,33.5081,021108125,USGS,IAN,2022,7980.0
2022-09-30 14:00:00,0.303,2.06,1.757,-79.1269867,33.5081,021108125,USGS,IAN,2022,8040.0
2022-09-30 15:00:00,0.953,2.091,1.1380000000000003,-79.1269867,33.5081,021108125,USGS,IAN,2022,8100.0
2022-09-30 16:00:00,1.423,2.12,0.6970000000000001,-79.1269867,33.5081,021108125,USGS,IAN,2022,8160.0
2022-09-30 17:00:00,1.873,2.165,0.292,-79.1269867,33.5081,021108125,USGS,IAN,2022,8220.0
2022-09-30 18:00:00,2.413,2.445,0.032,-79.1269867,33.5081,021108125,USGS,IAN,2022,8280.0
2022-09-30 19:00:00,3.013,3.106,0.0929999999999999,-79.1269867,33.5081,021108125,USGS,IAN,2022,8340.0
2022-09-30 20:00:00,3.313,3.669,0.3559999999999998,-79.1269867,33.5081,021108125,USGS,IAN,2022,8400.0
2022-09-30 21:00:00,3.183,4.286,1.1029999999999998,-79.1269867,33.5081,021108125,USGS,IAN,2022,8460.0
2022-09-30 22:00:00,2.603,4.54,1.937,-79.1269867,33.5081,021108125,USGS,IAN,2022,8520.0
2022-09-30 23:00:00,2.033,4.625,2.592,-79.1269867,33.5081,021108125,USGS,IAN,2022,8580.0
2022-10-01 00:00:00,1.513,4.521,3.008,-79.1269867,33.5081,021108125,USGS,IAN,2022,8640.0
2022-10-01 01:00:00,1.033,4.274,3.241,-79.1269867,33.5081,021108125,USGS,IAN,2022,8700.0
2022-10-01 02:00:00,0.593,3.985,3.392,-79.1269867,33.5081,021108125,USGS,IAN,2022,8760.0
2022-10-01 03:00:00,0.303,3.741,3.438,-79.1269867,33.5081,021108125,USGS,IAN,2022,8820.0
2022-10-01 04:00:00,0.503,3.536,3.033,-79.1269867,33.5081,021108125,USGS,IAN,2022,8880.0
2022-10-01 05:00:00,1.203,3.357,2.154,-79.1269867,33.5081,021108125,USGS,IAN,2022,8940.0
2022-10-01 06:00:00,1.493,3.2,1.707,-79.1269867,33.5081,021108125,USGS,IAN,2022,9000.0
2022-10-01 07:00:00,1.463,3.057,1.594,-79.1269867,33.5081,021108125,USGS,IAN,2022,9060.0
2022-10-01 08:00:00,1.113,2.925,1.812,-79.1269867,33.5081,021108125,USGS,IAN,2022,9120.0
2022-10-01 09:00:00,0.633,2.799,2.166,-79.1269867,33.5081,021108125,USGS,IAN,2022,9180.0
2022-10-01 10:00:00,0.123,2.67,2.547,-79.1269867,33.5081,021108125,USGS,IAN,2022,9240.0
2022-10-01 11:00:00,-0.367,2.552,2.919,-79.1269867,33.5081,021108125,USGS,IAN,2022,9300.0
2022-10-01 12:00:00,-0.817,2.427,3.244,-79.1269867,33.5081,021108125,USGS,IAN,2022,9360.0
2022-10-01 13:00:00,-1.147,2.284,3.431,-79.1269867,33.5081,021108125,USGS,IAN,2022,9420.0
2022-10-01 14:00:00,-1.217,2.16,3.377,-79.1269867,33.5081,021108125,USGS,IAN,2022,9480.0
2022-10-01 15:00:00,-0.387,1.959,2.346,-79.1269867,33.5081,021108125,USGS,IAN,2022,9540.0
2022-10-01 16:00:00,0.673,1.859,1.186,-79.1269867,33.5081,021108125,USGS,IAN,2022,9600.0
2022-10-01 17:00:00,1.183,1.798,0.615,-79.1269867,33.5081,021108125,USGS,IAN,2022,9660.0
2022-10-01 18:00:00,1.483,1.998,0.5149999999999999,-79.1269867,33.5081,021108125,USGS,IAN,2022,9720.0
2022-10-01 19:00:00,1.713,2.156,0.443,-79.1269867,33.5081,021108125,USGS,IAN,2022,9780.0
2022-10-01 20:00:00,1.783,2.248,0.4650000000000003,-79.1269867,33.5081,021108125,USGS,IAN,2022,9840.0
2022-10-01 21:00:00,1.523,2.198,0.675,-79.1269867,33.5081,021108125,USGS,IAN,2022,9900.0
2022-10-01 22:00:00,1.033,2.075,1.0420000000000005,-79.1269867,33.5081,021108125,USGS,IAN,2022,9960.0
2022-10-01 23:00:00,0.543,1.918,1.375,-79.1269867,33.5081,021108125,USGS,IAN,2022,10020.0
2022-09-25 01:00:00,2.812,0.703,-2.109,-79.1739341,33.44461245,02110815,USGS,IAN,2022,60.0
2022-09-25 02:00:00,2.911,1.218,-1.693,-79.1739341,33.44461245,02110815,USGS,IAN,2022,120.0
2022-09-25 03:00:00,2.632,1.325,-1.3070000000000002,-79.1739341,33.44461245,02110815,USGS,IAN,2022,180.0
2022-09-25 04:00:00,1.981,0.804,-1.177,-79.1739341,33.44461245,02110815,USGS,IAN,2022,240.0
2022-09-25 05:00:00,1.312,0.515,-0.797,-79.1739341,33.44461245,02110815,USGS,IAN,2022,300.0
2022-09-25 06:00:00,0.601,0.214,-0.387,-79.1739341,33.44461245,02110815,USGS,IAN,2022,360.0
2022-09-25 07:00:00,0.041,-0.086,-0.127,-79.1739341,33.44461245,02110815,USGS,IAN,2022,420.0
2022-09-25 08:00:00,-0.389,-0.362,0.027,-79.1739341,33.44461245,02110815,USGS,IAN,2022,480.0
2022-09-25 09:00:00,-0.618,-0.597,0.021,-79.1739341,33.44461245,02110815,USGS,IAN,2022,540.0
2022-09-25 10:00:00,0.041,-0.638,-0.679,-79.1739341,33.44461245,02110815,USGS,IAN,2022,600.0
2022-09-25 11:00:00,1.121,-0.267,-1.388,-79.1739341,33.44461245,02110815,USGS,IAN,2022,660.0
2022-09-25 12:00:00,1.851,0.133,-1.718,-79.1739341,33.44461245,02110815,USGS,IAN,2022,720.0
2022-09-25 13:00:00,2.292,0.533,-1.759,-79.1739341,33.44461245,02110815,USGS,IAN,2022,780.0
2022-09-25 14:00:00,2.542,1.061,-1.481,-79.1739341,33.44461245,02110815,USGS,IAN,2022,840.0
2022-09-25 15:00:00,2.601,1.413,-1.188,-79.1739341,33.44461245,02110815,USGS,IAN,2022,900.0
2022-09-25 16:00:00,2.082,0.944,-1.138,-79.1739341,33.44461245,02110815,USGS,IAN,2022,960.0
2022-09-25 17:00:00,1.312,0.576,-0.7360000000000001,-79.1739341,33.44461245,02110815,USGS,IAN,2022,1020.0
2022-09-25 18:00:00,0.522,0.272,-0.25,-79.1739341,33.44461245,02110815,USGS,IAN,2022,1080.0
2022-09-25 19:00:00,-0.069,-0.025,0.044,-79.1739341,33.44461245,02110815,USGS,IAN,2022,1140.0
2022-09-25 20:00:00,-0.588,-0.306,0.282,-79.1739341,33.44461245,02110815,USGS,IAN,2022,1200.0
2022-09-25 21:00:00,-0.889,-0.559,0.3299999999999999,-79.1739341,33.44461245,02110815,USGS,IAN,2022,1260.0
2022-09-25 22:00:00,-0.178,-0.706,-0.528,-79.1739341,33.44461245,02110815,USGS,IAN,2022,1320.0
2022-09-25 23:00:00,1.161,-0.432,-1.593,-79.1739341,33.44461245,02110815,USGS,IAN,2022,1380.0
2022-09-26 00:00:00,1.952,-0.003,-1.955,-79.1739341,33.44461245,02110815,USGS,IAN,2022,1440.0
2022-09-26 01:00:00,2.391,0.435,-1.956,-79.1739341,33.44461245,02110815,USGS,IAN,2022,1500.0
2022-09-26 02:00:00,2.652,0.945,-1.7070000000000003,-79.1739341,33.44461245,02110815,USGS,IAN,2022,1560.0
2022-09-26 03:00:00,2.661,1.45,-1.211,-79.1739341,33.44461245,02110815,USGS,IAN,2022,1620.0
2022-09-26 04:00:00,2.132,1.204,-0.9280000000000002,-79.1739341,33.44461245,02110815,USGS,IAN,2022,1680.0
2022-09-26 05:00:00,1.421,0.688,-0.7330000000000001,-79.1739341,33.44461245,02110815,USGS,IAN,2022,1740.0
2022-09-26 06:00:00,0.691,0.407,-0.284,-79.1739341,33.44461245,02110815,USGS,IAN,2022,1800.0
2022-09-26 07:00:00,0.082,0.105,0.0229999999999999,-79.1739341,33.44461245,02110815,USGS,IAN,2022,1860.0
2022-09-26 08:00:00,-0.489,-0.19,0.299,-79.1739341,33.44461245,02110815,USGS,IAN,2022,1920.0
2022-09-26 09:00:00,-0.889,-0.46,0.429,-79.1739341,33.44461245,02110815,USGS,IAN,2022,1980.0
2022-09-26 10:00:00,-0.889,-0.672,0.2169999999999999,-79.1739341,33.44461245,02110815,USGS,IAN,2022,2040.0
2022-09-26 11:00:00,0.232,-0.557,-0.789,-79.1739341,33.44461245,02110815,USGS,IAN,2022,2100.0
2022-09-26 12:00:00,1.292,-0.098,-1.39,-79.1739341,33.44461245,02110815,USGS,IAN,2022,2160.0
2022-09-26 13:00:00,1.932,0.341,-1.591,-79.1739341,33.44461245,02110815,USGS,IAN,2022,2220.0
2022-09-26 14:00:00,2.332,0.797,-1.5349999999999997,-79.1739341,33.44461245,02110815,USGS,IAN,2022,2280.0
2022-09-26 15:00:00,2.501,1.367,-1.134,-79.1739341,33.44461245,02110815,USGS,IAN,2022,2340.0
2022-09-26 16:00:00,2.312,1.445,-0.8669999999999998,-79.1739341,33.44461245,02110815,USGS,IAN,2022,2400.0
2022-09-26 17:00:00,1.632,0.926,-0.7059999999999998,-79.1739341,33.44461245,02110815,USGS,IAN,2022,2460.0
2022-09-26 18:00:00,0.812,0.602,-0.21,-79.1739341,33.44461245,02110815,USGS,IAN,2022,2520.0
2022-09-26 19:00:00,0.111,0.284,0.173,-79.1739341,33.44461245,02110815,USGS,IAN,2022,2580.0
2022-09-26 20:00:00,-0.448,-0.021,0.427,-79.1739341,33.44461245,02110815,USGS,IAN,2022,2640.0
2022-09-26 21:00:00,-0.918,-0.308,0.6100000000000001,-79.1739341,33.44461245,02110815,USGS,IAN,2022,2700.0
2022-09-26 22:00:00,-0.998,-0.558,0.4399999999999999,-79.1739341,33.44461245,02110815,USGS,IAN,2022,2760.0
2022-09-26 23:00:00,0.222,-0.655,-0.877,-79.1739341,33.44461245,02110815,USGS,IAN,2022,2820.0
2022-09-27 00:00:00,1.351,-0.29,-1.641,-79.1739341,33.44461245,02110815,USGS,IAN,2022,2880.0
2022-09-27 01:00:00,2.022,0.134,-1.888,-79.1739341,33.44461245,02110815,USGS,IAN,2022,2940.0
2022-09-27 02:00:00,2.402,0.547,-1.855,-79.1739341,33.44461245,02110815,USGS,IAN,2022,3000.0
2022-09-27 03:00:00,2.612,1.09,-1.522,-79.1739341,33.44461245,02110815,USGS,IAN,2022,3060.0
2022-09-27 04:00:00,2.432,1.462,-0.97,-79.1739341,33.44461245,02110815,USGS,IAN,2022,3120.0
2022-09-27 05:00:00,1.761,0.973,-0.7879999999999999,-79.1739341,33.44461245,02110815,USGS,IAN,2022,3180.0
2022-09-27 06:00:00,0.981,0.6,-0.381,-79.1739341,33.44461245,02110815,USGS,IAN,2022,3240.0
2022-09-27 07:00:00,0.252,0.289,0.0369999999999999,-79.1739341,33.44461245,02110815,USGS,IAN,2022,3300.0
2022-09-27 08:00:00,-0.319,-0.014,0.305,-79.1739341,33.44461245,02110815,USGS,IAN,2022,3360.0
2022-09-27 09:00:00,-0.899,-0.304,0.595,-79.1739341,33.44461245,02110815,USGS,IAN,2022,3420.0
2022-09-27 10:00:00,-1.229,-0.562,0.667,-79.1739341,33.44461245,02110815,USGS,IAN,2022,3480.0
2022-09-27 11:00:00,-0.668,-0.712,-0.0439999999999999,-79.1739341,33.44461245,02110815,USGS,IAN,2022,3540.0
2022-09-27 12:00:00,0.652,-0.41,-1.062,-79.1739341,33.44461245,02110815,USGS,IAN,2022,3600.0
2022-09-27 13:00:00,1.621,0.047,-1.574,-79.1739341,33.44461245,02110815,USGS,IAN,2022,3660.0
2022-09-27 14:00:00,2.171,0.492,-1.6789999999999998,-79.1739341,33.44461245,02110815,USGS,IAN,2022,3720.0
2022-09-27 15:00:00,2.492,1.104,-1.388,-79.1739341,33.44461245,02110815,USGS,IAN,2022,3780.0
2022-09-27 16:00:00,2.632,1.602,-1.03,-79.1739341,33.44461245,02110815,USGS,IAN,2022,3840.0
2022-09-27 17:00:00,2.182,1.47,-0.712,-79.1739341,33.44461245,02110815,USGS,IAN,2022,3900.0
2022-09-27 18:00:00,1.501,0.922,-0.5789999999999998,-79.1739341,33.44461245,02110815,USGS,IAN,2022,3960.0
2022-09-27 19:00:00,0.751,0.606,-0.145,-79.1739341,33.44461245,02110815,USGS,IAN,2022,4020.0
2022-09-27 20:00:00,0.082,0.291,0.2089999999999999,-79.1739341,33.44461245,02110815,USGS,IAN,2022,4080.0
2022-09-27 21:00:00,-0.498,-0.028,0.47,-79.1739341,33.44461245,02110815,USGS,IAN,2022,4140.0
2022-09-27 22:00:00,-0.989,-0.314,0.675,-79.1739341,33.44461245,02110815,USGS,IAN,2022,4200.0
2022-09-27 23:00:00,-0.928,-0.554,0.374,-79.1739341,33.44461245,02110815,USGS,IAN,2022,4260.0
2022-09-28 00:00:00,0.402,-0.565,-0.967,-79.1739341,33.44461245,02110815,USGS,IAN,2022,4320.0
2022-09-28 01:00:00,1.472,-0.144,-1.616,-79.1739341,33.44461245,02110815,USGS,IAN,2022,4380.0
2022-09-28 02:00:00,2.042,0.292,-1.7499999999999998,-79.1739341,33.44461245,02110815,USGS,IAN,2022,4440.0
2022-09-28 03:00:00,2.382,0.709,-1.673,-79.1739341,33.44461245,02110815,USGS,IAN,2022,4500.0
2022-09-28 04:00:00,2.461,1.234,-1.227,-79.1739341,33.44461245,02110815,USGS,IAN,2022,4560.0
2022-09-28 05:00:00,2.062,1.331,-0.7309999999999999,-79.1739341,33.44461245,02110815,USGS,IAN,2022,4620.0
2022-09-28 06:00:00,1.351,0.77,-0.581,-79.1739341,33.44461245,02110815,USGS,IAN,2022,4680.0
2022-09-28 07:00:00,0.531,0.468,-0.063,-79.1739341,33.44461245,02110815,USGS,IAN,2022,4740.0
2022-09-28 08:00:00,-0.108,0.165,0.273,-79.1739341,33.44461245,02110815,USGS,IAN,2022,4800.0
2022-09-28 09:00:00,-0.748,-0.134,0.614,-79.1739341,33.44461245,02110815,USGS,IAN,2022,4860.0
2022-09-28 10:00:00,-1.088,-0.414,0.6740000000000002,-79.1739341,33.44461245,02110815,USGS,IAN,2022,4920.0
2022-09-28 11:00:00,-0.809,-0.658,0.151,-79.1739341,33.44461245,02110815,USGS,IAN,2022,4980.0
2022-09-28 12:00:00,0.271,-0.679,-0.95,-79.1739341,33.44461245,02110815,USGS,IAN,2022,5040.0
2022-09-28 13:00:00,1.312,-0.267,-1.5790000000000002,-79.1739341,33.44461245,02110815,USGS,IAN,2022,5100.0
2022-09-28 14:00:00,1.972,0.179,-1.793,-79.1739341,33.44461245,02110815,USGS,IAN,2022,5160.0
2022-09-28 15:00:00,2.432,0.676,-1.7559999999999998,-79.1739341,33.44461245,02110815,USGS,IAN,2022,5220.0
2022-09-28 16:00:00,2.772,1.342,-1.4299999999999995,-79.1739341,33.44461245,02110815,USGS,IAN,2022,5280.0
2022-09-28 17:00:00,2.902,1.662,-1.2400000000000002,-79.1739341,33.44461245,02110815,USGS,IAN,2022,5340.0
2022-09-28 18:00:00,2.571,1.44,-1.1310000000000002,-79.1739341,33.44461245,02110815,USGS,IAN,2022,5400.0
2022-09-28 19:00:00,1.871,0.915,-0.956,-79.1739341,33.44461245,02110815,USGS,IAN,2022,5460.0
2022-09-28 20:00:00,1.112,0.601,-0.5110000000000001,-79.1739341,33.44461245,02110815,USGS,IAN,2022,5520.0
2022-09-28 21:00:00,0.332,0.287,-0.045,-79.1739341,33.44461245,02110815,USGS,IAN,2022,5580.0
2022-09-28 22:00:00,-0.209,-0.036,0.173,-79.1739341,33.44461245,02110815,USGS,IAN,2022,5640.0
2022-09-28 23:00:00,-0.559,-0.318,0.241,-79.1739341,33.44461245,02110815,USGS,IAN,2022,5700.0
2022-09-29 00:00:00,-0.278,-0.541,-0.263,-79.1739341,33.44461245,02110815,USGS,IAN,2022,5760.0
2022-09-29 01:00:00,1.001,-0.467,-1.468,-79.1739341,33.44461245,02110815,USGS,IAN,2022,5820.0
2022-09-29 02:00:00,1.842,-0.012,-1.854,-79.1739341,33.44461245,02110815,USGS,IAN,2022,5880.0
2022-09-29 03:00:00,2.251,0.419,-1.832,-79.1739341,33.44461245,02110815,USGS,IAN,2022,5940.0
2022-09-29 04:00:00,2.472,0.881,-1.591,-79.1739341,33.44461245,02110815,USGS,IAN,2022,6000.0
2022-09-29 05:00:00,2.481,1.409,-1.0719999999999998,-79.1739341,33.44461245,02110815,USGS,IAN,2022,6060.0
2022-09-29 06:00:00,2.222,1.448,-0.774,-79.1739341,33.44461245,02110815,USGS,IAN,2022,6120.0
2022-09-29 07:00:00,1.801,1.065,-0.736,-79.1739341,33.44461245,02110815,USGS,IAN,2022,6180.0
2022-09-29 08:00:00,1.121,0.743,-0.378,-79.1739341,33.44461245,02110815,USGS,IAN,2022,6240.0
2022-09-29 09:00:00,0.492,0.479,-0.013,-79.1739341,33.44461245,02110815,USGS,IAN,2022,6300.0
2022-09-29 10:00:00,0.041,0.235,0.1939999999999999,-79.1739341,33.44461245,02110815,USGS,IAN,2022,6360.0
2022-09-29 11:00:00,-0.278,0.038,0.316,-79.1739341,33.44461245,02110815,USGS,IAN,2022,6420.0
2022-09-29 12:00:00,-0.098,0.089,0.187,-79.1739341,33.44461245,02110815,USGS,IAN,2022,6480.0
2022-09-29 13:00:00,0.941,0.539,-0.4019999999999999,-79.1739341,33.44461245,02110815,USGS,IAN,2022,6540.0
2022-09-29 14:00:00,1.911,0.997,-0.914,-79.1739341,33.44461245,02110815,USGS,IAN,2022,6600.0
2022-09-29 15:00:00,2.461,1.62,-0.8409999999999997,-79.1739341,33.44461245,02110815,USGS,IAN,2022,6660.0
2022-09-29 16:00:00,2.902,2.075,-0.827,-79.1739341,33.44461245,02110815,USGS,IAN,2022,6720.0
2022-09-29 17:00:00,3.191,2.405,-0.786,-79.1739341,33.44461245,02110815,USGS,IAN,2022,6780.0
2022-09-29 18:00:00,3.272,2.711,-0.5609999999999999,-79.1739341,33.44461245,02110815,USGS,IAN,2022,6840.0
2022-09-29 19:00:00,3.051,2.836,-0.2150000000000003,-79.1739341,33.44461245,02110815,USGS,IAN,2022,6900.0
2022-09-29 20:00:00,2.592,2.68,0.088,-79.1739341,33.44461245,02110815,USGS,IAN,2022,6960.0
2022-09-29 21:00:00,2.011,2.399,0.3879999999999999,-79.1739341,33.44461245,02110815,USGS,IAN,2022,7020.0
2022-09-29 22:00:00,1.472,2.147,0.6749999999999998,-79.1739341,33.44461245,02110815,USGS,IAN,2022,7080.0
2022-09-29 23:00:00,0.932,1.92,0.988,-79.1739341,33.44461245,02110815,USGS,IAN,2022,7140.0
2022-09-30 00:00:00,0.621,1.686,1.065,-79.1739341,33.44461245,02110815,USGS,IAN,2022,7200.0
2022-09-30 01:00:00,0.842,1.52,0.678,-79.1739341,33.44461245,02110815,USGS,IAN,2022,7260.0
2022-09-30 02:00:00,1.641,1.804,0.163,-79.1739341,33.44461245,02110815,USGS,IAN,2022,7320.0
2022-09-30 03:00:00,2.251,2.138,-0.1129999999999999,-79.1739341,33.44461245,02110815,USGS,IAN,2022,7380.0
2022-09-30 04:00:00,2.562,2.392,-0.1699999999999999,-79.1739341,33.44461245,02110815,USGS,IAN,2022,7440.0
2022-09-30 05:00:00,2.891,2.69,-0.201,-79.1739341,33.44461245,02110815,USGS,IAN,2022,7500.0
2022-09-30 06:00:00,2.952,2.969,0.0169999999999999,-79.1739341,33.44461245,02110815,USGS,IAN,2022,7560.0
2022-09-30 07:00:00,2.821,3.184,0.363,-79.1739341,33.44461245,02110815,USGS,IAN,2022,7620.0
2022-09-30 08:00:00,2.391,3.031,0.6400000000000001,-79.1739341,33.44461245,02110815,USGS,IAN,2022,7680.0
2022-09-30 09:00:00,1.821,2.756,0.9349999999999998,-79.1739341,33.44461245,02110815,USGS,IAN,2022,7740.0
2022-09-30 10:00:00,1.261,2.532,1.271,-79.1739341,33.44461245,02110815,USGS,IAN,2022,7800.0
2022-09-30 11:00:00,0.682,2.391,1.709,-79.1739341,33.44461245,02110815,USGS,IAN,2022,7860.0
2022-09-30 12:00:00,0.351,2.229,1.878,-79.1739341,33.44461245,02110815,USGS,IAN,2022,7920.0
2022-09-30 13:00:00,0.921,2.12,1.199,-79.1739341,33.44461245,02110815,USGS,IAN,2022,7980.0
2022-09-30 14:00:00,1.902,2.296,0.3939999999999999,-79.1739341,33.44461245,02110815,USGS,IAN,2022,8040.0
2022-09-30 15:00:00,2.321,2.493,0.1719999999999997,-79.1739341,33.44461245,02110815,USGS,IAN,2022,8100.0
2022-09-30 16:00:00,2.972,2.764,-0.2080000000000001,-79.1739341,33.44461245,02110815,USGS,IAN,2022,8160.0
2022-09-30 17:00:00,3.511,3.223,-0.2880000000000002,-79.1739341,33.44461245,02110815,USGS,IAN,2022,8220.0
2022-09-30 18:00:00,4.421,4.301,-0.1200000000000001,-79.1739341,33.44461245,02110815,USGS,IAN,2022,8280.0
2022-09-30 19:00:00,4.941,5.408,0.4670000000000005,-79.1739341,33.44461245,02110815,USGS,IAN,2022,8340.0
2022-09-30 20:00:00,4.742,5.671,0.9290000000000004,-79.1739341,33.44461245,02110815,USGS,IAN,2022,8400.0
2022-09-30 21:00:00,3.941,5.407,1.4660000000000002,-79.1739341,33.44461245,02110815,USGS,IAN,2022,8460.0
2022-09-30 22:00:00,3.222,5.045,1.823,-79.1739341,33.44461245,02110815,USGS,IAN,2022,8520.0
2022-09-30 23:00:00,2.492,4.604,2.112,-79.1739341,33.44461245,02110815,USGS,IAN,2022,8580.0
2022-10-01 00:00:00,1.821,4.191,2.37,-79.1739341,33.44461245,02110815,USGS,IAN,2022,8640.0
2022-10-01 01:00:00,1.242,3.843,2.601,-79.1739341,33.44461245,02110815,USGS,IAN,2022,8700.0
2022-10-01 02:00:00,0.761,3.555,2.794,-79.1739341,33.44461245,02110815,USGS,IAN,2022,8760.0
2022-10-01 03:00:00,0.742,3.284,2.542,-79.1739341,33.44461245,02110815,USGS,IAN,2022,8820.0
2022-10-01 04:00:00,1.761,3.049,1.288,-79.1739341,33.44461245,02110815,USGS,IAN,2022,8880.0
2022-10-01 05:00:00,2.391,2.831,0.4399999999999999,-79.1739341,33.44461245,02110815,USGS,IAN,2022,8940.0
2022-10-01 06:00:00,2.501,2.715,0.2139999999999999,-79.1739341,33.44461245,02110815,USGS,IAN,2022,9000.0
2022-10-01 07:00:00,2.222,2.585,0.363,-79.1739341,33.44461245,02110815,USGS,IAN,2022,9060.0
2022-10-01 08:00:00,1.641,2.447,0.806,-79.1739341,33.44461245,02110815,USGS,IAN,2022,9120.0
2022-10-01 09:00:00,0.972,2.297,1.3250000000000002,-79.1739341,33.44461245,02110815,USGS,IAN,2022,9180.0
2022-10-01 10:00:00,0.421,2.157,1.736,-79.1739341,33.44461245,02110815,USGS,IAN,2022,9240.0
2022-10-01 11:00:00,-0.079,1.975,2.0540000000000003,-79.1739341,33.44461245,02110815,USGS,IAN,2022,9300.0
2022-10-01 12:00:00,-0.479,1.771,2.25,-79.1739341,33.44461245,02110815,USGS,IAN,2022,9360.0
2022-10-01 13:00:00,-0.659,1.58,2.239,-79.1739341,33.44461245,02110815,USGS,IAN,2022,9420.0
2022-10-01 14:00:00,-0.268,1.305,1.573,-79.1739341,33.44461245,02110815,USGS,IAN,2022,9480.0
2022-10-01 15:00:00,0.992,1.28,0.288,-79.1739341,33.44461245,02110815,USGS,IAN,2022,9540.0
2022-10-01 16:00:00,1.902,1.413,-0.4889999999999999,-79.1739341,33.44461245,02110815,USGS,IAN,2022,9600.0
2022-10-01 17:00:00,2.441,1.782,-0.6589999999999998,-79.1739341,33.44461245,02110815,USGS,IAN,2022,9660.0
2022-10-01 18:00:00,2.812,2.122,-0.69,-79.1739341,33.44461245,02110815,USGS,IAN,2022,9720.0
2022-10-01 19:00:00,2.981,2.302,-0.6789999999999998,-79.1739341,33.44461245,02110815,USGS,IAN,2022,9780.0
2022-10-01 20:00:00,2.801,2.184,-0.617,-79.1739341,33.44461245,02110815,USGS,IAN,2022,9840.0
2022-10-01 21:00:00,2.182,1.939,-0.2429999999999998,-79.1739341,33.44461245,02110815,USGS,IAN,2022,9900.0
2022-10-01 22:00:00,1.511,1.712,0.201,-79.1739341,33.44461245,02110815,USGS,IAN,2022,9960.0
2022-10-01 23:00:00,0.832,1.454,0.622,-79.1739341,33.44461245,02110815,USGS,IAN,2022,10020.0
2022-09-25 01:00:00,2.799,1.598,-1.2009999999999998,-79.2636617,33.36933396,02136350,USGS,IAN,2022,60.0
2022-09-25 02:00:00,2.739,1.738,-1.001,-79.2636617,33.36933396,02136350,USGS,IAN,2022,120.0
2022-09-25 03:00:00,2.119,1.264,-0.8550000000000002,-79.2636617,33.36933396,02136350,USGS,IAN,2022,180.0
2022-09-25 04:00:00,1.419,0.663,-0.756,-79.2636617,33.36933396,02136350,USGS,IAN,2022,240.0
2022-09-25 05:00:00,0.779,0.094,-0.685,-79.2636617,33.36933396,02136350,USGS,IAN,2022,300.0
2022-09-25 06:00:00,0.139,-0.413,-0.552,-79.2636617,33.36933396,02136350,USGS,IAN,2022,360.0
2022-09-25 07:00:00,-0.441,-0.858,-0.417,-79.2636617,33.36933396,02136350,USGS,IAN,2022,420.0
2022-09-25 08:00:00,-0.801,-1.202,-0.4009999999999999,-79.2636617,33.36933396,02136350,USGS,IAN,2022,480.0
2022-09-25 09:00:00,-0.641,-1.225,-0.5840000000000001,-79.2636617,33.36933396,02136350,USGS,IAN,2022,540.0
2022-09-25 10:00:00,0.399,-0.645,-1.044,-79.2636617,33.36933396,02136350,USGS,IAN,2022,600.0
2022-09-25 11:00:00,1.319,0.034,-1.285,-79.2636617,33.36933396,02136350,USGS,IAN,2022,660.0
2022-09-25 12:00:00,1.939,0.743,-1.1960000000000002,-79.2636617,33.36933396,02136350,USGS,IAN,2022,720.0
2022-09-25 13:00:00,2.299,1.409,-0.8899999999999999,-79.2636617,33.36933396,02136350,USGS,IAN,2022,780.0
2022-09-25 14:00:00,2.419,1.719,-0.7,-79.2636617,33.36933396,02136350,USGS,IAN,2022,840.0
2022-09-25 15:00:00,2.169,1.383,-0.786,-79.2636617,33.36933396,02136350,USGS,IAN,2022,900.0
2022-09-25 16:00:00,1.379,0.786,-0.593,-79.2636617,33.36933396,02136350,USGS,IAN,2022,960.0
2022-09-25 17:00:00,0.689,0.207,-0.482,-79.2636617,33.36933396,02136350,USGS,IAN,2022,1020.0
2022-09-25 18:00:00,-0.021,-0.32,-0.299,-79.2636617,33.36933396,02136350,USGS,IAN,2022,1080.0
2022-09-25 19:00:00,-0.611,-0.779,-0.168,-79.2636617,33.36933396,02136350,USGS,IAN,2022,1140.0
2022-09-25 20:00:00,-1.051,-1.156,-0.1049999999999999,-79.2636617,33.36933396,02136350,USGS,IAN,2022,1200.0
2022-09-25 21:00:00,-0.981,-1.34,-0.3590000000000001,-79.2636617,33.36933396,02136350,USGS,IAN,2022,1260.0
2022-09-25 22:00:00,0.239,-0.878,-1.117,-79.2636617,33.36933396,02136350,USGS,IAN,2022,1320.0
2022-09-25 23:00:00,1.319,-0.2,-1.519,-79.2636617,33.36933396,02136350,USGS,IAN,2022,1380.0
2022-09-26 00:00:00,2.009,0.526,-1.483,-79.2636617,33.36933396,02136350,USGS,IAN,2022,1440.0
2022-09-26 01:00:00,2.379,1.262,-1.117,-79.2636617,33.36933396,02136350,USGS,IAN,2022,1500.0
2022-09-26 02:00:00,2.499,1.725,-0.774,-79.2636617,33.36933396,02136350,USGS,IAN,2022,1560.0
2022-09-26 03:00:00,2.239,1.641,-0.5979999999999999,-79.2636617,33.36933396,02136350,USGS,IAN,2022,1620.0
2022-09-26 04:00:00,1.459,1.07,-0.389,-79.2636617,33.36933396,02136350,USGS,IAN,2022,1680.0
2022-09-26 05:00:00,0.819,0.444,-0.3749999999999999,-79.2636617,33.36933396,02136350,USGS,IAN,2022,1740.0
2022-09-26 06:00:00,0.189,-0.106,-0.295,-79.2636617,33.36933396,02136350,USGS,IAN,2022,1800.0
2022-09-26 07:00:00,-0.461,-0.607,-0.1459999999999999,-79.2636617,33.36933396,02136350,USGS,IAN,2022,1860.0
2022-09-26 08:00:00,-0.961,-1.037,-0.0759999999999999,-79.2636617,33.36933396,02136350,USGS,IAN,2022,1920.0
2022-09-26 09:00:00,-1.181,-1.323,-0.1419999999999999,-79.2636617,33.36933396,02136350,USGS,IAN,2022,1980.0
2022-09-26 10:00:00,-0.631,-1.072,-0.441,-79.2636617,33.36933396,02136350,USGS,IAN,2022,2040.0
2022-09-26 11:00:00,0.529,-0.404,-0.933,-79.2636617,33.36933396,02136350,USGS,IAN,2022,2100.0
2022-09-26 12:00:00,1.419,0.335,-1.084,-79.2636617,33.36933396,02136350,USGS,IAN,2022,2160.0
2022-09-26 13:00:00,1.999,1.113,-0.8860000000000001,-79.2636617,33.36933396,02136350,USGS,IAN,2022,2220.0
2022-09-26 14:00:00,2.299,1.694,-0.605,-79.2636617,33.36933396,02136350,USGS,IAN,2022,2280.0
2022-09-26 15:00:00,2.299,1.875,-0.4239999999999999,-79.2636617,33.36933396,02136350,USGS,IAN,2022,2340.0
2022-09-26 16:00:00,1.749,1.385,-0.3640000000000001,-79.2636617,33.36933396,02136350,USGS,IAN,2022,2400.0
2022-09-26 17:00:00,0.979,0.746,-0.2329999999999999,-79.2636617,33.36933396,02136350,USGS,IAN,2022,2460.0
2022-09-26 18:00:00,0.259,0.149,-0.11,-79.2636617,33.36933396,02136350,USGS,IAN,2022,2520.0
2022-09-26 19:00:00,-0.421,-0.378,0.0429999999999999,-79.2636617,33.36933396,02136350,USGS,IAN,2022,2580.0
2022-09-26 20:00:00,-0.961,-0.85,0.1109999999999999,-79.2636617,33.36933396,02136350,USGS,IAN,2022,2640.0
2022-09-26 21:00:00,-1.301,-1.221,0.0799999999999998,-79.2636617,33.36933396,02136350,USGS,IAN,2022,2700.0
2022-09-26 22:00:00,-0.701,-1.304,-0.6030000000000001,-79.2636617,33.36933396,02136350,USGS,IAN,2022,2760.0
2022-09-26 23:00:00,0.579,-0.724,-1.303,-79.2636617,33.36933396,02136350,USGS,IAN,2022,2820.0
2022-09-27 00:00:00,1.509,-0.013,-1.5219999999999998,-79.2636617,33.36933396,02136350,USGS,IAN,2022,2880.0
2022-09-27 01:00:00,2.119,0.738,-1.3810000000000002,-79.2636617,33.36933396,02136350,USGS,IAN,2022,2940.0
2022-09-27 02:00:00,2.399,1.456,-0.943,-79.2636617,33.36933396,02136350,USGS,IAN,2022,3000.0
2022-09-27 03:00:00,2.399,1.809,-0.5900000000000001,-79.2636617,33.36933396,02136350,USGS,IAN,2022,3060.0
2022-09-27 04:00:00,1.859,1.426,-0.433,-79.2636617,33.36933396,02136350,USGS,IAN,2022,3120.0
2022-09-27 05:00:00,1.059,0.809,-0.2499999999999999,-79.2636617,33.36933396,02136350,USGS,IAN,2022,3180.0
2022-09-27 06:00:00,0.449,0.207,-0.242,-79.2636617,33.36933396,02136350,USGS,IAN,2022,3240.0
2022-09-27 07:00:00,-0.271,-0.34,-0.069,-79.2636617,33.36933396,02136350,USGS,IAN,2022,3300.0
2022-09-27 08:00:00,-0.861,-0.814,0.047,-79.2636617,33.36933396,02136350,USGS,IAN,2022,3360.0
2022-09-27 09:00:00,-1.311,-1.21,0.1009999999999999,-79.2636617,33.36933396,02136350,USGS,IAN,2022,3420.0
2022-09-27 10:00:00,-1.281,-1.392,-0.1109999999999999,-79.2636617,33.36933396,02136350,USGS,IAN,2022,3480.0
2022-09-27 11:00:00,-0.201,-0.88,-0.679,-79.2636617,33.36933396,02136350,USGS,IAN,2022,3540.0
2022-09-27 12:00:00,0.939,-0.153,-1.092,-79.2636617,33.36933396,02136350,USGS,IAN,2022,3600.0
2022-09-27 13:00:00,1.779,0.651,-1.128,-79.2636617,33.36933396,02136350,USGS,IAN,2022,3660.0
2022-09-27 14:00:00,2.279,1.458,-0.821,-79.2636617,33.36933396,02136350,USGS,IAN,2022,3720.0
2022-09-27 15:00:00,2.459,1.96,-0.4990000000000001,-79.2636617,33.36933396,02136350,USGS,IAN,2022,3780.0
2022-09-27 16:00:00,2.359,1.933,-0.4259999999999999,-79.2636617,33.36933396,02136350,USGS,IAN,2022,3840.0
2022-09-27 17:00:00,1.639,1.33,-0.3089999999999999,-79.2636617,33.36933396,02136350,USGS,IAN,2022,3900.0
2022-09-27 18:00:00,0.899,0.686,-0.2129999999999999,-79.2636617,33.36933396,02136350,USGS,IAN,2022,3960.0
2022-09-27 19:00:00,0.279,0.084,-0.195,-79.2636617,33.36933396,02136350,USGS,IAN,2022,4020.0
2022-09-27 20:00:00,-0.401,-0.448,-0.0469999999999999,-79.2636617,33.36933396,02136350,USGS,IAN,2022,4080.0
2022-09-27 21:00:00,-0.981,-0.912,0.0689999999999999,-79.2636617,33.36933396,02136350,USGS,IAN,2022,4140.0
2022-09-27 22:00:00,-1.251,-1.254,-0.0030000000000001,-79.2636617,33.36933396,02136350,USGS,IAN,2022,4200.0
2022-09-27 23:00:00,-0.551,-1.18,-0.6289999999999999,-79.2636617,33.36933396,02136350,USGS,IAN,2022,4260.0
2022-09-28 00:00:00,0.699,-0.536,-1.235,-79.2636617,33.36933396,02136350,USGS,IAN,2022,4320.0
2022-09-28 01:00:00,1.619,0.185,-1.434,-79.2636617,33.36933396,02136350,USGS,IAN,2022,4380.0
2022-09-28 02:00:00,2.159,0.935,-1.2239999999999998,-79.2636617,33.36933396,02136350,USGS,IAN,2022,4440.0
2022-09-28 03:00:00,2.339,1.563,-0.776,-79.2636617,33.36933396,02136350,USGS,IAN,2022,4500.0
2022-09-28 04:00:00,2.159,1.704,-0.4549999999999998,-79.2636617,33.36933396,02136350,USGS,IAN,2022,4560.0
2022-09-28 05:00:00,1.479,1.195,-0.284,-79.2636617,33.36933396,02136350,USGS,IAN,2022,4620.0
2022-09-28 06:00:00,0.749,0.571,-0.178,-79.2636617,33.36933396,02136350,USGS,IAN,2022,4680.0
2022-09-28 07:00:00,0.059,-0.011,-0.0699999999999999,-79.2636617,33.36933396,02136350,USGS,IAN,2022,4740.0
2022-09-28 08:00:00,-0.601,-0.529,0.0719999999999999,-79.2636617,33.36933396,02136350,USGS,IAN,2022,4800.0
2022-09-28 09:00:00,-1.071,-0.99,0.0809999999999999,-79.2636617,33.36933396,02136350,USGS,IAN,2022,4860.0
2022-09-28 10:00:00,-1.231,-1.34,-0.1089999999999999,-79.2636617,33.36933396,02136350,USGS,IAN,2022,4920.0
2022-09-28 11:00:00,-0.521,-1.318,-0.797,-79.2636617,33.36933396,02136350,USGS,IAN,2022,4980.0
2022-09-28 12:00:00,0.639,-0.68,-1.319,-79.2636617,33.36933396,02136350,USGS,IAN,2022,5040.0
2022-09-28 13:00:00,1.539,0.083,-1.456,-79.2636617,33.36933396,02136350,USGS,IAN,2022,5100.0
2022-09-28 14:00:00,2.159,0.926,-1.2329999999999997,-79.2636617,33.36933396,02136350,USGS,IAN,2022,5160.0
2022-09-28 15:00:00,2.659,1.697,-0.9619999999999996,-79.2636617,33.36933396,02136350,USGS,IAN,2022,5220.0
2022-09-28 16:00:00,2.859,2.113,-0.746,-79.2636617,33.36933396,02136350,USGS,IAN,2022,5280.0
2022-09-28 17:00:00,2.739,1.916,-0.823,-79.2636617,33.36933396,02136350,USGS,IAN,2022,5340.0
2022-09-28 18:00:00,1.979,1.279,-0.7000000000000002,-79.2636617,33.36933396,02136350,USGS,IAN,2022,5400.0
2022-09-28 19:00:00,1.259,0.625,-0.6339999999999999,-79.2636617,33.36933396,02136350,USGS,IAN,2022,5460.0
2022-09-28 20:00:00,0.559,0.033,-0.526,-79.2636617,33.36933396,02136350,USGS,IAN,2022,5520.0
2022-09-28 21:00:00,-0.121,-0.496,-0.375,-79.2636617,33.36933396,02136350,USGS,IAN,2022,5580.0
2022-09-28 22:00:00,-0.601,-0.95,-0.349,-79.2636617,33.36933396,02136350,USGS,IAN,2022,5640.0
2022-09-28 23:00:00,-0.761,-1.252,-0.491,-79.2636617,33.36933396,02136350,USGS,IAN,2022,5700.0
2022-09-29 00:00:00,0.129,-1.013,-1.142,-79.2636617,33.36933396,02136350,USGS,IAN,2022,5760.0
2022-09-29 01:00:00,1.319,-0.339,-1.658,-79.2636617,33.36933396,02136350,USGS,IAN,2022,5820.0
2022-09-29 02:00:00,1.979,0.397,-1.582,-79.2636617,33.36933396,02136350,USGS,IAN,2022,5880.0
2022-09-29 03:00:00,2.279,1.173,-1.106,-79.2636617,33.36933396,02136350,USGS,IAN,2022,5940.0
2022-09-29 04:00:00,2.399,1.718,-0.681,-79.2636617,33.36933396,02136350,USGS,IAN,2022,6000.0
2022-09-29 05:00:00,2.259,1.906,-0.353,-79.2636617,33.36933396,02136350,USGS,IAN,2022,6060.0
2022-09-29 06:00:00,1.919,1.528,-0.391,-79.2636617,33.36933396,02136350,USGS,IAN,2022,6120.0
2022-09-29 07:00:00,1.339,1.006,-0.3329999999999999,-79.2636617,33.36933396,02136350,USGS,IAN,2022,6180.0
2022-09-29 08:00:00,0.799,0.5,-0.299,-79.2636617,33.36933396,02136350,USGS,IAN,2022,6240.0
2022-09-29 09:00:00,0.249,0.087,-0.162,-79.2636617,33.36933396,02136350,USGS,IAN,2022,6300.0
2022-09-29 10:00:00,-0.211,-0.219,-0.008,-79.2636617,33.36933396,02136350,USGS,IAN,2022,6360.0
2022-09-29 11:00:00,-0.371,-0.201,0.1699999999999999,-79.2636617,33.36933396,02136350,USGS,IAN,2022,6420.0
2022-09-29 12:00:00,0.219,0.398,0.179,-79.2636617,33.36933396,02136350,USGS,IAN,2022,6480.0
2022-09-29 13:00:00,1.419,1.156,-0.2630000000000001,-79.2636617,33.36933396,02136350,USGS,IAN,2022,6540.0
2022-09-29 14:00:00,2.179,1.972,-0.2069999999999998,-79.2636617,33.36933396,02136350,USGS,IAN,2022,6600.0
2022-09-29 15:00:00,2.699,2.761,0.0620000000000002,-79.2636617,33.36933396,02136350,USGS,IAN,2022,6660.0
2022-09-29 16:00:00,3.119,3.269,0.1499999999999999,-79.2636617,33.36933396,02136350,USGS,IAN,2022,6720.0
2022-09-29 17:00:00,3.359,3.644,0.2850000000000001,-79.2636617,33.36933396,02136350,USGS,IAN,2022,6780.0
2022-09-29 18:00:00,3.279,3.704,0.4250000000000002,-79.2636617,33.36933396,02136350,USGS,IAN,2022,6840.0
2022-09-29 19:00:00,2.759,3.305,0.5460000000000003,-79.2636617,33.36933396,02136350,USGS,IAN,2022,6900.0
2022-09-29 20:00:00,2.159,2.803,0.6440000000000001,-79.2636617,33.36933396,02136350,USGS,IAN,2022,6960.0
2022-09-29 21:00:00,1.619,2.282,0.663,-79.2636617,33.36933396,02136350,USGS,IAN,2022,7020.0
2022-09-29 22:00:00,1.119,1.793,0.6739999999999999,-79.2636617,33.36933396,02136350,USGS,IAN,2022,7080.0
2022-09-29 23:00:00,0.699,1.449,0.7500000000000001,-79.2636617,33.36933396,02136350,USGS,IAN,2022,7140.0
2022-09-30 00:00:00,0.639,1.285,0.6459999999999999,-79.2636617,33.36933396,02136350,USGS,IAN,2022,7200.0
2022-09-30 01:00:00,1.159,1.736,0.577,-79.2636617,33.36933396,02136350,USGS,IAN,2022,7260.0
2022-09-30 02:00:00,1.979,2.397,0.4179999999999997,-79.2636617,33.36933396,02136350,USGS,IAN,2022,7320.0
2022-09-30 03:00:00,2.439,2.926,0.4870000000000001,-79.2636617,33.36933396,02136350,USGS,IAN,2022,7380.0
2022-09-30 04:00:00,2.819,3.379,0.56,-79.2636617,33.36933396,02136350,USGS,IAN,2022,7440.0
2022-09-30 05:00:00,2.939,3.784,0.8449999999999998,-79.2636617,33.36933396,02136350,USGS,IAN,2022,7500.0
2022-09-30 06:00:00,2.899,3.932,1.033,-79.2636617,33.36933396,02136350,USGS,IAN,2022,7560.0
2022-09-30 07:00:00,2.539,3.646,1.1069999999999998,-79.2636617,33.36933396,02136350,USGS,IAN,2022,7620.0
2022-09-30 08:00:00,1.939,3.247,1.3079999999999998,-79.2636617,33.36933396,02136350,USGS,IAN,2022,7680.0
2022-09-30 09:00:00,1.459,2.772,1.3129999999999995,-79.2636617,33.36933396,02136350,USGS,IAN,2022,7740.0
2022-09-30 10:00:00,0.869,2.378,1.509,-79.2636617,33.36933396,02136350,USGS,IAN,2022,7800.0
2022-09-30 11:00:00,0.479,2.04,1.561,-79.2636617,33.36933396,02136350,USGS,IAN,2022,7860.0
2022-09-30 12:00:00,0.539,1.951,1.412,-79.2636617,33.36933396,02136350,USGS,IAN,2022,7920.0
2022-09-30 13:00:00,1.419,2.507,1.088,-79.2636617,33.36933396,02136350,USGS,IAN,2022,7980.0
2022-09-30 14:00:00,2.139,3.057,0.918,-79.2636617,33.36933396,02136350,USGS,IAN,2022,8040.0
2022-09-30 15:00:00,3.059,3.785,0.726,-79.2636617,33.36933396,02136350,USGS,IAN,2022,8100.0
2022-09-30 16:00:00,3.799,4.923,1.124,-79.2636617,33.36933396,02136350,USGS,IAN,2022,8160.0
2022-09-30 17:00:00,4.439,6.763,2.324,-79.2636617,33.36933396,02136350,USGS,IAN,2022,8220.0
2022-09-30 18:00:00,5.179,7.886,2.707,-79.2636617,33.36933396,02136350,USGS,IAN,2022,8280.0
2022-09-30 19:00:00,5.019,7.456,2.4370000000000003,-79.2636617,33.36933396,02136350,USGS,IAN,2022,8340.0
2022-09-30 20:00:00,4.119,6.347,2.2280000000000006,-79.2636617,33.36933396,02136350,USGS,IAN,2022,8400.0
2022-09-30 21:00:00,3.119,5.32,2.201,-79.2636617,33.36933396,02136350,USGS,IAN,2022,8460.0
2022-09-30 22:00:00,2.299,4.481,2.182,-79.2636617,33.36933396,02136350,USGS,IAN,2022,8520.0
2022-09-30 23:00:00,1.579,3.744,2.165,-79.2636617,33.36933396,02136350,USGS,IAN,2022,8580.0
2022-10-01 00:00:00,1.009,3.177,2.168,-79.2636617,33.36933396,02136350,USGS,IAN,2022,8640.0
2022-10-01 01:00:00,0.509,2.697,2.188,-79.2636617,33.36933396,02136350,USGS,IAN,2022,8700.0
2022-10-01 02:00:00,0.299,2.231,1.932,-79.2636617,33.36933396,02136350,USGS,IAN,2022,8760.0
2022-10-01 03:00:00,0.769,1.877,1.108,-79.2636617,33.36933396,02136350,USGS,IAN,2022,8820.0
2022-10-01 04:00:00,1.899,1.629,-0.27,-79.2636617,33.36933396,02136350,USGS,IAN,2022,8880.0
2022-10-01 05:00:00,2.179,1.561,-0.6179999999999999,-79.2636617,33.36933396,02136350,USGS,IAN,2022,8940.0
2022-10-01 06:00:00,2.059,1.481,-0.5780000000000001,-79.2636617,33.36933396,02136350,USGS,IAN,2022,9000.0
2022-10-01 07:00:00,1.539,1.268,-0.2709999999999999,-79.2636617,33.36933396,02136350,USGS,IAN,2022,9060.0
2022-10-01 08:00:00,0.979,0.959,-0.02,-79.2636617,33.36933396,02136350,USGS,IAN,2022,9120.0
2022-10-01 09:00:00,0.429,0.573,0.1439999999999999,-79.2636617,33.36933396,02136350,USGS,IAN,2022,9180.0
2022-10-01 10:00:00,-0.191,0.122,0.313,-79.2636617,33.36933396,02136350,USGS,IAN,2022,9240.0
2022-10-01 11:00:00,-0.631,-0.284,0.347,-79.2636617,33.36933396,02136350,USGS,IAN,2022,9300.0
2022-10-01 12:00:00,-0.941,-0.63,0.3109999999999999,-79.2636617,33.36933396,02136350,USGS,IAN,2022,9360.0
2022-10-01 13:00:00,-0.891,-0.864,0.027,-79.2636617,33.36933396,02136350,USGS,IAN,2022,9420.0
2022-10-01 14:00:00,0.039,-0.643,-0.682,-79.2636617,33.36933396,02136350,USGS,IAN,2022,9480.0
2022-10-01 15:00:00,1.119,0.243,-0.876,-79.2636617,33.36933396,02136350,USGS,IAN,2022,9540.0
2022-10-01 16:00:00,1.919,1.218,-0.7010000000000001,-79.2636617,33.36933396,02136350,USGS,IAN,2022,9600.0
2022-10-01 17:00:00,2.499,2.009,-0.4900000000000002,-79.2636617,33.36933396,02136350,USGS,IAN,2022,9660.0
2022-10-01 18:00:00,2.779,2.426,-0.3529999999999997,-79.2636617,33.36933396,02136350,USGS,IAN,2022,9720.0
2022-10-01 19:00:00,2.779,2.332,-0.447,-79.2636617,33.36933396,02136350,USGS,IAN,2022,9780.0
2022-10-01 20:00:00,2.219,1.802,-0.4169999999999998,-79.2636617,33.36933396,02136350,USGS,IAN,2022,9840.0
2022-10-01 21:00:00,1.479,1.226,-0.2530000000000001,-79.2636617,33.36933396,02136350,USGS,IAN,2022,9900.0
2022-10-01 22:00:00,0.859,0.675,-0.1839999999999999,-79.2636617,33.36933396,02136350,USGS,IAN,2022,9960.0
2022-10-01 23:00:00,0.239,0.148,-0.091,-79.2636617,33.36933396,02136350,USGS,IAN,2022,10020.0
2022-09-25 01:00:00,2.807,1.391,-1.416,-79.382558,33.20850056,02171800,USGS,IAN,2022,60.0
2022-09-25 02:00:00,2.767,1.521,-1.246,-79.382558,33.20850056,02171800,USGS,IAN,2022,120.0
2022-09-25 03:00:00,2.287,1.23,-1.057,-79.382558,33.20850056,02171800,USGS,IAN,2022,180.0
2022-09-25 04:00:00,1.787,0.789,-0.998,-79.382558,33.20850056,02171800,USGS,IAN,2022,240.0
2022-09-25 05:00:00,1.187,0.391,-0.796,-79.382558,33.20850056,02171800,USGS,IAN,2022,300.0
2022-09-25 06:00:00,0.547,0.029,-0.518,-79.382558,33.20850056,02171800,USGS,IAN,2022,360.0
2022-09-25 07:00:00,-0.083,-0.281,-0.198,-79.382558,33.20850056,02171800,USGS,IAN,2022,420.0
2022-09-25 08:00:00,-0.543,-0.543,0.0,-79.382558,33.20850056,02171800,USGS,IAN,2022,480.0
2022-09-25 11:00:00,1.487,-0.115,-1.602,-79.382558,33.20850056,02171800,USGS,IAN,2022,660.0
2022-09-25 12:00:00,2.057,0.6,-1.457,-79.382558,33.20850056,02171800,USGS,IAN,2022,720.0
2022-09-25 13:00:00,2.407,1.231,-1.176,-79.382558,33.20850056,02171800,USGS,IAN,2022,780.0
2022-09-25 14:00:00,2.487,1.476,-1.011,-79.382558,33.20850056,02171800,USGS,IAN,2022,840.0
2022-09-25 15:00:00,2.177,1.276,-0.901,-79.382558,33.20850056,02171800,USGS,IAN,2022,900.0
2022-09-25 16:00:00,1.627,0.862,-0.765,-79.382558,33.20850056,02171800,USGS,IAN,2022,960.0
2022-09-25 17:00:00,0.967,0.469,-0.498,-79.382558,33.20850056,02171800,USGS,IAN,2022,1020.0
2022-09-25 18:00:00,0.347,0.095,-0.252,-79.382558,33.20850056,02171800,USGS,IAN,2022,1080.0
2022-09-25 19:00:00,-0.393,-0.224,0.169,-79.382558,33.20850056,02171800,USGS,IAN,2022,1140.0
2022-09-25 20:00:00,-0.903,-0.501,0.402,-79.382558,33.20850056,02171800,USGS,IAN,2022,1200.0
2022-09-25 23:00:00,1.397,-0.414,-1.811,-79.382558,33.20850056,02171800,USGS,IAN,2022,1380.0
2022-09-26 00:00:00,2.147,0.375,-1.7719999999999998,-79.382558,33.20850056,02171800,USGS,IAN,2022,1440.0
2022-09-26 01:00:00,2.527,1.089,-1.4380000000000002,-79.382558,33.20850056,02171800,USGS,IAN,2022,1500.0
2022-09-26 02:00:00,2.647,1.459,-1.1879999999999995,-79.382558,33.20850056,02171800,USGS,IAN,2022,1560.0
2022-09-26 03:00:00,2.397,1.458,-0.9389999999999998,-79.382558,33.20850056,02171800,USGS,IAN,2022,1620.0
2022-09-26 04:00:00,1.867,1.077,-0.79,-79.382558,33.20850056,02171800,USGS,IAN,2022,1680.0
2022-09-26 05:00:00,1.237,0.652,-0.5850000000000001,-79.382558,33.20850056,02171800,USGS,IAN,2022,1740.0
2022-09-26 06:00:00,0.577,0.258,-0.3189999999999999,-79.382558,33.20850056,02171800,USGS,IAN,2022,1800.0
2022-09-26 07:00:00,-0.093,-0.086,0.007,-79.382558,33.20850056,02171800,USGS,IAN,2022,1860.0
2022-09-26 08:00:00,-0.653,-0.385,0.268,-79.382558,33.20850056,02171800,USGS,IAN,2022,1920.0
2022-09-26 09:00:00,-0.923,-0.624,0.299,-79.382558,33.20850056,02171800,USGS,IAN,2022,1980.0
2022-09-26 12:00:00,1.597,0.223,-1.374,-79.382558,33.20850056,02171800,USGS,IAN,2022,2160.0
2022-09-26 13:00:00,2.147,0.99,-1.1569999999999998,-79.382558,33.20850056,02171800,USGS,IAN,2022,2220.0
2022-09-26 14:00:00,2.397,1.44,-0.957,-79.382558,33.20850056,02171800,USGS,IAN,2022,2280.0
2022-09-26 15:00:00,2.367,1.655,-0.712,-79.382558,33.20850056,02171800,USGS,IAN,2022,2340.0
2022-09-26 16:00:00,1.827,1.434,-0.393,-79.382558,33.20850056,02171800,USGS,IAN,2022,2400.0
2022-09-26 17:00:00,1.177,0.987,-0.19,-79.382558,33.20850056,02171800,USGS,IAN,2022,2460.0
2022-09-26 18:00:00,0.507,0.522,0.015,-79.382558,33.20850056,02171800,USGS,IAN,2022,2520.0
2022-09-26 19:00:00,-0.173,0.138,0.311,-79.382558,33.20850056,02171800,USGS,IAN,2022,2580.0
2022-09-26 20:00:00,-0.693,-0.193,0.4999999999999999,-79.382558,33.20850056,02171800,USGS,IAN,2022,2640.0
2022-09-26 21:00:00,-1.093,-0.476,0.617,-79.382558,33.20850056,02171800,USGS,IAN,2022,2700.0
2022-09-27 00:00:00,1.637,-0.058,-1.695,-79.382558,33.20850056,02171800,USGS,IAN,2022,2880.0
2022-09-27 01:00:00,2.217,0.642,-1.5750000000000002,-79.382558,33.20850056,02171800,USGS,IAN,2022,2940.0
2022-09-27 02:00:00,2.497,1.281,-1.216,-79.382558,33.20850056,02171800,USGS,IAN,2022,3000.0
2022-09-27 03:00:00,2.487,1.527,-0.9600000000000002,-79.382558,33.20850056,02171800,USGS,IAN,2022,3060.0
2022-09-27 04:00:00,2.007,1.362,-0.645,-79.382558,33.20850056,02171800,USGS,IAN,2022,3120.0
2022-09-27 05:00:00,1.457,0.922,-0.535,-79.382558,33.20850056,02171800,USGS,IAN,2022,3180.0
2022-09-27 06:00:00,0.797,0.509,-0.288,-79.382558,33.20850056,02171800,USGS,IAN,2022,3240.0
2022-09-27 07:00:00,0.097,0.128,0.031,-79.382558,33.20850056,02171800,USGS,IAN,2022,3300.0
2022-09-27 08:00:00,-0.543,-0.203,0.34,-79.382558,33.20850056,02171800,USGS,IAN,2022,3360.0
2022-09-27 09:00:00,-1.063,-0.488,0.575,-79.382558,33.20850056,02171800,USGS,IAN,2022,3420.0
2022-09-27 12:00:00,1.067,-0.243,-1.31,-79.382558,33.20850056,02171800,USGS,IAN,2022,3600.0
2022-09-27 13:00:00,1.897,0.556,-1.341,-79.382558,33.20850056,02171800,USGS,IAN,2022,3660.0
2022-09-27 14:00:00,2.377,1.328,-1.0489999999999997,-79.382558,33.20850056,02171800,USGS,IAN,2022,3720.0
2022-09-27 15:00:00,2.617,1.735,-0.8819999999999999,-79.382558,33.20850056,02171800,USGS,IAN,2022,3780.0
2022-09-27 16:00:00,2.447,1.84,-0.607,-79.382558,33.20850056,02171800,USGS,IAN,2022,3840.0
2022-09-27 17:00:00,1.907,1.595,-0.312,-79.382558,33.20850056,02171800,USGS,IAN,2022,3900.0
2022-09-27 18:00:00,1.307,1.289,-0.018,-79.382558,33.20850056,02171800,USGS,IAN,2022,3960.0
2022-09-27 19:00:00,0.617,0.786,0.169,-79.382558,33.20850056,02171800,USGS,IAN,2022,4020.0
2022-09-27 20:00:00,-0.033,0.398,0.431,-79.382558,33.20850056,02171800,USGS,IAN,2022,4080.0
2022-09-27 21:00:00,-0.633,0.075,0.708,-79.382558,33.20850056,02171800,USGS,IAN,2022,4140.0
2022-09-27 22:00:00,-0.963,-0.223,0.74,-79.382558,33.20850056,02171800,USGS,IAN,2022,4200.0
2022-09-27 23:00:00,-0.133,-0.401,-0.268,-79.382558,33.20850056,02171800,USGS,IAN,2022,4260.0
2022-09-28 00:00:00,0.827,-0.056,-0.883,-79.382558,33.20850056,02171800,USGS,IAN,2022,4320.0
2022-09-28 01:00:00,1.727,0.438,-1.289,-79.382558,33.20850056,02171800,USGS,IAN,2022,4380.0
2022-09-28 02:00:00,2.247,1.065,-1.182,-79.382558,33.20850056,02171800,USGS,IAN,2022,4440.0
2022-09-28 03:00:00,2.457,1.435,-1.0219999999999998,-79.382558,33.20850056,02171800,USGS,IAN,2022,4500.0
2022-09-28 04:00:00,2.247,1.536,-0.7109999999999999,-79.382558,33.20850056,02171800,USGS,IAN,2022,4560.0
2022-09-28 05:00:00,1.717,1.238,-0.4790000000000001,-79.382558,33.20850056,02171800,USGS,IAN,2022,4620.0
2022-09-28 06:00:00,1.077,0.782,-0.2949999999999999,-79.382558,33.20850056,02171800,USGS,IAN,2022,4680.0
2022-09-28 07:00:00,0.397,0.384,-0.013,-79.382558,33.20850056,02171800,USGS,IAN,2022,4740.0
2022-09-28 08:00:00,-0.283,0.027,0.31,-79.382558,33.20850056,02171800,USGS,IAN,2022,4800.0
2022-09-28 09:00:00,-0.813,-0.291,0.522,-79.382558,33.20850056,02171800,USGS,IAN,2022,4860.0
2022-09-28 10:00:00,-1.013,-0.561,0.4519999999999998,-79.382558,33.20850056,02171800,USGS,IAN,2022,4920.0
2022-09-28 13:00:00,1.617,0.062,-1.555,-79.382558,33.20850056,02171800,USGS,IAN,2022,5100.0
2022-09-28 14:00:00,2.237,0.868,-1.3690000000000002,-79.382558,33.20850056,02171800,USGS,IAN,2022,5160.0
2022-09-28 15:00:00,2.667,1.497,-1.1699999999999997,-79.382558,33.20850056,02171800,USGS,IAN,2022,5220.0
2022-09-28 16:00:00,2.847,1.906,-0.941,-79.382558,33.20850056,02171800,USGS,IAN,2022,5280.0
2022-09-28 17:00:00,2.757,1.903,-0.8540000000000001,-79.382558,33.20850056,02171800,USGS,IAN,2022,5340.0
2022-09-28 18:00:00,2.257,1.688,-0.5690000000000002,-79.382558,33.20850056,02171800,USGS,IAN,2022,5400.0
2022-09-28 19:00:00,1.747,1.404,-0.3430000000000002,-79.382558,33.20850056,02171800,USGS,IAN,2022,5460.0
2022-09-28 20:00:00,1.097,0.932,-0.1649999999999999,-79.382558,33.20850056,02171800,USGS,IAN,2022,5520.0
2022-09-28 21:00:00,0.417,0.52,0.103,-79.382558,33.20850056,02171800,USGS,IAN,2022,5580.0
2022-09-28 22:00:00,-0.183,0.179,0.362,-79.382558,33.20850056,02171800,USGS,IAN,2022,5640.0
2022-09-28 23:00:00,-0.393,-0.062,0.331,-79.382558,33.20850056,02171800,USGS,IAN,2022,5700.0
2022-09-29 00:00:00,0.527,-0.178,-0.7050000000000001,-79.382558,33.20850056,02171800,USGS,IAN,2022,5760.0
2022-09-29 01:00:00,1.497,0.234,-1.263,-79.382558,33.20850056,02171800,USGS,IAN,2022,5820.0
2022-09-29 02:00:00,2.107,0.805,-1.302,-79.382558,33.20850056,02171800,USGS,IAN,2022,5880.0
2022-09-29 03:00:00,2.427,1.36,-1.067,-79.382558,33.20850056,02171800,USGS,IAN,2022,5940.0
2022-09-29 04:00:00,2.567,1.616,-0.951,-79.382558,33.20850056,02171800,USGS,IAN,2022,6000.0
2022-09-29 05:00:00,2.377,1.772,-0.6049999999999998,-79.382558,33.20850056,02171800,USGS,IAN,2022,6060.0
2022-09-29 06:00:00,2.007,1.601,-0.4060000000000001,-79.382558,33.20850056,02171800,USGS,IAN,2022,6120.0
2022-09-29 07:00:00,1.457,1.366,-0.0909999999999999,-79.382558,33.20850056,02171800,USGS,IAN,2022,6180.0
2022-09-29 08:00:00,0.897,1.0,0.1029999999999999,-79.382558,33.20850056,02171800,USGS,IAN,2022,6240.0
2022-09-29 09:00:00,0.277,0.653,0.376,-79.382558,33.20850056,02171800,USGS,IAN,2022,6300.0
2022-09-29 10:00:00,-0.193,0.455,0.648,-79.382558,33.20850056,02171800,USGS,IAN,2022,6360.0
2022-09-29 11:00:00,-0.293,0.432,0.725,-79.382558,33.20850056,02171800,USGS,IAN,2022,6420.0
2022-09-29 12:00:00,0.407,0.834,0.427,-79.382558,33.20850056,02171800,USGS,IAN,2022,6480.0
2022-09-29 13:00:00,1.447,1.334,-0.1129999999999999,-79.382558,33.20850056,02171800,USGS,IAN,2022,6540.0
2022-09-29 14:00:00,2.227,1.74,-0.4869999999999999,-79.382558,33.20850056,02171800,USGS,IAN,2022,6600.0
2022-09-29 15:00:00,2.617,2.234,-0.383,-79.382558,33.20850056,02171800,USGS,IAN,2022,6660.0
2022-09-29 16:00:00,3.007,2.761,-0.246,-79.382558,33.20850056,02171800,USGS,IAN,2022,6720.0
2022-09-29 17:00:00,3.147,3.202,0.0550000000000001,-79.382558,33.20850056,02171800,USGS,IAN,2022,6780.0
2022-09-29 18:00:00,3.267,3.529,0.262,-79.382558,33.20850056,02171800,USGS,IAN,2022,6840.0
2022-09-29 19:00:00,2.937,3.544,0.6070000000000002,-79.382558,33.20850056,02171800,USGS,IAN,2022,6900.0
2022-09-29 20:00:00,2.437,3.367,0.9300000000000002,-79.382558,33.20850056,02171800,USGS,IAN,2022,6960.0
2022-09-29 21:00:00,1.967,3.172,1.205,-79.382558,33.20850056,02171800,USGS,IAN,2022,7020.0
2022-09-29 22:00:00,1.497,2.991,1.494,-79.382558,33.20850056,02171800,USGS,IAN,2022,7080.0
2022-09-29 23:00:00,1.047,2.816,1.769,-79.382558,33.20850056,02171800,USGS,IAN,2022,7140.0
2022-09-30 00:00:00,0.777,2.674,1.897,-79.382558,33.20850056,02171800,USGS,IAN,2022,7200.0
2022-09-30 01:00:00,1.277,2.582,1.305,-79.382558,33.20850056,02171800,USGS,IAN,2022,7260.0
2022-09-30 02:00:00,2.037,2.704,0.6670000000000003,-79.382558,33.20850056,02171800,USGS,IAN,2022,7320.0
2022-09-30 03:00:00,2.567,2.875,0.3079999999999998,-79.382558,33.20850056,02171800,USGS,IAN,2022,7380.0
2022-09-30 04:00:00,2.877,3.1,0.2230000000000003,-79.382558,33.20850056,02171800,USGS,IAN,2022,7440.0
2022-09-30 05:00:00,3.047,3.393,0.3459999999999996,-79.382558,33.20850056,02171800,USGS,IAN,2022,7500.0
2022-09-30 06:00:00,3.027,3.698,0.6709999999999998,-79.382558,33.20850056,02171800,USGS,IAN,2022,7560.0
2022-09-30 07:00:00,2.807,3.703,0.8959999999999999,-79.382558,33.20850056,02171800,USGS,IAN,2022,7620.0
2022-09-30 08:00:00,2.397,3.44,1.043,-79.382558,33.20850056,02171800,USGS,IAN,2022,7680.0
2022-09-30 09:00:00,1.947,3.282,1.335,-79.382558,33.20850056,02171800,USGS,IAN,2022,7740.0
2022-09-30 10:00:00,1.557,3.113,1.556,-79.382558,33.20850056,02171800,USGS,IAN,2022,7800.0
2022-09-30 11:00:00,1.197,2.959,1.762,-79.382558,33.20850056,02171800,USGS,IAN,2022,7860.0
2022-09-30 12:00:00,1.057,2.819,1.762,-79.382558,33.20850056,02171800,USGS,IAN,2022,7920.0
2022-09-30 13:00:00,1.777,2.808,1.031,-79.382558,33.20850056,02171800,USGS,IAN,2022,7980.0
2022-09-30 14:00:00,2.447,2.931,0.484,-79.382558,33.20850056,02171800,USGS,IAN,2022,8040.0
2022-09-30 15:00:00,2.947,3.13,0.1829999999999998,-79.382558,33.20850056,02171800,USGS,IAN,2022,8100.0
2022-09-30 16:00:00,3.447,3.581,0.1339999999999999,-79.382558,33.20850056,02171800,USGS,IAN,2022,8160.0
2022-09-30 17:00:00,3.857,4.725,0.8679999999999994,-79.382558,33.20850056,02171800,USGS,IAN,2022,8220.0
2022-09-30 18:00:00,4.137,5.967,1.83,-79.382558,33.20850056,02171800,USGS,IAN,2022,8280.0
2022-09-30 19:00:00,3.807,6.146,2.339,-79.382558,33.20850056,02171800,USGS,IAN,2022,8340.0
2022-09-30 20:00:00,3.677,5.586,1.9090000000000005,-79.382558,33.20850056,02171800,USGS,IAN,2022,8400.0
2022-09-30 21:00:00,3.327,5.105,1.7780000000000005,-79.382558,33.20850056,02171800,USGS,IAN,2022,8460.0
2022-09-30 22:00:00,2.937,4.552,1.6149999999999998,-79.382558,33.20850056,02171800,USGS,IAN,2022,8520.0
2022-09-30 23:00:00,2.457,4.23,1.7730000000000006,-79.382558,33.20850056,02171800,USGS,IAN,2022,8580.0
2022-10-01 00:00:00,1.997,3.952,1.955,-79.382558,33.20850056,02171800,USGS,IAN,2022,8640.0
2022-10-01 01:00:00,1.587,3.647,2.06,-79.382558,33.20850056,02171800,USGS,IAN,2022,8700.0
2022-10-01 02:00:00,1.347,3.394,2.047,-79.382558,33.20850056,02171800,USGS,IAN,2022,8760.0
2022-10-01 03:00:00,1.727,3.181,1.454,-79.382558,33.20850056,02171800,USGS,IAN,2022,8820.0
2022-10-01 04:00:00,2.257,3.002,0.7449999999999997,-79.382558,33.20850056,02171800,USGS,IAN,2022,8880.0
2022-10-01 05:00:00,2.447,2.833,0.3860000000000001,-79.382558,33.20850056,02171800,USGS,IAN,2022,8940.0
2022-10-01 06:00:00,2.297,2.689,0.3919999999999999,-79.382558,33.20850056,02171800,USGS,IAN,2022,9000.0
2022-10-01 07:00:00,1.987,2.529,0.5419999999999998,-79.382558,33.20850056,02171800,USGS,IAN,2022,9060.0
2022-10-01 08:00:00,1.597,2.356,0.7589999999999999,-79.382558,33.20850056,02171800,USGS,IAN,2022,9120.0
2022-10-01 09:00:00,1.077,2.162,1.085,-79.382558,33.20850056,02171800,USGS,IAN,2022,9180.0
2022-10-01 10:00:00,0.547,1.963,1.416,-79.382558,33.20850056,02171800,USGS,IAN,2022,9240.0
2022-10-01 11:00:00,0.127,1.822,1.695,-79.382558,33.20850056,02171800,USGS,IAN,2022,9300.0
2022-10-01 12:00:00,-0.153,1.705,1.858,-79.382558,33.20850056,02171800,USGS,IAN,2022,9360.0
2022-10-01 13:00:00,-0.083,1.599,1.682,-79.382558,33.20850056,02171800,USGS,IAN,2022,9420.0
2022-10-01 14:00:00,0.677,1.494,0.817,-79.382558,33.20850056,02171800,USGS,IAN,2022,9480.0
2022-10-01 15:00:00,1.627,1.566,-0.0609999999999999,-79.382558,33.20850056,02171800,USGS,IAN,2022,9540.0
2022-10-01 16:00:00,2.367,1.848,-0.5189999999999999,-79.382558,33.20850056,02171800,USGS,IAN,2022,9600.0
2022-10-01 17:00:00,2.837,2.087,-0.75,-79.382558,33.20850056,02171800,USGS,IAN,2022,9660.0
2022-10-01 18:00:00,3.007,2.33,-0.677,-79.382558,33.20850056,02171800,USGS,IAN,2022,9720.0
2022-10-01 19:00:00,2.927,2.358,-0.569,-79.382558,33.20850056,02171800,USGS,IAN,2022,9780.0
2022-10-01 20:00:00,2.577,2.209,-0.3679999999999999,-79.382558,33.20850056,02171800,USGS,IAN,2022,9840.0
2022-10-01 21:00:00,2.187,2.019,-0.1679999999999997,-79.382558,33.20850056,02171800,USGS,IAN,2022,9900.0
2022-10-01 22:00:00,1.697,1.787,0.0899999999999998,-79.382558,33.20850056,02171800,USGS,IAN,2022,9960.0
2022-10-01 23:00:00,1.207,1.576,0.369,-79.382558,33.20850056,02171800,USGS,IAN,2022,10020.0
2022-09-29 17:00:00,3.256,2.944,-0.3119999999999998,-79.4058929,33.1840565,02171850,USGS,IAN,2022,6780.0
2022-09-29 18:00:00,3.296,3.366,0.0700000000000002,-79.4058929,33.1840565,02171850,USGS,IAN,2022,6840.0
2022-09-29 19:00:00,2.836,3.748,0.9120000000000004,-79.4058929,33.1840565,02171850,USGS,IAN,2022,6900.0
2022-09-29 20:00:00,2.266,3.751,1.485,-79.4058929,33.1840565,02171850,USGS,IAN,2022,6960.0
2022-09-29 21:00:00,1.646,3.666,2.02,-79.4058929,33.1840565,02171850,USGS,IAN,2022,7020.0
2022-09-29 22:00:00,0.986,3.577,2.591,-79.4058929,33.1840565,02171850,USGS,IAN,2022,7080.0
2022-09-29 23:00:00,0.466,3.502,3.036,-79.4058929,33.1840565,02171850,USGS,IAN,2022,7140.0
2022-09-30 00:00:00,0.486,3.441,2.955,-79.4058929,33.1840565,02171850,USGS,IAN,2022,7200.0
2022-09-30 01:00:00,1.446,3.399,1.953,-79.4058929,33.1840565,02171850,USGS,IAN,2022,7260.0
2022-09-30 02:00:00,2.286,3.368,1.082,-79.4058929,33.1840565,02171850,USGS,IAN,2022,7320.0
2022-09-30 03:00:00,2.566,3.356,0.79,-79.4058929,33.1840565,02171850,USGS,IAN,2022,7380.0
2022-09-30 04:00:00,2.876,3.413,0.5369999999999999,-79.4058929,33.1840565,02171850,USGS,IAN,2022,7440.0
2022-09-30 05:00:00,3.026,3.581,0.5550000000000002,-79.4058929,33.1840565,02171850,USGS,IAN,2022,7500.0
2022-09-30 06:00:00,2.906,3.838,0.932,-79.4058929,33.1840565,02171850,USGS,IAN,2022,7560.0
2022-09-30 07:00:00,2.566,3.989,1.423,-79.4058929,33.1840565,02171850,USGS,IAN,2022,7620.0
2022-09-30 08:00:00,1.986,3.949,1.963,-79.4058929,33.1840565,02171850,USGS,IAN,2022,7680.0
2022-09-30 09:00:00,1.386,3.876,2.49,-79.4058929,33.1840565,02171850,USGS,IAN,2022,7740.0
2022-09-30 10:00:00,0.806,3.817,3.011,-79.4058929,33.1840565,02171850,USGS,IAN,2022,7800.0
2022-09-30 11:00:00,0.326,3.769,3.443,-79.4058929,33.1840565,02171850,USGS,IAN,2022,7860.0
2022-09-30 12:00:00,0.666,3.73,3.064,-79.4058929,33.1840565,02171850,USGS,IAN,2022,7920.0
2022-09-30 13:00:00,1.846,3.72,1.874,-79.4058929,33.1840565,02171850,USGS,IAN,2022,7980.0
2022-09-30 14:00:00,2.486,3.858,1.372,-79.4058929,33.1840565,02171850,USGS,IAN,2022,8040.0
2022-09-30 15:00:00,2.996,4.265,1.2689999999999997,-79.4058929,33.1840565,02171850,USGS,IAN,2022,8100.0
2022-09-30 16:00:00,3.466,4.896,1.4299999999999995,-79.4058929,33.1840565,02171850,USGS,IAN,2022,8160.0
2022-09-30 17:00:00,3.926,5.302,1.3759999999999994,-79.4058929,33.1840565,02171850,USGS,IAN,2022,8220.0
2022-09-30 18:00:00,4.236,6.224,1.9880000000000004,-79.4058929,33.1840565,02171850,USGS,IAN,2022,8280.0
2022-09-30 19:00:00,3.866,6.363,2.4970000000000003,-79.4058929,33.1840565,02171850,USGS,IAN,2022,8340.0
2022-09-30 20:00:00,3.406,5.09,1.6839999999999995,-79.4058929,33.1840565,02171850,USGS,IAN,2022,8400.0
2022-09-30 21:00:00,2.946,4.422,1.4759999999999995,-79.4058929,33.1840565,02171850,USGS,IAN,2022,8460.0
2022-09-30 22:00:00,2.366,4.074,1.7079999999999995,-79.4058929,33.1840565,02171850,USGS,IAN,2022,8520.0
2022-09-30 23:00:00,1.766,3.855,2.089,-79.4058929,33.1840565,02171850,USGS,IAN,2022,8580.0
2022-10-01 00:00:00,1.216,3.701,2.4850000000000003,-79.4058929,33.1840565,02171850,USGS,IAN,2022,8640.0
2022-10-01 01:00:00,0.726,3.645,2.919,-79.4058929,33.1840565,02171850,USGS,IAN,2022,8700.0
2022-10-01 02:00:00,0.686,3.603,2.9170000000000003,-79.4058929,33.1840565,02171850,USGS,IAN,2022,8760.0
2022-10-01 03:00:00,1.706,3.547,1.841,-79.4058929,33.1840565,02171850,USGS,IAN,2022,8820.0
2022-10-01 04:00:00,2.386,3.491,1.105,-79.4058929,33.1840565,02171850,USGS,IAN,2022,8880.0
2022-10-01 05:00:00,2.436,3.436,1.0,-79.4058929,33.1840565,02171850,USGS,IAN,2022,8940.0
2022-10-01 06:00:00,2.156,3.383,1.227,-79.4058929,33.1840565,02171850,USGS,IAN,2022,9000.0
2022-10-01 07:00:00,1.566,3.335,1.769,-79.4058929,33.1840565,02171850,USGS,IAN,2022,9060.0
2022-10-01 08:00:00,0.886,3.295,2.409,-79.4058929,33.1840565,02171850,USGS,IAN,2022,9120.0
2022-10-01 09:00:00,0.206,3.248,3.0420000000000003,-79.4058929,33.1840565,02171850,USGS,IAN,2022,9180.0
2022-10-01 10:00:00,-0.364,3.214,3.578,-79.4058929,33.1840565,02171850,USGS,IAN,2022,9240.0
2022-10-01 11:00:00,-0.774,3.185,3.959,-79.4058929,33.1840565,02171850,USGS,IAN,2022,9300.0
2022-10-01 12:00:00,-0.954,3.16,4.114,-79.4058929,33.1840565,02171850,USGS,IAN,2022,9360.0
2022-10-01 13:00:00,-0.254,3.137,3.391,-79.4058929,33.1840565,02171850,USGS,IAN,2022,9420.0
2022-10-01 14:00:00,0.876,3.113,2.237,-79.4058929,33.1840565,02171850,USGS,IAN,2022,9480.0
2022-10-01 15:00:00,1.886,3.098,1.212,-79.4058929,33.1840565,02171850,USGS,IAN,2022,9540.0
2022-10-01 16:00:00,2.486,3.063,0.577,-79.4058929,33.1840565,02171850,USGS,IAN,2022,9600.0
2022-10-01 17:00:00,2.896,3.07,0.1739999999999999,-79.4058929,33.1840565,02171850,USGS,IAN,2022,9660.0
2022-10-01 18:00:00,3.016,3.061,0.0449999999999999,-79.4058929,33.1840565,02171850,USGS,IAN,2022,9720.0
2022-10-01 19:00:00,2.846,3.049,0.2029999999999998,-79.4058929,33.1840565,02171850,USGS,IAN,2022,9780.0
2022-10-01 20:00:00,2.346,3.036,0.69,-79.4058929,33.1840565,02171850,USGS,IAN,2022,9840.0
2022-10-01 21:00:00,1.696,3.015,1.3190000000000002,-79.4058929,33.1840565,02171850,USGS,IAN,2022,9900.0
2022-10-01 22:00:00,1.016,2.989,1.973,-79.4058929,33.1840565,02171850,USGS,IAN,2022,9960.0
2022-10-01 23:00:00,0.386,2.964,2.578,-79.4058929,33.1840565,02171850,USGS,IAN,2022,10020.0
2022-09-25 01:00:00,3.082,1.419,-1.6629999999999998,-79.3542237,33.1557,02171905,USGS,IAN,2022,60.0
2022-09-25 02:00:00,2.512,1.468,-1.044,-79.3542237,33.1557,02171905,USGS,IAN,2022,120.0
2022-09-25 03:00:00,1.982,1.191,-0.7909999999999999,-79.3542237,33.1557,02171905,USGS,IAN,2022,180.0
2022-09-25 04:00:00,1.292,0.802,-0.49,-79.3542237,33.1557,02171905,USGS,IAN,2022,240.0
2022-09-25 05:00:00,0.562,0.389,-0.173,-79.3542237,33.1557,02171905,USGS,IAN,2022,300.0
2022-09-25 06:00:00,-0.108,0.014,0.122,-79.3542237,33.1557,02171905,USGS,IAN,2022,360.0
2022-09-25 07:00:00,-0.678,-0.323,0.355,-79.3542237,33.1557,02171905,USGS,IAN,2022,420.0
2022-09-25 08:00:00,-0.688,-0.609,0.0789999999999999,-79.3542237,33.1557,02171905,USGS,IAN,2022,480.0
2022-09-25 09:00:00,0.232,-0.652,-0.884,-79.3542237,33.1557,02171905,USGS,IAN,2022,540.0
2022-09-25 10:00:00,1.232,-0.417,-1.649,-79.3542237,33.1557,02171905,USGS,IAN,2022,600.0
2022-09-25 11:00:00,2.052,0.04,-2.012,-79.3542237,33.1557,02171905,USGS,IAN,2022,660.0
2022-09-25 12:00:00,2.572,0.625,-1.947,-79.3542237,33.1557,02171905,USGS,IAN,2022,720.0
2022-09-25 13:00:00,2.762,1.224,-1.538,-79.3542237,33.1557,02171905,USGS,IAN,2022,780.0
2022-09-25 14:00:00,2.532,1.475,-1.057,-79.3542237,33.1557,02171905,USGS,IAN,2022,840.0
2022-09-25 15:00:00,1.992,1.231,-0.7609999999999999,-79.3542237,33.1557,02171905,USGS,IAN,2022,900.0
2022-09-25 16:00:00,1.272,0.884,-0.388,-79.3542237,33.1557,02171905,USGS,IAN,2022,960.0
2022-09-25 17:00:00,0.452,0.473,0.0209999999999999,-79.3542237,33.1557,02171905,USGS,IAN,2022,1020.0
2022-09-25 18:00:00,-0.348,0.087,0.4349999999999999,-79.3542237,33.1557,02171905,USGS,IAN,2022,1080.0
2022-09-25 19:00:00,-0.948,-0.26,0.688,-79.3542237,33.1557,02171905,USGS,IAN,2022,1140.0
2022-09-25 20:00:00,-1.098,-0.567,0.5310000000000001,-79.3542237,33.1557,02171905,USGS,IAN,2022,1200.0
2022-09-25 21:00:00,-0.128,-0.736,-0.608,-79.3542237,33.1557,02171905,USGS,IAN,2022,1260.0
2022-09-25 22:00:00,1.142,-0.535,-1.677,-79.3542237,33.1557,02171905,USGS,IAN,2022,1320.0
2022-09-25 23:00:00,2.212,-0.138,-2.35,-79.3542237,33.1557,02171905,USGS,IAN,2022,1380.0
2022-09-26 00:00:00,2.812,0.444,-2.368,-79.3542237,33.1557,02171905,USGS,IAN,2022,1440.0
2022-09-26 01:00:00,2.992,1.082,-1.91,-79.3542237,33.1557,02171905,USGS,IAN,2022,1500.0
2022-09-26 02:00:00,2.752,1.539,-1.213,-79.3542237,33.1557,02171905,USGS,IAN,2022,1560.0
2022-09-26 03:00:00,2.142,1.378,-0.764,-79.3542237,33.1557,02171905,USGS,IAN,2022,1620.0
2022-09-26 04:00:00,1.472,1.078,-0.3939999999999999,-79.3542237,33.1557,02171905,USGS,IAN,2022,1680.0
2022-09-26 05:00:00,0.712,0.66,-0.0519999999999999,-79.3542237,33.1557,02171905,USGS,IAN,2022,1740.0
2022-09-26 06:00:00,-0.048,0.257,0.305,-79.3542237,33.1557,02171905,USGS,IAN,2022,1800.0
2022-09-26 07:00:00,-0.708,-0.109,0.599,-79.3542237,33.1557,02171905,USGS,IAN,2022,1860.0
2022-09-26 08:00:00,-1.058,-0.438,0.6200000000000001,-79.3542237,33.1557,02171905,USGS,IAN,2022,1920.0
2022-09-26 09:00:00,-0.588,-0.694,-0.1059999999999999,-79.3542237,33.1557,02171905,USGS,IAN,2022,1980.0
2022-09-26 10:00:00,0.392,-0.575,-0.967,-79.3542237,33.1557,02171905,USGS,IAN,2022,2040.0
2022-09-26 11:00:00,1.432,-0.246,-1.678,-79.3542237,33.1557,02171905,USGS,IAN,2022,2100.0
2022-09-26 12:00:00,2.232,0.316,-1.916,-79.3542237,33.1557,02171905,USGS,IAN,2022,2160.0
2022-09-26 13:00:00,2.672,0.967,-1.705,-79.3542237,33.1557,02171905,USGS,IAN,2022,2220.0
2022-09-26 14:00:00,2.722,1.586,-1.136,-79.3542237,33.1557,02171905,USGS,IAN,2022,2280.0
2022-09-26 15:00:00,2.212,1.583,-0.6290000000000002,-79.3542237,33.1557,02171905,USGS,IAN,2022,2340.0
2022-09-26 16:00:00,1.582,1.314,-0.268,-79.3542237,33.1557,02171905,USGS,IAN,2022,2400.0
2022-09-26 17:00:00,0.782,0.938,0.1559999999999999,-79.3542237,33.1557,02171905,USGS,IAN,2022,2460.0
2022-09-26 18:00:00,-0.038,0.504,0.542,-79.3542237,33.1557,02171905,USGS,IAN,2022,2520.0
2022-09-26 19:00:00,-0.728,0.112,0.84,-79.3542237,33.1557,02171905,USGS,IAN,2022,2580.0
2022-09-26 20:00:00,-1.158,-0.234,0.924,-79.3542237,33.1557,02171905,USGS,IAN,2022,2640.0
2022-09-26 21:00:00,-0.878,-0.541,0.3369999999999999,-79.3542237,33.1557,02171905,USGS,IAN,2022,2700.0
2022-09-26 22:00:00,0.212,-0.638,-0.85,-79.3542237,33.1557,02171905,USGS,IAN,2022,2760.0
2022-09-26 23:00:00,1.462,-0.401,-1.863,-79.3542237,33.1557,02171905,USGS,IAN,2022,2820.0
2022-09-27 00:00:00,2.372,0.057,-2.315,-79.3542237,33.1557,02171905,USGS,IAN,2022,2880.0
2022-09-27 01:00:00,2.792,0.666,-2.126,-79.3542237,33.1557,02171905,USGS,IAN,2022,2940.0
2022-09-27 02:00:00,2.852,1.286,-1.5659999999999998,-79.3542237,33.1557,02171905,USGS,IAN,2022,3000.0
2022-09-27 03:00:00,2.372,1.528,-0.8439999999999999,-79.3542237,33.1557,02171905,USGS,IAN,2022,3060.0
2022-09-27 04:00:00,1.772,1.274,-0.498,-79.3542237,33.1557,02171905,USGS,IAN,2022,3120.0
2022-09-27 05:00:00,0.992,0.928,-0.0639999999999999,-79.3542237,33.1557,02171905,USGS,IAN,2022,3180.0
2022-09-27 06:00:00,0.182,0.507,0.325,-79.3542237,33.1557,02171905,USGS,IAN,2022,3240.0
2022-09-27 07:00:00,-0.568,0.117,0.6849999999999999,-79.3542237,33.1557,02171905,USGS,IAN,2022,3300.0
2022-09-27 08:00:00,-1.158,-0.238,0.92,-79.3542237,33.1557,02171905,USGS,IAN,2022,3360.0
2022-09-27 09:00:00,-1.268,-0.552,0.716,-79.3542237,33.1557,02171905,USGS,IAN,2022,3420.0
2022-09-27 10:00:00,-0.418,-0.72,-0.302,-79.3542237,33.1557,02171905,USGS,IAN,2022,3480.0
2022-09-27 11:00:00,0.752,-0.492,-1.244,-79.3542237,33.1557,02171905,USGS,IAN,2022,3540.0
2022-09-27 12:00:00,1.862,-0.044,-1.906,-79.3542237,33.1557,02171905,USGS,IAN,2022,3600.0
2022-09-27 13:00:00,2.622,0.608,-2.014,-79.3542237,33.1557,02171905,USGS,IAN,2022,3660.0
2022-09-27 14:00:00,2.872,1.436,-1.436,-79.3542237,33.1557,02171905,USGS,IAN,2022,3720.0
2022-09-27 15:00:00,2.812,1.962,-0.8499999999999999,-79.3542237,33.1557,02171905,USGS,IAN,2022,3780.0
2022-09-27 16:00:00,2.222,1.732,-0.49,-79.3542237,33.1557,02171905,USGS,IAN,2022,3840.0
2022-09-27 17:00:00,1.542,1.478,-0.064,-79.3542237,33.1557,02171905,USGS,IAN,2022,3900.0
2022-09-27 18:00:00,0.812,1.083,0.2709999999999999,-79.3542237,33.1557,02171905,USGS,IAN,2022,3960.0
2022-09-27 19:00:00,0.052,0.651,0.599,-79.3542237,33.1557,02171905,USGS,IAN,2022,4020.0
2022-09-27 20:00:00,-0.668,0.278,0.946,-79.3542237,33.1557,02171905,USGS,IAN,2022,4080.0
2022-09-27 21:00:00,-1.168,-0.052,1.116,-79.3542237,33.1557,02171905,USGS,IAN,2022,4140.0
2022-09-27 22:00:00,-0.688,-0.321,0.3669999999999999,-79.3542237,33.1557,02171905,USGS,IAN,2022,4200.0
2022-09-27 23:00:00,0.442,-0.349,-0.7909999999999999,-79.3542237,33.1557,02171905,USGS,IAN,2022,4260.0
2022-09-28 00:00:00,1.642,-0.07,-1.712,-79.3542237,33.1557,02171905,USGS,IAN,2022,4320.0
2022-09-28 01:00:00,2.372,0.426,-1.946,-79.3542237,33.1557,02171905,USGS,IAN,2022,4380.0
2022-09-28 02:00:00,2.722,1.027,-1.695,-79.3542237,33.1557,02171905,USGS,IAN,2022,4440.0
2022-09-28 03:00:00,2.572,1.527,-1.0450000000000002,-79.3542237,33.1557,02171905,USGS,IAN,2022,4500.0
2022-09-28 04:00:00,2.052,1.454,-0.5980000000000001,-79.3542237,33.1557,02171905,USGS,IAN,2022,4560.0
2022-09-28 05:00:00,1.342,1.184,-0.1580000000000001,-79.3542237,33.1557,02171905,USGS,IAN,2022,4620.0
2022-09-28 06:00:00,0.562,0.781,0.2189999999999999,-79.3542237,33.1557,02171905,USGS,IAN,2022,4680.0
2022-09-28 07:00:00,-0.218,0.368,0.586,-79.3542237,33.1557,02171905,USGS,IAN,2022,4740.0
2022-09-28 08:00:00,-0.878,-0.003,0.875,-79.3542237,33.1557,02171905,USGS,IAN,2022,4800.0
2022-09-28 09:00:00,-1.268,-0.338,0.93,-79.3542237,33.1557,02171905,USGS,IAN,2022,4860.0
2022-09-28 10:00:00,-0.738,-0.63,0.1079999999999999,-79.3542237,33.1557,02171905,USGS,IAN,2022,4920.0
2022-09-28 11:00:00,0.242,-0.639,-0.881,-79.3542237,33.1557,02171905,USGS,IAN,2022,4980.0
2022-09-28 12:00:00,1.462,-0.357,-1.819,-79.3542237,33.1557,02171905,USGS,IAN,2022,5040.0
2022-09-28 13:00:00,2.382,0.184,-2.198,-79.3542237,33.1557,02171905,USGS,IAN,2022,5100.0
2022-09-28 14:00:00,2.922,0.887,-2.035,-79.3542237,33.1557,02171905,USGS,IAN,2022,5160.0
2022-09-28 15:00:00,3.182,1.823,-1.359,-79.3542237,33.1557,02171905,USGS,IAN,2022,5220.0
2022-09-28 16:00:00,3.052,2.076,-0.976,-79.3542237,33.1557,02171905,USGS,IAN,2022,5280.0
2022-09-28 17:00:00,2.572,1.817,-0.7550000000000001,-79.3542237,33.1557,02171905,USGS,IAN,2022,5340.0
2022-09-28 18:00:00,1.922,1.527,-0.395,-79.3542237,33.1557,02171905,USGS,IAN,2022,5400.0
2022-09-28 19:00:00,1.172,1.144,-0.028,-79.3542237,33.1557,02171905,USGS,IAN,2022,5460.0
2022-09-28 20:00:00,0.422,0.718,0.296,-79.3542237,33.1557,02171905,USGS,IAN,2022,5520.0
2022-09-28 21:00:00,-0.268,0.349,0.617,-79.3542237,33.1557,02171905,USGS,IAN,2022,5580.0
2022-09-28 22:00:00,-0.658,0.035,0.6930000000000001,-79.3542237,33.1557,02171905,USGS,IAN,2022,5640.0
2022-09-28 23:00:00,0.062,-0.212,-0.274,-79.3542237,33.1557,02171905,USGS,IAN,2022,5700.0
2022-09-29 00:00:00,1.112,-0.147,-1.259,-79.3542237,33.1557,02171905,USGS,IAN,2022,5760.0
2022-09-29 01:00:00,2.102,0.187,-1.915,-79.3542237,33.1557,02171905,USGS,IAN,2022,5820.0
2022-09-29 02:00:00,2.572,0.727,-1.845,-79.3542237,33.1557,02171905,USGS,IAN,2022,5880.0
2022-09-29 03:00:00,2.762,1.349,-1.413,-79.3542237,33.1557,02171905,USGS,IAN,2022,5940.0
2022-09-29 04:00:00,2.602,1.757,-0.845,-79.3542237,33.1557,02171905,USGS,IAN,2022,6000.0
2022-09-29 05:00:00,2.202,1.677,-0.5249999999999999,-79.3542237,33.1557,02171905,USGS,IAN,2022,6060.0
2022-09-29 06:00:00,1.692,1.456,-0.236,-79.3542237,33.1557,02171905,USGS,IAN,2022,6120.0
2022-09-29 07:00:00,1.042,1.128,0.0859999999999998,-79.3542237,33.1557,02171905,USGS,IAN,2022,6180.0
2022-09-29 08:00:00,0.362,0.79,0.428,-79.3542237,33.1557,02171905,USGS,IAN,2022,6240.0
2022-09-29 09:00:00,-0.258,0.526,0.784,-79.3542237,33.1557,02171905,USGS,IAN,2022,6300.0
2022-09-29 10:00:00,-0.478,0.284,0.762,-79.3542237,33.1557,02171905,USGS,IAN,2022,6360.0
2022-09-29 11:00:00,0.022,0.377,0.355,-79.3542237,33.1557,02171905,USGS,IAN,2022,6420.0
2022-09-29 12:00:00,1.052,0.753,-0.299,-79.3542237,33.1557,02171905,USGS,IAN,2022,6480.0
2022-09-29 13:00:00,2.142,1.357,-0.7849999999999999,-79.3542237,33.1557,02171905,USGS,IAN,2022,6540.0
2022-09-29 14:00:00,2.912,2.226,-0.6859999999999999,-79.3542237,33.1557,02171905,USGS,IAN,2022,6600.0
2022-09-29 15:00:00,3.332,2.741,-0.5909999999999997,-79.3542237,33.1557,02171905,USGS,IAN,2022,6660.0
2022-09-29 16:00:00,3.562,3.136,-0.4259999999999997,-79.3542237,33.1557,02171905,USGS,IAN,2022,6720.0
2022-09-29 17:00:00,3.562,3.493,-0.0689999999999999,-79.3542237,33.1557,02171905,USGS,IAN,2022,6780.0
2022-09-29 18:00:00,3.262,3.59,0.3279999999999998,-79.3542237,33.1557,02171905,USGS,IAN,2022,6840.0
2022-09-29 19:00:00,2.712,3.496,0.7839999999999998,-79.3542237,33.1557,02171905,USGS,IAN,2022,6900.0
2022-09-29 20:00:00,2.042,3.327,1.285,-79.3542237,33.1557,02171905,USGS,IAN,2022,6960.0
2022-09-29 21:00:00,1.382,3.137,1.755,-79.3542237,33.1557,02171905,USGS,IAN,2022,7020.0
2022-09-29 22:00:00,0.782,2.957,2.175,-79.3542237,33.1557,02171905,USGS,IAN,2022,7080.0
2022-09-29 23:00:00,0.432,2.776,2.344,-79.3542237,33.1557,02171905,USGS,IAN,2022,7140.0
2022-09-30 00:00:00,0.892,2.626,1.734,-79.3542237,33.1557,02171905,USGS,IAN,2022,7200.0
2022-09-30 01:00:00,1.752,2.591,0.8390000000000002,-79.3542237,33.1557,02171905,USGS,IAN,2022,7260.0
2022-09-30 02:00:00,2.432,2.736,0.3040000000000002,-79.3542237,33.1557,02171905,USGS,IAN,2022,7320.0
2022-09-30 03:00:00,2.842,2.99,0.1480000000000001,-79.3542237,33.1557,02171905,USGS,IAN,2022,7380.0
2022-09-30 04:00:00,3.152,3.291,0.1389999999999998,-79.3542237,33.1557,02171905,USGS,IAN,2022,7440.0
2022-09-30 05:00:00,3.162,3.617,0.455,-79.3542237,33.1557,02171905,USGS,IAN,2022,7500.0
2022-09-30 06:00:00,2.932,3.779,0.847,-79.3542237,33.1557,02171905,USGS,IAN,2022,7560.0
2022-09-30 07:00:00,2.422,3.713,1.291,-79.3542237,33.1557,02171905,USGS,IAN,2022,7620.0
2022-09-30 08:00:00,1.792,3.549,1.757,-79.3542237,33.1557,02171905,USGS,IAN,2022,7680.0
2022-09-30 09:00:00,1.182,3.367,2.185,-79.3542237,33.1557,02171905,USGS,IAN,2022,7740.0
2022-09-30 10:00:00,0.602,3.191,2.589,-79.3542237,33.1557,02171905,USGS,IAN,2022,7800.0
2022-09-30 11:00:00,0.362,3.035,2.673,-79.3542237,33.1557,02171905,USGS,IAN,2022,7860.0
2022-09-30 12:00:00,1.062,2.911,1.849,-79.3542237,33.1557,02171905,USGS,IAN,2022,7920.0
2022-09-30 13:00:00,2.172,2.99,0.8180000000000001,-79.3542237,33.1557,02171905,USGS,IAN,2022,7980.0
2022-09-30 14:00:00,2.882,3.263,0.3809999999999998,-79.3542237,33.1557,02171905,USGS,IAN,2022,8040.0
2022-09-30 15:00:00,3.672,3.771,0.0989999999999997,-79.3542237,33.1557,02171905,USGS,IAN,2022,8100.0
2022-09-30 16:00:00,4.142,4.703,0.5609999999999999,-79.3542237,33.1557,02171905,USGS,IAN,2022,8160.0
2022-09-30 17:00:00,4.752,6.154,1.402,-79.3542237,33.1557,02171905,USGS,IAN,2022,8220.0
2022-09-30 18:00:00,4.852,6.989,2.137,-79.3542237,33.1557,02171905,USGS,IAN,2022,8280.0
2022-09-30 19:00:00,3.982,6.697,2.715,-79.3542237,33.1557,02171905,USGS,IAN,2022,8340.0
2022-09-30 20:00:00,3.262,5.66,2.398,-79.3542237,33.1557,02171905,USGS,IAN,2022,8400.0
2022-09-30 21:00:00,2.632,4.848,2.216,-79.3542237,33.1557,02171905,USGS,IAN,2022,8460.0
2022-09-30 22:00:00,1.902,4.304,2.402,-79.3542237,33.1557,02171905,USGS,IAN,2022,8520.0
2022-09-30 23:00:00,1.222,3.892,2.67,-79.3542237,33.1557,02171905,USGS,IAN,2022,8580.0
2022-10-01 00:00:00,0.682,3.551,2.869,-79.3542237,33.1557,02171905,USGS,IAN,2022,8640.0
2022-10-01 01:00:00,0.372,3.28,2.908,-79.3542237,33.1557,02171905,USGS,IAN,2022,8700.0
2022-10-01 02:00:00,1.002,3.035,2.0330000000000004,-79.3542237,33.1557,02171905,USGS,IAN,2022,8760.0
2022-10-01 03:00:00,1.922,2.839,0.917,-79.3542237,33.1557,02171905,USGS,IAN,2022,8820.0
2022-10-01 04:00:00,2.472,2.684,0.2120000000000002,-79.3542237,33.1557,02171905,USGS,IAN,2022,8880.0
2022-10-01 05:00:00,2.382,2.519,0.137,-79.3542237,33.1557,02171905,USGS,IAN,2022,8940.0
2022-10-01 06:00:00,2.062,2.321,0.2590000000000003,-79.3542237,33.1557,02171905,USGS,IAN,2022,9000.0
2022-10-01 07:00:00,1.382,2.134,0.752,-79.3542237,33.1557,02171905,USGS,IAN,2022,9060.0
2022-10-01 08:00:00,0.622,1.92,1.298,-79.3542237,33.1557,02171905,USGS,IAN,2022,9120.0
2022-10-01 09:00:00,-0.058,1.706,1.764,-79.3542237,33.1557,02171905,USGS,IAN,2022,9180.0
2022-10-01 10:00:00,-0.628,1.588,2.216,-79.3542237,33.1557,02171905,USGS,IAN,2022,9240.0
2022-10-01 11:00:00,-0.958,1.477,2.435,-79.3542237,33.1557,02171905,USGS,IAN,2022,9300.0
2022-10-01 12:00:00,-0.808,1.326,2.1340000000000003,-79.3542237,33.1557,02171905,USGS,IAN,2022,9360.0
2022-10-01 13:00:00,-0.008,1.185,1.193,-79.3542237,33.1557,02171905,USGS,IAN,2022,9420.0
2022-10-01 14:00:00,1.092,1.144,0.0519999999999998,-79.3542237,33.1557,02171905,USGS,IAN,2022,9480.0
2022-10-01 15:00:00,2.082,1.53,-0.5519999999999998,-79.3542237,33.1557,02171905,USGS,IAN,2022,9540.0
2022-10-01 16:00:00,2.752,1.883,-0.8689999999999998,-79.3542237,33.1557,02171905,USGS,IAN,2022,9600.0
2022-10-01 17:00:00,3.102,2.251,-0.851,-79.3542237,33.1557,02171905,USGS,IAN,2022,9660.0
2022-10-01 18:00:00,3.122,2.35,-0.7719999999999998,-79.3542237,33.1557,02171905,USGS,IAN,2022,9720.0
2022-10-01 19:00:00,2.752,2.19,-0.5619999999999998,-79.3542237,33.1557,02171905,USGS,IAN,2022,9780.0
2022-10-01 20:00:00,2.102,1.984,-0.1179999999999998,-79.3542237,33.1557,02171905,USGS,IAN,2022,9840.0
2022-10-01 21:00:00,1.352,1.633,0.2809999999999999,-79.3542237,33.1557,02171905,USGS,IAN,2022,9900.0
2022-10-01 22:00:00,0.662,1.33,0.668,-79.3542237,33.1557,02171905,USGS,IAN,2022,9960.0
2022-10-01 23:00:00,0.062,0.976,0.914,-79.3542237,33.1557,02171905,USGS,IAN,2022,10020.0
2022-09-25 01:00:00,1.258,1.896,0.6379999999999999,-79.9489708,33.09473,02172020,USGS,IAN,2022,60.0
2022-09-25 02:00:00,1.328,2.17,0.8419999999999999,-79.9489708,33.09473,02172020,USGS,IAN,2022,120.0
2022-09-25 03:00:00,1.548,1.945,0.397,-79.9489708,33.09473,02172020,USGS,IAN,2022,180.0
2022-09-25 04:00:00,1.448,1.367,-0.0809999999999999,-79.9489708,33.09473,02172020,USGS,IAN,2022,240.0
2022-09-25 05:00:00,0.958,0.629,-0.3289999999999999,-79.9489708,33.09473,02172020,USGS,IAN,2022,300.0
2022-09-25 06:00:00,0.508,-0.374,-0.882,-79.9489708,33.09473,02172020,USGS,IAN,2022,360.0
2022-09-25 07:00:00,-0.032,-1.442,-1.41,-79.9489708,33.09473,02172020,USGS,IAN,2022,420.0
2022-09-25 08:00:00,-0.592,-2.252,-1.6599999999999997,-79.9489708,33.09473,02172020,USGS,IAN,2022,480.0
2022-09-25 09:00:00,-1.022,-1.968,-0.946,-79.9489708,33.09473,02172020,USGS,IAN,2022,540.0
2022-09-25 10:00:00,-1.142,-0.952,0.1899999999999999,-79.9489708,33.09473,02172020,USGS,IAN,2022,600.0
2022-09-25 11:00:00,-0.742,0.112,0.854,-79.9489708,33.09473,02172020,USGS,IAN,2022,660.0
2022-09-25 12:00:00,-0.312,1.018,1.33,-79.9489708,33.09473,02172020,USGS,IAN,2022,720.0
2022-09-25 13:00:00,0.138,1.697,1.5590000000000002,-79.9489708,33.09473,02172020,USGS,IAN,2022,780.0
2022-09-25 14:00:00,0.528,2.091,1.5630000000000002,-79.9489708,33.09473,02172020,USGS,IAN,2022,840.0
2022-09-25 15:00:00,0.828,2.037,1.209,-79.9489708,33.09473,02172020,USGS,IAN,2022,900.0
2022-09-25 16:00:00,0.998,1.543,0.5449999999999999,-79.9489708,33.09473,02172020,USGS,IAN,2022,960.0
2022-09-25 17:00:00,0.748,0.831,0.0829999999999999,-79.9489708,33.09473,02172020,USGS,IAN,2022,1020.0
2022-09-25 18:00:00,0.238,-0.142,-0.38,-79.9489708,33.09473,02172020,USGS,IAN,2022,1080.0
2022-09-25 19:00:00,-0.262,-1.159,-0.897,-79.9489708,33.09473,02172020,USGS,IAN,2022,1140.0
2022-09-25 20:00:00,-0.602,-2.191,-1.589,-79.9489708,33.09473,02172020,USGS,IAN,2022,1200.0
2022-09-25 21:00:00,-0.922,-2.328,-1.4059999999999997,-79.9489708,33.09473,02172020,USGS,IAN,2022,1260.0
2022-09-25 22:00:00,-0.812,-1.271,-0.4589999999999998,-79.9489708,33.09473,02172020,USGS,IAN,2022,1320.0
2022-09-25 23:00:00,-0.142,-0.227,-0.085,-79.9489708,33.09473,02172020,USGS,IAN,2022,1380.0
2022-09-26 00:00:00,0.548,0.752,0.2039999999999999,-79.9489708,33.09473,02172020,USGS,IAN,2022,1440.0
2022-09-26 01:00:00,0.958,1.532,0.5740000000000001,-79.9489708,33.09473,02172020,USGS,IAN,2022,1500.0
2022-09-26 02:00:00,1.048,2.039,0.991,-79.9489708,33.09473,02172020,USGS,IAN,2022,1560.0
2022-09-26 03:00:00,1.288,2.203,0.9149999999999998,-79.9489708,33.09473,02172020,USGS,IAN,2022,1620.0
2022-09-26 04:00:00,1.428,1.803,0.375,-79.9489708,33.09473,02172020,USGS,IAN,2022,1680.0
2022-09-26 05:00:00,1.108,1.138,0.0299999999999998,-79.9489708,33.09473,02172020,USGS,IAN,2022,1740.0
2022-09-26 06:00:00,0.618,0.265,-0.353,-79.9489708,33.09473,02172020,USGS,IAN,2022,1800.0
2022-09-26 07:00:00,0.108,-0.644,-0.752,-79.9489708,33.09473,02172020,USGS,IAN,2022,1860.0
2022-09-26 08:00:00,-0.492,-1.852,-1.36,-79.9489708,33.09473,02172020,USGS,IAN,2022,1920.0
2022-09-26 09:00:00,-1.032,-2.447,-1.415,-79.9489708,33.09473,02172020,USGS,IAN,2022,1980.0
2022-09-26 10:00:00,-1.352,-1.636,-0.2839999999999998,-79.9489708,33.09473,02172020,USGS,IAN,2022,2040.0
2022-09-26 11:00:00,-1.162,-0.607,0.5549999999999999,-79.9489708,33.09473,02172020,USGS,IAN,2022,2100.0
2022-09-26 12:00:00,-0.652,0.503,1.155,-79.9489708,33.09473,02172020,USGS,IAN,2022,2160.0
2022-09-26 13:00:00,-0.202,1.359,1.561,-79.9489708,33.09473,02172020,USGS,IAN,2022,2220.0
2022-09-26 14:00:00,0.238,1.965,1.727,-79.9489708,33.09473,02172020,USGS,IAN,2022,2280.0
2022-09-26 15:00:00,0.598,2.295,1.697,-79.9489708,33.09473,02172020,USGS,IAN,2022,2340.0
2022-09-26 16:00:00,0.868,2.102,1.234,-79.9489708,33.09473,02172020,USGS,IAN,2022,2400.0
2022-09-26 17:00:00,0.888,1.551,0.6629999999999999,-79.9489708,33.09473,02172020,USGS,IAN,2022,2460.0
2022-09-26 18:00:00,0.698,0.753,0.055,-79.9489708,33.09473,02172020,USGS,IAN,2022,2520.0
2022-09-26 19:00:00,0.298,-0.278,-0.5760000000000001,-79.9489708,33.09473,02172020,USGS,IAN,2022,2580.0
2022-09-26 20:00:00,-0.092,-1.391,-1.299,-79.9489708,33.09473,02172020,USGS,IAN,2022,2640.0
2022-09-26 21:00:00,-0.482,-2.329,-1.847,-79.9489708,33.09473,02172020,USGS,IAN,2022,2700.0
2022-09-26 22:00:00,-0.782,-2.165,-1.383,-79.9489708,33.09473,02172020,USGS,IAN,2022,2760.0
2022-09-26 23:00:00,-0.692,-1.078,-0.3860000000000001,-79.9489708,33.09473,02172020,USGS,IAN,2022,2820.0
2022-09-27 00:00:00,-0.102,0.044,0.146,-79.9489708,33.09473,02172020,USGS,IAN,2022,2880.0
2022-09-27 01:00:00,0.418,1.006,0.5880000000000001,-79.9489708,33.09473,02172020,USGS,IAN,2022,2940.0
2022-09-27 02:00:00,0.878,1.711,0.8330000000000001,-79.9489708,33.09473,02172020,USGS,IAN,2022,3000.0
2022-09-27 03:00:00,1.028,2.155,1.1269999999999998,-79.9489708,33.09473,02172020,USGS,IAN,2022,3060.0
2022-09-27 04:00:00,1.188,2.124,0.9360000000000002,-79.9489708,33.09473,02172020,USGS,IAN,2022,3120.0
2022-09-27 05:00:00,1.188,1.612,0.4240000000000001,-79.9489708,33.09473,02172020,USGS,IAN,2022,3180.0
2022-09-27 06:00:00,0.708,0.888,0.18,-79.9489708,33.09473,02172020,USGS,IAN,2022,3240.0
2022-09-27 07:00:00,0.228,-0.127,-0.355,-79.9489708,33.09473,02172020,USGS,IAN,2022,3300.0
2022-09-27 08:00:00,-0.352,-1.191,-0.8390000000000001,-79.9489708,33.09473,02172020,USGS,IAN,2022,3360.0
2022-09-27 09:00:00,-0.982,-2.285,-1.3030000000000002,-79.9489708,33.09473,02172020,USGS,IAN,2022,3420.0
2022-09-27 10:00:00,-1.532,-2.446,-0.914,-79.9489708,33.09473,02172020,USGS,IAN,2022,3480.0
2022-09-27 11:00:00,-1.692,-1.309,0.383,-79.9489708,33.09473,02172020,USGS,IAN,2022,3540.0
2022-09-27 12:00:00,-1.182,-0.196,0.986,-79.9489708,33.09473,02172020,USGS,IAN,2022,3600.0
2022-09-27 13:00:00,-0.662,0.86,1.522,-79.9489708,33.09473,02172020,USGS,IAN,2022,3660.0
2022-09-27 14:00:00,-0.152,1.68,1.832,-79.9489708,33.09473,02172020,USGS,IAN,2022,3720.0
2022-09-27 15:00:00,0.288,2.22,1.932,-79.9489708,33.09473,02172020,USGS,IAN,2022,3780.0
2022-09-27 16:00:00,0.648,2.452,1.804,-79.9489708,33.09473,02172020,USGS,IAN,2022,3840.0
2022-09-27 17:00:00,0.918,2.108,1.19,-79.9489708,33.09473,02172020,USGS,IAN,2022,3900.0
2022-09-27 18:00:00,1.128,1.526,0.3980000000000001,-79.9489708,33.09473,02172020,USGS,IAN,2022,3960.0
2022-09-27 19:00:00,0.668,0.674,0.006,-79.9489708,33.09473,02172020,USGS,IAN,2022,4020.0
2022-09-27 20:00:00,0.268,-0.378,-0.646,-79.9489708,33.09473,02172020,USGS,IAN,2022,4080.0
2022-09-27 21:00:00,-0.132,-1.508,-1.376,-79.9489708,33.09473,02172020,USGS,IAN,2022,4140.0
2022-09-27 22:00:00,-0.542,-2.381,-1.839,-79.9489708,33.09473,02172020,USGS,IAN,2022,4200.0
2022-09-27 23:00:00,-0.772,-1.829,-1.057,-79.9489708,33.09473,02172020,USGS,IAN,2022,4260.0
2022-09-28 00:00:00,-0.522,-0.771,-0.249,-79.9489708,33.09473,02172020,USGS,IAN,2022,4320.0
2022-09-28 01:00:00,0.058,0.327,0.269,-79.9489708,33.09473,02172020,USGS,IAN,2022,4380.0
2022-09-28 02:00:00,0.188,1.214,1.026,-79.9489708,33.09473,02172020,USGS,IAN,2022,4440.0
2022-09-28 03:00:00,0.498,1.855,1.357,-79.9489708,33.09473,02172020,USGS,IAN,2022,4500.0
2022-09-28 04:00:00,0.838,2.168,1.33,-79.9489708,33.09473,02172020,USGS,IAN,2022,4560.0
2022-09-28 05:00:00,1.018,1.942,0.924,-79.9489708,33.09473,02172020,USGS,IAN,2022,4620.0
2022-09-28 06:00:00,0.858,1.319,0.4609999999999999,-79.9489708,33.09473,02172020,USGS,IAN,2022,4680.0
2022-09-28 07:00:00,0.318,0.511,0.193,-79.9489708,33.09473,02172020,USGS,IAN,2022,4740.0
2022-09-28 08:00:00,-0.172,-0.433,-0.261,-79.9489708,33.09473,02172020,USGS,IAN,2022,4800.0
2022-09-28 09:00:00,-0.802,-1.696,-0.8939999999999999,-79.9489708,33.09473,02172020,USGS,IAN,2022,4860.0
2022-09-28 10:00:00,-1.392,-2.523,-1.1310000000000002,-79.9489708,33.09473,02172020,USGS,IAN,2022,4920.0
2022-09-28 11:00:00,-1.762,-2.112,-0.3500000000000001,-79.9489708,33.09473,02172020,USGS,IAN,2022,4980.0
2022-09-28 12:00:00,-1.652,-0.985,0.6669999999999999,-79.9489708,33.09473,02172020,USGS,IAN,2022,5040.0
2022-09-28 13:00:00,-1.052,0.166,1.218,-79.9489708,33.09473,02172020,USGS,IAN,2022,5100.0
2022-09-28 14:00:00,-0.542,1.173,1.715,-79.9489708,33.09473,02172020,USGS,IAN,2022,5160.0
2022-09-28 15:00:00,-0.022,1.906,1.928,-79.9489708,33.09473,02172020,USGS,IAN,2022,5220.0
2022-09-28 16:00:00,0.418,2.388,1.97,-79.9489708,33.09473,02172020,USGS,IAN,2022,5280.0
2022-09-28 17:00:00,0.788,2.525,1.737,-79.9489708,33.09473,02172020,USGS,IAN,2022,5340.0
2022-09-28 18:00:00,1.358,2.073,0.7149999999999999,-79.9489708,33.09473,02172020,USGS,IAN,2022,5400.0
2022-09-28 19:00:00,1.348,1.462,0.1139999999999998,-79.9489708,33.09473,02172020,USGS,IAN,2022,5460.0
2022-09-28 20:00:00,0.918,0.583,-0.3350000000000001,-79.9489708,33.09473,02172020,USGS,IAN,2022,5520.0
2022-09-28 21:00:00,0.508,-0.38,-0.888,-79.9489708,33.09473,02172020,USGS,IAN,2022,5580.0
2022-09-28 22:00:00,0.088,-1.649,-1.737,-79.9489708,33.09473,02172020,USGS,IAN,2022,5640.0
2022-09-28 23:00:00,-0.282,-2.358,-2.076,-79.9489708,33.09473,02172020,USGS,IAN,2022,5700.0
2022-09-29 00:00:00,-0.452,-1.548,-1.096,-79.9489708,33.09473,02172020,USGS,IAN,2022,5760.0
2022-09-29 01:00:00,-0.232,-0.522,-0.29,-79.9489708,33.09473,02172020,USGS,IAN,2022,5820.0
2022-09-29 02:00:00,0.008,0.571,0.563,-79.9489708,33.09473,02172020,USGS,IAN,2022,5880.0
2022-09-29 03:00:00,0.258,1.388,1.13,-79.9489708,33.09473,02172020,USGS,IAN,2022,5940.0
2022-09-29 04:00:00,0.608,1.973,1.3650000000000002,-79.9489708,33.09473,02172020,USGS,IAN,2022,6000.0
2022-09-29 05:00:00,0.908,2.279,1.371,-79.9489708,33.09473,02172020,USGS,IAN,2022,6060.0
2022-09-29 06:00:00,1.058,2.099,1.041,-79.9489708,33.09473,02172020,USGS,IAN,2022,6120.0
2022-09-29 07:00:00,0.928,1.61,0.682,-79.9489708,33.09473,02172020,USGS,IAN,2022,6180.0
2022-09-29 08:00:00,0.488,0.932,0.444,-79.9489708,33.09473,02172020,USGS,IAN,2022,6240.0
2022-09-29 09:00:00,0.048,0.093,0.045,-79.9489708,33.09473,02172020,USGS,IAN,2022,6300.0
2022-09-29 10:00:00,-0.512,-0.615,-0.1029999999999999,-79.9489708,33.09473,02172020,USGS,IAN,2022,6360.0
2022-09-29 11:00:00,-1.012,-1.217,-0.205,-79.9489708,33.09473,02172020,USGS,IAN,2022,6420.0
2022-09-29 12:00:00,-1.322,-0.597,0.7250000000000001,-79.9489708,33.09473,02172020,USGS,IAN,2022,6480.0
2022-09-29 13:00:00,-1.052,0.449,1.501,-79.9489708,33.09473,02172020,USGS,IAN,2022,6540.0
2022-09-29 14:00:00,-0.462,1.429,1.891,-79.9489708,33.09473,02172020,USGS,IAN,2022,6600.0
2022-09-29 15:00:00,0.338,2.247,1.909,-79.9489708,33.09473,02172020,USGS,IAN,2022,6660.0
2022-09-29 16:00:00,0.828,3.025,2.197,-79.9489708,33.09473,02172020,USGS,IAN,2022,6720.0
2022-09-29 17:00:00,1.328,3.518,2.1899999999999995,-79.9489708,33.09473,02172020,USGS,IAN,2022,6780.0
2022-09-29 18:00:00,1.758,3.782,2.024,-79.9489708,33.09473,02172020,USGS,IAN,2022,6840.0
2022-09-29 19:00:00,2.058,3.664,1.6060000000000003,-79.9489708,33.09473,02172020,USGS,IAN,2022,6900.0
2022-09-29 20:00:00,2.118,3.203,1.085,-79.9489708,33.09473,02172020,USGS,IAN,2022,6960.0
2022-09-29 21:00:00,1.678,2.78,1.102,-79.9489708,33.09473,02172020,USGS,IAN,2022,7020.0
2022-09-29 22:00:00,1.308,2.197,0.889,-79.9489708,33.09473,02172020,USGS,IAN,2022,7080.0
2022-09-29 23:00:00,0.898,1.607,0.709,-79.9489708,33.09473,02172020,USGS,IAN,2022,7140.0
2022-09-30 00:00:00,0.538,0.936,0.398,-79.9489708,33.09473,02172020,USGS,IAN,2022,7200.0
2022-09-30 01:00:00,0.348,0.662,0.314,-79.9489708,33.09473,02172020,USGS,IAN,2022,7260.0
2022-09-30 02:00:00,0.408,1.329,0.921,-79.9489708,33.09473,02172020,USGS,IAN,2022,7320.0
2022-09-30 03:00:00,0.618,1.995,1.3770000000000002,-79.9489708,33.09473,02172020,USGS,IAN,2022,7380.0
2022-09-30 04:00:00,0.898,2.611,1.713,-79.9489708,33.09473,02172020,USGS,IAN,2022,7440.0
2022-09-30 05:00:00,0.978,3.139,2.161,-79.9489708,33.09473,02172020,USGS,IAN,2022,7500.0
2022-09-30 06:00:00,1.258,3.477,2.219,-79.9489708,33.09473,02172020,USGS,IAN,2022,7560.0
2022-09-30 07:00:00,1.478,3.517,2.039,-79.9489708,33.09473,02172020,USGS,IAN,2022,7620.0
2022-09-30 08:00:00,1.448,3.138,1.69,-79.9489708,33.09473,02172020,USGS,IAN,2022,7680.0
2022-09-30 09:00:00,1.088,2.733,1.645,-79.9489708,33.09473,02172020,USGS,IAN,2022,7740.0
2022-09-30 10:00:00,0.688,2.177,1.489,-79.9489708,33.09473,02172020,USGS,IAN,2022,7800.0
2022-09-30 11:00:00,0.228,1.617,1.389,-79.9489708,33.09473,02172020,USGS,IAN,2022,7860.0
2022-09-30 12:00:00,-0.282,0.904,1.186,-79.9489708,33.09473,02172020,USGS,IAN,2022,7920.0
2022-09-30 13:00:00,-0.652,0.5,1.152,-79.9489708,33.09473,02172020,USGS,IAN,2022,7980.0
2022-09-30 14:00:00,-0.692,1.057,1.749,-79.9489708,33.09473,02172020,USGS,IAN,2022,8040.0
2022-09-30 15:00:00,-0.062,1.564,1.626,-79.9489708,33.09473,02172020,USGS,IAN,2022,8100.0
2022-09-30 16:00:00,0.468,1.919,1.451,-79.9489708,33.09473,02172020,USGS,IAN,2022,8160.0
2022-09-30 17:00:00,0.808,2.35,1.542,-79.9489708,33.09473,02172020,USGS,IAN,2022,8220.0
2022-09-30 18:00:00,1.178,2.274,1.096,-79.9489708,33.09473,02172020,USGS,IAN,2022,8280.0
2022-09-30 19:00:00,1.448,2.013,0.565,-79.9489708,33.09473,02172020,USGS,IAN,2022,8340.0
2022-09-30 20:00:00,1.378,1.694,0.316,-79.9489708,33.09473,02172020,USGS,IAN,2022,8400.0
2022-09-30 21:00:00,1.148,1.11,-0.0379999999999998,-79.9489708,33.09473,02172020,USGS,IAN,2022,8460.0
2022-09-30 22:00:00,0.968,0.068,-0.8999999999999999,-79.9489708,33.09473,02172020,USGS,IAN,2022,8520.0
2022-09-30 23:00:00,0.678,-1.131,-1.809,-79.9489708,33.09473,02172020,USGS,IAN,2022,8580.0
2022-10-01 00:00:00,0.318,-2.464,-2.782,-79.9489708,33.09473,02172020,USGS,IAN,2022,8640.0
2022-10-01 01:00:00,-0.032,-2.956,-2.924,-79.9489708,33.09473,02172020,USGS,IAN,2022,8700.0
2022-10-01 02:00:00,-0.262,-2.815,-2.553,-79.9489708,33.09473,02172020,USGS,IAN,2022,8760.0
2022-10-01 03:00:00,-0.032,-1.773,-1.741,-79.9489708,33.09473,02172020,USGS,IAN,2022,8820.0
2022-10-01 04:00:00,0.318,-0.739,-1.057,-79.9489708,33.09473,02172020,USGS,IAN,2022,8880.0
2022-10-01 05:00:00,0.398,0.3,-0.098,-79.9489708,33.09473,02172020,USGS,IAN,2022,8940.0
2022-10-01 06:00:00,0.708,1.072,0.3640000000000001,-79.9489708,33.09473,02172020,USGS,IAN,2022,9000.0
2022-10-01 07:00:00,0.918,1.339,0.4209999999999999,-79.9489708,33.09473,02172020,USGS,IAN,2022,9060.0
2022-10-01 08:00:00,0.858,0.798,-0.0599999999999999,-79.9489708,33.09473,02172020,USGS,IAN,2022,9120.0
2022-10-01 09:00:00,0.408,-0.083,-0.491,-79.9489708,33.09473,02172020,USGS,IAN,2022,9180.0
2022-10-01 10:00:00,-0.042,-0.999,-0.957,-79.9489708,33.09473,02172020,USGS,IAN,2022,9240.0
2022-10-01 11:00:00,-0.622,-2.191,-1.569,-79.9489708,33.09473,02172020,USGS,IAN,2022,9300.0
2022-10-01 12:00:00,-1.172,-2.988,-1.816,-79.9489708,33.09473,02172020,USGS,IAN,2022,9360.0
2022-10-01 13:00:00,-1.552,-3.152,-1.6,-79.9489708,33.09473,02172020,USGS,IAN,2022,9420.0
2022-10-01 14:00:00,-1.532,-1.947,-0.415,-79.9489708,33.09473,02172020,USGS,IAN,2022,9480.0
2022-10-01 15:00:00,-1.032,-0.747,0.285,-79.9489708,33.09473,02172020,USGS,IAN,2022,9540.0
2022-10-01 16:00:00,-0.502,0.519,1.021,-79.9489708,33.09473,02172020,USGS,IAN,2022,9600.0
2022-10-01 17:00:00,0.028,1.5,1.472,-79.9489708,33.09473,02172020,USGS,IAN,2022,9660.0
2022-10-01 18:00:00,0.478,2.175,1.6969999999999998,-79.9489708,33.09473,02172020,USGS,IAN,2022,9720.0
2022-10-01 19:00:00,1.398,2.456,1.058,-79.9489708,33.09473,02172020,USGS,IAN,2022,9780.0
2022-10-01 20:00:00,1.728,2.182,0.4539999999999999,-79.9489708,33.09473,02172020,USGS,IAN,2022,9840.0
2022-10-01 21:00:00,1.768,1.613,-0.155,-79.9489708,33.09473,02172020,USGS,IAN,2022,9900.0
2022-10-01 22:00:00,1.508,0.858,-0.65,-79.9489708,33.09473,02172020,USGS,IAN,2022,9960.0
2022-10-01 23:00:00,1.218,-0.137,-1.355,-79.9489708,33.09473,02172020,USGS,IAN,2022,10020.0
2022-09-25 01:00:00,2.186,1.932,-0.254,-79.93619338,33.05767134,02172050,USGS,IAN,2022,60.0
2022-09-25 02:00:00,2.346,2.134,-0.2120000000000002,-79.93619338,33.05767134,02172050,USGS,IAN,2022,120.0
2022-09-25 03:00:00,2.206,1.825,-0.381,-79.93619338,33.05767134,02172050,USGS,IAN,2022,180.0
2022-09-25 04:00:00,1.536,1.171,-0.365,-79.93619338,33.05767134,02172050,USGS,IAN,2022,240.0
2022-09-25 05:00:00,0.806,0.388,-0.418,-79.93619338,33.05767134,02172050,USGS,IAN,2022,300.0
2022-09-25 06:00:00,0.056,-0.563,-0.619,-79.93619338,33.05767134,02172050,USGS,IAN,2022,360.0
2022-09-25 07:00:00,-0.664,-1.576,-0.912,-79.93619338,33.05767134,02172050,USGS,IAN,2022,420.0
2022-09-25 08:00:00,-1.064,-2.207,-1.1429999999999998,-79.93619338,33.05767134,02172050,USGS,IAN,2022,480.0
2022-09-25 09:00:00,-0.974,-1.801,-0.827,-79.93619338,33.05767134,02172050,USGS,IAN,2022,540.0
2022-09-25 10:00:00,-0.294,-0.725,-0.431,-79.93619338,33.05767134,02172050,USGS,IAN,2022,600.0
2022-09-25 11:00:00,0.406,0.267,-0.139,-79.93619338,33.05767134,02172050,USGS,IAN,2022,660.0
2022-09-25 12:00:00,0.866,1.16,0.2939999999999999,-79.93619338,33.05767134,02172050,USGS,IAN,2022,720.0
2022-09-25 13:00:00,1.266,1.79,0.524,-79.93619338,33.05767134,02172050,USGS,IAN,2022,780.0
2022-09-25 14:00:00,1.596,2.088,0.492,-79.93619338,33.05767134,02172050,USGS,IAN,2022,840.0
2022-09-25 15:00:00,1.756,1.927,0.171,-79.93619338,33.05767134,02172050,USGS,IAN,2022,900.0
2022-09-25 16:00:00,1.516,1.366,-0.1499999999999999,-79.93619338,33.05767134,02172050,USGS,IAN,2022,960.0
2022-09-25 17:00:00,0.656,0.608,-0.048,-79.93619338,33.05767134,02172050,USGS,IAN,2022,1020.0
2022-09-25 18:00:00,-0.184,-0.442,-0.258,-79.93619338,33.05767134,02172050,USGS,IAN,2022,1080.0
2022-09-25 19:00:00,-0.964,-1.371,-0.407,-79.93619338,33.05767134,02172050,USGS,IAN,2022,1140.0
2022-09-25 20:00:00,-1.544,-2.172,-0.6280000000000001,-79.93619338,33.05767134,02172050,USGS,IAN,2022,1200.0
2022-09-25 21:00:00,-1.454,-2.109,-0.655,-79.93619338,33.05767134,02172050,USGS,IAN,2022,1260.0
2022-09-25 22:00:00,-0.404,-1.105,-0.701,-79.93619338,33.05767134,02172050,USGS,IAN,2022,1320.0
2022-09-25 23:00:00,0.706,-0.021,-0.727,-79.93619338,33.05767134,02172050,USGS,IAN,2022,1380.0
2022-09-26 00:00:00,1.326,0.926,-0.4,-79.93619338,33.05767134,02172050,USGS,IAN,2022,1440.0
2022-09-26 01:00:00,1.826,1.646,-0.1800000000000001,-79.93619338,33.05767134,02172050,USGS,IAN,2022,1500.0
2022-09-26 02:00:00,2.146,2.082,-0.064,-79.93619338,33.05767134,02172050,USGS,IAN,2022,1560.0
2022-09-26 03:00:00,2.226,2.107,-0.1189999999999997,-79.93619338,33.05767134,02172050,USGS,IAN,2022,1620.0
2022-09-26 04:00:00,1.846,1.701,-0.145,-79.93619338,33.05767134,02172050,USGS,IAN,2022,1680.0
2022-09-26 05:00:00,1.046,0.988,-0.058,-79.93619338,33.05767134,02172050,USGS,IAN,2022,1740.0
2022-09-26 06:00:00,0.266,0.051,-0.215,-79.93619338,33.05767134,02172050,USGS,IAN,2022,1800.0
2022-09-26 07:00:00,-0.544,-1.015,-0.4709999999999998,-79.93619338,33.05767134,02172050,USGS,IAN,2022,1860.0
2022-09-26 08:00:00,-1.154,-1.96,-0.806,-79.93619338,33.05767134,02172050,USGS,IAN,2022,1920.0
2022-09-26 09:00:00,-1.384,-2.319,-0.935,-79.93619338,33.05767134,02172050,USGS,IAN,2022,1980.0
2022-09-26 10:00:00,-0.924,-1.486,-0.5619999999999999,-79.93619338,33.05767134,02172050,USGS,IAN,2022,2040.0
2022-09-26 11:00:00,-0.014,-0.358,-0.344,-79.93619338,33.05767134,02172050,USGS,IAN,2022,2100.0
2022-09-26 12:00:00,0.576,0.679,0.103,-79.93619338,33.05767134,02172050,USGS,IAN,2022,2160.0
2022-09-26 13:00:00,0.996,1.651,0.655,-79.93619338,33.05767134,02172050,USGS,IAN,2022,2220.0
2022-09-26 14:00:00,1.376,2.043,0.6670000000000003,-79.93619338,33.05767134,02172050,USGS,IAN,2022,2280.0
2022-09-26 15:00:00,1.646,2.268,0.6219999999999999,-79.93619338,33.05767134,02172050,USGS,IAN,2022,2340.0
2022-09-26 16:00:00,1.656,1.979,0.3230000000000002,-79.93619338,33.05767134,02172050,USGS,IAN,2022,2400.0
2022-09-26 17:00:00,0.996,1.347,0.351,-79.93619338,33.05767134,02172050,USGS,IAN,2022,2460.0
2022-09-26 18:00:00,0.266,0.555,0.289,-79.93619338,33.05767134,02172050,USGS,IAN,2022,2520.0
2022-09-26 19:00:00,-0.484,-0.494,-0.01,-79.93619338,33.05767134,02172050,USGS,IAN,2022,2580.0
2022-09-26 20:00:00,-1.164,-1.541,-0.377,-79.93619338,33.05767134,02172050,USGS,IAN,2022,2640.0
2022-09-26 21:00:00,-1.434,-2.298,-0.8640000000000001,-79.93619338,33.05767134,02172050,USGS,IAN,2022,2700.0
2022-09-26 22:00:00,-1.214,-1.976,-0.762,-79.93619338,33.05767134,02172050,USGS,IAN,2022,2760.0
2022-09-26 23:00:00,-0.064,-0.839,-0.7749999999999999,-79.93619338,33.05767134,02172050,USGS,IAN,2022,2820.0
2022-09-27 00:00:00,0.856,0.199,-0.657,-79.93619338,33.05767134,02172050,USGS,IAN,2022,2880.0
2022-09-27 01:00:00,1.336,1.161,-0.175,-79.93619338,33.05767134,02172050,USGS,IAN,2022,2940.0
2022-09-27 02:00:00,1.726,1.798,0.072,-79.93619338,33.05767134,02172050,USGS,IAN,2022,3000.0
2022-09-27 03:00:00,2.016,2.151,0.1349999999999998,-79.93619338,33.05767134,02172050,USGS,IAN,2022,3060.0
2022-09-27 04:00:00,1.936,1.996,0.06,-79.93619338,33.05767134,02172050,USGS,IAN,2022,3120.0
2022-09-27 05:00:00,1.336,1.405,0.0689999999999999,-79.93619338,33.05767134,02172050,USGS,IAN,2022,3180.0
2022-09-27 06:00:00,0.526,0.65,0.124,-79.93619338,33.05767134,02172050,USGS,IAN,2022,3240.0
2022-09-27 07:00:00,-0.324,-0.454,-0.13,-79.93619338,33.05767134,02172050,USGS,IAN,2022,3300.0
2022-09-27 08:00:00,-1.104,-1.415,-0.3109999999999999,-79.93619338,33.05767134,02172050,USGS,IAN,2022,3360.0
2022-09-27 09:00:00,-1.674,-2.285,-0.6110000000000002,-79.93619338,33.05767134,02172050,USGS,IAN,2022,3420.0
2022-09-27 10:00:00,-1.694,-2.2,-0.5060000000000002,-79.93619338,33.05767134,02172050,USGS,IAN,2022,3480.0
2022-09-27 11:00:00,-0.784,-1.119,-0.3349999999999999,-79.93619338,33.05767134,02172050,USGS,IAN,2022,3540.0
2022-09-27 12:00:00,0.116,0.018,-0.098,-79.93619338,33.05767134,02172050,USGS,IAN,2022,3600.0
2022-09-27 13:00:00,0.686,1.047,0.3609999999999999,-79.93619338,33.05767134,02172050,USGS,IAN,2022,3660.0
2022-09-27 14:00:00,1.136,1.813,0.677,-79.93619338,33.05767134,02172050,USGS,IAN,2022,3720.0
2022-09-27 15:00:00,1.526,2.283,0.7569999999999999,-79.93619338,33.05767134,02172050,USGS,IAN,2022,3780.0
2022-09-27 16:00:00,1.756,2.392,0.6359999999999999,-79.93619338,33.05767134,02172050,USGS,IAN,2022,3840.0
2022-09-27 17:00:00,1.616,1.982,0.3659999999999999,-79.93619338,33.05767134,02172050,USGS,IAN,2022,3900.0
2022-09-27 18:00:00,0.866,1.29,0.424,-79.93619338,33.05767134,02172050,USGS,IAN,2022,3960.0
2022-09-27 19:00:00,0.196,0.432,0.236,-79.93619338,33.05767134,02172050,USGS,IAN,2022,4020.0
2022-09-27 20:00:00,-0.574,-0.614,-0.04,-79.93619338,33.05767134,02172050,USGS,IAN,2022,4080.0
2022-09-27 21:00:00,-1.204,-1.675,-0.4710000000000001,-79.93619338,33.05767134,02172050,USGS,IAN,2022,4140.0
2022-09-27 22:00:00,-1.524,-2.307,-0.7829999999999999,-79.93619338,33.05767134,02172050,USGS,IAN,2022,4200.0
2022-09-27 23:00:00,-0.984,-1.69,-0.706,-79.93619338,33.05767134,02172050,USGS,IAN,2022,4260.0
2022-09-28 00:00:00,0.246,-0.555,-0.801,-79.93619338,33.05767134,02172050,USGS,IAN,2022,4320.0
2022-09-28 01:00:00,0.976,0.493,-0.483,-79.93619338,33.05767134,02172050,USGS,IAN,2022,4380.0
2022-09-28 02:00:00,1.326,1.33,0.004,-79.93619338,33.05767134,02172050,USGS,IAN,2022,4440.0
2022-09-28 03:00:00,1.576,1.88,0.3039999999999998,-79.93619338,33.05767134,02172050,USGS,IAN,2022,4500.0
2022-09-28 04:00:00,1.766,2.134,0.3679999999999999,-79.93619338,33.05767134,02172050,USGS,IAN,2022,4560.0
2022-09-28 05:00:00,1.646,1.783,0.137,-79.93619338,33.05767134,02172050,USGS,IAN,2022,4620.0
2022-09-28 06:00:00,0.836,1.164,0.3279999999999999,-79.93619338,33.05767134,02172050,USGS,IAN,2022,4680.0
2022-09-28 07:00:00,0.046,0.291,0.245,-79.93619338,33.05767134,02172050,USGS,IAN,2022,4740.0
2022-09-28 08:00:00,-0.784,-0.801,-0.017,-79.93619338,33.05767134,02172050,USGS,IAN,2022,4800.0
2022-09-28 09:00:00,-1.474,-1.821,-0.347,-79.93619338,33.05767134,02172050,USGS,IAN,2022,4860.0
2022-09-28 10:00:00,-1.724,-2.487,-0.7630000000000001,-79.93619338,33.05767134,02172050,USGS,IAN,2022,4920.0
2022-09-28 11:00:00,-1.394,-1.959,-0.5650000000000002,-79.93619338,33.05767134,02172050,USGS,IAN,2022,4980.0
2022-09-28 12:00:00,-0.444,-0.749,-0.305,-79.93619338,33.05767134,02172050,USGS,IAN,2022,5040.0
2022-09-28 13:00:00,0.356,0.386,0.03,-79.93619338,33.05767134,02172050,USGS,IAN,2022,5100.0
2022-09-28 14:00:00,0.866,1.319,0.4529999999999999,-79.93619338,33.05767134,02172050,USGS,IAN,2022,5160.0
2022-09-28 15:00:00,1.296,2.047,0.7510000000000001,-79.93619338,33.05767134,02172050,USGS,IAN,2022,5220.0
2022-09-28 16:00:00,1.686,2.424,0.738,-79.93619338,33.05767134,02172050,USGS,IAN,2022,5280.0
2022-09-28 17:00:00,1.926,2.421,0.4949999999999999,-79.93619338,33.05767134,02172050,USGS,IAN,2022,5340.0
2022-09-28 18:00:00,1.856,1.963,0.1069999999999999,-79.93619338,33.05767134,02172050,USGS,IAN,2022,5400.0
2022-09-28 19:00:00,1.296,1.255,-0.0410000000000001,-79.93619338,33.05767134,02172050,USGS,IAN,2022,5460.0
2022-09-28 20:00:00,0.546,0.319,-0.227,-79.93619338,33.05767134,02172050,USGS,IAN,2022,5520.0
2022-09-28 21:00:00,-0.214,-0.74,-0.526,-79.93619338,33.05767134,02172050,USGS,IAN,2022,5580.0
2022-09-28 22:00:00,-0.854,-1.779,-0.925,-79.93619338,33.05767134,02172050,USGS,IAN,2022,5640.0
2022-09-28 23:00:00,-1.054,-2.226,-1.172,-79.93619338,33.05767134,02172050,USGS,IAN,2022,5700.0
2022-09-29 00:00:00,-0.384,-1.401,-1.017,-79.93619338,33.05767134,02172050,USGS,IAN,2022,5760.0
2022-09-29 01:00:00,0.546,-0.266,-0.812,-79.93619338,33.05767134,02172050,USGS,IAN,2022,5820.0
2022-09-29 02:00:00,1.136,0.791,-0.3449999999999998,-79.93619338,33.05767134,02172050,USGS,IAN,2022,5880.0
2022-09-29 03:00:00,1.376,1.565,0.189,-79.93619338,33.05767134,02172050,USGS,IAN,2022,5940.0
2022-09-29 04:00:00,1.646,2.056,0.4100000000000001,-79.93619338,33.05767134,02172050,USGS,IAN,2022,6000.0
2022-09-29 05:00:00,1.796,2.241,0.445,-79.93619338,33.05767134,02172050,USGS,IAN,2022,6060.0
2022-09-29 06:00:00,1.646,1.976,0.33,-79.93619338,33.05767134,02172050,USGS,IAN,2022,6120.0
2022-09-29 07:00:00,1.106,1.401,0.2949999999999999,-79.93619338,33.05767134,02172050,USGS,IAN,2022,6180.0
2022-09-29 08:00:00,0.406,0.727,0.3209999999999999,-79.93619338,33.05767134,02172050,USGS,IAN,2022,6240.0
2022-09-29 09:00:00,-0.304,-0.081,0.2229999999999999,-79.93619338,33.05767134,02172050,USGS,IAN,2022,6300.0
2022-09-29 10:00:00,-0.914,-0.834,0.08,-79.93619338,33.05767134,02172050,USGS,IAN,2022,6360.0
2022-09-29 11:00:00,-1.114,-1.109,0.0050000000000001,-79.93619338,33.05767134,02172050,USGS,IAN,2022,6420.0
2022-09-29 12:00:00,-0.674,-0.392,0.282,-79.93619338,33.05767134,02172050,USGS,IAN,2022,6480.0
2022-09-29 13:00:00,0.096,0.65,0.554,-79.93619338,33.05767134,02172050,USGS,IAN,2022,6540.0
2022-09-29 14:00:00,0.706,1.664,0.958,-79.93619338,33.05767134,02172050,USGS,IAN,2022,6600.0
2022-09-29 15:00:00,1.296,2.497,1.2009999999999998,-79.93619338,33.05767134,02172050,USGS,IAN,2022,6660.0
2022-09-29 16:00:00,1.856,3.185,1.329,-79.93619338,33.05767134,02172050,USGS,IAN,2022,6720.0
2022-09-29 17:00:00,2.326,3.655,1.3289999999999995,-79.93619338,33.05767134,02172050,USGS,IAN,2022,6780.0
2022-09-29 18:00:00,2.636,3.85,1.214,-79.93619338,33.05767134,02172050,USGS,IAN,2022,6840.0
2022-09-29 19:00:00,2.686,3.593,0.907,-79.93619338,33.05767134,02172050,USGS,IAN,2022,6900.0
2022-09-29 20:00:00,2.226,3.135,0.9089999999999998,-79.93619338,33.05767134,02172050,USGS,IAN,2022,6960.0
2022-09-29 21:00:00,1.586,2.71,1.124,-79.93619338,33.05767134,02172050,USGS,IAN,2022,7020.0
2022-09-29 22:00:00,0.836,2.069,1.233,-79.93619338,33.05767134,02172050,USGS,IAN,2022,7080.0
2022-09-29 23:00:00,0.176,1.355,1.179,-79.93619338,33.05767134,02172050,USGS,IAN,2022,7140.0
2022-09-30 00:00:00,-0.104,0.852,0.956,-79.93619338,33.05767134,02172050,USGS,IAN,2022,7200.0
2022-09-30 01:00:00,0.376,0.862,0.486,-79.93619338,33.05767134,02172050,USGS,IAN,2022,7260.0
2022-09-30 02:00:00,0.916,1.495,0.5790000000000001,-79.93619338,33.05767134,02172050,USGS,IAN,2022,7320.0
2022-09-30 03:00:00,1.336,2.119,0.7830000000000001,-79.93619338,33.05767134,02172050,USGS,IAN,2022,7380.0
2022-09-30 04:00:00,1.736,2.771,1.035,-79.93619338,33.05767134,02172050,USGS,IAN,2022,7440.0
2022-09-30 05:00:00,2.086,3.277,1.1910000000000005,-79.93619338,33.05767134,02172050,USGS,IAN,2022,7500.0
2022-09-30 06:00:00,2.236,3.567,1.331,-79.93619338,33.05767134,02172050,USGS,IAN,2022,7560.0
2022-09-30 07:00:00,2.206,3.481,1.275,-79.93619338,33.05767134,02172050,USGS,IAN,2022,7620.0
2022-09-30 08:00:00,1.726,3.093,1.367,-79.93619338,33.05767134,02172050,USGS,IAN,2022,7680.0
2022-09-30 09:00:00,1.076,2.684,1.608,-79.93619338,33.05767134,02172050,USGS,IAN,2022,7740.0
2022-09-30 10:00:00,0.396,2.068,1.6720000000000002,-79.93619338,33.05767134,02172050,USGS,IAN,2022,7800.0
2022-09-30 11:00:00,-0.304,1.477,1.781,-79.93619338,33.05767134,02172050,USGS,IAN,2022,7860.0
2022-09-30 12:00:00,-0.674,0.84,1.514,-79.93619338,33.05767134,02172050,USGS,IAN,2022,7920.0
2022-09-30 13:00:00,-0.494,0.704,1.198,-79.93619338,33.05767134,02172050,USGS,IAN,2022,7980.0
2022-09-30 14:00:00,0.256,1.257,1.001,-79.93619338,33.05767134,02172050,USGS,IAN,2022,8040.0
2022-09-30 15:00:00,0.896,1.808,0.912,-79.93619338,33.05767134,02172050,USGS,IAN,2022,8100.0
2022-09-30 16:00:00,1.356,2.266,0.91,-79.93619338,33.05767134,02172050,USGS,IAN,2022,8160.0
2022-09-30 17:00:00,1.716,2.698,0.982,-79.93619338,33.05767134,02172050,USGS,IAN,2022,8220.0
2022-09-30 18:00:00,2.026,2.691,0.665,-79.93619338,33.05767134,02172050,USGS,IAN,2022,8280.0
2022-09-30 19:00:00,2.016,2.391,0.375,-79.93619338,33.05767134,02172050,USGS,IAN,2022,8340.0
2022-09-30 20:00:00,1.476,1.796,0.32,-79.93619338,33.05767134,02172050,USGS,IAN,2022,8400.0
2022-09-30 21:00:00,1.156,0.968,-0.1879999999999999,-79.93619338,33.05767134,02172050,USGS,IAN,2022,8460.0
2022-09-30 22:00:00,0.616,-0.164,-0.78,-79.93619338,33.05767134,02172050,USGS,IAN,2022,8520.0
2022-09-30 23:00:00,-0.154,-1.445,-1.291,-79.93619338,33.05767134,02172050,USGS,IAN,2022,8580.0
2022-10-01 00:00:00,-0.724,-2.455,-1.731,-79.93619338,33.05767134,02172050,USGS,IAN,2022,8640.0
2022-10-01 01:00:00,-1.044,-2.891,-1.847,-79.93619338,33.05767134,02172050,USGS,IAN,2022,8700.0
2022-10-01 02:00:00,-0.334,-2.575,-2.241,-79.93619338,33.05767134,02172050,USGS,IAN,2022,8760.0
2022-10-01 03:00:00,0.486,-1.591,-2.077,-79.93619338,33.05767134,02172050,USGS,IAN,2022,8820.0
2022-10-01 04:00:00,1.026,-0.497,-1.523,-79.93619338,33.05767134,02172050,USGS,IAN,2022,8880.0
2022-10-01 05:00:00,1.376,0.464,-0.912,-79.93619338,33.05767134,02172050,USGS,IAN,2022,8940.0
2022-10-01 06:00:00,1.516,1.131,-0.385,-79.93619338,33.05767134,02172050,USGS,IAN,2022,9000.0
2022-10-01 07:00:00,1.516,1.198,-0.318,-79.93619338,33.05767134,02172050,USGS,IAN,2022,9060.0
2022-10-01 08:00:00,0.896,0.622,-0.274,-79.93619338,33.05767134,02172050,USGS,IAN,2022,9120.0
2022-10-01 09:00:00,0.136,-0.3,-0.436,-79.93619338,33.05767134,02172050,USGS,IAN,2022,9180.0
2022-10-01 10:00:00,-0.614,-1.276,-0.662,-79.93619338,33.05767134,02172050,USGS,IAN,2022,9240.0
2022-10-01 11:00:00,-1.314,-2.261,-0.947,-79.93619338,33.05767134,02172050,USGS,IAN,2022,9300.0
2022-10-01 12:00:00,-1.684,-3.001,-1.317,-79.93619338,33.05767134,02172050,USGS,IAN,2022,9360.0
2022-10-01 13:00:00,-1.364,-2.876,-1.5119999999999998,-79.93619338,33.05767134,02172050,USGS,IAN,2022,9420.0
2022-10-01 14:00:00,-0.594,-1.765,-1.1709999999999998,-79.93619338,33.05767134,02172050,USGS,IAN,2022,9480.0
2022-10-01 15:00:00,0.156,-0.42,-0.576,-79.93619338,33.05767134,02172050,USGS,IAN,2022,9540.0
2022-10-01 16:00:00,0.726,0.788,0.062,-79.93619338,33.05767134,02172050,USGS,IAN,2022,9600.0
2022-10-01 17:00:00,1.206,1.635,0.429,-79.93619338,33.05767134,02172050,USGS,IAN,2022,9660.0
2022-10-01 18:00:00,1.626,2.241,0.6150000000000002,-79.93619338,33.05767134,02172050,USGS,IAN,2022,9720.0
2022-10-01 19:00:00,1.966,2.427,0.4610000000000001,-79.93619338,33.05767134,02172050,USGS,IAN,2022,9780.0
2022-10-01 20:00:00,2.136,2.065,-0.0710000000000001,-79.93619338,33.05767134,02172050,USGS,IAN,2022,9840.0
2022-10-01 21:00:00,1.756,1.416,-0.3400000000000001,-79.93619338,33.05767134,02172050,USGS,IAN,2022,9900.0
2022-10-01 22:00:00,1.066,0.633,-0.433,-79.93619338,33.05767134,02172050,USGS,IAN,2022,9960.0
2022-10-01 23:00:00,0.326,-0.443,-0.769,-79.93619338,33.05767134,02172050,USGS,IAN,2022,10020.0
2022-09-25 01:00:00,3.101,2.023,-1.0779999999999998,-79.907814,33.01577778,021720508,USGS,IAN,2022,60.0
2022-09-25 02:00:00,3.181,2.037,-1.144,-79.907814,33.01577778,021720508,USGS,IAN,2022,120.0
2022-09-25 03:00:00,2.701,1.64,-1.0610000000000002,-79.907814,33.01577778,021720508,USGS,IAN,2022,180.0
2022-09-25 04:00:00,1.771,0.948,-0.823,-79.907814,33.01577778,021720508,USGS,IAN,2022,240.0
2022-09-25 05:00:00,0.871,0.067,-0.804,-79.907814,33.01577778,021720508,USGS,IAN,2022,300.0
2022-09-25 06:00:00,0.021,-0.844,-0.865,-79.907814,33.01577778,021720508,USGS,IAN,2022,360.0
2022-09-25 07:00:00,-0.679,-1.626,-0.9469999999999998,-79.907814,33.01577778,021720508,USGS,IAN,2022,420.0
2022-09-25 08:00:00,-0.959,-2.12,-1.161,-79.907814,33.01577778,021720508,USGS,IAN,2022,480.0
2022-09-25 09:00:00,-0.369,-1.591,-1.222,-79.907814,33.01577778,021720508,USGS,IAN,2022,540.0
2022-09-25 10:00:00,0.641,-0.522,-1.163,-79.907814,33.01577778,021720508,USGS,IAN,2022,600.0
2022-09-25 11:00:00,1.341,0.556,-0.7849999999999999,-79.907814,33.01577778,021720508,USGS,IAN,2022,660.0
2022-09-25 12:00:00,1.801,1.392,-0.409,-79.907814,33.01577778,021720508,USGS,IAN,2022,720.0
2022-09-25 13:00:00,2.201,1.849,-0.3520000000000001,-79.907814,33.01577778,021720508,USGS,IAN,2022,780.0
2022-09-25 14:00:00,2.481,2.041,-0.4399999999999999,-79.907814,33.01577778,021720508,USGS,IAN,2022,840.0
2022-09-25 15:00:00,2.471,1.723,-0.748,-79.907814,33.01577778,021720508,USGS,IAN,2022,900.0
2022-09-25 16:00:00,1.881,1.034,-0.847,-79.907814,33.01577778,021720508,USGS,IAN,2022,960.0
2022-09-25 17:00:00,0.751,0.252,-0.499,-79.907814,33.01577778,021720508,USGS,IAN,2022,1020.0
2022-09-25 18:00:00,-0.199,-0.633,-0.434,-79.907814,33.01577778,021720508,USGS,IAN,2022,1080.0
2022-09-25 19:00:00,-1.079,-1.514,-0.435,-79.907814,33.01577778,021720508,USGS,IAN,2022,1140.0
2022-09-25 20:00:00,-1.499,-2.155,-0.6559999999999997,-79.907814,33.01577778,021720508,USGS,IAN,2022,1200.0
2022-09-25 21:00:00,-0.909,-1.856,-0.947,-79.907814,33.01577778,021720508,USGS,IAN,2022,1260.0
2022-09-25 22:00:00,0.531,-0.912,-1.443,-79.907814,33.01577778,021720508,USGS,IAN,2022,1320.0
2022-09-25 23:00:00,1.591,0.259,-1.332,-79.907814,33.01577778,021720508,USGS,IAN,2022,1380.0
2022-09-26 00:00:00,2.191,1.193,-0.9979999999999998,-79.907814,33.01577778,021720508,USGS,IAN,2022,1440.0
2022-09-26 01:00:00,2.751,1.8,-0.9509999999999998,-79.907814,33.01577778,021720508,USGS,IAN,2022,1500.0
2022-09-26 02:00:00,3.061,2.104,-0.957,-79.907814,33.01577778,021720508,USGS,IAN,2022,1560.0
2022-09-26 03:00:00,2.921,1.942,-0.979,-79.907814,33.01577778,021720508,USGS,IAN,2022,1620.0
2022-09-26 04:00:00,2.151,1.347,-0.8039999999999998,-79.907814,33.01577778,021720508,USGS,IAN,2022,1680.0
2022-09-26 05:00:00,1.201,0.652,-0.549,-79.907814,33.01577778,021720508,USGS,IAN,2022,1740.0
2022-09-26 06:00:00,0.251,-0.253,-0.504,-79.907814,33.01577778,021720508,USGS,IAN,2022,1800.0
2022-09-26 07:00:00,-0.639,-1.21,-0.571,-79.907814,33.01577778,021720508,USGS,IAN,2022,1860.0
2022-09-26 08:00:00,-1.179,-2.001,-0.8219999999999998,-79.907814,33.01577778,021720508,USGS,IAN,2022,1920.0
2022-09-26 09:00:00,-1.049,-2.083,-1.0340000000000005,-79.907814,33.01577778,021720508,USGS,IAN,2022,1980.0
2022-09-26 10:00:00,-0.099,-1.308,-1.209,-79.907814,33.01577778,021720508,USGS,IAN,2022,2040.0
2022-09-26 11:00:00,1.011,-0.079,-1.09,-79.907814,33.01577778,021720508,USGS,IAN,2022,2100.0
2022-09-26 12:00:00,1.521,0.974,-0.5469999999999999,-79.907814,33.01577778,021720508,USGS,IAN,2022,2160.0
2022-09-26 13:00:00,1.951,1.733,-0.2179999999999999,-79.907814,33.01577778,021720508,USGS,IAN,2022,2220.0
2022-09-26 14:00:00,2.321,2.129,-0.1920000000000001,-79.907814,33.01577778,021720508,USGS,IAN,2022,2280.0
2022-09-26 15:00:00,2.521,2.191,-0.33,-79.907814,33.01577778,021720508,USGS,IAN,2022,2340.0
2022-09-26 16:00:00,2.251,1.783,-0.4679999999999999,-79.907814,33.01577778,021720508,USGS,IAN,2022,2400.0
2022-09-26 17:00:00,1.181,0.986,-0.195,-79.907814,33.01577778,021720508,USGS,IAN,2022,2460.0
2022-09-26 18:00:00,0.301,0.152,-0.149,-79.907814,33.01577778,021720508,USGS,IAN,2022,2520.0
2022-09-26 19:00:00,-0.619,-0.794,-0.175,-79.907814,33.01577778,021720508,USGS,IAN,2022,2580.0
2022-09-26 20:00:00,-1.279,-1.659,-0.3800000000000001,-79.907814,33.01577778,021720508,USGS,IAN,2022,2640.0
2022-09-26 21:00:00,-1.299,-2.228,-0.9290000000000004,-79.907814,33.01577778,021720508,USGS,IAN,2022,2700.0
2022-09-26 22:00:00,-0.509,-1.733,-1.2240000000000002,-79.907814,33.01577778,021720508,USGS,IAN,2022,2760.0
2022-09-26 23:00:00,0.901,-0.629,-1.53,-79.907814,33.01577778,021720508,USGS,IAN,2022,2820.0
2022-09-27 00:00:00,1.761,0.524,-1.237,-79.907814,33.01577778,021720508,USGS,IAN,2022,2880.0
2022-09-27 01:00:00,2.261,1.425,-0.8360000000000001,-79.907814,33.01577778,021720508,USGS,IAN,2022,2940.0
2022-09-27 02:00:00,2.641,1.916,-0.7250000000000001,-79.907814,33.01577778,021720508,USGS,IAN,2022,3000.0
2022-09-27 03:00:00,2.841,2.119,-0.722,-79.907814,33.01577778,021720508,USGS,IAN,2022,3060.0
2022-09-27 04:00:00,2.531,1.801,-0.7300000000000002,-79.907814,33.01577778,021720508,USGS,IAN,2022,3120.0
2022-09-27 05:00:00,1.591,1.069,-0.522,-79.907814,33.01577778,021720508,USGS,IAN,2022,3180.0
2022-09-27 06:00:00,0.581,0.262,-0.3189999999999999,-79.907814,33.01577778,021720508,USGS,IAN,2022,3240.0
2022-09-27 07:00:00,-0.399,-0.648,-0.249,-79.907814,33.01577778,021720508,USGS,IAN,2022,3300.0
2022-09-27 08:00:00,-1.299,-1.588,-0.2890000000000001,-79.907814,33.01577778,021720508,USGS,IAN,2022,3360.0
2022-09-27 09:00:00,-1.579,-2.271,-0.692,-79.907814,33.01577778,021720508,USGS,IAN,2022,3420.0
2022-09-27 10:00:00,-1.069,-1.925,-0.8560000000000001,-79.907814,33.01577778,021720508,USGS,IAN,2022,3480.0
2022-09-27 11:00:00,0.161,-0.915,-1.076,-79.907814,33.01577778,021720508,USGS,IAN,2022,3540.0
2022-09-27 12:00:00,1.101,0.287,-0.8140000000000001,-79.907814,33.01577778,021720508,USGS,IAN,2022,3600.0
2022-09-27 13:00:00,1.621,1.368,-0.2529999999999999,-79.907814,33.01577778,021720508,USGS,IAN,2022,3660.0
2022-09-27 14:00:00,2.131,1.913,-0.2179999999999997,-79.907814,33.01577778,021720508,USGS,IAN,2022,3720.0
2022-09-27 15:00:00,2.511,2.303,-0.2080000000000001,-79.907814,33.01577778,021720508,USGS,IAN,2022,3780.0
2022-09-27 16:00:00,2.621,2.256,-0.3650000000000002,-79.907814,33.01577778,021720508,USGS,IAN,2022,3840.0
2022-09-27 17:00:00,2.071,1.786,-0.2850000000000001,-79.907814,33.01577778,021720508,USGS,IAN,2022,3900.0
2022-09-27 18:00:00,0.981,0.98,-0.001,-79.907814,33.01577778,021720508,USGS,IAN,2022,3960.0
2022-09-27 19:00:00,0.191,0.058,-0.133,-79.907814,33.01577778,021720508,USGS,IAN,2022,4020.0
2022-09-27 20:00:00,-0.779,-0.923,-0.144,-79.907814,33.01577778,021720508,USGS,IAN,2022,4080.0
2022-09-27 21:00:00,-1.339,-1.778,-0.439,-79.907814,33.01577778,021720508,USGS,IAN,2022,4140.0
2022-09-27 22:00:00,-1.249,-2.146,-0.8969999999999998,-79.907814,33.01577778,021720508,USGS,IAN,2022,4200.0
2022-09-27 23:00:00,-0.219,-1.504,-1.285,-79.907814,33.01577778,021720508,USGS,IAN,2022,4260.0
2022-09-28 00:00:00,1.221,-0.289,-1.51,-79.907814,33.01577778,021720508,USGS,IAN,2022,4320.0
2022-09-28 01:00:00,1.821,0.784,-1.037,-79.907814,33.01577778,021720508,USGS,IAN,2022,4380.0
2022-09-28 02:00:00,2.251,1.589,-0.6619999999999999,-79.907814,33.01577778,021720508,USGS,IAN,2022,4440.0
2022-09-28 03:00:00,2.501,2.006,-0.4950000000000001,-79.907814,33.01577778,021720508,USGS,IAN,2022,4500.0
2022-09-28 04:00:00,2.561,2.026,-0.5350000000000001,-79.907814,33.01577778,021720508,USGS,IAN,2022,4560.0
2022-09-28 05:00:00,2.101,1.581,-0.52,-79.907814,33.01577778,021720508,USGS,IAN,2022,4620.0
2022-09-28 06:00:00,0.991,0.923,-0.0679999999999999,-79.907814,33.01577778,021720508,USGS,IAN,2022,4680.0
2022-09-28 07:00:00,0.061,-0.065,-0.126,-79.907814,33.01577778,021720508,USGS,IAN,2022,4740.0
2022-09-28 08:00:00,-0.879,-1.035,-0.1559999999999999,-79.907814,33.01577778,021720508,USGS,IAN,2022,4800.0
2022-09-28 09:00:00,-1.549,-1.927,-0.3780000000000001,-79.907814,33.01577778,021720508,USGS,IAN,2022,4860.0
2022-09-28 10:00:00,-1.359,-2.362,-1.003,-79.907814,33.01577778,021720508,USGS,IAN,2022,4920.0
2022-09-28 11:00:00,-0.649,-1.73,-1.081,-79.907814,33.01577778,021720508,USGS,IAN,2022,4980.0
2022-09-28 12:00:00,0.561,-0.507,-1.068,-79.907814,33.01577778,021720508,USGS,IAN,2022,5040.0
2022-09-28 13:00:00,1.321,0.701,-0.62,-79.907814,33.01577778,021720508,USGS,IAN,2022,5100.0
2022-09-28 14:00:00,1.831,1.708,-0.123,-79.907814,33.01577778,021720508,USGS,IAN,2022,5160.0
2022-09-28 15:00:00,2.321,2.168,-0.153,-79.907814,33.01577778,021720508,USGS,IAN,2022,5220.0
2022-09-28 16:00:00,2.691,2.439,-0.2519999999999998,-79.907814,33.01577778,021720508,USGS,IAN,2022,5280.0
2022-09-28 17:00:00,2.801,2.252,-0.5490000000000004,-79.907814,33.01577778,021720508,USGS,IAN,2022,5340.0
2022-09-28 18:00:00,2.341,1.733,-0.6080000000000001,-79.907814,33.01577778,021720508,USGS,IAN,2022,5400.0
2022-09-28 19:00:00,1.441,0.914,-0.527,-79.907814,33.01577778,021720508,USGS,IAN,2022,5460.0
2022-09-28 20:00:00,0.551,-0.04,-0.5910000000000001,-79.907814,33.01577778,021720508,USGS,IAN,2022,5520.0
2022-09-28 21:00:00,-0.289,-1.013,-0.724,-79.907814,33.01577778,021720508,USGS,IAN,2022,5580.0
2022-09-28 22:00:00,-0.929,-1.85,-0.921,-79.907814,33.01577778,021720508,USGS,IAN,2022,5640.0
2022-09-28 23:00:00,-0.729,-1.975,-1.246,-79.907814,33.01577778,021720508,USGS,IAN,2022,5700.0
2022-09-29 00:00:00,0.381,-1.227,-1.608,-79.907814,33.01577778,021720508,USGS,IAN,2022,5760.0
2022-09-29 01:00:00,1.451,0.008,-1.443,-79.907814,33.01577778,021720508,USGS,IAN,2022,5820.0
2022-09-29 02:00:00,1.971,1.019,-0.9520000000000002,-79.907814,33.01577778,021720508,USGS,IAN,2022,5880.0
2022-09-29 03:00:00,2.271,1.741,-0.5299999999999998,-79.907814,33.01577778,021720508,USGS,IAN,2022,5940.0
2022-09-29 04:00:00,2.511,2.087,-0.4239999999999999,-79.907814,33.01577778,021720508,USGS,IAN,2022,6000.0
2022-09-29 05:00:00,2.531,2.158,-0.3730000000000002,-79.907814,33.01577778,021720508,USGS,IAN,2022,6060.0
2022-09-29 06:00:00,2.131,1.788,-0.3429999999999997,-79.907814,33.01577778,021720508,USGS,IAN,2022,6120.0
2022-09-29 07:00:00,1.341,1.138,-0.203,-79.907814,33.01577778,021720508,USGS,IAN,2022,6180.0
2022-09-29 08:00:00,0.531,0.44,-0.091,-79.907814,33.01577778,021720508,USGS,IAN,2022,6240.0
2022-09-29 09:00:00,-0.259,-0.276,-0.017,-79.907814,33.01577778,021720508,USGS,IAN,2022,6300.0
2022-09-29 10:00:00,-0.829,-0.892,-0.063,-79.907814,33.01577778,021720508,USGS,IAN,2022,6360.0
2022-09-29 11:00:00,-0.719,-0.9,-0.181,-79.907814,33.01577778,021720508,USGS,IAN,2022,6420.0
2022-09-29 12:00:00,0.161,-0.154,-0.315,-79.907814,33.01577778,021720508,USGS,IAN,2022,6480.0
2022-09-29 13:00:00,1.071,0.98,-0.0909999999999999,-79.907814,33.01577778,021720508,USGS,IAN,2022,6540.0
2022-09-29 14:00:00,1.641,1.928,0.2869999999999999,-79.907814,33.01577778,021720508,USGS,IAN,2022,6600.0
2022-09-29 15:00:00,2.271,2.768,0.4969999999999999,-79.907814,33.01577778,021720508,USGS,IAN,2022,6660.0
2022-09-29 16:00:00,2.891,3.318,0.427,-79.907814,33.01577778,021720508,USGS,IAN,2022,6720.0
2022-09-29 17:00:00,3.311,3.729,0.4180000000000001,-79.907814,33.01577778,021720508,USGS,IAN,2022,6780.0
2022-09-29 18:00:00,3.461,3.823,0.3620000000000001,-79.907814,33.01577778,021720508,USGS,IAN,2022,6840.0
2022-09-29 19:00:00,3.201,3.457,0.2559999999999998,-79.907814,33.01577778,021720508,USGS,IAN,2022,6900.0
2022-09-29 20:00:00,2.461,3.031,0.5700000000000003,-79.907814,33.01577778,021720508,USGS,IAN,2022,6960.0
2022-09-29 21:00:00,1.651,2.476,0.825,-79.907814,33.01577778,021720508,USGS,IAN,2022,7020.0
2022-09-29 22:00:00,0.681,1.747,1.066,-79.907814,33.01577778,021720508,USGS,IAN,2022,7080.0
2022-09-29 23:00:00,0.111,1.019,0.908,-79.907814,33.01577778,021720508,USGS,IAN,2022,7140.0
2022-09-30 00:00:00,0.091,0.795,0.7040000000000001,-79.907814,33.01577778,021720508,USGS,IAN,2022,7200.0
2022-09-30 01:00:00,1.021,1.193,0.1720000000000001,-79.907814,33.01577778,021720508,USGS,IAN,2022,7260.0
2022-09-30 02:00:00,1.651,1.732,0.0809999999999999,-79.907814,33.01577778,021720508,USGS,IAN,2022,7320.0
2022-09-30 03:00:00,2.131,2.271,0.1400000000000001,-79.907814,33.01577778,021720508,USGS,IAN,2022,7380.0
2022-09-30 04:00:00,2.571,2.955,0.3839999999999999,-79.907814,33.01577778,021720508,USGS,IAN,2022,7440.0
2022-09-30 05:00:00,2.951,3.375,0.4239999999999999,-79.907814,33.01577778,021720508,USGS,IAN,2022,7500.0
2022-09-30 06:00:00,3.021,3.586,0.565,-79.907814,33.01577778,021720508,USGS,IAN,2022,7560.0
2022-09-30 07:00:00,2.731,3.371,0.6400000000000001,-79.907814,33.01577778,021720508,USGS,IAN,2022,7620.0
2022-09-30 08:00:00,2.001,2.996,0.995,-79.907814,33.01577778,021720508,USGS,IAN,2022,7680.0
2022-09-30 09:00:00,1.161,2.486,1.3250000000000002,-79.907814,33.01577778,021720508,USGS,IAN,2022,7740.0
2022-09-30 10:00:00,0.331,1.802,1.471,-79.907814,33.01577778,021720508,USGS,IAN,2022,7800.0
2022-09-30 11:00:00,-0.429,1.06,1.489,-79.907814,33.01577778,021720508,USGS,IAN,2022,7860.0
2022-09-30 12:00:00,-0.529,0.789,1.318,-79.907814,33.01577778,021720508,USGS,IAN,2022,7920.0
2022-09-30 13:00:00,0.191,1.043,0.8519999999999999,-79.907814,33.01577778,021720508,USGS,IAN,2022,7980.0
2022-09-30 14:00:00,1.071,1.519,0.4479999999999999,-79.907814,33.01577778,021720508,USGS,IAN,2022,8040.0
2022-09-30 15:00:00,1.831,2.08,0.2490000000000001,-79.907814,33.01577778,021720508,USGS,IAN,2022,8100.0
2022-09-30 16:00:00,2.481,2.681,0.2000000000000001,-79.907814,33.01577778,021720508,USGS,IAN,2022,8160.0
2022-09-30 17:00:00,2.571,3.098,0.5269999999999997,-79.907814,33.01577778,021720508,USGS,IAN,2022,8220.0
2022-09-30 18:00:00,2.841,3.041,0.1999999999999997,-79.907814,33.01577778,021720508,USGS,IAN,2022,8280.0
2022-09-30 19:00:00,2.511,2.504,-0.0070000000000001,-79.907814,33.01577778,021720508,USGS,IAN,2022,8340.0
2022-09-30 20:00:00,1.801,1.647,-0.1539999999999999,-79.907814,33.01577778,021720508,USGS,IAN,2022,8400.0
2022-09-30 21:00:00,1.441,0.427,-1.014,-79.907814,33.01577778,021720508,USGS,IAN,2022,8460.0
2022-09-30 22:00:00,0.641,-0.552,-1.193,-79.907814,33.01577778,021720508,USGS,IAN,2022,8520.0
2022-09-30 23:00:00,-0.269,-1.672,-1.403,-79.907814,33.01577778,021720508,USGS,IAN,2022,8580.0
2022-10-01 00:00:00,-0.919,-2.459,-1.54,-79.907814,33.01577778,021720508,USGS,IAN,2022,8640.0
2022-10-01 02:00:00,0.471,-2.336,-2.807,-79.907814,33.01577778,021720508,USGS,IAN,2022,8760.0
2022-10-01 03:00:00,1.281,-1.436,-2.717,-79.907814,33.01577778,021720508,USGS,IAN,2022,8820.0
2022-10-01 04:00:00,1.771,-0.265,-2.036,-79.907814,33.01577778,021720508,USGS,IAN,2022,8880.0
2022-10-01 05:00:00,2.171,0.689,-1.4819999999999998,-79.907814,33.01577778,021720508,USGS,IAN,2022,8940.0
2022-10-01 06:00:00,2.261,1.181,-1.08,-79.907814,33.01577778,021720508,USGS,IAN,2022,9000.0
2022-10-01 07:00:00,2.021,0.887,-1.134,-79.907814,33.01577778,021720508,USGS,IAN,2022,9060.0
2022-10-01 08:00:00,1.061,0.341,-0.72,-79.907814,33.01577778,021720508,USGS,IAN,2022,9120.0
2022-10-01 09:00:00,0.181,-0.494,-0.675,-79.907814,33.01577778,021720508,USGS,IAN,2022,9180.0
2022-10-01 10:00:00,-0.709,-1.429,-0.7200000000000001,-79.907814,33.01577778,021720508,USGS,IAN,2022,9240.0
2022-10-01 11:00:00,-1.279,-2.367,-1.088,-79.907814,33.01577778,021720508,USGS,IAN,2022,9300.0
2022-10-01 13:00:00,-0.699,-2.586,-1.887,-79.907814,33.01577778,021720508,USGS,IAN,2022,9420.0
2022-10-01 14:00:00,0.311,-1.541,-1.852,-79.907814,33.01577778,021720508,USGS,IAN,2022,9480.0
2022-10-01 15:00:00,1.101,-0.087,-1.188,-79.907814,33.01577778,021720508,USGS,IAN,2022,9540.0
2022-10-01 16:00:00,1.691,1.081,-0.6100000000000001,-79.907814,33.01577778,021720508,USGS,IAN,2022,9600.0
2022-10-01 17:00:00,2.201,1.919,-0.282,-79.907814,33.01577778,021720508,USGS,IAN,2022,9660.0
2022-10-01 18:00:00,2.591,2.28,-0.3110000000000004,-79.907814,33.01577778,021720508,USGS,IAN,2022,9720.0
2022-10-01 19:00:00,2.791,2.321,-0.4699999999999997,-79.907814,33.01577778,021720508,USGS,IAN,2022,9780.0
2022-10-01 20:00:00,2.651,1.882,-0.7689999999999999,-79.907814,33.01577778,021720508,USGS,IAN,2022,9840.0
2022-10-01 21:00:00,1.981,1.055,-0.9260000000000002,-79.907814,33.01577778,021720508,USGS,IAN,2022,9900.0
2022-10-01 22:00:00,1.121,0.27,-0.851,-79.907814,33.01577778,021720508,USGS,IAN,2022,9960.0
2022-10-01 23:00:00,0.241,-0.622,-0.863,-79.907814,33.01577778,021720508,USGS,IAN,2022,10020.0
2022-09-25 01:00:00,3.452,2.095,-1.3569999999999998,-79.9228612,32.9835058,02172053,USGS,IAN,2022,60.0
2022-09-25 02:00:00,3.262,1.818,-1.444,-79.9228612,32.9835058,02172053,USGS,IAN,2022,120.0
2022-09-25 03:00:00,2.462,1.23,-1.2320000000000002,-79.9228612,32.9835058,02172053,USGS,IAN,2022,180.0
2022-09-25 11:00:00,1.922,0.93,-0.992,-79.9228612,32.9835058,02172053,USGS,IAN,2022,660.0
2022-09-25 12:00:00,2.392,1.716,-0.6759999999999999,-79.9228612,32.9835058,02172053,USGS,IAN,2022,720.0
2022-09-25 13:00:00,2.752,2.129,-0.6229999999999998,-79.9228612,32.9835058,02172053,USGS,IAN,2022,780.0
2022-09-25 14:00:00,2.922,1.931,-0.991,-79.9228612,32.9835058,02172053,USGS,IAN,2022,840.0
2022-09-25 15:00:00,2.632,1.421,-1.211,-79.9228612,32.9835058,02172053,USGS,IAN,2022,900.0
2022-09-25 16:00:00,1.582,0.73,-0.8520000000000001,-79.9228612,32.9835058,02172053,USGS,IAN,2022,960.0
2022-09-25 17:00:00,0.082,-0.203,-0.285,-79.9228612,32.9835058,02172053,USGS,IAN,2022,1020.0
2022-09-25 18:00:00,-1.148,-1.0,0.1479999999999999,-79.9228612,32.9835058,02172053,USGS,IAN,2022,1080.0
2022-09-25 19:00:00,-1.968,-1.731,0.2369999999999998,-79.9228612,32.9835058,02172053,USGS,IAN,2022,1140.0
2022-09-25 20:00:00,-1.858,-2.089,-0.2309999999999998,-79.9228612,32.9835058,02172053,USGS,IAN,2022,1200.0
2022-09-25 21:00:00,-0.538,-1.525,-0.987,-79.9228612,32.9835058,02172053,USGS,IAN,2022,1260.0
2022-09-25 22:00:00,1.162,-0.562,-1.724,-79.9228612,32.9835058,02172053,USGS,IAN,2022,1320.0
2022-09-25 23:00:00,2.172,0.664,-1.508,-79.9228612,32.9835058,02172053,USGS,IAN,2022,1380.0
2022-09-26 00:00:00,2.812,1.556,-1.2559999999999998,-79.9228612,32.9835058,02172053,USGS,IAN,2022,1440.0
2022-09-26 01:00:00,3.222,2.02,-1.202,-79.9228612,32.9835058,02172053,USGS,IAN,2022,1500.0
2022-09-26 02:00:00,3.362,2.12,-1.242,-79.9228612,32.9835058,02172053,USGS,IAN,2022,1560.0
2022-09-26 03:00:00,2.972,1.661,-1.311,-79.9228612,32.9835058,02172053,USGS,IAN,2022,1620.0
2022-09-26 04:00:00,1.792,0.998,-0.794,-79.9228612,32.9835058,02172053,USGS,IAN,2022,1680.0
2022-09-26 05:00:00,0.412,0.15,-0.262,-79.9228612,32.9835058,02172053,USGS,IAN,2022,1740.0
2022-09-26 06:00:00,-0.728,-0.718,0.01,-79.9228612,32.9835058,02172053,USGS,IAN,2022,1800.0
2022-09-26 07:00:00,-1.588,-1.505,0.0830000000000001,-79.9228612,32.9835058,02172053,USGS,IAN,2022,1860.0
2022-09-26 08:00:00,-1.768,-2.072,-0.304,-79.9228612,32.9835058,02172053,USGS,IAN,2022,1920.0
2022-09-26 09:00:00,-0.928,-1.767,-0.8389999999999999,-79.9228612,32.9835058,02172053,USGS,IAN,2022,1980.0
2022-09-26 10:00:00,0.462,-0.941,-1.403,-79.9228612,32.9835058,02172053,USGS,IAN,2022,2040.0
2022-09-26 11:00:00,1.572,0.295,-1.277,-79.9228612,32.9835058,02172053,USGS,IAN,2022,2100.0
2022-09-26 12:00:00,2.132,1.392,-0.7400000000000002,-79.9228612,32.9835058,02172053,USGS,IAN,2022,2160.0
2022-09-26 13:00:00,2.532,2.086,-0.4460000000000002,-79.9228612,32.9835058,02172053,USGS,IAN,2022,2220.0
2022-09-26 14:00:00,2.842,2.228,-0.6139999999999999,-79.9228612,32.9835058,02172053,USGS,IAN,2022,2280.0
2022-09-26 15:00:00,2.842,1.991,-0.851,-79.9228612,32.9835058,02172053,USGS,IAN,2022,2340.0
2022-09-26 16:00:00,2.142,1.392,-0.75,-79.9228612,32.9835058,02172053,USGS,IAN,2022,2400.0
2022-09-26 17:00:00,0.672,0.75,0.0779999999999999,-79.9228612,32.9835058,02172053,USGS,IAN,2022,2460.0
2022-09-26 18:00:00,-0.528,-0.344,0.184,-79.9228612,32.9835058,02172053,USGS,IAN,2022,2520.0
2022-09-26 19:00:00,-1.538,-1.171,0.367,-79.9228612,32.9835058,02172053,USGS,IAN,2022,2580.0
2022-09-26 20:00:00,-1.938,-1.884,0.054,-79.9228612,32.9835058,02172053,USGS,IAN,2022,2640.0
2022-09-26 21:00:00,-1.498,-2.066,-0.5679999999999998,-79.9228612,32.9835058,02172053,USGS,IAN,2022,2700.0
2022-09-26 22:00:00,0.032,-1.347,-1.379,-79.9228612,32.9835058,02172053,USGS,IAN,2022,2760.0
2022-09-26 23:00:00,1.542,-0.254,-1.796,-79.9228612,32.9835058,02172053,USGS,IAN,2022,2820.0
2022-09-27 00:00:00,2.332,0.945,-1.387,-79.9228612,32.9835058,02172053,USGS,IAN,2022,2880.0
2022-09-27 01:00:00,2.822,1.766,-1.056,-79.9228612,32.9835058,02172053,USGS,IAN,2022,2940.0
2022-09-27 02:00:00,3.112,2.133,-0.979,-79.9228612,32.9835058,02172053,USGS,IAN,2022,3000.0
2022-09-27 03:00:00,3.082,2.029,-1.053,-79.9228612,32.9835058,02172053,USGS,IAN,2022,3060.0
2022-09-27 04:00:00,2.402,1.451,-0.951,-79.9228612,32.9835058,02172053,USGS,IAN,2022,3120.0
2022-09-27 05:00:00,1.072,0.752,-0.32,-79.9228612,32.9835058,02172053,USGS,IAN,2022,3180.0
2022-09-27 06:00:00,-0.318,-0.221,0.097,-79.9228612,32.9835058,02172053,USGS,IAN,2022,3240.0
2022-09-27 07:00:00,-1.388,-1.072,0.3159999999999998,-79.9228612,32.9835058,02172053,USGS,IAN,2022,3300.0
2022-09-27 08:00:00,-2.108,-1.852,0.256,-79.9228612,32.9835058,02172053,USGS,IAN,2022,3360.0
2022-09-27 09:00:00,-1.988,-2.198,-0.2099999999999999,-79.9228612,32.9835058,02172053,USGS,IAN,2022,3420.0
2022-09-27 10:00:00,-0.728,-1.567,-0.839,-79.9228612,32.9835058,02172053,USGS,IAN,2022,3480.0
2022-09-27 11:00:00,0.852,-0.531,-1.383,-79.9228612,32.9835058,02172053,USGS,IAN,2022,3540.0
2022-09-27 12:00:00,1.772,0.79,-0.982,-79.9228612,32.9835058,02172053,USGS,IAN,2022,3600.0
2022-09-27 13:00:00,2.362,1.8,-0.562,-79.9228612,32.9835058,02172053,USGS,IAN,2022,3660.0
2022-09-27 14:00:00,2.822,2.22,-0.6019999999999999,-79.9228612,32.9835058,02172053,USGS,IAN,2022,3720.0
2022-09-27 15:00:00,3.062,2.392,-0.6699999999999999,-79.9228612,32.9835058,02172053,USGS,IAN,2022,3780.0
2022-09-27 16:00:00,2.862,1.971,-0.891,-79.9228612,32.9835058,02172053,USGS,IAN,2022,3840.0
2022-09-27 17:00:00,1.822,1.337,-0.4850000000000001,-79.9228612,32.9835058,02172053,USGS,IAN,2022,3900.0
2022-09-27 18:00:00,0.382,0.571,0.1889999999999999,-79.9228612,32.9835058,02172053,USGS,IAN,2022,3960.0
2022-09-27 19:00:00,-0.718,-0.49,0.2279999999999999,-79.9228612,32.9835058,02172053,USGS,IAN,2022,4020.0
2022-09-27 20:00:00,-1.648,-1.311,0.3369999999999999,-79.9228612,32.9835058,02172053,USGS,IAN,2022,4080.0
2022-09-27 21:00:00,-2.078,-1.967,0.1109999999999997,-79.9228612,32.9835058,02172053,USGS,IAN,2022,4140.0
2022-09-27 22:00:00,-1.288,-1.861,-0.573,-79.9228612,32.9835058,02172053,USGS,IAN,2022,4200.0
2022-09-27 23:00:00,0.362,-1.108,-1.4700000000000002,-79.9228612,32.9835058,02172053,USGS,IAN,2022,4260.0
2022-09-28 00:00:00,1.782,0.094,-1.688,-79.9228612,32.9835058,02172053,USGS,IAN,2022,4320.0
2022-09-28 01:00:00,2.352,1.204,-1.148,-79.9228612,32.9835058,02172053,USGS,IAN,2022,4380.0
2022-09-28 02:00:00,2.752,1.88,-0.8719999999999999,-79.9228612,32.9835058,02172053,USGS,IAN,2022,4440.0
2022-09-28 03:00:00,2.942,2.079,-0.863,-79.9228612,32.9835058,02172053,USGS,IAN,2022,4500.0
2022-09-28 04:00:00,2.762,1.779,-0.983,-79.9228612,32.9835058,02172053,USGS,IAN,2022,4560.0
2022-09-28 05:00:00,1.842,1.156,-0.6860000000000002,-79.9228612,32.9835058,02172053,USGS,IAN,2022,4620.0
2022-09-28 06:00:00,0.362,0.307,-0.0549999999999999,-79.9228612,32.9835058,02172053,USGS,IAN,2022,4680.0
2022-09-28 07:00:00,-0.818,-0.578,0.24,-79.9228612,32.9835058,02172053,USGS,IAN,2022,4740.0
2022-09-28 08:00:00,-1.788,-1.44,0.3480000000000001,-79.9228612,32.9835058,02172053,USGS,IAN,2022,4800.0
2022-09-28 09:00:00,-2.038,-2.094,-0.056,-79.9228612,32.9835058,02172053,USGS,IAN,2022,4860.0
2022-09-28 10:00:00,-1.298,-2.128,-0.8300000000000001,-79.9228612,32.9835058,02172053,USGS,IAN,2022,4920.0
2022-09-28 11:00:00,-0.068,-1.326,-1.258,-79.9228612,32.9835058,02172053,USGS,IAN,2022,4980.0
2022-09-28 12:00:00,1.262,-0.086,-1.348,-79.9228612,32.9835058,02172053,USGS,IAN,2022,5040.0
2022-09-28 13:00:00,2.032,1.173,-0.859,-79.9228612,32.9835058,02172053,USGS,IAN,2022,5100.0
2022-09-28 14:00:00,2.572,2.042,-0.5300000000000002,-79.9228612,32.9835058,02172053,USGS,IAN,2022,5160.0
2022-09-28 15:00:00,3.062,2.458,-0.6039999999999996,-79.9228612,32.9835058,02172053,USGS,IAN,2022,5220.0
2022-09-28 16:00:00,3.252,2.466,-0.7859999999999996,-79.9228612,32.9835058,02172053,USGS,IAN,2022,5280.0
2022-09-28 17:00:00,3.132,1.933,-1.199,-79.9228612,32.9835058,02172053,USGS,IAN,2022,5340.0
2022-09-28 18:00:00,2.192,1.277,-0.9150000000000004,-79.9228612,32.9835058,02172053,USGS,IAN,2022,5400.0
2022-09-28 19:00:00,0.882,0.216,-0.666,-79.9228612,32.9835058,02172053,USGS,IAN,2022,5460.0
2022-09-28 20:00:00,-0.328,-0.592,-0.2639999999999999,-79.9228612,32.9835058,02172053,USGS,IAN,2022,5520.0
2022-09-28 21:00:00,-1.208,-1.397,-0.189,-79.9228612,32.9835058,02172053,USGS,IAN,2022,5580.0
2022-09-28 22:00:00,-1.568,-1.954,-0.3859999999999999,-79.9228612,32.9835058,02172053,USGS,IAN,2022,5640.0
2022-09-28 23:00:00,-0.628,-1.65,-1.0219999999999998,-79.9228612,32.9835058,02172053,USGS,IAN,2022,5700.0
2022-09-29 00:00:00,0.992,-0.85,-1.842,-79.9228612,32.9835058,02172053,USGS,IAN,2022,5760.0
2022-09-29 01:00:00,1.992,0.342,-1.65,-79.9228612,32.9835058,02172053,USGS,IAN,2022,5820.0
2022-09-29 02:00:00,2.552,1.409,-1.143,-79.9228612,32.9835058,02172053,USGS,IAN,2022,5880.0
2022-09-29 03:00:00,2.842,2.014,-0.8280000000000003,-79.9228612,32.9835058,02172053,USGS,IAN,2022,5940.0
2022-09-29 04:00:00,2.982,2.22,-0.762,-79.9228612,32.9835058,02172053,USGS,IAN,2022,6000.0
2022-09-29 05:00:00,2.682,1.976,-0.706,-79.9228612,32.9835058,02172053,USGS,IAN,2022,6060.0
2022-09-29 06:00:00,2.122,1.481,-0.6409999999999998,-79.9228612,32.9835058,02172053,USGS,IAN,2022,6120.0
2022-09-29 07:00:00,0.942,0.762,-0.1799999999999999,-79.9228612,32.9835058,02172053,USGS,IAN,2022,6180.0
2022-09-29 08:00:00,-0.098,0.131,0.229,-79.9228612,32.9835058,02172053,USGS,IAN,2022,6240.0
2022-09-29 09:00:00,-0.888,-0.504,0.384,-79.9228612,32.9835058,02172053,USGS,IAN,2022,6300.0
2022-09-29 10:00:00,-1.138,-0.924,0.2139999999999998,-79.9228612,32.9835058,02172053,USGS,IAN,2022,6360.0
2022-09-29 11:00:00,-0.558,-0.586,-0.0279999999999999,-79.9228612,32.9835058,02172053,USGS,IAN,2022,6420.0
2022-09-29 12:00:00,0.832,0.256,-0.576,-79.9228612,32.9835058,02172053,USGS,IAN,2022,6480.0
2022-09-29 13:00:00,1.732,1.539,-0.193,-79.9228612,32.9835058,02172053,USGS,IAN,2022,6540.0
2022-09-29 14:00:00,2.422,2.329,-0.0929999999999999,-79.9228612,32.9835058,02172053,USGS,IAN,2022,6600.0
2022-09-29 15:00:00,3.032,3.067,0.0350000000000001,-79.9228612,32.9835058,02172053,USGS,IAN,2022,6660.0
2022-09-29 16:00:00,3.542,3.547,0.0050000000000003,-79.9228612,32.9835058,02172053,USGS,IAN,2022,6720.0
2022-09-29 17:00:00,3.892,3.857,-0.0349999999999997,-79.9228612,32.9835058,02172053,USGS,IAN,2022,6780.0
2022-09-29 18:00:00,3.752,3.782,0.0300000000000002,-79.9228612,32.9835058,02172053,USGS,IAN,2022,6840.0
2022-09-29 19:00:00,3.062,3.306,0.2440000000000002,-79.9228612,32.9835058,02172053,USGS,IAN,2022,6900.0
2022-09-29 20:00:00,2.042,2.932,0.8900000000000001,-79.9228612,32.9835058,02172053,USGS,IAN,2022,6960.0
2022-09-29 21:00:00,0.822,1.87,1.048,-79.9228612,32.9835058,02172053,USGS,IAN,2022,7020.0
2022-09-29 22:00:00,-0.338,1.286,1.624,-79.9228612,32.9835058,02172053,USGS,IAN,2022,7080.0
2022-09-29 23:00:00,-0.678,0.839,1.517,-79.9228612,32.9835058,02172053,USGS,IAN,2022,7140.0
2022-09-30 00:00:00,0.112,0.852,0.74,-79.9228612,32.9835058,02172053,USGS,IAN,2022,7200.0
2022-09-30 01:00:00,1.412,1.526,0.1140000000000001,-79.9228612,32.9835058,02172053,USGS,IAN,2022,7260.0
2022-09-30 02:00:00,2.172,2.114,-0.0580000000000002,-79.9228612,32.9835058,02172053,USGS,IAN,2022,7320.0
2022-09-30 03:00:00,2.602,2.74,0.1380000000000003,-79.9228612,32.9835058,02172053,USGS,IAN,2022,7380.0
2022-09-30 04:00:00,3.052,3.165,0.1129999999999999,-79.9228612,32.9835058,02172053,USGS,IAN,2022,7440.0
2022-09-30 05:00:00,3.332,3.538,0.2059999999999999,-79.9228612,32.9835058,02172053,USGS,IAN,2022,7500.0
2022-09-30 06:00:00,3.242,3.615,0.3730000000000002,-79.9228612,32.9835058,02172053,USGS,IAN,2022,7560.0
2022-09-30 07:00:00,2.662,3.269,0.6070000000000002,-79.9228612,32.9835058,02172053,USGS,IAN,2022,7620.0
2022-09-30 08:00:00,1.612,2.922,1.31,-79.9228612,32.9835058,02172053,USGS,IAN,2022,7680.0
2022-09-30 09:00:00,0.412,1.92,1.508,-79.9228612,32.9835058,02172053,USGS,IAN,2022,7740.0
2022-09-30 10:00:00,-0.538,1.25,1.788,-79.9228612,32.9835058,02172053,USGS,IAN,2022,7800.0
2022-09-30 11:00:00,-1.128,0.776,1.904,-79.9228612,32.9835058,02172053,USGS,IAN,2022,7860.0
2022-09-30 12:00:00,-0.758,0.796,1.554,-79.9228612,32.9835058,02172053,USGS,IAN,2022,7920.0
2022-09-30 13:00:00,0.592,1.398,0.8059999999999999,-79.9228612,32.9835058,02172053,USGS,IAN,2022,7980.0
2022-09-30 14:00:00,1.612,1.901,0.2889999999999999,-79.9228612,32.9835058,02172053,USGS,IAN,2022,8040.0
2022-09-30 15:00:00,2.452,2.457,0.0049999999999998,-79.9228612,32.9835058,02172053,USGS,IAN,2022,8100.0
2022-09-30 16:00:00,2.692,3.041,0.3489999999999997,-79.9228612,32.9835058,02172053,USGS,IAN,2022,8160.0
2022-09-30 17:00:00,3.002,3.289,0.2870000000000003,-79.9228612,32.9835058,02172053,USGS,IAN,2022,8220.0
2022-09-30 18:00:00,3.072,3.006,-0.0660000000000002,-79.9228612,32.9835058,02172053,USGS,IAN,2022,8280.0
2022-09-30 19:00:00,2.172,1.881,-0.2910000000000001,-79.9228612,32.9835058,02172053,USGS,IAN,2022,8340.0
2022-09-30 20:00:00,1.572,0.982,-0.5900000000000001,-79.9228612,32.9835058,02172053,USGS,IAN,2022,8400.0
2022-09-30 21:00:00,1.022,-0.337,-1.359,-79.9228612,32.9835058,02172053,USGS,IAN,2022,8460.0
2022-09-30 22:00:00,-0.108,-1.277,-1.1689999999999998,-79.9228612,32.9835058,02172053,USGS,IAN,2022,8520.0
2022-09-30 23:00:00,-1.178,-2.128,-0.9500000000000002,-79.9228612,32.9835058,02172053,USGS,IAN,2022,8580.0
2022-10-01 00:00:00,-1.638,-2.603,-0.9650000000000004,-79.9228612,32.9835058,02172053,USGS,IAN,2022,8640.0
2022-10-01 01:00:00,-0.848,-2.789,-1.9410000000000005,-79.9228612,32.9835058,02172053,USGS,IAN,2022,8700.0
2022-10-01 02:00:00,0.992,-2.085,-3.077,-79.9228612,32.9835058,02172053,USGS,IAN,2022,8760.0
2022-10-01 03:00:00,1.772,-1.135,-2.907,-79.9228612,32.9835058,02172053,USGS,IAN,2022,8820.0
2022-10-01 04:00:00,2.272,0.078,-2.194,-79.9228612,32.9835058,02172053,USGS,IAN,2022,8880.0
2022-10-01 05:00:00,2.612,0.96,-1.652,-79.9228612,32.9835058,02172053,USGS,IAN,2022,8940.0
2022-10-01 06:00:00,2.562,1.183,-1.3789999999999998,-79.9228612,32.9835058,02172053,USGS,IAN,2022,9000.0
2022-10-01 07:00:00,1.942,0.579,-1.363,-79.9228612,32.9835058,02172053,USGS,IAN,2022,9060.0
2022-10-01 08:00:00,0.552,-0.062,-0.6140000000000001,-79.9228612,32.9835058,02172053,USGS,IAN,2022,9120.0
2022-10-01 09:00:00,-0.608,-0.868,-0.26,-79.9228612,32.9835058,02172053,USGS,IAN,2022,9180.0
2022-10-01 10:00:00,-1.568,-1.749,-0.181,-79.9228612,32.9835058,02172053,USGS,IAN,2022,9240.0
2022-10-01 11:00:00,-1.888,-2.561,-0.673,-79.9228612,32.9835058,02172053,USGS,IAN,2022,9300.0
2022-10-01 12:00:00,-1.378,-2.912,-1.534,-79.9228612,32.9835058,02172053,USGS,IAN,2022,9360.0
2022-10-01 13:00:00,-0.248,-2.213,-1.965,-79.9228612,32.9835058,02172053,USGS,IAN,2022,9420.0
2022-10-01 14:00:00,0.942,-1.097,-2.039,-79.9228612,32.9835058,02172053,USGS,IAN,2022,9480.0
2022-10-01 15:00:00,1.712,0.307,-1.405,-79.9228612,32.9835058,02172053,USGS,IAN,2022,9540.0
2022-10-01 16:00:00,2.332,1.659,-0.6729999999999998,-79.9228612,32.9835058,02172053,USGS,IAN,2022,9600.0
2022-10-01 17:00:00,2.852,2.277,-0.5749999999999997,-79.9228612,32.9835058,02172053,USGS,IAN,2022,9660.0
2022-10-01 18:00:00,3.142,2.416,-0.726,-79.9228612,32.9835058,02172053,USGS,IAN,2022,9720.0
2022-10-01 19:00:00,3.122,2.059,-1.0629999999999995,-79.9228612,32.9835058,02172053,USGS,IAN,2022,9780.0
2022-10-01 20:00:00,2.512,1.458,-1.054,-79.9228612,32.9835058,02172053,USGS,IAN,2022,9840.0
2022-10-01 21:00:00,1.382,0.747,-0.6349999999999999,-79.9228612,32.9835058,02172053,USGS,IAN,2022,9900.0
2022-10-01 22:00:00,0.222,-0.218,-0.44,-79.9228612,32.9835058,02172053,USGS,IAN,2022,9960.0
2022-10-01 23:00:00,-0.828,-1.013,-0.1849999999999999,-79.9228612,32.9835058,02172053,USGS,IAN,2022,10020.0
2022-09-25 01:00:00,3.516,2.103,-1.4129999999999998,-79.9628645,32.89045228,021720677,USGS,IAN,2022,60.0
2022-09-25 02:00:00,2.846,1.21,-1.636,-79.9628645,32.89045228,021720677,USGS,IAN,2022,120.0
2022-09-25 03:00:00,1.536,0.223,-1.313,-79.9628645,32.89045228,021720677,USGS,IAN,2022,180.0
2022-09-25 04:00:00,0.136,-0.851,-0.987,-79.9628645,32.89045228,021720677,USGS,IAN,2022,240.0
2022-09-25 05:00:00,-1.034,-1.713,-0.679,-79.9628645,32.89045228,021720677,USGS,IAN,2022,300.0
2022-09-25 06:00:00,-1.834,-2.203,-0.3689999999999998,-79.9628645,32.89045228,021720677,USGS,IAN,2022,360.0
2022-09-25 07:00:00,-1.874,-2.127,-0.2529999999999996,-79.9628645,32.89045228,021720677,USGS,IAN,2022,420.0
2022-09-25 08:00:00,-1.114,-1.33,-0.2159999999999999,-79.9628645,32.89045228,021720677,USGS,IAN,2022,480.0
2022-09-25 09:00:00,0.186,-0.2,-0.386,-79.9628645,32.89045228,021720677,USGS,IAN,2022,540.0
2022-09-25 10:00:00,1.476,0.914,-0.5619999999999999,-79.9628645,32.89045228,021720677,USGS,IAN,2022,600.0
2022-09-25 11:00:00,2.236,1.915,-0.3210000000000002,-79.9628645,32.89045228,021720677,USGS,IAN,2022,660.0
2022-09-25 12:00:00,2.726,2.354,-0.3719999999999999,-79.9628645,32.89045228,021720677,USGS,IAN,2022,720.0
2022-09-25 13:00:00,3.006,2.253,-0.7529999999999997,-79.9628645,32.89045228,021720677,USGS,IAN,2022,780.0
2022-09-25 14:00:00,2.846,1.491,-1.355,-79.9628645,32.89045228,021720677,USGS,IAN,2022,840.0
2022-09-25 15:00:00,2.046,0.453,-1.5929999999999995,-79.9628645,32.89045228,021720677,USGS,IAN,2022,900.0
2022-09-25 16:00:00,0.636,-0.633,-1.269,-79.9628645,32.89045228,021720677,USGS,IAN,2022,960.0
2022-09-25 17:00:00,-1.034,-1.612,-0.5780000000000001,-79.9628645,32.89045228,021720677,USGS,IAN,2022,1020.0
2022-09-25 18:00:00,-2.194,-2.188,0.0059999999999997,-79.9628645,32.89045228,021720677,USGS,IAN,2022,1080.0
2022-09-25 19:00:00,-2.574,-2.305,0.2689999999999997,-79.9628645,32.89045228,021720677,USGS,IAN,2022,1140.0
2022-09-25 20:00:00,-1.834,-1.684,0.1500000000000001,-79.9628645,32.89045228,021720677,USGS,IAN,2022,1200.0
2022-09-25 21:00:00,-0.254,-0.57,-0.3159999999999999,-79.9628645,32.89045228,021720677,USGS,IAN,2022,1260.0
2022-09-25 22:00:00,1.426,0.595,-0.831,-79.9628645,32.89045228,021720677,USGS,IAN,2022,1320.0
2022-09-25 23:00:00,2.496,1.713,-0.7829999999999999,-79.9628645,32.89045228,021720677,USGS,IAN,2022,1380.0
2022-09-26 00:00:00,3.156,2.327,-0.8290000000000002,-79.9628645,32.89045228,021720677,USGS,IAN,2022,1440.0
2022-09-26 01:00:00,3.486,2.452,-1.0340000000000005,-79.9628645,32.89045228,021720677,USGS,IAN,2022,1500.0
2022-09-26 02:00:00,3.236,1.893,-1.3430000000000002,-79.9628645,32.89045228,021720677,USGS,IAN,2022,1560.0
2022-09-26 03:00:00,2.216,0.825,-1.3910000000000002,-79.9628645,32.89045228,021720677,USGS,IAN,2022,1620.0
2022-09-26 04:00:00,0.806,-0.229,-1.035,-79.9628645,32.89045228,021720677,USGS,IAN,2022,1680.0
2022-09-26 05:00:00,-0.754,-1.302,-0.548,-79.9628645,32.89045228,021720677,USGS,IAN,2022,1740.0
2022-09-26 06:00:00,-1.824,-2.093,-0.2689999999999999,-79.9628645,32.89045228,021720677,USGS,IAN,2022,1800.0
2022-09-26 07:00:00,-2.374,-2.395,-0.0209999999999999,-79.9628645,32.89045228,021720677,USGS,IAN,2022,1860.0
2022-09-26 08:00:00,-1.944,-2.017,-0.0729999999999999,-79.9628645,32.89045228,021720677,USGS,IAN,2022,1920.0
2022-09-26 09:00:00,-0.774,-0.948,-0.1739999999999999,-79.9628645,32.89045228,021720677,USGS,IAN,2022,1980.0
2022-09-26 10:00:00,0.766,0.278,-0.488,-79.9628645,32.89045228,021720677,USGS,IAN,2022,2040.0
2022-09-26 11:00:00,1.856,1.501,-0.3550000000000002,-79.9628645,32.89045228,021720677,USGS,IAN,2022,2100.0
2022-09-26 12:00:00,2.436,2.318,-0.1179999999999998,-79.9628645,32.89045228,021720677,USGS,IAN,2022,2160.0
2022-09-26 13:00:00,2.896,2.641,-0.2549999999999999,-79.9628645,32.89045228,021720677,USGS,IAN,2022,2220.0
2022-09-26 14:00:00,2.996,2.329,-0.6669999999999998,-79.9628645,32.89045228,021720677,USGS,IAN,2022,2280.0
2022-09-26 15:00:00,2.496,1.34,-1.156,-79.9628645,32.89045228,021720677,USGS,IAN,2022,2340.0
2022-09-26 16:00:00,1.306,0.251,-1.0550000000000002,-79.9628645,32.89045228,021720677,USGS,IAN,2022,2400.0
2022-09-26 17:00:00,-0.274,-0.906,-0.632,-79.9628645,32.89045228,021720677,USGS,IAN,2022,2460.0
2022-09-26 18:00:00,-1.594,-1.833,-0.2389999999999998,-79.9628645,32.89045228,021720677,USGS,IAN,2022,2520.0
2022-09-26 19:00:00,-2.414,-2.362,0.052,-79.9628645,32.89045228,021720677,USGS,IAN,2022,2580.0
2022-09-26 20:00:00,-2.334,-2.33,0.004,-79.9628645,32.89045228,021720677,USGS,IAN,2022,2640.0
2022-09-26 21:00:00,-1.344,-1.487,-0.143,-79.9628645,32.89045228,021720677,USGS,IAN,2022,2700.0
2022-09-26 22:00:00,0.306,-0.269,-0.575,-79.9628645,32.89045228,021720677,USGS,IAN,2022,2760.0
2022-09-26 23:00:00,1.896,0.934,-0.962,-79.9628645,32.89045228,021720677,USGS,IAN,2022,2820.0
2022-09-27 00:00:00,2.676,2.06,-0.6160000000000001,-79.9628645,32.89045228,021720677,USGS,IAN,2022,2880.0
2022-09-27 01:00:00,3.146,2.46,-0.6859999999999999,-79.9628645,32.89045228,021720677,USGS,IAN,2022,2940.0
2022-09-27 02:00:00,3.216,2.389,-0.8270000000000004,-79.9628645,32.89045228,021720677,USGS,IAN,2022,3000.0
2022-09-27 03:00:00,2.686,1.58,-1.106,-79.9628645,32.89045228,021720677,USGS,IAN,2022,3060.0
2022-09-27 04:00:00,1.556,0.414,-1.142,-79.9628645,32.89045228,021720677,USGS,IAN,2022,3120.0
2022-09-27 05:00:00,-0.024,-0.734,-0.71,-79.9628645,32.89045228,021720677,USGS,IAN,2022,3180.0
2022-09-27 06:00:00,-1.484,-1.766,-0.282,-79.9628645,32.89045228,021720677,USGS,IAN,2022,3240.0
2022-09-27 07:00:00,-2.494,-2.377,0.1170000000000004,-79.9628645,32.89045228,021720677,USGS,IAN,2022,3300.0
2022-09-27 08:00:00,-2.624,-2.485,0.1390000000000002,-79.9628645,32.89045228,021720677,USGS,IAN,2022,3360.0
2022-09-27 09:00:00,-1.914,-1.749,0.1649999999999998,-79.9628645,32.89045228,021720677,USGS,IAN,2022,3420.0
2022-09-27 10:00:00,-0.424,-0.524,-0.1,-79.9628645,32.89045228,021720677,USGS,IAN,2022,3480.0
2022-09-27 11:00:00,1.116,0.765,-0.3510000000000001,-79.9628645,32.89045228,021720677,USGS,IAN,2022,3540.0
2022-09-27 12:00:00,2.156,2.05,-0.1060000000000003,-79.9628645,32.89045228,021720677,USGS,IAN,2022,3600.0
2022-09-27 13:00:00,2.836,2.701,-0.1349999999999998,-79.9628645,32.89045228,021720677,USGS,IAN,2022,3660.0
2022-09-27 14:00:00,3.226,2.858,-0.3679999999999999,-79.9628645,32.89045228,021720677,USGS,IAN,2022,3720.0
2022-09-27 15:00:00,3.216,2.318,-0.8980000000000001,-79.9628645,32.89045228,021720677,USGS,IAN,2022,3780.0
2022-09-27 16:00:00,2.316,1.141,-1.1749999999999998,-79.9628645,32.89045228,021720677,USGS,IAN,2022,3840.0
2022-09-27 17:00:00,1.016,-0.107,-1.123,-79.9628645,32.89045228,021720677,USGS,IAN,2022,3900.0
2022-09-27 18:00:00,-0.554,-1.123,-0.569,-79.9628645,32.89045228,021720677,USGS,IAN,2022,3960.0
2022-09-27 19:00:00,-1.794,-2.04,-0.246,-79.9628645,32.89045228,021720677,USGS,IAN,2022,4020.0
2022-09-27 20:00:00,-2.514,-2.446,0.0679999999999996,-79.9628645,32.89045228,021720677,USGS,IAN,2022,4080.0
2022-09-27 21:00:00,-2.344,-2.184,0.1599999999999997,-79.9628645,32.89045228,021720677,USGS,IAN,2022,4140.0
2022-09-27 22:00:00,-1.094,-1.157,-0.0629999999999999,-79.9628645,32.89045228,021720677,USGS,IAN,2022,4200.0
2022-09-27 23:00:00,0.756,0.067,-0.6890000000000001,-79.9628645,32.89045228,021720677,USGS,IAN,2022,4260.0
2022-09-28 00:00:00,2.016,1.238,-0.778,-79.9628645,32.89045228,021720677,USGS,IAN,2022,4320.0
2022-09-28 01:00:00,2.646,2.133,-0.5129999999999999,-79.9628645,32.89045228,021720677,USGS,IAN,2022,4380.0
2022-09-28 02:00:00,2.946,2.462,-0.484,-79.9628645,32.89045228,021720677,USGS,IAN,2022,4440.0
2022-09-28 03:00:00,2.926,2.133,-0.7930000000000001,-79.9628645,32.89045228,021720677,USGS,IAN,2022,4500.0
2022-09-28 04:00:00,2.226,1.128,-1.098,-79.9628645,32.89045228,021720677,USGS,IAN,2022,4560.0
2022-09-28 05:00:00,0.886,-0.082,-0.968,-79.9628645,32.89045228,021720677,USGS,IAN,2022,4620.0
2022-09-28 06:00:00,-0.654,-1.119,-0.4649999999999999,-79.9628645,32.89045228,021720677,USGS,IAN,2022,4680.0
2022-09-28 07:00:00,-1.884,-2.063,-0.1790000000000002,-79.9628645,32.89045228,021720677,USGS,IAN,2022,4740.0
2022-09-28 08:00:00,-2.554,-2.518,0.036,-79.9628645,32.89045228,021720677,USGS,IAN,2022,4800.0
2022-09-28 09:00:00,-2.214,-2.409,-0.1949999999999998,-79.9628645,32.89045228,021720677,USGS,IAN,2022,4860.0
2022-09-28 10:00:00,-1.254,-1.424,-0.1699999999999999,-79.9628645,32.89045228,021720677,USGS,IAN,2022,4920.0
2022-09-28 11:00:00,0.266,-0.1,-0.366,-79.9628645,32.89045228,021720677,USGS,IAN,2022,4980.0
2022-09-28 12:00:00,1.686,1.222,-0.4639999999999999,-79.9628645,32.89045228,021720677,USGS,IAN,2022,5040.0
2022-09-28 13:00:00,2.466,2.359,-0.1070000000000002,-79.9628645,32.89045228,021720677,USGS,IAN,2022,5100.0
2022-09-28 14:00:00,3.136,2.913,-0.2230000000000003,-79.9628645,32.89045228,021720677,USGS,IAN,2022,5160.0
2022-09-28 15:00:00,3.516,2.93,-0.5859999999999999,-79.9628645,32.89045228,021720677,USGS,IAN,2022,5220.0
2022-09-28 16:00:00,3.406,2.213,-1.193,-79.9628645,32.89045228,021720677,USGS,IAN,2022,5280.0
2022-09-28 17:00:00,2.656,0.965,-1.6910000000000005,-79.9628645,32.89045228,021720677,USGS,IAN,2022,5340.0
2022-09-28 18:00:00,1.356,-0.245,-1.601,-79.9628645,32.89045228,021720677,USGS,IAN,2022,5400.0
2022-09-28 19:00:00,-0.154,-1.296,-1.142,-79.9628645,32.89045228,021720677,USGS,IAN,2022,5460.0
2022-09-28 20:00:00,-1.364,-2.148,-0.784,-79.9628645,32.89045228,021720677,USGS,IAN,2022,5520.0
2022-09-28 21:00:00,-2.094,-2.446,-0.3520000000000003,-79.9628645,32.89045228,021720677,USGS,IAN,2022,5580.0
2022-09-28 22:00:00,-1.734,-1.979,-0.2450000000000001,-79.9628645,32.89045228,021720677,USGS,IAN,2022,5640.0
2022-09-28 23:00:00,-0.394,-0.849,-0.4549999999999999,-79.9628645,32.89045228,021720677,USGS,IAN,2022,5700.0
2022-09-29 00:00:00,1.196,0.327,-0.869,-79.9628645,32.89045228,021720677,USGS,IAN,2022,5760.0
2022-09-29 01:00:00,2.256,1.541,-0.7149999999999999,-79.9628645,32.89045228,021720677,USGS,IAN,2022,5820.0
2022-09-29 02:00:00,2.766,2.329,-0.4369999999999998,-79.9628645,32.89045228,021720677,USGS,IAN,2022,5880.0
2022-09-29 03:00:00,3.046,2.592,-0.4539999999999997,-79.9628645,32.89045228,021720677,USGS,IAN,2022,5940.0
2022-09-29 04:00:00,2.846,2.307,-0.5390000000000001,-79.9628645,32.89045228,021720677,USGS,IAN,2022,6000.0
2022-09-29 05:00:00,2.276,1.473,-0.8029999999999997,-79.9628645,32.89045228,021720677,USGS,IAN,2022,6060.0
2022-09-29 06:00:00,1.286,0.627,-0.659,-79.9628645,32.89045228,021720677,USGS,IAN,2022,6120.0
2022-09-29 07:00:00,0.206,-0.238,-0.4439999999999999,-79.9628645,32.89045228,021720677,USGS,IAN,2022,6180.0
2022-09-29 08:00:00,-0.854,-0.886,-0.032,-79.9628645,32.89045228,021720677,USGS,IAN,2022,6240.0
2022-09-29 09:00:00,-1.564,-1.117,0.447,-79.9628645,32.89045228,021720677,USGS,IAN,2022,6300.0
2022-09-29 10:00:00,-1.284,-0.803,0.481,-79.9628645,32.89045228,021720677,USGS,IAN,2022,6360.0
2022-09-29 11:00:00,-0.244,0.258,0.502,-79.9628645,32.89045228,021720677,USGS,IAN,2022,6420.0
2022-09-29 12:00:00,1.046,1.611,0.565,-79.9628645,32.89045228,021720677,USGS,IAN,2022,6480.0
2022-09-29 13:00:00,2.186,2.927,0.7410000000000001,-79.9628645,32.89045228,021720677,USGS,IAN,2022,6540.0
2022-09-29 14:00:00,2.966,4.028,1.0619999999999994,-79.9628645,32.89045228,021720677,USGS,IAN,2022,6600.0
2022-09-29 15:00:00,3.756,4.326,0.5699999999999998,-79.9628645,32.89045228,021720677,USGS,IAN,2022,6660.0
2022-09-29 16:00:00,4.116,4.369,0.2530000000000001,-79.9628645,32.89045228,021720677,USGS,IAN,2022,6720.0
2022-09-29 17:00:00,4.106,4.053,-0.0529999999999999,-79.9628645,32.89045228,021720677,USGS,IAN,2022,6780.0
2022-09-29 18:00:00,3.516,3.308,-0.2080000000000001,-79.9628645,32.89045228,021720677,USGS,IAN,2022,6840.0
2022-09-29 19:00:00,2.256,2.401,0.145,-79.9628645,32.89045228,021720677,USGS,IAN,2022,6900.0
2022-09-29 20:00:00,0.956,1.322,0.3660000000000001,-79.9628645,32.89045228,021720677,USGS,IAN,2022,6960.0
2022-09-29 21:00:00,-0.404,0.443,0.847,-79.9628645,32.89045228,021720677,USGS,IAN,2022,7020.0
2022-09-29 22:00:00,-1.034,0.051,1.085,-79.9628645,32.89045228,021720677,USGS,IAN,2022,7080.0
2022-09-29 23:00:00,-0.954,0.39,1.344,-79.9628645,32.89045228,021720677,USGS,IAN,2022,7140.0
2022-09-30 00:00:00,0.296,1.325,1.029,-79.9628645,32.89045228,021720677,USGS,IAN,2022,7200.0
2022-09-30 01:00:00,1.546,2.477,0.9309999999999998,-79.9628645,32.89045228,021720677,USGS,IAN,2022,7260.0
2022-09-30 02:00:00,2.316,3.278,0.9620000000000002,-79.9628645,32.89045228,021720677,USGS,IAN,2022,7320.0
2022-09-30 03:00:00,2.896,3.919,1.023,-79.9628645,32.89045228,021720677,USGS,IAN,2022,7380.0
2022-09-30 04:00:00,3.406,4.129,0.7229999999999994,-79.9628645,32.89045228,021720677,USGS,IAN,2022,7440.0
2022-09-30 05:00:00,3.326,3.983,0.657,-79.9628645,32.89045228,021720677,USGS,IAN,2022,7500.0
2022-09-30 06:00:00,3.016,3.416,0.3999999999999999,-79.9628645,32.89045228,021720677,USGS,IAN,2022,7560.0
2022-09-30 07:00:00,1.926,2.583,0.6570000000000003,-79.9628645,32.89045228,021720677,USGS,IAN,2022,7620.0
2022-09-30 08:00:00,0.646,1.488,0.842,-79.9628645,32.89045228,021720677,USGS,IAN,2022,7680.0
2022-09-30 09:00:00,-0.474,0.675,1.149,-79.9628645,32.89045228,021720677,USGS,IAN,2022,7740.0
2022-09-30 10:00:00,-1.474,0.377,1.851,-79.9628645,32.89045228,021720677,USGS,IAN,2022,7800.0
2022-09-30 11:00:00,-1.394,0.522,1.916,-79.9628645,32.89045228,021720677,USGS,IAN,2022,7860.0
2022-09-30 12:00:00,-0.524,1.353,1.877,-79.9628645,32.89045228,021720677,USGS,IAN,2022,7920.0
2022-09-30 13:00:00,0.946,2.46,1.514,-79.9628645,32.89045228,021720677,USGS,IAN,2022,7980.0
2022-09-30 14:00:00,2.196,3.282,1.086,-79.9628645,32.89045228,021720677,USGS,IAN,2022,8040.0
2022-09-30 15:00:00,2.656,4.217,1.5609999999999995,-79.9628645,32.89045228,021720677,USGS,IAN,2022,8100.0
2022-09-30 16:00:00,3.156,4.279,1.1229999999999998,-79.9628645,32.89045228,021720677,USGS,IAN,2022,8160.0
2022-09-30 17:00:00,3.256,3.287,0.0310000000000001,-79.9628645,32.89045228,021720677,USGS,IAN,2022,8220.0
2022-09-30 18:00:00,2.476,1.367,-1.109,-79.9628645,32.89045228,021720677,USGS,IAN,2022,8280.0
2022-09-30 19:00:00,1.496,-0.395,-1.891,-79.9628645,32.89045228,021720677,USGS,IAN,2022,8340.0
2022-09-30 20:00:00,0.946,-1.644,-2.59,-79.9628645,32.89045228,021720677,USGS,IAN,2022,8400.0
2022-09-30 21:00:00,0.006,-2.755,-2.761,-79.9628645,32.89045228,021720677,USGS,IAN,2022,8460.0
2022-09-30 22:00:00,-1.334,-3.421,-2.087,-79.9628645,32.89045228,021720677,USGS,IAN,2022,8520.0
2022-09-30 23:00:00,-2.054,-3.182,-1.128,-79.9628645,32.89045228,021720677,USGS,IAN,2022,8580.0
2022-10-01 00:00:00,-2.014,-2.959,-0.9450000000000004,-79.9628645,32.89045228,021720677,USGS,IAN,2022,8640.0
2022-10-01 01:00:00,-0.524,-2.48,-1.956,-79.9628645,32.89045228,021720677,USGS,IAN,2022,8700.0
2022-10-01 02:00:00,0.916,-1.333,-2.249,-79.9628645,32.89045228,021720677,USGS,IAN,2022,8760.0
2022-10-01 03:00:00,1.826,-0.103,-1.929,-79.9628645,32.89045228,021720677,USGS,IAN,2022,8820.0
2022-10-01 04:00:00,2.396,1.023,-1.373,-79.9628645,32.89045228,021720677,USGS,IAN,2022,8880.0
2022-10-01 05:00:00,2.456,1.459,-0.997,-79.9628645,32.89045228,021720677,USGS,IAN,2022,8940.0
2022-10-01 06:00:00,2.136,0.913,-1.223,-79.9628645,32.89045228,021720677,USGS,IAN,2022,9000.0
2022-10-01 07:00:00,1.106,-0.306,-1.412,-79.9628645,32.89045228,021720677,USGS,IAN,2022,9060.0
2022-10-01 08:00:00,-0.394,-1.315,-0.921,-79.9628645,32.89045228,021720677,USGS,IAN,2022,9120.0
2022-10-01 09:00:00,-1.644,-2.137,-0.4930000000000001,-79.9628645,32.89045228,021720677,USGS,IAN,2022,9180.0
2022-10-01 10:00:00,-2.314,-2.783,-0.4689999999999998,-79.9628645,32.89045228,021720677,USGS,IAN,2022,9240.0
2022-10-01 11:00:00,-2.234,-3.047,-0.8130000000000002,-79.9628645,32.89045228,021720677,USGS,IAN,2022,9300.0
2022-10-01 12:00:00,-1.284,-2.461,-1.1769999999999998,-79.9628645,32.89045228,021720677,USGS,IAN,2022,9360.0
2022-10-01 13:00:00,-0.014,-1.104,-1.09,-79.9628645,32.89045228,021720677,USGS,IAN,2022,9420.0
2022-10-01 14:00:00,1.236,0.352,-0.884,-79.9628645,32.89045228,021720677,USGS,IAN,2022,9480.0
2022-10-01 15:00:00,2.136,1.887,-0.2490000000000001,-79.9628645,32.89045228,021720677,USGS,IAN,2022,9540.0
2022-10-01 16:00:00,2.806,2.809,0.0030000000000001,-79.9628645,32.89045228,021720677,USGS,IAN,2022,9600.0
2022-10-01 17:00:00,3.276,2.989,-0.2869999999999999,-79.9628645,32.89045228,021720677,USGS,IAN,2022,9660.0
2022-10-01 18:00:00,3.306,2.436,-0.8700000000000001,-79.9628645,32.89045228,021720677,USGS,IAN,2022,9720.0
2022-10-01 19:00:00,2.706,1.269,-1.437,-79.9628645,32.89045228,021720677,USGS,IAN,2022,9780.0
2022-10-01 20:00:00,1.696,0.266,-1.43,-79.9628645,32.89045228,021720677,USGS,IAN,2022,9840.0
2022-10-01 21:00:00,0.316,-0.775,-1.091,-79.9628645,32.89045228,021720677,USGS,IAN,2022,9900.0
2022-10-01 22:00:00,-0.954,-1.701,-0.7470000000000001,-79.9628645,32.89045228,021720677,USGS,IAN,2022,9960.0
2022-10-01 23:00:00,-1.804,-2.154,-0.3499999999999998,-79.9628645,32.89045228,021720677,USGS,IAN,2022,10020.0
2022-09-25 01:00:00,3.59,1.973,-1.6169999999999998,-79.9526667,32.85569444,0217206935,USGS,IAN,2022,60.0
2022-09-25 02:00:00,2.78,1.022,-1.7579999999999998,-79.9526667,32.85569444,0217206935,USGS,IAN,2022,120.0
2022-09-25 03:00:00,1.52,-0.069,-1.589,-79.9526667,32.85569444,0217206935,USGS,IAN,2022,180.0
2022-09-25 04:00:00,0.22,-1.167,-1.387,-79.9526667,32.85569444,0217206935,USGS,IAN,2022,240.0
2022-09-25 05:00:00,-0.91,-1.999,-1.089,-79.9526667,32.85569444,0217206935,USGS,IAN,2022,300.0
2022-09-25 06:00:00,-1.62,-2.345,-0.7250000000000001,-79.9526667,32.85569444,0217206935,USGS,IAN,2022,360.0
2022-09-25 07:00:00,-1.62,-2.056,-0.4359999999999999,-79.9526667,32.85569444,0217206935,USGS,IAN,2022,420.0
2022-09-25 08:00:00,-0.84,-1.129,-0.289,-79.9526667,32.85569444,0217206935,USGS,IAN,2022,480.0
2022-09-25 09:00:00,0.44,0.046,-0.394,-79.9526667,32.85569444,0217206935,USGS,IAN,2022,540.0
2022-09-25 10:00:00,1.7,1.195,-0.5049999999999999,-79.9526667,32.85569444,0217206935,USGS,IAN,2022,600.0
2022-09-25 11:00:00,2.47,2.128,-0.3420000000000001,-79.9526667,32.85569444,0217206935,USGS,IAN,2022,660.0
2022-09-25 12:00:00,2.94,2.439,-0.5009999999999999,-79.9526667,32.85569444,0217206935,USGS,IAN,2022,720.0
2022-09-25 13:00:00,3.15,2.162,-0.988,-79.9526667,32.85569444,0217206935,USGS,IAN,2022,780.0
2022-09-25 14:00:00,2.9,1.282,-1.618,-79.9526667,32.85569444,0217206935,USGS,IAN,2022,840.0
2022-09-25 15:00:00,1.97,0.178,-1.792,-79.9526667,32.85569444,0217206935,USGS,IAN,2022,900.0
2022-09-25 16:00:00,0.61,-0.961,-1.571,-79.9526667,32.85569444,0217206935,USGS,IAN,2022,960.0
2022-09-25 17:00:00,-0.93,-1.901,-0.971,-79.9526667,32.85569444,0217206935,USGS,IAN,2022,1020.0
2022-09-25 18:00:00,-2.05,-2.385,-0.3349999999999999,-79.9526667,32.85569444,0217206935,USGS,IAN,2022,1080.0
2022-09-25 19:00:00,-2.36,-2.288,0.072,-79.9526667,32.85569444,0217206935,USGS,IAN,2022,1140.0
2022-09-25 20:00:00,-1.49,-1.493,-0.0030000000000001,-79.9526667,32.85569444,0217206935,USGS,IAN,2022,1200.0
2022-09-25 21:00:00,0.06,-0.315,-0.375,-79.9526667,32.85569444,0217206935,USGS,IAN,2022,1260.0
2022-09-25 22:00:00,1.72,0.896,-0.824,-79.9526667,32.85569444,0217206935,USGS,IAN,2022,1320.0
2022-09-25 23:00:00,2.76,1.939,-0.8209999999999997,-79.9526667,32.85569444,0217206935,USGS,IAN,2022,1380.0
2022-09-26 00:00:00,3.41,2.462,-0.948,-79.9526667,32.85569444,0217206935,USGS,IAN,2022,1440.0
2022-09-26 01:00:00,3.61,2.43,-1.1799999999999995,-79.9526667,32.85569444,0217206935,USGS,IAN,2022,1500.0
2022-09-26 02:00:00,3.22,1.717,-1.503,-79.9526667,32.85569444,0217206935,USGS,IAN,2022,1560.0
2022-09-26 03:00:00,2.15,0.602,-1.548,-79.9526667,32.85569444,0217206935,USGS,IAN,2022,1620.0
2022-09-26 04:00:00,0.78,-0.629,-1.409,-79.9526667,32.85569444,0217206935,USGS,IAN,2022,1680.0
2022-09-26 05:00:00,-0.67,-1.622,-0.952,-79.9526667,32.85569444,0217206935,USGS,IAN,2022,1740.0
2022-09-26 06:00:00,-1.7,-2.336,-0.6359999999999999,-79.9526667,32.85569444,0217206935,USGS,IAN,2022,1800.0
2022-09-26 07:00:00,-2.08,-2.476,-0.3959999999999999,-79.9526667,32.85569444,0217206935,USGS,IAN,2022,1860.0
2022-09-26 08:00:00,-1.62,-1.859,-0.2389999999999998,-79.9526667,32.85569444,0217206935,USGS,IAN,2022,1920.0
2022-09-26 09:00:00,-0.52,-0.724,-0.2039999999999999,-79.9526667,32.85569444,0217206935,USGS,IAN,2022,1980.0
2022-09-26 10:00:00,1.03,0.575,-0.455,-79.9526667,32.85569444,0217206935,USGS,IAN,2022,2040.0
2022-09-26 11:00:00,2.08,1.769,-0.3110000000000001,-79.9526667,32.85569444,0217206935,USGS,IAN,2022,2100.0
2022-09-26 12:00:00,2.65,2.523,-0.1269999999999997,-79.9526667,32.85569444,0217206935,USGS,IAN,2022,2160.0
2022-09-26 13:00:00,3.09,2.688,-0.4019999999999997,-79.9526667,32.85569444,0217206935,USGS,IAN,2022,2220.0
2022-09-26 14:00:00,3.1,2.207,-0.8930000000000002,-79.9526667,32.85569444,0217206935,USGS,IAN,2022,2280.0
2022-09-26 15:00:00,2.44,1.153,-1.287,-79.9526667,32.85569444,0217206935,USGS,IAN,2022,2340.0
2022-09-26 16:00:00,1.25,-0.07,-1.32,-79.9526667,32.85569444,0217206935,USGS,IAN,2022,2400.0
2022-09-26 17:00:00,-0.24,-1.261,-1.021,-79.9526667,32.85569444,0217206935,USGS,IAN,2022,2460.0
2022-09-26 18:00:00,-1.49,-2.178,-0.688,-79.9526667,32.85569444,0217206935,USGS,IAN,2022,2520.0
2022-09-26 19:00:00,-2.24,-2.555,-0.3149999999999999,-79.9526667,32.85569444,0217206935,USGS,IAN,2022,2580.0
2022-09-26 20:00:00,-2.07,-2.272,-0.2019999999999999,-79.9526667,32.85569444,0217206935,USGS,IAN,2022,2640.0
2022-09-26 21:00:00,-1.02,-1.282,-0.262,-79.9526667,32.85569444,0217206935,USGS,IAN,2022,2700.0
2022-09-26 22:00:00,0.61,0.024,-0.586,-79.9526667,32.85569444,0217206935,USGS,IAN,2022,2760.0
2022-09-26 23:00:00,2.14,1.242,-0.8980000000000001,-79.9526667,32.85569444,0217206935,USGS,IAN,2022,2820.0
2022-09-27 00:00:00,2.89,2.216,-0.6739999999999999,-79.9526667,32.85569444,0217206935,USGS,IAN,2022,2880.0
2022-09-27 01:00:00,3.32,2.568,-0.7519999999999998,-79.9526667,32.85569444,0217206935,USGS,IAN,2022,2940.0
2022-09-27 02:00:00,3.32,2.303,-1.017,-79.9526667,32.85569444,0217206935,USGS,IAN,2022,3000.0
2022-09-27 03:00:00,2.64,1.35,-1.29,-79.9526667,32.85569444,0217206935,USGS,IAN,2022,3060.0
2022-09-27 04:00:00,1.51,0.12,-1.39,-79.9526667,32.85569444,0217206935,USGS,IAN,2022,3120.0
2022-09-27 05:00:00,0.0,-1.08,-1.08,-79.9526667,32.85569444,0217206935,USGS,IAN,2022,3180.0
2022-09-27 06:00:00,-1.38,-2.096,-0.7160000000000002,-79.9526667,32.85569444,0217206935,USGS,IAN,2022,3240.0
2022-09-27 07:00:00,-2.32,-2.611,-0.2910000000000003,-79.9526667,32.85569444,0217206935,USGS,IAN,2022,3300.0
2022-09-27 08:00:00,-2.42,-2.49,-0.0700000000000002,-79.9526667,32.85569444,0217206935,USGS,IAN,2022,3360.0
2022-09-27 09:00:00,-1.6,-1.542,0.058,-79.9526667,32.85569444,0217206935,USGS,IAN,2022,3420.0
2022-09-27 10:00:00,-0.13,-0.236,-0.1059999999999999,-79.9526667,32.85569444,0217206935,USGS,IAN,2022,3480.0
2022-09-27 11:00:00,1.38,1.108,-0.2719999999999998,-79.9526667,32.85569444,0217206935,USGS,IAN,2022,3540.0
2022-09-27 12:00:00,2.39,2.312,-0.0780000000000002,-79.9526667,32.85569444,0217206935,USGS,IAN,2022,3600.0
2022-09-27 13:00:00,3.13,2.853,-0.2769999999999997,-79.9526667,32.85569444,0217206935,USGS,IAN,2022,3660.0
2022-09-27 14:00:00,3.4,2.882,-0.5179999999999998,-79.9526667,32.85569444,0217206935,USGS,IAN,2022,3720.0
2022-09-27 15:00:00,3.18,2.138,-1.0420000000000005,-79.9526667,32.85569444,0217206935,USGS,IAN,2022,3780.0
2022-09-27 16:00:00,2.27,0.896,-1.374,-79.9526667,32.85569444,0217206935,USGS,IAN,2022,3840.0
2022-09-27 17:00:00,1.01,-0.392,-1.402,-79.9526667,32.85569444,0217206935,USGS,IAN,2022,3900.0
2022-09-27 18:00:00,-0.45,-1.542,-1.092,-79.9526667,32.85569444,0217206935,USGS,IAN,2022,3960.0
2022-09-27 19:00:00,-1.66,-2.353,-0.6930000000000003,-79.9526667,32.85569444,0217206935,USGS,IAN,2022,4020.0
2022-09-27 20:00:00,-2.29,-2.593,-0.3029999999999999,-79.9526667,32.85569444,0217206935,USGS,IAN,2022,4080.0
2022-09-27 21:00:00,-2.01,-2.053,-0.0430000000000001,-79.9526667,32.85569444,0217206935,USGS,IAN,2022,4140.0
2022-09-27 22:00:00,-0.77,-0.944,-0.1739999999999999,-79.9526667,32.85569444,0217206935,USGS,IAN,2022,4200.0
2022-09-27 23:00:00,1.01,0.35,-0.66,-79.9526667,32.85569444,0217206935,USGS,IAN,2022,4260.0
2022-09-28 00:00:00,2.2,1.512,-0.6880000000000002,-79.9526667,32.85569444,0217206935,USGS,IAN,2022,4320.0
2022-09-28 01:00:00,2.85,2.336,-0.5140000000000002,-79.9526667,32.85569444,0217206935,USGS,IAN,2022,4380.0
2022-09-28 02:00:00,3.11,2.502,-0.6080000000000001,-79.9526667,32.85569444,0217206935,USGS,IAN,2022,4440.0
2022-09-28 03:00:00,3.0,2.004,-0.996,-79.9526667,32.85569444,0217206935,USGS,IAN,2022,4500.0
2022-09-28 04:00:00,2.19,0.905,-1.285,-79.9526667,32.85569444,0217206935,USGS,IAN,2022,4560.0
2022-09-28 05:00:00,0.89,-0.315,-1.205,-79.9526667,32.85569444,0217206935,USGS,IAN,2022,4620.0
2022-09-28 06:00:00,-0.59,-1.498,-0.908,-79.9526667,32.85569444,0217206935,USGS,IAN,2022,4680.0
2022-09-28 07:00:00,-1.71,-2.358,-0.6480000000000001,-79.9526667,32.85569444,0217206935,USGS,IAN,2022,4740.0
2022-09-28 08:00:00,-2.28,-2.683,-0.403,-79.9526667,32.85569444,0217206935,USGS,IAN,2022,4800.0
2022-09-28 09:00:00,-1.93,-2.283,-0.353,-79.9526667,32.85569444,0217206935,USGS,IAN,2022,4860.0
2022-09-28 10:00:00,-0.89,-1.206,-0.3159999999999999,-79.9526667,32.85569444,0217206935,USGS,IAN,2022,4920.0
2022-09-28 11:00:00,0.62,0.187,-0.433,-79.9526667,32.85569444,0217206935,USGS,IAN,2022,4980.0
2022-09-28 12:00:00,1.98,1.567,-0.413,-79.9526667,32.85569444,0217206935,USGS,IAN,2022,5040.0
2022-09-28 13:00:00,2.86,2.645,-0.2149999999999998,-79.9526667,32.85569444,0217206935,USGS,IAN,2022,5100.0
2022-09-28 14:00:00,3.36,3.066,-0.294,-79.9526667,32.85569444,0217206935,USGS,IAN,2022,5160.0
2022-09-28 15:00:00,3.72,2.888,-0.8320000000000003,-79.9526667,32.85569444,0217206935,USGS,IAN,2022,5220.0
2022-09-28 16:00:00,3.49,2.013,-1.4770000000000003,-79.9526667,32.85569444,0217206935,USGS,IAN,2022,5280.0
2022-09-28 17:00:00,2.57,0.69,-1.88,-79.9526667,32.85569444,0217206935,USGS,IAN,2022,5340.0
2022-09-28 18:00:00,1.33,-0.656,-1.986,-79.9526667,32.85569444,0217206935,USGS,IAN,2022,5400.0
2022-09-28 19:00:00,-0.17,-1.714,-1.544,-79.9526667,32.85569444,0217206935,USGS,IAN,2022,5460.0
2022-09-28 20:00:00,-1.24,-2.439,-1.199,-79.9526667,32.85569444,0217206935,USGS,IAN,2022,5520.0
2022-09-28 21:00:00,-1.93,-2.552,-0.6220000000000001,-79.9526667,32.85569444,0217206935,USGS,IAN,2022,5580.0
2022-09-28 22:00:00,-1.45,-1.81,-0.3600000000000001,-79.9526667,32.85569444,0217206935,USGS,IAN,2022,5640.0
2022-09-28 23:00:00,-0.14,-0.626,-0.486,-79.9526667,32.85569444,0217206935,USGS,IAN,2022,5700.0
2022-09-29 00:00:00,1.44,0.673,-0.7669999999999999,-79.9526667,32.85569444,0217206935,USGS,IAN,2022,5760.0
2022-09-29 01:00:00,2.49,1.784,-0.7060000000000002,-79.9526667,32.85569444,0217206935,USGS,IAN,2022,5820.0
2022-09-29 02:00:00,2.91,2.456,-0.4540000000000002,-79.9526667,32.85569444,0217206935,USGS,IAN,2022,5880.0
2022-09-29 03:00:00,3.26,2.634,-0.6259999999999999,-79.9526667,32.85569444,0217206935,USGS,IAN,2022,5940.0
2022-09-29 04:00:00,3.01,2.209,-0.8009999999999997,-79.9526667,32.85569444,0217206935,USGS,IAN,2022,6000.0
2022-09-29 05:00:00,2.3,1.296,-1.0039999999999998,-79.9526667,32.85569444,0217206935,USGS,IAN,2022,6060.0
2022-09-29 06:00:00,1.33,0.395,-0.935,-79.9526667,32.85569444,0217206935,USGS,IAN,2022,6120.0
2022-09-29 07:00:00,0.19,-0.468,-0.658,-79.9526667,32.85569444,0217206935,USGS,IAN,2022,6180.0
2022-09-29 08:00:00,-0.82,-1.029,-0.2089999999999999,-79.9526667,32.85569444,0217206935,USGS,IAN,2022,6240.0
2022-09-29 09:00:00,-1.25,-1.164,0.086,-79.9526667,32.85569444,0217206935,USGS,IAN,2022,6300.0
2022-09-29 10:00:00,-0.94,-0.652,0.2879999999999999,-79.9526667,32.85569444,0217206935,USGS,IAN,2022,6360.0
2022-09-29 11:00:00,0.12,0.477,0.357,-79.9526667,32.85569444,0217206935,USGS,IAN,2022,6420.0
2022-09-29 12:00:00,1.39,1.974,0.5840000000000001,-79.9526667,32.85569444,0217206935,USGS,IAN,2022,6480.0
2022-09-29 13:00:00,2.45,3.325,0.875,-79.9526667,32.85569444,0217206935,USGS,IAN,2022,6540.0
2022-09-29 14:00:00,3.27,4.299,1.0290000000000004,-79.9526667,32.85569444,0217206935,USGS,IAN,2022,6600.0
2022-09-29 15:00:00,4.0,4.63,0.6299999999999999,-79.9526667,32.85569444,0217206935,USGS,IAN,2022,6660.0
2022-09-29 16:00:00,4.34,4.528,0.1879999999999997,-79.9526667,32.85569444,0217206935,USGS,IAN,2022,6720.0
2022-09-29 17:00:00,4.17,3.956,-0.2139999999999999,-79.9526667,32.85569444,0217206935,USGS,IAN,2022,6780.0
2022-09-29 18:00:00,3.41,3.019,-0.391,-79.9526667,32.85569444,0217206935,USGS,IAN,2022,6840.0
2022-09-29 19:00:00,2.2,1.965,-0.2350000000000001,-79.9526667,32.85569444,0217206935,USGS,IAN,2022,6900.0
2022-09-29 20:00:00,0.89,0.879,-0.011,-79.9526667,32.85569444,0217206935,USGS,IAN,2022,6960.0
2022-09-29 21:00:00,-0.25,0.136,0.386,-79.9526667,32.85569444,0217206935,USGS,IAN,2022,7020.0
2022-09-29 22:00:00,-0.89,-0.11,0.78,-79.9526667,32.85569444,0217206935,USGS,IAN,2022,7080.0
2022-09-29 23:00:00,-0.59,0.458,1.048,-79.9526667,32.85569444,0217206935,USGS,IAN,2022,7140.0
2022-09-30 00:00:00,0.56,1.506,0.946,-79.9526667,32.85569444,0217206935,USGS,IAN,2022,7200.0
2022-09-30 01:00:00,1.71,2.696,0.9860000000000002,-79.9526667,32.85569444,0217206935,USGS,IAN,2022,7260.0
2022-09-30 02:00:00,2.52,3.571,1.0510000000000002,-79.9526667,32.85569444,0217206935,USGS,IAN,2022,7320.0
2022-09-30 03:00:00,3.14,4.168,1.028,-79.9526667,32.85569444,0217206935,USGS,IAN,2022,7380.0
2022-09-30 04:00:00,3.62,4.345,0.7249999999999996,-79.9526667,32.85569444,0217206935,USGS,IAN,2022,7440.0
2022-09-30 05:00:00,3.43,4.003,0.573,-79.9526667,32.85569444,0217206935,USGS,IAN,2022,7500.0
2022-09-30 06:00:00,3.05,3.212,0.1620000000000003,-79.9526667,32.85569444,0217206935,USGS,IAN,2022,7560.0
2022-09-30 07:00:00,1.85,2.218,0.3679999999999999,-79.9526667,32.85569444,0217206935,USGS,IAN,2022,7620.0
2022-09-30 08:00:00,0.75,1.128,0.3779999999999999,-79.9526667,32.85569444,0217206935,USGS,IAN,2022,7680.0
2022-09-30 09:00:00,-0.36,0.39,0.75,-79.9526667,32.85569444,0217206935,USGS,IAN,2022,7740.0
2022-09-30 10:00:00,-1.28,0.29,1.57,-79.9526667,32.85569444,0217206935,USGS,IAN,2022,7800.0
2022-09-30 11:00:00,-1.06,0.655,1.715,-79.9526667,32.85569444,0217206935,USGS,IAN,2022,7860.0
2022-09-30 12:00:00,-0.2,1.648,1.848,-79.9526667,32.85569444,0217206935,USGS,IAN,2022,7920.0
2022-09-30 13:00:00,1.12,2.773,1.653,-79.9526667,32.85569444,0217206935,USGS,IAN,2022,7980.0
2022-09-30 14:00:00,2.61,3.771,1.161,-79.9526667,32.85569444,0217206935,USGS,IAN,2022,8040.0
2022-09-30 15:00:00,3.16,4.732,1.572,-79.9526667,32.85569444,0217206935,USGS,IAN,2022,8100.0
2022-09-30 16:00:00,3.57,4.593,1.023,-79.9526667,32.85569444,0217206935,USGS,IAN,2022,8160.0
2022-09-30 17:00:00,3.47,3.27,-0.2000000000000001,-79.9526667,32.85569444,0217206935,USGS,IAN,2022,8220.0
2022-09-30 18:00:00,2.6,1.343,-1.257,-79.9526667,32.85569444,0217206935,USGS,IAN,2022,8280.0
2022-09-30 19:00:00,1.54,-0.795,-2.335,-79.9526667,32.85569444,0217206935,USGS,IAN,2022,8340.0
2022-09-30 20:00:00,1.04,-2.239,-3.279,-79.9526667,32.85569444,0217206935,USGS,IAN,2022,8400.0
2022-09-30 21:00:00,-0.05,-3.286,-3.236,-79.9526667,32.85569444,0217206935,USGS,IAN,2022,8460.0
2022-09-30 22:00:00,-1.27,-3.731,-2.461,-79.9526667,32.85569444,0217206935,USGS,IAN,2022,8520.0
2022-09-30 23:00:00,-1.94,-3.244,-1.3040000000000005,-79.9526667,32.85569444,0217206935,USGS,IAN,2022,8580.0
2022-10-01 00:00:00,-1.7,-2.947,-1.247,-79.9526667,32.85569444,0217206935,USGS,IAN,2022,8640.0
2022-10-01 01:00:00,-0.24,-2.272,-2.032,-79.9526667,32.85569444,0217206935,USGS,IAN,2022,8700.0
2022-10-01 02:00:00,1.1,-1.125,-2.225,-79.9526667,32.85569444,0217206935,USGS,IAN,2022,8760.0
2022-10-01 03:00:00,2.02,0.155,-1.865,-79.9526667,32.85569444,0217206935,USGS,IAN,2022,8820.0
2022-10-01 04:00:00,2.57,1.194,-1.376,-79.9526667,32.85569444,0217206935,USGS,IAN,2022,8880.0
2022-10-01 05:00:00,2.56,1.46,-1.1,-79.9526667,32.85569444,0217206935,USGS,IAN,2022,8940.0
2022-10-01 06:00:00,2.13,0.707,-1.423,-79.9526667,32.85569444,0217206935,USGS,IAN,2022,9000.0
2022-10-01 07:00:00,1.04,-0.578,-1.618,-79.9526667,32.85569444,0217206935,USGS,IAN,2022,9060.0
2022-10-01 08:00:00,-0.38,-1.623,-1.243,-79.9526667,32.85569444,0217206935,USGS,IAN,2022,9120.0
2022-10-01 09:00:00,-1.55,-2.402,-0.8520000000000001,-79.9526667,32.85569444,0217206935,USGS,IAN,2022,9180.0
2022-10-01 10:00:00,-2.12,-2.972,-0.8519999999999999,-79.9526667,32.85569444,0217206935,USGS,IAN,2022,9240.0
2022-10-01 11:00:00,-1.94,-3.033,-1.093,-79.9526667,32.85569444,0217206935,USGS,IAN,2022,9300.0
2022-10-01 12:00:00,-1.02,-2.221,-1.201,-79.9526667,32.85569444,0217206935,USGS,IAN,2022,9360.0
2022-10-01 13:00:00,0.22,-0.796,-1.016,-79.9526667,32.85569444,0217206935,USGS,IAN,2022,9420.0
2022-10-01 14:00:00,1.45,0.786,-0.6639999999999999,-79.9526667,32.85569444,0217206935,USGS,IAN,2022,9480.0
2022-10-01 15:00:00,2.41,2.169,-0.2410000000000001,-79.9526667,32.85569444,0217206935,USGS,IAN,2022,9540.0
2022-10-01 16:00:00,3.06,3.019,-0.0409999999999999,-79.9526667,32.85569444,0217206935,USGS,IAN,2022,9600.0
2022-10-01 17:00:00,3.45,3.005,-0.4450000000000003,-79.9526667,32.85569444,0217206935,USGS,IAN,2022,9660.0
2022-10-01 18:00:00,3.39,2.27,-1.12,-79.9526667,32.85569444,0217206935,USGS,IAN,2022,9720.0
2022-10-01 19:00:00,2.72,1.066,-1.654,-79.9526667,32.85569444,0217206935,USGS,IAN,2022,9780.0
2022-10-01 20:00:00,1.6,-0.038,-1.638,-79.9526667,32.85569444,0217206935,USGS,IAN,2022,9840.0
2022-10-01 21:00:00,0.34,-1.071,-1.411,-79.9526667,32.85569444,0217206935,USGS,IAN,2022,9900.0
2022-10-01 22:00:00,-0.86,-1.987,-1.1270000000000002,-79.9526667,32.85569444,0217206935,USGS,IAN,2022,9960.0
2022-10-01 23:00:00,-1.63,-2.307,-0.677,-79.9526667,32.85569444,0217206935,USGS,IAN,2022,10020.0
2022-09-25 01:00:00,4.045,2.255,-1.79,-79.8326944,32.92427778,0217206962,USGS,IAN,2022,60.0
2022-09-25 02:00:00,3.595,1.218,-2.377,-79.8326944,32.92427778,0217206962,USGS,IAN,2022,120.0
2022-09-25 03:00:00,2.525,0.004,-2.521,-79.8326944,32.92427778,0217206962,USGS,IAN,2022,180.0
2022-09-25 04:00:00,1.255,-1.166,-2.421,-79.8326944,32.92427778,0217206962,USGS,IAN,2022,240.0
2022-09-25 05:00:00,-0.185,-2.163,-1.978,-79.8326944,32.92427778,0217206962,USGS,IAN,2022,300.0
2022-09-25 06:00:00,-1.565,-2.689,-1.124,-79.8326944,32.92427778,0217206962,USGS,IAN,2022,360.0
2022-09-25 07:00:00,-2.185,-2.454,-0.2690000000000001,-79.8326944,32.92427778,0217206962,USGS,IAN,2022,420.0
2022-09-25 08:00:00,-1.305,-1.424,-0.119,-79.8326944,32.92427778,0217206962,USGS,IAN,2022,480.0
2022-09-25 09:00:00,0.135,-0.098,-0.233,-79.8326944,32.92427778,0217206962,USGS,IAN,2022,540.0
2022-09-25 10:00:00,1.435,1.187,-0.248,-79.8326944,32.92427778,0217206962,USGS,IAN,2022,600.0
2022-09-25 11:00:00,2.375,2.263,-0.1120000000000001,-79.8326944,32.92427778,0217206962,USGS,IAN,2022,660.0
2022-09-25 12:00:00,3.045,2.702,-0.3429999999999999,-79.8326944,32.92427778,0217206962,USGS,IAN,2022,720.0
2022-09-25 13:00:00,3.405,2.467,-0.9379999999999996,-79.8326944,32.92427778,0217206962,USGS,IAN,2022,780.0
2022-09-25 14:00:00,3.395,1.565,-1.83,-79.8326944,32.92427778,0217206962,USGS,IAN,2022,840.0
2022-09-25 15:00:00,2.825,0.341,-2.484,-79.8326944,32.92427778,0217206962,USGS,IAN,2022,900.0
2022-09-25 16:00:00,1.615,-0.885,-2.5,-79.8326944,32.92427778,0217206962,USGS,IAN,2022,960.0
2022-09-25 17:00:00,0.085,-2.014,-2.099,-79.8326944,32.92427778,0217206962,USGS,IAN,2022,1020.0
2022-09-25 18:00:00,-1.675,-2.674,-0.999,-79.8326944,32.92427778,0217206962,USGS,IAN,2022,1080.0
2022-09-25 19:00:00,-2.755,-2.697,0.0579999999999998,-79.8326944,32.92427778,0217206962,USGS,IAN,2022,1140.0
2022-09-25 20:00:00,-2.215,-1.845,0.3699999999999999,-79.8326944,32.92427778,0217206962,USGS,IAN,2022,1200.0
2022-09-25 21:00:00,-0.435,-0.55,-0.115,-79.8326944,32.92427778,0217206962,USGS,IAN,2022,1260.0
2022-09-25 22:00:00,1.265,0.836,-0.4289999999999999,-79.8326944,32.92427778,0217206962,USGS,IAN,2022,1320.0
2022-09-25 23:00:00,2.505,2.033,-0.472,-79.8326944,32.92427778,0217206962,USGS,IAN,2022,1380.0
2022-09-26 00:00:00,3.375,2.705,-0.6699999999999999,-79.8326944,32.92427778,0217206962,USGS,IAN,2022,1440.0
2022-09-26 01:00:00,3.865,2.756,-1.1090000000000004,-79.8326944,32.92427778,0217206962,USGS,IAN,2022,1500.0
2022-09-26 02:00:00,3.845,2.084,-1.761,-79.8326944,32.92427778,0217206962,USGS,IAN,2022,1560.0
2022-09-26 03:00:00,3.115,0.803,-2.3120000000000003,-79.8326944,32.92427778,0217206962,USGS,IAN,2022,1620.0
2022-09-26 04:00:00,1.915,-0.502,-2.417,-79.8326944,32.92427778,0217206962,USGS,IAN,2022,1680.0
2022-09-26 05:00:00,0.495,-1.707,-2.202,-79.8326944,32.92427778,0217206962,USGS,IAN,2022,1740.0
2022-09-26 06:00:00,-1.145,-2.59,-1.4449999999999998,-79.8326944,32.92427778,0217206962,USGS,IAN,2022,1800.0
2022-09-26 07:00:00,-2.395,-2.94,-0.5449999999999999,-79.8326944,32.92427778,0217206962,USGS,IAN,2022,1860.0
2022-09-26 08:00:00,-2.325,-2.297,0.028,-79.8326944,32.92427778,0217206962,USGS,IAN,2022,1920.0
2022-09-26 09:00:00,-0.845,-1.024,-0.179,-79.8326944,32.92427778,0217206962,USGS,IAN,2022,1980.0
2022-09-26 10:00:00,0.625,0.416,-0.209,-79.8326944,32.92427778,0217206962,USGS,IAN,2022,2040.0
2022-09-26 11:00:00,1.845,1.801,-0.044,-79.8326944,32.92427778,0217206962,USGS,IAN,2022,2100.0
2022-09-26 12:00:00,2.695,2.712,0.0170000000000003,-79.8326944,32.92427778,0217206962,USGS,IAN,2022,2160.0
2022-09-26 13:00:00,3.215,2.98,-0.2349999999999998,-79.8326944,32.92427778,0217206962,USGS,IAN,2022,2220.0
2022-09-26 14:00:00,3.445,2.576,-0.8689999999999998,-79.8326944,32.92427778,0217206962,USGS,IAN,2022,2280.0
2022-09-26 15:00:00,3.205,1.437,-1.768,-79.8326944,32.92427778,0217206962,USGS,IAN,2022,2340.0
2022-09-26 16:00:00,2.195,0.059,-2.136,-79.8326944,32.92427778,0217206962,USGS,IAN,2022,2400.0
2022-09-26 17:00:00,0.855,-1.242,-2.097,-79.8326944,32.92427778,0217206962,USGS,IAN,2022,2460.0
2022-09-26 18:00:00,-0.795,-2.306,-1.511,-79.8326944,32.92427778,0217206962,USGS,IAN,2022,2520.0
2022-09-26 19:00:00,-2.285,-2.961,-0.6759999999999997,-79.8326944,32.92427778,0217206962,USGS,IAN,2022,2580.0
2022-09-26 20:00:00,-2.685,-2.744,-0.0590000000000001,-79.8326944,32.92427778,0217206962,USGS,IAN,2022,2640.0
2022-09-26 21:00:00,-1.585,-1.688,-0.1029999999999999,-79.8326944,32.92427778,0217206962,USGS,IAN,2022,2700.0
2022-09-26 22:00:00,0.115,-0.236,-0.351,-79.8326944,32.92427778,0217206962,USGS,IAN,2022,2760.0
2022-09-26 23:00:00,1.725,1.218,-0.5070000000000001,-79.8326944,32.92427778,0217206962,USGS,IAN,2022,2820.0
2022-09-27 00:00:00,2.785,2.356,-0.4290000000000002,-79.8326944,32.92427778,0217206962,USGS,IAN,2022,2880.0
2022-09-27 01:00:00,3.435,2.84,-0.5950000000000002,-79.8326944,32.92427778,0217206962,USGS,IAN,2022,2940.0
2022-09-27 02:00:00,3.645,2.634,-1.011,-79.8326944,32.92427778,0217206962,USGS,IAN,2022,3000.0
2022-09-27 03:00:00,3.385,1.701,-1.6839999999999995,-79.8326944,32.92427778,0217206962,USGS,IAN,2022,3060.0
2022-09-27 04:00:00,2.415,0.38,-2.035,-79.8326944,32.92427778,0217206962,USGS,IAN,2022,3120.0
2022-09-27 05:00:00,1.125,-0.975,-2.1,-79.8326944,32.92427778,0217206962,USGS,IAN,2022,3180.0
2022-09-27 06:00:00,-0.515,-2.169,-1.654,-79.8326944,32.92427778,0217206962,USGS,IAN,2022,3240.0
2022-09-27 07:00:00,-2.125,-2.964,-0.839,-79.8326944,32.92427778,0217206962,USGS,IAN,2022,3300.0
2022-09-27 08:00:00,-2.995,-2.963,0.032,-79.8326944,32.92427778,0217206962,USGS,IAN,2022,3360.0
2022-09-27 09:00:00,-2.295,-1.996,0.2989999999999999,-79.8326944,32.92427778,0217206962,USGS,IAN,2022,3420.0
2022-09-27 10:00:00,-0.545,-0.562,-0.017,-79.8326944,32.92427778,0217206962,USGS,IAN,2022,3480.0
2022-09-27 11:00:00,1.025,0.956,-0.0689999999999999,-79.8326944,32.92427778,0217206962,USGS,IAN,2022,3540.0
2022-09-27 12:00:00,2.185,2.351,0.1659999999999999,-79.8326944,32.92427778,0217206962,USGS,IAN,2022,3600.0
2022-09-27 13:00:00,2.975,3.081,0.1059999999999998,-79.8326944,32.92427778,0217206962,USGS,IAN,2022,3660.0
2022-09-27 14:00:00,3.555,3.205,-0.3500000000000001,-79.8326944,32.92427778,0217206962,USGS,IAN,2022,3720.0
2022-09-27 15:00:00,3.675,2.603,-1.0719999999999996,-79.8326944,32.92427778,0217206962,USGS,IAN,2022,3780.0
2022-09-27 16:00:00,3.155,1.242,-1.913,-79.8326944,32.92427778,0217206962,USGS,IAN,2022,3840.0
2022-09-27 17:00:00,2.015,-0.257,-2.272,-79.8326944,32.92427778,0217206962,USGS,IAN,2022,3900.0
2022-09-27 18:00:00,0.595,-1.595,-2.19,-79.8326944,32.92427778,0217206962,USGS,IAN,2022,3960.0
2022-09-27 19:00:00,-1.055,-2.598,-1.543,-79.8326944,32.92427778,0217206962,USGS,IAN,2022,4020.0
2022-09-27 20:00:00,-2.435,-3.07,-0.6349999999999998,-79.8326944,32.92427778,0217206962,USGS,IAN,2022,4080.0
2022-09-27 21:00:00,-2.825,-2.573,0.2520000000000002,-79.8326944,32.92427778,0217206962,USGS,IAN,2022,4140.0
2022-09-27 22:00:00,-1.335,-1.325,0.01,-79.8326944,32.92427778,0217206962,USGS,IAN,2022,4200.0
2022-09-27 23:00:00,0.505,0.179,-0.326,-79.8326944,32.92427778,0217206962,USGS,IAN,2022,4260.0
2022-09-28 00:00:00,1.875,1.564,-0.3109999999999999,-79.8326944,32.92427778,0217206962,USGS,IAN,2022,4320.0
2022-09-28 01:00:00,2.815,2.517,-0.298,-79.8326944,32.92427778,0217206962,USGS,IAN,2022,4380.0
2022-09-28 02:00:00,3.305,2.781,-0.524,-79.8326944,32.92427778,0217206962,USGS,IAN,2022,4440.0
2022-09-28 03:00:00,3.435,2.357,-1.0779999999999998,-79.8326944,32.92427778,0217206962,USGS,IAN,2022,4500.0
2022-09-28 04:00:00,2.995,1.209,-1.786,-79.8326944,32.92427778,0217206962,USGS,IAN,2022,4560.0
2022-09-28 05:00:00,1.845,-0.203,-2.048,-79.8326944,32.92427778,0217206962,USGS,IAN,2022,4620.0
2022-09-28 06:00:00,0.425,-1.511,-1.936,-79.8326944,32.92427778,0217206962,USGS,IAN,2022,4680.0
2022-09-28 07:00:00,-1.245,-2.556,-1.311,-79.8326944,32.92427778,0217206962,USGS,IAN,2022,4740.0
2022-09-28 08:00:00,-2.625,-3.128,-0.5030000000000001,-79.8326944,32.92427778,0217206962,USGS,IAN,2022,4800.0
2022-09-28 09:00:00,-2.655,-2.784,-0.129,-79.8326944,32.92427778,0217206962,USGS,IAN,2022,4860.0
2022-09-28 10:00:00,-1.325,-1.642,-0.3169999999999999,-79.8326944,32.92427778,0217206962,USGS,IAN,2022,4920.0
2022-09-28 11:00:00,0.095,-0.083,-0.178,-79.8326944,32.92427778,0217206962,USGS,IAN,2022,4980.0
2022-09-28 12:00:00,1.515,1.48,-0.0349999999999999,-79.8326944,32.92427778,0217206962,USGS,IAN,2022,5040.0
2022-09-28 13:00:00,2.485,2.732,0.2470000000000003,-79.8326944,32.92427778,0217206962,USGS,IAN,2022,5100.0
2022-09-28 14:00:00,3.255,3.302,0.0470000000000001,-79.8326944,32.92427778,0217206962,USGS,IAN,2022,5160.0
2022-09-28 15:00:00,3.785,3.276,-0.5090000000000003,-79.8326944,32.92427778,0217206962,USGS,IAN,2022,5220.0
2022-09-28 16:00:00,3.925,2.49,-1.4349999999999996,-79.8326944,32.92427778,0217206962,USGS,IAN,2022,5280.0
2022-09-28 17:00:00,3.435,1.026,-2.409,-79.8326944,32.92427778,0217206962,USGS,IAN,2022,5340.0
2022-09-28 18:00:00,2.305,-0.506,-2.811,-79.8326944,32.92427778,0217206962,USGS,IAN,2022,5400.0
2022-09-28 19:00:00,1.015,-1.806,-2.821,-79.8326944,32.92427778,0217206962,USGS,IAN,2022,5460.0
2022-09-28 20:00:00,-0.565,-2.715,-2.15,-79.8326944,32.92427778,0217206962,USGS,IAN,2022,5520.0
2022-09-28 21:00:00,-1.955,-3.062,-1.1069999999999998,-79.8326944,32.92427778,0217206962,USGS,IAN,2022,5580.0
2022-09-28 22:00:00,-2.255,-2.338,-0.0830000000000001,-79.8326944,32.92427778,0217206962,USGS,IAN,2022,5640.0
2022-09-28 23:00:00,-0.725,-0.949,-0.2239999999999999,-79.8326944,32.92427778,0217206962,USGS,IAN,2022,5700.0
2022-09-29 00:00:00,0.945,0.671,-0.2739999999999999,-79.8326944,32.92427778,0217206962,USGS,IAN,2022,5760.0
2022-09-29 01:00:00,2.175,1.845,-0.3299999999999998,-79.8326944,32.92427778,0217206962,USGS,IAN,2022,5820.0
2022-09-29 02:00:00,2.945,2.644,-0.3009999999999997,-79.8326944,32.92427778,0217206962,USGS,IAN,2022,5880.0
2022-09-29 03:00:00,3.335,2.807,-0.528,-79.8326944,32.92427778,0217206962,USGS,IAN,2022,5940.0
2022-09-29 04:00:00,3.385,2.357,-1.0279999999999996,-79.8326944,32.92427778,0217206962,USGS,IAN,2022,6000.0
2022-09-29 05:00:00,2.845,1.316,-1.529,-79.8326944,32.92427778,0217206962,USGS,IAN,2022,6060.0
2022-09-29 06:00:00,1.985,0.203,-1.782,-79.8326944,32.92427778,0217206962,USGS,IAN,2022,6120.0
2022-09-29 07:00:00,0.825,-0.728,-1.553,-79.8326944,32.92427778,0217206962,USGS,IAN,2022,6180.0
2022-09-29 08:00:00,-0.605,-1.417,-0.812,-79.8326944,32.92427778,0217206962,USGS,IAN,2022,6240.0
2022-09-29 09:00:00,-1.655,-1.654,0.0010000000000001,-79.8326944,32.92427778,0217206962,USGS,IAN,2022,6300.0
2022-09-29 10:00:00,-1.645,-1.154,0.4910000000000001,-79.8326944,32.92427778,0217206962,USGS,IAN,2022,6360.0
2022-09-29 11:00:00,-0.525,0.011,0.536,-79.8326944,32.92427778,0217206962,USGS,IAN,2022,6420.0
2022-09-29 12:00:00,0.875,1.495,0.6200000000000001,-79.8326944,32.92427778,0217206962,USGS,IAN,2022,6480.0
2022-09-29 13:00:00,2.045,3.006,0.961,-79.8326944,32.92427778,0217206962,USGS,IAN,2022,6540.0
2022-09-29 14:00:00,3.015,4.036,1.0209999999999997,-79.8326944,32.92427778,0217206962,USGS,IAN,2022,6600.0
2022-09-29 15:00:00,3.755,4.638,0.883,-79.8326944,32.92427778,0217206962,USGS,IAN,2022,6660.0
2022-09-29 16:00:00,4.325,4.8,0.4749999999999996,-79.8326944,32.92427778,0217206962,USGS,IAN,2022,6720.0
2022-09-29 17:00:00,4.475,4.356,-0.1189999999999997,-79.8326944,32.92427778,0217206962,USGS,IAN,2022,6780.0
2022-09-29 18:00:00,4.175,3.275,-0.8999999999999999,-79.8326944,32.92427778,0217206962,USGS,IAN,2022,6840.0
2022-09-29 19:00:00,3.175,1.86,-1.3149999999999995,-79.8326944,32.92427778,0217206962,USGS,IAN,2022,6900.0
2022-09-29 20:00:00,1.945,0.52,-1.425,-79.8326944,32.92427778,0217206962,USGS,IAN,2022,6960.0
2022-09-29 21:00:00,0.585,-0.554,-1.139,-79.8326944,32.92427778,0217206962,USGS,IAN,2022,7020.0
2022-09-29 22:00:00,-0.855,-0.872,-0.017,-79.8326944,32.92427778,0217206962,USGS,IAN,2022,7080.0
2022-09-29 23:00:00,-1.455,-0.278,1.177,-79.8326944,32.92427778,0217206962,USGS,IAN,2022,7140.0
2022-09-30 00:00:00,-0.215,0.866,1.081,-79.8326944,32.92427778,0217206962,USGS,IAN,2022,7200.0
2022-09-30 01:00:00,1.285,2.148,0.8630000000000002,-79.8326944,32.92427778,0217206962,USGS,IAN,2022,7260.0
2022-09-30 02:00:00,2.275,3.177,0.902,-79.8326944,32.92427778,0217206962,USGS,IAN,2022,7320.0
2022-09-30 03:00:00,2.985,3.926,0.9410000000000004,-79.8326944,32.92427778,0217206962,USGS,IAN,2022,7380.0
2022-09-30 04:00:00,3.555,4.317,0.762,-79.8326944,32.92427778,0217206962,USGS,IAN,2022,7440.0
2022-09-30 05:00:00,3.845,4.196,0.3509999999999995,-79.8326944,32.92427778,0217206962,USGS,IAN,2022,7500.0
2022-09-30 06:00:00,3.485,3.391,-0.0939999999999998,-79.8326944,32.92427778,0217206962,USGS,IAN,2022,7560.0
2022-09-30 07:00:00,2.585,2.095,-0.4899999999999997,-79.8326944,32.92427778,0217206962,USGS,IAN,2022,7620.0
2022-09-30 08:00:00,1.535,0.685,-0.8499999999999999,-79.8326944,32.92427778,0217206962,USGS,IAN,2022,7680.0
2022-09-30 09:00:00,0.185,-0.386,-0.571,-79.8326944,32.92427778,0217206962,USGS,IAN,2022,7740.0
2022-09-30 10:00:00,-1.195,-0.754,0.441,-79.8326944,32.92427778,0217206962,USGS,IAN,2022,7800.0
2022-09-30 11:00:00,-1.845,-0.225,1.62,-79.8326944,32.92427778,0217206962,USGS,IAN,2022,7860.0
2022-09-30 12:00:00,-1.165,0.819,1.984,-79.8326944,32.92427778,0217206962,USGS,IAN,2022,7920.0
2022-09-30 13:00:00,0.625,1.975,1.35,-79.8326944,32.92427778,0217206962,USGS,IAN,2022,7980.0
2022-09-30 14:00:00,1.805,2.697,0.8920000000000001,-79.8326944,32.92427778,0217206962,USGS,IAN,2022,8040.0
2022-09-30 15:00:00,2.805,3.598,0.7929999999999997,-79.8326944,32.92427778,0217206962,USGS,IAN,2022,8100.0
2022-09-30 16:00:00,3.415,4.396,0.981,-79.8326944,32.92427778,0217206962,USGS,IAN,2022,8160.0
2022-09-30 17:00:00,3.725,4.198,0.4730000000000003,-79.8326944,32.92427778,0217206962,USGS,IAN,2022,8220.0
2022-09-30 18:00:00,3.615,2.825,-0.79,-79.8326944,32.92427778,0217206962,USGS,IAN,2022,8280.0
2022-09-30 19:00:00,2.415,1.07,-1.345,-79.8326944,32.92427778,0217206962,USGS,IAN,2022,8340.0
2022-09-30 20:00:00,1.765,-0.614,-2.379,-79.8326944,32.92427778,0217206962,USGS,IAN,2022,8400.0
2022-09-30 21:00:00,0.865,-2.168,-3.0330000000000004,-79.8326944,32.92427778,0217206962,USGS,IAN,2022,8460.0
2022-09-30 22:00:00,-0.555,-3.228,-2.673,-79.8326944,32.92427778,0217206962,USGS,IAN,2022,8520.0
2022-09-30 23:00:00,-1.825,-3.395,-1.57,-79.8326944,32.92427778,0217206962,USGS,IAN,2022,8580.0
2022-10-01 00:00:00,-2.315,-2.695,-0.3799999999999999,-79.8326944,32.92427778,0217206962,USGS,IAN,2022,8640.0
2022-10-01 01:00:00,-0.925,-1.996,-1.071,-79.8326944,32.92427778,0217206962,USGS,IAN,2022,8700.0
2022-10-01 02:00:00,0.805,-1.046,-1.851,-79.8326944,32.92427778,0217206962,USGS,IAN,2022,8760.0
2022-10-01 03:00:00,1.835,0.135,-1.7,-79.8326944,32.92427778,0217206962,USGS,IAN,2022,8820.0
2022-10-01 04:00:00,2.645,1.406,-1.239,-79.8326944,32.92427778,0217206962,USGS,IAN,2022,8880.0
2022-10-01 05:00:00,2.955,1.934,-1.021,-79.8326944,32.92427778,0217206962,USGS,IAN,2022,8940.0
2022-10-01 06:00:00,2.755,1.15,-1.605,-79.8326944,32.92427778,0217206962,USGS,IAN,2022,9000.0
2022-10-01 07:00:00,1.925,-0.266,-2.191,-79.8326944,32.92427778,0217206962,USGS,IAN,2022,9060.0
2022-10-01 08:00:00,0.525,-1.604,-2.129,-79.8326944,32.92427778,0217206962,USGS,IAN,2022,9120.0
2022-10-01 09:00:00,-1.095,-2.563,-1.4680000000000002,-79.8326944,32.92427778,0217206962,USGS,IAN,2022,9180.0
2022-10-01 10:00:00,-2.335,-3.19,-0.855,-79.8326944,32.92427778,0217206962,USGS,IAN,2022,9240.0
2022-10-01 11:00:00,-2.535,-3.398,-0.863,-79.8326944,32.92427778,0217206962,USGS,IAN,2022,9300.0
2022-10-01 12:00:00,-1.435,-2.691,-1.2559999999999998,-79.8326944,32.92427778,0217206962,USGS,IAN,2022,9360.0
2022-10-01 13:00:00,-0.085,-1.32,-1.235,-79.8326944,32.92427778,0217206962,USGS,IAN,2022,9420.0
2022-10-01 14:00:00,1.175,0.714,-0.4610000000000001,-79.8326944,32.92427778,0217206962,USGS,IAN,2022,9480.0
2022-10-01 15:00:00,2.175,2.194,0.0190000000000001,-79.8326944,32.92427778,0217206962,USGS,IAN,2022,9540.0
2022-10-01 16:00:00,2.985,3.263,0.278,-79.8326944,32.92427778,0217206962,USGS,IAN,2022,9600.0
2022-10-01 17:00:00,3.565,3.522,-0.0430000000000001,-79.8326944,32.92427778,0217206962,USGS,IAN,2022,9660.0
2022-10-01 18:00:00,3.775,2.794,-0.981,-79.8326944,32.92427778,0217206962,USGS,IAN,2022,9720.0
2022-10-01 19:00:00,3.425,1.388,-2.037,-79.8326944,32.92427778,0217206962,USGS,IAN,2022,9780.0
2022-10-01 20:00:00,2.535,-0.033,-2.568,-79.8326944,32.92427778,0217206962,USGS,IAN,2022,9840.0
2022-10-01 21:00:00,1.265,-1.149,-2.414,-79.8326944,32.92427778,0217206962,USGS,IAN,2022,9900.0
2022-10-01 22:00:00,-0.175,-2.112,-1.937,-79.8326944,32.92427778,0217206962,USGS,IAN,2022,9960.0
2022-10-01 23:00:00,-1.625,-2.722,-1.097,-79.8326944,32.92427778,0217206962,USGS,IAN,2022,10020.0
2022-09-25 01:00:00,-2.866,1.78,4.646,-79.9100869,32.80239835,021720709,USGS,IAN,2022,60.0
2022-09-25 02:00:00,-3.846,0.729,4.575,-79.9100869,32.80239835,021720709,USGS,IAN,2022,120.0
2022-09-25 03:00:00,-5.106,-0.504,4.602,-79.9100869,32.80239835,021720709,USGS,IAN,2022,180.0
2022-09-25 04:00:00,-6.306,-1.579,4.727,-79.9100869,32.80239835,021720709,USGS,IAN,2022,240.0
2022-09-25 05:00:00,-7.346,-2.294,5.052,-79.9100869,32.80239835,021720709,USGS,IAN,2022,300.0
2022-09-25 06:00:00,-7.946,-2.422,5.523999999999999,-79.9100869,32.80239835,021720709,USGS,IAN,2022,360.0
2022-09-25 07:00:00,-7.746,-1.895,5.851000000000001,-79.9100869,32.80239835,021720709,USGS,IAN,2022,420.0
2022-09-25 08:00:00,-6.946,-0.831,6.115,-79.9100869,32.80239835,021720709,USGS,IAN,2022,480.0
2022-09-25 09:00:00,-5.626,0.379,6.005000000000001,-79.9100869,32.80239835,021720709,USGS,IAN,2022,540.0
2022-09-25 10:00:00,-4.406,1.525,5.930999999999999,-79.9100869,32.80239835,021720709,USGS,IAN,2022,600.0
2022-09-25 11:00:00,-3.626,2.266,5.892,-79.9100869,32.80239835,021720709,USGS,IAN,2022,660.0
2022-09-25 12:00:00,-3.186,2.448,5.634,-79.9100869,32.80239835,021720709,USGS,IAN,2022,720.0
2022-09-25 13:00:00,-3.126,2.025,5.151,-79.9100869,32.80239835,021720709,USGS,IAN,2022,780.0
2022-09-25 14:00:00,-3.586,1.026,4.612,-79.9100869,32.80239835,021720709,USGS,IAN,2022,840.0
2022-09-25 15:00:00,-4.646,-0.201,4.445,-79.9100869,32.80239835,021720709,USGS,IAN,2022,900.0
2022-09-25 16:00:00,-6.026,-1.376,4.65,-79.9100869,32.80239835,021720709,USGS,IAN,2022,960.0
2022-09-25 17:00:00,-7.486,-2.215,5.271,-79.9100869,32.80239835,021720709,USGS,IAN,2022,1020.0
2022-09-25 18:00:00,-8.366,-2.533,5.833,-79.9100869,32.80239835,021720709,USGS,IAN,2022,1080.0
2022-09-25 19:00:00,-8.426,-2.183,6.243,-79.9100869,32.80239835,021720709,USGS,IAN,2022,1140.0
2022-09-25 20:00:00,-7.566,-1.218,6.348,-79.9100869,32.80239835,021720709,USGS,IAN,2022,1200.0
2022-09-25 21:00:00,-5.946,0.028,5.973999999999999,-79.9100869,32.80239835,021720709,USGS,IAN,2022,1260.0
2022-09-25 22:00:00,-4.386,1.256,5.642,-79.9100869,32.80239835,021720709,USGS,IAN,2022,1320.0
2022-09-25 23:00:00,-3.306,2.163,5.468999999999999,-79.9100869,32.80239835,021720709,USGS,IAN,2022,1380.0
2022-09-26 00:00:00,-2.766,2.572,5.338,-79.9100869,32.80239835,021720709,USGS,IAN,2022,1440.0
2022-09-26 01:00:00,-2.726,2.348,5.074,-79.9100869,32.80239835,021720709,USGS,IAN,2022,1500.0
2022-09-26 02:00:00,-3.346,1.48,4.8260000000000005,-79.9100869,32.80239835,021720709,USGS,IAN,2022,1560.0
2022-09-26 03:00:00,-4.506,0.25,4.756,-79.9100869,32.80239835,021720709,USGS,IAN,2022,1620.0
2022-09-26 04:00:00,-5.836,-1.02,4.816000000000001,-79.9100869,32.80239835,021720709,USGS,IAN,2022,1680.0
2022-09-26 05:00:00,-7.166,-2.05,5.1160000000000005,-79.9100869,32.80239835,021720709,USGS,IAN,2022,1740.0
2022-09-26 06:00:00,-8.046,-2.583,5.462999999999999,-79.9100869,32.80239835,021720709,USGS,IAN,2022,1800.0
2022-09-26 07:00:00,-8.386,-2.462,5.924,-79.9100869,32.80239835,021720709,USGS,IAN,2022,1860.0
2022-09-26 08:00:00,-7.706,-1.596,6.11,-79.9100869,32.80239835,021720709,USGS,IAN,2022,1920.0
2022-09-26 09:00:00,-6.566,-0.377,6.189,-79.9100869,32.80239835,021720709,USGS,IAN,2022,1980.0
2022-09-26 10:00:00,-5.086,0.967,6.053,-79.9100869,32.80239835,021720709,USGS,IAN,2022,2040.0
2022-09-26 11:00:00,-4.026,2.055,6.081,-79.9100869,32.80239835,021720709,USGS,IAN,2022,2100.0
2022-09-26 12:00:00,-3.466,2.679,6.145,-79.9100869,32.80239835,021720709,USGS,IAN,2022,2160.0
2022-09-26 13:00:00,-3.086,2.671,5.757,-79.9100869,32.80239835,021720709,USGS,IAN,2022,2220.0
2022-09-26 14:00:00,-3.266,2.012,5.2780000000000005,-79.9100869,32.80239835,021720709,USGS,IAN,2022,2280.0
2022-09-26 15:00:00,-4.146,0.811,4.957,-79.9100869,32.80239835,021720709,USGS,IAN,2022,2340.0
2022-09-26 16:00:00,-5.366,-0.561,4.805,-79.9100869,32.80239835,021720709,USGS,IAN,2022,2400.0
2022-09-26 17:00:00,-6.726,-1.724,5.002,-79.9100869,32.80239835,021720709,USGS,IAN,2022,2460.0
2022-09-26 18:00:00,-7.966,-2.505,5.461,-79.9100869,32.80239835,021720709,USGS,IAN,2022,2520.0
2022-09-26 19:00:00,-8.486,-2.662,5.824000000000001,-79.9100869,32.80239835,021720709,USGS,IAN,2022,2580.0
2022-09-26 20:00:00,-8.226,-2.094,6.1320000000000014,-79.9100869,32.80239835,021720709,USGS,IAN,2022,2640.0
2022-09-26 21:00:00,-7.046,-0.956,6.09,-79.9100869,32.80239835,021720709,USGS,IAN,2022,2700.0
2022-09-26 22:00:00,-5.386,0.382,5.768,-79.9100869,32.80239835,021720709,USGS,IAN,2022,2760.0
2022-09-26 23:00:00,-3.966,1.599,5.565,-79.9100869,32.80239835,021720709,USGS,IAN,2022,2820.0
2022-09-27 00:00:00,-3.226,2.389,5.615,-79.9100869,32.80239835,021720709,USGS,IAN,2022,2880.0
2022-09-27 01:00:00,-2.946,2.598,5.5440000000000005,-79.9100869,32.80239835,021720709,USGS,IAN,2022,2940.0
2022-09-27 02:00:00,-3.086,2.15,5.236,-79.9100869,32.80239835,021720709,USGS,IAN,2022,3000.0
2022-09-27 03:00:00,-3.946,1.041,4.987,-79.9100869,32.80239835,021720709,USGS,IAN,2022,3060.0
2022-09-27 04:00:00,-5.146,-0.282,4.864,-79.9100869,32.80239835,021720709,USGS,IAN,2022,3120.0
2022-09-27 05:00:00,-6.586,-1.545,5.041,-79.9100869,32.80239835,021720709,USGS,IAN,2022,3180.0
2022-09-27 06:00:00,-7.846,-2.473,5.373,-79.9100869,32.80239835,021720709,USGS,IAN,2022,3240.0
2022-09-27 07:00:00,-8.626,-2.781,5.844999999999999,-79.9100869,32.80239835,021720709,USGS,IAN,2022,3300.0
2022-09-27 08:00:00,-8.606,-2.34,6.266,-79.9100869,32.80239835,021720709,USGS,IAN,2022,3360.0
2022-09-27 09:00:00,-7.666,-1.252,6.414000000000001,-79.9100869,32.80239835,021720709,USGS,IAN,2022,3420.0
2022-09-27 10:00:00,-6.106,0.158,6.264,-79.9100869,32.80239835,021720709,USGS,IAN,2022,3480.0
2022-09-27 11:00:00,-4.686,1.539,6.225,-79.9100869,32.80239835,021720709,USGS,IAN,2022,3540.0
2022-09-27 12:00:00,-3.686,2.55,6.236,-79.9100869,32.80239835,021720709,USGS,IAN,2022,3600.0
2022-09-27 13:00:00,-2.986,2.987,5.973000000000001,-79.9100869,32.80239835,021720709,USGS,IAN,2022,3660.0
2022-09-27 14:00:00,-2.826,2.793,5.619,-79.9100869,32.80239835,021720709,USGS,IAN,2022,3720.0
2022-09-27 15:00:00,-3.286,1.876,5.162,-79.9100869,32.80239835,021720709,USGS,IAN,2022,3780.0
2022-09-27 16:00:00,-4.366,0.518,4.884,-79.9100869,32.80239835,021720709,USGS,IAN,2022,3840.0
2022-09-27 17:00:00,-5.686,-0.891,4.795,-79.9100869,32.80239835,021720709,USGS,IAN,2022,3900.0
2022-09-27 18:00:00,-6.986,-2.044,4.942,-79.9100869,32.80239835,021720709,USGS,IAN,2022,3960.0
2022-09-27 19:00:00,-8.026,-2.667,5.359,-79.9100869,32.80239835,021720709,USGS,IAN,2022,4020.0
2022-09-27 20:00:00,-8.626,-2.655,5.971,-79.9100869,32.80239835,021720709,USGS,IAN,2022,4080.0
2022-09-27 21:00:00,-8.086,-1.85,6.236000000000001,-79.9100869,32.80239835,021720709,USGS,IAN,2022,4140.0
2022-09-27 22:00:00,-6.756,-0.633,6.123,-79.9100869,32.80239835,021720709,USGS,IAN,2022,4200.0
2022-09-27 23:00:00,-5.046,0.733,5.779,-79.9100869,32.80239835,021720709,USGS,IAN,2022,4260.0
2022-09-28 00:00:00,-3.926,1.827,5.753,-79.9100869,32.80239835,021720709,USGS,IAN,2022,4320.0
2022-09-28 01:00:00,-3.286,2.474,5.76,-79.9100869,32.80239835,021720709,USGS,IAN,2022,4380.0
2022-09-28 02:00:00,-3.126,2.491,5.617,-79.9100869,32.80239835,021720709,USGS,IAN,2022,4440.0
2022-09-28 03:00:00,-3.426,1.784,5.21,-79.9100869,32.80239835,021720709,USGS,IAN,2022,4500.0
2022-09-28 04:00:00,-4.446,0.569,5.015,-79.9100869,32.80239835,021720709,USGS,IAN,2022,4560.0
2022-09-28 05:00:00,-5.766,-0.78,4.986,-79.9100869,32.80239835,021720709,USGS,IAN,2022,4620.0
2022-09-28 06:00:00,-7.086,-1.988,5.098000000000001,-79.9100869,32.80239835,021720709,USGS,IAN,2022,4680.0
2022-09-28 07:00:00,-8.186,-2.685,5.501,-79.9100869,32.80239835,021720709,USGS,IAN,2022,4740.0
2022-09-28 08:00:00,-8.486,-2.77,5.716000000000001,-79.9100869,32.80239835,021720709,USGS,IAN,2022,4800.0
2022-09-28 09:00:00,-7.986,-2.094,5.892,-79.9100869,32.80239835,021720709,USGS,IAN,2022,4860.0
2022-09-28 10:00:00,-6.946,-0.84,6.106,-79.9100869,32.80239835,021720709,USGS,IAN,2022,4920.0
2022-09-28 11:00:00,-5.386,0.61,5.996,-79.9100869,32.80239835,021720709,USGS,IAN,2022,4980.0
2022-09-28 12:00:00,-4.126,1.967,6.093,-79.9100869,32.80239835,021720709,USGS,IAN,2022,5040.0
2022-09-28 13:00:00,-3.226,2.854,6.08,-79.9100869,32.80239835,021720709,USGS,IAN,2022,5100.0
2022-09-28 14:00:00,-2.666,3.136,5.802,-79.9100869,32.80239835,021720709,USGS,IAN,2022,5160.0
2022-09-28 15:00:00,-2.486,2.765,5.251,-79.9100869,32.80239835,021720709,USGS,IAN,2022,5220.0
2022-09-28 16:00:00,-2.966,1.707,4.673,-79.9100869,32.80239835,021720709,USGS,IAN,2022,5280.0
2022-09-28 17:00:00,-4.006,0.28,4.2860000000000005,-79.9100869,32.80239835,021720709,USGS,IAN,2022,5340.0
2022-09-28 18:00:00,-5.266,-1.121,4.145,-79.9100869,32.80239835,021720709,USGS,IAN,2022,5400.0
2022-09-28 19:00:00,-6.606,-2.181,4.425,-79.9100869,32.80239835,021720709,USGS,IAN,2022,5460.0
2022-09-28 20:00:00,-7.626,-2.732,4.894,-79.9100869,32.80239835,021720709,USGS,IAN,2022,5520.0
2022-09-28 21:00:00,-8.086,-2.538,5.548,-79.9100869,32.80239835,021720709,USGS,IAN,2022,5580.0
2022-09-28 22:00:00,-7.406,-1.542,5.864,-79.9100869,32.80239835,021720709,USGS,IAN,2022,5640.0
2022-09-28 23:00:00,-6.086,-0.36,5.726,-79.9100869,32.80239835,021720709,USGS,IAN,2022,5700.0
2022-09-29 00:00:00,-4.586,1.036,5.622,-79.9100869,32.80239835,021720709,USGS,IAN,2022,5760.0
2022-09-29 01:00:00,-3.686,2.042,5.728,-79.9100869,32.80239835,021720709,USGS,IAN,2022,5820.0
2022-09-29 02:00:00,-3.166,2.597,5.763,-79.9100869,32.80239835,021720709,USGS,IAN,2022,5880.0
2022-09-29 03:00:00,-3.026,2.577,5.603,-79.9100869,32.80239835,021720709,USGS,IAN,2022,5940.0
2022-09-29 04:00:00,-3.426,1.989,5.415,-79.9100869,32.80239835,021720709,USGS,IAN,2022,6000.0
2022-09-29 05:00:00,-4.026,1.015,5.041,-79.9100869,32.80239835,021720709,USGS,IAN,2022,6060.0
2022-09-29 06:00:00,-5.186,0.043,5.229,-79.9100869,32.80239835,021720709,USGS,IAN,2022,6120.0
2022-09-29 07:00:00,-6.266,-0.792,5.474,-79.9100869,32.80239835,021720709,USGS,IAN,2022,6180.0
2022-09-29 08:00:00,-7.186,-1.24,5.946,-79.9100869,32.80239835,021720709,USGS,IAN,2022,6240.0
2022-09-29 09:00:00,-7.406,-1.194,6.212,-79.9100869,32.80239835,021720709,USGS,IAN,2022,6300.0
2022-09-29 10:00:00,-7.086,-0.469,6.617,-79.9100869,32.80239835,021720709,USGS,IAN,2022,6360.0
2022-09-29 11:00:00,-5.946,0.802,6.747999999999999,-79.9100869,32.80239835,021720709,USGS,IAN,2022,6420.0
2022-09-29 12:00:00,-4.666,2.395,7.061,-79.9100869,32.80239835,021720709,USGS,IAN,2022,6480.0
2022-09-29 13:00:00,-3.526,3.701,7.227,-79.9100869,32.80239835,021720709,USGS,IAN,2022,6540.0
2022-09-29 14:00:00,-2.726,4.532,7.258,-79.9100869,32.80239835,021720709,USGS,IAN,2022,6600.0
2022-09-29 15:00:00,-2.026,4.855,6.881,-79.9100869,32.80239835,021720709,USGS,IAN,2022,6660.0
2022-09-29 16:00:00,-1.866,4.573,6.439,-79.9100869,32.80239835,021720709,USGS,IAN,2022,6720.0
2022-09-29 17:00:00,-2.166,3.742,5.908,-79.9100869,32.80239835,021720709,USGS,IAN,2022,6780.0
2022-09-29 18:00:00,-3.126,2.601,5.727,-79.9100869,32.80239835,021720709,USGS,IAN,2022,6840.0
2022-09-29 19:00:00,-4.366,1.407,5.773,-79.9100869,32.80239835,021720709,USGS,IAN,2022,6900.0
2022-09-29 20:00:00,-5.626,0.372,5.998,-79.9100869,32.80239835,021720709,USGS,IAN,2022,6960.0
2022-09-29 21:00:00,-6.766,-0.189,6.577,-79.9100869,32.80239835,021720709,USGS,IAN,2022,7020.0
2022-09-29 22:00:00,-7.106,-0.165,6.941,-79.9100869,32.80239835,021720709,USGS,IAN,2022,7080.0
2022-09-29 23:00:00,-6.566,0.569,7.135,-79.9100869,32.80239835,021720709,USGS,IAN,2022,7140.0
2022-09-30 00:00:00,-5.526,1.752,7.278,-79.9100869,32.80239835,021720709,USGS,IAN,2022,7200.0
2022-09-30 01:00:00,-4.406,2.93,7.336,-79.9100869,32.80239835,021720709,USGS,IAN,2022,7260.0
2022-09-30 02:00:00,-3.526,3.862,7.388,-79.9100869,32.80239835,021720709,USGS,IAN,2022,7320.0
2022-09-30 03:00:00,-2.926,4.4,7.326,-79.9100869,32.80239835,021720709,USGS,IAN,2022,7380.0
2022-09-30 04:00:00,-2.586,4.472,7.058,-79.9100869,32.80239835,021720709,USGS,IAN,2022,7440.0
2022-09-30 05:00:00,-2.846,3.918,6.764,-79.9100869,32.80239835,021720709,USGS,IAN,2022,7500.0
2022-09-30 06:00:00,-3.486,2.922,6.408,-79.9100869,32.80239835,021720709,USGS,IAN,2022,7560.0
2022-09-30 07:00:00,-4.666,1.79,6.456,-79.9100869,32.80239835,021720709,USGS,IAN,2022,7620.0
2022-09-30 08:00:00,-5.806,0.786,6.5920000000000005,-79.9100869,32.80239835,021720709,USGS,IAN,2022,7680.0
2022-09-30 09:00:00,-6.726,0.207,6.933,-79.9100869,32.80239835,021720709,USGS,IAN,2022,7740.0
2022-09-30 10:00:00,-7.446,0.247,7.693,-79.9100869,32.80239835,021720709,USGS,IAN,2022,7800.0
2022-09-30 11:00:00,-7.146,0.878,8.024,-79.9100869,32.80239835,021720709,USGS,IAN,2022,7860.0
2022-09-30 12:00:00,-6.006,1.96,7.966,-79.9100869,32.80239835,021720709,USGS,IAN,2022,7920.0
2022-09-30 13:00:00,-4.926,3.137,8.063,-79.9100869,32.80239835,021720709,USGS,IAN,2022,7980.0
2022-09-30 14:00:00,-3.306,4.444,7.75,-79.9100869,32.80239835,021720709,USGS,IAN,2022,8040.0
2022-09-30 15:00:00,-3.026,5.406,8.431999999999999,-79.9100869,32.80239835,021720709,USGS,IAN,2022,8100.0
2022-09-30 16:00:00,-2.466,5.022,7.488,-79.9100869,32.80239835,021720709,USGS,IAN,2022,8160.0
2022-09-30 17:00:00,-2.786,3.417,6.202999999999999,-79.9100869,32.80239835,021720709,USGS,IAN,2022,8220.0
2022-09-30 18:00:00,-4.306,1.091,5.397,-79.9100869,32.80239835,021720709,USGS,IAN,2022,8280.0
2022-09-30 19:00:00,-4.666,-1.271,3.3950000000000005,-79.9100869,32.80239835,021720709,USGS,IAN,2022,8340.0
2022-09-30 20:00:00,-5.346,-2.865,2.481,-79.9100869,32.80239835,021720709,USGS,IAN,2022,8400.0
2022-09-30 21:00:00,-6.466,-3.828,2.6380000000000003,-79.9100869,32.80239835,021720709,USGS,IAN,2022,8460.0
2022-09-30 22:00:00,-7.566,-3.802,3.764,-79.9100869,32.80239835,021720709,USGS,IAN,2022,8520.0
2022-09-30 23:00:00,-8.126,-3.201,4.924999999999999,-79.9100869,32.80239835,021720709,USGS,IAN,2022,8580.0
2022-10-01 00:00:00,-7.666,-2.851,4.815,-79.9100869,32.80239835,021720709,USGS,IAN,2022,8640.0
2022-10-01 01:00:00,-6.226,-1.942,4.284,-79.9100869,32.80239835,021720709,USGS,IAN,2022,8700.0
2022-10-01 02:00:00,-5.066,-0.785,4.281,-79.9100869,32.80239835,021720709,USGS,IAN,2022,8760.0
2022-10-01 03:00:00,-4.086,0.539,4.625,-79.9100869,32.80239835,021720709,USGS,IAN,2022,8820.0
2022-10-01 04:00:00,-3.666,1.358,5.024,-79.9100869,32.80239835,021720709,USGS,IAN,2022,8880.0
2022-10-01 05:00:00,-3.826,1.346,5.172000000000001,-79.9100869,32.80239835,021720709,USGS,IAN,2022,8940.0
2022-10-01 06:00:00,-4.406,0.403,4.808999999999999,-79.9100869,32.80239835,021720709,USGS,IAN,2022,9000.0
2022-10-01 07:00:00,-5.586,-0.899,4.687,-79.9100869,32.80239835,021720709,USGS,IAN,2022,9060.0
2022-10-01 08:00:00,-6.886,-2.017,4.869,-79.9100869,32.80239835,021720709,USGS,IAN,2022,9120.0
2022-10-01 09:00:00,-7.946,-2.728,5.218,-79.9100869,32.80239835,021720709,USGS,IAN,2022,9180.0
2022-10-01 10:00:00,-8.386,-3.136,5.249999999999999,-79.9100869,32.80239835,021720709,USGS,IAN,2022,9240.0
2022-10-01 11:00:00,-8.086,-2.914,5.172000000000001,-79.9100869,32.80239835,021720709,USGS,IAN,2022,9300.0
2022-10-01 12:00:00,-7.186,-1.872,5.314,-79.9100869,32.80239835,021720709,USGS,IAN,2022,9360.0
2022-10-01 13:00:00,-5.886,-0.357,5.529,-79.9100869,32.80239835,021720709,USGS,IAN,2022,9420.0
2022-10-01 14:00:00,-4.666,1.251,5.917,-79.9100869,32.80239835,021720709,USGS,IAN,2022,9480.0
2022-10-01 15:00:00,-3.686,2.547,6.2330000000000005,-79.9100869,32.80239835,021720709,USGS,IAN,2022,9540.0
2022-10-01 16:00:00,-3.066,3.199,6.265,-79.9100869,32.80239835,021720709,USGS,IAN,2022,9600.0
2022-10-01 17:00:00,-2.826,2.915,5.741,-79.9100869,32.80239835,021720709,USGS,IAN,2022,9660.0
2022-10-01 18:00:00,-3.046,2.026,5.071999999999999,-79.9100869,32.80239835,021720709,USGS,IAN,2022,9720.0
2022-10-01 19:00:00,-3.826,0.711,4.537,-79.9100869,32.80239835,021720709,USGS,IAN,2022,9780.0
2022-10-01 20:00:00,-5.006,-0.454,4.5520000000000005,-79.9100869,32.80239835,021720709,USGS,IAN,2022,9840.0
2022-10-01 21:00:00,-6.316,-1.535,4.781,-79.9100869,32.80239835,021720709,USGS,IAN,2022,9900.0
2022-10-01 22:00:00,-7.406,-2.297,5.109,-79.9100869,32.80239835,021720709,USGS,IAN,2022,9960.0
2022-10-01 23:00:00,-7.906,-2.387,5.519,-79.9100869,32.80239835,021720709,USGS,IAN,2022,10020.0
2022-09-25 01:00:00,3.913,2.275,-1.638,-80.0237014,32.8346201,021720869,USGS,IAN,2022,60.0
2022-09-25 02:00:00,3.203,1.325,-1.878,-80.0237014,32.8346201,021720869,USGS,IAN,2022,120.0
2022-09-25 03:00:00,2.053,0.239,-1.814,-80.0237014,32.8346201,021720869,USGS,IAN,2022,180.0
2022-09-25 04:00:00,0.783,-0.851,-1.634,-80.0237014,32.8346201,021720869,USGS,IAN,2022,240.0
2022-09-25 05:00:00,-0.467,-1.761,-1.2939999999999998,-80.0237014,32.8346201,021720869,USGS,IAN,2022,300.0
2022-09-25 06:00:00,-1.367,-2.404,-1.037,-80.0237014,32.8346201,021720869,USGS,IAN,2022,360.0
2022-09-25 07:00:00,-1.767,-2.384,-0.617,-80.0237014,32.8346201,021720869,USGS,IAN,2022,420.0
2022-09-25 08:00:00,-0.927,-1.636,-0.7089999999999999,-80.0237014,32.8346201,021720869,USGS,IAN,2022,480.0
2022-09-25 09:00:00,0.313,-0.456,-0.769,-80.0237014,32.8346201,021720869,USGS,IAN,2022,540.0
2022-09-25 10:00:00,1.763,0.861,-0.902,-80.0237014,32.8346201,021720869,USGS,IAN,2022,600.0
2022-09-25 11:00:00,2.633,2.027,-0.6059999999999999,-80.0237014,32.8346201,021720869,USGS,IAN,2022,660.0
2022-09-25 12:00:00,3.113,2.59,-0.5230000000000001,-80.0237014,32.8346201,021720869,USGS,IAN,2022,720.0
2022-09-25 13:00:00,3.383,2.445,-0.9380000000000002,-80.0237014,32.8346201,021720869,USGS,IAN,2022,780.0
2022-09-25 14:00:00,3.243,1.624,-1.6189999999999998,-80.0237014,32.8346201,021720869,USGS,IAN,2022,840.0
2022-09-25 15:00:00,2.443,0.579,-1.864,-80.0237014,32.8346201,021720869,USGS,IAN,2022,900.0
2022-09-25 16:00:00,1.103,-0.593,-1.696,-80.0237014,32.8346201,021720869,USGS,IAN,2022,960.0
2022-09-25 17:00:00,-0.337,-1.606,-1.269,-80.0237014,32.8346201,021720869,USGS,IAN,2022,1020.0
2022-09-25 18:00:00,-1.677,-2.338,-0.661,-80.0237014,32.8346201,021720869,USGS,IAN,2022,1080.0
2022-09-25 19:00:00,-2.377,-2.563,-0.1860000000000004,-80.0237014,32.8346201,021720869,USGS,IAN,2022,1140.0
2022-09-25 20:00:00,-1.767,-1.981,-0.2140000000000002,-80.0237014,32.8346201,021720869,USGS,IAN,2022,1200.0
2022-09-25 21:00:00,-0.197,-0.874,-0.677,-80.0237014,32.8346201,021720869,USGS,IAN,2022,1260.0
2022-09-25 22:00:00,1.653,0.467,-1.186,-80.0237014,32.8346201,021720869,USGS,IAN,2022,1320.0
2022-09-25 23:00:00,2.843,1.76,-1.083,-80.0237014,32.8346201,021720869,USGS,IAN,2022,1380.0
2022-09-26 00:00:00,3.503,2.554,-0.9490000000000004,-80.0237014,32.8346201,021720869,USGS,IAN,2022,1440.0
2022-09-26 01:00:00,3.853,2.688,-1.165,-80.0237014,32.8346201,021720869,USGS,IAN,2022,1500.0
2022-09-26 02:00:00,3.623,2.086,-1.5370000000000004,-80.0237014,32.8346201,021720869,USGS,IAN,2022,1560.0
2022-09-26 03:00:00,2.603,0.972,-1.6310000000000002,-80.0237014,32.8346201,021720869,USGS,IAN,2022,1620.0
2022-09-26 04:00:00,1.373,-0.174,-1.547,-80.0237014,32.8346201,021720869,USGS,IAN,2022,1680.0
2022-09-26 05:00:00,0.013,-1.274,-1.287,-80.0237014,32.8346201,021720869,USGS,IAN,2022,1740.0
2022-09-26 06:00:00,-1.267,-2.158,-0.891,-80.0237014,32.8346201,021720869,USGS,IAN,2022,1800.0
2022-09-26 07:00:00,-2.087,-2.648,-0.5609999999999999,-80.0237014,32.8346201,021720869,USGS,IAN,2022,1860.0
2022-09-26 08:00:00,-1.877,-2.289,-0.4120000000000001,-80.0237014,32.8346201,021720869,USGS,IAN,2022,1920.0
2022-09-26 09:00:00,-0.637,-1.313,-0.6759999999999999,-80.0237014,32.8346201,021720869,USGS,IAN,2022,1980.0
2022-09-26 10:00:00,0.883,0.022,-0.861,-80.0237014,32.8346201,021720869,USGS,IAN,2022,2040.0
2022-09-26 11:00:00,2.213,1.462,-0.7510000000000001,-80.0237014,32.8346201,021720869,USGS,IAN,2022,2100.0
2022-09-26 12:00:00,2.863,2.529,-0.3340000000000001,-80.0237014,32.8346201,021720869,USGS,IAN,2022,2160.0
2022-09-26 13:00:00,3.223,2.889,-0.3340000000000001,-80.0237014,32.8346201,021720869,USGS,IAN,2022,2220.0
2022-09-26 14:00:00,3.393,2.555,-0.8379999999999996,-80.0237014,32.8346201,021720869,USGS,IAN,2022,2280.0
2022-09-26 15:00:00,2.903,1.541,-1.362,-80.0237014,32.8346201,021720869,USGS,IAN,2022,2340.0
2022-09-26 16:00:00,1.673,0.348,-1.3250000000000002,-80.0237014,32.8346201,021720869,USGS,IAN,2022,2400.0
2022-09-26 17:00:00,0.353,-0.832,-1.185,-80.0237014,32.8346201,021720869,USGS,IAN,2022,2460.0
2022-09-26 18:00:00,-1.037,-1.852,-0.8150000000000002,-80.0237014,32.8346201,021720869,USGS,IAN,2022,2520.0
2022-09-26 19:00:00,-2.087,-2.556,-0.4689999999999998,-80.0237014,32.8346201,021720869,USGS,IAN,2022,2580.0
2022-09-26 20:00:00,-2.237,-2.619,-0.3820000000000001,-80.0237014,32.8346201,021720869,USGS,IAN,2022,2640.0
2022-09-26 21:00:00,-1.307,-1.848,-0.5410000000000001,-80.0237014,32.8346201,021720869,USGS,IAN,2022,2700.0
2022-09-26 22:00:00,0.403,-0.599,-1.002,-80.0237014,32.8346201,021720869,USGS,IAN,2022,2760.0
2022-09-26 23:00:00,2.193,0.83,-1.363,-80.0237014,32.8346201,021720869,USGS,IAN,2022,2820.0
2022-09-27 00:00:00,3.063,2.058,-1.0050000000000003,-80.0237014,32.8346201,021720869,USGS,IAN,2022,2880.0
2022-09-27 01:00:00,3.453,2.725,-0.7279999999999998,-80.0237014,32.8346201,021720869,USGS,IAN,2022,2940.0
2022-09-27 02:00:00,3.533,2.612,-0.9209999999999998,-80.0237014,32.8346201,021720869,USGS,IAN,2022,3000.0
2022-09-27 03:00:00,3.063,1.794,-1.269,-80.0237014,32.8346201,021720869,USGS,IAN,2022,3060.0
2022-09-27 04:00:00,1.913,0.588,-1.3250000000000002,-80.0237014,32.8346201,021720869,USGS,IAN,2022,3120.0
2022-09-27 05:00:00,0.573,-0.639,-1.212,-80.0237014,32.8346201,021720869,USGS,IAN,2022,3180.0
2022-09-27 06:00:00,-0.847,-1.713,-0.8660000000000001,-80.0237014,32.8346201,021720869,USGS,IAN,2022,3240.0
2022-09-27 07:00:00,-1.997,-2.513,-0.5159999999999998,-80.0237014,32.8346201,021720869,USGS,IAN,2022,3300.0
2022-09-27 08:00:00,-2.537,-2.779,-0.242,-80.0237014,32.8346201,021720869,USGS,IAN,2022,3360.0
2022-09-27 09:00:00,-1.917,-2.108,-0.191,-80.0237014,32.8346201,021720869,USGS,IAN,2022,3420.0
2022-09-27 10:00:00,-0.337,-0.904,-0.567,-80.0237014,32.8346201,021720869,USGS,IAN,2022,3480.0
2022-09-27 11:00:00,1.393,0.577,-0.8160000000000001,-80.0237014,32.8346201,021720869,USGS,IAN,2022,3540.0
2022-09-27 12:00:00,2.523,2.007,-0.516,-80.0237014,32.8346201,021720869,USGS,IAN,2022,3600.0
2022-09-27 13:00:00,3.153,2.888,-0.2650000000000001,-80.0237014,32.8346201,021720869,USGS,IAN,2022,3660.0
2022-09-27 14:00:00,3.603,3.127,-0.4760000000000004,-80.0237014,32.8346201,021720869,USGS,IAN,2022,3720.0
2022-09-27 15:00:00,3.593,2.522,-1.0710000000000002,-80.0237014,32.8346201,021720869,USGS,IAN,2022,3780.0
2022-09-27 16:00:00,2.783,1.381,-1.402,-80.0237014,32.8346201,021720869,USGS,IAN,2022,3840.0
2022-09-27 17:00:00,1.513,0.147,-1.366,-80.0237014,32.8346201,021720869,USGS,IAN,2022,3900.0
2022-09-27 18:00:00,0.123,-1.059,-1.182,-80.0237014,32.8346201,021720869,USGS,IAN,2022,3960.0
2022-09-27 19:00:00,-1.187,-2.055,-0.8680000000000001,-80.0237014,32.8346201,021720869,USGS,IAN,2022,4020.0
2022-09-27 20:00:00,-2.117,-2.67,-0.5529999999999999,-80.0237014,32.8346201,021720869,USGS,IAN,2022,4080.0
2022-09-27 21:00:00,-2.327,-2.504,-0.177,-80.0237014,32.8346201,021720869,USGS,IAN,2022,4140.0
2022-09-27 22:00:00,-0.997,-1.585,-0.588,-80.0237014,32.8346201,021720869,USGS,IAN,2022,4200.0
2022-09-27 23:00:00,0.843,-0.259,-1.102,-80.0237014,32.8346201,021720869,USGS,IAN,2022,4260.0
2022-09-28 00:00:00,2.303,1.122,-1.1809999999999998,-80.0237014,32.8346201,021720869,USGS,IAN,2022,4320.0
2022-09-28 01:00:00,3.003,2.248,-0.7549999999999999,-80.0237014,32.8346201,021720869,USGS,IAN,2022,4380.0
2022-09-28 02:00:00,3.313,2.703,-0.6100000000000003,-80.0237014,32.8346201,021720869,USGS,IAN,2022,4440.0
2022-09-28 03:00:00,3.323,2.36,-0.963,-80.0237014,32.8346201,021720869,USGS,IAN,2022,4500.0
2022-09-28 04:00:00,2.623,1.327,-1.2960000000000005,-80.0237014,32.8346201,021720869,USGS,IAN,2022,4560.0
2022-09-28 05:00:00,1.323,0.115,-1.208,-80.0237014,32.8346201,021720869,USGS,IAN,2022,4620.0
2022-09-28 06:00:00,-0.027,-1.055,-1.028,-80.0237014,32.8346201,021720869,USGS,IAN,2022,4680.0
2022-09-28 07:00:00,-1.247,-2.065,-0.8179999999999998,-80.0237014,32.8346201,021720869,USGS,IAN,2022,4740.0
2022-09-28 08:00:00,-2.287,-2.716,-0.4290000000000002,-80.0237014,32.8346201,021720869,USGS,IAN,2022,4800.0
2022-09-28 09:00:00,-2.017,-2.67,-0.653,-80.0237014,32.8346201,021720869,USGS,IAN,2022,4860.0
2022-09-28 10:00:00,-1.007,-1.818,-0.8110000000000002,-80.0237014,32.8346201,021720869,USGS,IAN,2022,4920.0
2022-09-28 11:00:00,0.473,-0.483,-0.956,-80.0237014,32.8346201,021720869,USGS,IAN,2022,4980.0
2022-09-28 12:00:00,2.063,1.058,-1.005,-80.0237014,32.8346201,021720869,USGS,IAN,2022,5040.0
2022-09-28 13:00:00,2.863,2.439,-0.4239999999999999,-80.0237014,32.8346201,021720869,USGS,IAN,2022,5100.0
2022-09-28 14:00:00,3.493,3.155,-0.3380000000000001,-80.0237014,32.8346201,021720869,USGS,IAN,2022,5160.0
2022-09-28 15:00:00,3.923,3.221,-0.702,-80.0237014,32.8346201,021720869,USGS,IAN,2022,5220.0
2022-09-28 16:00:00,3.993,2.483,-1.5099999999999998,-80.0237014,32.8346201,021720869,USGS,IAN,2022,5280.0
2022-09-28 17:00:00,3.133,1.193,-1.94,-80.0237014,32.8346201,021720869,USGS,IAN,2022,5340.0
2022-09-28 18:00:00,1.903,-0.057,-1.96,-80.0237014,32.8346201,021720869,USGS,IAN,2022,5400.0
2022-09-28 19:00:00,0.613,-1.248,-1.861,-80.0237014,32.8346201,021720869,USGS,IAN,2022,5460.0
2022-09-28 20:00:00,-0.687,-2.191,-1.5039999999999998,-80.0237014,32.8346201,021720869,USGS,IAN,2022,5520.0
2022-09-28 21:00:00,-1.637,-2.722,-1.085,-80.0237014,32.8346201,021720869,USGS,IAN,2022,5580.0
2022-09-28 22:00:00,-1.667,-2.313,-0.6460000000000001,-80.0237014,32.8346201,021720869,USGS,IAN,2022,5640.0
2022-09-28 23:00:00,-0.227,-1.279,-1.0519999999999998,-80.0237014,32.8346201,021720869,USGS,IAN,2022,5700.0
2022-09-29 00:00:00,1.363,0.093,-1.27,-80.0237014,32.8346201,021720869,USGS,IAN,2022,5760.0
2022-09-29 01:00:00,2.583,1.494,-1.0890000000000002,-80.0237014,32.8346201,021720869,USGS,IAN,2022,5820.0
2022-09-29 02:00:00,3.123,2.544,-0.5790000000000002,-80.0237014,32.8346201,021720869,USGS,IAN,2022,5880.0
2022-09-29 03:00:00,3.443,2.888,-0.5550000000000002,-80.0237014,32.8346201,021720869,USGS,IAN,2022,5940.0
2022-09-29 04:00:00,3.383,2.596,-0.7869999999999999,-80.0237014,32.8346201,021720869,USGS,IAN,2022,6000.0
2022-09-29 05:00:00,2.693,1.732,-0.961,-80.0237014,32.8346201,021720869,USGS,IAN,2022,6060.0
2022-09-29 06:00:00,1.933,0.742,-1.191,-80.0237014,32.8346201,021720869,USGS,IAN,2022,6120.0
2022-09-29 07:00:00,0.703,-0.143,-0.846,-80.0237014,32.8346201,021720869,USGS,IAN,2022,6180.0
2022-09-29 08:00:00,-0.407,-0.876,-0.469,-80.0237014,32.8346201,021720869,USGS,IAN,2022,6240.0
2022-09-29 09:00:00,-1.227,-1.189,0.038,-80.0237014,32.8346201,021720869,USGS,IAN,2022,6300.0
2022-09-29 10:00:00,-1.117,-0.86,0.257,-80.0237014,32.8346201,021720869,USGS,IAN,2022,6360.0
2022-09-29 11:00:00,-0.067,0.191,0.258,-80.0237014,32.8346201,021720869,USGS,IAN,2022,6420.0
2022-09-29 12:00:00,1.363,1.675,0.312,-80.0237014,32.8346201,021720869,USGS,IAN,2022,6480.0
2022-09-29 13:00:00,2.553,3.117,0.5640000000000001,-80.0237014,32.8346201,021720869,USGS,IAN,2022,6540.0
2022-09-29 14:00:00,3.393,4.231,0.8380000000000001,-80.0237014,32.8346201,021720869,USGS,IAN,2022,6600.0
2022-09-29 15:00:00,4.063,4.909,0.8460000000000001,-80.0237014,32.8346201,021720869,USGS,IAN,2022,6660.0
2022-09-29 16:00:00,4.633,5.145,0.5119999999999996,-80.0237014,32.8346201,021720869,USGS,IAN,2022,6720.0
2022-09-29 17:00:00,4.693,4.67,-0.0229999999999996,-80.0237014,32.8346201,021720869,USGS,IAN,2022,6780.0
2022-09-29 18:00:00,4.063,3.794,-0.2689999999999997,-80.0237014,32.8346201,021720869,USGS,IAN,2022,6840.0
2022-09-29 19:00:00,2.983,2.687,-0.2960000000000002,-80.0237014,32.8346201,021720869,USGS,IAN,2022,6900.0
2022-09-29 20:00:00,1.763,1.318,-0.4449999999999998,-80.0237014,32.8346201,021720869,USGS,IAN,2022,6960.0
2022-09-29 21:00:00,0.403,0.412,0.0089999999999999,-80.0237014,32.8346201,021720869,USGS,IAN,2022,7020.0
2022-09-29 22:00:00,-0.537,-0.064,0.473,-80.0237014,32.8346201,021720869,USGS,IAN,2022,7080.0
2022-09-29 23:00:00,-0.727,0.21,0.937,-80.0237014,32.8346201,021720869,USGS,IAN,2022,7140.0
2022-09-30 00:00:00,0.563,1.32,0.7570000000000001,-80.0237014,32.8346201,021720869,USGS,IAN,2022,7200.0
2022-09-30 01:00:00,1.763,2.648,0.8850000000000002,-80.0237014,32.8346201,021720869,USGS,IAN,2022,7260.0
2022-09-30 02:00:00,2.623,3.543,0.92,-80.0237014,32.8346201,021720869,USGS,IAN,2022,7320.0
2022-09-30 03:00:00,3.203,4.378,1.1750000000000005,-80.0237014,32.8346201,021720869,USGS,IAN,2022,7380.0
2022-09-30 04:00:00,3.763,4.762,0.9989999999999996,-80.0237014,32.8346201,021720869,USGS,IAN,2022,7440.0
2022-09-30 05:00:00,3.943,4.632,0.6889999999999996,-80.0237014,32.8346201,021720869,USGS,IAN,2022,7500.0
2022-09-30 06:00:00,3.293,3.933,0.6399999999999997,-80.0237014,32.8346201,021720869,USGS,IAN,2022,7560.0
2022-09-30 07:00:00,2.533,2.948,0.415,-80.0237014,32.8346201,021720869,USGS,IAN,2022,7620.0
2022-09-30 08:00:00,1.343,1.7,0.357,-80.0237014,32.8346201,021720869,USGS,IAN,2022,7680.0
2022-09-30 09:00:00,0.113,0.774,0.661,-80.0237014,32.8346201,021720869,USGS,IAN,2022,7740.0
2022-09-30 10:00:00,-0.867,0.29,1.157,-80.0237014,32.8346201,021720869,USGS,IAN,2022,7800.0
2022-09-30 11:00:00,-1.227,0.547,1.774,-80.0237014,32.8346201,021720869,USGS,IAN,2022,7860.0
2022-09-30 12:00:00,-0.347,1.493,1.84,-80.0237014,32.8346201,021720869,USGS,IAN,2022,7920.0
2022-09-30 13:00:00,1.313,2.652,1.3390000000000002,-80.0237014,32.8346201,021720869,USGS,IAN,2022,7980.0
2022-09-30 14:00:00,2.273,3.567,1.294,-80.0237014,32.8346201,021720869,USGS,IAN,2022,8040.0
2022-09-30 15:00:00,3.373,4.658,1.285,-80.0237014,32.8346201,021720869,USGS,IAN,2022,8100.0
2022-09-30 16:00:00,3.523,5.089,1.5660000000000005,-80.0237014,32.8346201,021720869,USGS,IAN,2022,8160.0
2022-09-30 17:00:00,3.663,4.107,0.4440000000000004,-80.0237014,32.8346201,021720869,USGS,IAN,2022,8220.0
2022-10-01 08:00:00,0.043,-1.133,-1.176,-80.0237014,32.8346201,021720869,USGS,IAN,2022,9120.0
2022-10-01 09:00:00,-1.207,-2.098,-0.8909999999999998,-80.0237014,32.8346201,021720869,USGS,IAN,2022,9180.0
2022-10-01 10:00:00,-2.017,-2.699,-0.6819999999999999,-80.0237014,32.8346201,021720869,USGS,IAN,2022,9240.0
2022-10-01 11:00:00,-2.067,-3.172,-1.105,-80.0237014,32.8346201,021720869,USGS,IAN,2022,9300.0
2022-10-01 12:00:00,-1.157,-2.704,-1.5470000000000002,-80.0237014,32.8346201,021720869,USGS,IAN,2022,9360.0
2022-10-01 13:00:00,0.123,-1.568,-1.691,-80.0237014,32.8346201,021720869,USGS,IAN,2022,9420.0
2022-10-01 14:00:00,1.653,0.012,-1.641,-80.0237014,32.8346201,021720869,USGS,IAN,2022,9480.0
2022-10-01 15:00:00,2.593,1.69,-0.903,-80.0237014,32.8346201,021720869,USGS,IAN,2022,9540.0
2022-10-01 16:00:00,3.223,2.878,-0.3449999999999997,-80.0237014,32.8346201,021720869,USGS,IAN,2022,9600.0
2022-10-01 17:00:00,3.613,3.307,-0.306,-80.0237014,32.8346201,021720869,USGS,IAN,2022,9660.0
2022-10-01 18:00:00,3.723,2.767,-0.956,-80.0237014,32.8346201,021720869,USGS,IAN,2022,9720.0
2022-10-01 19:00:00,3.193,1.564,-1.629,-80.0237014,32.8346201,021720869,USGS,IAN,2022,9780.0
2022-10-01 20:00:00,2.193,0.353,-1.84,-80.0237014,32.8346201,021720869,USGS,IAN,2022,9840.0
2022-10-01 21:00:00,0.833,-0.748,-1.581,-80.0237014,32.8346201,021720869,USGS,IAN,2022,9900.0
2022-10-01 22:00:00,-0.507,-1.705,-1.198,-80.0237014,32.8346201,021720869,USGS,IAN,2022,9960.0
2022-10-01 23:00:00,-1.447,-2.373,-0.9260000000000002,-80.0237014,32.8346201,021720869,USGS,IAN,2022,10020.0
2022-09-25 01:00:00,4.402,3.251,-1.1510000000000002,-81.1537237,32.165084,02198920,USGS,IAN,2022,60.0
2022-09-25 02:00:00,4.132,2.258,-1.874,-81.1537237,32.165084,02198920,USGS,IAN,2022,120.0
2022-09-25 03:00:00,3.112,0.87,-2.242,-81.1537237,32.165084,02198920,USGS,IAN,2022,180.0
2022-09-25 04:00:00,0.972,-0.389,-1.361,-81.1537237,32.165084,02198920,USGS,IAN,2022,240.0
2022-09-25 05:00:00,-0.968,-1.513,-0.5449999999999999,-81.1537237,32.165084,02198920,USGS,IAN,2022,300.0
2022-09-25 06:00:00,-2.508,-2.485,0.0230000000000001,-81.1537237,32.165084,02198920,USGS,IAN,2022,360.0
2022-09-25 07:00:00,-3.218,-3.274,-0.056,-81.1537237,32.165084,02198920,USGS,IAN,2022,420.0
2022-09-25 08:00:00,-2.458,-3.142,-0.6839999999999997,-81.1537237,32.165084,02198920,USGS,IAN,2022,480.0
2022-09-25 09:00:00,-0.838,-1.774,-0.936,-81.1537237,32.165084,02198920,USGS,IAN,2022,540.0
2022-09-25 10:00:00,0.882,0.39,-0.492,-81.1537237,32.165084,02198920,USGS,IAN,2022,600.0
2022-09-25 11:00:00,2.332,2.297,-0.0349999999999997,-81.1537237,32.165084,02198920,USGS,IAN,2022,660.0
2022-09-25 12:00:00,3.252,3.386,0.1340000000000003,-81.1537237,32.165084,02198920,USGS,IAN,2022,720.0
2022-09-25 13:00:00,3.702,3.482,-0.2199999999999997,-81.1537237,32.165084,02198920,USGS,IAN,2022,780.0
2022-09-25 14:00:00,3.832,2.625,-1.207,-81.1537237,32.165084,02198920,USGS,IAN,2022,840.0
2022-09-25 15:00:00,3.382,1.314,-2.068,-81.1537237,32.165084,02198920,USGS,IAN,2022,900.0
2022-09-25 16:00:00,1.962,-0.088,-2.05,-81.1537237,32.165084,02198920,USGS,IAN,2022,960.0
2022-09-25 17:00:00,-0.298,-1.253,-0.9549999999999998,-81.1537237,32.165084,02198920,USGS,IAN,2022,1020.0
2022-09-25 18:00:00,-2.228,-2.249,-0.0209999999999999,-81.1537237,32.165084,02198920,USGS,IAN,2022,1080.0
2022-09-25 19:00:00,-3.648,-3.187,0.4610000000000003,-81.1537237,32.165084,02198920,USGS,IAN,2022,1140.0
2022-09-25 20:00:00,-4.068,-3.459,0.6089999999999995,-81.1537237,32.165084,02198920,USGS,IAN,2022,1200.0
2022-09-25 21:00:00,-2.558,-2.335,0.2229999999999998,-81.1537237,32.165084,02198920,USGS,IAN,2022,1260.0
2022-09-25 22:00:00,0.082,-0.216,-0.298,-81.1537237,32.165084,02198920,USGS,IAN,2022,1320.0
2022-09-25 23:00:00,2.622,1.862,-0.7599999999999998,-81.1537237,32.165084,02198920,USGS,IAN,2022,1380.0
2022-09-26 00:00:00,3.912,3.224,-0.6879999999999997,-81.1537237,32.165084,02198920,USGS,IAN,2022,1440.0
2022-09-26 01:00:00,4.412,3.627,-0.7850000000000001,-81.1537237,32.165084,02198920,USGS,IAN,2022,1500.0
2022-09-26 02:00:00,4.532,3.175,-1.3570000000000002,-81.1537237,32.165084,02198920,USGS,IAN,2022,1560.0
2022-09-26 03:00:00,3.932,1.97,-1.962,-81.1537237,32.165084,02198920,USGS,IAN,2022,1620.0
2022-09-26 04:00:00,2.472,0.422,-2.05,-81.1537237,32.165084,02198920,USGS,IAN,2022,1680.0
2022-09-26 05:00:00,0.152,-0.773,-0.925,-81.1537237,32.165084,02198920,USGS,IAN,2022,1740.0
2022-09-26 06:00:00,-1.838,-1.87,-0.032,-81.1537237,32.165084,02198920,USGS,IAN,2022,1800.0
2022-09-26 07:00:00,-3.288,-2.882,0.4059999999999997,-81.1537237,32.165084,02198920,USGS,IAN,2022,1860.0
2022-09-26 08:00:00,-3.748,-3.555,0.193,-81.1537237,32.165084,02198920,USGS,IAN,2022,1920.0
2022-09-26 09:00:00,-2.408,-2.934,-0.5260000000000002,-81.1537237,32.165084,02198920,USGS,IAN,2022,1980.0
2022-09-26 10:00:00,-0.388,-1.279,-0.8909999999999999,-81.1537237,32.165084,02198920,USGS,IAN,2022,2040.0
2022-09-26 11:00:00,1.742,1.215,-0.5269999999999999,-81.1537237,32.165084,02198920,USGS,IAN,2022,2100.0
2022-09-26 12:00:00,3.162,2.946,-0.2159999999999997,-81.1537237,32.165084,02198920,USGS,IAN,2022,2160.0
2022-09-26 13:00:00,3.682,3.764,0.0819999999999998,-81.1537237,32.165084,02198920,USGS,IAN,2022,2220.0
2022-09-26 14:00:00,3.832,3.662,-0.1699999999999999,-81.1537237,32.165084,02198920,USGS,IAN,2022,2280.0
2022-09-26 15:00:00,3.592,2.603,-0.989,-81.1537237,32.165084,02198920,USGS,IAN,2022,2340.0
2022-09-26 16:00:00,2.552,1.217,-1.335,-81.1537237,32.165084,02198920,USGS,IAN,2022,2400.0
2022-09-26 17:00:00,0.592,-0.284,-0.8759999999999999,-81.1537237,32.165084,02198920,USGS,IAN,2022,2460.0
2022-09-26 18:00:00,-1.298,-1.466,-0.1679999999999999,-81.1537237,32.165084,02198920,USGS,IAN,2022,2520.0
2022-09-26 19:00:00,-2.888,-2.497,0.391,-81.1537237,32.165084,02198920,USGS,IAN,2022,2580.0
2022-09-26 20:00:00,-4.038,-3.397,0.6410000000000005,-81.1537237,32.165084,02198920,USGS,IAN,2022,2640.0
2022-09-26 21:00:00,-3.578,-3.507,0.0709999999999997,-81.1537237,32.165084,02198920,USGS,IAN,2022,2700.0
2022-09-26 22:00:00,-1.678,-2.08,-0.4020000000000001,-81.1537237,32.165084,02198920,USGS,IAN,2022,2760.0
2022-09-26 23:00:00,1.062,0.229,-0.8330000000000001,-81.1537237,32.165084,02198920,USGS,IAN,2022,2820.0
2022-09-27 00:00:00,3.142,2.321,-0.8209999999999997,-81.1537237,32.165084,02198920,USGS,IAN,2022,2880.0
2022-09-27 01:00:00,3.962,3.507,-0.455,-81.1537237,32.165084,02198920,USGS,IAN,2022,2940.0
2022-09-27 02:00:00,4.242,3.685,-0.5569999999999999,-81.1537237,32.165084,02198920,USGS,IAN,2022,3000.0
2022-09-27 03:00:00,4.072,2.894,-1.178,-81.1537237,32.165084,02198920,USGS,IAN,2022,3060.0
2022-09-27 04:00:00,3.172,1.474,-1.6980000000000002,-81.1537237,32.165084,02198920,USGS,IAN,2022,3120.0
2022-09-27 05:00:00,1.182,-0.024,-1.206,-81.1537237,32.165084,02198920,USGS,IAN,2022,3180.0
2022-09-27 06:00:00,-1.008,-1.251,-0.2429999999999998,-81.1537237,32.165084,02198920,USGS,IAN,2022,3240.0
2022-09-27 07:00:00,-2.758,-2.311,0.447,-81.1537237,32.165084,02198920,USGS,IAN,2022,3300.0
2022-09-27 08:00:00,-3.968,-3.307,0.661,-81.1537237,32.165084,02198920,USGS,IAN,2022,3360.0
2022-09-27 09:00:00,-4.138,-3.757,0.3809999999999998,-81.1537237,32.165084,02198920,USGS,IAN,2022,3420.0
2022-09-27 10:00:00,-2.488,-2.608,-0.1200000000000001,-81.1537237,32.165084,02198920,USGS,IAN,2022,3480.0
2022-09-27 11:00:00,0.102,-0.282,-0.3839999999999999,-81.1537237,32.165084,02198920,USGS,IAN,2022,3540.0
2022-09-27 12:00:00,2.222,1.987,-0.2349999999999998,-81.1537237,32.165084,02198920,USGS,IAN,2022,3600.0
2022-09-27 13:00:00,3.512,3.544,0.032,-81.1537237,32.165084,02198920,USGS,IAN,2022,3660.0
2022-09-27 14:00:00,3.872,4.033,0.1610000000000004,-81.1537237,32.165084,02198920,USGS,IAN,2022,3720.0
2022-09-27 15:00:00,4.012,3.746,-0.2659999999999995,-81.1537237,32.165084,02198920,USGS,IAN,2022,3780.0
2022-09-27 16:00:00,3.652,2.592,-1.06,-81.1537237,32.165084,02198920,USGS,IAN,2022,3840.0
2022-09-27 17:00:00,2.392,1.215,-1.1769999999999998,-81.1537237,32.165084,02198920,USGS,IAN,2022,3900.0
2022-09-27 18:00:00,0.192,-0.334,-0.526,-81.1537237,32.165084,02198920,USGS,IAN,2022,3960.0
2022-09-27 19:00:00,-1.738,-1.626,0.1120000000000001,-81.1537237,32.165084,02198920,USGS,IAN,2022,4020.0
2022-09-27 20:00:00,-3.288,-2.619,0.6689999999999996,-81.1537237,32.165084,02198920,USGS,IAN,2022,4080.0
2022-09-27 21:00:00,-4.208,-3.468,0.7400000000000002,-81.1537237,32.165084,02198920,USGS,IAN,2022,4140.0
2022-09-27 22:00:00,-3.388,-3.311,0.0769999999999999,-81.1537237,32.165084,02198920,USGS,IAN,2022,4200.0
2022-09-27 23:00:00,-0.918,-1.624,-0.7060000000000001,-81.1537237,32.165084,02198920,USGS,IAN,2022,4260.0
2022-09-28 00:00:00,1.532,0.873,-0.659,-81.1537237,32.165084,02198920,USGS,IAN,2022,4320.0
2022-09-28 01:00:00,3.132,2.737,-0.395,-81.1537237,32.165084,02198920,USGS,IAN,2022,4380.0
2022-09-28 02:00:00,3.852,3.633,-0.2189999999999998,-81.1537237,32.165084,02198920,USGS,IAN,2022,4440.0
2022-09-28 03:00:00,3.992,3.55,-0.4420000000000001,-81.1537237,32.165084,02198920,USGS,IAN,2022,4500.0
2022-09-28 04:00:00,3.602,2.392,-1.21,-81.1537237,32.165084,02198920,USGS,IAN,2022,4560.0
2022-09-28 05:00:00,2.312,0.962,-1.35,-81.1537237,32.165084,02198920,USGS,IAN,2022,4620.0
2022-09-28 06:00:00,0.072,-0.445,-0.517,-81.1537237,32.165084,02198920,USGS,IAN,2022,4680.0
2022-09-28 07:00:00,-1.838,-1.709,0.129,-81.1537237,32.165084,02198920,USGS,IAN,2022,4740.0
2022-09-28 08:00:00,-3.158,-2.694,0.4639999999999999,-81.1537237,32.165084,02198920,USGS,IAN,2022,4800.0
2022-09-28 09:00:00,-3.988,-3.617,0.371,-81.1537237,32.165084,02198920,USGS,IAN,2022,4860.0
2022-09-28 10:00:00,-2.828,-3.606,-0.778,-81.1537237,32.165084,02198920,USGS,IAN,2022,4920.0
2022-09-28 11:00:00,-0.858,-2.074,-1.2159999999999995,-81.1537237,32.165084,02198920,USGS,IAN,2022,4980.0
2022-09-28 12:00:00,1.522,0.365,-1.157,-81.1537237,32.165084,02198920,USGS,IAN,2022,5040.0
2022-09-28 13:00:00,3.292,2.627,-0.665,-81.1537237,32.165084,02198920,USGS,IAN,2022,5100.0
2022-09-28 14:00:00,4.002,3.832,-0.1699999999999999,-81.1537237,32.165084,02198920,USGS,IAN,2022,5160.0
2022-09-28 15:00:00,4.392,4.124,-0.2680000000000007,-81.1537237,32.165084,02198920,USGS,IAN,2022,5220.0
2022-09-28 16:00:00,4.542,3.689,-0.8529999999999998,-81.1537237,32.165084,02198920,USGS,IAN,2022,5280.0
2022-09-28 17:00:00,4.132,2.487,-1.6449999999999996,-81.1537237,32.165084,02198920,USGS,IAN,2022,5340.0
2022-09-28 18:00:00,3.092,0.939,-2.153,-81.1537237,32.165084,02198920,USGS,IAN,2022,5400.0
2022-09-28 19:00:00,1.072,-0.275,-1.347,-81.1537237,32.165084,02198920,USGS,IAN,2022,5460.0
2022-09-28 20:00:00,-0.778,-1.765,-0.987,-81.1537237,32.165084,02198920,USGS,IAN,2022,5520.0
2022-09-28 21:00:00,-2.368,-2.717,-0.3490000000000002,-81.1537237,32.165084,02198920,USGS,IAN,2022,5580.0
2022-09-28 22:00:00,-3.248,-3.488,-0.2399999999999997,-81.1537237,32.165084,02198920,USGS,IAN,2022,5640.0
2022-09-28 23:00:00,-2.228,-2.959,-0.7309999999999999,-81.1537237,32.165084,02198920,USGS,IAN,2022,5700.0
2022-09-29 00:00:00,0.152,-0.875,-1.027,-81.1537237,32.165084,02198920,USGS,IAN,2022,5760.0
2022-09-29 01:00:00,2.242,1.55,-0.692,-81.1537237,32.165084,02198920,USGS,IAN,2022,5820.0
2022-09-29 02:00:00,3.492,3.324,-0.1680000000000001,-81.1537237,32.165084,02198920,USGS,IAN,2022,5880.0
2022-09-29 03:00:00,3.902,4.088,0.1859999999999999,-81.1537237,32.165084,02198920,USGS,IAN,2022,5940.0
2022-09-29 04:00:00,4.052,4.161,0.1089999999999999,-81.1537237,32.165084,02198920,USGS,IAN,2022,6000.0
2022-09-29 05:00:00,4.032,3.503,-0.5289999999999999,-81.1537237,32.165084,02198920,USGS,IAN,2022,6060.0
2022-09-29 06:00:00,3.442,2.468,-0.9740000000000002,-81.1537237,32.165084,02198920,USGS,IAN,2022,6120.0
2022-09-29 07:00:00,1.982,1.147,-0.835,-81.1537237,32.165084,02198920,USGS,IAN,2022,6180.0
2022-09-29 08:00:00,-0.038,-0.038,0.0,-81.1537237,32.165084,02198920,USGS,IAN,2022,6240.0
2022-09-29 09:00:00,-1.468,-1.034,0.4339999999999999,-81.1537237,32.165084,02198920,USGS,IAN,2022,6300.0
2022-09-29 10:00:00,-1.808,-1.551,0.2570000000000001,-81.1537237,32.165084,02198920,USGS,IAN,2022,6360.0
2022-09-29 11:00:00,-0.958,-0.842,0.1159999999999999,-81.1537237,32.165084,02198920,USGS,IAN,2022,6420.0
2022-09-29 12:00:00,0.262,1.175,0.913,-81.1537237,32.165084,02198920,USGS,IAN,2022,6480.0
2022-09-29 13:00:00,1.912,3.256,1.344,-81.1537237,32.165084,02198920,USGS,IAN,2022,6540.0
2022-09-29 14:00:00,3.342,4.596,1.254,-81.1537237,32.165084,02198920,USGS,IAN,2022,6600.0
2022-09-29 15:00:00,4.032,5.099,1.0670000000000002,-81.1537237,32.165084,02198920,USGS,IAN,2022,6660.0
2022-09-29 16:00:00,4.722,5.544,0.8219999999999992,-81.1537237,32.165084,02198920,USGS,IAN,2022,6720.0
2022-09-29 17:00:00,5.082,5.836,0.7540000000000004,-81.1537237,32.165084,02198920,USGS,IAN,2022,6780.0
2022-09-29 18:00:00,4.952,5.398,0.4459999999999997,-81.1537237,32.165084,02198920,USGS,IAN,2022,6840.0
2022-09-29 19:00:00,4.332,4.588,0.2560000000000002,-81.1537237,32.165084,02198920,USGS,IAN,2022,6900.0
2022-09-29 20:00:00,2.952,3.244,0.2920000000000002,-81.1537237,32.165084,02198920,USGS,IAN,2022,6960.0
2022-09-29 21:00:00,1.112,2.139,1.0269999999999997,-81.1537237,32.165084,02198920,USGS,IAN,2022,7020.0
2022-09-29 22:00:00,-0.618,0.909,1.527,-81.1537237,32.165084,02198920,USGS,IAN,2022,7080.0
2022-09-29 23:00:00,-1.568,0.238,1.806,-81.1537237,32.165084,02198920,USGS,IAN,2022,7140.0
2022-09-30 00:00:00,-1.148,0.51,1.658,-81.1537237,32.165084,02198920,USGS,IAN,2022,7200.0
2022-09-30 01:00:00,0.532,2.468,1.936,-81.1537237,32.165084,02198920,USGS,IAN,2022,7260.0
2022-09-30 02:00:00,2.132,3.503,1.371,-81.1537237,32.165084,02198920,USGS,IAN,2022,7320.0
2022-09-30 03:00:00,3.302,4.31,1.0079999999999996,-81.1537237,32.165084,02198920,USGS,IAN,2022,7380.0
2022-09-30 04:00:00,3.922,4.699,0.7769999999999997,-81.1537237,32.165084,02198920,USGS,IAN,2022,7440.0
2022-09-30 05:00:00,4.252,4.937,0.6850000000000005,-81.1537237,32.165084,02198920,USGS,IAN,2022,7500.0
2022-09-30 06:00:00,4.262,5.015,0.7530000000000001,-81.1537237,32.165084,02198920,USGS,IAN,2022,7560.0
2022-09-30 07:00:00,3.862,4.407,0.5449999999999999,-81.1537237,32.165084,02198920,USGS,IAN,2022,7620.0
2022-09-30 08:00:00,2.792,3.003,0.2110000000000003,-81.1537237,32.165084,02198920,USGS,IAN,2022,7680.0
2022-09-30 09:00:00,0.852,1.74,0.888,-81.1537237,32.165084,02198920,USGS,IAN,2022,7740.0
2022-09-30 10:00:00,-0.758,0.392,1.15,-81.1537237,32.165084,02198920,USGS,IAN,2022,7800.0
2022-09-30 11:00:00,-1.758,-0.557,1.201,-81.1537237,32.165084,02198920,USGS,IAN,2022,7860.0
2022-09-30 12:00:00,-1.528,-1.058,0.47,-81.1537237,32.165084,02198920,USGS,IAN,2022,7920.0
2022-09-30 13:00:00,-0.828,-0.122,0.706,-81.1537237,32.165084,02198920,USGS,IAN,2022,7980.0
2022-09-30 14:00:00,0.502,1.536,1.034,-81.1537237,32.165084,02198920,USGS,IAN,2022,8040.0
2022-09-30 15:00:00,2.362,2.801,0.439,-81.1537237,32.165084,02198920,USGS,IAN,2022,8100.0
2022-09-30 16:00:00,3.602,3.301,-0.3009999999999997,-81.1537237,32.165084,02198920,USGS,IAN,2022,8160.0
2022-09-30 17:00:00,4.082,3.268,-0.8140000000000001,-81.1537237,32.165084,02198920,USGS,IAN,2022,8220.0
2022-09-30 18:00:00,4.312,2.633,-1.6790000000000005,-81.1537237,32.165084,02198920,USGS,IAN,2022,8280.0
2022-09-30 19:00:00,3.972,1.46,-2.512,-81.1537237,32.165084,02198920,USGS,IAN,2022,8340.0
2022-09-30 20:00:00,2.762,-0.023,-2.785,-81.1537237,32.165084,02198920,USGS,IAN,2022,8400.0
2022-09-30 21:00:00,0.552,-1.309,-1.861,-81.1537237,32.165084,02198920,USGS,IAN,2022,8460.0
2022-09-30 22:00:00,-1.708,-2.346,-0.6380000000000001,-81.1537237,32.165084,02198920,USGS,IAN,2022,8520.0
2022-09-30 23:00:00,-3.308,-3.422,-0.1140000000000003,-81.1537237,32.165084,02198920,USGS,IAN,2022,8580.0
2022-10-01 00:00:00,-3.728,-4.171,-0.443,-81.1537237,32.165084,02198920,USGS,IAN,2022,8640.0
2022-10-01 01:00:00,-2.058,-3.653,-1.5950000000000002,-81.1537237,32.165084,02198920,USGS,IAN,2022,8700.0
2022-10-01 02:00:00,-0.018,-2.089,-2.071,-81.1537237,32.165084,02198920,USGS,IAN,2022,8760.0
2022-10-01 03:00:00,1.722,-0.018,-1.74,-81.1537237,32.165084,02198920,USGS,IAN,2022,8820.0
2022-10-01 04:00:00,3.002,1.365,-1.6369999999999998,-81.1537237,32.165084,02198920,USGS,IAN,2022,8880.0
2022-10-01 05:00:00,3.482,2.171,-1.3110000000000004,-81.1537237,32.165084,02198920,USGS,IAN,2022,8940.0
2022-10-01 06:00:00,3.382,2.189,-1.193,-81.1537237,32.165084,02198920,USGS,IAN,2022,9000.0
2022-10-01 07:00:00,2.612,1.051,-1.5610000000000002,-81.1537237,32.165084,02198920,USGS,IAN,2022,9060.0
2022-10-01 08:00:00,0.892,-0.305,-1.197,-81.1537237,32.165084,02198920,USGS,IAN,2022,9120.0
2022-10-01 09:00:00,-1.148,-1.635,-0.4870000000000001,-81.1537237,32.165084,02198920,USGS,IAN,2022,9180.0
2022-10-01 10:00:00,-2.688,-2.74,-0.052,-81.1537237,32.165084,02198920,USGS,IAN,2022,9240.0
2022-10-01 11:00:00,-3.718,-3.745,-0.0270000000000001,-81.1537237,32.165084,02198920,USGS,IAN,2022,9300.0
2022-10-01 12:00:00,-3.538,-4.474,-0.9360000000000004,-81.1537237,32.165084,02198920,USGS,IAN,2022,9360.0
2022-10-01 13:00:00,-1.918,-3.552,-1.634,-81.1537237,32.165084,02198920,USGS,IAN,2022,9420.0
2022-10-01 14:00:00,0.452,-1.817,-2.269,-81.1537237,32.165084,02198920,USGS,IAN,2022,9480.0
2022-10-01 15:00:00,2.472,0.925,-1.547,-81.1537237,32.165084,02198920,USGS,IAN,2022,9540.0
2022-10-01 16:00:00,3.522,3.077,-0.4449999999999998,-81.1537237,32.165084,02198920,USGS,IAN,2022,9600.0
2022-10-01 17:00:00,3.862,4.005,0.1429999999999998,-81.1537237,32.165084,02198920,USGS,IAN,2022,9660.0
2022-10-01 18:00:00,4.012,3.885,-0.1269999999999997,-81.1537237,32.165084,02198920,USGS,IAN,2022,9720.0
2022-10-01 19:00:00,3.662,2.829,-0.8329999999999997,-81.1537237,32.165084,02198920,USGS,IAN,2022,9780.0
2022-10-01 20:00:00,2.582,1.416,-1.166,-81.1537237,32.165084,02198920,USGS,IAN,2022,9840.0
2022-10-01 21:00:00,0.702,0.057,-0.6449999999999999,-81.1537237,32.165084,02198920,USGS,IAN,2022,9900.0
2022-10-01 22:00:00,-1.208,-1.358,-0.1500000000000001,-81.1537237,32.165084,02198920,USGS,IAN,2022,9960.0
2022-10-01 23:00:00,-2.628,-2.367,0.2610000000000001,-81.1537237,32.165084,02198920,USGS,IAN,2022,10020.0
2022-09-25 01:00:00,4.979,3.178,-1.8010000000000002,-81.1292789,32.11576075,021989715,USGS,IAN,2022,60.0
2022-09-25 02:00:00,4.489,2.157,-2.332,-81.1292789,32.11576075,021989715,USGS,IAN,2022,120.0
2022-09-25 03:00:00,3.269,0.873,-2.396,-81.1292789,32.11576075,021989715,USGS,IAN,2022,180.0
2022-09-25 04:00:00,1.129,-0.388,-1.517,-81.1292789,32.11576075,021989715,USGS,IAN,2022,240.0
2022-09-25 05:00:00,-0.811,-1.569,-0.7579999999999999,-81.1292789,32.11576075,021989715,USGS,IAN,2022,300.0
2022-09-25 06:00:00,-2.391,-2.471,-0.08,-81.1292789,32.11576075,021989715,USGS,IAN,2022,360.0
2022-09-25 07:00:00,-2.891,-3.255,-0.3639999999999999,-81.1292789,32.11576075,021989715,USGS,IAN,2022,420.0
2022-09-25 08:00:00,-1.841,-3.102,-1.261,-81.1292789,32.11576075,021989715,USGS,IAN,2022,480.0
2022-09-25 09:00:00,-0.171,-1.738,-1.567,-81.1292789,32.11576075,021989715,USGS,IAN,2022,540.0
2022-09-25 10:00:00,1.589,0.434,-1.155,-81.1292789,32.11576075,021989715,USGS,IAN,2022,600.0
2022-09-25 11:00:00,2.959,2.31,-0.649,-81.1292789,32.11576075,021989715,USGS,IAN,2022,660.0
2022-09-25 12:00:00,3.879,3.386,-0.4929999999999999,-81.1292789,32.11576075,021989715,USGS,IAN,2022,720.0
2022-09-25 13:00:00,4.339,3.402,-0.9370000000000004,-81.1292789,32.11576075,021989715,USGS,IAN,2022,780.0
2022-09-25 14:00:00,4.309,2.603,-1.706,-81.1292789,32.11576075,021989715,USGS,IAN,2022,840.0
2022-09-25 15:00:00,3.659,1.29,-2.369,-81.1292789,32.11576075,021989715,USGS,IAN,2022,900.0
2022-09-25 16:00:00,2.119,-0.055,-2.1740000000000004,-81.1292789,32.11576075,021989715,USGS,IAN,2022,960.0
2022-09-25 17:00:00,-0.211,-1.245,-1.034,-81.1292789,32.11576075,021989715,USGS,IAN,2022,1020.0
2022-09-25 18:00:00,-2.191,-2.224,-0.0330000000000003,-81.1292789,32.11576075,021989715,USGS,IAN,2022,1080.0
2022-09-25 19:00:00,-3.521,-3.145,0.3759999999999999,-81.1292789,32.11576075,021989715,USGS,IAN,2022,1140.0
2022-09-25 20:00:00,-3.621,-3.414,0.2069999999999998,-81.1292789,32.11576075,021989715,USGS,IAN,2022,1200.0
2022-09-25 21:00:00,-1.781,-2.294,-0.5130000000000001,-81.1292789,32.11576075,021989715,USGS,IAN,2022,1260.0
2022-09-25 22:00:00,0.879,-0.231,-1.11,-81.1292789,32.11576075,021989715,USGS,IAN,2022,1320.0
2022-09-25 23:00:00,3.359,1.851,-1.508,-81.1292789,32.11576075,021989715,USGS,IAN,2022,1380.0
2022-09-26 00:00:00,4.599,3.208,-1.391,-81.1292789,32.11576075,021989715,USGS,IAN,2022,1440.0
2022-09-26 01:00:00,5.089,3.595,-1.4940000000000002,-81.1292789,32.11576075,021989715,USGS,IAN,2022,1500.0
2022-09-26 02:00:00,5.059,3.096,-1.963,-81.1292789,32.11576075,021989715,USGS,IAN,2022,1560.0
2022-09-26 03:00:00,4.189,1.911,-2.278,-81.1292789,32.11576075,021989715,USGS,IAN,2022,1620.0
2022-09-26 04:00:00,2.549,0.453,-2.096,-81.1292789,32.11576075,021989715,USGS,IAN,2022,1680.0
2022-09-26 05:00:00,0.159,-0.777,-0.936,-81.1292789,32.11576075,021989715,USGS,IAN,2022,1740.0
2022-09-26 06:00:00,-1.871,-1.894,-0.0229999999999999,-81.1292789,32.11576075,021989715,USGS,IAN,2022,1800.0
2022-09-26 07:00:00,-3.261,-2.884,0.3770000000000002,-81.1292789,32.11576075,021989715,USGS,IAN,2022,1860.0
2022-09-26 08:00:00,-3.281,-3.53,-0.2489999999999996,-81.1292789,32.11576075,021989715,USGS,IAN,2022,1920.0
2022-09-26 09:00:00,-1.711,-2.903,-1.192,-81.1292789,32.11576075,021989715,USGS,IAN,2022,1980.0
2022-09-26 10:00:00,0.349,-1.064,-1.413,-81.1292789,32.11576075,021989715,USGS,IAN,2022,2040.0
2022-09-26 11:00:00,2.449,1.263,-1.186,-81.1292789,32.11576075,021989715,USGS,IAN,2022,2100.0
2022-09-26 12:00:00,3.799,3.005,-0.794,-81.1292789,32.11576075,021989715,USGS,IAN,2022,2160.0
2022-09-26 13:00:00,4.249,3.745,-0.5039999999999996,-81.1292789,32.11576075,021989715,USGS,IAN,2022,2220.0
2022-09-26 14:00:00,4.319,3.562,-0.7570000000000001,-81.1292789,32.11576075,021989715,USGS,IAN,2022,2280.0
2022-09-26 15:00:00,3.949,2.606,-1.343,-81.1292789,32.11576075,021989715,USGS,IAN,2022,2340.0
2022-09-26 16:00:00,2.749,1.17,-1.5790000000000002,-81.1292789,32.11576075,021989715,USGS,IAN,2022,2400.0
2022-09-26 17:00:00,0.739,-0.255,-0.994,-81.1292789,32.11576075,021989715,USGS,IAN,2022,2460.0
2022-09-26 18:00:00,-1.201,-1.471,-0.27,-81.1292789,32.11576075,021989715,USGS,IAN,2022,2520.0
2022-09-26 19:00:00,-2.801,-2.461,0.3400000000000003,-81.1292789,32.11576075,021989715,USGS,IAN,2022,2580.0
2022-09-26 20:00:00,-3.731,-3.363,0.3679999999999999,-81.1292789,32.11576075,021989715,USGS,IAN,2022,2640.0
2022-09-26 21:00:00,-2.951,-3.418,-0.4670000000000001,-81.1292789,32.11576075,021989715,USGS,IAN,2022,2700.0
2022-09-26 22:00:00,-0.861,-2.05,-1.1889999999999998,-81.1292789,32.11576075,021989715,USGS,IAN,2022,2760.0
2022-09-26 23:00:00,1.849,0.288,-1.561,-81.1292789,32.11576075,021989715,USGS,IAN,2022,2820.0
2022-09-27 00:00:00,3.839,2.361,-1.4779999999999998,-81.1292789,32.11576075,021989715,USGS,IAN,2022,2880.0
2022-09-27 01:00:00,4.589,3.525,-1.0640000000000005,-81.1292789,32.11576075,021989715,USGS,IAN,2022,2940.0
2022-09-27 02:00:00,4.809,3.613,-1.1960000000000002,-81.1292789,32.11576075,021989715,USGS,IAN,2022,3000.0
2022-09-27 03:00:00,4.469,2.83,-1.6390000000000002,-81.1292789,32.11576075,021989715,USGS,IAN,2022,3060.0
2022-09-27 04:00:00,3.409,1.512,-1.897,-81.1292789,32.11576075,021989715,USGS,IAN,2022,3120.0
2022-09-27 05:00:00,1.269,-0.023,-1.2919999999999998,-81.1292789,32.11576075,021989715,USGS,IAN,2022,3180.0
2022-09-27 06:00:00,-0.991,-1.222,-0.2309999999999999,-81.1292789,32.11576075,021989715,USGS,IAN,2022,3240.0
2022-09-27 07:00:00,-2.761,-2.277,0.484,-81.1292789,32.11576075,021989715,USGS,IAN,2022,3300.0
2022-09-27 08:00:00,-3.781,-3.284,0.4970000000000003,-81.1292789,32.11576075,021989715,USGS,IAN,2022,3360.0
2022-09-27 09:00:00,-3.631,-3.676,-0.0450000000000003,-81.1292789,32.11576075,021989715,USGS,IAN,2022,3420.0
2022-09-27 10:00:00,-1.721,-2.558,-0.8369999999999997,-81.1292789,32.11576075,021989715,USGS,IAN,2022,3480.0
2022-09-27 11:00:00,0.809,-0.382,-1.191,-81.1292789,32.11576075,021989715,USGS,IAN,2022,3540.0
2022-09-27 12:00:00,3.039,2.044,-0.995,-81.1292789,32.11576075,021989715,USGS,IAN,2022,3600.0
2022-09-27 13:00:00,4.189,3.567,-0.6219999999999999,-81.1292789,32.11576075,021989715,USGS,IAN,2022,3660.0
2022-09-27 14:00:00,4.539,4.009,-0.5299999999999994,-81.1292789,32.11576075,021989715,USGS,IAN,2022,3720.0
2022-09-27 15:00:00,4.519,3.6,-0.919,-81.1292789,32.11576075,021989715,USGS,IAN,2022,3780.0
2022-09-27 16:00:00,3.969,2.578,-1.391,-81.1292789,32.11576075,021989715,USGS,IAN,2022,3840.0
2022-09-27 17:00:00,2.579,1.069,-1.5100000000000002,-81.1292789,32.11576075,021989715,USGS,IAN,2022,3900.0
2022-09-27 18:00:00,0.309,-0.302,-0.611,-81.1292789,32.11576075,021989715,USGS,IAN,2022,3960.0
2022-09-27 19:00:00,-1.681,-1.639,0.042,-81.1292789,32.11576075,021989715,USGS,IAN,2022,4020.0
2022-09-27 20:00:00,-3.211,-2.624,0.5869999999999997,-81.1292789,32.11576075,021989715,USGS,IAN,2022,4080.0
2022-09-27 21:00:00,-3.831,-3.47,0.3609999999999997,-81.1292789,32.11576075,021989715,USGS,IAN,2022,4140.0
2022-09-27 22:00:00,-2.621,-3.225,-0.6040000000000001,-81.1292789,32.11576075,021989715,USGS,IAN,2022,4200.0
2022-09-27 23:00:00,-0.121,-1.565,-1.444,-81.1292789,32.11576075,021989715,USGS,IAN,2022,4260.0
2022-09-28 00:00:00,2.259,0.873,-1.386,-81.1292789,32.11576075,021989715,USGS,IAN,2022,4320.0
2022-09-28 01:00:00,3.789,2.783,-1.0060000000000002,-81.1292789,32.11576075,021989715,USGS,IAN,2022,4380.0
2022-09-28 02:00:00,4.439,3.628,-0.8109999999999999,-81.1292789,32.11576075,021989715,USGS,IAN,2022,4440.0
2022-09-28 03:00:00,4.499,3.437,-1.0619999999999998,-81.1292789,32.11576075,021989715,USGS,IAN,2022,4500.0
2022-09-28 04:00:00,3.909,2.405,-1.504,-81.1292789,32.11576075,021989715,USGS,IAN,2022,4560.0
2022-09-28 05:00:00,2.439,0.91,-1.529,-81.1292789,32.11576075,021989715,USGS,IAN,2022,4620.0
2022-09-28 06:00:00,0.189,-0.465,-0.654,-81.1292789,32.11576075,021989715,USGS,IAN,2022,4680.0
2022-09-28 07:00:00,-1.691,-1.649,0.042,-81.1292789,32.11576075,021989715,USGS,IAN,2022,4740.0
2022-09-28 08:00:00,-3.141,-2.713,0.4279999999999999,-81.1292789,32.11576075,021989715,USGS,IAN,2022,4800.0
2022-09-28 09:00:00,-3.581,-3.578,0.0030000000000001,-81.1292789,32.11576075,021989715,USGS,IAN,2022,4860.0
2022-09-28 10:00:00,-2.111,-3.514,-1.4029999999999996,-81.1292789,32.11576075,021989715,USGS,IAN,2022,4920.0
2022-09-28 11:00:00,-0.091,-2.038,-1.947,-81.1292789,32.11576075,021989715,USGS,IAN,2022,4980.0
2022-09-28 12:00:00,2.269,0.462,-1.807,-81.1292789,32.11576075,021989715,USGS,IAN,2022,5040.0
2022-09-28 13:00:00,3.859,2.652,-1.207,-81.1292789,32.11576075,021989715,USGS,IAN,2022,5100.0
2022-09-28 14:00:00,4.709,3.875,-0.8339999999999996,-81.1292789,32.11576075,021989715,USGS,IAN,2022,5160.0
2022-09-28 15:00:00,5.079,4.084,-0.995,-81.1292789,32.11576075,021989715,USGS,IAN,2022,5220.0
2022-09-28 16:00:00,5.099,3.551,-1.548,-81.1292789,32.11576075,021989715,USGS,IAN,2022,5280.0
2022-09-28 17:00:00,4.499,2.498,-2.0009999999999994,-81.1292789,32.11576075,021989715,USGS,IAN,2022,5340.0
2022-09-28 18:00:00,3.279,0.878,-2.401,-81.1292789,32.11576075,021989715,USGS,IAN,2022,5400.0
2022-09-28 19:00:00,1.249,-0.339,-1.588,-81.1292789,32.11576075,021989715,USGS,IAN,2022,5460.0
2022-09-28 20:00:00,-0.711,-1.636,-0.925,-81.1292789,32.11576075,021989715,USGS,IAN,2022,5520.0
2022-09-28 21:00:00,-2.251,-2.726,-0.4750000000000001,-81.1292789,32.11576075,021989715,USGS,IAN,2022,5580.0
2022-09-28 22:00:00,-2.951,-3.481,-0.5299999999999998,-81.1292789,32.11576075,021989715,USGS,IAN,2022,5640.0
2022-09-28 23:00:00,-1.451,-2.879,-1.428,-81.1292789,32.11576075,021989715,USGS,IAN,2022,5700.0
2022-09-29 00:00:00,0.949,-0.848,-1.797,-81.1292789,32.11576075,021989715,USGS,IAN,2022,5760.0
2022-09-29 01:00:00,2.939,1.58,-1.359,-81.1292789,32.11576075,021989715,USGS,IAN,2022,5820.0
2022-09-29 02:00:00,4.159,3.337,-0.8219999999999996,-81.1292789,32.11576075,021989715,USGS,IAN,2022,5880.0
2022-09-29 03:00:00,4.509,4.121,-0.3879999999999999,-81.1292789,32.11576075,021989715,USGS,IAN,2022,5940.0
2022-09-29 04:00:00,4.709,4.078,-0.6309999999999993,-81.1292789,32.11576075,021989715,USGS,IAN,2022,6000.0
2022-09-29 05:00:00,4.479,3.417,-1.0620000000000005,-81.1292789,32.11576075,021989715,USGS,IAN,2022,6060.0
2022-09-29 06:00:00,3.769,2.347,-1.4220000000000002,-81.1292789,32.11576075,021989715,USGS,IAN,2022,6120.0
2022-09-29 07:00:00,2.159,1.079,-1.0799999999999998,-81.1292789,32.11576075,021989715,USGS,IAN,2022,6180.0
2022-09-29 08:00:00,0.139,-0.01,-0.149,-81.1292789,32.11576075,021989715,USGS,IAN,2022,6240.0
2022-09-29 09:00:00,-1.161,-1.014,0.147,-81.1292789,32.11576075,021989715,USGS,IAN,2022,6300.0
2022-09-29 10:00:00,-1.361,-1.463,-0.102,-81.1292789,32.11576075,021989715,USGS,IAN,2022,6360.0
2022-09-29 11:00:00,-0.281,-0.766,-0.485,-81.1292789,32.11576075,021989715,USGS,IAN,2022,6420.0
2022-09-29 12:00:00,0.949,1.221,0.2720000000000001,-81.1292789,32.11576075,021989715,USGS,IAN,2022,6480.0
2022-09-29 13:00:00,2.659,3.384,0.7250000000000001,-81.1292789,32.11576075,021989715,USGS,IAN,2022,6540.0
2022-09-29 14:00:00,4.049,4.731,0.6819999999999995,-81.1292789,32.11576075,021989715,USGS,IAN,2022,6600.0
2022-09-29 15:00:00,4.799,5.329,0.5299999999999994,-81.1292789,32.11576075,021989715,USGS,IAN,2022,6660.0
2022-09-29 16:00:00,5.499,5.812,0.3130000000000006,-81.1292789,32.11576075,021989715,USGS,IAN,2022,6720.0
2022-09-29 17:00:00,5.769,5.998,0.2290000000000001,-81.1292789,32.11576075,021989715,USGS,IAN,2022,6780.0
2022-09-29 18:00:00,5.679,5.278,-0.4010000000000007,-81.1292789,32.11576075,021989715,USGS,IAN,2022,6840.0
2022-09-29 19:00:00,4.649,4.45,-0.1989999999999998,-81.1292789,32.11576075,021989715,USGS,IAN,2022,6900.0
2022-09-29 20:00:00,3.159,3.132,-0.0269999999999996,-81.1292789,32.11576075,021989715,USGS,IAN,2022,6960.0
2022-09-29 21:00:00,1.239,1.922,0.6829999999999998,-81.1292789,32.11576075,021989715,USGS,IAN,2022,7020.0
2022-09-29 22:00:00,-0.481,0.907,1.388,-81.1292789,32.11576075,021989715,USGS,IAN,2022,7080.0
2022-09-29 23:00:00,-1.291,0.276,1.567,-81.1292789,32.11576075,021989715,USGS,IAN,2022,7140.0
2022-09-30 00:00:00,-0.521,0.715,1.236,-81.1292789,32.11576075,021989715,USGS,IAN,2022,7200.0
2022-09-30 01:00:00,1.289,2.431,1.142,-81.1292789,32.11576075,021989715,USGS,IAN,2022,7260.0
2022-09-30 02:00:00,2.859,3.687,0.8279999999999998,-81.1292789,32.11576075,021989715,USGS,IAN,2022,7320.0
2022-09-30 03:00:00,4.029,4.471,0.4420000000000001,-81.1292789,32.11576075,021989715,USGS,IAN,2022,7380.0
2022-09-30 04:00:00,4.639,4.842,0.2029999999999994,-81.1292789,32.11576075,021989715,USGS,IAN,2022,7440.0
2022-09-30 05:00:00,4.949,5.134,0.1850000000000005,-81.1292789,32.11576075,021989715,USGS,IAN,2022,7500.0
2022-09-30 06:00:00,4.829,5.076,0.2469999999999999,-81.1292789,32.11576075,021989715,USGS,IAN,2022,7560.0
2022-09-30 07:00:00,4.289,4.332,0.0430000000000001,-81.1292789,32.11576075,021989715,USGS,IAN,2022,7620.0
2022-09-30 08:00:00,3.039,3.005,-0.0340000000000002,-81.1292789,32.11576075,021989715,USGS,IAN,2022,7680.0
2022-09-30 09:00:00,1.019,1.849,0.8300000000000001,-81.1292789,32.11576075,021989715,USGS,IAN,2022,7740.0
2022-09-30 10:00:00,-0.631,0.498,1.129,-81.1292789,32.11576075,021989715,USGS,IAN,2022,7800.0
2022-09-30 11:00:00,-1.471,-0.361,1.11,-81.1292789,32.11576075,021989715,USGS,IAN,2022,7860.0
2022-09-30 12:00:00,-1.001,-0.858,0.1429999999999999,-81.1292789,32.11576075,021989715,USGS,IAN,2022,7920.0
2022-09-30 13:00:00,-0.191,0.052,0.243,-81.1292789,32.11576075,021989715,USGS,IAN,2022,7980.0
2022-09-30 14:00:00,1.249,1.669,0.4199999999999999,-81.1292789,32.11576075,021989715,USGS,IAN,2022,8040.0
2022-09-30 15:00:00,3.159,2.856,-0.3029999999999999,-81.1292789,32.11576075,021989715,USGS,IAN,2022,8100.0
2022-09-30 16:00:00,4.299,3.334,-0.9650000000000004,-81.1292789,32.11576075,021989715,USGS,IAN,2022,8160.0
2022-09-30 17:00:00,4.839,3.275,-1.5640000000000005,-81.1292789,32.11576075,021989715,USGS,IAN,2022,8220.0
2022-09-30 18:00:00,4.969,2.683,-2.2860000000000005,-81.1292789,32.11576075,021989715,USGS,IAN,2022,8280.0
2022-09-30 19:00:00,4.409,1.485,-2.9239999999999995,-81.1292789,32.11576075,021989715,USGS,IAN,2022,8340.0
2022-09-30 20:00:00,2.939,-0.036,-2.975,-81.1292789,32.11576075,021989715,USGS,IAN,2022,8400.0
2022-09-30 21:00:00,0.619,-1.287,-1.906,-81.1292789,32.11576075,021989715,USGS,IAN,2022,8460.0
2022-09-30 22:00:00,-1.721,-2.315,-0.5939999999999999,-81.1292789,32.11576075,021989715,USGS,IAN,2022,8520.0
2022-09-30 23:00:00,-3.291,-3.389,-0.0979999999999998,-81.1292789,32.11576075,021989715,USGS,IAN,2022,8580.0
2022-10-01 00:00:00,-3.291,-4.097,-0.8060000000000005,-81.1292789,32.11576075,021989715,USGS,IAN,2022,8640.0
2022-10-01 01:00:00,-1.371,-3.604,-2.233,-81.1292789,32.11576075,021989715,USGS,IAN,2022,8700.0
2022-10-01 02:00:00,0.709,-2.052,-2.761,-81.1292789,32.11576075,021989715,USGS,IAN,2022,8760.0
2022-10-01 03:00:00,2.449,0.028,-2.421,-81.1292789,32.11576075,021989715,USGS,IAN,2022,8820.0
2022-10-01 04:00:00,3.689,1.367,-2.322,-81.1292789,32.11576075,021989715,USGS,IAN,2022,8880.0
2022-10-01 05:00:00,4.099,2.165,-1.934,-81.1292789,32.11576075,021989715,USGS,IAN,2022,8940.0
2022-10-01 06:00:00,3.859,2.156,-1.7029999999999998,-81.1292789,32.11576075,021989715,USGS,IAN,2022,9000.0
2022-10-01 07:00:00,2.929,1.047,-1.882,-81.1292789,32.11576075,021989715,USGS,IAN,2022,9060.0
2022-10-01 08:00:00,1.099,-0.291,-1.39,-81.1292789,32.11576075,021989715,USGS,IAN,2022,9120.0
2022-10-01 09:00:00,-0.981,-1.66,-0.6789999999999999,-81.1292789,32.11576075,021989715,USGS,IAN,2022,9180.0
2022-10-01 10:00:00,-2.561,-2.748,-0.1870000000000002,-81.1292789,32.11576075,021989715,USGS,IAN,2022,9240.0
2022-10-01 11:00:00,-3.421,-3.804,-0.383,-81.1292789,32.11576075,021989715,USGS,IAN,2022,9300.0
2022-10-01 12:00:00,-2.911,-4.414,-1.5029999999999997,-81.1292789,32.11576075,021989715,USGS,IAN,2022,9360.0
2022-10-01 13:00:00,-1.121,-3.505,-2.384,-81.1292789,32.11576075,021989715,USGS,IAN,2022,9420.0
2022-10-01 14:00:00,0.989,-1.761,-2.75,-81.1292789,32.11576075,021989715,USGS,IAN,2022,9480.0
2022-10-01 15:00:00,3.199,0.997,-2.202,-81.1292789,32.11576075,021989715,USGS,IAN,2022,9540.0
2022-10-01 16:00:00,4.209,3.13,-1.0789999999999995,-81.1292789,32.11576075,021989715,USGS,IAN,2022,9600.0
2022-10-01 17:00:00,4.589,4.013,-0.5760000000000005,-81.1292789,32.11576075,021989715,USGS,IAN,2022,9660.0
2022-10-01 18:00:00,4.659,3.779,-0.8799999999999999,-81.1292789,32.11576075,021989715,USGS,IAN,2022,9720.0
2022-10-01 19:00:00,4.129,2.789,-1.3399999999999994,-81.1292789,32.11576075,021989715,USGS,IAN,2022,9780.0
2022-10-01 20:00:00,2.879,1.416,-1.463,-81.1292789,32.11576075,021989715,USGS,IAN,2022,9840.0
2022-10-01 21:00:00,0.929,-0.001,-0.93,-81.1292789,32.11576075,021989715,USGS,IAN,2022,9900.0
2022-10-01 22:00:00,-1.041,-1.329,-0.288,-81.1292789,32.11576075,021989715,USGS,IAN,2022,9960.0
2022-10-01 23:00:00,-2.411,-2.317,0.0939999999999998,-81.1292789,32.11576075,021989715,USGS,IAN,2022,10020.0
2022-09-25 01:00:00,4.541,3.091,-1.4500000000000002,-81.081223,32.08104119,021989773,USGS,IAN,2022,60.0
2022-09-25 02:00:00,3.981,2.066,-1.915,-81.081223,32.08104119,021989773,USGS,IAN,2022,120.0
2022-09-25 03:00:00,2.571,0.805,-1.766,-81.081223,32.08104119,021989773,USGS,IAN,2022,180.0
2022-09-25 04:00:00,0.711,-0.433,-1.144,-81.081223,32.08104119,021989773,USGS,IAN,2022,240.0
2022-09-25 05:00:00,-1.229,-1.478,-0.2489999999999999,-81.081223,32.08104119,021989773,USGS,IAN,2022,300.0
2022-09-25 06:00:00,-2.639,-2.478,0.1609999999999996,-81.081223,32.08104119,021989773,USGS,IAN,2022,360.0
2022-09-25 07:00:00,-2.929,-3.215,-0.286,-81.081223,32.08104119,021989773,USGS,IAN,2022,420.0
2022-09-25 08:00:00,-1.819,-2.973,-1.154,-81.081223,32.08104119,021989773,USGS,IAN,2022,480.0
2022-09-25 09:00:00,-0.229,-1.398,-1.1689999999999998,-81.081223,32.08104119,021989773,USGS,IAN,2022,540.0
2022-09-25 10:00:00,1.321,0.558,-0.7629999999999999,-81.081223,32.08104119,021989773,USGS,IAN,2022,600.0
2022-09-25 11:00:00,2.741,2.356,-0.3850000000000002,-81.081223,32.08104119,021989773,USGS,IAN,2022,660.0
2022-09-25 12:00:00,3.551,3.345,-0.2059999999999999,-81.081223,32.08104119,021989773,USGS,IAN,2022,720.0
2022-09-25 13:00:00,4.211,3.33,-0.8810000000000002,-81.081223,32.08104119,021989773,USGS,IAN,2022,780.0
2022-09-25 14:00:00,3.691,2.557,-1.134,-81.081223,32.08104119,021989773,USGS,IAN,2022,840.0
2022-09-25 15:00:00,3.101,1.227,-1.874,-81.081223,32.08104119,021989773,USGS,IAN,2022,900.0
2022-09-25 16:00:00,1.521,-0.082,-1.603,-81.081223,32.08104119,021989773,USGS,IAN,2022,960.0
2022-09-25 17:00:00,-0.569,-1.318,-0.7490000000000001,-81.081223,32.08104119,021989773,USGS,IAN,2022,1020.0
2022-09-25 18:00:00,-2.449,-2.322,0.1269999999999997,-81.081223,32.08104119,021989773,USGS,IAN,2022,1080.0
2022-09-25 19:00:00,-3.699,-3.152,0.5469999999999997,-81.081223,32.08104119,021989773,USGS,IAN,2022,1140.0
2022-09-25 20:00:00,-3.599,-3.281,0.318,-81.081223,32.08104119,021989773,USGS,IAN,2022,1200.0
2022-09-25 21:00:00,-1.759,-2.167,-0.4079999999999999,-81.081223,32.08104119,021989773,USGS,IAN,2022,1260.0
2022-09-25 22:00:00,0.821,-0.148,-0.969,-81.081223,32.08104119,021989773,USGS,IAN,2022,1320.0
2022-09-25 23:00:00,3.111,1.931,-1.1800000000000002,-81.081223,32.08104119,021989773,USGS,IAN,2022,1380.0
2022-09-26 00:00:00,4.231,3.211,-1.02,-81.081223,32.08104119,021989773,USGS,IAN,2022,1440.0
2022-09-26 01:00:00,4.641,3.526,-1.1150000000000002,-81.081223,32.08104119,021989773,USGS,IAN,2022,1500.0
2022-09-26 02:00:00,4.301,2.978,-1.323,-81.081223,32.08104119,021989773,USGS,IAN,2022,1560.0
2022-09-26 03:00:00,3.611,1.807,-1.8040000000000005,-81.081223,32.08104119,021989773,USGS,IAN,2022,1620.0
2022-09-26 04:00:00,1.921,0.372,-1.549,-81.081223,32.08104119,021989773,USGS,IAN,2022,1680.0
2022-09-26 05:00:00,-0.209,-0.87,-0.661,-81.081223,32.08104119,021989773,USGS,IAN,2022,1740.0
2022-09-26 06:00:00,-2.169,-1.953,0.2159999999999999,-81.081223,32.08104119,021989773,USGS,IAN,2022,1800.0
2022-09-26 07:00:00,-3.399,-2.922,0.4769999999999998,-81.081223,32.08104119,021989773,USGS,IAN,2022,1860.0
2022-09-26 08:00:00,-3.329,-3.457,-0.1279999999999996,-81.081223,32.08104119,021989773,USGS,IAN,2022,1920.0
2022-09-26 09:00:00,-1.729,-2.782,-1.053,-81.081223,32.08104119,021989773,USGS,IAN,2022,1980.0
2022-09-26 10:00:00,0.271,-0.868,-1.139,-81.081223,32.08104119,021989773,USGS,IAN,2022,2040.0
2022-09-26 11:00:00,2.231,1.313,-0.918,-81.081223,32.08104119,021989773,USGS,IAN,2022,2100.0
2022-09-26 12:00:00,2.811,3.059,0.2480000000000002,-81.081223,32.08104119,021989773,USGS,IAN,2022,2160.0
2022-09-26 13:00:00,3.991,3.721,-0.27,-81.081223,32.08104119,021989773,USGS,IAN,2022,2220.0
2022-09-26 14:00:00,4.001,3.448,-0.5530000000000004,-81.081223,32.08104119,021989773,USGS,IAN,2022,2280.0
2022-09-26 15:00:00,3.451,2.581,-0.8700000000000001,-81.081223,32.08104119,021989773,USGS,IAN,2022,2340.0
2022-09-26 16:00:00,2.161,1.088,-1.073,-81.081223,32.08104119,021989773,USGS,IAN,2022,2400.0
2022-09-26 17:00:00,0.361,-0.312,-0.673,-81.081223,32.08104119,021989773,USGS,IAN,2022,2460.0
2022-09-26 18:00:00,-1.519,-1.449,0.0699999999999998,-81.081223,32.08104119,021989773,USGS,IAN,2022,2520.0
2022-09-26 19:00:00,-3.089,-2.484,0.605,-81.081223,32.08104119,021989773,USGS,IAN,2022,2580.0
2022-09-26 20:00:00,-3.839,-3.342,0.4969999999999999,-81.081223,32.08104119,021989773,USGS,IAN,2022,2640.0
2022-09-26 21:00:00,-2.959,-3.269,-0.31,-81.081223,32.08104119,021989773,USGS,IAN,2022,2700.0
2022-09-26 22:00:00,-0.779,-1.903,-1.124,-81.081223,32.08104119,021989773,USGS,IAN,2022,2760.0
2022-09-26 23:00:00,1.691,0.407,-1.284,-81.081223,32.08104119,021989773,USGS,IAN,2022,2820.0
2022-09-27 00:00:00,3.531,2.413,-1.1180000000000003,-81.081223,32.08104119,021989773,USGS,IAN,2022,2880.0
2022-09-27 01:00:00,4.311,3.498,-0.8129999999999997,-81.081223,32.08104119,021989773,USGS,IAN,2022,2940.0
2022-09-27 02:00:00,4.471,3.526,-0.9450000000000004,-81.081223,32.08104119,021989773,USGS,IAN,2022,3000.0
2022-09-27 03:00:00,3.941,2.736,-1.2049999999999996,-81.081223,32.08104119,021989773,USGS,IAN,2022,3060.0
2022-09-27 04:00:00,2.741,1.423,-1.318,-81.081223,32.08104119,021989773,USGS,IAN,2022,3120.0
2022-09-27 05:00:00,0.801,-0.053,-0.8540000000000001,-81.081223,32.08104119,021989773,USGS,IAN,2022,3180.0
2022-09-27 06:00:00,-1.329,-1.322,0.0069999999999998,-81.081223,32.08104119,021989773,USGS,IAN,2022,3240.0
2022-09-27 07:00:00,-2.979,-2.373,0.6059999999999999,-81.081223,32.08104119,021989773,USGS,IAN,2022,3300.0
2022-09-27 08:00:00,-3.969,-3.297,0.6719999999999997,-81.081223,32.08104119,021989773,USGS,IAN,2022,3360.0
2022-09-27 09:00:00,-3.669,-3.537,0.1320000000000001,-81.081223,32.08104119,021989773,USGS,IAN,2022,3420.0
2022-09-27 10:00:00,-1.699,-2.413,-0.7139999999999997,-81.081223,32.08104119,021989773,USGS,IAN,2022,3480.0
2022-09-27 11:00:00,0.741,-0.207,-0.948,-81.081223,32.08104119,021989773,USGS,IAN,2022,3540.0
2022-09-27 12:00:00,2.701,2.135,-0.5660000000000003,-81.081223,32.08104119,021989773,USGS,IAN,2022,3600.0
2022-09-27 13:00:00,3.721,3.576,-0.145,-81.081223,32.08104119,021989773,USGS,IAN,2022,3660.0
2022-09-27 14:00:00,4.271,3.963,-0.3079999999999998,-81.081223,32.08104119,021989773,USGS,IAN,2022,3720.0
2022-09-27 15:00:00,4.081,3.467,-0.6140000000000003,-81.081223,32.08104119,021989773,USGS,IAN,2022,3780.0
2022-09-27 16:00:00,3.371,2.472,-0.899,-81.081223,32.08104119,021989773,USGS,IAN,2022,3840.0
2022-09-27 17:00:00,1.961,0.93,-1.031,-81.081223,32.08104119,021989773,USGS,IAN,2022,3900.0
2022-09-27 18:00:00,-0.039,-0.35,-0.311,-81.081223,32.08104119,021989773,USGS,IAN,2022,3960.0
2022-09-27 19:00:00,-1.979,-1.515,0.4640000000000002,-81.081223,32.08104119,021989773,USGS,IAN,2022,4020.0
2022-09-27 20:00:00,-3.389,-2.641,0.7479999999999998,-81.081223,32.08104119,021989773,USGS,IAN,2022,4080.0
2022-09-27 21:00:00,-3.859,-3.433,0.4260000000000001,-81.081223,32.08104119,021989773,USGS,IAN,2022,4140.0
2022-09-27 22:00:00,-2.579,-3.073,-0.4939999999999998,-81.081223,32.08104119,021989773,USGS,IAN,2022,4200.0
2022-09-27 23:00:00,-0.179,-1.212,-1.033,-81.081223,32.08104119,021989773,USGS,IAN,2022,4260.0
2022-09-28 00:00:00,2.041,1.048,-0.993,-81.081223,32.08104119,021989773,USGS,IAN,2022,4320.0
2022-09-28 01:00:00,3.521,2.808,-0.7130000000000001,-81.081223,32.08104119,021989773,USGS,IAN,2022,4380.0
2022-09-28 02:00:00,4.141,3.578,-0.5630000000000002,-81.081223,32.08104119,021989773,USGS,IAN,2022,4440.0
2022-09-28 03:00:00,4.151,3.315,-0.8359999999999999,-81.081223,32.08104119,021989773,USGS,IAN,2022,4500.0
2022-09-28 04:00:00,3.361,2.29,-1.0710000000000002,-81.081223,32.08104119,021989773,USGS,IAN,2022,4560.0
2022-09-28 05:00:00,1.821,0.812,-1.009,-81.081223,32.08104119,021989773,USGS,IAN,2022,4620.0
2022-09-28 06:00:00,-0.159,-0.505,-0.346,-81.081223,32.08104119,021989773,USGS,IAN,2022,4680.0
2022-09-28 07:00:00,-1.929,-1.654,0.2750000000000001,-81.081223,32.08104119,021989773,USGS,IAN,2022,4740.0
2022-09-28 08:00:00,-3.249,-2.738,0.5110000000000001,-81.081223,32.08104119,021989773,USGS,IAN,2022,4800.0
2022-09-28 09:00:00,-3.559,-3.558,0.0010000000000003,-81.081223,32.08104119,021989773,USGS,IAN,2022,4860.0
2022-09-28 10:00:00,-2.139,-3.362,-1.2230000000000003,-81.081223,32.08104119,021989773,USGS,IAN,2022,4920.0
2022-09-28 11:00:00,-0.069,-1.88,-1.811,-81.081223,32.08104119,021989773,USGS,IAN,2022,4980.0
2022-09-28 12:00:00,2.051,0.62,-1.431,-81.081223,32.08104119,021989773,USGS,IAN,2022,5040.0
2022-09-28 13:00:00,3.651,2.841,-0.8099999999999996,-81.081223,32.08104119,021989773,USGS,IAN,2022,5100.0
2022-09-28 14:00:00,4.391,3.883,-0.508,-81.081223,32.08104119,021989773,USGS,IAN,2022,5160.0
2022-09-28 15:00:00,4.671,4.024,-0.6470000000000002,-81.081223,32.08104119,021989773,USGS,IAN,2022,5220.0
2022-09-28 16:00:00,4.551,3.402,-1.149,-81.081223,32.08104119,021989773,USGS,IAN,2022,5280.0
2022-09-28 17:00:00,3.811,2.274,-1.537,-81.081223,32.08104119,021989773,USGS,IAN,2022,5340.0
2022-09-28 18:00:00,2.511,0.745,-1.766,-81.081223,32.08104119,021989773,USGS,IAN,2022,5400.0
2022-09-28 19:00:00,0.731,-0.488,-1.219,-81.081223,32.08104119,021989773,USGS,IAN,2022,5460.0
2022-09-28 20:00:00,-1.109,-1.658,-0.5489999999999999,-81.081223,32.08104119,021989773,USGS,IAN,2022,5520.0
2022-09-28 21:00:00,-2.549,-2.741,-0.1920000000000001,-81.081223,32.08104119,021989773,USGS,IAN,2022,5580.0
2022-09-28 22:00:00,-3.009,-3.421,-0.4119999999999999,-81.081223,32.08104119,021989773,USGS,IAN,2022,5640.0
2022-09-28 23:00:00,-1.379,-2.742,-1.363,-81.081223,32.08104119,021989773,USGS,IAN,2022,5700.0
2022-09-29 00:00:00,0.741,-0.668,-1.409,-81.081223,32.08104119,021989773,USGS,IAN,2022,5760.0
2022-09-29 01:00:00,2.681,1.643,-1.038,-81.081223,32.08104119,021989773,USGS,IAN,2022,5820.0
2022-09-29 02:00:00,3.741,3.361,-0.3799999999999999,-81.081223,32.08104119,021989773,USGS,IAN,2022,5880.0
2022-09-29 03:00:00,4.141,4.086,-0.0549999999999997,-81.081223,32.08104119,021989773,USGS,IAN,2022,5940.0
2022-09-29 04:00:00,4.341,3.955,-0.3860000000000001,-81.081223,32.08104119,021989773,USGS,IAN,2022,6000.0
2022-09-29 05:00:00,3.891,3.273,-0.6179999999999999,-81.081223,32.08104119,021989773,USGS,IAN,2022,6060.0
2022-09-29 06:00:00,3.071,2.193,-0.8780000000000001,-81.081223,32.08104119,021989773,USGS,IAN,2022,6120.0
2022-09-29 07:00:00,1.621,0.951,-0.67,-81.081223,32.08104119,021989773,USGS,IAN,2022,6180.0
2022-09-29 08:00:00,-0.229,-0.098,0.131,-81.081223,32.08104119,021989773,USGS,IAN,2022,6240.0
2022-09-29 09:00:00,-1.359,-1.041,0.318,-81.081223,32.08104119,021989773,USGS,IAN,2022,6300.0
2022-09-29 10:00:00,-1.459,-1.462,-0.0029999999999998,-81.081223,32.08104119,021989773,USGS,IAN,2022,6360.0
2022-09-29 11:00:00,-0.319,-0.661,-0.342,-81.081223,32.08104119,021989773,USGS,IAN,2022,6420.0
2022-09-29 12:00:00,0.861,1.364,0.5030000000000001,-81.081223,32.08104119,021989773,USGS,IAN,2022,6480.0
2022-09-29 13:00:00,2.471,3.456,0.985,-81.081223,32.08104119,021989773,USGS,IAN,2022,6540.0
2022-09-29 14:00:00,3.741,4.802,1.0609999999999995,-81.081223,32.08104119,021989773,USGS,IAN,2022,6600.0
2022-09-29 15:00:00,4.571,5.431,0.8600000000000003,-81.081223,32.08104119,021989773,USGS,IAN,2022,6660.0
2022-09-29 16:00:00,5.221,5.994,0.7729999999999997,-81.081223,32.08104119,021989773,USGS,IAN,2022,6720.0
2022-09-29 17:00:00,5.341,6.001,0.6600000000000001,-81.081223,32.08104119,021989773,USGS,IAN,2022,6780.0
2022-09-29 18:00:00,5.031,5.107,0.0760000000000005,-81.081223,32.08104119,021989773,USGS,IAN,2022,6840.0
2022-09-29 19:00:00,3.911,4.201,0.2899999999999996,-81.081223,32.08104119,021989773,USGS,IAN,2022,6900.0
2022-09-29 20:00:00,2.581,2.925,0.3439999999999998,-81.081223,32.08104119,021989773,USGS,IAN,2022,6960.0
2022-09-29 21:00:00,0.781,1.718,0.937,-81.081223,32.08104119,021989773,USGS,IAN,2022,7020.0
2022-09-29 22:00:00,-0.749,0.768,1.517,-81.081223,32.08104119,021989773,USGS,IAN,2022,7080.0
2022-09-29 23:00:00,-1.439,0.263,1.702,-81.081223,32.08104119,021989773,USGS,IAN,2022,7140.0
2022-09-30 00:00:00,-0.579,0.851,1.43,-81.081223,32.08104119,021989773,USGS,IAN,2022,7200.0
2022-09-30 01:00:00,1.221,2.487,1.266,-81.081223,32.08104119,021989773,USGS,IAN,2022,7260.0
2022-09-30 02:00:00,2.651,3.813,1.1620000000000004,-81.081223,32.08104119,021989773,USGS,IAN,2022,7320.0
2022-09-30 03:00:00,3.661,4.528,0.8669999999999995,-81.081223,32.08104119,021989773,USGS,IAN,2022,7380.0
2022-09-30 04:00:00,4.281,4.955,0.6740000000000004,-81.081223,32.08104119,021989773,USGS,IAN,2022,7440.0
2022-09-30 05:00:00,4.571,5.228,0.657,-81.081223,32.08104119,021989773,USGS,IAN,2022,7500.0
2022-09-30 06:00:00,4.291,5.041,0.75,-81.081223,32.08104119,021989773,USGS,IAN,2022,7560.0
2022-09-30 07:00:00,3.641,4.171,0.5300000000000002,-81.081223,32.08104119,021989773,USGS,IAN,2022,7620.0
2022-09-30 08:00:00,2.371,2.909,0.5379999999999998,-81.081223,32.08104119,021989773,USGS,IAN,2022,7680.0
2022-09-30 09:00:00,0.601,1.701,1.1,-81.081223,32.08104119,021989773,USGS,IAN,2022,7740.0
2022-09-30 10:00:00,-0.949,0.44,1.389,-81.081223,32.08104119,021989773,USGS,IAN,2022,7800.0
2022-09-30 11:00:00,-1.639,-0.34,1.299,-81.081223,32.08104119,021989773,USGS,IAN,2022,7860.0
2022-09-30 12:00:00,-1.189,-0.662,0.527,-81.081223,32.08104119,021989773,USGS,IAN,2022,7920.0
2022-09-30 13:00:00,-0.169,0.283,0.4519999999999999,-81.081223,32.08104119,021989773,USGS,IAN,2022,7980.0
2022-09-30 14:00:00,1.251,1.846,0.5950000000000002,-81.081223,32.08104119,021989773,USGS,IAN,2022,8040.0
2022-09-30 15:00:00,2.911,2.937,0.0259999999999998,-81.081223,32.08104119,021989773,USGS,IAN,2022,8100.0
2022-09-30 16:00:00,3.951,3.397,-0.5540000000000003,-81.081223,32.08104119,021989773,USGS,IAN,2022,8160.0
2022-09-30 17:00:00,4.491,3.294,-1.1969999999999996,-81.081223,32.08104119,021989773,USGS,IAN,2022,8220.0
2022-09-30 18:00:00,4.461,2.693,-1.7680000000000002,-81.081223,32.08104119,021989773,USGS,IAN,2022,8280.0
2022-09-30 19:00:00,3.741,1.466,-2.2750000000000004,-81.081223,32.08104119,021989773,USGS,IAN,2022,8340.0
2022-09-30 20:00:00,2.211,-0.034,-2.245,-81.081223,32.08104119,021989773,USGS,IAN,2022,8400.0
2022-09-30 21:00:00,0.051,-1.3,-1.351,-81.081223,32.08104119,021989773,USGS,IAN,2022,8460.0
2022-09-30 22:00:00,-2.119,-2.408,-0.2889999999999997,-81.081223,32.08104119,021989773,USGS,IAN,2022,8520.0
2022-09-30 23:00:00,-3.499,-3.405,0.0940000000000003,-81.081223,32.08104119,021989773,USGS,IAN,2022,8580.0
2022-10-01 00:00:00,-3.289,-4.026,-0.7369999999999997,-81.081223,32.08104119,021989773,USGS,IAN,2022,8640.0
2022-10-01 01:00:00,-1.429,-3.454,-2.0250000000000004,-81.081223,32.08104119,021989773,USGS,IAN,2022,8700.0
2022-10-01 02:00:00,0.581,-1.904,-2.485,-81.081223,32.08104119,021989773,USGS,IAN,2022,8760.0
2022-10-01 03:00:00,2.151,0.076,-2.075,-81.081223,32.08104119,021989773,USGS,IAN,2022,8820.0
2022-10-01 04:00:00,3.301,1.396,-1.905,-81.081223,32.08104119,021989773,USGS,IAN,2022,8880.0
2022-10-01 05:00:00,3.601,2.138,-1.463,-81.081223,32.08104119,021989773,USGS,IAN,2022,8940.0
2022-10-01 06:00:00,3.311,2.056,-1.255,-81.081223,32.08104119,021989773,USGS,IAN,2022,9000.0
2022-10-01 07:00:00,2.331,0.979,-1.352,-81.081223,32.08104119,021989773,USGS,IAN,2022,9060.0
2022-10-01 08:00:00,0.611,-0.384,-0.995,-81.081223,32.08104119,021989773,USGS,IAN,2022,9120.0
2022-10-01 09:00:00,-1.319,-1.589,-0.27,-81.081223,32.08104119,021989773,USGS,IAN,2022,9180.0
2022-10-01 10:00:00,-2.819,-2.778,0.0409999999999999,-81.081223,32.08104119,021989773,USGS,IAN,2022,9240.0
2022-10-01 11:00:00,-3.549,-3.831,-0.282,-81.081223,32.08104119,021989773,USGS,IAN,2022,9300.0
2022-10-01 12:00:00,-2.949,-4.28,-1.3310000000000004,-81.081223,32.08104119,021989773,USGS,IAN,2022,9360.0
2022-10-01 13:00:00,-1.159,-3.375,-2.216,-81.081223,32.08104119,021989773,USGS,IAN,2022,9420.0
2022-10-01 14:00:00,0.951,-1.349,-2.3,-81.081223,32.08104119,021989773,USGS,IAN,2022,9480.0
2022-10-01 15:00:00,2.741,1.116,-1.625,-81.081223,32.08104119,021989773,USGS,IAN,2022,9540.0
2022-10-01 16:00:00,3.751,3.181,-0.5699999999999998,-81.081223,32.08104119,021989773,USGS,IAN,2022,9600.0
2022-10-01 17:00:00,4.121,4.003,-0.1180000000000003,-81.081223,32.08104119,021989773,USGS,IAN,2022,9660.0
2022-10-01 18:00:00,3.871,3.663,-0.2080000000000001,-81.081223,32.08104119,021989773,USGS,IAN,2022,9720.0
2022-10-01 19:00:00,3.311,2.693,-0.6179999999999999,-81.081223,32.08104119,021989773,USGS,IAN,2022,9780.0
2022-10-01 20:00:00,2.181,1.286,-0.895,-81.081223,32.08104119,021989773,USGS,IAN,2022,9840.0
2022-10-01 21:00:00,0.401,-0.11,-0.511,-81.081223,32.08104119,021989773,USGS,IAN,2022,9900.0
2022-10-01 22:00:00,-1.419,-1.402,0.0170000000000001,-81.081223,32.08104119,021989773,USGS,IAN,2022,9960.0
2022-10-01 23:00:00,-2.709,-2.369,0.3399999999999998,-81.081223,32.08104119,021989773,USGS,IAN,2022,10020.0
2022-09-25 01:00:00,4.132,3.135,-0.997,-81.13,32.16583333,021989792,USGS,IAN,2022,60.0
2022-09-25 02:00:00,4.262,3.135,-1.1269999999999998,-81.13,32.16583333,021989792,USGS,IAN,2022,120.0
2022-09-25 03:00:00,3.522,3.135,-0.387,-81.13,32.16583333,021989792,USGS,IAN,2022,180.0
2022-09-25 04:00:00,2.292,3.135,0.843,-81.13,32.16583333,021989792,USGS,IAN,2022,240.0
2022-09-25 05:00:00,0.612,3.135,2.523,-81.13,32.16583333,021989792,USGS,IAN,2022,300.0
2022-09-25 06:00:00,-1.098,3.135,4.233,-81.13,32.16583333,021989792,USGS,IAN,2022,360.0
2022-09-25 07:00:00,-2.458,3.135,5.593,-81.13,32.16583333,021989792,USGS,IAN,2022,420.0
2022-09-25 08:00:00,-3.018,3.135,6.153,-81.13,32.16583333,021989792,USGS,IAN,2022,480.0
2022-09-25 09:00:00,-1.178,3.135,4.313,-81.13,32.16583333,021989792,USGS,IAN,2022,540.0
2022-09-25 10:00:00,0.572,3.135,2.563,-81.13,32.16583333,021989792,USGS,IAN,2022,600.0
2022-09-25 11:00:00,1.982,3.135,1.1529999999999998,-81.13,32.16583333,021989792,USGS,IAN,2022,660.0
2022-09-25 12:00:00,3.012,3.135,0.1229999999999997,-81.13,32.16583333,021989792,USGS,IAN,2022,720.0
2022-09-25 13:00:00,3.452,3.135,-0.3170000000000001,-81.13,32.16583333,021989792,USGS,IAN,2022,780.0
2022-09-25 14:00:00,3.682,3.135,-0.5470000000000002,-81.13,32.16583333,021989792,USGS,IAN,2022,840.0
2022-09-25 15:00:00,3.522,3.135,-0.387,-81.13,32.16583333,021989792,USGS,IAN,2022,900.0
2022-09-25 16:00:00,2.432,3.135,0.7029999999999998,-81.13,32.16583333,021989792,USGS,IAN,2022,960.0
2022-09-25 17:00:00,0.862,3.135,2.273,-81.13,32.16583333,021989792,USGS,IAN,2022,1020.0
2022-09-25 18:00:00,-0.888,3.135,4.023,-81.13,32.16583333,021989792,USGS,IAN,2022,1080.0
2022-09-25 19:00:00,-2.458,3.135,5.593,-81.13,32.16583333,021989792,USGS,IAN,2022,1140.0
2022-09-25 20:00:00,-3.698,3.135,6.833,-81.13,32.16583333,021989792,USGS,IAN,2022,1200.0
2022-09-25 21:00:00,-3.278,3.135,6.413,-81.13,32.16583333,021989792,USGS,IAN,2022,1260.0
2022-09-25 22:00:00,-0.748,3.135,3.883,-81.13,32.16583333,021989792,USGS,IAN,2022,1320.0
2022-09-25 23:00:00,1.752,3.135,1.3829999999999998,-81.13,32.16583333,021989792,USGS,IAN,2022,1380.0
2022-09-26 00:00:00,3.312,3.135,-0.177,-81.13,32.16583333,021989792,USGS,IAN,2022,1440.0
2022-09-26 01:00:00,3.902,3.135,-0.7670000000000003,-81.13,32.16583333,021989792,USGS,IAN,2022,1500.0
2022-09-26 02:00:00,4.342,3.135,-1.207,-81.13,32.16583333,021989792,USGS,IAN,2022,1560.0
2022-09-26 03:00:00,4.242,3.135,-1.1070000000000002,-81.13,32.16583333,021989792,USGS,IAN,2022,1620.0
2022-09-26 04:00:00,3.212,3.135,-0.0770000000000004,-81.13,32.16583333,021989792,USGS,IAN,2022,1680.0
2022-09-26 05:00:00,1.772,3.135,1.3629999999999998,-81.13,32.16583333,021989792,USGS,IAN,2022,1740.0
2022-09-26 06:00:00,-0.008,3.135,3.143,-81.13,32.16583333,021989792,USGS,IAN,2022,1800.0
2022-09-26 07:00:00,-1.698,3.135,4.833,-81.13,32.16583333,021989792,USGS,IAN,2022,1860.0
2022-09-26 08:00:00,-3.028,3.135,6.163,-81.13,32.16583333,021989792,USGS,IAN,2022,1920.0
2022-09-26 09:00:00,-3.088,3.135,6.223,-81.13,32.16583333,021989792,USGS,IAN,2022,1980.0
2022-09-26 10:00:00,-0.908,3.135,4.043,-81.13,32.16583333,021989792,USGS,IAN,2022,2040.0
2022-09-26 11:00:00,1.132,3.135,2.003,-81.13,32.16583333,021989792,USGS,IAN,2022,2100.0
2022-09-26 12:00:00,2.752,3.135,0.383,-81.13,32.16583333,021989792,USGS,IAN,2022,2160.0
2022-09-26 13:00:00,3.362,3.135,-0.2270000000000003,-81.13,32.16583333,021989792,USGS,IAN,2022,2220.0
2022-09-26 14:00:00,3.672,3.135,-0.5370000000000004,-81.13,32.16583333,021989792,USGS,IAN,2022,2280.0
2022-09-26 15:00:00,3.682,3.135,-0.5470000000000002,-81.13,32.16583333,021989792,USGS,IAN,2022,2340.0
2022-09-26 16:00:00,2.852,3.135,0.2829999999999999,-81.13,32.16583333,021989792,USGS,IAN,2022,2400.0
2022-09-26 17:00:00,1.482,3.135,1.6529999999999998,-81.13,32.16583333,021989792,USGS,IAN,2022,2460.0
2022-09-26 18:00:00,-0.158,3.135,3.293,-81.13,32.16583333,021989792,USGS,IAN,2022,2520.0
2022-09-26 19:00:00,-1.738,3.135,4.872999999999999,-81.13,32.16583333,021989792,USGS,IAN,2022,2580.0
2022-09-26 20:00:00,-3.118,3.135,6.253,-81.13,32.16583333,021989792,USGS,IAN,2022,2640.0
2022-09-26 21:00:00,-3.958,3.135,7.093,-81.13,32.16583333,021989792,USGS,IAN,2022,2700.0
2022-09-26 22:00:00,-2.408,3.135,5.542999999999999,-81.13,32.16583333,021989792,USGS,IAN,2022,2760.0
2022-09-26 23:00:00,0.162,3.135,2.973,-81.13,32.16583333,021989792,USGS,IAN,2022,2820.0
2022-09-27 00:00:00,2.472,3.135,0.6629999999999998,-81.13,32.16583333,021989792,USGS,IAN,2022,2880.0
2022-09-27 01:00:00,3.462,3.135,-0.3270000000000004,-81.13,32.16583333,021989792,USGS,IAN,2022,2940.0
2022-09-27 02:00:00,3.922,3.135,-0.7870000000000004,-81.13,32.16583333,021989792,USGS,IAN,2022,3000.0
2022-09-27 03:00:00,4.122,3.135,-0.987,-81.13,32.16583333,021989792,USGS,IAN,2022,3060.0
2022-09-27 04:00:00,3.482,3.135,-0.3470000000000004,-81.13,32.16583333,021989792,USGS,IAN,2022,3120.0
2022-09-27 05:00:00,2.262,3.135,0.8729999999999998,-81.13,32.16583333,021989792,USGS,IAN,2022,3180.0
2022-09-27 06:00:00,0.582,3.135,2.553,-81.13,32.16583333,021989792,USGS,IAN,2022,3240.0
2022-09-27 07:00:00,-1.158,3.135,4.292999999999999,-81.13,32.16583333,021989792,USGS,IAN,2022,3300.0
2022-09-27 08:00:00,-2.678,3.135,5.813,-81.13,32.16583333,021989792,USGS,IAN,2022,3360.0
2022-09-27 09:00:00,-3.818,3.135,6.952999999999999,-81.13,32.16583333,021989792,USGS,IAN,2022,3420.0
2022-09-27 10:00:00,-3.268,3.135,6.403,-81.13,32.16583333,021989792,USGS,IAN,2022,3480.0
2022-09-27 11:00:00,-0.798,3.135,3.933,-81.13,32.16583333,021989792,USGS,IAN,2022,3540.0
2022-09-27 12:00:00,1.532,3.135,1.6029999999999998,-81.13,32.16583333,021989792,USGS,IAN,2022,3600.0
2022-09-27 13:00:00,3.052,3.135,0.0829999999999997,-81.13,32.16583333,021989792,USGS,IAN,2022,3660.0
2022-09-27 14:00:00,3.552,3.135,-0.4170000000000002,-81.13,32.16583333,021989792,USGS,IAN,2022,3720.0
2022-09-27 15:00:00,3.882,3.227,-0.6550000000000002,-81.13,32.16583333,021989792,USGS,IAN,2022,3780.0
2022-09-27 16:00:00,3.772,3.213,-0.5589999999999997,-81.13,32.16583333,021989792,USGS,IAN,2022,3840.0
2022-09-27 17:00:00,2.822,3.155,0.3329999999999997,-81.13,32.16583333,021989792,USGS,IAN,2022,3900.0
2022-09-27 18:00:00,1.412,3.156,1.7440000000000002,-81.13,32.16583333,021989792,USGS,IAN,2022,3960.0
2022-09-27 19:00:00,-0.318,3.157,3.475,-81.13,32.16583333,021989792,USGS,IAN,2022,4020.0
2022-09-27 20:00:00,-1.938,3.157,5.095,-81.13,32.16583333,021989792,USGS,IAN,2022,4080.0
2022-09-27 21:00:00,-3.278,3.157,6.4350000000000005,-81.13,32.16583333,021989792,USGS,IAN,2022,4140.0
2022-09-27 22:00:00,-4.038,3.157,7.195,-81.13,32.16583333,021989792,USGS,IAN,2022,4200.0
2022-09-27 23:00:00,-1.808,3.157,4.965,-81.13,32.16583333,021989792,USGS,IAN,2022,4260.0
2022-09-28 00:00:00,0.662,3.157,2.495,-81.13,32.16583333,021989792,USGS,IAN,2022,4320.0
2022-09-28 01:00:00,2.622,3.157,0.5350000000000001,-81.13,32.16583333,021989792,USGS,IAN,2022,4380.0
2022-09-28 02:00:00,3.432,3.157,-0.2749999999999999,-81.13,32.16583333,021989792,USGS,IAN,2022,4440.0
2022-09-28 03:00:00,3.782,3.157,-0.625,-81.13,32.16583333,021989792,USGS,IAN,2022,4500.0
2022-09-28 04:00:00,3.792,3.157,-0.6349999999999998,-81.13,32.16583333,021989792,USGS,IAN,2022,4560.0
2022-09-28 05:00:00,2.792,3.157,0.3650000000000002,-81.13,32.16583333,021989792,USGS,IAN,2022,4620.0
2022-09-28 06:00:00,1.342,3.157,1.815,-81.13,32.16583333,021989792,USGS,IAN,2022,4680.0
2022-09-28 07:00:00,-0.398,3.157,3.555,-81.13,32.16583333,021989792,USGS,IAN,2022,4740.0
2022-09-28 08:00:00,-1.968,3.157,5.125,-81.13,32.16583333,021989792,USGS,IAN,2022,4800.0
2022-09-28 09:00:00,-3.288,3.157,6.445,-81.13,32.16583333,021989792,USGS,IAN,2022,4860.0
2022-09-28 10:00:00,-3.518,3.157,6.675,-81.13,32.16583333,021989792,USGS,IAN,2022,4920.0
2022-09-28 11:00:00,-1.458,3.157,4.615,-81.13,32.16583333,021989792,USGS,IAN,2022,4980.0
2022-09-28 12:00:00,0.772,3.157,2.385,-81.13,32.16583333,021989792,USGS,IAN,2022,5040.0
2022-09-28 13:00:00,2.672,3.157,0.4849999999999999,-81.13,32.16583333,021989792,USGS,IAN,2022,5100.0
2022-09-28 14:00:00,3.512,3.157,-0.355,-81.13,32.16583333,021989792,USGS,IAN,2022,5160.0
2022-09-28 15:00:00,4.002,3.165,-0.8369999999999997,-81.13,32.16583333,021989792,USGS,IAN,2022,5220.0
2022-09-28 16:00:00,4.372,3.286,-1.086,-81.13,32.16583333,021989792,USGS,IAN,2022,5280.0
2022-09-28 17:00:00,4.312,3.202,-1.1100000000000003,-81.13,32.16583333,021989792,USGS,IAN,2022,5340.0
2022-09-28 18:00:00,3.512,3.137,-0.375,-81.13,32.16583333,021989792,USGS,IAN,2022,5400.0
2022-09-28 19:00:00,2.362,3.136,0.774,-81.13,32.16583333,021989792,USGS,IAN,2022,5460.0
2022-09-28 20:00:00,0.722,3.137,2.415,-81.13,32.16583333,021989792,USGS,IAN,2022,5520.0
2022-09-28 21:00:00,-0.928,3.137,4.065,-81.13,32.16583333,021989792,USGS,IAN,2022,5580.0
2022-09-28 22:00:00,-2.298,3.139,5.436999999999999,-81.13,32.16583333,021989792,USGS,IAN,2022,5640.0
2022-09-28 23:00:00,-2.928,3.141,6.069,-81.13,32.16583333,021989792,USGS,IAN,2022,5700.0
2022-09-29 00:00:00,-0.538,3.144,3.682,-81.13,32.16583333,021989792,USGS,IAN,2022,5760.0
2022-09-29 01:00:00,1.582,3.154,1.5719999999999998,-81.13,32.16583333,021989792,USGS,IAN,2022,5820.0
2022-09-29 02:00:00,3.012,3.165,0.153,-81.13,32.16583333,021989792,USGS,IAN,2022,5880.0
2022-09-29 03:00:00,3.562,3.176,-0.3859999999999997,-81.13,32.16583333,021989792,USGS,IAN,2022,5940.0
2022-09-29 04:00:00,3.862,3.274,-0.5880000000000001,-81.13,32.16583333,021989792,USGS,IAN,2022,6000.0
2022-09-29 05:00:00,4.082,3.387,-0.6949999999999998,-81.13,32.16583333,021989792,USGS,IAN,2022,6060.0
2022-09-29 06:00:00,3.612,3.342,-0.27,-81.13,32.16583333,021989792,USGS,IAN,2022,6120.0
2022-09-29 07:00:00,2.672,3.314,0.6419999999999999,-81.13,32.16583333,021989792,USGS,IAN,2022,6180.0
2022-09-29 08:00:00,1.222,3.305,2.083,-81.13,32.16583333,021989792,USGS,IAN,2022,6240.0
2022-09-29 09:00:00,-0.398,3.307,3.705,-81.13,32.16583333,021989792,USGS,IAN,2022,6300.0
2022-09-29 10:00:00,-1.578,3.313,4.891,-81.13,32.16583333,021989792,USGS,IAN,2022,6360.0
2022-09-29 11:00:00,-1.368,3.32,4.688,-81.13,32.16583333,021989792,USGS,IAN,2022,6420.0
2022-09-29 12:00:00,0.212,3.329,3.117,-81.13,32.16583333,021989792,USGS,IAN,2022,6480.0
2022-09-29 13:00:00,1.512,3.339,1.827,-81.13,32.16583333,021989792,USGS,IAN,2022,6540.0
2022-09-29 14:00:00,2.922,3.35,0.4279999999999999,-81.13,32.16583333,021989792,USGS,IAN,2022,6600.0
2022-09-29 15:00:00,3.582,3.66,0.0780000000000002,-81.13,32.16583333,021989792,USGS,IAN,2022,6660.0
2022-09-29 16:00:00,4.182,4.325,0.1429999999999998,-81.13,32.16583333,021989792,USGS,IAN,2022,6720.0
2022-09-29 17:00:00,4.762,4.782,0.0200000000000004,-81.13,32.16583333,021989792,USGS,IAN,2022,6780.0
2022-09-29 18:00:00,4.992,4.954,-0.0380000000000002,-81.13,32.16583333,021989792,USGS,IAN,2022,6840.0
2022-09-29 19:00:00,4.602,4.633,0.0309999999999996,-81.13,32.16583333,021989792,USGS,IAN,2022,6900.0
2022-09-29 20:00:00,3.742,4.241,0.4989999999999996,-81.13,32.16583333,021989792,USGS,IAN,2022,6960.0
2022-09-29 21:00:00,2.622,3.942,1.3200000000000005,-81.13,32.16583333,021989792,USGS,IAN,2022,7020.0
2022-09-29 22:00:00,1.022,3.608,2.5860000000000003,-81.13,32.16583333,021989792,USGS,IAN,2022,7080.0
2022-09-29 23:00:00,-0.508,3.56,4.068,-81.13,32.16583333,021989792,USGS,IAN,2022,7140.0
2022-09-30 00:00:00,-1.308,3.55,4.858,-81.13,32.16583333,021989792,USGS,IAN,2022,7200.0
2022-09-30 01:00:00,0.132,3.538,3.406,-81.13,32.16583333,021989792,USGS,IAN,2022,7260.0
2022-09-30 02:00:00,1.972,3.518,1.5459999999999998,-81.13,32.16583333,021989792,USGS,IAN,2022,7320.0
2022-09-30 03:00:00,2.962,3.5,0.5379999999999998,-81.13,32.16583333,021989792,USGS,IAN,2022,7380.0
2022-09-30 04:00:00,3.552,3.741,0.189,-81.13,32.16583333,021989792,USGS,IAN,2022,7440.0
2022-09-30 05:00:00,3.982,4.116,0.1339999999999994,-81.13,32.16583333,021989792,USGS,IAN,2022,7500.0
2022-09-30 06:00:00,4.252,4.387,0.1349999999999998,-81.13,32.16583333,021989792,USGS,IAN,2022,7560.0
2022-09-30 07:00:00,3.992,4.382,0.3899999999999997,-81.13,32.16583333,021989792,USGS,IAN,2022,7620.0
2022-09-30 08:00:00,3.292,4.142,0.8500000000000005,-81.13,32.16583333,021989792,USGS,IAN,2022,7680.0
2022-09-30 09:00:00,2.042,3.765,1.7230000000000003,-81.13,32.16583333,021989792,USGS,IAN,2022,7740.0
2022-09-30 10:00:00,0.352,3.528,3.176,-81.13,32.16583333,021989792,USGS,IAN,2022,7800.0
2022-09-30 11:00:00,-1.068,3.412,4.48,-81.13,32.16583333,021989792,USGS,IAN,2022,7860.0
2022-09-30 12:00:00,-1.778,3.344,5.122,-81.13,32.16583333,021989792,USGS,IAN,2022,7920.0
2022-09-30 13:00:00,-1.148,3.264,4.412,-81.13,32.16583333,021989792,USGS,IAN,2022,7980.0
2022-09-30 14:00:00,0.252,3.183,2.931,-81.13,32.16583333,021989792,USGS,IAN,2022,8040.0
2022-09-30 15:00:00,1.872,3.107,1.235,-81.13,32.16583333,021989792,USGS,IAN,2022,8100.0
2022-09-30 16:00:00,3.162,3.05,-0.1120000000000001,-81.13,32.16583333,021989792,USGS,IAN,2022,8160.0
2022-09-30 17:00:00,3.672,3.024,-0.6480000000000001,-81.13,32.16583333,021989792,USGS,IAN,2022,8220.0
2022-09-30 18:00:00,4.092,3.018,-1.0739999999999998,-81.13,32.16583333,021989792,USGS,IAN,2022,8280.0
2022-09-30 19:00:00,4.162,3.018,-1.144,-81.13,32.16583333,021989792,USGS,IAN,2022,8340.0
2022-09-30 20:00:00,3.292,3.019,-0.2729999999999997,-81.13,32.16583333,021989792,USGS,IAN,2022,8400.0
2022-09-30 21:00:00,1.892,3.022,1.13,-81.13,32.16583333,021989792,USGS,IAN,2022,8460.0
2022-09-30 22:00:00,0.092,3.026,2.934,-81.13,32.16583333,021989792,USGS,IAN,2022,8520.0
2022-09-30 23:00:00,-1.618,3.03,4.648,-81.13,32.16583333,021989792,USGS,IAN,2022,8580.0
2022-10-01 00:00:00,-3.008,3.035,6.043,-81.13,32.16583333,021989792,USGS,IAN,2022,8640.0
2022-10-01 01:00:00,-2.888,3.025,5.913,-81.13,32.16583333,021989792,USGS,IAN,2022,8700.0
2022-10-01 02:00:00,-0.528,3.025,3.553,-81.13,32.16583333,021989792,USGS,IAN,2022,8760.0
2022-10-01 03:00:00,1.332,3.035,1.703,-81.13,32.16583333,021989792,USGS,IAN,2022,8820.0
2022-10-01 04:00:00,2.722,3.047,0.3250000000000002,-81.13,32.16583333,021989792,USGS,IAN,2022,8880.0
2022-10-01 05:00:00,3.322,3.06,-0.262,-81.13,32.16583333,021989792,USGS,IAN,2022,8940.0
2022-10-01 06:00:00,3.452,3.067,-0.3849999999999998,-81.13,32.16583333,021989792,USGS,IAN,2022,9000.0
2022-10-01 07:00:00,2.832,3.067,0.2350000000000003,-81.13,32.16583333,021989792,USGS,IAN,2022,9060.0
2022-10-01 08:00:00,1.452,3.067,1.6150000000000002,-81.13,32.16583333,021989792,USGS,IAN,2022,9120.0
2022-10-01 09:00:00,-0.118,3.068,3.186,-81.13,32.16583333,021989792,USGS,IAN,2022,9180.0
2022-10-01 10:00:00,-1.688,3.069,4.757,-81.13,32.16583333,021989792,USGS,IAN,2022,9240.0
2022-10-01 11:00:00,-3.008,3.07,6.077999999999999,-81.13,32.16583333,021989792,USGS,IAN,2022,9300.0
2022-10-01 12:00:00,-3.738,3.07,6.808,-81.13,32.16583333,021989792,USGS,IAN,2022,9360.0
2022-10-01 13:00:00,-2.448,3.068,5.516,-81.13,32.16583333,021989792,USGS,IAN,2022,9420.0
2022-10-01 14:00:00,-0.208,3.061,3.269,-81.13,32.16583333,021989792,USGS,IAN,2022,9480.0
2022-10-01 15:00:00,1.942,3.057,1.115,-81.13,32.16583333,021989792,USGS,IAN,2022,9540.0
2022-10-01 16:00:00,3.172,3.063,-0.1089999999999999,-81.13,32.16583333,021989792,USGS,IAN,2022,9600.0
2022-10-01 17:00:00,3.632,3.069,-0.5630000000000002,-81.13,32.16583333,021989792,USGS,IAN,2022,9660.0
2022-10-01 18:00:00,3.942,3.149,-0.7930000000000001,-81.13,32.16583333,021989792,USGS,IAN,2022,9720.0
2022-10-01 19:00:00,3.862,3.196,-0.6659999999999999,-81.13,32.16583333,021989792,USGS,IAN,2022,9780.0
2022-10-01 20:00:00,2.972,3.158,0.1859999999999999,-81.13,32.16583333,021989792,USGS,IAN,2022,9840.0
2022-10-01 21:00:00,1.652,3.158,1.506,-81.13,32.16583333,021989792,USGS,IAN,2022,9900.0
2022-10-01 22:00:00,0.022,3.158,3.136,-81.13,32.16583333,021989792,USGS,IAN,2022,9960.0
2022-10-01 23:00:00,-1.528,3.158,4.686,-81.13,32.16583333,021989792,USGS,IAN,2022,10020.0
2022-09-25 01:00:00,4.352,2.924,-1.4280000000000004,-81.0069444,32.10237,0219897993,USGS,IAN,2022,60.0
2022-09-25 02:00:00,3.532,1.924,-1.608,-81.0069444,32.10237,0219897993,USGS,IAN,2022,120.0
2022-09-25 03:00:00,2.122,0.614,-1.508,-81.0069444,32.10237,0219897993,USGS,IAN,2022,180.0
2022-09-25 04:00:00,0.452,-0.601,-1.053,-81.0069444,32.10237,0219897993,USGS,IAN,2022,240.0
2022-09-25 05:00:00,-1.348,-1.779,-0.4309999999999998,-81.0069444,32.10237,0219897993,USGS,IAN,2022,300.0
2022-09-25 06:00:00,-2.558,-2.796,-0.238,-81.0069444,32.10237,0219897993,USGS,IAN,2022,360.0
2022-09-25 07:00:00,-2.728,-3.169,-0.4409999999999998,-81.0069444,32.10237,0219897993,USGS,IAN,2022,420.0
2022-09-25 08:00:00,-1.648,-2.453,-0.8049999999999999,-81.0069444,32.10237,0219897993,USGS,IAN,2022,480.0
2022-09-25 09:00:00,-0.128,-0.98,-0.852,-81.0069444,32.10237,0219897993,USGS,IAN,2022,540.0
2022-09-25 10:00:00,1.382,0.871,-0.5109999999999999,-81.0069444,32.10237,0219897993,USGS,IAN,2022,600.0
2022-09-25 11:00:00,2.642,2.471,-0.1709999999999998,-81.0069444,32.10237,0219897993,USGS,IAN,2022,660.0
2022-09-25 12:00:00,3.502,3.279,-0.2229999999999998,-81.0069444,32.10237,0219897993,USGS,IAN,2022,720.0
2022-09-25 13:00:00,3.972,3.186,-0.786,-81.0069444,32.10237,0219897993,USGS,IAN,2022,780.0
2022-09-25 14:00:00,3.532,2.319,-1.213,-81.0069444,32.10237,0219897993,USGS,IAN,2022,840.0
2022-09-25 15:00:00,2.652,1.045,-1.6070000000000002,-81.0069444,32.10237,0219897993,USGS,IAN,2022,900.0
2022-09-25 16:00:00,1.172,-0.247,-1.419,-81.0069444,32.10237,0219897993,USGS,IAN,2022,960.0
2022-09-25 17:00:00,-0.748,-1.506,-0.758,-81.0069444,32.10237,0219897993,USGS,IAN,2022,1020.0
2022-09-25 18:00:00,-2.488,-2.625,-0.137,-81.0069444,32.10237,0219897993,USGS,IAN,2022,1080.0
2022-09-25 19:00:00,-3.598,-3.243,0.355,-81.0069444,32.10237,0219897993,USGS,IAN,2022,1140.0
2022-09-25 20:00:00,-3.278,-2.86,0.4180000000000001,-81.0069444,32.10237,0219897993,USGS,IAN,2022,1200.0
2022-09-25 21:00:00,-1.478,-1.489,-0.0110000000000001,-81.0069444,32.10237,0219897993,USGS,IAN,2022,1260.0
2022-09-25 22:00:00,1.042,0.228,-0.8140000000000001,-81.0069444,32.10237,0219897993,USGS,IAN,2022,1320.0
2022-09-25 23:00:00,3.112,2.092,-1.02,-81.0069444,32.10237,0219897993,USGS,IAN,2022,1380.0
2022-09-26 00:00:00,4.162,3.202,-0.96,-81.0069444,32.10237,0219897993,USGS,IAN,2022,1440.0
2022-09-26 01:00:00,4.642,3.427,-1.2150000000000003,-81.0069444,32.10237,0219897993,USGS,IAN,2022,1500.0
2022-09-26 02:00:00,4.382,2.764,-1.618,-81.0069444,32.10237,0219897993,USGS,IAN,2022,1560.0
2022-09-26 03:00:00,3.072,1.617,-1.455,-81.0069444,32.10237,0219897993,USGS,IAN,2022,1620.0
2022-09-26 04:00:00,1.462,0.25,-1.212,-81.0069444,32.10237,0219897993,USGS,IAN,2022,1680.0
2022-09-26 05:00:00,-0.458,-1.045,-0.587,-81.0069444,32.10237,0219897993,USGS,IAN,2022,1740.0
2022-09-26 06:00:00,-2.258,-2.257,0.0009999999999998,-81.0069444,32.10237,0219897993,USGS,IAN,2022,1800.0
2022-09-26 07:00:00,-3.768,-3.154,0.6139999999999999,-81.0069444,32.10237,0219897993,USGS,IAN,2022,1860.0
2022-09-26 08:00:00,-3.008,-3.228,-0.2200000000000002,-81.0069444,32.10237,0219897993,USGS,IAN,2022,1920.0
2022-09-26 09:00:00,-1.548,-2.103,-0.5550000000000002,-81.0069444,32.10237,0219897993,USGS,IAN,2022,1980.0
2022-09-26 10:00:00,0.332,-0.391,-0.7230000000000001,-81.0069444,32.10237,0219897993,USGS,IAN,2022,2040.0
2022-09-26 11:00:00,2.152,1.548,-0.6040000000000001,-81.0069444,32.10237,0219897993,USGS,IAN,2022,2100.0
2022-09-26 12:00:00,3.342,3.083,-0.2589999999999999,-81.0069444,32.10237,0219897993,USGS,IAN,2022,2160.0
2022-09-26 13:00:00,3.472,3.645,0.173,-81.0069444,32.10237,0219897993,USGS,IAN,2022,2220.0
2022-09-26 14:00:00,3.752,3.25,-0.5019999999999998,-81.0069444,32.10237,0219897993,USGS,IAN,2022,2280.0
2022-09-26 15:00:00,3.072,2.265,-0.8069999999999999,-81.0069444,32.10237,0219897993,USGS,IAN,2022,2340.0
2022-09-26 16:00:00,1.802,0.877,-0.925,-81.0069444,32.10237,0219897993,USGS,IAN,2022,2400.0
2022-09-26 17:00:00,0.132,-0.476,-0.608,-81.0069444,32.10237,0219897993,USGS,IAN,2022,2460.0
2022-09-26 18:00:00,-1.638,-1.748,-0.1100000000000001,-81.0069444,32.10237,0219897993,USGS,IAN,2022,2520.0
2022-09-26 19:00:00,-3.078,-2.872,0.2059999999999999,-81.0069444,32.10237,0219897993,USGS,IAN,2022,2580.0
2022-09-26 20:00:00,-3.608,-3.388,0.2200000000000002,-81.0069444,32.10237,0219897993,USGS,IAN,2022,2640.0
2022-09-26 21:00:00,-2.708,-2.728,-0.02,-81.0069444,32.10237,0219897993,USGS,IAN,2022,2700.0
2022-09-26 22:00:00,-0.508,-1.122,-0.6140000000000001,-81.0069444,32.10237,0219897993,USGS,IAN,2022,2760.0
2022-09-26 23:00:00,1.842,0.8,-1.042,-81.0069444,32.10237,0219897993,USGS,IAN,2022,2820.0
2022-09-27 00:00:00,3.442,2.54,-0.902,-81.0069444,32.10237,0219897993,USGS,IAN,2022,2880.0
2022-09-27 01:00:00,4.192,3.439,-0.7530000000000001,-81.0069444,32.10237,0219897993,USGS,IAN,2022,2940.0
2022-09-27 02:00:00,4.242,3.378,-0.8639999999999999,-81.0069444,32.10237,0219897993,USGS,IAN,2022,3000.0
2022-09-27 03:00:00,3.502,2.523,-0.9789999999999996,-81.0069444,32.10237,0219897993,USGS,IAN,2022,3060.0
2022-09-27 04:00:00,2.582,1.145,-1.4369999999999998,-81.0069444,32.10237,0219897993,USGS,IAN,2022,3120.0
2022-09-27 05:00:00,0.492,-0.205,-0.697,-81.0069444,32.10237,0219897993,USGS,IAN,2022,3180.0
2022-09-27 06:00:00,-1.418,-1.54,-0.1220000000000001,-81.0069444,32.10237,0219897993,USGS,IAN,2022,3240.0
2022-09-27 07:00:00,-2.988,-2.741,0.2469999999999999,-81.0069444,32.10237,0219897993,USGS,IAN,2022,3300.0
2022-09-27 08:00:00,-3.808,-3.458,0.3499999999999996,-81.0069444,32.10237,0219897993,USGS,IAN,2022,3360.0
2022-09-27 09:00:00,-3.308,-3.096,0.2119999999999997,-81.0069444,32.10237,0219897993,USGS,IAN,2022,3420.0
2022-09-27 10:00:00,-1.358,-1.633,-0.2749999999999999,-81.0069444,32.10237,0219897993,USGS,IAN,2022,3480.0
2022-09-27 11:00:00,0.882,0.281,-0.601,-81.0069444,32.10237,0219897993,USGS,IAN,2022,3540.0
2022-09-27 12:00:00,2.512,2.338,-0.1739999999999999,-81.0069444,32.10237,0219897993,USGS,IAN,2022,3600.0
2022-09-27 13:00:00,3.672,3.588,-0.084,-81.0069444,32.10237,0219897993,USGS,IAN,2022,3660.0
2022-09-27 14:00:00,4.092,3.871,-0.2209999999999996,-81.0069444,32.10237,0219897993,USGS,IAN,2022,3720.0
2022-09-27 15:00:00,3.952,3.258,-0.694,-81.0069444,32.10237,0219897993,USGS,IAN,2022,3780.0
2022-09-27 16:00:00,3.062,2.155,-0.907,-81.0069444,32.10237,0219897993,USGS,IAN,2022,3840.0
2022-09-27 17:00:00,1.532,0.668,-0.864,-81.0069444,32.10237,0219897993,USGS,IAN,2022,3900.0
2022-09-27 18:00:00,-0.248,-0.62,-0.372,-81.0069444,32.10237,0219897993,USGS,IAN,2022,3960.0
2022-09-27 19:00:00,-2.068,-1.928,0.1400000000000001,-81.0069444,32.10237,0219897993,USGS,IAN,2022,4020.0
2022-09-27 20:00:00,-3.328,-3.018,0.31,-81.0069444,32.10237,0219897993,USGS,IAN,2022,4080.0
2022-09-27 21:00:00,-3.738,-3.374,0.3639999999999999,-81.0069444,32.10237,0219897993,USGS,IAN,2022,4140.0
2022-09-27 22:00:00,-2.218,-2.393,-0.1749999999999998,-81.0069444,32.10237,0219897993,USGS,IAN,2022,4200.0
2022-09-27 23:00:00,0.022,-0.701,-0.723,-81.0069444,32.10237,0219897993,USGS,IAN,2022,4260.0
2022-09-28 00:00:00,2.082,1.253,-0.829,-81.0069444,32.10237,0219897993,USGS,IAN,2022,4320.0
2022-09-28 01:00:00,3.432,2.877,-0.5550000000000002,-81.0069444,32.10237,0219897993,USGS,IAN,2022,4380.0
2022-09-28 02:00:00,3.992,3.504,-0.488,-81.0069444,32.10237,0219897993,USGS,IAN,2022,4440.0
2022-09-28 03:00:00,3.882,3.108,-0.774,-81.0069444,32.10237,0219897993,USGS,IAN,2022,4500.0
2022-09-28 04:00:00,2.912,2.059,-0.8529999999999998,-81.0069444,32.10237,0219897993,USGS,IAN,2022,4560.0
2022-09-28 05:00:00,1.522,0.619,-0.903,-81.0069444,32.10237,0219897993,USGS,IAN,2022,4620.0
2022-09-28 06:00:00,-0.348,-0.711,-0.363,-81.0069444,32.10237,0219897993,USGS,IAN,2022,4680.0
2022-09-28 07:00:00,-2.258,-2.035,0.2229999999999998,-81.0069444,32.10237,0219897993,USGS,IAN,2022,4740.0
2022-09-28 08:00:00,-3.158,-3.096,0.0619999999999998,-81.0069444,32.10237,0219897993,USGS,IAN,2022,4800.0
2022-09-28 09:00:00,-3.248,-3.558,-0.3099999999999996,-81.0069444,32.10237,0219897993,USGS,IAN,2022,4860.0
2022-09-28 10:00:00,-1.948,-2.752,-0.8039999999999998,-81.0069444,32.10237,0219897993,USGS,IAN,2022,4920.0
2022-09-28 11:00:00,0.142,-1.031,-1.1729999999999998,-81.0069444,32.10237,0219897993,USGS,IAN,2022,4980.0
2022-09-28 12:00:00,2.122,0.975,-1.1469999999999998,-81.0069444,32.10237,0219897993,USGS,IAN,2022,5040.0
2022-09-28 13:00:00,3.432,2.874,-0.5579999999999998,-81.0069444,32.10237,0219897993,USGS,IAN,2022,5100.0
2022-09-28 14:00:00,4.272,3.851,-0.4210000000000002,-81.0069444,32.10237,0219897993,USGS,IAN,2022,5160.0
2022-09-28 15:00:00,4.612,3.908,-0.7040000000000002,-81.0069444,32.10237,0219897993,USGS,IAN,2022,5220.0
2022-09-28 16:00:00,4.362,3.205,-1.157,-81.0069444,32.10237,0219897993,USGS,IAN,2022,5280.0
2022-09-28 17:00:00,3.492,1.989,-1.503,-81.0069444,32.10237,0219897993,USGS,IAN,2022,5340.0
2022-09-28 18:00:00,2.192,0.519,-1.673,-81.0069444,32.10237,0219897993,USGS,IAN,2022,5400.0
2022-09-28 19:00:00,0.572,-0.758,-1.33,-81.0069444,32.10237,0219897993,USGS,IAN,2022,5460.0
2022-09-28 20:00:00,-0.948,-2.076,-1.128,-81.0069444,32.10237,0219897993,USGS,IAN,2022,5520.0
2022-09-28 21:00:00,-2.518,-3.073,-0.5550000000000002,-81.0069444,32.10237,0219897993,USGS,IAN,2022,5580.0
2022-09-28 22:00:00,-2.508,-3.223,-0.7149999999999999,-81.0069444,32.10237,0219897993,USGS,IAN,2022,5640.0
2022-09-28 23:00:00,-1.188,-1.983,-0.7950000000000002,-81.0069444,32.10237,0219897993,USGS,IAN,2022,5700.0
2022-09-29 00:00:00,0.942,-0.175,-1.117,-81.0069444,32.10237,0219897993,USGS,IAN,2022,5760.0
2022-09-29 01:00:00,2.642,1.864,-0.7779999999999998,-81.0069444,32.10237,0219897993,USGS,IAN,2022,5820.0
2022-09-29 02:00:00,3.662,3.352,-0.31,-81.0069444,32.10237,0219897993,USGS,IAN,2022,5880.0
2022-09-29 03:00:00,4.052,3.964,-0.0879999999999996,-81.0069444,32.10237,0219897993,USGS,IAN,2022,5940.0
2022-09-29 04:00:00,4.242,3.706,-0.536,-81.0069444,32.10237,0219897993,USGS,IAN,2022,6000.0
2022-09-29 05:00:00,3.602,2.95,-0.6519999999999997,-81.0069444,32.10237,0219897993,USGS,IAN,2022,6060.0
2022-09-29 06:00:00,2.702,1.847,-0.855,-81.0069444,32.10237,0219897993,USGS,IAN,2022,6120.0
2022-09-29 07:00:00,1.342,0.644,-0.6980000000000001,-81.0069444,32.10237,0219897993,USGS,IAN,2022,6180.0
2022-09-29 08:00:00,-0.318,-0.371,-0.0529999999999999,-81.0069444,32.10237,0219897993,USGS,IAN,2022,6240.0
2022-09-29 09:00:00,-1.298,-1.211,0.0869999999999999,-81.0069444,32.10237,0219897993,USGS,IAN,2022,6300.0
2022-09-29 10:00:00,-1.248,-1.456,-0.2079999999999999,-81.0069444,32.10237,0219897993,USGS,IAN,2022,6360.0
2022-09-29 11:00:00,-0.248,-0.392,-0.144,-81.0069444,32.10237,0219897993,USGS,IAN,2022,6420.0
2022-09-29 12:00:00,0.962,1.534,0.5720000000000001,-81.0069444,32.10237,0219897993,USGS,IAN,2022,6480.0
2022-09-29 13:00:00,2.462,3.562,1.0999999999999996,-81.0069444,32.10237,0219897993,USGS,IAN,2022,6540.0
2022-09-29 14:00:00,3.672,4.744,1.0719999999999996,-81.0069444,32.10237,0219897993,USGS,IAN,2022,6600.0
2022-09-29 15:00:00,4.602,5.46,0.8579999999999997,-81.0069444,32.10237,0219897993,USGS,IAN,2022,6660.0
2022-09-29 16:00:00,5.192,6.058,0.8659999999999997,-81.0069444,32.10237,0219897993,USGS,IAN,2022,6720.0
2022-09-29 17:00:00,5.152,5.743,0.5910000000000002,-81.0069444,32.10237,0219897993,USGS,IAN,2022,6780.0
2022-09-29 18:00:00,4.702,4.749,0.0469999999999997,-81.0069444,32.10237,0219897993,USGS,IAN,2022,6840.0
2022-09-29 19:00:00,3.512,3.66,0.1480000000000001,-81.0069444,32.10237,0219897993,USGS,IAN,2022,6900.0
2022-09-29 20:00:00,2.242,2.413,0.1709999999999998,-81.0069444,32.10237,0219897993,USGS,IAN,2022,6960.0
2022-09-29 21:00:00,0.552,1.16,0.6079999999999999,-81.0069444,32.10237,0219897993,USGS,IAN,2022,7020.0
2022-09-29 22:00:00,-0.768,0.359,1.127,-81.0069444,32.10237,0219897993,USGS,IAN,2022,7080.0
2022-09-29 23:00:00,-1.198,0.064,1.262,-81.0069444,32.10237,0219897993,USGS,IAN,2022,7140.0
2022-09-30 00:00:00,-0.358,0.913,1.271,-81.0069444,32.10237,0219897993,USGS,IAN,2022,7200.0
2022-09-30 01:00:00,1.292,2.448,1.156,-81.0069444,32.10237,0219897993,USGS,IAN,2022,7260.0
2022-09-30 02:00:00,2.642,3.77,1.128,-81.0069444,32.10237,0219897993,USGS,IAN,2022,7320.0
2022-09-30 03:00:00,3.602,4.485,0.8830000000000005,-81.0069444,32.10237,0219897993,USGS,IAN,2022,7380.0
2022-09-30 04:00:00,4.212,4.899,0.6870000000000003,-81.0069444,32.10237,0219897993,USGS,IAN,2022,7440.0
2022-09-30 05:00:00,4.462,5.122,0.6600000000000001,-81.0069444,32.10237,0219897993,USGS,IAN,2022,7500.0
2022-09-30 06:00:00,4.092,4.737,0.6450000000000005,-81.0069444,32.10237,0219897993,USGS,IAN,2022,7560.0
2022-09-30 07:00:00,3.392,3.704,0.3120000000000003,-81.0069444,32.10237,0219897993,USGS,IAN,2022,7620.0
2022-09-30 08:00:00,2.112,2.482,0.3700000000000001,-81.0069444,32.10237,0219897993,USGS,IAN,2022,7680.0
2022-09-30 09:00:00,0.492,1.165,0.673,-81.0069444,32.10237,0219897993,USGS,IAN,2022,7740.0
2022-09-30 10:00:00,-0.908,0.176,1.084,-81.0069444,32.10237,0219897993,USGS,IAN,2022,7800.0
2022-09-30 11:00:00,-1.358,-0.518,0.8400000000000001,-81.0069444,32.10237,0219897993,USGS,IAN,2022,7860.0
2022-09-30 12:00:00,-1.028,-0.515,0.513,-81.0069444,32.10237,0219897993,USGS,IAN,2022,7920.0
2022-09-30 13:00:00,0.012,0.561,0.549,-81.0069444,32.10237,0219897993,USGS,IAN,2022,7980.0
2022-09-30 14:00:00,1.442,1.99,0.548,-81.0069444,32.10237,0219897993,USGS,IAN,2022,8040.0
2022-09-30 15:00:00,3.002,3.021,0.0190000000000001,-81.0069444,32.10237,0219897993,USGS,IAN,2022,8100.0
2022-09-30 16:00:00,3.972,3.435,-0.5369999999999999,-81.0069444,32.10237,0219897993,USGS,IAN,2022,8160.0
2022-09-30 17:00:00,4.532,3.266,-1.266,-81.0069444,32.10237,0219897993,USGS,IAN,2022,8220.0
2022-09-30 18:00:00,4.352,2.591,-1.761,-81.0069444,32.10237,0219897993,USGS,IAN,2022,8280.0
2022-09-30 19:00:00,3.332,1.292,-2.04,-81.0069444,32.10237,0219897993,USGS,IAN,2022,8340.0
2022-09-30 20:00:00,1.822,-0.13,-1.952,-81.0069444,32.10237,0219897993,USGS,IAN,2022,8400.0
2022-09-30 21:00:00,-0.168,-1.493,-1.3250000000000002,-81.0069444,32.10237,0219897993,USGS,IAN,2022,8460.0
2022-09-30 22:00:00,-2.118,-2.739,-0.621,-81.0069444,32.10237,0219897993,USGS,IAN,2022,8520.0
2022-09-30 23:00:00,-3.348,-3.65,-0.302,-81.0069444,32.10237,0219897993,USGS,IAN,2022,8580.0
2022-10-01 00:00:00,-2.888,-3.785,-0.8970000000000002,-81.0069444,32.10237,0219897993,USGS,IAN,2022,8640.0
2022-10-01 01:00:00,-1.178,-2.678,-1.5,-81.0069444,32.10237,0219897993,USGS,IAN,2022,8700.0
2022-10-01 02:00:00,0.692,-1.124,-1.816,-81.0069444,32.10237,0219897993,USGS,IAN,2022,8760.0
2022-10-01 03:00:00,2.232,0.254,-1.978,-81.0069444,32.10237,0219897993,USGS,IAN,2022,8820.0
2022-10-01 04:00:00,3.262,1.45,-1.812,-81.0069444,32.10237,0219897993,USGS,IAN,2022,8880.0
2022-10-01 05:00:00,3.542,2.102,-1.44,-81.0069444,32.10237,0219897993,USGS,IAN,2022,8940.0
2022-10-01 06:00:00,3.042,1.846,-1.1959999999999995,-81.0069444,32.10237,0219897993,USGS,IAN,2022,9000.0
2022-10-01 07:00:00,2.032,0.803,-1.229,-81.0069444,32.10237,0219897993,USGS,IAN,2022,9060.0
2022-10-01 08:00:00,0.432,-0.601,-1.033,-81.0069444,32.10237,0219897993,USGS,IAN,2022,9120.0
2022-10-01 09:00:00,-1.358,-2.021,-0.6629999999999998,-81.0069444,32.10237,0219897993,USGS,IAN,2022,9180.0
2022-10-01 10:00:00,-2.778,-3.262,-0.484,-81.0069444,32.10237,0219897993,USGS,IAN,2022,9240.0
2022-10-01 11:00:00,-3.348,-4.132,-0.7839999999999998,-81.0069444,32.10237,0219897993,USGS,IAN,2022,9300.0
2022-10-01 12:00:00,-2.688,-3.891,-1.2029999999999998,-81.0069444,32.10237,0219897993,USGS,IAN,2022,9360.0
2022-10-01 13:00:00,-0.818,-2.587,-1.769,-81.0069444,32.10237,0219897993,USGS,IAN,2022,9420.0
2022-10-01 14:00:00,1.232,-0.709,-1.941,-81.0069444,32.10237,0219897993,USGS,IAN,2022,9480.0
2022-10-01 15:00:00,2.852,1.482,-1.37,-81.0069444,32.10237,0219897993,USGS,IAN,2022,9540.0
2022-10-01 16:00:00,3.742,3.286,-0.4559999999999999,-81.0069444,32.10237,0219897993,USGS,IAN,2022,9600.0
2022-10-01 17:00:00,4.112,3.918,-0.1939999999999999,-81.0069444,32.10237,0219897993,USGS,IAN,2022,9660.0
2022-10-01 18:00:00,3.942,3.421,-0.5210000000000004,-81.0069444,32.10237,0219897993,USGS,IAN,2022,9720.0
2022-10-01 19:00:00,3.142,2.423,-0.7189999999999999,-81.0069444,32.10237,0219897993,USGS,IAN,2022,9780.0
2022-10-01 20:00:00,1.922,0.952,-0.97,-81.0069444,32.10237,0219897993,USGS,IAN,2022,9840.0
2022-10-01 21:00:00,0.302,-0.378,-0.6799999999999999,-81.0069444,32.10237,0219897993,USGS,IAN,2022,9900.0
2022-10-01 22:00:00,-1.408,-1.597,-0.189,-81.0069444,32.10237,0219897993,USGS,IAN,2022,9960.0
2022-10-01 23:00:00,-2.578,-2.715,-0.137,-81.0069444,32.10237,0219897993,USGS,IAN,2022,10020.0
2022-09-25 01:00:00,4.445,2.706,-1.7390000000000003,-81.3964856,31.131504,02226180,USGS,IAN,2022,60.0
2022-09-25 02:00:00,3.475,1.732,-1.743,-81.3964856,31.131504,02226180,USGS,IAN,2022,120.0
2022-09-25 03:00:00,1.835,0.348,-1.487,-81.3964856,31.131504,02226180,USGS,IAN,2022,180.0
2022-09-25 04:00:00,0.315,-1.207,-1.522,-81.3964856,31.131504,02226180,USGS,IAN,2022,240.0
2022-09-25 05:00:00,-0.895,-2.478,-1.5830000000000002,-81.3964856,31.131504,02226180,USGS,IAN,2022,300.0
2022-09-25 06:00:00,-1.635,-3.156,-1.521,-81.3964856,31.131504,02226180,USGS,IAN,2022,360.0
2022-09-25 07:00:00,-1.755,-2.918,-1.1630000000000005,-81.3964856,31.131504,02226180,USGS,IAN,2022,420.0
2022-09-25 08:00:00,-0.995,-1.852,-0.8570000000000001,-81.3964856,31.131504,02226180,USGS,IAN,2022,480.0
2022-09-25 09:00:00,0.165,-0.351,-0.516,-81.3964856,31.131504,02226180,USGS,IAN,2022,540.0
2022-09-25 10:00:00,1.645,1.278,-0.367,-81.3964856,31.131504,02226180,USGS,IAN,2022,600.0
2022-09-25 11:00:00,2.955,2.574,-0.3810000000000002,-81.3964856,31.131504,02226180,USGS,IAN,2022,660.0
2022-09-25 12:00:00,3.765,3.167,-0.5980000000000003,-81.3964856,31.131504,02226180,USGS,IAN,2022,720.0
2022-09-25 13:00:00,3.935,2.954,-0.981,-81.3964856,31.131504,02226180,USGS,IAN,2022,780.0
2022-09-25 14:00:00,3.585,2.163,-1.4220000000000002,-81.3964856,31.131504,02226180,USGS,IAN,2022,840.0
2022-09-25 15:00:00,2.475,0.795,-1.6800000000000002,-81.3964856,31.131504,02226180,USGS,IAN,2022,900.0
2022-09-25 16:00:00,0.895,-0.837,-1.732,-81.3964856,31.131504,02226180,USGS,IAN,2022,960.0
2022-09-25 17:00:00,-0.715,-2.258,-1.543,-81.3964856,31.131504,02226180,USGS,IAN,2022,1020.0
2022-09-25 18:00:00,-1.985,-3.174,-1.1889999999999998,-81.3964856,31.131504,02226180,USGS,IAN,2022,1080.0
2022-09-25 19:00:00,-2.475,-3.202,-0.7269999999999999,-81.3964856,31.131504,02226180,USGS,IAN,2022,1140.0
2022-09-25 20:00:00,-2.175,-2.275,-0.1,-81.3964856,31.131504,02226180,USGS,IAN,2022,1200.0
2022-09-25 21:00:00,-0.645,-0.84,-0.1949999999999999,-81.3964856,31.131504,02226180,USGS,IAN,2022,1260.0
2022-09-25 22:00:00,1.435,0.853,-0.5820000000000001,-81.3964856,31.131504,02226180,USGS,IAN,2022,1320.0
2022-09-25 23:00:00,3.245,2.334,-0.911,-81.3964856,31.131504,02226180,USGS,IAN,2022,1380.0
2022-09-26 00:00:00,4.505,3.165,-1.34,-81.3964856,31.131504,02226180,USGS,IAN,2022,1440.0
2022-09-26 01:00:00,4.715,3.229,-1.4859999999999998,-81.3964856,31.131504,02226180,USGS,IAN,2022,1500.0
2022-09-26 02:00:00,4.105,2.51,-1.5950000000000006,-81.3964856,31.131504,02226180,USGS,IAN,2022,1560.0
2022-09-26 03:00:00,2.895,1.076,-1.819,-81.3964856,31.131504,02226180,USGS,IAN,2022,1620.0
2022-09-26 04:00:00,1.175,-0.236,-1.411,-81.3964856,31.131504,02226180,USGS,IAN,2022,1680.0
2022-09-26 05:00:00,-0.475,-1.84,-1.3650000000000002,-81.3964856,31.131504,02226180,USGS,IAN,2022,1740.0
2022-09-26 06:00:00,-1.865,-3.008,-1.143,-81.3964856,31.131504,02226180,USGS,IAN,2022,1800.0
2022-09-26 07:00:00,-2.485,-3.406,-0.9210000000000004,-81.3964856,31.131504,02226180,USGS,IAN,2022,1860.0
2022-09-26 08:00:00,-2.145,-2.769,-0.6240000000000001,-81.3964856,31.131504,02226180,USGS,IAN,2022,1920.0
2022-09-26 09:00:00,-0.935,-1.414,-0.4789999999999998,-81.3964856,31.131504,02226180,USGS,IAN,2022,1980.0
2022-09-26 10:00:00,0.875,0.305,-0.5700000000000001,-81.3964856,31.131504,02226180,USGS,IAN,2022,2040.0
2022-09-26 11:00:00,2.565,1.904,-0.661,-81.3964856,31.131504,02226180,USGS,IAN,2022,2100.0
2022-09-26 12:00:00,3.445,3.159,-0.286,-81.3964856,31.131504,02226180,USGS,IAN,2022,2160.0
2022-09-26 13:00:00,3.835,3.505,-0.33,-81.3964856,31.131504,02226180,USGS,IAN,2022,2220.0
2022-09-26 14:00:00,3.765,3.022,-0.7430000000000003,-81.3964856,31.131504,02226180,USGS,IAN,2022,2280.0
2022-09-26 15:00:00,3.025,1.976,-1.049,-81.3964856,31.131504,02226180,USGS,IAN,2022,2340.0
2022-09-26 16:00:00,1.685,0.479,-1.206,-81.3964856,31.131504,02226180,USGS,IAN,2022,2400.0
2022-09-26 17:00:00,-0.005,-1.251,-1.246,-81.3964856,31.131504,02226180,USGS,IAN,2022,2460.0
2022-09-26 18:00:00,-1.585,-2.644,-1.0590000000000002,-81.3964856,31.131504,02226180,USGS,IAN,2022,2520.0
2022-09-26 19:00:00,-2.285,-3.411,-1.126,-81.3964856,31.131504,02226180,USGS,IAN,2022,2580.0
2022-09-26 20:00:00,-2.425,-3.227,-0.802,-81.3964856,31.131504,02226180,USGS,IAN,2022,2640.0
2022-09-26 21:00:00,-1.575,-2.095,-0.5200000000000002,-81.3964856,31.131504,02226180,USGS,IAN,2022,2700.0
2022-09-26 22:00:00,0.005,-0.459,-0.464,-81.3964856,31.131504,02226180,USGS,IAN,2022,2760.0
2022-09-26 23:00:00,2.005,1.333,-0.6719999999999999,-81.3964856,31.131504,02226180,USGS,IAN,2022,2820.0
2022-09-27 00:00:00,3.515,2.724,-0.7909999999999999,-81.3964856,31.131504,02226180,USGS,IAN,2022,2880.0
2022-09-27 01:00:00,4.245,3.361,-0.8839999999999999,-81.3964856,31.131504,02226180,USGS,IAN,2022,2940.0
2022-09-27 02:00:00,4.175,3.128,-1.0469999999999997,-81.3964856,31.131504,02226180,USGS,IAN,2022,3000.0
2022-09-27 03:00:00,3.485,2.219,-1.266,-81.3964856,31.131504,02226180,USGS,IAN,2022,3060.0
2022-09-27 04:00:00,2.055,0.828,-1.2270000000000003,-81.3964856,31.131504,02226180,USGS,IAN,2022,3120.0
2022-09-27 05:00:00,0.225,-0.884,-1.109,-81.3964856,31.131504,02226180,USGS,IAN,2022,3180.0
2022-09-27 06:00:00,-1.425,-2.426,-1.001,-81.3964856,31.131504,02226180,USGS,IAN,2022,3240.0
2022-09-27 07:00:00,-2.515,-3.447,-0.932,-81.3964856,31.131504,02226180,USGS,IAN,2022,3300.0
2022-09-27 08:00:00,-2.945,-3.505,-0.56,-81.3964856,31.131504,02226180,USGS,IAN,2022,3360.0
2022-09-27 09:00:00,-2.265,-2.467,-0.2019999999999999,-81.3964856,31.131504,02226180,USGS,IAN,2022,3420.0
2022-09-27 10:00:00,-0.665,-0.874,-0.2089999999999999,-81.3964856,31.131504,02226180,USGS,IAN,2022,3480.0
2022-09-27 11:00:00,1.255,1.047,-0.2079999999999999,-81.3964856,31.131504,02226180,USGS,IAN,2022,3540.0
2022-09-27 12:00:00,2.875,2.704,-0.1709999999999998,-81.3964856,31.131504,02226180,USGS,IAN,2022,3600.0
2022-09-27 13:00:00,3.865,3.643,-0.2220000000000004,-81.3964856,31.131504,02226180,USGS,IAN,2022,3660.0
2022-09-27 14:00:00,4.195,3.71,-0.4850000000000003,-81.3964856,31.131504,02226180,USGS,IAN,2022,3720.0
2022-09-27 15:00:00,3.905,2.99,-0.9149999999999996,-81.3964856,31.131504,02226180,USGS,IAN,2022,3780.0
2022-09-27 16:00:00,3.025,1.742,-1.283,-81.3964856,31.131504,02226180,USGS,IAN,2022,3840.0
2022-09-27 17:00:00,1.315,0.095,-1.22,-81.3964856,31.131504,02226180,USGS,IAN,2022,3900.0
2022-09-27 18:00:00,-0.345,-1.627,-1.282,-81.3964856,31.131504,02226180,USGS,IAN,2022,3960.0
2022-09-27 19:00:00,-1.705,-2.947,-1.242,-81.3964856,31.131504,02226180,USGS,IAN,2022,4020.0
2022-09-27 20:00:00,-2.475,-3.534,-1.0589999999999995,-81.3964856,31.131504,02226180,USGS,IAN,2022,4080.0
2022-09-27 21:00:00,-2.435,-3.069,-0.6339999999999999,-81.3964856,31.131504,02226180,USGS,IAN,2022,4140.0
2022-09-27 22:00:00,-1.345,-1.747,-0.4020000000000001,-81.3964856,31.131504,02226180,USGS,IAN,2022,4200.0
2022-09-27 23:00:00,0.515,0.005,-0.51,-81.3964856,31.131504,02226180,USGS,IAN,2022,4260.0
2022-09-28 00:00:00,2.365,1.755,-0.6100000000000003,-81.3964856,31.131504,02226180,USGS,IAN,2022,4320.0
2022-09-28 01:00:00,3.695,2.981,-0.714,-81.3964856,31.131504,02226180,USGS,IAN,2022,4380.0
2022-09-28 02:00:00,4.105,3.338,-0.7670000000000003,-81.3964856,31.131504,02226180,USGS,IAN,2022,4440.0
2022-09-28 03:00:00,3.845,2.844,-1.0010000000000003,-81.3964856,31.131504,02226180,USGS,IAN,2022,4500.0
2022-09-28 04:00:00,2.965,1.784,-1.1809999999999998,-81.3964856,31.131504,02226180,USGS,IAN,2022,4560.0
2022-09-28 05:00:00,1.445,0.243,-1.202,-81.3964856,31.131504,02226180,USGS,IAN,2022,4620.0
2022-09-28 06:00:00,-0.125,-1.463,-1.338,-81.3964856,31.131504,02226180,USGS,IAN,2022,4680.0
2022-09-28 07:00:00,-1.495,-2.922,-1.427,-81.3964856,31.131504,02226180,USGS,IAN,2022,4740.0
2022-09-28 08:00:00,-2.275,-3.622,-1.347,-81.3964856,31.131504,02226180,USGS,IAN,2022,4800.0
2022-09-28 09:00:00,-1.965,-3.307,-1.342,-81.3964856,31.131504,02226180,USGS,IAN,2022,4860.0
2022-09-28 10:00:00,-0.865,-2.031,-1.166,-81.3964856,31.131504,02226180,USGS,IAN,2022,4920.0
2022-09-28 11:00:00,0.915,-0.282,-1.197,-81.3964856,31.131504,02226180,USGS,IAN,2022,4980.0
2022-09-28 12:00:00,2.745,1.638,-1.1070000000000002,-81.3964856,31.131504,02226180,USGS,IAN,2022,5040.0
2022-09-28 13:00:00,4.175,3.164,-1.0109999999999997,-81.3964856,31.131504,02226180,USGS,IAN,2022,5100.0
2022-09-28 14:00:00,4.855,3.886,-0.9690000000000004,-81.3964856,31.131504,02226180,USGS,IAN,2022,5160.0
2022-09-28 15:00:00,5.055,3.737,-1.3179999999999996,-81.3964856,31.131504,02226180,USGS,IAN,2022,5220.0
2022-09-28 16:00:00,4.915,2.864,-2.051,-81.3964856,31.131504,02226180,USGS,IAN,2022,5280.0
2022-09-28 17:00:00,4.035,1.497,-2.5380000000000003,-81.3964856,31.131504,02226180,USGS,IAN,2022,5340.0
2022-09-28 18:00:00,2.445,-0.202,-2.647,-81.3964856,31.131504,02226180,USGS,IAN,2022,5400.0
2022-09-28 19:00:00,0.905,-1.882,-2.787,-81.3964856,31.131504,02226180,USGS,IAN,2022,5460.0
2022-09-28 20:00:00,-0.165,-3.073,-2.908,-81.3964856,31.131504,02226180,USGS,IAN,2022,5520.0
2022-09-28 21:00:00,-0.935,-3.406,-2.471,-81.3964856,31.131504,02226180,USGS,IAN,2022,5580.0
2022-09-28 22:00:00,-0.865,-2.654,-1.789,-81.3964856,31.131504,02226180,USGS,IAN,2022,5640.0
2022-09-28 23:00:00,0.045,-1.098,-1.143,-81.3964856,31.131504,02226180,USGS,IAN,2022,5700.0
2022-09-29 00:00:00,1.705,0.891,-0.8140000000000001,-81.3964856,31.131504,02226180,USGS,IAN,2022,5760.0
2022-09-29 01:00:00,3.025,2.715,-0.31,-81.3964856,31.131504,02226180,USGS,IAN,2022,5820.0
2022-09-29 02:00:00,4.445,3.912,-0.5330000000000004,-81.3964856,31.131504,02226180,USGS,IAN,2022,5880.0
2022-09-29 03:00:00,4.805,4.376,-0.4289999999999994,-81.3964856,31.131504,02226180,USGS,IAN,2022,5940.0
2022-09-29 04:00:00,4.925,4.175,-0.75,-81.3964856,31.131504,02226180,USGS,IAN,2022,6000.0
2022-09-29 05:00:00,4.465,3.509,-0.956,-81.3964856,31.131504,02226180,USGS,IAN,2022,6060.0
2022-09-29 06:00:00,3.445,2.276,-1.169,-81.3964856,31.131504,02226180,USGS,IAN,2022,6120.0
2022-09-29 07:00:00,2.145,0.924,-1.221,-81.3964856,31.131504,02226180,USGS,IAN,2022,6180.0
2022-09-29 08:00:00,1.025,-0.412,-1.4369999999999998,-81.3964856,31.131504,02226180,USGS,IAN,2022,6240.0
2022-09-29 09:00:00,0.505,-1.031,-1.536,-81.3964856,31.131504,02226180,USGS,IAN,2022,6300.0
2022-09-29 10:00:00,0.345,-0.592,-0.937,-81.3964856,31.131504,02226180,USGS,IAN,2022,6360.0
2022-09-29 11:00:00,0.905,0.859,-0.046,-81.3964856,31.131504,02226180,USGS,IAN,2022,6420.0
2022-09-29 12:00:00,2.185,2.66,0.4750000000000001,-81.3964856,31.131504,02226180,USGS,IAN,2022,6480.0
2022-09-29 13:00:00,3.685,4.346,0.661,-81.3964856,31.131504,02226180,USGS,IAN,2022,6540.0
2022-09-29 14:00:00,4.825,5.558,0.7329999999999997,-81.3964856,31.131504,02226180,USGS,IAN,2022,6600.0
2022-09-29 15:00:00,5.475,6.238,0.7630000000000008,-81.3964856,31.131504,02226180,USGS,IAN,2022,6660.0
2022-09-29 16:00:00,6.215,6.442,0.2270000000000003,-81.3964856,31.131504,02226180,USGS,IAN,2022,6720.0
2022-09-29 17:00:00,5.985,5.929,-0.056,-81.3964856,31.131504,02226180,USGS,IAN,2022,6780.0
2022-09-29 18:00:00,5.185,4.84,-0.3449999999999997,-81.3964856,31.131504,02226180,USGS,IAN,2022,6840.0
2022-09-29 19:00:00,3.965,3.493,-0.472,-81.3964856,31.131504,02226180,USGS,IAN,2022,6900.0
2022-09-29 20:00:00,2.565,2.259,-0.306,-81.3964856,31.131504,02226180,USGS,IAN,2022,6960.0
2022-09-29 21:00:00,1.175,1.151,-0.024,-81.3964856,31.131504,02226180,USGS,IAN,2022,7020.0
2022-09-29 22:00:00,0.745,0.463,-0.282,-81.3964856,31.131504,02226180,USGS,IAN,2022,7080.0
2022-09-29 23:00:00,0.745,0.421,-0.324,-81.3964856,31.131504,02226180,USGS,IAN,2022,7140.0
2022-09-30 00:00:00,1.315,1.079,-0.236,-81.3964856,31.131504,02226180,USGS,IAN,2022,7200.0
2022-09-30 01:00:00,2.305,2.416,0.1109999999999997,-81.3964856,31.131504,02226180,USGS,IAN,2022,7260.0
2022-09-30 02:00:00,3.565,3.556,-0.0089999999999998,-81.3964856,31.131504,02226180,USGS,IAN,2022,7320.0
2022-09-30 03:00:00,4.435,4.572,0.1370000000000004,-81.3964856,31.131504,02226180,USGS,IAN,2022,7380.0
2022-09-30 04:00:00,5.145,5.093,-0.0519999999999996,-81.3964856,31.131504,02226180,USGS,IAN,2022,7440.0
2022-09-30 05:00:00,5.165,5.037,-0.1280000000000001,-81.3964856,31.131504,02226180,USGS,IAN,2022,7500.0
2022-09-30 06:00:00,4.735,4.382,-0.3530000000000006,-81.3964856,31.131504,02226180,USGS,IAN,2022,7560.0
2022-09-30 07:00:00,3.715,3.174,-0.5409999999999999,-81.3964856,31.131504,02226180,USGS,IAN,2022,7620.0
2022-09-30 08:00:00,2.395,1.778,-0.617,-81.3964856,31.131504,02226180,USGS,IAN,2022,7680.0
2022-09-30 09:00:00,1.075,0.433,-0.6419999999999999,-81.3964856,31.131504,02226180,USGS,IAN,2022,7740.0
2022-09-30 10:00:00,0.235,-0.81,-1.045,-81.3964856,31.131504,02226180,USGS,IAN,2022,7800.0
2022-09-30 11:00:00,-0.275,-1.311,-1.036,-81.3964856,31.131504,02226180,USGS,IAN,2022,7860.0
2022-09-30 12:00:00,0.055,-0.856,-0.911,-81.3964856,31.131504,02226180,USGS,IAN,2022,7920.0
2022-09-30 13:00:00,0.885,0.532,-0.353,-81.3964856,31.131504,02226180,USGS,IAN,2022,7980.0
2022-09-30 14:00:00,2.375,2.303,-0.072,-81.3964856,31.131504,02226180,USGS,IAN,2022,8040.0
2022-09-30 15:00:00,4.015,3.817,-0.1979999999999995,-81.3964856,31.131504,02226180,USGS,IAN,2022,8100.0
2022-09-30 16:00:00,4.995,4.587,-0.4080000000000003,-81.3964856,31.131504,02226180,USGS,IAN,2022,8160.0
2022-09-30 17:00:00,5.325,4.466,-0.859,-81.3964856,31.131504,02226180,USGS,IAN,2022,8220.0
2022-09-30 18:00:00,4.735,3.576,-1.1590000000000005,-81.3964856,31.131504,02226180,USGS,IAN,2022,8280.0
2022-09-30 19:00:00,3.565,2.237,-1.3279999999999998,-81.3964856,31.131504,02226180,USGS,IAN,2022,8340.0
2022-09-30 20:00:00,1.635,0.335,-1.3,-81.3964856,31.131504,02226180,USGS,IAN,2022,8400.0
2022-09-30 21:00:00,-0.095,-1.391,-1.296,-81.3964856,31.131504,02226180,USGS,IAN,2022,8460.0
2022-09-30 22:00:00,-1.375,-2.833,-1.4580000000000002,-81.3964856,31.131504,02226180,USGS,IAN,2022,8520.0
2022-09-30 23:00:00,-1.855,-3.442,-1.5870000000000002,-81.3964856,31.131504,02226180,USGS,IAN,2022,8580.0
2022-10-01 00:00:00,-1.385,-2.843,-1.458,-81.3964856,31.131504,02226180,USGS,IAN,2022,8640.0
2022-10-01 01:00:00,-0.085,-1.612,-1.527,-81.3964856,31.131504,02226180,USGS,IAN,2022,8700.0
2022-10-01 02:00:00,1.575,0.033,-1.542,-81.3964856,31.131504,02226180,USGS,IAN,2022,8760.0
2022-10-01 03:00:00,2.925,1.325,-1.6,-81.3964856,31.131504,02226180,USGS,IAN,2022,8820.0
2022-10-01 04:00:00,3.725,1.949,-1.776,-81.3964856,31.131504,02226180,USGS,IAN,2022,8880.0
2022-10-01 05:00:00,3.885,2.069,-1.816,-81.3964856,31.131504,02226180,USGS,IAN,2022,8940.0
2022-10-01 06:00:00,3.335,1.54,-1.795,-81.3964856,31.131504,02226180,USGS,IAN,2022,9000.0
2022-10-01 07:00:00,2.265,0.382,-1.883,-81.3964856,31.131504,02226180,USGS,IAN,2022,9060.0
2022-10-01 08:00:00,0.735,-1.131,-1.866,-81.3964856,31.131504,02226180,USGS,IAN,2022,9120.0
2022-10-01 09:00:00,-0.975,-2.632,-1.657,-81.3964856,31.131504,02226180,USGS,IAN,2022,9180.0
2022-10-01 10:00:00,-1.835,-3.805,-1.97,-81.3964856,31.131504,02226180,USGS,IAN,2022,9240.0
2022-10-01 11:00:00,-2.145,-4.15,-2.0050000000000003,-81.3964856,31.131504,02226180,USGS,IAN,2022,9300.0
2022-10-01 12:00:00,-1.685,-3.415,-1.73,-81.3964856,31.131504,02226180,USGS,IAN,2022,9360.0
2022-10-01 13:00:00,-0.255,-1.919,-1.664,-81.3964856,31.131504,02226180,USGS,IAN,2022,9420.0
2022-10-01 14:00:00,1.405,0.037,-1.368,-81.3964856,31.131504,02226180,USGS,IAN,2022,9480.0
2022-10-01 15:00:00,2.895,2.074,-0.8210000000000002,-81.3964856,31.131504,02226180,USGS,IAN,2022,9540.0
2022-10-01 16:00:00,4.005,3.399,-0.6059999999999999,-81.3964856,31.131504,02226180,USGS,IAN,2022,9600.0
2022-10-01 17:00:00,4.375,3.725,-0.6499999999999999,-81.3964856,31.131504,02226180,USGS,IAN,2022,9660.0
2022-10-01 18:00:00,4.105,3.185,-0.9200000000000004,-81.3964856,31.131504,02226180,USGS,IAN,2022,9720.0
2022-10-01 19:00:00,3.155,2.174,-0.981,-81.3964856,31.131504,02226180,USGS,IAN,2022,9780.0
2022-10-01 20:00:00,1.605,0.513,-1.092,-81.3964856,31.131504,02226180,USGS,IAN,2022,9840.0
2022-10-01 21:00:00,0.095,-1.274,-1.369,-81.3964856,31.131504,02226180,USGS,IAN,2022,9900.0
2022-10-01 22:00:00,-0.975,-2.632,-1.657,-81.3964856,31.131504,02226180,USGS,IAN,2022,9960.0
2022-10-01 23:00:00,-1.755,-3.371,-1.616,-81.3964856,31.131504,02226180,USGS,IAN,2022,10020.0
2022-09-25 01:00:00,4.591,2.931,-1.66,-81.472853,30.76433333,02228295,USGS,IAN,2022,60.0
2022-09-25 02:00:00,4.031,2.225,-1.806,-81.472853,30.76433333,02228295,USGS,IAN,2022,120.0
2022-09-25 03:00:00,2.701,0.812,-1.889,-81.472853,30.76433333,02228295,USGS,IAN,2022,180.0
2022-09-25 04:00:00,1.201,-0.965,-2.166,-81.472853,30.76433333,02228295,USGS,IAN,2022,240.0
2022-09-25 05:00:00,-0.289,-2.243,-1.954,-81.472853,30.76433333,02228295,USGS,IAN,2022,300.0
2022-09-25 06:00:00,-1.359,-2.885,-1.5259999999999998,-81.472853,30.76433333,02228295,USGS,IAN,2022,360.0
2022-09-25 07:00:00,-1.779,-2.832,-1.053,-81.472853,30.76433333,02228295,USGS,IAN,2022,420.0
2022-09-25 08:00:00,-1.339,-1.949,-0.6100000000000001,-81.472853,30.76433333,02228295,USGS,IAN,2022,480.0
2022-09-25 09:00:00,-0.279,-0.623,-0.344,-81.472853,30.76433333,02228295,USGS,IAN,2022,540.0
2022-09-25 10:00:00,1.051,0.85,-0.2009999999999999,-81.472853,30.76433333,02228295,USGS,IAN,2022,600.0
2022-09-25 11:00:00,2.291,2.214,-0.0769999999999999,-81.472853,30.76433333,02228295,USGS,IAN,2022,660.0
2022-09-25 12:00:00,3.231,2.777,-0.4539999999999997,-81.472853,30.76433333,02228295,USGS,IAN,2022,720.0
2022-09-25 13:00:00,3.731,2.978,-0.7529999999999997,-81.472853,30.76433333,02228295,USGS,IAN,2022,780.0
2022-09-25 14:00:00,3.771,2.574,-1.197,-81.472853,30.76433333,02228295,USGS,IAN,2022,840.0
2022-09-25 15:00:00,3.001,1.265,-1.736,-81.472853,30.76433333,02228295,USGS,IAN,2022,900.0
2022-09-25 16:00:00,1.681,-0.408,-2.089,-81.472853,30.76433333,02228295,USGS,IAN,2022,960.0
2022-09-25 17:00:00,0.031,-2.054,-2.085,-81.472853,30.76433333,02228295,USGS,IAN,2022,1020.0
2022-09-25 18:00:00,-1.419,-2.875,-1.456,-81.472853,30.76433333,02228295,USGS,IAN,2022,1080.0
2022-09-25 19:00:00,-2.249,-3.03,-0.7809999999999997,-81.472853,30.76433333,02228295,USGS,IAN,2022,1140.0
2022-09-25 20:00:00,-2.189,-2.36,-0.1709999999999998,-81.472853,30.76433333,02228295,USGS,IAN,2022,1200.0
2022-09-25 21:00:00,-1.029,-1.055,-0.026,-81.472853,30.76433333,02228295,USGS,IAN,2022,1260.0
2022-09-25 22:00:00,0.561,0.45,-0.111,-81.472853,30.76433333,02228295,USGS,IAN,2022,1320.0
2022-09-25 23:00:00,2.251,1.917,-0.3339999999999998,-81.472853,30.76433333,02228295,USGS,IAN,2022,1380.0
2022-09-26 00:00:00,3.521,2.729,-0.7919999999999998,-81.472853,30.76433333,02228295,USGS,IAN,2022,1440.0
2022-09-26 01:00:00,4.281,3.071,-1.2099999999999995,-81.472853,30.76433333,02228295,USGS,IAN,2022,1500.0
2022-09-26 02:00:00,4.431,2.924,-1.507,-81.472853,30.76433333,02228295,USGS,IAN,2022,1560.0
2022-09-26 03:00:00,3.591,1.817,-1.7740000000000002,-81.472853,30.76433333,02228295,USGS,IAN,2022,1620.0
2022-09-26 04:00:00,2.111,0.266,-1.845,-81.472853,30.76433333,02228295,USGS,IAN,2022,1680.0
2022-09-26 05:00:00,0.401,-1.579,-1.98,-81.472853,30.76433333,02228295,USGS,IAN,2022,1740.0
2022-09-26 06:00:00,-1.249,-2.721,-1.472,-81.472853,30.76433333,02228295,USGS,IAN,2022,1800.0
2022-09-26 07:00:00,-2.239,-3.156,-0.9170000000000004,-81.472853,30.76433333,02228295,USGS,IAN,2022,1860.0
2022-09-26 08:00:00,-2.289,-2.762,-0.4729999999999998,-81.472853,30.76433333,02228295,USGS,IAN,2022,1920.0
2022-09-26 09:00:00,-1.219,-1.582,-0.363,-81.472853,30.76433333,02228295,USGS,IAN,2022,1980.0
2022-09-26 10:00:00,0.291,-0.049,-0.3399999999999999,-81.472853,30.76433333,02228295,USGS,IAN,2022,2040.0
2022-09-26 11:00:00,1.741,1.58,-0.161,-81.472853,30.76433333,02228295,USGS,IAN,2022,2100.0
2022-09-26 12:00:00,2.791,2.653,-0.1379999999999999,-81.472853,30.76433333,02228295,USGS,IAN,2022,2160.0
2022-09-26 13:00:00,3.491,3.165,-0.326,-81.472853,30.76433333,02228295,USGS,IAN,2022,2220.0
2022-09-26 14:00:00,3.811,3.273,-0.5379999999999998,-81.472853,30.76433333,02228295,USGS,IAN,2022,2280.0
2022-09-26 15:00:00,3.511,2.553,-0.9580000000000002,-81.472853,30.76433333,02228295,USGS,IAN,2022,2340.0
2022-09-26 16:00:00,2.401,1.037,-1.364,-81.472853,30.76433333,02228295,USGS,IAN,2022,2400.0
2022-09-26 17:00:00,0.811,-0.876,-1.687,-81.472853,30.76433333,02228295,USGS,IAN,2022,2460.0
2022-09-26 18:00:00,-0.819,-2.386,-1.5670000000000002,-81.472853,30.76433333,02228295,USGS,IAN,2022,2520.0
2022-09-26 19:00:00,-1.919,-3.13,-1.211,-81.472853,30.76433333,02228295,USGS,IAN,2022,2580.0
2022-09-26 20:00:00,-2.379,-3.112,-0.7330000000000001,-81.472853,30.76433333,02228295,USGS,IAN,2022,2640.0
2022-09-26 21:00:00,-1.859,-2.18,-0.3210000000000002,-81.472853,30.76433333,02228295,USGS,IAN,2022,2700.0
2022-09-26 22:00:00,-0.599,-0.747,-0.148,-81.472853,30.76433333,02228295,USGS,IAN,2022,2760.0
2022-09-26 23:00:00,1.031,0.878,-0.1529999999999999,-81.472853,30.76433333,02228295,USGS,IAN,2022,2820.0
2022-09-27 00:00:00,2.511,2.294,-0.217,-81.472853,30.76433333,02228295,USGS,IAN,2022,2880.0
2022-09-27 01:00:00,3.471,2.916,-0.5550000000000002,-81.472853,30.76433333,02228295,USGS,IAN,2022,2940.0
2022-09-27 02:00:00,4.031,3.155,-0.8759999999999999,-81.472853,30.76433333,02228295,USGS,IAN,2022,3000.0
2022-09-27 03:00:00,3.871,2.736,-1.1349999999999998,-81.472853,30.76433333,02228295,USGS,IAN,2022,3060.0
2022-09-27 04:00:00,2.851,1.348,-1.503,-81.472853,30.76433333,02228295,USGS,IAN,2022,3120.0
2022-09-27 05:00:00,1.201,-0.385,-1.586,-81.472853,30.76433333,02228295,USGS,IAN,2022,3180.0
2022-09-27 06:00:00,-0.589,-2.197,-1.608,-81.472853,30.76433333,02228295,USGS,IAN,2022,3240.0
2022-09-27 07:00:00,-2.059,-3.151,-1.0919999999999996,-81.472853,30.76433333,02228295,USGS,IAN,2022,3300.0
2022-09-27 08:00:00,-2.799,-3.293,-0.4940000000000002,-81.472853,30.76433333,02228295,USGS,IAN,2022,3360.0
2022-09-27 09:00:00,-2.399,-2.533,-0.1339999999999999,-81.472853,30.76433333,02228295,USGS,IAN,2022,3420.0
2022-09-27 10:00:00,-1.049,-1.103,-0.054,-81.472853,30.76433333,02228295,USGS,IAN,2022,3480.0
2022-09-27 11:00:00,0.531,0.577,0.0459999999999999,-81.472853,30.76433333,02228295,USGS,IAN,2022,3540.0
2022-09-27 12:00:00,2.011,2.214,0.2029999999999998,-81.472853,30.76433333,02228295,USGS,IAN,2022,3600.0
2022-09-27 13:00:00,3.171,3.053,-0.1179999999999998,-81.472853,30.76433333,02228295,USGS,IAN,2022,3660.0
2022-09-27 14:00:00,3.851,3.519,-0.3319999999999998,-81.472853,30.76433333,02228295,USGS,IAN,2022,3720.0
2022-09-27 16:00:00,3.501,2.402,-1.0989999999999998,-81.472853,30.76433333,02228295,USGS,IAN,2022,3840.0
2022-09-27 17:00:00,2.201,0.646,-1.5550000000000002,-81.472853,30.76433333,02228295,USGS,IAN,2022,3900.0
2022-09-27 18:00:00,0.541,-1.266,-1.807,-81.472853,30.76433333,02228295,USGS,IAN,2022,3960.0
2022-09-27 19:00:00,-1.029,-2.679,-1.65,-81.472853,30.76433333,02228295,USGS,IAN,2022,4020.0
2022-09-27 20:00:00,-2.159,-3.244,-1.0850000000000004,-81.472853,30.76433333,02228295,USGS,IAN,2022,4080.0
2022-09-27 21:00:00,-2.559,-3.004,-0.4449999999999998,-81.472853,30.76433333,02228295,USGS,IAN,2022,4140.0
2022-09-27 22:00:00,-1.649,-1.876,-0.2269999999999998,-81.472853,30.76433333,02228295,USGS,IAN,2022,4200.0
2022-09-27 23:00:00,-0.059,-0.352,-0.293,-81.472853,30.76433333,02228295,USGS,IAN,2022,4260.0
2022-09-28 00:00:00,1.521,1.342,-0.1789999999999998,-81.472853,30.76433333,02228295,USGS,IAN,2022,4320.0
2022-09-28 01:00:00,2.861,2.541,-0.3200000000000003,-81.472853,30.76433333,02228295,USGS,IAN,2022,4380.0
2022-09-28 02:00:00,3.631,3.008,-0.6229999999999998,-81.472853,30.76433333,02228295,USGS,IAN,2022,4440.0
2022-09-28 03:00:00,4.011,3.085,-0.9260000000000002,-81.472853,30.76433333,02228295,USGS,IAN,2022,4500.0
2022-09-28 04:00:00,3.531,2.352,-1.1790000000000005,-81.472853,30.76433333,02228295,USGS,IAN,2022,4560.0
2022-09-28 05:00:00,2.351,0.746,-1.605,-81.472853,30.76433333,02228295,USGS,IAN,2022,4620.0
2022-09-28 06:00:00,0.781,-1.167,-1.948,-81.472853,30.76433333,02228295,USGS,IAN,2022,4680.0
2022-09-28 07:00:00,-0.819,-2.654,-1.835,-81.472853,30.76433333,02228295,USGS,IAN,2022,4740.0
2022-09-28 08:00:00,-1.899,-3.338,-1.439,-81.472853,30.76433333,02228295,USGS,IAN,2022,4800.0
2022-09-28 09:00:00,-1.979,-3.201,-1.222,-81.472853,30.76433333,02228295,USGS,IAN,2022,4860.0
2022-09-28 10:00:00,-1.009,-2.158,-1.149,-81.472853,30.76433333,02228295,USGS,IAN,2022,4920.0
2022-09-28 11:00:00,0.531,-0.593,-1.124,-81.472853,30.76433333,02228295,USGS,IAN,2022,4980.0
2022-09-28 12:00:00,2.111,1.208,-0.9030000000000002,-81.472853,30.76433333,02228295,USGS,IAN,2022,5040.0
2022-09-28 13:00:00,3.431,2.615,-0.8159999999999998,-81.472853,30.76433333,02228295,USGS,IAN,2022,5100.0
2022-09-28 14:00:00,4.401,3.334,-1.0669999999999995,-81.472853,30.76433333,02228295,USGS,IAN,2022,5160.0
2022-09-28 15:00:00,5.071,3.725,-1.3459999999999996,-81.472853,30.76433333,02228295,USGS,IAN,2022,5220.0
2022-09-28 16:00:00,5.301,3.408,-1.893,-81.472853,30.76433333,02228295,USGS,IAN,2022,5280.0
2022-09-28 17:00:00,4.631,2.203,-2.4280000000000004,-81.472853,30.76433333,02228295,USGS,IAN,2022,5340.0
2022-09-28 18:00:00,3.401,0.4,-3.001,-81.472853,30.76433333,02228295,USGS,IAN,2022,5400.0
2022-09-28 19:00:00,2.091,-1.521,-3.612,-81.472853,30.76433333,02228295,USGS,IAN,2022,5460.0
2022-09-28 20:00:00,0.831,-2.759,-3.59,-81.472853,30.76433333,02228295,USGS,IAN,2022,5520.0
2022-09-28 21:00:00,-0.129,-3.13,-3.001,-81.472853,30.76433333,02228295,USGS,IAN,2022,5580.0
2022-09-28 22:00:00,-0.449,-2.565,-2.116,-81.472853,30.76433333,02228295,USGS,IAN,2022,5640.0
2022-09-28 23:00:00,0.131,-1.176,-1.307,-81.472853,30.76433333,02228295,USGS,IAN,2022,5700.0
2022-09-29 00:00:00,1.461,0.595,-0.8660000000000001,-81.472853,30.76433333,02228295,USGS,IAN,2022,5760.0
2022-09-29 01:00:00,2.771,2.307,-0.4639999999999999,-81.472853,30.76433333,02228295,USGS,IAN,2022,5820.0
2022-09-29 02:00:00,3.781,3.281,-0.5,-81.472853,30.76433333,02228295,USGS,IAN,2022,5880.0
2022-09-29 03:00:00,4.751,4.073,-0.6779999999999999,-81.472853,30.76433333,02228295,USGS,IAN,2022,5940.0
2022-09-29 04:00:00,5.151,4.53,-0.6209999999999996,-81.472853,30.76433333,02228295,USGS,IAN,2022,6000.0
2022-09-29 05:00:00,4.921,4.227,-0.694,-81.472853,30.76433333,02228295,USGS,IAN,2022,6060.0
2022-09-29 06:00:00,4.151,3.116,-1.0349999999999997,-81.472853,30.76433333,02228295,USGS,IAN,2022,6120.0
2022-09-29 07:00:00,3.081,1.495,-1.586,-81.472853,30.76433333,02228295,USGS,IAN,2022,6180.0
2022-09-29 08:00:00,2.141,0.011,-2.13,-81.472853,30.76433333,02228295,USGS,IAN,2022,6240.0
2022-09-29 09:00:00,1.141,-0.962,-2.103,-81.472853,30.76433333,02228295,USGS,IAN,2022,6300.0
2022-09-29 10:00:00,0.771,-0.648,-1.419,-81.472853,30.76433333,02228295,USGS,IAN,2022,6360.0
2022-09-29 11:00:00,1.031,0.73,-0.3009999999999999,-81.472853,30.76433333,02228295,USGS,IAN,2022,6420.0
2022-09-29 12:00:00,2.121,2.286,0.165,-81.472853,30.76433333,02228295,USGS,IAN,2022,6480.0
2022-09-29 13:00:00,3.341,3.469,0.1279999999999996,-81.472853,30.76433333,02228295,USGS,IAN,2022,6540.0
2022-09-29 14:00:00,4.481,4.728,0.2469999999999999,-81.472853,30.76433333,02228295,USGS,IAN,2022,6600.0
2022-09-29 15:00:00,5.621,5.907,0.2859999999999996,-81.472853,30.76433333,02228295,USGS,IAN,2022,6660.0
2022-09-29 16:00:00,6.461,6.589,0.1280000000000001,-81.472853,30.76433333,02228295,USGS,IAN,2022,6720.0
2022-09-29 17:00:00,6.641,6.52,-0.1210000000000004,-81.472853,30.76433333,02228295,USGS,IAN,2022,6780.0
2022-09-29 18:00:00,6.071,5.603,-0.4679999999999999,-81.472853,30.76433333,02228295,USGS,IAN,2022,6840.0
2022-09-29 19:00:00,5.161,4.325,-0.8359999999999994,-81.472853,30.76433333,02228295,USGS,IAN,2022,6900.0
2022-09-29 20:00:00,3.951,3.1,-0.851,-81.472853,30.76433333,02228295,USGS,IAN,2022,6960.0
2022-09-29 21:00:00,2.701,1.881,-0.8200000000000001,-81.472853,30.76433333,02228295,USGS,IAN,2022,7020.0
2022-09-29 22:00:00,1.721,0.922,-0.799,-81.472853,30.76433333,02228295,USGS,IAN,2022,7080.0
2022-09-29 23:00:00,1.361,0.492,-0.869,-81.472853,30.76433333,02228295,USGS,IAN,2022,7140.0
2022-09-30 00:00:00,1.561,1.011,-0.55,-81.472853,30.76433333,02228295,USGS,IAN,2022,7200.0
2022-09-30 01:00:00,2.361,2.015,-0.3460000000000001,-81.472853,30.76433333,02228295,USGS,IAN,2022,7260.0
2022-09-30 02:00:00,3.571,3.071,-0.5,-81.472853,30.76433333,02228295,USGS,IAN,2022,7320.0
2022-09-30 03:00:00,4.371,4.047,-0.3240000000000007,-81.472853,30.76433333,02228295,USGS,IAN,2022,7380.0
2022-09-30 04:00:00,5.011,4.906,-0.1050000000000004,-81.472853,30.76433333,02228295,USGS,IAN,2022,7440.0
2022-09-30 05:00:00,5.251,5.253,0.0019999999999997,-81.472853,30.76433333,02228295,USGS,IAN,2022,7500.0
2022-09-30 06:00:00,5.141,4.805,-0.3360000000000003,-81.472853,30.76433333,02228295,USGS,IAN,2022,7560.0
2022-09-30 07:00:00,4.321,3.803,-0.5179999999999998,-81.472853,30.76433333,02228295,USGS,IAN,2022,7620.0
2022-09-30 08:00:00,3.351,2.447,-0.904,-81.472853,30.76433333,02228295,USGS,IAN,2022,7680.0
2022-09-30 09:00:00,2.141,0.888,-1.253,-81.472853,30.76433333,02228295,USGS,IAN,2022,7740.0
2022-09-30 10:00:00,1.001,-0.584,-1.585,-81.472853,30.76433333,02228295,USGS,IAN,2022,7800.0
2022-09-30 11:00:00,0.101,-1.353,-1.454,-81.472853,30.76433333,02228295,USGS,IAN,2022,7860.0
2022-09-30 12:00:00,0.031,-0.939,-0.97,-81.472853,30.76433333,02228295,USGS,IAN,2022,7920.0
2022-09-30 13:00:00,0.951,0.486,-0.4649999999999999,-81.472853,30.76433333,02228295,USGS,IAN,2022,7980.0
2022-09-30 14:00:00,2.281,2.129,-0.1520000000000001,-81.472853,30.76433333,02228295,USGS,IAN,2022,8040.0
2022-09-30 15:00:00,3.521,3.193,-0.3279999999999998,-81.472853,30.76433333,02228295,USGS,IAN,2022,8100.0
2022-09-30 16:00:00,4.551,4.021,-0.5300000000000002,-81.472853,30.76433333,02228295,USGS,IAN,2022,8160.0
2022-09-30 17:00:00,5.271,4.548,-0.7229999999999999,-81.472853,30.76433333,02228295,USGS,IAN,2022,8220.0
2022-09-30 18:00:00,5.331,4.223,-1.1080000000000003,-81.472853,30.76433333,02228295,USGS,IAN,2022,8280.0
2022-09-30 19:00:00,4.311,2.989,-1.322,-81.472853,30.76433333,02228295,USGS,IAN,2022,8340.0
2022-09-30 20:00:00,2.791,1.219,-1.5719999999999998,-81.472853,30.76433333,02228295,USGS,IAN,2022,8400.0
2022-09-30 21:00:00,1.191,-0.639,-1.83,-81.472853,30.76433333,02228295,USGS,IAN,2022,8460.0
2022-09-30 22:00:00,-0.389,-2.334,-1.945,-81.472853,30.76433333,02228295,USGS,IAN,2022,8520.0
2022-09-30 23:00:00,-1.279,-3.109,-1.83,-81.472853,30.76433333,02228295,USGS,IAN,2022,8580.0
2022-10-01 00:00:00,-1.289,-2.758,-1.469,-81.472853,30.76433333,02228295,USGS,IAN,2022,8640.0
2022-10-01 01:00:00,-0.289,-1.485,-1.1960000000000002,-81.472853,30.76433333,02228295,USGS,IAN,2022,8700.0
2022-10-01 02:00:00,1.091,-0.056,-1.147,-81.472853,30.76433333,02228295,USGS,IAN,2022,8760.0
2022-10-01 03:00:00,2.311,1.23,-1.081,-81.472853,30.76433333,02228295,USGS,IAN,2022,8820.0
2022-10-01 04:00:00,3.221,1.989,-1.232,-81.472853,30.76433333,02228295,USGS,IAN,2022,8880.0
2022-10-01 05:00:00,3.791,2.2,-1.5909999999999995,-81.472853,30.76433333,02228295,USGS,IAN,2022,8940.0
2022-10-01 06:00:00,3.781,1.829,-1.952,-81.472853,30.76433333,02228295,USGS,IAN,2022,9000.0
2022-10-01 07:00:00,2.951,0.727,-2.224,-81.472853,30.76433333,02228295,USGS,IAN,2022,9060.0
2022-10-01 08:00:00,1.481,-0.988,-2.4690000000000003,-81.472853,30.76433333,02228295,USGS,IAN,2022,9120.0
2022-10-01 09:00:00,-0.199,-2.388,-2.189,-81.472853,30.76433333,02228295,USGS,IAN,2022,9180.0
2022-10-01 10:00:00,-1.379,-3.452,-2.073,-81.472853,30.76433333,02228295,USGS,IAN,2022,9240.0
2022-10-01 11:00:00,-1.979,-3.812,-1.833,-81.472853,30.76433333,02228295,USGS,IAN,2022,9300.0
2022-10-01 12:00:00,-1.739,-3.368,-1.6289999999999998,-81.472853,30.76433333,02228295,USGS,IAN,2022,9360.0
2022-10-01 13:00:00,-0.649,-2.126,-1.477,-81.472853,30.76433333,02228295,USGS,IAN,2022,9420.0
2022-10-01 14:00:00,0.781,-0.369,-1.15,-81.472853,30.76433333,02228295,USGS,IAN,2022,9480.0
2022-10-01 15:00:00,2.171,1.577,-0.5939999999999999,-81.472853,30.76433333,02228295,USGS,IAN,2022,9540.0
2022-10-01 16:00:00,3.311,2.799,-0.512,-81.472853,30.76433333,02228295,USGS,IAN,2022,9600.0
2022-10-01 17:00:00,4.051,3.363,-0.6880000000000002,-81.472853,30.76433333,02228295,USGS,IAN,2022,9660.0
2022-10-01 18:00:00,4.351,3.489,-0.8620000000000001,-81.472853,30.76433333,02228295,USGS,IAN,2022,9720.0
2022-10-01 19:00:00,3.751,2.736,-1.0149999999999997,-81.472853,30.76433333,02228295,USGS,IAN,2022,9780.0
2022-10-01 20:00:00,2.451,1.138,-1.3130000000000002,-81.472853,30.76433333,02228295,USGS,IAN,2022,9840.0
2022-10-01 21:00:00,0.951,-0.782,-1.733,-81.472853,30.76433333,02228295,USGS,IAN,2022,9900.0
2022-10-01 22:00:00,-0.459,-2.36,-1.901,-81.472853,30.76433333,02228295,USGS,IAN,2022,9960.0
2022-10-01 23:00:00,-1.479,-3.121,-1.642,-81.472853,30.76433333,02228295,USGS,IAN,2022,10020.0
2022-09-25 01:00:00,2.527,2.72,0.193,-81.6542683,30.744124,02231254,USGS,IAN,2022,60.0
2022-09-25 02:00:00,2.677,2.72,0.0430000000000001,-81.6542683,30.744124,02231254,USGS,IAN,2022,120.0
2022-09-25 03:00:00,2.407,2.72,0.3130000000000001,-81.6542683,30.744124,02231254,USGS,IAN,2022,180.0
2022-09-25 04:00:00,2.167,2.72,0.5530000000000004,-81.6542683,30.744124,02231254,USGS,IAN,2022,240.0
2022-09-25 05:00:00,1.837,2.72,0.8830000000000002,-81.6542683,30.744124,02231254,USGS,IAN,2022,300.0
2022-09-25 06:00:00,1.207,2.72,1.513,-81.6542683,30.744124,02231254,USGS,IAN,2022,360.0
2022-09-25 07:00:00,0.417,2.72,2.3030000000000004,-81.6542683,30.744124,02231254,USGS,IAN,2022,420.0
2022-09-25 08:00:00,-0.313,2.72,3.0330000000000004,-81.6542683,30.744124,02231254,USGS,IAN,2022,480.0
2022-09-25 09:00:00,-0.603,2.72,3.3230000000000004,-81.6542683,30.744124,02231254,USGS,IAN,2022,540.0
2022-09-25 10:00:00,-0.093,2.72,2.813,-81.6542683,30.744124,02231254,USGS,IAN,2022,600.0
2022-09-25 11:00:00,1.047,2.72,1.6730000000000005,-81.6542683,30.744124,02231254,USGS,IAN,2022,660.0
2022-09-25 12:00:00,1.747,2.72,0.973,-81.6542683,30.744124,02231254,USGS,IAN,2022,720.0
2022-09-25 13:00:00,2.097,2.72,0.6230000000000002,-81.6542683,30.744124,02231254,USGS,IAN,2022,780.0
2022-09-25 14:00:00,2.407,2.72,0.3130000000000001,-81.6542683,30.744124,02231254,USGS,IAN,2022,840.0
2022-09-25 15:00:00,2.637,2.72,0.0830000000000001,-81.6542683,30.744124,02231254,USGS,IAN,2022,900.0
2022-09-25 16:00:00,2.587,2.72,0.133,-81.6542683,30.744124,02231254,USGS,IAN,2022,960.0
2022-09-25 17:00:00,1.917,2.72,0.8030000000000002,-81.6542683,30.744124,02231254,USGS,IAN,2022,1020.0
2022-09-25 18:00:00,1.167,2.72,1.5530000000000002,-81.6542683,30.744124,02231254,USGS,IAN,2022,1080.0
2022-09-25 19:00:00,0.337,2.72,2.383,-81.6542683,30.744124,02231254,USGS,IAN,2022,1140.0
2022-09-25 20:00:00,-0.553,2.72,3.273,-81.6542683,30.744124,02231254,USGS,IAN,2022,1200.0
2022-09-25 21:00:00,-1.143,2.72,3.863,-81.6542683,30.744124,02231254,USGS,IAN,2022,1260.0
2022-09-25 22:00:00,-0.693,2.72,3.4130000000000003,-81.6542683,30.744124,02231254,USGS,IAN,2022,1320.0
2022-09-25 23:00:00,0.677,2.72,2.043,-81.6542683,30.744124,02231254,USGS,IAN,2022,1380.0
2022-09-26 00:00:00,1.677,2.72,1.043,-81.6542683,30.744124,02231254,USGS,IAN,2022,1440.0
2022-09-26 01:00:00,2.107,2.72,0.613,-81.6542683,30.744124,02231254,USGS,IAN,2022,1500.0
2022-09-26 02:00:00,2.457,2.72,0.2630000000000003,-81.6542683,30.744124,02231254,USGS,IAN,2022,1560.0
2022-09-26 03:00:00,2.427,2.72,0.2930000000000001,-81.6542683,30.744124,02231254,USGS,IAN,2022,1620.0
2022-09-26 04:00:00,2.247,2.72,0.4730000000000003,-81.6542683,30.744124,02231254,USGS,IAN,2022,1680.0
2022-09-26 05:00:00,2.037,2.72,0.6830000000000003,-81.6542683,30.744124,02231254,USGS,IAN,2022,1740.0
2022-09-26 06:00:00,1.427,2.72,1.293,-81.6542683,30.744124,02231254,USGS,IAN,2022,1800.0
2022-09-26 07:00:00,0.647,2.72,2.0730000000000004,-81.6542683,30.744124,02231254,USGS,IAN,2022,1860.0
2022-09-26 08:00:00,-0.253,2.72,2.9730000000000003,-81.6542683,30.744124,02231254,USGS,IAN,2022,1920.0
2022-09-26 09:00:00,-0.963,2.72,3.683,-81.6542683,30.744124,02231254,USGS,IAN,2022,1980.0
2022-09-26 10:00:00,-0.763,2.72,3.483,-81.6542683,30.744124,02231254,USGS,IAN,2022,2040.0
2022-09-26 11:00:00,0.417,2.72,2.3030000000000004,-81.6542683,30.744124,02231254,USGS,IAN,2022,2100.0
2022-09-26 12:00:00,1.447,2.72,1.273,-81.6542683,30.744124,02231254,USGS,IAN,2022,2160.0
2022-09-26 13:00:00,1.877,2.72,0.8430000000000002,-81.6542683,30.744124,02231254,USGS,IAN,2022,2220.0
2022-09-26 14:00:00,2.197,2.72,0.5230000000000001,-81.6542683,30.744124,02231254,USGS,IAN,2022,2280.0
2022-09-26 15:00:00,2.487,2.72,0.2330000000000001,-81.6542683,30.744124,02231254,USGS,IAN,2022,2340.0
2022-09-26 16:00:00,2.617,2.72,0.1030000000000002,-81.6542683,30.744124,02231254,USGS,IAN,2022,2400.0
2022-09-26 17:00:00,2.297,2.72,0.423,-81.6542683,30.744124,02231254,USGS,IAN,2022,2460.0
2022-09-26 18:00:00,1.407,2.72,1.3130000000000002,-81.6542683,30.744124,02231254,USGS,IAN,2022,2520.0
2022-09-26 19:00:00,0.687,2.72,2.0330000000000004,-81.6542683,30.744124,02231254,USGS,IAN,2022,2580.0
2022-09-26 20:00:00,-0.233,2.72,2.9530000000000003,-81.6542683,30.744124,02231254,USGS,IAN,2022,2640.0
2022-09-26 21:00:00,-1.033,2.72,3.753,-81.6542683,30.744124,02231254,USGS,IAN,2022,2700.0
2022-09-26 22:00:00,-1.293,2.72,4.013,-81.6542683,30.744124,02231254,USGS,IAN,2022,2760.0
2022-09-26 23:00:00,-0.403,2.72,3.123,-81.6542683,30.744124,02231254,USGS,IAN,2022,2820.0
2022-09-27 00:00:00,0.927,2.72,1.793,-81.6542683,30.744124,02231254,USGS,IAN,2022,2880.0
2022-09-27 01:00:00,1.717,2.72,1.003,-81.6542683,30.744124,02231254,USGS,IAN,2022,2940.0
2022-09-27 02:00:00,2.087,2.72,0.633,-81.6542683,30.744124,02231254,USGS,IAN,2022,3000.0
2022-09-27 03:00:00,2.417,2.72,0.3030000000000004,-81.6542683,30.744124,02231254,USGS,IAN,2022,3060.0
2022-09-27 04:00:00,2.547,2.72,0.173,-81.6542683,30.744124,02231254,USGS,IAN,2022,3120.0
2022-09-27 05:00:00,2.327,2.72,0.3930000000000002,-81.6542683,30.744124,02231254,USGS,IAN,2022,3180.0
2022-09-27 06:00:00,1.637,2.72,1.0830000000000002,-81.6542683,30.744124,02231254,USGS,IAN,2022,3240.0
2022-09-27 07:00:00,0.867,2.72,1.853,-81.6542683,30.744124,02231254,USGS,IAN,2022,3300.0
2022-09-27 08:00:00,-0.073,2.72,2.793,-81.6542683,30.744124,02231254,USGS,IAN,2022,3360.0
2022-09-27 09:00:00,-1.023,2.72,3.743,-81.6542683,30.744124,02231254,USGS,IAN,2022,3420.0
2022-09-27 10:00:00,-1.523,2.72,4.243,-81.6542683,30.744124,02231254,USGS,IAN,2022,3480.0
2022-09-27 11:00:00,-0.823,2.72,3.543,-81.6542683,30.744124,02231254,USGS,IAN,2022,3540.0
2022-09-27 12:00:00,0.497,2.72,2.2230000000000003,-81.6542683,30.744124,02231254,USGS,IAN,2022,3600.0
2022-09-27 13:00:00,1.497,2.72,1.223,-81.6542683,30.744124,02231254,USGS,IAN,2022,3660.0
2022-09-27 14:00:00,1.947,2.72,0.7730000000000001,-81.6542683,30.744124,02231254,USGS,IAN,2022,3720.0
2022-09-27 15:00:00,2.287,2.72,0.4330000000000003,-81.6542683,30.744124,02231254,USGS,IAN,2022,3780.0
2022-09-27 16:00:00,2.607,2.72,0.1129999999999999,-81.6542683,30.744124,02231254,USGS,IAN,2022,3840.0
2022-09-27 17:00:00,2.687,2.72,0.0330000000000003,-81.6542683,30.744124,02231254,USGS,IAN,2022,3900.0
2022-09-27 18:00:00,2.237,2.721,0.484,-81.6542683,30.744124,02231254,USGS,IAN,2022,3960.0
2022-09-27 19:00:00,1.357,2.735,1.378,-81.6542683,30.744124,02231254,USGS,IAN,2022,4020.0
2022-09-27 20:00:00,0.607,2.746,2.139,-81.6542683,30.744124,02231254,USGS,IAN,2022,4080.0
2022-09-27 21:00:00,-0.343,2.752,3.095,-81.6542683,30.744124,02231254,USGS,IAN,2022,4140.0
2022-09-27 22:00:00,-1.153,2.75,3.903,-81.6542683,30.744124,02231254,USGS,IAN,2022,4200.0
2022-09-27 23:00:00,-1.143,2.745,3.888,-81.6542683,30.744124,02231254,USGS,IAN,2022,4260.0
2022-09-28 00:00:00,0.117,2.738,2.621,-81.6542683,30.744124,02231254,USGS,IAN,2022,4320.0
2022-09-28 01:00:00,1.267,2.731,1.464,-81.6542683,30.744124,02231254,USGS,IAN,2022,4380.0
2022-09-28 02:00:00,1.847,2.725,0.8780000000000001,-81.6542683,30.744124,02231254,USGS,IAN,2022,4440.0
2022-09-28 03:00:00,2.167,2.721,0.5540000000000003,-81.6542683,30.744124,02231254,USGS,IAN,2022,4500.0
2022-09-28 04:00:00,2.407,2.719,0.3119999999999998,-81.6542683,30.744124,02231254,USGS,IAN,2022,4560.0
2022-09-28 05:00:00,2.217,2.718,0.5009999999999999,-81.6542683,30.744124,02231254,USGS,IAN,2022,4620.0
2022-09-28 06:00:00,2.037,2.718,0.681,-81.6542683,30.744124,02231254,USGS,IAN,2022,4680.0
2022-09-28 07:00:00,1.407,2.718,1.311,-81.6542683,30.744124,02231254,USGS,IAN,2022,4740.0
2022-09-28 08:00:00,0.677,2.718,2.041,-81.6542683,30.744124,02231254,USGS,IAN,2022,4800.0
2022-09-28 09:00:00,-0.253,2.718,2.971,-81.6542683,30.744124,02231254,USGS,IAN,2022,4860.0
2022-09-28 10:00:00,-0.913,2.718,3.631,-81.6542683,30.744124,02231254,USGS,IAN,2022,4920.0
2022-09-28 11:00:00,-0.723,2.718,3.441,-81.6542683,30.744124,02231254,USGS,IAN,2022,4980.0
2022-09-28 12:00:00,0.607,2.718,2.111,-81.6542683,30.744124,02231254,USGS,IAN,2022,5040.0
2022-09-28 13:00:00,1.617,2.719,1.102,-81.6542683,30.744124,02231254,USGS,IAN,2022,5100.0
2022-09-28 14:00:00,2.077,2.719,0.6419999999999999,-81.6542683,30.744124,02231254,USGS,IAN,2022,5160.0
2022-09-28 15:00:00,2.387,2.719,0.3319999999999998,-81.6542683,30.744124,02231254,USGS,IAN,2022,5220.0
2022-09-28 16:00:00,2.317,2.719,0.4019999999999997,-81.6542683,30.744124,02231254,USGS,IAN,2022,5280.0
2022-09-28 17:00:00,2.277,2.719,0.4419999999999997,-81.6542683,30.744124,02231254,USGS,IAN,2022,5340.0
2022-09-28 18:00:00,2.907,2.806,-0.1009999999999999,-81.6542683,30.744124,02231254,USGS,IAN,2022,5400.0
2022-09-28 19:00:00,2.277,2.921,0.6439999999999997,-81.6542683,30.744124,02231254,USGS,IAN,2022,5460.0
2022-09-28 20:00:00,2.017,2.935,0.918,-81.6542683,30.744124,02231254,USGS,IAN,2022,5520.0
2022-09-28 21:00:00,1.927,2.942,1.015,-81.6542683,30.744124,02231254,USGS,IAN,2022,5580.0
2022-09-28 22:00:00,1.417,2.957,1.5399999999999998,-81.6542683,30.744124,02231254,USGS,IAN,2022,5640.0
2022-09-28 23:00:00,0.887,2.969,2.082,-81.6542683,30.744124,02231254,USGS,IAN,2022,5700.0
2022-09-29 00:00:00,0.817,2.988,2.1710000000000003,-81.6542683,30.744124,02231254,USGS,IAN,2022,5760.0
2022-09-29 01:00:00,1.547,3.009,1.462,-81.6542683,30.744124,02231254,USGS,IAN,2022,5820.0
2022-09-29 02:00:00,2.127,3.037,0.91,-81.6542683,30.744124,02231254,USGS,IAN,2022,5880.0
2022-09-29 03:00:00,2.247,3.063,0.8160000000000003,-81.6542683,30.744124,02231254,USGS,IAN,2022,5940.0
2022-09-29 04:00:00,2.207,3.084,0.8770000000000002,-81.6542683,30.744124,02231254,USGS,IAN,2022,6000.0
2022-09-29 05:00:00,2.197,3.156,0.959,-81.6542683,30.744124,02231254,USGS,IAN,2022,6060.0
2022-09-29 06:00:00,2.167,3.386,1.2190000000000003,-81.6542683,30.744124,02231254,USGS,IAN,2022,6120.0
2022-09-29 07:00:00,2.017,3.747,1.73,-81.6542683,30.744124,02231254,USGS,IAN,2022,6180.0
2022-09-29 08:00:00,1.907,3.825,1.918,-81.6542683,30.744124,02231254,USGS,IAN,2022,6240.0
2022-09-29 09:00:00,1.797,3.817,2.0200000000000005,-81.6542683,30.744124,02231254,USGS,IAN,2022,6300.0
2022-09-29 10:00:00,1.837,3.774,1.937,-81.6542683,30.744124,02231254,USGS,IAN,2022,6360.0
2022-09-29 11:00:00,1.787,3.733,1.946,-81.6542683,30.744124,02231254,USGS,IAN,2022,6420.0
2022-09-29 12:00:00,1.677,3.689,2.012,-81.6542683,30.744124,02231254,USGS,IAN,2022,6480.0
2022-09-29 13:00:00,2.017,3.648,1.6310000000000002,-81.6542683,30.744124,02231254,USGS,IAN,2022,6540.0
2022-09-29 14:00:00,2.237,3.608,1.371,-81.6542683,30.744124,02231254,USGS,IAN,2022,6600.0
2022-09-29 15:00:00,2.187,3.614,1.427,-81.6542683,30.744124,02231254,USGS,IAN,2022,6660.0
2022-09-29 16:00:00,2.197,3.779,1.582,-81.6542683,30.744124,02231254,USGS,IAN,2022,6720.0
2022-09-29 17:00:00,2.167,4.471,2.3040000000000003,-81.6542683,30.744124,02231254,USGS,IAN,2022,6780.0
2022-09-29 18:00:00,3.667,5.44,1.7730000000000006,-81.6542683,30.744124,02231254,USGS,IAN,2022,6840.0
2022-09-29 19:00:00,2.407,5.808,3.401,-81.6542683,30.744124,02231254,USGS,IAN,2022,6900.0
2022-09-29 20:00:00,2.027,5.387,3.3599999999999994,-81.6542683,30.744124,02231254,USGS,IAN,2022,6960.0
2022-09-29 21:00:00,1.827,4.98,3.1530000000000005,-81.6542683,30.744124,02231254,USGS,IAN,2022,7020.0
2022-09-29 22:00:00,1.757,4.623,2.8660000000000005,-81.6542683,30.744124,02231254,USGS,IAN,2022,7080.0
2022-09-29 23:00:00,1.787,4.318,2.531,-81.6542683,30.744124,02231254,USGS,IAN,2022,7140.0
2022-09-30 00:00:00,1.817,4.132,2.3149999999999995,-81.6542683,30.744124,02231254,USGS,IAN,2022,7200.0
2022-09-30 01:00:00,1.897,3.985,2.088,-81.6542683,30.744124,02231254,USGS,IAN,2022,7260.0
2022-09-30 02:00:00,1.977,3.866,1.889,-81.6542683,30.744124,02231254,USGS,IAN,2022,7320.0
2022-09-30 03:00:00,2.107,3.77,1.6629999999999998,-81.6542683,30.744124,02231254,USGS,IAN,2022,7380.0
2022-09-30 04:00:00,2.147,3.695,1.548,-81.6542683,30.744124,02231254,USGS,IAN,2022,7440.0
2022-09-30 05:00:00,2.127,3.746,1.6190000000000002,-81.6542683,30.744124,02231254,USGS,IAN,2022,7500.0
2022-09-30 06:00:00,2.097,4.052,1.955,-81.6542683,30.744124,02231254,USGS,IAN,2022,7560.0
2022-09-30 07:00:00,2.057,4.335,2.278,-81.6542683,30.744124,02231254,USGS,IAN,2022,7620.0
2022-09-30 08:00:00,1.977,4.212,2.2349999999999994,-81.6542683,30.744124,02231254,USGS,IAN,2022,7680.0
2022-09-30 09:00:00,1.837,4.068,2.231,-81.6542683,30.744124,02231254,USGS,IAN,2022,7740.0
2022-09-30 10:00:00,1.827,3.959,2.132,-81.6542683,30.744124,02231254,USGS,IAN,2022,7800.0
2022-09-30 11:00:00,1.837,3.866,2.029,-81.6542683,30.744124,02231254,USGS,IAN,2022,7860.0
2022-09-30 12:00:00,1.827,3.786,1.959,-81.6542683,30.744124,02231254,USGS,IAN,2022,7920.0
2022-09-30 13:00:00,1.537,3.733,2.196,-81.6542683,30.744124,02231254,USGS,IAN,2022,7980.0
2022-09-30 14:00:00,1.557,3.681,2.124,-81.6542683,30.744124,02231254,USGS,IAN,2022,8040.0
2022-09-30 15:00:00,2.047,3.64,1.593,-81.6542683,30.744124,02231254,USGS,IAN,2022,8100.0
2022-09-30 16:00:00,2.397,3.604,1.2070000000000003,-81.6542683,30.744124,02231254,USGS,IAN,2022,8160.0
2022-09-30 17:00:00,2.337,3.569,1.2319999999999998,-81.6542683,30.744124,02231254,USGS,IAN,2022,8220.0
2022-09-30 18:00:00,2.297,3.671,1.3739999999999997,-81.6542683,30.744124,02231254,USGS,IAN,2022,8280.0
2022-09-30 19:00:00,2.637,3.819,1.182,-81.6542683,30.744124,02231254,USGS,IAN,2022,8340.0
2022-09-30 20:00:00,2.407,3.819,1.412,-81.6542683,30.744124,02231254,USGS,IAN,2022,8400.0
2022-09-30 21:00:00,2.067,3.746,1.6789999999999998,-81.6542683,30.744124,02231254,USGS,IAN,2022,8460.0
2022-09-30 22:00:00,2.047,3.682,1.6349999999999998,-81.6542683,30.744124,02231254,USGS,IAN,2022,8520.0
2022-09-30 23:00:00,1.847,3.627,1.7799999999999998,-81.6542683,30.744124,02231254,USGS,IAN,2022,8580.0
2022-10-01 00:00:00,1.167,3.582,2.415,-81.6542683,30.744124,02231254,USGS,IAN,2022,8640.0
2022-10-01 01:00:00,0.577,3.531,2.954,-81.6542683,30.744124,02231254,USGS,IAN,2022,8700.0
2022-10-01 02:00:00,0.607,3.487,2.88,-81.6542683,30.744124,02231254,USGS,IAN,2022,8760.0
2022-10-01 03:00:00,1.347,3.443,2.096,-81.6542683,30.744124,02231254,USGS,IAN,2022,8820.0
2022-10-01 04:00:00,1.997,3.408,1.4109999999999998,-81.6542683,30.744124,02231254,USGS,IAN,2022,8880.0
2022-10-01 05:00:00,2.317,3.381,1.0639999999999996,-81.6542683,30.744124,02231254,USGS,IAN,2022,8940.0
2022-10-01 06:00:00,2.227,3.357,1.1300000000000003,-81.6542683,30.744124,02231254,USGS,IAN,2022,9000.0
2022-10-01 07:00:00,2.157,3.338,1.181,-81.6542683,30.744124,02231254,USGS,IAN,2022,9060.0
2022-10-01 08:00:00,2.027,3.315,1.2879999999999998,-81.6542683,30.744124,02231254,USGS,IAN,2022,9120.0
2022-10-01 09:00:00,1.817,3.295,1.478,-81.6542683,30.744124,02231254,USGS,IAN,2022,9180.0
2022-10-01 10:00:00,1.327,3.284,1.957,-81.6542683,30.744124,02231254,USGS,IAN,2022,9240.0
2022-10-01 11:00:00,0.517,3.258,2.741,-81.6542683,30.744124,02231254,USGS,IAN,2022,9300.0
2022-10-01 12:00:00,-0.273,3.237,3.51,-81.6542683,30.744124,02231254,USGS,IAN,2022,9360.0
2022-10-01 13:00:00,-0.723,3.208,3.931,-81.6542683,30.744124,02231254,USGS,IAN,2022,9420.0
2022-10-01 14:00:00,-0.303,3.186,3.489,-81.6542683,30.744124,02231254,USGS,IAN,2022,9480.0
2022-10-01 15:00:00,0.887,3.172,2.285,-81.6542683,30.744124,02231254,USGS,IAN,2022,9540.0
2022-10-01 16:00:00,1.727,3.163,1.4359999999999995,-81.6542683,30.744124,02231254,USGS,IAN,2022,9600.0
2022-10-01 17:00:00,2.137,3.149,1.012,-81.6542683,30.744124,02231254,USGS,IAN,2022,9660.0
2022-10-01 18:00:00,2.487,3.135,0.6479999999999997,-81.6542683,30.744124,02231254,USGS,IAN,2022,9720.0
2022-10-01 19:00:00,2.797,3.155,0.3579999999999996,-81.6542683,30.744124,02231254,USGS,IAN,2022,9780.0
2022-10-01 20:00:00,2.897,3.197,0.3000000000000002,-81.6542683,30.744124,02231254,USGS,IAN,2022,9840.0
2022-10-01 21:00:00,2.437,3.183,0.746,-81.6542683,30.744124,02231254,USGS,IAN,2022,9900.0
2022-10-01 22:00:00,1.627,3.164,1.537,-81.6542683,30.744124,02231254,USGS,IAN,2022,9960.0
2022-10-01 23:00:00,0.987,3.148,2.161,-81.6542683,30.744124,02231254,USGS,IAN,2022,10020.0
2022-09-25 01:00:00,2.565,1.983,-0.5819999999999999,-81.5898179,30.5507931,02231291,USGS,IAN,2022,60.0
2022-09-25 02:00:00,2.774,1.983,-0.7909999999999999,-81.5898179,30.5507931,02231291,USGS,IAN,2022,120.0
2022-09-25 03:00:00,2.694,2.013,-0.681,-81.5898179,30.5507931,02231291,USGS,IAN,2022,180.0
2022-09-25 04:00:00,2.245,2.042,-0.2030000000000003,-81.5898179,30.5507931,02231291,USGS,IAN,2022,240.0
2022-09-25 05:00:00,1.604,2.007,0.403,-81.5898179,30.5507931,02231291,USGS,IAN,2022,300.0
2022-09-25 06:00:00,1.024,1.986,0.962,-81.5898179,30.5507931,02231291,USGS,IAN,2022,360.0
2022-09-25 07:00:00,0.385,1.985,1.6,-81.5898179,30.5507931,02231291,USGS,IAN,2022,420.0
2022-09-25 08:00:00,-0.296,1.985,2.281,-81.5898179,30.5507931,02231291,USGS,IAN,2022,480.0
2022-09-25 09:00:00,-0.775,1.985,2.76,-81.5898179,30.5507931,02231291,USGS,IAN,2022,540.0
2022-09-25 10:00:00,-0.275,1.985,2.26,-81.5898179,30.5507931,02231291,USGS,IAN,2022,600.0
2022-09-25 11:00:00,0.874,1.985,1.1110000000000002,-81.5898179,30.5507931,02231291,USGS,IAN,2022,660.0
2022-09-25 12:00:00,1.675,1.985,0.31,-81.5898179,30.5507931,02231291,USGS,IAN,2022,720.0
2022-09-25 13:00:00,2.114,1.985,-0.1289999999999997,-81.5898179,30.5507931,02231291,USGS,IAN,2022,780.0
2022-09-25 14:00:00,2.395,1.985,-0.4099999999999999,-81.5898179,30.5507931,02231291,USGS,IAN,2022,840.0
2022-09-25 15:00:00,2.465,1.998,-0.4669999999999998,-81.5898179,30.5507931,02231291,USGS,IAN,2022,900.0
2022-09-25 16:00:00,2.215,2.046,-0.169,-81.5898179,30.5507931,02231291,USGS,IAN,2022,960.0
2022-09-25 17:00:00,1.604,2.018,0.4139999999999997,-81.5898179,30.5507931,02231291,USGS,IAN,2022,1020.0
2022-09-25 18:00:00,0.985,1.986,1.001,-81.5898179,30.5507931,02231291,USGS,IAN,2022,1080.0
2022-09-25 19:00:00,0.305,1.985,1.6800000000000002,-81.5898179,30.5507931,02231291,USGS,IAN,2022,1140.0
2022-09-25 20:00:00,-0.455,1.985,2.44,-81.5898179,30.5507931,02231291,USGS,IAN,2022,1200.0
2022-09-25 21:00:00,-1.105,1.985,3.09,-81.5898179,30.5507931,02231291,USGS,IAN,2022,1260.0
2022-09-25 22:00:00,-0.816,1.985,2.801,-81.5898179,30.5507931,02231291,USGS,IAN,2022,1320.0
2022-09-25 23:00:00,0.495,1.985,1.4900000000000002,-81.5898179,30.5507931,02231291,USGS,IAN,2022,1380.0
2022-09-26 00:00:00,1.505,1.985,0.4800000000000002,-81.5898179,30.5507931,02231291,USGS,IAN,2022,1440.0
2022-09-26 01:00:00,2.175,1.985,-0.1899999999999997,-81.5898179,30.5507931,02231291,USGS,IAN,2022,1500.0
2022-09-26 02:00:00,2.534,1.985,-0.5489999999999997,-81.5898179,30.5507931,02231291,USGS,IAN,2022,1560.0
2022-09-26 03:00:00,2.665,1.99,-0.675,-81.5898179,30.5507931,02231291,USGS,IAN,2022,1620.0
2022-09-26 04:00:00,2.475,2.062,-0.4130000000000002,-81.5898179,30.5507931,02231291,USGS,IAN,2022,1680.0
2022-09-26 05:00:00,1.885,2.07,0.1849999999999998,-81.5898179,30.5507931,02231291,USGS,IAN,2022,1740.0
2022-09-26 06:00:00,1.215,2.031,0.8160000000000001,-81.5898179,30.5507931,02231291,USGS,IAN,2022,1800.0
2022-09-26 07:00:00,0.575,1.994,1.419,-81.5898179,30.5507931,02231291,USGS,IAN,2022,1860.0
2022-09-26 08:00:00,-0.175,1.987,2.162,-81.5898179,30.5507931,02231291,USGS,IAN,2022,1920.0
2022-09-26 09:00:00,-0.865,1.987,2.8520000000000003,-81.5898179,30.5507931,02231291,USGS,IAN,2022,1980.0
2022-09-26 10:00:00,-0.955,1.986,2.941,-81.5898179,30.5507931,02231291,USGS,IAN,2022,2040.0
2022-09-26 11:00:00,0.255,1.986,1.731,-81.5898179,30.5507931,02231291,USGS,IAN,2022,2100.0
2022-09-26 12:00:00,1.184,1.986,0.802,-81.5898179,30.5507931,02231291,USGS,IAN,2022,2160.0
2022-09-26 13:00:00,1.845,1.986,0.141,-81.5898179,30.5507931,02231291,USGS,IAN,2022,2220.0
2022-09-26 14:00:00,2.245,1.986,-0.2590000000000001,-81.5898179,30.5507931,02231291,USGS,IAN,2022,2280.0
2022-09-26 15:00:00,2.434,1.987,-0.447,-81.5898179,30.5507931,02231291,USGS,IAN,2022,2340.0
2022-09-26 16:00:00,2.374,2.069,-0.3050000000000001,-81.5898179,30.5507931,02231291,USGS,IAN,2022,2400.0
2022-09-26 17:00:00,1.925,2.135,0.2099999999999997,-81.5898179,30.5507931,02231291,USGS,IAN,2022,2460.0
2022-09-26 18:00:00,1.215,2.105,0.8899999999999999,-81.5898179,30.5507931,02231291,USGS,IAN,2022,2520.0
2022-09-26 19:00:00,0.595,2.071,1.4760000000000002,-81.5898179,30.5507931,02231291,USGS,IAN,2022,2580.0
2022-09-26 20:00:00,-0.146,2.036,2.182,-81.5898179,30.5507931,02231291,USGS,IAN,2022,2640.0
2022-09-26 21:00:00,-0.896,2.002,2.898,-81.5898179,30.5507931,02231291,USGS,IAN,2022,2700.0
2022-09-26 22:00:00,-1.345,1.989,3.334,-81.5898179,30.5507931,02231291,USGS,IAN,2022,2760.0
2022-09-26 23:00:00,-0.476,1.99,2.466,-81.5898179,30.5507931,02231291,USGS,IAN,2022,2820.0
2022-09-27 00:00:00,0.684,1.99,1.306,-81.5898179,30.5507931,02231291,USGS,IAN,2022,2880.0
2022-09-27 01:00:00,1.585,1.99,0.405,-81.5898179,30.5507931,02231291,USGS,IAN,2022,2940.0
2022-09-27 02:00:00,2.145,1.99,-0.155,-81.5898179,30.5507931,02231291,USGS,IAN,2022,3000.0
2022-09-27 03:00:00,2.425,1.99,-0.4349999999999998,-81.5898179,30.5507931,02231291,USGS,IAN,2022,3060.0
2022-09-27 04:00:00,2.485,2.02,-0.4649999999999998,-81.5898179,30.5507931,02231291,USGS,IAN,2022,3120.0
2022-09-27 05:00:00,2.085,2.097,0.012,-81.5898179,30.5507931,02231291,USGS,IAN,2022,3180.0
2022-09-27 06:00:00,1.395,2.075,0.6800000000000002,-81.5898179,30.5507931,02231291,USGS,IAN,2022,3240.0
2022-09-27 07:00:00,0.745,2.034,1.2889999999999997,-81.5898179,30.5507931,02231291,USGS,IAN,2022,3300.0
2022-09-27 08:00:00,-0.015,1.995,2.01,-81.5898179,30.5507931,02231291,USGS,IAN,2022,3360.0
2022-09-27 09:00:00,-0.825,1.987,2.8120000000000003,-81.5898179,30.5507931,02231291,USGS,IAN,2022,3420.0
2022-09-27 10:00:00,-1.486,1.987,3.473,-81.5898179,30.5507931,02231291,USGS,IAN,2022,3480.0
2022-09-27 11:00:00,-0.966,1.987,2.9530000000000003,-81.5898179,30.5507931,02231291,USGS,IAN,2022,3540.0
2022-09-27 12:00:00,0.305,1.987,1.6820000000000002,-81.5898179,30.5507931,02231291,USGS,IAN,2022,3600.0
2022-09-27 13:00:00,1.295,1.987,0.6920000000000002,-81.5898179,30.5507931,02231291,USGS,IAN,2022,3660.0
2022-09-27 14:00:00,1.985,1.987,0.002,-81.5898179,30.5507931,02231291,USGS,IAN,2022,3720.0
2022-09-27 15:00:00,2.364,1.987,-0.3769999999999998,-81.5898179,30.5507931,02231291,USGS,IAN,2022,3780.0
2022-09-27 16:00:00,2.555,2.026,-0.5290000000000004,-81.5898179,30.5507931,02231291,USGS,IAN,2022,3840.0
2022-09-27 17:00:00,2.405,2.177,-0.2279999999999997,-81.5898179,30.5507931,02231291,USGS,IAN,2022,3900.0
2022-09-27 18:00:00,1.874,2.238,0.3639999999999999,-81.5898179,30.5507931,02231291,USGS,IAN,2022,3960.0
2022-09-27 19:00:00,1.184,2.185,1.001,-81.5898179,30.5507931,02231291,USGS,IAN,2022,4020.0
2022-09-27 20:00:00,0.545,2.145,1.6,-81.5898179,30.5507931,02231291,USGS,IAN,2022,4080.0
2022-09-27 21:00:00,-0.216,2.106,2.322,-81.5898179,30.5507931,02231291,USGS,IAN,2022,4140.0
2022-09-27 22:00:00,-0.966,2.068,3.034,-81.5898179,30.5507931,02231291,USGS,IAN,2022,4200.0
2022-09-27 23:00:00,-1.236,2.039,3.2750000000000004,-81.5898179,30.5507931,02231291,USGS,IAN,2022,4260.0
2022-09-28 00:00:00,-0.046,2.007,2.053,-81.5898179,30.5507931,02231291,USGS,IAN,2022,4320.0
2022-09-28 01:00:00,1.005,1.986,0.981,-81.5898179,30.5507931,02231291,USGS,IAN,2022,4380.0
2022-09-28 02:00:00,1.805,1.987,0.1820000000000001,-81.5898179,30.5507931,02231291,USGS,IAN,2022,4440.0
2022-09-28 03:00:00,2.245,1.987,-0.258,-81.5898179,30.5507931,02231291,USGS,IAN,2022,4500.0
2022-09-28 04:00:00,2.465,1.99,-0.4749999999999998,-81.5898179,30.5507931,02231291,USGS,IAN,2022,4560.0
2022-09-28 05:00:00,2.405,2.06,-0.3449999999999997,-81.5898179,30.5507931,02231291,USGS,IAN,2022,4620.0
2022-09-28 06:00:00,1.954,2.102,0.1479999999999999,-81.5898179,30.5507931,02231291,USGS,IAN,2022,4680.0
2022-09-28 07:00:00,1.255,2.064,0.8090000000000002,-81.5898179,30.5507931,02231291,USGS,IAN,2022,4740.0
2022-09-28 08:00:00,0.645,2.021,1.376,-81.5898179,30.5507931,02231291,USGS,IAN,2022,4800.0
2022-09-28 09:00:00,-0.046,1.988,2.034,-81.5898179,30.5507931,02231291,USGS,IAN,2022,4860.0
2022-09-28 10:00:00,-0.685,1.987,2.672,-81.5898179,30.5507931,02231291,USGS,IAN,2022,4920.0
2022-09-28 11:00:00,-0.695,1.987,2.682,-81.5898179,30.5507931,02231291,USGS,IAN,2022,4980.0
2022-09-28 12:00:00,0.555,1.987,1.432,-81.5898179,30.5507931,02231291,USGS,IAN,2022,5040.0
2022-09-28 13:00:00,1.585,1.987,0.4020000000000001,-81.5898179,30.5507931,02231291,USGS,IAN,2022,5100.0
2022-09-28 14:00:00,2.274,1.988,-0.286,-81.5898179,30.5507931,02231291,USGS,IAN,2022,5160.0
2022-09-28 15:00:00,2.815,1.988,-0.827,-81.5898179,30.5507931,02231291,USGS,IAN,2022,5220.0
2022-09-28 16:00:00,3.194,1.989,-1.2049999999999998,-81.5898179,30.5507931,02231291,USGS,IAN,2022,5280.0
2022-09-28 17:00:00,3.434,2.094,-1.3400000000000003,-81.5898179,30.5507931,02231291,USGS,IAN,2022,5340.0
2022-09-28 18:00:00,3.444,2.277,-1.1669999999999998,-81.5898179,30.5507931,02231291,USGS,IAN,2022,5400.0
2022-09-28 19:00:00,3.034,2.322,-0.7119999999999997,-81.5898179,30.5507931,02231291,USGS,IAN,2022,5460.0
2022-09-28 20:00:00,2.495,2.264,-0.2310000000000003,-81.5898179,30.5507931,02231291,USGS,IAN,2022,5520.0
2022-09-28 21:00:00,2.045,2.222,0.177,-81.5898179,30.5507931,02231291,USGS,IAN,2022,5580.0
2022-09-28 22:00:00,1.604,2.185,0.581,-81.5898179,30.5507931,02231291,USGS,IAN,2022,5640.0
2022-09-28 23:00:00,1.305,2.152,0.8470000000000002,-81.5898179,30.5507931,02231291,USGS,IAN,2022,5700.0
2022-09-29 00:00:00,1.295,2.122,0.827,-81.5898179,30.5507931,02231291,USGS,IAN,2022,5760.0
2022-09-29 01:00:00,1.895,2.108,0.213,-81.5898179,30.5507931,02231291,USGS,IAN,2022,5820.0
2022-09-29 02:00:00,2.395,2.105,-0.29,-81.5898179,30.5507931,02231291,USGS,IAN,2022,5880.0
2022-09-29 03:00:00,2.845,2.127,-0.7180000000000004,-81.5898179,30.5507931,02231291,USGS,IAN,2022,5940.0
2022-09-29 04:00:00,3.325,2.235,-1.0900000000000003,-81.5898179,30.5507931,02231291,USGS,IAN,2022,6000.0
2022-09-29 05:00:00,3.655,2.527,-1.1279999999999997,-81.5898179,30.5507931,02231291,USGS,IAN,2022,6060.0
2022-09-29 06:00:00,3.854,3.07,-0.7840000000000003,-81.5898179,30.5507931,02231291,USGS,IAN,2022,6120.0
2022-09-29 07:00:00,3.694,3.478,-0.2159999999999997,-81.5898179,30.5507931,02231291,USGS,IAN,2022,6180.0
2022-09-29 08:00:00,3.345,3.559,0.2139999999999999,-81.5898179,30.5507931,02231291,USGS,IAN,2022,6240.0
2022-09-29 09:00:00,2.874,3.443,0.569,-81.5898179,30.5507931,02231291,USGS,IAN,2022,6300.0
2022-09-29 10:00:00,2.454,3.321,0.867,-81.5898179,30.5507931,02231291,USGS,IAN,2022,6360.0
2022-09-29 11:00:00,2.315,3.207,0.8919999999999999,-81.5898179,30.5507931,02231291,USGS,IAN,2022,6420.0
2022-09-29 12:00:00,2.184,3.105,0.9209999999999998,-81.5898179,30.5507931,02231291,USGS,IAN,2022,6480.0
2022-09-29 13:00:00,2.495,3.037,0.5419999999999998,-81.5898179,30.5507931,02231291,USGS,IAN,2022,6540.0
2022-09-29 14:00:00,3.024,3.038,0.0139999999999997,-81.5898179,30.5507931,02231291,USGS,IAN,2022,6600.0
2022-09-29 15:00:00,3.604,3.233,-0.371,-81.5898179,30.5507931,02231291,USGS,IAN,2022,6660.0
2022-09-29 16:00:00,4.055,3.561,-0.4939999999999998,-81.5898179,30.5507931,02231291,USGS,IAN,2022,6720.0
2022-09-29 19:00:00,5.095,5.131,0.0360000000000004,-81.5898179,30.5507931,02231291,USGS,IAN,2022,6900.0
2022-09-29 20:00:00,4.804,4.998,0.1939999999999999,-81.5898179,30.5507931,02231291,USGS,IAN,2022,6960.0
2022-09-29 21:00:00,4.235,4.727,0.492,-81.5898179,30.5507931,02231291,USGS,IAN,2022,7020.0
2022-09-29 22:00:00,3.675,4.488,0.8130000000000006,-81.5898179,30.5507931,02231291,USGS,IAN,2022,7080.0
2022-09-29 23:00:00,3.235,4.246,1.0110000000000006,-81.5898179,30.5507931,02231291,USGS,IAN,2022,7140.0
2022-09-30 00:00:00,2.915,4.019,1.104,-81.5898179,30.5507931,02231291,USGS,IAN,2022,7200.0
2022-09-30 01:00:00,2.655,3.814,1.1590000000000005,-81.5898179,30.5507931,02231291,USGS,IAN,2022,7260.0
2022-09-30 02:00:00,2.774,3.63,0.8559999999999999,-81.5898179,30.5507931,02231291,USGS,IAN,2022,7320.0
2022-09-30 03:00:00,3.165,3.461,0.2959999999999998,-81.5898179,30.5507931,02231291,USGS,IAN,2022,7380.0
2022-09-30 04:00:00,3.585,3.346,-0.2389999999999998,-81.5898179,30.5507931,02231291,USGS,IAN,2022,7440.0
2022-09-30 05:00:00,3.895,3.444,-0.451,-81.5898179,30.5507931,02231291,USGS,IAN,2022,7500.0
2022-09-30 06:00:00,4.155,3.685,-0.4700000000000002,-81.5898179,30.5507931,02231291,USGS,IAN,2022,7560.0
2022-09-30 07:00:00,4.315,3.866,-0.4490000000000003,-81.5898179,30.5507931,02231291,USGS,IAN,2022,7620.0
2022-09-30 08:00:00,4.065,3.758,-0.3070000000000004,-81.5898179,30.5507931,02231291,USGS,IAN,2022,7680.0
2022-09-30 09:00:00,3.565,3.559,-0.0059999999999997,-81.5898179,30.5507931,02231291,USGS,IAN,2022,7740.0
2022-09-30 10:00:00,3.065,3.409,0.3439999999999998,-81.5898179,30.5507931,02231291,USGS,IAN,2022,7800.0
2022-09-30 11:00:00,2.624,3.269,0.645,-81.5898179,30.5507931,02231291,USGS,IAN,2022,7860.0
2022-09-30 12:00:00,2.145,3.144,0.999,-81.5898179,30.5507931,02231291,USGS,IAN,2022,7920.0
2022-09-30 13:00:00,1.795,3.033,1.238,-81.5898179,30.5507931,02231291,USGS,IAN,2022,7980.0
2022-09-30 14:00:00,1.715,2.936,1.221,-81.5898179,30.5507931,02231291,USGS,IAN,2022,8040.0
2022-09-30 15:00:00,2.114,2.853,0.7390000000000003,-81.5898179,30.5507931,02231291,USGS,IAN,2022,8100.0
2022-09-30 16:00:00,2.684,2.79,0.1059999999999998,-81.5898179,30.5507931,02231291,USGS,IAN,2022,8160.0
2022-09-30 17:00:00,3.155,2.807,-0.3479999999999998,-81.5898179,30.5507931,02231291,USGS,IAN,2022,8220.0
2022-09-30 18:00:00,3.475,2.97,-0.5049999999999999,-81.5898179,30.5507931,02231291,USGS,IAN,2022,8280.0
2022-09-30 19:00:00,3.675,3.185,-0.4899999999999997,-81.5898179,30.5507931,02231291,USGS,IAN,2022,8340.0
2022-09-30 20:00:00,3.465,3.305,-0.1599999999999997,-81.5898179,30.5507931,02231291,USGS,IAN,2022,8400.0
2022-09-30 21:00:00,2.925,3.17,0.2450000000000001,-81.5898179,30.5507931,02231291,USGS,IAN,2022,8460.0
2022-09-30 22:00:00,2.425,3.055,0.6300000000000003,-81.5898179,30.5507931,02231291,USGS,IAN,2022,8520.0
2022-09-30 23:00:00,1.864,2.963,1.099,-81.5898179,30.5507931,02231291,USGS,IAN,2022,8580.0
2022-10-01 00:00:00,1.274,2.876,1.602,-81.5898179,30.5507931,02231291,USGS,IAN,2022,8640.0
2022-10-01 01:00:00,0.764,2.802,2.0380000000000003,-81.5898179,30.5507931,02231291,USGS,IAN,2022,8700.0
2022-10-01 02:00:00,0.545,2.746,2.201,-81.5898179,30.5507931,02231291,USGS,IAN,2022,8760.0
2022-10-01 03:00:00,1.104,2.687,1.5829999999999995,-81.5898179,30.5507931,02231291,USGS,IAN,2022,8820.0
2022-10-01 04:00:00,1.915,2.624,0.7090000000000001,-81.5898179,30.5507931,02231291,USGS,IAN,2022,8880.0
2022-10-01 05:00:00,2.335,2.565,0.2299999999999999,-81.5898179,30.5507931,02231291,USGS,IAN,2022,8940.0
2022-10-01 06:00:00,2.604,2.502,-0.1020000000000003,-81.5898179,30.5507931,02231291,USGS,IAN,2022,9000.0
2022-10-01 07:00:00,2.645,2.444,-0.201,-81.5898179,30.5507931,02231291,USGS,IAN,2022,9060.0
2022-10-01 08:00:00,2.364,2.384,0.02,-81.5898179,30.5507931,02231291,USGS,IAN,2022,9120.0
2022-10-01 09:00:00,1.825,2.33,0.5050000000000001,-81.5898179,30.5507931,02231291,USGS,IAN,2022,9180.0
2022-10-01 10:00:00,1.264,2.264,0.9999999999999998,-81.5898179,30.5507931,02231291,USGS,IAN,2022,9240.0
2022-10-01 11:00:00,0.614,2.201,1.5870000000000002,-81.5898179,30.5507931,02231291,USGS,IAN,2022,9300.0
2022-10-01 12:00:00,-0.075,2.147,2.222,-81.5898179,30.5507931,02231291,USGS,IAN,2022,9360.0
2022-10-01 13:00:00,-0.605,2.098,2.703,-81.5898179,30.5507931,02231291,USGS,IAN,2022,9420.0
2022-10-01 14:00:00,-0.386,2.065,2.451,-81.5898179,30.5507931,02231291,USGS,IAN,2022,9480.0
2022-10-01 15:00:00,0.715,2.039,1.3240000000000005,-81.5898179,30.5507931,02231291,USGS,IAN,2022,9540.0
2022-10-01 16:00:00,1.655,2.007,0.3520000000000001,-81.5898179,30.5507931,02231291,USGS,IAN,2022,9600.0
2022-10-01 17:00:00,2.184,1.985,-0.199,-81.5898179,30.5507931,02231291,USGS,IAN,2022,9660.0
2022-10-01 18:00:00,2.524,1.986,-0.538,-81.5898179,30.5507931,02231291,USGS,IAN,2022,9720.0
2022-10-01 19:00:00,2.725,1.999,-0.726,-81.5898179,30.5507931,02231291,USGS,IAN,2022,9780.0
2022-10-01 20:00:00,2.614,2.104,-0.5099999999999998,-81.5898179,30.5507931,02231291,USGS,IAN,2022,9840.0
2022-10-01 21:00:00,2.135,2.186,0.0510000000000001,-81.5898179,30.5507931,02231291,USGS,IAN,2022,9900.0
2022-10-01 22:00:00,1.555,2.162,0.607,-81.5898179,30.5507931,02231291,USGS,IAN,2022,9960.0
2022-10-01 23:00:00,0.975,2.12,1.145,-81.5898179,30.5507931,02231291,USGS,IAN,2022,10020.0
2022-09-25 01:00:00,1.129,0.016,-1.113,-81.683138,29.5963582,02244040,USGS,IAN,2022,60.0
2022-09-25 02:00:00,1.079,0.007,-1.072,-81.683138,29.5963582,02244040,USGS,IAN,2022,120.0
2022-09-25 03:00:00,1.069,0.041,-1.028,-81.683138,29.5963582,02244040,USGS,IAN,2022,180.0
2022-09-25 04:00:00,1.169,0.279,-0.89,-81.683138,29.5963582,02244040,USGS,IAN,2022,240.0
2022-09-25 05:00:00,1.469,0.428,-1.041,-81.683138,29.5963582,02244040,USGS,IAN,2022,300.0
2022-09-25 06:00:00,1.739,0.507,-1.2320000000000002,-81.683138,29.5963582,02244040,USGS,IAN,2022,360.0
2022-09-25 07:00:00,1.889,0.565,-1.324,-81.683138,29.5963582,02244040,USGS,IAN,2022,420.0
2022-09-25 08:00:00,1.949,0.598,-1.351,-81.683138,29.5963582,02244040,USGS,IAN,2022,480.0
2022-09-25 09:00:00,1.929,0.573,-1.356,-81.683138,29.5963582,02244040,USGS,IAN,2022,540.0
2022-09-25 10:00:00,1.719,0.359,-1.36,-81.683138,29.5963582,02244040,USGS,IAN,2022,600.0
2022-09-25 11:00:00,1.429,0.18,-1.249,-81.683138,29.5963582,02244040,USGS,IAN,2022,660.0
2022-09-25 12:00:00,1.249,0.097,-1.152,-81.683138,29.5963582,02244040,USGS,IAN,2022,720.0
2022-09-25 13:00:00,1.149,0.06,-1.089,-81.683138,29.5963582,02244040,USGS,IAN,2022,780.0
2022-09-25 14:00:00,1.089,0.047,-1.042,-81.683138,29.5963582,02244040,USGS,IAN,2022,840.0
2022-09-25 15:00:00,1.049,0.05,-0.999,-81.683138,29.5963582,02244040,USGS,IAN,2022,900.0
2022-09-25 16:00:00,1.049,0.193,-0.8559999999999999,-81.683138,29.5963582,02244040,USGS,IAN,2022,960.0
2022-09-25 17:00:00,1.209,0.404,-0.805,-81.683138,29.5963582,02244040,USGS,IAN,2022,1020.0
2022-09-25 18:00:00,1.509,0.506,-1.003,-81.683138,29.5963582,02244040,USGS,IAN,2022,1080.0
2022-09-25 19:00:00,1.749,0.58,-1.169,-81.683138,29.5963582,02244040,USGS,IAN,2022,1140.0
2022-09-25 20:00:00,1.879,0.621,-1.258,-81.683138,29.5963582,02244040,USGS,IAN,2022,1200.0
2022-09-25 21:00:00,1.919,0.626,-1.293,-81.683138,29.5963582,02244040,USGS,IAN,2022,1260.0
2022-09-25 22:00:00,1.809,0.453,-1.356,-81.683138,29.5963582,02244040,USGS,IAN,2022,1320.0
2022-09-25 23:00:00,1.529,0.237,-1.2919999999999998,-81.683138,29.5963582,02244040,USGS,IAN,2022,1380.0
2022-09-26 00:00:00,1.259,0.131,-1.128,-81.683138,29.5963582,02244040,USGS,IAN,2022,1440.0
2022-09-26 01:00:00,1.109,0.085,-1.024,-81.683138,29.5963582,02244040,USGS,IAN,2022,1500.0
2022-09-26 02:00:00,0.999,0.064,-0.935,-81.683138,29.5963582,02244040,USGS,IAN,2022,1560.0
2022-09-26 03:00:00,0.949,0.062,-0.887,-81.683138,29.5963582,02244040,USGS,IAN,2022,1620.0
2022-09-26 04:00:00,0.939,0.134,-0.8049999999999999,-81.683138,29.5963582,02244040,USGS,IAN,2022,1680.0
2022-09-26 05:00:00,1.089,0.369,-0.72,-81.683138,29.5963582,02244040,USGS,IAN,2022,1740.0
2022-09-26 06:00:00,1.419,0.497,-0.922,-81.683138,29.5963582,02244040,USGS,IAN,2022,1800.0
2022-09-26 07:00:00,1.689,0.582,-1.1070000000000002,-81.683138,29.5963582,02244040,USGS,IAN,2022,1860.0
2022-09-26 08:00:00,1.819,0.639,-1.18,-81.683138,29.5963582,02244040,USGS,IAN,2022,1920.0
2022-09-26 09:00:00,1.859,0.666,-1.193,-81.683138,29.5963582,02244040,USGS,IAN,2022,1980.0
2022-09-26 10:00:00,1.799,0.571,-1.228,-81.683138,29.5963582,02244040,USGS,IAN,2022,2040.0
2022-09-26 11:00:00,1.529,0.327,-1.202,-81.683138,29.5963582,02244040,USGS,IAN,2022,2100.0
2022-09-26 12:00:00,1.259,0.182,-1.077,-81.683138,29.5963582,02244040,USGS,IAN,2022,2160.0
2022-09-26 13:00:00,1.099,0.121,-0.978,-81.683138,29.5963582,02244040,USGS,IAN,2022,2220.0
2022-09-26 14:00:00,1.019,0.091,-0.928,-81.683138,29.5963582,02244040,USGS,IAN,2022,2280.0
2022-09-26 15:00:00,0.949,0.084,-0.865,-81.683138,29.5963582,02244040,USGS,IAN,2022,2340.0
2022-09-26 16:00:00,0.929,0.112,-0.8170000000000001,-81.683138,29.5963582,02244040,USGS,IAN,2022,2400.0
2022-09-26 17:00:00,0.999,0.329,-0.6699999999999999,-81.683138,29.5963582,02244040,USGS,IAN,2022,2460.0
2022-09-26 18:00:00,1.299,0.495,-0.8039999999999999,-81.683138,29.5963582,02244040,USGS,IAN,2022,2520.0
2022-09-26 19:00:00,1.579,0.586,-0.993,-81.683138,29.5963582,02244040,USGS,IAN,2022,2580.0
2022-09-26 20:00:00,1.769,0.66,-1.109,-81.683138,29.5963582,02244040,USGS,IAN,2022,2640.0
2022-09-26 21:00:00,1.849,0.699,-1.15,-81.683138,29.5963582,02244040,USGS,IAN,2022,2700.0
2022-09-26 22:00:00,1.839,0.673,-1.166,-81.683138,29.5963582,02244040,USGS,IAN,2022,2760.0
2022-09-26 23:00:00,1.619,0.466,-1.153,-81.683138,29.5963582,02244040,USGS,IAN,2022,2820.0
2022-09-27 00:00:00,1.309,0.271,-1.0379999999999998,-81.683138,29.5963582,02244040,USGS,IAN,2022,2880.0
2022-09-27 01:00:00,1.099,0.185,-0.914,-81.683138,29.5963582,02244040,USGS,IAN,2022,2940.0
2022-09-27 02:00:00,0.959,0.139,-0.82,-81.683138,29.5963582,02244040,USGS,IAN,2022,3000.0
2022-09-27 03:00:00,0.879,0.121,-0.758,-81.683138,29.5963582,02244040,USGS,IAN,2022,3060.0
2022-09-27 04:00:00,0.839,0.129,-0.71,-81.683138,29.5963582,02244040,USGS,IAN,2022,3120.0
2022-09-27 05:00:00,0.839,0.248,-0.591,-81.683138,29.5963582,02244040,USGS,IAN,2022,3180.0
2022-09-27 06:00:00,1.079,0.459,-0.6199999999999999,-81.683138,29.5963582,02244040,USGS,IAN,2022,3240.0
2022-09-27 07:00:00,1.389,0.584,-0.805,-81.683138,29.5963582,02244040,USGS,IAN,2022,3300.0
2022-09-27 08:00:00,1.619,0.668,-0.951,-81.683138,29.5963582,02244040,USGS,IAN,2022,3360.0
2022-09-27 09:00:00,1.749,0.698,-1.0510000000000002,-81.683138,29.5963582,02244040,USGS,IAN,2022,3420.0
2022-09-27 10:00:00,1.769,0.701,-1.068,-81.683138,29.5963582,02244040,USGS,IAN,2022,3480.0
2022-09-27 11:00:00,1.609,0.531,-1.0779999999999998,-81.683138,29.5963582,02244040,USGS,IAN,2022,3540.0
2022-09-27 12:00:00,1.319,0.308,-1.011,-81.683138,29.5963582,02244040,USGS,IAN,2022,3600.0
2022-09-27 13:00:00,1.099,0.202,-0.897,-81.683138,29.5963582,02244040,USGS,IAN,2022,3660.0
2022-09-27 14:00:00,0.999,0.151,-0.848,-81.683138,29.5963582,02244040,USGS,IAN,2022,3720.0
2022-09-27 15:00:00,0.959,0.126,-0.833,-81.683138,29.5963582,02244040,USGS,IAN,2022,3780.0
2022-09-27 16:00:00,0.909,0.127,-0.782,-81.683138,29.5963582,02244040,USGS,IAN,2022,3840.0
2022-09-27 17:00:00,0.869,0.211,-0.658,-81.683138,29.5963582,02244040,USGS,IAN,2022,3900.0
2022-09-27 18:00:00,0.999,0.441,-0.558,-81.683138,29.5963582,02244040,USGS,IAN,2022,3960.0
2022-09-27 19:00:00,1.359,0.581,-0.778,-81.683138,29.5963582,02244040,USGS,IAN,2022,4020.0
2022-09-27 20:00:00,1.649,0.677,-0.972,-81.683138,29.5963582,02244040,USGS,IAN,2022,4080.0
2022-09-27 21:00:00,1.779,0.724,-1.055,-81.683138,29.5963582,02244040,USGS,IAN,2022,4140.0
2022-09-27 22:00:00,1.839,0.753,-1.086,-81.683138,29.5963582,02244040,USGS,IAN,2022,4200.0
2022-09-27 23:00:00,1.749,0.709,-1.04,-81.683138,29.5963582,02244040,USGS,IAN,2022,4260.0
2022-09-28 00:00:00,1.539,0.482,-1.057,-81.683138,29.5963582,02244040,USGS,IAN,2022,4320.0
2022-09-28 01:00:00,1.249,0.309,-0.9400000000000002,-81.683138,29.5963582,02244040,USGS,IAN,2022,4380.0
2022-09-28 02:00:00,1.059,0.239,-0.82,-81.683138,29.5963582,02244040,USGS,IAN,2022,4440.0
2022-09-28 03:00:00,0.989,0.201,-0.788,-81.683138,29.5963582,02244040,USGS,IAN,2022,4500.0
2022-09-28 04:00:00,0.949,0.187,-0.762,-81.683138,29.5963582,02244040,USGS,IAN,2022,4560.0
2022-09-28 05:00:00,0.919,0.206,-0.7130000000000001,-81.683138,29.5963582,02244040,USGS,IAN,2022,4620.0
2022-09-28 06:00:00,1.019,0.372,-0.6469999999999999,-81.683138,29.5963582,02244040,USGS,IAN,2022,4680.0
2022-09-28 07:00:00,1.319,0.56,-0.7589999999999999,-81.683138,29.5963582,02244040,USGS,IAN,2022,4740.0
2022-09-28 08:00:00,1.569,0.677,-0.8919999999999999,-81.683138,29.5963582,02244040,USGS,IAN,2022,4800.0
2022-09-28 09:00:00,1.729,0.734,-0.995,-81.683138,29.5963582,02244040,USGS,IAN,2022,4860.0
2022-09-28 10:00:00,1.819,0.754,-1.065,-81.683138,29.5963582,02244040,USGS,IAN,2022,4920.0
2022-09-28 11:00:00,1.809,0.727,-1.082,-81.683138,29.5963582,02244040,USGS,IAN,2022,4980.0
2022-09-28 12:00:00,1.739,0.501,-1.238,-81.683138,29.5963582,02244040,USGS,IAN,2022,5040.0
2022-09-28 13:00:00,1.449,0.319,-1.13,-81.683138,29.5963582,02244040,USGS,IAN,2022,5100.0
2022-09-28 14:00:00,1.239,0.243,-0.996,-81.683138,29.5963582,02244040,USGS,IAN,2022,5160.0
2022-09-28 15:00:00,1.179,0.202,-0.977,-81.683138,29.5963582,02244040,USGS,IAN,2022,5220.0
2022-09-28 16:00:00,1.189,0.191,-0.998,-81.683138,29.5963582,02244040,USGS,IAN,2022,5280.0
2022-09-28 17:00:00,1.139,0.207,-0.932,-81.683138,29.5963582,02244040,USGS,IAN,2022,5340.0
2022-09-28 18:00:00,1.309,0.366,-0.943,-81.683138,29.5963582,02244040,USGS,IAN,2022,5400.0
2022-09-28 19:00:00,1.679,0.586,-1.093,-81.683138,29.5963582,02244040,USGS,IAN,2022,5460.0
2022-09-28 20:00:00,1.939,0.719,-1.2200000000000002,-81.683138,29.5963582,02244040,USGS,IAN,2022,5520.0
2022-09-28 21:00:00,2.079,0.832,-1.2470000000000003,-81.683138,29.5963582,02244040,USGS,IAN,2022,5580.0
2022-09-28 22:00:00,2.159,0.943,-1.2159999999999995,-81.683138,29.5963582,02244040,USGS,IAN,2022,5640.0
2022-09-28 23:00:00,2.239,1.012,-1.227,-81.683138,29.5963582,02244040,USGS,IAN,2022,5700.0
2022-09-29 00:00:00,2.339,1.074,-1.265,-81.683138,29.5963582,02244040,USGS,IAN,2022,5760.0
2022-09-29 01:00:00,2.369,1.055,-1.3140000000000005,-81.683138,29.5963582,02244040,USGS,IAN,2022,5820.0
2022-09-29 02:00:00,2.329,1.047,-1.2820000000000005,-81.683138,29.5963582,02244040,USGS,IAN,2022,5880.0
2022-09-29 03:00:00,2.269,1.14,-1.1290000000000002,-81.683138,29.5963582,02244040,USGS,IAN,2022,5940.0
2022-09-29 04:00:00,2.209,1.275,-0.9340000000000002,-81.683138,29.5963582,02244040,USGS,IAN,2022,6000.0
2022-09-29 05:00:00,2.119,1.363,-0.7560000000000002,-81.683138,29.5963582,02244040,USGS,IAN,2022,6060.0
2022-09-29 06:00:00,2.089,1.468,-0.621,-81.683138,29.5963582,02244040,USGS,IAN,2022,6120.0
2022-09-29 07:00:00,2.199,1.568,-0.6309999999999998,-81.683138,29.5963582,02244040,USGS,IAN,2022,6180.0
2022-09-29 08:00:00,2.359,1.661,-0.698,-81.683138,29.5963582,02244040,USGS,IAN,2022,6240.0
2022-09-29 09:00:00,2.549,1.785,-0.764,-81.683138,29.5963582,02244040,USGS,IAN,2022,6300.0
2022-09-29 10:00:00,2.709,1.915,-0.794,-81.683138,29.5963582,02244040,USGS,IAN,2022,6360.0
2022-09-29 11:00:00,2.859,2.052,-0.8069999999999999,-81.683138,29.5963582,02244040,USGS,IAN,2022,6420.0
2022-09-29 12:00:00,2.959,2.216,-0.7429999999999999,-81.683138,29.5963582,02244040,USGS,IAN,2022,6480.0
2022-09-29 13:00:00,3.059,2.36,-0.6990000000000003,-81.683138,29.5963582,02244040,USGS,IAN,2022,6540.0
2022-09-29 14:00:00,3.089,2.567,-0.5219999999999998,-81.683138,29.5963582,02244040,USGS,IAN,2022,6600.0
2022-09-29 15:00:00,3.109,2.742,-0.367,-81.683138,29.5963582,02244040,USGS,IAN,2022,6660.0
2022-09-29 16:00:00,3.109,2.913,-0.1960000000000001,-81.683138,29.5963582,02244040,USGS,IAN,2022,6720.0
2022-09-29 17:00:00,3.099,3.067,-0.032,-81.683138,29.5963582,02244040,USGS,IAN,2022,6780.0
2022-09-29 18:00:00,3.179,3.212,0.0330000000000003,-81.683138,29.5963582,02244040,USGS,IAN,2022,6840.0
2022-09-29 19:00:00,3.259,3.406,0.1470000000000002,-81.683138,29.5963582,02244040,USGS,IAN,2022,6900.0
2022-09-29 20:00:00,3.359,3.577,0.2179999999999999,-81.683138,29.5963582,02244040,USGS,IAN,2022,6960.0
2022-09-29 21:00:00,3.439,3.747,0.3079999999999998,-81.683138,29.5963582,02244040,USGS,IAN,2022,7020.0
2022-09-29 22:00:00,3.509,3.898,0.3890000000000002,-81.683138,29.5963582,02244040,USGS,IAN,2022,7080.0
2022-09-29 23:00:00,3.619,4.117,0.4979999999999998,-81.683138,29.5963582,02244040,USGS,IAN,2022,7140.0
2022-09-30 00:00:00,3.739,4.224,0.4850000000000003,-81.683138,29.5963582,02244040,USGS,IAN,2022,7200.0
2022-09-30 01:00:00,3.849,4.295,0.4459999999999997,-81.683138,29.5963582,02244040,USGS,IAN,2022,7260.0
2022-09-30 02:00:00,3.949,4.289,0.3399999999999998,-81.683138,29.5963582,02244040,USGS,IAN,2022,7320.0
2022-09-30 03:00:00,3.959,4.126,0.1670000000000002,-81.683138,29.5963582,02244040,USGS,IAN,2022,7380.0
2022-09-30 04:00:00,3.849,3.971,0.1219999999999998,-81.683138,29.5963582,02244040,USGS,IAN,2022,7440.0
2022-09-30 05:00:00,3.669,3.753,0.084,-81.683138,29.5963582,02244040,USGS,IAN,2022,7500.0
2022-09-30 06:00:00,3.459,3.495,0.036,-81.683138,29.5963582,02244040,USGS,IAN,2022,7560.0
2022-09-30 07:00:00,3.289,3.245,-0.044,-81.683138,29.5963582,02244040,USGS,IAN,2022,7620.0
2022-09-30 08:00:00,3.319,3.017,-0.302,-81.683138,29.5963582,02244040,USGS,IAN,2022,7680.0
2022-09-30 09:00:00,3.469,2.837,-0.6319999999999997,-81.683138,29.5963582,02244040,USGS,IAN,2022,7740.0
2022-09-30 10:00:00,3.599,2.739,-0.8600000000000003,-81.683138,29.5963582,02244040,USGS,IAN,2022,7800.0
2022-09-30 11:00:00,3.689,2.735,-0.9540000000000002,-81.683138,29.5963582,02244040,USGS,IAN,2022,7860.0
2022-09-30 12:00:00,3.759,2.788,-0.971,-81.683138,29.5963582,02244040,USGS,IAN,2022,7920.0
2022-09-30 13:00:00,3.769,2.835,-0.9340000000000002,-81.683138,29.5963582,02244040,USGS,IAN,2022,7980.0
2022-09-30 14:00:00,3.659,2.821,-0.8379999999999996,-81.683138,29.5963582,02244040,USGS,IAN,2022,8040.0
2022-09-30 15:00:00,3.459,2.692,-0.7669999999999999,-81.683138,29.5963582,02244040,USGS,IAN,2022,8100.0
2022-09-30 16:00:00,3.249,2.515,-0.734,-81.683138,29.5963582,02244040,USGS,IAN,2022,8160.0
2022-09-30 17:00:00,3.149,2.369,-0.7799999999999998,-81.683138,29.5963582,02244040,USGS,IAN,2022,8220.0
2022-09-30 18:00:00,3.089,2.251,-0.8380000000000001,-81.683138,29.5963582,02244040,USGS,IAN,2022,8280.0
2022-09-30 19:00:00,3.049,2.17,-0.879,-81.683138,29.5963582,02244040,USGS,IAN,2022,8340.0
2022-09-30 20:00:00,3.039,2.137,-0.902,-81.683138,29.5963582,02244040,USGS,IAN,2022,8400.0
2022-09-30 21:00:00,3.079,2.186,-0.8930000000000002,-81.683138,29.5963582,02244040,USGS,IAN,2022,8460.0
2022-09-30 22:00:00,3.299,2.292,-1.007,-81.683138,29.5963582,02244040,USGS,IAN,2022,8520.0
2022-09-30 23:00:00,3.589,2.391,-1.198,-81.683138,29.5963582,02244040,USGS,IAN,2022,8580.0
2022-10-01 00:00:00,3.789,2.461,-1.3280000000000003,-81.683138,29.5963582,02244040,USGS,IAN,2022,8640.0
2022-10-01 01:00:00,3.799,2.487,-1.3119999999999998,-81.683138,29.5963582,02244040,USGS,IAN,2022,8700.0
2022-10-01 02:00:00,3.599,2.377,-1.2220000000000004,-81.683138,29.5963582,02244040,USGS,IAN,2022,8760.0
2022-10-01 03:00:00,3.339,2.201,-1.138,-81.683138,29.5963582,02244040,USGS,IAN,2022,8820.0
2022-10-01 04:00:00,3.169,2.071,-1.098,-81.683138,29.5963582,02244040,USGS,IAN,2022,8880.0
2022-10-01 05:00:00,3.029,1.984,-1.045,-81.683138,29.5963582,02244040,USGS,IAN,2022,8940.0
2022-10-01 06:00:00,2.929,1.922,-1.007,-81.683138,29.5963582,02244040,USGS,IAN,2022,9000.0
2022-10-01 07:00:00,2.849,1.874,-0.975,-81.683138,29.5963582,02244040,USGS,IAN,2022,9060.0
2022-10-01 08:00:00,2.809,1.831,-0.9780000000000002,-81.683138,29.5963582,02244040,USGS,IAN,2022,9120.0
2022-10-01 09:00:00,2.779,1.794,-0.985,-81.683138,29.5963582,02244040,USGS,IAN,2022,9180.0
2022-10-01 10:00:00,2.809,1.786,-1.023,-81.683138,29.5963582,02244040,USGS,IAN,2022,9240.0
2022-10-01 11:00:00,2.939,1.817,-1.122,-81.683138,29.5963582,02244040,USGS,IAN,2022,9300.0
2022-10-01 12:00:00,3.109,1.844,-1.265,-81.683138,29.5963582,02244040,USGS,IAN,2022,9360.0
2022-10-01 13:00:00,3.179,1.793,-1.386,-81.683138,29.5963582,02244040,USGS,IAN,2022,9420.0
2022-10-01 14:00:00,3.079,1.675,-1.404,-81.683138,29.5963582,02244040,USGS,IAN,2022,9480.0
2022-10-01 15:00:00,2.919,1.565,-1.354,-81.683138,29.5963582,02244040,USGS,IAN,2022,9540.0
2022-10-01 16:00:00,2.789,1.483,-1.306,-81.683138,29.5963582,02244040,USGS,IAN,2022,9600.0
2022-10-01 17:00:00,2.649,1.415,-1.234,-81.683138,29.5963582,02244040,USGS,IAN,2022,9660.0
2022-10-01 18:00:00,2.549,1.355,-1.194,-81.683138,29.5963582,02244040,USGS,IAN,2022,9720.0
2022-10-01 19:00:00,2.459,1.304,-1.155,-81.683138,29.5963582,02244040,USGS,IAN,2022,9780.0
2022-10-01 20:00:00,2.389,1.274,-1.1149999999999998,-81.683138,29.5963582,02244040,USGS,IAN,2022,9840.0
2022-10-01 21:00:00,2.379,1.29,-1.089,-81.683138,29.5963582,02244040,USGS,IAN,2022,9900.0
2022-10-01 22:00:00,2.459,1.426,-1.033,-81.683138,29.5963582,02244040,USGS,IAN,2022,9960.0
2022-10-01 23:00:00,2.679,1.558,-1.1209999999999998,-81.683138,29.5963582,02244040,USGS,IAN,2022,10020.0
2022-09-25 01:00:00,1.274,0.48,-0.794,-81.626191,29.57774783,02244440,USGS,IAN,2022,60.0
2022-09-25 02:00:00,1.213,0.468,-0.7450000000000001,-81.626191,29.57774783,02244440,USGS,IAN,2022,120.0
2022-09-25 03:00:00,1.213,0.457,-0.756,-81.626191,29.57774783,02244440,USGS,IAN,2022,180.0
2022-09-25 04:00:00,1.424,0.447,-0.977,-81.626191,29.57774783,02244440,USGS,IAN,2022,240.0
2022-09-25 05:00:00,1.774,0.441,-1.333,-81.626191,29.57774783,02244440,USGS,IAN,2022,300.0
2022-09-25 06:00:00,2.004,0.463,-1.541,-81.626191,29.57774783,02244440,USGS,IAN,2022,360.0
2022-09-25 07:00:00,2.123,0.527,-1.596,-81.626191,29.57774783,02244440,USGS,IAN,2022,420.0
2022-09-25 08:00:00,2.184,0.605,-1.5790000000000002,-81.626191,29.57774783,02244440,USGS,IAN,2022,480.0
2022-09-25 09:00:00,2.133,0.606,-1.527,-81.626191,29.57774783,02244440,USGS,IAN,2022,540.0
2022-09-25 10:00:00,1.883,0.559,-1.3239999999999998,-81.626191,29.57774783,02244440,USGS,IAN,2022,600.0
2022-09-25 11:00:00,1.604,0.528,-1.076,-81.626191,29.57774783,02244440,USGS,IAN,2022,660.0
2022-09-25 12:00:00,1.414,0.511,-0.903,-81.626191,29.57774783,02244440,USGS,IAN,2022,720.0
2022-09-25 13:00:00,1.303,0.496,-0.8069999999999999,-81.626191,29.57774783,02244440,USGS,IAN,2022,780.0
2022-09-25 14:00:00,1.223,0.483,-0.7400000000000001,-81.626191,29.57774783,02244440,USGS,IAN,2022,840.0
2022-09-25 15:00:00,1.174,0.471,-0.703,-81.626191,29.57774783,02244440,USGS,IAN,2022,900.0
2022-09-25 16:00:00,1.194,0.46,-0.734,-81.626191,29.57774783,02244440,USGS,IAN,2022,960.0
2022-09-25 17:00:00,1.463,0.451,-1.012,-81.626191,29.57774783,02244440,USGS,IAN,2022,1020.0
2022-09-25 18:00:00,1.793,0.468,-1.325,-81.626191,29.57774783,02244440,USGS,IAN,2022,1080.0
2022-09-25 19:00:00,2.004,0.539,-1.465,-81.626191,29.57774783,02244440,USGS,IAN,2022,1140.0
2022-09-25 20:00:00,2.104,0.624,-1.48,-81.626191,29.57774783,02244440,USGS,IAN,2022,1200.0
2022-09-25 21:00:00,2.123,0.655,-1.4680000000000002,-81.626191,29.57774783,02244440,USGS,IAN,2022,1260.0
2022-09-25 22:00:00,1.973,0.592,-1.3810000000000002,-81.626191,29.57774783,02244440,USGS,IAN,2022,1320.0
2022-09-25 23:00:00,1.674,0.55,-1.124,-81.626191,29.57774783,02244440,USGS,IAN,2022,1380.0
2022-09-26 00:00:00,1.393,0.521,-0.872,-81.626191,29.57774783,02244440,USGS,IAN,2022,1440.0
2022-09-26 01:00:00,1.213,0.507,-0.7060000000000001,-81.626191,29.57774783,02244440,USGS,IAN,2022,1500.0
2022-09-26 02:00:00,1.104,0.493,-0.6110000000000001,-81.626191,29.57774783,02244440,USGS,IAN,2022,1560.0
2022-09-26 03:00:00,1.034,0.48,-0.554,-81.626191,29.57774783,02244440,USGS,IAN,2022,1620.0
2022-09-26 04:00:00,1.053,0.468,-0.585,-81.626191,29.57774783,02244440,USGS,IAN,2022,1680.0
2022-09-26 05:00:00,1.354,0.457,-0.897,-81.626191,29.57774783,02244440,USGS,IAN,2022,1740.0
2022-09-26 06:00:00,1.704,0.468,-1.236,-81.626191,29.57774783,02244440,USGS,IAN,2022,1800.0
2022-09-26 07:00:00,1.924,0.539,-1.3849999999999998,-81.626191,29.57774783,02244440,USGS,IAN,2022,1860.0
2022-09-26 08:00:00,2.043,0.633,-1.41,-81.626191,29.57774783,02244440,USGS,IAN,2022,1920.0
2022-09-26 09:00:00,2.084,0.695,-1.3890000000000002,-81.626191,29.57774783,02244440,USGS,IAN,2022,1980.0
2022-09-26 10:00:00,1.983,0.636,-1.347,-81.626191,29.57774783,02244440,USGS,IAN,2022,2040.0
2022-09-26 11:00:00,1.694,0.577,-1.117,-81.626191,29.57774783,02244440,USGS,IAN,2022,2100.0
2022-09-26 12:00:00,1.424,0.541,-0.8829999999999999,-81.626191,29.57774783,02244440,USGS,IAN,2022,2160.0
2022-09-26 13:00:00,1.244,0.518,-0.726,-81.626191,29.57774783,02244440,USGS,IAN,2022,2220.0
2022-09-26 14:00:00,1.133,0.503,-0.63,-81.626191,29.57774783,02244440,USGS,IAN,2022,2280.0
2022-09-26 15:00:00,1.043,0.489,-0.5539999999999999,-81.626191,29.57774783,02244440,USGS,IAN,2022,2340.0
2022-09-26 16:00:00,1.034,0.476,-0.558,-81.626191,29.57774783,02244440,USGS,IAN,2022,2400.0
2022-09-26 17:00:00,1.204,0.465,-0.7389999999999999,-81.626191,29.57774783,02244440,USGS,IAN,2022,2460.0
2022-09-26 18:00:00,1.574,0.47,-1.104,-81.626191,29.57774783,02244440,USGS,IAN,2022,2520.0
2022-09-26 19:00:00,1.844,0.541,-1.303,-81.626191,29.57774783,02244440,USGS,IAN,2022,2580.0
2022-09-26 20:00:00,2.004,0.647,-1.357,-81.626191,29.57774783,02244440,USGS,IAN,2022,2640.0
2022-09-26 21:00:00,2.063,0.734,-1.3290000000000002,-81.626191,29.57774783,02244440,USGS,IAN,2022,2700.0
2022-09-26 22:00:00,2.024,0.707,-1.3170000000000002,-81.626191,29.57774783,02244440,USGS,IAN,2022,2760.0
2022-09-26 23:00:00,1.764,0.621,-1.143,-81.626191,29.57774783,02244440,USGS,IAN,2022,2820.0
2022-09-27 00:00:00,1.434,0.573,-0.861,-81.626191,29.57774783,02244440,USGS,IAN,2022,2880.0
2022-09-27 01:00:00,1.194,0.546,-0.6479999999999999,-81.626191,29.57774783,02244440,USGS,IAN,2022,2940.0
2022-09-27 02:00:00,1.053,0.527,-0.5259999999999999,-81.626191,29.57774783,02244440,USGS,IAN,2022,3000.0
2022-09-27 03:00:00,0.954,0.515,-0.4389999999999999,-81.626191,29.57774783,02244440,USGS,IAN,2022,3060.0
2022-09-27 04:00:00,0.893,0.507,-0.386,-81.626191,29.57774783,02244440,USGS,IAN,2022,3120.0
2022-09-27 05:00:00,0.983,0.505,-0.478,-81.626191,29.57774783,02244440,USGS,IAN,2022,3180.0
2022-09-27 06:00:00,1.344,0.505,-0.8390000000000001,-81.626191,29.57774783,02244440,USGS,IAN,2022,3240.0
2022-09-27 07:00:00,1.664,0.558,-1.106,-81.626191,29.57774783,02244440,USGS,IAN,2022,3300.0
2022-09-27 08:00:00,1.864,0.659,-1.205,-81.626191,29.57774783,02244440,USGS,IAN,2022,3360.0
2022-09-27 09:00:00,1.973,0.744,-1.229,-81.626191,29.57774783,02244440,USGS,IAN,2022,3420.0
2022-09-27 10:00:00,1.973,0.734,-1.239,-81.626191,29.57774783,02244440,USGS,IAN,2022,3480.0
2022-09-27 11:00:00,1.774,0.647,-1.127,-81.626191,29.57774783,02244440,USGS,IAN,2022,3540.0
2022-09-27 12:00:00,1.494,0.583,-0.911,-81.626191,29.57774783,02244440,USGS,IAN,2022,3600.0
2022-09-27 13:00:00,1.264,0.554,-0.71,-81.626191,29.57774783,02244440,USGS,IAN,2022,3660.0
2022-09-27 14:00:00,1.164,0.533,-0.6309999999999999,-81.626191,29.57774783,02244440,USGS,IAN,2022,3720.0
2022-09-27 15:00:00,1.094,0.519,-0.5750000000000001,-81.626191,29.57774783,02244440,USGS,IAN,2022,3780.0
2022-09-27 16:00:00,1.024,0.509,-0.515,-81.626191,29.57774783,02244440,USGS,IAN,2022,3840.0
2022-09-27 17:00:00,0.994,0.505,-0.489,-81.626191,29.57774783,02244440,USGS,IAN,2022,3900.0
2022-09-27 18:00:00,1.274,0.505,-0.769,-81.626191,29.57774783,02244440,USGS,IAN,2022,3960.0
2022-09-27 19:00:00,1.664,0.551,-1.113,-81.626191,29.57774783,02244440,USGS,IAN,2022,4020.0
2022-09-27 20:00:00,1.883,0.659,-1.224,-81.626191,29.57774783,02244440,USGS,IAN,2022,4080.0
2022-09-27 21:00:00,2.004,0.763,-1.241,-81.626191,29.57774783,02244440,USGS,IAN,2022,4140.0
2022-09-27 22:00:00,2.034,0.809,-1.2249999999999996,-81.626191,29.57774783,02244440,USGS,IAN,2022,4200.0
2022-09-27 23:00:00,1.973,0.743,-1.23,-81.626191,29.57774783,02244440,USGS,IAN,2022,4260.0
2022-09-28 00:00:00,1.704,0.639,-1.065,-81.626191,29.57774783,02244440,USGS,IAN,2022,4320.0
2022-09-28 01:00:00,1.414,0.579,-0.835,-81.626191,29.57774783,02244440,USGS,IAN,2022,4380.0
2022-09-28 02:00:00,1.244,0.552,-0.692,-81.626191,29.57774783,02244440,USGS,IAN,2022,4440.0
2022-09-28 03:00:00,1.143,0.531,-0.612,-81.626191,29.57774783,02244440,USGS,IAN,2022,4500.0
2022-09-28 04:00:00,1.074,0.517,-0.557,-81.626191,29.57774783,02244440,USGS,IAN,2022,4560.0
2022-09-28 05:00:00,1.074,0.509,-0.5650000000000001,-81.626191,29.57774783,02244440,USGS,IAN,2022,4620.0
2022-09-28 06:00:00,1.264,0.505,-0.759,-81.626191,29.57774783,02244440,USGS,IAN,2022,4680.0
2022-09-28 07:00:00,1.604,0.53,-1.074,-81.626191,29.57774783,02244440,USGS,IAN,2022,4740.0
2022-09-28 08:00:00,1.834,0.642,-1.1920000000000002,-81.626191,29.57774783,02244440,USGS,IAN,2022,4800.0
2022-09-28 09:00:00,1.954,0.762,-1.192,-81.626191,29.57774783,02244440,USGS,IAN,2022,4860.0
2022-09-28 10:00:00,2.034,0.807,-1.227,-81.626191,29.57774783,02244440,USGS,IAN,2022,4920.0
2022-09-28 11:00:00,2.053,0.754,-1.299,-81.626191,29.57774783,02244440,USGS,IAN,2022,4980.0
2022-09-28 12:00:00,1.893,0.645,-1.248,-81.626191,29.57774783,02244440,USGS,IAN,2022,5040.0
2022-09-28 13:00:00,1.643,0.58,-1.0630000000000002,-81.626191,29.57774783,02244440,USGS,IAN,2022,5100.0
2022-09-28 14:00:00,1.414,0.551,-0.8629999999999999,-81.626191,29.57774783,02244440,USGS,IAN,2022,5160.0
2022-09-28 15:00:00,1.393,0.528,-0.865,-81.626191,29.57774783,02244440,USGS,IAN,2022,5220.0
2022-09-28 16:00:00,1.334,0.513,-0.8210000000000001,-81.626191,29.57774783,02244440,USGS,IAN,2022,5280.0
2022-09-28 17:00:00,1.313,0.504,-0.8089999999999999,-81.626191,29.57774783,02244440,USGS,IAN,2022,5340.0
2022-09-28 18:00:00,1.584,0.499,-1.085,-81.626191,29.57774783,02244440,USGS,IAN,2022,5400.0
2022-09-28 19:00:00,1.954,0.504,-1.45,-81.626191,29.57774783,02244440,USGS,IAN,2022,5460.0
2022-09-28 20:00:00,2.174,0.61,-1.564,-81.626191,29.57774783,02244440,USGS,IAN,2022,5520.0
2022-09-28 21:00:00,2.324,0.772,-1.5519999999999998,-81.626191,29.57774783,02244440,USGS,IAN,2022,5580.0
2022-09-28 22:00:00,2.444,0.938,-1.506,-81.626191,29.57774783,02244440,USGS,IAN,2022,5640.0
2022-09-28 23:00:00,2.594,0.969,-1.625,-81.626191,29.57774783,02244440,USGS,IAN,2022,5700.0
2022-09-29 00:00:00,2.684,1.091,-1.5930000000000002,-81.626191,29.57774783,02244440,USGS,IAN,2022,5760.0
2022-09-29 01:00:00,2.684,1.109,-1.5750000000000002,-81.626191,29.57774783,02244440,USGS,IAN,2022,5820.0
2022-09-29 02:00:00,2.633,1.129,-1.504,-81.626191,29.57774783,02244440,USGS,IAN,2022,5880.0
2022-09-29 03:00:00,2.574,1.227,-1.3469999999999998,-81.626191,29.57774783,02244440,USGS,IAN,2022,5940.0
2022-09-29 04:00:00,2.494,1.431,-1.0630000000000002,-81.626191,29.57774783,02244440,USGS,IAN,2022,6000.0
2022-09-29 05:00:00,2.403,1.588,-0.815,-81.626191,29.57774783,02244440,USGS,IAN,2022,6060.0
2022-09-29 06:00:00,2.414,1.722,-0.6920000000000002,-81.626191,29.57774783,02244440,USGS,IAN,2022,6120.0
2022-09-29 07:00:00,2.594,1.872,-0.7219999999999998,-81.626191,29.57774783,02244440,USGS,IAN,2022,6180.0
2022-09-29 08:00:00,2.813,2.007,-0.806,-81.626191,29.57774783,02244440,USGS,IAN,2022,6240.0
2022-09-29 09:00:00,3.034,2.186,-0.8479999999999999,-81.626191,29.57774783,02244440,USGS,IAN,2022,6300.0
2022-09-29 10:00:00,3.233,2.364,-0.8690000000000002,-81.626191,29.57774783,02244440,USGS,IAN,2022,6360.0
2022-09-29 11:00:00,3.344,2.574,-0.77,-81.626191,29.57774783,02244440,USGS,IAN,2022,6420.0
2022-09-29 12:00:00,3.473,2.831,-0.6419999999999999,-81.626191,29.57774783,02244440,USGS,IAN,2022,6480.0
2022-09-29 13:00:00,3.553,3.032,-0.5209999999999999,-81.626191,29.57774783,02244440,USGS,IAN,2022,6540.0
2022-09-29 14:00:00,3.574,3.305,-0.2689999999999997,-81.626191,29.57774783,02244440,USGS,IAN,2022,6600.0
2022-09-29 15:00:00,3.553,3.483,-0.0699999999999998,-81.626191,29.57774783,02244440,USGS,IAN,2022,6660.0
2022-09-29 16:00:00,3.504,3.691,0.1869999999999998,-81.626191,29.57774783,02244440,USGS,IAN,2022,6720.0
2022-09-29 17:00:00,3.463,3.856,0.3929999999999998,-81.626191,29.57774783,02244440,USGS,IAN,2022,6780.0
2022-09-29 18:00:00,3.574,4.015,0.4409999999999998,-81.626191,29.57774783,02244440,USGS,IAN,2022,6840.0
2022-09-29 19:00:00,3.694,4.172,0.4779999999999997,-81.626191,29.57774783,02244440,USGS,IAN,2022,6900.0
2022-09-29 20:00:00,3.813,4.342,0.5289999999999995,-81.626191,29.57774783,02244440,USGS,IAN,2022,6960.0
2022-09-29 21:00:00,3.883,4.499,0.6159999999999997,-81.626191,29.57774783,02244440,USGS,IAN,2022,7020.0
2022-09-29 22:00:00,4.004,4.635,0.6310000000000002,-81.626191,29.57774783,02244440,USGS,IAN,2022,7080.0
2022-09-29 23:00:00,4.164,4.729,0.5650000000000004,-81.626191,29.57774783,02244440,USGS,IAN,2022,7140.0
2022-09-30 00:00:00,4.313,4.764,0.4510000000000005,-81.626191,29.57774783,02244440,USGS,IAN,2022,7200.0
2022-09-30 01:00:00,4.403,4.776,0.3730000000000002,-81.626191,29.57774783,02244440,USGS,IAN,2022,7260.0
2022-09-30 02:00:00,4.424,4.683,0.2589999999999994,-81.626191,29.57774783,02244440,USGS,IAN,2022,7320.0
2022-09-30 03:00:00,4.373,4.462,0.0889999999999995,-81.626191,29.57774783,02244440,USGS,IAN,2022,7380.0
2022-09-30 04:00:00,4.174,4.182,0.008,-81.626191,29.57774783,02244440,USGS,IAN,2022,7440.0
2022-09-30 05:00:00,3.934,3.881,-0.0530000000000003,-81.626191,29.57774783,02244440,USGS,IAN,2022,7500.0
2022-09-30 06:00:00,3.674,3.584,-0.0899999999999998,-81.626191,29.57774783,02244440,USGS,IAN,2022,7560.0
2022-09-30 07:00:00,3.553,3.304,-0.2490000000000001,-81.626191,29.57774783,02244440,USGS,IAN,2022,7620.0
2022-09-30 08:00:00,3.614,3.077,-0.5369999999999999,-81.626191,29.57774783,02244440,USGS,IAN,2022,7680.0
2022-09-30 09:00:00,3.774,2.914,-0.8599999999999999,-81.626191,29.57774783,02244440,USGS,IAN,2022,7740.0
2022-09-30 10:00:00,3.893,2.866,-1.0269999999999997,-81.626191,29.57774783,02244440,USGS,IAN,2022,7800.0
2022-09-30 11:00:00,3.994,2.933,-1.0610000000000004,-81.626191,29.57774783,02244440,USGS,IAN,2022,7860.0
2022-09-30 12:00:00,4.043,3.01,-1.0330000000000004,-81.626191,29.57774783,02244440,USGS,IAN,2022,7920.0
2022-09-30 13:00:00,4.014,3.041,-0.9730000000000004,-81.626191,29.57774783,02244440,USGS,IAN,2022,7980.0
2022-09-30 14:00:00,3.854,2.95,-0.904,-81.626191,29.57774783,02244440,USGS,IAN,2022,8040.0
2022-09-30 15:00:00,3.614,2.739,-0.875,-81.626191,29.57774783,02244440,USGS,IAN,2022,8100.0
2022-09-30 16:00:00,3.434,2.533,-0.9010000000000002,-81.626191,29.57774783,02244440,USGS,IAN,2022,8160.0
2022-09-30 17:00:00,3.313,2.381,-0.9320000000000004,-81.626191,29.57774783,02244440,USGS,IAN,2022,8220.0
2022-09-30 18:00:00,3.233,2.265,-0.968,-81.626191,29.57774783,02244440,USGS,IAN,2022,8280.0
2022-09-30 19:00:00,3.174,2.2,-0.9739999999999998,-81.626191,29.57774783,02244440,USGS,IAN,2022,8340.0
2022-09-30 20:00:00,3.164,2.209,-0.955,-81.626191,29.57774783,02244440,USGS,IAN,2022,8400.0
2022-09-30 21:00:00,3.284,2.335,-0.9489999999999998,-81.626191,29.57774783,02244440,USGS,IAN,2022,8460.0
2022-09-30 22:00:00,3.574,2.486,-1.0879999999999996,-81.626191,29.57774783,02244440,USGS,IAN,2022,8520.0
2022-09-30 23:00:00,3.864,2.59,-1.274,-81.626191,29.57774783,02244440,USGS,IAN,2022,8580.0
2022-10-01 00:00:00,4.043,2.649,-1.394,-81.626191,29.57774783,02244440,USGS,IAN,2022,8640.0
2022-10-01 01:00:00,3.983,2.613,-1.37,-81.626191,29.57774783,02244440,USGS,IAN,2022,8700.0
2022-10-01 02:00:00,3.744,2.387,-1.3570000000000002,-81.626191,29.57774783,02244440,USGS,IAN,2022,8760.0
2022-10-01 03:00:00,3.483,2.204,-1.279,-81.626191,29.57774783,02244440,USGS,IAN,2022,8820.0
2022-10-01 04:00:00,3.284,2.088,-1.1959999999999995,-81.626191,29.57774783,02244440,USGS,IAN,2022,8880.0
2022-10-01 05:00:00,3.123,2.007,-1.116,-81.626191,29.57774783,02244440,USGS,IAN,2022,8940.0
2022-10-01 06:00:00,2.973,1.947,-1.0259999999999998,-81.626191,29.57774783,02244440,USGS,IAN,2022,9000.0
2022-10-01 07:00:00,2.873,1.903,-0.9700000000000002,-81.626191,29.57774783,02244440,USGS,IAN,2022,9060.0
2022-10-01 08:00:00,2.844,1.861,-0.983,-81.626191,29.57774783,02244440,USGS,IAN,2022,9120.0
2022-10-01 09:00:00,2.824,1.832,-0.9919999999999998,-81.626191,29.57774783,02244440,USGS,IAN,2022,9180.0
2022-10-01 10:00:00,2.924,1.85,-1.0739999999999998,-81.626191,29.57774783,02244440,USGS,IAN,2022,9240.0
2022-10-01 11:00:00,3.133,1.905,-1.228,-81.626191,29.57774783,02244440,USGS,IAN,2022,9300.0
2022-10-01 12:00:00,3.313,1.91,-1.4030000000000002,-81.626191,29.57774783,02244440,USGS,IAN,2022,9360.0
2022-10-01 13:00:00,3.324,1.81,-1.5139999999999998,-81.626191,29.57774783,02244440,USGS,IAN,2022,9420.0
2022-10-01 14:00:00,3.164,1.68,-1.4840000000000002,-81.626191,29.57774783,02244440,USGS,IAN,2022,9480.0
2022-10-01 15:00:00,2.954,1.574,-1.38,-81.626191,29.57774783,02244440,USGS,IAN,2022,9540.0
2022-10-01 16:00:00,2.793,1.49,-1.3030000000000002,-81.626191,29.57774783,02244440,USGS,IAN,2022,9600.0
2022-10-01 17:00:00,2.633,1.42,-1.213,-81.626191,29.57774783,02244440,USGS,IAN,2022,9660.0
2022-10-01 18:00:00,2.524,1.354,-1.17,-81.626191,29.57774783,02244440,USGS,IAN,2022,9720.0
2022-10-01 19:00:00,2.444,1.304,-1.14,-81.626191,29.57774783,02244440,USGS,IAN,2022,9780.0
2022-10-01 20:00:00,2.393,1.274,-1.1189999999999998,-81.626191,29.57774783,02244440,USGS,IAN,2022,9840.0
2022-10-01 21:00:00,2.424,1.322,-1.102,-81.626191,29.57774783,02244440,USGS,IAN,2022,9900.0
2022-10-01 22:00:00,2.604,1.499,-1.105,-81.626191,29.57774783,02244440,USGS,IAN,2022,9960.0
2022-10-01 23:00:00,2.873,1.644,-1.2290000000000003,-81.626191,29.57774783,02244440,USGS,IAN,2022,10020.0
2022-09-25 01:00:00,0.852,-0.004,-0.856,-81.55,29.8,02245290,USGS,IAN,2022,60.0
2022-09-25 02:00:00,1.002,0.154,-0.848,-81.55,29.8,02245290,USGS,IAN,2022,120.0
2022-09-25 03:00:00,1.322,0.302,-1.02,-81.55,29.8,02245290,USGS,IAN,2022,180.0
2022-09-25 04:00:00,1.582,0.407,-1.175,-81.55,29.8,02245290,USGS,IAN,2022,240.0
2022-09-25 05:00:00,1.782,0.503,-1.279,-81.55,29.8,02245290,USGS,IAN,2022,300.0
2022-09-25 06:00:00,1.902,0.578,-1.3239999999999998,-81.55,29.8,02245290,USGS,IAN,2022,360.0
2022-09-25 07:00:00,1.882,0.585,-1.297,-81.55,29.8,02245290,USGS,IAN,2022,420.0
2022-09-25 08:00:00,1.712,0.449,-1.263,-81.55,29.8,02245290,USGS,IAN,2022,480.0
2022-09-25 09:00:00,1.472,0.316,-1.156,-81.55,29.8,02245290,USGS,IAN,2022,540.0
2022-09-25 10:00:00,1.242,0.226,-1.016,-81.55,29.8,02245290,USGS,IAN,2022,600.0
2022-09-25 11:00:00,1.072,0.146,-0.926,-81.55,29.8,02245290,USGS,IAN,2022,660.0
2022-09-25 12:00:00,0.932,0.072,-0.8600000000000001,-81.55,29.8,02245290,USGS,IAN,2022,720.0
2022-09-25 13:00:00,0.812,0.032,-0.78,-81.55,29.8,02245290,USGS,IAN,2022,780.0
2022-09-25 14:00:00,0.802,0.105,-0.6970000000000001,-81.55,29.8,02245290,USGS,IAN,2022,840.0
2022-09-25 15:00:00,1.042,0.287,-0.7550000000000001,-81.55,29.8,02245290,USGS,IAN,2022,900.0
2022-09-25 16:00:00,1.332,0.404,-0.928,-81.55,29.8,02245290,USGS,IAN,2022,960.0
2022-09-25 17:00:00,1.552,0.505,-1.0470000000000002,-81.55,29.8,02245290,USGS,IAN,2022,1020.0
2022-09-25 18:00:00,1.722,0.585,-1.137,-81.55,29.8,02245290,USGS,IAN,2022,1080.0
2022-09-25 19:00:00,1.802,0.623,-1.179,-81.55,29.8,02245290,USGS,IAN,2022,1140.0
2022-09-25 20:00:00,1.702,0.519,-1.1829999999999998,-81.55,29.8,02245290,USGS,IAN,2022,1200.0
2022-09-25 21:00:00,1.412,0.369,-1.043,-81.55,29.8,02245290,USGS,IAN,2022,1260.0
2022-09-25 22:00:00,1.152,0.273,-0.8789999999999999,-81.55,29.8,02245290,USGS,IAN,2022,1320.0
2022-09-25 23:00:00,0.962,0.19,-0.772,-81.55,29.8,02245290,USGS,IAN,2022,1380.0
2022-09-26 00:00:00,0.812,0.11,-0.7020000000000001,-81.55,29.8,02245290,USGS,IAN,2022,1440.0
2022-09-26 01:00:00,0.682,0.056,-0.626,-81.55,29.8,02245290,USGS,IAN,2022,1500.0
2022-09-26 02:00:00,0.682,0.077,-0.6050000000000001,-81.55,29.8,02245290,USGS,IAN,2022,1560.0
2022-09-26 03:00:00,0.892,0.261,-0.631,-81.55,29.8,02245290,USGS,IAN,2022,1620.0
2022-09-26 04:00:00,1.232,0.395,-0.837,-81.55,29.8,02245290,USGS,IAN,2022,1680.0
2022-09-26 05:00:00,1.482,0.499,-0.983,-81.55,29.8,02245290,USGS,IAN,2022,1740.0
2022-09-26 06:00:00,1.672,0.587,-1.085,-81.55,29.8,02245290,USGS,IAN,2022,1800.0
2022-09-26 07:00:00,1.772,0.649,-1.123,-81.55,29.8,02245290,USGS,IAN,2022,1860.0
2022-09-26 08:00:00,1.722,0.602,-1.12,-81.55,29.8,02245290,USGS,IAN,2022,1920.0
2022-09-26 09:00:00,1.502,0.445,-1.057,-81.55,29.8,02245290,USGS,IAN,2022,1980.0
2022-09-26 10:00:00,1.242,0.334,-0.908,-81.55,29.8,02245290,USGS,IAN,2022,2040.0
2022-09-26 11:00:00,1.032,0.248,-0.784,-81.55,29.8,02245290,USGS,IAN,2022,2100.0
2022-09-26 12:00:00,0.862,0.168,-0.694,-81.55,29.8,02245290,USGS,IAN,2022,2160.0
2022-09-26 13:00:00,0.722,0.1,-0.622,-81.55,29.8,02245290,USGS,IAN,2022,2220.0
2022-09-26 14:00:00,0.652,0.083,-0.5690000000000001,-81.55,29.8,02245290,USGS,IAN,2022,2280.0
2022-09-26 15:00:00,0.782,0.235,-0.547,-81.55,29.8,02245290,USGS,IAN,2022,2340.0
2022-09-26 16:00:00,1.092,0.392,-0.7000000000000001,-81.55,29.8,02245290,USGS,IAN,2022,2400.0
2022-09-26 17:00:00,1.312,0.5,-0.812,-81.55,29.8,02245290,USGS,IAN,2022,2460.0
2022-09-26 18:00:00,1.552,0.598,-0.954,-81.55,29.8,02245290,USGS,IAN,2022,2520.0
2022-09-26 19:00:00,1.692,0.678,-1.0139999999999998,-81.55,29.8,02245290,USGS,IAN,2022,2580.0
2022-09-26 20:00:00,1.722,0.688,-1.034,-81.55,29.8,02245290,USGS,IAN,2022,2640.0
2022-09-26 21:00:00,1.542,0.552,-0.99,-81.55,29.8,02245290,USGS,IAN,2022,2700.0
2022-09-26 22:00:00,1.222,0.421,-0.8009999999999999,-81.55,29.8,02245290,USGS,IAN,2022,2760.0
2022-09-26 23:00:00,0.982,0.33,-0.6519999999999999,-81.55,29.8,02245290,USGS,IAN,2022,2820.0
2022-09-27 00:00:00,0.782,0.248,-0.534,-81.55,29.8,02245290,USGS,IAN,2022,2880.0
2022-09-27 01:00:00,0.632,0.171,-0.4609999999999999,-81.55,29.8,02245290,USGS,IAN,2022,2940.0
2022-09-27 02:00:00,0.512,0.127,-0.385,-81.55,29.8,02245290,USGS,IAN,2022,3000.0
2022-09-27 03:00:00,0.562,0.186,-0.376,-81.55,29.8,02245290,USGS,IAN,2022,3060.0
2022-09-27 04:00:00,0.872,0.372,-0.5,-81.55,29.8,02245290,USGS,IAN,2022,3120.0
2022-09-27 05:00:00,1.152,0.492,-0.6599999999999999,-81.55,29.8,02245290,USGS,IAN,2022,3180.0
2022-09-27 06:00:00,1.402,0.594,-0.8079999999999999,-81.55,29.8,02245290,USGS,IAN,2022,3240.0
2022-09-27 07:00:00,1.612,0.678,-0.934,-81.55,29.8,02245290,USGS,IAN,2022,3300.0
2022-09-27 08:00:00,1.692,0.712,-0.98,-81.55,29.8,02245290,USGS,IAN,2022,3360.0
2022-09-27 09:00:00,1.532,0.599,-0.933,-81.55,29.8,02245290,USGS,IAN,2022,3420.0
2022-09-27 10:00:00,1.282,0.452,-0.8300000000000001,-81.55,29.8,02245290,USGS,IAN,2022,3480.0
2022-09-27 11:00:00,1.062,0.355,-0.7070000000000001,-81.55,29.8,02245290,USGS,IAN,2022,3540.0
2022-09-27 12:00:00,0.882,0.269,-0.613,-81.55,29.8,02245290,USGS,IAN,2022,3600.0
2022-09-27 13:00:00,0.752,0.189,-0.563,-81.55,29.8,02245290,USGS,IAN,2022,3660.0
2022-09-27 14:00:00,0.662,0.133,-0.529,-81.55,29.8,02245290,USGS,IAN,2022,3720.0
2022-09-27 15:00:00,0.592,0.159,-0.4329999999999999,-81.55,29.8,02245290,USGS,IAN,2022,3780.0
2022-09-27 16:00:00,0.792,0.353,-0.439,-81.55,29.8,02245290,USGS,IAN,2022,3840.0
2022-09-27 17:00:00,1.142,0.486,-0.6559999999999999,-81.55,29.8,02245290,USGS,IAN,2022,3900.0
2022-09-27 18:00:00,1.382,0.595,-0.7869999999999999,-81.55,29.8,02245290,USGS,IAN,2022,3960.0
2022-09-27 19:00:00,1.572,0.693,-0.8790000000000001,-81.55,29.8,02245290,USGS,IAN,2022,4020.0
2022-09-27 20:00:00,1.662,0.762,-0.8999999999999999,-81.55,29.8,02245290,USGS,IAN,2022,4080.0
2022-09-27 21:00:00,1.662,0.736,-0.926,-81.55,29.8,02245290,USGS,IAN,2022,4140.0
2022-09-27 22:00:00,1.492,0.585,-0.907,-81.55,29.8,02245290,USGS,IAN,2022,4200.0
2022-09-27 23:00:00,1.192,0.468,-0.724,-81.55,29.8,02245290,USGS,IAN,2022,4260.0
2022-09-28 00:00:00,0.992,0.381,-0.611,-81.55,29.8,02245290,USGS,IAN,2022,4320.0
2022-09-28 01:00:00,0.822,0.303,-0.5189999999999999,-81.55,29.8,02245290,USGS,IAN,2022,4380.0
2022-09-28 02:00:00,0.712,0.233,-0.479,-81.55,29.8,02245290,USGS,IAN,2022,4440.0
2022-09-28 03:00:00,0.632,0.2,-0.432,-81.55,29.8,02245290,USGS,IAN,2022,4500.0
2022-09-28 04:00:00,0.752,0.31,-0.442,-81.55,29.8,02245290,USGS,IAN,2022,4560.0
2022-09-28 05:00:00,1.062,0.478,-0.5840000000000001,-81.55,29.8,02245290,USGS,IAN,2022,4620.0
2022-09-28 06:00:00,1.332,0.586,-0.7460000000000001,-81.55,29.8,02245290,USGS,IAN,2022,4680.0
2022-09-28 07:00:00,1.532,0.677,-0.855,-81.55,29.8,02245290,USGS,IAN,2022,4740.0
2022-09-28 08:00:00,1.672,0.751,-0.921,-81.55,29.8,02245290,USGS,IAN,2022,4800.0
2022-09-28 09:00:00,1.742,0.74,-1.002,-81.55,29.8,02245290,USGS,IAN,2022,4860.0
2022-09-28 10:00:00,1.612,0.583,-1.029,-81.55,29.8,02245290,USGS,IAN,2022,4920.0
2022-09-28 11:00:00,1.352,0.459,-0.893,-81.55,29.8,02245290,USGS,IAN,2022,4980.0
2022-09-28 12:00:00,1.112,0.367,-0.7450000000000001,-81.55,29.8,02245290,USGS,IAN,2022,5040.0
2022-09-28 13:00:00,0.962,0.283,-0.679,-81.55,29.8,02245290,USGS,IAN,2022,5100.0
2022-09-28 14:00:00,0.872,0.208,-0.664,-81.55,29.8,02245290,USGS,IAN,2022,5160.0
2022-09-28 15:00:00,0.812,0.164,-0.648,-81.55,29.8,02245290,USGS,IAN,2022,5220.0
2022-09-28 16:00:00,1.052,0.252,-0.8,-81.55,29.8,02245290,USGS,IAN,2022,5280.0
2022-09-28 17:00:00,1.412,0.435,-0.977,-81.55,29.8,02245290,USGS,IAN,2022,5340.0
2022-09-28 18:00:00,1.622,0.551,-1.0710000000000002,-81.55,29.8,02245290,USGS,IAN,2022,5400.0
2022-09-28 19:00:00,1.862,0.646,-1.2160000000000002,-81.55,29.8,02245290,USGS,IAN,2022,5460.0
2022-09-28 20:00:00,2.092,0.721,-1.371,-81.55,29.8,02245290,USGS,IAN,2022,5520.0
2022-09-28 21:00:00,2.202,0.752,-1.45,-81.55,29.8,02245290,USGS,IAN,2022,5580.0
2022-09-28 22:00:00,2.362,0.712,-1.65,-81.55,29.8,02245290,USGS,IAN,2022,5640.0
2022-09-28 23:00:00,2.362,0.578,-1.7840000000000005,-81.55,29.8,02245290,USGS,IAN,2022,5700.0
2022-09-29 00:00:00,2.252,0.491,-1.7609999999999997,-81.55,29.8,02245290,USGS,IAN,2022,5760.0
2022-09-29 01:00:00,2.062,0.435,-1.6269999999999998,-81.55,29.8,02245290,USGS,IAN,2022,5820.0
2022-09-29 02:00:00,1.952,0.395,-1.557,-81.55,29.8,02245290,USGS,IAN,2022,5880.0
2022-09-29 03:00:00,1.792,0.426,-1.366,-81.55,29.8,02245290,USGS,IAN,2022,5940.0
2022-09-29 04:00:00,1.862,0.569,-1.293,-81.55,29.8,02245290,USGS,IAN,2022,6000.0
2022-09-29 05:00:00,1.982,0.779,-1.2029999999999998,-81.55,29.8,02245290,USGS,IAN,2022,6060.0
2022-09-29 06:00:00,2.162,0.974,-1.188,-81.55,29.8,02245290,USGS,IAN,2022,6120.0
2022-09-29 07:00:00,2.482,1.121,-1.3610000000000002,-81.55,29.8,02245290,USGS,IAN,2022,6180.0
2022-09-29 08:00:00,2.662,1.25,-1.412,-81.55,29.8,02245290,USGS,IAN,2022,6240.0
2022-09-29 09:00:00,2.762,1.388,-1.374,-81.55,29.8,02245290,USGS,IAN,2022,6300.0
2022-09-29 10:00:00,2.922,1.523,-1.3990000000000002,-81.55,29.8,02245290,USGS,IAN,2022,6360.0
2022-09-29 11:00:00,3.082,1.7,-1.382,-81.55,29.8,02245290,USGS,IAN,2022,6420.0
2022-09-29 12:00:00,3.012,1.858,-1.154,-81.55,29.8,02245290,USGS,IAN,2022,6480.0
2022-09-29 13:00:00,2.932,1.995,-0.9369999999999998,-81.55,29.8,02245290,USGS,IAN,2022,6540.0
2022-09-29 14:00:00,2.912,2.129,-0.7829999999999999,-81.55,29.8,02245290,USGS,IAN,2022,6600.0
2022-09-29 15:00:00,2.892,2.27,-0.6219999999999999,-81.55,29.8,02245290,USGS,IAN,2022,6660.0
2022-09-29 16:00:00,2.992,2.434,-0.5579999999999998,-81.55,29.8,02245290,USGS,IAN,2022,6720.0
2022-09-29 17:00:00,3.272,2.654,-0.6179999999999999,-81.55,29.8,02245290,USGS,IAN,2022,6780.0
2022-09-29 18:00:00,3.402,2.867,-0.5350000000000001,-81.55,29.8,02245290,USGS,IAN,2022,6840.0
2022-09-29 19:00:00,3.572,3.091,-0.4809999999999998,-81.55,29.8,02245290,USGS,IAN,2022,6900.0
2022-09-29 20:00:00,3.732,3.336,-0.3960000000000003,-81.55,29.8,02245290,USGS,IAN,2022,6960.0
2022-09-29 21:00:00,3.702,3.569,-0.133,-81.55,29.8,02245290,USGS,IAN,2022,7020.0
2022-09-29 22:00:00,4.002,3.8,-0.2019999999999999,-81.55,29.8,02245290,USGS,IAN,2022,7080.0
2022-09-29 23:00:00,4.112,3.953,-0.1590000000000002,-81.55,29.8,02245290,USGS,IAN,2022,7140.0
2022-09-30 00:00:00,4.252,4.011,-0.2409999999999996,-81.55,29.8,02245290,USGS,IAN,2022,7200.0
2022-09-30 01:00:00,4.122,4.03,-0.0919999999999996,-81.55,29.8,02245290,USGS,IAN,2022,7260.0
2022-09-30 02:00:00,3.882,3.915,0.0329999999999999,-81.55,29.8,02245290,USGS,IAN,2022,7320.0
2022-09-30 03:00:00,3.712,3.765,0.0529999999999999,-81.55,29.8,02245290,USGS,IAN,2022,7380.0
2022-09-30 04:00:00,3.572,3.579,0.0070000000000001,-81.55,29.8,02245290,USGS,IAN,2022,7440.0
2022-09-30 05:00:00,3.462,3.39,-0.072,-81.55,29.8,02245290,USGS,IAN,2022,7500.0
2022-09-30 06:00:00,3.552,3.224,-0.3279999999999998,-81.55,29.8,02245290,USGS,IAN,2022,7560.0
2022-09-30 07:00:00,3.612,3.104,-0.508,-81.55,29.8,02245290,USGS,IAN,2022,7620.0
2022-09-30 08:00:00,3.662,3.038,-0.6240000000000001,-81.55,29.8,02245290,USGS,IAN,2022,7680.0
2022-09-30 09:00:00,3.862,3.061,-0.8010000000000002,-81.55,29.8,02245290,USGS,IAN,2022,7740.0
2022-09-30 10:00:00,3.882,3.111,-0.7709999999999999,-81.55,29.8,02245290,USGS,IAN,2022,7800.0
2022-09-30 11:00:00,3.782,3.136,-0.6459999999999999,-81.55,29.8,02245290,USGS,IAN,2022,7860.0
2022-09-30 12:00:00,3.692,3.083,-0.609,-81.55,29.8,02245290,USGS,IAN,2022,7920.0
2022-09-30 13:00:00,3.452,2.942,-0.5099999999999998,-81.55,29.8,02245290,USGS,IAN,2022,7980.0
2022-09-30 14:00:00,3.202,2.802,-0.3999999999999999,-81.55,29.8,02245290,USGS,IAN,2022,8040.0
2022-09-30 15:00:00,3.102,2.659,-0.443,-81.55,29.8,02245290,USGS,IAN,2022,8100.0
2022-09-30 16:00:00,2.932,2.527,-0.4049999999999998,-81.55,29.8,02245290,USGS,IAN,2022,8160.0
2022-09-30 17:00:00,2.842,2.431,-0.411,-81.55,29.8,02245290,USGS,IAN,2022,8220.0
2022-09-30 18:00:00,2.782,2.392,-0.3900000000000001,-81.55,29.8,02245290,USGS,IAN,2022,8280.0
2022-09-30 19:00:00,2.942,2.479,-0.4630000000000001,-81.55,29.8,02245290,USGS,IAN,2022,8340.0
2022-09-30 20:00:00,3.142,2.618,-0.524,-81.55,29.8,02245290,USGS,IAN,2022,8400.0
2022-09-30 21:00:00,3.422,2.715,-0.7070000000000003,-81.55,29.8,02245290,USGS,IAN,2022,8460.0
2022-09-30 22:00:00,3.602,2.779,-0.823,-81.55,29.8,02245290,USGS,IAN,2022,8520.0
2022-09-30 23:00:00,3.592,2.762,-0.8300000000000001,-81.55,29.8,02245290,USGS,IAN,2022,8580.0
2022-10-01 00:00:00,3.412,2.604,-0.8079999999999998,-81.55,29.8,02245290,USGS,IAN,2022,8640.0
2022-10-01 01:00:00,3.152,2.461,-0.6910000000000003,-81.55,29.8,02245290,USGS,IAN,2022,8700.0
2022-10-01 02:00:00,2.942,2.361,-0.581,-81.55,29.8,02245290,USGS,IAN,2022,8760.0
2022-10-01 03:00:00,2.772,2.259,-0.5129999999999999,-81.55,29.8,02245290,USGS,IAN,2022,8820.0
2022-10-01 04:00:00,2.612,2.164,-0.4479999999999999,-81.55,29.8,02245290,USGS,IAN,2022,8880.0
2022-10-01 05:00:00,2.462,2.079,-0.383,-81.55,29.8,02245290,USGS,IAN,2022,8940.0
2022-10-01 06:00:00,2.372,2.006,-0.3660000000000001,-81.55,29.8,02245290,USGS,IAN,2022,9000.0
2022-10-01 07:00:00,2.352,1.956,-0.3959999999999999,-81.55,29.8,02245290,USGS,IAN,2022,9060.0
2022-10-01 08:00:00,2.452,1.953,-0.4989999999999999,-81.55,29.8,02245290,USGS,IAN,2022,9120.0
2022-10-01 09:00:00,2.672,1.991,-0.681,-81.55,29.8,02245290,USGS,IAN,2022,9180.0
2022-10-01 10:00:00,2.812,1.99,-0.8219999999999998,-81.55,29.8,02245290,USGS,IAN,2022,9240.0
2022-10-01 11:00:00,2.832,1.912,-0.92,-81.55,29.8,02245290,USGS,IAN,2022,9300.0
2022-10-01 12:00:00,2.682,1.816,-0.8659999999999999,-81.55,29.8,02245290,USGS,IAN,2022,9360.0
2022-10-01 13:00:00,2.452,1.729,-0.7229999999999999,-81.55,29.8,02245290,USGS,IAN,2022,9420.0
2022-10-01 14:00:00,2.272,1.633,-0.6389999999999998,-81.55,29.8,02245290,USGS,IAN,2022,9480.0
2022-10-01 15:00:00,2.112,1.529,-0.5830000000000002,-81.55,29.8,02245290,USGS,IAN,2022,9540.0
2022-10-01 16:00:00,1.932,1.436,-0.496,-81.55,29.8,02245290,USGS,IAN,2022,9600.0
2022-10-01 17:00:00,1.812,1.361,-0.451,-81.55,29.8,02245290,USGS,IAN,2022,9660.0
2022-10-01 18:00:00,1.742,1.307,-0.435,-81.55,29.8,02245290,USGS,IAN,2022,9720.0
2022-10-01 19:00:00,1.782,1.316,-0.4659999999999999,-81.55,29.8,02245290,USGS,IAN,2022,9780.0
2022-10-01 20:00:00,2.022,1.47,-0.5519999999999998,-81.55,29.8,02245290,USGS,IAN,2022,9840.0
2022-10-01 21:00:00,2.302,1.6,-0.702,-81.55,29.8,02245290,USGS,IAN,2022,9900.0
2022-10-01 22:00:00,2.512,1.68,-0.8320000000000001,-81.55,29.8,02245290,USGS,IAN,2022,9960.0
2022-10-01 23:00:00,2.662,1.723,-0.9389999999999998,-81.55,29.8,02245290,USGS,IAN,2022,10020.0
2022-09-25 01:00:00,1.162,0.217,-0.945,-81.6151361,30.0059222,02245340,USGS,IAN,2022,60.0
2022-09-25 02:00:00,1.422,0.297,-1.125,-81.6151361,30.0059222,02245340,USGS,IAN,2022,120.0
2022-09-25 03:00:00,1.612,0.361,-1.251,-81.6151361,30.0059222,02245340,USGS,IAN,2022,180.0
2022-09-25 04:00:00,1.722,0.432,-1.29,-81.6151361,30.0059222,02245340,USGS,IAN,2022,240.0
2022-09-25 05:00:00,1.762,0.492,-1.27,-81.6151361,30.0059222,02245340,USGS,IAN,2022,300.0
2022-09-25 06:00:00,1.752,0.493,-1.259,-81.6151361,30.0059222,02245340,USGS,IAN,2022,360.0
2022-09-25 07:00:00,1.602,0.382,-1.2200000000000002,-81.6151361,30.0059222,02245340,USGS,IAN,2022,420.0
2022-09-25 08:00:00,1.392,0.314,-1.0779999999999998,-81.6151361,30.0059222,02245340,USGS,IAN,2022,480.0
2022-09-25 09:00:00,1.222,0.264,-0.958,-81.6151361,30.0059222,02245340,USGS,IAN,2022,540.0
2022-09-25 10:00:00,1.102,0.205,-0.8970000000000001,-81.6151361,30.0059222,02245340,USGS,IAN,2022,600.0
2022-09-25 11:00:00,1.002,0.152,-0.85,-81.6151361,30.0059222,02245340,USGS,IAN,2022,660.0
2022-09-25 12:00:00,0.902,0.116,-0.786,-81.6151361,30.0059222,02245340,USGS,IAN,2022,720.0
2022-09-25 13:00:00,0.932,0.189,-0.7430000000000001,-81.6151361,30.0059222,02245340,USGS,IAN,2022,780.0
2022-09-25 14:00:00,1.172,0.321,-0.851,-81.6151361,30.0059222,02245340,USGS,IAN,2022,840.0
2022-09-25 15:00:00,1.402,0.374,-1.028,-81.6151361,30.0059222,02245340,USGS,IAN,2022,900.0
2022-09-25 16:00:00,1.522,0.442,-1.08,-81.6151361,30.0059222,02245340,USGS,IAN,2022,960.0
2022-09-25 17:00:00,1.632,0.506,-1.126,-81.6151361,30.0059222,02245340,USGS,IAN,2022,1020.0
2022-09-25 18:00:00,1.662,0.533,-1.129,-81.6151361,30.0059222,02245340,USGS,IAN,2022,1080.0
2022-09-25 19:00:00,1.552,0.438,-1.114,-81.6151361,30.0059222,02245340,USGS,IAN,2022,1140.0
2022-09-25 20:00:00,1.362,0.349,-1.013,-81.6151361,30.0059222,02245340,USGS,IAN,2022,1200.0
2022-09-25 21:00:00,1.142,0.3,-0.8419999999999999,-81.6151361,30.0059222,02245340,USGS,IAN,2022,1260.0
2022-09-25 22:00:00,0.992,0.241,-0.751,-81.6151361,30.0059222,02245340,USGS,IAN,2022,1320.0
2022-09-25 23:00:00,0.882,0.187,-0.6950000000000001,-81.6151361,30.0059222,02245340,USGS,IAN,2022,1380.0
2022-09-26 00:00:00,0.812,0.142,-0.67,-81.6151361,30.0059222,02245340,USGS,IAN,2022,1440.0
2022-09-26 01:00:00,0.812,0.16,-0.652,-81.6151361,30.0059222,02245340,USGS,IAN,2022,1500.0
2022-09-26 02:00:00,1.082,0.315,-0.7670000000000001,-81.6151361,30.0059222,02245340,USGS,IAN,2022,1560.0
2022-09-26 03:00:00,1.352,0.378,-0.974,-81.6151361,30.0059222,02245340,USGS,IAN,2022,1620.0
2022-09-26 04:00:00,1.462,0.445,-1.017,-81.6151361,30.0059222,02245340,USGS,IAN,2022,1680.0
2022-09-26 05:00:00,1.602,0.516,-1.086,-81.6151361,30.0059222,02245340,USGS,IAN,2022,1740.0
2022-09-26 06:00:00,1.652,0.562,-1.09,-81.6151361,30.0059222,02245340,USGS,IAN,2022,1800.0
2022-09-26 07:00:00,1.612,0.511,-1.101,-81.6151361,30.0059222,02245340,USGS,IAN,2022,1860.0
2022-09-26 08:00:00,1.392,0.4,-0.992,-81.6151361,30.0059222,02245340,USGS,IAN,2022,1920.0
2022-09-26 09:00:00,1.172,0.35,-0.822,-81.6151361,30.0059222,02245340,USGS,IAN,2022,1980.0
2022-09-26 10:00:00,1.022,0.292,-0.73,-81.6151361,30.0059222,02245340,USGS,IAN,2022,2040.0
2022-09-26 11:00:00,0.912,0.234,-0.678,-81.6151361,30.0059222,02245340,USGS,IAN,2022,2100.0
2022-09-26 12:00:00,0.822,0.184,-0.6379999999999999,-81.6151361,30.0059222,02245340,USGS,IAN,2022,2160.0
2022-09-26 13:00:00,0.792,0.169,-0.623,-81.6151361,30.0059222,02245340,USGS,IAN,2022,2220.0
2022-09-26 14:00:00,0.942,0.306,-0.6359999999999999,-81.6151361,30.0059222,02245340,USGS,IAN,2022,2280.0
2022-09-26 15:00:00,1.202,0.394,-0.8079999999999999,-81.6151361,30.0059222,02245340,USGS,IAN,2022,2340.0
2022-09-26 16:00:00,1.392,0.457,-0.9349999999999998,-81.6151361,30.0059222,02245340,USGS,IAN,2022,2400.0
2022-09-26 17:00:00,1.482,0.534,-0.948,-81.6151361,30.0059222,02245340,USGS,IAN,2022,2460.0
2022-09-26 18:00:00,1.572,0.596,-0.976,-81.6151361,30.0059222,02245340,USGS,IAN,2022,2520.0
2022-09-26 19:00:00,1.542,0.597,-0.945,-81.6151361,30.0059222,02245340,USGS,IAN,2022,2580.0
2022-09-26 20:00:00,1.392,0.484,-0.908,-81.6151361,30.0059222,02245340,USGS,IAN,2022,2640.0
2022-09-26 21:00:00,1.152,0.417,-0.7349999999999999,-81.6151361,30.0059222,02245340,USGS,IAN,2022,2700.0
2022-09-26 22:00:00,0.992,0.364,-0.628,-81.6151361,30.0059222,02245340,USGS,IAN,2022,2760.0
2022-09-26 23:00:00,0.882,0.304,-0.5780000000000001,-81.6151361,30.0059222,02245340,USGS,IAN,2022,2820.0
2022-09-27 00:00:00,0.772,0.253,-0.519,-81.6151361,30.0059222,02245340,USGS,IAN,2022,2880.0
2022-09-27 01:00:00,0.692,0.212,-0.48,-81.6151361,30.0059222,02245340,USGS,IAN,2022,2940.0
2022-09-27 02:00:00,0.772,0.275,-0.497,-81.6151361,30.0059222,02245340,USGS,IAN,2022,3000.0
2022-09-27 03:00:00,1.052,0.411,-0.641,-81.6151361,30.0059222,02245340,USGS,IAN,2022,3060.0
2022-09-27 04:00:00,1.262,0.466,-0.796,-81.6151361,30.0059222,02245340,USGS,IAN,2022,3120.0
2022-09-27 05:00:00,1.402,0.536,-0.8659999999999999,-81.6151361,30.0059222,02245340,USGS,IAN,2022,3180.0
2022-09-27 06:00:00,1.482,0.602,-0.88,-81.6151361,30.0059222,02245340,USGS,IAN,2022,3240.0
2022-09-27 07:00:00,1.502,0.621,-0.881,-81.6151361,30.0059222,02245340,USGS,IAN,2022,3300.0
2022-09-27 08:00:00,1.382,0.515,-0.8669999999999999,-81.6151361,30.0059222,02245340,USGS,IAN,2022,3360.0
2022-09-27 09:00:00,1.152,0.435,-0.7169999999999999,-81.6151361,30.0059222,02245340,USGS,IAN,2022,3420.0
2022-09-27 10:00:00,0.952,0.383,-0.569,-81.6151361,30.0059222,02245340,USGS,IAN,2022,3480.0
2022-09-27 11:00:00,0.842,0.324,-0.518,-81.6151361,30.0059222,02245340,USGS,IAN,2022,3540.0
2022-09-27 12:00:00,0.762,0.267,-0.495,-81.6151361,30.0059222,02245340,USGS,IAN,2022,3600.0
2022-09-27 13:00:00,0.662,0.219,-0.443,-81.6151361,30.0059222,02245340,USGS,IAN,2022,3660.0
2022-09-27 14:00:00,0.662,0.248,-0.414,-81.6151361,30.0059222,02245340,USGS,IAN,2022,3720.0
2022-09-27 15:00:00,0.912,0.405,-0.507,-81.6151361,30.0059222,02245340,USGS,IAN,2022,3780.0
2022-09-27 16:00:00,1.192,0.468,-0.724,-81.6151361,30.0059222,02245340,USGS,IAN,2022,3840.0
2022-09-27 17:00:00,1.372,0.543,-0.8290000000000001,-81.6151361,30.0059222,02245340,USGS,IAN,2022,3900.0
2022-09-27 18:00:00,1.452,0.622,-0.83,-81.6151361,30.0059222,02245340,USGS,IAN,2022,3960.0
2022-09-27 19:00:00,1.482,0.678,-0.8039999999999999,-81.6151361,30.0059222,02245340,USGS,IAN,2022,4020.0
2022-09-27 20:00:00,1.462,0.644,-0.818,-81.6151361,30.0059222,02245340,USGS,IAN,2022,4080.0
2022-09-27 21:00:00,1.302,0.532,-0.77,-81.6151361,30.0059222,02245340,USGS,IAN,2022,4140.0
2022-09-27 22:00:00,1.082,0.475,-0.6070000000000001,-81.6151361,30.0059222,02245340,USGS,IAN,2022,4200.0
2022-09-27 23:00:00,0.902,0.426,-0.476,-81.6151361,30.0059222,02245340,USGS,IAN,2022,4260.0
2022-09-28 00:00:00,0.802,0.367,-0.435,-81.6151361,30.0059222,02245340,USGS,IAN,2022,4320.0
2022-09-28 01:00:00,0.702,0.311,-0.3909999999999999,-81.6151361,30.0059222,02245340,USGS,IAN,2022,4380.0
2022-09-28 02:00:00,0.672,0.283,-0.389,-81.6151361,30.0059222,02245340,USGS,IAN,2022,4440.0
2022-09-28 03:00:00,0.852,0.393,-0.4589999999999999,-81.6151361,30.0059222,02245340,USGS,IAN,2022,4500.0
2022-09-28 04:00:00,1.152,0.495,-0.6569999999999999,-81.6151361,30.0059222,02245340,USGS,IAN,2022,4560.0
2022-09-28 05:00:00,1.312,0.551,-0.761,-81.6151361,30.0059222,02245340,USGS,IAN,2022,4620.0
2022-09-28 06:00:00,1.422,0.62,-0.8019999999999999,-81.6151361,30.0059222,02245340,USGS,IAN,2022,4680.0
2022-09-28 07:00:00,1.522,0.673,-0.849,-81.6151361,30.0059222,02245340,USGS,IAN,2022,4740.0
2022-09-28 08:00:00,1.512,0.648,-0.864,-81.6151361,30.0059222,02245340,USGS,IAN,2022,4800.0
2022-09-28 09:00:00,1.362,0.522,-0.8400000000000001,-81.6151361,30.0059222,02245340,USGS,IAN,2022,4860.0
2022-09-28 10:00:00,1.122,0.465,-0.657,-81.6151361,30.0059222,02245340,USGS,IAN,2022,4920.0
2022-09-28 11:00:00,0.992,0.412,-0.5800000000000001,-81.6151361,30.0059222,02245340,USGS,IAN,2022,4980.0
2022-09-28 12:00:00,0.892,0.349,-0.543,-81.6151361,30.0059222,02245340,USGS,IAN,2022,5040.0
2022-09-28 13:00:00,0.812,0.291,-0.5210000000000001,-81.6151361,30.0059222,02245340,USGS,IAN,2022,5100.0
2022-09-28 14:00:00,0.742,0.253,-0.489,-81.6151361,30.0059222,02245340,USGS,IAN,2022,5160.0
2022-09-28 15:00:00,1.042,0.349,-0.6930000000000001,-81.6151361,30.0059222,02245340,USGS,IAN,2022,5220.0
2022-09-28 16:00:00,1.392,0.472,-0.92,-81.6151361,30.0059222,02245340,USGS,IAN,2022,5280.0
2022-09-28 17:00:00,1.512,0.53,-0.982,-81.6151361,30.0059222,02245340,USGS,IAN,2022,5340.0
2022-09-28 18:00:00,1.672,0.612,-1.06,-81.6151361,30.0059222,02245340,USGS,IAN,2022,5400.0
2022-09-28 19:00:00,1.842,0.685,-1.157,-81.6151361,30.0059222,02245340,USGS,IAN,2022,5460.0
2022-09-28 20:00:00,1.942,0.729,-1.213,-81.6151361,30.0059222,02245340,USGS,IAN,2022,5520.0
2022-09-28 21:00:00,1.992,0.675,-1.317,-81.6151361,30.0059222,02245340,USGS,IAN,2022,5580.0
2022-09-28 22:00:00,1.962,0.555,-1.407,-81.6151361,30.0059222,02245340,USGS,IAN,2022,5640.0
2022-09-28 23:00:00,1.782,0.496,-1.286,-81.6151361,30.0059222,02245340,USGS,IAN,2022,5700.0
2022-09-29 00:00:00,1.672,0.454,-1.218,-81.6151361,30.0059222,02245340,USGS,IAN,2022,5760.0
2022-09-29 01:00:00,1.532,0.393,-1.139,-81.6151361,30.0059222,02245340,USGS,IAN,2022,5820.0
2022-09-29 02:00:00,1.522,0.38,-1.142,-81.6151361,30.0059222,02245340,USGS,IAN,2022,5880.0
2022-09-29 03:00:00,1.572,0.461,-1.111,-81.6151361,30.0059222,02245340,USGS,IAN,2022,5940.0
2022-09-29 04:00:00,1.822,0.556,-1.266,-81.6151361,30.0059222,02245340,USGS,IAN,2022,6000.0
2022-09-29 05:00:00,1.972,0.647,-1.325,-81.6151361,30.0059222,02245340,USGS,IAN,2022,6060.0
2022-09-29 06:00:00,2.162,0.758,-1.404,-81.6151361,30.0059222,02245340,USGS,IAN,2022,6120.0
2022-09-29 07:00:00,2.332,0.868,-1.464,-81.6151361,30.0059222,02245340,USGS,IAN,2022,6180.0
2022-09-29 08:00:00,2.392,0.976,-1.416,-81.6151361,30.0059222,02245340,USGS,IAN,2022,6240.0
2022-09-29 09:00:00,2.452,1.058,-1.394,-81.6151361,30.0059222,02245340,USGS,IAN,2022,6300.0
2022-09-29 10:00:00,2.482,1.117,-1.3650000000000002,-81.6151361,30.0059222,02245340,USGS,IAN,2022,6360.0
2022-09-29 11:00:00,2.412,1.144,-1.268,-81.6151361,30.0059222,02245340,USGS,IAN,2022,6420.0
2022-09-29 12:00:00,2.332,1.174,-1.158,-81.6151361,30.0059222,02245340,USGS,IAN,2022,6480.0
2022-09-29 13:00:00,2.302,1.202,-1.1,-81.6151361,30.0059222,02245340,USGS,IAN,2022,6540.0
2022-09-29 14:00:00,2.242,1.251,-0.991,-81.6151361,30.0059222,02245340,USGS,IAN,2022,6600.0
2022-09-29 15:00:00,2.442,1.311,-1.1310000000000002,-81.6151361,30.0059222,02245340,USGS,IAN,2022,6660.0
2022-09-29 16:00:00,2.722,1.384,-1.338,-81.6151361,30.0059222,02245340,USGS,IAN,2022,6720.0
2022-09-29 17:00:00,2.822,1.471,-1.351,-81.6151361,30.0059222,02245340,USGS,IAN,2022,6780.0
2022-09-29 18:00:00,3.012,1.546,-1.466,-81.6151361,30.0059222,02245340,USGS,IAN,2022,6840.0
2022-09-29 19:00:00,3.082,1.713,-1.3689999999999998,-81.6151361,30.0059222,02245340,USGS,IAN,2022,6900.0
2022-09-29 20:00:00,3.222,1.851,-1.371,-81.6151361,30.0059222,02245340,USGS,IAN,2022,6960.0
2022-09-29 21:00:00,3.352,1.995,-1.3569999999999998,-81.6151361,30.0059222,02245340,USGS,IAN,2022,7020.0
2022-09-29 22:00:00,3.332,2.138,-1.194,-81.6151361,30.0059222,02245340,USGS,IAN,2022,7080.0
2022-09-29 23:00:00,3.332,2.267,-1.065,-81.6151361,30.0059222,02245340,USGS,IAN,2022,7140.0
2022-09-30 00:00:00,3.212,2.315,-0.8970000000000002,-81.6151361,30.0059222,02245340,USGS,IAN,2022,7200.0
2022-09-30 01:00:00,3.192,2.371,-0.8210000000000002,-81.6151361,30.0059222,02245340,USGS,IAN,2022,7260.0
2022-09-30 02:00:00,3.042,2.437,-0.605,-81.6151361,30.0059222,02245340,USGS,IAN,2022,7320.0
2022-09-30 03:00:00,3.032,2.509,-0.5230000000000001,-81.6151361,30.0059222,02245340,USGS,IAN,2022,7380.0
2022-09-30 04:00:00,3.122,2.576,-0.5459999999999998,-81.6151361,30.0059222,02245340,USGS,IAN,2022,7440.0
2022-09-30 05:00:00,3.352,2.651,-0.7010000000000001,-81.6151361,30.0059222,02245340,USGS,IAN,2022,7500.0
2022-09-30 06:00:00,3.432,2.735,-0.6970000000000001,-81.6151361,30.0059222,02245340,USGS,IAN,2022,7560.0
2022-09-30 07:00:00,3.542,2.819,-0.7229999999999999,-81.6151361,30.0059222,02245340,USGS,IAN,2022,7620.0
2022-09-30 08:00:00,3.642,2.941,-0.7010000000000001,-81.6151361,30.0059222,02245340,USGS,IAN,2022,7680.0
2022-09-30 09:00:00,3.682,2.996,-0.6859999999999999,-81.6151361,30.0059222,02245340,USGS,IAN,2022,7740.0
2022-09-30 10:00:00,3.662,3.002,-0.6600000000000001,-81.6151361,30.0059222,02245340,USGS,IAN,2022,7800.0
2022-09-30 11:00:00,3.502,2.913,-0.589,-81.6151361,30.0059222,02245340,USGS,IAN,2022,7860.0
2022-09-30 12:00:00,3.332,2.798,-0.5339999999999998,-81.6151361,30.0059222,02245340,USGS,IAN,2022,7920.0
2022-09-30 13:00:00,3.192,2.721,-0.4710000000000001,-81.6151361,30.0059222,02245340,USGS,IAN,2022,7980.0
2022-09-30 14:00:00,3.052,2.646,-0.4060000000000001,-81.6151361,30.0059222,02245340,USGS,IAN,2022,8040.0
2022-09-30 15:00:00,2.992,2.57,-0.4220000000000001,-81.6151361,30.0059222,02245340,USGS,IAN,2022,8100.0
2022-09-30 16:00:00,2.862,2.506,-0.3560000000000003,-81.6151361,30.0059222,02245340,USGS,IAN,2022,8160.0
2022-09-30 17:00:00,2.822,2.484,-0.3380000000000001,-81.6151361,30.0059222,02245340,USGS,IAN,2022,8220.0
2022-09-30 18:00:00,3.002,2.569,-0.4329999999999998,-81.6151361,30.0059222,02245340,USGS,IAN,2022,8280.0
2022-09-30 19:00:00,3.212,2.657,-0.5550000000000002,-81.6151361,30.0059222,02245340,USGS,IAN,2022,8340.0
2022-09-30 20:00:00,3.362,2.698,-0.6640000000000001,-81.6151361,30.0059222,02245340,USGS,IAN,2022,8400.0
2022-09-30 21:00:00,3.452,2.726,-0.726,-81.6151361,30.0059222,02245340,USGS,IAN,2022,8460.0
2022-09-30 22:00:00,3.392,2.684,-0.7079999999999997,-81.6151361,30.0059222,02245340,USGS,IAN,2022,8520.0
2022-09-30 23:00:00,3.242,2.551,-0.6909999999999998,-81.6151361,30.0059222,02245340,USGS,IAN,2022,8580.0
2022-10-01 00:00:00,3.052,2.471,-0.581,-81.6151361,30.0059222,02245340,USGS,IAN,2022,8640.0
2022-10-01 01:00:00,2.912,2.402,-0.5099999999999998,-81.6151361,30.0059222,02245340,USGS,IAN,2022,8700.0
2022-10-01 02:00:00,2.762,2.325,-0.4369999999999998,-81.6151361,30.0059222,02245340,USGS,IAN,2022,8760.0
2022-10-01 03:00:00,2.632,2.252,-0.3800000000000003,-81.6151361,30.0059222,02245340,USGS,IAN,2022,8820.0
2022-10-01 04:00:00,2.542,2.172,-0.3699999999999996,-81.6151361,30.0059222,02245340,USGS,IAN,2022,8880.0
2022-10-01 05:00:00,2.472,2.096,-0.3759999999999999,-81.6151361,30.0059222,02245340,USGS,IAN,2022,8940.0
2022-10-01 06:00:00,2.462,2.037,-0.4250000000000002,-81.6151361,30.0059222,02245340,USGS,IAN,2022,9000.0
2022-10-01 07:00:00,2.592,2.024,-0.5680000000000001,-81.6151361,30.0059222,02245340,USGS,IAN,2022,9060.0
2022-10-01 08:00:00,2.722,2.038,-0.6840000000000002,-81.6151361,30.0059222,02245340,USGS,IAN,2022,9120.0
2022-10-01 09:00:00,2.792,1.997,-0.7949999999999997,-81.6151361,30.0059222,02245340,USGS,IAN,2022,9180.0
2022-10-01 10:00:00,2.722,1.91,-0.812,-81.6151361,30.0059222,02245340,USGS,IAN,2022,9240.0
2022-10-01 11:00:00,2.542,1.828,-0.7139999999999997,-81.6151361,30.0059222,02245340,USGS,IAN,2022,9300.0
2022-10-01 12:00:00,2.382,1.755,-0.6270000000000002,-81.6151361,30.0059222,02245340,USGS,IAN,2022,9360.0
2022-10-01 13:00:00,2.212,1.68,-0.5320000000000003,-81.6151361,30.0059222,02245340,USGS,IAN,2022,9420.0
2022-10-01 14:00:00,2.072,1.596,-0.476,-81.6151361,30.0059222,02245340,USGS,IAN,2022,9480.0
2022-10-01 15:00:00,1.982,1.511,-0.4710000000000001,-81.6151361,30.0059222,02245340,USGS,IAN,2022,9540.0
2022-10-01 16:00:00,1.852,1.431,-0.421,-81.6151361,30.0059222,02245340,USGS,IAN,2022,9600.0
2022-10-01 17:00:00,1.812,1.372,-0.4399999999999999,-81.6151361,30.0059222,02245340,USGS,IAN,2022,9660.0
2022-10-01 18:00:00,1.882,1.388,-0.494,-81.6151361,30.0059222,02245340,USGS,IAN,2022,9720.0
2022-10-01 19:00:00,2.112,1.524,-0.5880000000000001,-81.6151361,30.0059222,02245340,USGS,IAN,2022,9780.0
2022-10-01 20:00:00,2.352,1.593,-0.7589999999999999,-81.6151361,30.0059222,02245340,USGS,IAN,2022,9840.0
2022-10-01 21:00:00,2.482,1.634,-0.8480000000000003,-81.6151361,30.0059222,02245340,USGS,IAN,2022,9900.0
2022-10-01 22:00:00,2.522,1.654,-0.8679999999999999,-81.6151361,30.0059222,02245340,USGS,IAN,2022,9960.0
2022-10-01 23:00:00,2.392,1.561,-0.831,-81.6151361,30.0059222,02245340,USGS,IAN,2022,10020.0
2022-09-25 01:00:00,2.119,0.601,-1.5180000000000002,-81.6653735,30.3224616,02246500,USGS,IAN,2022,60.0
2022-09-25 02:00:00,2.109,0.636,-1.473,-81.6653735,30.3224616,02246500,USGS,IAN,2022,120.0
2022-09-25 03:00:00,2.079,0.633,-1.4460000000000002,-81.6653735,30.3224616,02246500,USGS,IAN,2022,180.0
2022-09-25 04:00:00,1.969,0.461,-1.508,-81.6653735,30.3224616,02246500,USGS,IAN,2022,240.0
2022-09-25 05:00:00,1.519,0.225,-1.2939999999999998,-81.6653735,30.3224616,02246500,USGS,IAN,2022,300.0
2022-09-25 06:00:00,1.099,0.089,-1.01,-81.6653735,30.3224616,02246500,USGS,IAN,2022,360.0
2022-09-25 07:00:00,0.819,0.05,-0.7689999999999999,-81.6653735,30.3224616,02246500,USGS,IAN,2022,420.0
2022-09-25 08:00:00,0.668,0.03,-0.638,-81.6653735,30.3224616,02246500,USGS,IAN,2022,480.0
2022-09-25 09:00:00,0.629,0.025,-0.604,-81.6653735,30.3224616,02246500,USGS,IAN,2022,540.0
2022-09-25 10:00:00,0.739,0.088,-0.651,-81.6653735,30.3224616,02246500,USGS,IAN,2022,600.0
2022-09-25 11:00:00,1.178,0.328,-0.8499999999999999,-81.6653735,30.3224616,02246500,USGS,IAN,2022,660.0
2022-09-25 12:00:00,1.668,0.543,-1.125,-81.6653735,30.3224616,02246500,USGS,IAN,2022,720.0
2022-09-25 13:00:00,1.879,0.635,-1.244,-81.6653735,30.3224616,02246500,USGS,IAN,2022,780.0
2022-09-25 14:00:00,1.959,0.668,-1.291,-81.6653735,30.3224616,02246500,USGS,IAN,2022,840.0
2022-09-25 15:00:00,1.939,0.674,-1.265,-81.6653735,30.3224616,02246500,USGS,IAN,2022,900.0
2022-09-25 16:00:00,1.879,0.568,-1.311,-81.6653735,30.3224616,02246500,USGS,IAN,2022,960.0
2022-09-25 17:00:00,1.629,0.308,-1.321,-81.6653735,30.3224616,02246500,USGS,IAN,2022,1020.0
2022-09-25 18:00:00,1.129,0.135,-0.994,-81.6653735,30.3224616,02246500,USGS,IAN,2022,1080.0
2022-09-25 19:00:00,0.689,0.075,-0.614,-81.6653735,30.3224616,02246500,USGS,IAN,2022,1140.0
2022-09-25 20:00:00,0.529,0.052,-0.477,-81.6653735,30.3224616,02246500,USGS,IAN,2022,1200.0
2022-09-25 21:00:00,0.409,0.039,-0.37,-81.6653735,30.3224616,02246500,USGS,IAN,2022,1260.0
2022-09-25 22:00:00,0.469,0.072,-0.3969999999999999,-81.6653735,30.3224616,02246500,USGS,IAN,2022,1320.0
2022-09-25 23:00:00,0.959,0.253,-0.706,-81.6653735,30.3224616,02246500,USGS,IAN,2022,1380.0
2022-09-26 00:00:00,1.629,0.515,-1.114,-81.6653735,30.3224616,02246500,USGS,IAN,2022,1440.0
2022-09-26 01:00:00,1.939,0.646,-1.293,-81.6653735,30.3224616,02246500,USGS,IAN,2022,1500.0
2022-09-26 02:00:00,2.079,0.688,-1.3910000000000002,-81.6653735,30.3224616,02246500,USGS,IAN,2022,1560.0
2022-09-26 03:00:00,2.079,0.709,-1.37,-81.6653735,30.3224616,02246500,USGS,IAN,2022,1620.0
2022-09-26 04:00:00,2.008,0.661,-1.347,-81.6653735,30.3224616,02246500,USGS,IAN,2022,1680.0
2022-09-26 05:00:00,1.758,0.42,-1.338,-81.6653735,30.3224616,02246500,USGS,IAN,2022,1740.0
2022-09-26 06:00:00,1.269,0.215,-1.0539999999999998,-81.6653735,30.3224616,02246500,USGS,IAN,2022,1800.0
2022-09-26 07:00:00,0.789,0.129,-0.66,-81.6653735,30.3224616,02246500,USGS,IAN,2022,1860.0
2022-09-26 08:00:00,0.519,0.088,-0.431,-81.6653735,30.3224616,02246500,USGS,IAN,2022,1920.0
2022-09-26 09:00:00,0.428,0.068,-0.36,-81.6653735,30.3224616,02246500,USGS,IAN,2022,1980.0
2022-09-26 10:00:00,0.428,0.081,-0.347,-81.6653735,30.3224616,02246500,USGS,IAN,2022,2040.0
2022-09-26 11:00:00,0.799,0.196,-0.603,-81.6653735,30.3224616,02246500,USGS,IAN,2022,2100.0
2022-09-26 12:00:00,1.379,0.48,-0.899,-81.6653735,30.3224616,02246500,USGS,IAN,2022,2160.0
2022-09-26 13:00:00,1.748,0.661,-1.087,-81.6653735,30.3224616,02246500,USGS,IAN,2022,2220.0
2022-09-26 14:00:00,1.879,0.711,-1.168,-81.6653735,30.3224616,02246500,USGS,IAN,2022,2280.0
2022-09-26 15:00:00,1.918,0.757,-1.161,-81.6653735,30.3224616,02246500,USGS,IAN,2022,2340.0
2022-09-26 16:00:00,1.939,0.755,-1.1840000000000002,-81.6653735,30.3224616,02246500,USGS,IAN,2022,2400.0
2022-09-26 17:00:00,1.739,0.583,-1.156,-81.6653735,30.3224616,02246500,USGS,IAN,2022,2460.0
2022-09-26 18:00:00,1.309,0.331,-0.978,-81.6653735,30.3224616,02246500,USGS,IAN,2022,2520.0
2022-09-26 19:00:00,0.838,0.199,-0.639,-81.6653735,30.3224616,02246500,USGS,IAN,2022,2580.0
2022-09-26 20:00:00,0.498,0.152,-0.346,-81.6653735,30.3224616,02246500,USGS,IAN,2022,2640.0
2022-09-26 21:00:00,0.379,0.123,-0.256,-81.6653735,30.3224616,02246500,USGS,IAN,2022,2700.0
2022-09-26 22:00:00,0.349,0.118,-0.2309999999999999,-81.6653735,30.3224616,02246500,USGS,IAN,2022,2760.0
2022-09-26 23:00:00,0.519,0.173,-0.346,-81.6653735,30.3224616,02246500,USGS,IAN,2022,2820.0
2022-09-27 00:00:00,1.119,0.406,-0.713,-81.6653735,30.3224616,02246500,USGS,IAN,2022,2880.0
2022-09-27 01:00:00,1.699,0.629,-1.07,-81.6653735,30.3224616,02246500,USGS,IAN,2022,2940.0
2022-09-27 02:00:00,1.928,0.728,-1.2,-81.6653735,30.3224616,02246500,USGS,IAN,2022,3000.0
2022-09-27 03:00:00,1.998,0.77,-1.228,-81.6653735,30.3224616,02246500,USGS,IAN,2022,3060.0
2022-09-27 04:00:00,1.998,0.775,-1.223,-81.6653735,30.3224616,02246500,USGS,IAN,2022,3120.0
2022-09-27 05:00:00,1.829,0.656,-1.173,-81.6653735,30.3224616,02246500,USGS,IAN,2022,3180.0
2022-09-27 06:00:00,1.418,0.382,-1.036,-81.6653735,30.3224616,02246500,USGS,IAN,2022,3240.0
2022-09-27 07:00:00,0.869,0.223,-0.646,-81.6653735,30.3224616,02246500,USGS,IAN,2022,3300.0
2022-09-27 08:00:00,0.489,0.161,-0.3279999999999999,-81.6653735,30.3224616,02246500,USGS,IAN,2022,3360.0
2022-09-27 09:00:00,0.269,0.129,-0.14,-81.6653735,30.3224616,02246500,USGS,IAN,2022,3420.0
2022-09-27 10:00:00,0.168,0.113,-0.055,-81.6653735,30.3224616,02246500,USGS,IAN,2022,3480.0
2022-09-27 11:00:00,0.239,0.15,-0.089,-81.6653735,30.3224616,02246500,USGS,IAN,2022,3540.0
2022-09-27 12:00:00,0.699,0.347,-0.352,-81.6653735,30.3224616,02246500,USGS,IAN,2022,3600.0
2022-09-27 13:00:00,1.319,0.613,-0.706,-81.6653735,30.3224616,02246500,USGS,IAN,2022,3660.0
2022-09-27 14:00:00,1.629,0.748,-0.881,-81.6653735,30.3224616,02246500,USGS,IAN,2022,3720.0
2022-09-27 15:00:00,1.769,0.805,-0.964,-81.6653735,30.3224616,02246500,USGS,IAN,2022,3780.0
2022-09-27 16:00:00,1.869,0.846,-1.023,-81.6653735,30.3224616,02246500,USGS,IAN,2022,3840.0
2022-09-27 17:00:00,1.838,0.811,-1.027,-81.6653735,30.3224616,02246500,USGS,IAN,2022,3900.0
2022-09-27 18:00:00,1.549,0.575,-0.974,-81.6653735,30.3224616,02246500,USGS,IAN,2022,3960.0
2022-09-27 19:00:00,1.099,0.361,-0.738,-81.6653735,30.3224616,02246500,USGS,IAN,2022,4020.0
2022-09-27 20:00:00,0.678,0.26,-0.418,-81.6653735,30.3224616,02246500,USGS,IAN,2022,4080.0
2022-09-27 21:00:00,0.359,0.23,-0.1289999999999999,-81.6653735,30.3224616,02246500,USGS,IAN,2022,4140.0
2022-09-27 22:00:00,0.229,0.2,-0.0289999999999999,-81.6653735,30.3224616,02246500,USGS,IAN,2022,4200.0
2022-09-27 23:00:00,0.209,0.198,-0.0109999999999999,-81.6653735,30.3224616,02246500,USGS,IAN,2022,4260.0
2022-09-28 00:00:00,0.579,0.279,-0.2999999999999999,-81.6653735,30.3224616,02246500,USGS,IAN,2022,4320.0
2022-09-28 01:00:00,1.209,0.548,-0.661,-81.6653735,30.3224616,02246500,USGS,IAN,2022,4380.0
2022-09-28 02:00:00,1.599,0.734,-0.865,-81.6653735,30.3224616,02246500,USGS,IAN,2022,4440.0
2022-09-28 03:00:00,1.739,0.793,-0.946,-81.6653735,30.3224616,02246500,USGS,IAN,2022,4500.0
2022-09-28 04:00:00,1.819,0.829,-0.99,-81.6653735,30.3224616,02246500,USGS,IAN,2022,4560.0
2022-09-28 05:00:00,1.819,0.813,-1.006,-81.6653735,30.3224616,02246500,USGS,IAN,2022,4620.0
2022-09-28 06:00:00,1.619,0.608,-1.011,-81.6653735,30.3224616,02246500,USGS,IAN,2022,4680.0
2022-09-28 07:00:00,1.199,0.361,-0.8380000000000001,-81.6653735,30.3224616,02246500,USGS,IAN,2022,4740.0
2022-09-28 08:00:00,0.719,0.24,-0.479,-81.6653735,30.3224616,02246500,USGS,IAN,2022,4800.0
2022-09-28 09:00:00,0.349,0.202,-0.1469999999999999,-81.6653735,30.3224616,02246500,USGS,IAN,2022,4860.0
2022-09-28 10:00:00,0.239,0.169,-0.0699999999999999,-81.6653735,30.3224616,02246500,USGS,IAN,2022,4920.0
2022-09-28 11:00:00,0.289,0.16,-0.1289999999999999,-81.6653735,30.3224616,02246500,USGS,IAN,2022,4980.0
2022-09-28 12:00:00,0.668,0.226,-0.442,-81.6653735,30.3224616,02246500,USGS,IAN,2022,5040.0
2022-09-28 13:00:00,1.248,0.503,-0.745,-81.6653735,30.3224616,02246500,USGS,IAN,2022,5100.0
2022-09-28 14:00:00,1.689,0.717,-0.972,-81.6653735,30.3224616,02246500,USGS,IAN,2022,5160.0
2022-09-28 15:00:00,1.969,0.81,-1.159,-81.6653735,30.3224616,02246500,USGS,IAN,2022,5220.0
2022-09-28 16:00:00,1.998,0.873,-1.125,-81.6653735,30.3224616,02246500,USGS,IAN,2022,5280.0
2022-09-28 17:00:00,2.129,0.909,-1.22,-81.6653735,30.3224616,02246500,USGS,IAN,2022,5340.0
2022-09-28 18:00:00,2.109,0.839,-1.27,-81.6653735,30.3224616,02246500,USGS,IAN,2022,5400.0
2022-09-28 19:00:00,1.809,0.581,-1.228,-81.6653735,30.3224616,02246500,USGS,IAN,2022,5460.0
2022-09-28 20:00:00,1.519,0.383,-1.136,-81.6653735,30.3224616,02246500,USGS,IAN,2022,5520.0
2022-09-28 21:00:00,1.168,0.272,-0.8959999999999999,-81.6653735,30.3224616,02246500,USGS,IAN,2022,5580.0
2022-09-28 22:00:00,0.859,0.214,-0.645,-81.6653735,30.3224616,02246500,USGS,IAN,2022,5640.0
2022-09-28 23:00:00,0.739,0.138,-0.601,-81.6653735,30.3224616,02246500,USGS,IAN,2022,5700.0
2022-09-29 00:00:00,0.838,0.121,-0.717,-81.6653735,30.3224616,02246500,USGS,IAN,2022,5760.0
2022-09-29 01:00:00,1.309,0.308,-1.001,-81.6653735,30.3224616,02246500,USGS,IAN,2022,5820.0
2022-09-29 02:00:00,1.758,0.406,-1.352,-81.6653735,30.3224616,02246500,USGS,IAN,2022,5880.0
2022-09-29 03:00:00,1.989,0.424,-1.5650000000000002,-81.6653735,30.3224616,02246500,USGS,IAN,2022,5940.0
2022-09-29 04:00:00,2.139,0.485,-1.654,-81.6653735,30.3224616,02246500,USGS,IAN,2022,6000.0
2022-09-29 05:00:00,2.189,0.571,-1.618,-81.6653735,30.3224616,02246500,USGS,IAN,2022,6060.0
2022-09-29 06:00:00,2.109,0.656,-1.4529999999999998,-81.6653735,30.3224616,02246500,USGS,IAN,2022,6120.0
2022-09-29 07:00:00,2.088,0.667,-1.421,-81.6653735,30.3224616,02246500,USGS,IAN,2022,6180.0
2022-09-29 08:00:00,1.909,0.52,-1.389,-81.6653735,30.3224616,02246500,USGS,IAN,2022,6240.0
2022-09-29 09:00:00,1.668,0.319,-1.349,-81.6653735,30.3224616,02246500,USGS,IAN,2022,6300.0
2022-09-29 10:00:00,1.349,0.212,-1.137,-81.6653735,30.3224616,02246500,USGS,IAN,2022,6360.0
2022-09-29 11:00:00,1.199,0.067,-1.132,-81.6653735,30.3224616,02246500,USGS,IAN,2022,6420.0
2022-09-29 12:00:00,1.248,-0.001,-1.249,-81.6653735,30.3224616,02246500,USGS,IAN,2022,6480.0
2022-09-29 13:00:00,1.579,-0.003,-1.582,-81.6653735,30.3224616,02246500,USGS,IAN,2022,6540.0
2022-09-29 14:00:00,1.889,0.021,-1.868,-81.6653735,30.3224616,02246500,USGS,IAN,2022,6600.0
2022-09-29 15:00:00,1.928,0.1,-1.828,-81.6653735,30.3224616,02246500,USGS,IAN,2022,6660.0
2022-09-29 16:00:00,2.059,0.226,-1.833,-81.6653735,30.3224616,02246500,USGS,IAN,2022,6720.0
2022-09-29 17:00:00,2.269,0.362,-1.907,-81.6653735,30.3224616,02246500,USGS,IAN,2022,6780.0
2022-09-29 18:00:00,2.319,0.472,-1.847,-81.6653735,30.3224616,02246500,USGS,IAN,2022,6840.0
2022-09-29 19:00:00,2.439,0.511,-1.928,-81.6653735,30.3224616,02246500,USGS,IAN,2022,6900.0
2022-09-29 20:00:00,2.508,0.357,-2.151,-81.6653735,30.3224616,02246500,USGS,IAN,2022,6960.0
2022-09-29 21:00:00,2.329,0.155,-2.1740000000000004,-81.6653735,30.3224616,02246500,USGS,IAN,2022,7020.0
2022-09-29 22:00:00,2.119,-0.083,-2.2020000000000004,-81.6653735,30.3224616,02246500,USGS,IAN,2022,7080.0
2022-09-29 23:00:00,1.829,-0.249,-2.078,-81.6653735,30.3224616,02246500,USGS,IAN,2022,7140.0
2022-09-30 00:00:00,1.699,-0.258,-1.957,-81.6653735,30.3224616,02246500,USGS,IAN,2022,7200.0
2022-09-30 01:00:00,1.819,-0.096,-1.915,-81.6653735,30.3224616,02246500,USGS,IAN,2022,7260.0
2022-09-30 02:00:00,2.099,0.213,-1.886,-81.6653735,30.3224616,02246500,USGS,IAN,2022,7320.0
2022-09-30 03:00:00,2.539,0.637,-1.902,-81.6653735,30.3224616,02246500,USGS,IAN,2022,7380.0
2022-09-30 04:00:00,2.569,1.147,-1.422,-81.6653735,30.3224616,02246500,USGS,IAN,2022,7440.0
2022-09-30 05:00:00,2.668,1.658,-1.0100000000000002,-81.6653735,30.3224616,02246500,USGS,IAN,2022,7500.0
2022-09-30 06:00:00,2.989,2.119,-0.8699999999999997,-81.6653735,30.3224616,02246500,USGS,IAN,2022,7560.0
2022-09-30 07:00:00,2.969,2.473,-0.496,-81.6653735,30.3224616,02246500,USGS,IAN,2022,7620.0
2022-09-30 08:00:00,2.949,2.644,-0.3049999999999997,-81.6653735,30.3224616,02246500,USGS,IAN,2022,7680.0
2022-09-30 09:00:00,2.869,2.575,-0.294,-81.6653735,30.3224616,02246500,USGS,IAN,2022,7740.0
2022-09-30 10:00:00,2.689,2.47,-0.2189999999999998,-81.6653735,30.3224616,02246500,USGS,IAN,2022,7800.0
2022-09-30 11:00:00,2.418,2.364,-0.0540000000000002,-81.6653735,30.3224616,02246500,USGS,IAN,2022,7860.0
2022-09-30 12:00:00,2.329,2.269,-0.06,-81.6653735,30.3224616,02246500,USGS,IAN,2022,7920.0
2022-09-30 13:00:00,2.329,2.222,-0.1070000000000002,-81.6653735,30.3224616,02246500,USGS,IAN,2022,7980.0
2022-09-30 14:00:00,2.258,2.254,-0.004,-81.6653735,30.3224616,02246500,USGS,IAN,2022,8040.0
2022-09-30 15:00:00,2.439,2.399,-0.04,-81.6653735,30.3224616,02246500,USGS,IAN,2022,8100.0
2022-09-30 16:00:00,2.809,2.653,-0.1560000000000001,-81.6653735,30.3224616,02246500,USGS,IAN,2022,8160.0
2022-09-30 17:00:00,3.109,2.841,-0.2679999999999998,-81.6653735,30.3224616,02246500,USGS,IAN,2022,8220.0
2022-09-30 18:00:00,3.588,2.911,-0.677,-81.6653735,30.3224616,02246500,USGS,IAN,2022,8280.0
2022-09-30 19:00:00,3.579,2.894,-0.685,-81.6653735,30.3224616,02246500,USGS,IAN,2022,8340.0
2022-09-30 20:00:00,3.069,2.732,-0.3369999999999997,-81.6653735,30.3224616,02246500,USGS,IAN,2022,8400.0
2022-09-30 21:00:00,2.659,2.47,-0.1889999999999996,-81.6653735,30.3224616,02246500,USGS,IAN,2022,8460.0
2022-09-30 22:00:00,2.329,2.297,-0.032,-81.6653735,30.3224616,02246500,USGS,IAN,2022,8520.0
2022-09-30 23:00:00,2.178,2.204,0.0260000000000002,-81.6653735,30.3224616,02246500,USGS,IAN,2022,8580.0
2022-10-01 00:00:00,2.049,2.135,0.0859999999999998,-81.6653735,30.3224616,02246500,USGS,IAN,2022,8640.0
2022-10-01 01:00:00,2.008,2.097,0.0889999999999999,-81.6653735,30.3224616,02246500,USGS,IAN,2022,8700.0
2022-10-01 02:00:00,2.029,2.087,0.0580000000000002,-81.6653735,30.3224616,02246500,USGS,IAN,2022,8760.0
2022-10-01 03:00:00,2.168,2.077,-0.0910000000000001,-81.6653735,30.3224616,02246500,USGS,IAN,2022,8820.0
2022-10-01 04:00:00,2.409,2.076,-0.3329999999999997,-81.6653735,30.3224616,02246500,USGS,IAN,2022,8880.0
2022-10-01 05:00:00,2.859,2.13,-0.7290000000000001,-81.6653735,30.3224616,02246500,USGS,IAN,2022,8940.0
2022-10-01 06:00:00,3.229,2.181,-1.048,-81.6653735,30.3224616,02246500,USGS,IAN,2022,9000.0
2022-10-01 07:00:00,3.239,2.123,-1.1159999999999997,-81.6653735,30.3224616,02246500,USGS,IAN,2022,9060.0
2022-10-01 08:00:00,2.989,1.976,-1.013,-81.6653735,30.3224616,02246500,USGS,IAN,2022,9120.0
2022-10-01 09:00:00,2.559,1.816,-0.7430000000000001,-81.6653735,30.3224616,02246500,USGS,IAN,2022,9180.0
2022-10-01 10:00:00,2.129,1.68,-0.449,-81.6653735,30.3224616,02246500,USGS,IAN,2022,9240.0
2022-10-01 11:00:00,1.849,1.558,-0.2909999999999999,-81.6653735,30.3224616,02246500,USGS,IAN,2022,9300.0
2022-10-01 12:00:00,1.609,1.46,-0.149,-81.6653735,30.3224616,02246500,USGS,IAN,2022,9360.0
2022-10-01 13:00:00,1.459,1.387,-0.072,-81.6653735,30.3224616,02246500,USGS,IAN,2022,9420.0
2022-10-01 14:00:00,1.508,1.352,-0.1559999999999999,-81.6653735,30.3224616,02246500,USGS,IAN,2022,9480.0
2022-10-01 15:00:00,1.729,1.342,-0.387,-81.6653735,30.3224616,02246500,USGS,IAN,2022,9540.0
2022-10-01 16:00:00,2.139,1.469,-0.6699999999999997,-81.6653735,30.3224616,02246500,USGS,IAN,2022,9600.0
2022-10-01 17:00:00,2.359,1.7,-0.659,-81.6653735,30.3224616,02246500,USGS,IAN,2022,9660.0
2022-10-01 18:00:00,2.649,1.803,-0.8460000000000001,-81.6653735,30.3224616,02246500,USGS,IAN,2022,9720.0
2022-10-01 19:00:00,2.649,1.804,-0.845,-81.6653735,30.3224616,02246500,USGS,IAN,2022,9780.0
2022-10-01 20:00:00,2.409,1.742,-0.6669999999999998,-81.6653735,30.3224616,02246500,USGS,IAN,2022,9840.0
2022-10-01 21:00:00,2.219,1.523,-0.696,-81.6653735,30.3224616,02246500,USGS,IAN,2022,9900.0
2022-10-01 22:00:00,2.008,1.281,-0.7270000000000001,-81.6653735,30.3224616,02246500,USGS,IAN,2022,9960.0
2022-10-01 23:00:00,1.639,1.193,-0.4459999999999999,-81.6653735,30.3224616,02246500,USGS,IAN,2022,10020.0
2022-09-30 16:00:00,2.847,2.874,0.0270000000000001,-81.69648758,30.41746058,02246621,USGS,IAN,2022,8160.0
2022-09-30 17:00:00,3.637,3.191,-0.4460000000000002,-81.69648758,30.41746058,02246621,USGS,IAN,2022,8220.0
2022-09-30 18:00:00,4.047,3.352,-0.6949999999999998,-81.69648758,30.41746058,02246621,USGS,IAN,2022,8280.0
2022-09-30 19:00:00,4.087,3.247,-0.8399999999999999,-81.69648758,30.41746058,02246621,USGS,IAN,2022,8340.0
2022-09-25 01:00:00,1.684,0.26,-1.424,-80.4275516,27.75447297,02251800,USGS,IAN,2022,60.0
2022-09-25 02:00:00,1.764,0.289,-1.475,-80.4275516,27.75447297,02251800,USGS,IAN,2022,120.0
2022-09-25 03:00:00,1.774,0.277,-1.497,-80.4275516,27.75447297,02251800,USGS,IAN,2022,180.0
2022-09-25 04:00:00,1.754,0.192,-1.562,-80.4275516,27.75447297,02251800,USGS,IAN,2022,240.0
2022-09-25 05:00:00,1.624,0.128,-1.496,-80.4275516,27.75447297,02251800,USGS,IAN,2022,300.0
2022-09-25 06:00:00,1.464,0.065,-1.399,-80.4275516,27.75447297,02251800,USGS,IAN,2022,360.0
2022-09-25 07:00:00,1.324,0.034,-1.29,-80.4275516,27.75447297,02251800,USGS,IAN,2022,420.0
2022-09-25 08:00:00,1.214,-0.001,-1.215,-80.4275516,27.75447297,02251800,USGS,IAN,2022,480.0
2022-09-25 09:00:00,1.144,-0.017,-1.1609999999999998,-80.4275516,27.75447297,02251800,USGS,IAN,2022,540.0
2022-09-25 10:00:00,1.104,0.025,-1.0790000000000002,-80.4275516,27.75447297,02251800,USGS,IAN,2022,600.0
2022-09-25 11:00:00,1.164,0.107,-1.057,-80.4275516,27.75447297,02251800,USGS,IAN,2022,660.0
2022-09-25 12:00:00,1.274,0.196,-1.078,-80.4275516,27.75447297,02251800,USGS,IAN,2022,720.0
2022-09-25 13:00:00,1.434,0.249,-1.185,-80.4275516,27.75447297,02251800,USGS,IAN,2022,780.0
2022-09-25 14:00:00,1.524,0.283,-1.241,-80.4275516,27.75447297,02251800,USGS,IAN,2022,840.0
2022-09-25 15:00:00,1.614,0.284,-1.33,-80.4275516,27.75447297,02251800,USGS,IAN,2022,900.0
2022-09-25 16:00:00,1.634,0.214,-1.42,-80.4275516,27.75447297,02251800,USGS,IAN,2022,960.0
2022-09-25 17:00:00,1.564,0.145,-1.419,-80.4275516,27.75447297,02251800,USGS,IAN,2022,1020.0
2022-09-25 18:00:00,1.504,0.075,-1.429,-80.4275516,27.75447297,02251800,USGS,IAN,2022,1080.0
2022-09-25 19:00:00,1.474,0.042,-1.432,-80.4275516,27.75447297,02251800,USGS,IAN,2022,1140.0
2022-09-25 20:00:00,1.414,0.005,-1.409,-80.4275516,27.75447297,02251800,USGS,IAN,2022,1200.0
2022-09-25 21:00:00,1.374,-0.02,-1.394,-80.4275516,27.75447297,02251800,USGS,IAN,2022,1260.0
2022-09-25 22:00:00,1.404,-0.003,-1.4069999999999998,-80.4275516,27.75447297,02251800,USGS,IAN,2022,1320.0
2022-09-25 23:00:00,1.434,0.086,-1.348,-80.4275516,27.75447297,02251800,USGS,IAN,2022,1380.0
2022-09-26 00:00:00,1.534,0.171,-1.363,-80.4275516,27.75447297,02251800,USGS,IAN,2022,1440.0
2022-09-26 01:00:00,1.634,0.244,-1.39,-80.4275516,27.75447297,02251800,USGS,IAN,2022,1500.0
2022-09-26 02:00:00,1.664,0.283,-1.381,-80.4275516,27.75447297,02251800,USGS,IAN,2022,1560.0
2022-09-26 03:00:00,1.744,0.299,-1.445,-80.4275516,27.75447297,02251800,USGS,IAN,2022,1620.0
2022-09-26 04:00:00,1.794,0.259,-1.535,-80.4275516,27.75447297,02251800,USGS,IAN,2022,1680.0
2022-09-26 05:00:00,1.644,0.175,-1.469,-80.4275516,27.75447297,02251800,USGS,IAN,2022,1740.0
2022-09-26 06:00:00,1.514,0.102,-1.412,-80.4275516,27.75447297,02251800,USGS,IAN,2022,1800.0
2022-09-26 07:00:00,1.384,0.057,-1.327,-80.4275516,27.75447297,02251800,USGS,IAN,2022,1860.0
2022-09-26 08:00:00,1.294,0.022,-1.272,-80.4275516,27.75447297,02251800,USGS,IAN,2022,1920.0
2022-09-26 09:00:00,1.204,-0.007,-1.211,-80.4275516,27.75447297,02251800,USGS,IAN,2022,1980.0
2022-09-26 10:00:00,1.174,-0.008,-1.182,-80.4275516,27.75447297,02251800,USGS,IAN,2022,2040.0
2022-09-26 11:00:00,1.224,0.078,-1.146,-80.4275516,27.75447297,02251800,USGS,IAN,2022,2100.0
2022-09-26 12:00:00,1.284,0.159,-1.125,-80.4275516,27.75447297,02251800,USGS,IAN,2022,2160.0
2022-09-26 13:00:00,1.454,0.246,-1.208,-80.4275516,27.75447297,02251800,USGS,IAN,2022,2220.0
2022-09-26 14:00:00,1.594,0.296,-1.298,-80.4275516,27.75447297,02251800,USGS,IAN,2022,2280.0
2022-09-26 15:00:00,1.714,0.328,-1.386,-80.4275516,27.75447297,02251800,USGS,IAN,2022,2340.0
2022-09-26 16:00:00,1.804,0.315,-1.489,-80.4275516,27.75447297,02251800,USGS,IAN,2022,2400.0
2022-09-26 17:00:00,1.784,0.225,-1.559,-80.4275516,27.75447297,02251800,USGS,IAN,2022,2460.0
2022-09-26 18:00:00,1.694,0.154,-1.54,-80.4275516,27.75447297,02251800,USGS,IAN,2022,2520.0
2022-09-26 19:00:00,1.544,0.085,-1.459,-80.4275516,27.75447297,02251800,USGS,IAN,2022,2580.0
2022-09-26 20:00:00,1.464,0.052,-1.412,-80.4275516,27.75447297,02251800,USGS,IAN,2022,2640.0
2022-09-26 21:00:00,1.394,0.015,-1.379,-80.4275516,27.75447297,02251800,USGS,IAN,2022,2700.0
2022-09-26 22:00:00,1.354,-0.002,-1.356,-80.4275516,27.75447297,02251800,USGS,IAN,2022,2760.0
2022-09-26 23:00:00,1.324,0.031,-1.293,-80.4275516,27.75447297,02251800,USGS,IAN,2022,2820.0
2022-09-27 00:00:00,1.354,0.121,-1.233,-80.4275516,27.75447297,02251800,USGS,IAN,2022,2880.0
2022-09-27 01:00:00,1.394,0.213,-1.1809999999999998,-80.4275516,27.75447297,02251800,USGS,IAN,2022,2940.0
2022-09-27 02:00:00,1.474,0.268,-1.206,-80.4275516,27.75447297,02251800,USGS,IAN,2022,3000.0
2022-09-27 03:00:00,1.534,0.3,-1.234,-80.4275516,27.75447297,02251800,USGS,IAN,2022,3060.0
2022-09-27 04:00:00,1.584,0.298,-1.286,-80.4275516,27.75447297,02251800,USGS,IAN,2022,3120.0
2022-09-27 05:00:00,1.474,0.218,-1.256,-80.4275516,27.75447297,02251800,USGS,IAN,2022,3180.0
2022-09-27 06:00:00,1.364,0.148,-1.2160000000000002,-80.4275516,27.75447297,02251800,USGS,IAN,2022,3240.0
2022-09-27 07:00:00,1.264,0.078,-1.186,-80.4275516,27.75447297,02251800,USGS,IAN,2022,3300.0
2022-09-27 08:00:00,1.184,0.047,-1.137,-80.4275516,27.75447297,02251800,USGS,IAN,2022,3360.0
2022-09-27 09:00:00,1.124,0.008,-1.116,-80.4275516,27.75447297,02251800,USGS,IAN,2022,3420.0
2022-09-27 10:00:00,1.094,-0.013,-1.107,-80.4275516,27.75447297,02251800,USGS,IAN,2022,3480.0
2022-09-27 11:00:00,1.094,0.014,-1.08,-80.4275516,27.75447297,02251800,USGS,IAN,2022,3540.0
2022-09-27 12:00:00,1.114,0.11,-1.004,-80.4275516,27.75447297,02251800,USGS,IAN,2022,3600.0
2022-09-27 13:00:00,1.264,0.211,-1.053,-80.4275516,27.75447297,02251800,USGS,IAN,2022,3660.0
2022-09-27 14:00:00,1.384,0.289,-1.095,-80.4275516,27.75447297,02251800,USGS,IAN,2022,3720.0
2022-09-27 15:00:00,1.494,0.341,-1.153,-80.4275516,27.75447297,02251800,USGS,IAN,2022,3780.0
2022-09-27 16:00:00,1.594,0.364,-1.23,-80.4275516,27.75447297,02251800,USGS,IAN,2022,3840.0
2022-09-27 17:00:00,1.574,0.33,-1.244,-80.4275516,27.75447297,02251800,USGS,IAN,2022,3900.0
2022-09-27 18:00:00,1.474,0.237,-1.237,-80.4275516,27.75447297,02251800,USGS,IAN,2022,3960.0
2022-09-27 19:00:00,1.344,0.157,-1.187,-80.4275516,27.75447297,02251800,USGS,IAN,2022,4020.0
2022-09-27 20:00:00,1.234,0.087,-1.147,-80.4275516,27.75447297,02251800,USGS,IAN,2022,4080.0
2022-09-27 21:00:00,1.164,0.047,-1.117,-80.4275516,27.75447297,02251800,USGS,IAN,2022,4140.0
2022-09-27 22:00:00,1.074,0.01,-1.064,-80.4275516,27.75447297,02251800,USGS,IAN,2022,4200.0
2022-09-27 23:00:00,1.024,-0.005,-1.029,-80.4275516,27.75447297,02251800,USGS,IAN,2022,4260.0
2022-09-28 00:00:00,1.054,0.052,-1.002,-80.4275516,27.75447297,02251800,USGS,IAN,2022,4320.0
2022-09-28 01:00:00,1.184,0.13,-1.0539999999999998,-80.4275516,27.75447297,02251800,USGS,IAN,2022,4380.0
2022-09-28 02:00:00,1.334,0.212,-1.122,-80.4275516,27.75447297,02251800,USGS,IAN,2022,4440.0
2022-09-28 03:00:00,1.494,0.248,-1.246,-80.4275516,27.75447297,02251800,USGS,IAN,2022,4500.0
2022-09-28 04:00:00,1.584,0.273,-1.311,-80.4275516,27.75447297,02251800,USGS,IAN,2022,4560.0
2022-09-28 05:00:00,1.634,0.24,-1.394,-80.4275516,27.75447297,02251800,USGS,IAN,2022,4620.0
2022-09-28 06:00:00,1.564,0.149,-1.415,-80.4275516,27.75447297,02251800,USGS,IAN,2022,4680.0
2022-09-28 07:00:00,1.504,0.074,-1.43,-80.4275516,27.75447297,02251800,USGS,IAN,2022,4740.0
2022-09-28 08:00:00,1.454,-0.009,-1.463,-80.4275516,27.75447297,02251800,USGS,IAN,2022,4800.0
2022-09-28 09:00:00,1.344,-0.066,-1.41,-80.4275516,27.75447297,02251800,USGS,IAN,2022,4860.0
2022-09-28 10:00:00,1.334,-0.116,-1.4500000000000002,-80.4275516,27.75447297,02251800,USGS,IAN,2022,4920.0
2022-09-28 11:00:00,1.374,-0.15,-1.524,-80.4275516,27.75447297,02251800,USGS,IAN,2022,4980.0
2022-09-28 12:00:00,1.424,-0.119,-1.543,-80.4275516,27.75447297,02251800,USGS,IAN,2022,5040.0
2022-09-28 13:00:00,1.834,-0.062,-1.896,-80.4275516,27.75447297,02251800,USGS,IAN,2022,5100.0
2022-09-28 14:00:00,1.884,-0.011,-1.895,-80.4275516,27.75447297,02251800,USGS,IAN,2022,5160.0
2022-09-28 15:00:00,1.964,0.013,-1.951,-80.4275516,27.75447297,02251800,USGS,IAN,2022,5220.0
2022-09-28 16:00:00,2.094,-0.005,-2.099,-80.4275516,27.75447297,02251800,USGS,IAN,2022,5280.0
2022-09-28 17:00:00,2.134,-0.071,-2.205,-80.4275516,27.75447297,02251800,USGS,IAN,2022,5340.0
2022-09-28 18:00:00,2.054,-0.178,-2.232,-80.4275516,27.75447297,02251800,USGS,IAN,2022,5400.0
2022-09-28 19:00:00,1.974,-0.323,-2.297,-80.4275516,27.75447297,02251800,USGS,IAN,2022,5460.0
2022-09-28 20:00:00,1.824,-0.508,-2.332,-80.4275516,27.75447297,02251800,USGS,IAN,2022,5520.0
2022-09-28 21:00:00,1.664,-0.692,-2.356,-80.4275516,27.75447297,02251800,USGS,IAN,2022,5580.0
2022-09-28 22:00:00,1.584,-0.815,-2.399,-80.4275516,27.75447297,02251800,USGS,IAN,2022,5640.0
2022-09-28 23:00:00,1.434,-0.857,-2.291,-80.4275516,27.75447297,02251800,USGS,IAN,2022,5700.0
2022-09-29 00:00:00,1.354,-0.694,-2.048,-80.4275516,27.75447297,02251800,USGS,IAN,2022,5760.0
2022-09-29 01:00:00,1.234,-0.516,-1.75,-80.4275516,27.75447297,02251800,USGS,IAN,2022,5820.0
2022-09-29 02:00:00,1.244,-0.301,-1.545,-80.4275516,27.75447297,02251800,USGS,IAN,2022,5880.0
2022-09-29 03:00:00,0.914,-0.196,-1.11,-80.4275516,27.75447297,02251800,USGS,IAN,2022,5940.0
2022-09-29 04:00:00,0.824,-0.129,-0.953,-80.4275516,27.75447297,02251800,USGS,IAN,2022,6000.0
2022-09-29 05:00:00,0.864,0.147,-0.717,-80.4275516,27.75447297,02251800,USGS,IAN,2022,6060.0
2022-09-29 06:00:00,0.894,0.49,-0.404,-80.4275516,27.75447297,02251800,USGS,IAN,2022,6120.0
2022-09-29 07:00:00,0.854,0.651,-0.2029999999999999,-80.4275516,27.75447297,02251800,USGS,IAN,2022,6180.0
2022-09-29 08:00:00,0.784,0.564,-0.22,-80.4275516,27.75447297,02251800,USGS,IAN,2022,6240.0
2022-09-29 09:00:00,0.774,0.479,-0.295,-80.4275516,27.75447297,02251800,USGS,IAN,2022,6300.0
2022-09-29 10:00:00,0.654,0.367,-0.287,-80.4275516,27.75447297,02251800,USGS,IAN,2022,6360.0
2022-09-29 11:00:00,0.644,0.199,-0.445,-80.4275516,27.75447297,02251800,USGS,IAN,2022,6420.0
2022-09-29 12:00:00,0.604,-0.013,-0.617,-80.4275516,27.75447297,02251800,USGS,IAN,2022,6480.0
2022-09-29 13:00:00,0.804,-0.25,-1.054,-80.4275516,27.75447297,02251800,USGS,IAN,2022,6540.0
2022-09-29 14:00:00,1.164,-0.411,-1.575,-80.4275516,27.75447297,02251800,USGS,IAN,2022,6600.0
2022-09-29 15:00:00,1.454,-0.449,-1.903,-80.4275516,27.75447297,02251800,USGS,IAN,2022,6660.0
2022-09-29 16:00:00,1.824,-0.333,-2.157,-80.4275516,27.75447297,02251800,USGS,IAN,2022,6720.0
2022-09-29 17:00:00,2.104,-0.068,-2.172,-80.4275516,27.75447297,02251800,USGS,IAN,2022,6780.0
2022-09-29 18:00:00,2.324,0.111,-2.213,-80.4275516,27.75447297,02251800,USGS,IAN,2022,6840.0
2022-09-29 19:00:00,2.524,0.218,-2.306,-80.4275516,27.75447297,02251800,USGS,IAN,2022,6900.0
2022-09-29 20:00:00,2.544,0.314,-2.23,-80.4275516,27.75447297,02251800,USGS,IAN,2022,6960.0
2022-09-29 21:00:00,2.544,0.376,-2.168,-80.4275516,27.75447297,02251800,USGS,IAN,2022,7020.0
2022-09-29 22:00:00,2.564,0.434,-2.13,-80.4275516,27.75447297,02251800,USGS,IAN,2022,7080.0
2022-09-29 23:00:00,2.534,0.481,-2.053,-80.4275516,27.75447297,02251800,USGS,IAN,2022,7140.0
2022-09-30 00:00:00,2.504,0.531,-1.973,-80.4275516,27.75447297,02251800,USGS,IAN,2022,7200.0
2022-09-30 01:00:00,2.504,0.572,-1.932,-80.4275516,27.75447297,02251800,USGS,IAN,2022,7260.0
2022-09-30 02:00:00,2.504,0.639,-1.865,-80.4275516,27.75447297,02251800,USGS,IAN,2022,7320.0
2022-09-30 03:00:00,2.584,0.759,-1.825,-80.4275516,27.75447297,02251800,USGS,IAN,2022,7380.0
2022-09-30 04:00:00,2.674,0.855,-1.819,-80.4275516,27.75447297,02251800,USGS,IAN,2022,7440.0
2022-09-30 05:00:00,2.764,0.936,-1.828,-80.4275516,27.75447297,02251800,USGS,IAN,2022,7500.0
2022-09-30 06:00:00,2.784,0.937,-1.847,-80.4275516,27.75447297,02251800,USGS,IAN,2022,7560.0
2022-09-30 07:00:00,2.754,0.855,-1.899,-80.4275516,27.75447297,02251800,USGS,IAN,2022,7620.0
2022-09-30 08:00:00,2.674,0.752,-1.922,-80.4275516,27.75447297,02251800,USGS,IAN,2022,7680.0
2022-09-30 09:00:00,2.614,0.641,-1.973,-80.4275516,27.75447297,02251800,USGS,IAN,2022,7740.0
2022-09-30 10:00:00,2.544,0.551,-1.993,-80.4275516,27.75447297,02251800,USGS,IAN,2022,7800.0
2022-09-30 11:00:00,2.474,0.493,-1.9810000000000003,-80.4275516,27.75447297,02251800,USGS,IAN,2022,7860.0
2022-09-30 12:00:00,2.434,0.44,-1.994,-80.4275516,27.75447297,02251800,USGS,IAN,2022,7920.0
2022-09-30 13:00:00,2.434,0.437,-1.997,-80.4275516,27.75447297,02251800,USGS,IAN,2022,7980.0
2022-09-30 14:00:00,2.534,0.495,-2.039,-80.4275516,27.75447297,02251800,USGS,IAN,2022,8040.0
2022-09-30 15:00:00,2.664,0.556,-2.108,-80.4275516,27.75447297,02251800,USGS,IAN,2022,8100.0
2022-09-30 16:00:00,2.834,0.615,-2.2190000000000003,-80.4275516,27.75447297,02251800,USGS,IAN,2022,8160.0
2022-09-30 17:00:00,2.954,0.667,-2.287,-80.4275516,27.75447297,02251800,USGS,IAN,2022,8220.0
2022-09-30 18:00:00,3.054,0.698,-2.356,-80.4275516,27.75447297,02251800,USGS,IAN,2022,8280.0
2022-09-30 19:00:00,3.084,0.702,-2.382,-80.4275516,27.75447297,02251800,USGS,IAN,2022,8340.0
2022-09-30 20:00:00,3.074,0.654,-2.42,-80.4275516,27.75447297,02251800,USGS,IAN,2022,8400.0
2022-09-30 21:00:00,2.944,0.555,-2.389,-80.4275516,27.75447297,02251800,USGS,IAN,2022,8460.0
2022-09-30 22:00:00,2.774,0.466,-2.308,-80.4275516,27.75447297,02251800,USGS,IAN,2022,8520.0
2022-09-30 23:00:00,2.664,0.431,-2.233,-80.4275516,27.75447297,02251800,USGS,IAN,2022,8580.0
2022-10-01 00:00:00,2.594,0.388,-2.206,-80.4275516,27.75447297,02251800,USGS,IAN,2022,8640.0
2022-10-01 01:00:00,2.524,0.353,-2.1710000000000003,-80.4275516,27.75447297,02251800,USGS,IAN,2022,8700.0
2022-10-01 02:00:00,2.474,0.343,-2.131,-80.4275516,27.75447297,02251800,USGS,IAN,2022,8760.0
2022-10-01 03:00:00,2.474,0.389,-2.085,-80.4275516,27.75447297,02251800,USGS,IAN,2022,8820.0
2022-10-01 04:00:00,2.584,0.446,-2.138,-80.4275516,27.75447297,02251800,USGS,IAN,2022,8880.0
2022-10-01 05:00:00,2.704,0.512,-2.192,-80.4275516,27.75447297,02251800,USGS,IAN,2022,8940.0
2022-10-01 06:00:00,2.774,0.549,-2.225,-80.4275516,27.75447297,02251800,USGS,IAN,2022,9000.0
2022-10-01 07:00:00,2.774,0.533,-2.241,-80.4275516,27.75447297,02251800,USGS,IAN,2022,9060.0
2022-10-01 08:00:00,2.744,0.462,-2.282,-80.4275516,27.75447297,02251800,USGS,IAN,2022,9120.0
2022-10-01 09:00:00,2.724,0.396,-2.3280000000000003,-80.4275516,27.75447297,02251800,USGS,IAN,2022,9180.0
2022-10-01 10:00:00,2.684,0.335,-2.349,-80.4275516,27.75447297,02251800,USGS,IAN,2022,9240.0
2022-10-01 11:00:00,2.654,0.286,-2.368,-80.4275516,27.75447297,02251800,USGS,IAN,2022,9300.0
2022-10-01 12:00:00,2.614,0.241,-2.373,-80.4275516,27.75447297,02251800,USGS,IAN,2022,9360.0
2022-10-01 13:00:00,2.554,0.201,-2.353,-80.4275516,27.75447297,02251800,USGS,IAN,2022,9420.0
2022-10-01 14:00:00,2.524,0.202,-2.322,-80.4275516,27.75447297,02251800,USGS,IAN,2022,9480.0
2022-10-01 15:00:00,2.554,0.287,-2.267,-80.4275516,27.75447297,02251800,USGS,IAN,2022,9540.0
2022-10-01 16:00:00,2.664,0.377,-2.287,-80.4275516,27.75447297,02251800,USGS,IAN,2022,9600.0
2022-10-01 17:00:00,2.784,0.475,-2.309,-80.4275516,27.75447297,02251800,USGS,IAN,2022,9660.0
2022-10-01 18:00:00,2.864,0.546,-2.318,-80.4275516,27.75447297,02251800,USGS,IAN,2022,9720.0
2022-10-01 19:00:00,2.944,0.582,-2.362,-80.4275516,27.75447297,02251800,USGS,IAN,2022,9780.0
2022-10-01 20:00:00,2.954,0.577,-2.377,-80.4275516,27.75447297,02251800,USGS,IAN,2022,9840.0
2022-10-01 21:00:00,2.824,0.509,-2.315,-80.4275516,27.75447297,02251800,USGS,IAN,2022,9900.0
2022-10-01 22:00:00,2.684,0.439,-2.245,-80.4275516,27.75447297,02251800,USGS,IAN,2022,9960.0
2022-10-01 23:00:00,2.574,0.372,-2.202,-80.4275516,27.75447297,02251800,USGS,IAN,2022,10020.0
2022-09-25 01:00:00,2.313,0.317,-1.996,-80.2586592,27.20227,02277100,USGS,IAN,2022,60.0
2022-09-25 02:00:00,2.443,0.376,-2.067,-80.2586592,27.20227,02277100,USGS,IAN,2022,120.0
2022-09-25 03:00:00,2.413,0.363,-2.05,-80.2586592,27.20227,02277100,USGS,IAN,2022,180.0
2022-09-25 04:00:00,2.143,0.269,-1.874,-80.2586592,27.20227,02277100,USGS,IAN,2022,240.0
2022-09-25 05:00:00,1.853,0.177,-1.676,-80.2586592,27.20227,02277100,USGS,IAN,2022,300.0
2022-09-25 06:00:00,1.563,0.117,-1.446,-80.2586592,27.20227,02277100,USGS,IAN,2022,360.0
2022-09-25 07:00:00,1.313,0.051,-1.262,-80.2586592,27.20227,02277100,USGS,IAN,2022,420.0
2022-09-25 08:00:00,1.103,-0.002,-1.105,-80.2586592,27.20227,02277100,USGS,IAN,2022,480.0
2022-09-25 09:00:00,0.993,-0.033,-1.026,-80.2586592,27.20227,02277100,USGS,IAN,2022,540.0
2022-09-25 10:00:00,1.023,-0.007,-1.0299999999999998,-80.2586592,27.20227,02277100,USGS,IAN,2022,600.0
2022-09-25 11:00:00,1.293,0.093,-1.2,-80.2586592,27.20227,02277100,USGS,IAN,2022,660.0
2022-09-25 12:00:00,1.603,0.204,-1.399,-80.2586592,27.20227,02277100,USGS,IAN,2022,720.0
2022-09-25 13:00:00,1.873,0.318,-1.555,-80.2586592,27.20227,02277100,USGS,IAN,2022,780.0
2022-09-25 14:00:00,2.043,0.383,-1.66,-80.2586592,27.20227,02277100,USGS,IAN,2022,840.0
2022-09-25 15:00:00,2.053,0.392,-1.661,-80.2586592,27.20227,02277100,USGS,IAN,2022,900.0
2022-09-25 16:00:00,1.833,0.309,-1.524,-80.2586592,27.20227,02277100,USGS,IAN,2022,960.0
2022-09-25 17:00:00,1.603,0.214,-1.389,-80.2586592,27.20227,02277100,USGS,IAN,2022,1020.0
2022-09-25 18:00:00,1.333,0.144,-1.189,-80.2586592,27.20227,02277100,USGS,IAN,2022,1080.0
2022-09-25 19:00:00,1.063,0.077,-0.986,-80.2586592,27.20227,02277100,USGS,IAN,2022,1140.0
2022-09-25 20:00:00,0.853,0.019,-0.834,-80.2586592,27.20227,02277100,USGS,IAN,2022,1200.0
2022-09-25 21:00:00,0.743,-0.023,-0.766,-80.2586592,27.20227,02277100,USGS,IAN,2022,1260.0
2022-09-25 22:00:00,0.863,-0.029,-0.892,-80.2586592,27.20227,02277100,USGS,IAN,2022,1320.0
2022-09-25 23:00:00,1.183,0.061,-1.122,-80.2586592,27.20227,02277100,USGS,IAN,2022,1380.0
2022-09-26 00:00:00,1.523,0.175,-1.348,-80.2586592,27.20227,02277100,USGS,IAN,2022,1440.0
2022-09-26 01:00:00,1.843,0.277,-1.5659999999999998,-80.2586592,27.20227,02277100,USGS,IAN,2022,1500.0
2022-09-26 02:00:00,2.083,0.374,-1.709,-80.2586592,27.20227,02277100,USGS,IAN,2022,1560.0
2022-09-26 03:00:00,2.173,0.412,-1.761,-80.2586592,27.20227,02277100,USGS,IAN,2022,1620.0
2022-09-26 04:00:00,2.013,0.349,-1.664,-80.2586592,27.20227,02277100,USGS,IAN,2022,1680.0
2022-09-26 05:00:00,1.753,0.247,-1.5059999999999998,-80.2586592,27.20227,02277100,USGS,IAN,2022,1740.0
2022-09-26 06:00:00,1.483,0.166,-1.3170000000000002,-80.2586592,27.20227,02277100,USGS,IAN,2022,1800.0
2022-09-26 07:00:00,1.193,0.103,-1.09,-80.2586592,27.20227,02277100,USGS,IAN,2022,1860.0
2022-09-26 08:00:00,0.943,0.04,-0.903,-80.2586592,27.20227,02277100,USGS,IAN,2022,1920.0
2022-09-26 09:00:00,0.793,-0.009,-0.802,-80.2586592,27.20227,02277100,USGS,IAN,2022,1980.0
2022-09-26 10:00:00,0.743,-0.03,-0.773,-80.2586592,27.20227,02277100,USGS,IAN,2022,2040.0
2022-09-26 11:00:00,0.973,0.04,-0.933,-80.2586592,27.20227,02277100,USGS,IAN,2022,2100.0
2022-09-26 12:00:00,1.293,0.159,-1.134,-80.2586592,27.20227,02277100,USGS,IAN,2022,2160.0
2022-09-26 13:00:00,1.633,0.258,-1.375,-80.2586592,27.20227,02277100,USGS,IAN,2022,2220.0
2022-09-26 14:00:00,1.913,0.335,-1.578,-80.2586592,27.20227,02277100,USGS,IAN,2022,2280.0
2022-09-26 15:00:00,2.083,0.408,-1.6750000000000005,-80.2586592,27.20227,02277100,USGS,IAN,2022,2340.0
2022-09-26 16:00:00,2.123,0.423,-1.7000000000000002,-80.2586592,27.20227,02277100,USGS,IAN,2022,2400.0
2022-09-26 17:00:00,1.863,0.326,-1.537,-80.2586592,27.20227,02277100,USGS,IAN,2022,2460.0
2022-09-26 18:00:00,1.623,0.229,-1.394,-80.2586592,27.20227,02277100,USGS,IAN,2022,2520.0
2022-09-26 19:00:00,1.323,0.162,-1.161,-80.2586592,27.20227,02277100,USGS,IAN,2022,2580.0
2022-09-26 20:00:00,1.063,0.092,-0.971,-80.2586592,27.20227,02277100,USGS,IAN,2022,2640.0
2022-09-26 21:00:00,0.853,0.035,-0.818,-80.2586592,27.20227,02277100,USGS,IAN,2022,2700.0
2022-09-26 22:00:00,0.793,-0.001,-0.794,-80.2586592,27.20227,02277100,USGS,IAN,2022,2760.0
2022-09-26 23:00:00,0.913,0.017,-0.896,-80.2586592,27.20227,02277100,USGS,IAN,2022,2820.0
2022-09-27 00:00:00,1.193,0.122,-1.0710000000000002,-80.2586592,27.20227,02277100,USGS,IAN,2022,2880.0
2022-09-27 01:00:00,1.523,0.236,-1.287,-80.2586592,27.20227,02277100,USGS,IAN,2022,2940.0
2022-09-27 02:00:00,1.783,0.332,-1.4509999999999998,-80.2586592,27.20227,02277100,USGS,IAN,2022,3000.0
2022-09-27 03:00:00,1.943,0.409,-1.534,-80.2586592,27.20227,02277100,USGS,IAN,2022,3060.0
2022-09-27 04:00:00,1.943,0.414,-1.529,-80.2586592,27.20227,02277100,USGS,IAN,2022,3120.0
2022-09-27 05:00:00,1.673,0.314,-1.359,-80.2586592,27.20227,02277100,USGS,IAN,2022,3180.0
2022-09-27 06:00:00,1.423,0.217,-1.206,-80.2586592,27.20227,02277100,USGS,IAN,2022,3240.0
2022-09-27 07:00:00,1.133,0.149,-0.984,-80.2586592,27.20227,02277100,USGS,IAN,2022,3300.0
2022-09-27 08:00:00,0.853,0.078,-0.775,-80.2586592,27.20227,02277100,USGS,IAN,2022,3360.0
2022-09-27 09:00:00,0.643,0.019,-0.624,-80.2586592,27.20227,02277100,USGS,IAN,2022,3420.0
2022-09-27 10:00:00,0.513,-0.023,-0.536,-80.2586592,27.20227,02277100,USGS,IAN,2022,3480.0
2022-09-27 11:00:00,0.603,-0.02,-0.623,-80.2586592,27.20227,02277100,USGS,IAN,2022,3540.0
2022-09-27 12:00:00,0.913,0.089,-0.8240000000000001,-80.2586592,27.20227,02277100,USGS,IAN,2022,3600.0
2022-09-27 13:00:00,1.283,0.215,-1.0679999999999998,-80.2586592,27.20227,02277100,USGS,IAN,2022,3660.0
2022-09-27 14:00:00,1.633,0.286,-1.347,-80.2586592,27.20227,02277100,USGS,IAN,2022,3720.0
2022-09-27 15:00:00,1.883,0.353,-1.53,-80.2586592,27.20227,02277100,USGS,IAN,2022,3780.0
2022-09-27 16:00:00,2.033,0.434,-1.599,-80.2586592,27.20227,02277100,USGS,IAN,2022,3840.0
2022-09-27 17:00:00,1.913,0.441,-1.472,-80.2586592,27.20227,02277100,USGS,IAN,2022,3900.0
2022-09-27 18:00:00,1.643,0.327,-1.316,-80.2586592,27.20227,02277100,USGS,IAN,2022,3960.0
2022-09-27 19:00:00,1.383,0.231,-1.152,-80.2586592,27.20227,02277100,USGS,IAN,2022,4020.0
2022-09-27 20:00:00,1.143,0.163,-0.98,-80.2586592,27.20227,02277100,USGS,IAN,2022,4080.0
2022-09-27 21:00:00,0.863,0.092,-0.771,-80.2586592,27.20227,02277100,USGS,IAN,2022,4140.0
2022-09-27 22:00:00,0.693,0.035,-0.6579999999999999,-80.2586592,27.20227,02277100,USGS,IAN,2022,4200.0
2022-09-27 23:00:00,0.663,0.006,-0.657,-80.2586592,27.20227,02277100,USGS,IAN,2022,4260.0
2022-09-28 00:00:00,0.883,0.057,-0.826,-80.2586592,27.20227,02277100,USGS,IAN,2022,4320.0
2022-09-28 01:00:00,1.193,0.163,-1.03,-80.2586592,27.20227,02277100,USGS,IAN,2022,4380.0
2022-09-28 02:00:00,1.533,0.272,-1.261,-80.2586592,27.20227,02277100,USGS,IAN,2022,4440.0
2022-09-28 03:00:00,1.843,0.353,-1.49,-80.2586592,27.20227,02277100,USGS,IAN,2022,4500.0
2022-09-28 04:00:00,2.153,0.409,-1.744,-80.2586592,27.20227,02277100,USGS,IAN,2022,4560.0
2022-09-28 05:00:00,2.013,0.381,-1.632,-80.2586592,27.20227,02277100,USGS,IAN,2022,4620.0
2022-09-28 06:00:00,1.753,0.263,-1.4899999999999998,-80.2586592,27.20227,02277100,USGS,IAN,2022,4680.0
2022-09-28 07:00:00,1.563,0.159,-1.404,-80.2586592,27.20227,02277100,USGS,IAN,2022,4740.0
2022-09-28 08:00:00,1.393,0.078,-1.315,-80.2586592,27.20227,02277100,USGS,IAN,2022,4800.0
2022-09-28 09:00:00,1.163,-0.007,-1.17,-80.2586592,27.20227,02277100,USGS,IAN,2022,4860.0
2022-09-28 10:00:00,1.023,-0.074,-1.097,-80.2586592,27.20227,02277100,USGS,IAN,2022,4920.0
2022-09-28 11:00:00,1.053,-0.119,-1.172,-80.2586592,27.20227,02277100,USGS,IAN,2022,4980.0
2022-09-28 12:00:00,1.313,-0.075,-1.388,-80.2586592,27.20227,02277100,USGS,IAN,2022,5040.0
2022-09-28 13:00:00,1.723,0.037,-1.6860000000000002,-80.2586592,27.20227,02277100,USGS,IAN,2022,5100.0
2022-09-28 14:00:00,2.133,0.128,-2.005,-80.2586592,27.20227,02277100,USGS,IAN,2022,5160.0
2022-09-28 15:00:00,2.533,0.184,-2.349,-80.2586592,27.20227,02277100,USGS,IAN,2022,5220.0
2022-09-28 16:00:00,2.723,0.213,-2.51,-80.2586592,27.20227,02277100,USGS,IAN,2022,5280.0
2022-09-28 17:00:00,2.743,0.266,-2.477,-80.2586592,27.20227,02277100,USGS,IAN,2022,5340.0
2022-09-28 18:00:00,2.533,0.212,-2.321,-80.2586592,27.20227,02277100,USGS,IAN,2022,5400.0
2022-09-28 19:00:00,2.333,0.065,-2.268,-80.2586592,27.20227,02277100,USGS,IAN,2022,5460.0
2022-09-28 20:00:00,2.063,-0.124,-2.1870000000000003,-80.2586592,27.20227,02277100,USGS,IAN,2022,5520.0
2022-09-28 21:00:00,1.823,-0.318,-2.141,-80.2586592,27.20227,02277100,USGS,IAN,2022,5580.0
2022-09-28 22:00:00,1.633,-0.489,-2.122,-80.2586592,27.20227,02277100,USGS,IAN,2022,5640.0
2022-09-28 23:00:00,1.483,-0.599,-2.082,-80.2586592,27.20227,02277100,USGS,IAN,2022,5700.0
2022-09-29 00:00:00,1.493,-0.658,-2.151,-80.2586592,27.20227,02277100,USGS,IAN,2022,5760.0
2022-09-29 01:00:00,1.693,-0.659,-2.3520000000000003,-80.2586592,27.20227,02277100,USGS,IAN,2022,5820.0
2022-09-29 02:00:00,1.923,-0.619,-2.542,-80.2586592,27.20227,02277100,USGS,IAN,2022,5880.0
2022-09-29 03:00:00,2.163,-0.624,-2.787,-80.2586592,27.20227,02277100,USGS,IAN,2022,5940.0
2022-09-29 04:00:00,2.293,-0.613,-2.906,-80.2586592,27.20227,02277100,USGS,IAN,2022,6000.0
2022-09-29 05:00:00,2.263,-0.7,-2.963,-80.2586592,27.20227,02277100,USGS,IAN,2022,6060.0
2022-09-29 06:00:00,2.003,-0.838,-2.841,-80.2586592,27.20227,02277100,USGS,IAN,2022,6120.0
2022-09-29 07:00:00,1.663,-1.013,-2.676,-80.2586592,27.20227,02277100,USGS,IAN,2022,6180.0
2022-09-29 08:00:00,1.373,-1.238,-2.611,-80.2586592,27.20227,02277100,USGS,IAN,2022,6240.0
2022-09-29 09:00:00,1.113,-1.461,-2.574,-80.2586592,27.20227,02277100,USGS,IAN,2022,6300.0
2022-09-29 10:00:00,0.883,-1.659,-2.542,-80.2586592,27.20227,02277100,USGS,IAN,2022,6360.0
2022-09-29 11:00:00,0.723,-1.827,-2.55,-80.2586592,27.20227,02277100,USGS,IAN,2022,6420.0
2022-09-29 12:00:00,0.653,-1.933,-2.5860000000000003,-80.2586592,27.20227,02277100,USGS,IAN,2022,6480.0
2022-09-29 13:00:00,0.793,-1.924,-2.717,-80.2586592,27.20227,02277100,USGS,IAN,2022,6540.0
2022-09-29 14:00:00,1.103,-1.849,-2.952,-80.2586592,27.20227,02277100,USGS,IAN,2022,6600.0
2022-09-29 15:00:00,1.433,-1.716,-3.149,-80.2586592,27.20227,02277100,USGS,IAN,2022,6660.0
2022-09-29 16:00:00,1.713,-1.57,-3.2830000000000004,-80.2586592,27.20227,02277100,USGS,IAN,2022,6720.0
2022-09-29 17:00:00,1.883,-1.444,-3.327,-80.2586592,27.20227,02277100,USGS,IAN,2022,6780.0
2022-09-29 18:00:00,1.863,-1.353,-3.216,-80.2586592,27.20227,02277100,USGS,IAN,2022,6840.0
2022-09-29 19:00:00,1.663,-1.287,-2.95,-80.2586592,27.20227,02277100,USGS,IAN,2022,6900.0
2022-09-29 20:00:00,1.453,-1.26,-2.713,-80.2586592,27.20227,02277100,USGS,IAN,2022,6960.0
2022-09-29 21:00:00,1.233,-1.243,-2.476,-80.2586592,27.20227,02277100,USGS,IAN,2022,7020.0
2022-09-29 22:00:00,1.023,-1.195,-2.218,-80.2586592,27.20227,02277100,USGS,IAN,2022,7080.0
2022-09-29 23:00:00,0.843,-1.151,-1.994,-80.2586592,27.20227,02277100,USGS,IAN,2022,7140.0
2022-09-30 00:00:00,0.713,-1.093,-1.806,-80.2586592,27.20227,02277100,USGS,IAN,2022,7200.0
2022-09-30 01:00:00,0.793,-0.985,-1.778,-80.2586592,27.20227,02277100,USGS,IAN,2022,7260.0
2022-09-30 02:00:00,0.973,-0.835,-1.808,-80.2586592,27.20227,02277100,USGS,IAN,2022,7320.0
2022-09-30 03:00:00,1.323,-0.684,-2.007,-80.2586592,27.20227,02277100,USGS,IAN,2022,7380.0
2022-09-30 04:00:00,1.613,-0.546,-2.159,-80.2586592,27.20227,02277100,USGS,IAN,2022,7440.0
2022-09-30 05:00:00,1.853,-0.426,-2.279,-80.2586592,27.20227,02277100,USGS,IAN,2022,7500.0
2022-09-30 06:00:00,1.893,-0.359,-2.252,-80.2586592,27.20227,02277100,USGS,IAN,2022,7560.0
2022-09-30 07:00:00,1.793,-0.36,-2.153,-80.2586592,27.20227,02277100,USGS,IAN,2022,7620.0
2022-09-30 08:00:00,1.623,-0.428,-2.051,-80.2586592,27.20227,02277100,USGS,IAN,2022,7680.0
2022-09-30 09:00:00,1.413,-0.483,-1.896,-80.2586592,27.20227,02277100,USGS,IAN,2022,7740.0
2022-09-30 10:00:00,1.213,-0.516,-1.729,-80.2586592,27.20227,02277100,USGS,IAN,2022,7800.0
2022-09-30 11:00:00,1.043,-0.554,-1.597,-80.2586592,27.20227,02277100,USGS,IAN,2022,7860.0
2022-09-30 12:00:00,0.943,-0.578,-1.521,-80.2586592,27.20227,02277100,USGS,IAN,2022,7920.0
2022-09-30 13:00:00,1.103,-0.525,-1.628,-80.2586592,27.20227,02277100,USGS,IAN,2022,7980.0
2022-09-30 14:00:00,1.463,-0.405,-1.868,-80.2586592,27.20227,02277100,USGS,IAN,2022,8040.0
2022-09-30 15:00:00,1.893,-0.254,-2.147,-80.2586592,27.20227,02277100,USGS,IAN,2022,8100.0
2022-09-30 16:00:00,2.313,-0.125,-2.438,-80.2586592,27.20227,02277100,USGS,IAN,2022,8160.0
2022-09-30 17:00:00,2.643,-0.023,-2.666,-80.2586592,27.20227,02277100,USGS,IAN,2022,8220.0
2022-09-30 18:00:00,2.903,0.086,-2.817,-80.2586592,27.20227,02277100,USGS,IAN,2022,8280.0
2022-09-30 19:00:00,3.023,0.174,-2.849,-80.2586592,27.20227,02277100,USGS,IAN,2022,8340.0
2022-09-30 20:00:00,2.883,0.184,-2.699,-80.2586592,27.20227,02277100,USGS,IAN,2022,8400.0
2022-09-30 21:00:00,2.663,0.088,-2.575,-80.2586592,27.20227,02277100,USGS,IAN,2022,8460.0
2022-09-30 22:00:00,2.403,-0.003,-2.406,-80.2586592,27.20227,02277100,USGS,IAN,2022,8520.0
2022-09-30 23:00:00,2.123,-0.047,-2.1700000000000004,-80.2586592,27.20227,02277100,USGS,IAN,2022,8580.0
2022-10-01 00:00:00,1.893,-0.094,-1.987,-80.2586592,27.20227,02277100,USGS,IAN,2022,8640.0
2022-10-01 01:00:00,1.773,-0.134,-1.907,-80.2586592,27.20227,02277100,USGS,IAN,2022,8700.0
2022-10-01 02:00:00,1.803,-0.127,-1.93,-80.2586592,27.20227,02277100,USGS,IAN,2022,8760.0
2022-10-01 03:00:00,2.033,-0.035,-2.068,-80.2586592,27.20227,02277100,USGS,IAN,2022,8820.0
2022-10-01 04:00:00,2.313,0.08,-2.233,-80.2586592,27.20227,02277100,USGS,IAN,2022,8880.0
2022-10-01 05:00:00,2.553,0.181,-2.372,-80.2586592,27.20227,02277100,USGS,IAN,2022,8940.0
2022-10-01 06:00:00,2.693,0.257,-2.436,-80.2586592,27.20227,02277100,USGS,IAN,2022,9000.0
2022-10-01 07:00:00,2.653,0.268,-2.385,-80.2586592,27.20227,02277100,USGS,IAN,2022,9060.0
2022-10-01 08:00:00,2.453,0.184,-2.269,-80.2586592,27.20227,02277100,USGS,IAN,2022,9120.0
2022-10-01 09:00:00,2.193,0.088,-2.105,-80.2586592,27.20227,02277100,USGS,IAN,2022,9180.0
2022-10-01 10:00:00,1.863,0.018,-1.845,-80.2586592,27.20227,02277100,USGS,IAN,2022,9240.0
2022-10-01 11:00:00,1.613,-0.051,-1.664,-80.2586592,27.20227,02277100,USGS,IAN,2022,9300.0
2022-10-01 12:00:00,1.403,-0.115,-1.518,-80.2586592,27.20227,02277100,USGS,IAN,2022,9360.0
2022-10-01 13:00:00,1.283,-0.161,-1.444,-80.2586592,27.20227,02277100,USGS,IAN,2022,9420.0
2022-10-01 14:00:00,1.433,-0.147,-1.58,-80.2586592,27.20227,02277100,USGS,IAN,2022,9480.0
2022-10-01 15:00:00,1.783,-0.02,-1.803,-80.2586592,27.20227,02277100,USGS,IAN,2022,9540.0
2022-10-01 16:00:00,2.153,0.122,-2.031,-80.2586592,27.20227,02277100,USGS,IAN,2022,9600.0
2022-10-01 17:00:00,2.513,0.214,-2.299,-80.2586592,27.20227,02277100,USGS,IAN,2022,9660.0
2022-10-01 18:00:00,2.773,0.295,-2.478,-80.2586592,27.20227,02277100,USGS,IAN,2022,9720.0
2022-10-01 19:00:00,2.963,0.379,-2.584,-80.2586592,27.20227,02277100,USGS,IAN,2022,9780.0
2022-10-01 20:00:00,2.953,0.428,-2.525,-80.2586592,27.20227,02277100,USGS,IAN,2022,9840.0
2022-10-01 21:00:00,2.783,0.365,-2.418,-80.2586592,27.20227,02277100,USGS,IAN,2022,9900.0
2022-10-01 22:00:00,2.503,0.257,-2.246,-80.2586592,27.20227,02277100,USGS,IAN,2022,9960.0
2022-10-01 23:00:00,2.203,0.178,-2.025,-80.2586592,27.20227,02277100,USGS,IAN,2022,10020.0
2022-09-25 01:00:00,2.44,0.316,-2.124,-80.206713,27.19977036,02277110,USGS,IAN,2022,60.0
2022-09-25 02:00:00,2.53,0.361,-2.169,-80.206713,27.19977036,02277110,USGS,IAN,2022,120.0
2022-09-25 03:00:00,2.35,0.339,-2.011,-80.206713,27.19977036,02277110,USGS,IAN,2022,180.0
2022-09-25 04:00:00,2.12,0.263,-1.857,-80.206713,27.19977036,02277110,USGS,IAN,2022,240.0
2022-09-25 05:00:00,1.84,0.18,-1.66,-80.206713,27.19977036,02277110,USGS,IAN,2022,300.0
2022-09-25 06:00:00,1.55,0.112,-1.438,-80.206713,27.19977036,02277110,USGS,IAN,2022,360.0
2022-09-25 07:00:00,1.31,0.047,-1.263,-80.206713,27.19977036,02277110,USGS,IAN,2022,420.0
2022-09-25 08:00:00,1.12,-0.0,-1.12,-80.206713,27.19977036,02277110,USGS,IAN,2022,480.0
2022-09-25 09:00:00,1.09,-0.026,-1.116,-80.206713,27.19977036,02277110,USGS,IAN,2022,540.0
2022-09-25 10:00:00,1.31,0.022,-1.288,-80.206713,27.19977036,02277110,USGS,IAN,2022,600.0
2022-09-25 11:00:00,1.55,0.097,-1.453,-80.206713,27.19977036,02277110,USGS,IAN,2022,660.0
2022-09-25 12:00:00,1.82,0.215,-1.605,-80.206713,27.19977036,02277110,USGS,IAN,2022,720.0
2022-09-25 13:00:00,2.09,0.307,-1.783,-80.206713,27.19977036,02277110,USGS,IAN,2022,780.0
2022-09-25 14:00:00,2.23,0.377,-1.853,-80.206713,27.19977036,02277110,USGS,IAN,2022,840.0
2022-09-25 15:00:00,2.11,0.374,-1.7359999999999998,-80.206713,27.19977036,02277110,USGS,IAN,2022,900.0
2022-09-25 16:00:00,1.88,0.297,-1.583,-80.206713,27.19977036,02277110,USGS,IAN,2022,960.0
2022-09-25 17:00:00,1.63,0.215,-1.4149999999999998,-80.206713,27.19977036,02277110,USGS,IAN,2022,1020.0
2022-09-25 18:00:00,1.34,0.139,-1.201,-80.206713,27.19977036,02277110,USGS,IAN,2022,1080.0
2022-09-25 19:00:00,1.06,0.072,-0.988,-80.206713,27.19977036,02277110,USGS,IAN,2022,1140.0
2022-09-25 20:00:00,0.86,0.02,-0.84,-80.206713,27.19977036,02277110,USGS,IAN,2022,1200.0
2022-09-25 21:00:00,0.86,-0.02,-0.88,-80.206713,27.19977036,02277110,USGS,IAN,2022,1260.0
2022-09-25 22:00:00,1.17,0.003,-1.167,-80.206713,27.19977036,02277110,USGS,IAN,2022,1320.0
2022-09-25 23:00:00,1.42,0.071,-1.349,-80.206713,27.19977036,02277110,USGS,IAN,2022,1380.0
2022-09-26 00:00:00,1.75,0.185,-1.565,-80.206713,27.19977036,02277110,USGS,IAN,2022,1440.0
2022-09-26 01:00:00,2.06,0.28,-1.78,-80.206713,27.19977036,02277110,USGS,IAN,2022,1500.0
2022-09-26 02:00:00,2.28,0.371,-1.909,-80.206713,27.19977036,02277110,USGS,IAN,2022,1560.0
2022-09-26 03:00:00,2.28,0.388,-1.892,-80.206713,27.19977036,02277110,USGS,IAN,2022,1620.0
2022-09-26 04:00:00,2.0,0.326,-1.674,-80.206713,27.19977036,02277110,USGS,IAN,2022,1680.0
2022-09-26 05:00:00,1.8,0.254,-1.546,-80.206713,27.19977036,02277110,USGS,IAN,2022,1740.0
2022-09-26 06:00:00,1.5,0.163,-1.337,-80.206713,27.19977036,02277110,USGS,IAN,2022,1800.0
2022-09-26 07:00:00,1.21,0.097,-1.113,-80.206713,27.19977036,02277110,USGS,IAN,2022,1860.0
2022-09-26 08:00:00,1.0,0.04,-0.96,-80.206713,27.19977036,02277110,USGS,IAN,2022,1920.0
2022-09-26 09:00:00,0.88,-0.01,-0.89,-80.206713,27.19977036,02277110,USGS,IAN,2022,1980.0
2022-09-26 10:00:00,0.96,-0.011,-0.971,-80.206713,27.19977036,02277110,USGS,IAN,2022,2040.0
2022-09-26 11:00:00,1.31,0.063,-1.247,-80.206713,27.19977036,02277110,USGS,IAN,2022,2100.0
2022-09-26 12:00:00,1.56,0.169,-1.391,-80.206713,27.19977036,02277110,USGS,IAN,2022,2160.0
2022-09-26 13:00:00,1.88,0.252,-1.628,-80.206713,27.19977036,02277110,USGS,IAN,2022,2220.0
2022-09-26 14:00:00,2.13,0.349,-1.781,-80.206713,27.19977036,02277110,USGS,IAN,2022,2280.0
2022-09-26 15:00:00,2.24,0.392,-1.8480000000000003,-80.206713,27.19977036,02277110,USGS,IAN,2022,2340.0
2022-09-26 16:00:00,2.12,0.392,-1.7280000000000002,-80.206713,27.19977036,02277110,USGS,IAN,2022,2400.0
2022-09-26 17:00:00,1.9,0.318,-1.582,-80.206713,27.19977036,02277110,USGS,IAN,2022,2460.0
2022-09-26 18:00:00,1.65,0.231,-1.4189999999999998,-80.206713,27.19977036,02277110,USGS,IAN,2022,2520.0
2022-09-26 19:00:00,1.33,0.156,-1.1740000000000002,-80.206713,27.19977036,02277110,USGS,IAN,2022,2580.0
2022-09-26 20:00:00,1.1,0.087,-1.013,-80.206713,27.19977036,02277110,USGS,IAN,2022,2640.0
2022-09-26 21:00:00,0.95,0.036,-0.914,-80.206713,27.19977036,02277110,USGS,IAN,2022,2700.0
2022-09-26 22:00:00,0.92,0.004,-0.916,-80.206713,27.19977036,02277110,USGS,IAN,2022,2760.0
2022-09-26 23:00:00,1.2,0.05,-1.15,-80.206713,27.19977036,02277110,USGS,IAN,2022,2820.0
2022-09-27 00:00:00,1.47,0.125,-1.345,-80.206713,27.19977036,02277110,USGS,IAN,2022,2880.0
2022-09-27 01:00:00,1.73,0.25,-1.48,-80.206713,27.19977036,02277110,USGS,IAN,2022,2940.0
2022-09-27 02:00:00,1.99,0.336,-1.654,-80.206713,27.19977036,02277110,USGS,IAN,2022,3000.0
2022-09-27 03:00:00,2.12,0.394,-1.726,-80.206713,27.19977036,02277110,USGS,IAN,2022,3060.0
2022-09-27 04:00:00,1.98,0.386,-1.594,-80.206713,27.19977036,02277110,USGS,IAN,2022,3120.0
2022-09-27 05:00:00,1.72,0.303,-1.417,-80.206713,27.19977036,02277110,USGS,IAN,2022,3180.0
2022-09-27 06:00:00,1.44,0.219,-1.221,-80.206713,27.19977036,02277110,USGS,IAN,2022,3240.0
2022-09-27 07:00:00,1.14,0.142,-0.998,-80.206713,27.19977036,02277110,USGS,IAN,2022,3300.0
2022-09-27 08:00:00,0.88,0.072,-0.808,-80.206713,27.19977036,02277110,USGS,IAN,2022,3360.0
2022-09-27 09:00:00,0.69,0.018,-0.6719999999999999,-80.206713,27.19977036,02277110,USGS,IAN,2022,3420.0
2022-09-27 10:00:00,0.65,-0.021,-0.671,-80.206713,27.19977036,02277110,USGS,IAN,2022,3480.0
2022-09-27 11:00:00,0.89,0.019,-0.871,-80.206713,27.19977036,02277110,USGS,IAN,2022,3540.0
2022-09-27 12:00:00,1.2,0.094,-1.106,-80.206713,27.19977036,02277110,USGS,IAN,2022,3600.0
2022-09-27 13:00:00,1.53,0.202,-1.328,-80.206713,27.19977036,02277110,USGS,IAN,2022,3660.0
2022-09-27 14:00:00,1.85,0.292,-1.558,-80.206713,27.19977036,02277110,USGS,IAN,2022,3720.0
2022-09-27 15:00:00,2.09,0.358,-1.7319999999999998,-80.206713,27.19977036,02277110,USGS,IAN,2022,3780.0
2022-09-27 16:00:00,2.13,0.42,-1.71,-80.206713,27.19977036,02277110,USGS,IAN,2022,3840.0
2022-09-27 17:00:00,1.91,0.389,-1.521,-80.206713,27.19977036,02277110,USGS,IAN,2022,3900.0
2022-09-27 18:00:00,1.63,0.322,-1.3079999999999998,-80.206713,27.19977036,02277110,USGS,IAN,2022,3960.0
2022-09-27 19:00:00,1.37,0.226,-1.144,-80.206713,27.19977036,02277110,USGS,IAN,2022,4020.0
2022-09-27 20:00:00,1.09,0.149,-0.941,-80.206713,27.19977036,02277110,USGS,IAN,2022,4080.0
2022-09-27 21:00:00,0.88,0.08,-0.8,-80.206713,27.19977036,02277110,USGS,IAN,2022,4140.0
2022-09-27 22:00:00,0.74,0.026,-0.714,-80.206713,27.19977036,02277110,USGS,IAN,2022,4200.0
2022-09-27 23:00:00,0.82,0.006,-0.814,-80.206713,27.19977036,02277110,USGS,IAN,2022,4260.0
2022-09-28 00:00:00,1.12,0.065,-1.0550000000000002,-80.206713,27.19977036,02277110,USGS,IAN,2022,4320.0
2022-09-28 01:00:00,1.4,0.156,-1.244,-80.206713,27.19977036,02277110,USGS,IAN,2022,4380.0
2022-09-28 02:00:00,1.72,0.256,-1.464,-80.206713,27.19977036,02277110,USGS,IAN,2022,4440.0
2022-09-28 03:00:00,1.97,0.346,-1.624,-80.206713,27.19977036,02277110,USGS,IAN,2022,4500.0
2022-09-28 04:00:00,2.19,0.365,-1.825,-80.206713,27.19977036,02277110,USGS,IAN,2022,4560.0
2022-09-28 05:00:00,1.95,0.326,-1.624,-80.206713,27.19977036,02277110,USGS,IAN,2022,4620.0
2022-09-28 06:00:00,1.77,0.238,-1.532,-80.206713,27.19977036,02277110,USGS,IAN,2022,4680.0
2022-09-28 07:00:00,1.52,0.129,-1.391,-80.206713,27.19977036,02277110,USGS,IAN,2022,4740.0
2022-09-28 08:00:00,1.28,0.041,-1.239,-80.206713,27.19977036,02277110,USGS,IAN,2022,4800.0
2022-09-28 09:00:00,1.07,-0.048,-1.118,-80.206713,27.19977036,02277110,USGS,IAN,2022,4860.0
2022-09-28 10:00:00,0.92,-0.116,-1.036,-80.206713,27.19977036,02277110,USGS,IAN,2022,4920.0
2022-09-28 11:00:00,1.08,-0.149,-1.229,-80.206713,27.19977036,02277110,USGS,IAN,2022,4980.0
2022-09-28 12:00:00,1.48,-0.099,-1.579,-80.206713,27.19977036,02277110,USGS,IAN,2022,5040.0
2022-09-28 13:00:00,1.91,-0.014,-1.924,-80.206713,27.19977036,02277110,USGS,IAN,2022,5100.0
2022-09-28 14:00:00,2.25,0.032,-2.218,-80.206713,27.19977036,02277110,USGS,IAN,2022,5160.0
2022-09-28 15:00:00,2.64,0.081,-2.559,-80.206713,27.19977036,02277110,USGS,IAN,2022,5220.0
2022-09-28 16:00:00,2.81,0.104,-2.706,-80.206713,27.19977036,02277110,USGS,IAN,2022,5280.0
2022-09-28 17:00:00,2.74,0.114,-2.6260000000000003,-80.206713,27.19977036,02277110,USGS,IAN,2022,5340.0
2022-09-28 18:00:00,2.44,0.024,-2.416,-80.206713,27.19977036,02277110,USGS,IAN,2022,5400.0
2022-09-28 19:00:00,2.1,-0.144,-2.244,-80.206713,27.19977036,02277110,USGS,IAN,2022,5460.0
2022-09-28 20:00:00,1.81,-0.353,-2.1630000000000003,-80.206713,27.19977036,02277110,USGS,IAN,2022,5520.0
2022-09-28 21:00:00,1.61,-0.546,-2.156,-80.206713,27.19977036,02277110,USGS,IAN,2022,5580.0
2022-09-28 22:00:00,1.42,-0.72,-2.14,-80.206713,27.19977036,02277110,USGS,IAN,2022,5640.0
2022-09-28 23:00:00,1.39,-0.821,-2.211,-80.206713,27.19977036,02277110,USGS,IAN,2022,5700.0
2022-09-29 00:00:00,1.47,-0.869,-2.339,-80.206713,27.19977036,02277110,USGS,IAN,2022,5760.0
2022-09-29 01:00:00,1.78,-0.861,-2.641,-80.206713,27.19977036,02277110,USGS,IAN,2022,5820.0
2022-09-29 02:00:00,1.97,-0.765,-2.735,-80.206713,27.19977036,02277110,USGS,IAN,2022,5880.0
2022-09-29 03:00:00,2.23,-0.664,-2.894,-80.206713,27.19977036,02277110,USGS,IAN,2022,5940.0
2022-09-29 04:00:00,2.31,-0.679,-2.989,-80.206713,27.19977036,02277110,USGS,IAN,2022,6000.0
2022-09-29 05:00:00,2.2,-0.715,-2.915,-80.206713,27.19977036,02277110,USGS,IAN,2022,6060.0
2022-09-29 06:00:00,1.83,-0.807,-2.637,-80.206713,27.19977036,02277110,USGS,IAN,2022,6120.0
2022-09-29 07:00:00,1.52,-0.951,-2.471,-80.206713,27.19977036,02277110,USGS,IAN,2022,6180.0
2022-09-29 08:00:00,1.18,-1.131,-2.311,-80.206713,27.19977036,02277110,USGS,IAN,2022,6240.0
2022-09-29 09:00:00,0.91,-1.302,-2.212,-80.206713,27.19977036,02277110,USGS,IAN,2022,6300.0
2022-09-29 10:00:00,0.76,-1.47,-2.23,-80.206713,27.19977036,02277110,USGS,IAN,2022,6360.0
2022-09-29 11:00:00,0.69,-1.596,-2.286,-80.206713,27.19977036,02277110,USGS,IAN,2022,6420.0
2022-09-29 12:00:00,0.73,-1.585,-2.315,-80.206713,27.19977036,02277110,USGS,IAN,2022,6480.0
2022-09-29 13:00:00,1.14,-1.541,-2.681,-80.206713,27.19977036,02277110,USGS,IAN,2022,6540.0
2022-09-29 14:00:00,1.49,-1.395,-2.885,-80.206713,27.19977036,02277110,USGS,IAN,2022,6600.0
2022-09-29 15:00:00,1.79,-1.251,-3.041,-80.206713,27.19977036,02277110,USGS,IAN,2022,6660.0
2022-09-29 16:00:00,2.05,-1.113,-3.163,-80.206713,27.19977036,02277110,USGS,IAN,2022,6720.0
2022-09-29 17:00:00,2.11,-1.013,-3.123,-80.206713,27.19977036,02277110,USGS,IAN,2022,6780.0
2022-09-29 18:00:00,1.96,-0.95,-2.91,-80.206713,27.19977036,02277110,USGS,IAN,2022,6840.0
2022-09-29 19:00:00,1.73,-0.937,-2.667,-80.206713,27.19977036,02277110,USGS,IAN,2022,6900.0
2022-09-29 20:00:00,1.47,-0.966,-2.436,-80.206713,27.19977036,02277110,USGS,IAN,2022,6960.0
2022-09-29 21:00:00,1.22,-0.977,-2.197,-80.206713,27.19977036,02277110,USGS,IAN,2022,7020.0
2022-09-29 22:00:00,1.0,-0.997,-1.997,-80.206713,27.19977036,02277110,USGS,IAN,2022,7080.0
2022-09-29 23:00:00,0.85,-1.002,-1.852,-80.206713,27.19977036,02277110,USGS,IAN,2022,7140.0
2022-09-30 00:00:00,0.77,-0.964,-1.734,-80.206713,27.19977036,02277110,USGS,IAN,2022,7200.0
2022-09-30 01:00:00,0.93,-0.866,-1.796,-80.206713,27.19977036,02277110,USGS,IAN,2022,7260.0
2022-09-30 02:00:00,1.28,-0.757,-2.037,-80.206713,27.19977036,02277110,USGS,IAN,2022,7320.0
2022-09-30 03:00:00,1.61,-0.618,-2.228,-80.206713,27.19977036,02277110,USGS,IAN,2022,7380.0
2022-09-30 04:00:00,1.87,-0.503,-2.373,-80.206713,27.19977036,02277110,USGS,IAN,2022,7440.0
2022-09-30 05:00:00,2.07,-0.407,-2.477,-80.206713,27.19977036,02277110,USGS,IAN,2022,7500.0
2022-09-30 06:00:00,2.02,-0.357,-2.377,-80.206713,27.19977036,02277110,USGS,IAN,2022,7560.0
2022-09-30 07:00:00,1.88,-0.378,-2.258,-80.206713,27.19977036,02277110,USGS,IAN,2022,7620.0
2022-09-30 08:00:00,1.66,-0.412,-2.072,-80.206713,27.19977036,02277110,USGS,IAN,2022,7680.0
2022-09-30 09:00:00,1.42,-0.472,-1.892,-80.206713,27.19977036,02277110,USGS,IAN,2022,7740.0
2022-09-30 10:00:00,1.21,-0.509,-1.719,-80.206713,27.19977036,02277110,USGS,IAN,2022,7800.0
2022-09-30 11:00:00,1.07,-0.545,-1.6150000000000002,-80.206713,27.19977036,02277110,USGS,IAN,2022,7860.0
2022-09-30 12:00:00,1.1,-0.555,-1.6550000000000002,-80.206713,27.19977036,02277110,USGS,IAN,2022,7920.0
2022-09-30 13:00:00,1.44,-0.488,-1.928,-80.206713,27.19977036,02277110,USGS,IAN,2022,7980.0
2022-09-30 14:00:00,1.78,-0.384,-2.164,-80.206713,27.19977036,02277110,USGS,IAN,2022,8040.0
2022-09-30 15:00:00,2.21,-0.221,-2.431,-80.206713,27.19977036,02277110,USGS,IAN,2022,8100.0
2022-09-30 16:00:00,2.6,-0.121,-2.721,-80.206713,27.19977036,02277110,USGS,IAN,2022,8160.0
2022-09-30 17:00:00,2.91,-0.006,-2.916,-80.206713,27.19977036,02277110,USGS,IAN,2022,8220.0
2022-09-30 18:00:00,3.1,0.104,-2.996,-80.206713,27.19977036,02277110,USGS,IAN,2022,8280.0
2022-09-30 19:00:00,3.12,0.157,-2.963,-80.206713,27.19977036,02277110,USGS,IAN,2022,8340.0
2022-09-30 20:00:00,2.87,0.157,-2.713,-80.206713,27.19977036,02277110,USGS,IAN,2022,8400.0
2022-09-30 21:00:00,2.68,0.09,-2.5900000000000003,-80.206713,27.19977036,02277110,USGS,IAN,2022,8460.0
2022-09-30 22:00:00,2.38,0.012,-2.368,-80.206713,27.19977036,02277110,USGS,IAN,2022,8520.0
2022-09-30 23:00:00,2.13,-0.041,-2.171,-80.206713,27.19977036,02277110,USGS,IAN,2022,8580.0
2022-10-01 00:00:00,1.93,-0.091,-2.021,-80.206713,27.19977036,02277110,USGS,IAN,2022,8640.0
2022-10-01 01:00:00,1.88,-0.116,-1.996,-80.206713,27.19977036,02277110,USGS,IAN,2022,8700.0
2022-10-01 02:00:00,2.04,-0.083,-2.123,-80.206713,27.19977036,02277110,USGS,IAN,2022,8760.0
2022-10-01 03:00:00,2.33,-0.011,-2.341,-80.206713,27.19977036,02277110,USGS,IAN,2022,8820.0
2022-10-01 04:00:00,2.56,0.103,-2.457,-80.206713,27.19977036,02277110,USGS,IAN,2022,8880.0
2022-10-01 05:00:00,2.76,0.194,-2.566,-80.206713,27.19977036,02277110,USGS,IAN,2022,8940.0
2022-10-01 06:00:00,2.85,0.254,-2.596,-80.206713,27.19977036,02277110,USGS,IAN,2022,9000.0
2022-10-01 07:00:00,2.72,0.25,-2.47,-80.206713,27.19977036,02277110,USGS,IAN,2022,9060.0
2022-10-01 08:00:00,2.49,0.179,-2.3110000000000004,-80.206713,27.19977036,02277110,USGS,IAN,2022,9120.0
2022-10-01 09:00:00,2.19,0.098,-2.092,-80.206713,27.19977036,02277110,USGS,IAN,2022,9180.0
2022-10-01 10:00:00,1.89,0.024,-1.866,-80.206713,27.19977036,02277110,USGS,IAN,2022,9240.0
2022-10-01 11:00:00,1.65,-0.042,-1.692,-80.206713,27.19977036,02277110,USGS,IAN,2022,9300.0
2022-10-01 12:00:00,1.46,-0.096,-1.556,-80.206713,27.19977036,02277110,USGS,IAN,2022,9360.0
2022-10-01 13:00:00,1.43,-0.139,-1.569,-80.206713,27.19977036,02277110,USGS,IAN,2022,9420.0
2022-10-01 14:00:00,1.74,-0.094,-1.834,-80.206713,27.19977036,02277110,USGS,IAN,2022,9480.0
2022-10-01 15:00:00,2.04,-0.0,-2.04,-80.206713,27.19977036,02277110,USGS,IAN,2022,9540.0
2022-10-01 16:00:00,2.42,0.125,-2.295,-80.206713,27.19977036,02277110,USGS,IAN,2022,9600.0
2022-10-01 17:00:00,2.74,0.227,-2.5130000000000003,-80.206713,27.19977036,02277110,USGS,IAN,2022,9660.0
2022-10-01 18:00:00,3.0,0.303,-2.697,-80.206713,27.19977036,02277110,USGS,IAN,2022,9720.0
2022-10-01 19:00:00,3.14,0.389,-2.7510000000000003,-80.206713,27.19977036,02277110,USGS,IAN,2022,9780.0
2022-10-01 20:00:00,3.02,0.403,-2.617,-80.206713,27.19977036,02277110,USGS,IAN,2022,9840.0
2022-10-01 21:00:00,2.81,0.349,-2.4610000000000003,-80.206713,27.19977036,02277110,USGS,IAN,2022,9900.0
2022-10-01 22:00:00,2.51,0.263,-2.247,-80.206713,27.19977036,02277110,USGS,IAN,2022,9960.0
2022-10-01 23:00:00,2.23,0.181,-2.049,-80.206713,27.19977036,02277110,USGS,IAN,2022,10020.0
2022-09-28 14:00:00,2.938,2.988,0.0499999999999998,-81.2497222,25.70916667,02290888,USGS,IAN,2022,5160.0
2022-09-28 15:00:00,3.388,3.283,-0.1049999999999999,-81.2497222,25.70916667,02290888,USGS,IAN,2022,5220.0
2022-09-28 16:00:00,3.788,3.904,0.1160000000000001,-81.2497222,25.70916667,02290888,USGS,IAN,2022,5280.0
2022-09-28 17:00:00,4.078,4.502,0.4239999999999995,-81.2497222,25.70916667,02290888,USGS,IAN,2022,5340.0
2022-09-28 18:00:00,4.608,5.029,0.4210000000000002,-81.2497222,25.70916667,02290888,USGS,IAN,2022,5400.0
2022-09-28 19:00:00,4.938,5.39,0.4519999999999999,-81.2497222,25.70916667,02290888,USGS,IAN,2022,5460.0
2022-09-28 20:00:00,5.218,5.528,0.3099999999999996,-81.2497222,25.70916667,02290888,USGS,IAN,2022,5520.0
2022-09-28 21:00:00,5.208,5.408,0.2000000000000001,-81.2497222,25.70916667,02290888,USGS,IAN,2022,5580.0
2022-09-28 22:00:00,4.918,5.076,0.1579999999999994,-81.2497222,25.70916667,02290888,USGS,IAN,2022,5640.0
2022-09-28 23:00:00,4.578,4.593,0.0149999999999996,-81.2497222,25.70916667,02290888,USGS,IAN,2022,5700.0
2022-09-29 00:00:00,4.168,3.996,-0.1720000000000001,-81.2497222,25.70916667,02290888,USGS,IAN,2022,5760.0
2022-09-29 01:00:00,3.858,3.525,-0.3330000000000002,-81.2497222,25.70916667,02290888,USGS,IAN,2022,5820.0
2022-09-29 02:00:00,3.578,3.272,-0.306,-81.2497222,25.70916667,02290888,USGS,IAN,2022,5880.0
2022-09-29 03:00:00,3.338,3.16,-0.1779999999999999,-81.2497222,25.70916667,02290888,USGS,IAN,2022,5940.0
2022-09-29 04:00:00,3.208,3.224,0.016,-81.2497222,25.70916667,02290888,USGS,IAN,2022,6000.0
2022-09-29 05:00:00,3.248,3.566,0.3179999999999996,-81.2497222,25.70916667,02290888,USGS,IAN,2022,6060.0
2022-09-29 06:00:00,3.658,3.918,0.2600000000000002,-81.2497222,25.70916667,02290888,USGS,IAN,2022,6120.0
2022-09-29 07:00:00,3.828,4.218,0.3900000000000001,-81.2497222,25.70916667,02290888,USGS,IAN,2022,6180.0
2022-09-29 08:00:00,3.928,4.372,0.4439999999999999,-81.2497222,25.70916667,02290888,USGS,IAN,2022,6240.0
2022-09-29 09:00:00,3.778,4.23,0.4520000000000004,-81.2497222,25.70916667,02290888,USGS,IAN,2022,6300.0
2022-09-29 10:00:00,3.388,3.752,0.3639999999999999,-81.2497222,25.70916667,02290888,USGS,IAN,2022,6360.0
2022-09-29 11:00:00,3.148,3.366,0.2179999999999999,-81.2497222,25.70916667,02290888,USGS,IAN,2022,6420.0
2022-09-29 12:00:00,2.868,3.175,0.3069999999999999,-81.2497222,25.70916667,02290888,USGS,IAN,2022,6480.0
2022-09-29 13:00:00,2.598,3.092,0.4940000000000002,-81.2497222,25.70916667,02290888,USGS,IAN,2022,6540.0
2022-09-29 14:00:00,2.348,3.06,0.7120000000000002,-81.2497222,25.70916667,02290888,USGS,IAN,2022,6600.0
2022-09-29 15:00:00,2.158,3.021,0.863,-81.2497222,25.70916667,02290888,USGS,IAN,2022,6660.0
2022-09-29 16:00:00,2.038,2.991,0.9530000000000004,-81.2497222,25.70916667,02290888,USGS,IAN,2022,6720.0
2022-09-29 17:00:00,1.988,2.964,0.976,-81.2497222,25.70916667,02290888,USGS,IAN,2022,6780.0
2022-09-29 18:00:00,2.238,2.94,0.702,-81.2497222,25.70916667,02290888,USGS,IAN,2022,6840.0
2022-09-29 19:00:00,2.608,2.915,0.3069999999999999,-81.2497222,25.70916667,02290888,USGS,IAN,2022,6900.0
2022-09-29 20:00:00,2.828,2.891,0.0630000000000001,-81.2497222,25.70916667,02290888,USGS,IAN,2022,6960.0
2022-09-29 21:00:00,2.868,2.882,0.0140000000000002,-81.2497222,25.70916667,02290888,USGS,IAN,2022,7020.0
2022-09-29 22:00:00,2.698,2.888,0.1899999999999999,-81.2497222,25.70916667,02290888,USGS,IAN,2022,7080.0
2022-09-29 23:00:00,2.458,2.879,0.4209999999999998,-81.2497222,25.70916667,02290888,USGS,IAN,2022,7140.0
2022-09-30 00:00:00,2.168,2.857,0.6890000000000001,-81.2497222,25.70916667,02290888,USGS,IAN,2022,7200.0
2022-09-30 01:00:00,1.888,2.858,0.9700000000000002,-81.2497222,25.70916667,02290888,USGS,IAN,2022,7260.0
2022-09-30 02:00:00,1.698,2.831,1.133,-81.2497222,25.70916667,02290888,USGS,IAN,2022,7320.0
2022-09-30 03:00:00,1.558,2.827,1.269,-81.2497222,25.70916667,02290888,USGS,IAN,2022,7380.0
2022-09-30 04:00:00,1.488,2.867,1.379,-81.2497222,25.70916667,02290888,USGS,IAN,2022,7440.0
2022-09-30 05:00:00,1.498,2.856,1.358,-81.2497222,25.70916667,02290888,USGS,IAN,2022,7500.0
2022-09-30 06:00:00,1.788,2.821,1.033,-81.2497222,25.70916667,02290888,USGS,IAN,2022,7560.0
2022-09-30 07:00:00,2.228,2.844,0.6159999999999997,-81.2497222,25.70916667,02290888,USGS,IAN,2022,7620.0
2022-09-30 08:00:00,2.478,2.844,0.3659999999999996,-81.2497222,25.70916667,02290888,USGS,IAN,2022,7680.0
2022-09-30 09:00:00,2.558,2.845,0.2870000000000003,-81.2497222,25.70916667,02290888,USGS,IAN,2022,7740.0
2022-09-30 10:00:00,2.318,2.849,0.5310000000000001,-81.2497222,25.70916667,02290888,USGS,IAN,2022,7800.0
2022-09-30 11:00:00,1.988,2.828,0.8399999999999999,-81.2497222,25.70916667,02290888,USGS,IAN,2022,7860.0
2022-09-30 12:00:00,1.668,2.835,1.167,-81.2497222,25.70916667,02290888,USGS,IAN,2022,7920.0
2022-09-30 13:00:00,1.418,2.838,1.4200000000000002,-81.2497222,25.70916667,02290888,USGS,IAN,2022,7980.0
2022-09-30 14:00:00,1.238,2.841,1.6030000000000002,-81.2497222,25.70916667,02290888,USGS,IAN,2022,8040.0
2022-09-30 15:00:00,1.088,2.841,1.753,-81.2497222,25.70916667,02290888,USGS,IAN,2022,8100.0
2022-09-30 16:00:00,1.008,2.841,1.833,-81.2497222,25.70916667,02290888,USGS,IAN,2022,8160.0
2022-09-30 17:00:00,0.908,2.84,1.932,-81.2497222,25.70916667,02290888,USGS,IAN,2022,8220.0
2022-09-30 18:00:00,0.938,2.841,1.903,-81.2497222,25.70916667,02290888,USGS,IAN,2022,8280.0
2022-09-30 19:00:00,1.368,2.836,1.4679999999999995,-81.2497222,25.70916667,02290888,USGS,IAN,2022,8340.0
2022-09-30 20:00:00,2.038,2.829,0.7910000000000004,-81.2497222,25.70916667,02290888,USGS,IAN,2022,8400.0
2022-09-30 21:00:00,2.218,2.827,0.609,-81.2497222,25.70916667,02290888,USGS,IAN,2022,8460.0
2022-09-30 22:00:00,2.348,2.836,0.488,-81.2497222,25.70916667,02290888,USGS,IAN,2022,8520.0
2022-09-30 23:00:00,2.258,2.832,0.5739999999999998,-81.2497222,25.70916667,02290888,USGS,IAN,2022,8580.0
2022-10-01 00:00:00,1.848,2.826,0.978,-81.2497222,25.70916667,02290888,USGS,IAN,2022,8640.0
2022-10-01 01:00:00,1.598,2.823,1.225,-81.2497222,25.70916667,02290888,USGS,IAN,2022,8700.0
2022-10-01 02:00:00,1.398,2.814,1.416,-81.2497222,25.70916667,02290888,USGS,IAN,2022,8760.0
2022-10-01 03:00:00,1.218,2.817,1.5990000000000002,-81.2497222,25.70916667,02290888,USGS,IAN,2022,8820.0
2022-10-01 04:00:00,1.118,2.815,1.6969999999999998,-81.2497222,25.70916667,02290888,USGS,IAN,2022,8880.0
2022-10-01 05:00:00,1.138,2.812,1.674,-81.2497222,25.70916667,02290888,USGS,IAN,2022,8940.0
2022-10-01 06:00:00,1.368,2.806,1.438,-81.2497222,25.70916667,02290888,USGS,IAN,2022,9000.0
2022-10-01 07:00:00,1.768,2.803,1.035,-81.2497222,25.70916667,02290888,USGS,IAN,2022,9060.0
2022-10-01 08:00:00,2.098,2.798,0.7000000000000002,-81.2497222,25.70916667,02290888,USGS,IAN,2022,9120.0
2022-10-01 09:00:00,2.228,2.795,0.5669999999999997,-81.2497222,25.70916667,02290888,USGS,IAN,2022,9180.0
2022-10-01 10:00:00,2.298,2.792,0.4939999999999998,-81.2497222,25.70916667,02290888,USGS,IAN,2022,9240.0
2022-10-01 11:00:00,2.018,2.789,0.7710000000000004,-81.2497222,25.70916667,02290888,USGS,IAN,2022,9300.0
2022-10-01 12:00:00,1.688,2.782,1.094,-81.2497222,25.70916667,02290888,USGS,IAN,2022,9360.0
2022-10-01 13:00:00,1.398,2.779,1.381,-81.2497222,25.70916667,02290888,USGS,IAN,2022,9420.0
2022-10-01 14:00:00,1.138,2.776,1.638,-81.2497222,25.70916667,02290888,USGS,IAN,2022,9480.0
2022-10-01 15:00:00,0.948,2.772,1.824,-81.2497222,25.70916667,02290888,USGS,IAN,2022,9540.0
2022-10-01 16:00:00,0.818,2.769,1.951,-81.2497222,25.70916667,02290888,USGS,IAN,2022,9600.0
2022-10-01 17:00:00,0.708,2.766,2.058,-81.2497222,25.70916667,02290888,USGS,IAN,2022,9660.0
2022-10-01 18:00:00,0.668,2.761,2.093,-81.2497222,25.70916667,02290888,USGS,IAN,2022,9720.0
2022-10-01 19:00:00,0.878,2.757,1.879,-81.2497222,25.70916667,02290888,USGS,IAN,2022,9780.0
2022-10-01 20:00:00,1.398,2.753,1.3550000000000002,-81.2497222,25.70916667,02290888,USGS,IAN,2022,9840.0
2022-10-01 21:00:00,1.748,2.749,1.001,-81.2497222,25.70916667,02290888,USGS,IAN,2022,9900.0
2022-10-01 22:00:00,1.948,2.745,0.7970000000000002,-81.2497222,25.70916667,02290888,USGS,IAN,2022,9960.0
2022-10-01 23:00:00,2.098,2.742,0.6440000000000001,-81.2497222,25.70916667,02290888,USGS,IAN,2022,10020.0
2022-09-25 01:00:00,0.531,-0.134,-0.665,-82.447411,27.112719,02299734,USGS,IAN,2022,60.0
2022-09-25 02:00:00,0.921,0.295,-0.6260000000000001,-82.447411,27.112719,02299734,USGS,IAN,2022,120.0
2022-09-25 03:00:00,1.181,0.573,-0.6080000000000001,-82.447411,27.112719,02299734,USGS,IAN,2022,180.0
2022-09-25 04:00:00,1.381,0.628,-0.753,-82.447411,27.112719,02299734,USGS,IAN,2022,240.0
2022-09-25 05:00:00,1.271,0.505,-0.7659999999999999,-82.447411,27.112719,02299734,USGS,IAN,2022,300.0
2022-09-25 06:00:00,0.991,0.199,-0.792,-82.447411,27.112719,02299734,USGS,IAN,2022,360.0
2022-09-25 07:00:00,0.821,-0.159,-0.98,-82.447411,27.112719,02299734,USGS,IAN,2022,420.0
2022-09-25 08:00:00,0.581,-0.468,-1.049,-82.447411,27.112719,02299734,USGS,IAN,2022,480.0
2022-09-25 09:00:00,0.441,-0.679,-1.12,-82.447411,27.112719,02299734,USGS,IAN,2022,540.0
2022-09-25 10:00:00,0.501,-0.685,-1.186,-82.447411,27.112719,02299734,USGS,IAN,2022,600.0
2022-09-25 11:00:00,0.611,-0.524,-1.135,-82.447411,27.112719,02299734,USGS,IAN,2022,660.0
2022-09-25 12:00:00,0.841,-0.242,-1.083,-82.447411,27.112719,02299734,USGS,IAN,2022,720.0
2022-09-25 13:00:00,1.101,0.165,-0.936,-82.447411,27.112719,02299734,USGS,IAN,2022,780.0
2022-09-25 14:00:00,1.401,0.555,-0.846,-82.447411,27.112719,02299734,USGS,IAN,2022,840.0
2022-09-25 15:00:00,1.671,0.863,-0.808,-82.447411,27.112719,02299734,USGS,IAN,2022,900.0
2022-09-25 16:00:00,1.791,0.955,-0.836,-82.447411,27.112719,02299734,USGS,IAN,2022,960.0
2022-09-25 17:00:00,1.751,0.908,-0.8429999999999999,-82.447411,27.112719,02299734,USGS,IAN,2022,1020.0
2022-09-25 18:00:00,1.491,0.599,-0.8920000000000001,-82.447411,27.112719,02299734,USGS,IAN,2022,1080.0
2022-09-25 19:00:00,1.181,0.173,-1.008,-82.447411,27.112719,02299734,USGS,IAN,2022,1140.0
2022-09-25 20:00:00,0.851,-0.258,-1.109,-82.447411,27.112719,02299734,USGS,IAN,2022,1200.0
2022-09-25 21:00:00,0.521,-0.608,-1.129,-82.447411,27.112719,02299734,USGS,IAN,2022,1260.0
2022-09-25 22:00:00,0.261,-0.763,-1.024,-82.447411,27.112719,02299734,USGS,IAN,2022,1320.0
2022-09-25 23:00:00,0.251,-0.751,-1.002,-82.447411,27.112719,02299734,USGS,IAN,2022,1380.0
2022-09-26 00:00:00,0.471,-0.504,-0.975,-82.447411,27.112719,02299734,USGS,IAN,2022,1440.0
2022-09-26 01:00:00,0.691,-0.126,-0.817,-82.447411,27.112719,02299734,USGS,IAN,2022,1500.0
2022-09-26 02:00:00,1.081,0.283,-0.798,-82.447411,27.112719,02299734,USGS,IAN,2022,1560.0
2022-09-26 03:00:00,1.411,0.625,-0.786,-82.447411,27.112719,02299734,USGS,IAN,2022,1620.0
2022-09-26 04:00:00,1.661,0.737,-0.924,-82.447411,27.112719,02299734,USGS,IAN,2022,1680.0
2022-09-26 05:00:00,1.741,0.682,-1.0590000000000002,-82.447411,27.112719,02299734,USGS,IAN,2022,1740.0
2022-09-26 06:00:00,1.571,0.421,-1.15,-82.447411,27.112719,02299734,USGS,IAN,2022,1800.0
2022-09-26 07:00:00,1.301,0.029,-1.272,-82.447411,27.112719,02299734,USGS,IAN,2022,1860.0
2022-09-26 08:00:00,1.041,-0.372,-1.4129999999999998,-82.447411,27.112719,02299734,USGS,IAN,2022,1920.0
2022-09-26 09:00:00,0.781,-0.717,-1.498,-82.447411,27.112719,02299734,USGS,IAN,2022,1980.0
2022-09-26 10:00:00,0.481,-0.875,-1.356,-82.447411,27.112719,02299734,USGS,IAN,2022,2040.0
2022-09-26 11:00:00,0.511,-0.858,-1.369,-82.447411,27.112719,02299734,USGS,IAN,2022,2100.0
2022-09-26 12:00:00,0.791,-0.636,-1.427,-82.447411,27.112719,02299734,USGS,IAN,2022,2160.0
2022-09-26 13:00:00,1.121,-0.245,-1.366,-82.447411,27.112719,02299734,USGS,IAN,2022,2220.0
2022-09-26 14:00:00,1.441,0.227,-1.214,-82.447411,27.112719,02299734,USGS,IAN,2022,2280.0
2022-09-26 15:00:00,1.751,0.649,-1.102,-82.447411,27.112719,02299734,USGS,IAN,2022,2340.0
2022-09-26 16:00:00,1.991,0.869,-1.122,-82.447411,27.112719,02299734,USGS,IAN,2022,2400.0
2022-09-26 17:00:00,2.101,0.899,-1.202,-82.447411,27.112719,02299734,USGS,IAN,2022,2460.0
2022-09-26 18:00:00,1.961,0.724,-1.237,-82.447411,27.112719,02299734,USGS,IAN,2022,2520.0
2022-09-26 19:00:00,1.751,0.353,-1.398,-82.447411,27.112719,02299734,USGS,IAN,2022,2580.0
2022-09-26 20:00:00,1.371,-0.054,-1.425,-82.447411,27.112719,02299734,USGS,IAN,2022,2640.0
2022-09-26 21:00:00,1.031,-0.406,-1.4369999999999998,-82.447411,27.112719,02299734,USGS,IAN,2022,2700.0
2022-09-26 22:00:00,0.781,-0.601,-1.382,-82.447411,27.112719,02299734,USGS,IAN,2022,2760.0
2022-09-26 23:00:00,0.641,-0.587,-1.228,-82.447411,27.112719,02299734,USGS,IAN,2022,2820.0
2022-09-27 00:00:00,0.721,-0.424,-1.145,-82.447411,27.112719,02299734,USGS,IAN,2022,2880.0
2022-09-27 01:00:00,0.901,-0.101,-1.002,-82.447411,27.112719,02299734,USGS,IAN,2022,2940.0
2022-09-27 02:00:00,1.301,0.301,-1.0,-82.447411,27.112719,02299734,USGS,IAN,2022,3000.0
2022-09-27 03:00:00,1.401,0.661,-0.74,-82.447411,27.112719,02299734,USGS,IAN,2022,3060.0
2022-09-27 04:00:00,1.751,0.867,-0.8839999999999999,-82.447411,27.112719,02299734,USGS,IAN,2022,3120.0
2022-09-27 05:00:00,1.871,0.831,-1.04,-82.447411,27.112719,02299734,USGS,IAN,2022,3180.0
2022-09-27 06:00:00,1.921,0.639,-1.282,-82.447411,27.112719,02299734,USGS,IAN,2022,3240.0
2022-09-27 07:00:00,1.491,0.253,-1.238,-82.447411,27.112719,02299734,USGS,IAN,2022,3300.0
2022-09-27 08:00:00,1.281,-0.2,-1.481,-82.447411,27.112719,02299734,USGS,IAN,2022,3360.0
2022-09-27 09:00:00,0.761,-0.635,-1.396,-82.447411,27.112719,02299734,USGS,IAN,2022,3420.0
2022-09-27 10:00:00,0.261,-0.972,-1.233,-82.447411,27.112719,02299734,USGS,IAN,2022,3480.0
2022-09-27 11:00:00,0.001,-1.102,-1.103,-82.447411,27.112719,02299734,USGS,IAN,2022,3540.0
2022-09-27 12:00:00,0.181,-1.073,-1.254,-82.447411,27.112719,02299734,USGS,IAN,2022,3600.0
2022-09-27 13:00:00,0.381,-0.783,-1.164,-82.447411,27.112719,02299734,USGS,IAN,2022,3660.0
2022-09-27 14:00:00,0.761,-0.334,-1.095,-82.447411,27.112719,02299734,USGS,IAN,2022,3720.0
2022-09-27 15:00:00,0.901,0.154,-0.747,-82.447411,27.112719,02299734,USGS,IAN,2022,3780.0
2022-09-27 16:00:00,1.351,0.507,-0.844,-82.447411,27.112719,02299734,USGS,IAN,2022,3840.0
2022-09-27 17:00:00,1.241,0.629,-0.6120000000000001,-82.447411,27.112719,02299734,USGS,IAN,2022,3900.0
2022-09-27 18:00:00,1.061,0.601,-0.4599999999999999,-82.447411,27.112719,02299734,USGS,IAN,2022,3960.0
2022-09-27 19:00:00,0.911,0.326,-0.585,-82.447411,27.112719,02299734,USGS,IAN,2022,4020.0
2022-09-27 20:00:00,0.711,-0.016,-0.727,-82.447411,27.112719,02299734,USGS,IAN,2022,4080.0
2022-09-27 21:00:00,0.331,-0.335,-0.666,-82.447411,27.112719,02299734,USGS,IAN,2022,4140.0
2022-09-27 22:00:00,-0.079,-0.549,-0.47,-82.447411,27.112719,02299734,USGS,IAN,2022,4200.0
2022-09-27 23:00:00,-0.259,-0.638,-0.379,-82.447411,27.112719,02299734,USGS,IAN,2022,4260.0
2022-09-28 00:00:00,-0.249,-0.602,-0.353,-82.447411,27.112719,02299734,USGS,IAN,2022,4320.0
2022-09-28 01:00:00,-0.059,-0.443,-0.384,-82.447411,27.112719,02299734,USGS,IAN,2022,4380.0
2022-09-28 02:00:00,0.001,-0.171,-0.172,-82.447411,27.112719,02299734,USGS,IAN,2022,4440.0
2022-09-28 03:00:00,0.121,0.086,-0.035,-82.447411,27.112719,02299734,USGS,IAN,2022,4500.0
2022-09-28 04:00:00,0.131,0.181,0.0499999999999999,-82.447411,27.112719,02299734,USGS,IAN,2022,4560.0
2022-09-28 05:00:00,0.161,0.083,-0.078,-82.447411,27.112719,02299734,USGS,IAN,2022,4620.0
2022-09-28 06:00:00,0.011,-0.256,-0.267,-82.447411,27.112719,02299734,USGS,IAN,2022,4680.0
2022-09-28 07:00:00,-0.319,-0.678,-0.359,-82.447411,27.112719,02299734,USGS,IAN,2022,4740.0
2022-09-28 08:00:00,-0.929,-1.253,-0.3239999999999998,-82.447411,27.112719,02299734,USGS,IAN,2022,4800.0
2022-09-28 09:00:00,-1.669,-1.896,-0.2269999999999998,-82.447411,27.112719,02299734,USGS,IAN,2022,4860.0
2022-09-28 10:00:00,-2.399,-2.498,-0.0990000000000002,-82.447411,27.112719,02299734,USGS,IAN,2022,4920.0
2022-09-28 11:00:00,-2.939,-3.042,-0.1029999999999997,-82.447411,27.112719,02299734,USGS,IAN,2022,4980.0
2022-09-28 12:00:00,-3.129,-3.514,-0.3849999999999998,-82.447411,27.112719,02299734,USGS,IAN,2022,5040.0
2022-09-28 13:00:00,-2.549,-3.583,-1.0340000000000005,-82.447411,27.112719,02299734,USGS,IAN,2022,5100.0
2022-09-28 14:00:00,-2.419,-3.616,-1.197,-82.447411,27.112719,02299734,USGS,IAN,2022,5160.0
2022-09-28 15:00:00,-2.699,-3.653,-0.9540000000000002,-82.447411,27.112719,02299734,USGS,IAN,2022,5220.0
2022-09-28 16:00:00,-2.599,-3.729,-1.13,-82.447411,27.112719,02299734,USGS,IAN,2022,5280.0
2022-09-28 17:00:00,-2.279,-4.684,-2.405,-82.447411,27.112719,02299734,USGS,IAN,2022,5340.0
2022-09-28 22:00:00,-1.689,-2.103,-0.4140000000000001,-82.447411,27.112719,02299734,USGS,IAN,2022,5640.0
2022-09-28 23:00:00,-1.229,-0.099,1.13,-82.447411,27.112719,02299734,USGS,IAN,2022,5700.0
2022-09-29 00:00:00,-1.049,0.31,1.359,-82.447411,27.112719,02299734,USGS,IAN,2022,5760.0
2022-09-29 01:00:00,-1.219,0.147,1.366,-82.447411,27.112719,02299734,USGS,IAN,2022,5820.0
2022-09-29 02:00:00,-0.809,0.423,1.232,-82.447411,27.112719,02299734,USGS,IAN,2022,5880.0
2022-09-29 03:00:00,-0.069,1.041,1.11,-82.447411,27.112719,02299734,USGS,IAN,2022,5940.0
2022-09-29 04:00:00,0.551,1.471,0.92,-82.447411,27.112719,02299734,USGS,IAN,2022,6000.0
2022-09-29 05:00:00,0.991,1.735,0.7440000000000001,-82.447411,27.112719,02299734,USGS,IAN,2022,6060.0
2022-09-29 06:00:00,0.911,1.649,0.738,-82.447411,27.112719,02299734,USGS,IAN,2022,6120.0
2022-09-29 07:00:00,0.851,1.325,0.474,-82.447411,27.112719,02299734,USGS,IAN,2022,6180.0
2022-09-29 08:00:00,0.721,0.986,0.265,-82.447411,27.112719,02299734,USGS,IAN,2022,6240.0
2022-09-29 09:00:00,0.561,0.575,0.0139999999999999,-82.447411,27.112719,02299734,USGS,IAN,2022,6300.0
2022-09-29 10:00:00,0.271,0.159,-0.112,-82.447411,27.112719,02299734,USGS,IAN,2022,6360.0
2022-09-29 11:00:00,-0.009,-0.143,-0.1339999999999999,-82.447411,27.112719,02299734,USGS,IAN,2022,6420.0
2022-09-29 12:00:00,-0.209,-0.276,-0.067,-82.447411,27.112719,02299734,USGS,IAN,2022,6480.0
2022-09-29 13:00:00,-0.319,-0.362,-0.0429999999999999,-82.447411,27.112719,02299734,USGS,IAN,2022,6540.0
2022-09-29 14:00:00,-0.249,-0.389,-0.14,-82.447411,27.112719,02299734,USGS,IAN,2022,6600.0
2022-09-29 15:00:00,-0.139,-0.234,-0.095,-82.447411,27.112719,02299734,USGS,IAN,2022,6660.0
2022-09-29 16:00:00,0.031,0.029,-0.0019999999999999,-82.447411,27.112719,02299734,USGS,IAN,2022,6720.0
2022-09-29 17:00:00,0.241,0.253,0.012,-82.447411,27.112719,02299734,USGS,IAN,2022,6780.0
2022-09-29 18:00:00,0.461,0.394,-0.067,-82.447411,27.112719,02299734,USGS,IAN,2022,6840.0
2022-09-29 19:00:00,0.501,0.428,-0.073,-82.447411,27.112719,02299734,USGS,IAN,2022,6900.0
2022-09-29 20:00:00,0.601,0.374,-0.2269999999999999,-82.447411,27.112719,02299734,USGS,IAN,2022,6960.0
2022-09-29 21:00:00,0.611,0.216,-0.395,-82.447411,27.112719,02299734,USGS,IAN,2022,7020.0
2022-09-29 22:00:00,0.571,0.037,-0.5339999999999999,-82.447411,27.112719,02299734,USGS,IAN,2022,7080.0
2022-09-29 23:00:00,0.481,-0.097,-0.578,-82.447411,27.112719,02299734,USGS,IAN,2022,7140.0
2022-09-30 00:00:00,0.461,-0.08,-0.541,-82.447411,27.112719,02299734,USGS,IAN,2022,7200.0
2022-09-30 01:00:00,0.431,0.064,-0.367,-82.447411,27.112719,02299734,USGS,IAN,2022,7260.0
2022-09-30 02:00:00,0.501,0.209,-0.292,-82.447411,27.112719,02299734,USGS,IAN,2022,7320.0
2022-09-30 03:00:00,0.761,0.44,-0.321,-82.447411,27.112719,02299734,USGS,IAN,2022,7380.0
2022-09-30 04:00:00,0.921,0.702,-0.219,-82.447411,27.112719,02299734,USGS,IAN,2022,7440.0
2022-09-30 05:00:00,1.091,0.892,-0.1989999999999999,-82.447411,27.112719,02299734,USGS,IAN,2022,7500.0
2022-09-30 06:00:00,1.221,0.913,-0.308,-82.447411,27.112719,02299734,USGS,IAN,2022,7560.0
2022-09-30 07:00:00,1.171,0.75,-0.421,-82.447411,27.112719,02299734,USGS,IAN,2022,7620.0
2022-09-30 08:00:00,1.061,0.515,-0.5459999999999999,-82.447411,27.112719,02299734,USGS,IAN,2022,7680.0
2022-09-30 09:00:00,0.931,0.205,-0.7260000000000001,-82.447411,27.112719,02299734,USGS,IAN,2022,7740.0
2022-09-30 10:00:00,0.641,-0.176,-0.817,-82.447411,27.112719,02299734,USGS,IAN,2022,7800.0
2022-09-30 11:00:00,0.291,-0.58,-0.871,-82.447411,27.112719,02299734,USGS,IAN,2022,7860.0
2022-09-30 12:00:00,-0.019,-0.893,-0.874,-82.447411,27.112719,02299734,USGS,IAN,2022,7920.0
2022-09-30 13:00:00,-0.239,-1.136,-0.8969999999999999,-82.447411,27.112719,02299734,USGS,IAN,2022,7980.0
2022-09-30 14:00:00,-0.349,-1.27,-0.921,-82.447411,27.112719,02299734,USGS,IAN,2022,8040.0
2022-09-30 15:00:00,-0.289,-1.266,-0.977,-82.447411,27.112719,02299734,USGS,IAN,2022,8100.0
2022-09-30 16:00:00,-0.169,-1.002,-0.833,-82.447411,27.112719,02299734,USGS,IAN,2022,8160.0
2022-09-30 17:00:00,0.031,-0.645,-0.676,-82.447411,27.112719,02299734,USGS,IAN,2022,8220.0
2022-09-30 18:00:00,0.301,-0.358,-0.659,-82.447411,27.112719,02299734,USGS,IAN,2022,8280.0
2022-09-30 19:00:00,0.511,-0.207,-0.718,-82.447411,27.112719,02299734,USGS,IAN,2022,8340.0
2022-09-30 20:00:00,0.741,-0.083,-0.824,-82.447411,27.112719,02299734,USGS,IAN,2022,8400.0
2022-09-30 21:00:00,0.771,-0.04,-0.811,-82.447411,27.112719,02299734,USGS,IAN,2022,8460.0
2022-09-30 22:00:00,0.821,-0.02,-0.841,-82.447411,27.112719,02299734,USGS,IAN,2022,8520.0
2022-09-30 23:00:00,0.791,0.038,-0.753,-82.447411,27.112719,02299734,USGS,IAN,2022,8580.0
2022-10-01 00:00:00,0.831,0.107,-0.724,-82.447411,27.112719,02299734,USGS,IAN,2022,8640.0
2022-10-01 01:00:00,0.921,0.215,-0.7060000000000001,-82.447411,27.112719,02299734,USGS,IAN,2022,8700.0
2022-10-01 02:00:00,0.981,0.389,-0.592,-82.447411,27.112719,02299734,USGS,IAN,2022,8760.0
2022-10-01 03:00:00,1.221,0.593,-0.6280000000000001,-82.447411,27.112719,02299734,USGS,IAN,2022,8820.0
2022-10-01 04:00:00,1.451,0.827,-0.6240000000000001,-82.447411,27.112719,02299734,USGS,IAN,2022,8880.0
2022-10-01 05:00:00,1.601,1.049,-0.552,-82.447411,27.112719,02299734,USGS,IAN,2022,8940.0
2022-10-01 06:00:00,1.671,1.157,-0.514,-82.447411,27.112719,02299734,USGS,IAN,2022,9000.0
2022-10-01 07:00:00,1.731,1.144,-0.5870000000000002,-82.447411,27.112719,02299734,USGS,IAN,2022,9060.0
2022-10-01 08:00:00,1.651,0.956,-0.6950000000000001,-82.447411,27.112719,02299734,USGS,IAN,2022,9120.0
2022-10-01 09:00:00,1.531,0.694,-0.837,-82.447411,27.112719,02299734,USGS,IAN,2022,9180.0
2022-10-01 10:00:00,1.341,0.372,-0.969,-82.447411,27.112719,02299734,USGS,IAN,2022,9240.0
2022-10-01 11:00:00,1.011,-0.017,-1.0279999999999998,-82.447411,27.112719,02299734,USGS,IAN,2022,9300.0
2022-10-01 12:00:00,0.641,-0.415,-1.056,-82.447411,27.112719,02299734,USGS,IAN,2022,9360.0
2022-10-01 13:00:00,0.311,-0.731,-1.042,-82.447411,27.112719,02299734,USGS,IAN,2022,9420.0
2022-10-01 14:00:00,0.091,-0.985,-1.076,-82.447411,27.112719,02299734,USGS,IAN,2022,9480.0
2022-10-01 15:00:00,0.021,-1.221,-1.242,-82.447411,27.112719,02299734,USGS,IAN,2022,9540.0
2022-10-01 16:00:00,0.001,-1.302,-1.303,-82.447411,27.112719,02299734,USGS,IAN,2022,9600.0
2022-10-01 17:00:00,0.121,-1.143,-1.264,-82.447411,27.112719,02299734,USGS,IAN,2022,9660.0
2022-10-01 18:00:00,0.331,-0.887,-1.218,-82.447411,27.112719,02299734,USGS,IAN,2022,9720.0
2022-10-01 19:00:00,0.571,-0.678,-1.249,-82.447411,27.112719,02299734,USGS,IAN,2022,9780.0
2022-10-01 20:00:00,0.751,-0.527,-1.278,-82.447411,27.112719,02299734,USGS,IAN,2022,9840.0
2022-10-01 21:00:00,0.871,-0.345,-1.216,-82.447411,27.112719,02299734,USGS,IAN,2022,9900.0
2022-10-01 22:00:00,0.931,-0.208,-1.139,-82.447411,27.112719,02299734,USGS,IAN,2022,9960.0
2022-10-01 23:00:00,1.061,-0.114,-1.175,-82.447411,27.112719,02299734,USGS,IAN,2022,10020.0
2022-09-25 01:00:00,0.722,-0.068,-0.79,-82.465556,27.112222,02299735,USGS,IAN,2022,60.0
2022-09-25 02:00:00,1.142,0.346,-0.7959999999999999,-82.465556,27.112222,02299735,USGS,IAN,2022,120.0
2022-09-25 03:00:00,1.372,0.587,-0.7850000000000001,-82.465556,27.112222,02299735,USGS,IAN,2022,180.0
2022-09-25 04:00:00,1.562,0.629,-0.933,-82.465556,27.112222,02299735,USGS,IAN,2022,240.0
2022-09-25 05:00:00,1.432,0.485,-0.947,-82.465556,27.112222,02299735,USGS,IAN,2022,300.0
2022-09-25 06:00:00,1.082,0.153,-0.929,-82.465556,27.112222,02299735,USGS,IAN,2022,360.0
2022-09-25 07:00:00,0.882,-0.211,-1.093,-82.465556,27.112222,02299735,USGS,IAN,2022,420.0
2022-09-25 08:00:00,0.642,-0.521,-1.163,-82.465556,27.112222,02299735,USGS,IAN,2022,480.0
2022-09-25 09:00:00,0.522,-0.698,-1.22,-82.465556,27.112222,02299735,USGS,IAN,2022,540.0
2022-09-25 10:00:00,0.622,-0.683,-1.3050000000000002,-82.465556,27.112222,02299735,USGS,IAN,2022,600.0
2022-09-25 11:00:00,0.752,-0.497,-1.249,-82.465556,27.112222,02299735,USGS,IAN,2022,660.0
2022-09-25 12:00:00,1.022,-0.19,-1.212,-82.465556,27.112222,02299735,USGS,IAN,2022,720.0
2022-09-25 13:00:00,1.302,0.229,-1.073,-82.465556,27.112222,02299735,USGS,IAN,2022,780.0
2022-09-25 14:00:00,1.602,0.605,-0.997,-82.465556,27.112222,02299735,USGS,IAN,2022,840.0
2022-09-25 15:00:00,1.852,0.891,-0.961,-82.465556,27.112222,02299735,USGS,IAN,2022,900.0
2022-09-25 16:00:00,1.962,0.963,-0.999,-82.465556,27.112222,02299735,USGS,IAN,2022,960.0
2022-09-25 17:00:00,1.872,0.891,-0.981,-82.465556,27.112222,02299735,USGS,IAN,2022,1020.0
2022-09-25 18:00:00,1.582,0.556,-1.026,-82.465556,27.112222,02299735,USGS,IAN,2022,1080.0
2022-09-25 19:00:00,1.222,0.105,-1.117,-82.465556,27.112222,02299735,USGS,IAN,2022,1140.0
2022-09-25 20:00:00,0.842,-0.344,-1.186,-82.465556,27.112222,02299735,USGS,IAN,2022,1200.0
2022-09-25 21:00:00,0.482,-0.662,-1.144,-82.465556,27.112222,02299735,USGS,IAN,2022,1260.0
2022-09-25 22:00:00,0.312,-0.774,-1.086,-82.465556,27.112222,02299735,USGS,IAN,2022,1320.0
2022-09-25 23:00:00,0.352,-0.731,-1.083,-82.465556,27.112222,02299735,USGS,IAN,2022,1380.0
2022-09-26 00:00:00,0.582,-0.46,-1.042,-82.465556,27.112222,02299735,USGS,IAN,2022,1440.0
2022-09-26 01:00:00,0.902,-0.067,-0.969,-82.465556,27.112222,02299735,USGS,IAN,2022,1500.0
2022-09-26 02:00:00,1.272,0.338,-0.934,-82.465556,27.112222,02299735,USGS,IAN,2022,1560.0
2022-09-26 03:00:00,1.622,0.652,-0.97,-82.465556,27.112222,02299735,USGS,IAN,2022,1620.0
2022-09-26 04:00:00,1.822,0.738,-1.084,-82.465556,27.112222,02299735,USGS,IAN,2022,1680.0
2022-09-26 05:00:00,1.902,0.67,-1.2319999999999998,-82.465556,27.112222,02299735,USGS,IAN,2022,1740.0
2022-09-26 06:00:00,1.662,0.387,-1.275,-82.465556,27.112222,02299735,USGS,IAN,2022,1800.0
2022-09-26 07:00:00,1.322,-0.038,-1.36,-82.465556,27.112222,02299735,USGS,IAN,2022,1860.0
2022-09-26 08:00:00,1.072,-0.457,-1.529,-82.465556,27.112222,02299735,USGS,IAN,2022,1920.0
2022-09-26 09:00:00,0.772,-0.783,-1.5550000000000002,-82.465556,27.112222,02299735,USGS,IAN,2022,1980.0
2022-09-26 10:00:00,0.542,-0.89,-1.432,-82.465556,27.112222,02299735,USGS,IAN,2022,2040.0
2022-09-26 11:00:00,0.622,-0.848,-1.47,-82.465556,27.112222,02299735,USGS,IAN,2022,2100.0
2022-09-26 12:00:00,0.952,-0.59,-1.5419999999999998,-82.465556,27.112222,02299735,USGS,IAN,2022,2160.0
2022-09-26 13:00:00,1.292,-0.167,-1.459,-82.465556,27.112222,02299735,USGS,IAN,2022,2220.0
2022-09-26 14:00:00,1.632,0.301,-1.331,-82.465556,27.112222,02299735,USGS,IAN,2022,2280.0
2022-09-26 15:00:00,1.972,0.697,-1.275,-82.465556,27.112222,02299735,USGS,IAN,2022,2340.0
2022-09-26 16:00:00,2.192,0.883,-1.3090000000000002,-82.465556,27.112222,02299735,USGS,IAN,2022,2400.0
2022-09-26 17:00:00,2.272,0.897,-1.3749999999999998,-82.465556,27.112222,02299735,USGS,IAN,2022,2460.0
2022-09-26 18:00:00,2.122,0.691,-1.431,-82.465556,27.112222,02299735,USGS,IAN,2022,2520.0
2022-09-26 19:00:00,1.832,0.304,-1.528,-82.465556,27.112222,02299735,USGS,IAN,2022,2580.0
2022-09-26 20:00:00,1.392,-0.118,-1.5099999999999998,-82.465556,27.112222,02299735,USGS,IAN,2022,2640.0
2022-09-26 21:00:00,0.992,-0.464,-1.456,-82.465556,27.112222,02299735,USGS,IAN,2022,2700.0
2022-09-26 22:00:00,0.832,-0.612,-1.444,-82.465556,27.112222,02299735,USGS,IAN,2022,2760.0
2022-09-26 23:00:00,0.682,-0.582,-1.264,-82.465556,27.112222,02299735,USGS,IAN,2022,2820.0
2022-09-27 00:00:00,0.832,-0.396,-1.228,-82.465556,27.112222,02299735,USGS,IAN,2022,2880.0
2022-09-27 01:00:00,1.042,-0.046,-1.088,-82.465556,27.112222,02299735,USGS,IAN,2022,2940.0
2022-09-27 02:00:00,1.542,0.354,-1.1880000000000002,-82.465556,27.112222,02299735,USGS,IAN,2022,3000.0
2022-09-27 03:00:00,1.552,0.703,-0.8490000000000001,-82.465556,27.112222,02299735,USGS,IAN,2022,3060.0
2022-09-27 04:00:00,1.922,0.875,-1.047,-82.465556,27.112222,02299735,USGS,IAN,2022,3120.0
2022-09-27 05:00:00,2.052,0.828,-1.2240000000000002,-82.465556,27.112222,02299735,USGS,IAN,2022,3180.0
2022-09-27 06:00:00,2.022,0.606,-1.416,-82.465556,27.112222,02299735,USGS,IAN,2022,3240.0
2022-09-27 07:00:00,1.552,0.189,-1.363,-82.465556,27.112222,02299735,USGS,IAN,2022,3300.0
2022-09-27 08:00:00,1.302,-0.301,-1.603,-82.465556,27.112222,02299735,USGS,IAN,2022,3360.0
2022-09-27 09:00:00,0.632,-0.751,-1.383,-82.465556,27.112222,02299735,USGS,IAN,2022,3420.0
2022-09-27 10:00:00,0.182,-1.036,-1.218,-82.465556,27.112222,02299735,USGS,IAN,2022,3480.0
2022-09-27 11:00:00,0.022,-1.124,-1.146,-82.465556,27.112222,02299735,USGS,IAN,2022,3540.0
2022-09-27 12:00:00,0.332,-1.051,-1.383,-82.465556,27.112222,02299735,USGS,IAN,2022,3600.0
2022-09-27 13:00:00,0.682,-0.711,-1.393,-82.465556,27.112222,02299735,USGS,IAN,2022,3660.0
2022-09-27 14:00:00,0.842,-0.247,-1.089,-82.465556,27.112222,02299735,USGS,IAN,2022,3720.0
2022-09-27 15:00:00,1.072,0.228,-0.8440000000000001,-82.465556,27.112222,02299735,USGS,IAN,2022,3780.0
2022-09-27 16:00:00,1.532,0.532,-1.0,-82.465556,27.112222,02299735,USGS,IAN,2022,3840.0
2022-09-27 17:00:00,1.442,0.642,-0.7999999999999999,-82.465556,27.112222,02299735,USGS,IAN,2022,3900.0
2022-09-27 18:00:00,1.382,0.591,-0.7909999999999999,-82.465556,27.112222,02299735,USGS,IAN,2022,3960.0
2022-09-27 19:00:00,0.772,0.302,-0.47,-82.465556,27.112222,02299735,USGS,IAN,2022,4020.0
2022-09-27 20:00:00,0.692,-0.058,-0.75,-82.465556,27.112222,02299735,USGS,IAN,2022,4080.0
2022-09-27 21:00:00,0.392,-0.366,-0.758,-82.465556,27.112222,02299735,USGS,IAN,2022,4140.0
2022-09-27 22:00:00,-0.168,-0.557,-0.389,-82.465556,27.112222,02299735,USGS,IAN,2022,4200.0
2022-09-27 23:00:00,-0.208,-0.628,-0.42,-82.465556,27.112222,02299735,USGS,IAN,2022,4260.0
2022-09-28 00:00:00,-0.138,-0.574,-0.4359999999999999,-82.465556,27.112222,02299735,USGS,IAN,2022,4320.0
2022-09-28 01:00:00,0.122,-0.393,-0.515,-82.465556,27.112222,02299735,USGS,IAN,2022,4380.0
2022-09-28 02:00:00,0.152,-0.11,-0.262,-82.465556,27.112222,02299735,USGS,IAN,2022,4440.0
2022-09-28 03:00:00,0.202,0.129,-0.073,-82.465556,27.112222,02299735,USGS,IAN,2022,4500.0
2022-09-28 04:00:00,0.362,0.205,-0.157,-82.465556,27.112222,02299735,USGS,IAN,2022,4560.0
2022-09-28 05:00:00,0.072,0.084,0.012,-82.465556,27.112222,02299735,USGS,IAN,2022,4620.0
2022-09-28 06:00:00,0.072,-0.266,-0.338,-82.465556,27.112222,02299735,USGS,IAN,2022,4680.0
2022-09-28 07:00:00,-0.188,-0.743,-0.5549999999999999,-82.465556,27.112222,02299735,USGS,IAN,2022,4740.0
2022-09-28 08:00:00,-1.028,-1.417,-0.389,-82.465556,27.112222,02299735,USGS,IAN,2022,4800.0
2022-09-28 09:00:00,-1.738,-2.161,-0.423,-82.465556,27.112222,02299735,USGS,IAN,2022,4860.0
2022-09-28 10:00:00,-2.638,-2.834,-0.1960000000000001,-82.465556,27.112222,02299735,USGS,IAN,2022,4920.0
2022-09-28 11:00:00,-3.048,-3.382,-0.3340000000000001,-82.465556,27.112222,02299735,USGS,IAN,2022,4980.0
2022-09-28 12:00:00,-2.628,-3.809,-1.181,-82.465556,27.112222,02299735,USGS,IAN,2022,5040.0
2022-09-28 13:00:00,-2.738,-4.279,-1.541,-82.465556,27.112222,02299735,USGS,IAN,2022,5100.0
2022-09-28 14:00:00,-3.208,-4.184,-0.976,-82.465556,27.112222,02299735,USGS,IAN,2022,5160.0
2022-09-28 15:00:00,-2.508,-4.322,-1.814,-82.465556,27.112222,02299735,USGS,IAN,2022,5220.0
2022-09-28 16:00:00,-2.178,-4.666,-2.4880000000000004,-82.465556,27.112222,02299735,USGS,IAN,2022,5280.0
2022-09-28 17:00:00,-2.598,-4.591,-1.9930000000000003,-82.465556,27.112222,02299735,USGS,IAN,2022,5340.0
2022-09-28 18:00:00,-2.838,-4.772,-1.934,-82.465556,27.112222,02299735,USGS,IAN,2022,5400.0
2022-09-28 19:00:00,-2.618,-4.644,-2.026,-82.465556,27.112222,02299735,USGS,IAN,2022,5460.0
2022-09-28 20:00:00,-2.588,-4.323,-1.7350000000000003,-82.465556,27.112222,02299735,USGS,IAN,2022,5520.0
2022-09-28 21:00:00,-2.148,-2.565,-0.4169999999999998,-82.465556,27.112222,02299735,USGS,IAN,2022,5580.0
2022-09-28 22:00:00,-1.348,-0.61,0.7380000000000001,-82.465556,27.112222,02299735,USGS,IAN,2022,5640.0
2022-09-28 23:00:00,-0.978,-0.051,0.927,-82.465556,27.112222,02299735,USGS,IAN,2022,5700.0
2022-09-29 00:00:00,-0.818,-0.093,0.725,-82.465556,27.112222,02299735,USGS,IAN,2022,5760.0
2022-09-29 01:00:00,-1.098,-0.189,0.909,-82.465556,27.112222,02299735,USGS,IAN,2022,5820.0
2022-09-29 02:00:00,-0.558,0.179,0.7370000000000001,-82.465556,27.112222,02299735,USGS,IAN,2022,5880.0
2022-09-29 03:00:00,0.112,0.784,0.672,-82.465556,27.112222,02299735,USGS,IAN,2022,5940.0
2022-09-29 04:00:00,0.802,1.259,0.4569999999999998,-82.465556,27.112222,02299735,USGS,IAN,2022,6000.0
2022-09-29 05:00:00,1.042,1.501,0.4589999999999998,-82.465556,27.112222,02299735,USGS,IAN,2022,6060.0
2022-09-29 06:00:00,1.032,1.391,0.359,-82.465556,27.112222,02299735,USGS,IAN,2022,6120.0
2022-09-29 07:00:00,0.972,1.062,0.09,-82.465556,27.112222,02299735,USGS,IAN,2022,6180.0
2022-09-29 08:00:00,0.862,0.706,-0.156,-82.465556,27.112222,02299735,USGS,IAN,2022,6240.0
2022-09-29 09:00:00,0.552,0.288,-0.264,-82.465556,27.112222,02299735,USGS,IAN,2022,6300.0
2022-09-29 10:00:00,0.252,-0.129,-0.381,-82.465556,27.112222,02299735,USGS,IAN,2022,6360.0
2022-09-29 11:00:00,0.042,-0.397,-0.439,-82.465556,27.112222,02299735,USGS,IAN,2022,6420.0
2022-09-29 12:00:00,-0.158,-0.489,-0.3309999999999999,-82.465556,27.112222,02299735,USGS,IAN,2022,6480.0
2022-09-29 13:00:00,-0.178,-0.558,-0.38,-82.465556,27.112222,02299735,USGS,IAN,2022,6540.0
2022-09-29 14:00:00,-0.128,-0.556,-0.428,-82.465556,27.112222,02299735,USGS,IAN,2022,6600.0
2022-09-29 15:00:00,-0.008,-0.361,-0.353,-82.465556,27.112222,02299735,USGS,IAN,2022,6660.0
2022-09-29 16:00:00,0.252,-0.085,-0.337,-82.465556,27.112222,02299735,USGS,IAN,2022,6720.0
2022-09-29 17:00:00,0.422,0.151,-0.271,-82.465556,27.112222,02299735,USGS,IAN,2022,6780.0
2022-09-29 18:00:00,0.632,0.288,-0.344,-82.465556,27.112222,02299735,USGS,IAN,2022,6840.0
2022-09-29 19:00:00,0.692,0.341,-0.3509999999999999,-82.465556,27.112222,02299735,USGS,IAN,2022,6900.0
2022-09-29 20:00:00,0.772,0.297,-0.475,-82.465556,27.112222,02299735,USGS,IAN,2022,6960.0
2022-09-29 21:00:00,0.802,0.146,-0.656,-82.465556,27.112222,02299735,USGS,IAN,2022,7020.0
2022-09-29 22:00:00,0.742,-0.024,-0.766,-82.465556,27.112222,02299735,USGS,IAN,2022,7080.0
2022-09-29 23:00:00,0.602,-0.136,-0.738,-82.465556,27.112222,02299735,USGS,IAN,2022,7140.0
2022-09-30 00:00:00,0.622,-0.097,-0.719,-82.465556,27.112222,02299735,USGS,IAN,2022,7200.0
2022-09-30 01:00:00,0.592,0.053,-0.5389999999999999,-82.465556,27.112222,02299735,USGS,IAN,2022,7260.0
2022-09-30 02:00:00,0.662,0.207,-0.455,-82.465556,27.112222,02299735,USGS,IAN,2022,7320.0
2022-09-30 03:00:00,0.952,0.451,-0.5009999999999999,-82.465556,27.112222,02299735,USGS,IAN,2022,7380.0
2022-09-30 04:00:00,1.152,0.717,-0.4349999999999999,-82.465556,27.112222,02299735,USGS,IAN,2022,7440.0
2022-09-30 05:00:00,1.322,0.886,-0.436,-82.465556,27.112222,02299735,USGS,IAN,2022,7500.0
2022-09-30 06:00:00,1.432,0.881,-0.5509999999999999,-82.465556,27.112222,02299735,USGS,IAN,2022,7560.0
2022-09-30 07:00:00,1.372,0.701,-0.6710000000000002,-82.465556,27.112222,02299735,USGS,IAN,2022,7620.0
2022-09-30 08:00:00,1.252,0.463,-0.7889999999999999,-82.465556,27.112222,02299735,USGS,IAN,2022,7680.0
2022-09-30 09:00:00,1.052,0.129,-0.923,-82.465556,27.112222,02299735,USGS,IAN,2022,7740.0
2022-09-30 10:00:00,0.722,-0.283,-1.005,-82.465556,27.112222,02299735,USGS,IAN,2022,7800.0
2022-09-30 11:00:00,0.302,-0.695,-0.997,-82.465556,27.112222,02299735,USGS,IAN,2022,7860.0
2022-09-30 12:00:00,0.042,-0.998,-1.04,-82.465556,27.112222,02299735,USGS,IAN,2022,7920.0
2022-09-30 13:00:00,-0.128,-1.214,-1.086,-82.465556,27.112222,02299735,USGS,IAN,2022,7980.0
2022-09-30 14:00:00,-0.198,-1.328,-1.13,-82.465556,27.112222,02299735,USGS,IAN,2022,8040.0
2022-09-30 15:00:00,-0.118,-1.25,-1.132,-82.465556,27.112222,02299735,USGS,IAN,2022,8100.0
2022-09-30 16:00:00,0.012,-0.954,-0.966,-82.465556,27.112222,02299735,USGS,IAN,2022,8160.0
2022-09-30 17:00:00,0.192,-0.607,-0.7989999999999999,-82.465556,27.112222,02299735,USGS,IAN,2022,8220.0
2022-09-30 18:00:00,0.552,-0.356,-0.908,-82.465556,27.112222,02299735,USGS,IAN,2022,8280.0
2022-09-30 19:00:00,0.732,-0.211,-0.943,-82.465556,27.112222,02299735,USGS,IAN,2022,8340.0
2022-09-30 20:00:00,0.982,-0.097,-1.079,-82.465556,27.112222,02299735,USGS,IAN,2022,8400.0
2022-09-30 21:00:00,1.012,-0.06,-1.072,-82.465556,27.112222,02299735,USGS,IAN,2022,8460.0
2022-09-30 22:00:00,1.072,-0.036,-1.108,-82.465556,27.112222,02299735,USGS,IAN,2022,8520.0
2022-09-30 23:00:00,0.982,0.026,-0.956,-82.465556,27.112222,02299735,USGS,IAN,2022,8580.0
2022-10-01 00:00:00,1.042,0.098,-0.944,-82.465556,27.112222,02299735,USGS,IAN,2022,8640.0
2022-10-01 01:00:00,1.132,0.222,-0.91,-82.465556,27.112222,02299735,USGS,IAN,2022,8700.0
2022-10-01 02:00:00,1.212,0.399,-0.813,-82.465556,27.112222,02299735,USGS,IAN,2022,8760.0
2022-10-01 03:00:00,1.472,0.612,-0.86,-82.465556,27.112222,02299735,USGS,IAN,2022,8820.0
2022-10-01 04:00:00,1.692,0.866,-0.826,-82.465556,27.112222,02299735,USGS,IAN,2022,8880.0
2022-10-01 05:00:00,1.852,1.077,-0.7750000000000001,-82.465556,27.112222,02299735,USGS,IAN,2022,8940.0
2022-10-01 06:00:00,1.912,1.168,-0.744,-82.465556,27.112222,02299735,USGS,IAN,2022,9000.0
2022-10-01 07:00:00,1.962,1.132,-0.8300000000000001,-82.465556,27.112222,02299735,USGS,IAN,2022,9060.0
2022-10-01 08:00:00,1.862,0.923,-0.939,-82.465556,27.112222,02299735,USGS,IAN,2022,9120.0
2022-10-01 09:00:00,1.692,0.647,-1.045,-82.465556,27.112222,02299735,USGS,IAN,2022,9180.0
2022-10-01 10:00:00,1.452,0.313,-1.139,-82.465556,27.112222,02299735,USGS,IAN,2022,9240.0
2022-10-01 11:00:00,1.082,-0.118,-1.2000000000000002,-82.465556,27.112222,02299735,USGS,IAN,2022,9300.0
2022-10-01 12:00:00,0.662,-0.521,-1.183,-82.465556,27.112222,02299735,USGS,IAN,2022,9360.0
2022-10-01 13:00:00,0.362,-0.819,-1.181,-82.465556,27.112222,02299735,USGS,IAN,2022,9420.0
2022-10-01 14:00:00,0.152,-1.085,-1.237,-82.465556,27.112222,02299735,USGS,IAN,2022,9480.0
2022-10-01 15:00:00,0.122,-1.274,-1.396,-82.465556,27.112222,02299735,USGS,IAN,2022,9540.0
2022-10-01 16:00:00,0.182,-1.277,-1.459,-82.465556,27.112222,02299735,USGS,IAN,2022,9600.0
2022-10-01 17:00:00,0.322,-1.068,-1.39,-82.465556,27.112222,02299735,USGS,IAN,2022,9660.0
2022-10-01 18:00:00,0.582,-0.825,-1.407,-82.465556,27.112222,02299735,USGS,IAN,2022,9720.0
2022-10-01 19:00:00,0.822,-0.637,-1.459,-82.465556,27.112222,02299735,USGS,IAN,2022,9780.0
2022-10-01 20:00:00,1.012,-0.48,-1.492,-82.465556,27.112222,02299735,USGS,IAN,2022,9840.0
2022-10-01 21:00:00,1.102,-0.306,-1.408,-82.465556,27.112222,02299735,USGS,IAN,2022,9900.0
2022-10-01 22:00:00,1.192,-0.175,-1.367,-82.465556,27.112222,02299735,USGS,IAN,2022,9960.0
2022-10-01 23:00:00,1.282,-0.083,-1.365,-82.465556,27.112222,02299735,USGS,IAN,2022,10020.0
2022-09-25 06:00:00,1.409,0.684,-0.725,-82.4587057,27.94196627,02306028,USGS,IAN,2022,360.0
2022-09-25 07:00:00,1.549,0.816,-0.733,-82.4587057,27.94196627,02306028,USGS,IAN,2022,420.0
2022-09-25 08:00:00,1.319,0.625,-0.694,-82.4587057,27.94196627,02306028,USGS,IAN,2022,480.0
2022-09-25 17:00:00,1.819,0.703,-1.116,-82.4587057,27.94196627,02306028,USGS,IAN,2022,1020.0
2022-09-25 18:00:00,2.109,1.046,-1.063,-82.4587057,27.94196627,02306028,USGS,IAN,2022,1080.0
2022-09-25 19:00:00,2.109,1.179,-0.93,-82.4587057,27.94196627,02306028,USGS,IAN,2022,1140.0
2022-09-25 20:00:00,1.829,1.014,-0.815,-82.4587057,27.94196627,02306028,USGS,IAN,2022,1200.0
2022-09-25 21:00:00,1.319,0.535,-0.7839999999999999,-82.4587057,27.94196627,02306028,USGS,IAN,2022,1260.0
2022-09-26 05:00:00,1.419,0.424,-0.995,-82.4587057,27.94196627,02306028,USGS,IAN,2022,1740.0
2022-09-26 06:00:00,1.729,0.726,-1.003,-82.4587057,27.94196627,02306028,USGS,IAN,2022,1800.0
2022-09-26 07:00:00,1.949,0.925,-1.024,-82.4587057,27.94196627,02306028,USGS,IAN,2022,1860.0
2022-09-26 08:00:00,1.889,0.824,-1.065,-82.4587057,27.94196627,02306028,USGS,IAN,2022,1920.0
2022-09-26 09:00:00,1.439,0.42,-1.019,-82.4587057,27.94196627,02306028,USGS,IAN,2022,1980.0
2022-09-26 18:00:00,2.169,0.745,-1.424,-82.4587057,27.94196627,02306028,USGS,IAN,2022,2520.0
2022-09-26 19:00:00,2.489,1.042,-1.4469999999999998,-82.4587057,27.94196627,02306028,USGS,IAN,2022,2580.0
2022-09-26 20:00:00,2.499,1.058,-1.441,-82.4587057,27.94196627,02306028,USGS,IAN,2022,2640.0
2022-09-26 21:00:00,2.299,0.766,-1.533,-82.4587057,27.94196627,02306028,USGS,IAN,2022,2700.0
2022-09-27 05:00:00,1.729,0.46,-1.269,-82.4587057,27.94196627,02306028,USGS,IAN,2022,3180.0
2022-09-27 06:00:00,1.949,0.796,-1.153,-82.4587057,27.94196627,02306028,USGS,IAN,2022,3240.0
2022-09-27 07:00:00,2.049,1.045,-1.004,-82.4587057,27.94196627,02306028,USGS,IAN,2022,3300.0
2022-09-27 08:00:00,2.229,0.998,-1.231,-82.4587057,27.94196627,02306028,USGS,IAN,2022,3360.0
2022-09-27 09:00:00,1.929,0.651,-1.278,-82.4587057,27.94196627,02306028,USGS,IAN,2022,3420.0
2022-09-27 19:00:00,1.659,0.555,-1.104,-82.4587057,27.94196627,02306028,USGS,IAN,2022,4020.0
2022-09-27 20:00:00,1.839,0.779,-1.06,-82.4587057,27.94196627,02306028,USGS,IAN,2022,4080.0
2022-09-27 21:00:00,1.679,0.7,-0.979,-82.4587057,27.94196627,02306028,USGS,IAN,2022,4140.0
2022-09-30 05:00:00,0.199,0.45,0.251,-82.4587057,27.94196627,02306028,USGS,IAN,2022,7500.0
2022-09-30 06:00:00,0.529,0.693,0.1639999999999999,-82.4587057,27.94196627,02306028,USGS,IAN,2022,7560.0
2022-09-30 07:00:00,0.759,0.972,0.2129999999999999,-82.4587057,27.94196627,02306028,USGS,IAN,2022,7620.0
2022-09-30 08:00:00,0.989,1.123,0.134,-82.4587057,27.94196627,02306028,USGS,IAN,2022,7680.0
2022-09-30 09:00:00,1.169,1.051,-0.1180000000000001,-82.4587057,27.94196627,02306028,USGS,IAN,2022,7740.0
2022-09-30 10:00:00,1.069,0.771,-0.2979999999999999,-82.4587057,27.94196627,02306028,USGS,IAN,2022,7800.0
2022-10-01 04:00:00,0.869,0.604,-0.265,-82.4587057,27.94196627,02306028,USGS,IAN,2022,8880.0
2022-10-01 05:00:00,1.109,0.783,-0.3259999999999999,-82.4587057,27.94196627,02306028,USGS,IAN,2022,8940.0
2022-10-01 06:00:00,1.439,1.011,-0.4280000000000001,-82.4587057,27.94196627,02306028,USGS,IAN,2022,9000.0
2022-10-01 07:00:00,1.669,1.282,-0.387,-82.4587057,27.94196627,02306028,USGS,IAN,2022,9060.0
2022-10-01 08:00:00,1.799,1.508,-0.2909999999999999,-82.4587057,27.94196627,02306028,USGS,IAN,2022,9120.0
2022-10-01 09:00:00,1.949,1.534,-0.415,-82.4587057,27.94196627,02306028,USGS,IAN,2022,9180.0
2022-10-01 10:00:00,1.889,1.33,-0.5589999999999999,-82.4587057,27.94196627,02306028,USGS,IAN,2022,9240.0
2022-10-01 11:00:00,1.609,0.974,-0.635,-82.4587057,27.94196627,02306028,USGS,IAN,2022,9300.0
2022-10-01 12:00:00,1.149,0.687,-0.4619999999999999,-82.4587057,27.94196627,02306028,USGS,IAN,2022,9360.0
2022-09-25 01:00:00,0.427,0.606,0.179,-82.606211,28.715264,02310663,USGS,IAN,2022,60.0
2022-09-25 02:00:00,0.047,0.506,0.459,-82.606211,28.715264,02310663,USGS,IAN,2022,120.0
2022-09-25 03:00:00,-0.333,0.418,0.751,-82.606211,28.715264,02310663,USGS,IAN,2022,180.0
2022-09-25 04:00:00,-0.533,0.34,0.873,-82.606211,28.715264,02310663,USGS,IAN,2022,240.0
2022-09-25 05:00:00,-0.203,0.271,0.474,-82.606211,28.715264,02310663,USGS,IAN,2022,300.0
2022-09-25 06:00:00,0.247,0.231,-0.0159999999999999,-82.606211,28.715264,02310663,USGS,IAN,2022,360.0
2022-09-25 07:00:00,0.647,0.317,-0.33,-82.606211,28.715264,02310663,USGS,IAN,2022,420.0
2022-09-25 08:00:00,0.917,0.506,-0.411,-82.606211,28.715264,02310663,USGS,IAN,2022,480.0
2022-09-25 09:00:00,0.967,0.789,-0.1779999999999999,-82.606211,28.715264,02310663,USGS,IAN,2022,540.0
2022-09-25 10:00:00,0.787,0.804,0.017,-82.606211,28.715264,02310663,USGS,IAN,2022,600.0
2022-09-25 11:00:00,0.577,0.707,0.13,-82.606211,28.715264,02310663,USGS,IAN,2022,660.0
2022-09-25 12:00:00,0.297,0.607,0.31,-82.606211,28.715264,02310663,USGS,IAN,2022,720.0
2022-09-25 13:00:00,-0.063,0.513,0.5760000000000001,-82.606211,28.715264,02310663,USGS,IAN,2022,780.0
2022-09-25 14:00:00,-0.393,0.427,0.8200000000000001,-82.606211,28.715264,02310663,USGS,IAN,2022,840.0
2022-09-25 15:00:00,-0.473,0.349,0.822,-82.606211,28.715264,02310663,USGS,IAN,2022,900.0
2022-09-25 16:00:00,-0.103,0.28,0.383,-82.606211,28.715264,02310663,USGS,IAN,2022,960.0
2022-09-25 17:00:00,0.387,0.219,-0.168,-82.606211,28.715264,02310663,USGS,IAN,2022,1020.0
2022-09-25 18:00:00,0.837,0.233,-0.604,-82.606211,28.715264,02310663,USGS,IAN,2022,1080.0
2022-09-25 19:00:00,1.247,0.344,-0.903,-82.606211,28.715264,02310663,USGS,IAN,2022,1140.0
2022-09-25 20:00:00,1.567,0.647,-0.92,-82.606211,28.715264,02310663,USGS,IAN,2022,1200.0
2022-09-25 21:00:00,1.617,1.063,-0.554,-82.606211,28.715264,02310663,USGS,IAN,2022,1260.0
2022-09-25 22:00:00,1.427,1.062,-0.365,-82.606211,28.715264,02310663,USGS,IAN,2022,1320.0
2022-09-25 23:00:00,1.217,0.94,-0.2770000000000001,-82.606211,28.715264,02310663,USGS,IAN,2022,1380.0
2022-09-26 00:00:00,0.997,0.815,-0.182,-82.606211,28.715264,02310663,USGS,IAN,2022,1440.0
2022-09-26 01:00:00,0.747,0.695,-0.052,-82.606211,28.715264,02310663,USGS,IAN,2022,1500.0
2022-09-26 02:00:00,0.457,0.582,0.1249999999999999,-82.606211,28.715264,02310663,USGS,IAN,2022,1560.0
2022-09-26 03:00:00,0.097,0.484,0.387,-82.606211,28.715264,02310663,USGS,IAN,2022,1620.0
2022-09-26 04:00:00,-0.133,0.399,0.532,-82.606211,28.715264,02310663,USGS,IAN,2022,1680.0
2022-09-26 05:00:00,0.197,0.323,0.126,-82.606211,28.715264,02310663,USGS,IAN,2022,1740.0
2022-09-26 06:00:00,0.617,0.266,-0.351,-82.606211,28.715264,02310663,USGS,IAN,2022,1800.0
2022-09-26 07:00:00,1.007,0.339,-0.6679999999999999,-82.606211,28.715264,02310663,USGS,IAN,2022,1860.0
2022-09-26 08:00:00,1.357,0.517,-0.84,-82.606211,28.715264,02310663,USGS,IAN,2022,1920.0
2022-09-26 09:00:00,1.477,0.84,-0.6370000000000001,-82.606211,28.715264,02310663,USGS,IAN,2022,1980.0
2022-09-26 10:00:00,1.317,0.938,-0.379,-82.606211,28.715264,02310663,USGS,IAN,2022,2040.0
2022-09-26 11:00:00,1.117,0.831,-0.286,-82.606211,28.715264,02310663,USGS,IAN,2022,2100.0
2022-09-26 12:00:00,0.907,0.721,-0.186,-82.606211,28.715264,02310663,USGS,IAN,2022,2160.0
2022-09-26 13:00:00,0.657,0.611,-0.046,-82.606211,28.715264,02310663,USGS,IAN,2022,2220.0
2022-09-26 14:00:00,0.347,0.513,0.166,-82.606211,28.715264,02310663,USGS,IAN,2022,2280.0
2022-09-26 15:00:00,-0.023,0.425,0.448,-82.606211,28.715264,02310663,USGS,IAN,2022,2340.0
2022-09-26 16:00:00,-0.183,0.347,0.53,-82.606211,28.715264,02310663,USGS,IAN,2022,2400.0
2022-09-26 17:00:00,0.237,0.277,0.04,-82.606211,28.715264,02310663,USGS,IAN,2022,2460.0
2022-09-26 18:00:00,0.697,0.22,-0.477,-82.606211,28.715264,02310663,USGS,IAN,2022,2520.0
2022-09-26 19:00:00,1.137,0.266,-0.871,-82.606211,28.715264,02310663,USGS,IAN,2022,2580.0
2022-09-26 20:00:00,1.557,0.417,-1.14,-82.606211,28.715264,02310663,USGS,IAN,2022,2640.0
2022-09-26 21:00:00,1.827,0.772,-1.055,-82.606211,28.715264,02310663,USGS,IAN,2022,2700.0
2022-09-26 22:00:00,1.827,1.076,-0.7509999999999999,-82.606211,28.715264,02310663,USGS,IAN,2022,2760.0
2022-09-26 23:00:00,1.617,0.973,-0.644,-82.606211,28.715264,02310663,USGS,IAN,2022,2820.0
2022-09-27 00:00:00,1.407,0.855,-0.552,-82.606211,28.715264,02310663,USGS,IAN,2022,2880.0
2022-09-27 01:00:00,1.187,0.734,-0.453,-82.606211,28.715264,02310663,USGS,IAN,2022,2940.0
2022-09-27 02:00:00,0.947,0.62,-0.3269999999999999,-82.606211,28.715264,02310663,USGS,IAN,2022,3000.0
2022-09-27 03:00:00,0.677,0.518,-0.159,-82.606211,28.715264,02310663,USGS,IAN,2022,3060.0
2022-09-27 04:00:00,0.417,0.428,0.011,-82.606211,28.715264,02310663,USGS,IAN,2022,3120.0
2022-09-27 05:00:00,0.427,0.35,-0.077,-82.606211,28.715264,02310663,USGS,IAN,2022,3180.0
2022-09-27 06:00:00,0.777,0.285,-0.492,-82.606211,28.715264,02310663,USGS,IAN,2022,3240.0
2022-09-27 07:00:00,1.127,0.342,-0.7849999999999999,-82.606211,28.715264,02310663,USGS,IAN,2022,3300.0
2022-09-27 08:00:00,1.487,0.508,-0.979,-82.606211,28.715264,02310663,USGS,IAN,2022,3360.0
2022-09-27 09:00:00,1.717,0.863,-0.8540000000000001,-82.606211,28.715264,02310663,USGS,IAN,2022,3420.0
2022-09-27 10:00:00,1.647,1.083,-0.5640000000000001,-82.606211,28.715264,02310663,USGS,IAN,2022,3480.0
2022-09-27 11:00:00,1.437,0.962,-0.4750000000000001,-82.606211,28.715264,02310663,USGS,IAN,2022,3540.0
2022-09-27 12:00:00,1.227,0.842,-0.3850000000000001,-82.606211,28.715264,02310663,USGS,IAN,2022,3600.0
2022-09-27 13:00:00,0.977,0.721,-0.256,-82.606211,28.715264,02310663,USGS,IAN,2022,3660.0
2022-09-27 14:00:00,0.747,0.606,-0.141,-82.606211,28.715264,02310663,USGS,IAN,2022,3720.0
2022-09-27 15:00:00,0.447,0.506,0.059,-82.606211,28.715264,02310663,USGS,IAN,2022,3780.0
2022-09-27 16:00:00,0.067,0.418,0.351,-82.606211,28.715264,02310663,USGS,IAN,2022,3840.0
2022-09-27 17:00:00,-0.233,0.339,0.5720000000000001,-82.606211,28.715264,02310663,USGS,IAN,2022,3900.0
2022-09-27 18:00:00,0.077,0.268,0.191,-82.606211,28.715264,02310663,USGS,IAN,2022,3960.0
2022-09-27 19:00:00,0.567,0.211,-0.356,-82.606211,28.715264,02310663,USGS,IAN,2022,4020.0
2022-09-27 20:00:00,1.007,0.265,-0.7419999999999999,-82.606211,28.715264,02310663,USGS,IAN,2022,4080.0
2022-09-27 21:00:00,1.357,0.417,-0.94,-82.606211,28.715264,02310663,USGS,IAN,2022,4140.0
2022-09-27 22:00:00,1.487,0.715,-0.7720000000000001,-82.606211,28.715264,02310663,USGS,IAN,2022,4200.0
2022-09-27 23:00:00,1.307,0.865,-0.4419999999999999,-82.606211,28.715264,02310663,USGS,IAN,2022,4260.0
2022-09-28 00:00:00,1.117,0.757,-0.36,-82.606211,28.715264,02310663,USGS,IAN,2022,4320.0
2022-09-28 01:00:00,0.887,0.648,-0.239,-82.606211,28.715264,02310663,USGS,IAN,2022,4380.0
2022-09-28 02:00:00,0.627,0.548,-0.0789999999999999,-82.606211,28.715264,02310663,USGS,IAN,2022,4440.0
2022-09-28 03:00:00,0.297,0.452,0.155,-82.606211,28.715264,02310663,USGS,IAN,2022,4500.0
2022-09-28 04:00:00,-0.103,0.365,0.4679999999999999,-82.606211,28.715264,02310663,USGS,IAN,2022,4560.0
2022-09-28 05:00:00,-0.473,0.285,0.758,-82.606211,28.715264,02310663,USGS,IAN,2022,4620.0
2022-09-28 06:00:00,-0.753,0.211,0.964,-82.606211,28.715264,02310663,USGS,IAN,2022,4680.0
2022-09-28 07:00:00,-0.613,0.156,0.769,-82.606211,28.715264,02310663,USGS,IAN,2022,4740.0
2022-09-28 08:00:00,-0.263,0.225,0.488,-82.606211,28.715264,02310663,USGS,IAN,2022,4800.0
2022-09-28 09:00:00,-0.063,0.367,0.43,-82.606211,28.715264,02310663,USGS,IAN,2022,4860.0
2022-09-28 10:00:00,-0.213,0.487,0.7,-82.606211,28.715264,02310663,USGS,IAN,2022,4920.0
2022-09-28 11:00:00,-0.453,0.4,0.853,-82.606211,28.715264,02310663,USGS,IAN,2022,4980.0
2022-09-28 12:00:00,-0.723,0.297,1.02,-82.606211,28.715264,02310663,USGS,IAN,2022,5040.0
2022-09-28 13:00:00,-0.963,0.181,1.144,-82.606211,28.715264,02310663,USGS,IAN,2022,5100.0
2022-09-28 14:00:00,-1.233,0.054,1.287,-82.606211,28.715264,02310663,USGS,IAN,2022,5160.0
2022-09-28 15:00:00,-1.473,-0.078,1.395,-82.606211,28.715264,02310663,USGS,IAN,2022,5220.0
2022-09-28 16:00:00,-1.703,-0.234,1.469,-82.606211,28.715264,02310663,USGS,IAN,2022,5280.0
2022-09-28 17:00:00,-1.903,-0.407,1.496,-82.606211,28.715264,02310663,USGS,IAN,2022,5340.0
2022-09-28 18:00:00,-2.113,-0.607,1.506,-82.606211,28.715264,02310663,USGS,IAN,2022,5400.0
2022-09-28 19:00:00,-2.293,-0.749,1.544,-82.606211,28.715264,02310663,USGS,IAN,2022,5460.0
2022-09-29 21:00:00,-2.723,-0.696,2.027,-82.606211,28.715264,02310663,USGS,IAN,2022,7020.0
2022-09-29 22:00:00,-2.403,-0.478,1.925,-82.606211,28.715264,02310663,USGS,IAN,2022,7080.0
2022-09-29 23:00:00,-1.983,-0.384,1.5990000000000002,-82.606211,28.715264,02310663,USGS,IAN,2022,7140.0
2022-09-30 00:00:00,-1.453,-0.33,1.123,-82.606211,28.715264,02310663,USGS,IAN,2022,7200.0
2022-09-30 01:00:00,-1.003,-0.266,0.7369999999999999,-82.606211,28.715264,02310663,USGS,IAN,2022,7260.0
2022-09-30 02:00:00,-0.813,-0.161,0.6519999999999999,-82.606211,28.715264,02310663,USGS,IAN,2022,7320.0
2022-09-30 03:00:00,-0.903,-0.013,0.89,-82.606211,28.715264,02310663,USGS,IAN,2022,7380.0
2022-09-30 04:00:00,-1.033,0.102,1.135,-82.606211,28.715264,02310663,USGS,IAN,2022,7440.0
2022-09-30 05:00:00,-1.003,0.121,1.124,-82.606211,28.715264,02310663,USGS,IAN,2022,7500.0
2022-09-30 06:00:00,-0.823,0.146,0.969,-82.606211,28.715264,02310663,USGS,IAN,2022,7560.0
2022-09-30 07:00:00,-0.563,0.203,0.766,-82.606211,28.715264,02310663,USGS,IAN,2022,7620.0
2022-09-30 08:00:00,-0.223,0.32,0.543,-82.606211,28.715264,02310663,USGS,IAN,2022,7680.0
2022-09-30 09:00:00,0.197,0.546,0.349,-82.606211,28.715264,02310663,USGS,IAN,2022,7740.0
2022-09-30 10:00:00,0.517,0.837,0.3199999999999999,-82.606211,28.715264,02310663,USGS,IAN,2022,7800.0
2022-09-30 11:00:00,0.627,0.932,0.305,-82.606211,28.715264,02310663,USGS,IAN,2022,7860.0
2022-09-30 12:00:00,0.487,0.835,0.348,-82.606211,28.715264,02310663,USGS,IAN,2022,7920.0
2022-09-30 13:00:00,0.227,0.736,0.509,-82.606211,28.715264,02310663,USGS,IAN,2022,7980.0
2022-09-30 14:00:00,-0.093,0.634,0.727,-82.606211,28.715264,02310663,USGS,IAN,2022,8040.0
2022-09-30 15:00:00,-0.413,0.536,0.949,-82.606211,28.715264,02310663,USGS,IAN,2022,8100.0
2022-09-30 16:00:00,-0.703,0.448,1.151,-82.606211,28.715264,02310663,USGS,IAN,2022,8160.0
2022-09-30 17:00:00,-0.973,0.368,1.341,-82.606211,28.715264,02310663,USGS,IAN,2022,8220.0
2022-09-30 18:00:00,-1.223,0.296,1.519,-82.606211,28.715264,02310663,USGS,IAN,2022,8280.0
2022-09-30 19:00:00,-1.373,0.232,1.605,-82.606211,28.715264,02310663,USGS,IAN,2022,8340.0
2022-09-30 20:00:00,-1.123,0.176,1.299,-82.606211,28.715264,02310663,USGS,IAN,2022,8400.0
2022-09-30 21:00:00,-0.813,0.125,0.938,-82.606211,28.715264,02310663,USGS,IAN,2022,8460.0
2022-09-30 22:00:00,-0.413,0.079,0.492,-82.606211,28.715264,02310663,USGS,IAN,2022,8520.0
2022-09-30 23:00:00,0.067,0.062,-0.005,-82.606211,28.715264,02310663,USGS,IAN,2022,8580.0
2022-10-01 00:00:00,0.457,0.108,-0.349,-82.606211,28.715264,02310663,USGS,IAN,2022,8640.0
2022-10-01 01:00:00,0.597,0.176,-0.421,-82.606211,28.715264,02310663,USGS,IAN,2022,8700.0
2022-10-01 02:00:00,0.417,0.226,-0.1909999999999999,-82.606211,28.715264,02310663,USGS,IAN,2022,8760.0
2022-10-01 03:00:00,0.147,0.204,0.0569999999999999,-82.606211,28.715264,02310663,USGS,IAN,2022,8820.0
2022-10-01 04:00:00,-0.133,0.173,0.306,-82.606211,28.715264,02310663,USGS,IAN,2022,8880.0
2022-10-01 05:00:00,-0.293,0.139,0.432,-82.606211,28.715264,02310663,USGS,IAN,2022,8940.0
2022-10-01 06:00:00,-0.043,0.156,0.199,-82.606211,28.715264,02310663,USGS,IAN,2022,9000.0
2022-10-01 07:00:00,0.337,0.214,-0.123,-82.606211,28.715264,02310663,USGS,IAN,2022,9060.0
2022-10-01 08:00:00,0.667,0.335,-0.332,-82.606211,28.715264,02310663,USGS,IAN,2022,9120.0
2022-10-01 09:00:00,0.947,0.598,-0.349,-82.606211,28.715264,02310663,USGS,IAN,2022,9180.0
2022-10-01 10:00:00,1.207,1.041,-0.1660000000000001,-82.606211,28.715264,02310663,USGS,IAN,2022,9240.0
2022-10-01 11:00:00,1.337,1.382,0.0449999999999999,-82.606211,28.715264,02310663,USGS,IAN,2022,9300.0
2022-10-01 12:00:00,1.237,1.302,0.0649999999999999,-82.606211,28.715264,02310663,USGS,IAN,2022,9360.0
2022-10-01 13:00:00,1.047,1.171,0.1240000000000001,-82.606211,28.715264,02310663,USGS,IAN,2022,9420.0
2022-10-01 14:00:00,0.827,1.023,0.1959999999999999,-82.606211,28.715264,02310663,USGS,IAN,2022,9480.0
2022-10-01 15:00:00,0.557,0.88,0.3229999999999999,-82.606211,28.715264,02310663,USGS,IAN,2022,9540.0
2022-10-01 16:00:00,0.217,0.748,0.531,-82.606211,28.715264,02310663,USGS,IAN,2022,9600.0
2022-10-01 17:00:00,-0.183,0.628,0.8109999999999999,-82.606211,28.715264,02310663,USGS,IAN,2022,9660.0
2022-10-01 18:00:00,-0.533,0.521,1.054,-82.606211,28.715264,02310663,USGS,IAN,2022,9720.0
2022-10-01 19:00:00,-0.833,0.43,1.263,-82.606211,28.715264,02310663,USGS,IAN,2022,9780.0
2022-10-01 20:00:00,-0.873,0.35,1.223,-82.606211,28.715264,02310663,USGS,IAN,2022,9840.0
2022-10-01 21:00:00,-0.523,0.279,0.802,-82.606211,28.715264,02310663,USGS,IAN,2022,9900.0
2022-10-01 22:00:00,-0.133,0.217,0.35,-82.606211,28.715264,02310663,USGS,IAN,2022,9960.0
2022-10-01 23:00:00,0.317,0.161,-0.156,-82.606211,28.715264,02310663,USGS,IAN,2022,10020.0
2022-09-25 01:00:00,0.294,0.591,0.297,-82.624722,28.702639,02310673,USGS,IAN,2022,60.0
2022-09-25 02:00:00,-0.056,0.49,0.546,-82.624722,28.702639,02310673,USGS,IAN,2022,120.0
2022-09-25 03:00:00,-0.376,0.402,0.778,-82.624722,28.702639,02310673,USGS,IAN,2022,180.0
2022-09-25 04:00:00,-0.406,0.325,0.7310000000000001,-82.624722,28.702639,02310673,USGS,IAN,2022,240.0
2022-09-25 05:00:00,-0.086,0.257,0.3429999999999999,-82.624722,28.702639,02310673,USGS,IAN,2022,300.0
2022-09-25 06:00:00,0.384,0.247,-0.137,-82.624722,28.702639,02310673,USGS,IAN,2022,360.0
2022-09-25 07:00:00,0.784,0.352,-0.432,-82.624722,28.702639,02310673,USGS,IAN,2022,420.0
2022-09-25 08:00:00,1.014,0.61,-0.404,-82.624722,28.702639,02310673,USGS,IAN,2022,480.0
2022-09-25 09:00:00,0.974,0.835,-0.139,-82.624722,28.702639,02310673,USGS,IAN,2022,540.0
2022-09-25 10:00:00,0.774,0.798,0.024,-82.624722,28.702639,02310673,USGS,IAN,2022,600.0
2022-09-25 11:00:00,0.534,0.695,0.1609999999999999,-82.624722,28.702639,02310673,USGS,IAN,2022,660.0
2022-09-25 12:00:00,0.234,0.594,0.36,-82.624722,28.702639,02310673,USGS,IAN,2022,720.0
2022-09-25 13:00:00,-0.116,0.499,0.615,-82.624722,28.702639,02310673,USGS,IAN,2022,780.0
2022-09-25 14:00:00,-0.396,0.412,0.808,-82.624722,28.702639,02310673,USGS,IAN,2022,840.0
2022-09-25 15:00:00,-0.326,0.335,0.661,-82.624722,28.702639,02310673,USGS,IAN,2022,900.0
2022-09-25 16:00:00,0.034,0.265,0.231,-82.624722,28.702639,02310673,USGS,IAN,2022,960.0
2022-09-25 17:00:00,0.544,0.209,-0.3350000000000001,-82.624722,28.702639,02310673,USGS,IAN,2022,1020.0
2022-09-25 18:00:00,1.024,0.246,-0.778,-82.624722,28.702639,02310673,USGS,IAN,2022,1080.0
2022-09-25 19:00:00,1.464,0.414,-1.05,-82.624722,28.702639,02310673,USGS,IAN,2022,1140.0
2022-09-25 20:00:00,1.714,0.837,-0.877,-82.624722,28.702639,02310673,USGS,IAN,2022,1200.0
2022-09-25 21:00:00,1.634,1.109,-0.5249999999999999,-82.624722,28.702639,02310673,USGS,IAN,2022,1260.0
2022-09-25 22:00:00,1.394,1.054,-0.3399999999999998,-82.624722,28.702639,02310673,USGS,IAN,2022,1320.0
2022-09-25 23:00:00,1.144,0.926,-0.2179999999999998,-82.624722,28.702639,02310673,USGS,IAN,2022,1380.0
2022-09-26 00:00:00,0.884,0.798,-0.0859999999999999,-82.624722,28.702639,02310673,USGS,IAN,2022,1440.0
2022-09-26 01:00:00,0.604,0.676,0.072,-82.624722,28.702639,02310673,USGS,IAN,2022,1500.0
2022-09-26 02:00:00,0.304,0.566,0.2619999999999999,-82.624722,28.702639,02310673,USGS,IAN,2022,1560.0
2022-09-26 03:00:00,0.004,0.469,0.4649999999999999,-82.624722,28.702639,02310673,USGS,IAN,2022,1620.0
2022-09-26 04:00:00,-0.016,0.383,0.399,-82.624722,28.702639,02310673,USGS,IAN,2022,1680.0
2022-09-26 05:00:00,0.324,0.308,-0.016,-82.624722,28.702639,02310673,USGS,IAN,2022,1740.0
2022-09-26 06:00:00,0.774,0.274,-0.5,-82.624722,28.702639,02310673,USGS,IAN,2022,1800.0
2022-09-26 07:00:00,1.204,0.367,-0.837,-82.624722,28.702639,02310673,USGS,IAN,2022,1860.0
2022-09-26 08:00:00,1.524,0.617,-0.907,-82.624722,28.702639,02310673,USGS,IAN,2022,1920.0
2022-09-26 09:00:00,1.514,0.922,-0.592,-82.624722,28.702639,02310673,USGS,IAN,2022,1980.0
2022-09-26 10:00:00,1.294,0.931,-0.363,-82.624722,28.702639,02310673,USGS,IAN,2022,2040.0
2022-09-26 11:00:00,1.064,0.819,-0.2450000000000001,-82.624722,28.702639,02310673,USGS,IAN,2022,2100.0
2022-09-26 12:00:00,0.814,0.705,-0.1089999999999999,-82.624722,28.702639,02310673,USGS,IAN,2022,2160.0
2022-09-26 13:00:00,0.534,0.597,0.0629999999999999,-82.624722,28.702639,02310673,USGS,IAN,2022,2220.0
2022-09-26 14:00:00,0.224,0.498,0.274,-82.624722,28.702639,02310673,USGS,IAN,2022,2280.0
2022-09-26 15:00:00,-0.076,0.41,0.486,-82.624722,28.702639,02310673,USGS,IAN,2022,2340.0
2022-09-26 16:00:00,-0.006,0.332,0.338,-82.624722,28.702639,02310673,USGS,IAN,2022,2400.0
2022-09-26 17:00:00,0.394,0.263,-0.131,-82.624722,28.702639,02310673,USGS,IAN,2022,2460.0
2022-09-26 18:00:00,0.884,0.216,-0.668,-82.624722,28.702639,02310673,USGS,IAN,2022,2520.0
2022-09-26 19:00:00,1.354,0.288,-1.066,-82.624722,28.702639,02310673,USGS,IAN,2022,2580.0
2022-09-26 20:00:00,1.804,0.521,-1.283,-82.624722,28.702639,02310673,USGS,IAN,2022,2640.0
2022-09-26 21:00:00,1.974,0.947,-1.027,-82.624722,28.702639,02310673,USGS,IAN,2022,2700.0
2022-09-26 22:00:00,1.844,1.071,-0.7730000000000001,-82.624722,28.702639,02310673,USGS,IAN,2022,2760.0
2022-09-26 23:00:00,1.574,0.963,-0.6110000000000001,-82.624722,28.702639,02310673,USGS,IAN,2022,2820.0
2022-09-27 00:00:00,1.304,0.84,-0.4640000000000001,-82.624722,28.702639,02310673,USGS,IAN,2022,2880.0
2022-09-27 01:00:00,1.034,0.716,-0.318,-82.624722,28.702639,02310673,USGS,IAN,2022,2940.0
2022-09-27 02:00:00,0.774,0.604,-0.17,-82.624722,28.702639,02310673,USGS,IAN,2022,3000.0
2022-09-27 03:00:00,0.504,0.502,-0.002,-82.624722,28.702639,02310673,USGS,IAN,2022,3060.0
2022-09-27 04:00:00,0.384,0.413,0.0289999999999999,-82.624722,28.702639,02310673,USGS,IAN,2022,3120.0
2022-09-27 05:00:00,0.584,0.335,-0.2489999999999999,-82.624722,28.702639,02310673,USGS,IAN,2022,3180.0
2022-09-27 06:00:00,0.914,0.284,-0.6300000000000001,-82.624722,28.702639,02310673,USGS,IAN,2022,3240.0
2022-09-27 07:00:00,1.314,0.365,-0.949,-82.624722,28.702639,02310673,USGS,IAN,2022,3300.0
2022-09-27 08:00:00,1.704,0.606,-1.098,-82.624722,28.702639,02310673,USGS,IAN,2022,3360.0
2022-09-27 09:00:00,1.834,0.992,-0.8420000000000001,-82.624722,28.702639,02310673,USGS,IAN,2022,3420.0
2022-09-27 10:00:00,1.624,1.067,-0.5570000000000002,-82.624722,28.702639,02310673,USGS,IAN,2022,3480.0
2022-09-27 11:00:00,1.384,0.951,-0.4329999999999999,-82.624722,28.702639,02310673,USGS,IAN,2022,3540.0
2022-09-27 12:00:00,1.124,0.827,-0.2970000000000001,-82.624722,28.702639,02310673,USGS,IAN,2022,3600.0
2022-09-27 13:00:00,0.854,0.704,-0.15,-82.624722,28.702639,02310673,USGS,IAN,2022,3660.0
2022-09-27 14:00:00,0.574,0.592,0.018,-82.624722,28.702639,02310673,USGS,IAN,2022,3720.0
2022-09-27 15:00:00,0.274,0.491,0.2169999999999999,-82.624722,28.702639,02310673,USGS,IAN,2022,3780.0
2022-09-27 16:00:00,-0.056,0.403,0.459,-82.624722,28.702639,02310673,USGS,IAN,2022,3840.0
2022-09-27 17:00:00,-0.146,0.325,0.471,-82.624722,28.702639,02310673,USGS,IAN,2022,3900.0
2022-09-27 18:00:00,0.224,0.256,0.032,-82.624722,28.702639,02310673,USGS,IAN,2022,3960.0
2022-09-27 19:00:00,0.734,0.214,-0.52,-82.624722,28.702639,02310673,USGS,IAN,2022,4020.0
2022-09-27 20:00:00,1.194,0.293,-0.901,-82.624722,28.702639,02310673,USGS,IAN,2022,4080.0
2022-09-27 21:00:00,1.544,0.518,-1.026,-82.624722,28.702639,02310673,USGS,IAN,2022,4140.0
2022-09-27 22:00:00,1.524,0.824,-0.7000000000000001,-82.624722,28.702639,02310673,USGS,IAN,2022,4200.0
2022-09-27 23:00:00,1.284,0.856,-0.428,-82.624722,28.702639,02310673,USGS,IAN,2022,4260.0
2022-09-28 00:00:00,1.044,0.753,-0.291,-82.624722,28.702639,02310673,USGS,IAN,2022,4320.0
2022-09-28 01:00:00,0.784,0.647,-0.137,-82.624722,28.702639,02310673,USGS,IAN,2022,4380.0
2022-09-28 02:00:00,0.484,0.543,0.059,-82.624722,28.702639,02310673,USGS,IAN,2022,4440.0
2022-09-28 03:00:00,0.154,0.449,0.295,-82.624722,28.702639,02310673,USGS,IAN,2022,4500.0
2022-09-28 04:00:00,-0.216,0.364,0.58,-82.624722,28.702639,02310673,USGS,IAN,2022,4560.0
2022-09-28 05:00:00,-0.536,0.287,0.823,-82.624722,28.702639,02310673,USGS,IAN,2022,4620.0
2022-09-28 06:00:00,-0.696,0.22,0.916,-82.624722,28.702639,02310673,USGS,IAN,2022,4680.0
2022-09-28 07:00:00,-0.476,0.199,0.675,-82.624722,28.702639,02310673,USGS,IAN,2022,4740.0
2022-09-28 08:00:00,-0.156,0.29,0.4459999999999999,-82.624722,28.702639,02310673,USGS,IAN,2022,4800.0
2022-09-28 09:00:00,-0.036,0.468,0.504,-82.624722,28.702639,02310673,USGS,IAN,2022,4860.0
2022-09-28 10:00:00,-0.186,0.52,0.706,-82.624722,28.702639,02310673,USGS,IAN,2022,4920.0
2022-09-28 11:00:00,-0.446,0.452,0.898,-82.624722,28.702639,02310673,USGS,IAN,2022,4980.0
2022-09-28 12:00:00,-0.716,0.365,1.081,-82.624722,28.702639,02310673,USGS,IAN,2022,5040.0
2022-09-28 13:00:00,-0.986,0.276,1.262,-82.624722,28.702639,02310673,USGS,IAN,2022,5100.0
2022-09-28 14:00:00,-1.246,0.19,1.436,-82.624722,28.702639,02310673,USGS,IAN,2022,5160.0
2022-09-28 15:00:00,-1.486,0.106,1.592,-82.624722,28.702639,02310673,USGS,IAN,2022,5220.0
2022-09-28 16:00:00,-1.716,0.025,1.741,-82.624722,28.702639,02310673,USGS,IAN,2022,5280.0
2022-09-28 17:00:00,-1.846,-0.053,1.793,-82.624722,28.702639,02310673,USGS,IAN,2022,5340.0
2022-09-28 18:00:00,-1.996,-0.129,1.867,-82.624722,28.702639,02310673,USGS,IAN,2022,5400.0
2022-09-28 19:00:00,-2.156,-0.206,1.95,-82.624722,28.702639,02310673,USGS,IAN,2022,5460.0
2022-09-28 20:00:00,-2.286,-0.287,1.999,-82.624722,28.702639,02310673,USGS,IAN,2022,5520.0
2022-09-28 21:00:00,-2.386,-0.375,2.011,-82.624722,28.702639,02310673,USGS,IAN,2022,5580.0
2022-09-28 22:00:00,-2.466,-0.469,1.9970000000000003,-82.624722,28.702639,02310673,USGS,IAN,2022,5640.0
2022-09-28 23:00:00,-2.496,-0.577,1.919,-82.624722,28.702639,02310673,USGS,IAN,2022,5700.0
2022-09-29 00:00:00,-2.546,-0.625,1.921,-82.624722,28.702639,02310673,USGS,IAN,2022,5760.0
2022-09-29 01:00:00,-2.606,-0.695,1.911,-82.624722,28.702639,02310673,USGS,IAN,2022,5820.0
2022-09-29 12:00:00,-2.946,-0.557,2.389,-82.624722,28.702639,02310673,USGS,IAN,2022,6480.0
2022-09-29 13:00:00,-2.946,-0.577,2.369,-82.624722,28.702639,02310673,USGS,IAN,2022,6540.0
2022-09-29 14:00:00,-2.916,-0.581,2.335,-82.624722,28.702639,02310673,USGS,IAN,2022,6600.0
2022-09-29 15:00:00,-2.866,-0.575,2.2910000000000004,-82.624722,28.702639,02310673,USGS,IAN,2022,6660.0
2022-09-29 16:00:00,-2.836,-0.569,2.267,-82.624722,28.702639,02310673,USGS,IAN,2022,6720.0
2022-09-29 17:00:00,-2.826,-0.564,2.262,-82.624722,28.702639,02310673,USGS,IAN,2022,6780.0
2022-09-29 18:00:00,-2.816,-0.555,2.261,-82.624722,28.702639,02310673,USGS,IAN,2022,6840.0
2022-09-29 19:00:00,-2.736,-0.552,2.184,-82.624722,28.702639,02310673,USGS,IAN,2022,6900.0
2022-09-29 20:00:00,-2.606,-0.555,2.051,-82.624722,28.702639,02310673,USGS,IAN,2022,6960.0
2022-09-29 21:00:00,-2.386,-0.54,1.846,-82.624722,28.702639,02310673,USGS,IAN,2022,7020.0
2022-09-29 22:00:00,-2.066,-0.513,1.553,-82.624722,28.702639,02310673,USGS,IAN,2022,7080.0
2022-09-29 23:00:00,-1.616,-0.47,1.146,-82.624722,28.702639,02310673,USGS,IAN,2022,7140.0
2022-09-30 00:00:00,-1.116,-0.39,0.7260000000000001,-82.624722,28.702639,02310673,USGS,IAN,2022,7200.0
2022-09-30 01:00:00,-0.716,-0.258,0.4579999999999999,-82.624722,28.702639,02310673,USGS,IAN,2022,7260.0
2022-09-30 02:00:00,-0.586,-0.062,0.524,-82.624722,28.702639,02310673,USGS,IAN,2022,7320.0
2022-09-30 03:00:00,-0.686,0.067,0.7530000000000001,-82.624722,28.702639,02310673,USGS,IAN,2022,7380.0
2022-09-30 04:00:00,-0.786,0.109,0.895,-82.624722,28.702639,02310673,USGS,IAN,2022,7440.0
2022-09-30 05:00:00,-0.736,0.115,0.851,-82.624722,28.702639,02310673,USGS,IAN,2022,7500.0
2022-09-30 06:00:00,-0.546,0.148,0.6940000000000001,-82.624722,28.702639,02310673,USGS,IAN,2022,7560.0
2022-09-30 07:00:00,-0.276,0.222,0.498,-82.624722,28.702639,02310673,USGS,IAN,2022,7620.0
2022-09-30 08:00:00,0.094,0.378,0.284,-82.624722,28.702639,02310673,USGS,IAN,2022,7680.0
2022-09-30 09:00:00,0.504,0.652,0.148,-82.624722,28.702639,02310673,USGS,IAN,2022,7740.0
2022-09-30 10:00:00,0.774,0.895,0.121,-82.624722,28.702639,02310673,USGS,IAN,2022,7800.0
2022-09-30 11:00:00,0.834,0.915,0.081,-82.624722,28.702639,02310673,USGS,IAN,2022,7860.0
2022-09-30 12:00:00,0.674,0.82,0.1459999999999999,-82.624722,28.702639,02310673,USGS,IAN,2022,7920.0
2022-09-30 13:00:00,0.404,0.718,0.3139999999999999,-82.624722,28.702639,02310673,USGS,IAN,2022,7980.0
2022-09-30 14:00:00,0.074,0.616,0.542,-82.624722,28.702639,02310673,USGS,IAN,2022,8040.0
2022-09-30 15:00:00,-0.246,0.518,0.764,-82.624722,28.702639,02310673,USGS,IAN,2022,8100.0
2022-09-30 16:00:00,-0.546,0.43,0.976,-82.624722,28.702639,02310673,USGS,IAN,2022,8160.0
2022-09-30 17:00:00,-0.816,0.35,1.166,-82.624722,28.702639,02310673,USGS,IAN,2022,8220.0
2022-09-30 18:00:00,-1.046,0.279,1.3250000000000002,-82.624722,28.702639,02310673,USGS,IAN,2022,8280.0
2022-09-30 19:00:00,-1.106,0.216,1.322,-82.624722,28.702639,02310673,USGS,IAN,2022,8340.0
2022-09-30 20:00:00,-0.866,0.159,1.025,-82.624722,28.702639,02310673,USGS,IAN,2022,8400.0
2022-09-30 21:00:00,-0.526,0.108,0.634,-82.624722,28.702639,02310673,USGS,IAN,2022,8460.0
2022-09-30 22:00:00,-0.086,0.065,0.151,-82.624722,28.702639,02310673,USGS,IAN,2022,8520.0
2022-09-30 23:00:00,0.384,0.067,-0.317,-82.624722,28.702639,02310673,USGS,IAN,2022,8580.0
2022-10-01 00:00:00,0.734,0.116,-0.618,-82.624722,28.702639,02310673,USGS,IAN,2022,8640.0
2022-10-01 01:00:00,0.804,0.184,-0.6200000000000001,-82.624722,28.702639,02310673,USGS,IAN,2022,8700.0
2022-10-01 02:00:00,0.614,0.207,-0.407,-82.624722,28.702639,02310673,USGS,IAN,2022,8760.0
2022-10-01 03:00:00,0.344,0.183,-0.1609999999999999,-82.624722,28.702639,02310673,USGS,IAN,2022,8820.0
2022-10-01 04:00:00,0.074,0.151,0.077,-82.624722,28.702639,02310673,USGS,IAN,2022,8880.0
2022-10-01 05:00:00,0.004,0.128,0.124,-82.624722,28.702639,02310673,USGS,IAN,2022,8940.0
2022-10-01 06:00:00,0.254,0.157,-0.097,-82.624722,28.702639,02310673,USGS,IAN,2022,9000.0
2022-10-01 07:00:00,0.644,0.232,-0.412,-82.624722,28.702639,02310673,USGS,IAN,2022,9060.0
2022-10-01 08:00:00,0.984,0.398,-0.586,-82.624722,28.702639,02310673,USGS,IAN,2022,9120.0
2022-10-01 09:00:00,1.284,0.744,-0.54,-82.624722,28.702639,02310673,USGS,IAN,2022,9180.0
2022-10-01 10:00:00,1.534,1.186,-0.3480000000000001,-82.624722,28.702639,02310673,USGS,IAN,2022,9240.0
2022-10-01 11:00:00,1.584,1.376,-0.2080000000000001,-82.624722,28.702639,02310673,USGS,IAN,2022,9300.0
2022-10-01 12:00:00,1.414,1.276,-0.1379999999999999,-82.624722,28.702639,02310673,USGS,IAN,2022,9360.0
2022-10-01 13:00:00,1.194,1.144,-0.05,-82.624722,28.702639,02310673,USGS,IAN,2022,9420.0
2022-10-01 14:00:00,0.934,0.998,0.0639999999999999,-82.624722,28.702639,02310673,USGS,IAN,2022,9480.0
2022-10-01 15:00:00,0.644,0.857,0.2129999999999999,-82.624722,28.702639,02310673,USGS,IAN,2022,9540.0
2022-10-01 16:00:00,0.294,0.726,0.432,-82.624722,28.702639,02310673,USGS,IAN,2022,9600.0
2022-10-01 17:00:00,-0.066,0.609,0.675,-82.624722,28.702639,02310673,USGS,IAN,2022,9660.0
2022-10-01 18:00:00,-0.406,0.505,0.911,-82.624722,28.702639,02310673,USGS,IAN,2022,9720.0
2022-10-01 19:00:00,-0.656,0.414,1.07,-82.624722,28.702639,02310673,USGS,IAN,2022,9780.0
2022-10-01 20:00:00,-0.556,0.335,0.891,-82.624722,28.702639,02310673,USGS,IAN,2022,9840.0
2022-10-01 21:00:00,-0.236,0.264,0.5,-82.624722,28.702639,02310673,USGS,IAN,2022,9900.0
2022-10-01 22:00:00,0.184,0.202,0.018,-82.624722,28.702639,02310673,USGS,IAN,2022,9960.0
2022-10-01 23:00:00,0.634,0.147,-0.487,-82.624722,28.702639,02310673,USGS,IAN,2022,10020.0
2022-09-25 01:00:00,0.024,0.444,0.42,-82.638989,28.694709,02310674,USGS,IAN,2022,60.0
2022-09-25 02:00:00,-0.286,0.342,0.628,-82.638989,28.694709,02310674,USGS,IAN,2022,120.0
2022-09-25 03:00:00,-0.506,0.254,0.76,-82.638989,28.694709,02310674,USGS,IAN,2022,180.0
2022-09-25 04:00:00,-0.346,0.178,0.524,-82.638989,28.694709,02310674,USGS,IAN,2022,240.0
2022-09-25 05:00:00,0.034,0.15,0.1159999999999999,-82.638989,28.694709,02310674,USGS,IAN,2022,300.0
2022-09-25 06:00:00,0.574,0.325,-0.2489999999999999,-82.638989,28.694709,02310674,USGS,IAN,2022,360.0
2022-09-25 07:00:00,1.004,0.714,-0.29,-82.638989,28.694709,02310674,USGS,IAN,2022,420.0
2022-09-25 08:00:00,1.134,1.088,-0.0459999999999998,-82.638989,28.694709,02310674,USGS,IAN,2022,480.0
2022-09-25 09:00:00,0.904,0.904,0.0,-82.638989,28.694709,02310674,USGS,IAN,2022,540.0
2022-09-25 10:00:00,0.674,0.743,0.0689999999999999,-82.638989,28.694709,02310674,USGS,IAN,2022,600.0
2022-09-25 11:00:00,0.394,0.599,0.2049999999999999,-82.638989,28.694709,02310674,USGS,IAN,2022,660.0
2022-09-25 12:00:00,0.074,0.475,0.4009999999999999,-82.638989,28.694709,02310674,USGS,IAN,2022,720.0
2022-09-25 13:00:00,-0.236,0.367,0.603,-82.638989,28.694709,02310674,USGS,IAN,2022,780.0
2022-09-25 14:00:00,-0.446,0.275,0.7210000000000001,-82.638989,28.694709,02310674,USGS,IAN,2022,840.0
2022-09-25 15:00:00,-0.236,0.194,0.43,-82.638989,28.694709,02310674,USGS,IAN,2022,900.0
2022-09-25 16:00:00,0.184,0.127,-0.0569999999999999,-82.638989,28.694709,02310674,USGS,IAN,2022,960.0
2022-09-25 17:00:00,0.804,0.178,-0.6260000000000001,-82.638989,28.694709,02310674,USGS,IAN,2022,1020.0
2022-09-25 18:00:00,1.464,0.43,-1.034,-82.638989,28.694709,02310674,USGS,IAN,2022,1080.0
2022-09-25 19:00:00,1.954,1.019,-0.935,-82.638989,28.694709,02310674,USGS,IAN,2022,1140.0
2022-09-25 20:00:00,1.914,1.44,-0.474,-82.638989,28.694709,02310674,USGS,IAN,2022,1200.0
2022-09-25 21:00:00,1.574,1.182,-0.3920000000000001,-82.638989,28.694709,02310674,USGS,IAN,2022,1260.0
2022-09-25 22:00:00,1.274,0.992,-0.282,-82.638989,28.694709,02310674,USGS,IAN,2022,1320.0
2022-09-25 23:00:00,0.954,0.816,-0.138,-82.638989,28.694709,02310674,USGS,IAN,2022,1380.0
2022-09-26 00:00:00,0.634,0.663,0.029,-82.638989,28.694709,02310674,USGS,IAN,2022,1440.0
2022-09-26 01:00:00,0.324,0.53,0.206,-82.638989,28.694709,02310674,USGS,IAN,2022,1500.0
2022-09-26 02:00:00,0.024,0.417,0.3929999999999999,-82.638989,28.694709,02310674,USGS,IAN,2022,1560.0
2022-09-26 03:00:00,-0.166,0.319,0.485,-82.638989,28.694709,02310674,USGS,IAN,2022,1620.0
2022-09-26 04:00:00,0.034,0.235,0.2009999999999999,-82.638989,28.694709,02310674,USGS,IAN,2022,1680.0
2022-09-26 05:00:00,0.454,0.178,-0.276,-82.638989,28.694709,02310674,USGS,IAN,2022,1740.0
2022-09-26 06:00:00,1.054,0.32,-0.734,-82.638989,28.694709,02310674,USGS,IAN,2022,1800.0
2022-09-26 07:00:00,1.644,0.679,-0.965,-82.638989,28.694709,02310674,USGS,IAN,2022,1860.0
2022-09-26 08:00:00,1.804,1.171,-0.633,-82.638989,28.694709,02310674,USGS,IAN,2022,1920.0
2022-09-26 09:00:00,1.484,1.075,-0.409,-82.638989,28.694709,02310674,USGS,IAN,2022,1980.0
2022-09-26 10:00:00,1.194,0.883,-0.3109999999999999,-82.638989,28.694709,02310674,USGS,IAN,2022,2040.0
2022-09-26 11:00:00,0.914,0.724,-0.19,-82.638989,28.694709,02310674,USGS,IAN,2022,2100.0
2022-09-26 12:00:00,0.594,0.583,-0.011,-82.638989,28.694709,02310674,USGS,IAN,2022,2160.0
2022-09-26 13:00:00,0.284,0.461,0.177,-82.638989,28.694709,02310674,USGS,IAN,2022,2220.0
2022-09-26 14:00:00,-0.026,0.356,0.382,-82.638989,28.694709,02310674,USGS,IAN,2022,2280.0
2022-09-26 15:00:00,-0.206,0.266,0.472,-82.638989,28.694709,02310674,USGS,IAN,2022,2340.0
2022-09-26 16:00:00,0.074,0.188,0.114,-82.638989,28.694709,02310674,USGS,IAN,2022,2400.0
2022-09-26 17:00:00,0.554,0.126,-0.428,-82.638989,28.694709,02310674,USGS,IAN,2022,2460.0
2022-09-26 18:00:00,1.234,0.233,-1.001,-82.638989,28.694709,02310674,USGS,IAN,2022,2520.0
2022-09-26 19:00:00,1.934,0.575,-1.359,-82.638989,28.694709,02310674,USGS,IAN,2022,2580.0
2022-09-26 20:00:00,2.304,1.204,-1.1,-82.638989,28.694709,02310674,USGS,IAN,2022,2640.0
2022-09-26 21:00:00,2.114,1.312,-0.8019999999999998,-82.638989,28.694709,02310674,USGS,IAN,2022,2700.0
2022-09-26 22:00:00,1.774,1.048,-0.726,-82.638989,28.694709,02310674,USGS,IAN,2022,2760.0
2022-09-26 23:00:00,1.444,0.881,-0.563,-82.638989,28.694709,02310674,USGS,IAN,2022,2820.0
2022-09-27 00:00:00,1.094,0.719,-0.3750000000000001,-82.638989,28.694709,02310674,USGS,IAN,2022,2880.0
2022-09-27 01:00:00,0.774,0.579,-0.195,-82.638989,28.694709,02310674,USGS,IAN,2022,2940.0
2022-09-27 02:00:00,0.464,0.458,-0.006,-82.638989,28.694709,02310674,USGS,IAN,2022,3000.0
2022-09-27 03:00:00,0.214,0.355,0.141,-82.638989,28.694709,02310674,USGS,IAN,2022,3060.0
2022-09-27 04:00:00,0.294,0.265,-0.0289999999999999,-82.638989,28.694709,02310674,USGS,IAN,2022,3120.0
2022-09-27 05:00:00,0.674,0.196,-0.478,-82.638989,28.694709,02310674,USGS,IAN,2022,3180.0
2022-09-27 06:00:00,1.154,0.307,-0.847,-82.638989,28.694709,02310674,USGS,IAN,2022,3240.0
2022-09-27 07:00:00,1.754,0.64,-1.114,-82.638989,28.694709,02310674,USGS,IAN,2022,3300.0
2022-09-27 08:00:00,2.124,1.218,-0.906,-82.638989,28.694709,02310674,USGS,IAN,2022,3360.0
2022-09-27 09:00:00,1.894,1.269,-0.625,-82.638989,28.694709,02310674,USGS,IAN,2022,3420.0
2022-09-27 10:00:00,1.534,1.029,-0.5050000000000001,-82.638989,28.694709,02310674,USGS,IAN,2022,3480.0
2022-09-27 11:00:00,1.224,0.86,-0.364,-82.638989,28.694709,02310674,USGS,IAN,2022,3540.0
2022-09-27 12:00:00,0.904,0.702,-0.202,-82.638989,28.694709,02310674,USGS,IAN,2022,3600.0
2022-09-27 13:00:00,0.584,0.563,-0.021,-82.638989,28.694709,02310674,USGS,IAN,2022,3660.0
2022-09-27 14:00:00,0.274,0.445,0.1709999999999999,-82.638989,28.694709,02310674,USGS,IAN,2022,3720.0
2022-09-27 15:00:00,-0.036,0.343,0.379,-82.638989,28.694709,02310674,USGS,IAN,2022,3780.0
2022-09-27 16:00:00,-0.266,0.255,0.521,-82.638989,28.694709,02310674,USGS,IAN,2022,3840.0
2022-09-27 17:00:00,-0.116,0.178,0.294,-82.638989,28.694709,02310674,USGS,IAN,2022,3900.0
2022-09-27 18:00:00,0.364,0.121,-0.243,-82.638989,28.694709,02310674,USGS,IAN,2022,3960.0
2022-09-27 19:00:00,1.044,0.246,-0.798,-82.638989,28.694709,02310674,USGS,IAN,2022,4020.0
2022-09-27 20:00:00,1.674,0.591,-1.083,-82.638989,28.694709,02310674,USGS,IAN,2022,4080.0
2022-09-27 21:00:00,1.864,1.087,-0.7770000000000001,-82.638989,28.694709,02310674,USGS,IAN,2022,4140.0
2022-09-27 22:00:00,1.474,1.021,-0.453,-82.638989,28.694709,02310674,USGS,IAN,2022,4200.0
2022-09-27 23:00:00,1.164,0.821,-0.3429999999999999,-82.638989,28.694709,02310674,USGS,IAN,2022,4260.0
2022-09-28 00:00:00,0.864,0.67,-0.1939999999999999,-82.638989,28.694709,02310674,USGS,IAN,2022,4320.0
2022-09-28 01:00:00,0.544,0.534,-0.01,-82.638989,28.694709,02310674,USGS,IAN,2022,4380.0
2022-09-28 02:00:00,0.214,0.416,0.2019999999999999,-82.638989,28.694709,02310674,USGS,IAN,2022,4440.0
2022-09-28 03:00:00,-0.116,0.315,0.431,-82.638989,28.694709,02310674,USGS,IAN,2022,4500.0
2022-09-28 04:00:00,-0.436,0.227,0.663,-82.638989,28.694709,02310674,USGS,IAN,2022,4560.0
2022-09-28 05:00:00,-0.686,0.151,0.8370000000000001,-82.638989,28.694709,02310674,USGS,IAN,2022,4620.0
2022-09-28 06:00:00,-0.676,0.121,0.797,-82.638989,28.694709,02310674,USGS,IAN,2022,4680.0
2022-09-28 07:00:00,-0.386,0.29,0.6759999999999999,-82.638989,28.694709,02310674,USGS,IAN,2022,4740.0
2022-09-28 08:00:00,-0.056,0.599,0.655,-82.638989,28.694709,02310674,USGS,IAN,2022,4800.0
2022-09-28 09:00:00,-0.046,0.714,0.76,-82.638989,28.694709,02310674,USGS,IAN,2022,4860.0
2022-09-28 10:00:00,-0.216,0.536,0.752,-82.638989,28.694709,02310674,USGS,IAN,2022,4920.0
2022-09-28 11:00:00,-0.486,0.414,0.8999999999999999,-82.638989,28.694709,02310674,USGS,IAN,2022,4980.0
2022-09-28 12:00:00,-0.766,0.296,1.062,-82.638989,28.694709,02310674,USGS,IAN,2022,5040.0
2022-09-28 13:00:00,-1.046,0.191,1.237,-82.638989,28.694709,02310674,USGS,IAN,2022,5100.0
2022-09-28 14:00:00,-1.286,0.097,1.383,-82.638989,28.694709,02310674,USGS,IAN,2022,5160.0
2022-09-28 15:00:00,-1.526,0.012,1.538,-82.638989,28.694709,02310674,USGS,IAN,2022,5220.0
2022-09-28 16:00:00,-1.746,-0.063,1.683,-82.638989,28.694709,02310674,USGS,IAN,2022,5280.0
2022-09-28 17:00:00,-1.946,-0.13,1.816,-82.638989,28.694709,02310674,USGS,IAN,2022,5340.0
2022-09-28 18:00:00,-2.116,-0.189,1.927,-82.638989,28.694709,02310674,USGS,IAN,2022,5400.0
2022-09-28 19:00:00,-2.286,-0.243,2.043,-82.638989,28.694709,02310674,USGS,IAN,2022,5460.0
2022-09-28 20:00:00,-2.436,-0.292,2.144,-82.638989,28.694709,02310674,USGS,IAN,2022,5520.0
2022-09-28 21:00:00,-2.566,-0.336,2.23,-82.638989,28.694709,02310674,USGS,IAN,2022,5580.0
2022-09-28 22:00:00,-2.646,-0.381,2.265,-82.638989,28.694709,02310674,USGS,IAN,2022,5640.0
2022-09-28 23:00:00,-2.706,-0.428,2.278,-82.638989,28.694709,02310674,USGS,IAN,2022,5700.0
2022-09-29 00:00:00,-2.756,-0.483,2.273,-82.638989,28.694709,02310674,USGS,IAN,2022,5760.0
2022-09-29 01:00:00,-2.806,-0.552,2.254,-82.638989,28.694709,02310674,USGS,IAN,2022,5820.0
2022-09-29 02:00:00,-2.866,-0.621,2.245,-82.638989,28.694709,02310674,USGS,IAN,2022,5880.0
2022-09-29 03:00:00,-2.916,-0.555,2.361,-82.638989,28.694709,02310674,USGS,IAN,2022,5940.0
2022-09-29 04:00:00,-2.956,-0.637,2.319,-82.638989,28.694709,02310674,USGS,IAN,2022,6000.0
2022-09-29 08:00:00,-3.066,-0.701,2.365,-82.638989,28.694709,02310674,USGS,IAN,2022,6240.0
2022-09-29 09:00:00,-3.086,-0.611,2.475,-82.638989,28.694709,02310674,USGS,IAN,2022,6300.0
2022-09-29 10:00:00,-3.126,-0.647,2.479,-82.638989,28.694709,02310674,USGS,IAN,2022,6360.0
2022-09-29 11:00:00,-3.156,-0.684,2.472,-82.638989,28.694709,02310674,USGS,IAN,2022,6420.0
2022-09-29 12:00:00,-3.176,-0.687,2.489,-82.638989,28.694709,02310674,USGS,IAN,2022,6480.0
2022-09-29 13:00:00,-3.186,-0.554,2.632,-82.638989,28.694709,02310674,USGS,IAN,2022,6540.0
2022-09-29 14:00:00,-3.146,-0.681,2.465,-82.638989,28.694709,02310674,USGS,IAN,2022,6600.0
2022-09-29 15:00:00,-3.096,-0.734,2.362,-82.638989,28.694709,02310674,USGS,IAN,2022,6660.0
2022-09-29 18:00:00,-3.036,-0.556,2.48,-82.638989,28.694709,02310674,USGS,IAN,2022,6840.0
2022-09-29 19:00:00,-2.956,-0.628,2.328,-82.638989,28.694709,02310674,USGS,IAN,2022,6900.0
2022-09-29 20:00:00,-2.816,-0.599,2.217,-82.638989,28.694709,02310674,USGS,IAN,2022,6960.0
2022-09-29 21:00:00,-2.596,-0.571,2.0250000000000004,-82.638989,28.694709,02310674,USGS,IAN,2022,7020.0
2022-09-29 22:00:00,-2.206,-0.591,1.615,-82.638989,28.694709,02310674,USGS,IAN,2022,7080.0
2022-09-29 23:00:00,-1.676,-0.498,1.178,-82.638989,28.694709,02310674,USGS,IAN,2022,7140.0
2022-09-30 00:00:00,-1.126,0.007,1.1329999999999998,-82.638989,28.694709,02310674,USGS,IAN,2022,7200.0
2022-09-30 01:00:00,-0.836,0.327,1.163,-82.638989,28.694709,02310674,USGS,IAN,2022,7260.0
2022-09-30 02:00:00,-0.796,0.309,1.105,-82.638989,28.694709,02310674,USGS,IAN,2022,7320.0
2022-09-30 03:00:00,-0.886,0.209,1.095,-82.638989,28.694709,02310674,USGS,IAN,2022,7380.0
2022-09-30 04:00:00,-0.966,0.123,1.089,-82.638989,28.694709,02310674,USGS,IAN,2022,7440.0
2022-09-30 05:00:00,-0.876,0.13,1.006,-82.638989,28.694709,02310674,USGS,IAN,2022,7500.0
2022-09-30 06:00:00,-0.686,0.237,0.923,-82.638989,28.694709,02310674,USGS,IAN,2022,7560.0
2022-09-30 07:00:00,-0.366,0.461,0.827,-82.638989,28.694709,02310674,USGS,IAN,2022,7620.0
2022-09-30 08:00:00,0.054,0.82,0.7659999999999999,-82.638989,28.694709,02310674,USGS,IAN,2022,7680.0
2022-09-30 09:00:00,0.464,1.107,0.643,-82.638989,28.694709,02310674,USGS,IAN,2022,7740.0
2022-09-30 10:00:00,0.664,1.033,0.3689999999999999,-82.638989,28.694709,02310674,USGS,IAN,2022,7800.0
2022-09-30 11:00:00,0.604,0.878,0.274,-82.638989,28.694709,02310674,USGS,IAN,2022,7860.0
2022-09-30 12:00:00,0.404,0.742,0.3379999999999999,-82.638989,28.694709,02310674,USGS,IAN,2022,7920.0
2022-09-30 13:00:00,0.124,0.61,0.486,-82.638989,28.694709,02310674,USGS,IAN,2022,7980.0
2022-09-30 14:00:00,-0.216,0.491,0.707,-82.638989,28.694709,02310674,USGS,IAN,2022,8040.0
2022-09-30 15:00:00,-0.546,0.384,0.93,-82.638989,28.694709,02310674,USGS,IAN,2022,8100.0
2022-09-30 16:00:00,-0.836,0.291,1.127,-82.638989,28.694709,02310674,USGS,IAN,2022,8160.0
2022-09-30 17:00:00,-1.096,0.209,1.3050000000000002,-82.638989,28.694709,02310674,USGS,IAN,2022,8220.0
2022-09-30 18:00:00,-1.306,0.138,1.444,-82.638989,28.694709,02310674,USGS,IAN,2022,8280.0
2022-09-30 19:00:00,-1.256,0.074,1.33,-82.638989,28.694709,02310674,USGS,IAN,2022,8340.0
2022-09-30 20:00:00,-1.006,0.016,1.022,-82.638989,28.694709,02310674,USGS,IAN,2022,8400.0
2022-09-30 21:00:00,-0.606,-0.028,0.578,-82.638989,28.694709,02310674,USGS,IAN,2022,8460.0
2022-09-30 22:00:00,-0.116,0.004,0.12,-82.638989,28.694709,02310674,USGS,IAN,2022,8520.0
2022-09-30 23:00:00,0.374,0.107,-0.267,-82.638989,28.694709,02310674,USGS,IAN,2022,8580.0
2022-10-01 00:00:00,0.644,0.232,-0.412,-82.638989,28.694709,02310674,USGS,IAN,2022,8640.0
2022-10-01 01:00:00,0.554,0.245,-0.309,-82.638989,28.694709,02310674,USGS,IAN,2022,8700.0
2022-10-01 02:00:00,0.354,0.176,-0.178,-82.638989,28.694709,02310674,USGS,IAN,2022,8760.0
2022-10-01 03:00:00,0.084,0.135,0.051,-82.638989,28.694709,02310674,USGS,IAN,2022,8820.0
2022-10-01 04:00:00,-0.156,0.089,0.245,-82.638989,28.694709,02310674,USGS,IAN,2022,8880.0
2022-10-01 05:00:00,-0.126,0.127,0.253,-82.638989,28.694709,02310674,USGS,IAN,2022,8940.0
2022-10-01 06:00:00,0.174,0.234,0.06,-82.638989,28.694709,02310674,USGS,IAN,2022,9000.0
2022-10-01 07:00:00,0.594,0.471,-0.123,-82.638989,28.694709,02310674,USGS,IAN,2022,9060.0
2022-10-01 08:00:00,0.994,0.9,-0.0939999999999999,-82.638989,28.694709,02310674,USGS,IAN,2022,9120.0
2022-10-01 09:00:00,1.354,1.396,0.0419999999999998,-82.638989,28.694709,02310674,USGS,IAN,2022,9180.0
2022-10-01 10:00:00,1.554,1.58,0.026,-82.638989,28.694709,02310674,USGS,IAN,2022,9240.0
2022-10-01 11:00:00,1.384,1.365,-0.0189999999999999,-82.638989,28.694709,02310674,USGS,IAN,2022,9300.0
2022-10-01 12:00:00,1.134,1.202,0.068,-82.638989,28.694709,02310674,USGS,IAN,2022,9360.0
2022-10-01 13:00:00,0.854,1.03,0.176,-82.638989,28.694709,02310674,USGS,IAN,2022,9420.0
2022-10-01 14:00:00,0.534,0.861,0.3269999999999999,-82.638989,28.694709,02310674,USGS,IAN,2022,9480.0
2022-10-01 15:00:00,0.204,0.706,0.502,-82.638989,28.694709,02310674,USGS,IAN,2022,9540.0
2022-10-01 16:00:00,-0.136,0.57,0.706,-82.638989,28.694709,02310674,USGS,IAN,2022,9600.0
2022-10-01 17:00:00,-0.456,0.453,0.909,-82.638989,28.694709,02310674,USGS,IAN,2022,9660.0
2022-10-01 18:00:00,-0.746,0.351,1.097,-82.638989,28.694709,02310674,USGS,IAN,2022,9720.0
2022-10-01 19:00:00,-0.896,0.262,1.158,-82.638989,28.694709,02310674,USGS,IAN,2022,9780.0
2022-10-01 20:00:00,-0.686,0.185,0.871,-82.638989,28.694709,02310674,USGS,IAN,2022,9840.0
2022-10-01 21:00:00,-0.346,0.117,0.4629999999999999,-82.638989,28.694709,02310674,USGS,IAN,2022,9900.0
2022-10-01 22:00:00,0.144,0.057,-0.087,-82.638989,28.694709,02310674,USGS,IAN,2022,9960.0
2022-10-01 23:00:00,0.604,0.022,-0.582,-82.638989,28.694709,02310674,USGS,IAN,2022,10020.0
2022-09-25 01:00:00,0.233,-0.426,-0.659,-82.695657,28.77165,02310712,USGS,IAN,2022,60.0
2022-09-25 02:00:00,0.013,-0.581,-0.594,-82.695657,28.77165,02310712,USGS,IAN,2022,120.0
2022-09-25 03:00:00,-0.097,-0.698,-0.601,-82.695657,28.77165,02310712,USGS,IAN,2022,180.0
2022-09-25 04:00:00,0.063,-0.735,-0.798,-82.695657,28.77165,02310712,USGS,IAN,2022,240.0
2022-09-25 05:00:00,0.423,-0.2,-0.623,-82.695657,28.77165,02310712,USGS,IAN,2022,300.0
2022-09-25 06:00:00,0.853,1.0,0.147,-82.695657,28.77165,02310712,USGS,IAN,2022,360.0
2022-09-25 07:00:00,1.273,1.624,0.3510000000000002,-82.695657,28.77165,02310712,USGS,IAN,2022,420.0
2022-09-25 08:00:00,1.443,1.397,-0.046,-82.695657,28.77165,02310712,USGS,IAN,2022,480.0
2022-09-25 09:00:00,1.243,0.9,-0.3430000000000001,-82.695657,28.77165,02310712,USGS,IAN,2022,540.0
2022-09-25 10:00:00,0.953,0.47,-0.483,-82.695657,28.77165,02310712,USGS,IAN,2022,600.0
2022-09-25 11:00:00,0.633,0.09,-0.543,-82.695657,28.77165,02310712,USGS,IAN,2022,660.0
2022-09-25 12:00:00,0.383,-0.199,-0.5820000000000001,-82.695657,28.77165,02310712,USGS,IAN,2022,720.0
2022-09-25 13:00:00,0.113,-0.417,-0.53,-82.695657,28.77165,02310712,USGS,IAN,2022,780.0
2022-09-25 14:00:00,0.013,-0.579,-0.592,-82.695657,28.77165,02310712,USGS,IAN,2022,840.0
2022-09-25 15:00:00,0.173,-0.697,-0.8699999999999999,-82.695657,28.77165,02310712,USGS,IAN,2022,900.0
2022-09-25 16:00:00,0.513,-0.552,-1.065,-82.695657,28.77165,02310712,USGS,IAN,2022,960.0
2022-09-25 17:00:00,1.033,0.22,-0.813,-82.695657,28.77165,02310712,USGS,IAN,2022,1020.0
2022-09-25 18:00:00,1.713,1.395,-0.318,-82.695657,28.77165,02310712,USGS,IAN,2022,1080.0
2022-09-25 19:00:00,2.273,1.992,-0.2810000000000001,-82.695657,28.77165,02310712,USGS,IAN,2022,1140.0
2022-09-25 20:00:00,2.273,1.734,-0.5390000000000001,-82.695657,28.77165,02310712,USGS,IAN,2022,1200.0
2022-09-25 21:00:00,1.913,1.238,-0.675,-82.695657,28.77165,02310712,USGS,IAN,2022,1260.0
2022-09-25 22:00:00,1.513,0.73,-0.7829999999999999,-82.695657,28.77165,02310712,USGS,IAN,2022,1320.0
2022-09-25 23:00:00,1.103,0.295,-0.808,-82.695657,28.77165,02310712,USGS,IAN,2022,1380.0
2022-09-26 00:00:00,0.783,-0.032,-0.8150000000000001,-82.695657,28.77165,02310712,USGS,IAN,2022,1440.0
2022-09-26 01:00:00,0.463,-0.289,-0.752,-82.695657,28.77165,02310712,USGS,IAN,2022,1500.0
2022-09-26 02:00:00,0.203,-0.48,-0.683,-82.695657,28.77165,02310712,USGS,IAN,2022,1560.0
2022-09-26 03:00:00,0.123,-0.621,-0.744,-82.695657,28.77165,02310712,USGS,IAN,2022,1620.0
2022-09-26 04:00:00,0.353,-0.709,-1.0619999999999998,-82.695657,28.77165,02310712,USGS,IAN,2022,1680.0
2022-09-26 05:00:00,0.763,-0.319,-1.082,-82.695657,28.77165,02310712,USGS,IAN,2022,1740.0
2022-09-26 06:00:00,1.353,0.802,-0.5509999999999999,-82.695657,28.77165,02310712,USGS,IAN,2022,1800.0
2022-09-26 07:00:00,1.963,1.64,-0.3230000000000002,-82.695657,28.77165,02310712,USGS,IAN,2022,1860.0
2022-09-26 08:00:00,2.173,1.624,-0.5489999999999999,-82.695657,28.77165,02310712,USGS,IAN,2022,1920.0
2022-09-26 09:00:00,1.913,1.144,-0.7690000000000001,-82.695657,28.77165,02310712,USGS,IAN,2022,1980.0
2022-09-26 10:00:00,1.523,0.677,-0.8459999999999999,-82.695657,28.77165,02310712,USGS,IAN,2022,2040.0
2022-09-26 11:00:00,1.143,0.259,-0.884,-82.695657,28.77165,02310712,USGS,IAN,2022,2100.0
2022-09-26 12:00:00,0.793,-0.072,-0.865,-82.695657,28.77165,02310712,USGS,IAN,2022,2160.0
2022-09-26 13:00:00,0.503,-0.321,-0.8240000000000001,-82.695657,28.77165,02310712,USGS,IAN,2022,2220.0
2022-09-26 14:00:00,0.263,-0.506,-0.769,-82.695657,28.77165,02310712,USGS,IAN,2022,2280.0
2022-09-26 15:00:00,0.163,-0.644,-0.807,-82.695657,28.77165,02310712,USGS,IAN,2022,2340.0
2022-09-26 16:00:00,0.413,-0.743,-1.156,-82.695657,28.77165,02310712,USGS,IAN,2022,2400.0
2022-09-26 17:00:00,0.863,-0.495,-1.358,-82.695657,28.77165,02310712,USGS,IAN,2022,2460.0
2022-09-26 18:00:00,1.503,0.563,-0.94,-82.695657,28.77165,02310712,USGS,IAN,2022,2520.0
2022-09-26 19:00:00,2.243,1.664,-0.579,-82.695657,28.77165,02310712,USGS,IAN,2022,2580.0
2022-09-26 20:00:00,2.663,1.933,-0.7299999999999998,-82.695657,28.77165,02310712,USGS,IAN,2022,2640.0
2022-09-26 21:00:00,2.493,1.498,-0.995,-82.695657,28.77165,02310712,USGS,IAN,2022,2700.0
2022-09-26 22:00:00,2.123,0.978,-1.1450000000000002,-82.695657,28.77165,02310712,USGS,IAN,2022,2760.0
2022-09-26 23:00:00,1.673,0.515,-1.158,-82.695657,28.77165,02310712,USGS,IAN,2022,2820.0
2022-09-27 00:00:00,1.243,0.128,-1.1150000000000002,-82.695657,28.77165,02310712,USGS,IAN,2022,2880.0
2022-09-27 01:00:00,0.863,-0.168,-1.031,-82.695657,28.77165,02310712,USGS,IAN,2022,2940.0
2022-09-27 02:00:00,0.563,-0.391,-0.954,-82.695657,28.77165,02310712,USGS,IAN,2022,3000.0
2022-09-27 03:00:00,0.423,-0.555,-0.978,-82.695657,28.77165,02310712,USGS,IAN,2022,3060.0
2022-09-27 04:00:00,0.563,-0.669,-1.232,-82.695657,28.77165,02310712,USGS,IAN,2022,3120.0
2022-09-27 05:00:00,0.953,-0.384,-1.337,-82.695657,28.77165,02310712,USGS,IAN,2022,3180.0
2022-09-27 06:00:00,1.483,0.62,-0.8630000000000001,-82.695657,28.77165,02310712,USGS,IAN,2022,3240.0
2022-09-27 07:00:00,2.133,1.632,-0.5010000000000001,-82.695657,28.77165,02310712,USGS,IAN,2022,3300.0
2022-09-27 08:00:00,2.553,1.869,-0.6839999999999999,-82.695657,28.77165,02310712,USGS,IAN,2022,3360.0
2022-09-27 09:00:00,2.323,1.429,-0.8939999999999999,-82.695657,28.77165,02310712,USGS,IAN,2022,3420.0
2022-09-27 10:00:00,1.913,0.913,-1.0,-82.695657,28.77165,02310712,USGS,IAN,2022,3480.0
2022-09-27 11:00:00,1.483,0.456,-1.027,-82.695657,28.77165,02310712,USGS,IAN,2022,3540.0
2022-09-27 12:00:00,1.123,0.078,-1.045,-82.695657,28.77165,02310712,USGS,IAN,2022,3600.0
2022-09-27 13:00:00,0.753,-0.21,-0.963,-82.695657,28.77165,02310712,USGS,IAN,2022,3660.0
2022-09-27 14:00:00,0.423,-0.423,-0.846,-82.695657,28.77165,02310712,USGS,IAN,2022,3720.0
2022-09-27 15:00:00,0.203,-0.581,-0.784,-82.695657,28.77165,02310712,USGS,IAN,2022,3780.0
2022-09-27 16:00:00,0.063,-0.7,-0.7629999999999999,-82.695657,28.77165,02310712,USGS,IAN,2022,3840.0
2022-09-27 17:00:00,0.283,-0.785,-1.068,-82.695657,28.77165,02310712,USGS,IAN,2022,3900.0
2022-09-27 18:00:00,0.743,-0.483,-1.226,-82.695657,28.77165,02310712,USGS,IAN,2022,3960.0
2022-09-27 19:00:00,1.383,0.688,-0.6950000000000001,-82.695657,28.77165,02310712,USGS,IAN,2022,4020.0
2022-09-27 20:00:00,2.023,1.61,-0.413,-82.695657,28.77165,02310712,USGS,IAN,2022,4080.0
2022-09-27 21:00:00,2.243,1.595,-0.6479999999999999,-82.695657,28.77165,02310712,USGS,IAN,2022,4140.0
2022-09-27 22:00:00,1.903,1.088,-0.815,-82.695657,28.77165,02310712,USGS,IAN,2022,4200.0
2022-09-27 23:00:00,1.503,0.649,-0.8539999999999999,-82.695657,28.77165,02310712,USGS,IAN,2022,4260.0
2022-09-28 00:00:00,1.103,0.234,-0.869,-82.695657,28.77165,02310712,USGS,IAN,2022,4320.0
2022-09-28 01:00:00,0.753,-0.096,-0.849,-82.695657,28.77165,02310712,USGS,IAN,2022,4380.0
2022-09-28 02:00:00,0.443,-0.347,-0.79,-82.695657,28.77165,02310712,USGS,IAN,2022,4440.0
2022-09-28 03:00:00,0.153,-0.535,-0.6880000000000001,-82.695657,28.77165,02310712,USGS,IAN,2022,4500.0
2022-09-28 04:00:00,-0.077,-0.677,-0.6000000000000001,-82.695657,28.77165,02310712,USGS,IAN,2022,4560.0
2022-09-28 05:00:00,-0.207,-0.643,-0.436,-82.695657,28.77165,02310712,USGS,IAN,2022,4620.0
2022-09-28 06:00:00,-0.187,-0.052,0.135,-82.695657,28.77165,02310712,USGS,IAN,2022,4680.0
2022-09-28 07:00:00,0.033,0.985,0.952,-82.695657,28.77165,02310712,USGS,IAN,2022,4740.0
2022-09-28 08:00:00,0.243,1.334,1.0910000000000002,-82.695657,28.77165,02310712,USGS,IAN,2022,4800.0
2022-09-28 09:00:00,0.253,0.981,0.728,-82.695657,28.77165,02310712,USGS,IAN,2022,4860.0
2022-09-28 10:00:00,0.123,0.478,0.355,-82.695657,28.77165,02310712,USGS,IAN,2022,4920.0
2022-09-28 11:00:00,-0.087,0.039,0.126,-82.695657,28.77165,02310712,USGS,IAN,2022,4980.0
2022-09-28 12:00:00,-0.317,-0.316,0.001,-82.695657,28.77165,02310712,USGS,IAN,2022,5040.0
2022-09-28 13:00:00,-0.517,-0.602,-0.0849999999999999,-82.695657,28.77165,02310712,USGS,IAN,2022,5100.0
2022-09-28 14:00:00,-0.717,-0.847,-0.13,-82.695657,28.77165,02310712,USGS,IAN,2022,5160.0
2022-09-28 15:00:00,-0.917,-1.077,-0.1599999999999999,-82.695657,28.77165,02310712,USGS,IAN,2022,5220.0
2022-09-28 16:00:00,-1.057,-1.322,-0.2650000000000001,-82.695657,28.77165,02310712,USGS,IAN,2022,5280.0
2022-09-28 17:00:00,-1.197,-1.433,-0.236,-82.695657,28.77165,02310712,USGS,IAN,2022,5340.0
2022-09-29 04:00:00,-2.237,-1.433,0.804,-82.695657,28.77165,02310712,USGS,IAN,2022,6000.0
2022-09-29 05:00:00,-2.317,-1.405,0.912,-82.695657,28.77165,02310712,USGS,IAN,2022,6060.0
2022-09-29 06:00:00,-2.377,-1.397,0.9799999999999998,-82.695657,28.77165,02310712,USGS,IAN,2022,6120.0
2022-09-29 07:00:00,-2.457,-1.355,1.102,-82.695657,28.77165,02310712,USGS,IAN,2022,6180.0
2022-09-29 08:00:00,-2.497,-1.322,1.1749999999999998,-82.695657,28.77165,02310712,USGS,IAN,2022,6240.0
2022-09-29 09:00:00,-2.527,-1.319,1.2080000000000002,-82.695657,28.77165,02310712,USGS,IAN,2022,6300.0
2022-09-29 10:00:00,-2.607,-1.243,1.364,-82.695657,28.77165,02310712,USGS,IAN,2022,6360.0
2022-09-29 11:00:00,-2.627,-1.095,1.5319999999999998,-82.695657,28.77165,02310712,USGS,IAN,2022,6420.0
2022-09-29 12:00:00,-2.637,-0.63,2.007,-82.695657,28.77165,02310712,USGS,IAN,2022,6480.0
2022-09-29 13:00:00,-2.607,-0.008,2.599,-82.695657,28.77165,02310712,USGS,IAN,2022,6540.0
2022-09-29 14:00:00,-2.607,0.209,2.8160000000000003,-82.695657,28.77165,02310712,USGS,IAN,2022,6600.0
2022-09-29 15:00:00,-2.567,0.301,2.8680000000000003,-82.695657,28.77165,02310712,USGS,IAN,2022,6660.0
2022-09-29 16:00:00,-2.617,0.307,2.924,-82.695657,28.77165,02310712,USGS,IAN,2022,6720.0
2022-09-29 17:00:00,-2.637,0.292,2.929,-82.695657,28.77165,02310712,USGS,IAN,2022,6780.0
2022-09-29 18:00:00,-2.627,0.301,2.928,-82.695657,28.77165,02310712,USGS,IAN,2022,6840.0
2022-09-29 19:00:00,-2.557,0.364,2.921,-82.695657,28.77165,02310712,USGS,IAN,2022,6900.0
2022-09-29 20:00:00,-2.417,0.491,2.908,-82.695657,28.77165,02310712,USGS,IAN,2022,6960.0
2022-09-29 21:00:00,-2.177,0.666,2.843,-82.695657,28.77165,02310712,USGS,IAN,2022,7020.0
2022-09-29 22:00:00,-1.857,0.848,2.705,-82.695657,28.77165,02310712,USGS,IAN,2022,7080.0
2022-09-29 23:00:00,-1.557,0.97,2.527,-82.695657,28.77165,02310712,USGS,IAN,2022,7140.0
2022-09-30 00:00:00,-1.307,0.957,2.264,-82.695657,28.77165,02310712,USGS,IAN,2022,7200.0
2022-09-30 01:00:00,-1.147,0.764,1.911,-82.695657,28.77165,02310712,USGS,IAN,2022,7260.0
2022-09-30 02:00:00,-1.077,0.48,1.557,-82.695657,28.77165,02310712,USGS,IAN,2022,7320.0
2022-09-30 03:00:00,-1.047,0.223,1.27,-82.695657,28.77165,02310712,USGS,IAN,2022,7380.0
2022-09-30 04:00:00,-1.017,0.074,1.091,-82.695657,28.77165,02310712,USGS,IAN,2022,7440.0
2022-09-30 05:00:00,-0.937,0.226,1.163,-82.695657,28.77165,02310712,USGS,IAN,2022,7500.0
2022-09-30 06:00:00,-0.787,0.612,1.399,-82.695657,28.77165,02310712,USGS,IAN,2022,7560.0
2022-09-30 07:00:00,-0.547,1.106,1.653,-82.695657,28.77165,02310712,USGS,IAN,2022,7620.0
2022-09-30 08:00:00,-0.217,1.439,1.656,-82.695657,28.77165,02310712,USGS,IAN,2022,7680.0
2022-09-30 09:00:00,0.223,1.42,1.1969999999999998,-82.695657,28.77165,02310712,USGS,IAN,2022,7740.0
2022-09-30 10:00:00,0.563,1.122,0.5590000000000002,-82.695657,28.77165,02310712,USGS,IAN,2022,7800.0
2022-09-30 11:00:00,0.673,0.755,0.0819999999999999,-82.695657,28.77165,02310712,USGS,IAN,2022,7860.0
2022-09-30 12:00:00,0.533,0.413,-0.12,-82.695657,28.77165,02310712,USGS,IAN,2022,7920.0
2022-09-30 13:00:00,0.293,0.086,-0.207,-82.695657,28.77165,02310712,USGS,IAN,2022,7980.0
2022-09-30 14:00:00,0.013,-0.18,-0.193,-82.695657,28.77165,02310712,USGS,IAN,2022,8040.0
2022-09-30 15:00:00,-0.247,-0.389,-0.142,-82.695657,28.77165,02310712,USGS,IAN,2022,8100.0
2022-09-30 16:00:00,-0.457,-0.552,-0.095,-82.695657,28.77165,02310712,USGS,IAN,2022,8160.0
2022-09-30 17:00:00,-0.657,-0.677,-0.02,-82.695657,28.77165,02310712,USGS,IAN,2022,8220.0
2022-09-30 18:00:00,-0.777,-0.775,0.002,-82.695657,28.77165,02310712,USGS,IAN,2022,8280.0
2022-09-30 19:00:00,-0.767,-0.85,-0.0829999999999999,-82.695657,28.77165,02310712,USGS,IAN,2022,8340.0
2022-09-30 20:00:00,-0.577,-0.852,-0.275,-82.695657,28.77165,02310712,USGS,IAN,2022,8400.0
2022-09-30 21:00:00,-0.307,-0.532,-0.225,-82.695657,28.77165,02310712,USGS,IAN,2022,8460.0
2022-09-30 22:00:00,0.023,0.067,0.044,-82.695657,28.77165,02310712,USGS,IAN,2022,8520.0
2022-09-30 23:00:00,0.413,0.493,0.08,-82.695657,28.77165,02310712,USGS,IAN,2022,8580.0
2022-10-01 00:00:00,0.713,0.453,-0.2599999999999999,-82.695657,28.77165,02310712,USGS,IAN,2022,8640.0
2022-10-01 01:00:00,0.763,0.239,-0.524,-82.695657,28.77165,02310712,USGS,IAN,2022,8700.0
2022-10-01 02:00:00,0.583,0.053,-0.5299999999999999,-82.695657,28.77165,02310712,USGS,IAN,2022,8760.0
2022-10-01 03:00:00,0.343,-0.09,-0.433,-82.695657,28.77165,02310712,USGS,IAN,2022,8820.0
2022-10-01 04:00:00,0.163,-0.092,-0.255,-82.695657,28.77165,02310712,USGS,IAN,2022,8880.0
2022-10-01 05:00:00,0.183,0.153,-0.03,-82.695657,28.77165,02310712,USGS,IAN,2022,8940.0
2022-10-01 06:00:00,0.403,0.592,0.1889999999999999,-82.695657,28.77165,02310712,USGS,IAN,2022,9000.0
2022-10-01 07:00:00,0.713,1.187,0.4740000000000001,-82.695657,28.77165,02310712,USGS,IAN,2022,9060.0
2022-10-01 08:00:00,1.143,1.688,0.5449999999999999,-82.695657,28.77165,02310712,USGS,IAN,2022,9120.0
2022-10-01 09:00:00,1.563,1.956,0.393,-82.695657,28.77165,02310712,USGS,IAN,2022,9180.0
2022-10-01 10:00:00,1.823,1.728,-0.0949999999999999,-82.695657,28.77165,02310712,USGS,IAN,2022,9240.0
2022-10-01 11:00:00,1.733,1.348,-0.385,-82.695657,28.77165,02310712,USGS,IAN,2022,9300.0
2022-10-01 12:00:00,1.463,0.974,-0.4890000000000001,-82.695657,28.77165,02310712,USGS,IAN,2022,9360.0
2022-10-01 13:00:00,1.123,0.601,-0.522,-82.695657,28.77165,02310712,USGS,IAN,2022,9420.0
2022-10-01 14:00:00,0.793,0.244,-0.549,-82.695657,28.77165,02310712,USGS,IAN,2022,9480.0
2022-10-01 15:00:00,0.483,-0.049,-0.532,-82.695657,28.77165,02310712,USGS,IAN,2022,9540.0
2022-10-01 16:00:00,0.223,-0.286,-0.509,-82.695657,28.77165,02310712,USGS,IAN,2022,9600.0
2022-10-01 17:00:00,-0.027,-0.471,-0.4439999999999999,-82.695657,28.77165,02310712,USGS,IAN,2022,9660.0
2022-10-01 18:00:00,-0.217,-0.613,-0.396,-82.695657,28.77165,02310712,USGS,IAN,2022,9720.0
2022-10-01 19:00:00,-0.327,-0.72,-0.3929999999999999,-82.695657,28.77165,02310712,USGS,IAN,2022,9780.0
2022-10-01 20:00:00,-0.217,-0.802,-0.5850000000000001,-82.695657,28.77165,02310712,USGS,IAN,2022,9840.0
2022-10-01 21:00:00,0.043,-0.841,-0.884,-82.695657,28.77165,02310712,USGS,IAN,2022,9900.0
2022-10-01 22:00:00,0.393,-0.602,-0.995,-82.695657,28.77165,02310712,USGS,IAN,2022,9960.0
2022-10-01 23:00:00,0.793,-0.15,-0.943,-82.695657,28.77165,02310712,USGS,IAN,2022,10020.0
2022-09-25 01:00:00,0.166,0.701,0.5349999999999999,-82.5956566,28.890535,02310740,USGS,IAN,2022,60.0
2022-09-25 02:00:00,-0.284,0.663,0.947,-82.5956566,28.890535,02310740,USGS,IAN,2022,120.0
2022-09-25 03:00:00,-0.624,0.624,1.248,-82.5956566,28.890535,02310740,USGS,IAN,2022,180.0
2022-09-25 04:00:00,-0.474,0.586,1.06,-82.5956566,28.890535,02310740,USGS,IAN,2022,240.0
2022-09-25 05:00:00,0.126,0.548,0.422,-82.5956566,28.890535,02310740,USGS,IAN,2022,300.0
2022-09-25 06:00:00,0.736,0.515,-0.2209999999999999,-82.5956566,28.890535,02310740,USGS,IAN,2022,360.0
2022-09-25 07:00:00,1.256,0.532,-0.724,-82.5956566,28.890535,02310740,USGS,IAN,2022,420.0
2022-09-25 08:00:00,1.616,0.589,-1.027,-82.5956566,28.890535,02310740,USGS,IAN,2022,480.0
2022-09-25 09:00:00,1.656,0.674,-0.982,-82.5956566,28.890535,02310740,USGS,IAN,2022,540.0
2022-09-25 10:00:00,1.286,0.733,-0.553,-82.5956566,28.890535,02310740,USGS,IAN,2022,600.0
2022-09-25 11:00:00,0.866,0.724,-0.142,-82.5956566,28.890535,02310740,USGS,IAN,2022,660.0
2022-09-25 12:00:00,0.426,0.695,0.2689999999999999,-82.5956566,28.890535,02310740,USGS,IAN,2022,720.0
2022-09-25 13:00:00,-0.004,0.661,0.665,-82.5956566,28.890535,02310740,USGS,IAN,2022,780.0
2022-09-25 14:00:00,-0.374,0.625,0.999,-82.5956566,28.890535,02310740,USGS,IAN,2022,840.0
2022-09-25 15:00:00,-0.444,0.588,1.032,-82.5956566,28.890535,02310740,USGS,IAN,2022,900.0
2022-09-25 16:00:00,0.126,0.552,0.426,-82.5956566,28.890535,02310740,USGS,IAN,2022,960.0
2022-09-25 17:00:00,0.766,0.516,-0.25,-82.5956566,28.890535,02310740,USGS,IAN,2022,1020.0
2022-09-25 18:00:00,1.386,0.492,-0.8939999999999999,-82.5956566,28.890535,02310740,USGS,IAN,2022,1080.0
2022-09-25 19:00:00,1.986,0.529,-1.457,-82.5956566,28.890535,02310740,USGS,IAN,2022,1140.0
2022-09-25 20:00:00,2.416,0.605,-1.811,-82.5956566,28.890535,02310740,USGS,IAN,2022,1200.0
2022-09-25 21:00:00,2.446,0.718,-1.7280000000000002,-82.5956566,28.890535,02310740,USGS,IAN,2022,1260.0
2022-09-25 22:00:00,2.026,0.814,-1.2119999999999995,-82.5956566,28.890535,02310740,USGS,IAN,2022,1320.0
2022-09-25 23:00:00,1.566,0.835,-0.7310000000000001,-82.5956566,28.890535,02310740,USGS,IAN,2022,1380.0
2022-09-26 00:00:00,1.096,0.805,-0.291,-82.5956566,28.890535,02310740,USGS,IAN,2022,1440.0
2022-09-26 01:00:00,0.606,0.768,0.162,-82.5956566,28.890535,02310740,USGS,IAN,2022,1500.0
2022-09-26 02:00:00,0.126,0.729,0.603,-82.5956566,28.890535,02310740,USGS,IAN,2022,1560.0
2022-09-26 03:00:00,-0.274,0.688,0.962,-82.5956566,28.890535,02310740,USGS,IAN,2022,1620.0
2022-09-26 04:00:00,-0.174,0.647,0.821,-82.5956566,28.890535,02310740,USGS,IAN,2022,1680.0
2022-09-26 05:00:00,0.476,0.607,0.131,-82.5956566,28.890535,02310740,USGS,IAN,2022,1740.0
2022-09-26 06:00:00,1.076,0.569,-0.5070000000000001,-82.5956566,28.890535,02310740,USGS,IAN,2022,1800.0
2022-09-26 07:00:00,1.656,0.573,-1.083,-82.5956566,28.890535,02310740,USGS,IAN,2022,1860.0
2022-09-26 08:00:00,2.136,0.625,-1.511,-82.5956566,28.890535,02310740,USGS,IAN,2022,1920.0
2022-09-26 09:00:00,2.286,0.715,-1.5710000000000002,-82.5956566,28.890535,02310740,USGS,IAN,2022,1980.0
2022-09-26 10:00:00,1.956,0.796,-1.16,-82.5956566,28.890535,02310740,USGS,IAN,2022,2040.0
2022-09-26 11:00:00,1.526,0.806,-0.72,-82.5956566,28.890535,02310740,USGS,IAN,2022,2100.0
2022-09-26 12:00:00,1.076,0.778,-0.298,-82.5956566,28.890535,02310740,USGS,IAN,2022,2160.0
2022-09-26 13:00:00,0.616,0.742,0.126,-82.5956566,28.890535,02310740,USGS,IAN,2022,2220.0
2022-09-26 14:00:00,0.146,0.703,0.5569999999999999,-82.5956566,28.890535,02310740,USGS,IAN,2022,2280.0
2022-09-26 15:00:00,-0.254,0.663,0.917,-82.5956566,28.890535,02310740,USGS,IAN,2022,2340.0
2022-09-26 16:00:00,-0.204,0.624,0.828,-82.5956566,28.890535,02310740,USGS,IAN,2022,2400.0
2022-09-26 17:00:00,0.476,0.585,0.1089999999999999,-82.5956566,28.890535,02310740,USGS,IAN,2022,2460.0
2022-09-26 18:00:00,1.136,0.548,-0.5879999999999999,-82.5956566,28.890535,02310740,USGS,IAN,2022,2520.0
2022-09-26 19:00:00,1.786,0.541,-1.245,-82.5956566,28.890535,02310740,USGS,IAN,2022,2580.0
2022-09-26 20:00:00,2.386,0.589,-1.7970000000000002,-82.5956566,28.890535,02310740,USGS,IAN,2022,2640.0
2022-09-26 21:00:00,2.776,0.681,-2.095,-82.5956566,28.890535,02310740,USGS,IAN,2022,2700.0
2022-09-26 22:00:00,2.676,0.791,-1.885,-82.5956566,28.890535,02310740,USGS,IAN,2022,2760.0
2022-09-26 23:00:00,2.216,0.852,-1.3640000000000003,-82.5956566,28.890535,02310740,USGS,IAN,2022,2820.0
2022-09-27 00:00:00,1.746,0.833,-0.913,-82.5956566,28.890535,02310740,USGS,IAN,2022,2880.0
2022-09-27 01:00:00,1.266,0.799,-0.4669999999999999,-82.5956566,28.890535,02310740,USGS,IAN,2022,2940.0
2022-09-27 02:00:00,0.766,0.76,-0.006,-82.5956566,28.890535,02310740,USGS,IAN,2022,3000.0
2022-09-27 03:00:00,0.276,0.718,0.4419999999999999,-82.5956566,28.890535,02310740,USGS,IAN,2022,3060.0
2022-09-27 04:00:00,-0.004,0.677,0.681,-82.5956566,28.890535,02310740,USGS,IAN,2022,3120.0
2022-09-27 05:00:00,0.516,0.636,0.12,-82.5956566,28.890535,02310740,USGS,IAN,2022,3180.0
2022-09-27 06:00:00,1.126,0.597,-0.5289999999999999,-82.5956566,28.890535,02310740,USGS,IAN,2022,3240.0
2022-09-27 07:00:00,1.706,0.588,-1.118,-82.5956566,28.890535,02310740,USGS,IAN,2022,3300.0
2022-09-27 08:00:00,2.266,0.636,-1.63,-82.5956566,28.890535,02310740,USGS,IAN,2022,3360.0
2022-09-27 09:00:00,2.596,0.727,-1.869,-82.5956566,28.890535,02310740,USGS,IAN,2022,3420.0
2022-09-27 10:00:00,2.396,0.828,-1.568,-82.5956566,28.890535,02310740,USGS,IAN,2022,3480.0
2022-09-27 11:00:00,1.946,0.873,-1.073,-82.5956566,28.890535,02310740,USGS,IAN,2022,3540.0
2022-09-27 12:00:00,1.496,0.845,-0.651,-82.5956566,28.890535,02310740,USGS,IAN,2022,3600.0
2022-09-27 13:00:00,1.016,0.808,-0.2079999999999999,-82.5956566,28.890535,02310740,USGS,IAN,2022,3660.0
2022-09-27 14:00:00,0.526,0.768,0.242,-82.5956566,28.890535,02310740,USGS,IAN,2022,3720.0
2022-09-27 15:00:00,0.036,0.725,0.689,-82.5956566,28.890535,02310740,USGS,IAN,2022,3780.0
2022-09-27 16:00:00,-0.374,0.683,1.057,-82.5956566,28.890535,02310740,USGS,IAN,2022,3840.0
2022-09-27 17:00:00,-0.424,0.642,1.066,-82.5956566,28.890535,02310740,USGS,IAN,2022,3900.0
2022-09-27 18:00:00,0.256,0.602,0.346,-82.5956566,28.890535,02310740,USGS,IAN,2022,3960.0
2022-09-27 19:00:00,0.966,0.564,-0.402,-82.5956566,28.890535,02310740,USGS,IAN,2022,4020.0
2022-09-27 20:00:00,1.606,0.565,-1.041,-82.5956566,28.890535,02310740,USGS,IAN,2022,4080.0
2022-09-27 21:00:00,2.116,0.617,-1.499,-82.5956566,28.890535,02310740,USGS,IAN,2022,4140.0
2022-09-27 22:00:00,2.296,0.705,-1.5909999999999995,-82.5956566,28.890535,02310740,USGS,IAN,2022,4200.0
2022-09-27 23:00:00,1.976,0.784,-1.192,-82.5956566,28.890535,02310740,USGS,IAN,2022,4260.0
2022-09-28 00:00:00,1.536,0.791,-0.745,-82.5956566,28.890535,02310740,USGS,IAN,2022,4320.0
2022-09-28 01:00:00,1.066,0.763,-0.303,-82.5956566,28.890535,02310740,USGS,IAN,2022,4380.0
2022-09-28 02:00:00,0.576,0.727,0.151,-82.5956566,28.890535,02310740,USGS,IAN,2022,4440.0
2022-09-28 03:00:00,0.076,0.688,0.612,-82.5956566,28.890535,02310740,USGS,IAN,2022,4500.0
2022-09-28 04:00:00,-0.374,0.648,1.022,-82.5956566,28.890535,02310740,USGS,IAN,2022,4560.0
2022-09-28 05:00:00,-0.704,0.608,1.3119999999999998,-82.5956566,28.890535,02310740,USGS,IAN,2022,4620.0
2022-09-28 06:00:00,-0.624,0.568,1.192,-82.5956566,28.890535,02310740,USGS,IAN,2022,4680.0
2022-09-28 07:00:00,-0.084,0.533,0.617,-82.5956566,28.890535,02310740,USGS,IAN,2022,4740.0
2022-09-28 08:00:00,0.426,0.551,0.125,-82.5956566,28.890535,02310740,USGS,IAN,2022,4800.0
2022-09-28 09:00:00,0.746,0.604,-0.142,-82.5956566,28.890535,02310740,USGS,IAN,2022,4860.0
2022-09-28 10:00:00,0.586,0.664,0.078,-82.5956566,28.890535,02310740,USGS,IAN,2022,4920.0
2022-09-28 11:00:00,0.156,0.664,0.508,-82.5956566,28.890535,02310740,USGS,IAN,2022,4980.0
2022-09-28 12:00:00,-0.244,0.635,0.879,-82.5956566,28.890535,02310740,USGS,IAN,2022,5040.0
2022-09-28 13:00:00,-0.634,0.598,1.232,-82.5956566,28.890535,02310740,USGS,IAN,2022,5100.0
2022-09-28 14:00:00,-1.004,0.557,1.561,-82.5956566,28.890535,02310740,USGS,IAN,2022,5160.0
2022-09-28 15:00:00,-1.344,0.514,1.858,-82.5956566,28.890535,02310740,USGS,IAN,2022,5220.0
2022-09-28 16:00:00,-1.654,0.469,2.123,-82.5956566,28.890535,02310740,USGS,IAN,2022,5280.0
2022-09-28 17:00:00,-1.914,0.424,2.338,-82.5956566,28.890535,02310740,USGS,IAN,2022,5340.0
2022-09-28 18:00:00,-2.144,0.379,2.523,-82.5956566,28.890535,02310740,USGS,IAN,2022,5400.0
2022-09-28 19:00:00,-2.334,0.33,2.664,-82.5956566,28.890535,02310740,USGS,IAN,2022,5460.0
2022-09-28 20:00:00,-2.494,0.284,2.778,-82.5956566,28.890535,02310740,USGS,IAN,2022,5520.0
2022-09-28 21:00:00,-2.574,0.246,2.82,-82.5956566,28.890535,02310740,USGS,IAN,2022,5580.0
2022-09-28 22:00:00,-2.464,0.218,2.682,-82.5956566,28.890535,02310740,USGS,IAN,2022,5640.0
2022-09-28 23:00:00,-2.514,0.19,2.704,-82.5956566,28.890535,02310740,USGS,IAN,2022,5700.0
2022-09-29 00:00:00,-2.634,0.164,2.798,-82.5956566,28.890535,02310740,USGS,IAN,2022,5760.0
2022-09-29 01:00:00,-2.754,0.134,2.888,-82.5956566,28.890535,02310740,USGS,IAN,2022,5820.0
2022-09-29 02:00:00,-2.864,0.11,2.974,-82.5956566,28.890535,02310740,USGS,IAN,2022,5880.0
2022-09-29 03:00:00,-2.964,0.1,3.064,-82.5956566,28.890535,02310740,USGS,IAN,2022,5940.0
2022-09-29 10:00:00,-2.894,0.203,3.097,-82.5956566,28.890535,02310740,USGS,IAN,2022,6360.0
2022-09-29 11:00:00,-2.504,0.228,2.732,-82.5956566,28.890535,02310740,USGS,IAN,2022,6420.0
2022-09-29 12:00:00,-2.154,0.251,2.405,-82.5956566,28.890535,02310740,USGS,IAN,2022,6480.0
2022-09-29 13:00:00,-2.024,0.274,2.298,-82.5956566,28.890535,02310740,USGS,IAN,2022,6540.0
2022-09-29 14:00:00,-2.124,0.293,2.4170000000000003,-82.5956566,28.890535,02310740,USGS,IAN,2022,6600.0
2022-09-29 15:00:00,-2.264,0.308,2.572,-82.5956566,28.890535,02310740,USGS,IAN,2022,6660.0
2022-09-29 16:00:00,-2.404,0.319,2.723,-82.5956566,28.890535,02310740,USGS,IAN,2022,6720.0
2022-09-29 17:00:00,-2.534,0.328,2.862,-82.5956566,28.890535,02310740,USGS,IAN,2022,6780.0
2022-09-29 18:00:00,-2.624,0.333,2.9570000000000003,-82.5956566,28.890535,02310740,USGS,IAN,2022,6840.0
2022-09-29 19:00:00,-2.494,0.333,2.8270000000000004,-82.5956566,28.890535,02310740,USGS,IAN,2022,6900.0
2022-09-29 20:00:00,-2.084,0.326,2.41,-82.5956566,28.890535,02310740,USGS,IAN,2022,6960.0
2022-09-29 21:00:00,-1.624,0.312,1.936,-82.5956566,28.890535,02310740,USGS,IAN,2022,7020.0
2022-09-29 22:00:00,-1.094,0.287,1.381,-82.5956566,28.890535,02310740,USGS,IAN,2022,7080.0
2022-09-29 23:00:00,-0.594,0.262,0.856,-82.5956566,28.890535,02310740,USGS,IAN,2022,7140.0
2022-09-30 00:00:00,-0.204,0.256,0.4599999999999999,-82.5956566,28.890535,02310740,USGS,IAN,2022,7200.0
2022-09-30 01:00:00,-0.004,0.275,0.279,-82.5956566,28.890535,02310740,USGS,IAN,2022,7260.0
2022-09-30 02:00:00,-0.144,0.304,0.4479999999999999,-82.5956566,28.890535,02310740,USGS,IAN,2022,7320.0
2022-09-30 03:00:00,-0.444,0.331,0.775,-82.5956566,28.890535,02310740,USGS,IAN,2022,7380.0
2022-09-30 04:00:00,-0.644,0.335,0.979,-82.5956566,28.890535,02310740,USGS,IAN,2022,7440.0
2022-09-30 05:00:00,-0.724,0.32,1.044,-82.5956566,28.890535,02310740,USGS,IAN,2022,7500.0
2022-09-30 06:00:00,-0.494,0.307,0.8009999999999999,-82.5956566,28.890535,02310740,USGS,IAN,2022,7560.0
2022-09-30 07:00:00,-0.044,0.321,0.365,-82.5956566,28.890535,02310740,USGS,IAN,2022,7620.0
2022-09-30 08:00:00,0.436,0.349,-0.087,-82.5956566,28.890535,02310740,USGS,IAN,2022,7680.0
2022-09-30 09:00:00,0.866,0.397,-0.469,-82.5956566,28.890535,02310740,USGS,IAN,2022,7740.0
2022-09-30 10:00:00,1.176,0.467,-0.7089999999999999,-82.5956566,28.890535,02310740,USGS,IAN,2022,7800.0
2022-09-30 11:00:00,1.286,0.547,-0.739,-82.5956566,28.890535,02310740,USGS,IAN,2022,7860.0
2022-09-30 12:00:00,1.046,0.61,-0.436,-82.5956566,28.890535,02310740,USGS,IAN,2022,7920.0
2022-09-30 13:00:00,0.666,0.618,-0.048,-82.5956566,28.890535,02310740,USGS,IAN,2022,7980.0
2022-09-30 14:00:00,0.216,0.595,0.379,-82.5956566,28.890535,02310740,USGS,IAN,2022,8040.0
2022-09-30 15:00:00,-0.204,0.566,0.7699999999999999,-82.5956566,28.890535,02310740,USGS,IAN,2022,8100.0
2022-09-30 16:00:00,-0.574,0.536,1.11,-82.5956566,28.890535,02310740,USGS,IAN,2022,8160.0
2022-09-30 17:00:00,-0.904,0.504,1.408,-82.5956566,28.890535,02310740,USGS,IAN,2022,8220.0
2022-09-30 18:00:00,-1.184,0.472,1.656,-82.5956566,28.890535,02310740,USGS,IAN,2022,8280.0
2022-09-30 19:00:00,-1.234,0.441,1.675,-82.5956566,28.890535,02310740,USGS,IAN,2022,8340.0
2022-09-30 20:00:00,-0.764,0.411,1.175,-82.5956566,28.890535,02310740,USGS,IAN,2022,8400.0
2022-09-30 21:00:00,-0.234,0.382,0.616,-82.5956566,28.890535,02310740,USGS,IAN,2022,8460.0
2022-09-30 22:00:00,0.336,0.354,0.0179999999999999,-82.5956566,28.890535,02310740,USGS,IAN,2022,8520.0
2022-09-30 23:00:00,0.826,0.336,-0.4899999999999999,-82.5956566,28.890535,02310740,USGS,IAN,2022,8580.0
2022-10-01 00:00:00,1.136,0.353,-0.7829999999999999,-82.5956566,28.890535,02310740,USGS,IAN,2022,8640.0
2022-10-01 01:00:00,1.176,0.374,-0.8019999999999999,-82.5956566,28.890535,02310740,USGS,IAN,2022,8700.0
2022-10-01 02:00:00,0.856,0.373,-0.483,-82.5956566,28.890535,02310740,USGS,IAN,2022,8760.0
2022-10-01 03:00:00,0.466,0.361,-0.105,-82.5956566,28.890535,02310740,USGS,IAN,2022,8820.0
2022-10-01 04:00:00,0.096,0.343,0.247,-82.5956566,28.890535,02310740,USGS,IAN,2022,8880.0
2022-10-01 05:00:00,-0.154,0.322,0.476,-82.5956566,28.890535,02310740,USGS,IAN,2022,8940.0
2022-10-01 06:00:00,0.036,0.301,0.265,-82.5956566,28.890535,02310740,USGS,IAN,2022,9000.0
2022-10-01 07:00:00,0.546,0.309,-0.237,-82.5956566,28.890535,02310740,USGS,IAN,2022,9060.0
2022-10-01 08:00:00,1.006,0.336,-0.6699999999999999,-82.5956566,28.890535,02310740,USGS,IAN,2022,9120.0
2022-10-01 09:00:00,1.426,0.387,-1.039,-82.5956566,28.890535,02310740,USGS,IAN,2022,9180.0
2022-10-01 10:00:00,1.796,0.473,-1.323,-82.5956566,28.890535,02310740,USGS,IAN,2022,9240.0
2022-10-01 11:00:00,2.006,0.59,-1.416,-82.5956566,28.890535,02310740,USGS,IAN,2022,9300.0
2022-10-01 12:00:00,1.856,0.711,-1.145,-82.5956566,28.890535,02310740,USGS,IAN,2022,9360.0
2022-10-01 13:00:00,1.476,0.789,-0.6869999999999999,-82.5956566,28.890535,02310740,USGS,IAN,2022,9420.0
2022-10-01 14:00:00,1.066,0.793,-0.273,-82.5956566,28.890535,02310740,USGS,IAN,2022,9480.0
2022-10-01 15:00:00,0.606,0.764,0.158,-82.5956566,28.890535,02310740,USGS,IAN,2022,9540.0
2022-10-01 16:00:00,0.146,0.728,0.582,-82.5956566,28.890535,02310740,USGS,IAN,2022,9600.0
2022-10-01 17:00:00,-0.244,0.69,0.934,-82.5956566,28.890535,02310740,USGS,IAN,2022,9660.0
2022-10-01 18:00:00,-0.604,0.651,1.255,-82.5956566,28.890535,02310740,USGS,IAN,2022,9720.0
2022-10-01 19:00:00,-0.854,0.613,1.467,-82.5956566,28.890535,02310740,USGS,IAN,2022,9780.0
2022-10-01 20:00:00,-0.604,0.576,1.18,-82.5956566,28.890535,02310740,USGS,IAN,2022,9840.0
2022-10-01 21:00:00,-0.034,0.54,0.5740000000000001,-82.5956566,28.890535,02310740,USGS,IAN,2022,9900.0
2022-10-01 22:00:00,0.536,0.505,-0.031,-82.5956566,28.890535,02310740,USGS,IAN,2022,9960.0
2022-10-01 23:00:00,1.026,0.471,-0.555,-82.5956566,28.890535,02310740,USGS,IAN,2022,10020.0
2022-09-25 01:00:00,0.174,0.701,0.5269999999999999,-82.605556,28.893361,02310742,USGS,IAN,2022,60.0
2022-09-25 02:00:00,-0.276,0.663,0.939,-82.605556,28.893361,02310742,USGS,IAN,2022,120.0
2022-09-25 03:00:00,-0.606,0.624,1.23,-82.605556,28.893361,02310742,USGS,IAN,2022,180.0
2022-09-25 04:00:00,-0.426,0.586,1.012,-82.605556,28.893361,02310742,USGS,IAN,2022,240.0
2022-09-25 05:00:00,0.154,0.548,0.394,-82.605556,28.893361,02310742,USGS,IAN,2022,300.0
2022-09-25 06:00:00,0.754,0.515,-0.239,-82.605556,28.893361,02310742,USGS,IAN,2022,360.0
2022-09-25 07:00:00,1.264,0.532,-0.732,-82.605556,28.893361,02310742,USGS,IAN,2022,420.0
2022-09-25 08:00:00,1.634,0.589,-1.045,-82.605556,28.893361,02310742,USGS,IAN,2022,480.0
2022-09-25 09:00:00,1.664,0.674,-0.99,-82.605556,28.893361,02310742,USGS,IAN,2022,540.0
2022-09-25 10:00:00,1.294,0.733,-0.561,-82.605556,28.893361,02310742,USGS,IAN,2022,600.0
2022-09-25 11:00:00,0.884,0.724,-0.16,-82.605556,28.893361,02310742,USGS,IAN,2022,660.0
2022-09-25 12:00:00,0.434,0.695,0.2609999999999999,-82.605556,28.893361,02310742,USGS,IAN,2022,720.0
2022-09-25 13:00:00,-0.006,0.661,0.667,-82.605556,28.893361,02310742,USGS,IAN,2022,780.0
2022-09-25 14:00:00,-0.366,0.625,0.991,-82.605556,28.893361,02310742,USGS,IAN,2022,840.0
2022-09-25 15:00:00,-0.396,0.588,0.984,-82.605556,28.893361,02310742,USGS,IAN,2022,900.0
2022-09-25 16:00:00,0.144,0.552,0.408,-82.605556,28.893361,02310742,USGS,IAN,2022,960.0
2022-09-25 17:00:00,0.784,0.516,-0.268,-82.605556,28.893361,02310742,USGS,IAN,2022,1020.0
2022-09-25 18:00:00,1.394,0.493,-0.901,-82.605556,28.893361,02310742,USGS,IAN,2022,1080.0
2022-09-25 19:00:00,1.994,0.529,-1.465,-82.605556,28.893361,02310742,USGS,IAN,2022,1140.0
2022-09-25 20:00:00,2.404,0.605,-1.799,-82.605556,28.893361,02310742,USGS,IAN,2022,1200.0
2022-09-25 21:00:00,2.434,0.718,-1.7160000000000002,-82.605556,28.893361,02310742,USGS,IAN,2022,1260.0
2022-09-25 22:00:00,2.024,0.814,-1.21,-82.605556,28.893361,02310742,USGS,IAN,2022,1320.0
2022-09-25 23:00:00,1.574,0.835,-0.7390000000000001,-82.605556,28.893361,02310742,USGS,IAN,2022,1380.0
2022-09-26 00:00:00,1.104,0.805,-0.299,-82.605556,28.893361,02310742,USGS,IAN,2022,1440.0
2022-09-26 01:00:00,0.614,0.768,0.154,-82.605556,28.893361,02310742,USGS,IAN,2022,1500.0
2022-09-26 02:00:00,0.124,0.728,0.604,-82.605556,28.893361,02310742,USGS,IAN,2022,1560.0
2022-09-26 03:00:00,-0.266,0.687,0.953,-82.605556,28.893361,02310742,USGS,IAN,2022,1620.0
2022-09-26 04:00:00,-0.136,0.647,0.783,-82.605556,28.893361,02310742,USGS,IAN,2022,1680.0
2022-09-26 05:00:00,0.484,0.607,0.123,-82.605556,28.893361,02310742,USGS,IAN,2022,1740.0
2022-09-26 06:00:00,1.084,0.57,-0.5140000000000001,-82.605556,28.893361,02310742,USGS,IAN,2022,1800.0
2022-09-26 07:00:00,1.654,0.573,-1.081,-82.605556,28.893361,02310742,USGS,IAN,2022,1860.0
2022-09-26 08:00:00,2.134,0.626,-1.508,-82.605556,28.893361,02310742,USGS,IAN,2022,1920.0
2022-09-26 09:00:00,2.284,0.715,-1.569,-82.605556,28.893361,02310742,USGS,IAN,2022,1980.0
2022-09-26 10:00:00,1.954,0.796,-1.158,-82.605556,28.893361,02310742,USGS,IAN,2022,2040.0
2022-09-26 11:00:00,1.524,0.807,-0.717,-82.605556,28.893361,02310742,USGS,IAN,2022,2100.0
2022-09-26 12:00:00,1.074,0.778,-0.296,-82.605556,28.893361,02310742,USGS,IAN,2022,2160.0
2022-09-26 13:00:00,0.604,0.742,0.138,-82.605556,28.893361,02310742,USGS,IAN,2022,2220.0
2022-09-26 14:00:00,0.134,0.703,0.569,-82.605556,28.893361,02310742,USGS,IAN,2022,2280.0
2022-09-26 15:00:00,-0.266,0.663,0.929,-82.605556,28.893361,02310742,USGS,IAN,2022,2340.0
2022-09-26 16:00:00,-0.176,0.623,0.7989999999999999,-82.605556,28.893361,02310742,USGS,IAN,2022,2400.0
2022-09-26 17:00:00,0.494,0.585,0.0909999999999999,-82.605556,28.893361,02310742,USGS,IAN,2022,2460.0
2022-09-26 18:00:00,1.134,0.548,-0.5859999999999999,-82.605556,28.893361,02310742,USGS,IAN,2022,2520.0
2022-09-26 19:00:00,1.774,0.541,-1.233,-82.605556,28.893361,02310742,USGS,IAN,2022,2580.0
2022-09-26 20:00:00,2.384,0.589,-1.795,-82.605556,28.893361,02310742,USGS,IAN,2022,2640.0
2022-09-26 21:00:00,2.764,0.681,-2.083,-82.605556,28.893361,02310742,USGS,IAN,2022,2700.0
2022-09-26 22:00:00,2.664,0.791,-1.873,-82.605556,28.893361,02310742,USGS,IAN,2022,2760.0
2022-09-26 23:00:00,2.204,0.852,-1.3520000000000003,-82.605556,28.893361,02310742,USGS,IAN,2022,2820.0
2022-09-27 00:00:00,1.734,0.833,-0.901,-82.605556,28.893361,02310742,USGS,IAN,2022,2880.0
2022-09-27 01:00:00,1.254,0.799,-0.4549999999999999,-82.605556,28.893361,02310742,USGS,IAN,2022,2940.0
2022-09-27 02:00:00,0.764,0.759,-0.005,-82.605556,28.893361,02310742,USGS,IAN,2022,3000.0
2022-09-27 03:00:00,0.274,0.718,0.4439999999999999,-82.605556,28.893361,02310742,USGS,IAN,2022,3060.0
2022-09-27 04:00:00,0.014,0.677,0.663,-82.605556,28.893361,02310742,USGS,IAN,2022,3120.0
2022-09-27 05:00:00,0.514,0.636,0.122,-82.605556,28.893361,02310742,USGS,IAN,2022,3180.0
2022-09-27 06:00:00,1.114,0.597,-0.5170000000000001,-82.605556,28.893361,02310742,USGS,IAN,2022,3240.0
2022-09-27 07:00:00,1.704,0.588,-1.116,-82.605556,28.893361,02310742,USGS,IAN,2022,3300.0
2022-09-27 08:00:00,2.254,0.637,-1.617,-82.605556,28.893361,02310742,USGS,IAN,2022,3360.0
2022-09-27 09:00:00,2.584,0.727,-1.857,-82.605556,28.893361,02310742,USGS,IAN,2022,3420.0
2022-09-27 10:00:00,2.374,0.828,-1.5460000000000005,-82.605556,28.893361,02310742,USGS,IAN,2022,3480.0
2022-09-27 11:00:00,1.934,0.872,-1.0619999999999998,-82.605556,28.893361,02310742,USGS,IAN,2022,3540.0
2022-09-27 12:00:00,1.484,0.845,-0.639,-82.605556,28.893361,02310742,USGS,IAN,2022,3600.0
2022-09-27 13:00:00,1.014,0.808,-0.2059999999999999,-82.605556,28.893361,02310742,USGS,IAN,2022,3660.0
2022-09-27 14:00:00,0.514,0.767,0.253,-82.605556,28.893361,02310742,USGS,IAN,2022,3720.0
2022-09-27 15:00:00,0.024,0.725,0.701,-82.605556,28.893361,02310742,USGS,IAN,2022,3780.0
2022-09-27 16:00:00,-0.386,0.683,1.069,-82.605556,28.893361,02310742,USGS,IAN,2022,3840.0
2022-09-27 17:00:00,-0.396,0.642,1.038,-82.605556,28.893361,02310742,USGS,IAN,2022,3900.0
2022-09-27 18:00:00,0.254,0.602,0.348,-82.605556,28.893361,02310742,USGS,IAN,2022,3960.0
2022-09-27 19:00:00,0.964,0.564,-0.4,-82.605556,28.893361,02310742,USGS,IAN,2022,4020.0
2022-09-27 20:00:00,1.604,0.566,-1.0380000000000005,-82.605556,28.893361,02310742,USGS,IAN,2022,4080.0
2022-09-27 21:00:00,2.104,0.618,-1.4860000000000002,-82.605556,28.893361,02310742,USGS,IAN,2022,4140.0
2022-09-27 22:00:00,2.274,0.706,-1.568,-82.605556,28.893361,02310742,USGS,IAN,2022,4200.0
2022-09-27 23:00:00,1.954,0.785,-1.169,-82.605556,28.893361,02310742,USGS,IAN,2022,4260.0
2022-09-28 00:00:00,1.524,0.792,-0.732,-82.605556,28.893361,02310742,USGS,IAN,2022,4320.0
2022-09-28 01:00:00,1.054,0.764,-0.29,-82.605556,28.893361,02310742,USGS,IAN,2022,4380.0
2022-09-28 02:00:00,0.564,0.728,0.164,-82.605556,28.893361,02310742,USGS,IAN,2022,4440.0
2022-09-28 03:00:00,0.064,0.689,0.625,-82.605556,28.893361,02310742,USGS,IAN,2022,4500.0
2022-09-28 04:00:00,-0.386,0.649,1.035,-82.605556,28.893361,02310742,USGS,IAN,2022,4560.0
2022-09-28 05:00:00,-0.726,0.609,1.335,-82.605556,28.893361,02310742,USGS,IAN,2022,4620.0
2022-09-28 06:00:00,-0.606,0.57,1.176,-82.605556,28.893361,02310742,USGS,IAN,2022,4680.0
2022-09-28 07:00:00,-0.076,0.535,0.611,-82.605556,28.893361,02310742,USGS,IAN,2022,4740.0
2022-09-28 08:00:00,0.424,0.554,0.13,-82.605556,28.893361,02310742,USGS,IAN,2022,4800.0
2022-09-28 09:00:00,0.734,0.608,-0.126,-82.605556,28.893361,02310742,USGS,IAN,2022,4860.0
2022-09-28 10:00:00,0.574,0.668,0.094,-82.605556,28.893361,02310742,USGS,IAN,2022,4920.0
2022-09-28 11:00:00,0.134,0.668,0.534,-82.605556,28.893361,02310742,USGS,IAN,2022,4980.0
2022-09-28 12:00:00,-0.266,0.64,0.906,-82.605556,28.893361,02310742,USGS,IAN,2022,5040.0
2022-09-28 13:00:00,-0.656,0.605,1.261,-82.605556,28.893361,02310742,USGS,IAN,2022,5100.0
2022-09-28 14:00:00,-1.036,0.566,1.602,-82.605556,28.893361,02310742,USGS,IAN,2022,5160.0
2022-09-28 15:00:00,-1.376,0.525,1.901,-82.605556,28.893361,02310742,USGS,IAN,2022,5220.0
2022-09-28 16:00:00,-1.686,0.483,2.169,-82.605556,28.893361,02310742,USGS,IAN,2022,5280.0
2022-09-28 17:00:00,-1.966,0.44,2.406,-82.605556,28.893361,02310742,USGS,IAN,2022,5340.0
2022-09-28 18:00:00,-2.206,0.398,2.604,-82.605556,28.893361,02310742,USGS,IAN,2022,5400.0
2022-09-28 19:00:00,-2.396,0.355,2.751,-82.605556,28.893361,02310742,USGS,IAN,2022,5460.0
2022-09-28 20:00:00,-2.576,0.314,2.89,-82.605556,28.893361,02310742,USGS,IAN,2022,5520.0
2022-09-28 21:00:00,-2.626,0.275,2.901,-82.605556,28.893361,02310742,USGS,IAN,2022,5580.0
2022-09-28 22:00:00,-2.516,0.239,2.755,-82.605556,28.893361,02310742,USGS,IAN,2022,5640.0
2022-09-28 23:00:00,-2.596,0.21,2.806,-82.605556,28.893361,02310742,USGS,IAN,2022,5700.0
2022-09-29 00:00:00,-2.716,0.183,2.899,-82.605556,28.893361,02310742,USGS,IAN,2022,5760.0
2022-09-29 01:00:00,-2.846,0.157,3.003,-82.605556,28.893361,02310742,USGS,IAN,2022,5820.0
2022-09-29 02:00:00,-2.946,0.133,3.079,-82.605556,28.893361,02310742,USGS,IAN,2022,5880.0
2022-09-29 03:00:00,-3.076,0.119,3.1950000000000003,-82.605556,28.893361,02310742,USGS,IAN,2022,5940.0
2022-09-29 04:00:00,-3.176,0.114,3.29,-82.605556,28.893361,02310742,USGS,IAN,2022,6000.0
2022-09-29 05:00:00,-3.266,0.114,3.38,-82.605556,28.893361,02310742,USGS,IAN,2022,6060.0
2022-09-29 06:00:00,-3.346,0.118,3.464,-82.605556,28.893361,02310742,USGS,IAN,2022,6120.0
2022-09-29 07:00:00,-3.396,0.123,3.519,-82.605556,28.893361,02310742,USGS,IAN,2022,6180.0
2022-09-29 08:00:00,-3.416,0.135,3.551,-82.605556,28.893361,02310742,USGS,IAN,2022,6240.0
2022-09-29 09:00:00,-3.236,0.153,3.389,-82.605556,28.893361,02310742,USGS,IAN,2022,6300.0
2022-09-29 10:00:00,-2.926,0.172,3.0980000000000003,-82.605556,28.893361,02310742,USGS,IAN,2022,6360.0
2022-09-29 11:00:00,-2.526,0.193,2.719,-82.605556,28.893361,02310742,USGS,IAN,2022,6420.0
2022-09-29 12:00:00,-2.186,0.213,2.399,-82.605556,28.893361,02310742,USGS,IAN,2022,6480.0
2022-09-29 13:00:00,-2.056,0.232,2.2880000000000003,-82.605556,28.893361,02310742,USGS,IAN,2022,6540.0
2022-09-29 14:00:00,-2.186,0.249,2.435,-82.605556,28.893361,02310742,USGS,IAN,2022,6600.0
2022-09-29 15:00:00,-2.346,0.263,2.609,-82.605556,28.893361,02310742,USGS,IAN,2022,6660.0
2022-09-29 16:00:00,-2.486,0.276,2.7620000000000005,-82.605556,28.893361,02310742,USGS,IAN,2022,6720.0
2022-09-29 17:00:00,-2.616,0.285,2.901,-82.605556,28.893361,02310742,USGS,IAN,2022,6780.0
2022-09-29 18:00:00,-2.696,0.291,2.987,-82.605556,28.893361,02310742,USGS,IAN,2022,6840.0
2022-09-29 19:00:00,-2.516,0.293,2.809,-82.605556,28.893361,02310742,USGS,IAN,2022,6900.0
2022-09-29 20:00:00,-2.096,0.29,2.386,-82.605556,28.893361,02310742,USGS,IAN,2022,6960.0
2022-09-29 21:00:00,-1.626,0.28,1.906,-82.605556,28.893361,02310742,USGS,IAN,2022,7020.0
2022-09-29 22:00:00,-1.096,0.26,1.356,-82.605556,28.893361,02310742,USGS,IAN,2022,7080.0
2022-09-29 23:00:00,-0.606,0.24,0.846,-82.605556,28.893361,02310742,USGS,IAN,2022,7140.0
2022-09-30 00:00:00,-0.216,0.238,0.4539999999999999,-82.605556,28.893361,02310742,USGS,IAN,2022,7200.0
2022-09-30 01:00:00,-0.026,0.258,0.284,-82.605556,28.893361,02310742,USGS,IAN,2022,7260.0
2022-09-30 02:00:00,-0.176,0.288,0.4639999999999999,-82.605556,28.893361,02310742,USGS,IAN,2022,7320.0
2022-09-30 03:00:00,-0.476,0.316,0.792,-82.605556,28.893361,02310742,USGS,IAN,2022,7380.0
2022-09-30 04:00:00,-0.686,0.32,1.006,-82.605556,28.893361,02310742,USGS,IAN,2022,7440.0
2022-09-30 05:00:00,-0.756,0.306,1.062,-82.605556,28.893361,02310742,USGS,IAN,2022,7500.0
2022-09-30 06:00:00,-0.516,0.292,0.808,-82.605556,28.893361,02310742,USGS,IAN,2022,7560.0
2022-09-30 07:00:00,-0.056,0.306,0.362,-82.605556,28.893361,02310742,USGS,IAN,2022,7620.0
2022-09-30 08:00:00,0.434,0.333,-0.1009999999999999,-82.605556,28.893361,02310742,USGS,IAN,2022,7680.0
2022-09-30 09:00:00,0.854,0.38,-0.474,-82.605556,28.893361,02310742,USGS,IAN,2022,7740.0
2022-09-30 10:00:00,1.164,0.45,-0.714,-82.605556,28.893361,02310742,USGS,IAN,2022,7800.0
2022-09-30 11:00:00,1.264,0.536,-0.728,-82.605556,28.893361,02310742,USGS,IAN,2022,7860.0
2022-09-30 12:00:00,1.014,0.6,-0.414,-82.605556,28.893361,02310742,USGS,IAN,2022,7920.0
2022-09-30 13:00:00,0.624,0.609,-0.015,-82.605556,28.893361,02310742,USGS,IAN,2022,7980.0
2022-09-30 14:00:00,0.174,0.587,0.413,-82.605556,28.893361,02310742,USGS,IAN,2022,8040.0
2022-09-30 15:00:00,-0.246,0.559,0.805,-82.605556,28.893361,02310742,USGS,IAN,2022,8100.0
2022-09-30 16:00:00,-0.626,0.529,1.155,-82.605556,28.893361,02310742,USGS,IAN,2022,8160.0
2022-09-30 17:00:00,-0.966,0.496,1.462,-82.605556,28.893361,02310742,USGS,IAN,2022,8220.0
2022-09-30 18:00:00,-1.256,0.464,1.72,-82.605556,28.893361,02310742,USGS,IAN,2022,8280.0
2022-09-30 19:00:00,-1.266,0.433,1.699,-82.605556,28.893361,02310742,USGS,IAN,2022,8340.0
2022-09-30 20:00:00,-0.806,0.402,1.2080000000000002,-82.605556,28.893361,02310742,USGS,IAN,2022,8400.0
2022-09-30 21:00:00,-0.266,0.372,0.638,-82.605556,28.893361,02310742,USGS,IAN,2022,8460.0
2022-09-30 22:00:00,0.304,0.343,0.039,-82.605556,28.893361,02310742,USGS,IAN,2022,8520.0
2022-09-30 23:00:00,0.804,0.325,-0.479,-82.605556,28.893361,02310742,USGS,IAN,2022,8580.0
2022-10-01 00:00:00,1.104,0.34,-0.764,-82.605556,28.893361,02310742,USGS,IAN,2022,8640.0
2022-10-01 01:00:00,1.144,0.359,-0.7849999999999999,-82.605556,28.893361,02310742,USGS,IAN,2022,8700.0
2022-10-01 02:00:00,0.824,0.357,-0.4669999999999999,-82.605556,28.893361,02310742,USGS,IAN,2022,8760.0
2022-10-01 03:00:00,0.424,0.343,-0.0809999999999999,-82.605556,28.893361,02310742,USGS,IAN,2022,8820.0
2022-10-01 04:00:00,0.044,0.325,0.281,-82.605556,28.893361,02310742,USGS,IAN,2022,8880.0
2022-10-01 05:00:00,-0.196,0.306,0.502,-82.605556,28.893361,02310742,USGS,IAN,2022,8940.0
2022-10-01 06:00:00,0.014,0.288,0.2739999999999999,-82.605556,28.893361,02310742,USGS,IAN,2022,9000.0
2022-10-01 07:00:00,0.514,0.296,-0.218,-82.605556,28.893361,02310742,USGS,IAN,2022,9060.0
2022-10-01 08:00:00,0.984,0.323,-0.661,-82.605556,28.893361,02310742,USGS,IAN,2022,9120.0
2022-10-01 09:00:00,1.394,0.375,-1.019,-82.605556,28.893361,02310742,USGS,IAN,2022,9180.0
2022-10-01 10:00:00,1.764,0.461,-1.303,-82.605556,28.893361,02310742,USGS,IAN,2022,9240.0
2022-10-01 11:00:00,1.984,0.577,-1.407,-82.605556,28.893361,02310742,USGS,IAN,2022,9300.0
2022-10-01 12:00:00,1.814,0.696,-1.118,-82.605556,28.893361,02310742,USGS,IAN,2022,9360.0
2022-10-01 13:00:00,1.434,0.775,-0.6589999999999999,-82.605556,28.893361,02310742,USGS,IAN,2022,9420.0
2022-10-01 14:00:00,1.014,0.779,-0.235,-82.605556,28.893361,02310742,USGS,IAN,2022,9480.0
2022-10-01 15:00:00,0.564,0.75,0.186,-82.605556,28.893361,02310742,USGS,IAN,2022,9540.0
2022-10-01 16:00:00,0.104,0.714,0.61,-82.605556,28.893361,02310742,USGS,IAN,2022,9600.0
2022-10-01 17:00:00,-0.296,0.676,0.972,-82.605556,28.893361,02310742,USGS,IAN,2022,9660.0
2022-10-01 18:00:00,-0.676,0.636,1.312,-82.605556,28.893361,02310742,USGS,IAN,2022,9720.0
2022-10-01 19:00:00,-0.906,0.598,1.504,-82.605556,28.893361,02310742,USGS,IAN,2022,9780.0
2022-10-01 20:00:00,-0.656,0.56,1.2160000000000002,-82.605556,28.893361,02310742,USGS,IAN,2022,9840.0
2022-10-01 21:00:00,-0.086,0.523,0.609,-82.605556,28.893361,02310742,USGS,IAN,2022,9900.0
2022-10-01 22:00:00,0.494,0.487,-0.007,-82.605556,28.893361,02310742,USGS,IAN,2022,9960.0
2022-10-01 23:00:00,0.984,0.454,-0.53,-82.605556,28.893361,02310742,USGS,IAN,2022,10020.0
2022-09-25 01:00:00,0.066,0.691,0.625,-82.623889,28.906389,02310747,USGS,IAN,2022,60.0
2022-09-25 02:00:00,-0.374,0.651,1.025,-82.623889,28.906389,02310747,USGS,IAN,2022,120.0
2022-09-25 03:00:00,-0.584,0.612,1.196,-82.623889,28.906389,02310747,USGS,IAN,2022,180.0
2022-09-25 04:00:00,-0.304,0.574,0.8779999999999999,-82.623889,28.906389,02310747,USGS,IAN,2022,240.0
2022-09-25 05:00:00,0.256,0.537,0.281,-82.623889,28.906389,02310747,USGS,IAN,2022,300.0
2022-09-25 06:00:00,0.836,0.516,-0.3199999999999999,-82.623889,28.906389,02310747,USGS,IAN,2022,360.0
2022-09-25 07:00:00,1.306,0.549,-0.757,-82.623889,28.906389,02310747,USGS,IAN,2022,420.0
2022-09-25 08:00:00,1.636,0.635,-1.001,-82.623889,28.906389,02310747,USGS,IAN,2022,480.0
2022-09-25 09:00:00,1.576,0.714,-0.8620000000000001,-82.623889,28.906389,02310747,USGS,IAN,2022,540.0
2022-09-25 10:00:00,1.216,0.733,-0.483,-82.623889,28.906389,02310747,USGS,IAN,2022,600.0
2022-09-25 11:00:00,0.786,0.72,-0.066,-82.623889,28.906389,02310747,USGS,IAN,2022,660.0
2022-09-25 12:00:00,0.336,0.687,0.351,-82.623889,28.906389,02310747,USGS,IAN,2022,720.0
2022-09-25 13:00:00,-0.094,0.651,0.745,-82.623889,28.906389,02310747,USGS,IAN,2022,780.0
2022-09-25 14:00:00,-0.444,0.614,1.058,-82.623889,28.906389,02310747,USGS,IAN,2022,840.0
2022-09-25 15:00:00,-0.254,0.577,0.831,-82.623889,28.906389,02310747,USGS,IAN,2022,900.0
2022-09-25 16:00:00,0.246,0.541,0.295,-82.623889,28.906389,02310747,USGS,IAN,2022,960.0
2022-09-25 17:00:00,0.876,0.506,-0.37,-82.623889,28.906389,02310747,USGS,IAN,2022,1020.0
2022-09-25 18:00:00,1.486,0.507,-0.979,-82.623889,28.906389,02310747,USGS,IAN,2022,1080.0
2022-09-25 19:00:00,2.056,0.558,-1.498,-82.623889,28.906389,02310747,USGS,IAN,2022,1140.0
2022-09-25 20:00:00,2.396,0.678,-1.718,-82.623889,28.906389,02310747,USGS,IAN,2022,1200.0
2022-09-25 21:00:00,2.316,0.795,-1.521,-82.623889,28.906389,02310747,USGS,IAN,2022,1260.0
2022-09-25 22:00:00,1.936,0.831,-1.105,-82.623889,28.906389,02310747,USGS,IAN,2022,1320.0
2022-09-25 23:00:00,1.466,0.827,-0.639,-82.623889,28.906389,02310747,USGS,IAN,2022,1380.0
2022-09-26 00:00:00,0.996,0.797,-0.1989999999999999,-82.623889,28.906389,02310747,USGS,IAN,2022,1440.0
2022-09-26 01:00:00,0.496,0.758,0.262,-82.623889,28.906389,02310747,USGS,IAN,2022,1500.0
2022-09-26 02:00:00,0.026,0.717,0.691,-82.623889,28.906389,02310747,USGS,IAN,2022,1560.0
2022-09-26 03:00:00,-0.254,0.675,0.929,-82.623889,28.906389,02310747,USGS,IAN,2022,1620.0
2022-09-26 04:00:00,-0.004,0.635,0.639,-82.623889,28.906389,02310747,USGS,IAN,2022,1680.0
2022-09-26 05:00:00,0.576,0.595,0.019,-82.623889,28.906389,02310747,USGS,IAN,2022,1740.0
2022-09-26 06:00:00,1.176,0.563,-0.613,-82.623889,28.906389,02310747,USGS,IAN,2022,1800.0
2022-09-26 07:00:00,1.736,0.584,-1.152,-82.623889,28.906389,02310747,USGS,IAN,2022,1860.0
2022-09-26 08:00:00,2.156,0.669,-1.487,-82.623889,28.906389,02310747,USGS,IAN,2022,1920.0
2022-09-26 09:00:00,2.196,0.771,-1.4250000000000005,-82.623889,28.906389,02310747,USGS,IAN,2022,1980.0
2022-09-26 10:00:00,1.866,0.807,-1.0590000000000002,-82.623889,28.906389,02310747,USGS,IAN,2022,2040.0
2022-09-26 11:00:00,1.436,0.802,-0.6339999999999999,-82.623889,28.906389,02310747,USGS,IAN,2022,2100.0
2022-09-26 12:00:00,0.976,0.77,-0.2059999999999999,-82.623889,28.906389,02310747,USGS,IAN,2022,2160.0
2022-09-26 13:00:00,0.496,0.732,0.236,-82.623889,28.906389,02310747,USGS,IAN,2022,2220.0
2022-09-26 14:00:00,0.036,0.691,0.6549999999999999,-82.623889,28.906389,02310747,USGS,IAN,2022,2280.0
2022-09-26 15:00:00,-0.274,0.651,0.925,-82.623889,28.906389,02310747,USGS,IAN,2022,2340.0
2022-09-26 16:00:00,-0.014,0.611,0.625,-82.623889,28.906389,02310747,USGS,IAN,2022,2400.0
2022-09-26 17:00:00,0.566,0.573,0.007,-82.623889,28.906389,02310747,USGS,IAN,2022,2460.0
2022-09-26 18:00:00,1.226,0.539,-0.6869999999999999,-82.623889,28.906389,02310747,USGS,IAN,2022,2520.0
2022-09-26 19:00:00,1.886,0.552,-1.334,-82.623889,28.906389,02310747,USGS,IAN,2022,2580.0
2022-09-26 20:00:00,2.456,0.631,-1.825,-82.623889,28.906389,02310747,USGS,IAN,2022,2640.0
2022-09-26 21:00:00,2.736,0.759,-1.9770000000000003,-82.623889,28.906389,02310747,USGS,IAN,2022,2700.0
2022-09-26 22:00:00,2.536,0.834,-1.702,-82.623889,28.906389,02310747,USGS,IAN,2022,2760.0
2022-09-26 23:00:00,2.116,0.847,-1.269,-82.623889,28.906389,02310747,USGS,IAN,2022,2820.0
2022-09-27 00:00:00,1.646,0.827,-0.819,-82.623889,28.906389,02310747,USGS,IAN,2022,2880.0
2022-09-27 01:00:00,1.156,0.79,-0.3659999999999999,-82.623889,28.906389,02310747,USGS,IAN,2022,2940.0
2022-09-27 02:00:00,0.666,0.748,0.0819999999999999,-82.623889,28.906389,02310747,USGS,IAN,2022,3000.0
2022-09-27 03:00:00,0.206,0.706,0.5,-82.623889,28.906389,02310747,USGS,IAN,2022,3060.0
2022-09-27 04:00:00,0.126,0.664,0.538,-82.623889,28.906389,02310747,USGS,IAN,2022,3120.0
2022-09-27 05:00:00,0.576,0.624,0.048,-82.623889,28.906389,02310747,USGS,IAN,2022,3180.0
2022-09-27 06:00:00,1.206,0.587,-0.619,-82.623889,28.906389,02310747,USGS,IAN,2022,3240.0
2022-09-27 07:00:00,1.796,0.6,-1.1960000000000002,-82.623889,28.906389,02310747,USGS,IAN,2022,3300.0
2022-09-27 08:00:00,2.306,0.677,-1.629,-82.623889,28.906389,02310747,USGS,IAN,2022,3360.0
2022-09-27 09:00:00,2.546,0.795,-1.751,-82.623889,28.906389,02310747,USGS,IAN,2022,3420.0
2022-09-27 10:00:00,2.276,0.858,-1.4179999999999997,-82.623889,28.906389,02310747,USGS,IAN,2022,3480.0
2022-09-27 11:00:00,1.846,0.861,-0.985,-82.623889,28.906389,02310747,USGS,IAN,2022,3540.0
2022-09-27 12:00:00,1.386,0.838,-0.5479999999999999,-82.623889,28.906389,02310747,USGS,IAN,2022,3600.0
2022-09-27 13:00:00,0.906,0.799,-0.1069999999999999,-82.623889,28.906389,02310747,USGS,IAN,2022,3660.0
2022-09-27 14:00:00,0.406,0.756,0.35,-82.623889,28.906389,02310747,USGS,IAN,2022,3720.0
2022-09-27 15:00:00,-0.074,0.713,0.7869999999999999,-82.623889,28.906389,02310747,USGS,IAN,2022,3780.0
2022-09-27 16:00:00,-0.434,0.671,1.105,-82.623889,28.906389,02310747,USGS,IAN,2022,3840.0
2022-09-27 17:00:00,-0.214,0.63,0.844,-82.623889,28.906389,02310747,USGS,IAN,2022,3900.0
2022-09-27 18:00:00,0.376,0.59,0.2139999999999999,-82.623889,28.906389,02310747,USGS,IAN,2022,3960.0
2022-09-27 19:00:00,1.076,0.558,-0.518,-82.623889,28.906389,02310747,USGS,IAN,2022,4020.0
2022-09-27 20:00:00,1.696,0.577,-1.119,-82.623889,28.906389,02310747,USGS,IAN,2022,4080.0
2022-09-27 21:00:00,2.146,0.661,-1.485,-82.623889,28.906389,02310747,USGS,IAN,2022,4140.0
2022-09-27 22:00:00,2.206,0.762,-1.444,-82.623889,28.906389,02310747,USGS,IAN,2022,4200.0
2022-09-27 23:00:00,1.876,0.795,-1.081,-82.623889,28.906389,02310747,USGS,IAN,2022,4260.0
2022-09-28 00:00:00,1.436,0.79,-0.6459999999999999,-82.623889,28.906389,02310747,USGS,IAN,2022,4320.0
2022-09-28 01:00:00,0.946,0.758,-0.1879999999999999,-82.623889,28.906389,02310747,USGS,IAN,2022,4380.0
2022-09-28 02:00:00,0.446,0.72,0.2739999999999999,-82.623889,28.906389,02310747,USGS,IAN,2022,4440.0
2022-09-28 03:00:00,-0.044,0.68,0.7240000000000001,-82.623889,28.906389,02310747,USGS,IAN,2022,4500.0
2022-09-28 04:00:00,-0.494,0.64,1.134,-82.623889,28.906389,02310747,USGS,IAN,2022,4560.0
2022-09-28 05:00:00,-0.724,0.6,1.3239999999999998,-82.623889,28.906389,02310747,USGS,IAN,2022,4620.0
2022-09-28 06:00:00,-0.484,0.562,1.046,-82.623889,28.906389,02310747,USGS,IAN,2022,4680.0
2022-09-28 07:00:00,0.006,0.543,0.537,-82.623889,28.906389,02310747,USGS,IAN,2022,4740.0
2022-09-28 08:00:00,0.466,0.576,0.1099999999999999,-82.623889,28.906389,02310747,USGS,IAN,2022,4800.0
2022-09-28 09:00:00,0.686,0.649,-0.037,-82.623889,28.906389,02310747,USGS,IAN,2022,4860.0
2022-09-28 10:00:00,0.476,0.683,0.207,-82.623889,28.906389,02310747,USGS,IAN,2022,4920.0
2022-09-28 11:00:00,0.046,0.677,0.631,-82.623889,28.906389,02310747,USGS,IAN,2022,4980.0
2022-09-28 12:00:00,-0.364,0.646,1.01,-82.623889,28.906389,02310747,USGS,IAN,2022,5040.0
2022-09-28 13:00:00,-0.754,0.612,1.366,-82.623889,28.906389,02310747,USGS,IAN,2022,5100.0
2022-09-28 14:00:00,-1.134,0.575,1.709,-82.623889,28.906389,02310747,USGS,IAN,2022,5160.0
2022-09-28 15:00:00,-1.474,0.539,2.013,-82.623889,28.906389,02310747,USGS,IAN,2022,5220.0
2022-09-28 16:00:00,-1.784,0.502,2.286,-82.623889,28.906389,02310747,USGS,IAN,2022,5280.0
2022-09-28 17:00:00,-2.054,0.466,2.52,-82.623889,28.906389,02310747,USGS,IAN,2022,5340.0
2022-09-28 18:00:00,-2.274,0.43,2.704,-82.623889,28.906389,02310747,USGS,IAN,2022,5400.0
2022-09-28 19:00:00,-2.474,0.395,2.869,-82.623889,28.906389,02310747,USGS,IAN,2022,5460.0
2022-09-28 20:00:00,-2.604,0.359,2.963,-82.623889,28.906389,02310747,USGS,IAN,2022,5520.0
2022-09-28 21:00:00,-2.574,0.321,2.895,-82.623889,28.906389,02310747,USGS,IAN,2022,5580.0
2022-09-28 22:00:00,-2.544,0.282,2.826,-82.623889,28.906389,02310747,USGS,IAN,2022,5640.0
2022-09-28 23:00:00,-2.634,0.241,2.875,-82.623889,28.906389,02310747,USGS,IAN,2022,5700.0
2022-09-29 00:00:00,-2.784,0.2,2.984,-82.623889,28.906389,02310747,USGS,IAN,2022,5760.0
2022-09-29 01:00:00,-2.904,0.158,3.062,-82.623889,28.906389,02310747,USGS,IAN,2022,5820.0
2022-09-29 02:00:00,-3.034,0.113,3.147,-82.623889,28.906389,02310747,USGS,IAN,2022,5880.0
2022-09-29 03:00:00,-3.134,0.068,3.202,-82.623889,28.906389,02310747,USGS,IAN,2022,5940.0
2022-09-29 04:00:00,-3.244,0.033,3.277,-82.623889,28.906389,02310747,USGS,IAN,2022,6000.0
2022-09-29 05:00:00,-3.324,0.014,3.338,-82.623889,28.906389,02310747,USGS,IAN,2022,6060.0
2022-09-29 06:00:00,-3.394,0.012,3.406,-82.623889,28.906389,02310747,USGS,IAN,2022,6120.0
2022-09-29 07:00:00,-3.454,-0.003,3.451,-82.623889,28.906389,02310747,USGS,IAN,2022,6180.0
2022-09-29 08:00:00,-3.464,-0.013,3.451,-82.623889,28.906389,02310747,USGS,IAN,2022,6240.0
2022-09-29 09:00:00,-3.244,-0.016,3.228,-82.623889,28.906389,02310747,USGS,IAN,2022,6300.0
2022-09-29 10:00:00,-2.884,-0.012,2.872,-82.623889,28.906389,02310747,USGS,IAN,2022,6360.0
2022-09-29 11:00:00,-2.464,-0.002,2.462,-82.623889,28.906389,02310747,USGS,IAN,2022,6420.0
2022-09-29 12:00:00,-2.204,0.012,2.216,-82.623889,28.906389,02310747,USGS,IAN,2022,6480.0
2022-09-29 13:00:00,-2.134,0.024,2.158,-82.623889,28.906389,02310747,USGS,IAN,2022,6540.0
2022-09-29 14:00:00,-2.284,0.041,2.325,-82.623889,28.906389,02310747,USGS,IAN,2022,6600.0
2022-09-29 15:00:00,-2.424,0.06,2.484,-82.623889,28.906389,02310747,USGS,IAN,2022,6660.0
2022-09-29 16:00:00,-2.564,0.078,2.642,-82.623889,28.906389,02310747,USGS,IAN,2022,6720.0
2022-09-29 17:00:00,-2.694,0.097,2.791,-82.623889,28.906389,02310747,USGS,IAN,2022,6780.0
2022-09-29 18:00:00,-2.724,0.116,2.8400000000000003,-82.623889,28.906389,02310747,USGS,IAN,2022,6840.0
2022-09-29 19:00:00,-2.444,0.135,2.579,-82.623889,28.906389,02310747,USGS,IAN,2022,6900.0
2022-09-29 20:00:00,-2.044,0.152,2.196,-82.623889,28.906389,02310747,USGS,IAN,2022,6960.0
2022-09-29 21:00:00,-1.534,0.164,1.698,-82.623889,28.906389,02310747,USGS,IAN,2022,7020.0
2022-09-29 22:00:00,-1.024,0.172,1.196,-82.623889,28.906389,02310747,USGS,IAN,2022,7080.0
2022-09-29 23:00:00,-0.564,0.182,0.746,-82.623889,28.906389,02310747,USGS,IAN,2022,7140.0
2022-09-30 00:00:00,-0.224,0.211,0.435,-82.623889,28.906389,02310747,USGS,IAN,2022,7200.0
2022-09-30 01:00:00,-0.094,0.25,0.344,-82.623889,28.906389,02310747,USGS,IAN,2022,7260.0
2022-09-30 02:00:00,-0.284,0.289,0.573,-82.623889,28.906389,02310747,USGS,IAN,2022,7320.0
2022-09-30 03:00:00,-0.544,0.314,0.8580000000000001,-82.623889,28.906389,02310747,USGS,IAN,2022,7380.0
2022-09-30 04:00:00,-0.714,0.313,1.027,-82.623889,28.906389,02310747,USGS,IAN,2022,7440.0
2022-09-30 05:00:00,-0.734,0.303,1.037,-82.623889,28.906389,02310747,USGS,IAN,2022,7500.0
2022-09-30 06:00:00,-0.464,0.301,0.765,-82.623889,28.906389,02310747,USGS,IAN,2022,7560.0
2022-09-30 07:00:00,-0.014,0.316,0.33,-82.623889,28.906389,02310747,USGS,IAN,2022,7620.0
2022-09-30 08:00:00,0.456,0.354,-0.102,-82.623889,28.906389,02310747,USGS,IAN,2022,7680.0
2022-09-30 09:00:00,0.856,0.422,-0.434,-82.623889,28.906389,02310747,USGS,IAN,2022,7740.0
2022-09-30 10:00:00,1.136,0.511,-0.6249999999999999,-82.623889,28.906389,02310747,USGS,IAN,2022,7800.0
2022-09-30 11:00:00,1.186,0.583,-0.603,-82.623889,28.906389,02310747,USGS,IAN,2022,7860.0
2022-09-30 12:00:00,0.916,0.609,-0.307,-82.623889,28.906389,02310747,USGS,IAN,2022,7920.0
2022-09-30 13:00:00,0.516,0.606,0.0899999999999999,-82.623889,28.906389,02310747,USGS,IAN,2022,7980.0
2022-09-30 14:00:00,0.066,0.583,0.5169999999999999,-82.623889,28.906389,02310747,USGS,IAN,2022,8040.0
2022-09-30 15:00:00,-0.344,0.553,0.897,-82.623889,28.906389,02310747,USGS,IAN,2022,8100.0
2022-09-30 16:00:00,-0.724,0.522,1.246,-82.623889,28.906389,02310747,USGS,IAN,2022,8160.0
2022-09-30 17:00:00,-1.064,0.49,1.554,-82.623889,28.906389,02310747,USGS,IAN,2022,8220.0
2022-09-30 18:00:00,-1.314,0.458,1.772,-82.623889,28.906389,02310747,USGS,IAN,2022,8280.0
2022-09-30 19:00:00,-1.164,0.426,1.59,-82.623889,28.906389,02310747,USGS,IAN,2022,8340.0
2022-09-30 20:00:00,-0.744,0.396,1.14,-82.623889,28.906389,02310747,USGS,IAN,2022,8400.0
2022-09-30 21:00:00,-0.194,0.367,0.5609999999999999,-82.623889,28.906389,02310747,USGS,IAN,2022,8460.0
2022-09-30 22:00:00,0.336,0.34,0.004,-82.623889,28.906389,02310747,USGS,IAN,2022,8520.0
2022-09-30 23:00:00,0.806,0.338,-0.468,-82.623889,28.906389,02310747,USGS,IAN,2022,8580.0
2022-10-01 00:00:00,1.076,0.353,-0.7230000000000001,-82.623889,28.906389,02310747,USGS,IAN,2022,8640.0
2022-10-01 01:00:00,1.046,0.365,-0.681,-82.623889,28.906389,02310747,USGS,IAN,2022,8700.0
2022-10-01 02:00:00,0.736,0.358,-0.378,-82.623889,28.906389,02310747,USGS,IAN,2022,8760.0
2022-10-01 03:00:00,0.336,0.343,0.007,-82.623889,28.906389,02310747,USGS,IAN,2022,8820.0
2022-10-01 04:00:00,-0.014,0.325,0.339,-82.623889,28.906389,02310747,USGS,IAN,2022,8880.0
2022-10-01 05:00:00,-0.164,0.307,0.471,-82.623889,28.906389,02310747,USGS,IAN,2022,8940.0
2022-10-01 06:00:00,0.066,0.296,0.2299999999999999,-82.623889,28.906389,02310747,USGS,IAN,2022,9000.0
2022-10-01 07:00:00,0.546,0.31,-0.236,-82.623889,28.906389,02310747,USGS,IAN,2022,9060.0
2022-10-01 08:00:00,1.006,0.35,-0.656,-82.623889,28.906389,02310747,USGS,IAN,2022,9120.0
2022-10-01 09:00:00,1.416,0.432,-0.984,-82.623889,28.906389,02310747,USGS,IAN,2022,9180.0
2022-10-01 10:00:00,1.776,0.558,-1.218,-82.623889,28.906389,02310747,USGS,IAN,2022,9240.0
2022-10-01 11:00:00,1.916,0.685,-1.231,-82.623889,28.906389,02310747,USGS,IAN,2022,9300.0
2022-10-01 12:00:00,1.716,0.762,-0.954,-82.623889,28.906389,02310747,USGS,IAN,2022,9360.0
2022-10-01 13:00:00,1.346,0.787,-0.559,-82.623889,28.906389,02310747,USGS,IAN,2022,9420.0
2022-10-01 14:00:00,0.906,0.781,-0.125,-82.623889,28.906389,02310747,USGS,IAN,2022,9480.0
2022-10-01 15:00:00,0.456,0.75,0.294,-82.623889,28.906389,02310747,USGS,IAN,2022,9540.0
2022-10-01 16:00:00,0.006,0.713,0.707,-82.623889,28.906389,02310747,USGS,IAN,2022,9600.0
2022-10-01 17:00:00,-0.404,0.674,1.078,-82.623889,28.906389,02310747,USGS,IAN,2022,9660.0
2022-10-01 18:00:00,-0.754,0.634,1.388,-82.623889,28.906389,02310747,USGS,IAN,2022,9720.0
2022-10-01 19:00:00,-0.884,0.596,1.48,-82.623889,28.906389,02310747,USGS,IAN,2022,9780.0
2022-10-01 20:00:00,-0.564,0.559,1.123,-82.623889,28.906389,02310747,USGS,IAN,2022,9840.0
2022-10-01 21:00:00,-0.054,0.522,0.5760000000000001,-82.623889,28.906389,02310747,USGS,IAN,2022,9900.0
2022-10-01 22:00:00,0.506,0.488,-0.018,-82.623889,28.906389,02310747,USGS,IAN,2022,9960.0
2022-10-01 23:00:00,0.986,0.455,-0.5309999999999999,-82.623889,28.906389,02310747,USGS,IAN,2022,10020.0
2022-09-25 20:00:00,2.504,1.615,-0.889,-82.645806,28.901556,02310752,USGS,IAN,2022,1200.0
2022-09-25 21:00:00,2.224,1.516,-0.7080000000000002,-82.645806,28.901556,02310752,USGS,IAN,2022,1260.0
2022-09-26 21:00:00,2.764,1.551,-1.213,-82.645806,28.901556,02310752,USGS,IAN,2022,2700.0
2022-09-27 09:00:00,2.544,1.496,-1.048,-82.645806,28.901556,02310752,USGS,IAN,2022,3420.0
2022-10-01 09:00:00,1.624,1.596,-0.028,-82.645806,28.901556,02310752,USGS,IAN,2022,9180.0
2022-10-01 10:00:00,1.934,1.874,-0.0599999999999998,-82.645806,28.901556,02310752,USGS,IAN,2022,9240.0
2022-10-01 11:00:00,1.964,1.675,-0.2889999999999999,-82.645806,28.901556,02310752,USGS,IAN,2022,9300.0
2022-09-25 01:00:00,-0.888,-2.048,-1.16,-82.765788,29.001109,02313272,USGS,IAN,2022,60.0
2022-09-25 02:00:00,-0.368,-1.852,-1.484,-82.765788,29.001109,02313272,USGS,IAN,2022,120.0
2022-09-25 03:00:00,0.452,-1.055,-1.507,-82.765788,29.001109,02313272,USGS,IAN,2022,180.0
2022-09-25 04:00:00,1.352,0.112,-1.24,-82.765788,29.001109,02313272,USGS,IAN,2022,240.0
2022-09-25 05:00:00,2.092,1.204,-0.8880000000000001,-82.765788,29.001109,02313272,USGS,IAN,2022,300.0
2022-09-25 06:00:00,2.562,1.81,-0.7519999999999998,-82.765788,29.001109,02313272,USGS,IAN,2022,360.0
2022-09-25 07:00:00,2.532,1.796,-0.736,-82.765788,29.001109,02313272,USGS,IAN,2022,420.0
2022-09-25 08:00:00,2.042,1.202,-0.8399999999999999,-82.765788,29.001109,02313272,USGS,IAN,2022,480.0
2022-09-25 09:00:00,1.352,0.466,-0.8860000000000001,-82.765788,29.001109,02313272,USGS,IAN,2022,540.0
2022-09-25 10:00:00,0.662,-0.274,-0.936,-82.765788,29.001109,02313272,USGS,IAN,2022,600.0
2022-09-25 11:00:00,0.042,-0.956,-0.998,-82.765788,29.001109,02313272,USGS,IAN,2022,660.0
2022-09-25 12:00:00,-0.398,-1.486,-1.088,-82.765788,29.001109,02313272,USGS,IAN,2022,720.0
2022-09-25 13:00:00,-0.378,-1.827,-1.4489999999999998,-82.765788,29.001109,02313272,USGS,IAN,2022,780.0
2022-09-25 14:00:00,0.312,-1.538,-1.85,-82.765788,29.001109,02313272,USGS,IAN,2022,840.0
2022-09-25 15:00:00,1.222,-0.664,-1.886,-82.765788,29.001109,02313272,USGS,IAN,2022,900.0
2022-09-25 16:00:00,2.222,0.505,-1.717,-82.765788,29.001109,02313272,USGS,IAN,2022,960.0
2022-09-25 17:00:00,3.032,1.551,-1.481,-82.765788,29.001109,02313272,USGS,IAN,2022,1020.0
2022-09-25 18:00:00,3.402,2.138,-1.2640000000000002,-82.765788,29.001109,02313272,USGS,IAN,2022,1080.0
2022-09-25 19:00:00,3.302,2.175,-1.1270000000000002,-82.765788,29.001109,02313272,USGS,IAN,2022,1140.0
2022-09-25 20:00:00,2.642,1.566,-1.0759999999999998,-82.765788,29.001109,02313272,USGS,IAN,2022,1200.0
2022-09-25 21:00:00,1.862,0.795,-1.0670000000000002,-82.765788,29.001109,02313272,USGS,IAN,2022,1260.0
2022-09-25 22:00:00,0.982,-0.009,-0.991,-82.765788,29.001109,02313272,USGS,IAN,2022,1320.0
2022-09-25 23:00:00,0.202,-0.765,-0.967,-82.765788,29.001109,02313272,USGS,IAN,2022,1380.0
2022-09-26 00:00:00,-0.398,-1.376,-0.978,-82.765788,29.001109,02313272,USGS,IAN,2022,1440.0
2022-09-26 01:00:00,-0.708,-1.815,-1.107,-82.765788,29.001109,02313272,USGS,IAN,2022,1500.0
2022-09-26 02:00:00,-0.238,-1.896,-1.658,-82.765788,29.001109,02313272,USGS,IAN,2022,1560.0
2022-09-26 03:00:00,0.642,-1.266,-1.908,-82.765788,29.001109,02313272,USGS,IAN,2022,1620.0
2022-09-26 04:00:00,1.652,-0.182,-1.834,-82.765788,29.001109,02313272,USGS,IAN,2022,1680.0
2022-09-26 05:00:00,2.612,1.001,-1.6110000000000002,-82.765788,29.001109,02313272,USGS,IAN,2022,1740.0
2022-09-26 06:00:00,3.232,1.787,-1.4450000000000005,-82.765788,29.001109,02313272,USGS,IAN,2022,1800.0
2022-09-26 07:00:00,3.302,1.993,-1.309,-82.765788,29.001109,02313272,USGS,IAN,2022,1860.0
2022-09-26 08:00:00,2.782,1.542,-1.24,-82.765788,29.001109,02313272,USGS,IAN,2022,1920.0
2022-09-26 09:00:00,2.062,0.777,-1.2849999999999997,-82.765788,29.001109,02313272,USGS,IAN,2022,1980.0
2022-09-26 10:00:00,1.252,0.008,-1.244,-82.765788,29.001109,02313272,USGS,IAN,2022,2040.0
2022-09-26 11:00:00,0.462,-0.745,-1.207,-82.765788,29.001109,02313272,USGS,IAN,2022,2100.0
2022-09-26 12:00:00,-0.188,-1.368,-1.1800000000000002,-82.765788,29.001109,02313272,USGS,IAN,2022,2160.0
2022-09-26 13:00:00,-0.568,-1.825,-1.257,-82.765788,29.001109,02313272,USGS,IAN,2022,2220.0
2022-09-26 14:00:00,-0.278,-2.034,-1.7559999999999998,-82.765788,29.001109,02313272,USGS,IAN,2022,2280.0
2022-09-26 15:00:00,0.642,-1.477,-2.119,-82.765788,29.001109,02313272,USGS,IAN,2022,2340.0
2022-09-26 16:00:00,1.772,-0.419,-2.191,-82.765788,29.001109,02313272,USGS,IAN,2022,2400.0
2022-09-26 17:00:00,2.802,0.868,-1.934,-82.765788,29.001109,02313272,USGS,IAN,2022,2460.0
2022-09-26 18:00:00,3.552,1.819,-1.733,-82.765788,29.001109,02313272,USGS,IAN,2022,2520.0
2022-09-26 19:00:00,3.812,2.213,-1.5989999999999998,-82.765788,29.001109,02313272,USGS,IAN,2022,2580.0
2022-09-26 20:00:00,3.472,1.954,-1.518,-82.765788,29.001109,02313272,USGS,IAN,2022,2640.0
2022-09-26 21:00:00,2.742,1.21,-1.532,-82.765788,29.001109,02313272,USGS,IAN,2022,2700.0
2022-09-26 22:00:00,1.942,0.429,-1.513,-82.765788,29.001109,02313272,USGS,IAN,2022,2760.0
2022-09-26 23:00:00,1.052,-0.359,-1.411,-82.765788,29.001109,02313272,USGS,IAN,2022,2820.0
2022-09-27 00:00:00,0.232,-1.043,-1.275,-82.765788,29.001109,02313272,USGS,IAN,2022,2880.0
2022-09-27 01:00:00,-0.358,-1.556,-1.198,-82.765788,29.001109,02313272,USGS,IAN,2022,2940.0
2022-09-27 02:00:00,-0.358,-1.846,-1.488,-82.765788,29.001109,02313272,USGS,IAN,2022,3000.0
2022-09-27 03:00:00,0.462,-1.383,-1.845,-82.765788,29.001109,02313272,USGS,IAN,2022,3060.0
2022-09-27 04:00:00,1.632,-0.406,-2.038,-82.765788,29.001109,02313272,USGS,IAN,2022,3120.0
2022-09-27 05:00:00,2.582,0.807,-1.775,-82.765788,29.001109,02313272,USGS,IAN,2022,3180.0
2022-09-27 06:00:00,3.332,1.751,-1.581,-82.765788,29.001109,02313272,USGS,IAN,2022,3240.0
2022-09-27 07:00:00,3.662,2.14,-1.5219999999999998,-82.765788,29.001109,02313272,USGS,IAN,2022,3300.0
2022-09-27 08:00:00,3.282,1.876,-1.406,-82.765788,29.001109,02313272,USGS,IAN,2022,3360.0
2022-09-27 09:00:00,2.482,1.113,-1.3690000000000002,-82.765788,29.001109,02313272,USGS,IAN,2022,3420.0
2022-09-27 10:00:00,1.752,0.313,-1.439,-82.765788,29.001109,02313272,USGS,IAN,2022,3480.0
2022-09-27 11:00:00,0.812,-0.494,-1.306,-82.765788,29.001109,02313272,USGS,IAN,2022,3540.0
2022-09-27 12:00:00,-0.058,-1.199,-1.141,-82.765788,29.001109,02313272,USGS,IAN,2022,3600.0
2022-09-27 13:00:00,-0.698,-1.733,-1.035,-82.765788,29.001109,02313272,USGS,IAN,2022,3660.0
2022-09-27 14:00:00,-1.048,-2.119,-1.0710000000000002,-82.765788,29.001109,02313272,USGS,IAN,2022,3720.0
2022-09-27 15:00:00,-0.678,-2.107,-1.4290000000000005,-82.765788,29.001109,02313272,USGS,IAN,2022,3780.0
2022-09-27 16:00:00,0.342,-1.43,-1.772,-82.765788,29.001109,02313272,USGS,IAN,2022,3840.0
2022-09-27 17:00:00,1.602,-0.253,-1.855,-82.765788,29.001109,02313272,USGS,IAN,2022,3900.0
2022-09-27 18:00:00,2.632,1.028,-1.604,-82.765788,29.001109,02313272,USGS,IAN,2022,3960.0
2022-09-27 19:00:00,3.332,1.816,-1.5159999999999998,-82.765788,29.001109,02313272,USGS,IAN,2022,4020.0
2022-09-27 20:00:00,3.282,1.992,-1.29,-82.765788,29.001109,02313272,USGS,IAN,2022,4080.0
2022-09-27 21:00:00,2.742,1.526,-1.216,-82.765788,29.001109,02313272,USGS,IAN,2022,4140.0
2022-09-27 22:00:00,1.982,0.773,-1.209,-82.765788,29.001109,02313272,USGS,IAN,2022,4200.0
2022-09-27 23:00:00,1.132,0.032,-1.1,-82.765788,29.001109,02313272,USGS,IAN,2022,4260.0
2022-09-28 00:00:00,0.222,-0.691,-0.913,-82.765788,29.001109,02313272,USGS,IAN,2022,4320.0
2022-09-28 01:00:00,-0.508,-1.28,-0.772,-82.765788,29.001109,02313272,USGS,IAN,2022,4380.0
2022-09-28 02:00:00,-1.028,-1.68,-0.6519999999999999,-82.765788,29.001109,02313272,USGS,IAN,2022,4440.0
2022-09-28 03:00:00,-1.218,-1.569,-0.351,-82.765788,29.001109,02313272,USGS,IAN,2022,4500.0
2022-09-28 04:00:00,-0.598,-0.808,-0.21,-82.765788,29.001109,02313272,USGS,IAN,2022,4560.0
2022-09-28 05:00:00,0.232,0.246,0.0139999999999999,-82.765788,29.001109,02313272,USGS,IAN,2022,4620.0
2022-09-28 06:00:00,0.962,1.209,0.2470000000000001,-82.765788,29.001109,02313272,USGS,IAN,2022,4680.0
2022-09-28 07:00:00,1.352,1.694,0.3419999999999998,-82.765788,29.001109,02313272,USGS,IAN,2022,4740.0
2022-09-28 08:00:00,1.402,1.481,0.0790000000000001,-82.765788,29.001109,02313272,USGS,IAN,2022,4800.0
2022-09-28 09:00:00,0.762,0.75,-0.012,-82.765788,29.001109,02313272,USGS,IAN,2022,4860.0
2022-09-28 10:00:00,-0.008,-0.079,-0.071,-82.765788,29.001109,02313272,USGS,IAN,2022,4920.0
2022-09-28 11:00:00,-0.848,-0.902,-0.054,-82.765788,29.001109,02313272,USGS,IAN,2022,4980.0
2022-09-28 12:00:00,-1.698,-1.589,0.1089999999999999,-82.765788,29.001109,02313272,USGS,IAN,2022,5040.0
2022-09-28 13:00:00,-2.398,-2.102,0.2960000000000002,-82.765788,29.001109,02313272,USGS,IAN,2022,5100.0
2022-09-28 14:00:00,-2.868,-2.45,0.4179999999999997,-82.765788,29.001109,02313272,USGS,IAN,2022,5160.0
2022-09-28 15:00:00,-3.148,-2.69,0.4580000000000002,-82.765788,29.001109,02313272,USGS,IAN,2022,5220.0
2022-09-28 16:00:00,-3.358,-2.866,0.492,-82.765788,29.001109,02313272,USGS,IAN,2022,5280.0
2022-09-28 17:00:00,-3.448,-2.996,0.4519999999999999,-82.765788,29.001109,02313272,USGS,IAN,2022,5340.0
2022-09-28 18:00:00,-3.148,-3.107,0.0409999999999999,-82.765788,29.001109,02313272,USGS,IAN,2022,5400.0
2022-09-28 19:00:00,-2.588,-3.201,-0.613,-82.765788,29.001109,02313272,USGS,IAN,2022,5460.0
2022-09-28 20:00:00,-2.158,-3.363,-1.205,-82.765788,29.001109,02313272,USGS,IAN,2022,5520.0
2022-09-28 21:00:00,-2.328,-3.363,-1.035,-82.765788,29.001109,02313272,USGS,IAN,2022,5580.0
2022-09-29 10:00:00,-1.808,-3.261,-1.453,-82.765788,29.001109,02313272,USGS,IAN,2022,6360.0
2022-09-29 11:00:00,-1.868,-3.095,-1.227,-82.765788,29.001109,02313272,USGS,IAN,2022,6420.0
2022-09-29 12:00:00,-2.128,-2.761,-0.633,-82.765788,29.001109,02313272,USGS,IAN,2022,6480.0
2022-09-29 13:00:00,-2.498,-2.586,-0.0879999999999996,-82.765788,29.001109,02313272,USGS,IAN,2022,6540.0
2022-09-29 14:00:00,-2.728,-2.484,0.2440000000000002,-82.765788,29.001109,02313272,USGS,IAN,2022,6600.0
2022-09-29 15:00:00,-2.898,-2.554,0.3440000000000003,-82.765788,29.001109,02313272,USGS,IAN,2022,6660.0
2022-09-29 16:00:00,-2.798,-2.649,0.149,-82.765788,29.001109,02313272,USGS,IAN,2022,6720.0
2022-09-29 17:00:00,-2.428,-2.649,-0.221,-82.765788,29.001109,02313272,USGS,IAN,2022,6780.0
2022-09-29 18:00:00,-1.868,-2.346,-0.478,-82.765788,29.001109,02313272,USGS,IAN,2022,6840.0
2022-09-29 19:00:00,-1.158,-1.728,-0.5700000000000001,-82.765788,29.001109,02313272,USGS,IAN,2022,6900.0
2022-09-29 20:00:00,-0.428,-1.053,-0.625,-82.765788,29.001109,02313272,USGS,IAN,2022,6960.0
2022-09-29 21:00:00,0.082,-0.407,-0.489,-82.765788,29.001109,02313272,USGS,IAN,2022,7020.0
2022-09-29 22:00:00,0.372,0.232,-0.1399999999999999,-82.765788,29.001109,02313272,USGS,IAN,2022,7080.0
2022-09-29 23:00:00,0.382,0.553,0.171,-82.765788,29.001109,02313272,USGS,IAN,2022,7140.0
2022-09-30 00:00:00,0.242,0.473,0.2309999999999999,-82.765788,29.001109,02313272,USGS,IAN,2022,7200.0
2022-09-30 01:00:00,0.002,0.246,0.244,-82.765788,29.001109,02313272,USGS,IAN,2022,7260.0
2022-09-30 02:00:00,-0.298,0.012,0.31,-82.765788,29.001109,02313272,USGS,IAN,2022,7320.0
2022-09-30 03:00:00,-0.418,-0.104,0.314,-82.765788,29.001109,02313272,USGS,IAN,2022,7380.0
2022-09-30 04:00:00,-0.378,-0.011,0.367,-82.765788,29.001109,02313272,USGS,IAN,2022,7440.0
2022-09-30 05:00:00,0.072,0.362,0.29,-82.765788,29.001109,02313272,USGS,IAN,2022,7500.0
2022-09-30 06:00:00,0.682,0.861,0.1789999999999999,-82.765788,29.001109,02313272,USGS,IAN,2022,7560.0
2022-09-30 07:00:00,1.302,1.322,0.02,-82.765788,29.001109,02313272,USGS,IAN,2022,7620.0
2022-09-30 08:00:00,1.702,1.517,-0.185,-82.765788,29.001109,02313272,USGS,IAN,2022,7680.0
2022-09-30 09:00:00,1.792,1.344,-0.4479999999999999,-82.765788,29.001109,02313272,USGS,IAN,2022,7740.0
2022-09-30 10:00:00,1.622,0.914,-0.7080000000000001,-82.765788,29.001109,02313272,USGS,IAN,2022,7800.0
2022-09-30 11:00:00,1.172,0.392,-0.7799999999999999,-82.765788,29.001109,02313272,USGS,IAN,2022,7860.0
2022-09-30 12:00:00,0.582,-0.199,-0.7809999999999999,-82.765788,29.001109,02313272,USGS,IAN,2022,7920.0
2022-09-30 13:00:00,-0.138,-0.777,-0.639,-82.765788,29.001109,02313272,USGS,IAN,2022,7980.0
2022-09-30 14:00:00,-0.838,-1.289,-0.4509999999999999,-82.765788,29.001109,02313272,USGS,IAN,2022,8040.0
2022-09-30 15:00:00,-1.358,-1.696,-0.3379999999999998,-82.765788,29.001109,02313272,USGS,IAN,2022,8100.0
2022-09-30 16:00:00,-1.658,-1.993,-0.3350000000000002,-82.765788,29.001109,02313272,USGS,IAN,2022,8160.0
2022-09-30 17:00:00,-1.438,-1.986,-0.548,-82.765788,29.001109,02313272,USGS,IAN,2022,8220.0
2022-09-30 18:00:00,-0.738,-1.575,-0.837,-82.765788,29.001109,02313272,USGS,IAN,2022,8280.0
2022-09-30 19:00:00,0.092,-0.906,-0.998,-82.765788,29.001109,02313272,USGS,IAN,2022,8340.0
2022-09-30 20:00:00,0.872,-0.189,-1.061,-82.765788,29.001109,02313272,USGS,IAN,2022,8400.0
2022-09-30 21:00:00,1.482,0.336,-1.146,-82.765788,29.001109,02313272,USGS,IAN,2022,8460.0
2022-09-30 22:00:00,1.812,0.582,-1.23,-82.765788,29.001109,02313272,USGS,IAN,2022,8520.0
2022-09-30 23:00:00,1.792,0.574,-1.218,-82.765788,29.001109,02313272,USGS,IAN,2022,8580.0
2022-10-01 00:00:00,1.512,0.346,-1.166,-82.765788,29.001109,02313272,USGS,IAN,2022,8640.0
2022-10-01 01:00:00,1.062,0.047,-1.015,-82.765788,29.001109,02313272,USGS,IAN,2022,8700.0
2022-10-01 02:00:00,0.642,-0.168,-0.81,-82.765788,29.001109,02313272,USGS,IAN,2022,8760.0
2022-10-01 03:00:00,0.322,-0.251,-0.573,-82.765788,29.001109,02313272,USGS,IAN,2022,8820.0
2022-10-01 04:00:00,0.332,-0.038,-0.37,-82.765788,29.001109,02313272,USGS,IAN,2022,8880.0
2022-10-01 05:00:00,0.752,0.422,-0.33,-82.765788,29.001109,02313272,USGS,IAN,2022,8940.0
2022-10-01 06:00:00,1.402,1.011,-0.391,-82.765788,29.001109,02313272,USGS,IAN,2022,9000.0
2022-10-01 07:00:00,2.042,1.572,-0.4699999999999997,-82.765788,29.001109,02313272,USGS,IAN,2022,9060.0
2022-10-01 08:00:00,2.492,1.937,-0.5549999999999999,-82.765788,29.001109,02313272,USGS,IAN,2022,9120.0
2022-10-01 09:00:00,2.722,1.968,-0.754,-82.765788,29.001109,02313272,USGS,IAN,2022,9180.0
2022-10-01 10:00:00,2.552,1.608,-0.944,-82.765788,29.001109,02313272,USGS,IAN,2022,9240.0
2022-10-01 11:00:00,2.112,1.103,-1.009,-82.765788,29.001109,02313272,USGS,IAN,2022,9300.0
2022-10-01 12:00:00,1.492,0.519,-0.973,-82.765788,29.001109,02313272,USGS,IAN,2022,9360.0
2022-10-01 13:00:00,0.762,-0.082,-0.844,-82.765788,29.001109,02313272,USGS,IAN,2022,9420.0
2022-10-01 14:00:00,0.082,-0.65,-0.732,-82.765788,29.001109,02313272,USGS,IAN,2022,9480.0
2022-10-01 15:00:00,-0.508,-1.159,-0.651,-82.765788,29.001109,02313272,USGS,IAN,2022,9540.0
2022-10-01 16:00:00,-0.928,-1.567,-0.6389999999999999,-82.765788,29.001109,02313272,USGS,IAN,2022,9600.0
2022-10-01 17:00:00,-1.028,-1.86,-0.8320000000000001,-82.765788,29.001109,02313272,USGS,IAN,2022,9660.0
2022-10-01 18:00:00,-0.658,-1.888,-1.23,-82.765788,29.001109,02313272,USGS,IAN,2022,9720.0
2022-10-01 19:00:00,0.132,-1.543,-1.6749999999999998,-82.765788,29.001109,02313272,USGS,IAN,2022,9780.0
2022-10-01 20:00:00,0.952,-1.0,-1.952,-82.765788,29.001109,02313272,USGS,IAN,2022,9840.0
2022-10-01 21:00:00,1.652,-0.415,-2.067,-82.765788,29.001109,02313272,USGS,IAN,2022,9900.0
2022-10-01 22:00:00,2.042,0.075,-1.967,-82.765788,29.001109,02313272,USGS,IAN,2022,9960.0
2022-10-01 23:00:00,2.162,0.386,-1.7759999999999998,-82.765788,29.001109,02313272,USGS,IAN,2022,10020.0
2022-09-25 19:00:00,2.86,2.004,-0.8559999999999999,-84.3273972,30.07270485,02327031,USGS,IAN,2022,1140.0
2022-09-26 19:00:00,3.05,1.894,-1.156,-84.3273972,30.07270485,02327031,USGS,IAN,2022,2580.0
2022-09-26 20:00:00,3.18,1.97,-1.2100000000000002,-84.3273972,30.07270485,02327031,USGS,IAN,2022,2640.0
2022-09-27 20:00:00,2.47,1.88,-0.5900000000000003,-84.3273972,30.07270485,02327031,USGS,IAN,2022,4080.0
2022-09-25 01:00:00,0.279,0.096,-0.183,-88.975867,30.415753,02481270,USGS,IAN,2022,60.0
2022-09-25 02:00:00,0.449,0.097,-0.352,-88.975867,30.415753,02481270,USGS,IAN,2022,120.0
2022-09-25 03:00:00,0.659,0.098,-0.561,-88.975867,30.415753,02481270,USGS,IAN,2022,180.0
2022-09-25 04:00:00,0.849,0.099,-0.75,-88.975867,30.415753,02481270,USGS,IAN,2022,240.0
2022-09-25 05:00:00,0.989,0.099,-0.89,-88.975867,30.415753,02481270,USGS,IAN,2022,300.0
2022-09-25 06:00:00,1.079,0.099,-0.98,-88.975867,30.415753,02481270,USGS,IAN,2022,360.0
2022-09-25 07:00:00,1.069,0.099,-0.97,-88.975867,30.415753,02481270,USGS,IAN,2022,420.0
2022-09-25 08:00:00,0.969,0.098,-0.871,-88.975867,30.415753,02481270,USGS,IAN,2022,480.0
2022-09-25 09:00:00,0.809,0.098,-0.7110000000000001,-88.975867,30.415753,02481270,USGS,IAN,2022,540.0
2022-09-25 10:00:00,0.659,0.098,-0.561,-88.975867,30.415753,02481270,USGS,IAN,2022,600.0
2022-09-25 11:00:00,0.549,0.098,-0.451,-88.975867,30.415753,02481270,USGS,IAN,2022,660.0
2022-09-25 12:00:00,0.519,0.098,-0.421,-88.975867,30.415753,02481270,USGS,IAN,2022,720.0
2022-09-25 13:00:00,0.569,0.099,-0.47,-88.975867,30.415753,02481270,USGS,IAN,2022,780.0
2022-09-25 14:00:00,0.689,0.099,-0.59,-88.975867,30.415753,02481270,USGS,IAN,2022,840.0
2022-09-25 15:00:00,0.919,0.133,-0.786,-88.975867,30.415753,02481270,USGS,IAN,2022,900.0
2022-09-25 16:00:00,1.119,0.201,-0.918,-88.975867,30.415753,02481270,USGS,IAN,2022,960.0
2022-09-25 17:00:00,1.209,0.26,-0.949,-88.975867,30.415753,02481270,USGS,IAN,2022,1020.0
2022-09-25 18:00:00,1.169,0.306,-0.863,-88.975867,30.415753,02481270,USGS,IAN,2022,1080.0
2022-09-25 19:00:00,1.049,0.333,-0.716,-88.975867,30.415753,02481270,USGS,IAN,2022,1140.0
2022-09-25 20:00:00,0.839,0.32,-0.5189999999999999,-88.975867,30.415753,02481270,USGS,IAN,2022,1200.0
2022-09-25 21:00:00,0.619,0.269,-0.35,-88.975867,30.415753,02481270,USGS,IAN,2022,1260.0
2022-09-25 22:00:00,0.449,0.211,-0.238,-88.975867,30.415753,02481270,USGS,IAN,2022,1320.0
2022-09-25 23:00:00,0.339,0.145,-0.194,-88.975867,30.415753,02481270,USGS,IAN,2022,1380.0
2022-09-26 00:00:00,0.299,0.104,-0.195,-88.975867,30.415753,02481270,USGS,IAN,2022,1440.0
2022-09-26 01:00:00,0.369,0.103,-0.266,-88.975867,30.415753,02481270,USGS,IAN,2022,1500.0
2022-09-26 02:00:00,0.539,0.102,-0.437,-88.975867,30.415753,02481270,USGS,IAN,2022,1560.0
2022-09-26 03:00:00,0.759,0.101,-0.658,-88.975867,30.415753,02481270,USGS,IAN,2022,1620.0
2022-09-26 04:00:00,0.979,0.1,-0.879,-88.975867,30.415753,02481270,USGS,IAN,2022,1680.0
2022-09-26 05:00:00,1.119,0.11,-1.009,-88.975867,30.415753,02481270,USGS,IAN,2022,1740.0
2022-09-26 06:00:00,1.179,0.133,-1.046,-88.975867,30.415753,02481270,USGS,IAN,2022,1800.0
2022-09-26 07:00:00,1.139,0.121,-1.018,-88.975867,30.415753,02481270,USGS,IAN,2022,1860.0
2022-09-26 08:00:00,1.059,0.107,-0.952,-88.975867,30.415753,02481270,USGS,IAN,2022,1920.0
2022-09-26 09:00:00,0.929,0.106,-0.8230000000000001,-88.975867,30.415753,02481270,USGS,IAN,2022,1980.0
2022-09-26 10:00:00,0.759,0.105,-0.654,-88.975867,30.415753,02481270,USGS,IAN,2022,2040.0
2022-09-26 11:00:00,0.599,0.105,-0.494,-88.975867,30.415753,02481270,USGS,IAN,2022,2100.0
2022-09-26 12:00:00,0.459,0.105,-0.354,-88.975867,30.415753,02481270,USGS,IAN,2022,2160.0
2022-09-26 13:00:00,0.409,0.106,-0.303,-88.975867,30.415753,02481270,USGS,IAN,2022,2220.0
2022-09-26 14:00:00,0.489,0.106,-0.383,-88.975867,30.415753,02481270,USGS,IAN,2022,2280.0
2022-09-26 15:00:00,0.699,0.106,-0.593,-88.975867,30.415753,02481270,USGS,IAN,2022,2340.0
2022-09-26 16:00:00,0.949,0.108,-0.841,-88.975867,30.415753,02481270,USGS,IAN,2022,2400.0
2022-09-26 17:00:00,1.099,0.149,-0.95,-88.975867,30.415753,02481270,USGS,IAN,2022,2460.0
2022-09-26 18:00:00,1.169,0.199,-0.97,-88.975867,30.415753,02481270,USGS,IAN,2022,2520.0
2022-09-26 19:00:00,1.209,0.237,-0.972,-88.975867,30.415753,02481270,USGS,IAN,2022,2580.0
2022-09-26 20:00:00,1.289,0.257,-1.032,-88.975867,30.415753,02481270,USGS,IAN,2022,2640.0
2022-09-26 21:00:00,1.289,0.232,-1.057,-88.975867,30.415753,02481270,USGS,IAN,2022,2700.0
2022-09-26 22:00:00,1.159,0.186,-0.973,-88.975867,30.415753,02481270,USGS,IAN,2022,2760.0
2022-09-26 23:00:00,0.919,0.136,-0.783,-88.975867,30.415753,02481270,USGS,IAN,2022,2820.0
2022-09-27 00:00:00,0.689,0.105,-0.584,-88.975867,30.415753,02481270,USGS,IAN,2022,2880.0
2022-09-27 01:00:00,0.519,0.104,-0.415,-88.975867,30.415753,02481270,USGS,IAN,2022,2940.0
2022-09-27 02:00:00,0.519,0.104,-0.415,-88.975867,30.415753,02481270,USGS,IAN,2022,3000.0
2022-09-27 03:00:00,0.619,0.114,-0.505,-88.975867,30.415753,02481270,USGS,IAN,2022,3060.0
2022-09-27 04:00:00,0.739,0.167,-0.572,-88.975867,30.415753,02481270,USGS,IAN,2022,3120.0
2022-09-27 05:00:00,0.639,0.222,-0.417,-88.975867,30.415753,02481270,USGS,IAN,2022,3180.0
2022-09-27 06:00:00,0.509,0.262,-0.247,-88.975867,30.415753,02481270,USGS,IAN,2022,3240.0
2022-09-27 07:00:00,0.379,0.269,-0.1099999999999999,-88.975867,30.415753,02481270,USGS,IAN,2022,3300.0
2022-09-27 08:00:00,0.319,0.231,-0.088,-88.975867,30.415753,02481270,USGS,IAN,2022,3360.0
2022-09-27 09:00:00,0.279,0.18,-0.099,-88.975867,30.415753,02481270,USGS,IAN,2022,3420.0
2022-09-27 10:00:00,0.239,0.119,-0.12,-88.975867,30.415753,02481270,USGS,IAN,2022,3480.0
2022-09-27 11:00:00,0.219,0.099,-0.12,-88.975867,30.415753,02481270,USGS,IAN,2022,3540.0
2022-09-27 12:00:00,0.129,0.099,-0.03,-88.975867,30.415753,02481270,USGS,IAN,2022,3600.0
2022-09-27 13:00:00,0.149,0.099,-0.0499999999999999,-88.975867,30.415753,02481270,USGS,IAN,2022,3660.0
2022-09-27 14:00:00,0.179,0.1,-0.0789999999999999,-88.975867,30.415753,02481270,USGS,IAN,2022,3720.0
2022-09-27 15:00:00,0.399,0.1,-0.299,-88.975867,30.415753,02481270,USGS,IAN,2022,3780.0
2022-09-27 16:00:00,0.619,0.101,-0.518,-88.975867,30.415753,02481270,USGS,IAN,2022,3840.0
2022-09-27 17:00:00,0.869,0.101,-0.768,-88.975867,30.415753,02481270,USGS,IAN,2022,3900.0
2022-09-27 18:00:00,0.949,0.101,-0.848,-88.975867,30.415753,02481270,USGS,IAN,2022,3960.0
2022-09-27 19:00:00,0.919,0.101,-0.8180000000000001,-88.975867,30.415753,02481270,USGS,IAN,2022,4020.0
2022-09-27 20:00:00,0.869,0.117,-0.752,-88.975867,30.415753,02481270,USGS,IAN,2022,4080.0
2022-09-27 21:00:00,0.789,0.148,-0.641,-88.975867,30.415753,02481270,USGS,IAN,2022,4140.0
2022-09-27 22:00:00,0.669,0.161,-0.508,-88.975867,30.415753,02481270,USGS,IAN,2022,4200.0
2022-09-27 23:00:00,0.479,0.147,-0.3319999999999999,-88.975867,30.415753,02481270,USGS,IAN,2022,4260.0
2022-09-28 00:00:00,0.419,0.119,-0.3,-88.975867,30.415753,02481270,USGS,IAN,2022,4320.0
2022-09-28 01:00:00,0.479,0.121,-0.358,-88.975867,30.415753,02481270,USGS,IAN,2022,4380.0
2022-09-28 02:00:00,0.589,0.163,-0.4259999999999999,-88.975867,30.415753,02481270,USGS,IAN,2022,4440.0
2022-09-28 03:00:00,0.669,0.223,-0.446,-88.975867,30.415753,02481270,USGS,IAN,2022,4500.0
2022-09-28 04:00:00,0.809,0.297,-0.512,-88.975867,30.415753,02481270,USGS,IAN,2022,4560.0
2022-09-28 05:00:00,0.899,0.376,-0.523,-88.975867,30.415753,02481270,USGS,IAN,2022,4620.0
2022-09-28 06:00:00,0.959,0.437,-0.522,-88.975867,30.415753,02481270,USGS,IAN,2022,4680.0
2022-09-28 07:00:00,0.999,0.453,-0.546,-88.975867,30.415753,02481270,USGS,IAN,2022,4740.0
2022-09-28 08:00:00,1.079,0.413,-0.6659999999999999,-88.975867,30.415753,02481270,USGS,IAN,2022,4800.0
2022-09-28 09:00:00,1.019,0.358,-0.6609999999999999,-88.975867,30.415753,02481270,USGS,IAN,2022,4860.0
2022-09-28 10:00:00,0.809,0.292,-0.5170000000000001,-88.975867,30.415753,02481270,USGS,IAN,2022,4920.0
2022-09-28 11:00:00,0.559,0.216,-0.3430000000000001,-88.975867,30.415753,02481270,USGS,IAN,2022,4980.0
2022-09-28 12:00:00,0.329,0.133,-0.196,-88.975867,30.415753,02481270,USGS,IAN,2022,5040.0
2022-09-28 13:00:00,0.019,0.102,0.0829999999999999,-88.975867,30.415753,02481270,USGS,IAN,2022,5100.0
2022-09-28 14:00:00,-0.251,0.098,0.349,-88.975867,30.415753,02481270,USGS,IAN,2022,5160.0
2022-09-28 15:00:00,-0.371,0.097,0.4679999999999999,-88.975867,30.415753,02481270,USGS,IAN,2022,5220.0
2022-09-28 16:00:00,-0.251,0.097,0.348,-88.975867,30.415753,02481270,USGS,IAN,2022,5280.0
2022-09-28 17:00:00,0.069,0.097,0.0279999999999999,-88.975867,30.415753,02481270,USGS,IAN,2022,5340.0
2022-09-28 18:00:00,0.319,0.097,-0.222,-88.975867,30.415753,02481270,USGS,IAN,2022,5400.0
2022-09-28 19:00:00,0.479,0.098,-0.381,-88.975867,30.415753,02481270,USGS,IAN,2022,5460.0
2022-09-28 20:00:00,0.469,0.098,-0.371,-88.975867,30.415753,02481270,USGS,IAN,2022,5520.0
2022-09-28 21:00:00,0.429,0.098,-0.3309999999999999,-88.975867,30.415753,02481270,USGS,IAN,2022,5580.0
2022-09-28 22:00:00,0.349,0.098,-0.251,-88.975867,30.415753,02481270,USGS,IAN,2022,5640.0
2022-09-28 23:00:00,0.189,0.098,-0.091,-88.975867,30.415753,02481270,USGS,IAN,2022,5700.0
2022-09-29 00:00:00,0.089,0.098,0.009,-88.975867,30.415753,02481270,USGS,IAN,2022,5760.0
2022-09-29 01:00:00,0.189,0.099,-0.09,-88.975867,30.415753,02481270,USGS,IAN,2022,5820.0
2022-09-29 02:00:00,0.369,0.102,-0.267,-88.975867,30.415753,02481270,USGS,IAN,2022,5880.0
2022-09-29 03:00:00,0.459,0.158,-0.301,-88.975867,30.415753,02481270,USGS,IAN,2022,5940.0
2022-09-29 04:00:00,0.389,0.235,-0.154,-88.975867,30.415753,02481270,USGS,IAN,2022,6000.0
2022-09-29 05:00:00,0.349,0.314,-0.0349999999999999,-88.975867,30.415753,02481270,USGS,IAN,2022,6060.0
2022-09-29 06:00:00,0.189,0.384,0.195,-88.975867,30.415753,02481270,USGS,IAN,2022,6120.0
2022-09-29 07:00:00,-0.021,0.418,0.439,-88.975867,30.415753,02481270,USGS,IAN,2022,6180.0
2022-09-29 08:00:00,-0.151,0.395,0.546,-88.975867,30.415753,02481270,USGS,IAN,2022,6240.0
2022-09-29 09:00:00,-0.141,0.347,0.488,-88.975867,30.415753,02481270,USGS,IAN,2022,6300.0
2022-09-29 10:00:00,-0.171,0.285,0.4559999999999999,-88.975867,30.415753,02481270,USGS,IAN,2022,6360.0
2022-09-29 11:00:00,-0.261,0.21,0.471,-88.975867,30.415753,02481270,USGS,IAN,2022,6420.0
2022-09-29 12:00:00,-0.451,0.126,0.577,-88.975867,30.415753,02481270,USGS,IAN,2022,6480.0
2022-09-29 13:00:00,-0.731,0.107,0.838,-88.975867,30.415753,02481270,USGS,IAN,2022,6540.0
2022-09-29 14:00:00,-1.021,0.127,1.148,-88.975867,30.415753,02481270,USGS,IAN,2022,6600.0
2022-09-29 15:00:00,-1.271,0.117,1.388,-88.975867,30.415753,02481270,USGS,IAN,2022,6660.0
2022-09-29 16:00:00,-1.481,0.116,1.5970000000000002,-88.975867,30.415753,02481270,USGS,IAN,2022,6720.0
2022-09-29 17:00:00,-1.611,0.121,1.732,-88.975867,30.415753,02481270,USGS,IAN,2022,6780.0
2022-09-29 18:00:00,-1.481,0.116,1.5970000000000002,-88.975867,30.415753,02481270,USGS,IAN,2022,6840.0
2022-09-29 19:00:00,-1.261,0.119,1.38,-88.975867,30.415753,02481270,USGS,IAN,2022,6900.0
2022-09-29 20:00:00,-1.061,0.119,1.18,-88.975867,30.415753,02481270,USGS,IAN,2022,6960.0
2022-09-29 21:00:00,-0.911,0.117,1.028,-88.975867,30.415753,02481270,USGS,IAN,2022,7020.0
2022-09-29 22:00:00,-0.851,0.118,0.969,-88.975867,30.415753,02481270,USGS,IAN,2022,7080.0
2022-09-29 23:00:00,-0.821,0.114,0.935,-88.975867,30.415753,02481270,USGS,IAN,2022,7140.0
2022-09-30 00:00:00,-0.841,0.113,0.954,-88.975867,30.415753,02481270,USGS,IAN,2022,7200.0
2022-09-30 01:00:00,-0.701,0.113,0.814,-88.975867,30.415753,02481270,USGS,IAN,2022,7260.0
2022-09-30 02:00:00,-0.471,0.113,0.584,-88.975867,30.415753,02481270,USGS,IAN,2022,7320.0
2022-09-30 03:00:00,-0.201,0.113,0.314,-88.975867,30.415753,02481270,USGS,IAN,2022,7380.0
2022-09-30 04:00:00,0.069,0.113,0.044,-88.975867,30.415753,02481270,USGS,IAN,2022,7440.0
2022-09-30 05:00:00,0.299,0.163,-0.1359999999999999,-88.975867,30.415753,02481270,USGS,IAN,2022,7500.0
2022-09-30 06:00:00,0.509,0.242,-0.267,-88.975867,30.415753,02481270,USGS,IAN,2022,7560.0
2022-09-30 07:00:00,0.619,0.313,-0.306,-88.975867,30.415753,02481270,USGS,IAN,2022,7620.0
2022-09-30 08:00:00,0.659,0.358,-0.301,-88.975867,30.415753,02481270,USGS,IAN,2022,7680.0
2022-09-30 09:00:00,0.609,0.348,-0.261,-88.975867,30.415753,02481270,USGS,IAN,2022,7740.0
2022-09-30 10:00:00,0.499,0.296,-0.203,-88.975867,30.415753,02481270,USGS,IAN,2022,7800.0
2022-09-30 11:00:00,0.289,0.235,-0.0539999999999999,-88.975867,30.415753,02481270,USGS,IAN,2022,7860.0
2022-09-30 12:00:00,0.019,0.162,0.143,-88.975867,30.415753,02481270,USGS,IAN,2022,7920.0
2022-09-30 13:00:00,-0.321,0.107,0.428,-88.975867,30.415753,02481270,USGS,IAN,2022,7980.0
2022-09-30 14:00:00,-0.651,0.1,0.751,-88.975867,30.415753,02481270,USGS,IAN,2022,8040.0
2022-09-30 15:00:00,-0.911,0.1,1.011,-88.975867,30.415753,02481270,USGS,IAN,2022,8100.0
2022-09-30 16:00:00,-1.091,0.101,1.192,-88.975867,30.415753,02481270,USGS,IAN,2022,8160.0
2022-09-30 17:00:00,-1.131,0.1,1.231,-88.975867,30.415753,02481270,USGS,IAN,2022,8220.0
2022-09-30 18:00:00,-1.071,0.099,1.17,-88.975867,30.415753,02481270,USGS,IAN,2022,8280.0
2022-09-30 19:00:00,-0.931,0.099,1.03,-88.975867,30.415753,02481270,USGS,IAN,2022,8340.0
2022-09-30 20:00:00,-0.721,0.098,0.819,-88.975867,30.415753,02481270,USGS,IAN,2022,8400.0
2022-09-30 21:00:00,-0.491,0.098,0.589,-88.975867,30.415753,02481270,USGS,IAN,2022,8460.0
2022-09-30 22:00:00,-0.281,0.099,0.38,-88.975867,30.415753,02481270,USGS,IAN,2022,8520.0
2022-09-30 23:00:00,-0.111,0.099,0.21,-88.975867,30.415753,02481270,USGS,IAN,2022,8580.0
2022-10-01 00:00:00,-0.021,0.099,0.12,-88.975867,30.415753,02481270,USGS,IAN,2022,8640.0
2022-10-01 01:00:00,0.099,0.099,0.0,-88.975867,30.415753,02481270,USGS,IAN,2022,8700.0
2022-10-01 02:00:00,0.289,0.1,-0.1889999999999999,-88.975867,30.415753,02481270,USGS,IAN,2022,8760.0
2022-10-01 03:00:00,0.529,0.16,-0.369,-88.975867,30.415753,02481270,USGS,IAN,2022,8820.0
2022-10-01 04:00:00,0.729,0.249,-0.48,-88.975867,30.415753,02481270,USGS,IAN,2022,8880.0
2022-10-01 05:00:00,0.849,0.349,-0.5,-88.975867,30.415753,02481270,USGS,IAN,2022,8940.0
2022-10-01 06:00:00,0.919,0.467,-0.452,-88.975867,30.415753,02481270,USGS,IAN,2022,9000.0
2022-10-01 07:00:00,0.959,0.596,-0.363,-88.975867,30.415753,02481270,USGS,IAN,2022,9060.0
2022-10-01 08:00:00,0.969,0.715,-0.254,-88.975867,30.415753,02481270,USGS,IAN,2022,9120.0
2022-10-01 09:00:00,0.869,0.791,-0.0779999999999999,-88.975867,30.415753,02481270,USGS,IAN,2022,9180.0
2022-10-01 10:00:00,0.669,0.797,0.128,-88.975867,30.415753,02481270,USGS,IAN,2022,9240.0
2022-10-01 11:00:00,0.429,0.735,0.306,-88.975867,30.415753,02481270,USGS,IAN,2022,9300.0
2022-10-01 12:00:00,0.159,0.664,0.505,-88.975867,30.415753,02481270,USGS,IAN,2022,9360.0
2022-10-01 13:00:00,-0.111,0.587,0.698,-88.975867,30.415753,02481270,USGS,IAN,2022,9420.0
2022-10-01 14:00:00,-0.391,0.498,0.889,-88.975867,30.415753,02481270,USGS,IAN,2022,9480.0
2022-10-01 15:00:00,-0.641,0.395,1.036,-88.975867,30.415753,02481270,USGS,IAN,2022,9540.0
2022-10-01 16:00:00,-0.841,0.306,1.147,-88.975867,30.415753,02481270,USGS,IAN,2022,9600.0
2022-10-01 17:00:00,-0.991,0.309,1.3,-88.975867,30.415753,02481270,USGS,IAN,2022,9660.0
2022-10-01 18:00:00,-1.101,0.325,1.426,-88.975867,30.415753,02481270,USGS,IAN,2022,9720.0
2022-10-01 19:00:00,-1.131,0.311,1.442,-88.975867,30.415753,02481270,USGS,IAN,2022,9780.0
2022-10-01 20:00:00,-1.111,0.318,1.429,-88.975867,30.415753,02481270,USGS,IAN,2022,9840.0
2022-10-01 21:00:00,-1.011,0.318,1.329,-88.975867,30.415753,02481270,USGS,IAN,2022,9900.0
2022-10-01 22:00:00,-0.871,0.314,1.185,-88.975867,30.415753,02481270,USGS,IAN,2022,9960.0
2022-10-01 23:00:00,-0.601,0.292,0.893,-88.975867,30.415753,02481270,USGS,IAN,2022,10020.0
2022-09-25 19:00:00,0.841,0.221,-0.62,-89.8365833,29.93519444,073745235,USGS,IAN,2022,1140.0
2022-09-25 20:00:00,0.911,0.242,-0.669,-89.8365833,29.93519444,073745235,USGS,IAN,2022,1200.0
2022-09-25 21:00:00,0.981,0.269,-0.712,-89.8365833,29.93519444,073745235,USGS,IAN,2022,1260.0
2022-09-25 22:00:00,0.911,0.257,-0.654,-89.8365833,29.93519444,073745235,USGS,IAN,2022,1320.0
2022-09-27 07:00:00,1.091,0.22,-0.871,-89.8365833,29.93519444,073745235,USGS,IAN,2022,3300.0
2022-09-27 08:00:00,1.171,0.246,-0.925,-89.8365833,29.93519444,073745235,USGS,IAN,2022,3360.0
2022-09-27 09:00:00,1.211,0.25,-0.961,-89.8365833,29.93519444,073745235,USGS,IAN,2022,3420.0
2022-09-27 10:00:00,1.291,0.244,-1.047,-89.8365833,29.93519444,073745235,USGS,IAN,2022,3480.0
2022-09-28 07:00:00,1.471,0.258,-1.213,-89.8365833,29.93519444,073745235,USGS,IAN,2022,4740.0
2022-09-28 08:00:00,1.611,0.314,-1.297,-89.8365833,29.93519444,073745235,USGS,IAN,2022,4800.0
2022-09-28 09:00:00,1.711,0.35,-1.3610000000000002,-89.8365833,29.93519444,073745235,USGS,IAN,2022,4860.0
2022-09-28 10:00:00,1.861,0.349,-1.512,-89.8365833,29.93519444,073745235,USGS,IAN,2022,4920.0
2022-09-28 11:00:00,1.941,0.286,-1.655,-89.8365833,29.93519444,073745235,USGS,IAN,2022,4980.0
2022-09-29 07:00:00,1.311,0.256,-1.055,-89.8365833,29.93519444,073745235,USGS,IAN,2022,6180.0
2022-09-29 08:00:00,1.351,0.304,-1.047,-89.8365833,29.93519444,073745235,USGS,IAN,2022,6240.0
2022-09-29 09:00:00,1.371,0.342,-1.029,-89.8365833,29.93519444,073745235,USGS,IAN,2022,6300.0
2022-09-29 10:00:00,1.371,0.348,-1.023,-89.8365833,29.93519444,073745235,USGS,IAN,2022,6360.0
2022-09-29 11:00:00,1.331,0.305,-1.026,-89.8365833,29.93519444,073745235,USGS,IAN,2022,6420.0
2022-10-01 10:00:00,0.841,0.262,-0.579,-89.8365833,29.93519444,073745235,USGS,IAN,2022,9240.0
2022-10-01 11:00:00,0.851,0.327,-0.524,-89.8365833,29.93519444,073745235,USGS,IAN,2022,9300.0
2022-10-01 12:00:00,0.821,0.365,-0.4559999999999999,-89.8365833,29.93519444,073745235,USGS,IAN,2022,9360.0
2022-10-01 13:00:00,0.721,0.364,-0.357,-89.8365833,29.93519444,073745235,USGS,IAN,2022,9420.0
2022-10-01 14:00:00,0.601,0.306,-0.295,-89.8365833,29.93519444,073745235,USGS,IAN,2022,9480.0
2022-09-25 01:00:00,0.46,0.394,-0.066,-89.719506,29.708266,073745257,USGS,IAN,2022,60.0
2022-09-25 02:00:00,0.4,0.394,-0.006,-89.719506,29.708266,073745257,USGS,IAN,2022,120.0
2022-09-25 03:00:00,0.35,0.393,0.043,-89.719506,29.708266,073745257,USGS,IAN,2022,180.0
2022-09-25 04:00:00,0.33,0.392,0.062,-89.719506,29.708266,073745257,USGS,IAN,2022,240.0
2022-09-25 05:00:00,0.38,0.392,0.012,-89.719506,29.708266,073745257,USGS,IAN,2022,300.0
2022-09-25 06:00:00,0.47,0.391,-0.0789999999999999,-89.719506,29.708266,073745257,USGS,IAN,2022,360.0
2022-09-25 07:00:00,0.54,0.39,-0.15,-89.719506,29.708266,073745257,USGS,IAN,2022,420.0
2022-09-25 08:00:00,0.6,0.389,-0.2109999999999999,-89.719506,29.708266,073745257,USGS,IAN,2022,480.0
2022-09-25 09:00:00,0.64,0.389,-0.251,-89.719506,29.708266,073745257,USGS,IAN,2022,540.0
2022-09-25 10:00:00,0.66,0.389,-0.271,-89.719506,29.708266,073745257,USGS,IAN,2022,600.0
2022-09-25 11:00:00,0.67,0.389,-0.281,-89.719506,29.708266,073745257,USGS,IAN,2022,660.0
2022-09-25 12:00:00,0.64,0.39,-0.25,-89.719506,29.708266,073745257,USGS,IAN,2022,720.0
2022-09-25 13:00:00,0.59,0.39,-0.1999999999999999,-89.719506,29.708266,073745257,USGS,IAN,2022,780.0
2022-09-25 14:00:00,0.53,0.39,-0.14,-89.719506,29.708266,073745257,USGS,IAN,2022,840.0
2022-09-25 15:00:00,0.5,0.389,-0.1109999999999999,-89.719506,29.708266,073745257,USGS,IAN,2022,900.0
2022-09-25 16:00:00,0.49,0.389,-0.1009999999999999,-89.719506,29.708266,073745257,USGS,IAN,2022,960.0
2022-09-25 17:00:00,0.52,0.388,-0.132,-89.719506,29.708266,073745257,USGS,IAN,2022,1020.0
2022-09-25 18:00:00,0.56,0.387,-0.173,-89.719506,29.708266,073745257,USGS,IAN,2022,1080.0
2022-09-25 19:00:00,0.6,0.386,-0.2139999999999999,-89.719506,29.708266,073745257,USGS,IAN,2022,1140.0
2022-09-25 20:00:00,0.64,0.385,-0.255,-89.719506,29.708266,073745257,USGS,IAN,2022,1200.0
2022-09-25 21:00:00,0.66,0.385,-0.275,-89.719506,29.708266,073745257,USGS,IAN,2022,1260.0
2022-09-25 22:00:00,0.68,0.385,-0.295,-89.719506,29.708266,073745257,USGS,IAN,2022,1320.0
2022-09-25 23:00:00,0.65,0.385,-0.265,-89.719506,29.708266,073745257,USGS,IAN,2022,1380.0
2022-09-26 00:00:00,0.58,0.385,-0.1949999999999999,-89.719506,29.708266,073745257,USGS,IAN,2022,1440.0
2022-09-26 01:00:00,0.52,0.385,-0.135,-89.719506,29.708266,073745257,USGS,IAN,2022,1500.0
2022-09-26 02:00:00,0.45,0.385,-0.065,-89.719506,29.708266,073745257,USGS,IAN,2022,1560.0
2022-09-26 03:00:00,0.4,0.385,-0.015,-89.719506,29.708266,073745257,USGS,IAN,2022,1620.0
2022-09-26 04:00:00,0.36,0.384,0.024,-89.719506,29.708266,073745257,USGS,IAN,2022,1680.0
2022-09-26 05:00:00,0.36,0.384,0.024,-89.719506,29.708266,073745257,USGS,IAN,2022,1740.0
2022-09-26 06:00:00,0.43,0.383,-0.0469999999999999,-89.719506,29.708266,073745257,USGS,IAN,2022,1800.0
2022-09-26 07:00:00,0.49,0.382,-0.1079999999999999,-89.719506,29.708266,073745257,USGS,IAN,2022,1860.0
2022-09-26 08:00:00,0.55,0.381,-0.169,-89.719506,29.708266,073745257,USGS,IAN,2022,1920.0
2022-09-26 09:00:00,0.59,0.381,-0.2089999999999999,-89.719506,29.708266,073745257,USGS,IAN,2022,1980.0
2022-09-26 10:00:00,0.61,0.38,-0.2299999999999999,-89.719506,29.708266,073745257,USGS,IAN,2022,2040.0
2022-09-26 11:00:00,0.59,0.381,-0.2089999999999999,-89.719506,29.708266,073745257,USGS,IAN,2022,2100.0
2022-09-26 12:00:00,0.53,0.381,-0.149,-89.719506,29.708266,073745257,USGS,IAN,2022,2160.0
2022-09-26 13:00:00,0.47,0.381,-0.0889999999999999,-89.719506,29.708266,073745257,USGS,IAN,2022,2220.0
2022-09-26 14:00:00,0.41,0.381,-0.0289999999999999,-89.719506,29.708266,073745257,USGS,IAN,2022,2280.0
2022-09-26 15:00:00,0.36,0.381,0.021,-89.719506,29.708266,073745257,USGS,IAN,2022,2340.0
2022-09-26 16:00:00,0.3,0.381,0.081,-89.719506,29.708266,073745257,USGS,IAN,2022,2400.0
2022-09-26 17:00:00,0.29,0.38,0.09,-89.719506,29.708266,073745257,USGS,IAN,2022,2460.0
2022-09-26 18:00:00,0.32,0.379,0.059,-89.719506,29.708266,073745257,USGS,IAN,2022,2520.0
2022-09-26 19:00:00,0.39,0.378,-0.012,-89.719506,29.708266,073745257,USGS,IAN,2022,2580.0
2022-09-26 20:00:00,0.45,0.377,-0.073,-89.719506,29.708266,073745257,USGS,IAN,2022,2640.0
2022-09-26 21:00:00,0.53,0.377,-0.153,-89.719506,29.708266,073745257,USGS,IAN,2022,2700.0
2022-09-26 22:00:00,0.58,0.376,-0.2039999999999999,-89.719506,29.708266,073745257,USGS,IAN,2022,2760.0
2022-09-26 23:00:00,0.63,0.377,-0.253,-89.719506,29.708266,073745257,USGS,IAN,2022,2820.0
2022-09-27 00:00:00,0.67,0.377,-0.293,-89.719506,29.708266,073745257,USGS,IAN,2022,2880.0
2022-09-27 01:00:00,0.68,0.377,-0.303,-89.719506,29.708266,073745257,USGS,IAN,2022,2940.0
2022-09-27 02:00:00,0.59,0.377,-0.2129999999999999,-89.719506,29.708266,073745257,USGS,IAN,2022,3000.0
2022-09-27 03:00:00,0.68,0.377,-0.303,-89.719506,29.708266,073745257,USGS,IAN,2022,3060.0
2022-09-27 04:00:00,0.65,0.377,-0.273,-89.719506,29.708266,073745257,USGS,IAN,2022,3120.0
2022-09-27 05:00:00,0.53,0.376,-0.154,-89.719506,29.708266,073745257,USGS,IAN,2022,3180.0
2022-09-27 06:00:00,0.43,0.375,-0.0549999999999999,-89.719506,29.708266,073745257,USGS,IAN,2022,3240.0
2022-09-27 07:00:00,0.45,0.374,-0.076,-89.719506,29.708266,073745257,USGS,IAN,2022,3300.0
2022-09-27 08:00:00,0.56,0.373,-0.187,-89.719506,29.708266,073745257,USGS,IAN,2022,3360.0
2022-09-27 09:00:00,0.65,0.373,-0.277,-89.719506,29.708266,073745257,USGS,IAN,2022,3420.0
2022-09-27 10:00:00,0.75,0.373,-0.377,-89.719506,29.708266,073745257,USGS,IAN,2022,3480.0
2022-09-27 11:00:00,0.81,0.373,-0.437,-89.719506,29.708266,073745257,USGS,IAN,2022,3540.0
2022-09-27 12:00:00,0.85,0.373,-0.477,-89.719506,29.708266,073745257,USGS,IAN,2022,3600.0
2022-09-27 13:00:00,0.85,0.373,-0.477,-89.719506,29.708266,073745257,USGS,IAN,2022,3660.0
2022-09-27 14:00:00,0.84,0.373,-0.4669999999999999,-89.719506,29.708266,073745257,USGS,IAN,2022,3720.0
2022-09-27 15:00:00,0.84,0.373,-0.4669999999999999,-89.719506,29.708266,073745257,USGS,IAN,2022,3780.0
2022-09-27 16:00:00,0.87,0.373,-0.497,-89.719506,29.708266,073745257,USGS,IAN,2022,3840.0
2022-09-27 17:00:00,0.88,0.372,-0.508,-89.719506,29.708266,073745257,USGS,IAN,2022,3900.0
2022-09-27 18:00:00,0.88,0.371,-0.509,-89.719506,29.708266,073745257,USGS,IAN,2022,3960.0
2022-09-27 19:00:00,0.88,0.37,-0.51,-89.719506,29.708266,073745257,USGS,IAN,2022,4020.0
2022-09-27 20:00:00,0.9,0.37,-0.53,-89.719506,29.708266,073745257,USGS,IAN,2022,4080.0
2022-09-27 21:00:00,0.97,0.369,-0.601,-89.719506,29.708266,073745257,USGS,IAN,2022,4140.0
2022-09-27 22:00:00,1.0,0.369,-0.631,-89.719506,29.708266,073745257,USGS,IAN,2022,4200.0
2022-09-27 23:00:00,0.99,0.369,-0.621,-89.719506,29.708266,073745257,USGS,IAN,2022,4260.0
2022-09-28 00:00:00,1.0,0.369,-0.631,-89.719506,29.708266,073745257,USGS,IAN,2022,4320.0
2022-09-28 01:00:00,0.97,0.369,-0.601,-89.719506,29.708266,073745257,USGS,IAN,2022,4380.0
2022-09-28 02:00:00,0.93,0.37,-0.56,-89.719506,29.708266,073745257,USGS,IAN,2022,4440.0
2022-09-28 03:00:00,0.9,0.37,-0.53,-89.719506,29.708266,073745257,USGS,IAN,2022,4500.0
2022-09-28 04:00:00,0.89,0.369,-0.521,-89.719506,29.708266,073745257,USGS,IAN,2022,4560.0
2022-09-28 05:00:00,0.94,0.369,-0.571,-89.719506,29.708266,073745257,USGS,IAN,2022,4620.0
2022-09-28 06:00:00,1.02,0.368,-0.652,-89.719506,29.708266,073745257,USGS,IAN,2022,4680.0
2022-09-28 07:00:00,1.13,0.367,-0.7629999999999999,-89.719506,29.708266,073745257,USGS,IAN,2022,4740.0
2022-09-28 08:00:00,1.23,0.367,-0.863,-89.719506,29.708266,073745257,USGS,IAN,2022,4800.0
2022-09-28 09:00:00,1.32,0.368,-0.952,-89.719506,29.708266,073745257,USGS,IAN,2022,4860.0
2022-09-28 10:00:00,1.4,0.369,-1.031,-89.719506,29.708266,073745257,USGS,IAN,2022,4920.0
2022-09-28 11:00:00,1.49,0.37,-1.12,-89.719506,29.708266,073745257,USGS,IAN,2022,4980.0
2022-09-28 12:00:00,1.56,0.371,-1.189,-89.719506,29.708266,073745257,USGS,IAN,2022,5040.0
2022-09-28 13:00:00,1.61,0.372,-1.238,-89.719506,29.708266,073745257,USGS,IAN,2022,5100.0
2022-09-28 14:00:00,1.61,0.372,-1.238,-89.719506,29.708266,073745257,USGS,IAN,2022,5160.0
2022-09-28 15:00:00,1.58,0.372,-1.2080000000000002,-89.719506,29.708266,073745257,USGS,IAN,2022,5220.0
2022-09-28 16:00:00,1.61,0.372,-1.238,-89.719506,29.708266,073745257,USGS,IAN,2022,5280.0
2022-09-28 17:00:00,1.77,0.372,-1.398,-89.719506,29.708266,073745257,USGS,IAN,2022,5340.0
2022-09-28 18:00:00,1.74,0.371,-1.369,-89.719506,29.708266,073745257,USGS,IAN,2022,5400.0
2022-09-28 19:00:00,1.72,0.37,-1.35,-89.719506,29.708266,073745257,USGS,IAN,2022,5460.0
2022-09-28 20:00:00,1.7,0.369,-1.331,-89.719506,29.708266,073745257,USGS,IAN,2022,5520.0
2022-09-28 21:00:00,1.64,0.368,-1.2719999999999998,-89.719506,29.708266,073745257,USGS,IAN,2022,5580.0
2022-09-28 22:00:00,1.6,0.368,-1.2320000000000002,-89.719506,29.708266,073745257,USGS,IAN,2022,5640.0
2022-09-28 23:00:00,1.58,0.367,-1.213,-89.719506,29.708266,073745257,USGS,IAN,2022,5700.0
2022-09-29 00:00:00,1.53,0.367,-1.163,-89.719506,29.708266,073745257,USGS,IAN,2022,5760.0
2022-09-29 01:00:00,1.45,0.366,-1.084,-89.719506,29.708266,073745257,USGS,IAN,2022,5820.0
2022-09-29 02:00:00,1.36,0.366,-0.994,-89.719506,29.708266,073745257,USGS,IAN,2022,5880.0
2022-09-29 03:00:00,1.31,0.366,-0.944,-89.719506,29.708266,073745257,USGS,IAN,2022,5940.0
2022-09-29 04:00:00,1.22,0.366,-0.854,-89.719506,29.708266,073745257,USGS,IAN,2022,6000.0
2022-09-29 05:00:00,1.2,0.365,-0.835,-89.719506,29.708266,073745257,USGS,IAN,2022,6060.0
2022-09-29 06:00:00,1.18,0.365,-0.815,-89.719506,29.708266,073745257,USGS,IAN,2022,6120.0
2022-09-29 07:00:00,1.24,0.363,-0.877,-89.719506,29.708266,073745257,USGS,IAN,2022,6180.0
2022-09-29 08:00:00,1.29,0.362,-0.928,-89.719506,29.708266,073745257,USGS,IAN,2022,6240.0
2022-09-29 09:00:00,1.36,0.362,-0.998,-89.719506,29.708266,073745257,USGS,IAN,2022,6300.0
2022-09-29 10:00:00,1.41,0.363,-1.047,-89.719506,29.708266,073745257,USGS,IAN,2022,6360.0
2022-09-29 11:00:00,1.43,0.365,-1.065,-89.719506,29.708266,073745257,USGS,IAN,2022,6420.0
2022-09-29 12:00:00,1.39,0.366,-1.024,-89.719506,29.708266,073745257,USGS,IAN,2022,6480.0
2022-09-29 13:00:00,1.29,0.367,-0.923,-89.719506,29.708266,073745257,USGS,IAN,2022,6540.0
2022-09-29 14:00:00,1.18,0.368,-0.8119999999999999,-89.719506,29.708266,073745257,USGS,IAN,2022,6600.0
2022-09-29 15:00:00,1.08,0.368,-0.7120000000000001,-89.719506,29.708266,073745257,USGS,IAN,2022,6660.0
2022-09-29 16:00:00,0.99,0.369,-0.621,-89.719506,29.708266,073745257,USGS,IAN,2022,6720.0
2022-09-29 17:00:00,0.91,0.369,-0.541,-89.719506,29.708266,073745257,USGS,IAN,2022,6780.0
2022-09-29 18:00:00,0.85,0.368,-0.482,-89.719506,29.708266,073745257,USGS,IAN,2022,6840.0
2022-09-29 19:00:00,0.77,0.368,-0.402,-89.719506,29.708266,073745257,USGS,IAN,2022,6900.0
2022-09-29 20:00:00,0.67,0.367,-0.303,-89.719506,29.708266,073745257,USGS,IAN,2022,6960.0
2022-09-29 21:00:00,0.58,0.367,-0.2129999999999999,-89.719506,29.708266,073745257,USGS,IAN,2022,7020.0
2022-09-29 22:00:00,0.47,0.367,-0.1029999999999999,-89.719506,29.708266,073745257,USGS,IAN,2022,7080.0
2022-09-29 23:00:00,0.38,0.366,-0.014,-89.719506,29.708266,073745257,USGS,IAN,2022,7140.0
2022-09-30 00:00:00,0.29,0.367,0.077,-89.719506,29.708266,073745257,USGS,IAN,2022,7200.0
2022-09-30 01:00:00,0.21,0.367,0.157,-89.719506,29.708266,073745257,USGS,IAN,2022,7260.0
2022-09-30 02:00:00,0.19,0.367,0.177,-89.719506,29.708266,073745257,USGS,IAN,2022,7320.0
2022-09-30 03:00:00,0.17,0.367,0.1969999999999999,-89.719506,29.708266,073745257,USGS,IAN,2022,7380.0
2022-09-30 04:00:00,0.25,0.368,0.118,-89.719506,29.708266,073745257,USGS,IAN,2022,7440.0
2022-09-30 05:00:00,0.39,0.367,-0.023,-89.719506,29.708266,073745257,USGS,IAN,2022,7500.0
2022-09-30 06:00:00,0.51,0.367,-0.143,-89.719506,29.708266,073745257,USGS,IAN,2022,7560.0
2022-09-30 07:00:00,0.58,0.366,-0.2139999999999999,-89.719506,29.708266,073745257,USGS,IAN,2022,7620.0
2022-09-30 08:00:00,0.64,0.366,-0.274,-89.719506,29.708266,073745257,USGS,IAN,2022,7680.0
2022-09-30 09:00:00,0.67,0.365,-0.305,-89.719506,29.708266,073745257,USGS,IAN,2022,7740.0
2022-09-30 10:00:00,0.67,0.364,-0.306,-89.719506,29.708266,073745257,USGS,IAN,2022,7800.0
2022-09-30 11:00:00,0.62,0.364,-0.256,-89.719506,29.708266,073745257,USGS,IAN,2022,7860.0
2022-09-30 12:00:00,0.56,0.363,-0.197,-89.719506,29.708266,073745257,USGS,IAN,2022,7920.0
2022-09-30 13:00:00,0.49,0.363,-0.127,-89.719506,29.708266,073745257,USGS,IAN,2022,7980.0
2022-09-30 14:00:00,0.39,0.363,-0.027,-89.719506,29.708266,073745257,USGS,IAN,2022,8040.0
2022-09-30 15:00:00,0.29,0.363,0.073,-89.719506,29.708266,073745257,USGS,IAN,2022,8100.0
2022-09-30 16:00:00,0.22,0.363,0.143,-89.719506,29.708266,073745257,USGS,IAN,2022,8160.0
2022-09-30 17:00:00,0.14,0.363,0.2229999999999999,-89.719506,29.708266,073745257,USGS,IAN,2022,8220.0
2022-09-30 18:00:00,0.05,0.363,0.313,-89.719506,29.708266,073745257,USGS,IAN,2022,8280.0
2022-09-30 19:00:00,-0.03,0.363,0.393,-89.719506,29.708266,073745257,USGS,IAN,2022,8340.0
2022-09-30 20:00:00,-0.11,0.362,0.472,-89.719506,29.708266,073745257,USGS,IAN,2022,8400.0
2022-09-30 21:00:00,-0.17,0.361,0.531,-89.719506,29.708266,073745257,USGS,IAN,2022,8460.0
2022-09-30 22:00:00,-0.23,0.361,0.591,-89.719506,29.708266,073745257,USGS,IAN,2022,8520.0
2022-09-30 23:00:00,-0.29,0.361,0.651,-89.719506,29.708266,073745257,USGS,IAN,2022,8580.0
2022-10-01 00:00:00,-0.25,0.361,0.611,-89.719506,29.708266,073745257,USGS,IAN,2022,8640.0
2022-10-01 01:00:00,-0.19,0.362,0.552,-89.719506,29.708266,073745257,USGS,IAN,2022,8700.0
2022-10-01 02:00:00,-0.12,0.363,0.483,-89.719506,29.708266,073745257,USGS,IAN,2022,8760.0
2022-10-01 03:00:00,-0.04,0.364,0.4039999999999999,-89.719506,29.708266,073745257,USGS,IAN,2022,8820.0
2022-10-01 04:00:00,0.04,0.364,0.324,-89.719506,29.708266,073745257,USGS,IAN,2022,8880.0
2022-10-01 05:00:00,0.11,0.363,0.253,-89.719506,29.708266,073745257,USGS,IAN,2022,8940.0
2022-10-01 06:00:00,0.18,0.361,0.181,-89.719506,29.708266,073745257,USGS,IAN,2022,9000.0
2022-10-01 07:00:00,0.25,0.361,0.1109999999999999,-89.719506,29.708266,073745257,USGS,IAN,2022,9060.0
2022-10-01 08:00:00,0.32,0.361,0.0409999999999999,-89.719506,29.708266,073745257,USGS,IAN,2022,9120.0
2022-10-01 09:00:00,0.39,0.362,-0.028,-89.719506,29.708266,073745257,USGS,IAN,2022,9180.0
2022-10-01 10:00:00,0.45,0.362,-0.088,-89.719506,29.708266,073745257,USGS,IAN,2022,9240.0
2022-10-01 11:00:00,0.48,0.364,-0.1159999999999999,-89.719506,29.708266,073745257,USGS,IAN,2022,9300.0
2022-10-01 12:00:00,0.47,0.369,-0.1009999999999999,-89.719506,29.708266,073745257,USGS,IAN,2022,9360.0
2022-10-01 13:00:00,0.39,0.368,-0.022,-89.719506,29.708266,073745257,USGS,IAN,2022,9420.0
2022-10-01 14:00:00,0.29,0.367,0.077,-89.719506,29.708266,073745257,USGS,IAN,2022,9480.0
2022-10-01 15:00:00,0.21,0.369,0.159,-89.719506,29.708266,073745257,USGS,IAN,2022,9540.0
2022-10-01 16:00:00,0.13,0.37,0.24,-89.719506,29.708266,073745257,USGS,IAN,2022,9600.0
2022-10-01 17:00:00,0.05,0.371,0.321,-89.719506,29.708266,073745257,USGS,IAN,2022,9660.0
2022-10-01 18:00:00,-0.05,0.371,0.421,-89.719506,29.708266,073745257,USGS,IAN,2022,9720.0
2022-10-01 19:00:00,-0.15,0.371,0.521,-89.719506,29.708266,073745257,USGS,IAN,2022,9780.0
2022-10-01 20:00:00,-0.24,0.371,0.611,-89.719506,29.708266,073745257,USGS,IAN,2022,9840.0
2022-10-01 21:00:00,-0.32,0.371,0.6910000000000001,-89.719506,29.708266,073745257,USGS,IAN,2022,9900.0
2022-10-01 22:00:00,-0.4,0.371,0.771,-89.719506,29.708266,073745257,USGS,IAN,2022,9960.0
2022-10-01 23:00:00,-0.46,0.371,0.831,-89.719506,29.708266,073745257,USGS,IAN,2022,10020.0
2022-09-25 01:00:00,0.26,-0.155,-0.415,-89.703952,29.570777,073745258,USGS,IAN,2022,60.0
2022-09-25 02:00:00,0.34,-0.239,-0.579,-89.703952,29.570777,073745258,USGS,IAN,2022,120.0
2022-09-25 03:00:00,0.42,-0.29,-0.71,-89.703952,29.570777,073745258,USGS,IAN,2022,180.0
2022-09-25 04:00:00,0.59,-0.231,-0.821,-89.703952,29.570777,073745258,USGS,IAN,2022,240.0
2022-09-25 05:00:00,0.75,-0.151,-0.901,-89.703952,29.570777,073745258,USGS,IAN,2022,300.0
2022-09-25 06:00:00,0.84,-0.063,-0.903,-89.703952,29.570777,073745258,USGS,IAN,2022,360.0
2022-09-25 07:00:00,0.96,0.009,-0.951,-89.703952,29.570777,073745258,USGS,IAN,2022,420.0
2022-09-25 08:00:00,0.97,0.031,-0.939,-89.703952,29.570777,073745258,USGS,IAN,2022,480.0
2022-09-25 09:00:00,0.99,-0.027,-1.017,-89.703952,29.570777,073745258,USGS,IAN,2022,540.0
2022-09-25 10:00:00,0.97,-0.076,-1.046,-89.703952,29.570777,073745258,USGS,IAN,2022,600.0
2022-09-25 11:00:00,0.89,-0.127,-1.017,-89.703952,29.570777,073745258,USGS,IAN,2022,660.0
2022-09-25 12:00:00,0.78,-0.169,-0.949,-89.703952,29.570777,073745258,USGS,IAN,2022,720.0
2022-09-25 13:00:00,0.72,-0.163,-0.883,-89.703952,29.570777,073745258,USGS,IAN,2022,780.0
2022-09-25 14:00:00,0.67,-0.081,-0.751,-89.703952,29.570777,073745258,USGS,IAN,2022,840.0
2022-09-25 15:00:00,0.73,0.003,-0.727,-89.703952,29.570777,073745258,USGS,IAN,2022,900.0
2022-09-25 16:00:00,0.78,0.114,-0.666,-89.703952,29.570777,073745258,USGS,IAN,2022,960.0
2022-09-25 17:00:00,0.71,0.237,-0.473,-89.703952,29.570777,073745258,USGS,IAN,2022,1020.0
2022-09-25 18:00:00,0.7,0.324,-0.3759999999999999,-89.703952,29.570777,073745258,USGS,IAN,2022,1080.0
2022-09-25 19:00:00,0.73,0.394,-0.3359999999999999,-89.703952,29.570777,073745258,USGS,IAN,2022,1140.0
2022-09-25 20:00:00,0.71,0.355,-0.355,-89.703952,29.570777,073745258,USGS,IAN,2022,1200.0
2022-09-25 21:00:00,0.65,0.266,-0.384,-89.703952,29.570777,073745258,USGS,IAN,2022,1260.0
2022-09-25 22:00:00,0.56,0.19,-0.37,-89.703952,29.570777,073745258,USGS,IAN,2022,1320.0
2022-09-25 23:00:00,0.44,0.104,-0.336,-89.703952,29.570777,073745258,USGS,IAN,2022,1380.0
2022-09-26 00:00:00,0.34,0.013,-0.327,-89.703952,29.570777,073745258,USGS,IAN,2022,1440.0
2022-09-26 01:00:00,0.26,-0.076,-0.336,-89.703952,29.570777,073745258,USGS,IAN,2022,1500.0
2022-09-26 02:00:00,0.3,-0.143,-0.4429999999999999,-89.703952,29.570777,073745258,USGS,IAN,2022,1560.0
2022-09-26 03:00:00,0.35,-0.158,-0.508,-89.703952,29.570777,073745258,USGS,IAN,2022,1620.0
2022-09-26 04:00:00,0.47,-0.069,-0.5389999999999999,-89.703952,29.570777,073745258,USGS,IAN,2022,1680.0
2022-09-26 05:00:00,0.62,0.002,-0.618,-89.703952,29.570777,073745258,USGS,IAN,2022,1740.0
2022-09-26 06:00:00,0.73,0.082,-0.648,-89.703952,29.570777,073745258,USGS,IAN,2022,1800.0
2022-09-26 07:00:00,0.84,0.137,-0.703,-89.703952,29.570777,073745258,USGS,IAN,2022,1860.0
2022-09-26 08:00:00,0.82,0.11,-0.71,-89.703952,29.570777,073745258,USGS,IAN,2022,1920.0
2022-09-26 09:00:00,0.82,0.028,-0.7919999999999999,-89.703952,29.570777,073745258,USGS,IAN,2022,1980.0
2022-09-26 10:00:00,0.76,-0.043,-0.803,-89.703952,29.570777,073745258,USGS,IAN,2022,2040.0
2022-09-26 11:00:00,0.7,-0.116,-0.816,-89.703952,29.570777,073745258,USGS,IAN,2022,2100.0
2022-09-26 12:00:00,0.56,-0.192,-0.752,-89.703952,29.570777,073745258,USGS,IAN,2022,2160.0
2022-09-26 13:00:00,0.51,-0.259,-0.769,-89.703952,29.570777,073745258,USGS,IAN,2022,2220.0
2022-09-26 14:00:00,0.46,-0.298,-0.758,-89.703952,29.570777,073745258,USGS,IAN,2022,2280.0
2022-09-26 15:00:00,0.49,-0.215,-0.705,-89.703952,29.570777,073745258,USGS,IAN,2022,2340.0
2022-09-26 16:00:00,0.54,-0.141,-0.681,-89.703952,29.570777,073745258,USGS,IAN,2022,2400.0
2022-09-26 17:00:00,0.59,-0.025,-0.615,-89.703952,29.570777,073745258,USGS,IAN,2022,2460.0
2022-09-26 18:00:00,0.61,0.099,-0.511,-89.703952,29.570777,073745258,USGS,IAN,2022,2520.0
2022-09-26 19:00:00,0.57,0.219,-0.351,-89.703952,29.570777,073745258,USGS,IAN,2022,2580.0
2022-09-26 20:00:00,0.68,0.278,-0.402,-89.703952,29.570777,073745258,USGS,IAN,2022,2640.0
2022-09-26 21:00:00,0.82,0.254,-0.566,-89.703952,29.570777,073745258,USGS,IAN,2022,2700.0
2022-09-26 22:00:00,0.87,0.177,-0.6930000000000001,-89.703952,29.570777,073745258,USGS,IAN,2022,2760.0
2022-09-26 23:00:00,0.86,0.12,-0.74,-89.703952,29.570777,073745258,USGS,IAN,2022,2820.0
2022-09-27 00:00:00,0.73,0.043,-0.6869999999999999,-89.703952,29.570777,073745258,USGS,IAN,2022,2880.0
2022-09-27 01:00:00,0.71,-0.019,-0.729,-89.703952,29.570777,073745258,USGS,IAN,2022,2940.0
2022-09-27 02:00:00,1.14,-0.053,-1.1929999999999998,-89.703952,29.570777,073745258,USGS,IAN,2022,3000.0
2022-09-27 03:00:00,1.01,0.029,-0.981,-89.703952,29.570777,073745258,USGS,IAN,2022,3060.0
2022-09-27 04:00:00,0.85,0.099,-0.751,-89.703952,29.570777,073745258,USGS,IAN,2022,3120.0
2022-09-27 05:00:00,0.85,0.192,-0.6579999999999999,-89.703952,29.570777,073745258,USGS,IAN,2022,3180.0
2022-09-27 06:00:00,1.26,0.274,-0.986,-89.703952,29.570777,073745258,USGS,IAN,2022,3240.0
2022-09-27 07:00:00,1.7,0.307,-1.393,-89.703952,29.570777,073745258,USGS,IAN,2022,3300.0
2022-09-27 08:00:00,1.92,0.267,-1.653,-89.703952,29.570777,073745258,USGS,IAN,2022,3360.0
2022-09-27 09:00:00,1.97,0.179,-1.791,-89.703952,29.570777,073745258,USGS,IAN,2022,3420.0
2022-09-27 10:00:00,1.94,0.096,-1.844,-89.703952,29.570777,073745258,USGS,IAN,2022,3480.0
2022-09-27 11:00:00,1.88,-0.007,-1.887,-89.703952,29.570777,073745258,USGS,IAN,2022,3540.0
2022-09-27 12:00:00,1.84,-0.104,-1.944,-89.703952,29.570777,073745258,USGS,IAN,2022,3600.0
2022-09-27 13:00:00,1.81,-0.203,-2.013,-89.703952,29.570777,073745258,USGS,IAN,2022,3660.0
2022-09-27 14:00:00,1.78,-0.293,-2.073,-89.703952,29.570777,073745258,USGS,IAN,2022,3720.0
2022-09-27 15:00:00,1.79,-0.366,-2.156,-89.703952,29.570777,073745258,USGS,IAN,2022,3780.0
2022-09-27 16:00:00,1.74,-0.4,-2.14,-89.703952,29.570777,073745258,USGS,IAN,2022,3840.0
2022-09-27 17:00:00,1.67,-0.311,-1.981,-89.703952,29.570777,073745258,USGS,IAN,2022,3900.0
2022-09-27 18:00:00,1.62,-0.231,-1.851,-89.703952,29.570777,073745258,USGS,IAN,2022,3960.0
2022-09-27 19:00:00,1.62,-0.121,-1.741,-89.703952,29.570777,073745258,USGS,IAN,2022,4020.0
2022-09-27 20:00:00,1.64,-0.003,-1.6429999999999998,-89.703952,29.570777,073745258,USGS,IAN,2022,4080.0
2022-09-27 21:00:00,1.61,0.094,-1.516,-89.703952,29.570777,073745258,USGS,IAN,2022,4140.0
2022-09-27 22:00:00,1.6,0.155,-1.445,-89.703952,29.570777,073745258,USGS,IAN,2022,4200.0
2022-09-27 23:00:00,1.61,0.181,-1.429,-89.703952,29.570777,073745258,USGS,IAN,2022,4260.0
2022-09-28 00:00:00,1.64,0.189,-1.4509999999999998,-89.703952,29.570777,073745258,USGS,IAN,2022,4320.0
2022-09-28 01:00:00,1.65,0.188,-1.462,-89.703952,29.570777,073745258,USGS,IAN,2022,4380.0
2022-09-28 02:00:00,1.68,0.222,-1.458,-89.703952,29.570777,073745258,USGS,IAN,2022,4440.0
2022-09-28 03:00:00,1.75,0.281,-1.469,-89.703952,29.570777,073745258,USGS,IAN,2022,4500.0
2022-09-28 04:00:00,1.98,0.344,-1.636,-89.703952,29.570777,073745258,USGS,IAN,2022,4560.0
2022-09-28 05:00:00,2.23,0.432,-1.798,-89.703952,29.570777,073745258,USGS,IAN,2022,4620.0
2022-09-28 06:00:00,2.42,0.512,-1.908,-89.703952,29.570777,073745258,USGS,IAN,2022,4680.0
2022-09-28 07:00:00,2.71,0.551,-2.159,-89.703952,29.570777,073745258,USGS,IAN,2022,4740.0
2022-09-28 08:00:00,2.89,0.479,-2.411,-89.703952,29.570777,073745258,USGS,IAN,2022,4800.0
2022-09-28 09:00:00,2.9,0.399,-2.501,-89.703952,29.570777,073745258,USGS,IAN,2022,4860.0
2022-09-28 10:00:00,3.05,0.3,-2.75,-89.703952,29.570777,073745258,USGS,IAN,2022,4920.0
2022-09-28 11:00:00,3.15,0.181,-2.969,-89.703952,29.570777,073745258,USGS,IAN,2022,4980.0
2022-09-28 12:00:00,3.12,0.079,-3.041,-89.703952,29.570777,073745258,USGS,IAN,2022,5040.0
2022-09-28 13:00:00,3.01,-0.041,-3.051,-89.703952,29.570777,073745258,USGS,IAN,2022,5100.0
2022-09-28 14:00:00,3.05,-0.156,-3.206,-89.703952,29.570777,073745258,USGS,IAN,2022,5160.0
2022-09-28 15:00:00,3.09,-0.262,-3.352,-89.703952,29.570777,073745258,USGS,IAN,2022,5220.0
2022-09-28 16:00:00,3.01,-0.354,-3.364,-89.703952,29.570777,073745258,USGS,IAN,2022,5280.0
2022-09-28 17:00:00,2.81,-0.429,-3.239,-89.703952,29.570777,073745258,USGS,IAN,2022,5340.0
2022-09-28 18:00:00,2.53,-0.471,-3.001,-89.703952,29.570777,073745258,USGS,IAN,2022,5400.0
2022-09-28 19:00:00,2.32,-0.396,-2.716,-89.703952,29.570777,073745258,USGS,IAN,2022,5460.0
2022-09-28 20:00:00,2.25,-0.322,-2.572,-89.703952,29.570777,073745258,USGS,IAN,2022,5520.0
2022-09-28 21:00:00,2.1,-0.228,-2.3280000000000003,-89.703952,29.570777,073745258,USGS,IAN,2022,5580.0
2022-09-28 22:00:00,2.05,-0.14,-2.19,-89.703952,29.570777,073745258,USGS,IAN,2022,5640.0
2022-09-28 23:00:00,1.9,-0.064,-1.964,-89.703952,29.570777,073745258,USGS,IAN,2022,5700.0
2022-09-29 00:00:00,1.79,0.007,-1.783,-89.703952,29.570777,073745258,USGS,IAN,2022,5760.0
2022-09-29 01:00:00,1.74,0.078,-1.662,-89.703952,29.570777,073745258,USGS,IAN,2022,5820.0
2022-09-29 02:00:00,1.75,0.151,-1.599,-89.703952,29.570777,073745258,USGS,IAN,2022,5880.0
2022-09-29 03:00:00,1.8,0.242,-1.558,-89.703952,29.570777,073745258,USGS,IAN,2022,5940.0
2022-09-29 04:00:00,1.83,0.322,-1.508,-89.703952,29.570777,073745258,USGS,IAN,2022,6000.0
2022-09-29 05:00:00,1.94,0.421,-1.519,-89.703952,29.570777,073745258,USGS,IAN,2022,6060.0
2022-09-29 06:00:00,2.05,0.52,-1.5299999999999998,-89.703952,29.570777,073745258,USGS,IAN,2022,6120.0
2022-09-29 07:00:00,2.22,0.586,-1.6340000000000003,-89.703952,29.570777,073745258,USGS,IAN,2022,6180.0
2022-09-29 08:00:00,2.28,0.578,-1.702,-89.703952,29.570777,073745258,USGS,IAN,2022,6240.0
2022-09-29 09:00:00,2.35,0.472,-1.878,-89.703952,29.570777,073745258,USGS,IAN,2022,6300.0
2022-09-29 10:00:00,2.25,0.377,-1.873,-89.703952,29.570777,073745258,USGS,IAN,2022,6360.0
2022-09-29 11:00:00,2.08,0.264,-1.816,-89.703952,29.570777,073745258,USGS,IAN,2022,6420.0
2022-09-29 12:00:00,1.79,0.137,-1.653,-89.703952,29.570777,073745258,USGS,IAN,2022,6480.0
2022-09-29 13:00:00,1.53,0.022,-1.508,-89.703952,29.570777,073745258,USGS,IAN,2022,6540.0
2022-09-29 14:00:00,1.26,-0.114,-1.374,-89.703952,29.570777,073745258,USGS,IAN,2022,6600.0
2022-09-29 15:00:00,1.0,-0.23,-1.23,-89.703952,29.570777,073745258,USGS,IAN,2022,6660.0
2022-09-29 16:00:00,0.8,-0.339,-1.139,-89.703952,29.570777,073745258,USGS,IAN,2022,6720.0
2022-09-29 17:00:00,0.57,-0.434,-1.004,-89.703952,29.570777,073745258,USGS,IAN,2022,6780.0
2022-09-29 18:00:00,0.26,-0.525,-0.785,-89.703952,29.570777,073745258,USGS,IAN,2022,6840.0
2022-09-29 19:00:00,-0.04,-0.611,-0.571,-89.703952,29.570777,073745258,USGS,IAN,2022,6900.0
2022-09-29 20:00:00,-0.27,-0.672,-0.402,-89.703952,29.570777,073745258,USGS,IAN,2022,6960.0
2022-09-29 21:00:00,-0.42,-0.72,-0.3,-89.703952,29.570777,073745258,USGS,IAN,2022,7020.0
2022-09-29 22:00:00,-0.49,-0.734,-0.244,-89.703952,29.570777,073745258,USGS,IAN,2022,7080.0
2022-09-29 23:00:00,-0.41,-0.666,-0.256,-89.703952,29.570777,073745258,USGS,IAN,2022,7140.0
2022-09-30 00:00:00,-0.19,-0.618,-0.428,-89.703952,29.570777,073745258,USGS,IAN,2022,7200.0
2022-09-30 01:00:00,0.06,-0.543,-0.603,-89.703952,29.570777,073745258,USGS,IAN,2022,7260.0
2022-09-30 02:00:00,0.28,-0.455,-0.7350000000000001,-89.703952,29.570777,073745258,USGS,IAN,2022,7320.0
2022-09-30 03:00:00,0.57,-0.357,-0.927,-89.703952,29.570777,073745258,USGS,IAN,2022,7380.0
2022-09-30 04:00:00,0.86,-0.241,-1.101,-89.703952,29.570777,073745258,USGS,IAN,2022,7440.0
2022-09-30 05:00:00,1.01,-0.099,-1.109,-89.703952,29.570777,073745258,USGS,IAN,2022,7500.0
2022-09-30 06:00:00,1.02,0.062,-0.958,-89.703952,29.570777,073745258,USGS,IAN,2022,7560.0
2022-09-30 07:00:00,1.12,0.211,-0.909,-89.703952,29.570777,073745258,USGS,IAN,2022,7620.0
2022-09-30 08:00:00,1.1,0.32,-0.78,-89.703952,29.570777,073745258,USGS,IAN,2022,7680.0
2022-09-30 09:00:00,1.03,0.37,-0.66,-89.703952,29.570777,073745258,USGS,IAN,2022,7740.0
2022-09-30 10:00:00,0.93,0.286,-0.6440000000000001,-89.703952,29.570777,073745258,USGS,IAN,2022,7800.0
2022-09-30 11:00:00,0.8,0.19,-0.6100000000000001,-89.703952,29.570777,073745258,USGS,IAN,2022,7860.0
2022-09-30 12:00:00,0.69,0.086,-0.604,-89.703952,29.570777,073745258,USGS,IAN,2022,7920.0
2022-09-30 13:00:00,0.48,-0.028,-0.508,-89.703952,29.570777,073745258,USGS,IAN,2022,7980.0
2022-09-30 14:00:00,0.25,-0.144,-0.394,-89.703952,29.570777,073745258,USGS,IAN,2022,8040.0
2022-09-30 15:00:00,0.0,-0.256,-0.256,-89.703952,29.570777,073745258,USGS,IAN,2022,8100.0
2022-09-30 16:00:00,-0.22,-0.358,-0.1379999999999999,-89.703952,29.570777,073745258,USGS,IAN,2022,8160.0
2022-09-30 17:00:00,-0.41,-0.452,-0.042,-89.703952,29.570777,073745258,USGS,IAN,2022,8220.0
2022-09-30 18:00:00,-0.54,-0.542,-0.002,-89.703952,29.570777,073745258,USGS,IAN,2022,8280.0
2022-09-30 19:00:00,-0.65,-0.627,0.023,-89.703952,29.570777,073745258,USGS,IAN,2022,8340.0
2022-09-30 20:00:00,-0.75,-0.691,0.059,-89.703952,29.570777,073745258,USGS,IAN,2022,8400.0
2022-09-30 21:00:00,-0.73,-0.752,-0.022,-89.703952,29.570777,073745258,USGS,IAN,2022,8460.0
2022-09-30 22:00:00,-0.58,-0.769,-0.189,-89.703952,29.570777,073745258,USGS,IAN,2022,8520.0
2022-09-30 23:00:00,-0.39,-0.686,-0.296,-89.703952,29.570777,073745258,USGS,IAN,2022,8580.0
2022-10-01 00:00:00,-0.21,-0.62,-0.41,-89.703952,29.570777,073745258,USGS,IAN,2022,8640.0
2022-10-01 01:00:00,-0.07,-0.51,-0.44,-89.703952,29.570777,073745258,USGS,IAN,2022,8700.0
2022-10-01 02:00:00,0.14,-0.393,-0.533,-89.703952,29.570777,073745258,USGS,IAN,2022,8760.0
2022-10-01 03:00:00,0.26,-0.234,-0.494,-89.703952,29.570777,073745258,USGS,IAN,2022,8820.0
2022-10-01 04:00:00,0.45,-0.042,-0.492,-89.703952,29.570777,073745258,USGS,IAN,2022,8880.0
2022-10-01 05:00:00,0.55,0.169,-0.381,-89.703952,29.570777,073745258,USGS,IAN,2022,8940.0
2022-10-01 06:00:00,0.66,0.372,-0.288,-89.703952,29.570777,073745258,USGS,IAN,2022,9000.0
2022-10-01 07:00:00,0.78,0.577,-0.203,-89.703952,29.570777,073745258,USGS,IAN,2022,9060.0
2022-10-01 08:00:00,0.91,0.745,-0.165,-89.703952,29.570777,073745258,USGS,IAN,2022,9120.0
2022-10-01 09:00:00,0.95,0.867,-0.0829999999999999,-89.703952,29.570777,073745258,USGS,IAN,2022,9180.0
2022-10-01 10:00:00,0.93,0.873,-0.057,-89.703952,29.570777,073745258,USGS,IAN,2022,9240.0
2022-10-01 11:00:00,0.82,0.738,-0.0819999999999999,-89.703952,29.570777,073745258,USGS,IAN,2022,9300.0
2022-10-01 12:00:00,0.65,0.626,-0.024,-89.703952,29.570777,073745258,USGS,IAN,2022,9360.0
2022-10-01 13:00:00,0.51,0.499,-0.011,-89.703952,29.570777,073745258,USGS,IAN,2022,9420.0
2022-10-01 14:00:00,0.33,0.379,0.0489999999999999,-89.703952,29.570777,073745258,USGS,IAN,2022,9480.0
2022-10-01 15:00:00,-0.03,0.256,0.286,-89.703952,29.570777,073745258,USGS,IAN,2022,9540.0
2022-10-01 16:00:00,-0.21,0.121,0.3309999999999999,-89.703952,29.570777,073745258,USGS,IAN,2022,9600.0
2022-10-01 17:00:00,-0.5,0.008,0.508,-89.703952,29.570777,073745258,USGS,IAN,2022,9660.0
2022-10-01 18:00:00,-0.74,-0.129,0.611,-89.703952,29.570777,073745258,USGS,IAN,2022,9720.0
2022-10-01 19:00:00,-0.94,-0.245,0.695,-89.703952,29.570777,073745258,USGS,IAN,2022,9780.0
2022-10-01 20:00:00,-1.04,-0.35,0.6900000000000001,-89.703952,29.570777,073745258,USGS,IAN,2022,9840.0
2022-10-01 21:00:00,-1.09,-0.442,0.6480000000000001,-89.703952,29.570777,073745258,USGS,IAN,2022,9900.0
2022-10-01 22:00:00,-1.06,-0.525,0.535,-89.703952,29.570777,073745258,USGS,IAN,2022,9960.0
2022-10-01 23:00:00,-0.96,-0.593,0.367,-89.703952,29.570777,073745258,USGS,IAN,2022,10020.0
2022-09-25 01:00:00,0.21,-0.36,-0.57,-89.563669,29.633544,07374526,USGS,IAN,2022,60.0
2022-09-25 02:00:00,0.25,-0.312,-0.562,-89.563669,29.633544,07374526,USGS,IAN,2022,120.0
2022-09-25 03:00:00,0.389,-0.203,-0.5920000000000001,-89.563669,29.633544,07374526,USGS,IAN,2022,180.0
2022-09-25 04:00:00,0.559,-0.086,-0.645,-89.563669,29.633544,07374526,USGS,IAN,2022,240.0
2022-09-25 05:00:00,0.7,0.002,-0.698,-89.563669,29.633544,07374526,USGS,IAN,2022,300.0
2022-09-25 06:00:00,0.889,0.034,-0.855,-89.563669,29.633544,07374526,USGS,IAN,2022,360.0
2022-09-25 07:00:00,0.939,0.011,-0.928,-89.563669,29.633544,07374526,USGS,IAN,2022,420.0
2022-09-25 08:00:00,0.889,-0.041,-0.93,-89.563669,29.633544,07374526,USGS,IAN,2022,480.0
2022-09-25 09:00:00,0.86,-0.096,-0.956,-89.563669,29.633544,07374526,USGS,IAN,2022,540.0
2022-09-25 10:00:00,0.809,-0.148,-0.957,-89.563669,29.633544,07374526,USGS,IAN,2022,600.0
2022-09-25 11:00:00,0.7,-0.172,-0.8719999999999999,-89.563669,29.633544,07374526,USGS,IAN,2022,660.0
2022-09-25 12:00:00,0.579,-0.132,-0.711,-89.563669,29.633544,07374526,USGS,IAN,2022,720.0
2022-09-25 13:00:00,0.589,-0.042,-0.631,-89.563669,29.633544,07374526,USGS,IAN,2022,780.0
2022-09-25 14:00:00,0.569,0.081,-0.4879999999999999,-89.563669,29.633544,07374526,USGS,IAN,2022,840.0
2022-09-25 15:00:00,0.619,0.218,-0.401,-89.563669,29.633544,07374526,USGS,IAN,2022,900.0
2022-09-25 16:00:00,0.679,0.336,-0.343,-89.563669,29.633544,07374526,USGS,IAN,2022,960.0
2022-09-25 17:00:00,0.789,0.405,-0.384,-89.563669,29.633544,07374526,USGS,IAN,2022,1020.0
2022-09-25 18:00:00,0.829,0.411,-0.418,-89.563669,29.633544,07374526,USGS,IAN,2022,1080.0
2022-09-25 19:00:00,0.829,0.343,-0.4859999999999999,-89.563669,29.633544,07374526,USGS,IAN,2022,1140.0
2022-09-25 20:00:00,0.8,0.242,-0.558,-89.563669,29.633544,07374526,USGS,IAN,2022,1200.0
2022-09-25 21:00:00,0.709,0.121,-0.588,-89.563669,29.633544,07374526,USGS,IAN,2022,1260.0
2022-09-25 22:00:00,0.599,-0.01,-0.609,-89.563669,29.633544,07374526,USGS,IAN,2022,1320.0
2022-09-25 23:00:00,0.45,-0.116,-0.5660000000000001,-89.563669,29.633544,07374526,USGS,IAN,2022,1380.0
2022-09-26 00:00:00,0.309,-0.181,-0.49,-89.563669,29.633544,07374526,USGS,IAN,2022,1440.0
2022-09-26 01:00:00,0.25,-0.191,-0.441,-89.563669,29.633544,07374526,USGS,IAN,2022,1500.0
2022-09-26 02:00:00,0.25,-0.138,-0.388,-89.563669,29.633544,07374526,USGS,IAN,2022,1560.0
2022-09-26 03:00:00,0.349,-0.048,-0.3969999999999999,-89.563669,29.633544,07374526,USGS,IAN,2022,1620.0
2022-09-26 04:00:00,0.49,0.049,-0.441,-89.563669,29.633544,07374526,USGS,IAN,2022,1680.0
2022-09-26 05:00:00,0.609,0.115,-0.494,-89.563669,29.633544,07374526,USGS,IAN,2022,1740.0
2022-09-26 06:00:00,0.729,0.136,-0.593,-89.563669,29.633544,07374526,USGS,IAN,2022,1800.0
2022-09-26 07:00:00,0.78,0.085,-0.6950000000000001,-89.563669,29.633544,07374526,USGS,IAN,2022,1860.0
2022-09-26 08:00:00,0.8,-0.005,-0.805,-89.563669,29.633544,07374526,USGS,IAN,2022,1920.0
2022-09-26 09:00:00,0.76,-0.102,-0.862,-89.563669,29.633544,07374526,USGS,IAN,2022,1980.0
2022-09-26 10:00:00,0.669,-0.203,-0.8720000000000001,-89.563669,29.633544,07374526,USGS,IAN,2022,2040.0
2022-09-26 11:00:00,0.51,-0.288,-0.798,-89.563669,29.633544,07374526,USGS,IAN,2022,2100.0
2022-09-26 12:00:00,0.369,-0.328,-0.6970000000000001,-89.563669,29.633544,07374526,USGS,IAN,2022,2160.0
2022-09-26 13:00:00,0.319,-0.288,-0.607,-89.563669,29.633544,07374526,USGS,IAN,2022,2220.0
2022-09-26 14:00:00,0.329,-0.179,-0.508,-89.563669,29.633544,07374526,USGS,IAN,2022,2280.0
2022-09-26 15:00:00,0.369,-0.039,-0.408,-89.563669,29.633544,07374526,USGS,IAN,2022,2340.0
2022-09-26 16:00:00,0.46,0.11,-0.35,-89.563669,29.633544,07374526,USGS,IAN,2022,2400.0
2022-09-26 17:00:00,0.599,0.232,-0.367,-89.563669,29.633544,07374526,USGS,IAN,2022,2460.0
2022-09-26 18:00:00,0.7,0.292,-0.408,-89.563669,29.633544,07374526,USGS,IAN,2022,2520.0
2022-09-26 19:00:00,0.84,0.298,-0.542,-89.563669,29.633544,07374526,USGS,IAN,2022,2580.0
2022-09-26 20:00:00,0.959,0.241,-0.718,-89.563669,29.633544,07374526,USGS,IAN,2022,2640.0
2022-09-26 21:00:00,1.019,0.167,-0.8519999999999999,-89.563669,29.633544,07374526,USGS,IAN,2022,2700.0
2022-09-26 22:00:00,1.019,0.081,-0.938,-89.563669,29.633544,07374526,USGS,IAN,2022,2760.0
2022-09-26 23:00:00,0.909,-0.009,-0.918,-89.563669,29.633544,07374526,USGS,IAN,2022,2820.0
2022-09-27 00:00:00,0.789,-0.058,-0.8470000000000001,-89.563669,29.633544,07374526,USGS,IAN,2022,2880.0
2022-09-27 01:00:00,0.9,-0.041,-0.941,-89.563669,29.633544,07374526,USGS,IAN,2022,2940.0
2022-09-27 02:00:00,0.8,0.043,-0.757,-89.563669,29.633544,07374526,USGS,IAN,2022,3000.0
2022-09-27 03:00:00,0.76,0.145,-0.615,-89.563669,29.633544,07374526,USGS,IAN,2022,3060.0
2022-09-27 04:00:00,0.5,0.244,-0.256,-89.563669,29.633544,07374526,USGS,IAN,2022,3120.0
2022-09-27 05:00:00,0.689,0.314,-0.3749999999999999,-89.563669,29.633544,07374526,USGS,IAN,2022,3180.0
2022-09-27 06:00:00,1.059,0.315,-0.744,-89.563669,29.633544,07374526,USGS,IAN,2022,3240.0
2022-09-27 07:00:00,1.2,0.248,-0.952,-89.563669,29.633544,07374526,USGS,IAN,2022,3300.0
2022-09-27 08:00:00,1.47,0.128,-1.342,-89.563669,29.633544,07374526,USGS,IAN,2022,3360.0
2022-09-27 09:00:00,1.419,-0.016,-1.435,-89.563669,29.633544,07374526,USGS,IAN,2022,3420.0
2022-09-27 10:00:00,1.369,-0.162,-1.531,-89.563669,29.633544,07374526,USGS,IAN,2022,3480.0
2022-09-27 11:00:00,1.24,-0.297,-1.537,-89.563669,29.633544,07374526,USGS,IAN,2022,3540.0
2022-09-27 12:00:00,0.919,-0.409,-1.328,-89.563669,29.633544,07374526,USGS,IAN,2022,3600.0
2022-09-27 13:00:00,0.939,-0.478,-1.4169999999999998,-89.563669,29.633544,07374526,USGS,IAN,2022,3660.0
2022-09-27 14:00:00,1.119,-0.482,-1.601,-89.563669,29.633544,07374526,USGS,IAN,2022,3720.0
2022-09-27 15:00:00,1.159,-0.397,-1.556,-89.563669,29.633544,07374526,USGS,IAN,2022,3780.0
2022-09-27 16:00:00,1.189,-0.259,-1.448,-89.563669,29.633544,07374526,USGS,IAN,2022,3840.0
2022-09-27 17:00:00,1.13,-0.106,-1.236,-89.563669,29.633544,07374526,USGS,IAN,2022,3900.0
2022-09-27 18:00:00,1.189,0.018,-1.171,-89.563669,29.633544,07374526,USGS,IAN,2022,3960.0
2022-09-27 19:00:00,1.189,0.11,-1.079,-89.563669,29.633544,07374526,USGS,IAN,2022,4020.0
2022-09-27 20:00:00,1.269,0.152,-1.117,-89.563669,29.633544,07374526,USGS,IAN,2022,4080.0
2022-09-27 21:00:00,1.26,0.164,-1.096,-89.563669,29.633544,07374526,USGS,IAN,2022,4140.0
2022-09-27 22:00:00,1.2,0.172,-1.028,-89.563669,29.633544,07374526,USGS,IAN,2022,4200.0
2022-09-27 23:00:00,1.189,0.179,-1.01,-89.563669,29.633544,07374526,USGS,IAN,2022,4260.0
2022-09-28 00:00:00,1.179,0.187,-0.992,-89.563669,29.633544,07374526,USGS,IAN,2022,4320.0
2022-09-28 01:00:00,1.2,0.225,-0.975,-89.563669,29.633544,07374526,USGS,IAN,2022,4380.0
2022-09-28 02:00:00,1.2,0.296,-0.904,-89.563669,29.633544,07374526,USGS,IAN,2022,4440.0
2022-09-28 03:00:00,1.13,0.38,-0.7499999999999999,-89.563669,29.633544,07374526,USGS,IAN,2022,4500.0
2022-09-28 04:00:00,1.499,0.476,-1.023,-89.563669,29.633544,07374526,USGS,IAN,2022,4560.0
2022-09-28 05:00:00,1.499,0.546,-0.953,-89.563669,29.633544,07374526,USGS,IAN,2022,4620.0
2022-09-28 06:00:00,1.909,0.547,-1.362,-89.563669,29.633544,07374526,USGS,IAN,2022,4680.0
2022-09-28 07:00:00,2.019,0.474,-1.5450000000000002,-89.563669,29.633544,07374526,USGS,IAN,2022,4740.0
2022-09-28 08:00:00,2.179,0.346,-1.833,-89.563669,29.633544,07374526,USGS,IAN,2022,4800.0
2022-09-28 09:00:00,2.45,0.177,-2.273,-89.563669,29.633544,07374526,USGS,IAN,2022,4860.0
2022-09-28 10:00:00,2.51,-0.003,-2.513,-89.563669,29.633544,07374526,USGS,IAN,2022,4920.0
2022-09-28 11:00:00,2.269,-0.17,-2.439,-89.563669,29.633544,07374526,USGS,IAN,2022,4980.0
2022-09-28 12:00:00,2.119,-0.335,-2.454,-89.563669,29.633544,07374526,USGS,IAN,2022,5040.0
2022-09-28 13:00:00,2.289,-0.465,-2.754,-89.563669,29.633544,07374526,USGS,IAN,2022,5100.0
2022-09-28 14:00:00,1.939,-0.564,-2.503,-89.563669,29.633544,07374526,USGS,IAN,2022,5160.0
2022-09-28 15:00:00,2.229,-0.618,-2.847,-89.563669,29.633544,07374526,USGS,IAN,2022,5220.0
2022-09-28 16:00:00,2.05,-0.601,-2.651,-89.563669,29.633544,07374526,USGS,IAN,2022,5280.0
2022-09-28 17:00:00,2.099,-0.494,-2.593,-89.563669,29.633544,07374526,USGS,IAN,2022,5340.0
2022-09-28 18:00:00,1.809,-0.351,-2.16,-89.563669,29.633544,07374526,USGS,IAN,2022,5400.0
2022-09-28 19:00:00,1.689,-0.221,-1.91,-89.563669,29.633544,07374526,USGS,IAN,2022,5460.0
2022-09-28 20:00:00,1.689,-0.119,-1.808,-89.563669,29.633544,07374526,USGS,IAN,2022,5520.0
2022-09-28 21:00:00,1.689,-0.059,-1.748,-89.563669,29.633544,07374526,USGS,IAN,2022,5580.0
2022-09-28 22:00:00,1.539,-0.017,-1.5559999999999998,-89.563669,29.633544,07374526,USGS,IAN,2022,5640.0
2022-09-28 23:00:00,1.49,0.042,-1.448,-89.563669,29.633544,07374526,USGS,IAN,2022,5700.0
2022-09-29 00:00:00,1.38,0.109,-1.271,-89.563669,29.633544,07374526,USGS,IAN,2022,5760.0
2022-09-29 01:00:00,1.249,0.185,-1.064,-89.563669,29.633544,07374526,USGS,IAN,2022,5820.0
2022-09-29 02:00:00,1.32,0.291,-1.029,-89.563669,29.633544,07374526,USGS,IAN,2022,5880.0
2022-09-29 03:00:00,1.309,0.396,-0.913,-89.563669,29.633544,07374526,USGS,IAN,2022,5940.0
2022-09-29 04:00:00,1.349,0.492,-0.857,-89.563669,29.633544,07374526,USGS,IAN,2022,6000.0
2022-09-29 05:00:00,1.49,0.579,-0.911,-89.563669,29.633544,07374526,USGS,IAN,2022,6060.0
2022-09-29 06:00:00,1.389,0.612,-0.777,-89.563669,29.633544,07374526,USGS,IAN,2022,6120.0
2022-09-29 07:00:00,1.63,0.565,-1.065,-89.563669,29.633544,07374526,USGS,IAN,2022,6180.0
2022-09-29 08:00:00,1.689,0.44,-1.249,-89.563669,29.633544,07374526,USGS,IAN,2022,6240.0
2022-09-29 09:00:00,1.63,0.268,-1.362,-89.563669,29.633544,07374526,USGS,IAN,2022,6300.0
2022-09-29 10:00:00,1.38,0.068,-1.3119999999999998,-89.563669,29.633544,07374526,USGS,IAN,2022,6360.0
2022-09-29 11:00:00,1.159,-0.131,-1.29,-89.563669,29.633544,07374526,USGS,IAN,2022,6420.0
2022-09-29 12:00:00,0.99,-0.326,-1.316,-89.563669,29.633544,07374526,USGS,IAN,2022,6480.0
2022-09-29 13:00:00,0.689,-0.502,-1.1909999999999998,-89.563669,29.633544,07374526,USGS,IAN,2022,6540.0
2022-09-29 14:00:00,0.23,-0.657,-0.887,-89.563669,29.633544,07374526,USGS,IAN,2022,6600.0
2022-09-29 15:00:00,0.109,-0.787,-0.896,-89.563669,29.633544,07374526,USGS,IAN,2022,6660.0
2022-09-29 16:00:00,0.049,-0.884,-0.933,-89.563669,29.633544,07374526,USGS,IAN,2022,6720.0
2022-09-29 17:00:00,-0.171,-0.94,-0.7689999999999999,-89.563669,29.633544,07374526,USGS,IAN,2022,6780.0
2022-09-29 18:00:00,-0.331,-0.946,-0.615,-89.563669,29.633544,07374526,USGS,IAN,2022,6840.0
2022-09-29 19:00:00,-0.621,-0.908,-0.287,-89.563669,29.633544,07374526,USGS,IAN,2022,6900.0
2022-09-29 20:00:00,-0.621,-0.83,-0.2089999999999999,-89.563669,29.633544,07374526,USGS,IAN,2022,6960.0
2022-09-29 21:00:00,-0.68,-0.718,-0.0379999999999999,-89.563669,29.633544,07374526,USGS,IAN,2022,7020.0
2022-09-29 22:00:00,-0.591,-0.623,-0.032,-89.563669,29.633544,07374526,USGS,IAN,2022,7080.0
2022-09-29 23:00:00,-0.43,-0.521,-0.091,-89.563669,29.633544,07374526,USGS,IAN,2022,7140.0
2022-09-30 00:00:00,-0.131,-0.404,-0.273,-89.563669,29.633544,07374526,USGS,IAN,2022,7200.0
2022-09-30 01:00:00,-0.01,-0.284,-0.2739999999999999,-89.563669,29.633544,07374526,USGS,IAN,2022,7260.0
2022-09-30 02:00:00,0.21,-0.16,-0.37,-89.563669,29.633544,07374526,USGS,IAN,2022,7320.0
2022-09-30 03:00:00,0.549,-0.018,-0.5670000000000001,-89.563669,29.633544,07374526,USGS,IAN,2022,7380.0
2022-09-30 04:00:00,0.76,0.136,-0.624,-89.563669,29.633544,07374526,USGS,IAN,2022,7440.0
2022-09-30 05:00:00,0.88,0.276,-0.604,-89.563669,29.633544,07374526,USGS,IAN,2022,7500.0
2022-09-30 06:00:00,0.919,0.384,-0.535,-89.563669,29.633544,07374526,USGS,IAN,2022,7560.0
2022-09-30 07:00:00,0.99,0.428,-0.562,-89.563669,29.633544,07374526,USGS,IAN,2022,7620.0
2022-09-30 08:00:00,0.939,0.393,-0.5459999999999999,-89.563669,29.633544,07374526,USGS,IAN,2022,7680.0
2022-09-30 09:00:00,0.809,0.275,-0.534,-89.563669,29.633544,07374526,USGS,IAN,2022,7740.0
2022-09-30 10:00:00,0.649,0.111,-0.538,-89.563669,29.633544,07374526,USGS,IAN,2022,7800.0
2022-09-30 11:00:00,0.47,-0.085,-0.5549999999999999,-89.563669,29.633544,07374526,USGS,IAN,2022,7860.0
2022-09-30 12:00:00,0.24,-0.272,-0.512,-89.563669,29.633544,07374526,USGS,IAN,2022,7920.0
2022-09-30 13:00:00,-0.02,-0.446,-0.426,-89.563669,29.633544,07374526,USGS,IAN,2022,7980.0
2022-09-30 14:00:00,-0.27,-0.611,-0.3409999999999999,-89.563669,29.633544,07374526,USGS,IAN,2022,8040.0
2022-09-30 15:00:00,-0.41,-0.756,-0.346,-89.563669,29.633544,07374526,USGS,IAN,2022,8100.0
2022-09-30 16:00:00,-0.54,-0.877,-0.3369999999999999,-89.563669,29.633544,07374526,USGS,IAN,2022,8160.0
2022-09-30 17:00:00,-0.621,-0.967,-0.346,-89.563669,29.633544,07374526,USGS,IAN,2022,8220.0
2022-09-30 18:00:00,-0.68,-1.01,-0.3299999999999999,-89.563669,29.633544,07374526,USGS,IAN,2022,8280.0
2022-09-30 19:00:00,-0.721,-0.994,-0.273,-89.563669,29.633544,07374526,USGS,IAN,2022,8340.0
2022-09-30 20:00:00,-0.631,-0.902,-0.271,-89.563669,29.633544,07374526,USGS,IAN,2022,8400.0
2022-09-30 21:00:00,-0.511,-0.738,-0.2269999999999999,-89.563669,29.633544,07374526,USGS,IAN,2022,8460.0
2022-09-30 22:00:00,-0.331,-0.587,-0.2559999999999999,-89.563669,29.633544,07374526,USGS,IAN,2022,8520.0
2022-09-30 23:00:00,-0.171,-0.423,-0.252,-89.563669,29.633544,07374526,USGS,IAN,2022,8580.0
2022-10-01 00:00:00,-0.04,-0.243,-0.2029999999999999,-89.563669,29.633544,07374526,USGS,IAN,2022,8640.0
2022-10-01 01:00:00,0.099,-0.052,-0.151,-89.563669,29.633544,07374526,USGS,IAN,2022,8700.0
2022-10-01 02:00:00,0.24,0.144,-0.096,-89.563669,29.633544,07374526,USGS,IAN,2022,8760.0
2022-10-01 03:00:00,0.389,0.333,-0.0559999999999999,-89.563669,29.633544,07374526,USGS,IAN,2022,8820.0
2022-10-01 04:00:00,0.549,0.518,-0.031,-89.563669,29.633544,07374526,USGS,IAN,2022,8880.0
2022-10-01 05:00:00,0.679,0.69,0.0109999999999998,-89.563669,29.633544,07374526,USGS,IAN,2022,8940.0
2022-10-01 06:00:00,0.789,0.846,0.0569999999999999,-89.563669,29.633544,07374526,USGS,IAN,2022,9000.0
2022-10-01 07:00:00,0.909,0.949,0.0399999999999999,-89.563669,29.633544,07374526,USGS,IAN,2022,9060.0
2022-10-01 08:00:00,0.959,0.963,0.004,-89.563669,29.633544,07374526,USGS,IAN,2022,9120.0
2022-10-01 09:00:00,0.929,0.891,-0.038,-89.563669,29.633544,07374526,USGS,IAN,2022,9180.0
2022-10-01 10:00:00,0.8,0.758,-0.042,-89.563669,29.633544,07374526,USGS,IAN,2022,9240.0
2022-10-01 11:00:00,0.629,0.587,-0.042,-89.563669,29.633544,07374526,USGS,IAN,2022,9300.0
2022-10-01 12:00:00,0.45,0.38,-0.07,-89.563669,29.633544,07374526,USGS,IAN,2022,9360.0
2022-10-01 13:00:00,0.169,0.176,0.0069999999999999,-89.563669,29.633544,07374526,USGS,IAN,2022,9420.0
2022-10-01 14:00:00,-0.091,-0.034,0.0569999999999999,-89.563669,29.633544,07374526,USGS,IAN,2022,9480.0
2022-10-01 15:00:00,-0.481,-0.215,0.266,-89.563669,29.633544,07374526,USGS,IAN,2022,9540.0
2022-10-01 16:00:00,-0.601,-0.379,0.2219999999999999,-89.563669,29.633544,07374526,USGS,IAN,2022,9600.0
2022-10-01 17:00:00,-0.78,-0.549,0.2309999999999999,-89.563669,29.633544,07374526,USGS,IAN,2022,9660.0
2022-10-01 18:00:00,-0.921,-0.676,0.245,-89.563669,29.633544,07374526,USGS,IAN,2022,9720.0
2022-10-01 19:00:00,-0.971,-0.774,0.1969999999999999,-89.563669,29.633544,07374526,USGS,IAN,2022,9780.0
2022-10-01 20:00:00,-1.02,-0.831,0.189,-89.563669,29.633544,07374526,USGS,IAN,2022,9840.0
2022-10-01 21:00:00,-0.981,-0.828,0.153,-89.563669,29.633544,07374526,USGS,IAN,2022,9900.0
2022-10-01 22:00:00,-0.891,-0.737,0.154,-89.563669,29.633544,07374526,USGS,IAN,2022,9960.0
2022-10-01 23:00:00,-0.701,-0.555,0.1459999999999999,-89.563669,29.633544,07374526,USGS,IAN,2022,10020.0
2022-09-25 01:00:00,-0.252,-0.227,0.0249999999999999,-89.606032,29.585963,07374527,USGS,IAN,2022,60.0
2022-09-25 02:00:00,-0.162,-0.272,-0.11,-89.606032,29.585963,07374527,USGS,IAN,2022,120.0
2022-09-25 03:00:00,-0.012,-0.244,-0.2319999999999999,-89.606032,29.585963,07374527,USGS,IAN,2022,180.0
2022-09-25 04:00:00,0.158,-0.177,-0.3349999999999999,-89.606032,29.585963,07374527,USGS,IAN,2022,240.0
2022-09-25 05:00:00,0.208,-0.091,-0.299,-89.606032,29.585963,07374527,USGS,IAN,2022,300.0
2022-09-25 06:00:00,0.438,-0.023,-0.461,-89.606032,29.585963,07374527,USGS,IAN,2022,360.0
2022-09-25 07:00:00,0.568,0.01,-0.5579999999999999,-89.606032,29.585963,07374527,USGS,IAN,2022,420.0
2022-09-25 08:00:00,0.528,-0.007,-0.535,-89.606032,29.585963,07374527,USGS,IAN,2022,480.0
2022-09-25 09:00:00,0.568,-0.051,-0.619,-89.606032,29.585963,07374527,USGS,IAN,2022,540.0
2022-09-25 10:00:00,0.518,-0.102,-0.62,-89.606032,29.585963,07374527,USGS,IAN,2022,600.0
2022-09-25 11:00:00,0.358,-0.145,-0.503,-89.606032,29.585963,07374527,USGS,IAN,2022,660.0
2022-09-25 12:00:00,0.268,-0.157,-0.425,-89.606032,29.585963,07374527,USGS,IAN,2022,720.0
2022-09-25 13:00:00,0.248,-0.108,-0.356,-89.606032,29.585963,07374527,USGS,IAN,2022,780.0
2022-09-25 14:00:00,0.248,-0.027,-0.275,-89.606032,29.585963,07374527,USGS,IAN,2022,840.0
2022-09-25 15:00:00,0.298,0.082,-0.2159999999999999,-89.606032,29.585963,07374527,USGS,IAN,2022,900.0
2022-09-25 16:00:00,0.348,0.2,-0.1479999999999999,-89.606032,29.585963,07374527,USGS,IAN,2022,960.0
2022-09-25 17:00:00,0.378,0.307,-0.071,-89.606032,29.585963,07374527,USGS,IAN,2022,1020.0
2022-09-25 18:00:00,0.408,0.371,-0.0369999999999999,-89.606032,29.585963,07374527,USGS,IAN,2022,1080.0
2022-09-25 19:00:00,0.398,0.369,-0.029,-89.606032,29.585963,07374527,USGS,IAN,2022,1140.0
2022-09-25 20:00:00,0.368,0.304,-0.064,-89.606032,29.585963,07374527,USGS,IAN,2022,1200.0
2022-09-25 21:00:00,0.228,0.22,-0.008,-89.606032,29.585963,07374527,USGS,IAN,2022,1260.0
2022-09-25 22:00:00,0.068,0.126,0.0579999999999999,-89.606032,29.585963,07374527,USGS,IAN,2022,1320.0
2022-09-25 23:00:00,-0.122,0.032,0.154,-89.606032,29.585963,07374527,USGS,IAN,2022,1380.0
2022-09-26 00:00:00,-0.212,-0.054,0.158,-89.606032,29.585963,07374527,USGS,IAN,2022,1440.0
2022-09-26 01:00:00,-0.192,-0.119,0.073,-89.606032,29.585963,07374527,USGS,IAN,2022,1500.0
2022-09-26 02:00:00,-0.192,-0.144,0.048,-89.606032,29.585963,07374527,USGS,IAN,2022,1560.0
2022-09-26 03:00:00,-0.042,-0.098,-0.056,-89.606032,29.585963,07374527,USGS,IAN,2022,1620.0
2022-09-26 04:00:00,0.078,-0.03,-0.108,-89.606032,29.585963,07374527,USGS,IAN,2022,1680.0
2022-09-26 05:00:00,0.238,0.048,-0.19,-89.606032,29.585963,07374527,USGS,IAN,2022,1740.0
2022-09-26 06:00:00,0.348,0.104,-0.244,-89.606032,29.585963,07374527,USGS,IAN,2022,1800.0
2022-09-26 07:00:00,0.368,0.115,-0.253,-89.606032,29.585963,07374527,USGS,IAN,2022,1860.0
2022-09-26 08:00:00,0.418,0.061,-0.357,-89.606032,29.585963,07374527,USGS,IAN,2022,1920.0
2022-09-26 09:00:00,0.418,-0.012,-0.43,-89.606032,29.585963,07374527,USGS,IAN,2022,1980.0
2022-09-26 10:00:00,0.328,-0.092,-0.42,-89.606032,29.585963,07374527,USGS,IAN,2022,2040.0
2022-09-26 11:00:00,0.218,-0.172,-0.39,-89.606032,29.585963,07374527,USGS,IAN,2022,2100.0
2022-09-26 12:00:00,0.158,-0.241,-0.399,-89.606032,29.585963,07374527,USGS,IAN,2022,2160.0
2022-09-26 13:00:00,0.018,-0.279,-0.297,-89.606032,29.585963,07374527,USGS,IAN,2022,2220.0
2022-09-26 14:00:00,0.038,-0.235,-0.2729999999999999,-89.606032,29.585963,07374527,USGS,IAN,2022,2280.0
2022-09-26 15:00:00,0.038,-0.162,-0.2,-89.606032,29.585963,07374527,USGS,IAN,2022,2340.0
2022-09-26 16:00:00,0.078,-0.05,-0.128,-89.606032,29.585963,07374527,USGS,IAN,2022,2400.0
2022-09-26 17:00:00,0.208,0.076,-0.132,-89.606032,29.585963,07374527,USGS,IAN,2022,2460.0
2022-09-26 18:00:00,0.248,0.182,-0.066,-89.606032,29.585963,07374527,USGS,IAN,2022,2520.0
2022-09-26 19:00:00,0.268,0.252,-0.016,-89.606032,29.585963,07374527,USGS,IAN,2022,2580.0
2022-09-26 20:00:00,0.458,0.261,-0.197,-89.606032,29.585963,07374527,USGS,IAN,2022,2640.0
2022-09-26 21:00:00,0.468,0.21,-0.258,-89.606032,29.585963,07374527,USGS,IAN,2022,2700.0
2022-09-26 22:00:00,0.458,0.146,-0.312,-89.606032,29.585963,07374527,USGS,IAN,2022,2760.0
2022-09-26 23:00:00,0.398,0.075,-0.323,-89.606032,29.585963,07374527,USGS,IAN,2022,2820.0
2022-09-27 00:00:00,0.288,0.008,-0.2799999999999999,-89.606032,29.585963,07374527,USGS,IAN,2022,2880.0
2022-09-27 01:00:00,0.528,-0.031,-0.559,-89.606032,29.585963,07374527,USGS,IAN,2022,2940.0
2022-09-27 02:00:00,0.778,-0.001,-0.779,-89.606032,29.585963,07374527,USGS,IAN,2022,3000.0
2022-09-27 03:00:00,0.508,0.066,-0.442,-89.606032,29.585963,07374527,USGS,IAN,2022,3060.0
2022-09-27 04:00:00,0.328,0.155,-0.173,-89.606032,29.585963,07374527,USGS,IAN,2022,3120.0
2022-09-27 05:00:00,0.538,0.241,-0.297,-89.606032,29.585963,07374527,USGS,IAN,2022,3180.0
2022-09-27 06:00:00,0.878,0.292,-0.5860000000000001,-89.606032,29.585963,07374527,USGS,IAN,2022,3240.0
2022-09-27 07:00:00,1.358,0.284,-1.074,-89.606032,29.585963,07374527,USGS,IAN,2022,3300.0
2022-09-27 08:00:00,1.328,0.212,-1.116,-89.606032,29.585963,07374527,USGS,IAN,2022,3360.0
2022-09-27 09:00:00,1.518,0.118,-1.4,-89.606032,29.585963,07374527,USGS,IAN,2022,3420.0
2022-09-27 10:00:00,1.258,0.017,-1.241,-89.606032,29.585963,07374527,USGS,IAN,2022,3480.0
2022-09-27 11:00:00,1.018,-0.091,-1.109,-89.606032,29.585963,07374527,USGS,IAN,2022,3540.0
2022-09-27 12:00:00,1.178,-0.196,-1.374,-89.606032,29.585963,07374527,USGS,IAN,2022,3600.0
2022-09-27 13:00:00,1.218,-0.29,-1.508,-89.606032,29.585963,07374527,USGS,IAN,2022,3660.0
2022-09-27 14:00:00,0.968,-0.362,-1.33,-89.606032,29.585963,07374527,USGS,IAN,2022,3720.0
2022-09-27 15:00:00,1.148,-0.391,-1.539,-89.606032,29.585963,07374527,USGS,IAN,2022,3780.0
2022-09-27 16:00:00,1.218,-0.328,-1.546,-89.606032,29.585963,07374527,USGS,IAN,2022,3840.0
2022-09-27 17:00:00,1.058,-0.247,-1.3050000000000002,-89.606032,29.585963,07374527,USGS,IAN,2022,3900.0
2022-09-27 18:00:00,1.088,-0.136,-1.2240000000000002,-89.606032,29.585963,07374527,USGS,IAN,2022,3960.0
2022-09-27 19:00:00,1.098,-0.029,-1.127,-89.606032,29.585963,07374527,USGS,IAN,2022,4020.0
2022-09-27 20:00:00,1.158,0.063,-1.095,-89.606032,29.585963,07374527,USGS,IAN,2022,4080.0
2022-09-27 21:00:00,1.138,0.12,-1.0179999999999998,-89.606032,29.585963,07374527,USGS,IAN,2022,4140.0
2022-09-27 22:00:00,1.228,0.156,-1.072,-89.606032,29.585963,07374527,USGS,IAN,2022,4200.0
2022-09-27 23:00:00,1.038,0.176,-0.8620000000000001,-89.606032,29.585963,07374527,USGS,IAN,2022,4260.0
2022-09-28 00:00:00,1.058,0.185,-0.873,-89.606032,29.585963,07374527,USGS,IAN,2022,4320.0
2022-09-28 01:00:00,1.048,0.203,-0.845,-89.606032,29.585963,07374527,USGS,IAN,2022,4380.0
2022-09-28 02:00:00,1.168,0.25,-0.918,-89.606032,29.585963,07374527,USGS,IAN,2022,4440.0
2022-09-28 03:00:00,1.378,0.317,-1.061,-89.606032,29.585963,07374527,USGS,IAN,2022,4500.0
2022-09-28 04:00:00,1.388,0.4,-0.988,-89.606032,29.585963,07374527,USGS,IAN,2022,4560.0
2022-09-28 05:00:00,1.748,0.481,-1.267,-89.606032,29.585963,07374527,USGS,IAN,2022,4620.0
2022-09-28 06:00:00,1.948,0.531,-1.4169999999999998,-89.606032,29.585963,07374527,USGS,IAN,2022,4680.0
2022-09-28 07:00:00,2.298,0.512,-1.786,-89.606032,29.585963,07374527,USGS,IAN,2022,4740.0
2022-09-28 08:00:00,2.438,0.435,-2.003,-89.606032,29.585963,07374527,USGS,IAN,2022,4800.0
2022-09-28 09:00:00,2.398,0.326,-2.072,-89.606032,29.585963,07374527,USGS,IAN,2022,4860.0
2022-09-28 10:00:00,2.088,0.202,-1.886,-89.606032,29.585963,07374527,USGS,IAN,2022,4920.0
2022-09-28 11:00:00,2.508,0.077,-2.431,-89.606032,29.585963,07374527,USGS,IAN,2022,4980.0
2022-09-28 12:00:00,1.978,-0.042,-2.02,-89.606032,29.585963,07374527,USGS,IAN,2022,5040.0
2022-09-28 13:00:00,2.408,-0.161,-2.569,-89.606032,29.585963,07374527,USGS,IAN,2022,5100.0
2022-09-28 14:00:00,2.118,-0.273,-2.391,-89.606032,29.585963,07374527,USGS,IAN,2022,5160.0
2022-09-28 15:00:00,2.228,-0.371,-2.599,-89.606032,29.585963,07374527,USGS,IAN,2022,5220.0
2022-09-28 16:00:00,2.258,-0.443,-2.701,-89.606032,29.585963,07374527,USGS,IAN,2022,5280.0
2022-09-28 17:00:00,2.298,-0.468,-2.766,-89.606032,29.585963,07374527,USGS,IAN,2022,5340.0
2022-09-28 18:00:00,1.538,-0.406,-1.944,-89.606032,29.585963,07374527,USGS,IAN,2022,5400.0
2022-09-28 19:00:00,1.958,-0.339,-2.297,-89.606032,29.585963,07374527,USGS,IAN,2022,5460.0
2022-09-28 20:00:00,1.598,-0.244,-1.842,-89.606032,29.585963,07374527,USGS,IAN,2022,5520.0
2022-09-28 21:00:00,1.528,-0.161,-1.689,-89.606032,29.585963,07374527,USGS,IAN,2022,5580.0
2022-09-28 22:00:00,1.508,-0.094,-1.602,-89.606032,29.585963,07374527,USGS,IAN,2022,5640.0
2022-09-28 23:00:00,1.328,-0.027,-1.355,-89.606032,29.585963,07374527,USGS,IAN,2022,5700.0
2022-09-29 00:00:00,1.308,0.043,-1.265,-89.606032,29.585963,07374527,USGS,IAN,2022,5760.0
2022-09-29 01:00:00,1.178,0.115,-1.063,-89.606032,29.585963,07374527,USGS,IAN,2022,5820.0
2022-09-29 02:00:00,1.248,0.203,-1.045,-89.606032,29.585963,07374527,USGS,IAN,2022,5880.0
2022-09-29 03:00:00,1.428,0.3,-1.128,-89.606032,29.585963,07374527,USGS,IAN,2022,5940.0
2022-09-29 04:00:00,1.298,0.398,-0.9,-89.606032,29.585963,07374527,USGS,IAN,2022,6000.0
2022-09-29 05:00:00,1.448,0.494,-0.954,-89.606032,29.585963,07374527,USGS,IAN,2022,6060.0
2022-09-29 06:00:00,1.388,0.569,-0.819,-89.606032,29.585963,07374527,USGS,IAN,2022,6120.0
2022-09-29 07:00:00,1.768,0.587,-1.181,-89.606032,29.585963,07374527,USGS,IAN,2022,6180.0
2022-09-29 08:00:00,1.568,0.518,-1.05,-89.606032,29.585963,07374527,USGS,IAN,2022,6240.0
2022-09-29 09:00:00,1.758,0.414,-1.344,-89.606032,29.585963,07374527,USGS,IAN,2022,6300.0
2022-09-29 10:00:00,1.588,0.283,-1.3050000000000002,-89.606032,29.585963,07374527,USGS,IAN,2022,6360.0
2022-09-29 11:00:00,1.508,0.144,-1.364,-89.606032,29.585963,07374527,USGS,IAN,2022,6420.0
2022-09-29 12:00:00,1.148,0.011,-1.137,-89.606032,29.585963,07374527,USGS,IAN,2022,6480.0
2022-09-29 13:00:00,0.748,-0.119,-0.867,-89.606032,29.585963,07374527,USGS,IAN,2022,6540.0
2022-09-29 14:00:00,0.498,-0.25,-0.748,-89.606032,29.585963,07374527,USGS,IAN,2022,6600.0
2022-09-29 15:00:00,0.188,-0.372,-0.56,-89.606032,29.585963,07374527,USGS,IAN,2022,6660.0
2022-09-29 16:00:00,0.018,-0.479,-0.497,-89.606032,29.585963,07374527,USGS,IAN,2022,6720.0
2022-09-29 17:00:00,-0.232,-0.57,-0.3379999999999999,-89.606032,29.585963,07374527,USGS,IAN,2022,6780.0
2022-09-29 18:00:00,-0.562,-0.646,-0.0839999999999999,-89.606032,29.585963,07374527,USGS,IAN,2022,6840.0
2022-09-29 19:00:00,-0.782,-0.705,0.077,-89.606032,29.585963,07374527,USGS,IAN,2022,6900.0
2022-09-29 20:00:00,-0.982,-0.738,0.244,-89.606032,29.585963,07374527,USGS,IAN,2022,6960.0
2022-09-29 21:00:00,-0.992,-0.73,0.262,-89.606032,29.585963,07374527,USGS,IAN,2022,7020.0
2022-09-29 22:00:00,-0.932,-0.677,0.255,-89.606032,29.585963,07374527,USGS,IAN,2022,7080.0
2022-09-29 23:00:00,-0.772,-0.625,0.147,-89.606032,29.585963,07374527,USGS,IAN,2022,7140.0
2022-09-30 00:00:00,-0.582,-0.545,0.0369999999999999,-89.606032,29.585963,07374527,USGS,IAN,2022,7200.0
2022-09-30 01:00:00,-0.362,-0.453,-0.091,-89.606032,29.585963,07374527,USGS,IAN,2022,7260.0
2022-09-30 02:00:00,-0.092,-0.35,-0.258,-89.606032,29.585963,07374527,USGS,IAN,2022,7320.0
2022-09-30 03:00:00,0.208,-0.233,-0.441,-89.606032,29.585963,07374527,USGS,IAN,2022,7380.0
2022-09-30 04:00:00,0.488,-0.097,-0.585,-89.606032,29.585963,07374527,USGS,IAN,2022,7440.0
2022-09-30 05:00:00,0.578,0.051,-0.5269999999999999,-89.606032,29.585963,07374527,USGS,IAN,2022,7500.0
2022-09-30 06:00:00,0.658,0.193,-0.465,-89.606032,29.585963,07374527,USGS,IAN,2022,7560.0
2022-09-30 07:00:00,0.658,0.309,-0.349,-89.606032,29.585963,07374527,USGS,IAN,2022,7620.0
2022-09-30 08:00:00,0.678,0.363,-0.315,-89.606032,29.585963,07374527,USGS,IAN,2022,7680.0
2022-09-30 09:00:00,0.528,0.323,-0.205,-89.606032,29.585963,07374527,USGS,IAN,2022,7740.0
2022-09-30 10:00:00,0.438,0.229,-0.209,-89.606032,29.585963,07374527,USGS,IAN,2022,7800.0
2022-09-30 11:00:00,0.288,0.108,-0.18,-89.606032,29.585963,07374527,USGS,IAN,2022,7860.0
2022-09-30 12:00:00,0.058,-0.015,-0.073,-89.606032,29.585963,07374527,USGS,IAN,2022,7920.0
2022-09-30 13:00:00,-0.122,-0.143,-0.0209999999999999,-89.606032,29.585963,07374527,USGS,IAN,2022,7980.0
2022-09-30 14:00:00,-0.372,-0.267,0.1049999999999999,-89.606032,29.585963,07374527,USGS,IAN,2022,8040.0
2022-09-30 15:00:00,-0.652,-0.386,0.266,-89.606032,29.585963,07374527,USGS,IAN,2022,8100.0
2022-09-30 16:00:00,-0.812,-0.492,0.32,-89.606032,29.585963,07374527,USGS,IAN,2022,8160.0
2022-09-30 17:00:00,-1.032,-0.586,0.446,-89.606032,29.585963,07374527,USGS,IAN,2022,8220.0
2022-09-30 18:00:00,-1.102,-0.669,0.433,-89.606032,29.585963,07374527,USGS,IAN,2022,8280.0
2022-09-30 19:00:00,-1.132,-0.735,0.3969999999999999,-89.606032,29.585963,07374527,USGS,IAN,2022,8340.0
2022-09-30 20:00:00,-1.122,-0.779,0.3430000000000001,-89.606032,29.585963,07374527,USGS,IAN,2022,8400.0
2022-09-30 21:00:00,-1.062,-0.765,0.297,-89.606032,29.585963,07374527,USGS,IAN,2022,8460.0
2022-09-30 22:00:00,-0.932,-0.691,0.2410000000000001,-89.606032,29.585963,07374527,USGS,IAN,2022,8520.0
2022-09-30 23:00:00,-0.802,-0.61,0.192,-89.606032,29.585963,07374527,USGS,IAN,2022,8580.0
2022-10-01 00:00:00,-0.622,-0.492,0.13,-89.606032,29.585963,07374527,USGS,IAN,2022,8640.0
2022-10-01 01:00:00,-0.442,-0.348,0.094,-89.606032,29.585963,07374527,USGS,IAN,2022,8700.0
2022-10-01 02:00:00,-0.302,-0.183,0.119,-89.606032,29.585963,07374527,USGS,IAN,2022,8760.0
2022-10-01 03:00:00,-0.082,0.004,0.086,-89.606032,29.585963,07374527,USGS,IAN,2022,8820.0
2022-10-01 04:00:00,0.068,0.202,0.134,-89.606032,29.585963,07374527,USGS,IAN,2022,8880.0
2022-10-01 05:00:00,0.168,0.398,0.23,-89.606032,29.585963,07374527,USGS,IAN,2022,8940.0
2022-10-01 06:00:00,0.318,0.592,0.2739999999999999,-89.606032,29.585963,07374527,USGS,IAN,2022,9000.0
2022-10-01 07:00:00,0.468,0.755,0.287,-89.606032,29.585963,07374527,USGS,IAN,2022,9060.0
2022-10-01 08:00:00,0.518,0.866,0.348,-89.606032,29.585963,07374527,USGS,IAN,2022,9120.0
2022-10-01 09:00:00,0.508,0.88,0.372,-89.606032,29.585963,07374527,USGS,IAN,2022,9180.0
2022-10-01 10:00:00,0.408,0.807,0.3990000000000001,-89.606032,29.585963,07374527,USGS,IAN,2022,9240.0
2022-10-01 11:00:00,0.328,0.693,0.3649999999999999,-89.606032,29.585963,07374527,USGS,IAN,2022,9300.0
2022-10-01 12:00:00,0.168,0.551,0.383,-89.606032,29.585963,07374527,USGS,IAN,2022,9360.0
2022-10-01 13:00:00,-0.072,0.403,0.475,-89.606032,29.585963,07374527,USGS,IAN,2022,9420.0
2022-10-01 14:00:00,-0.312,0.254,0.5660000000000001,-89.606032,29.585963,07374527,USGS,IAN,2022,9480.0
2022-10-01 15:00:00,-0.562,0.11,0.672,-89.606032,29.585963,07374527,USGS,IAN,2022,9540.0
2022-10-01 16:00:00,-0.812,-0.021,0.791,-89.606032,29.585963,07374527,USGS,IAN,2022,9600.0
2022-10-01 17:00:00,-1.112,-0.147,0.965,-89.606032,29.585963,07374527,USGS,IAN,2022,9660.0
2022-10-01 18:00:00,-1.332,-0.273,1.0590000000000002,-89.606032,29.585963,07374527,USGS,IAN,2022,9720.0
2022-10-01 19:00:00,-1.512,-0.387,1.125,-89.606032,29.585963,07374527,USGS,IAN,2022,9780.0
2022-10-01 20:00:00,-1.582,-0.484,1.098,-89.606032,29.585963,07374527,USGS,IAN,2022,9840.0
2022-10-01 21:00:00,-1.602,-0.562,1.04,-89.606032,29.585963,07374527,USGS,IAN,2022,9900.0
2022-10-01 22:00:00,-1.502,-0.612,0.89,-89.606032,29.585963,07374527,USGS,IAN,2022,9960.0
2022-10-01 23:00:00,-1.312,-0.594,0.7180000000000001,-89.606032,29.585963,07374527,USGS,IAN,2022,10020.0
2022-09-25 01:00:00,-0.316,-0.391,-0.075,-89.512222,29.569306,073745275,USGS,IAN,2022,60.0
2022-09-25 02:00:00,-0.256,-0.282,-0.0259999999999999,-89.512222,29.569306,073745275,USGS,IAN,2022,120.0
2022-09-25 03:00:00,-0.136,-0.151,-0.0149999999999999,-89.512222,29.569306,073745275,USGS,IAN,2022,180.0
2022-09-25 04:00:00,0.004,-0.032,-0.036,-89.512222,29.569306,073745275,USGS,IAN,2022,240.0
2022-09-25 05:00:00,0.164,0.039,-0.125,-89.512222,29.569306,073745275,USGS,IAN,2022,300.0
2022-09-25 06:00:00,0.284,0.037,-0.2469999999999999,-89.512222,29.569306,073745275,USGS,IAN,2022,360.0
2022-09-25 07:00:00,0.324,-0.009,-0.333,-89.512222,29.569306,073745275,USGS,IAN,2022,420.0
2022-09-25 08:00:00,0.344,-0.07,-0.414,-89.512222,29.569306,073745275,USGS,IAN,2022,480.0
2022-09-25 09:00:00,0.304,-0.126,-0.43,-89.512222,29.569306,073745275,USGS,IAN,2022,540.0
2022-09-25 10:00:00,0.224,-0.171,-0.395,-89.512222,29.569306,073745275,USGS,IAN,2022,600.0
2022-09-25 11:00:00,0.154,-0.165,-0.319,-89.512222,29.569306,073745275,USGS,IAN,2022,660.0
2022-09-25 12:00:00,0.064,-0.097,-0.161,-89.512222,29.569306,073745275,USGS,IAN,2022,720.0
2022-09-25 13:00:00,0.034,0.019,-0.015,-89.512222,29.569306,073745275,USGS,IAN,2022,780.0
2022-09-25 14:00:00,0.044,0.171,0.127,-89.512222,29.569306,073745275,USGS,IAN,2022,840.0
2022-09-25 15:00:00,0.094,0.314,0.22,-89.512222,29.569306,073745275,USGS,IAN,2022,900.0
2022-09-25 16:00:00,0.184,0.423,0.239,-89.512222,29.569306,073745275,USGS,IAN,2022,960.0
2022-09-25 17:00:00,0.274,0.449,0.175,-89.512222,29.569306,073745275,USGS,IAN,2022,1020.0
2022-09-25 18:00:00,0.284,0.406,0.122,-89.512222,29.569306,073745275,USGS,IAN,2022,1080.0
2022-09-25 19:00:00,0.254,0.301,0.0469999999999999,-89.512222,29.569306,073745275,USGS,IAN,2022,1140.0
2022-09-25 20:00:00,0.224,0.172,-0.052,-89.512222,29.569306,073745275,USGS,IAN,2022,1200.0
2022-09-25 21:00:00,0.154,0.019,-0.135,-89.512222,29.569306,073745275,USGS,IAN,2022,1260.0
2022-09-25 22:00:00,-0.006,-0.13,-0.124,-89.512222,29.569306,073745275,USGS,IAN,2022,1320.0
2022-09-25 23:00:00,-0.136,-0.221,-0.0849999999999999,-89.512222,29.569306,073745275,USGS,IAN,2022,1380.0
2022-09-26 00:00:00,-0.216,-0.239,-0.0229999999999999,-89.512222,29.569306,073745275,USGS,IAN,2022,1440.0
2022-09-26 01:00:00,-0.246,-0.191,0.0549999999999999,-89.512222,29.569306,073745275,USGS,IAN,2022,1500.0
2022-09-26 02:00:00,-0.216,-0.103,0.113,-89.512222,29.569306,073745275,USGS,IAN,2022,1560.0
2022-09-26 03:00:00,-0.146,-0.001,0.145,-89.512222,29.569306,073745275,USGS,IAN,2022,1620.0
2022-09-26 04:00:00,-0.016,0.095,0.111,-89.512222,29.569306,073745275,USGS,IAN,2022,1680.0
2022-09-26 05:00:00,0.084,0.142,0.0579999999999999,-89.512222,29.569306,073745275,USGS,IAN,2022,1740.0
2022-09-26 06:00:00,0.184,0.126,-0.0579999999999999,-89.512222,29.569306,073745275,USGS,IAN,2022,1800.0
2022-09-26 07:00:00,0.234,0.044,-0.19,-89.512222,29.569306,073745275,USGS,IAN,2022,1860.0
2022-09-26 08:00:00,0.234,-0.064,-0.298,-89.512222,29.569306,073745275,USGS,IAN,2022,1920.0
2022-09-26 09:00:00,0.194,-0.177,-0.371,-89.512222,29.569306,073745275,USGS,IAN,2022,1980.0
2022-09-26 10:00:00,0.124,-0.287,-0.411,-89.512222,29.569306,073745275,USGS,IAN,2022,2040.0
2022-09-26 11:00:00,-0.006,-0.351,-0.345,-89.512222,29.569306,073745275,USGS,IAN,2022,2100.0
2022-09-26 12:00:00,-0.076,-0.342,-0.266,-89.512222,29.569306,073745275,USGS,IAN,2022,2160.0
2022-09-26 13:00:00,-0.136,-0.252,-0.1159999999999999,-89.512222,29.569306,073745275,USGS,IAN,2022,2220.0
2022-09-26 14:00:00,-0.136,-0.113,0.023,-89.512222,29.569306,073745275,USGS,IAN,2022,2280.0
2022-09-26 15:00:00,-0.096,0.059,0.155,-89.512222,29.569306,073745275,USGS,IAN,2022,2340.0
2022-09-26 16:00:00,-0.006,0.217,0.223,-89.512222,29.569306,073745275,USGS,IAN,2022,2400.0
2022-09-26 17:00:00,0.114,0.311,0.197,-89.512222,29.569306,073745275,USGS,IAN,2022,2460.0
2022-09-26 18:00:00,0.224,0.335,0.111,-89.512222,29.569306,073745275,USGS,IAN,2022,2520.0
2022-09-26 19:00:00,0.354,0.293,-0.061,-89.512222,29.569306,073745275,USGS,IAN,2022,2580.0
2022-09-26 20:00:00,0.444,0.211,-0.233,-89.512222,29.569306,073745275,USGS,IAN,2022,2640.0
2022-09-26 21:00:00,0.464,0.125,-0.339,-89.512222,29.569306,073745275,USGS,IAN,2022,2700.0
2022-09-26 22:00:00,0.414,0.021,-0.3929999999999999,-89.512222,29.569306,073745275,USGS,IAN,2022,2760.0
2022-09-26 23:00:00,0.314,-0.063,-0.377,-89.512222,29.569306,073745275,USGS,IAN,2022,2820.0
2022-09-27 00:00:00,0.164,-0.071,-0.235,-89.512222,29.569306,073745275,USGS,IAN,2022,2880.0
2022-09-27 01:00:00,-0.056,-0.01,0.046,-89.512222,29.569306,073745275,USGS,IAN,2022,2940.0
2022-09-27 02:00:00,0.394,0.092,-0.302,-89.512222,29.569306,073745275,USGS,IAN,2022,3000.0
2022-09-27 03:00:00,0.064,0.203,0.139,-89.512222,29.569306,073745275,USGS,IAN,2022,3060.0
2022-09-27 04:00:00,0.084,0.303,0.2189999999999999,-89.512222,29.569306,073745275,USGS,IAN,2022,3120.0
2022-09-27 05:00:00,0.314,0.339,0.025,-89.512222,29.569306,073745275,USGS,IAN,2022,3180.0
2022-09-27 06:00:00,0.464,0.302,-0.162,-89.512222,29.569306,073745275,USGS,IAN,2022,3240.0
2022-09-27 07:00:00,0.874,0.194,-0.6799999999999999,-89.512222,29.569306,073745275,USGS,IAN,2022,3300.0
2022-09-27 08:00:00,1.154,0.032,-1.122,-89.512222,29.569306,073745275,USGS,IAN,2022,3360.0
2022-09-27 09:00:00,0.644,-0.157,-0.801,-89.512222,29.569306,073745275,USGS,IAN,2022,3420.0
2022-09-27 10:00:00,0.794,-0.342,-1.136,-89.512222,29.569306,073745275,USGS,IAN,2022,3480.0
2022-09-27 11:00:00,0.624,-0.486,-1.11,-89.512222,29.569306,073745275,USGS,IAN,2022,3540.0
2022-09-27 12:00:00,0.724,-0.567,-1.291,-89.512222,29.569306,073745275,USGS,IAN,2022,3600.0
2022-09-27 13:00:00,0.534,-0.567,-1.101,-89.512222,29.569306,073745275,USGS,IAN,2022,3660.0
2022-09-27 14:00:00,0.594,-0.487,-1.081,-89.512222,29.569306,073745275,USGS,IAN,2022,3720.0
2022-09-27 15:00:00,0.494,-0.353,-0.847,-89.512222,29.569306,073745275,USGS,IAN,2022,3780.0
2022-09-27 16:00:00,0.364,-0.178,-0.542,-89.512222,29.569306,073745275,USGS,IAN,2022,3840.0
2022-09-27 17:00:00,0.624,-0.011,-0.635,-89.512222,29.569306,073745275,USGS,IAN,2022,3900.0
2022-09-27 18:00:00,0.524,0.106,-0.418,-89.512222,29.569306,073745275,USGS,IAN,2022,3960.0
2022-09-27 19:00:00,0.354,0.17,-0.1839999999999999,-89.512222,29.569306,073745275,USGS,IAN,2022,4020.0
2022-09-27 20:00:00,0.814,0.179,-0.635,-89.512222,29.569306,073745275,USGS,IAN,2022,4080.0
2022-09-27 21:00:00,0.634,0.176,-0.458,-89.512222,29.569306,073745275,USGS,IAN,2022,4140.0
2022-09-27 22:00:00,0.774,0.174,-0.6000000000000001,-89.512222,29.569306,073745275,USGS,IAN,2022,4200.0
2022-09-27 23:00:00,0.494,0.176,-0.318,-89.512222,29.569306,073745275,USGS,IAN,2022,4260.0
2022-09-28 00:00:00,0.704,0.193,-0.5109999999999999,-89.512222,29.569306,073745275,USGS,IAN,2022,4320.0
2022-09-28 01:00:00,0.564,0.251,-0.3129999999999999,-89.512222,29.569306,073745275,USGS,IAN,2022,4380.0
2022-09-28 02:00:00,0.744,0.337,-0.407,-89.512222,29.569306,073745275,USGS,IAN,2022,4440.0
2022-09-28 03:00:00,0.864,0.438,-0.426,-89.512222,29.569306,073745275,USGS,IAN,2022,4500.0
2022-09-28 04:00:00,1.024,0.535,-0.489,-89.512222,29.569306,073745275,USGS,IAN,2022,4560.0
2022-09-28 05:00:00,0.594,0.575,-0.019,-89.512222,29.569306,073745275,USGS,IAN,2022,4620.0
2022-09-28 06:00:00,1.334,0.531,-0.803,-89.512222,29.569306,073745275,USGS,IAN,2022,4680.0
2022-09-28 07:00:00,1.584,0.415,-1.169,-89.512222,29.569306,073745275,USGS,IAN,2022,4740.0
2022-09-28 08:00:00,1.344,0.23,-1.114,-89.512222,29.569306,073745275,USGS,IAN,2022,4800.0
2022-09-28 09:00:00,1.224,-0.013,-1.237,-89.512222,29.569306,073745275,USGS,IAN,2022,4860.0
2022-09-28 10:00:00,2.274,-0.255,-2.529,-89.512222,29.569306,073745275,USGS,IAN,2022,4920.0
2022-09-28 11:00:00,1.214,-0.463,-1.677,-89.512222,29.569306,073745275,USGS,IAN,2022,4980.0
2022-09-28 12:00:00,1.604,-0.638,-2.242,-89.512222,29.569306,073745275,USGS,IAN,2022,5040.0
2022-09-28 13:00:00,1.424,-0.749,-2.173,-89.512222,29.569306,073745275,USGS,IAN,2022,5100.0
2022-09-28 14:00:00,1.064,-0.781,-1.845,-89.512222,29.569306,073745275,USGS,IAN,2022,5160.0
2022-09-28 15:00:00,1.624,-0.736,-2.3600000000000003,-89.512222,29.569306,073745275,USGS,IAN,2022,5220.0
2022-09-28 16:00:00,1.384,-0.608,-1.992,-89.512222,29.569306,073745275,USGS,IAN,2022,5280.0
2022-09-28 17:00:00,1.374,-0.449,-1.823,-89.512222,29.569306,073745275,USGS,IAN,2022,5340.0
2022-09-28 18:00:00,0.844,-0.291,-1.135,-89.512222,29.569306,073745275,USGS,IAN,2022,5400.0
2022-09-28 19:00:00,0.994,-0.152,-1.146,-89.512222,29.569306,073745275,USGS,IAN,2022,5460.0
2022-09-28 20:00:00,1.134,-0.063,-1.1969999999999998,-89.512222,29.569306,073745275,USGS,IAN,2022,5520.0
2022-09-28 21:00:00,0.954,-0.023,-0.977,-89.512222,29.569306,073745275,USGS,IAN,2022,5580.0
2022-09-28 22:00:00,0.404,0.023,-0.381,-89.512222,29.569306,073745275,USGS,IAN,2022,5640.0
2022-09-28 23:00:00,0.664,0.084,-0.5800000000000001,-89.512222,29.569306,073745275,USGS,IAN,2022,5700.0
2022-09-29 00:00:00,0.634,0.153,-0.481,-89.512222,29.569306,073745275,USGS,IAN,2022,5760.0
2022-09-29 01:00:00,0.654,0.254,-0.4,-89.512222,29.569306,073745275,USGS,IAN,2022,5820.0
2022-09-29 02:00:00,0.594,0.371,-0.2229999999999999,-89.512222,29.569306,073745275,USGS,IAN,2022,5880.0
2022-09-29 03:00:00,0.594,0.482,-0.1119999999999999,-89.512222,29.569306,073745275,USGS,IAN,2022,5940.0
2022-09-29 04:00:00,0.634,0.586,-0.048,-89.512222,29.569306,073745275,USGS,IAN,2022,6000.0
2022-09-29 05:00:00,0.724,0.645,-0.0789999999999999,-89.512222,29.569306,073745275,USGS,IAN,2022,6060.0
2022-09-29 06:00:00,0.904,0.632,-0.272,-89.512222,29.569306,073745275,USGS,IAN,2022,6120.0
2022-09-29 07:00:00,0.554,0.522,-0.032,-89.512222,29.569306,073745275,USGS,IAN,2022,6180.0
2022-09-29 08:00:00,0.774,0.349,-0.425,-89.512222,29.569306,073745275,USGS,IAN,2022,6240.0
2022-09-29 09:00:00,1.114,0.09,-1.024,-89.512222,29.569306,073745275,USGS,IAN,2022,6300.0
2022-09-29 10:00:00,0.704,-0.206,-0.91,-89.512222,29.569306,073745275,USGS,IAN,2022,6360.0
2022-09-29 11:00:00,0.494,-0.483,-0.977,-89.512222,29.569306,073745275,USGS,IAN,2022,6420.0
2022-09-29 12:00:00,0.154,-0.737,-0.891,-89.512222,29.569306,073745275,USGS,IAN,2022,6480.0
2022-09-29 13:00:00,-0.246,-0.966,-0.72,-89.512222,29.569306,073745275,USGS,IAN,2022,6540.0
2022-09-29 14:00:00,-0.466,-1.138,-0.6719999999999999,-89.512222,29.569306,073745275,USGS,IAN,2022,6600.0
2022-09-29 15:00:00,-0.516,-1.218,-0.702,-89.512222,29.569306,073745275,USGS,IAN,2022,6660.0
2022-09-29 16:00:00,-1.166,-1.217,-0.0510000000000001,-89.512222,29.569306,073745275,USGS,IAN,2022,6720.0
2022-09-29 17:00:00,-0.956,-1.147,-0.191,-89.512222,29.569306,073745275,USGS,IAN,2022,6780.0
2022-09-29 18:00:00,-1.096,-1.038,0.058,-89.512222,29.569306,073745275,USGS,IAN,2022,6840.0
2022-09-29 19:00:00,-1.276,-0.931,0.345,-89.512222,29.569306,073745275,USGS,IAN,2022,6900.0
2022-09-29 20:00:00,-1.346,-0.81,0.536,-89.512222,29.569306,073745275,USGS,IAN,2022,6960.0
2022-09-29 21:00:00,-1.326,-0.687,0.639,-89.512222,29.569306,073745275,USGS,IAN,2022,7020.0
2022-09-29 22:00:00,-1.336,-0.577,0.7590000000000001,-89.512222,29.569306,073745275,USGS,IAN,2022,7080.0
2022-09-29 23:00:00,-1.276,-0.451,0.825,-89.512222,29.569306,073745275,USGS,IAN,2022,7140.0
2022-09-30 00:00:00,-0.936,-0.313,0.623,-89.512222,29.569306,073745275,USGS,IAN,2022,7200.0
2022-09-30 01:00:00,-0.756,-0.183,0.573,-89.512222,29.569306,073745275,USGS,IAN,2022,7260.0
2022-09-30 02:00:00,-0.546,-0.04,0.506,-89.512222,29.569306,073745275,USGS,IAN,2022,7320.0
2022-09-30 03:00:00,-0.266,0.121,0.387,-89.512222,29.569306,073745275,USGS,IAN,2022,7380.0
2022-09-30 04:00:00,-0.096,0.276,0.372,-89.512222,29.569306,073745275,USGS,IAN,2022,7440.0
2022-09-30 05:00:00,0.074,0.407,0.3329999999999999,-89.512222,29.569306,073745275,USGS,IAN,2022,7500.0
2022-09-30 06:00:00,0.074,0.482,0.408,-89.512222,29.569306,073745275,USGS,IAN,2022,7560.0
2022-09-30 07:00:00,0.074,0.465,0.391,-89.512222,29.569306,073745275,USGS,IAN,2022,7620.0
2022-09-30 08:00:00,0.104,0.369,0.265,-89.512222,29.569306,073745275,USGS,IAN,2022,7680.0
2022-09-30 09:00:00,-0.036,0.204,0.24,-89.512222,29.569306,073745275,USGS,IAN,2022,7740.0
2022-09-30 10:00:00,-0.186,-0.037,0.149,-89.512222,29.569306,073745275,USGS,IAN,2022,7800.0
2022-09-30 11:00:00,-0.376,-0.323,0.0529999999999999,-89.512222,29.569306,073745275,USGS,IAN,2022,7860.0
2022-09-30 12:00:00,-0.706,-0.581,0.125,-89.512222,29.569306,073745275,USGS,IAN,2022,7920.0
2022-09-30 13:00:00,-0.916,-0.811,0.1049999999999999,-89.512222,29.569306,073745275,USGS,IAN,2022,7980.0
2022-09-30 14:00:00,-1.066,-1.014,0.052,-89.512222,29.569306,073745275,USGS,IAN,2022,8040.0
2022-09-30 15:00:00,-1.256,-1.163,0.0929999999999999,-89.512222,29.569306,073745275,USGS,IAN,2022,8100.0
2022-09-30 16:00:00,-1.446,-1.248,0.1979999999999999,-89.512222,29.569306,073745275,USGS,IAN,2022,8160.0
2022-09-30 17:00:00,-1.486,-1.246,0.24,-89.512222,29.569306,073745275,USGS,IAN,2022,8220.0
2022-09-30 18:00:00,-1.546,-1.16,0.3860000000000001,-89.512222,29.569306,073745275,USGS,IAN,2022,8280.0
2022-09-30 19:00:00,-1.496,-1.033,0.4630000000000001,-89.512222,29.569306,073745275,USGS,IAN,2022,8340.0
2022-09-30 20:00:00,-1.536,-0.865,0.671,-89.512222,29.569306,073745275,USGS,IAN,2022,8400.0
2022-09-30 21:00:00,-1.336,-0.673,0.663,-89.512222,29.569306,073745275,USGS,IAN,2022,8460.0
2022-09-30 22:00:00,-1.196,-0.483,0.713,-89.512222,29.569306,073745275,USGS,IAN,2022,8520.0
2022-09-30 23:00:00,-1.016,-0.28,0.736,-89.512222,29.569306,073745275,USGS,IAN,2022,8580.0
2022-10-01 00:00:00,-0.906,-0.07,0.8360000000000001,-89.512222,29.569306,073745275,USGS,IAN,2022,8640.0
2022-10-01 01:00:00,-0.736,0.14,0.876,-89.512222,29.569306,073745275,USGS,IAN,2022,8700.0
2022-10-01 02:00:00,-0.606,0.349,0.955,-89.512222,29.569306,073745275,USGS,IAN,2022,8760.0
2022-10-01 03:00:00,-0.446,0.553,0.999,-89.512222,29.569306,073745275,USGS,IAN,2022,8820.0
2022-10-01 04:00:00,-0.286,0.747,1.033,-89.512222,29.569306,073745275,USGS,IAN,2022,8880.0
2022-10-01 05:00:00,-0.186,0.91,1.096,-89.512222,29.569306,073745275,USGS,IAN,2022,8940.0
2022-10-01 06:00:00,-0.046,1.034,1.08,-89.512222,29.569306,073745275,USGS,IAN,2022,9000.0
2022-10-01 07:00:00,0.044,1.072,1.028,-89.512222,29.569306,073745275,USGS,IAN,2022,9060.0
2022-10-01 08:00:00,0.084,1.002,0.918,-89.512222,29.569306,073745275,USGS,IAN,2022,9120.0
2022-10-01 09:00:00,0.024,0.863,0.839,-89.512222,29.569306,073745275,USGS,IAN,2022,9180.0
2022-10-01 10:00:00,-0.086,0.676,0.762,-89.512222,29.569306,073745275,USGS,IAN,2022,9240.0
2022-10-01 11:00:00,-0.266,0.417,0.683,-89.512222,29.569306,073745275,USGS,IAN,2022,9300.0
2022-10-01 12:00:00,-0.416,0.123,0.5389999999999999,-89.512222,29.569306,073745275,USGS,IAN,2022,9360.0
2022-10-01 13:00:00,-0.706,-0.156,0.5499999999999999,-89.512222,29.569306,073745275,USGS,IAN,2022,9420.0
2022-10-01 14:00:00,-0.956,-0.418,0.538,-89.512222,29.569306,073745275,USGS,IAN,2022,9480.0
2022-10-01 15:00:00,-1.206,-0.64,0.566,-89.512222,29.569306,073745275,USGS,IAN,2022,9540.0
2022-10-01 16:00:00,-1.436,-0.859,0.577,-89.512222,29.569306,073745275,USGS,IAN,2022,9600.0
2022-10-01 17:00:00,-1.626,-1.024,0.6019999999999999,-89.512222,29.569306,073745275,USGS,IAN,2022,9660.0
2022-10-01 18:00:00,-1.756,-1.103,0.653,-89.512222,29.569306,073745275,USGS,IAN,2022,9720.0
2022-10-01 19:00:00,-1.716,-1.107,0.609,-89.512222,29.569306,073745275,USGS,IAN,2022,9780.0
2022-10-01 20:00:00,-1.856,-1.033,0.8230000000000002,-89.512222,29.569306,073745275,USGS,IAN,2022,9840.0
2022-10-01 21:00:00,-1.836,-0.888,0.948,-89.512222,29.569306,073745275,USGS,IAN,2022,9900.0
2022-10-01 22:00:00,-1.736,-0.697,1.039,-89.512222,29.569306,073745275,USGS,IAN,2022,9960.0
2022-10-01 23:00:00,-1.626,-0.473,1.153,-89.512222,29.569306,073745275,USGS,IAN,2022,10020.0
2022-09-25 01:00:00,1.213,-0.175,-1.388,-90.0485278,29.2313611,07380249,USGS,IAN,2022,60.0
2022-09-25 02:00:00,1.283,-0.193,-1.476,-90.0485278,29.2313611,07380249,USGS,IAN,2022,120.0
2022-09-25 03:00:00,1.413,-0.171,-1.584,-90.0485278,29.2313611,07380249,USGS,IAN,2022,180.0
2022-09-25 04:00:00,1.353,-0.144,-1.497,-90.0485278,29.2313611,07380249,USGS,IAN,2022,240.0
2022-09-25 05:00:00,1.403,-0.132,-1.535,-90.0485278,29.2313611,07380249,USGS,IAN,2022,300.0
2022-09-25 06:00:00,1.503,-0.126,-1.629,-90.0485278,29.2313611,07380249,USGS,IAN,2022,360.0
2022-09-25 07:00:00,1.503,-0.118,-1.621,-90.0485278,29.2313611,07380249,USGS,IAN,2022,420.0
2022-09-25 08:00:00,1.573,-0.093,-1.666,-90.0485278,29.2313611,07380249,USGS,IAN,2022,480.0
2022-09-25 09:00:00,1.553,-0.078,-1.631,-90.0485278,29.2313611,07380249,USGS,IAN,2022,540.0
2022-09-25 10:00:00,1.583,-0.044,-1.627,-90.0485278,29.2313611,07380249,USGS,IAN,2022,600.0
2022-09-25 11:00:00,1.623,0.004,-1.619,-90.0485278,29.2313611,07380249,USGS,IAN,2022,660.0
2022-09-25 12:00:00,1.633,0.069,-1.564,-90.0485278,29.2313611,07380249,USGS,IAN,2022,720.0
2022-09-25 13:00:00,1.683,0.111,-1.572,-90.0485278,29.2313611,07380249,USGS,IAN,2022,780.0
2022-09-25 14:00:00,1.653,0.149,-1.504,-90.0485278,29.2313611,07380249,USGS,IAN,2022,840.0
2022-09-25 15:00:00,1.743,0.191,-1.552,-90.0485278,29.2313611,07380249,USGS,IAN,2022,900.0
2022-09-25 16:00:00,1.773,0.225,-1.5479999999999998,-90.0485278,29.2313611,07380249,USGS,IAN,2022,960.0
2022-09-25 17:00:00,1.753,0.231,-1.5219999999999998,-90.0485278,29.2313611,07380249,USGS,IAN,2022,1020.0
2022-09-25 18:00:00,1.743,0.203,-1.54,-90.0485278,29.2313611,07380249,USGS,IAN,2022,1080.0
2022-09-25 19:00:00,1.703,0.163,-1.54,-90.0485278,29.2313611,07380249,USGS,IAN,2022,1140.0
2022-09-25 20:00:00,1.663,0.118,-1.545,-90.0485278,29.2313611,07380249,USGS,IAN,2022,1200.0
2022-09-25 21:00:00,1.623,0.075,-1.548,-90.0485278,29.2313611,07380249,USGS,IAN,2022,1260.0
2022-09-25 22:00:00,1.573,0.033,-1.54,-90.0485278,29.2313611,07380249,USGS,IAN,2022,1320.0
2022-09-25 23:00:00,1.573,0.006,-1.567,-90.0485278,29.2313611,07380249,USGS,IAN,2022,1380.0
2022-09-26 00:00:00,1.553,-0.002,-1.555,-90.0485278,29.2313611,07380249,USGS,IAN,2022,1440.0
2022-09-26 01:00:00,1.553,-0.015,-1.5679999999999998,-90.0485278,29.2313611,07380249,USGS,IAN,2022,1500.0
2022-09-26 02:00:00,1.613,-0.032,-1.645,-90.0485278,29.2313611,07380249,USGS,IAN,2022,1560.0
2022-09-26 03:00:00,1.663,-0.037,-1.7,-90.0485278,29.2313611,07380249,USGS,IAN,2022,1620.0
2022-09-26 04:00:00,1.703,-0.033,-1.736,-90.0485278,29.2313611,07380249,USGS,IAN,2022,1680.0
2022-09-26 05:00:00,1.753,-0.033,-1.7859999999999998,-90.0485278,29.2313611,07380249,USGS,IAN,2022,1740.0
2022-09-26 06:00:00,1.793,-0.055,-1.848,-90.0485278,29.2313611,07380249,USGS,IAN,2022,1800.0
2022-09-26 07:00:00,1.823,-0.091,-1.914,-90.0485278,29.2313611,07380249,USGS,IAN,2022,1860.0
2022-09-26 08:00:00,1.823,-0.122,-1.945,-90.0485278,29.2313611,07380249,USGS,IAN,2022,1920.0
2022-09-26 09:00:00,1.803,-0.152,-1.955,-90.0485278,29.2313611,07380249,USGS,IAN,2022,1980.0
2022-09-26 10:00:00,1.773,-0.172,-1.945,-90.0485278,29.2313611,07380249,USGS,IAN,2022,2040.0
2022-09-26 11:00:00,1.743,-0.163,-1.906,-90.0485278,29.2313611,07380249,USGS,IAN,2022,2100.0
2022-09-26 12:00:00,1.763,-0.113,-1.876,-90.0485278,29.2313611,07380249,USGS,IAN,2022,2160.0
2022-09-26 13:00:00,1.783,-0.069,-1.852,-90.0485278,29.2313611,07380249,USGS,IAN,2022,2220.0
2022-09-26 14:00:00,1.903,-0.03,-1.933,-90.0485278,29.2313611,07380249,USGS,IAN,2022,2280.0
2022-09-26 15:00:00,1.693,0.006,-1.687,-90.0485278,29.2313611,07380249,USGS,IAN,2022,2340.0
2022-09-26 16:00:00,1.813,0.062,-1.751,-90.0485278,29.2313611,07380249,USGS,IAN,2022,2400.0
2022-09-26 17:00:00,1.833,0.103,-1.73,-90.0485278,29.2313611,07380249,USGS,IAN,2022,2460.0
2022-09-26 18:00:00,1.883,0.121,-1.762,-90.0485278,29.2313611,07380249,USGS,IAN,2022,2520.0
2022-09-26 19:00:00,1.913,0.119,-1.794,-90.0485278,29.2313611,07380249,USGS,IAN,2022,2580.0
2022-09-26 20:00:00,1.873,0.117,-1.756,-90.0485278,29.2313611,07380249,USGS,IAN,2022,2640.0
2022-09-26 21:00:00,1.833,0.116,-1.717,-90.0485278,29.2313611,07380249,USGS,IAN,2022,2700.0
2022-09-26 22:00:00,1.663,0.113,-1.55,-90.0485278,29.2313611,07380249,USGS,IAN,2022,2760.0
2022-09-26 23:00:00,1.743,0.117,-1.626,-90.0485278,29.2313611,07380249,USGS,IAN,2022,2820.0
2022-09-27 00:00:00,1.693,0.139,-1.554,-90.0485278,29.2313611,07380249,USGS,IAN,2022,2880.0
2022-09-27 01:00:00,1.643,0.166,-1.477,-90.0485278,29.2313611,07380249,USGS,IAN,2022,2940.0
2022-09-27 02:00:00,1.863,0.177,-1.686,-90.0485278,29.2313611,07380249,USGS,IAN,2022,3000.0
2022-09-27 03:00:00,1.803,0.175,-1.628,-90.0485278,29.2313611,07380249,USGS,IAN,2022,3060.0
2022-09-27 04:00:00,1.663,0.165,-1.498,-90.0485278,29.2313611,07380249,USGS,IAN,2022,3120.0
2022-09-27 05:00:00,1.843,0.143,-1.7,-90.0485278,29.2313611,07380249,USGS,IAN,2022,3180.0
2022-09-27 06:00:00,1.973,0.098,-1.875,-90.0485278,29.2313611,07380249,USGS,IAN,2022,3240.0
2022-09-27 07:00:00,1.903,0.031,-1.872,-90.0485278,29.2313611,07380249,USGS,IAN,2022,3300.0
2022-09-27 08:00:00,1.363,-0.05,-1.413,-90.0485278,29.2313611,07380249,USGS,IAN,2022,3360.0
2022-09-27 09:00:00,1.653,-0.123,-1.776,-90.0485278,29.2313611,07380249,USGS,IAN,2022,3420.0
2022-09-27 10:00:00,1.463,-0.184,-1.647,-90.0485278,29.2313611,07380249,USGS,IAN,2022,3480.0
2022-09-27 11:00:00,1.653,-0.214,-1.867,-90.0485278,29.2313611,07380249,USGS,IAN,2022,3540.0
2022-09-27 12:00:00,1.273,-0.268,-1.541,-90.0485278,29.2313611,07380249,USGS,IAN,2022,3600.0
2022-09-27 13:00:00,1.703,-0.273,-1.976,-90.0485278,29.2313611,07380249,USGS,IAN,2022,3660.0
2022-09-27 14:00:00,1.213,-0.266,-1.479,-90.0485278,29.2313611,07380249,USGS,IAN,2022,3720.0
2022-09-27 15:00:00,1.343,-0.244,-1.587,-90.0485278,29.2313611,07380249,USGS,IAN,2022,3780.0
2022-09-27 16:00:00,1.653,-0.195,-1.848,-90.0485278,29.2313611,07380249,USGS,IAN,2022,3840.0
2022-09-27 17:00:00,1.583,-0.12,-1.7029999999999998,-90.0485278,29.2313611,07380249,USGS,IAN,2022,3900.0
2022-09-27 18:00:00,1.603,-0.047,-1.65,-90.0485278,29.2313611,07380249,USGS,IAN,2022,3960.0
2022-09-27 19:00:00,1.683,0.011,-1.6720000000000002,-90.0485278,29.2313611,07380249,USGS,IAN,2022,4020.0
2022-09-27 20:00:00,1.703,0.051,-1.652,-90.0485278,29.2313611,07380249,USGS,IAN,2022,4080.0
2022-09-27 21:00:00,1.313,0.11,-1.2029999999999998,-90.0485278,29.2313611,07380249,USGS,IAN,2022,4140.0
2022-09-27 22:00:00,1.753,0.175,-1.5779999999999998,-90.0485278,29.2313611,07380249,USGS,IAN,2022,4200.0
2022-09-27 23:00:00,1.833,0.225,-1.608,-90.0485278,29.2313611,07380249,USGS,IAN,2022,4260.0
2022-09-28 00:00:00,1.923,0.282,-1.641,-90.0485278,29.2313611,07380249,USGS,IAN,2022,4320.0
2022-09-28 01:00:00,1.743,0.347,-1.396,-90.0485278,29.2313611,07380249,USGS,IAN,2022,4380.0
2022-09-28 02:00:00,2.153,0.39,-1.763,-90.0485278,29.2313611,07380249,USGS,IAN,2022,4440.0
2022-09-28 03:00:00,1.843,0.4,-1.443,-90.0485278,29.2313611,07380249,USGS,IAN,2022,4500.0
2022-09-28 04:00:00,2.223,0.389,-1.834,-90.0485278,29.2313611,07380249,USGS,IAN,2022,4560.0
2022-09-28 05:00:00,2.153,0.363,-1.79,-90.0485278,29.2313611,07380249,USGS,IAN,2022,4620.0
2022-09-28 06:00:00,2.363,0.311,-2.052,-90.0485278,29.2313611,07380249,USGS,IAN,2022,4680.0
2022-09-28 07:00:00,1.953,0.219,-1.734,-90.0485278,29.2313611,07380249,USGS,IAN,2022,4740.0
2022-09-28 08:00:00,1.963,0.123,-1.84,-90.0485278,29.2313611,07380249,USGS,IAN,2022,4800.0
2022-09-28 09:00:00,2.083,0.015,-2.068,-90.0485278,29.2313611,07380249,USGS,IAN,2022,4860.0
2022-09-28 10:00:00,1.813,-0.079,-1.892,-90.0485278,29.2313611,07380249,USGS,IAN,2022,4920.0
2022-09-28 11:00:00,2.033,-0.162,-2.195,-90.0485278,29.2313611,07380249,USGS,IAN,2022,4980.0
2022-09-28 12:00:00,1.313,-0.212,-1.525,-90.0485278,29.2313611,07380249,USGS,IAN,2022,5040.0
2022-09-28 13:00:00,1.733,-0.261,-1.994,-90.0485278,29.2313611,07380249,USGS,IAN,2022,5100.0
2022-09-28 14:00:00,1.673,-0.3,-1.973,-90.0485278,29.2313611,07380249,USGS,IAN,2022,5160.0
2022-09-28 15:00:00,1.373,-0.319,-1.692,-90.0485278,29.2313611,07380249,USGS,IAN,2022,5220.0
2022-09-28 16:00:00,1.203,-0.322,-1.525,-90.0485278,29.2313611,07380249,USGS,IAN,2022,5280.0
2022-09-28 17:00:00,1.913,-0.284,-2.197,-90.0485278,29.2313611,07380249,USGS,IAN,2022,5340.0
2022-09-28 18:00:00,1.663,-0.2,-1.863,-90.0485278,29.2313611,07380249,USGS,IAN,2022,5400.0
2022-09-28 19:00:00,1.993,-0.111,-2.104,-90.0485278,29.2313611,07380249,USGS,IAN,2022,5460.0
2022-09-28 20:00:00,1.983,-0.045,-2.028,-90.0485278,29.2313611,07380249,USGS,IAN,2022,5520.0
2022-09-28 21:00:00,1.903,0.028,-1.875,-90.0485278,29.2313611,07380249,USGS,IAN,2022,5580.0
2022-09-28 22:00:00,1.913,0.151,-1.762,-90.0485278,29.2313611,07380249,USGS,IAN,2022,5640.0
2022-09-28 23:00:00,1.843,0.267,-1.576,-90.0485278,29.2313611,07380249,USGS,IAN,2022,5700.0
2022-09-29 00:00:00,2.193,0.359,-1.834,-90.0485278,29.2313611,07380249,USGS,IAN,2022,5760.0
2022-09-29 01:00:00,2.343,0.457,-1.886,-90.0485278,29.2313611,07380249,USGS,IAN,2022,5820.0
2022-09-29 02:00:00,2.353,0.553,-1.8000000000000005,-90.0485278,29.2313611,07380249,USGS,IAN,2022,5880.0
2022-09-29 03:00:00,2.233,0.591,-1.642,-90.0485278,29.2313611,07380249,USGS,IAN,2022,5940.0
2022-09-29 04:00:00,2.373,0.598,-1.7750000000000004,-90.0485278,29.2313611,07380249,USGS,IAN,2022,6000.0
2022-09-29 05:00:00,2.443,0.592,-1.851,-90.0485278,29.2313611,07380249,USGS,IAN,2022,6060.0
2022-09-29 06:00:00,2.343,0.559,-1.7839999999999998,-90.0485278,29.2313611,07380249,USGS,IAN,2022,6120.0
2022-09-29 07:00:00,2.353,0.489,-1.8640000000000003,-90.0485278,29.2313611,07380249,USGS,IAN,2022,6180.0
2022-09-29 08:00:00,1.923,0.368,-1.5550000000000002,-90.0485278,29.2313611,07380249,USGS,IAN,2022,6240.0
2022-09-29 09:00:00,2.143,0.225,-1.918,-90.0485278,29.2313611,07380249,USGS,IAN,2022,6300.0
2022-09-29 10:00:00,1.753,0.096,-1.6569999999999998,-90.0485278,29.2313611,07380249,USGS,IAN,2022,6360.0
2022-09-29 11:00:00,1.923,-0.034,-1.957,-90.0485278,29.2313611,07380249,USGS,IAN,2022,6420.0
2022-09-29 12:00:00,1.673,-0.136,-1.809,-90.0485278,29.2313611,07380249,USGS,IAN,2022,6480.0
2022-09-29 13:00:00,1.413,-0.204,-1.617,-90.0485278,29.2313611,07380249,USGS,IAN,2022,6540.0
2022-09-29 14:00:00,1.363,-0.289,-1.652,-90.0485278,29.2313611,07380249,USGS,IAN,2022,6600.0
2022-09-29 15:00:00,1.293,-0.376,-1.669,-90.0485278,29.2313611,07380249,USGS,IAN,2022,6660.0
2022-09-29 16:00:00,1.043,-0.461,-1.504,-90.0485278,29.2313611,07380249,USGS,IAN,2022,6720.0
2022-09-29 17:00:00,0.923,-0.505,-1.428,-90.0485278,29.2313611,07380249,USGS,IAN,2022,6780.0
2022-09-29 18:00:00,0.953,-0.501,-1.454,-90.0485278,29.2313611,07380249,USGS,IAN,2022,6840.0
2022-09-29 19:00:00,1.063,-0.438,-1.501,-90.0485278,29.2313611,07380249,USGS,IAN,2022,6900.0
2022-09-29 20:00:00,0.943,-0.349,-1.2919999999999998,-90.0485278,29.2313611,07380249,USGS,IAN,2022,6960.0
2022-09-29 21:00:00,1.053,-0.262,-1.315,-90.0485278,29.2313611,07380249,USGS,IAN,2022,7020.0
2022-09-29 22:00:00,1.163,-0.148,-1.311,-90.0485278,29.2313611,07380249,USGS,IAN,2022,7080.0
2022-09-29 23:00:00,1.203,-0.018,-1.221,-90.0485278,29.2313611,07380249,USGS,IAN,2022,7140.0
2022-09-30 00:00:00,1.423,0.109,-1.314,-90.0485278,29.2313611,07380249,USGS,IAN,2022,7200.0
2022-09-30 01:00:00,1.513,0.218,-1.295,-90.0485278,29.2313611,07380249,USGS,IAN,2022,7260.0
2022-09-30 02:00:00,1.773,0.33,-1.4429999999999998,-90.0485278,29.2313611,07380249,USGS,IAN,2022,7320.0
2022-09-30 03:00:00,1.863,0.435,-1.428,-90.0485278,29.2313611,07380249,USGS,IAN,2022,7380.0
2022-09-30 04:00:00,1.723,0.496,-1.227,-90.0485278,29.2313611,07380249,USGS,IAN,2022,7440.0
2022-09-30 05:00:00,1.943,0.513,-1.4300000000000002,-90.0485278,29.2313611,07380249,USGS,IAN,2022,7500.0
2022-09-30 06:00:00,1.753,0.495,-1.258,-90.0485278,29.2313611,07380249,USGS,IAN,2022,7560.0
2022-09-30 07:00:00,1.853,0.452,-1.401,-90.0485278,29.2313611,07380249,USGS,IAN,2022,7620.0
2022-09-30 08:00:00,1.853,0.369,-1.484,-90.0485278,29.2313611,07380249,USGS,IAN,2022,7680.0
2022-09-30 09:00:00,1.403,0.24,-1.163,-90.0485278,29.2313611,07380249,USGS,IAN,2022,7740.0
2022-09-30 10:00:00,1.483,0.118,-1.3650000000000002,-90.0485278,29.2313611,07380249,USGS,IAN,2022,7800.0
2022-09-30 11:00:00,1.343,-0.017,-1.36,-90.0485278,29.2313611,07380249,USGS,IAN,2022,7860.0
2022-09-30 12:00:00,1.173,-0.133,-1.306,-90.0485278,29.2313611,07380249,USGS,IAN,2022,7920.0
2022-09-30 13:00:00,0.873,-0.212,-1.085,-90.0485278,29.2313611,07380249,USGS,IAN,2022,7980.0
2022-09-30 14:00:00,0.873,-0.327,-1.2,-90.0485278,29.2313611,07380249,USGS,IAN,2022,8040.0
2022-09-30 15:00:00,0.653,-0.441,-1.094,-90.0485278,29.2313611,07380249,USGS,IAN,2022,8100.0
2022-09-30 16:00:00,0.513,-0.55,-1.0630000000000002,-90.0485278,29.2313611,07380249,USGS,IAN,2022,8160.0
2022-09-30 17:00:00,0.323,-0.634,-0.957,-90.0485278,29.2313611,07380249,USGS,IAN,2022,8220.0
2022-09-30 18:00:00,0.483,-0.677,-1.16,-90.0485278,29.2313611,07380249,USGS,IAN,2022,8280.0
2022-09-30 19:00:00,0.403,-0.667,-1.07,-90.0485278,29.2313611,07380249,USGS,IAN,2022,8340.0
2022-09-30 20:00:00,0.433,-0.587,-1.02,-90.0485278,29.2313611,07380249,USGS,IAN,2022,8400.0
2022-09-30 21:00:00,0.643,-0.468,-1.111,-90.0485278,29.2313611,07380249,USGS,IAN,2022,8460.0
2022-09-30 22:00:00,0.713,-0.352,-1.065,-90.0485278,29.2313611,07380249,USGS,IAN,2022,8520.0
2022-09-30 23:00:00,0.883,-0.183,-1.066,-90.0485278,29.2313611,07380249,USGS,IAN,2022,8580.0
2022-10-01 00:00:00,0.983,0.006,-0.977,-90.0485278,29.2313611,07380249,USGS,IAN,2022,8640.0
2022-10-01 01:00:00,1.143,0.15,-0.993,-90.0485278,29.2313611,07380249,USGS,IAN,2022,8700.0
2022-10-01 02:00:00,1.293,0.281,-1.012,-90.0485278,29.2313611,07380249,USGS,IAN,2022,8760.0
2022-10-01 03:00:00,1.413,0.424,-0.989,-90.0485278,29.2313611,07380249,USGS,IAN,2022,8820.0
2022-10-01 04:00:00,1.573,0.54,-1.033,-90.0485278,29.2313611,07380249,USGS,IAN,2022,8880.0
2022-10-01 05:00:00,1.733,0.603,-1.13,-90.0485278,29.2313611,07380249,USGS,IAN,2022,8940.0
2022-10-01 06:00:00,1.763,0.617,-1.146,-90.0485278,29.2313611,07380249,USGS,IAN,2022,9000.0
2022-10-01 07:00:00,1.813,0.591,-1.222,-90.0485278,29.2313611,07380249,USGS,IAN,2022,9060.0
2022-10-01 08:00:00,1.823,0.542,-1.281,-90.0485278,29.2313611,07380249,USGS,IAN,2022,9120.0
2022-10-01 09:00:00,1.763,0.457,-1.3059999999999998,-90.0485278,29.2313611,07380249,USGS,IAN,2022,9180.0
2022-10-01 10:00:00,1.633,0.324,-1.309,-90.0485278,29.2313611,07380249,USGS,IAN,2022,9240.0
2022-10-01 11:00:00,1.493,0.182,-1.3110000000000002,-90.0485278,29.2313611,07380249,USGS,IAN,2022,9300.0
2022-10-01 12:00:00,1.393,0.039,-1.354,-90.0485278,29.2313611,07380249,USGS,IAN,2022,9360.0
2022-10-01 13:00:00,1.153,-0.106,-1.259,-90.0485278,29.2313611,07380249,USGS,IAN,2022,9420.0
2022-10-01 14:00:00,1.113,-0.192,-1.305,-90.0485278,29.2313611,07380249,USGS,IAN,2022,9480.0
2022-10-01 15:00:00,0.773,-0.323,-1.096,-90.0485278,29.2313611,07380249,USGS,IAN,2022,9540.0
2022-10-01 16:00:00,0.763,-0.454,-1.217,-90.0485278,29.2313611,07380249,USGS,IAN,2022,9600.0
2022-10-01 17:00:00,0.643,-0.573,-1.216,-90.0485278,29.2313611,07380249,USGS,IAN,2022,9660.0
2022-10-01 18:00:00,0.513,-0.678,-1.191,-90.0485278,29.2313611,07380249,USGS,IAN,2022,9720.0
2022-10-01 19:00:00,0.543,-0.748,-1.291,-90.0485278,29.2313611,07380249,USGS,IAN,2022,9780.0
2022-10-01 20:00:00,0.573,-0.752,-1.325,-90.0485278,29.2313611,07380249,USGS,IAN,2022,9840.0
2022-10-01 21:00:00,0.663,-0.665,-1.328,-90.0485278,29.2313611,07380249,USGS,IAN,2022,9900.0
2022-10-01 22:00:00,0.823,-0.547,-1.37,-90.0485278,29.2313611,07380249,USGS,IAN,2022,9960.0
2022-10-01 23:00:00,1.123,-0.404,-1.527,-90.0485278,29.2313611,07380249,USGS,IAN,2022,10020.0
2022-09-25 01:00:00,1.318,0.09,-1.228,-90.165556,29.565778,07380330,USGS,IAN,2022,60.0
2022-09-25 02:00:00,1.298,0.045,-1.253,-90.165556,29.565778,07380330,USGS,IAN,2022,120.0
2022-09-25 03:00:00,1.278,-0.002,-1.28,-90.165556,29.565778,07380330,USGS,IAN,2022,180.0
2022-09-25 04:00:00,1.287,-0.046,-1.333,-90.165556,29.565778,07380330,USGS,IAN,2022,240.0
2022-09-25 05:00:00,1.318,-0.085,-1.403,-90.165556,29.565778,07380330,USGS,IAN,2022,300.0
2022-09-25 06:00:00,1.358,-0.118,-1.476,-90.165556,29.565778,07380330,USGS,IAN,2022,360.0
2022-09-25 07:00:00,1.418,-0.14,-1.5579999999999998,-90.165556,29.565778,07380330,USGS,IAN,2022,420.0
2022-09-25 08:00:00,1.438,-0.15,-1.588,-90.165556,29.565778,07380330,USGS,IAN,2022,480.0
2022-09-25 09:00:00,1.448,-0.147,-1.595,-90.165556,29.565778,07380330,USGS,IAN,2022,540.0
2022-09-25 10:00:00,1.458,-0.131,-1.589,-90.165556,29.565778,07380330,USGS,IAN,2022,600.0
2022-09-25 11:00:00,1.468,-0.11,-1.578,-90.165556,29.565778,07380330,USGS,IAN,2022,660.0
2022-09-25 12:00:00,1.468,-0.091,-1.559,-90.165556,29.565778,07380330,USGS,IAN,2022,720.0
2022-09-25 13:00:00,1.478,-0.07,-1.548,-90.165556,29.565778,07380330,USGS,IAN,2022,780.0
2022-09-25 14:00:00,1.478,-0.043,-1.521,-90.165556,29.565778,07380330,USGS,IAN,2022,840.0
2022-09-25 15:00:00,1.508,-0.008,-1.516,-90.165556,29.565778,07380330,USGS,IAN,2022,900.0
2022-09-25 16:00:00,1.537,0.028,-1.509,-90.165556,29.565778,07380330,USGS,IAN,2022,960.0
2022-09-25 17:00:00,1.557,0.067,-1.49,-90.165556,29.565778,07380330,USGS,IAN,2022,1020.0
2022-09-25 18:00:00,1.577,0.107,-1.47,-90.165556,29.565778,07380330,USGS,IAN,2022,1080.0
2022-09-25 19:00:00,1.588,0.151,-1.437,-90.165556,29.565778,07380330,USGS,IAN,2022,1140.0
2022-09-25 20:00:00,1.637,0.19,-1.447,-90.165556,29.565778,07380330,USGS,IAN,2022,1200.0
2022-09-25 21:00:00,1.608,0.217,-1.391,-90.165556,29.565778,07380330,USGS,IAN,2022,1260.0
2022-09-25 22:00:00,1.588,0.215,-1.373,-90.165556,29.565778,07380330,USGS,IAN,2022,1320.0
2022-09-25 23:00:00,1.537,0.184,-1.353,-90.165556,29.565778,07380330,USGS,IAN,2022,1380.0
2022-09-26 00:00:00,1.508,0.145,-1.363,-90.165556,29.565778,07380330,USGS,IAN,2022,1440.0
2022-09-26 01:00:00,1.488,0.109,-1.379,-90.165556,29.565778,07380330,USGS,IAN,2022,1500.0
2022-09-26 02:00:00,1.458,0.071,-1.387,-90.165556,29.565778,07380330,USGS,IAN,2022,1560.0
2022-09-26 03:00:00,1.448,0.038,-1.41,-90.165556,29.565778,07380330,USGS,IAN,2022,1620.0
2022-09-26 04:00:00,1.488,0.008,-1.48,-90.165556,29.565778,07380330,USGS,IAN,2022,1680.0
2022-09-26 05:00:00,1.528,-0.019,-1.547,-90.165556,29.565778,07380330,USGS,IAN,2022,1740.0
2022-09-26 06:00:00,1.577,-0.04,-1.617,-90.165556,29.565778,07380330,USGS,IAN,2022,1800.0
2022-09-26 07:00:00,1.608,-0.053,-1.661,-90.165556,29.565778,07380330,USGS,IAN,2022,1860.0
2022-09-26 08:00:00,1.637,-0.056,-1.693,-90.165556,29.565778,07380330,USGS,IAN,2022,1920.0
2022-09-26 09:00:00,1.657,-0.066,-1.723,-90.165556,29.565778,07380330,USGS,IAN,2022,1980.0
2022-09-26 10:00:00,1.648,-0.079,-1.727,-90.165556,29.565778,07380330,USGS,IAN,2022,2040.0
2022-09-26 11:00:00,1.637,-0.102,-1.739,-90.165556,29.565778,07380330,USGS,IAN,2022,2100.0
2022-09-26 12:00:00,1.608,-0.125,-1.733,-90.165556,29.565778,07380330,USGS,IAN,2022,2160.0
2022-09-26 13:00:00,1.557,-0.149,-1.706,-90.165556,29.565778,07380330,USGS,IAN,2022,2220.0
2022-09-26 14:00:00,1.537,-0.17,-1.707,-90.165556,29.565778,07380330,USGS,IAN,2022,2280.0
2022-09-26 15:00:00,1.508,-0.17,-1.678,-90.165556,29.565778,07380330,USGS,IAN,2022,2340.0
2022-09-26 16:00:00,1.498,-0.142,-1.64,-90.165556,29.565778,07380330,USGS,IAN,2022,2400.0
2022-09-26 17:00:00,1.508,-0.107,-1.615,-90.165556,29.565778,07380330,USGS,IAN,2022,2460.0
2022-09-26 18:00:00,1.518,-0.071,-1.589,-90.165556,29.565778,07380330,USGS,IAN,2022,2520.0
2022-09-26 19:00:00,1.557,-0.033,-1.59,-90.165556,29.565778,07380330,USGS,IAN,2022,2580.0
2022-09-26 20:00:00,1.617,0.008,-1.609,-90.165556,29.565778,07380330,USGS,IAN,2022,2640.0
2022-09-26 21:00:00,1.628,0.048,-1.5799999999999998,-90.165556,29.565778,07380330,USGS,IAN,2022,2700.0
2022-09-26 22:00:00,1.668,0.084,-1.584,-90.165556,29.565778,07380330,USGS,IAN,2022,2760.0
2022-09-26 23:00:00,1.648,0.112,-1.5359999999999998,-90.165556,29.565778,07380330,USGS,IAN,2022,2820.0
2022-09-27 00:00:00,1.668,0.129,-1.539,-90.165556,29.565778,07380330,USGS,IAN,2022,2880.0
2022-09-27 01:00:00,1.577,0.133,-1.444,-90.165556,29.565778,07380330,USGS,IAN,2022,2940.0
2022-09-27 02:00:00,1.518,0.131,-1.387,-90.165556,29.565778,07380330,USGS,IAN,2022,3000.0
2022-09-27 03:00:00,1.448,0.138,-1.31,-90.165556,29.565778,07380330,USGS,IAN,2022,3060.0
2022-09-27 04:00:00,1.548,0.157,-1.391,-90.165556,29.565778,07380330,USGS,IAN,2022,3120.0
2022-09-27 05:00:00,1.568,0.178,-1.39,-90.165556,29.565778,07380330,USGS,IAN,2022,3180.0
2022-09-27 06:00:00,1.488,0.196,-1.292,-90.165556,29.565778,07380330,USGS,IAN,2022,3240.0
2022-09-27 07:00:00,1.448,0.2,-1.248,-90.165556,29.565778,07380330,USGS,IAN,2022,3300.0
2022-09-27 08:00:00,1.407,0.183,-1.224,-90.165556,29.565778,07380330,USGS,IAN,2022,3360.0
2022-09-27 09:00:00,1.407,0.15,-1.257,-90.165556,29.565778,07380330,USGS,IAN,2022,3420.0
2022-09-27 10:00:00,1.347,0.116,-1.231,-90.165556,29.565778,07380330,USGS,IAN,2022,3480.0
2022-09-27 11:00:00,1.298,0.075,-1.223,-90.165556,29.565778,07380330,USGS,IAN,2022,3540.0
2022-09-27 12:00:00,1.258,0.034,-1.224,-90.165556,29.565778,07380330,USGS,IAN,2022,3600.0
2022-09-27 13:00:00,1.208,-0.011,-1.219,-90.165556,29.565778,07380330,USGS,IAN,2022,3660.0
2022-09-27 14:00:00,1.157,-0.056,-1.213,-90.165556,29.565778,07380330,USGS,IAN,2022,3720.0
2022-09-27 15:00:00,1.128,-0.096,-1.224,-90.165556,29.565778,07380330,USGS,IAN,2022,3780.0
2022-09-27 16:00:00,1.097,-0.137,-1.234,-90.165556,29.565778,07380330,USGS,IAN,2022,3840.0
2022-09-27 17:00:00,1.108,-0.176,-1.284,-90.165556,29.565778,07380330,USGS,IAN,2022,3900.0
2022-09-27 18:00:00,1.088,-0.208,-1.296,-90.165556,29.565778,07380330,USGS,IAN,2022,3960.0
2022-09-27 19:00:00,1.097,-0.223,-1.32,-90.165556,29.565778,07380330,USGS,IAN,2022,4020.0
2022-09-27 20:00:00,1.128,-0.204,-1.332,-90.165556,29.565778,07380330,USGS,IAN,2022,4080.0
2022-09-27 21:00:00,1.188,-0.164,-1.352,-90.165556,29.565778,07380330,USGS,IAN,2022,4140.0
2022-09-27 22:00:00,1.218,-0.122,-1.34,-90.165556,29.565778,07380330,USGS,IAN,2022,4200.0
2022-09-27 23:00:00,1.198,-0.079,-1.277,-90.165556,29.565778,07380330,USGS,IAN,2022,4260.0
2022-09-28 00:00:00,1.188,-0.036,-1.224,-90.165556,29.565778,07380330,USGS,IAN,2022,4320.0
2022-09-28 01:00:00,1.208,0.012,-1.196,-90.165556,29.565778,07380330,USGS,IAN,2022,4380.0
2022-09-28 02:00:00,1.198,0.062,-1.136,-90.165556,29.565778,07380330,USGS,IAN,2022,4440.0
2022-09-28 03:00:00,1.198,0.113,-1.085,-90.165556,29.565778,07380330,USGS,IAN,2022,4500.0
2022-09-28 04:00:00,1.228,0.17,-1.058,-90.165556,29.565778,07380330,USGS,IAN,2022,4560.0
2022-09-28 05:00:00,1.248,0.226,-1.022,-90.165556,29.565778,07380330,USGS,IAN,2022,4620.0
2022-09-28 07:00:00,1.298,0.325,-0.973,-90.165556,29.565778,07380330,USGS,IAN,2022,4740.0
2022-09-28 08:00:00,1.338,0.356,-0.982,-90.165556,29.565778,07380330,USGS,IAN,2022,4800.0
2022-09-28 09:00:00,1.347,0.35,-0.997,-90.165556,29.565778,07380330,USGS,IAN,2022,4860.0
2022-09-28 10:00:00,1.347,0.304,-1.043,-90.165556,29.565778,07380330,USGS,IAN,2022,4920.0
2022-09-28 11:00:00,1.327,0.255,-1.072,-90.165556,29.565778,07380330,USGS,IAN,2022,4980.0
2022-09-28 12:00:00,1.278,0.204,-1.074,-90.165556,29.565778,07380330,USGS,IAN,2022,5040.0
2022-09-28 13:00:00,1.208,0.158,-1.05,-90.165556,29.565778,07380330,USGS,IAN,2022,5100.0
2022-09-28 14:00:00,1.128,0.107,-1.021,-90.165556,29.565778,07380330,USGS,IAN,2022,5160.0
2022-09-28 15:00:00,1.128,0.052,-1.0759999999999998,-90.165556,29.565778,07380330,USGS,IAN,2022,5220.0
2022-09-28 16:00:00,1.077,-0.004,-1.081,-90.165556,29.565778,07380330,USGS,IAN,2022,5280.0
2022-09-28 17:00:00,1.057,-0.057,-1.114,-90.165556,29.565778,07380330,USGS,IAN,2022,5340.0
2022-09-28 18:00:00,1.028,-0.105,-1.133,-90.165556,29.565778,07380330,USGS,IAN,2022,5400.0
2022-09-28 19:00:00,1.008,-0.155,-1.163,-90.165556,29.565778,07380330,USGS,IAN,2022,5460.0
2022-09-28 20:00:00,0.958,-0.197,-1.155,-90.165556,29.565778,07380330,USGS,IAN,2022,5520.0
2022-09-28 21:00:00,0.958,-0.231,-1.189,-90.165556,29.565778,07380330,USGS,IAN,2022,5580.0
2022-09-28 22:00:00,0.998,-0.241,-1.239,-90.165556,29.565778,07380330,USGS,IAN,2022,5640.0
2022-09-28 23:00:00,1.037,-0.219,-1.256,-90.165556,29.565778,07380330,USGS,IAN,2022,5700.0
2022-09-29 00:00:00,1.088,-0.185,-1.273,-90.165556,29.565778,07380330,USGS,IAN,2022,5760.0
2022-09-29 01:00:00,1.137,-0.142,-1.279,-90.165556,29.565778,07380330,USGS,IAN,2022,5820.0
2022-09-29 02:00:00,1.198,-0.092,-1.29,-90.165556,29.565778,07380330,USGS,IAN,2022,5880.0
2022-09-29 03:00:00,1.248,-0.041,-1.289,-90.165556,29.565778,07380330,USGS,IAN,2022,5940.0
2022-09-29 04:00:00,1.278,0.021,-1.257,-90.165556,29.565778,07380330,USGS,IAN,2022,6000.0
2022-09-29 05:00:00,1.298,0.087,-1.211,-90.165556,29.565778,07380330,USGS,IAN,2022,6060.0
2022-09-29 06:00:00,1.327,0.161,-1.166,-90.165556,29.565778,07380330,USGS,IAN,2022,6120.0
2022-09-29 07:00:00,1.307,0.229,-1.0779999999999998,-90.165556,29.565778,07380330,USGS,IAN,2022,6180.0
2022-09-29 08:00:00,1.318,0.297,-1.021,-90.165556,29.565778,07380330,USGS,IAN,2022,6240.0
2022-09-29 09:00:00,1.327,0.352,-0.975,-90.165556,29.565778,07380330,USGS,IAN,2022,6300.0
2022-09-29 10:00:00,1.307,0.378,-0.929,-90.165556,29.565778,07380330,USGS,IAN,2022,6360.0
2022-09-29 11:00:00,1.287,0.344,-0.943,-90.165556,29.565778,07380330,USGS,IAN,2022,6420.0
2022-09-29 12:00:00,1.218,0.292,-0.926,-90.165556,29.565778,07380330,USGS,IAN,2022,6480.0
2022-09-29 13:00:00,1.157,0.235,-0.922,-90.165556,29.565778,07380330,USGS,IAN,2022,6540.0
2022-09-29 14:00:00,1.097,0.182,-0.915,-90.165556,29.565778,07380330,USGS,IAN,2022,6600.0
2022-09-29 15:00:00,1.028,0.13,-0.898,-90.165556,29.565778,07380330,USGS,IAN,2022,6660.0
2022-09-29 16:00:00,0.978,0.075,-0.903,-90.165556,29.565778,07380330,USGS,IAN,2022,6720.0
2022-09-29 17:00:00,0.927,0.016,-0.911,-90.165556,29.565778,07380330,USGS,IAN,2022,6780.0
2022-09-29 18:00:00,0.898,-0.04,-0.938,-90.165556,29.565778,07380330,USGS,IAN,2022,6840.0
2022-09-29 19:00:00,0.798,-0.095,-0.893,-90.165556,29.565778,07380330,USGS,IAN,2022,6900.0
2022-09-29 20:00:00,0.738,-0.148,-0.886,-90.165556,29.565778,07380330,USGS,IAN,2022,6960.0
2022-09-29 21:00:00,0.677,-0.201,-0.8780000000000001,-90.165556,29.565778,07380330,USGS,IAN,2022,7020.0
2022-09-29 22:00:00,0.637,-0.25,-0.887,-90.165556,29.565778,07380330,USGS,IAN,2022,7080.0
2022-09-29 23:00:00,0.617,-0.287,-0.904,-90.165556,29.565778,07380330,USGS,IAN,2022,7140.0
2022-09-30 00:00:00,0.628,-0.303,-0.931,-90.165556,29.565778,07380330,USGS,IAN,2022,7200.0
2022-09-30 01:00:00,0.628,-0.282,-0.91,-90.165556,29.565778,07380330,USGS,IAN,2022,7260.0
2022-09-30 02:00:00,0.688,-0.238,-0.926,-90.165556,29.565778,07380330,USGS,IAN,2022,7320.0
2022-09-30 03:00:00,0.778,-0.188,-0.966,-90.165556,29.565778,07380330,USGS,IAN,2022,7380.0
2022-09-30 04:00:00,0.867,-0.132,-0.999,-90.165556,29.565778,07380330,USGS,IAN,2022,7440.0
2022-09-30 05:00:00,0.927,-0.071,-0.998,-90.165556,29.565778,07380330,USGS,IAN,2022,7500.0
2022-09-30 06:00:00,0.988,0.002,-0.986,-90.165556,29.565778,07380330,USGS,IAN,2022,7560.0
2022-09-30 07:00:00,1.018,0.079,-0.939,-90.165556,29.565778,07380330,USGS,IAN,2022,7620.0
2022-09-30 08:00:00,1.037,0.162,-0.8749999999999999,-90.165556,29.565778,07380330,USGS,IAN,2022,7680.0
2022-09-30 09:00:00,1.077,0.237,-0.84,-90.165556,29.565778,07380330,USGS,IAN,2022,7740.0
2022-09-30 10:00:00,1.108,0.304,-0.804,-90.165556,29.565778,07380330,USGS,IAN,2022,7800.0
2022-09-30 11:00:00,1.108,0.343,-0.7650000000000001,-90.165556,29.565778,07380330,USGS,IAN,2022,7860.0
2022-09-30 12:00:00,1.057,0.324,-0.7329999999999999,-90.165556,29.565778,07380330,USGS,IAN,2022,7920.0
2022-09-30 13:00:00,0.978,0.271,-0.707,-90.165556,29.565778,07380330,USGS,IAN,2022,7980.0
2022-09-30 14:00:00,0.878,0.215,-0.663,-90.165556,29.565778,07380330,USGS,IAN,2022,8040.0
2022-09-30 15:00:00,0.807,0.166,-0.641,-90.165556,29.565778,07380330,USGS,IAN,2022,8100.0
2022-09-30 16:00:00,0.758,0.114,-0.644,-90.165556,29.565778,07380330,USGS,IAN,2022,8160.0
2022-09-30 17:00:00,0.718,0.054,-0.6639999999999999,-90.165556,29.565778,07380330,USGS,IAN,2022,8220.0
2022-09-30 18:00:00,0.677,-0.005,-0.682,-90.165556,29.565778,07380330,USGS,IAN,2022,8280.0
2022-09-30 19:00:00,0.617,-0.06,-0.677,-90.165556,29.565778,07380330,USGS,IAN,2022,8340.0
2022-09-30 20:00:00,0.588,-0.12,-0.708,-90.165556,29.565778,07380330,USGS,IAN,2022,8400.0
2022-09-30 21:00:00,0.537,-0.174,-0.7110000000000001,-90.165556,29.565778,07380330,USGS,IAN,2022,8460.0
2022-09-30 22:00:00,0.488,-0.23,-0.718,-90.165556,29.565778,07380330,USGS,IAN,2022,8520.0
2022-09-30 23:00:00,0.458,-0.279,-0.7370000000000001,-90.165556,29.565778,07380330,USGS,IAN,2022,8580.0
2022-10-01 00:00:00,0.458,-0.323,-0.781,-90.165556,29.565778,07380330,USGS,IAN,2022,8640.0
2022-10-01 01:00:00,0.518,-0.35,-0.868,-90.165556,29.565778,07380330,USGS,IAN,2022,8700.0
2022-10-01 02:00:00,0.608,-0.342,-0.95,-90.165556,29.565778,07380330,USGS,IAN,2022,8760.0
2022-10-01 03:00:00,0.708,-0.297,-1.005,-90.165556,29.565778,07380330,USGS,IAN,2022,8820.0
2022-10-01 04:00:00,0.787,-0.247,-1.034,-90.165556,29.565778,07380330,USGS,IAN,2022,8880.0
2022-10-01 05:00:00,0.867,-0.189,-1.056,-90.165556,29.565778,07380330,USGS,IAN,2022,8940.0
2022-10-01 06:00:00,0.927,-0.117,-1.044,-90.165556,29.565778,07380330,USGS,IAN,2022,9000.0
2022-10-01 07:00:00,0.978,-0.039,-1.017,-90.165556,29.565778,07380330,USGS,IAN,2022,9060.0
2022-10-01 08:00:00,1.028,0.05,-0.978,-90.165556,29.565778,07380330,USGS,IAN,2022,9120.0
2022-10-01 09:00:00,1.077,0.142,-0.935,-90.165556,29.565778,07380330,USGS,IAN,2022,9180.0
2022-10-01 10:00:00,1.128,0.23,-0.8979999999999999,-90.165556,29.565778,07380330,USGS,IAN,2022,9240.0
2022-10-01 11:00:00,1.177,0.308,-0.869,-90.165556,29.565778,07380330,USGS,IAN,2022,9300.0
2022-10-01 12:00:00,1.198,0.358,-0.84,-90.165556,29.565778,07380330,USGS,IAN,2022,9360.0
2022-10-01 13:00:00,1.168,0.352,-0.816,-90.165556,29.565778,07380330,USGS,IAN,2022,9420.0
2022-10-01 14:00:00,1.097,0.297,-0.8,-90.165556,29.565778,07380330,USGS,IAN,2022,9480.0
2022-10-01 15:00:00,1.008,0.247,-0.761,-90.165556,29.565778,07380330,USGS,IAN,2022,9540.0
2022-10-01 16:00:00,0.898,0.192,-0.706,-90.165556,29.565778,07380330,USGS,IAN,2022,9600.0
2022-10-01 17:00:00,0.827,0.141,-0.6859999999999999,-90.165556,29.565778,07380330,USGS,IAN,2022,9660.0
2022-10-01 18:00:00,0.778,0.085,-0.6930000000000001,-90.165556,29.565778,07380330,USGS,IAN,2022,9720.0
2022-10-01 19:00:00,0.718,0.026,-0.692,-90.165556,29.565778,07380330,USGS,IAN,2022,9780.0
2022-10-01 20:00:00,0.688,-0.031,-0.719,-90.165556,29.565778,07380330,USGS,IAN,2022,9840.0
2022-10-01 21:00:00,0.637,-0.093,-0.73,-90.165556,29.565778,07380330,USGS,IAN,2022,9900.0
2022-10-01 22:00:00,0.577,-0.149,-0.726,-90.165556,29.565778,07380330,USGS,IAN,2022,9960.0
2022-10-01 23:00:00,0.568,-0.207,-0.7749999999999999,-90.165556,29.565778,07380330,USGS,IAN,2022,10020.0
2022-09-25 01:00:00,1.377,-0.237,-1.614,-90.921111,29.24916667,07381349,USGS,IAN,2022,60.0
2022-09-25 02:00:00,1.307,-0.263,-1.5699999999999998,-90.921111,29.24916667,07381349,USGS,IAN,2022,120.0
2022-09-25 03:00:00,1.407,-0.236,-1.643,-90.921111,29.24916667,07381349,USGS,IAN,2022,180.0
2022-09-25 04:00:00,1.547,-0.186,-1.733,-90.921111,29.24916667,07381349,USGS,IAN,2022,240.0
2022-09-25 05:00:00,1.677,-0.124,-1.8010000000000002,-90.921111,29.24916667,07381349,USGS,IAN,2022,300.0
2022-09-25 06:00:00,1.857,-0.039,-1.896,-90.921111,29.24916667,07381349,USGS,IAN,2022,360.0
2022-09-25 07:00:00,1.997,0.044,-1.953,-90.921111,29.24916667,07381349,USGS,IAN,2022,420.0
2022-09-25 08:00:00,2.097,0.098,-1.999,-90.921111,29.24916667,07381349,USGS,IAN,2022,480.0
2022-09-25 09:00:00,2.147,0.115,-2.032,-90.921111,29.24916667,07381349,USGS,IAN,2022,540.0
2022-09-25 10:00:00,2.127,0.079,-2.048,-90.921111,29.24916667,07381349,USGS,IAN,2022,600.0
2022-09-25 11:00:00,2.057,0.042,-2.015,-90.921111,29.24916667,07381349,USGS,IAN,2022,660.0
2022-09-25 12:00:00,1.967,-0.01,-1.977,-90.921111,29.24916667,07381349,USGS,IAN,2022,720.0
2022-09-25 13:00:00,1.897,-0.03,-1.927,-90.921111,29.24916667,07381349,USGS,IAN,2022,780.0
2022-09-25 14:00:00,1.847,0.012,-1.835,-90.921111,29.24916667,07381349,USGS,IAN,2022,840.0
2022-09-25 15:00:00,1.837,0.078,-1.759,-90.921111,29.24916667,07381349,USGS,IAN,2022,900.0
2022-09-25 16:00:00,1.937,0.139,-1.798,-90.921111,29.24916667,07381349,USGS,IAN,2022,960.0
2022-09-25 17:00:00,2.007,0.208,-1.7990000000000002,-90.921111,29.24916667,07381349,USGS,IAN,2022,1020.0
2022-09-25 18:00:00,2.087,0.286,-1.8010000000000002,-90.921111,29.24916667,07381349,USGS,IAN,2022,1080.0
2022-09-25 19:00:00,2.117,0.344,-1.773,-90.921111,29.24916667,07381349,USGS,IAN,2022,1140.0
2022-09-25 20:00:00,2.107,0.366,-1.741,-90.921111,29.24916667,07381349,USGS,IAN,2022,1200.0
2022-09-25 21:00:00,2.097,0.319,-1.778,-90.921111,29.24916667,07381349,USGS,IAN,2022,1260.0
2022-09-25 22:00:00,2.057,0.226,-1.831,-90.921111,29.24916667,07381349,USGS,IAN,2022,1320.0
2022-09-25 23:00:00,1.997,0.096,-1.901,-90.921111,29.24916667,07381349,USGS,IAN,2022,1380.0
2022-09-26 00:00:00,1.887,0.007,-1.88,-90.921111,29.24916667,07381349,USGS,IAN,2022,1440.0
2022-09-26 01:00:00,1.787,-0.074,-1.861,-90.921111,29.24916667,07381349,USGS,IAN,2022,1500.0
2022-09-26 02:00:00,1.777,-0.13,-1.907,-90.921111,29.24916667,07381349,USGS,IAN,2022,1560.0
2022-09-26 03:00:00,1.807,-0.126,-1.933,-90.921111,29.24916667,07381349,USGS,IAN,2022,1620.0
2022-09-26 04:00:00,1.917,-0.101,-2.018,-90.921111,29.24916667,07381349,USGS,IAN,2022,1680.0
2022-09-26 05:00:00,2.017,-0.062,-2.079,-90.921111,29.24916667,07381349,USGS,IAN,2022,1740.0
2022-09-26 06:00:00,2.147,-0.005,-2.152,-90.921111,29.24916667,07381349,USGS,IAN,2022,1800.0
2022-09-26 07:00:00,2.247,0.062,-2.185,-90.921111,29.24916667,07381349,USGS,IAN,2022,1860.0
2022-09-26 08:00:00,2.357,0.103,-2.254,-90.921111,29.24916667,07381349,USGS,IAN,2022,1920.0
2022-09-26 09:00:00,2.417,0.08,-2.337,-90.921111,29.24916667,07381349,USGS,IAN,2022,1980.0
2022-09-26 10:00:00,2.337,0.035,-2.302,-90.921111,29.24916667,07381349,USGS,IAN,2022,2040.0
2022-09-26 11:00:00,2.247,-0.032,-2.279,-90.921111,29.24916667,07381349,USGS,IAN,2022,2100.0
2022-09-26 12:00:00,2.197,-0.112,-2.309,-90.921111,29.24916667,07381349,USGS,IAN,2022,2160.0
2022-09-26 13:00:00,2.057,-0.178,-2.235,-90.921111,29.24916667,07381349,USGS,IAN,2022,2220.0
2022-09-26 14:00:00,2.047,-0.194,-2.241,-90.921111,29.24916667,07381349,USGS,IAN,2022,2280.0
2022-09-26 15:00:00,2.017,-0.128,-2.145,-90.921111,29.24916667,07381349,USGS,IAN,2022,2340.0
2022-09-26 16:00:00,1.997,-0.056,-2.053,-90.921111,29.24916667,07381349,USGS,IAN,2022,2400.0
2022-09-26 17:00:00,1.997,0.026,-1.971,-90.921111,29.24916667,07381349,USGS,IAN,2022,2460.0
2022-09-26 18:00:00,2.067,0.109,-1.958,-90.921111,29.24916667,07381349,USGS,IAN,2022,2520.0
2022-09-26 19:00:00,2.137,0.2,-1.937,-90.921111,29.24916667,07381349,USGS,IAN,2022,2580.0
2022-09-26 20:00:00,2.277,0.296,-1.981,-90.921111,29.24916667,07381349,USGS,IAN,2022,2640.0
2022-09-26 21:00:00,2.367,0.333,-2.034,-90.921111,29.24916667,07381349,USGS,IAN,2022,2700.0
2022-09-26 22:00:00,2.387,0.31,-2.077,-90.921111,29.24916667,07381349,USGS,IAN,2022,2760.0
2022-09-26 23:00:00,2.367,0.242,-2.125,-90.921111,29.24916667,07381349,USGS,IAN,2022,2820.0
2022-09-27 00:00:00,2.097,0.113,-1.984,-90.921111,29.24916667,07381349,USGS,IAN,2022,2880.0
2022-09-27 01:00:00,2.037,0.056,-1.981,-90.921111,29.24916667,07381349,USGS,IAN,2022,2940.0
2022-09-27 02:00:00,1.997,0.02,-1.977,-90.921111,29.24916667,07381349,USGS,IAN,2022,3000.0
2022-09-27 03:00:00,1.787,0.043,-1.744,-90.921111,29.24916667,07381349,USGS,IAN,2022,3060.0
2022-09-27 04:00:00,1.687,0.083,-1.604,-90.921111,29.24916667,07381349,USGS,IAN,2022,3120.0
2022-09-27 05:00:00,1.477,0.112,-1.365,-90.921111,29.24916667,07381349,USGS,IAN,2022,3180.0
2022-09-27 06:00:00,1.487,0.129,-1.358,-90.921111,29.24916667,07381349,USGS,IAN,2022,3240.0
2022-09-27 07:00:00,1.417,0.138,-1.279,-90.921111,29.24916667,07381349,USGS,IAN,2022,3300.0
2022-09-27 08:00:00,1.347,0.114,-1.233,-90.921111,29.24916667,07381349,USGS,IAN,2022,3360.0
2022-09-27 09:00:00,1.507,0.057,-1.45,-90.921111,29.24916667,07381349,USGS,IAN,2022,3420.0
2022-09-27 10:00:00,1.547,-0.019,-1.5659999999999998,-90.921111,29.24916667,07381349,USGS,IAN,2022,3480.0
2022-09-27 11:00:00,1.497,-0.111,-1.608,-90.921111,29.24916667,07381349,USGS,IAN,2022,3540.0
2022-09-27 12:00:00,1.467,-0.209,-1.6760000000000002,-90.921111,29.24916667,07381349,USGS,IAN,2022,3600.0
2022-09-27 13:00:00,1.247,-0.296,-1.543,-90.921111,29.24916667,07381349,USGS,IAN,2022,3660.0
2022-09-27 14:00:00,1.147,-0.353,-1.5,-90.921111,29.24916667,07381349,USGS,IAN,2022,3720.0
2022-09-27 15:00:00,1.157,-0.356,-1.513,-90.921111,29.24916667,07381349,USGS,IAN,2022,3780.0
2022-09-27 16:00:00,1.237,-0.347,-1.584,-90.921111,29.24916667,07381349,USGS,IAN,2022,3840.0
2022-09-27 17:00:00,1.357,-0.239,-1.596,-90.921111,29.24916667,07381349,USGS,IAN,2022,3900.0
2022-09-27 18:00:00,1.457,-0.16,-1.617,-90.921111,29.24916667,07381349,USGS,IAN,2022,3960.0
2022-09-27 19:00:00,1.577,-0.044,-1.621,-90.921111,29.24916667,07381349,USGS,IAN,2022,4020.0
2022-09-27 20:00:00,1.777,0.082,-1.6949999999999998,-90.921111,29.24916667,07381349,USGS,IAN,2022,4080.0
2022-09-27 21:00:00,1.877,0.189,-1.688,-90.921111,29.24916667,07381349,USGS,IAN,2022,4140.0
2022-09-27 22:00:00,2.027,0.315,-1.7120000000000002,-90.921111,29.24916667,07381349,USGS,IAN,2022,4200.0
2022-09-27 23:00:00,2.097,0.351,-1.746,-90.921111,29.24916667,07381349,USGS,IAN,2022,4260.0
2022-09-28 00:00:00,2.117,0.361,-1.756,-90.921111,29.24916667,07381349,USGS,IAN,2022,4320.0
2022-09-28 01:00:00,2.067,0.34,-1.727,-90.921111,29.24916667,07381349,USGS,IAN,2022,4380.0
2022-09-28 02:00:00,2.017,0.314,-1.7029999999999998,-90.921111,29.24916667,07381349,USGS,IAN,2022,4440.0
2022-09-28 03:00:00,1.877,0.317,-1.56,-90.921111,29.24916667,07381349,USGS,IAN,2022,4500.0
2022-09-28 04:00:00,1.787,0.352,-1.435,-90.921111,29.24916667,07381349,USGS,IAN,2022,4560.0
2022-09-28 05:00:00,1.847,0.373,-1.474,-90.921111,29.24916667,07381349,USGS,IAN,2022,4620.0
2022-09-28 06:00:00,1.847,0.354,-1.493,-90.921111,29.24916667,07381349,USGS,IAN,2022,4680.0
2022-09-28 07:00:00,1.877,0.306,-1.571,-90.921111,29.24916667,07381349,USGS,IAN,2022,4740.0
2022-09-28 08:00:00,1.987,0.239,-1.7480000000000002,-90.921111,29.24916667,07381349,USGS,IAN,2022,4800.0
2022-09-28 09:00:00,2.047,0.133,-1.914,-90.921111,29.24916667,07381349,USGS,IAN,2022,4860.0
2022-09-28 10:00:00,2.077,0.044,-2.033,-90.921111,29.24916667,07381349,USGS,IAN,2022,4920.0
2022-09-28 11:00:00,2.047,-0.057,-2.104,-90.921111,29.24916667,07381349,USGS,IAN,2022,4980.0
2022-09-28 12:00:00,1.887,-0.173,-2.06,-90.921111,29.24916667,07381349,USGS,IAN,2022,5040.0
2022-09-28 13:00:00,1.737,-0.289,-2.026,-90.921111,29.24916667,07381349,USGS,IAN,2022,5100.0
2022-09-28 14:00:00,1.507,-0.347,-1.854,-90.921111,29.24916667,07381349,USGS,IAN,2022,5160.0
2022-09-28 15:00:00,1.367,-0.349,-1.716,-90.921111,29.24916667,07381349,USGS,IAN,2022,5220.0
2022-09-28 16:00:00,1.307,-0.35,-1.657,-90.921111,29.24916667,07381349,USGS,IAN,2022,5280.0
2022-09-28 17:00:00,1.207,-0.352,-1.5590000000000002,-90.921111,29.24916667,07381349,USGS,IAN,2022,5340.0
2022-09-28 18:00:00,1.447,-0.353,-1.8,-90.921111,29.24916667,07381349,USGS,IAN,2022,5400.0
2022-09-28 19:00:00,1.687,-0.353,-2.04,-90.921111,29.24916667,07381349,USGS,IAN,2022,5460.0
2022-09-28 20:00:00,1.587,-0.189,-1.776,-90.921111,29.24916667,07381349,USGS,IAN,2022,5520.0
2022-09-28 21:00:00,1.917,-0.063,-1.98,-90.921111,29.24916667,07381349,USGS,IAN,2022,5580.0
2022-09-28 22:00:00,2.037,0.09,-1.947,-90.921111,29.24916667,07381349,USGS,IAN,2022,5640.0
2022-09-28 23:00:00,2.277,0.188,-2.089,-90.921111,29.24916667,07381349,USGS,IAN,2022,5700.0
2022-09-29 00:00:00,2.267,0.304,-1.963,-90.921111,29.24916667,07381349,USGS,IAN,2022,5760.0
2022-09-29 01:00:00,2.357,0.376,-1.9810000000000003,-90.921111,29.24916667,07381349,USGS,IAN,2022,5820.0
2022-09-29 02:00:00,2.407,0.449,-1.958,-90.921111,29.24916667,07381349,USGS,IAN,2022,5880.0
2022-09-29 03:00:00,2.457,0.527,-1.93,-90.921111,29.24916667,07381349,USGS,IAN,2022,5940.0
2022-09-29 04:00:00,2.387,0.572,-1.815,-90.921111,29.24916667,07381349,USGS,IAN,2022,6000.0
2022-09-29 05:00:00,2.317,0.615,-1.7020000000000002,-90.921111,29.24916667,07381349,USGS,IAN,2022,6060.0
2022-09-29 06:00:00,2.417,0.619,-1.7979999999999998,-90.921111,29.24916667,07381349,USGS,IAN,2022,6120.0
2022-09-29 07:00:00,2.447,0.561,-1.886,-90.921111,29.24916667,07381349,USGS,IAN,2022,6180.0
2022-09-29 08:00:00,2.447,0.481,-1.966,-90.921111,29.24916667,07381349,USGS,IAN,2022,6240.0
2022-09-29 09:00:00,2.427,0.379,-2.048,-90.921111,29.24916667,07381349,USGS,IAN,2022,6300.0
2022-09-29 10:00:00,2.337,0.272,-2.0650000000000004,-90.921111,29.24916667,07381349,USGS,IAN,2022,6360.0
2022-09-29 11:00:00,2.197,0.137,-2.06,-90.921111,29.24916667,07381349,USGS,IAN,2022,6420.0
2022-09-29 12:00:00,2.017,0.014,-2.003,-90.921111,29.24916667,07381349,USGS,IAN,2022,6480.0
2022-09-29 13:00:00,1.857,-0.126,-1.983,-90.921111,29.24916667,07381349,USGS,IAN,2022,6540.0
2022-09-29 14:00:00,1.587,-0.263,-1.85,-90.921111,29.24916667,07381349,USGS,IAN,2022,6600.0
2022-09-29 15:00:00,1.397,-0.326,-1.723,-90.921111,29.24916667,07381349,USGS,IAN,2022,6660.0
2022-09-29 16:00:00,1.157,-0.33,-1.487,-90.921111,29.24916667,07381349,USGS,IAN,2022,6720.0
2022-09-29 17:00:00,1.017,-0.329,-1.346,-90.921111,29.24916667,07381349,USGS,IAN,2022,6780.0
2022-09-29 18:00:00,1.117,-0.332,-1.449,-90.921111,29.24916667,07381349,USGS,IAN,2022,6840.0
2022-09-29 19:00:00,1.237,-0.334,-1.5710000000000002,-90.921111,29.24916667,07381349,USGS,IAN,2022,6900.0
2022-09-29 20:00:00,1.387,-0.336,-1.723,-90.921111,29.24916667,07381349,USGS,IAN,2022,6960.0
2022-09-29 21:00:00,1.567,-0.355,-1.922,-90.921111,29.24916667,07381349,USGS,IAN,2022,7020.0
2022-09-29 22:00:00,1.697,-0.169,-1.866,-90.921111,29.24916667,07381349,USGS,IAN,2022,7080.0
2022-09-29 23:00:00,1.827,-0.018,-1.845,-90.921111,29.24916667,07381349,USGS,IAN,2022,7140.0
2022-09-30 00:00:00,1.907,0.129,-1.778,-90.921111,29.24916667,07381349,USGS,IAN,2022,7200.0
2022-09-30 01:00:00,1.977,0.197,-1.78,-90.921111,29.24916667,07381349,USGS,IAN,2022,7260.0
2022-09-30 02:00:00,2.057,0.314,-1.743,-90.921111,29.24916667,07381349,USGS,IAN,2022,7320.0
2022-09-30 03:00:00,2.107,0.392,-1.7150000000000003,-90.921111,29.24916667,07381349,USGS,IAN,2022,7380.0
2022-09-30 04:00:00,1.977,0.474,-1.503,-90.921111,29.24916667,07381349,USGS,IAN,2022,7440.0
2022-09-30 05:00:00,2.027,0.562,-1.465,-90.921111,29.24916667,07381349,USGS,IAN,2022,7500.0
2022-09-30 06:00:00,2.117,0.612,-1.505,-90.921111,29.24916667,07381349,USGS,IAN,2022,7560.0
2022-09-30 07:00:00,2.117,0.632,-1.485,-90.921111,29.24916667,07381349,USGS,IAN,2022,7620.0
2022-09-30 08:00:00,2.097,0.578,-1.519,-90.921111,29.24916667,07381349,USGS,IAN,2022,7680.0
2022-09-30 09:00:00,2.167,0.481,-1.686,-90.921111,29.24916667,07381349,USGS,IAN,2022,7740.0
2022-09-30 10:00:00,2.077,0.354,-1.723,-90.921111,29.24916667,07381349,USGS,IAN,2022,7800.0
2022-09-30 11:00:00,1.947,0.234,-1.713,-90.921111,29.24916667,07381349,USGS,IAN,2022,7860.0
2022-09-30 12:00:00,1.767,0.115,-1.652,-90.921111,29.24916667,07381349,USGS,IAN,2022,7920.0
2022-09-30 13:00:00,1.367,-0.043,-1.41,-90.921111,29.24916667,07381349,USGS,IAN,2022,7980.0
2022-09-30 14:00:00,1.077,-0.183,-1.26,-90.921111,29.24916667,07381349,USGS,IAN,2022,8040.0
2022-09-30 15:00:00,0.757,-0.315,-1.072,-90.921111,29.24916667,07381349,USGS,IAN,2022,8100.0
2022-09-30 16:00:00,0.447,-0.323,-0.77,-90.921111,29.24916667,07381349,USGS,IAN,2022,8160.0
2022-09-30 17:00:00,0.367,-0.323,-0.69,-90.921111,29.24916667,07381349,USGS,IAN,2022,8220.0
2022-09-30 18:00:00,0.287,-0.325,-0.612,-90.921111,29.24916667,07381349,USGS,IAN,2022,8280.0
2022-09-30 19:00:00,0.397,-0.326,-0.7230000000000001,-90.921111,29.24916667,07381349,USGS,IAN,2022,8340.0
2022-09-30 20:00:00,0.647,-0.328,-0.975,-90.921111,29.24916667,07381349,USGS,IAN,2022,8400.0
2022-09-30 21:00:00,0.867,-0.33,-1.197,-90.921111,29.24916667,07381349,USGS,IAN,2022,8460.0
2022-09-30 22:00:00,1.057,-0.331,-1.388,-90.921111,29.24916667,07381349,USGS,IAN,2022,8520.0
2022-09-30 23:00:00,1.287,-0.342,-1.629,-90.921111,29.24916667,07381349,USGS,IAN,2022,8580.0
2022-10-01 00:00:00,1.497,-0.123,-1.62,-90.921111,29.24916667,07381349,USGS,IAN,2022,8640.0
2022-10-01 01:00:00,1.667,0.045,-1.622,-90.921111,29.24916667,07381349,USGS,IAN,2022,8700.0
2022-10-01 02:00:00,1.797,0.19,-1.607,-90.921111,29.24916667,07381349,USGS,IAN,2022,8760.0
2022-10-01 03:00:00,1.877,0.318,-1.559,-90.921111,29.24916667,07381349,USGS,IAN,2022,8820.0
2022-10-01 04:00:00,1.967,0.454,-1.513,-90.921111,29.24916667,07381349,USGS,IAN,2022,8880.0
2022-10-01 05:00:00,2.037,0.559,-1.4779999999999998,-90.921111,29.24916667,07381349,USGS,IAN,2022,8940.0
2022-10-01 06:00:00,2.117,0.629,-1.488,-90.921111,29.24916667,07381349,USGS,IAN,2022,9000.0
2022-10-01 07:00:00,2.197,0.703,-1.4940000000000002,-90.921111,29.24916667,07381349,USGS,IAN,2022,9060.0
2022-10-01 08:00:00,2.187,0.734,-1.4529999999999998,-90.921111,29.24916667,07381349,USGS,IAN,2022,9120.0
2022-10-01 09:00:00,2.107,0.666,-1.4410000000000005,-90.921111,29.24916667,07381349,USGS,IAN,2022,9180.0
2022-10-01 10:00:00,2.017,0.555,-1.4619999999999995,-90.921111,29.24916667,07381349,USGS,IAN,2022,9240.0
2022-10-01 11:00:00,1.857,0.437,-1.42,-90.921111,29.24916667,07381349,USGS,IAN,2022,9300.0
2022-10-01 12:00:00,1.697,0.3,-1.397,-90.921111,29.24916667,07381349,USGS,IAN,2022,9360.0
2022-10-01 13:00:00,1.457,0.163,-1.294,-90.921111,29.24916667,07381349,USGS,IAN,2022,9420.0
2022-10-01 14:00:00,1.277,0.048,-1.229,-90.921111,29.24916667,07381349,USGS,IAN,2022,9480.0
2022-10-01 15:00:00,0.897,-0.075,-0.972,-90.921111,29.24916667,07381349,USGS,IAN,2022,9540.0
2022-10-01 16:00:00,0.727,-0.222,-0.949,-90.921111,29.24916667,07381349,USGS,IAN,2022,9600.0
2022-10-01 17:00:00,0.547,-0.268,-0.8150000000000001,-90.921111,29.24916667,07381349,USGS,IAN,2022,9660.0
2022-10-01 18:00:00,0.487,-0.283,-0.77,-90.921111,29.24916667,07381349,USGS,IAN,2022,9720.0
2022-10-01 19:00:00,0.527,-0.296,-0.823,-90.921111,29.24916667,07381349,USGS,IAN,2022,9780.0
2022-10-01 20:00:00,0.657,-0.313,-0.97,-90.921111,29.24916667,07381349,USGS,IAN,2022,9840.0
2022-10-01 21:00:00,0.847,-0.315,-1.162,-90.921111,29.24916667,07381349,USGS,IAN,2022,9900.0
2022-10-01 22:00:00,1.047,-0.317,-1.364,-90.921111,29.24916667,07381349,USGS,IAN,2022,9960.0
2022-10-01 23:00:00,1.327,-0.319,-1.646,-90.921111,29.24916667,07381349,USGS,IAN,2022,10020.0
2022-09-25 01:00:00,0.397,-0.336,-0.7330000000000001,-90.871389,29.078056,073813498,USGS,IAN,2022,60.0
2022-09-25 02:00:00,0.527,-0.286,-0.813,-90.871389,29.078056,073813498,USGS,IAN,2022,120.0
2022-09-25 03:00:00,0.707,-0.23,-0.937,-90.871389,29.078056,073813498,USGS,IAN,2022,180.0
2022-09-25 04:00:00,0.747,-0.157,-0.904,-90.871389,29.078056,073813498,USGS,IAN,2022,240.0
2022-09-25 05:00:00,0.897,-0.065,-0.962,-90.871389,29.078056,073813498,USGS,IAN,2022,300.0
2022-09-25 06:00:00,1.087,0.009,-1.078,-90.871389,29.078056,073813498,USGS,IAN,2022,360.0
2022-09-25 07:00:00,1.217,0.034,-1.183,-90.871389,29.078056,073813498,USGS,IAN,2022,420.0
2022-09-25 08:00:00,1.297,0.028,-1.269,-90.871389,29.078056,073813498,USGS,IAN,2022,480.0
2022-09-25 09:00:00,1.237,0.003,-1.2340000000000002,-90.871389,29.078056,073813498,USGS,IAN,2022,540.0
2022-09-25 10:00:00,1.197,-0.033,-1.23,-90.871389,29.078056,073813498,USGS,IAN,2022,600.0
2022-09-25 11:00:00,1.097,-0.044,-1.141,-90.871389,29.078056,073813498,USGS,IAN,2022,660.0
2022-09-25 12:00:00,1.057,-0.007,-1.0639999999999998,-90.871389,29.078056,073813498,USGS,IAN,2022,720.0
2022-09-25 13:00:00,1.097,0.064,-1.033,-90.871389,29.078056,073813498,USGS,IAN,2022,780.0
2022-09-25 14:00:00,1.087,0.124,-0.963,-90.871389,29.078056,073813498,USGS,IAN,2022,840.0
2022-09-25 15:00:00,1.247,0.179,-1.068,-90.871389,29.078056,073813498,USGS,IAN,2022,900.0
2022-09-25 16:00:00,1.287,0.237,-1.0499999999999998,-90.871389,29.078056,073813498,USGS,IAN,2022,960.0
2022-09-25 17:00:00,1.337,0.293,-1.044,-90.871389,29.078056,073813498,USGS,IAN,2022,1020.0
2022-09-25 18:00:00,1.287,0.317,-0.97,-90.871389,29.078056,073813498,USGS,IAN,2022,1080.0
2022-09-25 19:00:00,1.247,0.284,-0.963,-90.871389,29.078056,073813498,USGS,IAN,2022,1140.0
2022-09-25 20:00:00,1.137,0.216,-0.921,-90.871389,29.078056,073813498,USGS,IAN,2022,1200.0
2022-09-25 21:00:00,0.947,0.115,-0.832,-90.871389,29.078056,073813498,USGS,IAN,2022,1260.0
2022-09-25 22:00:00,0.757,-0.007,-0.764,-90.871389,29.078056,073813498,USGS,IAN,2022,1320.0
2022-09-25 23:00:00,0.677,-0.111,-0.788,-90.871389,29.078056,073813498,USGS,IAN,2022,1380.0
2022-09-26 00:00:00,0.687,-0.175,-0.8620000000000001,-90.871389,29.078056,073813498,USGS,IAN,2022,1440.0
2022-09-26 01:00:00,0.787,-0.16,-0.947,-90.871389,29.078056,073813498,USGS,IAN,2022,1500.0
2022-09-26 02:00:00,0.917,-0.13,-1.0470000000000002,-90.871389,29.078056,073813498,USGS,IAN,2022,1560.0
2022-09-26 03:00:00,1.027,-0.106,-1.133,-90.871389,29.078056,073813498,USGS,IAN,2022,1620.0
2022-09-26 04:00:00,1.197,-0.074,-1.271,-90.871389,29.078056,073813498,USGS,IAN,2022,1680.0
2022-09-26 05:00:00,1.367,-0.018,-1.385,-90.871389,29.078056,073813498,USGS,IAN,2022,1740.0
2022-09-26 06:00:00,1.457,0.038,-1.419,-90.871389,29.078056,073813498,USGS,IAN,2022,1800.0
2022-09-26 07:00:00,1.577,0.031,-1.546,-90.871389,29.078056,073813498,USGS,IAN,2022,1860.0
2022-09-26 08:00:00,1.597,-0.011,-1.608,-90.871389,29.078056,073813498,USGS,IAN,2022,1920.0
2022-09-26 09:00:00,1.557,-0.068,-1.625,-90.871389,29.078056,073813498,USGS,IAN,2022,1980.0
2022-09-26 10:00:00,1.457,-0.144,-1.601,-90.871389,29.078056,073813498,USGS,IAN,2022,2040.0
2022-09-26 11:00:00,1.377,-0.22,-1.597,-90.871389,29.078056,073813498,USGS,IAN,2022,2100.0
2022-09-26 12:00:00,1.337,-0.241,-1.5779999999999998,-90.871389,29.078056,073813498,USGS,IAN,2022,2160.0
2022-09-26 13:00:00,1.337,-0.18,-1.517,-90.871389,29.078056,073813498,USGS,IAN,2022,2220.0
2022-09-26 14:00:00,1.357,-0.097,-1.454,-90.871389,29.078056,073813498,USGS,IAN,2022,2280.0
2022-09-26 15:00:00,1.427,-0.013,-1.44,-90.871389,29.078056,073813498,USGS,IAN,2022,2340.0
2022-09-26 16:00:00,1.357,0.074,-1.283,-90.871389,29.078056,073813498,USGS,IAN,2022,2400.0
2022-09-26 17:00:00,1.397,0.157,-1.24,-90.871389,29.078056,073813498,USGS,IAN,2022,2460.0
2022-09-26 18:00:00,1.397,0.233,-1.164,-90.871389,29.078056,073813498,USGS,IAN,2022,2520.0
2022-09-26 19:00:00,1.397,0.278,-1.119,-90.871389,29.078056,073813498,USGS,IAN,2022,2580.0
2022-09-26 20:00:00,1.447,0.27,-1.177,-90.871389,29.078056,073813498,USGS,IAN,2022,2640.0
2022-09-26 21:00:00,1.367,0.222,-1.145,-90.871389,29.078056,073813498,USGS,IAN,2022,2700.0
2022-09-26 22:00:00,1.167,0.154,-1.013,-90.871389,29.078056,073813498,USGS,IAN,2022,2760.0
2022-09-26 23:00:00,1.127,0.089,-1.038,-90.871389,29.078056,073813498,USGS,IAN,2022,2820.0
2022-09-27 00:00:00,1.067,0.042,-1.025,-90.871389,29.078056,073813498,USGS,IAN,2022,2880.0
2022-09-27 01:00:00,0.967,0.056,-0.911,-90.871389,29.078056,073813498,USGS,IAN,2022,2940.0
2022-09-27 02:00:00,0.937,0.102,-0.8350000000000001,-90.871389,29.078056,073813498,USGS,IAN,2022,3000.0
2022-09-27 03:00:00,1.107,0.123,-0.984,-90.871389,29.078056,073813498,USGS,IAN,2022,3060.0
2022-09-27 04:00:00,0.977,0.128,-0.849,-90.871389,29.078056,073813498,USGS,IAN,2022,3120.0
2022-09-27 05:00:00,1.067,0.125,-0.942,-90.871389,29.078056,073813498,USGS,IAN,2022,3180.0
2022-09-27 06:00:00,0.927,0.108,-0.8190000000000001,-90.871389,29.078056,073813498,USGS,IAN,2022,3240.0
2022-09-27 07:00:00,1.057,0.065,-0.992,-90.871389,29.078056,073813498,USGS,IAN,2022,3300.0
2022-09-27 08:00:00,1.367,-0.017,-1.384,-90.871389,29.078056,073813498,USGS,IAN,2022,3360.0
2022-09-27 09:00:00,1.287,-0.135,-1.422,-90.871389,29.078056,073813498,USGS,IAN,2022,3420.0
2022-09-27 10:00:00,1.137,-0.269,-1.406,-90.871389,29.078056,073813498,USGS,IAN,2022,3480.0
2022-09-27 11:00:00,1.007,-0.391,-1.398,-90.871389,29.078056,073813498,USGS,IAN,2022,3540.0
2022-09-27 12:00:00,0.927,-0.478,-1.405,-90.871389,29.078056,073813498,USGS,IAN,2022,3600.0
2022-09-27 13:00:00,1.017,-0.496,-1.513,-90.871389,29.078056,073813498,USGS,IAN,2022,3660.0
2022-09-27 14:00:00,0.967,-0.438,-1.405,-90.871389,29.078056,073813498,USGS,IAN,2022,3720.0
2022-09-27 15:00:00,1.277,-0.344,-1.621,-90.871389,29.078056,073813498,USGS,IAN,2022,3780.0
2022-09-27 16:00:00,1.297,-0.238,-1.535,-90.871389,29.078056,073813498,USGS,IAN,2022,3840.0
2022-09-27 17:00:00,1.327,-0.12,-1.447,-90.871389,29.078056,073813498,USGS,IAN,2022,3900.0
2022-09-27 18:00:00,1.427,0.022,-1.405,-90.871389,29.078056,073813498,USGS,IAN,2022,3960.0
2022-09-27 19:00:00,1.477,0.165,-1.312,-90.871389,29.078056,073813498,USGS,IAN,2022,4020.0
2022-09-27 20:00:00,1.547,0.266,-1.281,-90.871389,29.078056,073813498,USGS,IAN,2022,4080.0
2022-09-27 21:00:00,1.657,0.326,-1.331,-90.871389,29.078056,073813498,USGS,IAN,2022,4140.0
2022-09-27 22:00:00,1.707,0.335,-1.372,-90.871389,29.078056,073813498,USGS,IAN,2022,4200.0
2022-09-27 23:00:00,1.687,0.323,-1.364,-90.871389,29.078056,073813498,USGS,IAN,2022,4260.0
2022-09-28 00:00:00,1.687,0.314,-1.373,-90.871389,29.078056,073813498,USGS,IAN,2022,4320.0
2022-09-28 01:00:00,1.647,0.333,-1.314,-90.871389,29.078056,073813498,USGS,IAN,2022,4380.0
2022-09-28 02:00:00,1.537,0.377,-1.16,-90.871389,29.078056,073813498,USGS,IAN,2022,4440.0
2022-09-28 03:00:00,1.467,0.404,-1.0630000000000002,-90.871389,29.078056,073813498,USGS,IAN,2022,4500.0
2022-09-28 04:00:00,1.527,0.38,-1.1469999999999998,-90.871389,29.078056,073813498,USGS,IAN,2022,4560.0
2022-09-28 05:00:00,1.747,0.322,-1.425,-90.871389,29.078056,073813498,USGS,IAN,2022,4620.0
2022-09-28 06:00:00,1.787,0.263,-1.524,-90.871389,29.078056,073813498,USGS,IAN,2022,4680.0
2022-09-28 07:00:00,1.807,0.194,-1.613,-90.871389,29.078056,073813498,USGS,IAN,2022,4740.0
2022-09-28 08:00:00,1.747,0.077,-1.6700000000000002,-90.871389,29.078056,073813498,USGS,IAN,2022,4800.0
2022-09-28 09:00:00,1.877,-0.081,-1.958,-90.871389,29.078056,073813498,USGS,IAN,2022,4860.0
2022-09-28 10:00:00,1.637,-0.248,-1.885,-90.871389,29.078056,073813498,USGS,IAN,2022,4920.0
2022-09-28 11:00:00,1.487,-0.433,-1.92,-90.871389,29.078056,073813498,USGS,IAN,2022,4980.0
2022-09-28 12:00:00,1.287,-0.591,-1.878,-90.871389,29.078056,073813498,USGS,IAN,2022,5040.0
2022-09-28 13:00:00,1.167,-0.703,-1.87,-90.871389,29.078056,073813498,USGS,IAN,2022,5100.0
2022-09-28 14:00:00,1.007,-0.727,-1.734,-90.871389,29.078056,073813498,USGS,IAN,2022,5160.0
2022-09-28 15:00:00,1.027,-0.665,-1.692,-90.871389,29.078056,073813498,USGS,IAN,2022,5220.0
2022-09-28 16:00:00,1.027,-0.557,-1.584,-90.871389,29.078056,073813498,USGS,IAN,2022,5280.0
2022-09-28 17:00:00,1.257,-0.447,-1.704,-90.871389,29.078056,073813498,USGS,IAN,2022,5340.0
2022-09-28 18:00:00,1.547,-0.32,-1.867,-90.871389,29.078056,073813498,USGS,IAN,2022,5400.0
2022-09-28 19:00:00,1.717,-0.146,-1.863,-90.871389,29.078056,073813498,USGS,IAN,2022,5460.0
2022-09-28 20:00:00,1.617,0.048,-1.569,-90.871389,29.078056,073813498,USGS,IAN,2022,5520.0
2022-09-28 21:00:00,1.847,0.198,-1.649,-90.871389,29.078056,073813498,USGS,IAN,2022,5580.0
2022-09-28 22:00:00,2.027,0.295,-1.7320000000000002,-90.871389,29.078056,073813498,USGS,IAN,2022,5640.0
2022-09-28 23:00:00,1.897,0.382,-1.515,-90.871389,29.078056,073813498,USGS,IAN,2022,5700.0
2022-09-29 00:00:00,1.837,0.469,-1.368,-90.871389,29.078056,073813498,USGS,IAN,2022,5760.0
2022-09-29 01:00:00,2.107,0.536,-1.5710000000000002,-90.871389,29.078056,073813498,USGS,IAN,2022,5820.0
2022-09-29 02:00:00,2.207,0.61,-1.597,-90.871389,29.078056,073813498,USGS,IAN,2022,5880.0
2022-09-29 03:00:00,1.997,0.672,-1.3250000000000002,-90.871389,29.078056,073813498,USGS,IAN,2022,5940.0
2022-09-29 04:00:00,1.837,0.68,-1.157,-90.871389,29.078056,073813498,USGS,IAN,2022,6000.0
2022-09-29 05:00:00,1.967,0.625,-1.342,-90.871389,29.078056,073813498,USGS,IAN,2022,6060.0
2022-09-29 06:00:00,2.167,0.539,-1.6279999999999997,-90.871389,29.078056,073813498,USGS,IAN,2022,6120.0
2022-09-29 07:00:00,2.117,0.454,-1.663,-90.871389,29.078056,073813498,USGS,IAN,2022,6180.0
2022-09-29 08:00:00,1.897,0.328,-1.569,-90.871389,29.078056,073813498,USGS,IAN,2022,6240.0
2022-09-29 09:00:00,1.807,0.151,-1.656,-90.871389,29.078056,073813498,USGS,IAN,2022,6300.0
2022-09-29 10:00:00,1.637,-0.06,-1.697,-90.871389,29.078056,073813498,USGS,IAN,2022,6360.0
2022-09-29 11:00:00,1.407,-0.295,-1.702,-90.871389,29.078056,073813498,USGS,IAN,2022,6420.0
2022-09-29 12:00:00,1.227,-0.528,-1.755,-90.871389,29.078056,073813498,USGS,IAN,2022,6480.0
2022-09-29 13:00:00,1.147,-0.706,-1.853,-90.871389,29.078056,073813498,USGS,IAN,2022,6540.0
2022-09-29 14:00:00,0.937,-0.817,-1.754,-90.871389,29.078056,073813498,USGS,IAN,2022,6600.0
2022-09-29 15:00:00,0.647,-0.854,-1.501,-90.871389,29.078056,073813498,USGS,IAN,2022,6660.0
2022-09-29 16:00:00,0.527,-0.823,-1.35,-90.871389,29.078056,073813498,USGS,IAN,2022,6720.0
2022-09-29 17:00:00,0.707,-0.759,-1.466,-90.871389,29.078056,073813498,USGS,IAN,2022,6780.0
2022-09-29 18:00:00,0.667,-0.663,-1.33,-90.871389,29.078056,073813498,USGS,IAN,2022,6840.0
2022-09-29 19:00:00,1.007,-0.53,-1.537,-90.871389,29.078056,073813498,USGS,IAN,2022,6900.0
2022-09-29 20:00:00,0.957,-0.336,-1.293,-90.871389,29.078056,073813498,USGS,IAN,2022,6960.0
2022-09-29 21:00:00,1.137,-0.109,-1.246,-90.871389,29.078056,073813498,USGS,IAN,2022,7020.0
2022-09-29 22:00:00,1.157,0.096,-1.061,-90.871389,29.078056,073813498,USGS,IAN,2022,7080.0
2022-09-29 23:00:00,1.237,0.214,-1.023,-90.871389,29.078056,073813498,USGS,IAN,2022,7140.0
2022-09-30 00:00:00,1.297,0.3,-0.997,-90.871389,29.078056,073813498,USGS,IAN,2022,7200.0
2022-09-30 01:00:00,1.327,0.391,-0.936,-90.871389,29.078056,073813498,USGS,IAN,2022,7260.0
2022-09-30 02:00:00,1.387,0.48,-0.907,-90.871389,29.078056,073813498,USGS,IAN,2022,7320.0
2022-09-30 03:00:00,1.337,0.573,-0.764,-90.871389,29.078056,073813498,USGS,IAN,2022,7380.0
2022-09-30 04:00:00,1.537,0.659,-0.8779999999999999,-90.871389,29.078056,073813498,USGS,IAN,2022,7440.0
2022-09-30 05:00:00,1.557,0.694,-0.863,-90.871389,29.078056,073813498,USGS,IAN,2022,7500.0
2022-09-30 06:00:00,1.587,0.628,-0.959,-90.871389,29.078056,073813498,USGS,IAN,2022,7560.0
2022-09-30 07:00:00,1.487,0.505,-0.982,-90.871389,29.078056,073813498,USGS,IAN,2022,7620.0
2022-09-30 08:00:00,1.607,0.375,-1.232,-90.871389,29.078056,073813498,USGS,IAN,2022,7680.0
2022-09-30 09:00:00,1.417,0.221,-1.196,-90.871389,29.078056,073813498,USGS,IAN,2022,7740.0
2022-09-30 10:00:00,1.307,0.019,-1.288,-90.871389,29.078056,073813498,USGS,IAN,2022,7800.0
2022-09-30 11:00:00,1.057,-0.209,-1.266,-90.871389,29.078056,073813498,USGS,IAN,2022,7860.0
2022-09-30 12:00:00,0.797,-0.439,-1.236,-90.871389,29.078056,073813498,USGS,IAN,2022,7920.0
2022-09-30 13:00:00,0.537,-0.678,-1.215,-90.871389,29.078056,073813498,USGS,IAN,2022,7980.0
2022-09-30 14:00:00,0.237,-0.873,-1.11,-90.871389,29.078056,073813498,USGS,IAN,2022,8040.0
2022-09-30 15:00:00,0.047,-1.006,-1.053,-90.871389,29.078056,073813498,USGS,IAN,2022,8100.0
2022-09-30 16:00:00,-0.113,-1.065,-0.952,-90.871389,29.078056,073813498,USGS,IAN,2022,8160.0
2022-09-30 17:00:00,-0.203,-1.035,-0.8319999999999999,-90.871389,29.078056,073813498,USGS,IAN,2022,8220.0
2022-09-30 18:00:00,-0.123,-0.955,-0.832,-90.871389,29.078056,073813498,USGS,IAN,2022,8280.0
2022-09-30 19:00:00,0.027,-0.859,-0.886,-90.871389,29.078056,073813498,USGS,IAN,2022,8340.0
2022-09-30 20:00:00,0.087,-0.722,-0.8089999999999999,-90.871389,29.078056,073813498,USGS,IAN,2022,8400.0
2022-09-30 21:00:00,0.217,-0.519,-0.736,-90.871389,29.078056,073813498,USGS,IAN,2022,8460.0
2022-09-30 22:00:00,0.337,-0.26,-0.597,-90.871389,29.078056,073813498,USGS,IAN,2022,8520.0
2022-09-30 23:00:00,0.627,-0.009,-0.636,-90.871389,29.078056,073813498,USGS,IAN,2022,8580.0
2022-10-01 00:00:00,0.867,0.217,-0.65,-90.871389,29.078056,073813498,USGS,IAN,2022,8640.0
2022-10-01 01:00:00,0.967,0.386,-0.581,-90.871389,29.078056,073813498,USGS,IAN,2022,8700.0
2022-10-01 02:00:00,1.027,0.531,-0.4959999999999999,-90.871389,29.078056,073813498,USGS,IAN,2022,8760.0
2022-10-01 03:00:00,1.137,0.649,-0.488,-90.871389,29.078056,073813498,USGS,IAN,2022,8820.0
2022-10-01 04:00:00,1.197,0.747,-0.45,-90.871389,29.078056,073813498,USGS,IAN,2022,8880.0
2022-10-01 05:00:00,1.247,0.816,-0.4310000000000001,-90.871389,29.078056,073813498,USGS,IAN,2022,8940.0
2022-10-01 06:00:00,1.397,0.815,-0.5820000000000001,-90.871389,29.078056,073813498,USGS,IAN,2022,9000.0
2022-10-01 07:00:00,1.387,0.727,-0.66,-90.871389,29.078056,073813498,USGS,IAN,2022,9060.0
2022-10-01 08:00:00,1.397,0.591,-0.806,-90.871389,29.078056,073813498,USGS,IAN,2022,9120.0
2022-10-01 09:00:00,1.197,0.447,-0.75,-90.871389,29.078056,073813498,USGS,IAN,2022,9180.0
2022-10-01 10:00:00,1.157,0.279,-0.878,-90.871389,29.078056,073813498,USGS,IAN,2022,9240.0
2022-10-01 11:00:00,0.927,0.062,-0.865,-90.871389,29.078056,073813498,USGS,IAN,2022,9300.0
2022-10-01 12:00:00,0.847,-0.185,-1.032,-90.871389,29.078056,073813498,USGS,IAN,2022,9360.0
2022-10-01 13:00:00,0.587,-0.447,-1.034,-90.871389,29.078056,073813498,USGS,IAN,2022,9420.0
2022-10-01 14:00:00,0.277,-0.715,-0.992,-90.871389,29.078056,073813498,USGS,IAN,2022,9480.0
2022-10-01 15:00:00,0.057,-0.947,-1.004,-90.871389,29.078056,073813498,USGS,IAN,2022,9540.0
2022-10-01 16:00:00,-0.053,-1.123,-1.07,-90.871389,29.078056,073813498,USGS,IAN,2022,9600.0
2022-10-01 17:00:00,-0.153,-1.238,-1.085,-90.871389,29.078056,073813498,USGS,IAN,2022,9660.0
2022-10-01 18:00:00,-0.183,-1.258,-1.075,-90.871389,29.078056,073813498,USGS,IAN,2022,9720.0
2022-10-01 19:00:00,-0.173,-1.191,-1.018,-90.871389,29.078056,073813498,USGS,IAN,2022,9780.0
2022-10-01 20:00:00,-0.053,-1.073,-1.02,-90.871389,29.078056,073813498,USGS,IAN,2022,9840.0
2022-10-01 21:00:00,0.117,-0.893,-1.01,-90.871389,29.078056,073813498,USGS,IAN,2022,9900.0
2022-10-01 22:00:00,0.557,-0.661,-1.218,-90.871389,29.078056,073813498,USGS,IAN,2022,9960.0
2022-10-01 23:00:00,0.797,-0.381,-1.178,-90.871389,29.078056,073813498,USGS,IAN,2022,10020.0
2022-09-25 01:00:00,0.045,0.055,0.01,-91.4456662,29.89270406,073815450,USGS,IAN,2022,60.0
2022-09-25 02:00:00,-0.055,-0.016,0.039,-91.4456662,29.89270406,073815450,USGS,IAN,2022,120.0
2022-09-25 03:00:00,-0.065,-0.087,-0.0219999999999999,-91.4456662,29.89270406,073815450,USGS,IAN,2022,180.0
2022-09-25 04:00:00,-0.135,-0.151,-0.0159999999999999,-91.4456662,29.89270406,073815450,USGS,IAN,2022,240.0
2022-09-25 05:00:00,-0.185,-0.206,-0.0209999999999999,-91.4456662,29.89270406,073815450,USGS,IAN,2022,300.0
2022-09-25 06:00:00,-0.215,-0.229,-0.014,-91.4456662,29.89270406,073815450,USGS,IAN,2022,360.0
2022-09-25 07:00:00,-0.195,-0.188,0.007,-91.4456662,29.89270406,073815450,USGS,IAN,2022,420.0
2022-09-25 08:00:00,-0.115,-0.097,0.018,-91.4456662,29.89270406,073815450,USGS,IAN,2022,480.0
2022-09-25 09:00:00,0.005,-0.011,-0.016,-91.4456662,29.89270406,073815450,USGS,IAN,2022,540.0
2022-09-25 10:00:00,0.135,0.063,-0.072,-91.4456662,29.89270406,073815450,USGS,IAN,2022,600.0
2022-09-25 11:00:00,0.235,0.125,-0.1099999999999999,-91.4456662,29.89270406,073815450,USGS,IAN,2022,660.0
2022-09-25 12:00:00,0.255,0.159,-0.096,-91.4456662,29.89270406,073815450,USGS,IAN,2022,720.0
2022-09-25 13:00:00,0.205,0.128,-0.0769999999999999,-91.4456662,29.89270406,073815450,USGS,IAN,2022,780.0
2022-09-25 14:00:00,0.135,0.044,-0.091,-91.4456662,29.89270406,073815450,USGS,IAN,2022,840.0
2022-09-25 15:00:00,0.045,-0.022,-0.067,-91.4456662,29.89270406,073815450,USGS,IAN,2022,900.0
2022-09-25 16:00:00,-0.005,-0.066,-0.061,-91.4456662,29.89270406,073815450,USGS,IAN,2022,960.0
2022-09-25 17:00:00,-0.105,-0.086,0.019,-91.4456662,29.89270406,073815450,USGS,IAN,2022,1020.0
2022-09-25 18:00:00,-0.135,-0.044,0.091,-91.4456662,29.89270406,073815450,USGS,IAN,2022,1080.0
2022-09-25 19:00:00,-0.025,0.027,0.052,-91.4456662,29.89270406,073815450,USGS,IAN,2022,1140.0
2022-09-25 20:00:00,-0.045,0.088,0.133,-91.4456662,29.89270406,073815450,USGS,IAN,2022,1200.0
2022-09-25 21:00:00,0.015,0.154,0.139,-91.4456662,29.89270406,073815450,USGS,IAN,2022,1260.0
2022-09-25 22:00:00,0.195,0.224,0.0289999999999999,-91.4456662,29.89270406,073815450,USGS,IAN,2022,1320.0
2022-09-25 23:00:00,0.205,0.283,0.0779999999999999,-91.4456662,29.89270406,073815450,USGS,IAN,2022,1380.0
2022-09-26 00:00:00,0.145,0.285,0.1399999999999999,-91.4456662,29.89270406,073815450,USGS,IAN,2022,1440.0
2022-09-26 01:00:00,0.125,0.195,0.07,-91.4456662,29.89270406,073815450,USGS,IAN,2022,1500.0
2022-09-26 02:00:00,0.065,0.097,0.032,-91.4456662,29.89270406,073815450,USGS,IAN,2022,1560.0
2022-09-26 03:00:00,0.015,0.022,0.0069999999999999,-91.4456662,29.89270406,073815450,USGS,IAN,2022,1620.0
2022-09-26 04:00:00,-0.035,-0.046,-0.0109999999999999,-91.4456662,29.89270406,073815450,USGS,IAN,2022,1680.0
2022-09-26 05:00:00,-0.035,-0.107,-0.072,-91.4456662,29.89270406,073815450,USGS,IAN,2022,1740.0
2022-09-26 06:00:00,-0.005,-0.147,-0.142,-91.4456662,29.89270406,073815450,USGS,IAN,2022,1800.0
2022-09-26 07:00:00,0.015,-0.147,-0.1619999999999999,-91.4456662,29.89270406,073815450,USGS,IAN,2022,1860.0
2022-09-26 08:00:00,0.175,-0.086,-0.261,-91.4456662,29.89270406,073815450,USGS,IAN,2022,1920.0
2022-09-26 09:00:00,0.225,-0.002,-0.227,-91.4456662,29.89270406,073815450,USGS,IAN,2022,1980.0
2022-09-26 10:00:00,0.485,0.069,-0.416,-91.4456662,29.89270406,073815450,USGS,IAN,2022,2040.0
2022-09-26 11:00:00,0.545,0.13,-0.415,-91.4456662,29.89270406,073815450,USGS,IAN,2022,2100.0
2022-09-26 12:00:00,0.565,0.16,-0.4049999999999999,-91.4456662,29.89270406,073815450,USGS,IAN,2022,2160.0
2022-09-26 13:00:00,0.505,0.109,-0.396,-91.4456662,29.89270406,073815450,USGS,IAN,2022,2220.0
2022-09-26 14:00:00,0.355,0.016,-0.3389999999999999,-91.4456662,29.89270406,073815450,USGS,IAN,2022,2280.0
2022-09-26 15:00:00,0.365,-0.053,-0.418,-91.4456662,29.89270406,073815450,USGS,IAN,2022,2340.0
2022-09-26 16:00:00,0.215,-0.116,-0.331,-91.4456662,29.89270406,073815450,USGS,IAN,2022,2400.0
2022-09-26 17:00:00,0.125,-0.169,-0.294,-91.4456662,29.89270406,073815450,USGS,IAN,2022,2460.0
2022-09-26 18:00:00,0.115,-0.185,-0.3,-91.4456662,29.89270406,073815450,USGS,IAN,2022,2520.0
2022-09-26 19:00:00,0.075,-0.127,-0.202,-91.4456662,29.89270406,073815450,USGS,IAN,2022,2580.0
2022-09-26 20:00:00,0.085,-0.036,-0.121,-91.4456662,29.89270406,073815450,USGS,IAN,2022,2640.0
2022-09-26 21:00:00,0.005,0.043,0.038,-91.4456662,29.89270406,073815450,USGS,IAN,2022,2700.0
2022-09-26 22:00:00,0.075,0.123,0.048,-91.4456662,29.89270406,073815450,USGS,IAN,2022,2760.0
2022-09-26 23:00:00,0.115,0.201,0.086,-91.4456662,29.89270406,073815450,USGS,IAN,2022,2820.0
2022-09-27 00:00:00,0.315,0.267,-0.0479999999999999,-91.4456662,29.89270406,073815450,USGS,IAN,2022,2880.0
2022-09-27 01:00:00,0.165,0.274,0.109,-91.4456662,29.89270406,073815450,USGS,IAN,2022,2940.0
2022-09-27 02:00:00,0.125,0.193,0.068,-91.4456662,29.89270406,073815450,USGS,IAN,2022,3000.0
2022-09-27 03:00:00,0.105,0.095,-0.0099999999999999,-91.4456662,29.89270406,073815450,USGS,IAN,2022,3060.0
2022-09-27 04:00:00,0.015,0.027,0.012,-91.4456662,29.89270406,073815450,USGS,IAN,2022,3120.0
2022-09-27 05:00:00,-0.055,-0.024,0.031,-91.4456662,29.89270406,073815450,USGS,IAN,2022,3180.0
2022-09-27 06:00:00,-0.285,-0.047,0.238,-91.4456662,29.89270406,073815450,USGS,IAN,2022,3240.0
2022-09-27 07:00:00,-0.235,-0.024,0.211,-91.4456662,29.89270406,073815450,USGS,IAN,2022,3300.0
2022-09-27 08:00:00,-0.335,0.03,0.365,-91.4456662,29.89270406,073815450,USGS,IAN,2022,3360.0
2022-09-27 09:00:00,-0.375,0.077,0.452,-91.4456662,29.89270406,073815450,USGS,IAN,2022,3420.0
2022-09-27 10:00:00,-0.335,0.12,0.455,-91.4456662,29.89270406,073815450,USGS,IAN,2022,3480.0
2022-09-27 11:00:00,-0.335,0.153,0.488,-91.4456662,29.89270406,073815450,USGS,IAN,2022,3540.0
2022-09-27 12:00:00,-0.265,0.142,0.407,-91.4456662,29.89270406,073815450,USGS,IAN,2022,3600.0
2022-09-27 13:00:00,-0.315,0.06,0.375,-91.4456662,29.89270406,073815450,USGS,IAN,2022,3660.0
2022-09-27 14:00:00,-0.435,-0.02,0.415,-91.4456662,29.89270406,073815450,USGS,IAN,2022,3720.0
2022-09-27 15:00:00,-0.545,-0.093,0.452,-91.4456662,29.89270406,073815450,USGS,IAN,2022,3780.0
2022-09-27 16:00:00,-0.605,-0.161,0.4439999999999999,-91.4456662,29.89270406,073815450,USGS,IAN,2022,3840.0
2022-09-27 17:00:00,-0.715,-0.232,0.483,-91.4456662,29.89270406,073815450,USGS,IAN,2022,3900.0
2022-09-27 18:00:00,-0.635,-0.289,0.346,-91.4456662,29.89270406,073815450,USGS,IAN,2022,3960.0
2022-09-27 19:00:00,-0.695,-0.302,0.3929999999999999,-91.4456662,29.89270406,073815450,USGS,IAN,2022,4020.0
2022-09-27 20:00:00,-0.795,-0.239,0.556,-91.4456662,29.89270406,073815450,USGS,IAN,2022,4080.0
2022-09-27 21:00:00,-0.715,-0.137,0.578,-91.4456662,29.89270406,073815450,USGS,IAN,2022,4140.0
2022-09-27 22:00:00,-0.545,-0.043,0.502,-91.4456662,29.89270406,073815450,USGS,IAN,2022,4200.0
2022-09-27 23:00:00,-0.435,0.049,0.484,-91.4456662,29.89270406,073815450,USGS,IAN,2022,4260.0
2022-09-28 00:00:00,-0.255,0.139,0.394,-91.4456662,29.89270406,073815450,USGS,IAN,2022,4320.0
2022-09-28 01:00:00,-0.155,0.225,0.38,-91.4456662,29.89270406,073815450,USGS,IAN,2022,4380.0
2022-09-28 02:00:00,-0.055,0.28,0.335,-91.4456662,29.89270406,073815450,USGS,IAN,2022,4440.0
2022-09-28 03:00:00,-0.125,0.276,0.401,-91.4456662,29.89270406,073815450,USGS,IAN,2022,4500.0
2022-09-28 04:00:00,-0.195,0.211,0.406,-91.4456662,29.89270406,073815450,USGS,IAN,2022,4560.0
2022-09-28 05:00:00,-0.245,0.142,0.387,-91.4456662,29.89270406,073815450,USGS,IAN,2022,4620.0
2022-09-28 06:00:00,-0.235,0.111,0.346,-91.4456662,29.89270406,073815450,USGS,IAN,2022,4680.0
2022-09-28 07:00:00,-0.285,0.115,0.3999999999999999,-91.4456662,29.89270406,073815450,USGS,IAN,2022,4740.0
2022-09-28 08:00:00,-0.465,0.139,0.6040000000000001,-91.4456662,29.89270406,073815450,USGS,IAN,2022,4800.0
2022-09-28 09:00:00,-0.465,0.161,0.626,-91.4456662,29.89270406,073815450,USGS,IAN,2022,4860.0
2022-09-28 10:00:00,-0.515,0.173,0.688,-91.4456662,29.89270406,073815450,USGS,IAN,2022,4920.0
2022-09-28 11:00:00,-0.385,0.176,0.5609999999999999,-91.4456662,29.89270406,073815450,USGS,IAN,2022,4980.0
2022-09-28 12:00:00,-0.285,0.142,0.4269999999999999,-91.4456662,29.89270406,073815450,USGS,IAN,2022,5040.0
2022-09-28 13:00:00,-0.315,0.072,0.387,-91.4456662,29.89270406,073815450,USGS,IAN,2022,5100.0
2022-09-28 14:00:00,-0.515,0.001,0.516,-91.4456662,29.89270406,073815450,USGS,IAN,2022,5160.0
2022-09-28 15:00:00,-0.695,-0.071,0.624,-91.4456662,29.89270406,073815450,USGS,IAN,2022,5220.0
2022-09-28 16:00:00,-0.695,-0.144,0.5509999999999999,-91.4456662,29.89270406,073815450,USGS,IAN,2022,5280.0
2022-09-28 17:00:00,-0.835,-0.223,0.612,-91.4456662,29.89270406,073815450,USGS,IAN,2022,5340.0
2022-09-28 18:00:00,-0.785,-0.3,0.485,-91.4456662,29.89270406,073815450,USGS,IAN,2022,5400.0
2022-09-28 19:00:00,-0.915,-0.364,0.551,-91.4456662,29.89270406,073815450,USGS,IAN,2022,5460.0
2022-09-28 20:00:00,-0.895,-0.391,0.504,-91.4456662,29.89270406,073815450,USGS,IAN,2022,5520.0
2022-09-28 21:00:00,-0.845,-0.347,0.498,-91.4456662,29.89270406,073815450,USGS,IAN,2022,5580.0
2022-09-28 22:00:00,-0.685,-0.246,0.439,-91.4456662,29.89270406,073815450,USGS,IAN,2022,5640.0
2022-09-28 23:00:00,-0.425,-0.142,0.283,-91.4456662,29.89270406,073815450,USGS,IAN,2022,5700.0
2022-09-29 00:00:00,-0.235,-0.044,0.191,-91.4456662,29.89270406,073815450,USGS,IAN,2022,5760.0
2022-09-29 01:00:00,-0.105,0.055,0.16,-91.4456662,29.89270406,073815450,USGS,IAN,2022,5820.0
2022-09-29 02:00:00,-0.075,0.143,0.2179999999999999,-91.4456662,29.89270406,073815450,USGS,IAN,2022,5880.0
2022-09-29 03:00:00,-0.125,0.216,0.3409999999999999,-91.4456662,29.89270406,073815450,USGS,IAN,2022,5940.0
2022-09-29 04:00:00,-0.155,0.261,0.416,-91.4456662,29.89270406,073815450,USGS,IAN,2022,6000.0
2022-09-29 05:00:00,-0.225,0.276,0.501,-91.4456662,29.89270406,073815450,USGS,IAN,2022,6060.0
2022-09-29 06:00:00,-0.235,0.287,0.522,-91.4456662,29.89270406,073815450,USGS,IAN,2022,6120.0
2022-09-29 07:00:00,-0.235,0.314,0.5489999999999999,-91.4456662,29.89270406,073815450,USGS,IAN,2022,6180.0
2022-09-29 08:00:00,-0.295,0.343,0.638,-91.4456662,29.89270406,073815450,USGS,IAN,2022,6240.0
2022-09-29 09:00:00,-0.315,0.348,0.663,-91.4456662,29.89270406,073815450,USGS,IAN,2022,6300.0
2022-09-29 10:00:00,-0.245,0.325,0.5700000000000001,-91.4456662,29.89270406,073815450,USGS,IAN,2022,6360.0
2022-09-29 11:00:00,-0.225,0.274,0.499,-91.4456662,29.89270406,073815450,USGS,IAN,2022,6420.0
2022-09-29 12:00:00,-0.195,0.207,0.402,-91.4456662,29.89270406,073815450,USGS,IAN,2022,6480.0
2022-09-29 13:00:00,-0.175,0.143,0.3179999999999999,-91.4456662,29.89270406,073815450,USGS,IAN,2022,6540.0
2022-09-29 14:00:00,-0.235,0.073,0.308,-91.4456662,29.89270406,073815450,USGS,IAN,2022,6600.0
2022-09-29 15:00:00,-0.385,-0.002,0.383,-91.4456662,29.89270406,073815450,USGS,IAN,2022,6660.0
2022-09-29 16:00:00,-0.415,-0.084,0.3309999999999999,-91.4456662,29.89270406,073815450,USGS,IAN,2022,6720.0
2022-09-29 17:00:00,-0.555,-0.163,0.392,-91.4456662,29.89270406,073815450,USGS,IAN,2022,6780.0
2022-09-29 18:00:00,-0.615,-0.246,0.369,-91.4456662,29.89270406,073815450,USGS,IAN,2022,6840.0
2022-09-29 19:00:00,-0.695,-0.321,0.3739999999999999,-91.4456662,29.89270406,073815450,USGS,IAN,2022,6900.0
2022-09-29 20:00:00,-0.675,-0.388,0.287,-91.4456662,29.89270406,073815450,USGS,IAN,2022,6960.0
2022-09-29 21:00:00,-0.665,-0.432,0.233,-91.4456662,29.89270406,073815450,USGS,IAN,2022,7020.0
2022-09-29 22:00:00,-0.625,-0.419,0.206,-91.4456662,29.89270406,073815450,USGS,IAN,2022,7080.0
2022-09-29 23:00:00,-0.535,-0.329,0.206,-91.4456662,29.89270406,073815450,USGS,IAN,2022,7140.0
2022-09-30 00:00:00,-0.335,-0.22,0.115,-91.4456662,29.89270406,073815450,USGS,IAN,2022,7200.0
2022-09-30 01:00:00,-0.365,-0.108,0.257,-91.4456662,29.89270406,073815450,USGS,IAN,2022,7260.0
2022-09-30 02:00:00,-0.285,-0.004,0.2809999999999999,-91.4456662,29.89270406,073815450,USGS,IAN,2022,7320.0
2022-09-30 03:00:00,-0.205,0.091,0.296,-91.4456662,29.89270406,073815450,USGS,IAN,2022,7380.0
2022-09-30 04:00:00,-0.215,0.168,0.383,-91.4456662,29.89270406,073815450,USGS,IAN,2022,7440.0
2022-09-30 05:00:00,-0.225,0.224,0.449,-91.4456662,29.89270406,073815450,USGS,IAN,2022,7500.0
2022-09-30 06:00:00,-0.305,0.264,0.569,-91.4456662,29.89270406,073815450,USGS,IAN,2022,7560.0
2022-09-30 07:00:00,-0.395,0.298,0.6930000000000001,-91.4456662,29.89270406,073815450,USGS,IAN,2022,7620.0
2022-09-30 08:00:00,-0.355,0.339,0.694,-91.4456662,29.89270406,073815450,USGS,IAN,2022,7680.0
2022-09-30 09:00:00,-0.385,0.378,0.763,-91.4456662,29.89270406,073815450,USGS,IAN,2022,7740.0
2022-09-30 10:00:00,-0.155,0.384,0.539,-91.4456662,29.89270406,073815450,USGS,IAN,2022,7800.0
2022-09-30 11:00:00,-0.095,0.35,0.4449999999999999,-91.4456662,29.89270406,073815450,USGS,IAN,2022,7860.0
2022-09-30 12:00:00,-0.225,0.282,0.507,-91.4456662,29.89270406,073815450,USGS,IAN,2022,7920.0
2022-09-30 13:00:00,-0.205,0.202,0.407,-91.4456662,29.89270406,073815450,USGS,IAN,2022,7980.0
2022-09-30 14:00:00,-0.255,0.126,0.381,-91.4456662,29.89270406,073815450,USGS,IAN,2022,8040.0
2022-09-30 15:00:00,-0.395,0.049,0.444,-91.4456662,29.89270406,073815450,USGS,IAN,2022,8100.0
2022-09-30 16:00:00,-0.425,-0.032,0.393,-91.4456662,29.89270406,073815450,USGS,IAN,2022,8160.0
2022-09-30 17:00:00,-0.535,-0.114,0.421,-91.4456662,29.89270406,073815450,USGS,IAN,2022,8220.0
2022-09-30 18:00:00,-0.605,-0.2,0.4049999999999999,-91.4456662,29.89270406,073815450,USGS,IAN,2022,8280.0
2022-09-30 19:00:00,-0.705,-0.285,0.42,-91.4456662,29.89270406,073815450,USGS,IAN,2022,8340.0
2022-09-30 20:00:00,-0.815,-0.366,0.4489999999999999,-91.4456662,29.89270406,073815450,USGS,IAN,2022,8400.0
2022-09-30 21:00:00,-0.905,-0.434,0.471,-91.4456662,29.89270406,073815450,USGS,IAN,2022,8460.0
2022-09-30 22:00:00,-0.935,-0.48,0.455,-91.4456662,29.89270406,073815450,USGS,IAN,2022,8520.0
2022-09-30 23:00:00,-0.725,-0.472,0.253,-91.4456662,29.89270406,073815450,USGS,IAN,2022,8580.0
2022-10-01 00:00:00,-0.625,-0.406,0.2189999999999999,-91.4456662,29.89270406,073815450,USGS,IAN,2022,8640.0
2022-10-01 01:00:00,-0.545,-0.307,0.238,-91.4456662,29.89270406,073815450,USGS,IAN,2022,8700.0
2022-10-01 02:00:00,-0.355,-0.194,0.1609999999999999,-91.4456662,29.89270406,073815450,USGS,IAN,2022,8760.0
2022-10-01 03:00:00,-0.225,-0.085,0.14,-91.4456662,29.89270406,073815450,USGS,IAN,2022,8820.0
2022-10-01 04:00:00,-0.215,0.024,0.239,-91.4456662,29.89270406,073815450,USGS,IAN,2022,8880.0
2022-10-01 05:00:00,-0.215,0.127,0.3419999999999999,-91.4456662,29.89270406,073815450,USGS,IAN,2022,8940.0
2022-10-01 06:00:00,-0.135,0.228,0.363,-91.4456662,29.89270406,073815450,USGS,IAN,2022,9000.0
2022-10-01 07:00:00,-0.095,0.316,0.411,-91.4456662,29.89270406,073815450,USGS,IAN,2022,9060.0
2022-10-01 08:00:00,-0.115,0.385,0.5,-91.4456662,29.89270406,073815450,USGS,IAN,2022,9120.0
2022-10-01 09:00:00,-0.265,0.439,0.704,-91.4456662,29.89270406,073815450,USGS,IAN,2022,9180.0
2022-10-01 10:00:00,-0.275,0.467,0.742,-91.4456662,29.89270406,073815450,USGS,IAN,2022,9240.0
2022-10-01 11:00:00,-0.195,0.449,0.644,-91.4456662,29.89270406,073815450,USGS,IAN,2022,9300.0
2022-10-01 12:00:00,-0.145,0.381,0.526,-91.4456662,29.89270406,073815450,USGS,IAN,2022,9360.0
2022-10-01 13:00:00,-0.205,0.295,0.5,-91.4456662,29.89270406,073815450,USGS,IAN,2022,9420.0
2022-10-01 14:00:00,-0.305,0.211,0.516,-91.4456662,29.89270406,073815450,USGS,IAN,2022,9480.0
2022-10-01 15:00:00,-0.335,0.134,0.469,-91.4456662,29.89270406,073815450,USGS,IAN,2022,9540.0
2022-10-01 16:00:00,-0.385,0.054,0.439,-91.4456662,29.89270406,073815450,USGS,IAN,2022,9600.0
2022-10-01 17:00:00,-0.585,-0.028,0.5569999999999999,-91.4456662,29.89270406,073815450,USGS,IAN,2022,9660.0
2022-10-01 18:00:00,-0.685,-0.112,0.5730000000000001,-91.4456662,29.89270406,073815450,USGS,IAN,2022,9720.0
2022-10-01 19:00:00,-0.775,-0.2,0.575,-91.4456662,29.89270406,073815450,USGS,IAN,2022,9780.0
2022-10-01 20:00:00,-0.885,-0.289,0.5960000000000001,-91.4456662,29.89270406,073815450,USGS,IAN,2022,9840.0
2022-10-01 21:00:00,-0.855,-0.374,0.481,-91.4456662,29.89270406,073815450,USGS,IAN,2022,9900.0
2022-10-01 22:00:00,-0.885,-0.456,0.429,-91.4456662,29.89270406,073815450,USGS,IAN,2022,9960.0
2022-10-01 23:00:00,-0.835,-0.523,0.3119999999999999,-91.4456662,29.89270406,073815450,USGS,IAN,2022,10020.0
2022-09-25 01:00:00,0.44,-0.197,-0.637,-91.2119368,29.69281939,07381600,USGS,IAN,2022,60.0
2022-09-25 02:00:00,0.32,-0.322,-0.642,-91.2119368,29.69281939,07381600,USGS,IAN,2022,120.0
2022-09-25 03:00:00,0.24,-0.434,-0.6739999999999999,-91.2119368,29.69281939,07381600,USGS,IAN,2022,180.0
2022-09-25 04:00:00,0.19,-0.507,-0.6970000000000001,-91.2119368,29.69281939,07381600,USGS,IAN,2022,240.0
2022-09-25 05:00:00,0.16,-0.469,-0.629,-91.2119368,29.69281939,07381600,USGS,IAN,2022,300.0
2022-09-25 06:00:00,0.21,-0.304,-0.514,-91.2119368,29.69281939,07381600,USGS,IAN,2022,360.0
2022-09-25 07:00:00,0.27,-0.135,-0.405,-91.2119368,29.69281939,07381600,USGS,IAN,2022,420.0
2022-09-25 08:00:00,0.47,0.03,-0.4399999999999999,-91.2119368,29.69281939,07381600,USGS,IAN,2022,480.0
2022-09-25 09:00:00,0.69,0.173,-0.5169999999999999,-91.2119368,29.69281939,07381600,USGS,IAN,2022,540.0
2022-09-25 10:00:00,0.9,0.276,-0.624,-91.2119368,29.69281939,07381600,USGS,IAN,2022,600.0
2022-09-25 11:00:00,1.01,0.296,-0.714,-91.2119368,29.69281939,07381600,USGS,IAN,2022,660.0
2022-09-25 12:00:00,0.97,0.19,-0.78,-91.2119368,29.69281939,07381600,USGS,IAN,2022,720.0
2022-09-25 13:00:00,0.81,0.033,-0.777,-91.2119368,29.69281939,07381600,USGS,IAN,2022,780.0
2022-09-25 14:00:00,0.69,-0.086,-0.7759999999999999,-91.2119368,29.69281939,07381600,USGS,IAN,2022,840.0
2022-09-25 15:00:00,0.48,-0.158,-0.638,-91.2119368,29.69281939,07381600,USGS,IAN,2022,900.0
2022-09-25 16:00:00,0.38,-0.163,-0.543,-91.2119368,29.69281939,07381600,USGS,IAN,2022,960.0
2022-09-25 17:00:00,0.33,-0.064,-0.394,-91.2119368,29.69281939,07381600,USGS,IAN,2022,1020.0
2022-09-25 18:00:00,0.43,0.064,-0.366,-91.2119368,29.69281939,07381600,USGS,IAN,2022,1080.0
2022-09-25 19:00:00,0.46,0.191,-0.269,-91.2119368,29.69281939,07381600,USGS,IAN,2022,1140.0
2022-09-25 20:00:00,0.61,0.323,-0.287,-91.2119368,29.69281939,07381600,USGS,IAN,2022,1200.0
2022-09-25 21:00:00,0.76,0.445,-0.315,-91.2119368,29.69281939,07381600,USGS,IAN,2022,1260.0
2022-09-25 22:00:00,0.86,0.507,-0.353,-91.2119368,29.69281939,07381600,USGS,IAN,2022,1320.0
2022-09-25 23:00:00,0.87,0.418,-0.452,-91.2119368,29.69281939,07381600,USGS,IAN,2022,1380.0
2022-09-26 00:00:00,0.81,0.225,-0.5850000000000001,-91.2119368,29.69281939,07381600,USGS,IAN,2022,1440.0
2022-09-26 01:00:00,0.65,0.047,-0.603,-91.2119368,29.69281939,07381600,USGS,IAN,2022,1500.0
2022-09-26 02:00:00,0.51,-0.085,-0.595,-91.2119368,29.69281939,07381600,USGS,IAN,2022,1560.0
2022-09-26 03:00:00,0.42,-0.221,-0.641,-91.2119368,29.69281939,07381600,USGS,IAN,2022,1620.0
2022-09-26 04:00:00,0.39,-0.315,-0.7050000000000001,-91.2119368,29.69281939,07381600,USGS,IAN,2022,1680.0
2022-09-26 05:00:00,0.42,-0.357,-0.7769999999999999,-91.2119368,29.69281939,07381600,USGS,IAN,2022,1740.0
2022-09-26 06:00:00,0.47,-0.303,-0.7729999999999999,-91.2119368,29.69281939,07381600,USGS,IAN,2022,1800.0
2022-09-26 07:00:00,0.61,-0.146,-0.756,-91.2119368,29.69281939,07381600,USGS,IAN,2022,1860.0
2022-09-26 08:00:00,0.81,0.016,-0.794,-91.2119368,29.69281939,07381600,USGS,IAN,2022,1920.0
2022-09-26 09:00:00,1.02,0.155,-0.865,-91.2119368,29.69281939,07381600,USGS,IAN,2022,1980.0
2022-09-26 10:00:00,1.21,0.253,-0.957,-91.2119368,29.69281939,07381600,USGS,IAN,2022,2040.0
2022-09-26 11:00:00,1.3,0.267,-1.033,-91.2119368,29.69281939,07381600,USGS,IAN,2022,2100.0
2022-09-26 12:00:00,1.31,0.136,-1.174,-91.2119368,29.69281939,07381600,USGS,IAN,2022,2160.0
2022-09-26 13:00:00,1.2,-0.033,-1.233,-91.2119368,29.69281939,07381600,USGS,IAN,2022,2220.0
2022-09-26 14:00:00,0.97,-0.175,-1.145,-91.2119368,29.69281939,07381600,USGS,IAN,2022,2280.0
2022-09-26 15:00:00,0.81,-0.287,-1.097,-91.2119368,29.69281939,07381600,USGS,IAN,2022,2340.0
2022-09-26 16:00:00,0.67,-0.361,-1.031,-91.2119368,29.69281939,07381600,USGS,IAN,2022,2400.0
2022-09-26 17:00:00,0.56,-0.319,-0.879,-91.2119368,29.69281939,07381600,USGS,IAN,2022,2460.0
2022-09-26 18:00:00,0.55,-0.175,-0.7250000000000001,-91.2119368,29.69281939,07381600,USGS,IAN,2022,2520.0
2022-09-26 19:00:00,0.56,-0.006,-0.5660000000000001,-91.2119368,29.69281939,07381600,USGS,IAN,2022,2580.0
2022-09-26 20:00:00,0.53,0.155,-0.375,-91.2119368,29.69281939,07381600,USGS,IAN,2022,2640.0
2022-09-26 21:00:00,0.75,0.316,-0.434,-91.2119368,29.69281939,07381600,USGS,IAN,2022,2700.0
2022-09-26 22:00:00,0.92,0.453,-0.467,-91.2119368,29.69281939,07381600,USGS,IAN,2022,2760.0
2022-09-26 23:00:00,1.09,0.52,-0.5700000000000001,-91.2119368,29.69281939,07381600,USGS,IAN,2022,2820.0
2022-09-27 00:00:00,1.13,0.441,-0.6889999999999998,-91.2119368,29.69281939,07381600,USGS,IAN,2022,2880.0
2022-09-27 01:00:00,0.98,0.247,-0.733,-91.2119368,29.69281939,07381600,USGS,IAN,2022,2940.0
2022-09-27 02:00:00,0.88,0.074,-0.806,-91.2119368,29.69281939,07381600,USGS,IAN,2022,3000.0
2022-09-27 03:00:00,0.7,-0.047,-0.747,-91.2119368,29.69281939,07381600,USGS,IAN,2022,3060.0
2022-09-27 04:00:00,0.55,-0.125,-0.675,-91.2119368,29.69281939,07381600,USGS,IAN,2022,3120.0
2022-09-27 05:00:00,0.41,-0.133,-0.5429999999999999,-91.2119368,29.69281939,07381600,USGS,IAN,2022,3180.0
2022-09-27 06:00:00,0.23,-0.064,-0.294,-91.2119368,29.69281939,07381600,USGS,IAN,2022,3240.0
2022-09-27 07:00:00,0.1,0.031,-0.069,-91.2119368,29.69281939,07381600,USGS,IAN,2022,3300.0
2022-09-27 08:00:00,0.0,0.117,0.117,-91.2119368,29.69281939,07381600,USGS,IAN,2022,3360.0
2022-09-27 09:00:00,-0.05,0.194,0.244,-91.2119368,29.69281939,07381600,USGS,IAN,2022,3420.0
2022-09-27 10:00:00,0.08,0.233,0.153,-91.2119368,29.69281939,07381600,USGS,IAN,2022,3480.0
2022-09-27 11:00:00,0.18,0.178,-0.002,-91.2119368,29.69281939,07381600,USGS,IAN,2022,3540.0
2022-09-27 12:00:00,0.28,0.024,-0.256,-91.2119368,29.69281939,07381600,USGS,IAN,2022,3600.0
2022-09-27 13:00:00,0.24,-0.137,-0.377,-91.2119368,29.69281939,07381600,USGS,IAN,2022,3660.0
2022-09-27 14:00:00,0.1,-0.281,-0.381,-91.2119368,29.69281939,07381600,USGS,IAN,2022,3720.0
2022-09-27 15:00:00,0.05,-0.429,-0.479,-91.2119368,29.69281939,07381600,USGS,IAN,2022,3780.0
2022-09-27 16:00:00,-0.12,-0.534,-0.414,-91.2119368,29.69281939,07381600,USGS,IAN,2022,3840.0
2022-09-27 17:00:00,-0.14,-0.6,-0.4599999999999999,-91.2119368,29.69281939,07381600,USGS,IAN,2022,3900.0
2022-09-27 18:00:00,-0.18,-0.53,-0.35,-91.2119368,29.69281939,07381600,USGS,IAN,2022,3960.0
2022-09-27 19:00:00,-0.15,-0.338,-0.188,-91.2119368,29.69281939,07381600,USGS,IAN,2022,4020.0
2022-09-27 20:00:00,-0.06,-0.142,-0.0819999999999999,-91.2119368,29.69281939,07381600,USGS,IAN,2022,4080.0
2022-09-27 21:00:00,0.1,0.044,-0.056,-91.2119368,29.69281939,07381600,USGS,IAN,2022,4140.0
2022-09-27 22:00:00,0.31,0.237,-0.073,-91.2119368,29.69281939,07381600,USGS,IAN,2022,4200.0
2022-09-27 23:00:00,0.55,0.414,-0.136,-91.2119368,29.69281939,07381600,USGS,IAN,2022,4260.0
2022-09-28 00:00:00,0.76,0.541,-0.2189999999999999,-91.2119368,29.69281939,07381600,USGS,IAN,2022,4320.0
2022-09-28 01:00:00,0.97,0.568,-0.402,-91.2119368,29.69281939,07381600,USGS,IAN,2022,4380.0
2022-09-28 02:00:00,0.99,0.455,-0.5349999999999999,-91.2119368,29.69281939,07381600,USGS,IAN,2022,4440.0
2022-09-28 03:00:00,0.87,0.285,-0.585,-91.2119368,29.69281939,07381600,USGS,IAN,2022,4500.0
2022-09-28 04:00:00,0.67,0.167,-0.503,-91.2119368,29.69281939,07381600,USGS,IAN,2022,4560.0
2022-09-28 05:00:00,0.46,0.125,-0.335,-91.2119368,29.69281939,07381600,USGS,IAN,2022,4620.0
2022-09-28 06:00:00,0.31,0.145,-0.165,-91.2119368,29.69281939,07381600,USGS,IAN,2022,4680.0
2022-09-28 07:00:00,0.21,0.19,-0.0199999999999999,-91.2119368,29.69281939,07381600,USGS,IAN,2022,4740.0
2022-09-28 08:00:00,0.15,0.21,0.06,-91.2119368,29.69281939,07381600,USGS,IAN,2022,4800.0
2022-09-28 09:00:00,0.14,0.218,0.0779999999999999,-91.2119368,29.69281939,07381600,USGS,IAN,2022,4860.0
2022-09-28 10:00:00,0.24,0.214,-0.0259999999999999,-91.2119368,29.69281939,07381600,USGS,IAN,2022,4920.0
2022-09-28 11:00:00,0.38,0.144,-0.236,-91.2119368,29.69281939,07381600,USGS,IAN,2022,4980.0
2022-09-28 12:00:00,0.39,0.007,-0.383,-91.2119368,29.69281939,07381600,USGS,IAN,2022,5040.0
2022-09-28 13:00:00,0.47,-0.15,-0.62,-91.2119368,29.69281939,07381600,USGS,IAN,2022,5100.0
2022-09-28 14:00:00,0.25,-0.303,-0.5529999999999999,-91.2119368,29.69281939,07381600,USGS,IAN,2022,5160.0
2022-09-28 15:00:00,0.13,-0.458,-0.5880000000000001,-91.2119368,29.69281939,07381600,USGS,IAN,2022,5220.0
2022-09-28 16:00:00,-0.01,-0.597,-0.587,-91.2119368,29.69281939,07381600,USGS,IAN,2022,5280.0
2022-09-28 17:00:00,-0.16,-0.726,-0.566,-91.2119368,29.69281939,07381600,USGS,IAN,2022,5340.0
2022-09-28 18:00:00,-0.31,-0.793,-0.483,-91.2119368,29.69281939,07381600,USGS,IAN,2022,5400.0
2022-09-28 19:00:00,-0.36,-0.733,-0.373,-91.2119368,29.69281939,07381600,USGS,IAN,2022,5460.0
2022-09-28 20:00:00,-0.29,-0.525,-0.235,-91.2119368,29.69281939,07381600,USGS,IAN,2022,5520.0
2022-09-28 21:00:00,-0.05,-0.316,-0.266,-91.2119368,29.69281939,07381600,USGS,IAN,2022,5580.0
2022-09-28 22:00:00,0.35,-0.115,-0.4649999999999999,-91.2119368,29.69281939,07381600,USGS,IAN,2022,5640.0
2022-09-28 23:00:00,0.6,0.091,-0.509,-91.2119368,29.69281939,07381600,USGS,IAN,2022,5700.0
2022-09-29 00:00:00,0.93,0.29,-0.6400000000000001,-91.2119368,29.69281939,07381600,USGS,IAN,2022,5760.0
2022-09-29 01:00:00,1.03,0.445,-0.585,-91.2119368,29.69281939,07381600,USGS,IAN,2022,5820.0
2022-09-29 02:00:00,1.05,0.528,-0.522,-91.2119368,29.69281939,07381600,USGS,IAN,2022,5880.0
2022-09-29 03:00:00,0.92,0.538,-0.382,-91.2119368,29.69281939,07381600,USGS,IAN,2022,5940.0
2022-09-29 04:00:00,0.74,0.487,-0.253,-91.2119368,29.69281939,07381600,USGS,IAN,2022,6000.0
2022-09-29 05:00:00,0.58,0.468,-0.1119999999999999,-91.2119368,29.69281939,07381600,USGS,IAN,2022,6060.0
2022-09-29 06:00:00,0.49,0.511,0.021,-91.2119368,29.69281939,07381600,USGS,IAN,2022,6120.0
2022-09-29 07:00:00,0.44,0.555,0.115,-91.2119368,29.69281939,07381600,USGS,IAN,2022,6180.0
2022-09-29 08:00:00,0.46,0.512,0.0519999999999999,-91.2119368,29.69281939,07381600,USGS,IAN,2022,6240.0
2022-09-29 09:00:00,0.48,0.411,-0.069,-91.2119368,29.69281939,07381600,USGS,IAN,2022,6300.0
2022-09-29 10:00:00,0.53,0.309,-0.221,-91.2119368,29.69281939,07381600,USGS,IAN,2022,6360.0
2022-09-29 11:00:00,0.59,0.212,-0.378,-91.2119368,29.69281939,07381600,USGS,IAN,2022,6420.0
2022-09-29 12:00:00,0.61,0.098,-0.512,-91.2119368,29.69281939,07381600,USGS,IAN,2022,6480.0
2022-09-29 13:00:00,0.55,-0.048,-0.5980000000000001,-91.2119368,29.69281939,07381600,USGS,IAN,2022,6540.0
2022-09-29 14:00:00,0.47,-0.217,-0.6869999999999999,-91.2119368,29.69281939,07381600,USGS,IAN,2022,6600.0
2022-09-29 15:00:00,0.3,-0.376,-0.6759999999999999,-91.2119368,29.69281939,07381600,USGS,IAN,2022,6660.0
2022-09-29 16:00:00,0.2,-0.539,-0.7390000000000001,-91.2119368,29.69281939,07381600,USGS,IAN,2022,6720.0
2022-09-29 17:00:00,0.06,-0.685,-0.7450000000000001,-91.2119368,29.69281939,07381600,USGS,IAN,2022,6780.0
2022-09-29 18:00:00,-0.06,-0.808,-0.748,-91.2119368,29.69281939,07381600,USGS,IAN,2022,6840.0
2022-09-29 19:00:00,-0.13,-0.883,-0.753,-91.2119368,29.69281939,07381600,USGS,IAN,2022,6900.0
2022-09-29 20:00:00,-0.1,-0.874,-0.774,-91.2119368,29.69281939,07381600,USGS,IAN,2022,6960.0
2022-09-29 21:00:00,-0.01,-0.69,-0.6799999999999999,-91.2119368,29.69281939,07381600,USGS,IAN,2022,7020.0
2022-09-29 22:00:00,0.15,-0.461,-0.611,-91.2119368,29.69281939,07381600,USGS,IAN,2022,7080.0
2022-09-29 23:00:00,0.29,-0.243,-0.5329999999999999,-91.2119368,29.69281939,07381600,USGS,IAN,2022,7140.0
2022-09-30 00:00:00,0.5,-0.018,-0.518,-91.2119368,29.69281939,07381600,USGS,IAN,2022,7200.0
2022-09-30 01:00:00,0.62,0.197,-0.423,-91.2119368,29.69281939,07381600,USGS,IAN,2022,7260.0
2022-09-30 02:00:00,0.76,0.375,-0.385,-91.2119368,29.69281939,07381600,USGS,IAN,2022,7320.0
2022-09-30 03:00:00,0.77,0.478,-0.292,-91.2119368,29.69281939,07381600,USGS,IAN,2022,7380.0
2022-09-30 04:00:00,0.77,0.513,-0.257,-91.2119368,29.69281939,07381600,USGS,IAN,2022,7440.0
2022-09-30 05:00:00,0.61,0.523,-0.0869999999999999,-91.2119368,29.69281939,07381600,USGS,IAN,2022,7500.0
2022-09-30 06:00:00,0.49,0.545,0.055,-91.2119368,29.69281939,07381600,USGS,IAN,2022,7560.0
2022-09-30 07:00:00,0.42,0.604,0.184,-91.2119368,29.69281939,07381600,USGS,IAN,2022,7620.0
2022-09-30 08:00:00,0.41,0.635,0.225,-91.2119368,29.69281939,07381600,USGS,IAN,2022,7680.0
2022-09-30 09:00:00,0.45,0.577,0.1269999999999999,-91.2119368,29.69281939,07381600,USGS,IAN,2022,7740.0
2022-09-30 10:00:00,0.54,0.448,-0.092,-91.2119368,29.69281939,07381600,USGS,IAN,2022,7800.0
2022-09-30 11:00:00,0.61,0.319,-0.291,-91.2119368,29.69281939,07381600,USGS,IAN,2022,7860.0
2022-09-30 12:00:00,0.62,0.196,-0.424,-91.2119368,29.69281939,07381600,USGS,IAN,2022,7920.0
2022-09-30 13:00:00,0.58,0.054,-0.5259999999999999,-91.2119368,29.69281939,07381600,USGS,IAN,2022,7980.0
2022-09-30 14:00:00,0.47,-0.097,-0.567,-91.2119368,29.69281939,07381600,USGS,IAN,2022,8040.0
2022-09-30 15:00:00,0.27,-0.279,-0.549,-91.2119368,29.69281939,07381600,USGS,IAN,2022,8100.0
2022-09-30 16:00:00,0.11,-0.446,-0.556,-91.2119368,29.69281939,07381600,USGS,IAN,2022,8160.0
2022-09-30 17:00:00,-0.07,-0.616,-0.546,-91.2119368,29.69281939,07381600,USGS,IAN,2022,8220.0
2022-09-30 18:00:00,-0.26,-0.773,-0.513,-91.2119368,29.69281939,07381600,USGS,IAN,2022,8280.0
2022-09-30 19:00:00,-0.35,-0.895,-0.545,-91.2119368,29.69281939,07381600,USGS,IAN,2022,8340.0
2022-09-30 20:00:00,-0.44,-0.972,-0.532,-91.2119368,29.69281939,07381600,USGS,IAN,2022,8400.0
2022-09-30 21:00:00,-0.51,-0.96,-0.4499999999999999,-91.2119368,29.69281939,07381600,USGS,IAN,2022,8460.0
2022-09-30 22:00:00,-0.45,-0.781,-0.331,-91.2119368,29.69281939,07381600,USGS,IAN,2022,8520.0
2022-09-30 23:00:00,-0.31,-0.571,-0.2609999999999999,-91.2119368,29.69281939,07381600,USGS,IAN,2022,8580.0
2022-10-01 00:00:00,-0.12,-0.372,-0.252,-91.2119368,29.69281939,07381600,USGS,IAN,2022,8640.0
2022-10-01 01:00:00,0.17,-0.15,-0.32,-91.2119368,29.69281939,07381600,USGS,IAN,2022,8700.0
2022-10-01 02:00:00,0.47,0.079,-0.3909999999999999,-91.2119368,29.69281939,07381600,USGS,IAN,2022,8760.0
2022-10-01 03:00:00,0.64,0.304,-0.336,-91.2119368,29.69281939,07381600,USGS,IAN,2022,8820.0
2022-10-01 04:00:00,0.71,0.503,-0.2069999999999999,-91.2119368,29.69281939,07381600,USGS,IAN,2022,8880.0
2022-10-01 05:00:00,0.7,0.652,-0.0479999999999999,-91.2119368,29.69281939,07381600,USGS,IAN,2022,8940.0
2022-10-01 06:00:00,0.61,0.75,0.14,-91.2119368,29.69281939,07381600,USGS,IAN,2022,9000.0
2022-10-01 07:00:00,0.54,0.803,0.263,-91.2119368,29.69281939,07381600,USGS,IAN,2022,9060.0
2022-10-01 08:00:00,0.51,0.823,0.3129999999999999,-91.2119368,29.69281939,07381600,USGS,IAN,2022,9120.0
2022-10-01 09:00:00,0.49,0.78,0.29,-91.2119368,29.69281939,07381600,USGS,IAN,2022,9180.0
2022-10-01 10:00:00,0.47,0.648,0.178,-91.2119368,29.69281939,07381600,USGS,IAN,2022,9240.0
2022-10-01 11:00:00,0.52,0.487,-0.033,-91.2119368,29.69281939,07381600,USGS,IAN,2022,9300.0
2022-10-01 12:00:00,0.4,0.341,-0.059,-91.2119368,29.69281939,07381600,USGS,IAN,2022,9360.0
2022-10-01 13:00:00,0.39,0.205,-0.185,-91.2119368,29.69281939,07381600,USGS,IAN,2022,9420.0
2022-10-01 14:00:00,0.27,0.065,-0.205,-91.2119368,29.69281939,07381600,USGS,IAN,2022,9480.0
2022-10-01 15:00:00,0.17,-0.086,-0.256,-91.2119368,29.69281939,07381600,USGS,IAN,2022,9540.0
2022-10-01 16:00:00,0.01,-0.272,-0.282,-91.2119368,29.69281939,07381600,USGS,IAN,2022,9600.0
2022-10-01 17:00:00,-0.12,-0.45,-0.33,-91.2119368,29.69281939,07381600,USGS,IAN,2022,9660.0
2022-10-01 18:00:00,-0.27,-0.621,-0.351,-91.2119368,29.69281939,07381600,USGS,IAN,2022,9720.0
2022-10-01 19:00:00,-0.34,-0.792,-0.452,-91.2119368,29.69281939,07381600,USGS,IAN,2022,9780.0
2022-10-01 20:00:00,-0.51,-0.938,-0.4279999999999999,-91.2119368,29.69281939,07381600,USGS,IAN,2022,9840.0
2022-10-01 21:00:00,-0.58,-1.051,-0.471,-91.2119368,29.69281939,07381600,USGS,IAN,2022,9900.0
2022-10-01 22:00:00,-0.51,-1.103,-0.593,-91.2119368,29.69281939,07381600,USGS,IAN,2022,9960.0
2022-10-01 23:00:00,-0.4,-1.011,-0.6109999999999999,-91.2119368,29.69281939,07381600,USGS,IAN,2022,10020.0
2022-09-25 01:00:00,0.353,0.153,-0.1999999999999999,-91.880398,29.713266,07387040,USGS,IAN,2022,60.0
2022-09-25 02:00:00,0.123,0.116,-0.0069999999999999,-91.880398,29.713266,07387040,USGS,IAN,2022,120.0
2022-09-25 03:00:00,-0.077,0.064,0.141,-91.880398,29.713266,07387040,USGS,IAN,2022,180.0
2022-09-25 04:00:00,-0.257,0.019,0.276,-91.880398,29.713266,07387040,USGS,IAN,2022,240.0
2022-09-25 05:00:00,-0.287,-0.042,0.2449999999999999,-91.880398,29.713266,07387040,USGS,IAN,2022,300.0
2022-09-25 06:00:00,-0.217,-0.088,0.129,-91.880398,29.713266,07387040,USGS,IAN,2022,360.0
2022-09-25 07:00:00,0.013,-0.111,-0.124,-91.880398,29.713266,07387040,USGS,IAN,2022,420.0
2022-09-25 08:00:00,0.293,-0.092,-0.385,-91.880398,29.713266,07387040,USGS,IAN,2022,480.0
2022-09-25 09:00:00,0.523,-0.052,-0.5750000000000001,-91.880398,29.713266,07387040,USGS,IAN,2022,540.0
2022-09-25 10:00:00,0.713,0.006,-0.707,-91.880398,29.713266,07387040,USGS,IAN,2022,600.0
2022-09-25 11:00:00,0.863,0.05,-0.813,-91.880398,29.713266,07387040,USGS,IAN,2022,660.0
2022-09-25 12:00:00,0.913,0.089,-0.8240000000000001,-91.880398,29.713266,07387040,USGS,IAN,2022,720.0
2022-09-25 13:00:00,0.773,0.097,-0.676,-91.880398,29.713266,07387040,USGS,IAN,2022,780.0
2022-09-25 14:00:00,0.513,0.074,-0.439,-91.880398,29.713266,07387040,USGS,IAN,2022,840.0
2022-09-25 15:00:00,0.303,0.038,-0.265,-91.880398,29.713266,07387040,USGS,IAN,2022,900.0
2022-09-25 16:00:00,0.123,0.011,-0.112,-91.880398,29.713266,07387040,USGS,IAN,2022,960.0
2022-09-25 17:00:00,0.023,-0.023,-0.046,-91.880398,29.713266,07387040,USGS,IAN,2022,1020.0
2022-09-25 18:00:00,0.033,-0.031,-0.064,-91.880398,29.713266,07387040,USGS,IAN,2022,1080.0
2022-09-25 19:00:00,0.233,-0.003,-0.236,-91.880398,29.713266,07387040,USGS,IAN,2022,1140.0
2022-09-25 20:00:00,0.463,0.056,-0.407,-91.880398,29.713266,07387040,USGS,IAN,2022,1200.0
2022-09-25 21:00:00,0.693,0.115,-0.578,-91.880398,29.713266,07387040,USGS,IAN,2022,1260.0
2022-09-25 22:00:00,0.853,0.166,-0.6869999999999999,-91.880398,29.713266,07387040,USGS,IAN,2022,1320.0
2022-09-25 23:00:00,0.933,0.216,-0.7170000000000001,-91.880398,29.713266,07387040,USGS,IAN,2022,1380.0
2022-09-26 00:00:00,0.933,0.235,-0.6980000000000001,-91.880398,29.713266,07387040,USGS,IAN,2022,1440.0
2022-09-26 01:00:00,0.783,0.216,-0.5670000000000001,-91.880398,29.713266,07387040,USGS,IAN,2022,1500.0
2022-09-26 02:00:00,0.593,0.177,-0.416,-91.880398,29.713266,07387040,USGS,IAN,2022,1560.0
2022-09-26 03:00:00,0.403,0.126,-0.277,-91.880398,29.713266,07387040,USGS,IAN,2022,1620.0
2022-09-26 04:00:00,0.253,0.089,-0.164,-91.880398,29.713266,07387040,USGS,IAN,2022,1680.0
2022-09-26 05:00:00,0.213,0.041,-0.172,-91.880398,29.713266,07387040,USGS,IAN,2022,1740.0
2022-09-26 06:00:00,0.333,-0.002,-0.335,-91.880398,29.713266,07387040,USGS,IAN,2022,1800.0
2022-09-26 07:00:00,0.563,-0.044,-0.607,-91.880398,29.713266,07387040,USGS,IAN,2022,1860.0
2022-09-26 08:00:00,0.823,-0.041,-0.864,-91.880398,29.713266,07387040,USGS,IAN,2022,1920.0
2022-09-26 09:00:00,1.063,-0.015,-1.0779999999999998,-91.880398,29.713266,07387040,USGS,IAN,2022,1980.0
2022-09-26 10:00:00,1.283,0.032,-1.251,-91.880398,29.713266,07387040,USGS,IAN,2022,2040.0
2022-09-26 11:00:00,1.373,0.074,-1.299,-91.880398,29.713266,07387040,USGS,IAN,2022,2100.0
2022-09-26 12:00:00,1.323,0.099,-1.224,-91.880398,29.713266,07387040,USGS,IAN,2022,2160.0
2022-09-26 13:00:00,1.113,0.093,-1.02,-91.880398,29.713266,07387040,USGS,IAN,2022,2220.0
2022-09-26 14:00:00,0.833,0.059,-0.774,-91.880398,29.713266,07387040,USGS,IAN,2022,2280.0
2022-09-26 15:00:00,0.593,0.017,-0.576,-91.880398,29.713266,07387040,USGS,IAN,2022,2340.0
2022-09-26 16:00:00,0.393,-0.021,-0.414,-91.880398,29.713266,07387040,USGS,IAN,2022,2400.0
2022-09-26 17:00:00,0.253,-0.065,-0.318,-91.880398,29.713266,07387040,USGS,IAN,2022,2460.0
2022-09-26 18:00:00,0.173,-0.106,-0.2789999999999999,-91.880398,29.713266,07387040,USGS,IAN,2022,2520.0
2022-09-26 19:00:00,0.233,-0.106,-0.339,-91.880398,29.713266,07387040,USGS,IAN,2022,2580.0
2022-09-26 20:00:00,0.423,-0.071,-0.494,-91.880398,29.713266,07387040,USGS,IAN,2022,2640.0
2022-09-26 21:00:00,0.633,-0.009,-0.642,-91.880398,29.713266,07387040,USGS,IAN,2022,2700.0
2022-09-26 22:00:00,0.803,0.062,-0.7410000000000001,-91.880398,29.713266,07387040,USGS,IAN,2022,2760.0
2022-09-26 23:00:00,0.933,0.133,-0.8,-91.880398,29.713266,07387040,USGS,IAN,2022,2820.0
2022-09-27 00:00:00,0.923,0.189,-0.734,-91.880398,29.713266,07387040,USGS,IAN,2022,2880.0
2022-09-27 01:00:00,0.803,0.206,-0.5970000000000001,-91.880398,29.713266,07387040,USGS,IAN,2022,2940.0
2022-09-27 02:00:00,0.503,0.194,-0.309,-91.880398,29.713266,07387040,USGS,IAN,2022,3000.0
2022-09-27 03:00:00,0.283,0.166,-0.1169999999999999,-91.880398,29.713266,07387040,USGS,IAN,2022,3060.0
2022-09-27 04:00:00,0.023,0.124,0.101,-91.880398,29.713266,07387040,USGS,IAN,2022,3120.0
2022-09-27 05:00:00,-0.237,0.09,0.3269999999999999,-91.880398,29.713266,07387040,USGS,IAN,2022,3180.0
2022-09-27 06:00:00,-0.537,0.055,0.5920000000000001,-91.880398,29.713266,07387040,USGS,IAN,2022,3240.0
2022-09-27 07:00:00,-0.617,0.029,0.646,-91.880398,29.713266,07387040,USGS,IAN,2022,3300.0
2022-09-27 08:00:00,-0.707,0.038,0.745,-91.880398,29.713266,07387040,USGS,IAN,2022,3360.0
2022-09-27 09:00:00,-0.467,0.062,0.529,-91.880398,29.713266,07387040,USGS,IAN,2022,3420.0
2022-09-27 10:00:00,-0.237,0.095,0.3319999999999999,-91.880398,29.713266,07387040,USGS,IAN,2022,3480.0
2022-09-27 11:00:00,-0.037,0.118,0.155,-91.880398,29.713266,07387040,USGS,IAN,2022,3540.0
2022-09-27 12:00:00,0.143,0.112,-0.0309999999999999,-91.880398,29.713266,07387040,USGS,IAN,2022,3600.0
2022-09-27 13:00:00,0.253,0.083,-0.1699999999999999,-91.880398,29.713266,07387040,USGS,IAN,2022,3660.0
2022-09-27 14:00:00,0.103,0.037,-0.066,-91.880398,29.713266,07387040,USGS,IAN,2022,3720.0
2022-09-27 15:00:00,-0.087,0.004,0.091,-91.880398,29.713266,07387040,USGS,IAN,2022,3780.0
2022-09-27 16:00:00,-0.267,-0.049,0.218,-91.880398,29.713266,07387040,USGS,IAN,2022,3840.0
2022-09-27 17:00:00,-0.397,-0.099,0.298,-91.880398,29.713266,07387040,USGS,IAN,2022,3900.0
2022-09-27 18:00:00,-0.427,-0.152,0.275,-91.880398,29.713266,07387040,USGS,IAN,2022,3960.0
2022-09-27 19:00:00,-0.497,-0.193,0.304,-91.880398,29.713266,07387040,USGS,IAN,2022,4020.0
2022-09-27 20:00:00,-0.177,-0.193,-0.016,-91.880398,29.713266,07387040,USGS,IAN,2022,4080.0
2022-09-27 21:00:00,0.063,-0.164,-0.227,-91.880398,29.713266,07387040,USGS,IAN,2022,4140.0
2022-09-27 22:00:00,0.303,-0.103,-0.4059999999999999,-91.880398,29.713266,07387040,USGS,IAN,2022,4200.0
2022-09-27 23:00:00,0.543,-0.03,-0.5730000000000001,-91.880398,29.713266,07387040,USGS,IAN,2022,4260.0
2022-09-28 00:00:00,0.793,0.058,-0.735,-91.880398,29.713266,07387040,USGS,IAN,2022,4320.0
2022-09-28 01:00:00,0.973,0.125,-0.848,-91.880398,29.713266,07387040,USGS,IAN,2022,4380.0
2022-09-28 02:00:00,0.983,0.184,-0.7989999999999999,-91.880398,29.713266,07387040,USGS,IAN,2022,4440.0
2022-09-28 03:00:00,0.803,0.217,-0.5860000000000001,-91.880398,29.713266,07387040,USGS,IAN,2022,4500.0
2022-09-28 04:00:00,0.603,0.22,-0.383,-91.880398,29.713266,07387040,USGS,IAN,2022,4560.0
2022-09-28 05:00:00,0.333,0.207,-0.126,-91.880398,29.713266,07387040,USGS,IAN,2022,4620.0
2022-09-28 06:00:00,0.153,0.187,0.034,-91.880398,29.713266,07387040,USGS,IAN,2022,4680.0
2022-09-28 07:00:00,-0.007,0.171,0.178,-91.880398,29.713266,07387040,USGS,IAN,2022,4740.0
2022-09-28 08:00:00,-0.087,0.176,0.263,-91.880398,29.713266,07387040,USGS,IAN,2022,4800.0
2022-09-28 09:00:00,0.023,0.194,0.171,-91.880398,29.713266,07387040,USGS,IAN,2022,4860.0
2022-09-28 10:00:00,0.223,0.21,-0.013,-91.880398,29.713266,07387040,USGS,IAN,2022,4920.0
2022-09-28 11:00:00,0.353,0.204,-0.149,-91.880398,29.713266,07387040,USGS,IAN,2022,4980.0
2022-09-28 12:00:00,0.403,0.167,-0.236,-91.880398,29.713266,07387040,USGS,IAN,2022,5040.0
2022-09-28 13:00:00,0.393,0.131,-0.262,-91.880398,29.713266,07387040,USGS,IAN,2022,5100.0
2022-09-28 14:00:00,0.283,0.088,-0.1949999999999999,-91.880398,29.713266,07387040,USGS,IAN,2022,5160.0
2022-09-28 15:00:00,0.073,0.043,-0.03,-91.880398,29.713266,07387040,USGS,IAN,2022,5220.0
2022-09-28 16:00:00,-0.117,-0.005,0.112,-91.880398,29.713266,07387040,USGS,IAN,2022,5280.0
2022-09-28 17:00:00,-0.367,-0.066,0.301,-91.880398,29.713266,07387040,USGS,IAN,2022,5340.0
2022-09-28 18:00:00,-0.477,-0.125,0.352,-91.880398,29.713266,07387040,USGS,IAN,2022,5400.0
2022-09-28 19:00:00,-0.537,-0.181,0.356,-91.880398,29.713266,07387040,USGS,IAN,2022,5460.0
2022-09-28 20:00:00,-0.267,-0.227,0.04,-91.880398,29.713266,07387040,USGS,IAN,2022,5520.0
2022-09-28 21:00:00,0.063,-0.246,-0.309,-91.880398,29.713266,07387040,USGS,IAN,2022,5580.0
2022-09-28 22:00:00,0.473,-0.228,-0.701,-91.880398,29.713266,07387040,USGS,IAN,2022,5640.0
2022-09-28 23:00:00,0.633,-0.183,-0.8160000000000001,-91.880398,29.713266,07387040,USGS,IAN,2022,5700.0
2022-09-29 00:00:00,0.853,-0.11,-0.963,-91.880398,29.713266,07387040,USGS,IAN,2022,5760.0
2022-09-29 01:00:00,1.043,-0.039,-1.082,-91.880398,29.713266,07387040,USGS,IAN,2022,5820.0
2022-09-29 02:00:00,1.023,0.043,-0.98,-91.880398,29.713266,07387040,USGS,IAN,2022,5880.0
2022-09-29 03:00:00,0.883,0.115,-0.768,-91.880398,29.713266,07387040,USGS,IAN,2022,5940.0
2022-09-29 04:00:00,0.663,0.176,-0.487,-91.880398,29.713266,07387040,USGS,IAN,2022,6000.0
2022-09-29 05:00:00,0.483,0.216,-0.267,-91.880398,29.713266,07387040,USGS,IAN,2022,6060.0
2022-09-29 06:00:00,0.353,0.252,-0.1009999999999999,-91.880398,29.713266,07387040,USGS,IAN,2022,6120.0
2022-09-29 07:00:00,0.303,0.293,-0.01,-91.880398,29.713266,07387040,USGS,IAN,2022,6180.0
2022-09-29 08:00:00,0.333,0.331,-0.002,-91.880398,29.713266,07387040,USGS,IAN,2022,6240.0
2022-09-29 09:00:00,0.433,0.363,-0.07,-91.880398,29.713266,07387040,USGS,IAN,2022,6300.0
2022-09-29 10:00:00,0.473,0.379,-0.0939999999999999,-91.880398,29.713266,07387040,USGS,IAN,2022,6360.0
2022-09-29 11:00:00,0.703,0.359,-0.344,-91.880398,29.713266,07387040,USGS,IAN,2022,6420.0
2022-09-29 12:00:00,0.613,0.321,-0.292,-91.880398,29.713266,07387040,USGS,IAN,2022,6480.0
2022-09-29 13:00:00,0.563,0.273,-0.2899999999999999,-91.880398,29.713266,07387040,USGS,IAN,2022,6540.0
2022-09-29 14:00:00,0.433,0.227,-0.206,-91.880398,29.713266,07387040,USGS,IAN,2022,6600.0
2022-09-29 15:00:00,0.223,0.172,-0.051,-91.880398,29.713266,07387040,USGS,IAN,2022,6660.0
2022-09-29 16:00:00,-0.027,0.113,0.14,-91.880398,29.713266,07387040,USGS,IAN,2022,6720.0
2022-09-29 17:00:00,-0.207,0.05,0.257,-91.880398,29.713266,07387040,USGS,IAN,2022,6780.0
2022-09-29 18:00:00,-0.487,-0.003,0.484,-91.880398,29.713266,07387040,USGS,IAN,2022,6840.0
2022-09-29 19:00:00,-0.527,-0.074,0.453,-91.880398,29.713266,07387040,USGS,IAN,2022,6900.0
2022-09-29 20:00:00,-0.557,-0.136,0.421,-91.880398,29.713266,07387040,USGS,IAN,2022,6960.0
2022-09-29 21:00:00,-0.407,-0.194,0.2129999999999999,-91.880398,29.713266,07387040,USGS,IAN,2022,7020.0
2022-09-29 22:00:00,-0.107,-0.225,-0.118,-91.880398,29.713266,07387040,USGS,IAN,2022,7080.0
2022-09-29 23:00:00,0.073,-0.221,-0.294,-91.880398,29.713266,07387040,USGS,IAN,2022,7140.0
2022-09-30 00:00:00,0.253,-0.185,-0.438,-91.880398,29.713266,07387040,USGS,IAN,2022,7200.0
2022-09-30 01:00:00,0.453,-0.133,-0.5860000000000001,-91.880398,29.713266,07387040,USGS,IAN,2022,7260.0
2022-09-30 02:00:00,0.613,-0.064,-0.677,-91.880398,29.713266,07387040,USGS,IAN,2022,7320.0
2022-09-30 03:00:00,0.673,0.01,-0.663,-91.880398,29.713266,07387040,USGS,IAN,2022,7380.0
2022-09-30 04:00:00,0.643,0.077,-0.5660000000000001,-91.880398,29.713266,07387040,USGS,IAN,2022,7440.0
2022-09-30 05:00:00,0.553,0.142,-0.411,-91.880398,29.713266,07387040,USGS,IAN,2022,7500.0
2022-09-30 06:00:00,0.443,0.199,-0.244,-91.880398,29.713266,07387040,USGS,IAN,2022,7560.0
2022-09-30 07:00:00,0.393,0.247,-0.146,-91.880398,29.713266,07387040,USGS,IAN,2022,7620.0
2022-09-30 08:00:00,0.373,0.294,-0.079,-91.880398,29.713266,07387040,USGS,IAN,2022,7680.0
2022-09-30 09:00:00,0.433,0.344,-0.089,-91.880398,29.713266,07387040,USGS,IAN,2022,7740.0
2022-09-30 10:00:00,0.543,0.386,-0.157,-91.880398,29.713266,07387040,USGS,IAN,2022,7800.0
2022-09-30 11:00:00,0.683,0.407,-0.2760000000000001,-91.880398,29.713266,07387040,USGS,IAN,2022,7860.0
2022-09-30 12:00:00,0.733,0.386,-0.347,-91.880398,29.713266,07387040,USGS,IAN,2022,7920.0
2022-09-30 13:00:00,0.643,0.345,-0.298,-91.880398,29.713266,07387040,USGS,IAN,2022,7980.0
2022-09-30 14:00:00,0.423,0.291,-0.132,-91.880398,29.713266,07387040,USGS,IAN,2022,8040.0
2022-09-30 15:00:00,0.153,0.244,0.091,-91.880398,29.713266,07387040,USGS,IAN,2022,8100.0
2022-09-30 16:00:00,-0.097,0.187,0.284,-91.880398,29.713266,07387040,USGS,IAN,2022,8160.0
2022-09-30 17:00:00,-0.347,0.122,0.469,-91.880398,29.713266,07387040,USGS,IAN,2022,8220.0
2022-09-30 18:00:00,-0.627,0.06,0.687,-91.880398,29.713266,07387040,USGS,IAN,2022,8280.0
2022-09-30 19:00:00,-0.857,0.009,0.866,-91.880398,29.713266,07387040,USGS,IAN,2022,8340.0
2022-09-30 20:00:00,-0.997,-0.064,0.933,-91.880398,29.713266,07387040,USGS,IAN,2022,8400.0
2022-09-30 21:00:00,-1.037,-0.129,0.908,-91.880398,29.713266,07387040,USGS,IAN,2022,8460.0
2022-09-30 22:00:00,-0.957,-0.188,0.7689999999999999,-91.880398,29.713266,07387040,USGS,IAN,2022,8520.0
2022-09-30 23:00:00,-0.647,-0.235,0.412,-91.880398,29.713266,07387040,USGS,IAN,2022,8580.0
2022-10-01 00:00:00,-0.347,-0.248,0.0989999999999999,-91.880398,29.713266,07387040,USGS,IAN,2022,8640.0
2022-10-01 01:00:00,-0.047,-0.227,-0.18,-91.880398,29.713266,07387040,USGS,IAN,2022,8700.0
2022-10-01 02:00:00,0.373,-0.186,-0.5589999999999999,-91.880398,29.713266,07387040,USGS,IAN,2022,8760.0
2022-10-01 03:00:00,0.443,-0.116,-0.559,-91.880398,29.713266,07387040,USGS,IAN,2022,8820.0
2022-10-01 04:00:00,0.593,-0.035,-0.628,-91.880398,29.713266,07387040,USGS,IAN,2022,8880.0
2022-10-01 05:00:00,0.653,0.058,-0.595,-91.880398,29.713266,07387040,USGS,IAN,2022,8940.0
2022-10-01 06:00:00,0.683,0.141,-0.542,-91.880398,29.713266,07387040,USGS,IAN,2022,9000.0
2022-10-01 07:00:00,0.623,0.221,-0.402,-91.880398,29.713266,07387040,USGS,IAN,2022,9060.0
2022-10-01 08:00:00,0.533,0.29,-0.243,-91.880398,29.713266,07387040,USGS,IAN,2022,9120.0
2022-10-01 09:00:00,0.483,0.349,-0.134,-91.880398,29.713266,07387040,USGS,IAN,2022,9180.0
2022-10-01 10:00:00,0.443,0.405,-0.0379999999999999,-91.880398,29.713266,07387040,USGS,IAN,2022,9240.0
2022-10-01 11:00:00,0.393,0.441,0.0479999999999999,-91.880398,29.713266,07387040,USGS,IAN,2022,9300.0
2022-10-01 12:00:00,0.343,0.44,0.0969999999999999,-91.880398,29.713266,07387040,USGS,IAN,2022,9360.0
2022-10-01 13:00:00,0.253,0.409,0.1559999999999999,-91.880398,29.713266,07387040,USGS,IAN,2022,9420.0
2022-10-01 14:00:00,0.093,0.358,0.265,-91.880398,29.713266,07387040,USGS,IAN,2022,9480.0
2022-10-01 15:00:00,-0.107,0.306,0.413,-91.880398,29.713266,07387040,USGS,IAN,2022,9540.0
2022-10-01 16:00:00,-0.337,0.254,0.591,-91.880398,29.713266,07387040,USGS,IAN,2022,9600.0
2022-10-01 17:00:00,-0.567,0.195,0.762,-91.880398,29.713266,07387040,USGS,IAN,2022,9660.0
2022-10-01 18:00:00,-0.797,0.127,0.924,-91.880398,29.713266,07387040,USGS,IAN,2022,9720.0
2022-10-01 19:00:00,-0.987,0.066,1.053,-91.880398,29.713266,07387040,USGS,IAN,2022,9780.0
2022-10-01 20:00:00,-1.147,0.013,1.16,-91.880398,29.713266,07387040,USGS,IAN,2022,9840.0
2022-10-01 21:00:00,-1.207,-0.062,1.145,-91.880398,29.713266,07387040,USGS,IAN,2022,9900.0
2022-10-01 22:00:00,-1.057,-0.128,0.929,-91.880398,29.713266,07387040,USGS,IAN,2022,9960.0
2022-10-01 23:00:00,-0.787,-0.191,0.5960000000000001,-91.880398,29.713266,07387040,USGS,IAN,2022,10020.0
2022-09-25 01:00:00,0.399,0.21,-0.189,-92.135556,29.674444,07387050,USGS,IAN,2022,60.0
2022-09-25 02:00:00,0.179,0.166,-0.0129999999999999,-92.135556,29.674444,07387050,USGS,IAN,2022,120.0
2022-09-25 03:00:00,-0.111,0.107,0.218,-92.135556,29.674444,07387050,USGS,IAN,2022,180.0
2022-09-25 04:00:00,-0.24,0.057,0.297,-92.135556,29.674444,07387050,USGS,IAN,2022,240.0
2022-09-25 05:00:00,-0.33,0.009,0.339,-92.135556,29.674444,07387050,USGS,IAN,2022,300.0
2022-09-25 06:00:00,-0.311,-0.018,0.293,-92.135556,29.674444,07387050,USGS,IAN,2022,360.0
2022-09-25 07:00:00,-0.231,-0.039,0.192,-92.135556,29.674444,07387050,USGS,IAN,2022,420.0
2022-09-25 08:00:00,-0.04,-0.049,-0.009,-92.135556,29.674444,07387050,USGS,IAN,2022,480.0
2022-09-25 09:00:00,0.229,-0.052,-0.281,-92.135556,29.674444,07387050,USGS,IAN,2022,540.0
2022-09-25 10:00:00,0.519,-0.042,-0.561,-92.135556,29.674444,07387050,USGS,IAN,2022,600.0
2022-09-25 11:00:00,0.729,-0.012,-0.741,-92.135556,29.674444,07387050,USGS,IAN,2022,660.0
2022-09-25 12:00:00,0.859,0.032,-0.827,-92.135556,29.674444,07387050,USGS,IAN,2022,720.0
2022-09-25 13:00:00,0.84,0.06,-0.78,-92.135556,29.674444,07387050,USGS,IAN,2022,780.0
2022-09-25 14:00:00,0.689,0.07,-0.619,-92.135556,29.674444,07387050,USGS,IAN,2022,840.0
2022-09-25 15:00:00,0.51,0.074,-0.436,-92.135556,29.674444,07387050,USGS,IAN,2022,900.0
2022-09-25 16:00:00,0.239,0.055,-0.184,-92.135556,29.674444,07387050,USGS,IAN,2022,960.0
2022-09-25 17:00:00,0.029,0.014,-0.015,-92.135556,29.674444,07387050,USGS,IAN,2022,1020.0
2022-09-25 18:00:00,-0.021,-0.004,0.017,-92.135556,29.674444,07387050,USGS,IAN,2022,1080.0
2022-09-25 19:00:00,0.04,0.001,-0.039,-92.135556,29.674444,07387050,USGS,IAN,2022,1140.0
2022-09-25 20:00:00,0.179,0.018,-0.161,-92.135556,29.674444,07387050,USGS,IAN,2022,1200.0
2022-09-25 21:00:00,0.439,0.054,-0.385,-92.135556,29.674444,07387050,USGS,IAN,2022,1260.0
2022-09-25 22:00:00,0.689,0.124,-0.565,-92.135556,29.674444,07387050,USGS,IAN,2022,1320.0
2022-09-25 23:00:00,0.87,0.177,-0.6930000000000001,-92.135556,29.674444,07387050,USGS,IAN,2022,1380.0
2022-09-26 00:00:00,0.92,0.203,-0.7170000000000001,-92.135556,29.674444,07387050,USGS,IAN,2022,1440.0
2022-09-26 01:00:00,0.88,0.202,-0.6779999999999999,-92.135556,29.674444,07387050,USGS,IAN,2022,1500.0
2022-09-26 02:00:00,0.71,0.205,-0.505,-92.135556,29.674444,07387050,USGS,IAN,2022,1560.0
2022-09-26 03:00:00,0.479,0.187,-0.292,-92.135556,29.674444,07387050,USGS,IAN,2022,1620.0
2022-09-26 04:00:00,0.3,0.137,-0.1629999999999999,-92.135556,29.674444,07387050,USGS,IAN,2022,1680.0
2022-09-26 05:00:00,0.159,0.082,-0.077,-92.135556,29.674444,07387050,USGS,IAN,2022,1740.0
2022-09-26 06:00:00,0.159,0.038,-0.121,-92.135556,29.674444,07387050,USGS,IAN,2022,1800.0
2022-09-26 07:00:00,0.279,0.001,-0.278,-92.135556,29.674444,07387050,USGS,IAN,2022,1860.0
2022-09-26 08:00:00,0.51,-0.005,-0.515,-92.135556,29.674444,07387050,USGS,IAN,2022,1920.0
2022-09-26 09:00:00,0.79,-0.003,-0.793,-92.135556,29.674444,07387050,USGS,IAN,2022,1980.0
2022-09-26 10:00:00,1.019,-0.002,-1.021,-92.135556,29.674444,07387050,USGS,IAN,2022,2040.0
2022-09-26 11:00:00,1.17,0.017,-1.153,-92.135556,29.674444,07387050,USGS,IAN,2022,2100.0
2022-09-26 12:00:00,1.22,0.053,-1.167,-92.135556,29.674444,07387050,USGS,IAN,2022,2160.0
2022-09-26 13:00:00,1.139,0.07,-1.069,-92.135556,29.674444,07387050,USGS,IAN,2022,2220.0
2022-09-26 14:00:00,0.92,0.073,-0.8470000000000001,-92.135556,29.674444,07387050,USGS,IAN,2022,2280.0
2022-09-26 15:00:00,0.729,0.065,-0.6639999999999999,-92.135556,29.674444,07387050,USGS,IAN,2022,2340.0
2022-09-26 16:00:00,0.46,0.029,-0.431,-92.135556,29.674444,07387050,USGS,IAN,2022,2400.0
2022-09-26 17:00:00,0.29,-0.011,-0.301,-92.135556,29.674444,07387050,USGS,IAN,2022,2460.0
2022-09-26 18:00:00,0.159,-0.04,-0.199,-92.135556,29.674444,07387050,USGS,IAN,2022,2520.0
2022-09-26 19:00:00,0.17,-0.06,-0.23,-92.135556,29.674444,07387050,USGS,IAN,2022,2580.0
2022-09-26 20:00:00,0.239,-0.057,-0.296,-92.135556,29.674444,07387050,USGS,IAN,2022,2640.0
2022-09-26 21:00:00,0.38,-0.034,-0.414,-92.135556,29.674444,07387050,USGS,IAN,2022,2700.0
2022-09-26 22:00:00,0.689,0.0,-0.689,-92.135556,29.674444,07387050,USGS,IAN,2022,2760.0
2022-09-26 23:00:00,0.96,0.06,-0.8999999999999999,-92.135556,29.674444,07387050,USGS,IAN,2022,2820.0
2022-09-27 00:00:00,1.04,0.128,-0.912,-92.135556,29.674444,07387050,USGS,IAN,2022,2880.0
2022-09-27 01:00:00,1.059,0.168,-0.8909999999999999,-92.135556,29.674444,07387050,USGS,IAN,2022,2940.0
2022-09-27 02:00:00,0.96,0.178,-0.782,-92.135556,29.674444,07387050,USGS,IAN,2022,3000.0
2022-09-27 03:00:00,0.609,0.177,-0.432,-92.135556,29.674444,07387050,USGS,IAN,2022,3060.0
2022-09-27 04:00:00,0.33,0.172,-0.158,-92.135556,29.674444,07387050,USGS,IAN,2022,3120.0
2022-09-27 05:00:00,0.099,0.138,0.039,-92.135556,29.674444,07387050,USGS,IAN,2022,3180.0
2022-09-27 06:00:00,-0.101,0.09,0.191,-92.135556,29.674444,07387050,USGS,IAN,2022,3240.0
2022-09-27 07:00:00,-0.271,0.056,0.327,-92.135556,29.674444,07387050,USGS,IAN,2022,3300.0
2022-09-27 08:00:00,-0.301,0.046,0.347,-92.135556,29.674444,07387050,USGS,IAN,2022,3360.0
2022-09-27 09:00:00,-0.24,0.055,0.295,-92.135556,29.674444,07387050,USGS,IAN,2022,3420.0
2022-09-27 10:00:00,-0.191,0.064,0.255,-92.135556,29.674444,07387050,USGS,IAN,2022,3480.0
2022-09-27 11:00:00,0.099,0.08,-0.019,-92.135556,29.674444,07387050,USGS,IAN,2022,3540.0
2022-09-27 12:00:00,0.3,0.096,-0.204,-92.135556,29.674444,07387050,USGS,IAN,2022,3600.0
2022-09-27 13:00:00,0.38,0.096,-0.284,-92.135556,29.674444,07387050,USGS,IAN,2022,3660.0
2022-09-27 14:00:00,0.429,0.088,-0.3409999999999999,-92.135556,29.674444,07387050,USGS,IAN,2022,3720.0
2022-09-27 15:00:00,0.37,0.056,-0.314,-92.135556,29.674444,07387050,USGS,IAN,2022,3780.0
2022-09-27 16:00:00,0.159,0.009,-0.15,-92.135556,29.674444,07387050,USGS,IAN,2022,3840.0
2022-09-27 17:00:00,-0.0,-0.031,-0.031,-92.135556,29.674444,07387050,USGS,IAN,2022,3900.0
2022-09-27 18:00:00,0.01,-0.068,-0.078,-92.135556,29.674444,07387050,USGS,IAN,2022,3960.0
2022-09-27 19:00:00,-0.25,-0.11,0.14,-92.135556,29.674444,07387050,USGS,IAN,2022,4020.0
2022-09-27 20:00:00,-0.051,-0.126,-0.075,-92.135556,29.674444,07387050,USGS,IAN,2022,4080.0
2022-09-27 21:00:00,0.029,-0.124,-0.153,-92.135556,29.674444,07387050,USGS,IAN,2022,4140.0
2022-09-27 22:00:00,0.22,-0.096,-0.316,-92.135556,29.674444,07387050,USGS,IAN,2022,4200.0
2022-09-27 23:00:00,0.519,-0.066,-0.585,-92.135556,29.674444,07387050,USGS,IAN,2022,4260.0
2022-09-28 00:00:00,0.75,-0.015,-0.765,-92.135556,29.674444,07387050,USGS,IAN,2022,4320.0
2022-09-28 01:00:00,0.899,0.049,-0.85,-92.135556,29.674444,07387050,USGS,IAN,2022,4380.0
2022-09-28 02:00:00,1.05,0.115,-0.935,-92.135556,29.674444,07387050,USGS,IAN,2022,4440.0
2022-09-28 03:00:00,1.059,0.171,-0.8879999999999999,-92.135556,29.674444,07387050,USGS,IAN,2022,4500.0
2022-09-28 04:00:00,0.96,0.197,-0.7629999999999999,-92.135556,29.674444,07387050,USGS,IAN,2022,4560.0
2022-09-28 05:00:00,0.729,0.199,-0.53,-92.135556,29.674444,07387050,USGS,IAN,2022,4620.0
2022-09-28 06:00:00,0.529,0.206,-0.323,-92.135556,29.674444,07387050,USGS,IAN,2022,4680.0
2022-09-28 07:00:00,0.309,0.203,-0.1059999999999999,-92.135556,29.674444,07387050,USGS,IAN,2022,4740.0
2022-09-28 08:00:00,0.22,0.2,-0.0199999999999999,-92.135556,29.674444,07387050,USGS,IAN,2022,4800.0
2022-09-28 09:00:00,0.22,0.195,-0.0249999999999999,-92.135556,29.674444,07387050,USGS,IAN,2022,4860.0
2022-09-28 10:00:00,0.26,0.191,-0.069,-92.135556,29.674444,07387050,USGS,IAN,2022,4920.0
2022-09-28 11:00:00,0.38,0.186,-0.194,-92.135556,29.674444,07387050,USGS,IAN,2022,4980.0
2022-09-28 12:00:00,0.62,0.184,-0.436,-92.135556,29.674444,07387050,USGS,IAN,2022,5040.0
2022-09-28 13:00:00,0.649,0.17,-0.479,-92.135556,29.674444,07387050,USGS,IAN,2022,5100.0
2022-09-28 14:00:00,0.59,0.137,-0.4529999999999999,-92.135556,29.674444,07387050,USGS,IAN,2022,5160.0
2022-09-28 15:00:00,0.5,0.09,-0.41,-92.135556,29.674444,07387050,USGS,IAN,2022,5220.0
2022-09-28 16:00:00,0.279,0.038,-0.241,-92.135556,29.674444,07387050,USGS,IAN,2022,5280.0
2022-09-28 17:00:00,0.059,-0.006,-0.065,-92.135556,29.674444,07387050,USGS,IAN,2022,5340.0
2022-09-28 18:00:00,-0.101,-0.039,0.062,-92.135556,29.674444,07387050,USGS,IAN,2022,5400.0
2022-09-28 19:00:00,-0.25,-0.083,0.1669999999999999,-92.135556,29.674444,07387050,USGS,IAN,2022,5460.0
2022-09-28 20:00:00,-0.13,-0.13,0.0,-92.135556,29.674444,07387050,USGS,IAN,2022,5520.0
2022-09-28 21:00:00,-0.03,-0.157,-0.127,-92.135556,29.674444,07387050,USGS,IAN,2022,5580.0
2022-09-28 22:00:00,0.279,-0.164,-0.443,-92.135556,29.674444,07387050,USGS,IAN,2022,5640.0
2022-09-28 23:00:00,0.599,-0.149,-0.748,-92.135556,29.674444,07387050,USGS,IAN,2022,5700.0
2022-09-29 00:00:00,0.8,-0.121,-0.921,-92.135556,29.674444,07387050,USGS,IAN,2022,5760.0
2022-09-29 01:00:00,0.909,-0.089,-0.998,-92.135556,29.674444,07387050,USGS,IAN,2022,5820.0
2022-09-29 02:00:00,1.09,-0.037,-1.127,-92.135556,29.674444,07387050,USGS,IAN,2022,5880.0
2022-09-29 03:00:00,1.059,0.022,-1.037,-92.135556,29.674444,07387050,USGS,IAN,2022,5940.0
2022-09-29 04:00:00,0.88,0.087,-0.793,-92.135556,29.674444,07387050,USGS,IAN,2022,6000.0
2022-09-29 05:00:00,0.75,0.154,-0.596,-92.135556,29.674444,07387050,USGS,IAN,2022,6060.0
2022-09-29 06:00:00,0.59,0.215,-0.375,-92.135556,29.674444,07387050,USGS,IAN,2022,6120.0
2022-09-29 07:00:00,0.479,0.255,-0.2239999999999999,-92.135556,29.674444,07387050,USGS,IAN,2022,6180.0
2022-09-29 08:00:00,0.489,0.297,-0.192,-92.135556,29.674444,07387050,USGS,IAN,2022,6240.0
2022-09-29 09:00:00,0.51,0.339,-0.1709999999999999,-92.135556,29.674444,07387050,USGS,IAN,2022,6300.0
2022-09-29 10:00:00,0.609,0.365,-0.244,-92.135556,29.674444,07387050,USGS,IAN,2022,6360.0
2022-09-29 11:00:00,0.739,0.367,-0.372,-92.135556,29.674444,07387050,USGS,IAN,2022,6420.0
2022-09-29 12:00:00,0.76,0.354,-0.406,-92.135556,29.674444,07387050,USGS,IAN,2022,6480.0
2022-09-29 13:00:00,0.8,0.324,-0.476,-92.135556,29.674444,07387050,USGS,IAN,2022,6540.0
2022-09-29 14:00:00,0.699,0.271,-0.4279999999999999,-92.135556,29.674444,07387050,USGS,IAN,2022,6600.0
2022-09-29 15:00:00,0.479,0.208,-0.271,-92.135556,29.674444,07387050,USGS,IAN,2022,6660.0
2022-09-29 16:00:00,0.229,0.158,-0.071,-92.135556,29.674444,07387050,USGS,IAN,2022,6720.0
2022-09-29 17:00:00,-0.021,0.104,0.125,-92.135556,29.674444,07387050,USGS,IAN,2022,6780.0
2022-09-29 18:00:00,-0.191,0.049,0.24,-92.135556,29.674444,07387050,USGS,IAN,2022,6840.0
2022-09-29 19:00:00,-0.361,-0.006,0.355,-92.135556,29.674444,07387050,USGS,IAN,2022,6900.0
2022-09-29 20:00:00,-0.431,-0.042,0.389,-92.135556,29.674444,07387050,USGS,IAN,2022,6960.0
2022-09-29 21:00:00,-0.42,-0.089,0.3309999999999999,-92.135556,29.674444,07387050,USGS,IAN,2022,7020.0
2022-09-29 22:00:00,-0.261,-0.128,0.133,-92.135556,29.674444,07387050,USGS,IAN,2022,7080.0
2022-09-29 23:00:00,-0.04,-0.14,-0.1,-92.135556,29.674444,07387050,USGS,IAN,2022,7140.0
2022-09-30 00:00:00,0.199,-0.139,-0.338,-92.135556,29.674444,07387050,USGS,IAN,2022,7200.0
2022-09-30 01:00:00,0.439,-0.127,-0.5660000000000001,-92.135556,29.674444,07387050,USGS,IAN,2022,7260.0
2022-09-30 02:00:00,0.609,-0.103,-0.712,-92.135556,29.674444,07387050,USGS,IAN,2022,7320.0
2022-09-30 03:00:00,0.769,-0.066,-0.835,-92.135556,29.674444,07387050,USGS,IAN,2022,7380.0
2022-09-30 04:00:00,0.819,-0.011,-0.83,-92.135556,29.674444,07387050,USGS,IAN,2022,7440.0
2022-09-30 05:00:00,0.71,0.057,-0.6529999999999999,-92.135556,29.674444,07387050,USGS,IAN,2022,7500.0
2022-09-30 06:00:00,0.559,0.144,-0.415,-92.135556,29.674444,07387050,USGS,IAN,2022,7560.0
2022-09-30 07:00:00,0.46,0.204,-0.256,-92.135556,29.674444,07387050,USGS,IAN,2022,7620.0
2022-09-30 08:00:00,0.38,0.253,-0.127,-92.135556,29.674444,07387050,USGS,IAN,2022,7680.0
2022-09-30 09:00:00,0.37,0.305,-0.065,-92.135556,29.674444,07387050,USGS,IAN,2022,7740.0
2022-09-30 10:00:00,0.429,0.353,-0.076,-92.135556,29.674444,07387050,USGS,IAN,2022,7800.0
2022-09-30 11:00:00,0.519,0.382,-0.137,-92.135556,29.674444,07387050,USGS,IAN,2022,7860.0
2022-09-30 12:00:00,0.679,0.388,-0.291,-92.135556,29.674444,07387050,USGS,IAN,2022,7920.0
2022-09-30 13:00:00,0.689,0.381,-0.3079999999999999,-92.135556,29.674444,07387050,USGS,IAN,2022,7980.0
2022-09-30 14:00:00,0.599,0.352,-0.247,-92.135556,29.674444,07387050,USGS,IAN,2022,8040.0
2022-09-30 15:00:00,0.33,0.295,-0.035,-92.135556,29.674444,07387050,USGS,IAN,2022,8100.0
2022-09-30 16:00:00,0.05,0.229,0.179,-92.135556,29.674444,07387050,USGS,IAN,2022,8160.0
2022-09-30 17:00:00,-0.231,0.172,0.403,-92.135556,29.674444,07387050,USGS,IAN,2022,8220.0
2022-09-30 18:00:00,-0.401,0.117,0.518,-92.135556,29.674444,07387050,USGS,IAN,2022,8280.0
2022-09-30 19:00:00,-0.63,0.069,0.6990000000000001,-92.135556,29.674444,07387050,USGS,IAN,2022,8340.0
2022-09-30 20:00:00,-0.811,0.013,0.8240000000000001,-92.135556,29.674444,07387050,USGS,IAN,2022,8400.0
2022-09-30 21:00:00,-0.99,-0.032,0.958,-92.135556,29.674444,07387050,USGS,IAN,2022,8460.0
2022-09-30 22:00:00,-0.96,-0.079,0.881,-92.135556,29.674444,07387050,USGS,IAN,2022,8520.0
2022-09-30 23:00:00,-0.801,-0.126,0.675,-92.135556,29.674444,07387050,USGS,IAN,2022,8580.0
2022-10-01 00:00:00,-0.63,-0.153,0.477,-92.135556,29.674444,07387050,USGS,IAN,2022,8640.0
2022-10-01 01:00:00,-0.311,-0.161,0.15,-92.135556,29.674444,07387050,USGS,IAN,2022,8700.0
2022-10-01 02:00:00,-0.03,-0.146,-0.1159999999999999,-92.135556,29.674444,07387050,USGS,IAN,2022,8760.0
2022-10-01 03:00:00,0.239,-0.124,-0.363,-92.135556,29.674444,07387050,USGS,IAN,2022,8820.0
2022-10-01 04:00:00,0.47,-0.09,-0.5599999999999999,-92.135556,29.674444,07387050,USGS,IAN,2022,8880.0
2022-10-01 05:00:00,0.689,-0.034,-0.723,-92.135556,29.674444,07387050,USGS,IAN,2022,8940.0
2022-10-01 06:00:00,0.71,0.041,-0.6689999999999999,-92.135556,29.674444,07387050,USGS,IAN,2022,9000.0
2022-10-01 07:00:00,0.649,0.137,-0.512,-92.135556,29.674444,07387050,USGS,IAN,2022,9060.0
2022-10-01 08:00:00,0.58,0.218,-0.362,-92.135556,29.674444,07387050,USGS,IAN,2022,9120.0
2022-10-01 09:00:00,0.5,0.28,-0.2199999999999999,-92.135556,29.674444,07387050,USGS,IAN,2022,9180.0
2022-10-01 10:00:00,0.47,0.338,-0.1319999999999999,-92.135556,29.674444,07387050,USGS,IAN,2022,9240.0
2022-10-01 11:00:00,0.389,0.384,-0.005,-92.135556,29.674444,07387050,USGS,IAN,2022,9300.0
2022-10-01 12:00:00,0.389,0.402,0.013,-92.135556,29.674444,07387050,USGS,IAN,2022,9360.0
2022-10-01 13:00:00,0.319,0.406,0.087,-92.135556,29.674444,07387050,USGS,IAN,2022,9420.0
2022-10-01 14:00:00,0.239,0.397,0.158,-92.135556,29.674444,07387050,USGS,IAN,2022,9480.0
2022-10-01 15:00:00,0.069,0.358,0.289,-92.135556,29.674444,07387050,USGS,IAN,2022,9540.0
2022-10-01 16:00:00,-0.151,0.296,0.4469999999999999,-92.135556,29.674444,07387050,USGS,IAN,2022,9600.0
2022-10-01 17:00:00,-0.41,0.237,0.647,-92.135556,29.674444,07387050,USGS,IAN,2022,9660.0
2022-10-01 18:00:00,-0.651,0.179,0.8300000000000001,-92.135556,29.674444,07387050,USGS,IAN,2022,9720.0
2022-10-01 19:00:00,-0.87,0.125,0.995,-92.135556,29.674444,07387050,USGS,IAN,2022,9780.0
2022-10-01 20:00:00,-1.061,0.078,1.139,-92.135556,29.674444,07387050,USGS,IAN,2022,9840.0
2022-10-01 21:00:00,-1.151,0.018,1.169,-92.135556,29.674444,07387050,USGS,IAN,2022,9900.0
2022-10-01 22:00:00,-1.141,-0.031,1.11,-92.135556,29.674444,07387050,USGS,IAN,2022,9960.0
2022-10-01 23:00:00,-1.03,-0.076,0.954,-92.135556,29.674444,07387050,USGS,IAN,2022,10020.0
2022-09-25 01:00:00,0.481,0.142,-0.3389999999999999,-93.299599,30.031879,08017095,USGS,IAN,2022,60.0
2022-09-25 02:00:00,0.291,0.064,-0.2269999999999999,-93.299599,30.031879,08017095,USGS,IAN,2022,120.0
2022-09-25 03:00:00,0.091,-0.019,-0.11,-93.299599,30.031879,08017095,USGS,IAN,2022,180.0
2022-09-25 04:00:00,0.001,-0.115,-0.116,-93.299599,30.031879,08017095,USGS,IAN,2022,240.0
2022-09-25 05:00:00,-0.129,-0.197,-0.068,-93.299599,30.031879,08017095,USGS,IAN,2022,300.0
2022-09-25 06:00:00,-0.139,-0.257,-0.118,-93.299599,30.031879,08017095,USGS,IAN,2022,360.0
2022-09-25 07:00:00,-0.039,-0.271,-0.232,-93.299599,30.031879,08017095,USGS,IAN,2022,420.0
2022-09-25 08:00:00,0.171,-0.175,-0.346,-93.299599,30.031879,08017095,USGS,IAN,2022,480.0
2022-09-25 09:00:00,0.351,-0.064,-0.415,-93.299599,30.031879,08017095,USGS,IAN,2022,540.0
2022-09-25 10:00:00,0.501,0.026,-0.475,-93.299599,30.031879,08017095,USGS,IAN,2022,600.0
2022-09-25 11:00:00,0.611,0.12,-0.491,-93.299599,30.031879,08017095,USGS,IAN,2022,660.0
2022-09-25 12:00:00,0.641,0.194,-0.447,-93.299599,30.031879,08017095,USGS,IAN,2022,720.0
2022-09-25 13:00:00,0.571,0.217,-0.354,-93.299599,30.031879,08017095,USGS,IAN,2022,780.0
2022-09-25 14:00:00,0.421,0.146,-0.275,-93.299599,30.031879,08017095,USGS,IAN,2022,840.0
2022-09-25 15:00:00,0.281,0.048,-0.233,-93.299599,30.031879,08017095,USGS,IAN,2022,900.0
2022-09-25 16:00:00,0.131,-0.014,-0.145,-93.299599,30.031879,08017095,USGS,IAN,2022,960.0
2022-09-25 17:00:00,0.021,-0.072,-0.093,-93.299599,30.031879,08017095,USGS,IAN,2022,1020.0
2022-09-25 18:00:00,0.011,-0.115,-0.126,-93.299599,30.031879,08017095,USGS,IAN,2022,1080.0
2022-09-25 19:00:00,0.091,-0.08,-0.1709999999999999,-93.299599,30.031879,08017095,USGS,IAN,2022,1140.0
2022-09-25 20:00:00,0.241,0.035,-0.206,-93.299599,30.031879,08017095,USGS,IAN,2022,1200.0
2022-09-25 21:00:00,0.341,0.129,-0.212,-93.299599,30.031879,08017095,USGS,IAN,2022,1260.0
2022-09-25 22:00:00,0.521,0.209,-0.312,-93.299599,30.031879,08017095,USGS,IAN,2022,1320.0
2022-09-25 23:00:00,0.591,0.292,-0.299,-93.299599,30.031879,08017095,USGS,IAN,2022,1380.0
2022-09-26 00:00:00,0.631,0.346,-0.285,-93.299599,30.031879,08017095,USGS,IAN,2022,1440.0
2022-09-26 01:00:00,0.541,0.32,-0.221,-93.299599,30.031879,08017095,USGS,IAN,2022,1500.0
2022-09-26 02:00:00,0.431,0.208,-0.223,-93.299599,30.031879,08017095,USGS,IAN,2022,1560.0
2022-09-26 03:00:00,0.291,0.119,-0.172,-93.299599,30.031879,08017095,USGS,IAN,2022,1620.0
2022-09-26 04:00:00,0.181,0.042,-0.1389999999999999,-93.299599,30.031879,08017095,USGS,IAN,2022,1680.0
2022-09-26 05:00:00,0.051,-0.044,-0.095,-93.299599,30.031879,08017095,USGS,IAN,2022,1740.0
2022-09-26 06:00:00,0.051,-0.126,-0.177,-93.299599,30.031879,08017095,USGS,IAN,2022,1800.0
2022-09-26 07:00:00,0.141,-0.173,-0.3139999999999999,-93.299599,30.031879,08017095,USGS,IAN,2022,1860.0
2022-09-26 08:00:00,0.321,-0.151,-0.472,-93.299599,30.031879,08017095,USGS,IAN,2022,1920.0
2022-09-26 09:00:00,0.481,-0.04,-0.521,-93.299599,30.031879,08017095,USGS,IAN,2022,1980.0
2022-09-26 10:00:00,0.611,0.049,-0.5619999999999999,-93.299599,30.031879,08017095,USGS,IAN,2022,2040.0
2022-09-26 11:00:00,0.701,0.129,-0.572,-93.299599,30.031879,08017095,USGS,IAN,2022,2100.0
2022-09-26 12:00:00,0.801,0.197,-0.6040000000000001,-93.299599,30.031879,08017095,USGS,IAN,2022,2160.0
2022-09-26 13:00:00,0.701,0.22,-0.481,-93.299599,30.031879,08017095,USGS,IAN,2022,2220.0
2022-09-26 14:00:00,0.661,0.137,-0.524,-93.299599,30.031879,08017095,USGS,IAN,2022,2280.0
2022-09-26 15:00:00,0.431,0.033,-0.398,-93.299599,30.031879,08017095,USGS,IAN,2022,2340.0
2022-09-26 16:00:00,0.291,-0.041,-0.3319999999999999,-93.299599,30.031879,08017095,USGS,IAN,2022,2400.0
2022-09-26 17:00:00,0.151,-0.118,-0.269,-93.299599,30.031879,08017095,USGS,IAN,2022,2460.0
2022-09-26 18:00:00,0.071,-0.185,-0.256,-93.299599,30.031879,08017095,USGS,IAN,2022,2520.0
2022-09-26 19:00:00,0.041,-0.206,-0.247,-93.299599,30.031879,08017095,USGS,IAN,2022,2580.0
2022-09-26 20:00:00,0.061,-0.108,-0.1689999999999999,-93.299599,30.031879,08017095,USGS,IAN,2022,2640.0
2022-09-26 21:00:00,0.241,0.009,-0.2319999999999999,-93.299599,30.031879,08017095,USGS,IAN,2022,2700.0
2022-09-26 22:00:00,0.431,0.102,-0.329,-93.299599,30.031879,08017095,USGS,IAN,2022,2760.0
2022-09-26 23:00:00,0.531,0.203,-0.328,-93.299599,30.031879,08017095,USGS,IAN,2022,2820.0
2022-09-27 00:00:00,0.621,0.292,-0.329,-93.299599,30.031879,08017095,USGS,IAN,2022,2880.0
2022-09-27 01:00:00,0.591,0.348,-0.243,-93.299599,30.031879,08017095,USGS,IAN,2022,2940.0
2022-09-27 02:00:00,0.511,0.325,-0.186,-93.299599,30.031879,08017095,USGS,IAN,2022,3000.0
2022-09-27 03:00:00,0.311,0.216,-0.095,-93.299599,30.031879,08017095,USGS,IAN,2022,3060.0
2022-09-27 04:00:00,0.111,0.132,0.021,-93.299599,30.031879,08017095,USGS,IAN,2022,3120.0
2022-09-27 05:00:00,-0.059,0.062,0.121,-93.299599,30.031879,08017095,USGS,IAN,2022,3180.0
2022-09-27 06:00:00,-0.219,-0.007,0.212,-93.299599,30.031879,08017095,USGS,IAN,2022,3240.0
2022-09-27 07:00:00,-0.289,-0.061,0.2279999999999999,-93.299599,30.031879,08017095,USGS,IAN,2022,3300.0
2022-09-27 08:00:00,-0.309,-0.059,0.25,-93.299599,30.031879,08017095,USGS,IAN,2022,3360.0
2022-09-27 09:00:00,-0.259,0.03,0.289,-93.299599,30.031879,08017095,USGS,IAN,2022,3420.0
2022-09-27 10:00:00,-0.079,0.111,0.19,-93.299599,30.031879,08017095,USGS,IAN,2022,3480.0
2022-09-27 11:00:00,0.121,0.163,0.042,-93.299599,30.031879,08017095,USGS,IAN,2022,3540.0
2022-09-27 12:00:00,0.231,0.198,-0.033,-93.299599,30.031879,08017095,USGS,IAN,2022,3600.0
2022-09-27 13:00:00,0.341,0.167,-0.174,-93.299599,30.031879,08017095,USGS,IAN,2022,3660.0
2022-09-27 14:00:00,0.421,0.065,-0.356,-93.299599,30.031879,08017095,USGS,IAN,2022,3720.0
2022-09-27 15:00:00,0.301,-0.02,-0.321,-93.299599,30.031879,08017095,USGS,IAN,2022,3780.0
2022-09-27 16:00:00,0.151,-0.102,-0.253,-93.299599,30.031879,08017095,USGS,IAN,2022,3840.0
2022-09-27 17:00:00,-0.019,-0.192,-0.173,-93.299599,30.031879,08017095,USGS,IAN,2022,3900.0
2022-09-27 18:00:00,-0.189,-0.273,-0.084,-93.299599,30.031879,08017095,USGS,IAN,2022,3960.0
2022-09-27 19:00:00,-0.229,-0.332,-0.103,-93.299599,30.031879,08017095,USGS,IAN,2022,4020.0
2022-09-27 20:00:00,-0.129,-0.329,-0.2,-93.299599,30.031879,08017095,USGS,IAN,2022,4080.0
2022-09-27 21:00:00,0.101,-0.208,-0.309,-93.299599,30.031879,08017095,USGS,IAN,2022,4140.0
2022-09-27 22:00:00,0.281,-0.092,-0.373,-93.299599,30.031879,08017095,USGS,IAN,2022,4200.0
2022-09-27 23:00:00,0.471,0.018,-0.4529999999999999,-93.299599,30.031879,08017095,USGS,IAN,2022,4260.0
2022-09-28 00:00:00,0.631,0.142,-0.489,-93.299599,30.031879,08017095,USGS,IAN,2022,4320.0
2022-09-28 01:00:00,0.771,0.25,-0.521,-93.299599,30.031879,08017095,USGS,IAN,2022,4380.0
2022-09-28 02:00:00,0.791,0.332,-0.459,-93.299599,30.031879,08017095,USGS,IAN,2022,4440.0
2022-09-28 03:00:00,0.751,0.366,-0.385,-93.299599,30.031879,08017095,USGS,IAN,2022,4500.0
2022-09-28 04:00:00,0.581,0.309,-0.2719999999999999,-93.299599,30.031879,08017095,USGS,IAN,2022,4560.0
2022-09-28 05:00:00,0.421,0.207,-0.214,-93.299599,30.031879,08017095,USGS,IAN,2022,4620.0
2022-09-28 06:00:00,0.281,0.146,-0.135,-93.299599,30.031879,08017095,USGS,IAN,2022,4680.0
2022-09-28 07:00:00,0.171,0.098,-0.073,-93.299599,30.031879,08017095,USGS,IAN,2022,4740.0
2022-09-28 08:00:00,0.151,0.061,-0.09,-93.299599,30.031879,08017095,USGS,IAN,2022,4800.0
2022-09-28 09:00:00,0.251,0.091,-0.16,-93.299599,30.031879,08017095,USGS,IAN,2022,4860.0
2022-09-28 10:00:00,0.451,0.17,-0.281,-93.299599,30.031879,08017095,USGS,IAN,2022,4920.0
2022-09-28 11:00:00,0.601,0.22,-0.381,-93.299599,30.031879,08017095,USGS,IAN,2022,4980.0
2022-09-28 12:00:00,0.681,0.23,-0.451,-93.299599,30.031879,08017095,USGS,IAN,2022,5040.0
2022-09-28 13:00:00,0.691,0.167,-0.5239999999999999,-93.299599,30.031879,08017095,USGS,IAN,2022,5100.0
2022-09-28 14:00:00,0.661,0.073,-0.5880000000000001,-93.299599,30.031879,08017095,USGS,IAN,2022,5160.0
2022-09-28 15:00:00,0.511,-0.006,-0.517,-93.299599,30.031879,08017095,USGS,IAN,2022,5220.0
2022-09-28 16:00:00,0.261,-0.095,-0.356,-93.299599,30.031879,08017095,USGS,IAN,2022,5280.0
2022-09-28 17:00:00,0.121,-0.195,-0.316,-93.299599,30.031879,08017095,USGS,IAN,2022,5340.0
2022-09-28 18:00:00,-0.019,-0.289,-0.2699999999999999,-93.299599,30.031879,08017095,USGS,IAN,2022,5400.0
2022-09-28 19:00:00,-0.079,-0.373,-0.294,-93.299599,30.031879,08017095,USGS,IAN,2022,5460.0
2022-09-28 20:00:00,-0.009,-0.434,-0.425,-93.299599,30.031879,08017095,USGS,IAN,2022,5520.0
2022-09-28 21:00:00,0.311,-0.431,-0.742,-93.299599,30.031879,08017095,USGS,IAN,2022,5580.0
2022-09-28 22:00:00,0.511,-0.307,-0.8180000000000001,-93.299599,30.031879,08017095,USGS,IAN,2022,5640.0
2022-09-28 23:00:00,0.741,-0.189,-0.93,-93.299599,30.031879,08017095,USGS,IAN,2022,5700.0
2022-09-29 00:00:00,0.921,-0.072,-0.993,-93.299599,30.031879,08017095,USGS,IAN,2022,5760.0
2022-09-29 01:00:00,1.051,0.053,-0.998,-93.299599,30.031879,08017095,USGS,IAN,2022,5820.0
2022-09-29 02:00:00,1.051,0.171,-0.8799999999999999,-93.299599,30.031879,08017095,USGS,IAN,2022,5880.0
2022-09-29 03:00:00,1.051,0.255,-0.7959999999999999,-93.299599,30.031879,08017095,USGS,IAN,2022,5940.0
2022-09-29 04:00:00,1.001,0.312,-0.6889999999999998,-93.299599,30.031879,08017095,USGS,IAN,2022,6000.0
2022-09-29 05:00:00,0.891,0.319,-0.5720000000000001,-93.299599,30.031879,08017095,USGS,IAN,2022,6060.0
2022-09-29 06:00:00,0.731,0.287,-0.444,-93.299599,30.031879,08017095,USGS,IAN,2022,6120.0
2022-09-29 07:00:00,0.621,0.267,-0.354,-93.299599,30.031879,08017095,USGS,IAN,2022,6180.0
2022-09-29 08:00:00,0.521,0.278,-0.243,-93.299599,30.031879,08017095,USGS,IAN,2022,6240.0
2022-09-29 09:00:00,0.531,0.294,-0.237,-93.299599,30.031879,08017095,USGS,IAN,2022,6300.0
2022-09-29 10:00:00,0.591,0.315,-0.2759999999999999,-93.299599,30.031879,08017095,USGS,IAN,2022,6360.0
2022-09-29 11:00:00,0.681,0.315,-0.366,-93.299599,30.031879,08017095,USGS,IAN,2022,6420.0
2022-09-29 12:00:00,0.671,0.276,-0.395,-93.299599,30.031879,08017095,USGS,IAN,2022,6480.0
2022-09-29 13:00:00,0.671,0.213,-0.4580000000000001,-93.299599,30.031879,08017095,USGS,IAN,2022,6540.0
2022-09-29 14:00:00,0.641,0.142,-0.499,-93.299599,30.031879,08017095,USGS,IAN,2022,6600.0
2022-09-29 15:00:00,0.511,0.06,-0.451,-93.299599,30.031879,08017095,USGS,IAN,2022,6660.0
2022-09-29 16:00:00,0.361,-0.032,-0.393,-93.299599,30.031879,08017095,USGS,IAN,2022,6720.0
2022-09-29 17:00:00,0.211,-0.135,-0.346,-93.299599,30.031879,08017095,USGS,IAN,2022,6780.0
2022-09-29 18:00:00,0.041,-0.237,-0.2779999999999999,-93.299599,30.031879,08017095,USGS,IAN,2022,6840.0
2022-09-29 19:00:00,-0.089,-0.334,-0.245,-93.299599,30.031879,08017095,USGS,IAN,2022,6900.0
2022-09-29 20:00:00,-0.159,-0.419,-0.26,-93.299599,30.031879,08017095,USGS,IAN,2022,6960.0
2022-09-29 21:00:00,-0.149,-0.479,-0.3299999999999999,-93.299599,30.031879,08017095,USGS,IAN,2022,7020.0
2022-09-29 22:00:00,-0.079,-0.465,-0.386,-93.299599,30.031879,08017095,USGS,IAN,2022,7080.0
2022-09-29 23:00:00,0.171,-0.337,-0.508,-93.299599,30.031879,08017095,USGS,IAN,2022,7140.0
2022-09-30 00:00:00,0.451,-0.227,-0.678,-93.299599,30.031879,08017095,USGS,IAN,2022,7200.0
2022-09-30 01:00:00,0.631,-0.116,-0.747,-93.299599,30.031879,08017095,USGS,IAN,2022,7260.0
2022-09-30 02:00:00,0.691,0.011,-0.6799999999999999,-93.299599,30.031879,08017095,USGS,IAN,2022,7320.0
2022-09-30 03:00:00,0.801,0.127,-0.674,-93.299599,30.031879,08017095,USGS,IAN,2022,7380.0
2022-09-30 04:00:00,0.811,0.219,-0.5920000000000001,-93.299599,30.031879,08017095,USGS,IAN,2022,7440.0
2022-09-30 05:00:00,0.821,0.284,-0.5369999999999999,-93.299599,30.031879,08017095,USGS,IAN,2022,7500.0
2022-09-30 06:00:00,0.731,0.318,-0.413,-93.299599,30.031879,08017095,USGS,IAN,2022,7560.0
2022-09-30 07:00:00,0.621,0.316,-0.305,-93.299599,30.031879,08017095,USGS,IAN,2022,7620.0
2022-09-30 08:00:00,0.561,0.321,-0.24,-93.299599,30.031879,08017095,USGS,IAN,2022,7680.0
2022-09-30 09:00:00,0.571,0.358,-0.2129999999999999,-93.299599,30.031879,08017095,USGS,IAN,2022,7740.0
2022-09-30 10:00:00,0.641,0.395,-0.246,-93.299599,30.031879,08017095,USGS,IAN,2022,7800.0
2022-09-30 11:00:00,0.731,0.418,-0.313,-93.299599,30.031879,08017095,USGS,IAN,2022,7860.0
2022-09-30 12:00:00,0.811,0.391,-0.42,-93.299599,30.031879,08017095,USGS,IAN,2022,7920.0
2022-09-30 13:00:00,0.761,0.309,-0.452,-93.299599,30.031879,08017095,USGS,IAN,2022,7980.0
2022-09-30 14:00:00,0.671,0.232,-0.439,-93.299599,30.031879,08017095,USGS,IAN,2022,8040.0
2022-09-30 15:00:00,0.541,0.15,-0.391,-93.299599,30.031879,08017095,USGS,IAN,2022,8100.0
2022-09-30 16:00:00,0.351,0.057,-0.294,-93.299599,30.031879,08017095,USGS,IAN,2022,8160.0
2022-09-30 17:00:00,0.111,-0.043,-0.154,-93.299599,30.031879,08017095,USGS,IAN,2022,8220.0
2022-09-30 18:00:00,-0.119,-0.151,-0.032,-93.299599,30.031879,08017095,USGS,IAN,2022,8280.0
2022-09-30 19:00:00,-0.289,-0.253,0.0359999999999999,-93.299599,30.031879,08017095,USGS,IAN,2022,8340.0
2022-09-30 20:00:00,-0.429,-0.35,0.079,-93.299599,30.031879,08017095,USGS,IAN,2022,8400.0
2022-09-30 21:00:00,-0.549,-0.435,0.114,-93.299599,30.031879,08017095,USGS,IAN,2022,8460.0
2022-09-30 22:00:00,-0.519,-0.5,0.019,-93.299599,30.031879,08017095,USGS,IAN,2022,8520.0
2022-09-30 23:00:00,-0.409,-0.515,-0.106,-93.299599,30.031879,08017095,USGS,IAN,2022,8580.0
2022-10-01 00:00:00,-0.189,-0.407,-0.2179999999999999,-93.299599,30.031879,08017095,USGS,IAN,2022,8640.0
2022-10-01 01:00:00,0.051,-0.293,-0.344,-93.299599,30.031879,08017095,USGS,IAN,2022,8700.0
2022-10-01 02:00:00,0.231,-0.184,-0.415,-93.299599,30.031879,08017095,USGS,IAN,2022,8760.0
2022-10-01 03:00:00,0.401,-0.062,-0.463,-93.299599,30.031879,08017095,USGS,IAN,2022,8820.0
2022-10-01 04:00:00,0.501,0.065,-0.436,-93.299599,30.031879,08017095,USGS,IAN,2022,8880.0
2022-10-01 05:00:00,0.551,0.186,-0.365,-93.299599,30.031879,08017095,USGS,IAN,2022,8940.0
2022-10-01 06:00:00,0.541,0.286,-0.255,-93.299599,30.031879,08017095,USGS,IAN,2022,9000.0
2022-10-01 07:00:00,0.521,0.369,-0.152,-93.299599,30.031879,08017095,USGS,IAN,2022,9060.0
2022-10-01 08:00:00,0.491,0.428,-0.063,-93.299599,30.031879,08017095,USGS,IAN,2022,9120.0
2022-10-01 09:00:00,0.451,0.47,0.0189999999999999,-93.299599,30.031879,08017095,USGS,IAN,2022,9180.0
2022-10-01 10:00:00,0.441,0.497,0.0559999999999999,-93.299599,30.031879,08017095,USGS,IAN,2022,9240.0
2022-10-01 11:00:00,0.411,0.493,0.082,-93.299599,30.031879,08017095,USGS,IAN,2022,9300.0
2022-10-01 12:00:00,0.391,0.445,0.0539999999999999,-93.299599,30.031879,08017095,USGS,IAN,2022,9360.0
2022-10-01 13:00:00,0.351,0.377,0.026,-93.299599,30.031879,08017095,USGS,IAN,2022,9420.0
2022-10-01 14:00:00,0.221,0.313,0.092,-93.299599,30.031879,08017095,USGS,IAN,2022,9480.0
2022-10-01 15:00:00,0.141,0.233,0.092,-93.299599,30.031879,08017095,USGS,IAN,2022,9540.0
2022-10-01 16:00:00,-0.029,0.142,0.1709999999999999,-93.299599,30.031879,08017095,USGS,IAN,2022,9600.0
2022-10-01 17:00:00,-0.199,0.049,0.248,-93.299599,30.031879,08017095,USGS,IAN,2022,9660.0
2022-10-01 18:00:00,-0.359,-0.051,0.308,-93.299599,30.031879,08017095,USGS,IAN,2022,9720.0
2022-10-01 19:00:00,-0.539,-0.162,0.377,-93.299599,30.031879,08017095,USGS,IAN,2022,9780.0
2022-10-01 20:00:00,-0.669,-0.267,0.402,-93.299599,30.031879,08017095,USGS,IAN,2022,9840.0
2022-10-01 21:00:00,-0.719,-0.367,0.352,-93.299599,30.031879,08017095,USGS,IAN,2022,9900.0
2022-10-01 22:00:00,-0.829,-0.46,0.3689999999999999,-93.299599,30.031879,08017095,USGS,IAN,2022,9960.0
2022-10-01 23:00:00,-0.759,-0.536,0.2229999999999999,-93.299599,30.031879,08017095,USGS,IAN,2022,10020.0
2022-09-25 01:00:00,0.062,0.143,0.0809999999999999,-93.7215544,30.09798774,08030540,USGS,IAN,2022,60.0
2022-09-25 02:00:00,-0.018,0.079,0.097,-93.7215544,30.09798774,08030540,USGS,IAN,2022,120.0
2022-09-25 03:00:00,-0.148,0.053,0.2009999999999999,-93.7215544,30.09798774,08030540,USGS,IAN,2022,180.0
2022-09-25 04:00:00,-0.328,-0.038,0.29,-93.7215544,30.09798774,08030540,USGS,IAN,2022,240.0
2022-09-25 05:00:00,-0.508,-0.104,0.404,-93.7215544,30.09798774,08030540,USGS,IAN,2022,300.0
2022-09-25 06:00:00,-0.628,-0.132,0.496,-93.7215544,30.09798774,08030540,USGS,IAN,2022,360.0
2022-09-25 07:00:00,-0.708,-0.177,0.5309999999999999,-93.7215544,30.09798774,08030540,USGS,IAN,2022,420.0
2022-09-25 08:00:00,-0.658,-0.17,0.488,-93.7215544,30.09798774,08030540,USGS,IAN,2022,480.0
2022-09-25 09:00:00,-0.548,-0.088,0.4600000000000001,-93.7215544,30.09798774,08030540,USGS,IAN,2022,540.0
2022-09-25 10:00:00,-0.358,-0.021,0.3369999999999999,-93.7215544,30.09798774,08030540,USGS,IAN,2022,600.0
2022-09-25 11:00:00,-0.218,0.003,0.221,-93.7215544,30.09798774,08030540,USGS,IAN,2022,660.0
2022-09-25 12:00:00,-0.118,0.097,0.215,-93.7215544,30.09798774,08030540,USGS,IAN,2022,720.0
2022-09-25 13:00:00,-0.048,0.123,0.1709999999999999,-93.7215544,30.09798774,08030540,USGS,IAN,2022,780.0
2022-09-25 14:00:00,-0.038,0.089,0.127,-93.7215544,30.09798774,08030540,USGS,IAN,2022,840.0
2022-09-25 15:00:00,-0.088,0.072,0.1599999999999999,-93.7215544,30.09798774,08030540,USGS,IAN,2022,900.0
2022-09-25 16:00:00,-0.198,0.012,0.21,-93.7215544,30.09798774,08030540,USGS,IAN,2022,960.0
2022-09-25 17:00:00,-0.358,-0.025,0.3329999999999999,-93.7215544,30.09798774,08030540,USGS,IAN,2022,1020.0
2022-09-25 18:00:00,-0.438,-0.061,0.377,-93.7215544,30.09798774,08030540,USGS,IAN,2022,1080.0
2022-09-25 19:00:00,-0.508,-0.078,0.43,-93.7215544,30.09798774,08030540,USGS,IAN,2022,1140.0
2022-09-25 20:00:00,-0.508,-0.027,0.481,-93.7215544,30.09798774,08030540,USGS,IAN,2022,1200.0
2022-09-25 21:00:00,-0.438,0.049,0.487,-93.7215544,30.09798774,08030540,USGS,IAN,2022,1260.0
2022-09-25 22:00:00,-0.308,0.084,0.392,-93.7215544,30.09798774,08030540,USGS,IAN,2022,1320.0
2022-09-25 23:00:00,-0.218,0.147,0.365,-93.7215544,30.09798774,08030540,USGS,IAN,2022,1380.0
2022-09-26 00:00:00,-0.148,0.215,0.363,-93.7215544,30.09798774,08030540,USGS,IAN,2022,1440.0
2022-09-26 01:00:00,-0.058,0.208,0.266,-93.7215544,30.09798774,08030540,USGS,IAN,2022,1500.0
2022-09-26 02:00:00,-0.028,0.19,0.218,-93.7215544,30.09798774,08030540,USGS,IAN,2022,1560.0
2022-09-26 03:00:00,-0.078,0.112,0.19,-93.7215544,30.09798774,08030540,USGS,IAN,2022,1620.0
2022-09-26 04:00:00,-0.188,0.057,0.245,-93.7215544,30.09798774,08030540,USGS,IAN,2022,1680.0
2022-09-26 05:00:00,-0.308,0.012,0.32,-93.7215544,30.09798774,08030540,USGS,IAN,2022,1740.0
2022-09-26 06:00:00,-0.448,-0.074,0.374,-93.7215544,30.09798774,08030540,USGS,IAN,2022,1800.0
2022-09-26 07:00:00,-0.538,-0.097,0.441,-93.7215544,30.09798774,08030540,USGS,IAN,2022,1860.0
2022-09-26 08:00:00,-0.468,-0.109,0.359,-93.7215544,30.09798774,08030540,USGS,IAN,2022,1920.0
2022-09-26 09:00:00,-0.428,-0.098,0.3299999999999999,-93.7215544,30.09798774,08030540,USGS,IAN,2022,1980.0
2022-09-26 10:00:00,-0.288,-0.007,0.2809999999999999,-93.7215544,30.09798774,08030540,USGS,IAN,2022,2040.0
2022-09-26 11:00:00,-0.128,0.04,0.168,-93.7215544,30.09798774,08030540,USGS,IAN,2022,2100.0
2022-09-26 12:00:00,-0.028,0.068,0.096,-93.7215544,30.09798774,08030540,USGS,IAN,2022,2160.0
2022-09-26 13:00:00,0.062,0.138,0.076,-93.7215544,30.09798774,08030540,USGS,IAN,2022,2220.0
2022-09-26 14:00:00,0.062,0.11,0.048,-93.7215544,30.09798774,08030540,USGS,IAN,2022,2280.0
2022-09-26 15:00:00,-0.048,0.032,0.08,-93.7215544,30.09798774,08030540,USGS,IAN,2022,2340.0
2022-09-26 16:00:00,-0.158,-0.01,0.148,-93.7215544,30.09798774,08030540,USGS,IAN,2022,2400.0
2022-09-26 17:00:00,-0.238,-0.042,0.1959999999999999,-93.7215544,30.09798774,08030540,USGS,IAN,2022,2460.0
2022-09-26 18:00:00,-0.368,-0.129,0.239,-93.7215544,30.09798774,08030540,USGS,IAN,2022,2520.0
2022-09-26 19:00:00,-0.458,-0.145,0.313,-93.7215544,30.09798774,08030540,USGS,IAN,2022,2580.0
2022-09-26 20:00:00,-0.498,-0.116,0.382,-93.7215544,30.09798774,08030540,USGS,IAN,2022,2640.0
2022-09-26 21:00:00,-0.518,-0.072,0.446,-93.7215544,30.09798774,08030540,USGS,IAN,2022,2700.0
2022-09-26 22:00:00,-0.438,0.016,0.454,-93.7215544,30.09798774,08030540,USGS,IAN,2022,2760.0
2022-09-26 23:00:00,-0.318,0.059,0.377,-93.7215544,30.09798774,08030540,USGS,IAN,2022,2820.0
2022-09-27 00:00:00,-0.218,0.146,0.364,-93.7215544,30.09798774,08030540,USGS,IAN,2022,2880.0
2022-09-27 01:00:00,-0.108,0.193,0.301,-93.7215544,30.09798774,08030540,USGS,IAN,2022,2940.0
2022-09-27 02:00:00,-0.068,0.198,0.266,-93.7215544,30.09798774,08030540,USGS,IAN,2022,3000.0
2022-09-27 03:00:00,-0.108,0.194,0.302,-93.7215544,30.09798774,08030540,USGS,IAN,2022,3060.0
2022-09-27 04:00:00,-0.198,0.107,0.305,-93.7215544,30.09798774,08030540,USGS,IAN,2022,3120.0
2022-09-27 05:00:00,-0.308,0.071,0.379,-93.7215544,30.09798774,08030540,USGS,IAN,2022,3180.0
2022-09-27 06:00:00,-0.468,0.035,0.503,-93.7215544,30.09798774,08030540,USGS,IAN,2022,3240.0
2022-09-27 07:00:00,-0.638,-0.04,0.598,-93.7215544,30.09798774,08030540,USGS,IAN,2022,3300.0
2022-09-27 08:00:00,-0.688,-0.031,0.6569999999999999,-93.7215544,30.09798774,08030540,USGS,IAN,2022,3360.0
2022-09-27 09:00:00,-0.748,-0.017,0.731,-93.7215544,30.09798774,08030540,USGS,IAN,2022,3420.0
2022-09-27 10:00:00,-0.738,0.016,0.754,-93.7215544,30.09798774,08030540,USGS,IAN,2022,3480.0
2022-09-27 11:00:00,-0.638,0.078,0.716,-93.7215544,30.09798774,08030540,USGS,IAN,2022,3540.0
2022-09-27 12:00:00,-0.498,0.095,0.593,-93.7215544,30.09798774,08030540,USGS,IAN,2022,3600.0
2022-09-27 13:00:00,-0.378,0.125,0.503,-93.7215544,30.09798774,08030540,USGS,IAN,2022,3660.0
2022-09-27 14:00:00,-0.298,0.085,0.383,-93.7215544,30.09798774,08030540,USGS,IAN,2022,3720.0
2022-09-27 15:00:00,-0.208,-0.006,0.2019999999999999,-93.7215544,30.09798774,08030540,USGS,IAN,2022,3780.0
2022-09-27 16:00:00,-0.188,-0.032,0.156,-93.7215544,30.09798774,08030540,USGS,IAN,2022,3840.0
2022-09-27 17:00:00,-0.288,-0.097,0.1909999999999999,-93.7215544,30.09798774,08030540,USGS,IAN,2022,3900.0
2022-09-27 18:00:00,-0.428,-0.187,0.241,-93.7215544,30.09798774,08030540,USGS,IAN,2022,3960.0
2022-09-27 19:00:00,-0.578,-0.209,0.369,-93.7215544,30.09798774,08030540,USGS,IAN,2022,4020.0
2022-09-27 20:00:00,-0.648,-0.24,0.408,-93.7215544,30.09798774,08030540,USGS,IAN,2022,4080.0
2022-09-27 21:00:00,-0.658,-0.229,0.429,-93.7215544,30.09798774,08030540,USGS,IAN,2022,4140.0
2022-09-27 22:00:00,-0.548,-0.111,0.437,-93.7215544,30.09798774,08030540,USGS,IAN,2022,4200.0
2022-09-27 23:00:00,-0.378,-0.055,0.323,-93.7215544,30.09798774,08030540,USGS,IAN,2022,4260.0
2022-09-28 00:00:00,-0.158,-0.006,0.152,-93.7215544,30.09798774,08030540,USGS,IAN,2022,4320.0
2022-09-28 01:00:00,0.002,0.121,0.119,-93.7215544,30.09798774,08030540,USGS,IAN,2022,4380.0
2022-09-28 02:00:00,0.142,0.156,0.014,-93.7215544,30.09798774,08030540,USGS,IAN,2022,4440.0
2022-09-28 03:00:00,0.162,0.18,0.0179999999999999,-93.7215544,30.09798774,08030540,USGS,IAN,2022,4500.0
2022-09-28 04:00:00,0.162,0.214,0.0519999999999999,-93.7215544,30.09798774,08030540,USGS,IAN,2022,4560.0
2022-09-28 05:00:00,0.142,0.164,0.022,-93.7215544,30.09798774,08030540,USGS,IAN,2022,4620.0
2022-09-28 06:00:00,0.042,0.117,0.075,-93.7215544,30.09798774,08030540,USGS,IAN,2022,4680.0
2022-09-28 07:00:00,-0.098,0.102,0.2,-93.7215544,30.09798774,08030540,USGS,IAN,2022,4740.0
2022-09-28 08:00:00,-0.168,0.068,0.236,-93.7215544,30.09798774,08030540,USGS,IAN,2022,4800.0
2022-09-28 09:00:00,-0.248,0.053,0.301,-93.7215544,30.09798774,08030540,USGS,IAN,2022,4860.0
2022-09-28 10:00:00,-0.228,0.096,0.324,-93.7215544,30.09798774,08030540,USGS,IAN,2022,4920.0
2022-09-28 11:00:00,-0.128,0.133,0.261,-93.7215544,30.09798774,08030540,USGS,IAN,2022,4980.0
2022-09-28 12:00:00,-0.028,0.138,0.166,-93.7215544,30.09798774,08030540,USGS,IAN,2022,5040.0
2022-09-28 13:00:00,0.072,0.153,0.081,-93.7215544,30.09798774,08030540,USGS,IAN,2022,5100.0
2022-09-28 14:00:00,0.122,0.116,-0.0059999999999999,-93.7215544,30.09798774,08030540,USGS,IAN,2022,5160.0
2022-09-28 15:00:00,0.132,0.014,-0.118,-93.7215544,30.09798774,08030540,USGS,IAN,2022,5220.0
2022-09-28 16:00:00,0.062,-0.008,-0.07,-93.7215544,30.09798774,08030540,USGS,IAN,2022,5280.0
2022-09-28 17:00:00,-0.038,-0.088,-0.0499999999999999,-93.7215544,30.09798774,08030540,USGS,IAN,2022,5340.0
2022-09-28 18:00:00,-0.168,-0.188,-0.0199999999999999,-93.7215544,30.09798774,08030540,USGS,IAN,2022,5400.0
2022-09-28 19:00:00,-0.298,-0.225,0.0729999999999999,-93.7215544,30.09798774,08030540,USGS,IAN,2022,5460.0
2022-09-28 20:00:00,-0.398,-0.287,0.111,-93.7215544,30.09798774,08030540,USGS,IAN,2022,5520.0
2022-09-28 21:00:00,-0.398,-0.322,0.076,-93.7215544,30.09798774,08030540,USGS,IAN,2022,5580.0
2022-09-28 22:00:00,-0.298,-0.28,0.0179999999999999,-93.7215544,30.09798774,08030540,USGS,IAN,2022,5640.0
2022-09-28 23:00:00,-0.108,-0.174,-0.0659999999999999,-93.7215544,30.09798774,08030540,USGS,IAN,2022,5700.0
2022-09-29 00:00:00,0.072,-0.121,-0.193,-93.7215544,30.09798774,08030540,USGS,IAN,2022,5760.0
2022-09-29 01:00:00,0.222,-0.059,-0.281,-93.7215544,30.09798774,08030540,USGS,IAN,2022,5820.0
2022-09-29 02:00:00,0.322,0.061,-0.261,-93.7215544,30.09798774,08030540,USGS,IAN,2022,5880.0
2022-09-29 03:00:00,0.402,0.095,-0.307,-93.7215544,30.09798774,08030540,USGS,IAN,2022,5940.0
2022-09-29 04:00:00,0.432,0.136,-0.296,-93.7215544,30.09798774,08030540,USGS,IAN,2022,6000.0
2022-09-29 05:00:00,0.422,0.178,-0.244,-93.7215544,30.09798774,08030540,USGS,IAN,2022,6060.0
2022-09-29 06:00:00,0.362,0.178,-0.184,-93.7215544,30.09798774,08030540,USGS,IAN,2022,6120.0
2022-09-29 07:00:00,0.292,0.204,-0.088,-93.7215544,30.09798774,08030540,USGS,IAN,2022,6180.0
2022-09-29 08:00:00,0.232,0.208,-0.024,-93.7215544,30.09798774,08030540,USGS,IAN,2022,6240.0
2022-09-29 09:00:00,0.162,0.219,0.0569999999999999,-93.7215544,30.09798774,08030540,USGS,IAN,2022,6300.0
2022-09-29 10:00:00,0.102,0.25,0.148,-93.7215544,30.09798774,08030540,USGS,IAN,2022,6360.0
2022-09-29 11:00:00,0.102,0.251,0.149,-93.7215544,30.09798774,08030540,USGS,IAN,2022,6420.0
2022-09-29 12:00:00,0.102,0.268,0.166,-93.7215544,30.09798774,08030540,USGS,IAN,2022,6480.0
2022-09-29 13:00:00,0.152,0.263,0.111,-93.7215544,30.09798774,08030540,USGS,IAN,2022,6540.0
2022-09-29 14:00:00,0.152,0.182,0.03,-93.7215544,30.09798774,08030540,USGS,IAN,2022,6600.0
2022-09-29 15:00:00,0.112,0.136,0.024,-93.7215544,30.09798774,08030540,USGS,IAN,2022,6660.0
2022-09-29 16:00:00,0.122,0.085,-0.0369999999999999,-93.7215544,30.09798774,08030540,USGS,IAN,2022,6720.0
2022-09-29 17:00:00,0.052,-0.017,-0.069,-93.7215544,30.09798774,08030540,USGS,IAN,2022,6780.0
2022-09-29 18:00:00,-0.058,-0.087,-0.0289999999999999,-93.7215544,30.09798774,08030540,USGS,IAN,2022,6840.0
2022-09-29 19:00:00,-0.198,-0.157,0.041,-93.7215544,30.09798774,08030540,USGS,IAN,2022,6900.0
2022-09-29 20:00:00,-0.328,-0.235,0.093,-93.7215544,30.09798774,08030540,USGS,IAN,2022,6960.0
2022-09-29 21:00:00,-0.458,-0.283,0.175,-93.7215544,30.09798774,08030540,USGS,IAN,2022,7020.0
2022-09-29 22:00:00,-0.498,-0.308,0.19,-93.7215544,30.09798774,08030540,USGS,IAN,2022,7080.0
2022-09-29 23:00:00,-0.508,-0.286,0.222,-93.7215544,30.09798774,08030540,USGS,IAN,2022,7140.0
2022-09-30 00:00:00,-0.388,-0.182,0.206,-93.7215544,30.09798774,08030540,USGS,IAN,2022,7200.0
2022-09-30 01:00:00,-0.168,-0.119,0.049,-93.7215544,30.09798774,08030540,USGS,IAN,2022,7260.0
2022-09-30 02:00:00,-0.018,-0.064,-0.046,-93.7215544,30.09798774,08030540,USGS,IAN,2022,7320.0
2022-09-30 03:00:00,0.072,0.046,-0.0259999999999999,-93.7215544,30.09798774,08030540,USGS,IAN,2022,7380.0
2022-09-30 04:00:00,0.152,0.088,-0.064,-93.7215544,30.09798774,08030540,USGS,IAN,2022,7440.0
2022-09-30 05:00:00,0.202,0.132,-0.07,-93.7215544,30.09798774,08030540,USGS,IAN,2022,7500.0
2022-09-30 06:00:00,0.252,0.178,-0.074,-93.7215544,30.09798774,08030540,USGS,IAN,2022,7560.0
2022-09-30 07:00:00,0.252,0.187,-0.065,-93.7215544,30.09798774,08030540,USGS,IAN,2022,7620.0
2022-09-30 08:00:00,0.202,0.213,0.0109999999999999,-93.7215544,30.09798774,08030540,USGS,IAN,2022,7680.0
2022-09-30 09:00:00,0.192,0.236,0.0439999999999999,-93.7215544,30.09798774,08030540,USGS,IAN,2022,7740.0
2022-09-30 10:00:00,0.142,0.258,0.116,-93.7215544,30.09798774,08030540,USGS,IAN,2022,7800.0
2022-09-30 11:00:00,0.122,0.29,0.1679999999999999,-93.7215544,30.09798774,08030540,USGS,IAN,2022,7860.0
2022-09-30 12:00:00,0.152,0.297,0.145,-93.7215544,30.09798774,08030540,USGS,IAN,2022,7920.0
2022-09-30 13:00:00,0.172,0.284,0.1119999999999999,-93.7215544,30.09798774,08030540,USGS,IAN,2022,7980.0
2022-09-30 14:00:00,0.172,0.232,0.06,-93.7215544,30.09798774,08030540,USGS,IAN,2022,8040.0
2022-09-30 15:00:00,0.132,0.166,0.034,-93.7215544,30.09798774,08030540,USGS,IAN,2022,8100.0
2022-09-30 16:00:00,0.092,0.117,0.025,-93.7215544,30.09798774,08030540,USGS,IAN,2022,8160.0
2022-09-30 17:00:00,-0.018,0.031,0.049,-93.7215544,30.09798774,08030540,USGS,IAN,2022,8220.0
2022-09-30 18:00:00,-0.198,-0.051,0.147,-93.7215544,30.09798774,08030540,USGS,IAN,2022,8280.0
2022-09-30 19:00:00,-0.398,-0.12,0.278,-93.7215544,30.09798774,08030540,USGS,IAN,2022,8340.0
2022-09-30 20:00:00,-0.608,-0.203,0.4049999999999999,-93.7215544,30.09798774,08030540,USGS,IAN,2022,8400.0
2022-09-30 21:00:00,-0.788,-0.27,0.518,-93.7215544,30.09798774,08030540,USGS,IAN,2022,8460.0
2022-09-30 22:00:00,-0.898,-0.322,0.5760000000000001,-93.7215544,30.09798774,08030540,USGS,IAN,2022,8520.0
2022-09-30 23:00:00,-0.958,-0.353,0.605,-93.7215544,30.09798774,08030540,USGS,IAN,2022,8580.0
2022-10-01 00:00:00,-0.948,-0.343,0.605,-93.7215544,30.09798774,08030540,USGS,IAN,2022,8640.0
2022-10-01 01:00:00,-0.788,-0.252,0.536,-93.7215544,30.09798774,08030540,USGS,IAN,2022,8700.0
2022-10-01 02:00:00,-0.568,-0.17,0.3979999999999999,-93.7215544,30.09798774,08030540,USGS,IAN,2022,8760.0
2022-10-01 03:00:00,-0.388,-0.136,0.252,-93.7215544,30.09798774,08030540,USGS,IAN,2022,8820.0
2022-10-01 04:00:00,-0.228,-0.011,0.217,-93.7215544,30.09798774,08030540,USGS,IAN,2022,8880.0
2022-10-01 05:00:00,-0.108,0.055,0.163,-93.7215544,30.09798774,08030540,USGS,IAN,2022,8940.0
2022-10-01 06:00:00,-0.058,0.104,0.162,-93.7215544,30.09798774,08030540,USGS,IAN,2022,9000.0
2022-10-01 07:00:00,-0.028,0.183,0.211,-93.7215544,30.09798774,08030540,USGS,IAN,2022,9060.0
2022-10-01 08:00:00,-0.028,0.217,0.245,-93.7215544,30.09798774,08030540,USGS,IAN,2022,9120.0
2022-10-01 09:00:00,-0.048,0.259,0.307,-93.7215544,30.09798774,08030540,USGS,IAN,2022,9180.0
2022-10-01 10:00:00,-0.058,0.297,0.355,-93.7215544,30.09798774,08030540,USGS,IAN,2022,9240.0
2022-10-01 11:00:00,-0.068,0.318,0.386,-93.7215544,30.09798774,08030540,USGS,IAN,2022,9300.0
2022-10-01 12:00:00,-0.088,0.329,0.417,-93.7215544,30.09798774,08030540,USGS,IAN,2022,9360.0
2022-10-01 13:00:00,-0.138,0.322,0.46,-93.7215544,30.09798774,08030540,USGS,IAN,2022,9420.0
2022-10-01 14:00:00,-0.178,0.281,0.459,-93.7215544,30.09798774,08030540,USGS,IAN,2022,9480.0
2022-10-01 15:00:00,-0.238,0.212,0.4499999999999999,-93.7215544,30.09798774,08030540,USGS,IAN,2022,9540.0
2022-10-01 16:00:00,-0.298,0.173,0.471,-93.7215544,30.09798774,08030540,USGS,IAN,2022,9600.0
2022-10-01 17:00:00,-0.388,0.094,0.482,-93.7215544,30.09798774,08030540,USGS,IAN,2022,9660.0
2022-10-01 18:00:00,-0.528,0.012,0.54,-93.7215544,30.09798774,08030540,USGS,IAN,2022,9720.0
2022-10-01 19:00:00,-0.688,-0.057,0.6309999999999999,-93.7215544,30.09798774,08030540,USGS,IAN,2022,9780.0
2022-10-01 20:00:00,-0.818,-0.146,0.6719999999999999,-93.7215544,30.09798774,08030540,USGS,IAN,2022,9840.0
2022-10-01 21:00:00,-1.008,-0.227,0.781,-93.7215544,30.09798774,08030540,USGS,IAN,2022,9900.0
2022-10-01 22:00:00,-1.138,-0.297,0.841,-93.7215544,30.09798774,08030540,USGS,IAN,2022,9960.0
2022-10-01 23:00:00,-1.218,-0.359,0.859,-93.7215544,30.09798774,08030540,USGS,IAN,2022,10020.0
2022-09-25 01:00:00,0.541,-0.487,-1.028,-95.3388276,28.95108115,08079120,USGS,IAN,2022,60.0
2022-09-25 02:00:00,0.411,-0.583,-0.994,-95.3388276,28.95108115,08079120,USGS,IAN,2022,120.0
2022-09-25 03:00:00,0.581,-0.596,-1.177,-95.3388276,28.95108115,08079120,USGS,IAN,2022,180.0
2022-09-25 04:00:00,0.471,-0.523,-0.994,-95.3388276,28.95108115,08079120,USGS,IAN,2022,240.0
2022-09-25 05:00:00,0.721,-0.376,-1.097,-95.3388276,28.95108115,08079120,USGS,IAN,2022,300.0
2022-09-25 06:00:00,1.031,-0.153,-1.184,-95.3388276,28.95108115,08079120,USGS,IAN,2022,360.0
2022-09-25 07:00:00,1.291,0.075,-1.216,-95.3388276,28.95108115,08079120,USGS,IAN,2022,420.0
2022-09-25 08:00:00,1.511,0.265,-1.246,-95.3388276,28.95108115,08079120,USGS,IAN,2022,480.0
2022-09-25 09:00:00,1.531,0.347,-1.184,-95.3388276,28.95108115,08079120,USGS,IAN,2022,540.0
2022-09-25 10:00:00,1.521,0.346,-1.1749999999999998,-95.3388276,28.95108115,08079120,USGS,IAN,2022,600.0
2022-09-25 11:00:00,1.321,0.266,-1.055,-95.3388276,28.95108115,08079120,USGS,IAN,2022,660.0
2022-09-25 12:00:00,1.331,0.157,-1.174,-95.3388276,28.95108115,08079120,USGS,IAN,2022,720.0
2022-09-25 13:00:00,1.031,0.033,-0.998,-95.3388276,28.95108115,08079120,USGS,IAN,2022,780.0
2022-09-25 14:00:00,0.971,-0.089,-1.06,-95.3388276,28.95108115,08079120,USGS,IAN,2022,840.0
2022-09-25 15:00:00,0.771,-0.153,-0.924,-95.3388276,28.95108115,08079120,USGS,IAN,2022,900.0
2022-09-25 16:00:00,0.811,-0.103,-0.914,-95.3388276,28.95108115,08079120,USGS,IAN,2022,960.0
2022-09-25 17:00:00,0.931,-0.027,-0.958,-95.3388276,28.95108115,08079120,USGS,IAN,2022,1020.0
2022-09-25 18:00:00,1.181,0.13,-1.0510000000000002,-95.3388276,28.95108115,08079120,USGS,IAN,2022,1080.0
2022-09-25 19:00:00,1.161,0.272,-0.889,-95.3388276,28.95108115,08079120,USGS,IAN,2022,1140.0
2022-09-25 20:00:00,1.261,0.422,-0.839,-95.3388276,28.95108115,08079120,USGS,IAN,2022,1200.0
2022-09-25 21:00:00,1.431,0.443,-0.988,-95.3388276,28.95108115,08079120,USGS,IAN,2022,1260.0
2022-09-25 22:00:00,1.411,0.384,-1.027,-95.3388276,28.95108115,08079120,USGS,IAN,2022,1320.0
2022-09-25 23:00:00,1.231,0.214,-1.017,-95.3388276,28.95108115,08079120,USGS,IAN,2022,1380.0
2022-09-26 00:00:00,1.071,0.035,-1.036,-95.3388276,28.95108115,08079120,USGS,IAN,2022,1440.0
2022-09-26 01:00:00,0.861,-0.168,-1.029,-95.3388276,28.95108115,08079120,USGS,IAN,2022,1500.0
2022-09-26 02:00:00,0.691,-0.335,-1.026,-95.3388276,28.95108115,08079120,USGS,IAN,2022,1560.0
2022-09-26 03:00:00,0.701,-0.447,-1.148,-95.3388276,28.95108115,08079120,USGS,IAN,2022,1620.0
2022-09-26 04:00:00,0.641,-0.446,-1.087,-95.3388276,28.95108115,08079120,USGS,IAN,2022,1680.0
2022-09-26 05:00:00,0.761,-0.392,-1.153,-95.3388276,28.95108115,08079120,USGS,IAN,2022,1740.0
2022-09-26 06:00:00,1.101,-0.233,-1.334,-95.3388276,28.95108115,08079120,USGS,IAN,2022,1800.0
2022-09-26 07:00:00,1.331,-0.048,-1.379,-95.3388276,28.95108115,08079120,USGS,IAN,2022,1860.0
2022-09-26 08:00:00,1.481,0.145,-1.336,-95.3388276,28.95108115,08079120,USGS,IAN,2022,1920.0
2022-09-26 09:00:00,1.561,0.239,-1.322,-95.3388276,28.95108115,08079120,USGS,IAN,2022,1980.0
2022-09-26 10:00:00,1.661,0.251,-1.41,-95.3388276,28.95108115,08079120,USGS,IAN,2022,2040.0
2022-09-26 11:00:00,1.621,0.152,-1.469,-95.3388276,28.95108115,08079120,USGS,IAN,2022,2100.0
2022-09-26 12:00:00,1.461,0.019,-1.4420000000000002,-95.3388276,28.95108115,08079120,USGS,IAN,2022,2160.0
2022-09-26 13:00:00,1.271,-0.118,-1.3889999999999998,-95.3388276,28.95108115,08079120,USGS,IAN,2022,2220.0
2022-09-26 14:00:00,1.091,-0.233,-1.324,-95.3388276,28.95108115,08079120,USGS,IAN,2022,2280.0
2022-09-26 15:00:00,0.991,-0.314,-1.305,-95.3388276,28.95108115,08079120,USGS,IAN,2022,2340.0
2022-09-26 16:00:00,0.901,-0.304,-1.205,-95.3388276,28.95108115,08079120,USGS,IAN,2022,2400.0
2022-09-26 17:00:00,0.981,-0.215,-1.196,-95.3388276,28.95108115,08079120,USGS,IAN,2022,2460.0
2022-09-26 18:00:00,1.281,-0.051,-1.332,-95.3388276,28.95108115,08079120,USGS,IAN,2022,2520.0
2022-09-26 19:00:00,1.511,0.158,-1.353,-95.3388276,28.95108115,08079120,USGS,IAN,2022,2580.0
2022-09-26 20:00:00,1.651,0.373,-1.278,-95.3388276,28.95108115,08079120,USGS,IAN,2022,2640.0
2022-09-26 21:00:00,1.811,0.516,-1.295,-95.3388276,28.95108115,08079120,USGS,IAN,2022,2700.0
2022-09-26 22:00:00,1.751,0.551,-1.1999999999999995,-95.3388276,28.95108115,08079120,USGS,IAN,2022,2760.0
2022-09-26 23:00:00,1.821,0.47,-1.351,-95.3388276,28.95108115,08079120,USGS,IAN,2022,2820.0
2022-09-27 00:00:00,1.661,0.334,-1.327,-95.3388276,28.95108115,08079120,USGS,IAN,2022,2880.0
2022-09-27 01:00:00,1.201,0.163,-1.038,-95.3388276,28.95108115,08079120,USGS,IAN,2022,2940.0
2022-09-27 02:00:00,1.221,-0.018,-1.239,-95.3388276,28.95108115,08079120,USGS,IAN,2022,3000.0
2022-09-27 03:00:00,1.031,-0.163,-1.194,-95.3388276,28.95108115,08079120,USGS,IAN,2022,3060.0
2022-09-27 04:00:00,1.041,-0.237,-1.278,-95.3388276,28.95108115,08079120,USGS,IAN,2022,3120.0
2022-09-27 05:00:00,0.861,-0.235,-1.096,-95.3388276,28.95108115,08079120,USGS,IAN,2022,3180.0
2022-09-27 06:00:00,1.171,-0.176,-1.347,-95.3388276,28.95108115,08079120,USGS,IAN,2022,3240.0
2022-09-27 07:00:00,1.231,-0.064,-1.2950000000000002,-95.3388276,28.95108115,08079120,USGS,IAN,2022,3300.0
2022-09-27 08:00:00,1.311,0.062,-1.249,-95.3388276,28.95108115,08079120,USGS,IAN,2022,3360.0
2022-09-27 09:00:00,1.321,0.139,-1.182,-95.3388276,28.95108115,08079120,USGS,IAN,2022,3420.0
2022-09-27 10:00:00,1.721,0.121,-1.6,-95.3388276,28.95108115,08079120,USGS,IAN,2022,3480.0
2022-09-27 11:00:00,1.551,-0.007,-1.5579999999999998,-95.3388276,28.95108115,08079120,USGS,IAN,2022,3540.0
2022-09-27 12:00:00,1.371,-0.175,-1.546,-95.3388276,28.95108115,08079120,USGS,IAN,2022,3600.0
2022-09-27 13:00:00,1.181,-0.36,-1.541,-95.3388276,28.95108115,08079120,USGS,IAN,2022,3660.0
2022-09-27 14:00:00,1.391,-0.508,-1.899,-95.3388276,28.95108115,08079120,USGS,IAN,2022,3720.0
2022-09-27 15:00:00,1.031,-0.614,-1.645,-95.3388276,28.95108115,08079120,USGS,IAN,2022,3780.0
2022-09-27 16:00:00,1.111,-0.605,-1.716,-95.3388276,28.95108115,08079120,USGS,IAN,2022,3840.0
2022-09-27 17:00:00,1.151,-0.501,-1.652,-95.3388276,28.95108115,08079120,USGS,IAN,2022,3900.0
2022-09-27 18:00:00,1.171,-0.317,-1.488,-95.3388276,28.95108115,08079120,USGS,IAN,2022,3960.0
2022-09-27 19:00:00,1.281,-0.067,-1.348,-95.3388276,28.95108115,08079120,USGS,IAN,2022,4020.0
2022-09-27 20:00:00,1.841,0.234,-1.607,-95.3388276,28.95108115,08079120,USGS,IAN,2022,4080.0
2022-09-27 21:00:00,2.151,0.502,-1.6489999999999998,-95.3388276,28.95108115,08079120,USGS,IAN,2022,4140.0
2022-09-27 22:00:00,2.211,0.666,-1.545,-95.3388276,28.95108115,08079120,USGS,IAN,2022,4200.0
2022-09-27 23:00:00,2.391,0.715,-1.6760000000000002,-95.3388276,28.95108115,08079120,USGS,IAN,2022,4260.0
2022-09-28 00:00:00,2.221,0.651,-1.57,-95.3388276,28.95108115,08079120,USGS,IAN,2022,4320.0
2022-09-28 01:00:00,2.061,0.534,-1.527,-95.3388276,28.95108115,08079120,USGS,IAN,2022,4380.0
2022-09-28 02:00:00,1.891,0.394,-1.497,-95.3388276,28.95108115,08079120,USGS,IAN,2022,4440.0
2022-09-28 03:00:00,1.821,0.227,-1.594,-95.3388276,28.95108115,08079120,USGS,IAN,2022,4500.0
2022-09-28 04:00:00,1.721,0.079,-1.642,-95.3388276,28.95108115,08079120,USGS,IAN,2022,4560.0
2022-09-28 05:00:00,1.791,0.0,-1.791,-95.3388276,28.95108115,08079120,USGS,IAN,2022,4620.0
2022-09-28 06:00:00,1.641,-0.024,-1.665,-95.3388276,28.95108115,08079120,USGS,IAN,2022,4680.0
2022-09-28 07:00:00,1.621,-0.008,-1.629,-95.3388276,28.95108115,08079120,USGS,IAN,2022,4740.0
2022-09-28 08:00:00,1.881,0.035,-1.846,-95.3388276,28.95108115,08079120,USGS,IAN,2022,4800.0
2022-09-28 09:00:00,2.031,0.07,-1.961,-95.3388276,28.95108115,08079120,USGS,IAN,2022,4860.0
2022-09-28 10:00:00,1.971,0.033,-1.938,-95.3388276,28.95108115,08079120,USGS,IAN,2022,4920.0
2022-09-28 11:00:00,1.981,-0.073,-2.0540000000000003,-95.3388276,28.95108115,08079120,USGS,IAN,2022,4980.0
2022-09-28 12:00:00,1.751,-0.262,-2.013,-95.3388276,28.95108115,08079120,USGS,IAN,2022,5040.0
2022-09-28 13:00:00,1.561,-0.497,-2.058,-95.3388276,28.95108115,08079120,USGS,IAN,2022,5100.0
2022-09-28 14:00:00,1.221,-0.712,-1.933,-95.3388276,28.95108115,08079120,USGS,IAN,2022,5160.0
2022-09-28 15:00:00,1.021,-0.866,-1.887,-95.3388276,28.95108115,08079120,USGS,IAN,2022,5220.0
2022-09-28 16:00:00,0.991,-0.918,-1.909,-95.3388276,28.95108115,08079120,USGS,IAN,2022,5280.0
2022-09-28 17:00:00,1.061,-0.851,-1.912,-95.3388276,28.95108115,08079120,USGS,IAN,2022,5340.0
2022-09-28 18:00:00,1.361,-0.699,-2.06,-95.3388276,28.95108115,08079120,USGS,IAN,2022,5400.0
2022-09-28 19:00:00,1.461,-0.478,-1.939,-95.3388276,28.95108115,08079120,USGS,IAN,2022,5460.0
2022-09-28 20:00:00,1.821,-0.129,-1.95,-95.3388276,28.95108115,08079120,USGS,IAN,2022,5520.0
2022-09-28 21:00:00,2.061,0.205,-1.856,-95.3388276,28.95108115,08079120,USGS,IAN,2022,5580.0
2022-09-28 22:00:00,2.351,0.471,-1.88,-95.3388276,28.95108115,08079120,USGS,IAN,2022,5640.0
2022-09-28 23:00:00,2.551,0.648,-1.903,-95.3388276,28.95108115,08079120,USGS,IAN,2022,5700.0
2022-09-29 00:00:00,2.541,0.727,-1.814,-95.3388276,28.95108115,08079120,USGS,IAN,2022,5760.0
2022-09-29 01:00:00,2.531,0.733,-1.798,-95.3388276,28.95108115,08079120,USGS,IAN,2022,5820.0
2022-09-29 02:00:00,2.411,0.691,-1.7200000000000002,-95.3388276,28.95108115,08079120,USGS,IAN,2022,5880.0
2022-09-29 03:00:00,2.291,0.597,-1.694,-95.3388276,28.95108115,08079120,USGS,IAN,2022,5940.0
2022-09-29 04:00:00,2.041,0.452,-1.589,-95.3388276,28.95108115,08079120,USGS,IAN,2022,6000.0
2022-09-29 05:00:00,2.201,0.31,-1.891,-95.3388276,28.95108115,08079120,USGS,IAN,2022,6060.0
2022-09-29 06:00:00,2.031,0.236,-1.7950000000000002,-95.3388276,28.95108115,08079120,USGS,IAN,2022,6120.0
2022-09-29 07:00:00,2.171,0.201,-1.97,-95.3388276,28.95108115,08079120,USGS,IAN,2022,6180.0
2022-09-29 08:00:00,2.111,0.175,-1.936,-95.3388276,28.95108115,08079120,USGS,IAN,2022,6240.0
2022-09-29 09:00:00,2.081,0.188,-1.893,-95.3388276,28.95108115,08079120,USGS,IAN,2022,6300.0
2022-09-29 10:00:00,2.241,0.14,-2.101,-95.3388276,28.95108115,08079120,USGS,IAN,2022,6360.0
2022-09-29 11:00:00,2.101,-0.033,-2.134,-95.3388276,28.95108115,08079120,USGS,IAN,2022,6420.0
2022-09-29 12:00:00,1.901,-0.266,-2.167,-95.3388276,28.95108115,08079120,USGS,IAN,2022,6480.0
2022-09-29 13:00:00,1.711,-0.526,-2.237,-95.3388276,28.95108115,08079120,USGS,IAN,2022,6540.0
2022-09-29 14:00:00,1.421,-0.775,-2.196,-95.3388276,28.95108115,08079120,USGS,IAN,2022,6600.0
2022-09-29 15:00:00,1.141,-0.951,-2.092,-95.3388276,28.95108115,08079120,USGS,IAN,2022,6660.0
2022-09-29 16:00:00,1.031,-1.047,-2.078,-95.3388276,28.95108115,08079120,USGS,IAN,2022,6720.0
2022-09-29 17:00:00,0.951,-1.054,-2.005,-95.3388276,28.95108115,08079120,USGS,IAN,2022,6780.0
2022-09-29 18:00:00,1.061,-0.993,-2.054,-95.3388276,28.95108115,08079120,USGS,IAN,2022,6840.0
2022-09-29 19:00:00,1.221,-0.783,-2.004,-95.3388276,28.95108115,08079120,USGS,IAN,2022,6900.0
2022-09-29 20:00:00,1.391,-0.532,-1.923,-95.3388276,28.95108115,08079120,USGS,IAN,2022,6960.0
2022-09-29 21:00:00,1.771,-0.189,-1.96,-95.3388276,28.95108115,08079120,USGS,IAN,2022,7020.0
2022-09-29 22:00:00,2.001,0.17,-1.831,-95.3388276,28.95108115,08079120,USGS,IAN,2022,7080.0
2022-09-29 23:00:00,2.441,0.471,-1.97,-95.3388276,28.95108115,08079120,USGS,IAN,2022,7140.0
2022-09-30 00:00:00,2.431,0.65,-1.781,-95.3388276,28.95108115,08079120,USGS,IAN,2022,7200.0
2022-09-30 01:00:00,2.721,0.732,-1.989,-95.3388276,28.95108115,08079120,USGS,IAN,2022,7260.0
2022-09-30 02:00:00,2.651,0.729,-1.922,-95.3388276,28.95108115,08079120,USGS,IAN,2022,7320.0
2022-09-30 03:00:00,2.521,0.665,-1.856,-95.3388276,28.95108115,08079120,USGS,IAN,2022,7380.0
2022-09-30 04:00:00,2.331,0.624,-1.707,-95.3388276,28.95108115,08079120,USGS,IAN,2022,7440.0
2022-09-30 05:00:00,2.371,0.513,-1.858,-95.3388276,28.95108115,08079120,USGS,IAN,2022,7500.0
2022-09-30 06:00:00,2.311,0.434,-1.877,-95.3388276,28.95108115,08079120,USGS,IAN,2022,7560.0
2022-09-30 07:00:00,2.361,0.36,-2.0010000000000003,-95.3388276,28.95108115,08079120,USGS,IAN,2022,7620.0
2022-09-30 08:00:00,1.971,0.281,-1.69,-95.3388276,28.95108115,08079120,USGS,IAN,2022,7680.0
2022-09-30 09:00:00,1.831,0.204,-1.627,-95.3388276,28.95108115,08079120,USGS,IAN,2022,7740.0
2022-09-30 10:00:00,1.891,0.116,-1.775,-95.3388276,28.95108115,08079120,USGS,IAN,2022,7800.0
2022-09-30 11:00:00,1.861,-0.009,-1.87,-95.3388276,28.95108115,08079120,USGS,IAN,2022,7860.0
2022-09-30 12:00:00,1.691,-0.182,-1.873,-95.3388276,28.95108115,08079120,USGS,IAN,2022,7920.0
2022-09-30 13:00:00,1.471,-0.415,-1.886,-95.3388276,28.95108115,08079120,USGS,IAN,2022,7980.0
2022-09-30 14:00:00,1.061,-0.689,-1.75,-95.3388276,28.95108115,08079120,USGS,IAN,2022,8040.0
2022-09-30 15:00:00,0.751,-0.951,-1.702,-95.3388276,28.95108115,08079120,USGS,IAN,2022,8100.0
2022-09-30 16:00:00,0.461,-1.146,-1.607,-95.3388276,28.95108115,08079120,USGS,IAN,2022,8160.0
2022-09-30 17:00:00,0.251,-1.253,-1.504,-95.3388276,28.95108115,08079120,USGS,IAN,2022,8220.0
2022-09-30 18:00:00,0.231,-1.238,-1.469,-95.3388276,28.95108115,08079120,USGS,IAN,2022,8280.0
2022-09-30 19:00:00,0.331,-1.129,-1.46,-95.3388276,28.95108115,08079120,USGS,IAN,2022,8340.0
2022-09-30 20:00:00,0.441,-0.916,-1.357,-95.3388276,28.95108115,08079120,USGS,IAN,2022,8400.0
2022-09-30 21:00:00,0.661,-0.616,-1.277,-95.3388276,28.95108115,08079120,USGS,IAN,2022,8460.0
2022-09-30 22:00:00,1.091,-0.249,-1.34,-95.3388276,28.95108115,08079120,USGS,IAN,2022,8520.0
2022-09-30 23:00:00,1.421,0.107,-1.314,-95.3388276,28.95108115,08079120,USGS,IAN,2022,8580.0
2022-10-01 00:00:00,1.771,0.426,-1.345,-95.3388276,28.95108115,08079120,USGS,IAN,2022,8640.0
2022-10-01 01:00:00,1.811,0.646,-1.165,-95.3388276,28.95108115,08079120,USGS,IAN,2022,8700.0
2022-10-01 02:00:00,2.041,0.778,-1.263,-95.3388276,28.95108115,08079120,USGS,IAN,2022,8760.0
2022-10-01 03:00:00,2.081,0.857,-1.224,-95.3388276,28.95108115,08079120,USGS,IAN,2022,8820.0
2022-10-01 04:00:00,2.051,0.861,-1.1900000000000002,-95.3388276,28.95108115,08079120,USGS,IAN,2022,8880.0
2022-10-01 05:00:00,1.941,0.819,-1.122,-95.3388276,28.95108115,08079120,USGS,IAN,2022,8940.0
2022-10-01 06:00:00,1.791,0.733,-1.0579999999999998,-95.3388276,28.95108115,08079120,USGS,IAN,2022,9000.0
2022-10-01 07:00:00,1.671,0.642,-1.029,-95.3388276,28.95108115,08079120,USGS,IAN,2022,9060.0
2022-10-01 08:00:00,1.601,0.537,-1.064,-95.3388276,28.95108115,08079120,USGS,IAN,2022,9120.0
2022-10-01 09:00:00,1.581,0.406,-1.1749999999999998,-95.3388276,28.95108115,08079120,USGS,IAN,2022,9180.0
2022-10-01 10:00:00,1.501,0.262,-1.239,-95.3388276,28.95108115,08079120,USGS,IAN,2022,9240.0
2022-10-01 11:00:00,1.411,0.082,-1.329,-95.3388276,28.95108115,08079120,USGS,IAN,2022,9300.0
2022-10-01 12:00:00,1.211,-0.093,-1.304,-95.3388276,28.95108115,08079120,USGS,IAN,2022,9360.0
2022-10-01 13:00:00,1.031,-0.309,-1.34,-95.3388276,28.95108115,08079120,USGS,IAN,2022,9420.0
2022-10-01 14:00:00,0.691,-0.563,-1.254,-95.3388276,28.95108115,08079120,USGS,IAN,2022,9480.0
2022-10-01 15:00:00,0.601,-0.86,-1.461,-95.3388276,28.95108115,08079120,USGS,IAN,2022,9540.0
2022-10-01 16:00:00,0.291,-1.1,-1.391,-95.3388276,28.95108115,08079120,USGS,IAN,2022,9600.0
2022-10-01 17:00:00,-0.109,-1.286,-1.177,-95.3388276,28.95108115,08079120,USGS,IAN,2022,9660.0
2022-10-01 18:00:00,-0.149,-1.372,-1.223,-95.3388276,28.95108115,08079120,USGS,IAN,2022,9720.0
2022-10-01 19:00:00,-0.179,-1.371,-1.192,-95.3388276,28.95108115,08079120,USGS,IAN,2022,9780.0
2022-10-01 20:00:00,-0.319,-1.297,-0.978,-95.3388276,28.95108115,08079120,USGS,IAN,2022,9840.0
2022-10-01 21:00:00,0.161,-1.1,-1.261,-95.3388276,28.95108115,08079120,USGS,IAN,2022,9900.0
2022-10-01 22:00:00,0.391,-0.807,-1.198,-95.3388276,28.95108115,08079120,USGS,IAN,2022,9960.0
2022-10-01 23:00:00,0.641,-0.412,-1.053,-95.3388276,28.95108115,08079120,USGS,IAN,2022,10020.0
2022-09-28 18:00:00,3.715,1.971,-1.7439999999999998,-81.0643806,25.13696944,250802081035500,USGS,IAN,2022,5400.0
2022-09-28 19:00:00,4.245,2.669,-1.576,-81.0643806,25.13696944,250802081035500,USGS,IAN,2022,5460.0
2022-09-28 20:00:00,4.505,3.173,-1.332,-81.0643806,25.13696944,250802081035500,USGS,IAN,2022,5520.0
2022-09-28 21:00:00,4.465,3.32,-1.145,-81.0643806,25.13696944,250802081035500,USGS,IAN,2022,5580.0
2022-09-28 22:00:00,3.965,3.204,-0.7609999999999997,-81.0643806,25.13696944,250802081035500,USGS,IAN,2022,5640.0
2022-09-28 23:00:00,3.535,2.903,-0.6320000000000001,-81.0643806,25.13696944,250802081035500,USGS,IAN,2022,5700.0
2022-09-29 00:00:00,3.135,2.584,-0.5509999999999997,-81.0643806,25.13696944,250802081035500,USGS,IAN,2022,5760.0
2022-09-29 01:00:00,2.755,2.414,-0.3409999999999997,-81.0643806,25.13696944,250802081035500,USGS,IAN,2022,5820.0
2022-09-29 02:00:00,2.405,2.308,-0.0969999999999999,-81.0643806,25.13696944,250802081035500,USGS,IAN,2022,5880.0
2022-09-29 03:00:00,2.025,2.235,0.2099999999999999,-81.0643806,25.13696944,250802081035500,USGS,IAN,2022,5940.0
2022-09-29 04:00:00,1.825,2.178,0.353,-81.0643806,25.13696944,250802081035500,USGS,IAN,2022,6000.0
2022-09-29 05:00:00,2.105,2.13,0.0249999999999999,-81.0643806,25.13696944,250802081035500,USGS,IAN,2022,6060.0
2022-09-29 06:00:00,2.585,2.102,-0.4830000000000001,-81.0643806,25.13696944,250802081035500,USGS,IAN,2022,6120.0
2022-09-29 07:00:00,2.965,2.139,-0.8260000000000001,-81.0643806,25.13696944,250802081035500,USGS,IAN,2022,6180.0
2022-09-29 08:00:00,3.275,2.325,-0.9499999999999996,-81.0643806,25.13696944,250802081035500,USGS,IAN,2022,6240.0
2022-09-29 09:00:00,3.425,2.573,-0.8519999999999999,-81.0643806,25.13696944,250802081035500,USGS,IAN,2022,6300.0
2022-09-29 10:00:00,3.205,2.622,-0.5830000000000002,-81.0643806,25.13696944,250802081035500,USGS,IAN,2022,6360.0
2022-09-29 11:00:00,2.775,2.456,-0.3189999999999999,-81.0643806,25.13696944,250802081035500,USGS,IAN,2022,6420.0
2022-09-29 12:00:00,2.405,2.365,-0.0399999999999995,-81.0643806,25.13696944,250802081035500,USGS,IAN,2022,6480.0
2022-09-29 13:00:00,2.005,2.309,0.3040000000000002,-81.0643806,25.13696944,250802081035500,USGS,IAN,2022,6540.0
2022-09-29 14:00:00,1.555,2.269,0.7140000000000002,-81.0643806,25.13696944,250802081035500,USGS,IAN,2022,6600.0
2022-09-29 15:00:00,1.145,2.239,1.094,-81.0643806,25.13696944,250802081035500,USGS,IAN,2022,6660.0
2022-09-29 16:00:00,0.855,2.215,1.36,-81.0643806,25.13696944,250802081035500,USGS,IAN,2022,6720.0
2022-09-29 17:00:00,1.045,2.193,1.148,-81.0643806,25.13696944,250802081035500,USGS,IAN,2022,6780.0
2022-09-29 18:00:00,1.435,2.176,0.7410000000000001,-81.0643806,25.13696944,250802081035500,USGS,IAN,2022,6840.0
2022-09-29 19:00:00,1.965,2.162,0.1969999999999998,-81.0643806,25.13696944,250802081035500,USGS,IAN,2022,6900.0
2022-09-29 20:00:00,2.435,2.151,-0.2840000000000002,-81.0643806,25.13696944,250802081035500,USGS,IAN,2022,6960.0
2022-09-29 21:00:00,2.655,2.142,-0.5129999999999999,-81.0643806,25.13696944,250802081035500,USGS,IAN,2022,7020.0
2022-09-29 22:00:00,2.715,2.136,-0.5789999999999997,-81.0643806,25.13696944,250802081035500,USGS,IAN,2022,7080.0
2022-09-29 23:00:00,2.475,2.133,-0.3420000000000001,-81.0643806,25.13696944,250802081035500,USGS,IAN,2022,7140.0
2022-09-30 00:00:00,2.125,2.129,0.004,-81.0643806,25.13696944,250802081035500,USGS,IAN,2022,7200.0
2022-09-30 01:00:00,1.735,2.127,0.3919999999999997,-81.0643806,25.13696944,250802081035500,USGS,IAN,2022,7260.0
2022-09-30 02:00:00,1.345,2.125,0.78,-81.0643806,25.13696944,250802081035500,USGS,IAN,2022,7320.0
2022-09-30 03:00:00,0.985,2.122,1.137,-81.0643806,25.13696944,250802081035500,USGS,IAN,2022,7380.0
2022-09-30 04:00:00,0.775,2.12,1.3450000000000002,-81.0643806,25.13696944,250802081035500,USGS,IAN,2022,7440.0
2022-09-30 05:00:00,1.015,2.117,1.102,-81.0643806,25.13696944,250802081035500,USGS,IAN,2022,7500.0
2022-09-30 06:00:00,1.545,2.115,0.5700000000000003,-81.0643806,25.13696944,250802081035500,USGS,IAN,2022,7560.0
2022-09-30 07:00:00,2.045,2.112,0.0670000000000001,-81.0643806,25.13696944,250802081035500,USGS,IAN,2022,7620.0
2022-09-30 08:00:00,2.395,2.109,-0.286,-81.0643806,25.13696944,250802081035500,USGS,IAN,2022,7680.0
2022-09-30 09:00:00,2.515,2.107,-0.4079999999999999,-81.0643806,25.13696944,250802081035500,USGS,IAN,2022,7740.0
2022-09-30 10:00:00,2.455,2.104,-0.351,-81.0643806,25.13696944,250802081035500,USGS,IAN,2022,7800.0
2022-09-30 11:00:00,2.105,2.1,-0.0049999999999998,-81.0643806,25.13696944,250802081035500,USGS,IAN,2022,7860.0
2022-09-30 12:00:00,1.685,2.097,0.4119999999999999,-81.0643806,25.13696944,250802081035500,USGS,IAN,2022,7920.0
2022-09-30 13:00:00,1.205,2.093,0.8879999999999999,-81.0643806,25.13696944,250802081035500,USGS,IAN,2022,7980.0
2022-09-30 14:00:00,0.725,2.09,1.3649999999999998,-81.0643806,25.13696944,250802081035500,USGS,IAN,2022,8040.0
2022-09-30 15:00:00,0.315,2.087,1.7720000000000002,-81.0643806,25.13696944,250802081035500,USGS,IAN,2022,8100.0
2022-09-30 16:00:00,-0.035,2.084,2.119,-81.0643806,25.13696944,250802081035500,USGS,IAN,2022,8160.0
2022-09-30 17:00:00,-0.185,2.081,2.266,-81.0643806,25.13696944,250802081035500,USGS,IAN,2022,8220.0
2022-09-30 18:00:00,0.455,2.077,1.622,-81.0643806,25.13696944,250802081035500,USGS,IAN,2022,8280.0
2022-09-30 19:00:00,0.885,2.073,1.188,-81.0643806,25.13696944,250802081035500,USGS,IAN,2022,8340.0
2022-09-30 20:00:00,1.575,2.07,0.4949999999999999,-81.0643806,25.13696944,250802081035500,USGS,IAN,2022,8400.0
2022-09-30 21:00:00,2.065,2.066,0.0009999999999998,-81.0643806,25.13696944,250802081035500,USGS,IAN,2022,8460.0
2022-09-30 22:00:00,2.295,2.063,-0.2319999999999997,-81.0643806,25.13696944,250802081035500,USGS,IAN,2022,8520.0
2022-09-30 23:00:00,2.375,2.059,-0.3159999999999998,-81.0643806,25.13696944,250802081035500,USGS,IAN,2022,8580.0
2022-10-01 00:00:00,2.135,2.055,-0.0799999999999996,-81.0643806,25.13696944,250802081035500,USGS,IAN,2022,8640.0
2022-10-01 01:00:00,1.795,2.051,0.2560000000000002,-81.0643806,25.13696944,250802081035500,USGS,IAN,2022,8700.0
2022-10-01 02:00:00,1.385,2.047,0.6620000000000001,-81.0643806,25.13696944,250802081035500,USGS,IAN,2022,8760.0
2022-10-01 03:00:00,0.995,2.043,1.048,-81.0643806,25.13696944,250802081035500,USGS,IAN,2022,8820.0
2022-10-01 04:00:00,0.695,2.038,1.343,-81.0643806,25.13696944,250802081035500,USGS,IAN,2022,8880.0
2022-10-01 05:00:00,0.695,2.034,1.339,-81.0643806,25.13696944,250802081035500,USGS,IAN,2022,8940.0
2022-10-01 06:00:00,1.165,2.03,0.8649999999999998,-81.0643806,25.13696944,250802081035500,USGS,IAN,2022,9000.0
2022-10-01 07:00:00,1.695,2.027,0.3320000000000001,-81.0643806,25.13696944,250802081035500,USGS,IAN,2022,9060.0
2022-10-01 08:00:00,2.105,2.023,-0.0819999999999998,-81.0643806,25.13696944,250802081035500,USGS,IAN,2022,9120.0
2022-10-01 09:00:00,2.275,2.02,-0.2549999999999999,-81.0643806,25.13696944,250802081035500,USGS,IAN,2022,9180.0
2022-10-01 10:00:00,2.395,2.019,-0.3759999999999999,-81.0643806,25.13696944,250802081035500,USGS,IAN,2022,9240.0
2022-10-01 11:00:00,2.265,2.013,-0.2520000000000002,-81.0643806,25.13696944,250802081035500,USGS,IAN,2022,9300.0
2022-10-01 12:00:00,1.895,2.008,0.1129999999999999,-81.0643806,25.13696944,250802081035500,USGS,IAN,2022,9360.0
2022-10-01 13:00:00,1.485,2.004,0.5189999999999999,-81.0643806,25.13696944,250802081035500,USGS,IAN,2022,9420.0
2022-10-01 14:00:00,1.005,2.001,0.996,-81.0643806,25.13696944,250802081035500,USGS,IAN,2022,9480.0
2022-10-01 15:00:00,0.505,1.998,1.493,-81.0643806,25.13696944,250802081035500,USGS,IAN,2022,9540.0
2022-10-01 16:00:00,0.105,1.995,1.89,-81.0643806,25.13696944,250802081035500,USGS,IAN,2022,9600.0
2022-10-01 17:00:00,-0.165,1.992,2.157,-81.0643806,25.13696944,250802081035500,USGS,IAN,2022,9660.0
2022-10-01 18:00:00,-0.135,1.989,2.124,-81.0643806,25.13696944,250802081035500,USGS,IAN,2022,9720.0
2022-10-01 19:00:00,0.315,1.985,1.6700000000000002,-81.0643806,25.13696944,250802081035500,USGS,IAN,2022,9780.0
2022-10-01 20:00:00,0.965,1.982,1.017,-81.0643806,25.13696944,250802081035500,USGS,IAN,2022,9840.0
2022-10-01 21:00:00,1.535,1.978,0.443,-81.0643806,25.13696944,250802081035500,USGS,IAN,2022,9900.0
2022-10-01 22:00:00,1.975,1.975,0.0,-81.0643806,25.13696944,250802081035500,USGS,IAN,2022,9960.0
2022-10-01 23:00:00,2.145,1.971,-0.1739999999999999,-81.0643806,25.13696944,250802081035500,USGS,IAN,2022,10020.0
2022-09-28 09:00:00,2.947,2.336,-0.6110000000000002,-80.7927778,25.17555556,251032080473400,USGS,IAN,2022,4860.0
2022-09-28 10:00:00,2.927,2.443,-0.484,-80.7927778,25.17555556,251032080473400,USGS,IAN,2022,4920.0
2022-09-28 11:00:00,2.867,2.564,-0.3029999999999999,-80.7927778,25.17555556,251032080473400,USGS,IAN,2022,4980.0
2022-09-28 12:00:00,2.887,2.649,-0.238,-80.7927778,25.17555556,251032080473400,USGS,IAN,2022,5040.0
2022-09-28 13:00:00,2.937,2.731,-0.2059999999999999,-80.7927778,25.17555556,251032080473400,USGS,IAN,2022,5100.0
2022-09-28 14:00:00,2.957,2.794,-0.1629999999999998,-80.7927778,25.17555556,251032080473400,USGS,IAN,2022,5160.0
2022-09-28 15:00:00,2.987,2.847,-0.1400000000000001,-80.7927778,25.17555556,251032080473400,USGS,IAN,2022,5220.0
2022-09-28 16:00:00,3.047,2.951,-0.096,-80.7927778,25.17555556,251032080473400,USGS,IAN,2022,5280.0
2022-09-28 17:00:00,3.157,3.061,-0.096,-80.7927778,25.17555556,251032080473400,USGS,IAN,2022,5340.0
2022-09-28 18:00:00,3.207,3.221,0.0140000000000002,-80.7927778,25.17555556,251032080473400,USGS,IAN,2022,5400.0
2022-09-28 19:00:00,3.327,3.389,0.0619999999999998,-80.7927778,25.17555556,251032080473400,USGS,IAN,2022,5460.0
2022-09-28 20:00:00,3.467,3.56,0.0929999999999999,-80.7927778,25.17555556,251032080473400,USGS,IAN,2022,5520.0
2022-09-28 21:00:00,3.577,3.696,0.1190000000000002,-80.7927778,25.17555556,251032080473400,USGS,IAN,2022,5580.0
2022-09-28 22:00:00,3.687,3.755,0.068,-80.7927778,25.17555556,251032080473400,USGS,IAN,2022,5640.0
2022-09-28 23:00:00,3.717,3.722,0.0049999999999998,-80.7927778,25.17555556,251032080473400,USGS,IAN,2022,5700.0
2022-09-29 00:00:00,3.597,3.578,-0.0190000000000001,-80.7927778,25.17555556,251032080473400,USGS,IAN,2022,5760.0
2022-09-29 01:00:00,3.417,3.28,-0.137,-80.7927778,25.17555556,251032080473400,USGS,IAN,2022,5820.0
2022-09-29 02:00:00,3.117,3.029,-0.088,-80.7927778,25.17555556,251032080473400,USGS,IAN,2022,5880.0
2022-09-29 03:00:00,2.907,2.828,-0.0790000000000001,-80.7927778,25.17555556,251032080473400,USGS,IAN,2022,5940.0
2022-09-29 04:00:00,2.677,2.644,-0.0329999999999999,-80.7927778,25.17555556,251032080473400,USGS,IAN,2022,6000.0
2022-09-29 05:00:00,2.527,2.542,0.0149999999999996,-80.7927778,25.17555556,251032080473400,USGS,IAN,2022,6060.0
2022-09-29 06:00:00,2.377,2.466,0.0890000000000004,-80.7927778,25.17555556,251032080473400,USGS,IAN,2022,6120.0
2022-09-29 07:00:00,2.267,2.493,0.2259999999999999,-80.7927778,25.17555556,251032080473400,USGS,IAN,2022,6180.0
2022-09-29 08:00:00,2.277,2.558,0.2809999999999997,-80.7927778,25.17555556,251032080473400,USGS,IAN,2022,6240.0
2022-09-29 09:00:00,2.337,2.693,0.3559999999999998,-80.7927778,25.17555556,251032080473400,USGS,IAN,2022,6300.0
2022-09-29 10:00:00,2.417,2.83,0.4130000000000002,-80.7927778,25.17555556,251032080473400,USGS,IAN,2022,6360.0
2022-09-29 11:00:00,2.497,2.914,0.4170000000000002,-80.7927778,25.17555556,251032080473400,USGS,IAN,2022,6420.0
2022-09-29 12:00:00,2.527,2.856,0.3289999999999997,-80.7927778,25.17555556,251032080473400,USGS,IAN,2022,6480.0
2022-09-29 13:00:00,2.417,2.511,0.0940000000000003,-80.7927778,25.17555556,251032080473400,USGS,IAN,2022,6540.0
2022-09-29 14:00:00,2.237,2.264,0.0269999999999996,-80.7927778,25.17555556,251032080473400,USGS,IAN,2022,6600.0
2022-09-29 15:00:00,2.087,2.175,0.0879999999999996,-80.7927778,25.17555556,251032080473400,USGS,IAN,2022,6660.0
2022-09-28 16:00:00,2.538,1.697,-0.8409999999999997,-81.1327778,25.18765278,251115081075800,USGS,IAN,2022,5280.0
2022-09-28 17:00:00,2.798,1.661,-1.137,-81.1327778,25.18765278,251115081075800,USGS,IAN,2022,5340.0
2022-09-28 18:00:00,3.278,1.934,-1.344,-81.1327778,25.18765278,251115081075800,USGS,IAN,2022,5400.0
2022-09-28 19:00:00,3.798,2.426,-1.372,-81.1327778,25.18765278,251115081075800,USGS,IAN,2022,5460.0
2022-09-28 20:00:00,4.128,2.781,-1.347,-81.1327778,25.18765278,251115081075800,USGS,IAN,2022,5520.0
2022-09-28 21:00:00,4.218,2.892,-1.326,-81.1327778,25.18765278,251115081075800,USGS,IAN,2022,5580.0
2022-09-28 22:00:00,3.998,2.744,-1.254,-81.1327778,25.18765278,251115081075800,USGS,IAN,2022,5640.0
2022-09-28 23:00:00,3.658,2.534,-1.124,-81.1327778,25.18765278,251115081075800,USGS,IAN,2022,5700.0
2022-09-29 00:00:00,3.328,2.384,-0.944,-81.1327778,25.18765278,251115081075800,USGS,IAN,2022,5760.0
2022-09-29 01:00:00,3.028,2.283,-0.7450000000000001,-81.1327778,25.18765278,251115081075800,USGS,IAN,2022,5820.0
2022-09-29 02:00:00,2.778,2.212,-0.5659999999999998,-81.1327778,25.18765278,251115081075800,USGS,IAN,2022,5880.0
2022-09-29 03:00:00,2.568,2.152,-0.4159999999999999,-81.1327778,25.18765278,251115081075800,USGS,IAN,2022,5940.0
2022-09-29 04:00:00,2.438,2.099,-0.3389999999999999,-81.1327778,25.18765278,251115081075800,USGS,IAN,2022,6000.0
2022-09-29 05:00:00,2.538,2.084,-0.4539999999999997,-81.1327778,25.18765278,251115081075800,USGS,IAN,2022,6060.0
2022-09-29 06:00:00,2.688,2.186,-0.5020000000000002,-81.1327778,25.18765278,251115081075800,USGS,IAN,2022,6120.0
2022-09-29 07:00:00,2.848,2.426,-0.4219999999999997,-81.1327778,25.18765278,251115081075800,USGS,IAN,2022,6180.0
2022-09-29 08:00:00,2.988,2.678,-0.31,-81.1327778,25.18765278,251115081075800,USGS,IAN,2022,6240.0
2022-09-29 09:00:00,3.108,2.732,-0.3759999999999999,-81.1327778,25.18765278,251115081075800,USGS,IAN,2022,6300.0
2022-09-29 10:00:00,3.068,2.562,-0.5060000000000002,-81.1327778,25.18765278,251115081075800,USGS,IAN,2022,6360.0
2022-09-29 11:00:00,2.848,2.442,-0.4059999999999997,-81.1327778,25.18765278,251115081075800,USGS,IAN,2022,6420.0
2022-09-29 12:00:00,2.638,2.38,-0.258,-81.1327778,25.18765278,251115081075800,USGS,IAN,2022,6480.0
2022-09-29 13:00:00,2.408,2.334,-0.0739999999999998,-81.1327778,25.18765278,251115081075800,USGS,IAN,2022,6540.0
2022-09-29 14:00:00,2.178,2.296,0.1179999999999998,-81.1327778,25.18765278,251115081075800,USGS,IAN,2022,6600.0
2022-09-29 15:00:00,1.968,2.266,0.298,-81.1327778,25.18765278,251115081075800,USGS,IAN,2022,6660.0
2022-09-29 16:00:00,1.888,2.24,0.3520000000000003,-81.1327778,25.18765278,251115081075800,USGS,IAN,2022,6720.0
2022-09-29 17:00:00,1.918,2.219,0.3009999999999999,-81.1327778,25.18765278,251115081075800,USGS,IAN,2022,6780.0
2022-09-29 18:00:00,2.018,2.202,0.1840000000000001,-81.1327778,25.18765278,251115081075800,USGS,IAN,2022,6840.0
2022-09-29 19:00:00,2.208,2.19,-0.0180000000000002,-81.1327778,25.18765278,251115081075800,USGS,IAN,2022,6900.0
2022-09-29 20:00:00,2.408,2.181,-0.2269999999999998,-81.1327778,25.18765278,251115081075800,USGS,IAN,2022,6960.0
2022-09-29 21:00:00,2.518,2.173,-0.3449999999999997,-81.1327778,25.18765278,251115081075800,USGS,IAN,2022,7020.0
2022-09-29 22:00:00,2.548,2.168,-0.3799999999999999,-81.1327778,25.18765278,251115081075800,USGS,IAN,2022,7080.0
2022-09-29 23:00:00,2.438,2.163,-0.2750000000000003,-81.1327778,25.18765278,251115081075800,USGS,IAN,2022,7140.0
2022-09-30 00:00:00,2.278,2.158,-0.1200000000000001,-81.1327778,25.18765278,251115081075800,USGS,IAN,2022,7200.0
2022-09-30 01:00:00,2.108,2.154,0.0459999999999998,-81.1327778,25.18765278,251115081075800,USGS,IAN,2022,7260.0
2022-09-30 02:00:00,1.918,2.149,0.2310000000000001,-81.1327778,25.18765278,251115081075800,USGS,IAN,2022,7320.0
2022-09-30 03:00:00,1.768,2.145,0.377,-81.1327778,25.18765278,251115081075800,USGS,IAN,2022,7380.0
2022-09-30 04:00:00,1.718,2.141,0.423,-81.1327778,25.18765278,251115081075800,USGS,IAN,2022,7440.0
2022-09-30 05:00:00,1.818,2.137,0.3189999999999999,-81.1327778,25.18765278,251115081075800,USGS,IAN,2022,7500.0
2022-09-30 06:00:00,1.978,2.133,0.155,-81.1327778,25.18765278,251115081075800,USGS,IAN,2022,7560.0
2022-09-30 07:00:00,2.208,2.129,-0.0790000000000001,-81.1327778,25.18765278,251115081075800,USGS,IAN,2022,7620.0
2022-09-30 08:00:00,2.348,2.128,-0.2199999999999997,-81.1327778,25.18765278,251115081075800,USGS,IAN,2022,7680.0
2022-09-30 09:00:00,2.408,2.123,-0.2849999999999997,-81.1327778,25.18765278,251115081075800,USGS,IAN,2022,7740.0
2022-09-30 10:00:00,2.368,2.119,-0.2489999999999996,-81.1327778,25.18765278,251115081075800,USGS,IAN,2022,7800.0
2022-09-30 11:00:00,2.228,2.115,-0.1129999999999999,-81.1327778,25.18765278,251115081075800,USGS,IAN,2022,7860.0
2022-09-30 12:00:00,2.038,2.111,0.0730000000000004,-81.1327778,25.18765278,251115081075800,USGS,IAN,2022,7920.0
2022-09-30 13:00:00,1.768,2.107,0.3390000000000002,-81.1327778,25.18765278,251115081075800,USGS,IAN,2022,7980.0
2022-09-30 14:00:00,1.538,2.103,0.5650000000000002,-81.1327778,25.18765278,251115081075800,USGS,IAN,2022,8040.0
2022-09-30 15:00:00,1.358,2.098,0.7399999999999998,-81.1327778,25.18765278,251115081075800,USGS,IAN,2022,8100.0
2022-09-30 16:00:00,1.238,2.094,0.8559999999999999,-81.1327778,25.18765278,251115081075800,USGS,IAN,2022,8160.0
2022-09-30 17:00:00,1.248,2.09,0.8419999999999999,-81.1327778,25.18765278,251115081075800,USGS,IAN,2022,8220.0
2022-09-30 18:00:00,1.348,2.085,0.7369999999999999,-81.1327778,25.18765278,251115081075800,USGS,IAN,2022,8280.0
2022-09-30 19:00:00,1.558,2.081,0.5229999999999999,-81.1327778,25.18765278,251115081075800,USGS,IAN,2022,8340.0
2022-09-30 20:00:00,1.838,2.077,0.2389999999999998,-81.1327778,25.18765278,251115081075800,USGS,IAN,2022,8400.0
2022-09-30 21:00:00,2.028,2.073,0.0449999999999999,-81.1327778,25.18765278,251115081075800,USGS,IAN,2022,8460.0
2022-09-30 22:00:00,2.138,2.069,-0.0689999999999999,-81.1327778,25.18765278,251115081075800,USGS,IAN,2022,8520.0
2022-09-30 23:00:00,2.188,2.065,-0.1230000000000002,-81.1327778,25.18765278,251115081075800,USGS,IAN,2022,8580.0
2022-10-01 00:00:00,2.098,2.061,-0.0369999999999999,-81.1327778,25.18765278,251115081075800,USGS,IAN,2022,8640.0
2022-10-01 01:00:00,1.938,2.056,0.1180000000000001,-81.1327778,25.18765278,251115081075800,USGS,IAN,2022,8700.0
2022-10-01 02:00:00,1.748,2.051,0.3030000000000001,-81.1327778,25.18765278,251115081075800,USGS,IAN,2022,8760.0
2022-10-01 03:00:00,1.558,2.046,0.4879999999999997,-81.1327778,25.18765278,251115081075800,USGS,IAN,2022,8820.0
2022-10-01 04:00:00,1.468,2.041,0.573,-81.1327778,25.18765278,251115081075800,USGS,IAN,2022,8880.0
2022-10-01 05:00:00,1.498,2.037,0.5389999999999999,-81.1327778,25.18765278,251115081075800,USGS,IAN,2022,8940.0
2022-10-01 06:00:00,1.678,2.034,0.3559999999999998,-81.1327778,25.18765278,251115081075800,USGS,IAN,2022,9000.0
2022-10-01 07:00:00,1.888,2.031,0.1430000000000002,-81.1327778,25.18765278,251115081075800,USGS,IAN,2022,9060.0
2022-10-01 08:00:00,2.038,2.03,-0.008,-81.1327778,25.18765278,251115081075800,USGS,IAN,2022,9120.0
2022-10-01 09:00:00,2.138,2.027,-0.1109999999999997,-81.1327778,25.18765278,251115081075800,USGS,IAN,2022,9180.0
2022-10-01 10:00:00,2.208,2.021,-0.1870000000000002,-81.1327778,25.18765278,251115081075800,USGS,IAN,2022,9240.0
2022-10-01 11:00:00,2.178,2.017,-0.161,-81.1327778,25.18765278,251115081075800,USGS,IAN,2022,9300.0
2022-10-01 12:00:00,2.018,2.012,-0.0059999999999997,-81.1327778,25.18765278,251115081075800,USGS,IAN,2022,9360.0
2022-10-01 13:00:00,1.828,2.008,0.1799999999999999,-81.1327778,25.18765278,251115081075800,USGS,IAN,2022,9420.0
2022-10-01 14:00:00,1.578,2.005,0.4269999999999998,-81.1327778,25.18765278,251115081075800,USGS,IAN,2022,9480.0
2022-10-01 15:00:00,1.348,2.002,0.6539999999999997,-81.1327778,25.18765278,251115081075800,USGS,IAN,2022,9540.0
2022-10-01 16:00:00,1.128,1.998,0.8700000000000001,-81.1327778,25.18765278,251115081075800,USGS,IAN,2022,9600.0
2022-10-01 17:00:00,1.038,1.995,0.957,-81.1327778,25.18765278,251115081075800,USGS,IAN,2022,9660.0
2022-10-01 18:00:00,1.098,1.991,0.893,-81.1327778,25.18765278,251115081075800,USGS,IAN,2022,9720.0
2022-10-01 19:00:00,1.218,1.988,0.77,-81.1327778,25.18765278,251115081075800,USGS,IAN,2022,9780.0
2022-10-01 20:00:00,1.428,1.985,0.5570000000000002,-81.1327778,25.18765278,251115081075800,USGS,IAN,2022,9840.0
2022-10-01 21:00:00,1.698,1.981,0.2830000000000001,-81.1327778,25.18765278,251115081075800,USGS,IAN,2022,9900.0
2022-10-01 22:00:00,1.828,1.978,0.1499999999999999,-81.1327778,25.18765278,251115081075800,USGS,IAN,2022,9960.0
2022-10-01 23:00:00,1.928,1.974,0.046,-81.1327778,25.18765278,251115081075800,USGS,IAN,2022,10020.0
2022-09-25 01:00:00,1.227,0.225,-1.002,-80.6388378,25.1909944,251127080382100,USGS,IAN,2022,60.0
2022-09-25 02:00:00,1.317,0.207,-1.11,-80.6388378,25.1909944,251127080382100,USGS,IAN,2022,120.0
2022-09-25 03:00:00,1.357,0.185,-1.172,-80.6388378,25.1909944,251127080382100,USGS,IAN,2022,180.0
2022-09-25 04:00:00,1.377,0.16,-1.217,-80.6388378,25.1909944,251127080382100,USGS,IAN,2022,240.0
2022-09-25 05:00:00,1.417,0.122,-1.295,-80.6388378,25.1909944,251127080382100,USGS,IAN,2022,300.0
2022-09-25 06:00:00,1.407,0.08,-1.327,-80.6388378,25.1909944,251127080382100,USGS,IAN,2022,360.0
2022-09-25 07:00:00,1.367,0.028,-1.339,-80.6388378,25.1909944,251127080382100,USGS,IAN,2022,420.0
2022-09-25 08:00:00,1.337,0.035,-1.302,-80.6388378,25.1909944,251127080382100,USGS,IAN,2022,480.0
2022-09-25 09:00:00,1.307,0.054,-1.253,-80.6388378,25.1909944,251127080382100,USGS,IAN,2022,540.0
2022-09-25 10:00:00,1.237,0.09,-1.147,-80.6388378,25.1909944,251127080382100,USGS,IAN,2022,600.0
2022-09-25 11:00:00,1.217,0.148,-1.0690000000000002,-80.6388378,25.1909944,251127080382100,USGS,IAN,2022,660.0
2022-09-25 12:00:00,1.227,0.191,-1.036,-80.6388378,25.1909944,251127080382100,USGS,IAN,2022,720.0
2022-09-25 13:00:00,1.227,0.171,-1.056,-80.6388378,25.1909944,251127080382100,USGS,IAN,2022,780.0
2022-09-25 14:00:00,1.287,0.153,-1.134,-80.6388378,25.1909944,251127080382100,USGS,IAN,2022,840.0
2022-09-25 15:00:00,1.347,0.165,-1.182,-80.6388378,25.1909944,251127080382100,USGS,IAN,2022,900.0
2022-09-25 16:00:00,1.407,0.157,-1.25,-80.6388378,25.1909944,251127080382100,USGS,IAN,2022,960.0
2022-09-25 17:00:00,1.457,0.141,-1.316,-80.6388378,25.1909944,251127080382100,USGS,IAN,2022,1020.0
2022-09-25 18:00:00,1.507,0.113,-1.394,-80.6388378,25.1909944,251127080382100,USGS,IAN,2022,1080.0
2022-09-25 19:00:00,1.507,0.081,-1.426,-80.6388378,25.1909944,251127080382100,USGS,IAN,2022,1140.0
2022-09-25 20:00:00,1.497,0.145,-1.352,-80.6388378,25.1909944,251127080382100,USGS,IAN,2022,1200.0
2022-09-25 21:00:00,1.407,0.152,-1.255,-80.6388378,25.1909944,251127080382100,USGS,IAN,2022,1260.0
2022-09-25 22:00:00,1.257,0.213,-1.0439999999999998,-80.6388378,25.1909944,251127080382100,USGS,IAN,2022,1320.0
2022-09-25 23:00:00,1.297,0.263,-1.0339999999999998,-80.6388378,25.1909944,251127080382100,USGS,IAN,2022,1380.0
2022-09-26 00:00:00,1.367,0.311,-1.056,-80.6388378,25.1909944,251127080382100,USGS,IAN,2022,1440.0
2022-09-26 01:00:00,1.377,0.286,-1.091,-80.6388378,25.1909944,251127080382100,USGS,IAN,2022,1500.0
2022-09-26 02:00:00,1.417,0.236,-1.181,-80.6388378,25.1909944,251127080382100,USGS,IAN,2022,1560.0
2022-09-26 03:00:00,1.447,0.228,-1.219,-80.6388378,25.1909944,251127080382100,USGS,IAN,2022,1620.0
2022-09-26 04:00:00,1.507,0.219,-1.2879999999999998,-80.6388378,25.1909944,251127080382100,USGS,IAN,2022,1680.0
2022-09-26 05:00:00,1.557,0.18,-1.377,-80.6388378,25.1909944,251127080382100,USGS,IAN,2022,1740.0
2022-09-26 06:00:00,1.617,0.147,-1.47,-80.6388378,25.1909944,251127080382100,USGS,IAN,2022,1800.0
2022-09-26 07:00:00,1.677,0.096,-1.581,-80.6388378,25.1909944,251127080382100,USGS,IAN,2022,1860.0
2022-09-26 08:00:00,1.647,0.08,-1.567,-80.6388378,25.1909944,251127080382100,USGS,IAN,2022,1920.0
2022-09-26 09:00:00,1.487,0.11,-1.377,-80.6388378,25.1909944,251127080382100,USGS,IAN,2022,1980.0
2022-09-26 10:00:00,1.487,0.126,-1.3610000000000002,-80.6388378,25.1909944,251127080382100,USGS,IAN,2022,2040.0
2022-09-26 11:00:00,1.377,0.184,-1.193,-80.6388378,25.1909944,251127080382100,USGS,IAN,2022,2100.0
2022-09-26 12:00:00,1.367,0.23,-1.137,-80.6388378,25.1909944,251127080382100,USGS,IAN,2022,2160.0
2022-09-26 13:00:00,1.457,0.22,-1.237,-80.6388378,25.1909944,251127080382100,USGS,IAN,2022,2220.0
2022-09-26 14:00:00,1.577,0.166,-1.411,-80.6388378,25.1909944,251127080382100,USGS,IAN,2022,2280.0
2022-09-26 15:00:00,1.547,0.17,-1.377,-80.6388378,25.1909944,251127080382100,USGS,IAN,2022,2340.0
2022-09-26 16:00:00,1.557,0.172,-1.385,-80.6388378,25.1909944,251127080382100,USGS,IAN,2022,2400.0
2022-09-26 17:00:00,1.647,0.156,-1.491,-80.6388378,25.1909944,251127080382100,USGS,IAN,2022,2460.0
2022-09-26 18:00:00,1.687,0.135,-1.552,-80.6388378,25.1909944,251127080382100,USGS,IAN,2022,2520.0
2022-09-26 19:00:00,1.677,0.095,-1.582,-80.6388378,25.1909944,251127080382100,USGS,IAN,2022,2580.0
2022-09-26 20:00:00,1.817,0.076,-1.741,-80.6388378,25.1909944,251127080382100,USGS,IAN,2022,2640.0
2022-09-26 21:00:00,1.617,0.135,-1.482,-80.6388378,25.1909944,251127080382100,USGS,IAN,2022,2700.0
2022-09-26 22:00:00,1.547,0.146,-1.401,-80.6388378,25.1909944,251127080382100,USGS,IAN,2022,2760.0
2022-09-26 23:00:00,1.477,0.212,-1.265,-80.6388378,25.1909944,251127080382100,USGS,IAN,2022,2820.0
2022-09-27 00:00:00,1.367,0.272,-1.095,-80.6388378,25.1909944,251127080382100,USGS,IAN,2022,2880.0
2022-09-27 01:00:00,1.477,0.298,-1.179,-80.6388378,25.1909944,251127080382100,USGS,IAN,2022,2940.0
2022-09-27 02:00:00,1.517,0.237,-1.2799999999999998,-80.6388378,25.1909944,251127080382100,USGS,IAN,2022,3000.0
2022-09-27 03:00:00,1.527,0.23,-1.297,-80.6388378,25.1909944,251127080382100,USGS,IAN,2022,3060.0
2022-09-27 04:00:00,1.627,0.223,-1.404,-80.6388378,25.1909944,251127080382100,USGS,IAN,2022,3120.0
2022-09-27 05:00:00,1.567,0.215,-1.352,-80.6388378,25.1909944,251127080382100,USGS,IAN,2022,3180.0
2022-09-27 06:00:00,1.627,0.184,-1.443,-80.6388378,25.1909944,251127080382100,USGS,IAN,2022,3240.0
2022-09-27 07:00:00,1.547,0.146,-1.401,-80.6388378,25.1909944,251127080382100,USGS,IAN,2022,3300.0
2022-09-27 08:00:00,1.527,0.101,-1.426,-80.6388378,25.1909944,251127080382100,USGS,IAN,2022,3360.0
2022-09-27 09:00:00,1.617,0.142,-1.475,-80.6388378,25.1909944,251127080382100,USGS,IAN,2022,3420.0
2022-09-27 10:00:00,1.487,0.161,-1.326,-80.6388378,25.1909944,251127080382100,USGS,IAN,2022,3480.0
2022-09-27 11:00:00,1.737,0.214,-1.523,-80.6388378,25.1909944,251127080382100,USGS,IAN,2022,3540.0
2022-09-27 12:00:00,1.737,0.264,-1.473,-80.6388378,25.1909944,251127080382100,USGS,IAN,2022,3600.0
2022-09-27 13:00:00,1.697,0.254,-1.443,-80.6388378,25.1909944,251127080382100,USGS,IAN,2022,3660.0
2022-09-27 14:00:00,1.537,0.213,-1.3239999999999998,-80.6388378,25.1909944,251127080382100,USGS,IAN,2022,3720.0
2022-09-27 15:00:00,1.497,0.211,-1.286,-80.6388378,25.1909944,251127080382100,USGS,IAN,2022,3780.0
2022-09-27 16:00:00,1.467,0.228,-1.239,-80.6388378,25.1909944,251127080382100,USGS,IAN,2022,3840.0
2022-09-27 17:00:00,1.807,0.26,-1.547,-80.6388378,25.1909944,251127080382100,USGS,IAN,2022,3900.0
2022-09-27 18:00:00,1.837,0.291,-1.546,-80.6388378,25.1909944,251127080382100,USGS,IAN,2022,3960.0
2022-09-27 19:00:00,1.887,0.325,-1.562,-80.6388378,25.1909944,251127080382100,USGS,IAN,2022,4020.0
2022-09-27 20:00:00,2.057,0.35,-1.707,-80.6388378,25.1909944,251127080382100,USGS,IAN,2022,4080.0
2022-09-27 21:00:00,2.107,0.383,-1.7240000000000002,-80.6388378,25.1909944,251127080382100,USGS,IAN,2022,4140.0
2022-09-27 22:00:00,2.037,0.437,-1.6,-80.6388378,25.1909944,251127080382100,USGS,IAN,2022,4200.0
2022-09-27 23:00:00,2.057,0.523,-1.5339999999999998,-80.6388378,25.1909944,251127080382100,USGS,IAN,2022,4260.0
2022-09-28 00:00:00,2.127,0.635,-1.4919999999999998,-80.6388378,25.1909944,251127080382100,USGS,IAN,2022,4320.0
2022-09-28 01:00:00,2.257,0.718,-1.539,-80.6388378,25.1909944,251127080382100,USGS,IAN,2022,4380.0
2022-09-28 02:00:00,2.257,0.783,-1.4740000000000002,-80.6388378,25.1909944,251127080382100,USGS,IAN,2022,4440.0
2022-09-28 03:00:00,2.267,0.864,-1.403,-80.6388378,25.1909944,251127080382100,USGS,IAN,2022,4500.0
2022-09-28 04:00:00,2.437,0.961,-1.476,-80.6388378,25.1909944,251127080382100,USGS,IAN,2022,4560.0
2022-09-28 05:00:00,2.607,1.06,-1.5470000000000002,-80.6388378,25.1909944,251127080382100,USGS,IAN,2022,4620.0
2022-09-28 06:00:00,2.637,1.162,-1.475,-80.6388378,25.1909944,251127080382100,USGS,IAN,2022,4680.0
2022-09-28 07:00:00,2.727,1.244,-1.483,-80.6388378,25.1909944,251127080382100,USGS,IAN,2022,4740.0
2022-09-28 08:00:00,2.807,1.326,-1.481,-80.6388378,25.1909944,251127080382100,USGS,IAN,2022,4800.0
2022-09-28 09:00:00,2.757,1.35,-1.407,-80.6388378,25.1909944,251127080382100,USGS,IAN,2022,4860.0
2022-09-28 10:00:00,2.707,1.388,-1.319,-80.6388378,25.1909944,251127080382100,USGS,IAN,2022,4920.0
2022-09-28 11:00:00,2.767,1.428,-1.339,-80.6388378,25.1909944,251127080382100,USGS,IAN,2022,4980.0
2022-09-28 12:00:00,2.797,1.456,-1.3410000000000002,-80.6388378,25.1909944,251127080382100,USGS,IAN,2022,5040.0
2022-09-28 13:00:00,2.677,1.496,-1.181,-80.6388378,25.1909944,251127080382100,USGS,IAN,2022,5100.0
2022-09-28 14:00:00,2.727,1.552,-1.1749999999999998,-80.6388378,25.1909944,251127080382100,USGS,IAN,2022,5160.0
2022-09-28 15:00:00,2.737,1.606,-1.131,-80.6388378,25.1909944,251127080382100,USGS,IAN,2022,5220.0
2022-09-28 16:00:00,2.727,1.672,-1.055,-80.6388378,25.1909944,251127080382100,USGS,IAN,2022,5280.0
2022-09-28 17:00:00,2.717,1.746,-0.971,-80.6388378,25.1909944,251127080382100,USGS,IAN,2022,5340.0
2022-09-28 18:00:00,2.747,1.796,-0.9509999999999998,-80.6388378,25.1909944,251127080382100,USGS,IAN,2022,5400.0
2022-09-28 19:00:00,2.807,1.884,-0.923,-80.6388378,25.1909944,251127080382100,USGS,IAN,2022,5460.0
2022-09-28 20:00:00,2.767,1.962,-0.8049999999999999,-80.6388378,25.1909944,251127080382100,USGS,IAN,2022,5520.0
2022-09-28 21:00:00,2.767,2.068,-0.6989999999999998,-80.6388378,25.1909944,251127080382100,USGS,IAN,2022,5580.0
2022-09-28 22:00:00,2.877,2.19,-0.6869999999999998,-80.6388378,25.1909944,251127080382100,USGS,IAN,2022,5640.0
2022-09-28 23:00:00,3.017,2.318,-0.6989999999999998,-80.6388378,25.1909944,251127080382100,USGS,IAN,2022,5700.0
2022-09-29 00:00:00,3.017,2.45,-0.5669999999999997,-80.6388378,25.1909944,251127080382100,USGS,IAN,2022,5760.0
2022-09-29 01:00:00,3.017,2.585,-0.4319999999999999,-80.6388378,25.1909944,251127080382100,USGS,IAN,2022,5820.0
2022-09-29 02:00:00,2.997,2.696,-0.3009999999999997,-80.6388378,25.1909944,251127080382100,USGS,IAN,2022,5880.0
2022-09-29 03:00:00,3.047,2.789,-0.258,-80.6388378,25.1909944,251127080382100,USGS,IAN,2022,5940.0
2022-09-29 04:00:00,3.047,2.837,-0.2099999999999999,-80.6388378,25.1909944,251127080382100,USGS,IAN,2022,6000.0
2022-09-29 05:00:00,3.057,2.853,-0.2039999999999997,-80.6388378,25.1909944,251127080382100,USGS,IAN,2022,6060.0
2022-09-29 06:00:00,2.947,2.857,-0.0899999999999998,-80.6388378,25.1909944,251127080382100,USGS,IAN,2022,6120.0
2022-09-29 07:00:00,2.867,2.836,-0.0310000000000001,-80.6388378,25.1909944,251127080382100,USGS,IAN,2022,6180.0
2022-09-29 08:00:00,2.797,2.82,0.0229999999999996,-80.6388378,25.1909944,251127080382100,USGS,IAN,2022,6240.0
2022-09-29 09:00:00,2.747,2.812,0.0649999999999999,-80.6388378,25.1909944,251127080382100,USGS,IAN,2022,6300.0
2022-09-29 10:00:00,2.667,2.818,0.1510000000000002,-80.6388378,25.1909944,251127080382100,USGS,IAN,2022,6360.0
2022-09-29 11:00:00,2.607,2.841,0.2339999999999999,-80.6388378,25.1909944,251127080382100,USGS,IAN,2022,6420.0
2022-09-29 12:00:00,2.567,2.869,0.302,-80.6388378,25.1909944,251127080382100,USGS,IAN,2022,6480.0
2022-09-29 13:00:00,2.507,2.874,0.367,-80.6388378,25.1909944,251127080382100,USGS,IAN,2022,6540.0
2022-09-29 14:00:00,2.497,2.789,0.2920000000000002,-80.6388378,25.1909944,251127080382100,USGS,IAN,2022,6600.0
2022-09-29 15:00:00,2.407,2.664,0.2570000000000001,-80.6388378,25.1909944,251127080382100,USGS,IAN,2022,6660.0
2022-09-29 16:00:00,2.347,2.544,0.197,-80.6388378,25.1909944,251127080382100,USGS,IAN,2022,6720.0
2022-09-29 17:00:00,2.247,2.401,0.1539999999999999,-80.6388378,25.1909944,251127080382100,USGS,IAN,2022,6780.0
2022-09-29 18:00:00,2.207,2.26,0.0529999999999999,-80.6388378,25.1909944,251127080382100,USGS,IAN,2022,6840.0
2022-09-29 19:00:00,2.217,2.127,-0.0900000000000003,-80.6388378,25.1909944,251127080382100,USGS,IAN,2022,6900.0
2022-09-29 20:00:00,2.187,2.005,-0.1819999999999999,-80.6388378,25.1909944,251127080382100,USGS,IAN,2022,6960.0
2022-09-29 21:00:00,2.137,1.876,-0.2610000000000001,-80.6388378,25.1909944,251127080382100,USGS,IAN,2022,7020.0
2022-09-29 22:00:00,2.127,1.752,-0.3749999999999998,-80.6388378,25.1909944,251127080382100,USGS,IAN,2022,7080.0
2022-09-29 23:00:00,2.007,1.643,-0.3640000000000001,-80.6388378,25.1909944,251127080382100,USGS,IAN,2022,7140.0
2022-09-30 00:00:00,1.987,1.553,-0.4340000000000001,-80.6388378,25.1909944,251127080382100,USGS,IAN,2022,7200.0
2022-09-30 01:00:00,1.947,1.467,-0.48,-80.6388378,25.1909944,251127080382100,USGS,IAN,2022,7260.0
2022-09-30 02:00:00,1.877,1.383,-0.494,-80.6388378,25.1909944,251127080382100,USGS,IAN,2022,7320.0
2022-09-30 03:00:00,1.837,1.277,-0.56,-80.6388378,25.1909944,251127080382100,USGS,IAN,2022,7380.0
2022-09-30 04:00:00,1.817,1.18,-0.637,-80.6388378,25.1909944,251127080382100,USGS,IAN,2022,7440.0
2022-09-30 05:00:00,1.847,1.094,-0.7529999999999999,-80.6388378,25.1909944,251127080382100,USGS,IAN,2022,7500.0
2022-09-30 06:00:00,1.837,1.019,-0.8180000000000001,-80.6388378,25.1909944,251127080382100,USGS,IAN,2022,7560.0
2022-09-30 07:00:00,1.787,0.942,-0.845,-80.6388378,25.1909944,251127080382100,USGS,IAN,2022,7620.0
2022-09-30 08:00:00,1.727,0.868,-0.8590000000000001,-80.6388378,25.1909944,251127080382100,USGS,IAN,2022,7680.0
2022-09-30 09:00:00,1.717,0.789,-0.928,-80.6388378,25.1909944,251127080382100,USGS,IAN,2022,7740.0
2022-09-30 10:00:00,1.667,0.76,-0.907,-80.6388378,25.1909944,251127080382100,USGS,IAN,2022,7800.0
2022-09-30 11:00:00,1.577,0.761,-0.816,-80.6388378,25.1909944,251127080382100,USGS,IAN,2022,7860.0
2022-09-30 12:00:00,1.527,0.762,-0.7649999999999999,-80.6388378,25.1909944,251127080382100,USGS,IAN,2022,7920.0
2022-09-30 13:00:00,1.527,0.769,-0.7579999999999999,-80.6388378,25.1909944,251127080382100,USGS,IAN,2022,7980.0
2022-09-30 14:00:00,1.457,0.732,-0.7250000000000001,-80.6388378,25.1909944,251127080382100,USGS,IAN,2022,8040.0
2022-09-30 15:00:00,1.437,0.671,-0.766,-80.6388378,25.1909944,251127080382100,USGS,IAN,2022,8100.0
2022-09-30 16:00:00,1.407,0.595,-0.812,-80.6388378,25.1909944,251127080382100,USGS,IAN,2022,8160.0
2022-09-30 17:00:00,1.387,0.515,-0.872,-80.6388378,25.1909944,251127080382100,USGS,IAN,2022,8220.0
2022-09-30 18:00:00,1.457,0.45,-1.007,-80.6388378,25.1909944,251127080382100,USGS,IAN,2022,8280.0
2022-09-30 19:00:00,1.487,0.395,-1.092,-80.6388378,25.1909944,251127080382100,USGS,IAN,2022,8340.0
2022-09-30 20:00:00,1.487,0.34,-1.147,-80.6388378,25.1909944,251127080382100,USGS,IAN,2022,8400.0
2022-09-30 21:00:00,1.487,0.288,-1.199,-80.6388378,25.1909944,251127080382100,USGS,IAN,2022,8460.0
2022-09-30 22:00:00,1.417,0.232,-1.185,-80.6388378,25.1909944,251127080382100,USGS,IAN,2022,8520.0
2022-09-30 23:00:00,1.397,0.175,-1.222,-80.6388378,25.1909944,251127080382100,USGS,IAN,2022,8580.0
2022-10-01 00:00:00,1.367,0.158,-1.209,-80.6388378,25.1909944,251127080382100,USGS,IAN,2022,8640.0
2022-10-01 01:00:00,1.367,0.163,-1.204,-80.6388378,25.1909944,251127080382100,USGS,IAN,2022,8700.0
2022-10-01 02:00:00,1.367,0.185,-1.182,-80.6388378,25.1909944,251127080382100,USGS,IAN,2022,8760.0
2022-10-01 03:00:00,1.317,0.234,-1.083,-80.6388378,25.1909944,251127080382100,USGS,IAN,2022,8820.0
2022-10-01 04:00:00,1.317,0.262,-1.055,-80.6388378,25.1909944,251127080382100,USGS,IAN,2022,8880.0
2022-10-01 05:00:00,1.347,0.259,-1.088,-80.6388378,25.1909944,251127080382100,USGS,IAN,2022,8940.0
2022-10-01 06:00:00,1.407,0.291,-1.116,-80.6388378,25.1909944,251127080382100,USGS,IAN,2022,9000.0
2022-10-01 07:00:00,1.457,0.298,-1.159,-80.6388378,25.1909944,251127080382100,USGS,IAN,2022,9060.0
2022-10-01 08:00:00,1.517,0.307,-1.21,-80.6388378,25.1909944,251127080382100,USGS,IAN,2022,9120.0
2022-10-01 09:00:00,1.547,0.34,-1.207,-80.6388378,25.1909944,251127080382100,USGS,IAN,2022,9180.0
2022-10-01 10:00:00,1.547,0.408,-1.139,-80.6388378,25.1909944,251127080382100,USGS,IAN,2022,9240.0
2022-10-01 11:00:00,1.547,0.443,-1.104,-80.6388378,25.1909944,251127080382100,USGS,IAN,2022,9300.0
2022-10-01 12:00:00,1.517,0.481,-1.036,-80.6388378,25.1909944,251127080382100,USGS,IAN,2022,9360.0
2022-10-01 13:00:00,1.447,0.522,-0.925,-80.6388378,25.1909944,251127080382100,USGS,IAN,2022,9420.0
2022-10-01 14:00:00,1.407,0.55,-0.857,-80.6388378,25.1909944,251127080382100,USGS,IAN,2022,9480.0
2022-10-01 15:00:00,1.407,0.515,-0.892,-80.6388378,25.1909944,251127080382100,USGS,IAN,2022,9540.0
2022-10-01 16:00:00,1.377,0.442,-0.935,-80.6388378,25.1909944,251127080382100,USGS,IAN,2022,9600.0
2022-10-01 17:00:00,1.367,0.375,-0.992,-80.6388378,25.1909944,251127080382100,USGS,IAN,2022,9660.0
2022-10-01 18:00:00,1.367,0.303,-1.064,-80.6388378,25.1909944,251127080382100,USGS,IAN,2022,9720.0
2022-10-01 19:00:00,1.367,0.242,-1.125,-80.6388378,25.1909944,251127080382100,USGS,IAN,2022,9780.0
2022-10-01 20:00:00,1.367,0.191,-1.176,-80.6388378,25.1909944,251127080382100,USGS,IAN,2022,9840.0
2022-10-01 21:00:00,1.437,0.142,-1.2950000000000002,-80.6388378,25.1909944,251127080382100,USGS,IAN,2022,9900.0
2022-10-01 22:00:00,1.447,0.08,-1.367,-80.6388378,25.1909944,251127080382100,USGS,IAN,2022,9960.0
2022-10-01 23:00:00,1.447,0.021,-1.4260000000000002,-80.6388378,25.1909944,251127080382100,USGS,IAN,2022,10020.0
2022-09-28 09:00:00,2.316,1.124,-1.1919999999999995,-80.5248667,25.232625,251355080312800,USGS,IAN,2022,4860.0
2022-09-28 10:00:00,2.376,1.245,-1.1309999999999998,-80.5248667,25.232625,251355080312800,USGS,IAN,2022,4920.0
2022-09-28 11:00:00,2.426,1.322,-1.104,-80.5248667,25.232625,251355080312800,USGS,IAN,2022,4980.0
2022-09-28 12:00:00,2.516,1.449,-1.067,-80.5248667,25.232625,251355080312800,USGS,IAN,2022,5040.0
2022-09-28 13:00:00,2.566,1.609,-0.957,-80.5248667,25.232625,251355080312800,USGS,IAN,2022,5100.0
2022-09-28 14:00:00,2.616,1.752,-0.8640000000000001,-80.5248667,25.232625,251355080312800,USGS,IAN,2022,5160.0
2022-09-28 15:00:00,2.676,1.902,-0.7740000000000002,-80.5248667,25.232625,251355080312800,USGS,IAN,2022,5220.0
2022-09-28 16:00:00,2.746,2.051,-0.6949999999999998,-80.5248667,25.232625,251355080312800,USGS,IAN,2022,5280.0
2022-09-28 17:00:00,2.796,2.193,-0.6029999999999998,-80.5248667,25.232625,251355080312800,USGS,IAN,2022,5340.0
2022-09-28 18:00:00,2.826,2.327,-0.4990000000000001,-80.5248667,25.232625,251355080312800,USGS,IAN,2022,5400.0
2022-09-28 19:00:00,2.886,2.445,-0.4410000000000003,-80.5248667,25.232625,251355080312800,USGS,IAN,2022,5460.0
2022-09-28 20:00:00,2.926,2.544,-0.3820000000000001,-80.5248667,25.232625,251355080312800,USGS,IAN,2022,5520.0
2022-09-28 21:00:00,2.986,2.634,-0.3520000000000003,-80.5248667,25.232625,251355080312800,USGS,IAN,2022,5580.0
2022-09-28 22:00:00,2.976,2.726,-0.25,-80.5248667,25.232625,251355080312800,USGS,IAN,2022,5640.0
2022-09-28 23:00:00,3.046,2.817,-0.2289999999999996,-80.5248667,25.232625,251355080312800,USGS,IAN,2022,5700.0
2022-09-29 00:00:00,3.096,2.903,-0.193,-80.5248667,25.232625,251355080312800,USGS,IAN,2022,5760.0
2022-09-29 01:00:00,3.146,3.005,-0.141,-80.5248667,25.232625,251355080312800,USGS,IAN,2022,5820.0
2022-09-29 02:00:00,3.146,3.14,-0.0059999999999997,-80.5248667,25.232625,251355080312800,USGS,IAN,2022,5880.0
2022-09-29 03:00:00,3.206,3.296,0.0899999999999998,-80.5248667,25.232625,251355080312800,USGS,IAN,2022,5940.0
2022-09-29 04:00:00,3.236,3.418,0.1819999999999999,-80.5248667,25.232625,251355080312800,USGS,IAN,2022,6000.0
2022-09-29 05:00:00,3.236,3.491,0.2549999999999999,-80.5248667,25.232625,251355080312800,USGS,IAN,2022,6060.0
2022-09-29 06:00:00,3.236,3.502,0.2659999999999995,-80.5248667,25.232625,251355080312800,USGS,IAN,2022,6120.0
2022-09-29 07:00:00,3.196,3.466,0.27,-80.5248667,25.232625,251355080312800,USGS,IAN,2022,6180.0
2022-09-29 08:00:00,3.126,3.4,0.274,-80.5248667,25.232625,251355080312800,USGS,IAN,2022,6240.0
2022-09-29 09:00:00,3.066,3.339,0.2730000000000001,-80.5248667,25.232625,251355080312800,USGS,IAN,2022,6300.0
2022-09-29 10:00:00,3.006,3.288,0.282,-80.5248667,25.232625,251355080312800,USGS,IAN,2022,6360.0
2022-09-29 11:00:00,2.946,3.254,0.3079999999999998,-80.5248667,25.232625,251355080312800,USGS,IAN,2022,6420.0
2022-09-29 12:00:00,2.906,3.235,0.3289999999999997,-80.5248667,25.232625,251355080312800,USGS,IAN,2022,6480.0
2022-09-29 13:00:00,2.886,3.227,0.3409999999999997,-80.5248667,25.232625,251355080312800,USGS,IAN,2022,6540.0
2022-09-29 14:00:00,2.846,3.201,0.355,-80.5248667,25.232625,251355080312800,USGS,IAN,2022,6600.0
2022-09-29 15:00:00,2.826,3.116,0.29,-80.5248667,25.232625,251355080312800,USGS,IAN,2022,6660.0
2022-09-29 16:00:00,2.786,3.0,0.2139999999999999,-80.5248667,25.232625,251355080312800,USGS,IAN,2022,6720.0
2022-09-29 17:00:00,2.786,2.875,0.0889999999999999,-80.5248667,25.232625,251355080312800,USGS,IAN,2022,6780.0
2022-09-29 18:00:00,2.736,2.755,0.0189999999999996,-80.5248667,25.232625,251355080312800,USGS,IAN,2022,6840.0
2022-09-29 19:00:00,2.686,2.636,-0.0499999999999998,-80.5248667,25.232625,251355080312800,USGS,IAN,2022,6900.0
2022-09-29 20:00:00,2.666,2.515,-0.1509999999999998,-80.5248667,25.232625,251355080312800,USGS,IAN,2022,6960.0
2022-09-29 21:00:00,2.626,2.402,-0.2239999999999997,-80.5248667,25.232625,251355080312800,USGS,IAN,2022,7020.0
2022-09-29 22:00:00,2.596,2.296,-0.3000000000000002,-80.5248667,25.232625,251355080312800,USGS,IAN,2022,7080.0
2022-09-29 23:00:00,2.546,2.199,-0.347,-80.5248667,25.232625,251355080312800,USGS,IAN,2022,7140.0
2022-09-30 00:00:00,2.506,2.114,-0.3919999999999999,-80.5248667,25.232625,251355080312800,USGS,IAN,2022,7200.0
2022-09-30 01:00:00,2.466,2.04,-0.4260000000000001,-80.5248667,25.232625,251355080312800,USGS,IAN,2022,7260.0
2022-09-30 02:00:00,2.436,1.976,-0.4599999999999999,-80.5248667,25.232625,251355080312800,USGS,IAN,2022,7320.0
2022-09-30 03:00:00,2.406,1.919,-0.4870000000000001,-80.5248667,25.232625,251355080312800,USGS,IAN,2022,7380.0
2022-09-30 04:00:00,2.366,1.867,-0.4990000000000001,-80.5248667,25.232625,251355080312800,USGS,IAN,2022,7440.0
2022-09-30 05:00:00,2.326,1.82,-0.506,-80.5248667,25.232625,251355080312800,USGS,IAN,2022,7500.0
2022-09-30 06:00:00,2.306,1.778,-0.528,-80.5248667,25.232625,251355080312800,USGS,IAN,2022,7560.0
2022-09-30 07:00:00,2.286,1.741,-0.5449999999999999,-80.5248667,25.232625,251355080312800,USGS,IAN,2022,7620.0
2022-09-30 08:00:00,2.276,1.709,-0.5669999999999997,-80.5248667,25.232625,251355080312800,USGS,IAN,2022,7680.0
2022-09-30 09:00:00,2.246,1.681,-0.565,-80.5248667,25.232625,251355080312800,USGS,IAN,2022,7740.0
2022-09-30 10:00:00,2.226,1.654,-0.5720000000000001,-80.5248667,25.232625,251355080312800,USGS,IAN,2022,7800.0
2022-09-30 11:00:00,2.216,1.629,-0.5870000000000002,-80.5248667,25.232625,251355080312800,USGS,IAN,2022,7860.0
2022-09-30 12:00:00,2.196,1.608,-0.5880000000000001,-80.5248667,25.232625,251355080312800,USGS,IAN,2022,7920.0
2022-09-30 13:00:00,2.176,1.588,-0.5880000000000001,-80.5248667,25.232625,251355080312800,USGS,IAN,2022,7980.0
2022-09-30 14:00:00,2.156,1.57,-0.5860000000000001,-80.5248667,25.232625,251355080312800,USGS,IAN,2022,8040.0
2022-09-30 15:00:00,2.136,1.553,-0.5830000000000002,-80.5248667,25.232625,251355080312800,USGS,IAN,2022,8100.0
2022-09-30 16:00:00,2.116,1.533,-0.5830000000000002,-80.5248667,25.232625,251355080312800,USGS,IAN,2022,8160.0
2022-09-30 17:00:00,2.096,1.517,-0.5790000000000002,-80.5248667,25.232625,251355080312800,USGS,IAN,2022,8220.0
2022-09-30 18:00:00,2.086,1.502,-0.5839999999999999,-80.5248667,25.232625,251355080312800,USGS,IAN,2022,8280.0
2022-09-30 19:00:00,2.066,1.488,-0.5779999999999998,-80.5248667,25.232625,251355080312800,USGS,IAN,2022,8340.0
2022-09-30 20:00:00,2.056,1.475,-0.581,-80.5248667,25.232625,251355080312800,USGS,IAN,2022,8400.0
2022-09-30 21:00:00,2.036,1.462,-0.5740000000000001,-80.5248667,25.232625,251355080312800,USGS,IAN,2022,8460.0
2022-09-30 22:00:00,2.016,1.451,-0.565,-80.5248667,25.232625,251355080312800,USGS,IAN,2022,8520.0
2022-09-30 23:00:00,1.996,1.439,-0.5569999999999999,-80.5248667,25.232625,251355080312800,USGS,IAN,2022,8580.0
2022-10-01 00:00:00,1.976,1.429,-0.5469999999999999,-80.5248667,25.232625,251355080312800,USGS,IAN,2022,8640.0
2022-10-01 01:00:00,1.966,1.419,-0.5469999999999999,-80.5248667,25.232625,251355080312800,USGS,IAN,2022,8700.0
2022-10-01 02:00:00,1.956,1.411,-0.5449999999999999,-80.5248667,25.232625,251355080312800,USGS,IAN,2022,8760.0
2022-10-01 03:00:00,1.946,1.403,-0.5429999999999999,-80.5248667,25.232625,251355080312800,USGS,IAN,2022,8820.0
2022-10-01 04:00:00,1.936,1.395,-0.5409999999999999,-80.5248667,25.232625,251355080312800,USGS,IAN,2022,8880.0
2022-10-01 05:00:00,1.926,1.386,-0.54,-80.5248667,25.232625,251355080312800,USGS,IAN,2022,8940.0
2022-10-01 06:00:00,1.916,1.377,-0.5389999999999999,-80.5248667,25.232625,251355080312800,USGS,IAN,2022,9000.0
2022-10-01 07:00:00,1.916,1.368,-0.5479999999999998,-80.5248667,25.232625,251355080312800,USGS,IAN,2022,9060.0
2022-10-01 08:00:00,1.906,1.361,-0.5449999999999999,-80.5248667,25.232625,251355080312800,USGS,IAN,2022,9120.0
2022-10-01 09:00:00,1.906,1.354,-0.5519999999999998,-80.5248667,25.232625,251355080312800,USGS,IAN,2022,9180.0
2022-10-01 10:00:00,1.906,1.348,-0.5579999999999998,-80.5248667,25.232625,251355080312800,USGS,IAN,2022,9240.0
2022-10-01 11:00:00,1.906,1.342,-0.5639999999999998,-80.5248667,25.232625,251355080312800,USGS,IAN,2022,9300.0
2022-10-01 12:00:00,1.896,1.337,-0.5589999999999999,-80.5248667,25.232625,251355080312800,USGS,IAN,2022,9360.0
2022-10-01 13:00:00,1.886,1.33,-0.5559999999999998,-80.5248667,25.232625,251355080312800,USGS,IAN,2022,9420.0
2022-10-01 14:00:00,1.866,1.321,-0.5450000000000002,-80.5248667,25.232625,251355080312800,USGS,IAN,2022,9480.0
2022-10-01 15:00:00,1.866,1.312,-0.554,-80.5248667,25.232625,251355080312800,USGS,IAN,2022,9540.0
2022-10-01 16:00:00,1.856,1.304,-0.552,-80.5248667,25.232625,251355080312800,USGS,IAN,2022,9600.0
2022-10-01 17:00:00,1.856,1.297,-0.5590000000000002,-80.5248667,25.232625,251355080312800,USGS,IAN,2022,9660.0
2022-10-01 18:00:00,1.836,1.29,-0.546,-80.5248667,25.232625,251355080312800,USGS,IAN,2022,9720.0
2022-10-01 19:00:00,1.826,1.284,-0.542,-80.5248667,25.232625,251355080312800,USGS,IAN,2022,9780.0
2022-10-01 20:00:00,1.806,1.278,-0.528,-80.5248667,25.232625,251355080312800,USGS,IAN,2022,9840.0
2022-10-01 21:00:00,1.796,1.272,-0.524,-80.5248667,25.232625,251355080312800,USGS,IAN,2022,9900.0
2022-10-01 22:00:00,1.776,1.266,-0.51,-80.5248667,25.232625,251355080312800,USGS,IAN,2022,9960.0
2022-10-01 23:00:00,1.776,1.26,-0.516,-80.5248667,25.232625,251355080312800,USGS,IAN,2022,10020.0
2022-09-25 01:00:00,1.14,0.018,-1.122,-80.4201833,25.2642111,251549080251200,USGS,IAN,2022,60.0
2022-09-25 02:00:00,1.25,0.079,-1.171,-80.4201833,25.2642111,251549080251200,USGS,IAN,2022,120.0
2022-09-25 03:00:00,1.39,0.151,-1.239,-80.4201833,25.2642111,251549080251200,USGS,IAN,2022,180.0
2022-09-25 04:00:00,1.52,0.225,-1.295,-80.4201833,25.2642111,251549080251200,USGS,IAN,2022,240.0
2022-09-25 05:00:00,1.611,0.286,-1.325,-80.4201833,25.2642111,251549080251200,USGS,IAN,2022,300.0
2022-09-25 06:00:00,1.6,0.319,-1.281,-80.4201833,25.2642111,251549080251200,USGS,IAN,2022,360.0
2022-09-25 07:00:00,1.47,0.285,-1.185,-80.4201833,25.2642111,251549080251200,USGS,IAN,2022,420.0
2022-09-25 08:00:00,1.351,0.217,-1.134,-80.4201833,25.2642111,251549080251200,USGS,IAN,2022,480.0
2022-09-25 09:00:00,1.23,0.15,-1.08,-80.4201833,25.2642111,251549080251200,USGS,IAN,2022,540.0
2022-09-25 10:00:00,1.121,0.086,-1.035,-80.4201833,25.2642111,251549080251200,USGS,IAN,2022,600.0
2022-09-25 11:00:00,1.04,0.033,-1.007,-80.4201833,25.2642111,251549080251200,USGS,IAN,2022,660.0
2022-09-25 12:00:00,0.99,0.004,-0.986,-80.4201833,25.2642111,251549080251200,USGS,IAN,2022,720.0
2022-09-25 13:00:00,1.05,-0.004,-1.054,-80.4201833,25.2642111,251549080251200,USGS,IAN,2022,780.0
2022-09-25 14:00:00,1.18,0.047,-1.133,-80.4201833,25.2642111,251549080251200,USGS,IAN,2022,840.0
2022-09-25 15:00:00,1.31,0.12,-1.19,-80.4201833,25.2642111,251549080251200,USGS,IAN,2022,900.0
2022-09-25 16:00:00,1.46,0.2,-1.26,-80.4201833,25.2642111,251549080251200,USGS,IAN,2022,960.0
2022-09-25 17:00:00,1.571,0.275,-1.2959999999999998,-80.4201833,25.2642111,251549080251200,USGS,IAN,2022,1020.0
2022-09-25 18:00:00,1.62,0.332,-1.288,-80.4201833,25.2642111,251549080251200,USGS,IAN,2022,1080.0
2022-09-25 19:00:00,1.55,0.337,-1.213,-80.4201833,25.2642111,251549080251200,USGS,IAN,2022,1140.0
2022-09-25 20:00:00,1.421,0.266,-1.155,-80.4201833,25.2642111,251549080251200,USGS,IAN,2022,1200.0
2022-09-25 21:00:00,1.29,0.2,-1.09,-80.4201833,25.2642111,251549080251200,USGS,IAN,2022,1260.0
2022-09-25 22:00:00,1.151,0.14,-1.011,-80.4201833,25.2642111,251549080251200,USGS,IAN,2022,1320.0
2022-09-25 23:00:00,1.05,0.093,-0.957,-80.4201833,25.2642111,251549080251200,USGS,IAN,2022,1380.0
2022-09-26 00:00:00,1.01,0.06,-0.95,-80.4201833,25.2642111,251549080251200,USGS,IAN,2022,1440.0
2022-09-26 01:00:00,1.04,0.041,-0.999,-80.4201833,25.2642111,251549080251200,USGS,IAN,2022,1500.0
2022-09-26 02:00:00,1.171,0.063,-1.108,-80.4201833,25.2642111,251549080251200,USGS,IAN,2022,1560.0
2022-09-26 03:00:00,1.3,0.141,-1.159,-80.4201833,25.2642111,251549080251200,USGS,IAN,2022,1620.0
2022-09-26 04:00:00,1.441,0.218,-1.223,-80.4201833,25.2642111,251549080251200,USGS,IAN,2022,1680.0
2022-09-26 05:00:00,1.56,0.291,-1.269,-80.4201833,25.2642111,251549080251200,USGS,IAN,2022,1740.0
2022-09-26 06:00:00,1.64,0.348,-1.2919999999999998,-80.4201833,25.2642111,251549080251200,USGS,IAN,2022,1800.0
2022-09-26 07:00:00,1.651,0.36,-1.291,-80.4201833,25.2642111,251549080251200,USGS,IAN,2022,1860.0
2022-09-26 08:00:00,1.45,0.294,-1.156,-80.4201833,25.2642111,251549080251200,USGS,IAN,2022,1920.0
2022-09-26 09:00:00,1.351,0.225,-1.126,-80.4201833,25.2642111,251549080251200,USGS,IAN,2022,1980.0
2022-09-26 10:00:00,1.23,0.157,-1.073,-80.4201833,25.2642111,251549080251200,USGS,IAN,2022,2040.0
2022-09-26 11:00:00,1.151,0.097,-1.054,-80.4201833,25.2642111,251549080251200,USGS,IAN,2022,2100.0
2022-09-26 12:00:00,1.081,0.055,-1.026,-80.4201833,25.2642111,251549080251200,USGS,IAN,2022,2160.0
2022-09-26 13:00:00,1.111,0.031,-1.08,-80.4201833,25.2642111,251549080251200,USGS,IAN,2022,2220.0
2022-09-26 14:00:00,1.26,0.035,-1.225,-80.4201833,25.2642111,251549080251200,USGS,IAN,2022,2280.0
2022-09-26 15:00:00,1.361,0.106,-1.255,-80.4201833,25.2642111,251549080251200,USGS,IAN,2022,2340.0
2022-09-26 16:00:00,1.51,0.18,-1.33,-80.4201833,25.2642111,251549080251200,USGS,IAN,2022,2400.0
2022-09-26 17:00:00,1.671,0.258,-1.413,-80.4201833,25.2642111,251549080251200,USGS,IAN,2022,2460.0
2022-09-26 18:00:00,1.77,0.332,-1.438,-80.4201833,25.2642111,251549080251200,USGS,IAN,2022,2520.0
2022-09-26 19:00:00,1.78,0.378,-1.402,-80.4201833,25.2642111,251549080251200,USGS,IAN,2022,2580.0
2022-09-26 20:00:00,1.631,0.362,-1.269,-80.4201833,25.2642111,251549080251200,USGS,IAN,2022,2640.0
2022-09-26 21:00:00,1.49,0.286,-1.204,-80.4201833,25.2642111,251549080251200,USGS,IAN,2022,2700.0
2022-09-26 22:00:00,1.381,0.217,-1.164,-80.4201833,25.2642111,251549080251200,USGS,IAN,2022,2760.0
2022-09-26 23:00:00,1.27,0.153,-1.117,-80.4201833,25.2642111,251549080251200,USGS,IAN,2022,2820.0
2022-09-27 00:00:00,1.21,0.104,-1.106,-80.4201833,25.2642111,251549080251200,USGS,IAN,2022,2880.0
2022-09-27 01:00:00,1.25,0.075,-1.175,-80.4201833,25.2642111,251549080251200,USGS,IAN,2022,2940.0
2022-09-27 02:00:00,1.43,0.069,-1.361,-80.4201833,25.2642111,251549080251200,USGS,IAN,2022,3000.0
2022-09-27 03:00:00,1.54,0.126,-1.414,-80.4201833,25.2642111,251549080251200,USGS,IAN,2022,3060.0
2022-09-27 04:00:00,1.68,0.196,-1.484,-80.4201833,25.2642111,251549080251200,USGS,IAN,2022,3120.0
2022-09-27 05:00:00,1.821,0.271,-1.5499999999999998,-80.4201833,25.2642111,251549080251200,USGS,IAN,2022,3180.0
2022-09-27 06:00:00,1.89,0.342,-1.5479999999999998,-80.4201833,25.2642111,251549080251200,USGS,IAN,2022,3240.0
2022-09-27 07:00:00,1.91,0.389,-1.521,-80.4201833,25.2642111,251549080251200,USGS,IAN,2022,3300.0
2022-09-27 08:00:00,1.881,0.371,-1.51,-80.4201833,25.2642111,251549080251200,USGS,IAN,2022,3360.0
2022-09-27 09:00:00,1.72,0.295,-1.425,-80.4201833,25.2642111,251549080251200,USGS,IAN,2022,3420.0
2022-09-27 10:00:00,1.66,0.225,-1.4349999999999998,-80.4201833,25.2642111,251549080251200,USGS,IAN,2022,3480.0
2022-09-27 11:00:00,1.631,0.158,-1.473,-80.4201833,25.2642111,251549080251200,USGS,IAN,2022,3540.0
2022-09-27 12:00:00,1.54,0.098,-1.442,-80.4201833,25.2642111,251549080251200,USGS,IAN,2022,3600.0
2022-09-27 13:00:00,1.54,0.063,-1.477,-80.4201833,25.2642111,251549080251200,USGS,IAN,2022,3660.0
2022-09-27 14:00:00,1.64,0.046,-1.594,-80.4201833,25.2642111,251549080251200,USGS,IAN,2022,3720.0
2022-09-27 15:00:00,1.89,0.071,-1.819,-80.4201833,25.2642111,251549080251200,USGS,IAN,2022,3780.0
2022-09-27 16:00:00,2.03,0.135,-1.895,-80.4201833,25.2642111,251549080251200,USGS,IAN,2022,3840.0
2022-09-27 17:00:00,2.131,0.211,-1.92,-80.4201833,25.2642111,251549080251200,USGS,IAN,2022,3900.0
2022-09-27 18:00:00,2.24,0.302,-1.938,-80.4201833,25.2642111,251549080251200,USGS,IAN,2022,3960.0
2022-09-27 19:00:00,2.251,0.388,-1.863,-80.4201833,25.2642111,251549080251200,USGS,IAN,2022,4020.0
2022-09-27 20:00:00,2.151,0.437,-1.7139999999999995,-80.4201833,25.2642111,251549080251200,USGS,IAN,2022,4080.0
2022-09-27 21:00:00,2.04,0.415,-1.625,-80.4201833,25.2642111,251549080251200,USGS,IAN,2022,4140.0
2022-09-27 22:00:00,1.921,0.356,-1.565,-80.4201833,25.2642111,251549080251200,USGS,IAN,2022,4200.0
2022-09-27 23:00:00,1.79,0.274,-1.516,-80.4201833,25.2642111,251549080251200,USGS,IAN,2022,4260.0
2022-09-28 00:00:00,1.691,0.225,-1.466,-80.4201833,25.2642111,251549080251200,USGS,IAN,2022,4320.0
2022-09-28 01:00:00,1.66,0.166,-1.494,-80.4201833,25.2642111,251549080251200,USGS,IAN,2022,4380.0
2022-09-28 02:00:00,1.68,0.115,-1.565,-80.4201833,25.2642111,251549080251200,USGS,IAN,2022,4440.0
2022-09-28 03:00:00,1.62,0.089,-1.531,-80.4201833,25.2642111,251549080251200,USGS,IAN,2022,4500.0
2022-09-28 04:00:00,1.76,0.103,-1.657,-80.4201833,25.2642111,251549080251200,USGS,IAN,2022,4560.0
2022-09-28 05:00:00,1.821,0.161,-1.66,-80.4201833,25.2642111,251549080251200,USGS,IAN,2022,4620.0
2022-09-28 06:00:00,1.91,0.234,-1.676,-80.4201833,25.2642111,251549080251200,USGS,IAN,2022,4680.0
2022-09-28 07:00:00,1.901,0.29,-1.611,-80.4201833,25.2642111,251549080251200,USGS,IAN,2022,4740.0
2022-09-28 08:00:00,1.75,0.268,-1.482,-80.4201833,25.2642111,251549080251200,USGS,IAN,2022,4800.0
2022-09-28 09:00:00,1.671,0.207,-1.464,-80.4201833,25.2642111,251549080251200,USGS,IAN,2022,4860.0
2022-09-28 10:00:00,1.51,0.145,-1.365,-80.4201833,25.2642111,251549080251200,USGS,IAN,2022,4920.0
2022-09-28 11:00:00,1.43,0.074,-1.356,-80.4201833,25.2642111,251549080251200,USGS,IAN,2022,4980.0
2022-09-28 12:00:00,1.321,-0.001,-1.3219999999999998,-80.4201833,25.2642111,251549080251200,USGS,IAN,2022,5040.0
2022-09-28 13:00:00,1.19,-0.064,-1.254,-80.4201833,25.2642111,251549080251200,USGS,IAN,2022,5100.0
2022-09-28 14:00:00,1.091,-0.123,-1.214,-80.4201833,25.2642111,251549080251200,USGS,IAN,2022,5160.0
2022-09-28 15:00:00,1.01,-0.179,-1.189,-80.4201833,25.2642111,251549080251200,USGS,IAN,2022,5220.0
2022-09-28 16:00:00,0.96,-0.231,-1.191,-80.4201833,25.2642111,251549080251200,USGS,IAN,2022,5280.0
2022-09-28 17:00:00,0.92,-0.278,-1.198,-80.4201833,25.2642111,251549080251200,USGS,IAN,2022,5340.0
2022-09-28 18:00:00,0.87,-0.329,-1.199,-80.4201833,25.2642111,251549080251200,USGS,IAN,2022,5400.0
2022-09-28 19:00:00,0.87,-0.446,-1.316,-80.4201833,25.2642111,251549080251200,USGS,IAN,2022,5460.0
2022-09-28 20:00:00,0.84,-0.464,-1.304,-80.4201833,25.2642111,251549080251200,USGS,IAN,2022,5520.0
2022-09-28 21:00:00,0.79,-0.508,-1.298,-80.4201833,25.2642111,251549080251200,USGS,IAN,2022,5580.0
2022-09-28 22:00:00,0.75,-0.55,-1.3,-80.4201833,25.2642111,251549080251200,USGS,IAN,2022,5640.0
2022-09-28 23:00:00,0.65,-0.585,-1.235,-80.4201833,25.2642111,251549080251200,USGS,IAN,2022,5700.0
2022-09-29 00:00:00,0.601,-0.602,-1.2029999999999998,-80.4201833,25.2642111,251549080251200,USGS,IAN,2022,5760.0
2022-09-29 01:00:00,0.5,-0.603,-1.103,-80.4201833,25.2642111,251549080251200,USGS,IAN,2022,5820.0
2022-09-29 02:00:00,0.42,-0.598,-1.018,-80.4201833,25.2642111,251549080251200,USGS,IAN,2022,5880.0
2022-09-29 03:00:00,0.43,-0.593,-1.023,-80.4201833,25.2642111,251549080251200,USGS,IAN,2022,5940.0
2022-09-29 04:00:00,0.41,-0.58,-0.99,-80.4201833,25.2642111,251549080251200,USGS,IAN,2022,6000.0
2022-09-29 05:00:00,0.46,-0.538,-0.998,-80.4201833,25.2642111,251549080251200,USGS,IAN,2022,6060.0
2022-09-29 06:00:00,0.581,-0.489,-1.0699999999999998,-80.4201833,25.2642111,251549080251200,USGS,IAN,2022,6120.0
2022-09-29 07:00:00,0.71,-0.437,-1.147,-80.4201833,25.2642111,251549080251200,USGS,IAN,2022,6180.0
2022-09-29 08:00:00,0.79,-0.388,-1.178,-80.4201833,25.2642111,251549080251200,USGS,IAN,2022,6240.0
2022-09-29 09:00:00,0.75,-0.345,-1.095,-80.4201833,25.2642111,251549080251200,USGS,IAN,2022,6300.0
2022-09-29 10:00:00,0.69,-0.307,-0.997,-80.4201833,25.2642111,251549080251200,USGS,IAN,2022,6360.0
2022-09-29 11:00:00,0.63,-0.273,-0.903,-80.4201833,25.2642111,251549080251200,USGS,IAN,2022,6420.0
2022-09-29 12:00:00,0.571,-0.245,-0.816,-80.4201833,25.2642111,251549080251200,USGS,IAN,2022,6480.0
2022-09-29 13:00:00,0.5,-0.224,-0.724,-80.4201833,25.2642111,251549080251200,USGS,IAN,2022,6540.0
2022-09-29 14:00:00,0.46,-0.202,-0.662,-80.4201833,25.2642111,251549080251200,USGS,IAN,2022,6600.0
2022-09-29 15:00:00,0.43,-0.178,-0.608,-80.4201833,25.2642111,251549080251200,USGS,IAN,2022,6660.0
2022-09-29 16:00:00,0.41,-0.154,-0.564,-80.4201833,25.2642111,251549080251200,USGS,IAN,2022,6720.0
2022-09-29 17:00:00,0.51,-0.13,-0.64,-80.4201833,25.2642111,251549080251200,USGS,IAN,2022,6780.0
2022-09-29 18:00:00,0.65,-0.107,-0.757,-80.4201833,25.2642111,251549080251200,USGS,IAN,2022,6840.0
2022-09-29 19:00:00,0.84,-0.078,-0.918,-80.4201833,25.2642111,251549080251200,USGS,IAN,2022,6900.0
2022-09-29 20:00:00,1.0,-0.037,-1.037,-80.4201833,25.2642111,251549080251200,USGS,IAN,2022,6960.0
2022-09-29 21:00:00,1.06,0.004,-1.056,-80.4201833,25.2642111,251549080251200,USGS,IAN,2022,7020.0
2022-09-29 22:00:00,0.98,0.027,-0.953,-80.4201833,25.2642111,251549080251200,USGS,IAN,2022,7080.0
2022-09-29 23:00:00,0.92,0.048,-0.872,-80.4201833,25.2642111,251549080251200,USGS,IAN,2022,7140.0
2022-09-30 00:00:00,0.86,0.049,-0.8109999999999999,-80.4201833,25.2642111,251549080251200,USGS,IAN,2022,7200.0
2022-09-30 01:00:00,0.8,0.033,-0.767,-80.4201833,25.2642111,251549080251200,USGS,IAN,2022,7260.0
2022-09-30 02:00:00,0.75,0.02,-0.73,-80.4201833,25.2642111,251549080251200,USGS,IAN,2022,7320.0
2022-09-30 03:00:00,0.72,0.009,-0.711,-80.4201833,25.2642111,251549080251200,USGS,IAN,2022,7380.0
2022-09-30 04:00:00,0.77,0.013,-0.757,-80.4201833,25.2642111,251549080251200,USGS,IAN,2022,7440.0
2022-09-30 05:00:00,0.91,0.03,-0.88,-80.4201833,25.2642111,251549080251200,USGS,IAN,2022,7500.0
2022-09-30 06:00:00,1.06,0.105,-0.955,-80.4201833,25.2642111,251549080251200,USGS,IAN,2022,7560.0
2022-09-30 07:00:00,1.23,0.197,-1.033,-80.4201833,25.2642111,251549080251200,USGS,IAN,2022,7620.0
2022-09-30 08:00:00,1.351,0.286,-1.065,-80.4201833,25.2642111,251549080251200,USGS,IAN,2022,7680.0
2022-09-30 09:00:00,1.421,0.348,-1.073,-80.4201833,25.2642111,251549080251200,USGS,IAN,2022,7740.0
2022-09-30 10:00:00,1.341,0.343,-0.998,-80.4201833,25.2642111,251549080251200,USGS,IAN,2022,7800.0
2022-09-30 11:00:00,1.25,0.305,-0.945,-80.4201833,25.2642111,251549080251200,USGS,IAN,2022,7860.0
2022-09-30 12:00:00,1.16,0.262,-0.8979999999999999,-80.4201833,25.2642111,251549080251200,USGS,IAN,2022,7920.0
2022-09-30 13:00:00,1.071,0.219,-0.852,-80.4201833,25.2642111,251549080251200,USGS,IAN,2022,7980.0
2022-09-30 14:00:00,0.98,0.178,-0.802,-80.4201833,25.2642111,251549080251200,USGS,IAN,2022,8040.0
2022-09-30 15:00:00,0.91,0.143,-0.767,-80.4201833,25.2642111,251549080251200,USGS,IAN,2022,8100.0
2022-09-30 16:00:00,0.89,0.116,-0.774,-80.4201833,25.2642111,251549080251200,USGS,IAN,2022,8160.0
2022-09-30 17:00:00,0.99,0.103,-0.887,-80.4201833,25.2642111,251549080251200,USGS,IAN,2022,8220.0
2022-09-30 18:00:00,1.151,0.131,-1.02,-80.4201833,25.2642111,251549080251200,USGS,IAN,2022,8280.0
2022-09-30 19:00:00,1.321,0.211,-1.11,-80.4201833,25.2642111,251549080251200,USGS,IAN,2022,8340.0
2022-09-30 20:00:00,1.48,0.294,-1.186,-80.4201833,25.2642111,251549080251200,USGS,IAN,2022,8400.0
2022-09-30 21:00:00,1.571,0.366,-1.205,-80.4201833,25.2642111,251549080251200,USGS,IAN,2022,8460.0
2022-09-30 22:00:00,1.571,0.404,-1.1669999999999998,-80.4201833,25.2642111,251549080251200,USGS,IAN,2022,8520.0
2022-09-30 23:00:00,1.45,0.38,-1.0699999999999998,-80.4201833,25.2642111,251549080251200,USGS,IAN,2022,8580.0
2022-10-01 00:00:00,1.331,0.314,-1.017,-80.4201833,25.2642111,251549080251200,USGS,IAN,2022,8640.0
2022-10-01 01:00:00,1.23,0.248,-0.982,-80.4201833,25.2642111,251549080251200,USGS,IAN,2022,8700.0
2022-10-01 02:00:00,1.131,0.184,-0.947,-80.4201833,25.2642111,251549080251200,USGS,IAN,2022,8760.0
2022-10-01 03:00:00,1.05,0.135,-0.915,-80.4201833,25.2642111,251549080251200,USGS,IAN,2022,8820.0
2022-10-01 04:00:00,1.03,0.104,-0.926,-80.4201833,25.2642111,251549080251200,USGS,IAN,2022,8880.0
2022-10-01 05:00:00,1.111,0.092,-1.019,-80.4201833,25.2642111,251549080251200,USGS,IAN,2022,8940.0
2022-10-01 06:00:00,1.23,0.129,-1.101,-80.4201833,25.2642111,251549080251200,USGS,IAN,2022,9000.0
2022-10-01 07:00:00,1.37,0.201,-1.169,-80.4201833,25.2642111,251549080251200,USGS,IAN,2022,9060.0
2022-10-01 08:00:00,1.49,0.283,-1.207,-80.4201833,25.2642111,251549080251200,USGS,IAN,2022,9120.0
2022-10-01 09:00:00,1.55,0.353,-1.197,-80.4201833,25.2642111,251549080251200,USGS,IAN,2022,9180.0
2022-10-01 10:00:00,1.53,0.388,-1.142,-80.4201833,25.2642111,251549080251200,USGS,IAN,2022,9240.0
2022-10-01 11:00:00,1.43,0.357,-1.073,-80.4201833,25.2642111,251549080251200,USGS,IAN,2022,9300.0
2022-10-01 12:00:00,1.331,0.307,-1.024,-80.4201833,25.2642111,251549080251200,USGS,IAN,2022,9360.0
2022-10-01 13:00:00,1.22,0.26,-0.96,-80.4201833,25.2642111,251549080251200,USGS,IAN,2022,9420.0
2022-10-01 14:00:00,1.111,0.214,-0.897,-80.4201833,25.2642111,251549080251200,USGS,IAN,2022,9480.0
2022-10-01 15:00:00,1.03,0.171,-0.859,-80.4201833,25.2642111,251549080251200,USGS,IAN,2022,9540.0
2022-10-01 16:00:00,0.97,0.134,-0.836,-80.4201833,25.2642111,251549080251200,USGS,IAN,2022,9600.0
2022-10-01 17:00:00,1.02,0.108,-0.912,-80.4201833,25.2642111,251549080251200,USGS,IAN,2022,9660.0
2022-10-01 18:00:00,1.171,0.095,-1.076,-80.4201833,25.2642111,251549080251200,USGS,IAN,2022,9720.0
2022-10-01 19:00:00,1.331,0.129,-1.202,-80.4201833,25.2642111,251549080251200,USGS,IAN,2022,9780.0
2022-10-01 20:00:00,1.5,0.201,-1.299,-80.4201833,25.2642111,251549080251200,USGS,IAN,2022,9840.0
2022-10-01 21:00:00,1.66,0.273,-1.387,-80.4201833,25.2642111,251549080251200,USGS,IAN,2022,9900.0
2022-10-01 22:00:00,1.78,0.321,-1.459,-80.4201833,25.2642111,251549080251200,USGS,IAN,2022,9960.0
2022-10-01 23:00:00,1.841,0.339,-1.502,-80.4201833,25.2642111,251549080251200,USGS,IAN,2022,10020.0
2022-09-25 01:00:00,-0.993,-1.242,-0.249,-82.69063889,28.92527778,285531082412600,USGS,IAN,2022,60.0
2022-09-25 02:00:00,-1.123,-1.441,-0.318,-82.69063889,28.92527778,285531082412600,USGS,IAN,2022,120.0
2022-09-25 03:00:00,-0.574,-0.929,-0.3550000000000001,-82.69063889,28.92527778,285531082412600,USGS,IAN,2022,180.0
2022-09-25 04:00:00,0.077,-0.098,-0.175,-82.69063889,28.92527778,285531082412600,USGS,IAN,2022,240.0
2022-09-25 05:00:00,0.876,0.943,0.0669999999999999,-82.69063889,28.92527778,285531082412600,USGS,IAN,2022,300.0
2022-09-25 06:00:00,1.477,1.605,0.1279999999999999,-82.69063889,28.92527778,285531082412600,USGS,IAN,2022,360.0
2022-09-25 07:00:00,1.727,1.775,0.0479999999999998,-82.69063889,28.92527778,285531082412600,USGS,IAN,2022,420.0
2022-09-25 08:00:00,1.546,1.256,-0.29,-82.69063889,28.92527778,285531082412600,USGS,IAN,2022,480.0
2022-09-25 09:00:00,1.026,0.711,-0.315,-82.69063889,28.92527778,285531082412600,USGS,IAN,2022,540.0
2022-09-25 10:00:00,0.477,0.115,-0.362,-82.69063889,28.92527778,285531082412600,USGS,IAN,2022,600.0
2022-09-25 11:00:00,-0.083,-0.444,-0.361,-82.69063889,28.92527778,285531082412600,USGS,IAN,2022,660.0
2022-09-25 12:00:00,-0.553,-0.898,-0.345,-82.69063889,28.92527778,285531082412600,USGS,IAN,2022,720.0
2022-09-25 13:00:00,-0.864,-1.244,-0.38,-82.69063889,28.92527778,285531082412600,USGS,IAN,2022,780.0
2022-09-25 14:00:00,-0.604,-1.353,-0.749,-82.69063889,28.92527778,285531082412600,USGS,IAN,2022,840.0
2022-09-25 15:00:00,0.087,-0.633,-0.72,-82.69063889,28.92527778,285531082412600,USGS,IAN,2022,900.0
2022-09-25 16:00:00,0.896,0.203,-0.6930000000000001,-82.69063889,28.92527778,285531082412600,USGS,IAN,2022,960.0
2022-09-25 17:00:00,1.737,1.242,-0.4950000000000001,-82.69063889,28.92527778,285531082412600,USGS,IAN,2022,1020.0
2022-09-25 18:00:00,2.417,1.9,-0.5169999999999999,-82.69063889,28.92527778,285531082412600,USGS,IAN,2022,1080.0
2022-09-25 19:00:00,2.667,2.125,-0.5419999999999998,-82.69063889,28.92527778,285531082412600,USGS,IAN,2022,1140.0
2022-09-25 20:00:00,2.276,1.632,-0.6439999999999999,-82.69063889,28.92527778,285531082412600,USGS,IAN,2022,1200.0
2022-09-25 21:00:00,1.637,1.058,-0.579,-82.69063889,28.92527778,285531082412600,USGS,IAN,2022,1260.0
2022-09-25 22:00:00,0.986,0.404,-0.582,-82.69063889,28.92527778,285531082412600,USGS,IAN,2022,1320.0
2022-09-25 23:00:00,0.347,-0.214,-0.5609999999999999,-82.69063889,28.92527778,285531082412600,USGS,IAN,2022,1380.0
2022-09-26 00:00:00,-0.224,-0.725,-0.501,-82.69063889,28.92527778,285531082412600,USGS,IAN,2022,1440.0
2022-09-26 01:00:00,-0.653,-1.15,-0.4969999999999999,-82.69063889,28.92527778,285531082412600,USGS,IAN,2022,1500.0
2022-09-26 02:00:00,-0.884,-1.308,-0.424,-82.69063889,28.92527778,285531082412600,USGS,IAN,2022,1560.0
2022-09-26 03:00:00,-0.303,-1.128,-0.825,-82.69063889,28.92527778,285531082412600,USGS,IAN,2022,1620.0
2022-09-26 04:00:00,0.426,-0.274,-0.7,-82.69063889,28.92527778,285531082412600,USGS,IAN,2022,1680.0
2022-09-26 05:00:00,1.237,0.674,-0.5630000000000001,-82.69063889,28.92527778,285531082412600,USGS,IAN,2022,1740.0
2022-09-26 06:00:00,2.046,1.532,-0.5139999999999998,-82.69063889,28.92527778,285531082412600,USGS,IAN,2022,1800.0
2022-09-26 07:00:00,2.446,1.898,-0.5480000000000003,-82.69063889,28.92527778,285531082412600,USGS,IAN,2022,1860.0
2022-09-26 08:00:00,2.247,1.573,-0.6739999999999999,-82.69063889,28.92527778,285531082412600,USGS,IAN,2022,1920.0
2022-09-26 09:00:00,1.707,0.989,-0.7180000000000001,-82.69063889,28.92527778,285531082412600,USGS,IAN,2022,1980.0
2022-09-26 10:00:00,1.077,0.38,-0.697,-82.69063889,28.92527778,285531082412600,USGS,IAN,2022,2040.0
2022-09-26 11:00:00,0.447,-0.233,-0.68,-82.69063889,28.92527778,285531082412600,USGS,IAN,2022,2100.0
2022-09-26 12:00:00,-0.114,-0.745,-0.631,-82.69063889,28.92527778,285531082412600,USGS,IAN,2022,2160.0
2022-09-26 13:00:00,-0.584,-1.173,-0.5890000000000001,-82.69063889,28.92527778,285531082412600,USGS,IAN,2022,2220.0
2022-09-26 14:00:00,-0.874,-1.341,-0.4669999999999999,-82.69063889,28.92527778,285531082412600,USGS,IAN,2022,2280.0
2022-09-26 15:00:00,-0.364,-1.356,-0.992,-82.69063889,28.92527778,285531082412600,USGS,IAN,2022,2340.0
2022-09-26 16:00:00,0.467,-0.444,-0.911,-82.69063889,28.92527778,285531082412600,USGS,IAN,2022,2400.0
2022-09-26 17:00:00,1.317,0.515,-0.8019999999999999,-82.69063889,28.92527778,285531082412600,USGS,IAN,2022,2460.0
2022-09-26 18:00:00,2.256,1.502,-0.7539999999999998,-82.69063889,28.92527778,285531082412600,USGS,IAN,2022,2520.0
2022-09-26 19:00:00,2.887,2.033,-0.8540000000000001,-82.69063889,28.92527778,285531082412600,USGS,IAN,2022,2580.0
2022-09-26 20:00:00,2.937,1.97,-0.967,-82.69063889,28.92527778,285531082412600,USGS,IAN,2022,2640.0
2022-09-26 21:00:00,2.417,1.34,-1.0769999999999995,-82.69063889,28.92527778,285531082412600,USGS,IAN,2022,2700.0
2022-09-26 22:00:00,1.767,0.754,-1.013,-82.69063889,28.92527778,285531082412600,USGS,IAN,2022,2760.0
2022-09-26 23:00:00,1.077,0.102,-0.975,-82.69063889,28.92527778,285531082412600,USGS,IAN,2022,2820.0
2022-09-27 00:00:00,0.416,-0.462,-0.878,-82.69063889,28.92527778,285531082412600,USGS,IAN,2022,2880.0
2022-09-27 01:00:00,-0.133,-0.912,-0.779,-82.69063889,28.92527778,285531082412600,USGS,IAN,2022,2940.0
2022-09-27 02:00:00,-0.553,-1.241,-0.6880000000000001,-82.69063889,28.92527778,285531082412600,USGS,IAN,2022,3000.0
2022-09-27 03:00:00,-0.364,-1.275,-0.911,-82.69063889,28.92527778,285531082412600,USGS,IAN,2022,3060.0
2022-09-27 04:00:00,0.457,-0.412,-0.869,-82.69063889,28.92527778,285531082412600,USGS,IAN,2022,3120.0
2022-09-27 05:00:00,1.187,0.486,-0.7010000000000001,-82.69063889,28.92527778,285531082412600,USGS,IAN,2022,3180.0
2022-09-27 06:00:00,2.046,1.442,-0.6039999999999999,-82.69063889,28.92527778,285531082412600,USGS,IAN,2022,3240.0
2022-09-27 07:00:00,2.676,1.969,-0.7070000000000001,-82.69063889,28.92527778,285531082412600,USGS,IAN,2022,3300.0
2022-09-27 08:00:00,2.727,1.915,-0.8119999999999998,-82.69063889,28.92527778,285531082412600,USGS,IAN,2022,3360.0
2022-09-27 09:00:00,2.147,1.267,-0.8799999999999999,-82.69063889,28.92527778,285531082412600,USGS,IAN,2022,3420.0
2022-09-27 10:00:00,1.497,0.664,-0.8330000000000001,-82.69063889,28.92527778,285531082412600,USGS,IAN,2022,3480.0
2022-09-27 11:00:00,0.876,0.005,-0.871,-82.69063889,28.92527778,285531082412600,USGS,IAN,2022,3540.0
2022-09-27 12:00:00,0.207,-0.563,-0.7699999999999999,-82.69063889,28.92527778,285531082412600,USGS,IAN,2022,3600.0
2022-09-27 13:00:00,-0.354,-1.021,-0.6669999999999999,-82.69063889,28.92527778,285531082412600,USGS,IAN,2022,3660.0
2022-09-27 14:00:00,-0.824,-1.255,-0.4309999999999999,-82.69063889,28.92527778,285531082412600,USGS,IAN,2022,3720.0
2022-09-27 15:00:00,-1.093,-1.473,-0.3800000000000001,-82.69063889,28.92527778,285531082412600,USGS,IAN,2022,3780.0
2022-09-27 16:00:00,-0.663,-1.286,-0.623,-82.69063889,28.92527778,285531082412600,USGS,IAN,2022,3840.0
2022-09-27 17:00:00,0.227,-0.336,-0.5630000000000001,-82.69063889,28.92527778,285531082412600,USGS,IAN,2022,3900.0
2022-09-27 18:00:00,1.197,0.674,-0.523,-82.69063889,28.92527778,285531082412600,USGS,IAN,2022,3960.0
2022-09-27 19:00:00,2.067,1.551,-0.5160000000000002,-82.69063889,28.92527778,285531082412600,USGS,IAN,2022,4020.0
2022-09-27 20:00:00,2.486,1.9,-0.5860000000000003,-82.69063889,28.92527778,285531082412600,USGS,IAN,2022,4080.0
2022-09-27 21:00:00,2.287,1.521,-0.766,-82.69063889,28.92527778,285531082412600,USGS,IAN,2022,4140.0
2022-09-27 22:00:00,1.727,0.967,-0.7600000000000001,-82.69063889,28.92527778,285531082412600,USGS,IAN,2022,4200.0
2022-09-27 23:00:00,1.016,0.372,-0.644,-82.69063889,28.92527778,285531082412600,USGS,IAN,2022,4260.0
2022-09-28 00:00:00,0.357,-0.229,-0.586,-82.69063889,28.92527778,285531082412600,USGS,IAN,2022,4320.0
2022-09-28 01:00:00,-0.243,-0.727,-0.484,-82.69063889,28.92527778,285531082412600,USGS,IAN,2022,4380.0
2022-09-28 02:00:00,-0.744,-1.139,-0.395,-82.69063889,28.92527778,285531082412600,USGS,IAN,2022,4440.0
2022-09-28 03:00:00,-1.133,-1.288,-0.155,-82.69063889,28.92527778,285531082412600,USGS,IAN,2022,4500.0
2022-09-28 04:00:00,-1.293,-0.748,0.5449999999999999,-82.69063889,28.92527778,285531082412600,USGS,IAN,2022,4560.0
2022-09-28 05:00:00,-0.773,-0.001,0.772,-82.69063889,28.92527778,285531082412600,USGS,IAN,2022,4620.0
2022-09-28 06:00:00,-0.193,0.94,1.133,-82.69063889,28.92527778,285531082412600,USGS,IAN,2022,4680.0
2022-09-28 07:00:00,0.357,1.508,1.151,-82.69063889,28.92527778,285531082412600,USGS,IAN,2022,4740.0
2022-09-28 08:00:00,0.646,1.462,0.816,-82.69063889,28.92527778,285531082412600,USGS,IAN,2022,4800.0
2022-09-28 09:00:00,0.387,0.829,0.4419999999999999,-82.69063889,28.92527778,285531082412600,USGS,IAN,2022,4860.0
2022-09-28 10:00:00,-0.164,0.211,0.375,-82.69063889,28.92527778,285531082412600,USGS,IAN,2022,4920.0
2022-09-28 11:00:00,-0.734,-0.435,0.299,-82.69063889,28.92527778,285531082412600,USGS,IAN,2022,4980.0
2022-09-28 12:00:00,-1.233,-0.996,0.2370000000000001,-82.69063889,28.92527778,285531082412600,USGS,IAN,2022,5040.0
2022-09-28 13:00:00,-1.694,-1.335,0.359,-82.69063889,28.92527778,285531082412600,USGS,IAN,2022,5100.0
2022-09-28 14:00:00,-2.014,-1.651,0.3629999999999997,-82.69063889,28.92527778,285531082412600,USGS,IAN,2022,5160.0
2022-09-28 15:00:00,-2.284,-1.909,0.3749999999999998,-82.69063889,28.92527778,285531082412600,USGS,IAN,2022,5220.0
2022-09-28 16:00:00,-2.463,-2.134,0.3290000000000002,-82.69063889,28.92527778,285531082412600,USGS,IAN,2022,5280.0
2022-09-28 17:00:00,-2.583,-2.176,0.407,-82.69063889,28.92527778,285531082412600,USGS,IAN,2022,5340.0
2022-09-28 18:00:00,-2.603,-2.157,0.4460000000000002,-82.69063889,28.92527778,285531082412600,USGS,IAN,2022,5400.0
2022-09-28 19:00:00,-2.613,-2.159,0.4540000000000002,-82.69063889,28.92527778,285531082412600,USGS,IAN,2022,5460.0
2022-09-28 20:00:00,-2.613,-2.204,0.4089999999999998,-82.69063889,28.92527778,285531082412600,USGS,IAN,2022,5520.0
2022-09-28 21:00:00,-2.613,-2.232,0.3809999999999998,-82.69063889,28.92527778,285531082412600,USGS,IAN,2022,5580.0
2022-09-28 22:00:00,-2.613,-2.184,0.4289999999999998,-82.69063889,28.92527778,285531082412600,USGS,IAN,2022,5640.0
2022-09-28 23:00:00,-2.613,-2.201,0.4119999999999999,-82.69063889,28.92527778,285531082412600,USGS,IAN,2022,5700.0
2022-09-29 00:00:00,-2.613,-2.318,0.2949999999999999,-82.69063889,28.92527778,285531082412600,USGS,IAN,2022,5760.0
2022-09-29 01:00:00,-2.673,-2.305,0.3679999999999999,-82.69063889,28.92527778,285531082412600,USGS,IAN,2022,5820.0
2022-09-29 02:00:00,-2.673,-2.462,0.2109999999999998,-82.69063889,28.92527778,285531082412600,USGS,IAN,2022,5880.0
2022-09-29 03:00:00,-2.673,-2.194,0.4790000000000001,-82.69063889,28.92527778,285531082412600,USGS,IAN,2022,5940.0
2022-09-29 04:00:00,-2.673,-2.196,0.4769999999999998,-82.69063889,28.92527778,285531082412600,USGS,IAN,2022,6000.0
2022-09-29 05:00:00,-2.673,-2.574,0.0990000000000002,-82.69063889,28.92527778,285531082412600,USGS,IAN,2022,6060.0
2022-09-29 06:00:00,-2.673,-2.161,0.512,-82.69063889,28.92527778,285531082412600,USGS,IAN,2022,6120.0
2022-09-29 08:00:00,-2.673,-2.525,0.1480000000000001,-82.69063889,28.92527778,285531082412600,USGS,IAN,2022,6240.0
2022-09-29 09:00:00,-2.693,-2.426,0.2669999999999999,-82.69063889,28.92527778,285531082412600,USGS,IAN,2022,6300.0
2022-09-29 10:00:00,-2.943,-2.426,0.5169999999999999,-82.69063889,28.92527778,285531082412600,USGS,IAN,2022,6360.0
2022-09-29 11:00:00,-2.503,-2.424,0.0790000000000001,-82.69063889,28.92527778,285531082412600,USGS,IAN,2022,6420.0
2022-09-29 12:00:00,-2.443,-2.421,0.0220000000000002,-82.69063889,28.92527778,285531082412600,USGS,IAN,2022,6480.0
2022-09-29 13:00:00,-2.523,-2.427,0.096,-82.69063889,28.92527778,285531082412600,USGS,IAN,2022,6540.0
2022-09-29 14:00:00,-2.653,-2.423,0.2299999999999999,-82.69063889,28.92527778,285531082412600,USGS,IAN,2022,6600.0
2022-09-29 15:00:00,-2.824,-2.244,0.5799999999999996,-82.69063889,28.92527778,285531082412600,USGS,IAN,2022,6660.0
2022-09-29 16:00:00,-2.974,-2.232,0.742,-82.69063889,28.92527778,285531082412600,USGS,IAN,2022,6720.0
2022-09-29 17:00:00,-3.054,-2.22,0.8339999999999996,-82.69063889,28.92527778,285531082412600,USGS,IAN,2022,6780.0
2022-09-29 18:00:00,-2.813,-2.085,0.7280000000000002,-82.69063889,28.92527778,285531082412600,USGS,IAN,2022,6840.0
2022-09-29 19:00:00,-2.423,-1.269,1.154,-82.69063889,28.92527778,285531082412600,USGS,IAN,2022,6900.0
2022-09-29 20:00:00,-1.913,-0.464,1.449,-82.69063889,28.92527778,285531082412600,USGS,IAN,2022,6960.0
2022-09-29 21:00:00,-1.153,0.158,1.311,-82.69063889,28.92527778,285531082412600,USGS,IAN,2022,7020.0
2022-09-29 22:00:00,-0.574,0.573,1.1469999999999998,-82.69063889,28.92527778,285531082412600,USGS,IAN,2022,7080.0
2022-09-29 23:00:00,-0.344,0.758,1.102,-82.69063889,28.92527778,285531082412600,USGS,IAN,2022,7140.0
2022-09-30 00:00:00,-0.243,0.68,0.923,-82.69063889,28.92527778,285531082412600,USGS,IAN,2022,7200.0
2022-09-30 01:00:00,-0.403,0.47,0.873,-82.69063889,28.92527778,285531082412600,USGS,IAN,2022,7260.0
2022-09-30 02:00:00,-0.673,0.27,0.943,-82.69063889,28.92527778,285531082412600,USGS,IAN,2022,7320.0
2022-09-30 03:00:00,-0.864,0.055,0.919,-82.69063889,28.92527778,285531082412600,USGS,IAN,2022,7380.0
2022-09-30 04:00:00,-0.894,0.029,0.923,-82.69063889,28.92527778,285531082412600,USGS,IAN,2022,7440.0
2022-09-30 05:00:00,-0.683,0.344,1.027,-82.69063889,28.92527778,285531082412600,USGS,IAN,2022,7500.0
2022-09-30 06:00:00,-0.273,0.777,1.05,-82.69063889,28.92527778,285531082412600,USGS,IAN,2022,7560.0
2022-09-30 07:00:00,0.286,1.226,0.94,-82.69063889,28.92527778,285531082412600,USGS,IAN,2022,7620.0
2022-09-30 08:00:00,0.827,1.493,0.6660000000000001,-82.69063889,28.92527778,285531082412600,USGS,IAN,2022,7680.0
2022-09-30 09:00:00,1.056,1.401,0.345,-82.69063889,28.92527778,285531082412600,USGS,IAN,2022,7740.0
2022-09-30 10:00:00,1.077,1.089,0.012,-82.69063889,28.92527778,285531082412600,USGS,IAN,2022,7800.0
2022-09-30 11:00:00,0.827,0.603,-0.2239999999999999,-82.69063889,28.92527778,285531082412600,USGS,IAN,2022,7860.0
2022-09-30 12:00:00,0.387,0.131,-0.256,-82.69063889,28.92527778,285531082412600,USGS,IAN,2022,7920.0
2022-09-30 13:00:00,-0.174,-0.346,-0.172,-82.69063889,28.92527778,285531082412600,USGS,IAN,2022,7980.0
2022-09-30 14:00:00,-0.694,-0.773,-0.079,-82.69063889,28.92527778,285531082412600,USGS,IAN,2022,8040.0
2022-09-30 15:00:00,-1.143,-1.159,-0.016,-82.69063889,28.92527778,285531082412600,USGS,IAN,2022,8100.0
2022-09-30 16:00:00,-1.533,-1.346,0.1869999999999998,-82.69063889,28.92527778,285531082412600,USGS,IAN,2022,8160.0
2022-09-30 17:00:00,-1.813,-1.536,0.2769999999999999,-82.69063889,28.92527778,285531082412600,USGS,IAN,2022,8220.0
2022-09-30 18:00:00,-1.613,-1.449,0.1639999999999999,-82.69063889,28.92527778,285531082412600,USGS,IAN,2022,8280.0
2022-09-30 19:00:00,-0.993,-0.863,0.13,-82.69063889,28.92527778,285531082412600,USGS,IAN,2022,8340.0
2022-09-30 20:00:00,-0.384,-0.331,0.0529999999999999,-82.69063889,28.92527778,285531082412600,USGS,IAN,2022,8400.0
2022-09-30 21:00:00,0.337,0.181,-0.156,-82.69063889,28.92527778,285531082412600,USGS,IAN,2022,8460.0
2022-09-30 22:00:00,0.866,0.508,-0.358,-82.69063889,28.92527778,285531082412600,USGS,IAN,2022,8520.0
2022-09-30 23:00:00,1.056,0.558,-0.498,-82.69063889,28.92527778,285531082412600,USGS,IAN,2022,8580.0
2022-10-01 00:00:00,0.996,0.374,-0.622,-82.69063889,28.92527778,285531082412600,USGS,IAN,2022,8640.0
2022-10-01 01:00:00,0.656,0.157,-0.499,-82.69063889,28.92527778,285531082412600,USGS,IAN,2022,8700.0
2022-10-01 02:00:00,0.246,-0.05,-0.296,-82.69063889,28.92527778,285531082412600,USGS,IAN,2022,8760.0
2022-10-01 03:00:00,-0.143,-0.183,-0.04,-82.69063889,28.92527778,285531082412600,USGS,IAN,2022,8820.0
2022-10-01 04:00:00,-0.364,-0.031,0.3329999999999999,-82.69063889,28.92527778,285531082412600,USGS,IAN,2022,8880.0
2022-10-01 05:00:00,-0.064,0.318,0.382,-82.69063889,28.92527778,285531082412600,USGS,IAN,2022,8940.0
2022-10-01 06:00:00,0.406,0.88,0.474,-82.69063889,28.92527778,285531082412600,USGS,IAN,2022,9000.0
2022-10-01 07:00:00,0.977,1.401,0.424,-82.69063889,28.92527778,285531082412600,USGS,IAN,2022,9060.0
2022-10-01 08:00:00,1.507,1.817,0.31,-82.69063889,28.92527778,285531082412600,USGS,IAN,2022,9120.0
2022-10-01 09:00:00,1.877,1.976,0.0989999999999999,-82.69063889,28.92527778,285531082412600,USGS,IAN,2022,9180.0
2022-10-01 10:00:00,1.977,1.702,-0.2750000000000001,-82.69063889,28.92527778,285531082412600,USGS,IAN,2022,9240.0
2022-10-01 11:00:00,1.657,1.329,-0.328,-82.69063889,28.92527778,285531082412600,USGS,IAN,2022,9300.0
2022-10-01 12:00:00,1.167,0.817,-0.3500000000000001,-82.69063889,28.92527778,285531082412600,USGS,IAN,2022,9360.0
2022-10-01 13:00:00,0.627,0.302,-0.325,-82.69063889,28.92527778,285531082412600,USGS,IAN,2022,9420.0
2022-10-01 14:00:00,0.047,-0.204,-0.251,-82.69063889,28.92527778,285531082412600,USGS,IAN,2022,9480.0
2022-10-01 15:00:00,-0.464,-0.651,-0.187,-82.69063889,28.92527778,285531082412600,USGS,IAN,2022,9540.0
2022-10-01 16:00:00,-0.904,-1.062,-0.158,-82.69063889,28.92527778,285531082412600,USGS,IAN,2022,9600.0
2022-10-01 17:00:00,-1.233,-1.236,-0.0029999999999998,-82.69063889,28.92527778,285531082412600,USGS,IAN,2022,9660.0
2022-10-01 18:00:00,-1.323,-1.444,-0.121,-82.69063889,28.92527778,285531082412600,USGS,IAN,2022,9720.0
2022-10-01 19:00:00,-0.844,-1.449,-0.6050000000000001,-82.69063889,28.92527778,285531082412600,USGS,IAN,2022,9780.0
2022-10-01 20:00:00,-0.314,-0.969,-0.655,-82.69063889,28.92527778,285531082412600,USGS,IAN,2022,9840.0
2022-10-01 21:00:00,0.397,-0.492,-0.889,-82.69063889,28.92527778,285531082412600,USGS,IAN,2022,9900.0
2022-10-01 22:00:00,1.006,-0.061,-1.067,-82.69063889,28.92527778,285531082412600,USGS,IAN,2022,9960.0
2022-10-01 23:00:00,1.347,0.283,-1.064,-82.69063889,28.92527778,285531082412600,USGS,IAN,2022,10020.0
2022-09-25 01:00:00,0.173,-0.19,-0.363,-89.9405,29.324722,291929089562600,USGS,IAN,2022,60.0
2022-09-25 02:00:00,0.183,-0.197,-0.38,-89.9405,29.324722,291929089562600,USGS,IAN,2022,120.0
2022-09-25 03:00:00,0.293,-0.178,-0.471,-89.9405,29.324722,291929089562600,USGS,IAN,2022,180.0
2022-09-25 04:00:00,0.403,-0.151,-0.554,-89.9405,29.324722,291929089562600,USGS,IAN,2022,240.0
2022-09-25 05:00:00,0.453,-0.138,-0.591,-89.9405,29.324722,291929089562600,USGS,IAN,2022,300.0
2022-09-25 06:00:00,0.523,-0.132,-0.655,-89.9405,29.324722,291929089562600,USGS,IAN,2022,360.0
2022-09-25 07:00:00,0.543,-0.113,-0.656,-89.9405,29.324722,291929089562600,USGS,IAN,2022,420.0
2022-09-25 08:00:00,0.553,-0.094,-0.647,-89.9405,29.324722,291929089562600,USGS,IAN,2022,480.0
2022-09-25 09:00:00,0.523,-0.082,-0.605,-89.9405,29.324722,291929089562600,USGS,IAN,2022,540.0
2022-09-25 10:00:00,0.583,-0.056,-0.639,-89.9405,29.324722,291929089562600,USGS,IAN,2022,600.0
2022-09-25 11:00:00,0.573,0.002,-0.571,-89.9405,29.324722,291929089562600,USGS,IAN,2022,660.0
2022-09-25 12:00:00,0.643,0.065,-0.5780000000000001,-89.9405,29.324722,291929089562600,USGS,IAN,2022,720.0
2022-09-25 13:00:00,0.643,0.117,-0.526,-89.9405,29.324722,291929089562600,USGS,IAN,2022,780.0
2022-09-25 14:00:00,0.703,0.154,-0.5489999999999999,-89.9405,29.324722,291929089562600,USGS,IAN,2022,840.0
2022-09-25 15:00:00,0.733,0.2,-0.5329999999999999,-89.9405,29.324722,291929089562600,USGS,IAN,2022,900.0
2022-09-25 16:00:00,0.783,0.236,-0.547,-89.9405,29.324722,291929089562600,USGS,IAN,2022,960.0
2022-09-25 17:00:00,0.753,0.245,-0.508,-89.9405,29.324722,291929089562600,USGS,IAN,2022,1020.0
2022-09-25 18:00:00,0.733,0.211,-0.522,-89.9405,29.324722,291929089562600,USGS,IAN,2022,1080.0
2022-09-25 19:00:00,0.693,0.174,-0.5189999999999999,-89.9405,29.324722,291929089562600,USGS,IAN,2022,1140.0
2022-09-25 20:00:00,0.633,0.124,-0.509,-89.9405,29.324722,291929089562600,USGS,IAN,2022,1200.0
2022-09-25 21:00:00,0.553,0.07,-0.483,-89.9405,29.324722,291929089562600,USGS,IAN,2022,1260.0
2022-09-25 22:00:00,0.503,0.018,-0.485,-89.9405,29.324722,291929089562600,USGS,IAN,2022,1320.0
2022-09-25 23:00:00,0.463,-0.01,-0.473,-89.9405,29.324722,291929089562600,USGS,IAN,2022,1380.0
2022-09-26 00:00:00,0.503,-0.01,-0.513,-89.9405,29.324722,291929089562600,USGS,IAN,2022,1440.0
2022-09-26 01:00:00,0.543,-0.019,-0.562,-89.9405,29.324722,291929089562600,USGS,IAN,2022,1500.0
2022-09-26 02:00:00,0.613,-0.039,-0.652,-89.9405,29.324722,291929089562600,USGS,IAN,2022,1560.0
2022-09-26 03:00:00,0.683,-0.038,-0.7210000000000001,-89.9405,29.324722,291929089562600,USGS,IAN,2022,1620.0
2022-09-26 04:00:00,0.743,-0.034,-0.777,-89.9405,29.324722,291929089562600,USGS,IAN,2022,1680.0
2022-09-26 05:00:00,0.793,-0.028,-0.8210000000000001,-89.9405,29.324722,291929089562600,USGS,IAN,2022,1740.0
2022-09-26 06:00:00,0.843,-0.055,-0.898,-89.9405,29.324722,291929089562600,USGS,IAN,2022,1800.0
2022-09-26 07:00:00,0.853,-0.094,-0.947,-89.9405,29.324722,291929089562600,USGS,IAN,2022,1860.0
2022-09-26 08:00:00,0.823,-0.13,-0.953,-89.9405,29.324722,291929089562600,USGS,IAN,2022,1920.0
2022-09-26 09:00:00,0.783,-0.154,-0.937,-89.9405,29.324722,291929089562600,USGS,IAN,2022,1980.0
2022-09-26 10:00:00,0.733,-0.178,-0.911,-89.9405,29.324722,291929089562600,USGS,IAN,2022,2040.0
2022-09-26 11:00:00,0.743,-0.175,-0.918,-89.9405,29.324722,291929089562600,USGS,IAN,2022,2100.0
2022-09-26 12:00:00,0.733,-0.127,-0.86,-89.9405,29.324722,291929089562600,USGS,IAN,2022,2160.0
2022-09-26 13:00:00,0.793,-0.08,-0.873,-89.9405,29.324722,291929089562600,USGS,IAN,2022,2220.0
2022-09-26 14:00:00,0.763,-0.037,-0.8,-89.9405,29.324722,291929089562600,USGS,IAN,2022,2280.0
2022-09-26 15:00:00,0.783,0.013,-0.77,-89.9405,29.324722,291929089562600,USGS,IAN,2022,2340.0
2022-09-26 16:00:00,0.813,0.065,-0.748,-89.9405,29.324722,291929089562600,USGS,IAN,2022,2400.0
2022-09-26 17:00:00,0.873,0.109,-0.764,-89.9405,29.324722,291929089562600,USGS,IAN,2022,2460.0
2022-09-26 18:00:00,0.893,0.131,-0.762,-89.9405,29.324722,291929089562600,USGS,IAN,2022,2520.0
2022-09-26 19:00:00,0.883,0.124,-0.759,-89.9405,29.324722,291929089562600,USGS,IAN,2022,2580.0
2022-09-26 20:00:00,0.823,0.12,-0.703,-89.9405,29.324722,291929089562600,USGS,IAN,2022,2640.0
2022-09-26 21:00:00,0.863,0.119,-0.744,-89.9405,29.324722,291929089562600,USGS,IAN,2022,2700.0
2022-09-26 22:00:00,0.803,0.11,-0.6930000000000001,-89.9405,29.324722,291929089562600,USGS,IAN,2022,2760.0
2022-09-26 23:00:00,0.783,0.112,-0.671,-89.9405,29.324722,291929089562600,USGS,IAN,2022,2820.0
2022-09-27 00:00:00,0.803,0.135,-0.668,-89.9405,29.324722,291929089562600,USGS,IAN,2022,2880.0
2022-09-27 01:00:00,0.693,0.168,-0.5249999999999999,-89.9405,29.324722,291929089562600,USGS,IAN,2022,2940.0
2022-09-27 02:00:00,0.673,0.182,-0.491,-89.9405,29.324722,291929089562600,USGS,IAN,2022,3000.0
2022-09-27 03:00:00,0.653,0.186,-0.467,-89.9405,29.324722,291929089562600,USGS,IAN,2022,3060.0
2022-09-27 04:00:00,0.643,0.177,-0.466,-89.9405,29.324722,291929089562600,USGS,IAN,2022,3120.0
2022-09-27 05:00:00,0.623,0.154,-0.469,-89.9405,29.324722,291929089562600,USGS,IAN,2022,3180.0
2022-09-27 06:00:00,0.443,0.107,-0.336,-89.9405,29.324722,291929089562600,USGS,IAN,2022,3240.0
2022-09-27 07:00:00,0.443,0.027,-0.416,-89.9405,29.324722,291929089562600,USGS,IAN,2022,3300.0
2022-09-27 08:00:00,0.323,-0.067,-0.39,-89.9405,29.324722,291929089562600,USGS,IAN,2022,3360.0
2022-09-27 09:00:00,0.203,-0.144,-0.347,-89.9405,29.324722,291929089562600,USGS,IAN,2022,3420.0
2022-09-27 10:00:00,-0.027,-0.208,-0.181,-89.9405,29.324722,291929089562600,USGS,IAN,2022,3480.0
2022-09-27 11:00:00,-0.007,-0.266,-0.259,-89.9405,29.324722,291929089562600,USGS,IAN,2022,3540.0
2022-09-27 12:00:00,0.153,-0.301,-0.4539999999999999,-89.9405,29.324722,291929089562600,USGS,IAN,2022,3600.0
2022-09-27 13:00:00,0.303,-0.29,-0.593,-89.9405,29.324722,291929089562600,USGS,IAN,2022,3660.0
2022-09-27 14:00:00,0.133,-0.275,-0.408,-89.9405,29.324722,291929089562600,USGS,IAN,2022,3720.0
2022-09-27 15:00:00,0.343,-0.255,-0.5980000000000001,-89.9405,29.324722,291929089562600,USGS,IAN,2022,3780.0
2022-09-27 16:00:00,0.113,-0.214,-0.327,-89.9405,29.324722,291929089562600,USGS,IAN,2022,3840.0
2022-09-27 17:00:00,0.333,-0.139,-0.472,-89.9405,29.324722,291929089562600,USGS,IAN,2022,3900.0
2022-09-27 18:00:00,0.533,-0.056,-0.5890000000000001,-89.9405,29.324722,291929089562600,USGS,IAN,2022,3960.0
2022-09-27 19:00:00,0.493,0.004,-0.489,-89.9405,29.324722,291929089562600,USGS,IAN,2022,4020.0
2022-09-27 20:00:00,0.413,0.047,-0.366,-89.9405,29.324722,291929089562600,USGS,IAN,2022,4080.0
2022-09-27 21:00:00,0.553,0.106,-0.447,-89.9405,29.324722,291929089562600,USGS,IAN,2022,4140.0
2022-09-27 22:00:00,0.603,0.174,-0.429,-89.9405,29.324722,291929089562600,USGS,IAN,2022,4200.0
2022-09-27 23:00:00,0.703,0.227,-0.476,-89.9405,29.324722,291929089562600,USGS,IAN,2022,4260.0
2022-09-28 00:00:00,0.703,0.281,-0.4219999999999999,-89.9405,29.324722,291929089562600,USGS,IAN,2022,4320.0
2022-09-28 01:00:00,0.753,0.354,-0.399,-89.9405,29.324722,291929089562600,USGS,IAN,2022,4380.0
2022-09-28 02:00:00,0.913,0.405,-0.508,-89.9405,29.324722,291929089562600,USGS,IAN,2022,4440.0
2022-09-28 03:00:00,0.823,0.415,-0.408,-89.9405,29.324722,291929089562600,USGS,IAN,2022,4500.0
2022-09-28 04:00:00,0.693,0.403,-0.2899999999999999,-89.9405,29.324722,291929089562600,USGS,IAN,2022,4560.0
2022-09-28 05:00:00,0.943,0.377,-0.566,-89.9405,29.324722,291929089562600,USGS,IAN,2022,4620.0
2022-09-28 06:00:00,0.913,0.321,-0.5920000000000001,-89.9405,29.324722,291929089562600,USGS,IAN,2022,4680.0
2022-09-28 07:00:00,0.783,0.224,-0.559,-89.9405,29.324722,291929089562600,USGS,IAN,2022,4740.0
2022-09-28 08:00:00,0.943,0.095,-0.848,-89.9405,29.324722,291929089562600,USGS,IAN,2022,4800.0
2022-09-28 09:00:00,0.833,-0.029,-0.862,-89.9405,29.324722,291929089562600,USGS,IAN,2022,4860.0
2022-09-28 10:00:00,0.443,-0.13,-0.573,-89.9405,29.324722,291929089562600,USGS,IAN,2022,4920.0
2022-09-28 11:00:00,0.303,-0.231,-0.534,-89.9405,29.324722,291929089562600,USGS,IAN,2022,4980.0
2022-09-28 12:00:00,0.203,-0.324,-0.527,-89.9405,29.324722,291929089562600,USGS,IAN,2022,5040.0
2022-09-28 13:00:00,0.043,-0.378,-0.421,-89.9405,29.324722,291929089562600,USGS,IAN,2022,5100.0
2022-09-28 14:00:00,-0.207,-0.393,-0.186,-89.9405,29.324722,291929089562600,USGS,IAN,2022,5160.0
2022-09-28 15:00:00,0.033,-0.401,-0.434,-89.9405,29.324722,291929089562600,USGS,IAN,2022,5220.0
2022-09-28 16:00:00,-0.437,-0.404,0.0329999999999999,-89.9405,29.324722,291929089562600,USGS,IAN,2022,5280.0
2022-09-28 17:00:00,0.123,-0.362,-0.485,-89.9405,29.324722,291929089562600,USGS,IAN,2022,5340.0
2022-09-28 18:00:00,0.083,-0.284,-0.367,-89.9405,29.324722,291929089562600,USGS,IAN,2022,5400.0
2022-09-28 19:00:00,0.223,-0.21,-0.433,-89.9405,29.324722,291929089562600,USGS,IAN,2022,5460.0
2022-09-28 20:00:00,0.553,-0.14,-0.6930000000000001,-89.9405,29.324722,291929089562600,USGS,IAN,2022,5520.0
2022-09-28 21:00:00,0.173,-0.067,-0.24,-89.9405,29.324722,291929089562600,USGS,IAN,2022,5580.0
2022-09-28 22:00:00,0.753,0.05,-0.703,-89.9405,29.324722,291929089562600,USGS,IAN,2022,5640.0
2022-09-28 23:00:00,0.623,0.184,-0.439,-89.9405,29.324722,291929089562600,USGS,IAN,2022,5700.0
2022-09-29 00:00:00,0.853,0.276,-0.577,-89.9405,29.324722,291929089562600,USGS,IAN,2022,5760.0
2022-09-29 01:00:00,0.863,0.382,-0.481,-89.9405,29.324722,291929089562600,USGS,IAN,2022,5820.0
2022-09-29 02:00:00,1.083,0.49,-0.593,-89.9405,29.324722,291929089562600,USGS,IAN,2022,5880.0
2022-09-29 03:00:00,0.913,0.542,-0.371,-89.9405,29.324722,291929089562600,USGS,IAN,2022,5940.0
2022-09-29 04:00:00,0.843,0.549,-0.2939999999999999,-89.9405,29.324722,291929089562600,USGS,IAN,2022,6000.0
2022-09-29 05:00:00,1.153,0.55,-0.603,-89.9405,29.324722,291929089562600,USGS,IAN,2022,6060.0
2022-09-29 06:00:00,0.713,0.53,-0.1829999999999999,-89.9405,29.324722,291929089562600,USGS,IAN,2022,6120.0
2022-09-29 07:00:00,1.053,0.45,-0.603,-89.9405,29.324722,291929089562600,USGS,IAN,2022,6180.0
2022-09-29 08:00:00,0.783,0.316,-0.467,-89.9405,29.324722,291929089562600,USGS,IAN,2022,6240.0
2022-09-29 09:00:00,0.383,0.156,-0.227,-89.9405,29.324722,291929089562600,USGS,IAN,2022,6300.0
2022-09-29 10:00:00,0.323,-0.002,-0.325,-89.9405,29.324722,291929089562600,USGS,IAN,2022,6360.0
2022-09-29 11:00:00,0.343,-0.138,-0.481,-89.9405,29.324722,291929089562600,USGS,IAN,2022,6420.0
2022-09-29 12:00:00,-0.097,-0.254,-0.157,-89.9405,29.324722,291929089562600,USGS,IAN,2022,6480.0
2022-09-29 13:00:00,-0.117,-0.366,-0.249,-89.9405,29.324722,291929089562600,USGS,IAN,2022,6540.0
2022-09-29 14:00:00,0.033,-0.457,-0.49,-89.9405,29.324722,291929089562600,USGS,IAN,2022,6600.0
2022-09-29 15:00:00,-0.177,-0.512,-0.335,-89.9405,29.324722,291929089562600,USGS,IAN,2022,6660.0
2022-09-29 16:00:00,-0.407,-0.552,-0.145,-89.9405,29.324722,291929089562600,USGS,IAN,2022,6720.0
2022-09-29 17:00:00,-0.347,-0.578,-0.2309999999999999,-89.9405,29.324722,291929089562600,USGS,IAN,2022,6780.0
2022-09-29 18:00:00,-0.367,-0.556,-0.189,-89.9405,29.324722,291929089562600,USGS,IAN,2022,6840.0
2022-09-29 19:00:00,-0.277,-0.479,-0.2019999999999999,-89.9405,29.324722,291929089562600,USGS,IAN,2022,6900.0
2022-09-29 20:00:00,-0.237,-0.374,-0.137,-89.9405,29.324722,291929089562600,USGS,IAN,2022,6960.0
2022-09-29 21:00:00,-0.157,-0.297,-0.1399999999999999,-89.9405,29.324722,291929089562600,USGS,IAN,2022,7020.0
2022-09-29 22:00:00,-0.187,-0.192,-0.005,-89.9405,29.324722,291929089562600,USGS,IAN,2022,7080.0
2022-09-29 23:00:00,0.103,-0.057,-0.16,-89.9405,29.324722,291929089562600,USGS,IAN,2022,7140.0
2022-09-30 00:00:00,0.203,0.088,-0.115,-89.9405,29.324722,291929089562600,USGS,IAN,2022,7200.0
2022-09-30 01:00:00,0.293,0.211,-0.0819999999999999,-89.9405,29.324722,291929089562600,USGS,IAN,2022,7260.0
2022-09-30 02:00:00,0.293,0.328,0.035,-89.9405,29.324722,291929089562600,USGS,IAN,2022,7320.0
2022-09-30 03:00:00,0.543,0.446,-0.097,-89.9405,29.324722,291929089562600,USGS,IAN,2022,7380.0
2022-09-30 04:00:00,0.593,0.52,-0.0729999999999999,-89.9405,29.324722,291929089562600,USGS,IAN,2022,7440.0
2022-09-30 05:00:00,0.763,0.539,-0.2239999999999999,-89.9405,29.324722,291929089562600,USGS,IAN,2022,7500.0
2022-09-30 06:00:00,0.703,0.525,-0.1779999999999999,-89.9405,29.324722,291929089562600,USGS,IAN,2022,7560.0
2022-09-30 07:00:00,0.793,0.483,-0.31,-89.9405,29.324722,291929089562600,USGS,IAN,2022,7620.0
2022-09-30 08:00:00,0.643,0.397,-0.246,-89.9405,29.324722,291929089562600,USGS,IAN,2022,7680.0
2022-09-30 09:00:00,0.423,0.255,-0.1679999999999999,-89.9405,29.324722,291929089562600,USGS,IAN,2022,7740.0
2022-09-30 10:00:00,0.393,0.092,-0.301,-89.9405,29.324722,291929089562600,USGS,IAN,2022,7800.0
2022-09-30 11:00:00,-0.257,-0.064,0.193,-89.9405,29.324722,291929089562600,USGS,IAN,2022,7860.0
2022-09-30 12:00:00,-0.227,-0.203,0.0239999999999999,-89.9405,29.324722,291929089562600,USGS,IAN,2022,7920.0
2022-09-30 13:00:00,-0.477,-0.34,0.1369999999999999,-89.9405,29.324722,291929089562600,USGS,IAN,2022,7980.0
2022-09-30 14:00:00,-0.737,-0.466,0.2709999999999999,-89.9405,29.324722,291929089562600,USGS,IAN,2022,8040.0
2022-09-30 15:00:00,-0.667,-0.561,0.1059999999999999,-89.9405,29.324722,291929089562600,USGS,IAN,2022,8100.0
2022-09-30 16:00:00,-0.777,-0.631,0.146,-89.9405,29.324722,291929089562600,USGS,IAN,2022,8160.0
2022-09-30 17:00:00,-0.737,-0.687,0.0499999999999999,-89.9405,29.324722,291929089562600,USGS,IAN,2022,8220.0
2022-09-30 18:00:00,-0.777,-0.717,0.06,-89.9405,29.324722,291929089562600,USGS,IAN,2022,8280.0
2022-09-30 19:00:00,-0.737,-0.698,0.039,-89.9405,29.324722,291929089562600,USGS,IAN,2022,8340.0
2022-09-30 20:00:00,-0.697,-0.615,0.0819999999999999,-89.9405,29.324722,291929089562600,USGS,IAN,2022,8400.0
2022-09-30 21:00:00,-0.557,-0.488,0.069,-89.9405,29.324722,291929089562600,USGS,IAN,2022,8460.0
2022-09-30 22:00:00,-0.397,-0.376,0.021,-89.9405,29.324722,291929089562600,USGS,IAN,2022,8520.0
2022-09-30 23:00:00,-0.157,-0.229,-0.072,-89.9405,29.324722,291929089562600,USGS,IAN,2022,8580.0
2022-10-01 00:00:00,0.003,-0.048,-0.051,-89.9405,29.324722,291929089562600,USGS,IAN,2022,8640.0
2022-10-01 01:00:00,0.123,0.125,0.002,-89.9405,29.324722,291929089562600,USGS,IAN,2022,8700.0
2022-10-01 02:00:00,0.313,0.27,-0.0429999999999999,-89.9405,29.324722,291929089562600,USGS,IAN,2022,8760.0
2022-10-01 03:00:00,0.473,0.426,-0.0469999999999999,-89.9405,29.324722,291929089562600,USGS,IAN,2022,8820.0
2022-10-01 04:00:00,0.613,0.56,-0.0529999999999999,-89.9405,29.324722,291929089562600,USGS,IAN,2022,8880.0
2022-10-01 05:00:00,0.723,0.633,-0.0899999999999999,-89.9405,29.324722,291929089562600,USGS,IAN,2022,8940.0
2022-10-01 06:00:00,0.803,0.65,-0.153,-89.9405,29.324722,291929089562600,USGS,IAN,2022,9000.0
2022-10-01 07:00:00,0.823,0.631,-0.1919999999999999,-89.9405,29.324722,291929089562600,USGS,IAN,2022,9060.0
2022-10-01 08:00:00,0.823,0.583,-0.24,-89.9405,29.324722,291929089562600,USGS,IAN,2022,9120.0
2022-10-01 09:00:00,0.753,0.496,-0.257,-89.9405,29.324722,291929089562600,USGS,IAN,2022,9180.0
2022-10-01 10:00:00,0.613,0.346,-0.267,-89.9405,29.324722,291929089562600,USGS,IAN,2022,9240.0
2022-10-01 11:00:00,0.433,0.166,-0.267,-89.9405,29.324722,291929089562600,USGS,IAN,2022,9300.0
2022-10-01 12:00:00,0.243,-0.005,-0.248,-89.9405,29.324722,291929089562600,USGS,IAN,2022,9360.0
2022-10-01 13:00:00,-0.027,-0.171,-0.144,-89.9405,29.324722,291929089562600,USGS,IAN,2022,9420.0
2022-10-01 14:00:00,-0.217,-0.334,-0.117,-89.9405,29.324722,291929089562600,USGS,IAN,2022,9480.0
2022-10-01 15:00:00,-0.317,-0.478,-0.1609999999999999,-89.9405,29.324722,291929089562600,USGS,IAN,2022,9540.0
2022-10-01 16:00:00,-0.407,-0.597,-0.19,-89.9405,29.324722,291929089562600,USGS,IAN,2022,9600.0
2022-10-01 17:00:00,-0.497,-0.69,-0.1929999999999999,-89.9405,29.324722,291929089562600,USGS,IAN,2022,9660.0
2022-10-01 18:00:00,-0.547,-0.759,-0.2119999999999999,-89.9405,29.324722,291929089562600,USGS,IAN,2022,9720.0
2022-10-01 19:00:00,-0.547,-0.805,-0.258,-89.9405,29.324722,291929089562600,USGS,IAN,2022,9780.0
2022-10-01 20:00:00,-0.497,-0.79,-0.293,-89.9405,29.324722,291929089562600,USGS,IAN,2022,9840.0
2022-10-01 21:00:00,-0.327,-0.695,-0.3679999999999999,-89.9405,29.324722,291929089562600,USGS,IAN,2022,9900.0
2022-10-01 22:00:00,-0.177,-0.568,-0.3909999999999999,-89.9405,29.324722,291929089562600,USGS,IAN,2022,9960.0
2022-10-01 23:00:00,-0.027,-0.434,-0.407,-89.9405,29.324722,291929089562600,USGS,IAN,2022,10020.0
2022-09-25 01:00:00,0.656,0.067,-0.589,-90.1,29.466667,292800090060000,USGS,IAN,2022,60.0
2022-09-25 02:00:00,0.616,0.022,-0.594,-90.1,29.466667,292800090060000,USGS,IAN,2022,120.0
2022-09-25 03:00:00,0.636,-0.022,-0.658,-90.1,29.466667,292800090060000,USGS,IAN,2022,180.0
2022-09-25 04:00:00,0.676,-0.06,-0.736,-90.1,29.466667,292800090060000,USGS,IAN,2022,240.0
2022-09-25 05:00:00,0.756,-0.095,-0.851,-90.1,29.466667,292800090060000,USGS,IAN,2022,300.0
2022-09-25 06:00:00,0.806,-0.118,-0.924,-90.1,29.466667,292800090060000,USGS,IAN,2022,360.0
2022-09-25 07:00:00,0.856,-0.133,-0.989,-90.1,29.466667,292800090060000,USGS,IAN,2022,420.0
2022-09-25 08:00:00,0.896,-0.134,-1.03,-90.1,29.466667,292800090060000,USGS,IAN,2022,480.0
2022-09-25 09:00:00,0.916,-0.127,-1.043,-90.1,29.466667,292800090060000,USGS,IAN,2022,540.0
2022-09-25 10:00:00,0.936,-0.117,-1.0530000000000002,-90.1,29.466667,292800090060000,USGS,IAN,2022,600.0
2022-09-25 11:00:00,0.916,-0.105,-1.021,-90.1,29.466667,292800090060000,USGS,IAN,2022,660.0
2022-09-25 12:00:00,0.936,-0.086,-1.022,-90.1,29.466667,292800090060000,USGS,IAN,2022,720.0
2022-09-25 13:00:00,0.936,-0.059,-0.995,-90.1,29.466667,292800090060000,USGS,IAN,2022,780.0
2022-09-25 14:00:00,0.966,-0.026,-0.992,-90.1,29.466667,292800090060000,USGS,IAN,2022,840.0
2022-09-25 15:00:00,1.006,0.011,-0.995,-90.1,29.466667,292800090060000,USGS,IAN,2022,900.0
2022-09-25 16:00:00,1.026,0.048,-0.978,-90.1,29.466667,292800090060000,USGS,IAN,2022,960.0
2022-09-25 17:00:00,1.066,0.088,-0.978,-90.1,29.466667,292800090060000,USGS,IAN,2022,1020.0
2022-09-25 18:00:00,1.086,0.131,-0.955,-90.1,29.466667,292800090060000,USGS,IAN,2022,1080.0
2022-09-25 19:00:00,1.096,0.164,-0.932,-90.1,29.466667,292800090060000,USGS,IAN,2022,1140.0
2022-09-25 20:00:00,1.066,0.193,-0.873,-90.1,29.466667,292800090060000,USGS,IAN,2022,1200.0
2022-09-25 21:00:00,1.056,0.196,-0.8600000000000001,-90.1,29.466667,292800090060000,USGS,IAN,2022,1260.0
2022-09-25 22:00:00,1.026,0.177,-0.849,-90.1,29.466667,292800090060000,USGS,IAN,2022,1320.0
2022-09-25 23:00:00,0.966,0.15,-0.816,-90.1,29.466667,292800090060000,USGS,IAN,2022,1380.0
2022-09-26 00:00:00,0.906,0.121,-0.785,-90.1,29.466667,292800090060000,USGS,IAN,2022,1440.0
2022-09-26 01:00:00,0.886,0.092,-0.794,-90.1,29.466667,292800090060000,USGS,IAN,2022,1500.0
2022-09-26 02:00:00,0.896,0.061,-0.835,-90.1,29.466667,292800090060000,USGS,IAN,2022,1560.0
2022-09-26 03:00:00,0.926,0.031,-0.895,-90.1,29.466667,292800090060000,USGS,IAN,2022,1620.0
2022-09-26 04:00:00,0.966,0.003,-0.963,-90.1,29.466667,292800090060000,USGS,IAN,2022,1680.0
2022-09-26 05:00:00,1.026,-0.019,-1.045,-90.1,29.466667,292800090060000,USGS,IAN,2022,1740.0
2022-09-26 06:00:00,1.066,-0.035,-1.101,-90.1,29.466667,292800090060000,USGS,IAN,2022,1800.0
2022-09-26 07:00:00,1.116,-0.042,-1.158,-90.1,29.466667,292800090060000,USGS,IAN,2022,1860.0
2022-09-26 08:00:00,1.136,-0.056,-1.192,-90.1,29.466667,292800090060000,USGS,IAN,2022,1920.0
2022-09-26 09:00:00,1.146,-0.072,-1.218,-90.1,29.466667,292800090060000,USGS,IAN,2022,1980.0
2022-09-26 10:00:00,1.146,-0.095,-1.241,-90.1,29.466667,292800090060000,USGS,IAN,2022,2040.0
2022-09-26 11:00:00,1.116,-0.115,-1.231,-90.1,29.466667,292800090060000,USGS,IAN,2022,2100.0
2022-09-26 12:00:00,1.096,-0.136,-1.2320000000000002,-90.1,29.466667,292800090060000,USGS,IAN,2022,2160.0
2022-09-26 13:00:00,1.036,-0.153,-1.189,-90.1,29.466667,292800090060000,USGS,IAN,2022,2220.0
2022-09-26 14:00:00,0.996,-0.153,-1.149,-90.1,29.466667,292800090060000,USGS,IAN,2022,2280.0
2022-09-26 15:00:00,0.996,-0.136,-1.132,-90.1,29.466667,292800090060000,USGS,IAN,2022,2340.0
2022-09-26 16:00:00,0.986,-0.114,-1.1,-90.1,29.466667,292800090060000,USGS,IAN,2022,2400.0
2022-09-26 17:00:00,1.056,-0.082,-1.138,-90.1,29.466667,292800090060000,USGS,IAN,2022,2460.0
2022-09-26 18:00:00,1.056,-0.05,-1.106,-90.1,29.466667,292800090060000,USGS,IAN,2022,2520.0
2022-09-26 19:00:00,1.086,-0.012,-1.098,-90.1,29.466667,292800090060000,USGS,IAN,2022,2580.0
2022-09-26 20:00:00,1.126,0.026,-1.1,-90.1,29.466667,292800090060000,USGS,IAN,2022,2640.0
2022-09-26 21:00:00,1.186,0.06,-1.126,-90.1,29.466667,292800090060000,USGS,IAN,2022,2700.0
2022-09-26 22:00:00,1.206,0.089,-1.117,-90.1,29.466667,292800090060000,USGS,IAN,2022,2760.0
2022-09-26 23:00:00,1.156,0.108,-1.0479999999999998,-90.1,29.466667,292800090060000,USGS,IAN,2022,2820.0
2022-09-27 00:00:00,1.046,0.116,-0.93,-90.1,29.466667,292800090060000,USGS,IAN,2022,2880.0
2022-09-27 01:00:00,1.026,0.12,-0.906,-90.1,29.466667,292800090060000,USGS,IAN,2022,2940.0
2022-09-27 02:00:00,0.956,0.132,-0.824,-90.1,29.466667,292800090060000,USGS,IAN,2022,3000.0
2022-09-27 03:00:00,1.036,0.152,-0.884,-90.1,29.466667,292800090060000,USGS,IAN,2022,3060.0
2022-09-27 04:00:00,1.066,0.173,-0.893,-90.1,29.466667,292800090060000,USGS,IAN,2022,3120.0
2022-09-27 05:00:00,1.076,0.187,-0.889,-90.1,29.466667,292800090060000,USGS,IAN,2022,3180.0
2022-09-27 06:00:00,1.046,0.188,-0.8580000000000001,-90.1,29.466667,292800090060000,USGS,IAN,2022,3240.0
2022-09-27 07:00:00,0.986,0.176,-0.81,-90.1,29.466667,292800090060000,USGS,IAN,2022,3300.0
2022-09-27 08:00:00,0.986,0.154,-0.832,-90.1,29.466667,292800090060000,USGS,IAN,2022,3360.0
2022-09-27 09:00:00,0.876,0.128,-0.748,-90.1,29.466667,292800090060000,USGS,IAN,2022,3420.0
2022-09-27 10:00:00,0.816,0.092,-0.724,-90.1,29.466667,292800090060000,USGS,IAN,2022,3480.0
2022-09-27 11:00:00,0.776,0.054,-0.722,-90.1,29.466667,292800090060000,USGS,IAN,2022,3540.0
2022-09-27 12:00:00,0.676,0.009,-0.667,-90.1,29.466667,292800090060000,USGS,IAN,2022,3600.0
2022-09-27 13:00:00,0.596,-0.035,-0.631,-90.1,29.466667,292800090060000,USGS,IAN,2022,3660.0
2022-09-27 14:00:00,0.596,-0.074,-0.6699999999999999,-90.1,29.466667,292800090060000,USGS,IAN,2022,3720.0
2022-09-27 15:00:00,0.576,-0.116,-0.692,-90.1,29.466667,292800090060000,USGS,IAN,2022,3780.0
2022-09-27 16:00:00,0.606,-0.153,-0.759,-90.1,29.466667,292800090060000,USGS,IAN,2022,3840.0
2022-09-27 17:00:00,0.596,-0.183,-0.7789999999999999,-90.1,29.466667,292800090060000,USGS,IAN,2022,3900.0
2022-09-27 18:00:00,0.686,-0.2,-0.8860000000000001,-90.1,29.466667,292800090060000,USGS,IAN,2022,3960.0
2022-09-27 19:00:00,0.646,-0.188,-0.8340000000000001,-90.1,29.466667,292800090060000,USGS,IAN,2022,4020.0
2022-09-27 20:00:00,0.706,-0.163,-0.869,-90.1,29.466667,292800090060000,USGS,IAN,2022,4080.0
2022-09-27 21:00:00,0.756,-0.132,-0.888,-90.1,29.466667,292800090060000,USGS,IAN,2022,4140.0
2022-09-27 22:00:00,0.786,-0.094,-0.88,-90.1,29.466667,292800090060000,USGS,IAN,2022,4200.0
2022-09-27 23:00:00,0.856,-0.055,-0.911,-90.1,29.466667,292800090060000,USGS,IAN,2022,4260.0
2022-09-28 00:00:00,0.836,-0.009,-0.845,-90.1,29.466667,292800090060000,USGS,IAN,2022,4320.0
2022-09-28 01:00:00,0.816,0.04,-0.7759999999999999,-90.1,29.466667,292800090060000,USGS,IAN,2022,4380.0
2022-09-28 02:00:00,0.866,0.094,-0.772,-90.1,29.466667,292800090060000,USGS,IAN,2022,4440.0
2022-09-28 03:00:00,0.826,0.147,-0.6789999999999999,-90.1,29.466667,292800090060000,USGS,IAN,2022,4500.0
2022-09-28 04:00:00,0.786,0.202,-0.5840000000000001,-90.1,29.466667,292800090060000,USGS,IAN,2022,4560.0
2022-09-28 05:00:00,0.876,0.255,-0.621,-90.1,29.466667,292800090060000,USGS,IAN,2022,4620.0
2022-09-28 06:00:00,0.926,0.302,-0.6240000000000001,-90.1,29.466667,292800090060000,USGS,IAN,2022,4680.0
2022-09-28 07:00:00,0.956,0.332,-0.6239999999999999,-90.1,29.466667,292800090060000,USGS,IAN,2022,4740.0
2022-09-28 08:00:00,0.946,0.333,-0.613,-90.1,29.466667,292800090060000,USGS,IAN,2022,4800.0
2022-09-28 09:00:00,0.966,0.304,-0.6619999999999999,-90.1,29.466667,292800090060000,USGS,IAN,2022,4860.0
2022-09-28 10:00:00,0.886,0.265,-0.621,-90.1,29.466667,292800090060000,USGS,IAN,2022,4920.0
2022-09-28 11:00:00,0.866,0.22,-0.646,-90.1,29.466667,292800090060000,USGS,IAN,2022,4980.0
2022-09-28 12:00:00,0.776,0.175,-0.601,-90.1,29.466667,292800090060000,USGS,IAN,2022,5040.0
2022-09-28 13:00:00,0.706,0.128,-0.578,-90.1,29.466667,292800090060000,USGS,IAN,2022,5100.0
2022-09-28 14:00:00,0.566,0.075,-0.4909999999999999,-90.1,29.466667,292800090060000,USGS,IAN,2022,5160.0
2022-09-28 15:00:00,0.566,0.018,-0.5479999999999999,-90.1,29.466667,292800090060000,USGS,IAN,2022,5220.0
2022-09-28 16:00:00,0.616,-0.032,-0.648,-90.1,29.466667,292800090060000,USGS,IAN,2022,5280.0
2022-09-28 17:00:00,0.506,-0.084,-0.59,-90.1,29.466667,292800090060000,USGS,IAN,2022,5340.0
2022-09-28 18:00:00,0.526,-0.132,-0.658,-90.1,29.466667,292800090060000,USGS,IAN,2022,5400.0
2022-09-28 19:00:00,0.416,-0.175,-0.591,-90.1,29.466667,292800090060000,USGS,IAN,2022,5460.0
2022-09-28 20:00:00,0.596,-0.206,-0.8019999999999999,-90.1,29.466667,292800090060000,USGS,IAN,2022,5520.0
2022-09-28 21:00:00,0.606,-0.216,-0.822,-90.1,29.466667,292800090060000,USGS,IAN,2022,5580.0
2022-09-28 22:00:00,0.626,-0.204,-0.83,-90.1,29.466667,292800090060000,USGS,IAN,2022,5640.0
2022-09-28 23:00:00,0.756,-0.178,-0.934,-90.1,29.466667,292800090060000,USGS,IAN,2022,5700.0
2022-09-29 00:00:00,0.786,-0.141,-0.927,-90.1,29.466667,292800090060000,USGS,IAN,2022,5760.0
2022-09-29 01:00:00,0.836,-0.095,-0.931,-90.1,29.466667,292800090060000,USGS,IAN,2022,5820.0
2022-09-29 02:00:00,0.916,-0.045,-0.961,-90.1,29.466667,292800090060000,USGS,IAN,2022,5880.0
2022-09-29 03:00:00,0.906,0.019,-0.887,-90.1,29.466667,292800090060000,USGS,IAN,2022,5940.0
2022-09-29 04:00:00,0.966,0.088,-0.878,-90.1,29.466667,292800090060000,USGS,IAN,2022,6000.0
2022-09-29 05:00:00,1.056,0.157,-0.899,-90.1,29.466667,292800090060000,USGS,IAN,2022,6060.0
2022-09-29 06:00:00,1.046,0.226,-0.8200000000000001,-90.1,29.466667,292800090060000,USGS,IAN,2022,6120.0
2022-09-29 07:00:00,1.026,0.292,-0.734,-90.1,29.466667,292800090060000,USGS,IAN,2022,6180.0
2022-09-29 08:00:00,1.036,0.345,-0.6910000000000001,-90.1,29.466667,292800090060000,USGS,IAN,2022,6240.0
2022-09-29 09:00:00,0.986,0.369,-0.617,-90.1,29.466667,292800090060000,USGS,IAN,2022,6300.0
2022-09-29 10:00:00,0.906,0.349,-0.557,-90.1,29.466667,292800090060000,USGS,IAN,2022,6360.0
2022-09-29 11:00:00,0.846,0.31,-0.536,-90.1,29.466667,292800090060000,USGS,IAN,2022,6420.0
2022-09-29 12:00:00,0.746,0.257,-0.489,-90.1,29.466667,292800090060000,USGS,IAN,2022,6480.0
2022-09-29 13:00:00,0.636,0.21,-0.426,-90.1,29.466667,292800090060000,USGS,IAN,2022,6540.0
2022-09-29 14:00:00,0.566,0.159,-0.4069999999999999,-90.1,29.466667,292800090060000,USGS,IAN,2022,6600.0
2022-09-29 15:00:00,0.476,0.101,-0.375,-90.1,29.466667,292800090060000,USGS,IAN,2022,6660.0
2022-09-29 16:00:00,0.426,0.045,-0.381,-90.1,29.466667,292800090060000,USGS,IAN,2022,6720.0
2022-09-29 17:00:00,0.336,-0.011,-0.347,-90.1,29.466667,292800090060000,USGS,IAN,2022,6780.0
2022-09-29 18:00:00,0.266,-0.071,-0.337,-90.1,29.466667,292800090060000,USGS,IAN,2022,6840.0
2022-09-29 19:00:00,0.206,-0.123,-0.3289999999999999,-90.1,29.466667,292800090060000,USGS,IAN,2022,6900.0
2022-09-29 20:00:00,0.206,-0.179,-0.385,-90.1,29.466667,292800090060000,USGS,IAN,2022,6960.0
2022-09-29 21:00:00,0.156,-0.226,-0.382,-90.1,29.466667,292800090060000,USGS,IAN,2022,7020.0
2022-09-29 22:00:00,0.086,-0.263,-0.349,-90.1,29.466667,292800090060000,USGS,IAN,2022,7080.0
2022-09-29 23:00:00,0.136,-0.28,-0.416,-90.1,29.466667,292800090060000,USGS,IAN,2022,7140.0
2022-09-30 00:00:00,0.156,-0.267,-0.423,-90.1,29.466667,292800090060000,USGS,IAN,2022,7200.0
2022-09-30 01:00:00,0.226,-0.238,-0.4639999999999999,-90.1,29.466667,292800090060000,USGS,IAN,2022,7260.0
2022-09-30 02:00:00,0.306,-0.196,-0.502,-90.1,29.466667,292800090060000,USGS,IAN,2022,7320.0
2022-09-30 03:00:00,0.396,-0.146,-0.542,-90.1,29.466667,292800090060000,USGS,IAN,2022,7380.0
2022-09-30 04:00:00,0.506,-0.086,-0.592,-90.1,29.466667,292800090060000,USGS,IAN,2022,7440.0
2022-09-30 05:00:00,0.566,-0.012,-0.578,-90.1,29.466667,292800090060000,USGS,IAN,2022,7500.0
2022-09-30 06:00:00,0.646,0.065,-0.581,-90.1,29.466667,292800090060000,USGS,IAN,2022,7560.0
2022-09-30 07:00:00,0.706,0.142,-0.564,-90.1,29.466667,292800090060000,USGS,IAN,2022,7620.0
2022-09-30 08:00:00,0.726,0.216,-0.51,-90.1,29.466667,292800090060000,USGS,IAN,2022,7680.0
2022-09-30 09:00:00,0.716,0.281,-0.4349999999999999,-90.1,29.466667,292800090060000,USGS,IAN,2022,7740.0
2022-09-30 10:00:00,0.696,0.317,-0.3789999999999999,-90.1,29.466667,292800090060000,USGS,IAN,2022,7800.0
2022-09-30 11:00:00,0.616,0.309,-0.307,-90.1,29.466667,292800090060000,USGS,IAN,2022,7860.0
2022-09-30 12:00:00,0.536,0.272,-0.264,-90.1,29.466667,292800090060000,USGS,IAN,2022,7920.0
2022-09-30 13:00:00,0.436,0.224,-0.212,-90.1,29.466667,292800090060000,USGS,IAN,2022,7980.0
2022-09-30 14:00:00,0.316,0.174,-0.142,-90.1,29.466667,292800090060000,USGS,IAN,2022,8040.0
2022-09-30 15:00:00,0.206,0.133,-0.0729999999999999,-90.1,29.466667,292800090060000,USGS,IAN,2022,8100.0
2022-09-30 16:00:00,0.126,0.077,-0.049,-90.1,29.466667,292800090060000,USGS,IAN,2022,8160.0
2022-09-30 17:00:00,0.026,0.016,-0.0099999999999999,-90.1,29.466667,292800090060000,USGS,IAN,2022,8220.0
2022-09-30 18:00:00,-0.034,-0.037,-0.0029999999999999,-90.1,29.466667,292800090060000,USGS,IAN,2022,8280.0
2022-09-30 19:00:00,-0.104,-0.099,0.0049999999999999,-90.1,29.466667,292800090060000,USGS,IAN,2022,8340.0
2022-09-30 20:00:00,-0.124,-0.155,-0.031,-90.1,29.466667,292800090060000,USGS,IAN,2022,8400.0
2022-09-30 21:00:00,-0.164,-0.209,-0.0449999999999999,-90.1,29.466667,292800090060000,USGS,IAN,2022,8460.0
2022-09-30 22:00:00,-0.144,-0.259,-0.115,-90.1,29.466667,292800090060000,USGS,IAN,2022,8520.0
2022-09-30 23:00:00,-0.104,-0.302,-0.198,-90.1,29.466667,292800090060000,USGS,IAN,2022,8580.0
2022-10-01 00:00:00,-0.034,-0.326,-0.292,-90.1,29.466667,292800090060000,USGS,IAN,2022,8640.0
2022-10-01 01:00:00,0.066,-0.319,-0.385,-90.1,29.466667,292800090060000,USGS,IAN,2022,8700.0
2022-10-01 02:00:00,0.176,-0.285,-0.4609999999999999,-90.1,29.466667,292800090060000,USGS,IAN,2022,8760.0
2022-10-01 03:00:00,0.276,-0.245,-0.521,-90.1,29.466667,292800090060000,USGS,IAN,2022,8820.0
2022-10-01 04:00:00,0.396,-0.19,-0.5860000000000001,-90.1,29.466667,292800090060000,USGS,IAN,2022,8880.0
2022-10-01 05:00:00,0.486,-0.126,-0.612,-90.1,29.466667,292800090060000,USGS,IAN,2022,8940.0
2022-10-01 06:00:00,0.576,-0.049,-0.625,-90.1,29.466667,292800090060000,USGS,IAN,2022,9000.0
2022-10-01 07:00:00,0.646,0.041,-0.605,-90.1,29.466667,292800090060000,USGS,IAN,2022,9060.0
2022-10-01 08:00:00,0.716,0.13,-0.586,-90.1,29.466667,292800090060000,USGS,IAN,2022,9120.0
2022-10-01 09:00:00,0.766,0.216,-0.55,-90.1,29.466667,292800090060000,USGS,IAN,2022,9180.0
2022-10-01 10:00:00,0.816,0.296,-0.52,-90.1,29.466667,292800090060000,USGS,IAN,2022,9240.0
2022-10-01 11:00:00,0.796,0.345,-0.451,-90.1,29.466667,292800090060000,USGS,IAN,2022,9300.0
2022-10-01 12:00:00,0.756,0.347,-0.409,-90.1,29.466667,292800090060000,USGS,IAN,2022,9360.0
2022-10-01 13:00:00,0.656,0.308,-0.348,-90.1,29.466667,292800090060000,USGS,IAN,2022,9420.0
2022-10-01 14:00:00,0.556,0.258,-0.298,-90.1,29.466667,292800090060000,USGS,IAN,2022,9480.0
2022-10-01 15:00:00,0.436,0.204,-0.232,-90.1,29.466667,292800090060000,USGS,IAN,2022,9540.0
2022-10-01 16:00:00,0.306,0.159,-0.147,-90.1,29.466667,292800090060000,USGS,IAN,2022,9600.0
2022-10-01 17:00:00,0.206,0.101,-0.1049999999999999,-90.1,29.466667,292800090060000,USGS,IAN,2022,9660.0
2022-10-01 18:00:00,0.126,0.046,-0.08,-90.1,29.466667,292800090060000,USGS,IAN,2022,9720.0
2022-10-01 19:00:00,0.086,-0.01,-0.0959999999999999,-90.1,29.466667,292800090060000,USGS,IAN,2022,9780.0
2022-10-01 20:00:00,0.016,-0.075,-0.091,-90.1,29.466667,292800090060000,USGS,IAN,2022,9840.0
2022-10-01 21:00:00,0.006,-0.13,-0.136,-90.1,29.466667,292800090060000,USGS,IAN,2022,9900.0
2022-10-01 22:00:00,-0.004,-0.189,-0.185,-90.1,29.466667,292800090060000,USGS,IAN,2022,9960.0
2022-10-01 23:00:00,0.036,-0.242,-0.2779999999999999,-90.1,29.466667,292800090060000,USGS,IAN,2022,10020.0
2022-09-25 01:00:00,-0.038,-0.319,-0.281,-89.250278,30.122778,300722089150100,USGS,IAN,2022,60.0
2022-09-25 02:00:00,-0.008,-0.293,-0.285,-89.250278,30.122778,300722089150100,USGS,IAN,2022,120.0
2022-09-25 03:00:00,0.162,-0.213,-0.375,-89.250278,30.122778,300722089150100,USGS,IAN,2022,180.0
2022-09-25 04:00:00,0.262,-0.106,-0.368,-89.250278,30.122778,300722089150100,USGS,IAN,2022,240.0
2022-09-25 05:00:00,0.332,-0.003,-0.335,-89.250278,30.122778,300722089150100,USGS,IAN,2022,300.0
2022-09-25 06:00:00,0.432,0.055,-0.377,-89.250278,30.122778,300722089150100,USGS,IAN,2022,360.0
2022-09-25 07:00:00,0.472,0.051,-0.421,-89.250278,30.122778,300722089150100,USGS,IAN,2022,420.0
2022-09-25 08:00:00,0.462,-0.002,-0.464,-89.250278,30.122778,300722089150100,USGS,IAN,2022,480.0
2022-09-25 09:00:00,0.422,-0.071,-0.493,-89.250278,30.122778,300722089150100,USGS,IAN,2022,540.0
2022-09-25 10:00:00,0.372,-0.129,-0.501,-89.250278,30.122778,300722089150100,USGS,IAN,2022,600.0
2022-09-25 11:00:00,0.322,-0.161,-0.483,-89.250278,30.122778,300722089150100,USGS,IAN,2022,660.0
2022-09-25 12:00:00,0.282,-0.147,-0.4289999999999999,-89.250278,30.122778,300722089150100,USGS,IAN,2022,720.0
2022-09-25 13:00:00,0.232,-0.077,-0.309,-89.250278,30.122778,300722089150100,USGS,IAN,2022,780.0
2022-09-25 14:00:00,0.352,0.053,-0.299,-89.250278,30.122778,300722089150100,USGS,IAN,2022,840.0
2022-09-25 15:00:00,0.452,0.187,-0.265,-89.250278,30.122778,300722089150100,USGS,IAN,2022,900.0
2022-09-25 16:00:00,0.482,0.287,-0.195,-89.250278,30.122778,300722089150100,USGS,IAN,2022,960.0
2022-09-25 17:00:00,0.562,0.344,-0.218,-89.250278,30.122778,300722089150100,USGS,IAN,2022,1020.0
2022-09-25 18:00:00,0.532,0.364,-0.168,-89.250278,30.122778,300722089150100,USGS,IAN,2022,1080.0
2022-09-25 19:00:00,0.482,0.338,-0.1439999999999999,-89.250278,30.122778,300722089150100,USGS,IAN,2022,1140.0
2022-09-25 20:00:00,0.422,0.268,-0.1539999999999999,-89.250278,30.122778,300722089150100,USGS,IAN,2022,1200.0
2022-09-25 21:00:00,0.302,0.159,-0.143,-89.250278,30.122778,300722089150100,USGS,IAN,2022,1260.0
2022-09-25 22:00:00,0.142,0.027,-0.1149999999999999,-89.250278,30.122778,300722089150100,USGS,IAN,2022,1320.0
2022-09-25 23:00:00,0.032,-0.089,-0.121,-89.250278,30.122778,300722089150100,USGS,IAN,2022,1380.0
2022-09-26 00:00:00,-0.028,-0.16,-0.132,-89.250278,30.122778,300722089150100,USGS,IAN,2022,1440.0
2022-09-26 01:00:00,0.002,-0.184,-0.186,-89.250278,30.122778,300722089150100,USGS,IAN,2022,1500.0
2022-09-26 02:00:00,0.062,-0.139,-0.201,-89.250278,30.122778,300722089150100,USGS,IAN,2022,1560.0
2022-09-26 03:00:00,0.242,-0.059,-0.301,-89.250278,30.122778,300722089150100,USGS,IAN,2022,1620.0
2022-09-26 04:00:00,0.342,0.037,-0.305,-89.250278,30.122778,300722089150100,USGS,IAN,2022,1680.0
2022-09-26 05:00:00,0.412,0.104,-0.308,-89.250278,30.122778,300722089150100,USGS,IAN,2022,1740.0
2022-09-26 06:00:00,0.472,0.126,-0.346,-89.250278,30.122778,300722089150100,USGS,IAN,2022,1800.0
2022-09-26 07:00:00,0.502,0.101,-0.401,-89.250278,30.122778,300722089150100,USGS,IAN,2022,1860.0
2022-09-26 08:00:00,0.422,0.039,-0.383,-89.250278,30.122778,300722089150100,USGS,IAN,2022,1920.0
2022-09-26 09:00:00,0.432,-0.047,-0.479,-89.250278,30.122778,300722089150100,USGS,IAN,2022,1980.0
2022-09-26 10:00:00,0.392,-0.13,-0.522,-89.250278,30.122778,300722089150100,USGS,IAN,2022,2040.0
2022-09-26 11:00:00,0.082,-0.213,-0.295,-89.250278,30.122778,300722089150100,USGS,IAN,2022,2100.0
2022-09-26 12:00:00,0.042,-0.269,-0.311,-89.250278,30.122778,300722089150100,USGS,IAN,2022,2160.0
2022-09-26 13:00:00,0.042,-0.287,-0.3289999999999999,-89.250278,30.122778,300722089150100,USGS,IAN,2022,2220.0
2022-09-26 14:00:00,0.102,-0.214,-0.316,-89.250278,30.122778,300722089150100,USGS,IAN,2022,2280.0
2022-09-26 15:00:00,0.202,-0.088,-0.29,-89.250278,30.122778,300722089150100,USGS,IAN,2022,2340.0
2022-09-26 16:00:00,0.322,0.069,-0.253,-89.250278,30.122778,300722089150100,USGS,IAN,2022,2400.0
2022-09-26 17:00:00,0.442,0.18,-0.262,-89.250278,30.122778,300722089150100,USGS,IAN,2022,2460.0
2022-09-26 18:00:00,0.472,0.246,-0.2259999999999999,-89.250278,30.122778,300722089150100,USGS,IAN,2022,2520.0
2022-09-26 19:00:00,0.522,0.268,-0.254,-89.250278,30.122778,300722089150100,USGS,IAN,2022,2580.0
2022-09-26 20:00:00,0.612,0.244,-0.368,-89.250278,30.122778,300722089150100,USGS,IAN,2022,2640.0
2022-09-26 21:00:00,0.672,0.184,-0.488,-89.250278,30.122778,300722089150100,USGS,IAN,2022,2700.0
2022-09-26 22:00:00,0.622,0.097,-0.525,-89.250278,30.122778,300722089150100,USGS,IAN,2022,2760.0
2022-09-26 23:00:00,0.452,0.001,-0.451,-89.250278,30.122778,300722089150100,USGS,IAN,2022,2820.0
2022-09-27 00:00:00,0.352,-0.065,-0.417,-89.250278,30.122778,300722089150100,USGS,IAN,2022,2880.0
2022-09-27 01:00:00,0.312,-0.071,-0.383,-89.250278,30.122778,300722089150100,USGS,IAN,2022,2940.0
2022-09-27 02:00:00,0.372,-0.001,-0.373,-89.250278,30.122778,300722089150100,USGS,IAN,2022,3000.0
2022-09-27 03:00:00,0.422,0.116,-0.306,-89.250278,30.122778,300722089150100,USGS,IAN,2022,3060.0
2022-09-27 04:00:00,0.502,0.227,-0.275,-89.250278,30.122778,300722089150100,USGS,IAN,2022,3120.0
2022-09-27 05:00:00,0.332,0.283,-0.049,-89.250278,30.122778,300722089150100,USGS,IAN,2022,3180.0
2022-09-27 06:00:00,0.342,0.296,-0.046,-89.250278,30.122778,300722089150100,USGS,IAN,2022,3240.0
2022-09-27 07:00:00,0.432,0.249,-0.183,-89.250278,30.122778,300722089150100,USGS,IAN,2022,3300.0
2022-09-27 08:00:00,0.362,0.159,-0.2029999999999999,-89.250278,30.122778,300722089150100,USGS,IAN,2022,3360.0
2022-09-27 09:00:00,0.442,0.044,-0.398,-89.250278,30.122778,300722089150100,USGS,IAN,2022,3420.0
2022-09-27 10:00:00,0.382,-0.083,-0.465,-89.250278,30.122778,300722089150100,USGS,IAN,2022,3480.0
2022-09-27 11:00:00,0.252,-0.2,-0.452,-89.250278,30.122778,300722089150100,USGS,IAN,2022,3540.0
2022-09-27 12:00:00,0.282,-0.308,-0.59,-89.250278,30.122778,300722089150100,USGS,IAN,2022,3600.0
2022-09-27 13:00:00,0.382,-0.395,-0.777,-89.250278,30.122778,300722089150100,USGS,IAN,2022,3660.0
2022-09-27 14:00:00,0.352,-0.436,-0.788,-89.250278,30.122778,300722089150100,USGS,IAN,2022,3720.0
2022-09-27 15:00:00,0.312,-0.401,-0.7130000000000001,-89.250278,30.122778,300722089150100,USGS,IAN,2022,3780.0
2022-09-27 16:00:00,0.542,-0.292,-0.8340000000000001,-89.250278,30.122778,300722089150100,USGS,IAN,2022,3840.0
2022-09-27 17:00:00,0.522,-0.146,-0.668,-89.250278,30.122778,300722089150100,USGS,IAN,2022,3900.0
2022-09-27 18:00:00,0.662,-0.006,-0.668,-89.250278,30.122778,300722089150100,USGS,IAN,2022,3960.0
2022-09-27 19:00:00,0.642,0.085,-0.557,-89.250278,30.122778,300722089150100,USGS,IAN,2022,4020.0
2022-09-27 20:00:00,0.692,0.128,-0.564,-89.250278,30.122778,300722089150100,USGS,IAN,2022,4080.0
2022-09-27 21:00:00,0.632,0.146,-0.486,-89.250278,30.122778,300722089150100,USGS,IAN,2022,4140.0
2022-09-27 22:00:00,0.562,0.144,-0.418,-89.250278,30.122778,300722089150100,USGS,IAN,2022,4200.0
2022-09-27 23:00:00,0.442,0.131,-0.311,-89.250278,30.122778,300722089150100,USGS,IAN,2022,4260.0
2022-09-28 00:00:00,0.372,0.124,-0.248,-89.250278,30.122778,300722089150100,USGS,IAN,2022,4320.0
2022-09-28 01:00:00,0.322,0.15,-0.172,-89.250278,30.122778,300722089150100,USGS,IAN,2022,4380.0
2022-09-28 02:00:00,0.552,0.213,-0.3390000000000001,-89.250278,30.122778,300722089150100,USGS,IAN,2022,4440.0
2022-09-28 03:00:00,0.432,0.32,-0.1119999999999999,-89.250278,30.122778,300722089150100,USGS,IAN,2022,4500.0
2022-09-28 04:00:00,0.442,0.428,-0.014,-89.250278,30.122778,300722089150100,USGS,IAN,2022,4560.0
2022-09-28 05:00:00,0.802,0.504,-0.298,-89.250278,30.122778,300722089150100,USGS,IAN,2022,4620.0
2022-09-28 06:00:00,0.562,0.519,-0.043,-89.250278,30.122778,300722089150100,USGS,IAN,2022,4680.0
2022-09-28 07:00:00,0.802,0.461,-0.341,-89.250278,30.122778,300722089150100,USGS,IAN,2022,4740.0
2022-09-28 08:00:00,0.532,0.345,-0.187,-89.250278,30.122778,300722089150100,USGS,IAN,2022,4800.0
2022-09-28 09:00:00,0.912,0.193,-0.7190000000000001,-89.250278,30.122778,300722089150100,USGS,IAN,2022,4860.0
2022-09-28 10:00:00,0.662,0.032,-0.63,-89.250278,30.122778,300722089150100,USGS,IAN,2022,4920.0
2022-09-28 11:00:00,0.492,-0.114,-0.606,-89.250278,30.122778,300722089150100,USGS,IAN,2022,4980.0
2022-09-28 12:00:00,0.602,-0.243,-0.845,-89.250278,30.122778,300722089150100,USGS,IAN,2022,5040.0
2022-09-28 13:00:00,0.332,-0.364,-0.696,-89.250278,30.122778,300722089150100,USGS,IAN,2022,5100.0
2022-09-28 14:00:00,0.422,-0.469,-0.891,-89.250278,30.122778,300722089150100,USGS,IAN,2022,5160.0
2022-09-28 15:00:00,0.362,-0.536,-0.898,-89.250278,30.122778,300722089150100,USGS,IAN,2022,5220.0
2022-09-28 16:00:00,0.572,-0.553,-1.125,-89.250278,30.122778,300722089150100,USGS,IAN,2022,5280.0
2022-09-28 17:00:00,0.402,-0.494,-0.896,-89.250278,30.122778,300722089150100,USGS,IAN,2022,5340.0
2022-09-28 18:00:00,0.742,-0.39,-1.132,-89.250278,30.122778,300722089150100,USGS,IAN,2022,5400.0
2022-09-28 19:00:00,0.642,-0.26,-0.902,-89.250278,30.122778,300722089150100,USGS,IAN,2022,5460.0
2022-09-28 20:00:00,0.582,-0.144,-0.726,-89.250278,30.122778,300722089150100,USGS,IAN,2022,5520.0
2022-09-28 21:00:00,0.672,-0.056,-0.7280000000000001,-89.250278,30.122778,300722089150100,USGS,IAN,2022,5580.0
2022-09-28 22:00:00,0.592,-0.012,-0.604,-89.250278,30.122778,300722089150100,USGS,IAN,2022,5640.0
2022-09-28 23:00:00,0.492,0.008,-0.484,-89.250278,30.122778,300722089150100,USGS,IAN,2022,5700.0
2022-09-29 00:00:00,0.412,0.021,-0.3909999999999999,-89.250278,30.122778,300722089150100,USGS,IAN,2022,5760.0
2022-09-29 01:00:00,0.602,0.061,-0.5409999999999999,-89.250278,30.122778,300722089150100,USGS,IAN,2022,5820.0
2022-09-29 02:00:00,0.382,0.151,-0.231,-89.250278,30.122778,300722089150100,USGS,IAN,2022,5880.0
2022-09-29 03:00:00,0.352,0.283,-0.069,-89.250278,30.122778,300722089150100,USGS,IAN,2022,5940.0
2022-09-29 04:00:00,0.282,0.419,0.137,-89.250278,30.122778,300722089150100,USGS,IAN,2022,6000.0
2022-09-29 05:00:00,-0.028,0.511,0.539,-89.250278,30.122778,300722089150100,USGS,IAN,2022,6060.0
2022-09-29 06:00:00,0.142,0.544,0.402,-89.250278,30.122778,300722089150100,USGS,IAN,2022,6120.0
2022-09-29 07:00:00,0.252,0.499,0.247,-89.250278,30.122778,300722089150100,USGS,IAN,2022,6180.0
2022-09-29 08:00:00,0.282,0.397,0.115,-89.250278,30.122778,300722089150100,USGS,IAN,2022,6240.0
2022-09-29 09:00:00,0.122,0.252,0.13,-89.250278,30.122778,300722089150100,USGS,IAN,2022,6300.0
2022-09-29 10:00:00,0.212,0.087,-0.125,-89.250278,30.122778,300722089150100,USGS,IAN,2022,6360.0
2022-09-29 11:00:00,0.042,-0.078,-0.12,-89.250278,30.122778,300722089150100,USGS,IAN,2022,6420.0
2022-09-29 12:00:00,-0.288,-0.242,0.0459999999999999,-89.250278,30.122778,300722089150100,USGS,IAN,2022,6480.0
2022-09-29 13:00:00,-0.328,-0.394,-0.066,-89.250278,30.122778,300722089150100,USGS,IAN,2022,6540.0
2022-09-29 14:00:00,-0.658,-0.544,0.1139999999999999,-89.250278,30.122778,300722089150100,USGS,IAN,2022,6600.0
2022-09-29 15:00:00,-1.038,-0.682,0.356,-89.250278,30.122778,300722089150100,USGS,IAN,2022,6660.0
2022-09-29 16:00:00,-0.958,-0.79,0.1679999999999999,-89.250278,30.122778,300722089150100,USGS,IAN,2022,6720.0
2022-09-29 17:00:00,-0.918,-0.862,0.056,-89.250278,30.122778,300722089150100,USGS,IAN,2022,6780.0
2022-09-29 18:00:00,-1.108,-0.892,0.216,-89.250278,30.122778,300722089150100,USGS,IAN,2022,6840.0
2022-09-29 19:00:00,-0.788,-0.89,-0.1019999999999999,-89.250278,30.122778,300722089150100,USGS,IAN,2022,6900.0
2022-09-29 20:00:00,-1.028,-0.853,0.175,-89.250278,30.122778,300722089150100,USGS,IAN,2022,6960.0
2022-09-29 21:00:00,-0.868,-0.772,0.0959999999999999,-89.250278,30.122778,300722089150100,USGS,IAN,2022,7020.0
2022-09-29 22:00:00,-0.688,-0.65,0.0379999999999999,-89.250278,30.122778,300722089150100,USGS,IAN,2022,7080.0
2022-09-29 23:00:00,-1.008,-0.52,0.488,-89.250278,30.122778,300722089150100,USGS,IAN,2022,7140.0
2022-09-30 00:00:00,-1.018,-0.4,0.618,-89.250278,30.122778,300722089150100,USGS,IAN,2022,7200.0
2022-09-30 01:00:00,-0.638,-0.296,0.342,-89.250278,30.122778,300722089150100,USGS,IAN,2022,7260.0
2022-09-30 02:00:00,-0.718,-0.204,0.514,-89.250278,30.122778,300722089150100,USGS,IAN,2022,7320.0
2022-09-30 03:00:00,-0.348,-0.098,0.2499999999999999,-89.250278,30.122778,300722089150100,USGS,IAN,2022,7380.0
2022-09-30 04:00:00,-0.408,0.036,0.4439999999999999,-89.250278,30.122778,300722089150100,USGS,IAN,2022,7440.0
2022-09-30 05:00:00,-0.068,0.18,0.248,-89.250278,30.122778,300722089150100,USGS,IAN,2022,7500.0
2022-09-30 06:00:00,-0.058,0.307,0.365,-89.250278,30.122778,300722089150100,USGS,IAN,2022,7560.0
2022-09-30 07:00:00,0.232,0.386,0.154,-89.250278,30.122778,300722089150100,USGS,IAN,2022,7620.0
2022-09-30 08:00:00,0.312,0.392,0.08,-89.250278,30.122778,300722089150100,USGS,IAN,2022,7680.0
2022-09-30 09:00:00,0.372,0.308,-0.064,-89.250278,30.122778,300722089150100,USGS,IAN,2022,7740.0
2022-09-30 10:00:00,0.172,0.165,-0.0069999999999999,-89.250278,30.122778,300722089150100,USGS,IAN,2022,7800.0
2022-09-30 11:00:00,0.212,-0.016,-0.2279999999999999,-89.250278,30.122778,300722089150100,USGS,IAN,2022,7860.0
2022-09-30 12:00:00,-0.028,-0.191,-0.163,-89.250278,30.122778,300722089150100,USGS,IAN,2022,7920.0
2022-09-30 13:00:00,-0.228,-0.35,-0.1219999999999999,-89.250278,30.122778,300722089150100,USGS,IAN,2022,7980.0
2022-09-30 14:00:00,-0.528,-0.49,0.038,-89.250278,30.122778,300722089150100,USGS,IAN,2022,8040.0
2022-09-30 15:00:00,-0.958,-0.627,0.3309999999999999,-89.250278,30.122778,300722089150100,USGS,IAN,2022,8100.0
2022-09-30 16:00:00,-0.928,-0.749,0.179,-89.250278,30.122778,300722089150100,USGS,IAN,2022,8160.0
2022-09-30 17:00:00,-1.088,-0.85,0.2380000000000001,-89.250278,30.122778,300722089150100,USGS,IAN,2022,8220.0
2022-09-30 18:00:00,-1.148,-0.909,0.2389999999999998,-89.250278,30.122778,300722089150100,USGS,IAN,2022,8280.0
2022-09-30 19:00:00,-1.128,-0.932,0.1959999999999998,-89.250278,30.122778,300722089150100,USGS,IAN,2022,8340.0
2022-09-30 20:00:00,-1.008,-0.897,0.1109999999999999,-89.250278,30.122778,300722089150100,USGS,IAN,2022,8400.0
2022-09-30 21:00:00,-0.928,-0.806,0.122,-89.250278,30.122778,300722089150100,USGS,IAN,2022,8460.0
2022-09-30 22:00:00,-0.758,-0.662,0.0959999999999999,-89.250278,30.122778,300722089150100,USGS,IAN,2022,8520.0
2022-09-30 23:00:00,-0.608,-0.478,0.13,-89.250278,30.122778,300722089150100,USGS,IAN,2022,8580.0
2022-10-01 00:00:00,-0.498,-0.288,0.21,-89.250278,30.122778,300722089150100,USGS,IAN,2022,8640.0
2022-10-01 01:00:00,-0.388,-0.127,0.261,-89.250278,30.122778,300722089150100,USGS,IAN,2022,8700.0
2022-10-01 02:00:00,-0.238,0.022,0.26,-89.250278,30.122778,300722089150100,USGS,IAN,2022,8760.0
2022-10-01 03:00:00,-0.078,0.175,0.253,-89.250278,30.122778,300722089150100,USGS,IAN,2022,8820.0
2022-10-01 04:00:00,0.102,0.339,0.237,-89.250278,30.122778,300722089150100,USGS,IAN,2022,8880.0
2022-10-01 05:00:00,0.232,0.516,0.284,-89.250278,30.122778,300722089150100,USGS,IAN,2022,8940.0
2022-10-01 06:00:00,0.322,0.68,0.358,-89.250278,30.122778,300722089150100,USGS,IAN,2022,9000.0
2022-10-01 07:00:00,0.522,0.822,0.2999999999999999,-89.250278,30.122778,300722089150100,USGS,IAN,2022,9060.0
2022-10-01 08:00:00,0.532,0.895,0.363,-89.250278,30.122778,300722089150100,USGS,IAN,2022,9120.0
2022-10-01 09:00:00,0.532,0.879,0.347,-89.250278,30.122778,300722089150100,USGS,IAN,2022,9180.0
2022-10-01 10:00:00,0.402,0.743,0.3409999999999999,-89.250278,30.122778,300722089150100,USGS,IAN,2022,9240.0
2022-10-01 11:00:00,0.222,0.56,0.3380000000000001,-89.250278,30.122778,300722089150100,USGS,IAN,2022,9300.0
2022-10-01 12:00:00,0.042,0.348,0.306,-89.250278,30.122778,300722089150100,USGS,IAN,2022,9360.0
2022-10-01 13:00:00,-0.348,0.139,0.487,-89.250278,30.122778,300722089150100,USGS,IAN,2022,9420.0
2022-10-01 14:00:00,-0.398,-0.039,0.359,-89.250278,30.122778,300722089150100,USGS,IAN,2022,9480.0
2022-10-01 15:00:00,-0.718,-0.186,0.532,-89.250278,30.122778,300722089150100,USGS,IAN,2022,9540.0
2022-10-01 16:00:00,-0.968,-0.335,0.633,-89.250278,30.122778,300722089150100,USGS,IAN,2022,9600.0
2022-10-01 17:00:00,-1.138,-0.476,0.6619999999999999,-89.250278,30.122778,300722089150100,USGS,IAN,2022,9660.0
2022-10-01 18:00:00,-1.268,-0.612,0.656,-89.250278,30.122778,300722089150100,USGS,IAN,2022,9720.0
2022-10-01 19:00:00,-1.328,-0.721,0.6070000000000001,-89.250278,30.122778,300722089150100,USGS,IAN,2022,9780.0
2022-10-01 20:00:00,-1.318,-0.799,0.519,-89.250278,30.122778,300722089150100,USGS,IAN,2022,9840.0
2022-10-01 21:00:00,-1.288,-0.836,0.452,-89.250278,30.122778,300722089150100,USGS,IAN,2022,9900.0
2022-10-01 22:00:00,-1.178,-0.807,0.3709999999999999,-89.250278,30.122778,300722089150100,USGS,IAN,2022,9960.0
2022-10-01 23:00:00,-0.998,-0.68,0.3179999999999999,-89.250278,30.122778,300722089150100,USGS,IAN,2022,10020.0
2022-09-25 01:00:00,0.485,0.01,-0.475,-89.740556,30.166944,301001089442600,USGS,IAN,2022,60.0
2022-09-25 02:00:00,0.485,-0.024,-0.509,-89.740556,30.166944,301001089442600,USGS,IAN,2022,120.0
2022-09-25 03:00:00,0.425,-0.057,-0.482,-89.740556,30.166944,301001089442600,USGS,IAN,2022,180.0
2022-09-25 04:00:00,0.295,-0.076,-0.371,-89.740556,30.166944,301001089442600,USGS,IAN,2022,240.0
2022-09-25 05:00:00,0.435,-0.072,-0.507,-89.740556,30.166944,301001089442600,USGS,IAN,2022,300.0
2022-09-25 06:00:00,0.515,-0.044,-0.559,-89.740556,30.166944,301001089442600,USGS,IAN,2022,360.0
2022-09-25 07:00:00,0.595,0.007,-0.588,-89.740556,30.166944,301001089442600,USGS,IAN,2022,420.0
2022-09-25 08:00:00,0.695,0.054,-0.6409999999999999,-89.740556,30.166944,301001089442600,USGS,IAN,2022,480.0
2022-09-25 09:00:00,0.775,0.076,-0.6990000000000001,-89.740556,30.166944,301001089442600,USGS,IAN,2022,540.0
2022-09-25 10:00:00,0.765,0.058,-0.707,-89.740556,30.166944,301001089442600,USGS,IAN,2022,600.0
2022-09-25 11:00:00,0.745,0.02,-0.725,-89.740556,30.166944,301001089442600,USGS,IAN,2022,660.0
2022-09-25 12:00:00,0.625,-0.02,-0.645,-89.740556,30.166944,301001089442600,USGS,IAN,2022,720.0
2022-09-25 13:00:00,0.615,-0.058,-0.673,-89.740556,30.166944,301001089442600,USGS,IAN,2022,780.0
2022-09-25 14:00:00,0.595,-0.078,-0.6729999999999999,-89.740556,30.166944,301001089442600,USGS,IAN,2022,840.0
2022-09-25 15:00:00,0.585,-0.068,-0.653,-89.740556,30.166944,301001089442600,USGS,IAN,2022,900.0
2022-09-25 16:00:00,0.555,-0.01,-0.5650000000000001,-89.740556,30.166944,301001089442600,USGS,IAN,2022,960.0
2022-09-25 17:00:00,0.685,0.052,-0.633,-89.740556,30.166944,301001089442600,USGS,IAN,2022,1020.0
2022-09-25 18:00:00,0.765,0.11,-0.655,-89.740556,30.166944,301001089442600,USGS,IAN,2022,1080.0
2022-09-25 19:00:00,0.845,0.154,-0.691,-89.740556,30.166944,301001089442600,USGS,IAN,2022,1140.0
2022-09-25 20:00:00,0.775,0.181,-0.5940000000000001,-89.740556,30.166944,301001089442600,USGS,IAN,2022,1200.0
2022-09-25 21:00:00,0.805,0.194,-0.611,-89.740556,30.166944,301001089442600,USGS,IAN,2022,1260.0
2022-09-25 22:00:00,0.735,0.188,-0.5469999999999999,-89.740556,30.166944,301001089442600,USGS,IAN,2022,1320.0
2022-09-25 23:00:00,0.735,0.143,-0.592,-89.740556,30.166944,301001089442600,USGS,IAN,2022,1380.0
2022-09-26 00:00:00,0.625,0.073,-0.552,-89.740556,30.166944,301001089442600,USGS,IAN,2022,1440.0
2022-09-26 01:00:00,0.505,0.005,-0.5,-89.740556,30.166944,301001089442600,USGS,IAN,2022,1500.0
2022-09-26 02:00:00,0.435,-0.036,-0.471,-89.740556,30.166944,301001089442600,USGS,IAN,2022,1560.0
2022-09-26 03:00:00,0.465,-0.054,-0.519,-89.740556,30.166944,301001089442600,USGS,IAN,2022,1620.0
2022-09-26 04:00:00,0.385,-0.057,-0.442,-89.740556,30.166944,301001089442600,USGS,IAN,2022,1680.0
2022-09-26 05:00:00,0.445,-0.034,-0.479,-89.740556,30.166944,301001089442600,USGS,IAN,2022,1740.0
2022-09-26 06:00:00,0.505,0.013,-0.492,-89.740556,30.166944,301001089442600,USGS,IAN,2022,1800.0
2022-09-26 07:00:00,0.555,0.066,-0.489,-89.740556,30.166944,301001089442600,USGS,IAN,2022,1860.0
2022-09-26 08:00:00,0.585,0.104,-0.481,-89.740556,30.166944,301001089442600,USGS,IAN,2022,1920.0
2022-09-26 09:00:00,0.655,0.109,-0.546,-89.740556,30.166944,301001089442600,USGS,IAN,2022,1980.0
2022-09-26 10:00:00,0.725,0.077,-0.648,-89.740556,30.166944,301001089442600,USGS,IAN,2022,2040.0
2022-09-26 11:00:00,0.675,0.025,-0.65,-89.740556,30.166944,301001089442600,USGS,IAN,2022,2100.0
2022-09-26 12:00:00,0.665,-0.028,-0.6930000000000001,-89.740556,30.166944,301001089442600,USGS,IAN,2022,2160.0
2022-09-26 13:00:00,0.525,-0.067,-0.5920000000000001,-89.740556,30.166944,301001089442600,USGS,IAN,2022,2220.0
2022-09-26 14:00:00,0.465,-0.102,-0.5670000000000001,-89.740556,30.166944,301001089442600,USGS,IAN,2022,2280.0
2022-09-26 15:00:00,0.435,-0.131,-0.5660000000000001,-89.740556,30.166944,301001089442600,USGS,IAN,2022,2340.0
2022-09-26 16:00:00,0.405,-0.128,-0.533,-89.740556,30.166944,301001089442600,USGS,IAN,2022,2400.0
2022-09-26 17:00:00,0.505,-0.073,-0.578,-89.740556,30.166944,301001089442600,USGS,IAN,2022,2460.0
2022-09-26 18:00:00,0.575,-0.006,-0.581,-89.740556,30.166944,301001089442600,USGS,IAN,2022,2520.0
2022-09-26 19:00:00,0.585,0.054,-0.5309999999999999,-89.740556,30.166944,301001089442600,USGS,IAN,2022,2580.0
2022-09-26 20:00:00,0.675,0.106,-0.5690000000000001,-89.740556,30.166944,301001089442600,USGS,IAN,2022,2640.0
2022-09-26 21:00:00,0.805,0.132,-0.673,-89.740556,30.166944,301001089442600,USGS,IAN,2022,2700.0
2022-09-26 22:00:00,0.745,0.14,-0.605,-89.740556,30.166944,301001089442600,USGS,IAN,2022,2760.0
2022-09-26 23:00:00,0.515,0.131,-0.384,-89.740556,30.166944,301001089442600,USGS,IAN,2022,2820.0
2022-09-27 00:00:00,0.615,0.09,-0.525,-89.740556,30.166944,301001089442600,USGS,IAN,2022,2880.0
2022-09-27 01:00:00,0.615,0.035,-0.58,-89.740556,30.166944,301001089442600,USGS,IAN,2022,2940.0
2022-09-27 02:00:00,0.605,-0.019,-0.624,-89.740556,30.166944,301001089442600,USGS,IAN,2022,3000.0
2022-09-27 03:00:00,0.665,-0.046,-0.7110000000000001,-89.740556,30.166944,301001089442600,USGS,IAN,2022,3060.0
2022-09-27 04:00:00,0.655,-0.019,-0.674,-89.740556,30.166944,301001089442600,USGS,IAN,2022,3120.0
2022-09-27 05:00:00,0.625,0.044,-0.581,-89.740556,30.166944,301001089442600,USGS,IAN,2022,3180.0
2022-09-27 06:00:00,0.655,0.098,-0.557,-89.740556,30.166944,301001089442600,USGS,IAN,2022,3240.0
2022-09-27 07:00:00,0.555,0.14,-0.415,-89.740556,30.166944,301001089442600,USGS,IAN,2022,3300.0
2022-09-27 08:00:00,0.705,0.173,-0.532,-89.740556,30.166944,301001089442600,USGS,IAN,2022,3360.0
2022-09-27 09:00:00,0.705,0.184,-0.5209999999999999,-89.740556,30.166944,301001089442600,USGS,IAN,2022,3420.0
2022-09-27 10:00:00,0.675,0.158,-0.517,-89.740556,30.166944,301001089442600,USGS,IAN,2022,3480.0
2022-09-27 11:00:00,0.595,0.092,-0.503,-89.740556,30.166944,301001089442600,USGS,IAN,2022,3540.0
2022-09-27 12:00:00,0.675,0.026,-0.649,-89.740556,30.166944,301001089442600,USGS,IAN,2022,3600.0
2022-09-27 13:00:00,0.775,-0.028,-0.803,-89.740556,30.166944,301001089442600,USGS,IAN,2022,3660.0
2022-09-27 14:00:00,0.615,-0.075,-0.69,-89.740556,30.166944,301001089442600,USGS,IAN,2022,3720.0
2022-09-27 15:00:00,0.715,-0.113,-0.828,-89.740556,30.166944,301001089442600,USGS,IAN,2022,3780.0
2022-09-27 16:00:00,0.775,-0.144,-0.919,-89.740556,30.166944,301001089442600,USGS,IAN,2022,3840.0
2022-09-27 17:00:00,0.955,-0.162,-1.117,-89.740556,30.166944,301001089442600,USGS,IAN,2022,3900.0
2022-09-27 18:00:00,0.925,-0.151,-1.076,-89.740556,30.166944,301001089442600,USGS,IAN,2022,3960.0
2022-09-27 19:00:00,0.975,-0.103,-1.078,-89.740556,30.166944,301001089442600,USGS,IAN,2022,4020.0
2022-09-27 20:00:00,0.955,-0.036,-0.991,-89.740556,30.166944,301001089442600,USGS,IAN,2022,4080.0
2022-09-27 21:00:00,1.015,0.025,-0.99,-89.740556,30.166944,301001089442600,USGS,IAN,2022,4140.0
2022-09-27 22:00:00,0.885,0.061,-0.8240000000000001,-89.740556,30.166944,301001089442600,USGS,IAN,2022,4200.0
2022-09-27 23:00:00,1.025,0.081,-0.944,-89.740556,30.166944,301001089442600,USGS,IAN,2022,4260.0
2022-09-28 00:00:00,0.845,0.094,-0.751,-89.740556,30.166944,301001089442600,USGS,IAN,2022,4320.0
2022-09-28 01:00:00,0.965,0.093,-0.872,-89.740556,30.166944,301001089442600,USGS,IAN,2022,4380.0
2022-09-28 02:00:00,0.935,0.081,-0.8540000000000001,-89.740556,30.166944,301001089442600,USGS,IAN,2022,4440.0
2022-09-28 03:00:00,0.855,0.085,-0.77,-89.740556,30.166944,301001089442600,USGS,IAN,2022,4500.0
2022-09-28 04:00:00,0.905,0.107,-0.798,-89.740556,30.166944,301001089442600,USGS,IAN,2022,4560.0
2022-09-28 05:00:00,0.915,0.139,-0.776,-89.740556,30.166944,301001089442600,USGS,IAN,2022,4620.0
2022-09-28 06:00:00,0.925,0.187,-0.738,-89.740556,30.166944,301001089442600,USGS,IAN,2022,4680.0
2022-09-28 07:00:00,0.965,0.235,-0.73,-89.740556,30.166944,301001089442600,USGS,IAN,2022,4740.0
2022-09-28 08:00:00,1.005,0.269,-0.7359999999999999,-89.740556,30.166944,301001089442600,USGS,IAN,2022,4800.0
2022-09-28 09:00:00,0.885,0.282,-0.603,-89.740556,30.166944,301001089442600,USGS,IAN,2022,4860.0
2022-09-28 10:00:00,0.945,0.267,-0.6779999999999999,-89.740556,30.166944,301001089442600,USGS,IAN,2022,4920.0
2022-09-28 11:00:00,1.045,0.212,-0.833,-89.740556,30.166944,301001089442600,USGS,IAN,2022,4980.0
2022-09-28 12:00:00,1.085,0.135,-0.95,-89.740556,30.166944,301001089442600,USGS,IAN,2022,5040.0
2022-09-28 13:00:00,1.085,0.066,-1.019,-89.740556,30.166944,301001089442600,USGS,IAN,2022,5100.0
2022-09-28 14:00:00,1.035,0.018,-1.017,-89.740556,30.166944,301001089442600,USGS,IAN,2022,5160.0
2022-09-28 15:00:00,1.075,-0.021,-1.096,-89.740556,30.166944,301001089442600,USGS,IAN,2022,5220.0
2022-09-28 16:00:00,1.145,-0.071,-1.216,-89.740556,30.166944,301001089442600,USGS,IAN,2022,5280.0
2022-09-28 17:00:00,1.105,-0.112,-1.217,-89.740556,30.166944,301001089442600,USGS,IAN,2022,5340.0
2022-09-28 18:00:00,1.085,-0.144,-1.229,-89.740556,30.166944,301001089442600,USGS,IAN,2022,5400.0
2022-09-28 19:00:00,1.105,-0.163,-1.268,-89.740556,30.166944,301001089442600,USGS,IAN,2022,5460.0
2022-09-28 20:00:00,1.195,-0.159,-1.354,-89.740556,30.166944,301001089442600,USGS,IAN,2022,5520.0
2022-09-28 21:00:00,1.275,-0.136,-1.411,-89.740556,30.166944,301001089442600,USGS,IAN,2022,5580.0
2022-09-28 22:00:00,1.245,-0.098,-1.3430000000000002,-89.740556,30.166944,301001089442600,USGS,IAN,2022,5640.0
2022-09-28 23:00:00,1.265,-0.052,-1.317,-89.740556,30.166944,301001089442600,USGS,IAN,2022,5700.0
2022-09-29 00:00:00,1.275,-0.005,-1.2799999999999998,-89.740556,30.166944,301001089442600,USGS,IAN,2022,5760.0
2022-09-29 01:00:00,1.175,0.025,-1.15,-89.740556,30.166944,301001089442600,USGS,IAN,2022,5820.0
2022-09-29 02:00:00,1.155,0.03,-1.125,-89.740556,30.166944,301001089442600,USGS,IAN,2022,5880.0
2022-09-29 03:00:00,0.995,0.039,-0.956,-89.740556,30.166944,301001089442600,USGS,IAN,2022,5940.0
2022-09-29 04:00:00,0.845,0.068,-0.7769999999999999,-89.740556,30.166944,301001089442600,USGS,IAN,2022,6000.0
2022-09-29 05:00:00,0.825,0.106,-0.719,-89.740556,30.166944,301001089442600,USGS,IAN,2022,6060.0
2022-09-29 06:00:00,0.865,0.149,-0.716,-89.740556,30.166944,301001089442600,USGS,IAN,2022,6120.0
2022-09-29 07:00:00,0.835,0.199,-0.6359999999999999,-89.740556,30.166944,301001089442600,USGS,IAN,2022,6180.0
2022-09-29 08:00:00,0.805,0.236,-0.5690000000000001,-89.740556,30.166944,301001089442600,USGS,IAN,2022,6240.0
2022-09-29 09:00:00,0.875,0.255,-0.62,-89.740556,30.166944,301001089442600,USGS,IAN,2022,6300.0
2022-09-29 10:00:00,0.905,0.25,-0.655,-89.740556,30.166944,301001089442600,USGS,IAN,2022,6360.0
2022-09-29 11:00:00,0.965,0.207,-0.758,-89.740556,30.166944,301001089442600,USGS,IAN,2022,6420.0
2022-09-29 12:00:00,0.925,0.13,-0.795,-89.740556,30.166944,301001089442600,USGS,IAN,2022,6480.0
2022-09-29 13:00:00,0.775,0.054,-0.721,-89.740556,30.166944,301001089442600,USGS,IAN,2022,6540.0
2022-09-29 14:00:00,0.665,-0.006,-0.671,-89.740556,30.166944,301001089442600,USGS,IAN,2022,6600.0
2022-09-29 15:00:00,0.605,-0.054,-0.659,-89.740556,30.166944,301001089442600,USGS,IAN,2022,6660.0
2022-09-29 16:00:00,0.615,-0.107,-0.722,-89.740556,30.166944,301001089442600,USGS,IAN,2022,6720.0
2022-09-29 17:00:00,0.555,-0.159,-0.7140000000000001,-89.740556,30.166944,301001089442600,USGS,IAN,2022,6780.0
2022-09-29 18:00:00,0.365,-0.209,-0.574,-89.740556,30.166944,301001089442600,USGS,IAN,2022,6840.0
2022-09-29 19:00:00,0.195,-0.256,-0.451,-89.740556,30.166944,301001089442600,USGS,IAN,2022,6900.0
2022-09-29 20:00:00,-0.045,-0.295,-0.25,-89.740556,30.166944,301001089442600,USGS,IAN,2022,6960.0
2022-09-29 21:00:00,0.035,-0.327,-0.362,-89.740556,30.166944,301001089442600,USGS,IAN,2022,7020.0
2022-09-29 22:00:00,-0.275,-0.354,-0.0789999999999999,-89.740556,30.166944,301001089442600,USGS,IAN,2022,7080.0
2022-09-29 23:00:00,-0.095,-0.371,-0.276,-89.740556,30.166944,301001089442600,USGS,IAN,2022,7140.0
2022-09-30 00:00:00,-0.095,-0.368,-0.273,-89.740556,30.166944,301001089442600,USGS,IAN,2022,7200.0
2022-09-30 01:00:00,-0.015,-0.346,-0.3309999999999999,-89.740556,30.166944,301001089442600,USGS,IAN,2022,7260.0
2022-09-30 02:00:00,-0.085,-0.312,-0.2269999999999999,-89.740556,30.166944,301001089442600,USGS,IAN,2022,7320.0
2022-09-30 03:00:00,-0.005,-0.265,-0.26,-89.740556,30.166944,301001089442600,USGS,IAN,2022,7380.0
2022-09-30 04:00:00,0.015,-0.205,-0.2199999999999999,-89.740556,30.166944,301001089442600,USGS,IAN,2022,7440.0
2022-09-30 05:00:00,0.135,-0.142,-0.277,-89.740556,30.166944,301001089442600,USGS,IAN,2022,7500.0
2022-09-30 06:00:00,0.245,-0.09,-0.3349999999999999,-89.740556,30.166944,301001089442600,USGS,IAN,2022,7560.0
2022-09-30 07:00:00,0.395,-0.042,-0.437,-89.740556,30.166944,301001089442600,USGS,IAN,2022,7620.0
2022-09-30 08:00:00,0.455,0.008,-0.447,-89.740556,30.166944,301001089442600,USGS,IAN,2022,7680.0
2022-09-30 09:00:00,0.285,0.052,-0.2329999999999999,-89.740556,30.166944,301001089442600,USGS,IAN,2022,7740.0
2022-09-30 10:00:00,0.545,0.082,-0.463,-89.740556,30.166944,301001089442600,USGS,IAN,2022,7800.0
2022-09-30 11:00:00,0.485,0.09,-0.395,-89.740556,30.166944,301001089442600,USGS,IAN,2022,7860.0
2022-09-30 12:00:00,0.555,0.057,-0.498,-89.740556,30.166944,301001089442600,USGS,IAN,2022,7920.0
2022-09-30 13:00:00,0.435,-0.016,-0.451,-89.740556,30.166944,301001089442600,USGS,IAN,2022,7980.0
2022-09-30 14:00:00,0.425,-0.1,-0.525,-89.740556,30.166944,301001089442600,USGS,IAN,2022,8040.0
2022-09-30 15:00:00,0.455,-0.171,-0.626,-89.740556,30.166944,301001089442600,USGS,IAN,2022,8100.0
2022-09-30 16:00:00,0.155,-0.221,-0.376,-89.740556,30.166944,301001089442600,USGS,IAN,2022,8160.0
2022-09-30 17:00:00,0.065,-0.269,-0.334,-89.740556,30.166944,301001089442600,USGS,IAN,2022,8220.0
2022-09-30 18:00:00,0.135,-0.319,-0.454,-89.740556,30.166944,301001089442600,USGS,IAN,2022,8280.0
2022-09-30 19:00:00,-0.035,-0.364,-0.3289999999999999,-89.740556,30.166944,301001089442600,USGS,IAN,2022,8340.0
2022-09-30 20:00:00,0.045,-0.404,-0.449,-89.740556,30.166944,301001089442600,USGS,IAN,2022,8400.0
2022-09-30 21:00:00,-0.435,-0.439,-0.004,-89.740556,30.166944,301001089442600,USGS,IAN,2022,8460.0
2022-09-30 22:00:00,-0.565,-0.462,0.1029999999999999,-89.740556,30.166944,301001089442600,USGS,IAN,2022,8520.0
2022-09-30 23:00:00,-0.405,-0.471,-0.0659999999999999,-89.740556,30.166944,301001089442600,USGS,IAN,2022,8580.0
2022-10-01 00:00:00,-0.325,-0.455,-0.13,-89.740556,30.166944,301001089442600,USGS,IAN,2022,8640.0
2022-10-01 01:00:00,-0.205,-0.402,-0.197,-89.740556,30.166944,301001089442600,USGS,IAN,2022,8700.0
2022-10-01 02:00:00,0.015,-0.324,-0.339,-89.740556,30.166944,301001089442600,USGS,IAN,2022,8760.0
2022-10-01 03:00:00,0.105,-0.238,-0.3429999999999999,-89.740556,30.166944,301001089442600,USGS,IAN,2022,8820.0
2022-10-01 04:00:00,0.205,-0.163,-0.368,-89.740556,30.166944,301001089442600,USGS,IAN,2022,8880.0
2022-10-01 05:00:00,0.205,-0.11,-0.315,-89.740556,30.166944,301001089442600,USGS,IAN,2022,8940.0
2022-10-01 06:00:00,0.375,-0.054,-0.429,-89.740556,30.166944,301001089442600,USGS,IAN,2022,9000.0
2022-10-01 07:00:00,0.385,0.013,-0.372,-89.740556,30.166944,301001089442600,USGS,IAN,2022,9060.0
2022-10-01 08:00:00,0.405,0.083,-0.322,-89.740556,30.166944,301001089442600,USGS,IAN,2022,9120.0
2022-10-01 09:00:00,0.515,0.149,-0.366,-89.740556,30.166944,301001089442600,USGS,IAN,2022,9180.0
2022-10-01 10:00:00,0.415,0.215,-0.1999999999999999,-89.740556,30.166944,301001089442600,USGS,IAN,2022,9240.0
2022-10-01 11:00:00,0.475,0.259,-0.2159999999999999,-89.740556,30.166944,301001089442600,USGS,IAN,2022,9300.0
2022-10-01 12:00:00,0.505,0.276,-0.2289999999999999,-89.740556,30.166944,301001089442600,USGS,IAN,2022,9360.0
2022-10-01 13:00:00,0.515,0.257,-0.258,-89.740556,30.166944,301001089442600,USGS,IAN,2022,9420.0
2022-10-01 14:00:00,0.545,0.196,-0.349,-89.740556,30.166944,301001089442600,USGS,IAN,2022,9480.0
2022-10-01 15:00:00,0.415,0.098,-0.3169999999999999,-89.740556,30.166944,301001089442600,USGS,IAN,2022,9540.0
2022-10-01 16:00:00,0.375,-0.001,-0.376,-89.740556,30.166944,301001089442600,USGS,IAN,2022,9600.0
2022-10-01 17:00:00,0.265,-0.074,-0.339,-89.740556,30.166944,301001089442600,USGS,IAN,2022,9660.0
2022-10-01 18:00:00,0.095,-0.122,-0.217,-89.740556,30.166944,301001089442600,USGS,IAN,2022,9720.0
2022-10-01 19:00:00,0.055,-0.177,-0.2319999999999999,-89.740556,30.166944,301001089442600,USGS,IAN,2022,9780.0
2022-10-01 20:00:00,-0.255,-0.23,0.0249999999999999,-89.740556,30.166944,301001089442600,USGS,IAN,2022,9840.0
2022-10-01 21:00:00,-0.365,-0.271,0.0939999999999999,-89.740556,30.166944,301001089442600,USGS,IAN,2022,9900.0
2022-10-01 22:00:00,-0.415,-0.31,0.1049999999999999,-89.740556,30.166944,301001089442600,USGS,IAN,2022,9960.0
2022-10-01 23:00:00,-0.415,-0.35,0.065,-89.740556,30.166944,301001089442600,USGS,IAN,2022,10020.0
2022-09-25 01:00:00,1.605,0.426,-1.179,-81.6662048,30.1902405,301124081395901,USGS,IAN,2022,60.0
2022-09-25 02:00:00,1.745,0.457,-1.288,-81.6662048,30.1902405,301124081395901,USGS,IAN,2022,120.0
2022-09-25 03:00:00,1.825,0.486,-1.339,-81.6662048,30.1902405,301124081395901,USGS,IAN,2022,180.0
2022-09-25 04:00:00,1.785,0.487,-1.298,-81.6662048,30.1902405,301124081395901,USGS,IAN,2022,240.0
2022-09-25 05:00:00,1.615,0.404,-1.211,-81.6662048,30.1902405,301124081395901,USGS,IAN,2022,300.0
2022-09-25 06:00:00,1.345,0.262,-1.083,-81.6662048,30.1902405,301124081395901,USGS,IAN,2022,360.0
2022-09-25 07:00:00,1.105,0.194,-0.911,-81.6662048,30.1902405,301124081395901,USGS,IAN,2022,420.0
2022-09-25 08:00:00,0.975,0.17,-0.8049999999999999,-81.6662048,30.1902405,301124081395901,USGS,IAN,2022,480.0
2022-09-25 09:00:00,0.915,0.159,-0.756,-81.6662048,30.1902405,301124081395901,USGS,IAN,2022,540.0
2022-09-25 10:00:00,0.875,0.15,-0.725,-81.6662048,30.1902405,301124081395901,USGS,IAN,2022,600.0
2022-09-25 11:00:00,0.885,0.162,-0.723,-81.6662048,30.1902405,301124081395901,USGS,IAN,2022,660.0
2022-09-25 12:00:00,1.045,0.324,-0.7209999999999999,-81.6662048,30.1902405,301124081395901,USGS,IAN,2022,720.0
2022-09-25 13:00:00,1.335,0.444,-0.891,-81.6662048,30.1902405,301124081395901,USGS,IAN,2022,780.0
2022-09-25 14:00:00,1.525,0.485,-1.04,-81.6662048,30.1902405,301124081395901,USGS,IAN,2022,840.0
2022-09-25 15:00:00,1.615,0.517,-1.098,-81.6662048,30.1902405,301124081395901,USGS,IAN,2022,900.0
2022-09-25 16:00:00,1.655,0.525,-1.13,-81.6662048,30.1902405,301124081395901,USGS,IAN,2022,960.0
2022-09-25 17:00:00,1.565,0.472,-1.093,-81.6662048,30.1902405,301124081395901,USGS,IAN,2022,1020.0
2022-09-25 18:00:00,1.315,0.322,-0.993,-81.6662048,30.1902405,301124081395901,USGS,IAN,2022,1080.0
2022-09-25 19:00:00,1.025,0.226,-0.7989999999999999,-81.6662048,30.1902405,301124081395901,USGS,IAN,2022,1140.0
2022-09-25 20:00:00,0.855,0.197,-0.6579999999999999,-81.6662048,30.1902405,301124081395901,USGS,IAN,2022,1200.0
2022-09-25 21:00:00,0.775,0.181,-0.5940000000000001,-81.6662048,30.1902405,301124081395901,USGS,IAN,2022,1260.0
2022-09-25 22:00:00,0.765,0.173,-0.5920000000000001,-81.6662048,30.1902405,301124081395901,USGS,IAN,2022,1320.0
2022-09-25 23:00:00,0.775,0.171,-0.604,-81.6662048,30.1902405,301124081395901,USGS,IAN,2022,1380.0
2022-09-26 00:00:00,0.925,0.275,-0.65,-81.6662048,30.1902405,301124081395901,USGS,IAN,2022,1440.0
2022-09-26 01:00:00,1.315,0.439,-0.8759999999999999,-81.6662048,30.1902405,301124081395901,USGS,IAN,2022,1500.0
2022-09-26 02:00:00,1.525,0.501,-1.024,-81.6662048,30.1902405,301124081395901,USGS,IAN,2022,1560.0
2022-09-26 03:00:00,1.645,0.537,-1.108,-81.6662048,30.1902405,301124081395901,USGS,IAN,2022,1620.0
2022-09-26 04:00:00,1.685,0.556,-1.129,-81.6662048,30.1902405,301124081395901,USGS,IAN,2022,1680.0
2022-09-26 05:00:00,1.625,0.534,-1.091,-81.6662048,30.1902405,301124081395901,USGS,IAN,2022,1740.0
2022-09-26 06:00:00,1.395,0.404,-0.991,-81.6662048,30.1902405,301124081395901,USGS,IAN,2022,1800.0
2022-09-26 07:00:00,1.085,0.279,-0.8059999999999999,-81.6662048,30.1902405,301124081395901,USGS,IAN,2022,1860.0
2022-09-26 08:00:00,0.875,0.238,-0.637,-81.6662048,30.1902405,301124081395901,USGS,IAN,2022,1920.0
2022-09-26 09:00:00,0.785,0.213,-0.5720000000000001,-81.6662048,30.1902405,301124081395901,USGS,IAN,2022,1980.0
2022-09-26 10:00:00,0.725,0.205,-0.52,-81.6662048,30.1902405,301124081395901,USGS,IAN,2022,2040.0
2022-09-26 11:00:00,0.725,0.196,-0.5289999999999999,-81.6662048,30.1902405,301124081395901,USGS,IAN,2022,2100.0
2022-09-26 12:00:00,0.835,0.246,-0.589,-81.6662048,30.1902405,301124081395901,USGS,IAN,2022,2160.0
2022-09-26 13:00:00,1.105,0.44,-0.665,-81.6662048,30.1902405,301124081395901,USGS,IAN,2022,2220.0
2022-09-26 14:00:00,1.355,0.528,-0.827,-81.6662048,30.1902405,301124081395901,USGS,IAN,2022,2280.0
2022-09-26 15:00:00,1.515,0.564,-0.951,-81.6662048,30.1902405,301124081395901,USGS,IAN,2022,2340.0
2022-09-26 16:00:00,1.575,0.597,-0.978,-81.6662048,30.1902405,301124081395901,USGS,IAN,2022,2400.0
2022-09-26 17:00:00,1.555,0.598,-0.957,-81.6662048,30.1902405,301124081395901,USGS,IAN,2022,2460.0
2022-09-26 18:00:00,1.405,0.511,-0.894,-81.6662048,30.1902405,301124081395901,USGS,IAN,2022,2520.0
2022-09-26 19:00:00,1.085,0.368,-0.717,-81.6662048,30.1902405,301124081395901,USGS,IAN,2022,2580.0
2022-09-26 20:00:00,0.845,0.298,-0.5469999999999999,-81.6662048,30.1902405,301124081395901,USGS,IAN,2022,2640.0
2022-09-26 21:00:00,0.735,0.27,-0.4649999999999999,-81.6662048,30.1902405,301124081395901,USGS,IAN,2022,2700.0
2022-09-26 22:00:00,0.695,0.257,-0.4379999999999999,-81.6662048,30.1902405,301124081395901,USGS,IAN,2022,2760.0
2022-09-26 23:00:00,0.675,0.246,-0.429,-81.6662048,30.1902405,301124081395901,USGS,IAN,2022,2820.0
2022-09-27 00:00:00,0.725,0.254,-0.471,-81.6662048,30.1902405,301124081395901,USGS,IAN,2022,2880.0
2022-09-27 01:00:00,0.955,0.408,-0.5469999999999999,-81.6662048,30.1902405,301124081395901,USGS,IAN,2022,2940.0
2022-09-27 02:00:00,1.285,0.535,-0.7499999999999999,-81.6662048,30.1902405,301124081395901,USGS,IAN,2022,3000.0
2022-09-27 03:00:00,1.465,0.581,-0.8840000000000001,-81.6662048,30.1902405,301124081395901,USGS,IAN,2022,3060.0
2022-09-27 04:00:00,1.525,0.617,-0.908,-81.6662048,30.1902405,301124081395901,USGS,IAN,2022,3120.0
2022-09-27 05:00:00,1.555,0.622,-0.933,-81.6662048,30.1902405,301124081395901,USGS,IAN,2022,3180.0
2022-09-27 06:00:00,1.425,0.56,-0.865,-81.6662048,30.1902405,301124081395901,USGS,IAN,2022,3240.0
2022-09-27 07:00:00,1.115,0.402,-0.713,-81.6662048,30.1902405,301124081395901,USGS,IAN,2022,3300.0
2022-09-27 08:00:00,0.815,0.311,-0.504,-81.6662048,30.1902405,301124081395901,USGS,IAN,2022,3360.0
2022-09-27 09:00:00,0.665,0.28,-0.385,-81.6662048,30.1902405,301124081395901,USGS,IAN,2022,3420.0
2022-09-27 10:00:00,0.585,0.262,-0.3229999999999999,-81.6662048,30.1902405,301124081395901,USGS,IAN,2022,3480.0
2022-09-27 11:00:00,0.505,0.251,-0.254,-81.6662048,30.1902405,301124081395901,USGS,IAN,2022,3540.0
2022-09-27 12:00:00,0.435,0.248,-0.187,-81.6662048,30.1902405,301124081395901,USGS,IAN,2022,3600.0
2022-09-27 13:00:00,0.605,0.37,-0.235,-81.6662048,30.1902405,301124081395901,USGS,IAN,2022,3660.0
2022-09-27 14:00:00,1.005,0.534,-0.4709999999999998,-81.6662048,30.1902405,301124081395901,USGS,IAN,2022,3720.0
2022-09-27 15:00:00,1.255,0.596,-0.6589999999999999,-81.6662048,30.1902405,301124081395901,USGS,IAN,2022,3780.0
2022-09-27 16:00:00,1.365,0.643,-0.722,-81.6662048,30.1902405,301124081395901,USGS,IAN,2022,3840.0
2022-09-27 17:00:00,1.415,0.67,-0.745,-81.6662048,30.1902405,301124081395901,USGS,IAN,2022,3900.0
2022-09-27 18:00:00,1.395,0.662,-0.733,-81.6662048,30.1902405,301124081395901,USGS,IAN,2022,3960.0
2022-09-27 19:00:00,1.255,0.546,-0.7089999999999999,-81.6662048,30.1902405,301124081395901,USGS,IAN,2022,4020.0
2022-09-27 20:00:00,0.965,0.413,-0.552,-81.6662048,30.1902405,301124081395901,USGS,IAN,2022,4080.0
2022-09-27 21:00:00,0.725,0.363,-0.362,-81.6662048,30.1902405,301124081395901,USGS,IAN,2022,4140.0
2022-09-27 22:00:00,0.625,0.345,-0.28,-81.6662048,30.1902405,301124081395901,USGS,IAN,2022,4200.0
2022-09-27 23:00:00,0.555,0.331,-0.224,-81.6662048,30.1902405,301124081395901,USGS,IAN,2022,4260.0
2022-09-28 00:00:00,0.525,0.32,-0.205,-81.6662048,30.1902405,301124081395901,USGS,IAN,2022,4320.0
2022-09-28 01:00:00,0.575,0.343,-0.2319999999999999,-81.6662048,30.1902405,301124081395901,USGS,IAN,2022,4380.0
2022-09-28 02:00:00,0.875,0.522,-0.353,-81.6662048,30.1902405,301124081395901,USGS,IAN,2022,4440.0
2022-09-28 03:00:00,1.135,0.622,-0.513,-81.6662048,30.1902405,301124081395901,USGS,IAN,2022,4500.0
2022-09-28 04:00:00,1.315,0.657,-0.6579999999999999,-81.6662048,30.1902405,301124081395901,USGS,IAN,2022,4560.0
2022-09-28 05:00:00,1.415,0.685,-0.73,-81.6662048,30.1902405,301124081395901,USGS,IAN,2022,4620.0
2022-09-28 06:00:00,1.395,0.67,-0.725,-81.6662048,30.1902405,301124081395901,USGS,IAN,2022,4680.0
2022-09-28 07:00:00,1.275,0.556,-0.7189999999999999,-81.6662048,30.1902405,301124081395901,USGS,IAN,2022,4740.0
2022-09-28 08:00:00,0.985,0.41,-0.575,-81.6662048,30.1902405,301124081395901,USGS,IAN,2022,4800.0
2022-09-28 09:00:00,0.695,0.349,-0.346,-81.6662048,30.1902405,301124081395901,USGS,IAN,2022,4860.0
2022-09-28 10:00:00,0.535,0.32,-0.215,-81.6662048,30.1902405,301124081395901,USGS,IAN,2022,4920.0
2022-09-28 11:00:00,0.405,0.306,-0.099,-81.6662048,30.1902405,301124081395901,USGS,IAN,2022,4980.0
2022-09-28 12:00:00,0.425,0.292,-0.133,-81.6662048,30.1902405,301124081395901,USGS,IAN,2022,5040.0
2022-09-28 13:00:00,0.645,0.305,-0.34,-81.6662048,30.1902405,301124081395901,USGS,IAN,2022,5100.0
2022-09-28 14:00:00,1.015,0.487,-0.5279999999999999,-81.6662048,30.1902405,301124081395901,USGS,IAN,2022,5160.0
2022-09-28 15:00:00,1.115,0.606,-0.509,-81.6662048,30.1902405,301124081395901,USGS,IAN,2022,5220.0
2022-09-28 16:00:00,1.485,0.655,-0.8300000000000001,-81.6662048,30.1902405,301124081395901,USGS,IAN,2022,5280.0
2022-09-28 17:00:00,1.635,0.705,-0.93,-81.6662048,30.1902405,301124081395901,USGS,IAN,2022,5340.0
2022-09-28 18:00:00,1.675,0.728,-0.947,-81.6662048,30.1902405,301124081395901,USGS,IAN,2022,5400.0
2022-09-28 19:00:00,1.625,0.706,-0.919,-81.6662048,30.1902405,301124081395901,USGS,IAN,2022,5460.0
2022-09-28 20:00:00,1.485,0.582,-0.903,-81.6662048,30.1902405,301124081395901,USGS,IAN,2022,5520.0
2022-09-28 21:00:00,1.315,0.456,-0.859,-81.6662048,30.1902405,301124081395901,USGS,IAN,2022,5580.0
2022-09-28 22:00:00,1.165,0.39,-0.775,-81.6662048,30.1902405,301124081395901,USGS,IAN,2022,5640.0
2022-09-28 23:00:00,0.885,0.342,-0.5429999999999999,-81.6662048,30.1902405,301124081395901,USGS,IAN,2022,5700.0
2022-09-29 00:00:00,0.915,0.3,-0.615,-81.6662048,30.1902405,301124081395901,USGS,IAN,2022,5760.0
2022-09-29 01:00:00,0.965,0.288,-0.677,-81.6662048,30.1902405,301124081395901,USGS,IAN,2022,5820.0
2022-09-29 02:00:00,1.215,0.41,-0.8050000000000002,-81.6662048,30.1902405,301124081395901,USGS,IAN,2022,5880.0
2022-09-29 03:00:00,1.475,0.459,-1.016,-81.6662048,30.1902405,301124081395901,USGS,IAN,2022,5940.0
2022-09-29 04:00:00,1.795,0.48,-1.315,-81.6662048,30.1902405,301124081395901,USGS,IAN,2022,6000.0
2022-09-29 05:00:00,1.885,0.532,-1.353,-81.6662048,30.1902405,301124081395901,USGS,IAN,2022,6060.0
2022-09-29 06:00:00,1.695,0.602,-1.093,-81.6662048,30.1902405,301124081395901,USGS,IAN,2022,6120.0
2022-09-29 08:00:00,1.985,0.715,-1.27,-81.6662048,30.1902405,301124081395901,USGS,IAN,2022,6240.0
2022-09-29 09:00:00,1.715,0.684,-1.031,-81.6662048,30.1902405,301124081395901,USGS,IAN,2022,6300.0
2022-09-29 12:00:00,1.315,0.439,-0.8759999999999999,-81.6662048,30.1902405,301124081395901,USGS,IAN,2022,6480.0
2022-09-29 13:00:00,1.495,0.407,-1.088,-81.6662048,30.1902405,301124081395901,USGS,IAN,2022,6540.0
2022-09-29 14:00:00,1.695,0.412,-1.283,-81.6662048,30.1902405,301124081395901,USGS,IAN,2022,6600.0
2022-09-29 15:00:00,1.945,0.431,-1.514,-81.6662048,30.1902405,301124081395901,USGS,IAN,2022,6660.0
2022-09-29 16:00:00,2.425,0.477,-1.948,-81.6662048,30.1902405,301124081395901,USGS,IAN,2022,6720.0
2022-09-29 17:00:00,2.035,0.546,-1.489,-81.6662048,30.1902405,301124081395901,USGS,IAN,2022,6780.0
2022-09-29 18:00:00,2.495,0.614,-1.881,-81.6662048,30.1902405,301124081395901,USGS,IAN,2022,6840.0
2022-09-29 19:00:00,2.585,0.639,-1.946,-81.6662048,30.1902405,301124081395901,USGS,IAN,2022,6900.0
2022-09-29 20:00:00,2.565,0.651,-1.914,-81.6662048,30.1902405,301124081395901,USGS,IAN,2022,6960.0
2022-09-29 21:00:00,2.555,0.659,-1.896,-81.6662048,30.1902405,301124081395901,USGS,IAN,2022,7020.0
2022-09-29 22:00:00,2.225,0.644,-1.581,-81.6662048,30.1902405,301124081395901,USGS,IAN,2022,7080.0
2022-09-29 23:00:00,2.055,0.637,-1.418,-81.6662048,30.1902405,301124081395901,USGS,IAN,2022,7140.0
2022-09-30 00:00:00,1.995,0.682,-1.3130000000000002,-81.6662048,30.1902405,301124081395901,USGS,IAN,2022,7200.0
2022-09-30 01:00:00,1.905,0.79,-1.115,-81.6662048,30.1902405,301124081395901,USGS,IAN,2022,7260.0
2022-09-30 02:00:00,1.945,1.038,-0.907,-81.6662048,30.1902405,301124081395901,USGS,IAN,2022,7320.0
2022-09-30 03:00:00,2.355,1.309,-1.046,-81.6662048,30.1902405,301124081395901,USGS,IAN,2022,7380.0
2022-09-30 04:00:00,2.625,1.63,-0.995,-81.6662048,30.1902405,301124081395901,USGS,IAN,2022,7440.0
2022-09-30 05:00:00,2.965,1.974,-0.991,-81.6662048,30.1902405,301124081395901,USGS,IAN,2022,7500.0
2022-09-30 06:00:00,3.135,2.311,-0.8239999999999998,-81.6662048,30.1902405,301124081395901,USGS,IAN,2022,7560.0
2022-09-30 07:00:00,3.295,2.6,-0.6949999999999998,-81.6662048,30.1902405,301124081395901,USGS,IAN,2022,7620.0
2022-09-30 08:00:00,3.365,2.795,-0.5700000000000003,-81.6662048,30.1902405,301124081395901,USGS,IAN,2022,7680.0
2022-09-30 09:00:00,3.265,2.865,-0.3999999999999999,-81.6662048,30.1902405,301124081395901,USGS,IAN,2022,7740.0
2022-09-30 10:00:00,3.065,2.753,-0.3119999999999998,-81.6662048,30.1902405,301124081395901,USGS,IAN,2022,7800.0
2022-09-30 11:00:00,2.875,2.616,-0.2589999999999999,-81.6662048,30.1902405,301124081395901,USGS,IAN,2022,7860.0
2022-09-30 12:00:00,2.765,2.518,-0.2470000000000003,-81.6662048,30.1902405,301124081395901,USGS,IAN,2022,7920.0
2022-09-30 13:00:00,2.745,2.446,-0.2989999999999999,-81.6662048,30.1902405,301124081395901,USGS,IAN,2022,7980.0
2022-09-30 14:00:00,2.695,2.425,-0.27,-81.6662048,30.1902405,301124081395901,USGS,IAN,2022,8040.0
2022-09-30 15:00:00,2.645,2.443,-0.2019999999999999,-81.6662048,30.1902405,301124081395901,USGS,IAN,2022,8100.0
2022-09-30 16:00:00,2.745,2.522,-0.2230000000000003,-81.6662048,30.1902405,301124081395901,USGS,IAN,2022,8160.0
2022-09-30 17:00:00,2.985,2.67,-0.3149999999999999,-81.6662048,30.1902405,301124081395901,USGS,IAN,2022,8220.0
2022-09-30 18:00:00,3.235,2.768,-0.4670000000000001,-81.6662048,30.1902405,301124081395901,USGS,IAN,2022,8280.0
2022-09-30 19:00:00,3.385,2.8,-0.585,-81.6662048,30.1902405,301124081395901,USGS,IAN,2022,8340.0
2022-09-30 20:00:00,3.365,2.772,-0.5930000000000004,-81.6662048,30.1902405,301124081395901,USGS,IAN,2022,8400.0
2022-09-30 21:00:00,3.185,2.636,-0.5489999999999999,-81.6662048,30.1902405,301124081395901,USGS,IAN,2022,8460.0
2022-09-30 22:00:00,2.855,2.459,-0.3959999999999999,-81.6662048,30.1902405,301124081395901,USGS,IAN,2022,8520.0
2022-09-30 23:00:00,2.595,2.359,-0.2360000000000002,-81.6662048,30.1902405,301124081395901,USGS,IAN,2022,8580.0
2022-10-01 00:00:00,2.475,2.303,-0.1720000000000001,-81.6662048,30.1902405,301124081395901,USGS,IAN,2022,8640.0
2022-10-01 01:00:00,2.455,2.274,-0.181,-81.6662048,30.1902405,301124081395901,USGS,IAN,2022,8700.0
2022-10-01 02:00:00,2.435,2.236,-0.1989999999999998,-81.6662048,30.1902405,301124081395901,USGS,IAN,2022,8760.0
2022-10-01 03:00:00,2.395,2.185,-0.2099999999999999,-81.6662048,30.1902405,301124081395901,USGS,IAN,2022,8820.0
2022-10-01 04:00:00,2.405,2.137,-0.2679999999999998,-81.6662048,30.1902405,301124081395901,USGS,IAN,2022,8880.0
2022-10-01 05:00:00,2.515,2.103,-0.4119999999999999,-81.6662048,30.1902405,301124081395901,USGS,IAN,2022,8940.0
2022-10-01 06:00:00,2.705,2.107,-0.5979999999999999,-81.6662048,30.1902405,301124081395901,USGS,IAN,2022,9000.0
2022-10-01 07:00:00,2.855,2.114,-0.7410000000000001,-81.6662048,30.1902405,301124081395901,USGS,IAN,2022,9060.0
2022-10-01 08:00:00,2.845,2.043,-0.802,-81.6662048,30.1902405,301124081395901,USGS,IAN,2022,9120.0
2022-10-01 09:00:00,2.635,1.925,-0.7099999999999997,-81.6662048,30.1902405,301124081395901,USGS,IAN,2022,9180.0
2022-10-01 10:00:00,2.335,1.808,-0.5269999999999999,-81.6662048,30.1902405,301124081395901,USGS,IAN,2022,9240.0
2022-10-01 11:00:00,2.085,1.71,-0.375,-81.6662048,30.1902405,301124081395901,USGS,IAN,2022,9300.0
2022-10-01 12:00:00,1.955,1.633,-0.322,-81.6662048,30.1902405,301124081395901,USGS,IAN,2022,9360.0
2022-10-01 13:00:00,1.895,1.568,-0.3269999999999999,-81.6662048,30.1902405,301124081395901,USGS,IAN,2022,9420.0
2022-10-01 14:00:00,1.825,1.497,-0.3279999999999998,-81.6662048,30.1902405,301124081395901,USGS,IAN,2022,9480.0
2022-10-01 15:00:00,1.785,1.442,-0.3429999999999999,-81.6662048,30.1902405,301124081395901,USGS,IAN,2022,9540.0
2022-10-01 16:00:00,1.815,1.411,-0.4039999999999999,-81.6662048,30.1902405,301124081395901,USGS,IAN,2022,9600.0
2022-10-01 17:00:00,2.045,1.48,-0.565,-81.6662048,30.1902405,301124081395901,USGS,IAN,2022,9660.0
2022-10-01 18:00:00,2.285,1.622,-0.663,-81.6662048,30.1902405,301124081395901,USGS,IAN,2022,9720.0
2022-10-01 19:00:00,2.465,1.682,-0.7829999999999999,-81.6662048,30.1902405,301124081395901,USGS,IAN,2022,9780.0
2022-10-01 20:00:00,2.525,1.696,-0.829,-81.6662048,30.1902405,301124081395901,USGS,IAN,2022,9840.0
2022-10-01 21:00:00,2.425,1.644,-0.7809999999999999,-81.6662048,30.1902405,301124081395901,USGS,IAN,2022,9900.0
2022-10-01 22:00:00,2.155,1.472,-0.6829999999999998,-81.6662048,30.1902405,301124081395901,USGS,IAN,2022,9960.0
2022-10-01 23:00:00,1.875,1.338,-0.5369999999999999,-81.6662048,30.1902405,301124081395901,USGS,IAN,2022,10020.0
2022-09-25 01:00:00,0.693,0.182,-0.5109999999999999,-90.12275,30.199639,301200090072400,USGS,IAN,2022,60.0
2022-09-25 02:00:00,0.643,0.161,-0.482,-90.12275,30.199639,301200090072400,USGS,IAN,2022,120.0
2022-09-25 03:00:00,0.613,0.135,-0.478,-90.12275,30.199639,301200090072400,USGS,IAN,2022,180.0
2022-09-25 04:00:00,0.553,0.105,-0.448,-90.12275,30.199639,301200090072400,USGS,IAN,2022,240.0
2022-09-25 05:00:00,0.523,0.076,-0.447,-90.12275,30.199639,301200090072400,USGS,IAN,2022,300.0
2022-09-25 06:00:00,0.443,0.051,-0.392,-90.12275,30.199639,301200090072400,USGS,IAN,2022,360.0
2022-09-25 07:00:00,0.413,0.03,-0.383,-90.12275,30.199639,301200090072400,USGS,IAN,2022,420.0
2022-09-25 08:00:00,0.413,0.014,-0.3989999999999999,-90.12275,30.199639,301200090072400,USGS,IAN,2022,480.0
2022-09-25 09:00:00,0.413,0.008,-0.4049999999999999,-90.12275,30.199639,301200090072400,USGS,IAN,2022,540.0
2022-09-25 10:00:00,0.453,0.014,-0.439,-90.12275,30.199639,301200090072400,USGS,IAN,2022,600.0
2022-09-25 11:00:00,0.483,0.023,-0.4599999999999999,-90.12275,30.199639,301200090072400,USGS,IAN,2022,660.0
2022-09-25 12:00:00,0.533,0.03,-0.503,-90.12275,30.199639,301200090072400,USGS,IAN,2022,720.0
2022-09-25 13:00:00,0.563,0.031,-0.5319999999999999,-90.12275,30.199639,301200090072400,USGS,IAN,2022,780.0
2022-09-25 14:00:00,0.593,0.023,-0.57,-90.12275,30.199639,301200090072400,USGS,IAN,2022,840.0
2022-09-25 15:00:00,0.613,0.005,-0.608,-90.12275,30.199639,301200090072400,USGS,IAN,2022,900.0
2022-09-25 16:00:00,0.603,-0.015,-0.618,-90.12275,30.199639,301200090072400,USGS,IAN,2022,960.0
2022-09-25 17:00:00,0.553,-0.031,-0.5840000000000001,-90.12275,30.199639,301200090072400,USGS,IAN,2022,1020.0
2022-09-25 18:00:00,0.533,-0.034,-0.5670000000000001,-90.12275,30.199639,301200090072400,USGS,IAN,2022,1080.0
2022-09-25 19:00:00,0.513,-0.022,-0.535,-90.12275,30.199639,301200090072400,USGS,IAN,2022,1140.0
2022-09-25 20:00:00,0.523,0.001,-0.522,-90.12275,30.199639,301200090072400,USGS,IAN,2022,1200.0
2022-09-25 21:00:00,0.533,0.028,-0.505,-90.12275,30.199639,301200090072400,USGS,IAN,2022,1260.0
2022-09-25 22:00:00,0.543,0.058,-0.485,-90.12275,30.199639,301200090072400,USGS,IAN,2022,1320.0
2022-09-25 23:00:00,0.593,0.085,-0.508,-90.12275,30.199639,301200090072400,USGS,IAN,2022,1380.0
2022-09-26 00:00:00,0.573,0.104,-0.469,-90.12275,30.199639,301200090072400,USGS,IAN,2022,1440.0
2022-09-26 01:00:00,0.603,0.114,-0.489,-90.12275,30.199639,301200090072400,USGS,IAN,2022,1500.0
2022-09-26 02:00:00,0.623,0.114,-0.509,-90.12275,30.199639,301200090072400,USGS,IAN,2022,1560.0
2022-09-26 03:00:00,0.593,0.096,-0.497,-90.12275,30.199639,301200090072400,USGS,IAN,2022,1620.0
2022-09-26 04:00:00,0.493,0.071,-0.422,-90.12275,30.199639,301200090072400,USGS,IAN,2022,1680.0
2022-09-26 05:00:00,0.493,0.047,-0.446,-90.12275,30.199639,301200090072400,USGS,IAN,2022,1740.0
2022-09-26 06:00:00,0.343,0.023,-0.32,-90.12275,30.199639,301200090072400,USGS,IAN,2022,1800.0
2022-09-26 07:00:00,0.323,0.007,-0.316,-90.12275,30.199639,301200090072400,USGS,IAN,2022,1860.0
2022-09-26 08:00:00,0.293,0.004,-0.289,-90.12275,30.199639,301200090072400,USGS,IAN,2022,1920.0
2022-09-26 09:00:00,0.303,0.013,-0.29,-90.12275,30.199639,301200090072400,USGS,IAN,2022,1980.0
2022-09-26 10:00:00,0.323,0.028,-0.295,-90.12275,30.199639,301200090072400,USGS,IAN,2022,2040.0
2022-09-26 11:00:00,0.283,0.046,-0.237,-90.12275,30.199639,301200090072400,USGS,IAN,2022,2100.0
2022-09-26 12:00:00,0.323,0.06,-0.263,-90.12275,30.199639,301200090072400,USGS,IAN,2022,2160.0
2022-09-26 13:00:00,0.383,0.059,-0.324,-90.12275,30.199639,301200090072400,USGS,IAN,2022,2220.0
2022-09-26 14:00:00,0.343,0.045,-0.298,-90.12275,30.199639,301200090072400,USGS,IAN,2022,2280.0
2022-09-26 15:00:00,0.333,0.024,-0.309,-90.12275,30.199639,301200090072400,USGS,IAN,2022,2340.0
2022-09-26 16:00:00,0.343,-0.002,-0.345,-90.12275,30.199639,301200090072400,USGS,IAN,2022,2400.0
2022-09-26 17:00:00,0.303,-0.028,-0.331,-90.12275,30.199639,301200090072400,USGS,IAN,2022,2460.0
2022-09-26 18:00:00,0.253,-0.05,-0.303,-90.12275,30.199639,301200090072400,USGS,IAN,2022,2520.0
2022-09-26 19:00:00,0.273,-0.058,-0.331,-90.12275,30.199639,301200090072400,USGS,IAN,2022,2580.0
2022-09-26 20:00:00,0.233,-0.053,-0.286,-90.12275,30.199639,301200090072400,USGS,IAN,2022,2640.0
2022-09-26 21:00:00,0.253,-0.035,-0.288,-90.12275,30.199639,301200090072400,USGS,IAN,2022,2700.0
2022-09-26 22:00:00,0.273,-0.01,-0.283,-90.12275,30.199639,301200090072400,USGS,IAN,2022,2760.0
2022-09-26 23:00:00,0.223,0.019,-0.204,-90.12275,30.199639,301200090072400,USGS,IAN,2022,2820.0
2022-09-27 00:00:00,0.283,0.045,-0.238,-90.12275,30.199639,301200090072400,USGS,IAN,2022,2880.0
2022-09-27 01:00:00,0.343,0.063,-0.28,-90.12275,30.199639,301200090072400,USGS,IAN,2022,2940.0
2022-09-27 02:00:00,0.383,0.072,-0.311,-90.12275,30.199639,301200090072400,USGS,IAN,2022,3000.0
2022-09-27 03:00:00,0.353,0.069,-0.284,-90.12275,30.199639,301200090072400,USGS,IAN,2022,3060.0
2022-09-27 04:00:00,0.413,0.056,-0.357,-90.12275,30.199639,301200090072400,USGS,IAN,2022,3120.0
2022-09-27 05:00:00,0.433,0.036,-0.397,-90.12275,30.199639,301200090072400,USGS,IAN,2022,3180.0
2022-09-27 06:00:00,0.443,0.02,-0.423,-90.12275,30.199639,301200090072400,USGS,IAN,2022,3240.0
2022-09-27 07:00:00,0.473,0.018,-0.4549999999999999,-90.12275,30.199639,301200090072400,USGS,IAN,2022,3300.0
2022-09-27 08:00:00,0.503,0.029,-0.474,-90.12275,30.199639,301200090072400,USGS,IAN,2022,3360.0
2022-09-27 09:00:00,0.503,0.05,-0.453,-90.12275,30.199639,301200090072400,USGS,IAN,2022,3420.0
2022-09-27 10:00:00,0.473,0.076,-0.3969999999999999,-90.12275,30.199639,301200090072400,USGS,IAN,2022,3480.0
2022-09-27 11:00:00,0.543,0.1,-0.443,-90.12275,30.199639,301200090072400,USGS,IAN,2022,3540.0
2022-09-27 12:00:00,0.603,0.117,-0.486,-90.12275,30.199639,301200090072400,USGS,IAN,2022,3600.0
2022-09-27 13:00:00,0.633,0.119,-0.514,-90.12275,30.199639,301200090072400,USGS,IAN,2022,3660.0
2022-09-27 14:00:00,0.743,0.105,-0.638,-90.12275,30.199639,301200090072400,USGS,IAN,2022,3720.0
2022-09-27 15:00:00,0.713,0.083,-0.63,-90.12275,30.199639,301200090072400,USGS,IAN,2022,3780.0
2022-09-27 16:00:00,0.723,0.055,-0.6679999999999999,-90.12275,30.199639,301200090072400,USGS,IAN,2022,3840.0
2022-09-27 17:00:00,0.723,0.023,-0.7,-90.12275,30.199639,301200090072400,USGS,IAN,2022,3900.0
2022-09-27 18:00:00,0.743,-0.005,-0.748,-90.12275,30.199639,301200090072400,USGS,IAN,2022,3960.0
2022-09-27 19:00:00,0.783,-0.029,-0.812,-90.12275,30.199639,301200090072400,USGS,IAN,2022,4020.0
2022-09-27 20:00:00,0.743,-0.05,-0.793,-90.12275,30.199639,301200090072400,USGS,IAN,2022,4080.0
2022-09-27 21:00:00,0.793,-0.064,-0.857,-90.12275,30.199639,301200090072400,USGS,IAN,2022,4140.0
2022-09-27 22:00:00,0.793,-0.063,-0.8560000000000001,-90.12275,30.199639,301200090072400,USGS,IAN,2022,4200.0
2022-09-27 23:00:00,0.783,-0.048,-0.8310000000000001,-90.12275,30.199639,301200090072400,USGS,IAN,2022,4260.0
2022-09-28 00:00:00,0.843,-0.028,-0.871,-90.12275,30.199639,301200090072400,USGS,IAN,2022,4320.0
2022-09-28 01:00:00,0.783,-0.005,-0.788,-90.12275,30.199639,301200090072400,USGS,IAN,2022,4380.0
2022-09-28 02:00:00,0.843,0.02,-0.823,-90.12275,30.199639,301200090072400,USGS,IAN,2022,4440.0
2022-09-28 03:00:00,0.803,0.037,-0.766,-90.12275,30.199639,301200090072400,USGS,IAN,2022,4500.0
2022-09-28 04:00:00,0.743,0.049,-0.694,-90.12275,30.199639,301200090072400,USGS,IAN,2022,4560.0
2022-09-28 05:00:00,0.813,0.06,-0.7529999999999999,-90.12275,30.199639,301200090072400,USGS,IAN,2022,4620.0
2022-09-28 06:00:00,0.813,0.074,-0.739,-90.12275,30.199639,301200090072400,USGS,IAN,2022,4680.0
2022-09-28 07:00:00,0.863,0.089,-0.774,-90.12275,30.199639,301200090072400,USGS,IAN,2022,4740.0
2022-09-28 08:00:00,0.843,0.109,-0.734,-90.12275,30.199639,301200090072400,USGS,IAN,2022,4800.0
2022-09-28 09:00:00,0.843,0.135,-0.708,-90.12275,30.199639,301200090072400,USGS,IAN,2022,4860.0
2022-09-28 10:00:00,0.833,0.16,-0.6729999999999999,-90.12275,30.199639,301200090072400,USGS,IAN,2022,4920.0
2022-09-28 11:00:00,0.933,0.184,-0.7490000000000001,-90.12275,30.199639,301200090072400,USGS,IAN,2022,4980.0
2022-09-28 12:00:00,0.963,0.204,-0.759,-90.12275,30.199639,301200090072400,USGS,IAN,2022,5040.0
2022-09-28 13:00:00,1.013,0.211,-0.8019999999999999,-90.12275,30.199639,301200090072400,USGS,IAN,2022,5100.0
2022-09-28 14:00:00,1.153,0.203,-0.95,-90.12275,30.199639,301200090072400,USGS,IAN,2022,5160.0
2022-09-28 15:00:00,1.173,0.181,-0.992,-90.12275,30.199639,301200090072400,USGS,IAN,2022,5220.0
2022-09-28 16:00:00,1.123,0.154,-0.969,-90.12275,30.199639,301200090072400,USGS,IAN,2022,5280.0
2022-09-28 17:00:00,1.153,0.122,-1.031,-90.12275,30.199639,301200090072400,USGS,IAN,2022,5340.0
2022-09-28 18:00:00,1.103,0.09,-1.013,-90.12275,30.199639,301200090072400,USGS,IAN,2022,5400.0
2022-09-28 19:00:00,1.223,0.061,-1.162,-90.12275,30.199639,301200090072400,USGS,IAN,2022,5460.0
2022-09-28 20:00:00,1.303,0.032,-1.271,-90.12275,30.199639,301200090072400,USGS,IAN,2022,5520.0
2022-09-28 21:00:00,1.223,0.004,-1.219,-90.12275,30.199639,301200090072400,USGS,IAN,2022,5580.0
2022-09-28 22:00:00,1.013,-0.022,-1.035,-90.12275,30.199639,301200090072400,USGS,IAN,2022,5640.0
2022-09-28 23:00:00,1.113,-0.041,-1.154,-90.12275,30.199639,301200090072400,USGS,IAN,2022,5700.0
2022-09-29 00:00:00,1.023,-0.054,-1.077,-90.12275,30.199639,301200090072400,USGS,IAN,2022,5760.0
2022-09-29 01:00:00,1.083,-0.058,-1.141,-90.12275,30.199639,301200090072400,USGS,IAN,2022,5820.0
2022-09-29 02:00:00,1.073,-0.054,-1.127,-90.12275,30.199639,301200090072400,USGS,IAN,2022,5880.0
2022-09-29 03:00:00,1.043,-0.043,-1.086,-90.12275,30.199639,301200090072400,USGS,IAN,2022,5940.0
2022-09-29 04:00:00,0.993,-0.03,-1.023,-90.12275,30.199639,301200090072400,USGS,IAN,2022,6000.0
2022-09-29 05:00:00,1.033,-0.015,-1.0479999999999998,-90.12275,30.199639,301200090072400,USGS,IAN,2022,6060.0
2022-09-29 06:00:00,0.873,0.003,-0.87,-90.12275,30.199639,301200090072400,USGS,IAN,2022,6120.0
2022-09-29 07:00:00,0.883,0.022,-0.861,-90.12275,30.199639,301200090072400,USGS,IAN,2022,6180.0
2022-09-29 08:00:00,0.873,0.045,-0.828,-90.12275,30.199639,301200090072400,USGS,IAN,2022,6240.0
2022-09-29 09:00:00,0.893,0.07,-0.823,-90.12275,30.199639,301200090072400,USGS,IAN,2022,6300.0
2022-09-29 10:00:00,0.843,0.097,-0.746,-90.12275,30.199639,301200090072400,USGS,IAN,2022,6360.0
2022-09-29 11:00:00,0.823,0.122,-0.701,-90.12275,30.199639,301200090072400,USGS,IAN,2022,6420.0
2022-09-29 12:00:00,0.843,0.144,-0.699,-90.12275,30.199639,301200090072400,USGS,IAN,2022,6480.0
2022-09-29 13:00:00,0.883,0.158,-0.725,-90.12275,30.199639,301200090072400,USGS,IAN,2022,6540.0
2022-09-29 14:00:00,0.843,0.156,-0.6869999999999999,-90.12275,30.199639,301200090072400,USGS,IAN,2022,6600.0
2022-09-29 15:00:00,0.863,0.139,-0.724,-90.12275,30.199639,301200090072400,USGS,IAN,2022,6660.0
2022-09-29 16:00:00,0.783,0.114,-0.669,-90.12275,30.199639,301200090072400,USGS,IAN,2022,6720.0
2022-09-29 17:00:00,0.783,0.083,-0.7000000000000001,-90.12275,30.199639,301200090072400,USGS,IAN,2022,6780.0
2022-09-29 18:00:00,0.743,0.05,-0.693,-90.12275,30.199639,301200090072400,USGS,IAN,2022,6840.0
2022-09-29 19:00:00,0.653,0.018,-0.635,-90.12275,30.199639,301200090072400,USGS,IAN,2022,6900.0
2022-09-29 20:00:00,0.603,-0.013,-0.616,-90.12275,30.199639,301200090072400,USGS,IAN,2022,6960.0
2022-09-29 21:00:00,0.543,-0.045,-0.5880000000000001,-90.12275,30.199639,301200090072400,USGS,IAN,2022,7020.0
2022-09-29 22:00:00,0.523,-0.078,-0.601,-90.12275,30.199639,301200090072400,USGS,IAN,2022,7080.0
2022-09-29 23:00:00,0.393,-0.109,-0.502,-90.12275,30.199639,301200090072400,USGS,IAN,2022,7140.0
2022-09-30 00:00:00,0.293,-0.139,-0.432,-90.12275,30.199639,301200090072400,USGS,IAN,2022,7200.0
2022-09-30 01:00:00,0.253,-0.169,-0.422,-90.12275,30.199639,301200090072400,USGS,IAN,2022,7260.0
2022-09-30 02:00:00,0.213,-0.195,-0.408,-90.12275,30.199639,301200090072400,USGS,IAN,2022,7320.0
2022-09-30 03:00:00,0.223,-0.217,-0.44,-90.12275,30.199639,301200090072400,USGS,IAN,2022,7380.0
2022-09-30 04:00:00,0.123,-0.234,-0.357,-90.12275,30.199639,301200090072400,USGS,IAN,2022,7440.0
2022-09-30 05:00:00,0.083,-0.244,-0.327,-90.12275,30.199639,301200090072400,USGS,IAN,2022,7500.0
2022-09-30 06:00:00,0.083,-0.243,-0.326,-90.12275,30.199639,301200090072400,USGS,IAN,2022,7560.0
2022-09-30 07:00:00,0.083,-0.228,-0.311,-90.12275,30.199639,301200090072400,USGS,IAN,2022,7620.0
2022-09-30 08:00:00,0.053,-0.205,-0.258,-90.12275,30.199639,301200090072400,USGS,IAN,2022,7680.0
2022-09-30 09:00:00,0.083,-0.177,-0.26,-90.12275,30.199639,301200090072400,USGS,IAN,2022,7740.0
2022-09-30 10:00:00,0.113,-0.146,-0.259,-90.12275,30.199639,301200090072400,USGS,IAN,2022,7800.0
2022-09-30 11:00:00,0.173,-0.115,-0.288,-90.12275,30.199639,301200090072400,USGS,IAN,2022,7860.0
2022-09-30 12:00:00,0.193,-0.086,-0.279,-90.12275,30.199639,301200090072400,USGS,IAN,2022,7920.0
2022-09-30 13:00:00,0.303,-0.06,-0.363,-90.12275,30.199639,301200090072400,USGS,IAN,2022,7980.0
2022-09-30 14:00:00,0.433,-0.039,-0.472,-90.12275,30.199639,301200090072400,USGS,IAN,2022,8040.0
2022-09-30 15:00:00,0.383,-0.031,-0.414,-90.12275,30.199639,301200090072400,USGS,IAN,2022,8100.0
2022-09-30 16:00:00,0.403,-0.039,-0.442,-90.12275,30.199639,301200090072400,USGS,IAN,2022,8160.0
2022-09-30 17:00:00,0.383,-0.06,-0.443,-90.12275,30.199639,301200090072400,USGS,IAN,2022,8220.0
2022-09-30 18:00:00,0.363,-0.087,-0.4499999999999999,-90.12275,30.199639,301200090072400,USGS,IAN,2022,8280.0
2022-09-30 19:00:00,0.303,-0.119,-0.422,-90.12275,30.199639,301200090072400,USGS,IAN,2022,8340.0
2022-09-30 20:00:00,0.233,-0.151,-0.384,-90.12275,30.199639,301200090072400,USGS,IAN,2022,8400.0
2022-09-30 21:00:00,0.103,-0.18,-0.283,-90.12275,30.199639,301200090072400,USGS,IAN,2022,8460.0
2022-09-30 22:00:00,0.113,-0.209,-0.322,-90.12275,30.199639,301200090072400,USGS,IAN,2022,8520.0
2022-09-30 23:00:00,0.073,-0.239,-0.312,-90.12275,30.199639,301200090072400,USGS,IAN,2022,8580.0
2022-10-01 00:00:00,0.023,-0.269,-0.292,-90.12275,30.199639,301200090072400,USGS,IAN,2022,8640.0
2022-10-01 01:00:00,-0.027,-0.294,-0.2669999999999999,-90.12275,30.199639,301200090072400,USGS,IAN,2022,8700.0
2022-10-01 02:00:00,-0.067,-0.317,-0.25,-90.12275,30.199639,301200090072400,USGS,IAN,2022,8760.0
2022-10-01 03:00:00,-0.097,-0.333,-0.236,-90.12275,30.199639,301200090072400,USGS,IAN,2022,8820.0
2022-10-01 04:00:00,-0.127,-0.338,-0.211,-90.12275,30.199639,301200090072400,USGS,IAN,2022,8880.0
2022-10-01 05:00:00,-0.157,-0.328,-0.171,-90.12275,30.199639,301200090072400,USGS,IAN,2022,8940.0
2022-10-01 06:00:00,-0.117,-0.306,-0.189,-90.12275,30.199639,301200090072400,USGS,IAN,2022,9000.0
2022-10-01 07:00:00,-0.067,-0.277,-0.21,-90.12275,30.199639,301200090072400,USGS,IAN,2022,9060.0
2022-10-01 08:00:00,-0.037,-0.242,-0.205,-90.12275,30.199639,301200090072400,USGS,IAN,2022,9120.0
2022-10-01 09:00:00,0.003,-0.206,-0.209,-90.12275,30.199639,301200090072400,USGS,IAN,2022,9180.0
2022-10-01 10:00:00,0.063,-0.171,-0.234,-90.12275,30.199639,301200090072400,USGS,IAN,2022,9240.0
2022-10-01 11:00:00,0.083,-0.134,-0.217,-90.12275,30.199639,301200090072400,USGS,IAN,2022,9300.0
2022-10-01 12:00:00,0.163,-0.094,-0.257,-90.12275,30.199639,301200090072400,USGS,IAN,2022,9360.0
2022-10-01 13:00:00,0.183,-0.055,-0.238,-90.12275,30.199639,301200090072400,USGS,IAN,2022,9420.0
2022-10-01 14:00:00,0.233,-0.022,-0.255,-90.12275,30.199639,301200090072400,USGS,IAN,2022,9480.0
2022-10-01 15:00:00,0.253,0.009,-0.244,-90.12275,30.199639,301200090072400,USGS,IAN,2022,9540.0
2022-10-01 17:00:00,0.283,0.045,-0.238,-90.12275,30.199639,301200090072400,USGS,IAN,2022,9660.0
2022-10-01 18:00:00,0.233,0.04,-0.193,-90.12275,30.199639,301200090072400,USGS,IAN,2022,9720.0
2022-10-01 19:00:00,0.193,0.021,-0.172,-90.12275,30.199639,301200090072400,USGS,IAN,2022,9780.0
2022-10-01 20:00:00,0.133,-0.004,-0.137,-90.12275,30.199639,301200090072400,USGS,IAN,2022,9840.0
2022-10-01 21:00:00,0.053,-0.036,-0.089,-90.12275,30.199639,301200090072400,USGS,IAN,2022,9900.0
2022-10-01 22:00:00,-0.007,-0.069,-0.062,-90.12275,30.199639,301200090072400,USGS,IAN,2022,9960.0
2022-10-01 23:00:00,-0.057,-0.099,-0.042,-90.12275,30.199639,301200090072400,USGS,IAN,2022,10020.0
2022-09-25 01:00:00,0.937,1.411,0.474,-71.8583333,41.31055556,411838071513000,USGS,IAN,2022,60.0
2022-09-25 02:00:00,0.617,1.035,0.4179999999999999,-71.8583333,41.31055556,411838071513000,USGS,IAN,2022,120.0
2022-09-25 03:00:00,0.037,0.512,0.475,-71.8583333,41.31055556,411838071513000,USGS,IAN,2022,180.0
2022-09-25 04:00:00,-0.513,-0.107,0.406,-71.8583333,41.31055556,411838071513000,USGS,IAN,2022,240.0
2022-09-25 05:00:00,-0.983,-0.693,0.29,-71.8583333,41.31055556,411838071513000,USGS,IAN,2022,300.0
2022-09-25 06:00:00,-1.383,-1.191,0.1919999999999999,-71.8583333,41.31055556,411838071513000,USGS,IAN,2022,360.0
2022-09-25 07:00:00,-1.803,-1.51,0.2929999999999999,-71.8583333,41.31055556,411838071513000,USGS,IAN,2022,420.0
2022-09-25 08:00:00,-2.013,-1.421,0.5919999999999999,-71.8583333,41.31055556,411838071513000,USGS,IAN,2022,480.0
2022-09-25 09:00:00,-1.513,-0.884,0.6289999999999999,-71.8583333,41.31055556,411838071513000,USGS,IAN,2022,540.0
2022-09-25 10:00:00,-0.633,0.006,0.639,-71.8583333,41.31055556,411838071513000,USGS,IAN,2022,600.0
2022-09-25 11:00:00,0.287,0.893,0.6060000000000001,-71.8583333,41.31055556,411838071513000,USGS,IAN,2022,660.0
2022-09-25 12:00:00,1.007,1.401,0.3940000000000001,-71.8583333,41.31055556,411838071513000,USGS,IAN,2022,720.0
2022-09-25 13:00:00,1.487,1.532,0.0449999999999999,-71.8583333,41.31055556,411838071513000,USGS,IAN,2022,780.0
2022-09-25 14:00:00,1.457,1.238,-0.219,-71.8583333,41.31055556,411838071513000,USGS,IAN,2022,840.0
2022-09-25 15:00:00,0.977,0.749,-0.2279999999999999,-71.8583333,41.31055556,411838071513000,USGS,IAN,2022,900.0
2022-09-25 16:00:00,0.447,0.113,-0.334,-71.8583333,41.31055556,411838071513000,USGS,IAN,2022,960.0
2022-09-25 17:00:00,0.027,-0.495,-0.522,-71.8583333,41.31055556,411838071513000,USGS,IAN,2022,1020.0
2022-09-25 18:00:00,-0.203,-1.049,-0.8459999999999999,-71.8583333,41.31055556,411838071513000,USGS,IAN,2022,1080.0
2022-09-25 19:00:00,-0.353,-1.437,-1.084,-71.8583333,41.31055556,411838071513000,USGS,IAN,2022,1140.0
2022-09-25 20:00:00,-0.343,-1.507,-1.164,-71.8583333,41.31055556,411838071513000,USGS,IAN,2022,1200.0
2022-09-25 21:00:00,0.107,-1.081,-1.188,-71.8583333,41.31055556,411838071513000,USGS,IAN,2022,1260.0
2022-09-25 22:00:00,0.957,-0.279,-1.236,-71.8583333,41.31055556,411838071513000,USGS,IAN,2022,1320.0
2022-09-25 23:00:00,1.727,0.658,-1.069,-71.8583333,41.31055556,411838071513000,USGS,IAN,2022,1380.0
2022-09-26 00:00:00,2.217,1.301,-0.916,-71.8583333,41.31055556,411838071513000,USGS,IAN,2022,1440.0
2022-09-26 01:00:00,2.507,1.529,-0.9780000000000002,-71.8583333,41.31055556,411838071513000,USGS,IAN,2022,1500.0
2022-09-26 02:00:00,2.697,1.337,-1.36,-71.8583333,41.31055556,411838071513000,USGS,IAN,2022,1560.0
2022-09-26 03:00:00,2.097,0.859,-1.238,-71.8583333,41.31055556,411838071513000,USGS,IAN,2022,1620.0
2022-09-26 04:00:00,1.377,0.237,-1.14,-71.8583333,41.31055556,411838071513000,USGS,IAN,2022,1680.0
2022-09-26 05:00:00,0.917,-0.393,-1.31,-71.8583333,41.31055556,411838071513000,USGS,IAN,2022,1740.0
2022-09-26 06:00:00,0.177,-0.963,-1.14,-71.8583333,41.31055556,411838071513000,USGS,IAN,2022,1800.0
2022-09-26 07:00:00,-0.433,-1.414,-0.981,-71.8583333,41.31055556,411838071513000,USGS,IAN,2022,1860.0
2022-09-26 08:00:00,-0.743,-1.611,-0.868,-71.8583333,41.31055556,411838071513000,USGS,IAN,2022,1920.0
2022-09-26 09:00:00,-0.403,-1.297,-0.8939999999999999,-71.8583333,41.31055556,411838071513000,USGS,IAN,2022,1980.0
2022-09-26 10:00:00,0.227,-0.535,-0.762,-71.8583333,41.31055556,411838071513000,USGS,IAN,2022,2040.0
2022-09-26 11:00:00,0.927,0.499,-0.428,-71.8583333,41.31055556,411838071513000,USGS,IAN,2022,2100.0
2022-09-26 12:00:00,1.487,1.334,-0.153,-71.8583333,41.31055556,411838071513000,USGS,IAN,2022,2160.0
2022-09-26 13:00:00,1.877,1.706,-0.171,-71.8583333,41.31055556,411838071513000,USGS,IAN,2022,2220.0
2022-09-26 14:00:00,1.837,1.665,-0.1719999999999999,-71.8583333,41.31055556,411838071513000,USGS,IAN,2022,2280.0
2022-09-26 15:00:00,1.557,1.204,-0.353,-71.8583333,41.31055556,411838071513000,USGS,IAN,2022,2340.0
2022-09-26 16:00:00,0.957,0.583,-0.374,-71.8583333,41.31055556,411838071513000,USGS,IAN,2022,2400.0
2022-09-26 17:00:00,0.327,-0.104,-0.431,-71.8583333,41.31055556,411838071513000,USGS,IAN,2022,2460.0
2022-09-26 18:00:00,-0.103,-0.749,-0.646,-71.8583333,41.31055556,411838071513000,USGS,IAN,2022,2520.0
2022-09-26 19:00:00,-0.373,-1.291,-0.918,-71.8583333,41.31055556,411838071513000,USGS,IAN,2022,2580.0
2022-09-26 20:00:00,-0.743,-1.644,-0.901,-71.8583333,41.31055556,411838071513000,USGS,IAN,2022,2640.0
2022-09-26 21:00:00,-0.843,-1.564,-0.7210000000000001,-71.8583333,41.31055556,411838071513000,USGS,IAN,2022,2700.0
2022-09-26 22:00:00,-0.233,-0.982,-0.749,-71.8583333,41.31055556,411838071513000,USGS,IAN,2022,2760.0
2022-09-26 23:00:00,0.727,-0.012,-0.739,-71.8583333,41.31055556,411838071513000,USGS,IAN,2022,2820.0
2022-09-27 00:00:00,1.367,0.931,-0.4359999999999999,-71.8583333,41.31055556,411838071513000,USGS,IAN,2022,2880.0
2022-09-27 01:00:00,1.817,1.427,-0.3899999999999999,-71.8583333,41.31055556,411838071513000,USGS,IAN,2022,2940.0
2022-09-27 02:00:00,2.127,1.527,-0.5999999999999999,-71.8583333,41.31055556,411838071513000,USGS,IAN,2022,3000.0
2022-09-27 03:00:00,1.927,1.167,-0.76,-71.8583333,41.31055556,411838071513000,USGS,IAN,2022,3060.0
2022-09-27 04:00:00,1.227,0.613,-0.6140000000000001,-71.8583333,41.31055556,411838071513000,USGS,IAN,2022,3120.0
2022-09-27 05:00:00,0.567,-0.049,-0.616,-71.8583333,41.31055556,411838071513000,USGS,IAN,2022,3180.0
2022-09-27 06:00:00,0.047,-0.668,-0.7150000000000001,-71.8583333,41.31055556,411838071513000,USGS,IAN,2022,3240.0
2022-09-27 07:00:00,-0.353,-1.204,-0.851,-71.8583333,41.31055556,411838071513000,USGS,IAN,2022,3300.0
2022-09-27 08:00:00,-0.683,-1.582,-0.899,-71.8583333,41.31055556,411838071513000,USGS,IAN,2022,3360.0
2022-09-27 09:00:00,-0.773,-1.58,-0.807,-71.8583333,41.31055556,411838071513000,USGS,IAN,2022,3420.0
2022-09-27 10:00:00,-0.363,-1.05,-0.687,-71.8583333,41.31055556,411838071513000,USGS,IAN,2022,3480.0
2022-09-27 11:00:00,0.407,-0.082,-0.489,-71.8583333,41.31055556,411838071513000,USGS,IAN,2022,3540.0
2022-09-27 12:00:00,1.177,1.0,-0.177,-71.8583333,41.31055556,411838071513000,USGS,IAN,2022,3600.0
2022-09-27 13:00:00,1.817,1.683,-0.1339999999999999,-71.8583333,41.31055556,411838071513000,USGS,IAN,2022,3660.0
2022-09-27 14:00:00,2.267,1.932,-0.3349999999999999,-71.8583333,41.31055556,411838071513000,USGS,IAN,2022,3720.0
2022-09-27 15:00:00,2.287,1.664,-0.623,-71.8583333,41.31055556,411838071513000,USGS,IAN,2022,3780.0
2022-09-27 16:00:00,1.747,1.107,-0.6400000000000001,-71.8583333,41.31055556,411838071513000,USGS,IAN,2022,3840.0
2022-09-27 17:00:00,0.937,0.396,-0.541,-71.8583333,41.31055556,411838071513000,USGS,IAN,2022,3900.0
2022-09-27 18:00:00,0.297,-0.312,-0.609,-71.8583333,41.31055556,411838071513000,USGS,IAN,2022,3960.0
2022-09-27 19:00:00,-0.183,-0.957,-0.774,-71.8583333,41.31055556,411838071513000,USGS,IAN,2022,4020.0
2022-09-27 20:00:00,-0.563,-1.476,-0.913,-71.8583333,41.31055556,411838071513000,USGS,IAN,2022,4080.0
2022-09-27 21:00:00,-0.913,-1.772,-0.859,-71.8583333,41.31055556,411838071513000,USGS,IAN,2022,4140.0
2022-09-27 22:00:00,-0.793,-1.546,-0.753,-71.8583333,41.31055556,411838071513000,USGS,IAN,2022,4200.0
2022-09-27 23:00:00,-0.113,-0.815,-0.702,-71.8583333,41.31055556,411838071513000,USGS,IAN,2022,4260.0
2022-09-28 00:00:00,0.637,0.242,-0.395,-71.8583333,41.31055556,411838071513000,USGS,IAN,2022,4320.0
2022-09-28 01:00:00,1.077,1.103,0.026,-71.8583333,41.31055556,411838071513000,USGS,IAN,2022,4380.0
2022-09-28 02:00:00,1.417,1.454,0.0369999999999999,-71.8583333,41.31055556,411838071513000,USGS,IAN,2022,4440.0
2022-09-28 03:00:00,1.597,1.414,-0.183,-71.8583333,41.31055556,411838071513000,USGS,IAN,2022,4500.0
2022-09-28 04:00:00,1.277,0.949,-0.3279999999999999,-71.8583333,41.31055556,411838071513000,USGS,IAN,2022,4560.0
2022-09-28 05:00:00,0.667,0.35,-0.317,-71.8583333,41.31055556,411838071513000,USGS,IAN,2022,4620.0
2022-09-28 06:00:00,0.047,-0.301,-0.348,-71.8583333,41.31055556,411838071513000,USGS,IAN,2022,4680.0
2022-09-28 07:00:00,-0.413,-0.881,-0.468,-71.8583333,41.31055556,411838071513000,USGS,IAN,2022,4740.0
2022-09-28 08:00:00,-0.783,-1.369,-0.586,-71.8583333,41.31055556,411838071513000,USGS,IAN,2022,4800.0
2022-09-28 09:00:00,-1.073,-1.651,-0.5780000000000001,-71.8583333,41.31055556,411838071513000,USGS,IAN,2022,4860.0
2022-09-28 10:00:00,-0.923,-1.45,-0.5269999999999999,-71.8583333,41.31055556,411838071513000,USGS,IAN,2022,4920.0
2022-09-28 11:00:00,-0.363,-0.751,-0.388,-71.8583333,41.31055556,411838071513000,USGS,IAN,2022,4980.0
2022-09-28 12:00:00,0.517,0.335,-0.182,-71.8583333,41.31055556,411838071513000,USGS,IAN,2022,5040.0
2022-09-28 13:00:00,1.217,1.37,0.153,-71.8583333,41.31055556,411838071513000,USGS,IAN,2022,5100.0
2022-09-28 14:00:00,1.747,1.911,0.1639999999999999,-71.8583333,41.31055556,411838071513000,USGS,IAN,2022,5160.0
2022-09-28 15:00:00,2.037,2.027,-0.0099999999999997,-71.8583333,41.31055556,411838071513000,USGS,IAN,2022,5220.0
2022-09-28 16:00:00,1.827,1.6,-0.2269999999999998,-71.8583333,41.31055556,411838071513000,USGS,IAN,2022,5280.0
2022-09-28 17:00:00,1.147,0.974,-0.173,-71.8583333,41.31055556,411838071513000,USGS,IAN,2022,5340.0
2022-09-28 18:00:00,0.467,0.23,-0.237,-71.8583333,41.31055556,411838071513000,USGS,IAN,2022,5400.0
2022-09-28 19:00:00,-0.083,-0.468,-0.385,-71.8583333,41.31055556,411838071513000,USGS,IAN,2022,5460.0
2022-09-28 20:00:00,-0.553,-1.094,-0.541,-71.8583333,41.31055556,411838071513000,USGS,IAN,2022,5520.0
2022-09-28 21:00:00,-1.023,-1.583,-0.56,-71.8583333,41.31055556,411838071513000,USGS,IAN,2022,5580.0
2022-09-28 22:00:00,-1.313,-1.797,-0.484,-71.8583333,41.31055556,411838071513000,USGS,IAN,2022,5640.0
2022-09-28 23:00:00,-1.093,-1.452,-0.359,-71.8583333,41.31055556,411838071513000,USGS,IAN,2022,5700.0
2022-09-29 00:00:00,-0.413,-0.62,-0.207,-71.8583333,41.31055556,411838071513000,USGS,IAN,2022,5760.0
2022-09-29 01:00:00,0.247,0.424,0.177,-71.8583333,41.31055556,411838071513000,USGS,IAN,2022,5820.0
2022-09-29 02:00:00,0.707,1.14,0.4329999999999999,-71.8583333,41.31055556,411838071513000,USGS,IAN,2022,5880.0
2022-09-29 03:00:00,1.057,1.395,0.3380000000000001,-71.8583333,41.31055556,411838071513000,USGS,IAN,2022,5940.0
2022-09-29 04:00:00,1.077,1.201,0.1240000000000001,-71.8583333,41.31055556,411838071513000,USGS,IAN,2022,6000.0
2022-09-29 05:00:00,0.687,0.725,0.0379999999999999,-71.8583333,41.31055556,411838071513000,USGS,IAN,2022,6060.0
2022-09-29 06:00:00,0.087,0.113,0.026,-71.8583333,41.31055556,411838071513000,USGS,IAN,2022,6120.0
2022-09-29 07:00:00,-0.473,-0.484,-0.011,-71.8583333,41.31055556,411838071513000,USGS,IAN,2022,6180.0
2022-09-29 08:00:00,-0.853,-1.004,-0.151,-71.8583333,41.31055556,411838071513000,USGS,IAN,2022,6240.0
2022-09-29 09:00:00,-1.143,-1.411,-0.268,-71.8583333,41.31055556,411838071513000,USGS,IAN,2022,6300.0
2022-09-29 10:00:00,-1.353,-1.537,-0.1839999999999999,-71.8583333,41.31055556,411838071513000,USGS,IAN,2022,6360.0
2022-09-29 11:00:00,-1.093,-1.178,-0.0849999999999999,-71.8583333,41.31055556,411838071513000,USGS,IAN,2022,6420.0
2022-09-29 12:00:00,-0.423,-0.401,0.0219999999999999,-71.8583333,41.31055556,411838071513000,USGS,IAN,2022,6480.0
2022-09-29 13:00:00,0.417,0.65,0.233,-71.8583333,41.31055556,411838071513000,USGS,IAN,2022,6540.0
2022-09-29 14:00:00,1.157,1.546,0.389,-71.8583333,41.31055556,411838071513000,USGS,IAN,2022,6600.0
2022-09-29 15:00:00,1.627,2.035,0.4080000000000001,-71.8583333,41.31055556,411838071513000,USGS,IAN,2022,6660.0
2022-09-29 16:00:00,1.877,2.048,0.171,-71.8583333,41.31055556,411838071513000,USGS,IAN,2022,6720.0
2022-09-29 17:00:00,1.587,1.601,0.014,-71.8583333,41.31055556,411838071513000,USGS,IAN,2022,6780.0
2022-09-29 18:00:00,0.897,0.94,0.0429999999999999,-71.8583333,41.31055556,411838071513000,USGS,IAN,2022,6840.0
2022-09-29 19:00:00,0.257,0.173,-0.084,-71.8583333,41.31055556,411838071513000,USGS,IAN,2022,6900.0
2022-09-29 20:00:00,-0.253,-0.535,-0.282,-71.8583333,41.31055556,411838071513000,USGS,IAN,2022,6960.0
2022-09-29 21:00:00,-0.703,-1.162,-0.4589999999999999,-71.8583333,41.31055556,411838071513000,USGS,IAN,2022,7020.0
2022-09-29 22:00:00,-1.173,-1.632,-0.4589999999999998,-71.8583333,41.31055556,411838071513000,USGS,IAN,2022,7080.0
2022-09-29 23:00:00,-1.413,-1.758,-0.345,-71.8583333,41.31055556,411838071513000,USGS,IAN,2022,7140.0
2022-09-30 00:00:00,-1.023,-1.3,-0.2770000000000001,-71.8583333,41.31055556,411838071513000,USGS,IAN,2022,7200.0
2022-09-30 01:00:00,-0.333,-0.404,-0.071,-71.8583333,41.31055556,411838071513000,USGS,IAN,2022,7260.0
2022-09-30 02:00:00,0.257,0.552,0.295,-71.8583333,41.31055556,411838071513000,USGS,IAN,2022,7320.0
2022-09-30 03:00:00,0.657,1.102,0.445,-71.8583333,41.31055556,411838071513000,USGS,IAN,2022,7380.0
2022-09-30 04:00:00,0.977,1.262,0.285,-71.8583333,41.31055556,411838071513000,USGS,IAN,2022,7440.0
2022-09-30 05:00:00,0.947,0.979,0.032,-71.8583333,41.31055556,411838071513000,USGS,IAN,2022,7500.0
2022-09-30 06:00:00,0.517,0.522,0.005,-71.8583333,41.31055556,411838071513000,USGS,IAN,2022,7560.0
2022-09-30 07:00:00,-0.083,-0.033,0.05,-71.8583333,41.31055556,411838071513000,USGS,IAN,2022,7620.0
2022-09-30 08:00:00,-0.463,-0.571,-0.1079999999999999,-71.8583333,41.31055556,411838071513000,USGS,IAN,2022,7680.0
2022-09-30 09:00:00,-0.653,-1.053,-0.3999999999999999,-71.8583333,41.31055556,411838071513000,USGS,IAN,2022,7740.0
2022-09-30 10:00:00,-0.843,-1.407,-0.5640000000000001,-71.8583333,41.31055556,411838071513000,USGS,IAN,2022,7800.0
2022-09-30 11:00:00,-0.923,-1.435,-0.512,-71.8583333,41.31055556,411838071513000,USGS,IAN,2022,7860.0
2022-09-30 12:00:00,-0.553,-0.994,-0.4409999999999999,-71.8583333,41.31055556,411838071513000,USGS,IAN,2022,7920.0
2022-09-30 13:00:00,0.087,-0.157,-0.244,-71.8583333,41.31055556,411838071513000,USGS,IAN,2022,7980.0
2022-09-30 14:00:00,0.907,0.87,-0.037,-71.8583333,41.31055556,411838071513000,USGS,IAN,2022,8040.0
2022-09-30 15:00:00,1.477,1.644,0.1669999999999998,-71.8583333,41.31055556,411838071513000,USGS,IAN,2022,8100.0
2022-09-30 16:00:00,1.977,2.034,0.0569999999999997,-71.8583333,41.31055556,411838071513000,USGS,IAN,2022,8160.0
2022-09-30 17:00:00,2.097,1.945,-0.1519999999999999,-71.8583333,41.31055556,411838071513000,USGS,IAN,2022,8220.0
2022-09-30 18:00:00,1.687,1.478,-0.209,-71.8583333,41.31055556,411838071513000,USGS,IAN,2022,8280.0
2022-09-30 19:00:00,0.947,0.838,-0.1089999999999999,-71.8583333,41.31055556,411838071513000,USGS,IAN,2022,8340.0
2022-09-30 20:00:00,0.377,0.149,-0.228,-71.8583333,41.31055556,411838071513000,USGS,IAN,2022,8400.0
2022-09-30 21:00:00,-0.093,-0.514,-0.421,-71.8583333,41.31055556,411838071513000,USGS,IAN,2022,8460.0
2022-09-30 22:00:00,-0.523,-1.11,-0.5870000000000001,-71.8583333,41.31055556,411838071513000,USGS,IAN,2022,8520.0
2022-09-30 23:00:00,-0.943,-1.554,-0.6110000000000001,-71.8583333,41.31055556,411838071513000,USGS,IAN,2022,8580.0
2022-10-01 00:00:00,-1.093,-1.651,-0.558,-71.8583333,41.31055556,411838071513000,USGS,IAN,2022,8640.0
2022-10-01 01:00:00,-0.693,-1.219,-0.5260000000000001,-71.8583333,41.31055556,411838071513000,USGS,IAN,2022,8700.0
2022-10-01 02:00:00,-0.043,-0.388,-0.345,-71.8583333,41.31055556,411838071513000,USGS,IAN,2022,8760.0
2022-10-01 03:00:00,0.527,0.498,-0.029,-71.8583333,41.31055556,411838071513000,USGS,IAN,2022,8820.0
2022-10-01 04:00:00,0.897,1.039,0.1419999999999999,-71.8583333,41.31055556,411838071513000,USGS,IAN,2022,8880.0
2022-10-01 05:00:00,1.287,1.224,-0.0629999999999999,-71.8583333,41.31055556,411838071513000,USGS,IAN,2022,8940.0
2022-10-01 06:00:00,1.187,1.009,-0.1780000000000001,-71.8583333,41.31055556,411838071513000,USGS,IAN,2022,9000.0
2022-10-01 07:00:00,0.717,0.571,-0.146,-71.8583333,41.31055556,411838071513000,USGS,IAN,2022,9060.0
2022-10-01 08:00:00,0.307,-0.04,-0.347,-71.8583333,41.31055556,411838071513000,USGS,IAN,2022,9120.0
2022-10-01 09:00:00,-0.023,-0.616,-0.593,-71.8583333,41.31055556,411838071513000,USGS,IAN,2022,9180.0
2022-10-01 10:00:00,-0.363,-1.086,-0.7230000000000001,-71.8583333,41.31055556,411838071513000,USGS,IAN,2022,9240.0
2022-10-01 11:00:00,-0.593,-1.38,-0.7869999999999999,-71.8583333,41.31055556,411838071513000,USGS,IAN,2022,9300.0
2022-10-01 12:00:00,-0.603,-1.23,-0.627,-71.8583333,41.31055556,411838071513000,USGS,IAN,2022,9360.0
2022-10-01 13:00:00,-0.183,-0.625,-0.442,-71.8583333,41.31055556,411838071513000,USGS,IAN,2022,9420.0
2022-10-01 14:00:00,0.237,0.262,0.025,-71.8583333,41.31055556,411838071513000,USGS,IAN,2022,9480.0
2022-10-01 15:00:00,1.187,1.143,-0.044,-71.8583333,41.31055556,411838071513000,USGS,IAN,2022,9540.0
2022-10-01 16:00:00,1.577,1.708,0.131,-71.8583333,41.31055556,411838071513000,USGS,IAN,2022,9600.0
2022-10-01 17:00:00,2.177,1.927,-0.25,-71.8583333,41.31055556,411838071513000,USGS,IAN,2022,9660.0
2022-10-01 18:00:00,2.207,1.74,-0.4669999999999998,-71.8583333,41.31055556,411838071513000,USGS,IAN,2022,9720.0
2022-10-01 19:00:00,1.737,1.349,-0.3880000000000001,-71.8583333,41.31055556,411838071513000,USGS,IAN,2022,9780.0
2022-10-01 20:00:00,1.157,0.792,-0.365,-71.8583333,41.31055556,411838071513000,USGS,IAN,2022,9840.0
2022-10-01 21:00:00,0.827,0.138,-0.689,-71.8583333,41.31055556,411838071513000,USGS,IAN,2022,9900.0
2022-10-01 22:00:00,0.427,-0.546,-0.973,-71.8583333,41.31055556,411838071513000,USGS,IAN,2022,9960.0
2022-10-01 23:00:00,-0.053,-1.122,-1.0690000000000002,-71.8583333,41.31055556,411838071513000,USGS,IAN,2022,10020.0
2022-09-25 01:00:00,0.756,2.62,1.864,-70.15388889,41.75194444,414507070091400,USGS,IAN,2022,60.0
2022-09-25 02:00:00,2.816,4.059,1.2430000000000003,-70.15388889,41.75194444,414507070091400,USGS,IAN,2022,120.0
2022-09-25 03:00:00,4.126,4.164,0.0379999999999993,-70.15388889,41.75194444,414507070091400,USGS,IAN,2022,180.0
2022-09-25 04:00:00,4.216,3.486,-0.73,-70.15388889,41.75194444,414507070091400,USGS,IAN,2022,240.0
2022-09-25 05:00:00,3.046,2.432,-0.6139999999999999,-70.15388889,41.75194444,414507070091400,USGS,IAN,2022,300.0
2022-09-25 06:00:00,1.356,0.566,-0.7900000000000001,-70.15388889,41.75194444,414507070091400,USGS,IAN,2022,360.0
2022-09-25 07:00:00,-0.624,-1.788,-1.164,-70.15388889,41.75194444,414507070091400,USGS,IAN,2022,420.0
2022-09-25 08:00:00,-2.514,-3.659,-1.145,-70.15388889,41.75194444,414507070091400,USGS,IAN,2022,480.0
2022-09-25 09:00:00,-3.774,-4.257,-0.4829999999999996,-70.15388889,41.75194444,414507070091400,USGS,IAN,2022,540.0
2022-09-25 10:00:00,-3.544,-3.862,-0.318,-70.15388889,41.75194444,414507070091400,USGS,IAN,2022,600.0
2022-09-25 11:00:00,-1.994,-2.82,-0.8259999999999998,-70.15388889,41.75194444,414507070091400,USGS,IAN,2022,660.0
2022-09-25 12:00:00,-0.004,-0.926,-0.922,-70.15388889,41.75194444,414507070091400,USGS,IAN,2022,720.0
2022-09-25 13:00:00,1.966,1.686,-0.28,-70.15388889,41.75194444,414507070091400,USGS,IAN,2022,780.0
2022-09-25 14:00:00,4.046,3.651,-0.3950000000000004,-70.15388889,41.75194444,414507070091400,USGS,IAN,2022,840.0
2022-09-25 15:00:00,5.736,4.16,-1.5759999999999996,-70.15388889,41.75194444,414507070091400,USGS,IAN,2022,900.0
2022-09-25 16:00:00,5.906,3.658,-2.248,-70.15388889,41.75194444,414507070091400,USGS,IAN,2022,960.0
2022-09-25 17:00:00,4.596,2.747,-1.849,-70.15388889,41.75194444,414507070091400,USGS,IAN,2022,1020.0
2022-09-25 18:00:00,2.636,1.167,-1.469,-70.15388889,41.75194444,414507070091400,USGS,IAN,2022,1080.0
2022-09-25 19:00:00,0.586,-1.204,-1.79,-70.15388889,41.75194444,414507070091400,USGS,IAN,2022,1140.0
2022-09-25 20:00:00,-1.754,-3.397,-1.6429999999999998,-70.15388889,41.75194444,414507070091400,USGS,IAN,2022,1200.0
2022-09-25 21:00:00,-3.724,-4.433,-0.7089999999999996,-70.15388889,41.75194444,414507070091400,USGS,IAN,2022,1260.0
2022-09-25 22:00:00,-4.254,-4.204,0.0499999999999998,-70.15388889,41.75194444,414507070091400,USGS,IAN,2022,1320.0
2022-09-25 23:00:00,-3.154,-3.257,-0.1030000000000002,-70.15388889,41.75194444,414507070091400,USGS,IAN,2022,1380.0
2022-09-26 00:00:00,-1.274,-1.568,-0.294,-70.15388889,41.75194444,414507070091400,USGS,IAN,2022,1440.0
2022-09-26 01:00:00,0.826,1.014,0.188,-70.15388889,41.75194444,414507070091400,USGS,IAN,2022,1500.0
2022-09-26 02:00:00,2.856,3.487,0.6310000000000002,-70.15388889,41.75194444,414507070091400,USGS,IAN,2022,1560.0
2022-09-26 03:00:00,4.766,4.528,-0.2380000000000004,-70.15388889,41.75194444,414507070091400,USGS,IAN,2022,1620.0
2022-09-26 04:00:00,5.596,4.228,-1.3680000000000003,-70.15388889,41.75194444,414507070091400,USGS,IAN,2022,1680.0
2022-09-26 05:00:00,4.986,3.31,-1.6759999999999995,-70.15388889,41.75194444,414507070091400,USGS,IAN,2022,1740.0
2022-09-26 06:00:00,3.416,1.942,-1.474,-70.15388889,41.75194444,414507070091400,USGS,IAN,2022,1800.0
2022-09-26 07:00:00,1.326,-0.346,-1.6720000000000002,-70.15388889,41.75194444,414507070091400,USGS,IAN,2022,1860.0
2022-09-26 08:00:00,-0.944,-2.793,-1.849,-70.15388889,41.75194444,414507070091400,USGS,IAN,2022,1920.0
2022-09-26 09:00:00,-3.054,-4.351,-1.2970000000000002,-70.15388889,41.75194444,414507070091400,USGS,IAN,2022,1980.0
2022-09-26 10:00:00,-4.094,-4.465,-0.3709999999999995,-70.15388889,41.75194444,414507070091400,USGS,IAN,2022,2040.0
2022-09-26 11:00:00,-3.384,-3.673,-0.2890000000000001,-70.15388889,41.75194444,414507070091400,USGS,IAN,2022,2100.0
2022-09-26 12:00:00,-1.444,-2.204,-0.7600000000000002,-70.15388889,41.75194444,414507070091400,USGS,IAN,2022,2160.0
2022-09-26 13:00:00,0.716,0.193,-0.5229999999999999,-70.15388889,41.75194444,414507070091400,USGS,IAN,2022,2220.0
2022-09-26 14:00:00,2.816,2.954,0.1380000000000003,-70.15388889,41.75194444,414507070091400,USGS,IAN,2022,2280.0
2022-09-26 15:00:00,4.986,4.516,-0.4699999999999997,-70.15388889,41.75194444,414507070091400,USGS,IAN,2022,2340.0
2022-09-26 16:00:00,6.086,4.547,-1.5390000000000006,-70.15388889,41.75194444,414507070091400,USGS,IAN,2022,2400.0
2022-09-26 17:00:00,5.596,3.692,-1.904,-70.15388889,41.75194444,414507070091400,USGS,IAN,2022,2460.0
2022-09-26 18:00:00,3.996,2.468,-1.528,-70.15388889,41.75194444,414507070091400,USGS,IAN,2022,2520.0
2022-09-26 19:00:00,1.836,0.341,-1.495,-70.15388889,41.75194444,414507070091400,USGS,IAN,2022,2580.0
2022-09-26 20:00:00,-0.494,-2.252,-1.7579999999999998,-70.15388889,41.75194444,414507070091400,USGS,IAN,2022,2640.0
2022-09-26 21:00:00,-2.984,-4.316,-1.332,-70.15388889,41.75194444,414507070091400,USGS,IAN,2022,2700.0
2022-09-26 22:00:00,-4.604,-4.905,-0.3010000000000001,-70.15388889,41.75194444,414507070091400,USGS,IAN,2022,2760.0
2022-09-26 23:00:00,-4.404,-4.33,0.0739999999999998,-70.15388889,41.75194444,414507070091400,USGS,IAN,2022,2820.0
2022-09-27 00:00:00,-2.724,-3.05,-0.3259999999999996,-70.15388889,41.75194444,414507070091400,USGS,IAN,2022,2880.0
2022-09-27 01:00:00,-0.514,-0.906,-0.392,-70.15388889,41.75194444,414507070091400,USGS,IAN,2022,2940.0
2022-09-27 02:00:00,1.696,1.979,0.2830000000000001,-70.15388889,41.75194444,414507070091400,USGS,IAN,2022,3000.0
2022-09-27 03:00:00,3.886,4.151,0.2649999999999997,-70.15388889,41.75194444,414507070091400,USGS,IAN,2022,3060.0
2022-09-27 04:00:00,5.686,4.694,-0.992,-70.15388889,41.75194444,414507070091400,USGS,IAN,2022,3120.0
2022-09-27 05:00:00,5.936,4.071,-1.865,-70.15388889,41.75194444,414507070091400,USGS,IAN,2022,3180.0
2022-09-27 06:00:00,4.676,2.984,-1.6920000000000002,-70.15388889,41.75194444,414507070091400,USGS,IAN,2022,3240.0
2022-09-27 07:00:00,2.826,1.215,-1.611,-70.15388889,41.75194444,414507070091400,USGS,IAN,2022,3300.0
2022-09-27 08:00:00,0.616,-1.336,-1.952,-70.15388889,41.75194444,414507070091400,USGS,IAN,2022,3360.0
2022-09-27 09:00:00,-1.964,-3.684,-1.7200000000000002,-70.15388889,41.75194444,414507070091400,USGS,IAN,2022,3420.0
2022-09-27 10:00:00,-3.914,-4.756,-0.8420000000000001,-70.15388889,41.75194444,414507070091400,USGS,IAN,2022,3480.0
2022-09-27 11:00:00,-4.354,-4.391,-0.0369999999999999,-70.15388889,41.75194444,414507070091400,USGS,IAN,2022,3540.0
2022-09-27 12:00:00,-3.124,-3.238,-0.1139999999999998,-70.15388889,41.75194444,414507070091400,USGS,IAN,2022,3600.0
2022-09-27 13:00:00,-1.024,-1.345,-0.3209999999999999,-70.15388889,41.75194444,414507070091400,USGS,IAN,2022,3660.0
2022-09-27 14:00:00,1.236,1.448,0.2119999999999999,-70.15388889,41.75194444,414507070091400,USGS,IAN,2022,3720.0
2022-09-27 15:00:00,3.466,4.051,0.585,-70.15388889,41.75194444,414507070091400,USGS,IAN,2022,3780.0
2022-09-27 16:00:00,5.426,5.087,-0.3390000000000004,-70.15388889,41.75194444,414507070091400,USGS,IAN,2022,3840.0
2022-09-27 17:00:00,5.996,4.65,-1.346,-70.15388889,41.75194444,414507070091400,USGS,IAN,2022,3900.0
2022-09-27 18:00:00,5.176,3.52,-1.656,-70.15388889,41.75194444,414507070091400,USGS,IAN,2022,3960.0
2022-09-27 19:00:00,3.326,1.935,-1.391,-70.15388889,41.75194444,414507070091400,USGS,IAN,2022,4020.0
2022-09-27 20:00:00,1.036,-0.59,-1.626,-70.15388889,41.75194444,414507070091400,USGS,IAN,2022,4080.0
2022-09-27 21:00:00,-1.594,-3.267,-1.6729999999999998,-70.15388889,41.75194444,414507070091400,USGS,IAN,2022,4140.0
2022-09-27 22:00:00,-3.944,-4.961,-1.0170000000000003,-70.15388889,41.75194444,414507070091400,USGS,IAN,2022,4200.0
2022-09-27 23:00:00,-4.964,-5.091,-0.1269999999999997,-70.15388889,41.75194444,414507070091400,USGS,IAN,2022,4260.0
2022-09-28 00:00:00,-4.224,-4.242,-0.0179999999999997,-70.15388889,41.75194444,414507070091400,USGS,IAN,2022,4320.0
2022-09-28 01:00:00,-2.214,-2.665,-0.451,-70.15388889,41.75194444,414507070091400,USGS,IAN,2022,4380.0
2022-09-28 02:00:00,0.016,-0.078,-0.094,-70.15388889,41.75194444,414507070091400,USGS,IAN,2022,4440.0
2022-09-28 03:00:00,2.196,2.859,0.6629999999999998,-70.15388889,41.75194444,414507070091400,USGS,IAN,2022,4500.0
2022-09-28 04:00:00,4.456,4.53,0.0739999999999998,-70.15388889,41.75194444,414507070091400,USGS,IAN,2022,4560.0
2022-09-28 05:00:00,5.776,4.614,-1.162,-70.15388889,41.75194444,414507070091400,USGS,IAN,2022,4620.0
2022-09-28 06:00:00,5.346,3.771,-1.5750000000000002,-70.15388889,41.75194444,414507070091400,USGS,IAN,2022,4680.0
2022-09-28 07:00:00,3.766,2.541,-1.225,-70.15388889,41.75194444,414507070091400,USGS,IAN,2022,4740.0
2022-09-28 08:00:00,1.726,0.383,-1.343,-70.15388889,41.75194444,414507070091400,USGS,IAN,2022,4800.0
2022-09-28 09:00:00,-0.654,-2.251,-1.597,-70.15388889,41.75194444,414507070091400,USGS,IAN,2022,4860.0
2022-09-28 10:00:00,-3.164,-4.327,-1.1629999999999998,-70.15388889,41.75194444,414507070091400,USGS,IAN,2022,4920.0
2022-09-28 11:00:00,-4.764,-4.845,-0.0809999999999995,-70.15388889,41.75194444,414507070091400,USGS,IAN,2022,4980.0
2022-09-28 12:00:00,-4.524,-4.107,0.4169999999999998,-70.15388889,41.75194444,414507070091400,USGS,IAN,2022,5040.0
2022-09-28 13:00:00,-2.834,-2.641,0.193,-70.15388889,41.75194444,414507070091400,USGS,IAN,2022,5100.0
2022-09-28 14:00:00,-0.534,-0.356,0.178,-70.15388889,41.75194444,414507070091400,USGS,IAN,2022,5160.0
2022-09-28 15:00:00,1.856,2.648,0.792,-70.15388889,41.75194444,414507070091400,USGS,IAN,2022,5220.0
2022-09-28 16:00:00,4.206,4.853,0.6469999999999994,-70.15388889,41.75194444,414507070091400,USGS,IAN,2022,5280.0
2022-09-28 17:00:00,5.796,5.339,-0.4569999999999998,-70.15388889,41.75194444,414507070091400,USGS,IAN,2022,5340.0
2022-09-28 18:00:00,5.866,4.548,-1.3179999999999996,-70.15388889,41.75194444,414507070091400,USGS,IAN,2022,5400.0
2022-09-28 19:00:00,4.566,3.248,-1.3179999999999996,-70.15388889,41.75194444,414507070091400,USGS,IAN,2022,5460.0
2022-09-28 20:00:00,2.486,1.267,-1.2190000000000003,-70.15388889,41.75194444,414507070091400,USGS,IAN,2022,5520.0
2022-09-28 21:00:00,0.036,-1.475,-1.511,-70.15388889,41.75194444,414507070091400,USGS,IAN,2022,5580.0
2022-09-28 22:00:00,-2.674,-4.037,-1.363,-70.15388889,41.75194444,414507070091400,USGS,IAN,2022,5640.0
2022-09-28 23:00:00,-4.764,-5.294,-0.5299999999999994,-70.15388889,41.75194444,414507070091400,USGS,IAN,2022,5700.0
2022-09-29 00:00:00,-5.154,-5.058,0.096,-70.15388889,41.75194444,414507070091400,USGS,IAN,2022,5760.0
2022-09-29 01:00:00,-4.054,-4.025,0.0289999999999999,-70.15388889,41.75194444,414507070091400,USGS,IAN,2022,5820.0
2022-09-29 02:00:00,-2.074,-2.156,-0.0820000000000003,-70.15388889,41.75194444,414507070091400,USGS,IAN,2022,5880.0
2022-09-29 03:00:00,0.166,0.718,0.5519999999999999,-70.15388889,41.75194444,414507070091400,USGS,IAN,2022,5940.0
2022-09-29 04:00:00,2.586,3.427,0.8410000000000002,-70.15388889,41.75194444,414507070091400,USGS,IAN,2022,6000.0
2022-09-29 05:00:00,4.666,4.597,-0.0689999999999999,-70.15388889,41.75194444,414507070091400,USGS,IAN,2022,6060.0
2022-09-29 06:00:00,5.316,4.31,-1.0060000000000002,-70.15388889,41.75194444,414507070091400,USGS,IAN,2022,6120.0
2022-09-29 07:00:00,4.486,3.412,-1.0739999999999998,-70.15388889,41.75194444,414507070091400,USGS,IAN,2022,6180.0
2022-09-29 08:00:00,2.816,1.988,-0.8279999999999998,-70.15388889,41.75194444,414507070091400,USGS,IAN,2022,6240.0
2022-09-29 09:00:00,0.766,-0.412,-1.178,-70.15388889,41.75194444,414507070091400,USGS,IAN,2022,6300.0
2022-09-29 10:00:00,-1.614,-2.985,-1.3709999999999998,-70.15388889,41.75194444,414507070091400,USGS,IAN,2022,6360.0
2022-09-29 11:00:00,-3.884,-4.573,-0.6890000000000005,-70.15388889,41.75194444,414507070091400,USGS,IAN,2022,6420.0
2022-09-29 12:00:00,-4.904,-4.62,0.2839999999999998,-70.15388889,41.75194444,414507070091400,USGS,IAN,2022,6480.0
2022-09-29 13:00:00,-4.134,-3.646,0.4880000000000004,-70.15388889,41.75194444,414507070091400,USGS,IAN,2022,6540.0
2022-09-29 14:00:00,-2.124,-1.987,0.137,-70.15388889,41.75194444,414507070091400,USGS,IAN,2022,6600.0
2022-09-29 15:00:00,0.166,0.595,0.4289999999999999,-70.15388889,41.75194444,414507070091400,USGS,IAN,2022,6660.0
2022-09-29 16:00:00,2.546,3.558,1.012,-70.15388889,41.75194444,414507070091400,USGS,IAN,2022,6720.0
2022-09-29 17:00:00,4.776,5.299,0.5230000000000006,-70.15388889,41.75194444,414507070091400,USGS,IAN,2022,6780.0
2022-09-29 18:00:00,5.906,5.32,-0.5859999999999994,-70.15388889,41.75194444,414507070091400,USGS,IAN,2022,6840.0
2022-09-29 19:00:00,5.446,4.359,-1.0869999999999995,-70.15388889,41.75194444,414507070091400,USGS,IAN,2022,6900.0
2022-09-29 20:00:00,3.716,2.999,-0.7170000000000001,-70.15388889,41.75194444,414507070091400,USGS,IAN,2022,6960.0
2022-09-29 21:00:00,1.496,0.666,-0.83,-70.15388889,41.75194444,414507070091400,USGS,IAN,2022,7020.0
2022-09-29 22:00:00,-1.024,-2.166,-1.142,-70.15388889,41.75194444,414507070091400,USGS,IAN,2022,7080.0
2022-09-29 23:00:00,-3.584,-4.501,-0.9170000000000004,-70.15388889,41.75194444,414507070091400,USGS,IAN,2022,7140.0
2022-09-30 00:00:00,-5.264,-5.292,-0.0279999999999995,-70.15388889,41.75194444,414507070091400,USGS,IAN,2022,7200.0
2022-09-30 01:00:00,-5.334,-4.87,0.4639999999999995,-70.15388889,41.75194444,414507070091400,USGS,IAN,2022,7260.0
2022-09-30 02:00:00,-3.974,-3.733,0.2410000000000001,-70.15388889,41.75194444,414507070091400,USGS,IAN,2022,7320.0
2022-09-30 03:00:00,-2.004,-1.629,0.375,-70.15388889,41.75194444,414507070091400,USGS,IAN,2022,7380.0
2022-09-30 04:00:00,0.266,1.366,1.1,-70.15388889,41.75194444,414507070091400,USGS,IAN,2022,7440.0
2022-09-30 05:00:00,2.666,3.671,1.005,-70.15388889,41.75194444,414507070091400,USGS,IAN,2022,7500.0
2022-09-30 06:00:00,4.516,4.366,-0.1500000000000003,-70.15388889,41.75194444,414507070091400,USGS,IAN,2022,7560.0
2022-09-30 07:00:00,4.866,3.902,-0.9639999999999996,-70.15388889,41.75194444,414507070091400,USGS,IAN,2022,7620.0
2022-09-30 08:00:00,3.816,3.021,-0.7949999999999999,-70.15388889,41.75194444,414507070091400,USGS,IAN,2022,7680.0
2022-09-30 09:00:00,2.096,1.424,-0.6720000000000002,-70.15388889,41.75194444,414507070091400,USGS,IAN,2022,7740.0
2022-09-30 10:00:00,0.146,-1.08,-1.226,-70.15388889,41.75194444,414507070091400,USGS,IAN,2022,7800.0
2022-09-30 11:00:00,-2.144,-3.436,-1.2919999999999998,-70.15388889,41.75194444,414507070091400,USGS,IAN,2022,7860.0
2022-09-30 12:00:00,-4.024,-4.575,-0.5510000000000002,-70.15388889,41.75194444,414507070091400,USGS,IAN,2022,7920.0
2022-09-30 13:00:00,-4.514,-4.273,0.2410000000000005,-70.15388889,41.75194444,414507070091400,USGS,IAN,2022,7980.0
2022-09-30 14:00:00,-3.354,-3.176,0.1779999999999999,-70.15388889,41.75194444,414507070091400,USGS,IAN,2022,8040.0
2022-09-30 15:00:00,-1.354,-1.375,-0.0209999999999999,-70.15388889,41.75194444,414507070091400,USGS,IAN,2022,8100.0
2022-09-30 16:00:00,0.786,1.372,0.5860000000000001,-70.15388889,41.75194444,414507070091400,USGS,IAN,2022,8160.0
2022-09-30 17:00:00,2.966,4.097,1.1310000000000002,-70.15388889,41.75194444,414507070091400,USGS,IAN,2022,8220.0
2022-09-30 18:00:00,4.956,5.358,0.4019999999999992,-70.15388889,41.75194444,414507070091400,USGS,IAN,2022,8280.0
2022-09-30 19:00:00,5.726,5.105,-0.6209999999999996,-70.15388889,41.75194444,414507070091400,USGS,IAN,2022,8340.0
2022-09-30 20:00:00,4.976,4.089,-0.8869999999999996,-70.15388889,41.75194444,414507070091400,USGS,IAN,2022,8400.0
2022-09-30 21:00:00,3.156,2.614,-0.5420000000000003,-70.15388889,41.75194444,414507070091400,USGS,IAN,2022,8460.0
2022-09-30 22:00:00,0.966,0.172,-0.794,-70.15388889,41.75194444,414507070091400,USGS,IAN,2022,8520.0
2022-09-30 23:00:00,-1.494,-2.585,-1.091,-70.15388889,41.75194444,414507070091400,USGS,IAN,2022,8580.0
2022-10-01 00:00:00,-3.894,-4.572,-0.6779999999999999,-70.15388889,41.75194444,414507070091400,USGS,IAN,2022,8640.0
2022-10-01 01:00:00,-5.234,-5.072,0.1619999999999999,-70.15388889,41.75194444,414507070091400,USGS,IAN,2022,8700.0
2022-10-01 02:00:00,-4.934,-4.622,0.3120000000000003,-70.15388889,41.75194444,414507070091400,USGS,IAN,2022,8760.0
2022-10-01 03:00:00,-3.434,-3.464,-0.0299999999999998,-70.15388889,41.75194444,414507070091400,USGS,IAN,2022,8820.0
2022-10-01 04:00:00,-1.544,-1.215,0.3289999999999999,-70.15388889,41.75194444,414507070091400,USGS,IAN,2022,8880.0
2022-10-01 05:00:00,0.596,1.726,1.13,-70.15388889,41.75194444,414507070091400,USGS,IAN,2022,8940.0
2022-10-01 06:00:00,2.896,3.643,0.7469999999999999,-70.15388889,41.75194444,414507070091400,USGS,IAN,2022,9000.0
2022-10-01 07:00:00,4.376,4.052,-0.3240000000000007,-70.15388889,41.75194444,414507070091400,USGS,IAN,2022,9060.0
2022-10-01 08:00:00,4.366,3.594,-0.7719999999999998,-70.15388889,41.75194444,414507070091400,USGS,IAN,2022,9120.0
2022-10-01 09:00:00,3.376,2.785,-0.5909999999999997,-70.15388889,41.75194444,414507070091400,USGS,IAN,2022,9180.0
2022-10-01 10:00:00,1.846,1.012,-0.8340000000000001,-70.15388889,41.75194444,414507070091400,USGS,IAN,2022,9240.0
2022-10-01 11:00:00,-0.184,-1.502,-1.318,-70.15388889,41.75194444,414507070091400,USGS,IAN,2022,9300.0
2022-10-01 12:00:00,-2.394,-3.596,-1.202,-70.15388889,41.75194444,414507070091400,USGS,IAN,2022,9360.0
2022-10-01 13:00:00,-3.914,-4.308,-0.3939999999999997,-70.15388889,41.75194444,414507070091400,USGS,IAN,2022,9420.0
2022-10-01 14:00:00,-3.974,-3.849,0.125,-70.15388889,41.75194444,414507070091400,USGS,IAN,2022,9480.0
2022-10-01 15:00:00,-2.694,-2.747,-0.0529999999999999,-70.15388889,41.75194444,414507070091400,USGS,IAN,2022,9540.0
2022-10-01 16:00:00,-0.694,-0.869,-0.175,-70.15388889,41.75194444,414507070091400,USGS,IAN,2022,9600.0
2022-10-01 17:00:00,1.376,1.911,0.5350000000000001,-70.15388889,41.75194444,414507070091400,USGS,IAN,2022,9660.0
2022-10-01 18:00:00,3.236,4.306,1.0699999999999998,-70.15388889,41.75194444,414507070091400,USGS,IAN,2022,9720.0
2022-10-01 19:00:00,5.326,5.135,-0.1909999999999998,-70.15388889,41.75194444,414507070091400,USGS,IAN,2022,9780.0
2022-10-01 20:00:00,5.836,4.735,-1.101,-70.15388889,41.75194444,414507070091400,USGS,IAN,2022,9840.0
2022-10-01 21:00:00,4.826,3.807,-1.0189999999999997,-70.15388889,41.75194444,414507070091400,USGS,IAN,2022,9900.0
2022-10-01 22:00:00,3.366,2.311,-1.0550000000000002,-70.15388889,41.75194444,414507070091400,USGS,IAN,2022,9960.0
2022-10-01 23:00:00,1.276,-0.211,-1.487,-70.15388889,41.75194444,414507070091400,USGS,IAN,2022,10020.0
2022-09-25 01:00:00,0.663,2.421,1.7579999999999998,-70.1822222,42.0497222,420259070105600,USGS,IAN,2022,60.0
2022-09-25 02:00:00,2.643,3.894,1.2510000000000003,-70.1822222,42.0497222,420259070105600,USGS,IAN,2022,120.0
2022-09-25 03:00:00,3.903,4.106,0.2029999999999998,-70.1822222,42.0497222,420259070105600,USGS,IAN,2022,180.0
2022-09-25 04:00:00,4.073,3.48,-0.5930000000000004,-70.1822222,42.0497222,420259070105600,USGS,IAN,2022,240.0
2022-09-25 05:00:00,3.003,2.382,-0.621,-70.1822222,42.0497222,420259070105600,USGS,IAN,2022,300.0
2022-09-25 06:00:00,1.333,0.577,-0.756,-70.1822222,42.0497222,420259070105600,USGS,IAN,2022,360.0
2022-09-25 07:00:00,-0.587,-1.684,-1.097,-70.1822222,42.0497222,420259070105600,USGS,IAN,2022,420.0
2022-09-25 08:00:00,-2.437,-3.468,-1.031,-70.1822222,42.0497222,420259070105600,USGS,IAN,2022,480.0
2022-09-25 09:00:00,-3.557,-4.148,-0.5909999999999997,-70.1822222,42.0497222,420259070105600,USGS,IAN,2022,540.0
2022-09-25 10:00:00,-3.397,-3.821,-0.4240000000000004,-70.1822222,42.0497222,420259070105600,USGS,IAN,2022,600.0
2022-09-25 11:00:00,-2.017,-2.778,-0.7610000000000001,-70.1822222,42.0497222,420259070105600,USGS,IAN,2022,660.0
2022-09-25 12:00:00,-0.077,-0.913,-0.8360000000000001,-70.1822222,42.0497222,420259070105600,USGS,IAN,2022,720.0
2022-09-25 13:00:00,1.943,1.535,-0.4080000000000001,-70.1822222,42.0497222,420259070105600,USGS,IAN,2022,780.0
2022-09-25 14:00:00,4.013,3.475,-0.5379999999999998,-70.1822222,42.0497222,420259070105600,USGS,IAN,2022,840.0
2022-09-25 15:00:00,5.513,4.058,-1.455,-70.1822222,42.0497222,420259070105600,USGS,IAN,2022,900.0
2022-09-25 16:00:00,5.713,3.652,-2.061,-70.1822222,42.0497222,420259070105600,USGS,IAN,2022,960.0
2022-09-25 17:00:00,4.553,2.72,-1.833,-70.1822222,42.0497222,420259070105600,USGS,IAN,2022,1020.0
2022-09-25 18:00:00,2.693,1.134,-1.5590000000000002,-70.1822222,42.0497222,420259070105600,USGS,IAN,2022,1080.0
2022-09-25 19:00:00,0.623,-1.145,-1.768,-70.1822222,42.0497222,420259070105600,USGS,IAN,2022,1140.0
2022-09-25 20:00:00,-1.697,-3.237,-1.54,-70.1822222,42.0497222,420259070105600,USGS,IAN,2022,1200.0
2022-09-25 21:00:00,-3.477,-4.267,-0.7900000000000005,-70.1822222,42.0497222,420259070105600,USGS,IAN,2022,1260.0
2022-09-25 22:00:00,-3.947,-4.153,-0.2059999999999995,-70.1822222,42.0497222,420259070105600,USGS,IAN,2022,1320.0
2022-09-25 23:00:00,-3.017,-3.214,-0.197,-70.1822222,42.0497222,420259070105600,USGS,IAN,2022,1380.0
2022-09-26 00:00:00,-1.277,-1.533,-0.256,-70.1822222,42.0497222,420259070105600,USGS,IAN,2022,1440.0
2022-09-26 01:00:00,0.743,0.927,0.184,-70.1822222,42.0497222,420259070105600,USGS,IAN,2022,1500.0
2022-09-26 02:00:00,2.773,3.266,0.4929999999999999,-70.1822222,42.0497222,420259070105600,USGS,IAN,2022,1560.0
2022-09-26 03:00:00,4.573,4.356,-0.2170000000000005,-70.1822222,42.0497222,420259070105600,USGS,IAN,2022,1620.0
2022-09-26 04:00:00,5.443,4.174,-1.2689999999999992,-70.1822222,42.0497222,420259070105600,USGS,IAN,2022,1680.0
2022-09-26 05:00:00,4.863,3.305,-1.5580000000000005,-70.1822222,42.0497222,420259070105600,USGS,IAN,2022,1740.0
2022-09-26 06:00:00,3.353,1.879,-1.4740000000000002,-70.1822222,42.0497222,420259070105600,USGS,IAN,2022,1800.0
2022-09-26 07:00:00,1.253,-0.223,-1.476,-70.1822222,42.0497222,420259070105600,USGS,IAN,2022,1860.0
2022-09-26 08:00:00,-0.757,-2.659,-1.902,-70.1822222,42.0497222,420259070105600,USGS,IAN,2022,1920.0
2022-09-26 09:00:00,-2.707,-4.137,-1.4299999999999995,-70.1822222,42.0497222,420259070105600,USGS,IAN,2022,1980.0
2022-09-26 10:00:00,-3.717,-4.377,-0.6599999999999997,-70.1822222,42.0497222,420259070105600,USGS,IAN,2022,2040.0
2022-09-26 11:00:00,-3.197,-3.639,-0.4419999999999997,-70.1822222,42.0497222,420259070105600,USGS,IAN,2022,2100.0
2022-09-26 12:00:00,-1.487,-2.166,-0.6789999999999998,-70.1822222,42.0497222,420259070105600,USGS,IAN,2022,2160.0
2022-09-26 13:00:00,0.563,0.164,-0.3989999999999999,-70.1822222,42.0497222,420259070105600,USGS,IAN,2022,2220.0
2022-09-26 14:00:00,2.743,2.738,-0.0049999999999998,-70.1822222,42.0497222,420259070105600,USGS,IAN,2022,2280.0
2022-09-26 15:00:00,4.853,4.316,-0.5369999999999999,-70.1822222,42.0497222,420259070105600,USGS,IAN,2022,2340.0
2022-09-26 16:00:00,5.963,4.458,-1.505,-70.1822222,42.0497222,420259070105600,USGS,IAN,2022,2400.0
2022-09-26 17:00:00,5.603,3.688,-1.915,-70.1822222,42.0497222,420259070105600,USGS,IAN,2022,2460.0
2022-09-26 18:00:00,4.073,2.426,-1.6470000000000002,-70.1822222,42.0497222,420259070105600,USGS,IAN,2022,2520.0
2022-09-26 19:00:00,1.963,0.364,-1.5990000000000002,-70.1822222,42.0497222,420259070105600,USGS,IAN,2022,2580.0
2022-09-26 20:00:00,-0.467,-2.133,-1.666,-70.1822222,42.0497222,420259070105600,USGS,IAN,2022,2640.0
2022-09-26 21:00:00,-2.847,-4.1,-1.2529999999999997,-70.1822222,42.0497222,420259070105600,USGS,IAN,2022,2700.0
2022-09-26 22:00:00,-4.337,-4.76,-0.423,-70.1822222,42.0497222,420259070105600,USGS,IAN,2022,2760.0
2022-09-26 23:00:00,-4.207,-4.293,-0.0860000000000003,-70.1822222,42.0497222,420259070105600,USGS,IAN,2022,2820.0
2022-09-27 00:00:00,-2.677,-3.014,-0.3369999999999997,-70.1822222,42.0497222,420259070105600,USGS,IAN,2022,2880.0
2022-09-27 01:00:00,-0.597,-0.888,-0.291,-70.1822222,42.0497222,420259070105600,USGS,IAN,2022,2940.0
2022-09-27 02:00:00,1.653,1.811,0.1579999999999999,-70.1822222,42.0497222,420259070105600,USGS,IAN,2022,3000.0
2022-09-27 03:00:00,3.843,3.96,0.1169999999999999,-70.1822222,42.0497222,420259070105600,USGS,IAN,2022,3060.0
2022-09-27 04:00:00,5.533,4.579,-0.9540000000000006,-70.1822222,42.0497222,420259070105600,USGS,IAN,2022,3120.0
2022-09-27 05:00:00,5.803,4.118,-1.6849999999999996,-70.1822222,42.0497222,420259070105600,USGS,IAN,2022,3180.0
2022-09-27 06:00:00,4.633,2.97,-1.6629999999999998,-70.1822222,42.0497222,420259070105600,USGS,IAN,2022,3240.0
2022-09-27 07:00:00,2.813,1.199,-1.614,-70.1822222,42.0497222,420259070105600,USGS,IAN,2022,3300.0
2022-09-27 08:00:00,0.573,-1.276,-1.849,-70.1822222,42.0497222,420259070105600,USGS,IAN,2022,3360.0
2022-09-27 09:00:00,-1.897,-3.499,-1.602,-70.1822222,42.0497222,420259070105600,USGS,IAN,2022,3420.0
2022-09-27 10:00:00,-3.667,-4.57,-0.9030000000000004,-70.1822222,42.0497222,420259070105600,USGS,IAN,2022,3480.0
2022-09-27 11:00:00,-4.087,-4.329,-0.242,-70.1822222,42.0497222,420259070105600,USGS,IAN,2022,3540.0
2022-09-27 12:00:00,-2.987,-3.199,-0.2119999999999997,-70.1822222,42.0497222,420259070105600,USGS,IAN,2022,3600.0
2022-09-27 13:00:00,-1.017,-1.307,-0.29,-70.1822222,42.0497222,420259070105600,USGS,IAN,2022,3660.0
2022-09-27 14:00:00,1.113,1.349,0.236,-70.1822222,42.0497222,420259070105600,USGS,IAN,2022,3720.0
2022-09-27 15:00:00,3.403,3.828,0.4249999999999998,-70.1822222,42.0497222,420259070105600,USGS,IAN,2022,3780.0
2022-09-27 16:00:00,5.233,4.915,-0.3179999999999996,-70.1822222,42.0497222,420259070105600,USGS,IAN,2022,3840.0
2022-09-27 17:00:00,5.813,4.598,-1.215,-70.1822222,42.0497222,420259070105600,USGS,IAN,2022,3900.0
2022-09-27 18:00:00,5.063,3.517,-1.5459999999999998,-70.1822222,42.0497222,420259070105600,USGS,IAN,2022,3960.0
2022-09-27 19:00:00,3.303,1.899,-1.404,-70.1822222,42.0497222,420259070105600,USGS,IAN,2022,4020.0
2022-09-27 20:00:00,1.073,-0.573,-1.646,-70.1822222,42.0497222,420259070105600,USGS,IAN,2022,4080.0
2022-09-27 21:00:00,-1.477,-3.109,-1.632,-70.1822222,42.0497222,420259070105600,USGS,IAN,2022,4140.0
2022-09-27 22:00:00,-3.727,-4.736,-1.009,-70.1822222,42.0497222,420259070105600,USGS,IAN,2022,4200.0
2022-09-27 23:00:00,-4.677,-4.997,-0.3200000000000003,-70.1822222,42.0497222,420259070105600,USGS,IAN,2022,4260.0
2022-09-28 00:00:00,-4.027,-4.203,-0.1760000000000001,-70.1822222,42.0497222,420259070105600,USGS,IAN,2022,4320.0
2022-09-28 01:00:00,-2.187,-2.622,-0.435,-70.1822222,42.0497222,420259070105600,USGS,IAN,2022,4380.0
2022-09-28 02:00:00,-0.067,-0.13,-0.063,-70.1822222,42.0497222,420259070105600,USGS,IAN,2022,4440.0
2022-09-28 03:00:00,2.143,2.62,0.4770000000000003,-70.1822222,42.0497222,420259070105600,USGS,IAN,2022,4500.0
2022-09-28 04:00:00,4.343,4.331,-0.0119999999999995,-70.1822222,42.0497222,420259070105600,USGS,IAN,2022,4560.0
2022-09-28 05:00:00,5.603,4.528,-1.0750000000000002,-70.1822222,42.0497222,420259070105600,USGS,IAN,2022,4620.0
2022-09-28 06:00:00,5.293,3.773,-1.52,-70.1822222,42.0497222,420259070105600,USGS,IAN,2022,4680.0
2022-09-28 07:00:00,3.763,2.488,-1.275,-70.1822222,42.0497222,420259070105600,USGS,IAN,2022,4740.0
2022-09-28 08:00:00,1.743,0.4,-1.343,-70.1822222,42.0497222,420259070105600,USGS,IAN,2022,4800.0
2022-09-28 09:00:00,-0.627,-2.144,-1.517,-70.1822222,42.0497222,420259070105600,USGS,IAN,2022,4860.0
2022-09-28 10:00:00,-3.067,-4.108,-1.0409999999999997,-70.1822222,42.0497222,420259070105600,USGS,IAN,2022,4920.0
2022-09-28 11:00:00,-4.517,-4.698,-0.181,-70.1822222,42.0497222,420259070105600,USGS,IAN,2022,4980.0
2022-09-28 12:00:00,-4.317,-4.069,0.2480000000000002,-70.1822222,42.0497222,420259070105600,USGS,IAN,2022,5040.0
2022-09-28 13:00:00,-2.807,-2.622,0.185,-70.1822222,42.0497222,420259070105600,USGS,IAN,2022,5100.0
2022-09-28 14:00:00,-0.587,-0.354,0.2329999999999999,-70.1822222,42.0497222,420259070105600,USGS,IAN,2022,5160.0
2022-09-28 15:00:00,1.763,2.471,0.7080000000000002,-70.1822222,42.0497222,420259070105600,USGS,IAN,2022,5220.0
2022-09-28 16:00:00,4.063,4.622,0.5590000000000002,-70.1822222,42.0497222,420259070105600,USGS,IAN,2022,5280.0
2022-09-28 17:00:00,5.603,5.214,-0.3889999999999993,-70.1822222,42.0497222,420259070105600,USGS,IAN,2022,5340.0
2022-09-28 18:00:00,5.773,4.535,-1.2379999999999995,-70.1822222,42.0497222,420259070105600,USGS,IAN,2022,5400.0
2022-09-28 19:00:00,4.533,3.231,-1.3020000000000005,-70.1822222,42.0497222,420259070105600,USGS,IAN,2022,5460.0
2022-09-28 20:00:00,2.513,1.277,-1.236,-70.1822222,42.0497222,420259070105600,USGS,IAN,2022,5520.0
2022-09-28 21:00:00,0.033,-1.397,-1.43,-70.1822222,42.0497222,420259070105600,USGS,IAN,2022,5580.0
2022-09-28 22:00:00,-2.577,-3.822,-1.245,-70.1822222,42.0497222,420259070105600,USGS,IAN,2022,5640.0
2022-09-28 23:00:00,-4.497,-5.09,-0.593,-70.1822222,42.0497222,420259070105600,USGS,IAN,2022,5700.0
2022-09-29 00:00:00,-4.987,-4.989,-0.0019999999999997,-70.1822222,42.0497222,420259070105600,USGS,IAN,2022,5760.0
2022-09-29 01:00:00,-4.007,-3.989,0.0179999999999997,-70.1822222,42.0497222,420259070105600,USGS,IAN,2022,5820.0
2022-09-29 02:00:00,-2.087,-2.118,-0.0309999999999996,-70.1822222,42.0497222,420259070105600,USGS,IAN,2022,5880.0
2022-09-29 03:00:00,0.093,0.577,0.484,-70.1822222,42.0497222,420259070105600,USGS,IAN,2022,5940.0
2022-09-29 04:00:00,2.383,3.183,0.7999999999999998,-70.1822222,42.0497222,420259070105600,USGS,IAN,2022,6000.0
2022-09-29 05:00:00,4.343,4.408,0.0650000000000003,-70.1822222,42.0497222,420259070105600,USGS,IAN,2022,6060.0
2022-09-29 06:00:00,5.073,4.257,-0.8160000000000007,-70.1822222,42.0497222,420259070105600,USGS,IAN,2022,6120.0
2022-09-29 07:00:00,4.283,3.405,-0.8780000000000006,-70.1822222,42.0497222,420259070105600,USGS,IAN,2022,6180.0
2022-09-29 08:00:00,2.693,1.922,-0.7710000000000001,-70.1822222,42.0497222,420259070105600,USGS,IAN,2022,6240.0
2022-09-29 09:00:00,0.643,-0.272,-0.915,-70.1822222,42.0497222,420259070105600,USGS,IAN,2022,6300.0
2022-09-29 10:00:00,-1.687,-2.831,-1.144,-70.1822222,42.0497222,420259070105600,USGS,IAN,2022,6360.0
2022-09-29 11:00:00,-3.837,-4.351,-0.5139999999999998,-70.1822222,42.0497222,420259070105600,USGS,IAN,2022,6420.0
2022-09-29 12:00:00,-4.787,-4.525,0.2619999999999995,-70.1822222,42.0497222,420259070105600,USGS,IAN,2022,6480.0
2022-09-29 13:00:00,-4.057,-3.626,0.4310000000000005,-70.1822222,42.0497222,420259070105600,USGS,IAN,2022,6540.0
2022-09-29 14:00:00,-2.207,-1.96,0.2469999999999999,-70.1822222,42.0497222,420259070105600,USGS,IAN,2022,6600.0
2022-09-29 15:00:00,0.003,0.52,0.517,-70.1822222,42.0497222,420259070105600,USGS,IAN,2022,6660.0
2022-09-29 16:00:00,2.303,3.328,1.025,-70.1822222,42.0497222,420259070105600,USGS,IAN,2022,6720.0
2022-09-29 17:00:00,4.413,5.06,0.6469999999999994,-70.1822222,42.0497222,420259070105600,USGS,IAN,2022,6780.0
2022-09-29 18:00:00,5.583,5.226,-0.3570000000000002,-70.1822222,42.0497222,420259070105600,USGS,IAN,2022,6840.0
2022-09-29 19:00:00,5.223,4.359,-0.8639999999999999,-70.1822222,42.0497222,420259070105600,USGS,IAN,2022,6900.0
2022-09-29 20:00:00,3.683,2.927,-0.7559999999999998,-70.1822222,42.0497222,420259070105600,USGS,IAN,2022,6960.0
2022-09-29 21:00:00,1.493,0.638,-0.8550000000000001,-70.1822222,42.0497222,420259070105600,USGS,IAN,2022,7020.0
2022-09-29 22:00:00,-0.987,-2.072,-1.085,-70.1822222,42.0497222,420259070105600,USGS,IAN,2022,7080.0
2022-09-29 23:00:00,-3.457,-4.261,-0.8040000000000003,-70.1822222,42.0497222,420259070105600,USGS,IAN,2022,7140.0
2022-09-30 00:00:00,-5.067,-5.133,-0.0659999999999998,-70.1822222,42.0497222,420259070105600,USGS,IAN,2022,7200.0
2022-09-30 01:00:00,-5.137,-4.82,0.3169999999999993,-70.1822222,42.0497222,420259070105600,USGS,IAN,2022,7260.0
2022-09-30 02:00:00,-3.917,-3.685,0.2319999999999997,-70.1822222,42.0497222,420259070105600,USGS,IAN,2022,7320.0
2022-09-30 03:00:00,-2.027,-1.605,0.4220000000000001,-70.1822222,42.0497222,420259070105600,USGS,IAN,2022,7380.0
2022-09-30 04:00:00,0.183,1.198,1.015,-70.1822222,42.0497222,420259070105600,USGS,IAN,2022,7440.0
2022-09-30 05:00:00,2.463,3.464,1.001,-70.1822222,42.0497222,420259070105600,USGS,IAN,2022,7500.0
2022-09-30 06:00:00,4.283,4.233,-0.0500000000000007,-70.1822222,42.0497222,420259070105600,USGS,IAN,2022,7560.0
2022-09-30 07:00:00,4.663,3.889,-0.7740000000000005,-70.1822222,42.0497222,420259070105600,USGS,IAN,2022,7620.0
2022-09-30 08:00:00,3.733,2.994,-0.7389999999999999,-70.1822222,42.0497222,420259070105600,USGS,IAN,2022,7680.0
2022-09-30 09:00:00,2.143,1.396,-0.7469999999999999,-70.1822222,42.0497222,420259070105600,USGS,IAN,2022,7740.0
2022-09-30 10:00:00,0.093,-0.99,-1.083,-70.1822222,42.0497222,420259070105600,USGS,IAN,2022,7800.0
2022-09-30 11:00:00,-2.147,-3.244,-1.0970000000000004,-70.1822222,42.0497222,420259070105600,USGS,IAN,2022,7860.0
2022-09-30 12:00:00,-3.937,-4.378,-0.4410000000000003,-70.1822222,42.0497222,420259070105600,USGS,IAN,2022,7920.0
2022-09-30 13:00:00,-4.387,-4.221,0.1659999999999994,-70.1822222,42.0497222,420259070105600,USGS,IAN,2022,7980.0
2022-09-30 14:00:00,-3.347,-3.152,0.1949999999999998,-70.1822222,42.0497222,420259070105600,USGS,IAN,2022,8040.0
2022-09-30 15:00:00,-1.417,-1.34,0.0769999999999999,-70.1822222,42.0497222,420259070105600,USGS,IAN,2022,8100.0
2022-09-30 16:00:00,0.653,1.285,0.6319999999999999,-70.1822222,42.0497222,420259070105600,USGS,IAN,2022,8160.0
2022-09-30 17:00:00,2.793,3.878,1.085,-70.1822222,42.0497222,420259070105600,USGS,IAN,2022,8220.0
2022-09-30 18:00:00,4.683,5.187,0.5040000000000004,-70.1822222,42.0497222,420259070105600,USGS,IAN,2022,8280.0
2022-09-30 19:00:00,5.483,5.049,-0.4339999999999993,-70.1822222,42.0497222,420259070105600,USGS,IAN,2022,8340.0
2022-09-30 20:00:00,4.823,4.136,-0.6870000000000003,-70.1822222,42.0497222,420259070105600,USGS,IAN,2022,8400.0
2022-09-30 21:00:00,3.083,2.565,-0.5180000000000002,-70.1822222,42.0497222,420259070105600,USGS,IAN,2022,8460.0
2022-09-30 22:00:00,1.003,0.208,-0.7949999999999999,-70.1822222,42.0497222,420259070105600,USGS,IAN,2022,8520.0
2022-09-30 23:00:00,-1.467,-2.453,-0.9859999999999998,-70.1822222,42.0497222,420259070105600,USGS,IAN,2022,8580.0
2022-10-01 00:00:00,-3.757,-4.374,-0.6169999999999995,-70.1822222,42.0497222,420259070105600,USGS,IAN,2022,8640.0
2022-10-01 01:00:00,-5.027,-4.956,0.0709999999999997,-70.1822222,42.0497222,420259070105600,USGS,IAN,2022,8700.0
2022-10-01 02:00:00,-4.767,-4.568,0.1990000000000007,-70.1822222,42.0497222,420259070105600,USGS,IAN,2022,8760.0
2022-10-01 03:00:00,-3.477,-3.391,0.0859999999999998,-70.1822222,42.0497222,420259070105600,USGS,IAN,2022,8820.0
2022-10-01 04:00:00,-1.547,-1.195,0.3519999999999998,-70.1822222,42.0497222,420259070105600,USGS,IAN,2022,8880.0
2022-10-01 05:00:00,0.513,1.542,1.029,-70.1822222,42.0497222,420259070105600,USGS,IAN,2022,8940.0
2022-10-01 06:00:00,2.683,3.476,0.7930000000000001,-70.1822222,42.0497222,420259070105600,USGS,IAN,2022,9000.0
2022-10-01 07:00:00,4.083,3.967,-0.1160000000000001,-70.1822222,42.0497222,420259070105600,USGS,IAN,2022,9060.0
2022-10-01 08:00:00,4.273,3.599,-0.6739999999999995,-70.1822222,42.0497222,420259070105600,USGS,IAN,2022,9120.0
2022-10-01 09:00:00,3.353,2.721,-0.6320000000000001,-70.1822222,42.0497222,420259070105600,USGS,IAN,2022,9180.0
2022-10-01 10:00:00,1.833,1.001,-0.8320000000000001,-70.1822222,42.0497222,420259070105600,USGS,IAN,2022,9240.0
2022-10-01 11:00:00,-0.197,-1.406,-1.209,-70.1822222,42.0497222,420259070105600,USGS,IAN,2022,9300.0
2022-10-01 12:00:00,-2.287,-3.368,-1.081,-70.1822222,42.0497222,420259070105600,USGS,IAN,2022,9360.0
2022-10-01 13:00:00,-3.777,-4.164,-0.3869999999999995,-70.1822222,42.0497222,420259070105600,USGS,IAN,2022,9420.0
2022-10-01 14:00:00,-3.847,-3.801,0.0459999999999998,-70.1822222,42.0497222,420259070105600,USGS,IAN,2022,9480.0
2022-10-01 15:00:00,-2.657,-2.706,-0.0489999999999999,-70.1822222,42.0497222,420259070105600,USGS,IAN,2022,9540.0
2022-10-01 16:00:00,-0.787,-0.839,-0.0519999999999999,-70.1822222,42.0497222,420259070105600,USGS,IAN,2022,9600.0
2022-10-01 17:00:00,1.183,1.766,0.583,-70.1822222,42.0497222,420259070105600,USGS,IAN,2022,9660.0
2022-10-01 18:00:00,3.233,4.097,0.8640000000000003,-70.1822222,42.0497222,420259070105600,USGS,IAN,2022,9720.0
2022-10-01 19:00:00,5.093,5.0,-0.0929999999999999,-70.1822222,42.0497222,420259070105600,USGS,IAN,2022,9780.0
2022-10-01 20:00:00,5.653,4.701,-0.952,-70.1822222,42.0497222,420259070105600,USGS,IAN,2022,9840.0
2022-10-01 21:00:00,4.783,3.813,-0.9700000000000002,-70.1822222,42.0497222,420259070105600,USGS,IAN,2022,9900.0
2022-10-01 22:00:00,3.393,2.247,-1.146,-70.1822222,42.0497222,420259070105600,USGS,IAN,2022,9960.0
2022-10-01 23:00:00,1.223,-0.12,-1.343,-70.1822222,42.0497222,420259070105600,USGS,IAN,2022,10020.0
2022-09-25 01:00:00,0.74,2.764,2.024,-70.3817,43.46162778,432742070225401,USGS,IAN,2022,60.0
2022-09-25 02:00:00,2.43,3.861,1.431,-70.3817,43.46162778,432742070225401,USGS,IAN,2022,120.0
2022-09-25 03:00:00,3.33,4.086,0.7560000000000002,-70.3817,43.46162778,432742070225401,USGS,IAN,2022,180.0
2022-09-25 04:00:00,3.17,3.291,0.121,-70.3817,43.46162778,432742070225401,USGS,IAN,2022,240.0
2022-09-25 05:00:00,2.12,1.677,-0.443,-70.3817,43.46162778,432742070225401,USGS,IAN,2022,300.0
2022-09-25 06:00:00,0.32,-0.362,-0.6819999999999999,-70.3817,43.46162778,432742070225401,USGS,IAN,2022,360.0
2022-09-25 07:00:00,-1.68,-2.249,-0.5690000000000002,-70.3817,43.46162778,432742070225401,USGS,IAN,2022,420.0
2022-09-25 08:00:00,-3.22,-3.614,-0.3939999999999997,-70.3817,43.46162778,432742070225401,USGS,IAN,2022,480.0
2022-09-25 09:00:00,-3.92,-4.128,-0.2080000000000001,-70.3817,43.46162778,432742070225401,USGS,IAN,2022,540.0
2022-09-25 10:00:00,-3.55,-3.599,-0.0490000000000003,-70.3817,43.46162778,432742070225401,USGS,IAN,2022,600.0
2022-09-25 11:00:00,-2.27,-2.047,0.2229999999999998,-70.3817,43.46162778,432742070225401,USGS,IAN,2022,660.0
2022-09-25 12:00:00,-0.32,0.105,0.425,-70.3817,43.46162778,432742070225401,USGS,IAN,2022,720.0
2022-09-25 13:00:00,2.04,2.054,0.0139999999999997,-70.3817,43.46162778,432742070225401,USGS,IAN,2022,780.0
2022-09-25 14:00:00,3.88,3.459,-0.4209999999999998,-70.3817,43.46162778,432742070225401,USGS,IAN,2022,840.0
2022-09-25 15:00:00,4.76,4.035,-0.7249999999999996,-70.3817,43.46162778,432742070225401,USGS,IAN,2022,900.0
2022-09-25 16:00:00,4.66,3.56,-1.1,-70.3817,43.46162778,432742070225401,USGS,IAN,2022,960.0
2022-09-25 17:00:00,3.64,2.175,-1.4650000000000003,-70.3817,43.46162778,432742070225401,USGS,IAN,2022,1020.0
2022-09-25 18:00:00,1.62,0.184,-1.4360000000000002,-70.3817,43.46162778,432742070225401,USGS,IAN,2022,1080.0
2022-09-25 19:00:00,-0.76,-1.866,-1.106,-70.3817,43.46162778,432742070225401,USGS,IAN,2022,1140.0
2022-09-25 20:00:00,-2.72,-3.432,-0.7119999999999997,-70.3817,43.46162778,432742070225401,USGS,IAN,2022,1200.0
2022-09-25 21:00:00,-3.98,-4.243,-0.2630000000000003,-70.3817,43.46162778,432742070225401,USGS,IAN,2022,1260.0
2022-09-25 22:00:00,-4.21,-4.03,0.1799999999999997,-70.3817,43.46162778,432742070225401,USGS,IAN,2022,1320.0
2022-09-25 23:00:00,-3.27,-2.681,0.589,-70.3817,43.46162778,432742070225401,USGS,IAN,2022,1380.0
2022-09-26 00:00:00,-1.45,-0.501,0.949,-70.3817,43.46162778,432742070225401,USGS,IAN,2022,1440.0
2022-09-26 01:00:00,0.83,1.742,0.912,-70.3817,43.46162778,432742070225401,USGS,IAN,2022,1500.0
2022-09-26 02:00:00,2.91,3.447,0.5369999999999999,-70.3817,43.46162778,432742070225401,USGS,IAN,2022,1560.0
2022-09-26 03:00:00,4.22,4.298,0.0780000000000002,-70.3817,43.46162778,432742070225401,USGS,IAN,2022,1620.0
2022-09-26 04:00:00,4.6,4.148,-0.4519999999999999,-70.3817,43.46162778,432742070225401,USGS,IAN,2022,1680.0
2022-09-26 05:00:00,4.06,2.932,-1.1279999999999997,-70.3817,43.46162778,432742070225401,USGS,IAN,2022,1740.0
2022-09-26 06:00:00,2.47,1.01,-1.4600000000000002,-70.3817,43.46162778,432742070225401,USGS,IAN,2022,1800.0
2022-09-26 07:00:00,0.08,-1.201,-1.281,-70.3817,43.46162778,432742070225401,USGS,IAN,2022,1860.0
2022-09-26 08:00:00,-1.98,-3.069,-1.089,-70.3817,43.46162778,432742070225401,USGS,IAN,2022,1920.0
2022-09-26 09:00:00,-3.48,-4.167,-0.6869999999999998,-70.3817,43.46162778,432742070225401,USGS,IAN,2022,1980.0
2022-09-26 10:00:00,-4.03,-4.251,-0.221,-70.3817,43.46162778,432742070225401,USGS,IAN,2022,2040.0
2022-09-26 11:00:00,-3.37,-3.27,0.1,-70.3817,43.46162778,432742070225401,USGS,IAN,2022,2100.0
2022-09-26 12:00:00,-1.68,-1.194,0.486,-70.3817,43.46162778,432742070225401,USGS,IAN,2022,2160.0
2022-09-26 13:00:00,0.69,1.136,0.4459999999999999,-70.3817,43.46162778,432742070225401,USGS,IAN,2022,2220.0
2022-09-26 14:00:00,2.84,3.092,0.2520000000000002,-70.3817,43.46162778,432742070225401,USGS,IAN,2022,2280.0
2022-09-26 15:00:00,4.47,4.246,-0.2239999999999993,-70.3817,43.46162778,432742070225401,USGS,IAN,2022,2340.0
2022-09-26 16:00:00,5.19,4.428,-0.7620000000000005,-70.3817,43.46162778,432742070225401,USGS,IAN,2022,2400.0
2022-09-26 17:00:00,4.52,3.437,-1.0829999999999995,-70.3817,43.46162778,432742070225401,USGS,IAN,2022,2460.0
2022-09-26 18:00:00,3.05,1.62,-1.4299999999999995,-70.3817,43.46162778,432742070225401,USGS,IAN,2022,2520.0
2022-09-26 19:00:00,0.72,-0.693,-1.4129999999999998,-70.3817,43.46162778,432742070225401,USGS,IAN,2022,2580.0
2022-09-26 20:00:00,-1.7,-2.756,-1.0559999999999998,-70.3817,43.46162778,432742070225401,USGS,IAN,2022,2640.0
2022-09-26 21:00:00,-3.54,-4.196,-0.6559999999999997,-70.3817,43.46162778,432742070225401,USGS,IAN,2022,2700.0
2022-09-26 22:00:00,-4.57,-4.689,-0.1189999999999997,-70.3817,43.46162778,432742070225401,USGS,IAN,2022,2760.0
2022-09-26 23:00:00,-4.23,-3.998,0.2320000000000002,-70.3817,43.46162778,432742070225401,USGS,IAN,2022,2820.0
2022-09-27 00:00:00,-2.89,-2.183,0.7070000000000003,-70.3817,43.46162778,432742070225401,USGS,IAN,2022,2880.0
2022-09-27 01:00:00,-0.69,0.218,0.908,-70.3817,43.46162778,432742070225401,USGS,IAN,2022,2940.0
2022-09-27 02:00:00,1.86,2.463,0.603,-70.3817,43.46162778,432742070225401,USGS,IAN,2022,3000.0
2022-09-27 03:00:00,3.7,3.965,0.2649999999999997,-70.3817,43.46162778,432742070225401,USGS,IAN,2022,3060.0
2022-09-27 04:00:00,4.74,4.53,-0.2099999999999999,-70.3817,43.46162778,432742070225401,USGS,IAN,2022,3120.0
2022-09-27 05:00:00,4.73,3.949,-0.7810000000000006,-70.3817,43.46162778,432742070225401,USGS,IAN,2022,3180.0
2022-09-27 06:00:00,3.6,2.361,-1.239,-70.3817,43.46162778,432742070225401,USGS,IAN,2022,3240.0
2022-09-27 07:00:00,1.58,0.137,-1.443,-70.3817,43.46162778,432742070225401,USGS,IAN,2022,3300.0
2022-09-27 08:00:00,-0.82,-2.073,-1.253,-70.3817,43.46162778,432742070225401,USGS,IAN,2022,3360.0
2022-09-27 09:00:00,-2.88,-3.691,-0.8109999999999999,-70.3817,43.46162778,432742070225401,USGS,IAN,2022,3420.0
2022-09-27 10:00:00,-4.16,-4.5,-0.3399999999999998,-70.3817,43.46162778,432742070225401,USGS,IAN,2022,3480.0
2022-09-27 11:00:00,-4.27,-4.156,0.1139999999999998,-70.3817,43.46162778,432742070225401,USGS,IAN,2022,3540.0
2022-09-27 12:00:00,-3.27,-2.603,0.6669999999999998,-70.3817,43.46162778,432742070225401,USGS,IAN,2022,3600.0
2022-09-27 13:00:00,-1.26,-0.179,1.081,-70.3817,43.46162778,432742070225401,USGS,IAN,2022,3660.0
2022-09-27 14:00:00,1.15,2.163,1.013,-70.3817,43.46162778,432742070225401,USGS,IAN,2022,3720.0
2022-09-27 15:00:00,3.38,3.964,0.5840000000000001,-70.3817,43.46162778,432742070225401,USGS,IAN,2022,3780.0
2022-09-27 16:00:00,4.59,4.801,0.2110000000000003,-70.3817,43.46162778,432742070225401,USGS,IAN,2022,3840.0
2022-09-27 17:00:00,4.95,4.498,-0.4519999999999999,-70.3817,43.46162778,432742070225401,USGS,IAN,2022,3900.0
2022-09-27 18:00:00,3.99,3.075,-0.915,-70.3817,43.46162778,432742070225401,USGS,IAN,2022,3960.0
2022-09-27 19:00:00,2.15,0.879,-1.271,-70.3817,43.46162778,432742070225401,USGS,IAN,2022,4020.0
2022-09-27 20:00:00,-0.3,-1.547,-1.247,-70.3817,43.46162778,432742070225401,USGS,IAN,2022,4080.0
2022-09-27 21:00:00,-2.63,-3.548,-0.918,-70.3817,43.46162778,432742070225401,USGS,IAN,2022,4140.0
2022-09-27 22:00:00,-4.28,-4.768,-0.4879999999999995,-70.3817,43.46162778,432742070225401,USGS,IAN,2022,4200.0
2022-09-27 23:00:00,-4.88,-4.871,0.0089999999999994,-70.3817,43.46162778,432742070225401,USGS,IAN,2022,4260.0
2022-09-28 00:00:00,-4.14,-3.804,0.3359999999999998,-70.3817,43.46162778,432742070225401,USGS,IAN,2022,4320.0
2022-09-28 01:00:00,-2.49,-1.579,0.9110000000000004,-70.3817,43.46162778,432742070225401,USGS,IAN,2022,4380.0
2022-09-28 02:00:00,-0.08,0.92,1.0,-70.3817,43.46162778,432742070225401,USGS,IAN,2022,4440.0
2022-09-28 03:00:00,2.28,3.026,0.746,-70.3817,43.46162778,432742070225401,USGS,IAN,2022,4500.0
2022-09-28 04:00:00,4.06,4.263,0.2030000000000003,-70.3817,43.46162778,432742070225401,USGS,IAN,2022,4560.0
2022-09-28 05:00:00,4.71,4.469,-0.2409999999999996,-70.3817,43.46162778,432742070225401,USGS,IAN,2022,4620.0
2022-09-28 06:00:00,4.27,3.507,-0.7629999999999995,-70.3817,43.46162778,432742070225401,USGS,IAN,2022,4680.0
2022-09-28 07:00:00,2.81,1.664,-1.146,-70.3817,43.46162778,432742070225401,USGS,IAN,2022,4740.0
2022-09-28 08:00:00,0.42,-0.675,-1.095,-70.3817,43.46162778,432742070225401,USGS,IAN,2022,4800.0
2022-09-28 09:00:00,-1.95,-2.749,-0.7990000000000002,-70.3817,43.46162778,432742070225401,USGS,IAN,2022,4860.0
2022-09-28 10:00:00,-3.81,-4.164,-0.3539999999999996,-70.3817,43.46162778,432742070225401,USGS,IAN,2022,4920.0
2022-09-28 11:00:00,-4.76,-4.552,0.2080000000000001,-70.3817,43.46162778,432742070225401,USGS,IAN,2022,4980.0
2022-09-28 12:00:00,-4.48,-3.737,0.7430000000000003,-70.3817,43.46162778,432742070225401,USGS,IAN,2022,5040.0
2022-09-28 13:00:00,-2.99,-1.741,1.249,-70.3817,43.46162778,432742070225401,USGS,IAN,2022,5100.0
2022-09-28 14:00:00,-0.71,0.792,1.502,-70.3817,43.46162778,432742070225401,USGS,IAN,2022,5160.0
2022-09-28 15:00:00,1.93,3.104,1.1740000000000002,-70.3817,43.46162778,432742070225401,USGS,IAN,2022,5220.0
2022-09-28 16:00:00,3.87,4.617,0.7469999999999999,-70.3817,43.46162778,432742070225401,USGS,IAN,2022,5280.0
2022-09-28 17:00:00,4.88,5.081,0.2010000000000005,-70.3817,43.46162778,432742070225401,USGS,IAN,2022,5340.0
2022-09-28 18:00:00,4.8,4.347,-0.4529999999999994,-70.3817,43.46162778,432742070225401,USGS,IAN,2022,5400.0
2022-09-28 19:00:00,3.48,2.565,-0.915,-70.3817,43.46162778,432742070225401,USGS,IAN,2022,5460.0
2022-09-28 20:00:00,1.17,0.115,-1.055,-70.3817,43.46162778,432742070225401,USGS,IAN,2022,5520.0
2022-09-28 21:00:00,-1.3,-2.281,-0.981,-70.3817,43.46162778,432742070225401,USGS,IAN,2022,5580.0
2022-09-28 22:00:00,-3.48,-4.108,-0.6279999999999997,-70.3817,43.46162778,432742070225401,USGS,IAN,2022,5640.0
2022-09-28 23:00:00,-4.88,-5.063,-0.1829999999999998,-70.3817,43.46162778,432742070225401,USGS,IAN,2022,5700.0
2022-09-29 00:00:00,-5.21,-4.847,0.3629999999999995,-70.3817,43.46162778,432742070225401,USGS,IAN,2022,5760.0
2022-09-29 01:00:00,-4.28,-3.351,0.9290000000000004,-70.3817,43.46162778,432742070225401,USGS,IAN,2022,5820.0
2022-09-29 02:00:00,-2.34,-0.956,1.384,-70.3817,43.46162778,432742070225401,USGS,IAN,2022,5880.0
2022-09-29 03:00:00,0.12,1.485,1.3650000000000002,-70.3817,43.46162778,432742070225401,USGS,IAN,2022,5940.0
2022-09-29 04:00:00,2.26,3.392,1.132,-70.3817,43.46162778,432742070225401,USGS,IAN,2022,6000.0
2022-09-29 05:00:00,3.74,4.369,0.6289999999999996,-70.3817,43.46162778,432742070225401,USGS,IAN,2022,6060.0
2022-09-29 06:00:00,4.0,4.27,0.2699999999999996,-70.3817,43.46162778,432742070225401,USGS,IAN,2022,6120.0
2022-09-29 07:00:00,3.26,3.011,-0.2489999999999996,-70.3817,43.46162778,432742070225401,USGS,IAN,2022,6180.0
2022-09-29 08:00:00,1.58,0.986,-0.5940000000000001,-70.3817,43.46162778,432742070225401,USGS,IAN,2022,6240.0
2022-09-29 09:00:00,-0.82,-1.314,-0.4940000000000001,-70.3817,43.46162778,432742070225401,USGS,IAN,2022,6300.0
2022-09-29 10:00:00,-2.92,-3.238,-0.318,-70.3817,43.46162778,432742070225401,USGS,IAN,2022,6360.0
2022-09-29 11:00:00,-4.44,-4.335,0.1050000000000004,-70.3817,43.46162778,432742070225401,USGS,IAN,2022,6420.0
2022-09-29 12:00:00,-5.02,-4.355,0.6649999999999991,-70.3817,43.46162778,432742070225401,USGS,IAN,2022,6480.0
2022-09-29 13:00:00,-4.44,-3.21,1.2300000000000004,-70.3817,43.46162778,432742070225401,USGS,IAN,2022,6540.0
2022-09-29 14:00:00,-2.61,-0.934,1.6759999999999995,-70.3817,43.46162778,432742070225401,USGS,IAN,2022,6600.0
2022-09-29 15:00:00,-0.13,1.615,1.745,-70.3817,43.46162778,432742070225401,USGS,IAN,2022,6660.0
2022-09-29 16:00:00,2.37,3.755,1.3849999999999998,-70.3817,43.46162778,432742070225401,USGS,IAN,2022,6720.0
2022-09-29 17:00:00,4.07,4.977,0.907,-70.3817,43.46162778,432742070225401,USGS,IAN,2022,6780.0
2022-09-29 18:00:00,4.83,5.157,0.3269999999999999,-70.3817,43.46162778,432742070225401,USGS,IAN,2022,6840.0
2022-09-29 19:00:00,4.15,4.085,-0.0650000000000003,-70.3817,43.46162778,432742070225401,USGS,IAN,2022,6900.0
2022-09-29 20:00:00,2.65,2.055,-0.5949999999999998,-70.3817,43.46162778,432742070225401,USGS,IAN,2022,6960.0
2022-09-29 21:00:00,0.16,-0.453,-0.613,-70.3817,43.46162778,432742070225401,USGS,IAN,2022,7020.0
2022-09-29 22:00:00,-2.24,-2.767,-0.5269999999999997,-70.3817,43.46162778,432742070225401,USGS,IAN,2022,7080.0
2022-09-29 23:00:00,-4.17,-4.432,-0.2620000000000004,-70.3817,43.46162778,432742070225401,USGS,IAN,2022,7140.0
2022-09-30 00:00:00,-5.43,-5.113,0.3169999999999993,-70.3817,43.46162778,432742070225401,USGS,IAN,2022,7200.0
2022-09-30 01:00:00,-5.45,-4.608,0.8420000000000005,-70.3817,43.46162778,432742070225401,USGS,IAN,2022,7260.0
2022-09-30 02:00:00,-4.26,-2.875,1.3849999999999998,-70.3817,43.46162778,432742070225401,USGS,IAN,2022,7320.0
2022-09-30 03:00:00,-2.19,-0.456,1.734,-70.3817,43.46162778,432742070225401,USGS,IAN,2022,7380.0
2022-09-30 04:00:00,0.32,1.851,1.531,-70.3817,43.46162778,432742070225401,USGS,IAN,2022,7440.0
2022-09-30 05:00:00,2.32,3.51,1.19,-70.3817,43.46162778,432742070225401,USGS,IAN,2022,7500.0
2022-09-30 06:00:00,3.49,4.224,0.734,-70.3817,43.46162778,432742070225401,USGS,IAN,2022,7560.0
2022-09-30 07:00:00,3.64,3.829,0.189,-70.3817,43.46162778,432742070225401,USGS,IAN,2022,7620.0
2022-09-30 08:00:00,2.65,2.467,-0.1829999999999998,-70.3817,43.46162778,432742070225401,USGS,IAN,2022,7680.0
2022-09-30 09:00:00,0.95,0.339,-0.611,-70.3817,43.46162778,432742070225401,USGS,IAN,2022,7740.0
2022-09-30 10:00:00,-1.27,-1.824,-0.554,-70.3817,43.46162778,432742070225401,USGS,IAN,2022,7800.0
2022-09-30 11:00:00,-3.19,-3.453,-0.2629999999999999,-70.3817,43.46162778,432742070225401,USGS,IAN,2022,7860.0
2022-09-30 12:00:00,-4.45,-4.324,0.1260000000000003,-70.3817,43.46162778,432742070225401,USGS,IAN,2022,7920.0
2022-09-30 13:00:00,-4.56,-4.066,0.4939999999999998,-70.3817,43.46162778,432742070225401,USGS,IAN,2022,7980.0
2022-09-30 14:00:00,-3.62,-2.598,1.0220000000000002,-70.3817,43.46162778,432742070225401,USGS,IAN,2022,8040.0
2022-09-30 15:00:00,-1.71,-0.235,1.475,-70.3817,43.46162778,432742070225401,USGS,IAN,2022,8100.0
2022-09-30 16:00:00,0.65,2.169,1.519,-70.3817,43.46162778,432742070225401,USGS,IAN,2022,8160.0
2022-09-30 17:00:00,2.82,4.105,1.2850000000000006,-70.3817,43.46162778,432742070225401,USGS,IAN,2022,8220.0
2022-09-30 18:00:00,4.19,5.076,0.8859999999999992,-70.3817,43.46162778,432742070225401,USGS,IAN,2022,8280.0
2022-09-30 19:00:00,4.54,4.974,0.4340000000000001,-70.3817,43.46162778,432742070225401,USGS,IAN,2022,8340.0
2022-09-30 20:00:00,3.77,3.705,-0.0649999999999999,-70.3817,43.46162778,432742070225401,USGS,IAN,2022,8400.0
2022-09-30 21:00:00,2.1,1.593,-0.5070000000000001,-70.3817,43.46162778,432742070225401,USGS,IAN,2022,8460.0
2022-09-30 22:00:00,-0.37,-0.879,-0.509,-70.3817,43.46162778,432742070225401,USGS,IAN,2022,8520.0
2022-09-30 23:00:00,-2.62,-3.013,-0.3929999999999998,-70.3817,43.46162778,432742070225401,USGS,IAN,2022,8580.0
2022-10-01 00:00:00,-4.36,-4.468,-0.1079999999999996,-70.3817,43.46162778,432742070225401,USGS,IAN,2022,8640.0
2022-10-01 01:00:00,-5.25,-4.974,0.2759999999999998,-70.3817,43.46162778,432742070225401,USGS,IAN,2022,8700.0
2022-10-01 02:00:00,-5.05,-4.325,0.7249999999999996,-70.3817,43.46162778,432742070225401,USGS,IAN,2022,8760.0
2022-10-01 03:00:00,-3.7,-2.494,1.206,-70.3817,43.46162778,432742070225401,USGS,IAN,2022,8820.0
2022-10-01 04:00:00,-1.65,-0.139,1.511,-70.3817,43.46162778,432742070225401,USGS,IAN,2022,8880.0
2022-10-01 05:00:00,0.65,1.997,1.347,-70.3817,43.46162778,432742070225401,USGS,IAN,2022,8940.0
2022-10-01 06:00:00,2.48,3.459,0.979,-70.3817,43.46162778,432742070225401,USGS,IAN,2022,9000.0
2022-10-01 07:00:00,3.49,4.059,0.569,-70.3817,43.46162778,432742070225401,USGS,IAN,2022,9060.0
2022-10-01 08:00:00,3.46,3.514,0.0539999999999998,-70.3817,43.46162778,432742070225401,USGS,IAN,2022,9120.0
2022-10-01 09:00:00,2.43,2.057,-0.3730000000000002,-70.3817,43.46162778,432742070225401,USGS,IAN,2022,9180.0
2022-10-01 10:00:00,0.65,0.019,-0.631,-70.3817,43.46162778,432742070225401,USGS,IAN,2022,9240.0
2022-10-01 11:00:00,-1.55,-2.014,-0.4639999999999997,-70.3817,43.46162778,432742070225401,USGS,IAN,2022,9300.0
2022-10-01 12:00:00,-3.27,-3.46,-0.1899999999999999,-70.3817,43.46162778,432742070225401,USGS,IAN,2022,9360.0
2022-10-01 13:00:00,-4.22,-4.103,0.1169999999999999,-70.3817,43.46162778,432742070225401,USGS,IAN,2022,9420.0
2022-10-01 14:00:00,-4.1,-3.643,0.4569999999999998,-70.3817,43.46162778,432742070225401,USGS,IAN,2022,9480.0
2022-10-01 15:00:00,-2.96,-2.053,0.907,-70.3817,43.46162778,432742070225401,USGS,IAN,2022,9540.0
2022-10-01 16:00:00,-1.04,0.291,1.331,-70.3817,43.46162778,432742070225401,USGS,IAN,2022,9600.0
2022-10-01 17:00:00,1.32,2.544,1.224,-70.3817,43.46162778,432742070225401,USGS,IAN,2022,9660.0
2022-10-01 18:00:00,3.17,4.172,1.0019999999999998,-70.3817,43.46162778,432742070225401,USGS,IAN,2022,9720.0
2022-10-01 19:00:00,4.41,4.972,0.5620000000000003,-70.3817,43.46162778,432742070225401,USGS,IAN,2022,9780.0
2022-10-01 20:00:00,4.54,4.698,0.1580000000000003,-70.3817,43.46162778,432742070225401,USGS,IAN,2022,9840.0
2022-10-01 21:00:00,3.76,3.339,-0.4209999999999998,-70.3817,43.46162778,432742070225401,USGS,IAN,2022,9900.0
2022-10-01 22:00:00,2.03,1.235,-0.7949999999999997,-70.3817,43.46162778,432742070225401,USGS,IAN,2022,9960.0
2022-10-01 23:00:00,-0.29,-1.085,-0.7949999999999999,-70.3817,43.46162778,432742070225401,USGS,IAN,2022,10020.0
2022-09-25 01:00:00,-0.28,-0.736,-0.4559999999999999,-93.347917,29.775806,73650,USACE,IAN,2022,60.0
2022-09-25 02:00:00,-0.29,-0.829,-0.5389999999999999,-93.347917,29.775806,73650,USACE,IAN,2022,120.0
2022-09-25 03:00:00,-0.24,-0.794,-0.554,-93.347917,29.775806,73650,USACE,IAN,2022,180.0
2022-09-25 04:00:00,0.02,-0.596,-0.616,-93.347917,29.775806,73650,USACE,IAN,2022,240.0
2022-09-25 05:00:00,0.34,-0.301,-0.641,-93.347917,29.775806,73650,USACE,IAN,2022,300.0
2022-09-25 06:00:00,0.64,-0.012,-0.652,-93.347917,29.775806,73650,USACE,IAN,2022,360.0
2022-09-25 07:00:00,0.85,0.276,-0.574,-93.347917,29.775806,73650,USACE,IAN,2022,420.0
2022-09-25 08:00:00,0.91,0.508,-0.402,-93.347917,29.775806,73650,USACE,IAN,2022,480.0
2022-09-25 09:00:00,0.88,0.57,-0.31,-93.347917,29.775806,73650,USACE,IAN,2022,540.0
2022-09-25 10:00:00,0.74,0.49,-0.25,-93.347917,29.775806,73650,USACE,IAN,2022,600.0
2022-09-25 11:00:00,0.68,0.291,-0.389,-93.347917,29.775806,73650,USACE,IAN,2022,660.0
2022-09-25 12:00:00,0.38,0.032,-0.348,-93.347917,29.775806,73650,USACE,IAN,2022,720.0
2022-09-25 13:00:00,0.14,-0.197,-0.337,-93.347917,29.775806,73650,USACE,IAN,2022,780.0
2022-09-25 14:00:00,0.02,-0.366,-0.386,-93.347917,29.775806,73650,USACE,IAN,2022,840.0
2022-09-25 15:00:00,-0.03,-0.365,-0.3349999999999999,-93.347917,29.775806,73650,USACE,IAN,2022,900.0
2022-09-25 16:00:00,0.23,-0.243,-0.473,-93.347917,29.775806,73650,USACE,IAN,2022,960.0
2022-09-25 17:00:00,0.39,0.0,-0.39,-93.347917,29.775806,73650,USACE,IAN,2022,1020.0
2022-09-25 18:00:00,0.64,0.239,-0.401,-93.347917,29.775806,73650,USACE,IAN,2022,1080.0
2022-09-25 19:00:00,0.72,0.496,-0.2239999999999999,-93.347917,29.775806,73650,USACE,IAN,2022,1140.0
2022-09-25 20:00:00,0.78,0.641,-0.139,-93.347917,29.775806,73650,USACE,IAN,2022,1200.0
2022-09-25 21:00:00,0.76,0.656,-0.1039999999999999,-93.347917,29.775806,73650,USACE,IAN,2022,1260.0
2022-09-25 22:00:00,0.67,0.511,-0.159,-93.347917,29.775806,73650,USACE,IAN,2022,1320.0
2022-09-25 23:00:00,0.51,0.277,-0.2329999999999999,-93.347917,29.775806,73650,USACE,IAN,2022,1380.0
2022-09-26 00:00:00,0.37,-0.014,-0.384,-93.347917,29.775806,73650,USACE,IAN,2022,1440.0
2022-09-26 01:00:00,0.14,-0.355,-0.495,-93.347917,29.775806,73650,USACE,IAN,2022,1500.0
2022-09-26 02:00:00,0.02,-0.619,-0.639,-93.347917,29.775806,73650,USACE,IAN,2022,1560.0
2022-09-26 03:00:00,0.01,-0.695,-0.705,-93.347917,29.775806,73650,USACE,IAN,2022,1620.0
2022-09-26 04:00:00,0.13,-0.615,-0.745,-93.347917,29.775806,73650,USACE,IAN,2022,1680.0
2022-09-26 05:00:00,0.45,-0.385,-0.835,-93.347917,29.775806,73650,USACE,IAN,2022,1740.0
2022-09-26 06:00:00,0.78,-0.103,-0.883,-93.347917,29.775806,73650,USACE,IAN,2022,1800.0
2022-09-26 07:00:00,0.9,0.134,-0.766,-93.347917,29.775806,73650,USACE,IAN,2022,1860.0
2022-09-26 08:00:00,0.99,0.374,-0.616,-93.347917,29.775806,73650,USACE,IAN,2022,1920.0
2022-09-26 09:00:00,1.02,0.497,-0.523,-93.347917,29.775806,73650,USACE,IAN,2022,1980.0
2022-09-26 10:00:00,0.95,0.455,-0.4949999999999999,-93.347917,29.775806,73650,USACE,IAN,2022,2040.0
2022-09-26 11:00:00,0.82,0.275,-0.5449999999999999,-93.347917,29.775806,73650,USACE,IAN,2022,2100.0
2022-09-26 12:00:00,0.7,-0.006,-0.706,-93.347917,29.775806,73650,USACE,IAN,2022,2160.0
2022-09-26 13:00:00,0.41,-0.31,-0.72,-93.347917,29.775806,73650,USACE,IAN,2022,2220.0
2022-09-26 14:00:00,0.23,-0.576,-0.8059999999999999,-93.347917,29.775806,73650,USACE,IAN,2022,2280.0
2022-09-26 15:00:00,0.1,-0.643,-0.743,-93.347917,29.775806,73650,USACE,IAN,2022,2340.0
2022-09-26 16:00:00,0.13,-0.53,-0.66,-93.347917,29.775806,73650,USACE,IAN,2022,2400.0
2022-09-26 17:00:00,0.34,-0.258,-0.5980000000000001,-93.347917,29.775806,73650,USACE,IAN,2022,2460.0
2022-09-26 18:00:00,0.71,0.055,-0.6549999999999999,-93.347917,29.775806,73650,USACE,IAN,2022,2520.0
2022-09-26 19:00:00,0.8,0.354,-0.446,-93.347917,29.775806,73650,USACE,IAN,2022,2580.0
2022-09-26 20:00:00,0.91,0.62,-0.29,-93.347917,29.775806,73650,USACE,IAN,2022,2640.0
2022-09-26 21:00:00,1.05,0.758,-0.292,-93.347917,29.775806,73650,USACE,IAN,2022,2700.0
2022-09-26 22:00:00,1.06,0.723,-0.3370000000000001,-93.347917,29.775806,73650,USACE,IAN,2022,2760.0
2022-09-26 23:00:00,0.84,0.547,-0.2929999999999999,-93.347917,29.775806,73650,USACE,IAN,2022,2820.0
2022-09-27 00:00:00,0.65,0.289,-0.361,-93.347917,29.775806,73650,USACE,IAN,2022,2880.0
2022-09-27 01:00:00,0.39,0.029,-0.361,-93.347917,29.775806,73650,USACE,IAN,2022,2940.0
2022-09-27 02:00:00,0.04,-0.268,-0.308,-93.347917,29.775806,73650,USACE,IAN,2022,3000.0
2022-09-27 03:00:00,-0.25,-0.421,-0.1709999999999999,-93.347917,29.775806,73650,USACE,IAN,2022,3060.0
2022-09-27 04:00:00,-0.21,-0.426,-0.216,-93.347917,29.775806,73650,USACE,IAN,2022,3120.0
2022-09-27 05:00:00,-0.03,-0.256,-0.226,-93.347917,29.775806,73650,USACE,IAN,2022,3180.0
2022-09-27 06:00:00,0.04,-0.047,-0.087,-93.347917,29.775806,73650,USACE,IAN,2022,3240.0
2022-09-27 07:00:00,0.37,0.142,-0.228,-93.347917,29.775806,73650,USACE,IAN,2022,3300.0
2022-09-27 08:00:00,0.61,0.287,-0.323,-93.347917,29.775806,73650,USACE,IAN,2022,3360.0
2022-09-27 09:00:00,0.75,0.363,-0.387,-93.347917,29.775806,73650,USACE,IAN,2022,3420.0
2022-09-27 10:00:00,0.79,0.286,-0.504,-93.347917,29.775806,73650,USACE,IAN,2022,3480.0
2022-09-27 11:00:00,0.79,0.098,-0.6920000000000001,-93.347917,29.775806,73650,USACE,IAN,2022,3540.0
2022-09-27 12:00:00,0.85,-0.162,-1.012,-93.347917,29.775806,73650,USACE,IAN,2022,3600.0
2022-09-27 13:00:00,0.43,-0.493,-0.923,-93.347917,29.775806,73650,USACE,IAN,2022,3660.0
2022-09-27 14:00:00,0.08,-0.774,-0.854,-93.347917,29.775806,73650,USACE,IAN,2022,3720.0
2022-09-27 15:00:00,-0.19,-0.897,-0.7070000000000001,-93.347917,29.775806,73650,USACE,IAN,2022,3780.0
2022-09-27 16:00:00,-0.11,-0.866,-0.756,-93.347917,29.775806,73650,USACE,IAN,2022,3840.0
2022-09-27 17:00:00,0.05,-0.647,-0.6970000000000001,-93.347917,29.775806,73650,USACE,IAN,2022,3900.0
2022-09-27 18:00:00,0.29,-0.305,-0.595,-93.347917,29.775806,73650,USACE,IAN,2022,3960.0
2022-09-27 19:00:00,0.76,0.041,-0.719,-93.347917,29.775806,73650,USACE,IAN,2022,4020.0
2022-09-27 20:00:00,0.98,0.411,-0.569,-93.347917,29.775806,73650,USACE,IAN,2022,4080.0
2022-09-27 21:00:00,1.1,0.731,-0.3690000000000001,-93.347917,29.775806,73650,USACE,IAN,2022,4140.0
2022-09-27 22:00:00,1.31,0.889,-0.421,-93.347917,29.775806,73650,USACE,IAN,2022,4200.0
2022-09-27 23:00:00,1.35,0.873,-0.4770000000000001,-93.347917,29.775806,73650,USACE,IAN,2022,4260.0
2022-09-28 00:00:00,1.2,0.721,-0.479,-93.347917,29.775806,73650,USACE,IAN,2022,4320.0
2022-09-28 01:00:00,1.02,0.485,-0.535,-93.347917,29.775806,73650,USACE,IAN,2022,4380.0
2022-09-28 02:00:00,0.76,0.222,-0.538,-93.347917,29.775806,73650,USACE,IAN,2022,4440.0
2022-09-28 03:00:00,0.42,0.008,-0.412,-93.347917,29.775806,73650,USACE,IAN,2022,4500.0
2022-09-28 04:00:00,0.19,-0.134,-0.324,-93.347917,29.775806,73650,USACE,IAN,2022,4560.0
2022-09-28 05:00:00,0.25,-0.132,-0.382,-93.347917,29.775806,73650,USACE,IAN,2022,4620.0
2022-09-28 06:00:00,0.55,-0.009,-0.559,-93.347917,29.775806,73650,USACE,IAN,2022,4680.0
2022-09-28 07:00:00,0.81,0.149,-0.661,-93.347917,29.775806,73650,USACE,IAN,2022,4740.0
2022-09-28 08:00:00,1.24,0.256,-0.984,-93.347917,29.775806,73650,USACE,IAN,2022,4800.0
2022-09-28 09:00:00,1.26,0.319,-0.941,-93.347917,29.775806,73650,USACE,IAN,2022,4860.0
2022-09-28 10:00:00,1.18,0.257,-0.923,-93.347917,29.775806,73650,USACE,IAN,2022,4920.0
2022-09-28 11:00:00,1.06,0.065,-0.995,-93.347917,29.775806,73650,USACE,IAN,2022,4980.0
2022-09-28 12:00:00,0.84,-0.213,-1.053,-93.347917,29.775806,73650,USACE,IAN,2022,5040.0
2022-09-28 13:00:00,0.47,-0.55,-1.02,-93.347917,29.775806,73650,USACE,IAN,2022,5100.0
2022-09-28 14:00:00,0.26,-0.861,-1.121,-93.347917,29.775806,73650,USACE,IAN,2022,5160.0
2022-09-28 15:00:00,-0.05,-1.113,-1.063,-93.347917,29.775806,73650,USACE,IAN,2022,5220.0
2022-09-28 16:00:00,-0.11,-1.201,-1.091,-93.347917,29.775806,73650,USACE,IAN,2022,5280.0
2022-09-28 17:00:00,0.2,-1.085,-1.285,-93.347917,29.775806,73650,USACE,IAN,2022,5340.0
2022-09-28 18:00:00,0.49,-0.802,-1.292,-93.347917,29.775806,73650,USACE,IAN,2022,5400.0
2022-09-28 19:00:00,0.85,-0.401,-1.251,-93.347917,29.775806,73650,USACE,IAN,2022,5460.0
2022-09-28 20:00:00,1.22,-0.019,-1.239,-93.347917,29.775806,73650,USACE,IAN,2022,5520.0
2022-09-28 21:00:00,1.43,0.393,-1.037,-93.347917,29.775806,73650,USACE,IAN,2022,5580.0
2022-09-28 22:00:00,1.56,0.723,-0.8370000000000001,-93.347917,29.775806,73650,USACE,IAN,2022,5640.0
2022-09-28 23:00:00,1.55,0.861,-0.6890000000000001,-93.347917,29.775806,73650,USACE,IAN,2022,5700.0
2022-09-29 00:00:00,1.52,0.823,-0.6970000000000001,-93.347917,29.775806,73650,USACE,IAN,2022,5760.0
2022-09-29 01:00:00,1.39,0.713,-0.6769999999999999,-93.347917,29.775806,73650,USACE,IAN,2022,5820.0
2022-09-29 02:00:00,1.2,0.548,-0.6519999999999999,-93.347917,29.775806,73650,USACE,IAN,2022,5880.0
2022-09-29 03:00:00,1.03,0.348,-0.682,-93.347917,29.775806,73650,USACE,IAN,2022,5940.0
2022-09-29 04:00:00,0.95,0.254,-0.696,-93.347917,29.775806,73650,USACE,IAN,2022,6000.0
2022-09-29 05:00:00,0.75,0.253,-0.497,-93.347917,29.775806,73650,USACE,IAN,2022,6060.0
2022-09-29 06:00:00,0.76,0.283,-0.477,-93.347917,29.775806,73650,USACE,IAN,2022,6120.0
2022-09-29 07:00:00,1.08,0.317,-0.7630000000000001,-93.347917,29.775806,73650,USACE,IAN,2022,6180.0
2022-09-29 08:00:00,1.25,0.331,-0.919,-93.347917,29.775806,73650,USACE,IAN,2022,6240.0
2022-09-29 09:00:00,1.3,0.306,-0.994,-93.347917,29.775806,73650,USACE,IAN,2022,6300.0
2022-09-29 10:00:00,1.27,0.246,-1.024,-93.347917,29.775806,73650,USACE,IAN,2022,6360.0
2022-09-29 11:00:00,1.19,0.106,-1.084,-93.347917,29.775806,73650,USACE,IAN,2022,6420.0
2022-09-29 12:00:00,1.05,-0.154,-1.204,-93.347917,29.775806,73650,USACE,IAN,2022,6480.0
2022-09-29 13:00:00,0.72,-0.48,-1.2,-93.347917,29.775806,73650,USACE,IAN,2022,6540.0
2022-09-29 14:00:00,0.47,-0.815,-1.285,-93.347917,29.775806,73650,USACE,IAN,2022,6600.0
2022-09-29 15:00:00,0.15,-1.107,-1.257,-93.347917,29.775806,73650,USACE,IAN,2022,6660.0
2022-09-29 16:00:00,0.07,-1.35,-1.4200000000000002,-93.347917,29.775806,73650,USACE,IAN,2022,6720.0
2022-09-29 17:00:00,0.01,-1.386,-1.396,-93.347917,29.775806,73650,USACE,IAN,2022,6780.0
2022-09-29 18:00:00,0.1,-1.172,-1.272,-93.347917,29.775806,73650,USACE,IAN,2022,6840.0
2022-09-29 19:00:00,0.2,-0.824,-1.024,-93.347917,29.775806,73650,USACE,IAN,2022,6900.0
2022-09-29 20:00:00,0.55,-0.405,-0.955,-93.347917,29.775806,73650,USACE,IAN,2022,6960.0
2022-09-29 21:00:00,0.91,-0.029,-0.939,-93.347917,29.775806,73650,USACE,IAN,2022,7020.0
2022-09-29 22:00:00,1.07,0.33,-0.74,-93.347917,29.775806,73650,USACE,IAN,2022,7080.0
2022-09-29 23:00:00,1.21,0.629,-0.581,-93.347917,29.775806,73650,USACE,IAN,2022,7140.0
2022-09-30 00:00:00,1.24,0.789,-0.4509999999999999,-93.347917,29.775806,73650,USACE,IAN,2022,7200.0
2022-09-30 01:00:00,1.29,0.791,-0.499,-93.347917,29.775806,73650,USACE,IAN,2022,7260.0
2022-09-30 02:00:00,1.23,0.704,-0.526,-93.347917,29.775806,73650,USACE,IAN,2022,7320.0
2022-09-30 03:00:00,1.01,0.576,-0.434,-93.347917,29.775806,73650,USACE,IAN,2022,7380.0
2022-09-30 04:00:00,0.9,0.421,-0.479,-93.347917,29.775806,73650,USACE,IAN,2022,7440.0
2022-09-30 05:00:00,0.85,0.31,-0.54,-93.347917,29.775806,73650,USACE,IAN,2022,7500.0
2022-09-30 06:00:00,0.85,0.306,-0.544,-93.347917,29.775806,73650,USACE,IAN,2022,7560.0
2022-09-30 07:00:00,0.89,0.35,-0.54,-93.347917,29.775806,73650,USACE,IAN,2022,7620.0
2022-09-30 08:00:00,1.09,0.413,-0.677,-93.347917,29.775806,73650,USACE,IAN,2022,7680.0
2022-09-30 09:00:00,1.21,0.433,-0.7769999999999999,-93.347917,29.775806,73650,USACE,IAN,2022,7740.0
2022-09-30 10:00:00,1.3,0.345,-0.955,-93.347917,29.775806,73650,USACE,IAN,2022,7800.0
2022-09-30 11:00:00,1.09,0.192,-0.8980000000000001,-93.347917,29.775806,73650,USACE,IAN,2022,7860.0
2022-09-30 12:00:00,0.87,-0.091,-0.961,-93.347917,29.775806,73650,USACE,IAN,2022,7920.0
2022-09-30 13:00:00,0.56,-0.435,-0.995,-93.347917,29.775806,73650,USACE,IAN,2022,7980.0
2022-09-30 14:00:00,0.18,-0.76,-0.94,-93.347917,29.775806,73650,USACE,IAN,2022,8040.0
2022-09-30 15:00:00,-0.32,-1.016,-0.696,-93.347917,29.775806,73650,USACE,IAN,2022,8100.0
2022-09-30 16:00:00,-0.82,-1.275,-0.4549999999999999,-93.347917,29.775806,73650,USACE,IAN,2022,8160.0
2022-09-30 17:00:00,-1.07,-1.432,-0.3619999999999999,-93.347917,29.775806,73650,USACE,IAN,2022,8220.0
2022-09-30 18:00:00,-1.0,-1.413,-0.413,-93.347917,29.775806,73650,USACE,IAN,2022,8280.0
2022-09-30 19:00:00,-0.76,-1.222,-0.4619999999999999,-93.347917,29.775806,73650,USACE,IAN,2022,8340.0
2022-09-30 20:00:00,-0.36,-0.917,-0.557,-93.347917,29.775806,73650,USACE,IAN,2022,8400.0
2022-09-30 21:00:00,0.06,-0.547,-0.607,-93.347917,29.775806,73650,USACE,IAN,2022,8460.0
2022-09-30 22:00:00,0.45,-0.166,-0.616,-93.347917,29.775806,73650,USACE,IAN,2022,8520.0
2022-09-30 23:00:00,0.66,0.219,-0.441,-93.347917,29.775806,73650,USACE,IAN,2022,8580.0
2022-10-01 00:00:00,0.77,0.538,-0.2319999999999999,-93.347917,29.775806,73650,USACE,IAN,2022,8640.0
2022-10-01 01:00:00,0.78,0.75,-0.03,-93.347917,29.775806,73650,USACE,IAN,2022,8700.0
2022-10-01 02:00:00,0.81,0.868,0.0579999999999999,-93.347917,29.775806,73650,USACE,IAN,2022,8760.0
2022-10-01 03:00:00,0.77,0.9,0.13,-93.347917,29.775806,73650,USACE,IAN,2022,8820.0
2022-10-01 04:00:00,0.69,0.852,0.162,-93.347917,29.775806,73650,USACE,IAN,2022,8880.0
2022-10-01 05:00:00,0.69,0.754,0.064,-93.347917,29.775806,73650,USACE,IAN,2022,8940.0
2022-10-01 06:00:00,0.7,0.656,-0.0439999999999999,-93.347917,29.775806,73650,USACE,IAN,2022,9000.0
2022-10-01 07:00:00,0.74,0.596,-0.144,-93.347917,29.775806,73650,USACE,IAN,2022,9060.0
2022-10-01 08:00:00,0.78,0.537,-0.243,-93.347917,29.775806,73650,USACE,IAN,2022,9120.0
2022-10-01 09:00:00,0.74,0.468,-0.2719999999999999,-93.347917,29.775806,73650,USACE,IAN,2022,9180.0
2022-10-01 10:00:00,0.72,0.39,-0.3299999999999999,-93.347917,29.775806,73650,USACE,IAN,2022,9240.0
2022-10-01 11:00:00,0.66,0.263,-0.397,-93.347917,29.775806,73650,USACE,IAN,2022,9300.0
2022-10-01 12:00:00,0.48,0.067,-0.413,-93.347917,29.775806,73650,USACE,IAN,2022,9360.0
2022-10-01 13:00:00,0.17,-0.207,-0.377,-93.347917,29.775806,73650,USACE,IAN,2022,9420.0
2022-10-01 14:00:00,-0.13,-0.519,-0.389,-93.347917,29.775806,73650,USACE,IAN,2022,9480.0
2022-10-01 15:00:00,-0.47,-0.824,-0.354,-93.347917,29.775806,73650,USACE,IAN,2022,9540.0
2022-10-01 16:00:00,-0.75,-1.086,-0.3360000000000001,-93.347917,29.775806,73650,USACE,IAN,2022,9600.0
2022-10-01 17:00:00,-1.0,-1.374,-0.3740000000000001,-93.347917,29.775806,73650,USACE,IAN,2022,9660.0
2022-10-01 18:00:00,-1.02,-1.563,-0.5429999999999999,-93.347917,29.775806,73650,USACE,IAN,2022,9720.0
2022-10-01 19:00:00,-0.91,-1.59,-0.68,-93.347917,29.775806,73650,USACE,IAN,2022,9780.0
2022-10-01 20:00:00,-0.74,-1.446,-0.706,-93.347917,29.775806,73650,USACE,IAN,2022,9840.0
2022-10-01 21:00:00,-0.47,-1.142,-0.6719999999999999,-93.347917,29.775806,73650,USACE,IAN,2022,9900.0
2022-10-01 22:00:00,-0.09,-0.782,-0.6920000000000001,-93.347917,29.775806,73650,USACE,IAN,2022,9960.0
2022-10-01 23:00:00,0.26,-0.363,-0.623,-93.347917,29.775806,73650,USACE,IAN,2022,10020.0
2022-09-25 19:00:00,0.691,0.221,-0.47,-89.8365972,29.9351805,76010,USACE,IAN,2022,1140.0
2022-09-25 20:00:00,0.751,0.242,-0.509,-89.8365972,29.9351805,76010,USACE,IAN,2022,1200.0
2022-09-25 21:00:00,0.781,0.269,-0.512,-89.8365972,29.9351805,76010,USACE,IAN,2022,1260.0
2022-09-25 22:00:00,0.781,0.257,-0.524,-89.8365972,29.9351805,76010,USACE,IAN,2022,1320.0
2022-09-27 07:00:00,0.831,0.22,-0.611,-89.8365972,29.9351805,76010,USACE,IAN,2022,3300.0
2022-09-27 08:00:00,0.891,0.246,-0.645,-89.8365972,29.9351805,76010,USACE,IAN,2022,3360.0
2022-09-27 09:00:00,0.901,0.25,-0.651,-89.8365972,29.9351805,76010,USACE,IAN,2022,3420.0
2022-09-27 10:00:00,0.941,0.244,-0.697,-89.8365972,29.9351805,76010,USACE,IAN,2022,3480.0
2022-09-28 07:00:00,0.741,0.258,-0.483,-89.8365972,29.9351805,76010,USACE,IAN,2022,4740.0
2022-09-28 08:00:00,0.721,0.314,-0.407,-89.8365972,29.9351805,76010,USACE,IAN,2022,4800.0
2022-09-28 09:00:00,0.741,0.35,-0.391,-89.8365972,29.9351805,76010,USACE,IAN,2022,4860.0
2022-09-28 10:00:00,0.701,0.349,-0.352,-89.8365972,29.9351805,76010,USACE,IAN,2022,4920.0
2022-09-28 11:00:00,0.711,0.286,-0.425,-89.8365972,29.9351805,76010,USACE,IAN,2022,4980.0
2022-09-29 07:00:00,0.691,0.256,-0.4349999999999999,-89.8365972,29.9351805,76010,USACE,IAN,2022,6180.0
2022-09-29 08:00:00,0.701,0.304,-0.3969999999999999,-89.8365972,29.9351805,76010,USACE,IAN,2022,6240.0
2022-09-29 09:00:00,0.681,0.342,-0.339,-89.8365972,29.9351805,76010,USACE,IAN,2022,6300.0
2022-09-29 10:00:00,0.701,0.348,-0.353,-89.8365972,29.9351805,76010,USACE,IAN,2022,6360.0
2022-09-29 11:00:00,0.701,0.305,-0.3959999999999999,-89.8365972,29.9351805,76010,USACE,IAN,2022,6420.0
2022-10-01 10:00:00,0.621,0.262,-0.359,-89.8365972,29.9351805,76010,USACE,IAN,2022,9240.0
2022-10-01 11:00:00,0.661,0.327,-0.334,-89.8365972,29.9351805,76010,USACE,IAN,2022,9300.0
2022-10-01 12:00:00,0.661,0.365,-0.296,-89.8365972,29.9351805,76010,USACE,IAN,2022,9360.0
2022-10-01 13:00:00,0.641,0.364,-0.277,-89.8365972,29.9351805,76010,USACE,IAN,2022,9420.0
2022-10-01 14:00:00,0.601,0.306,-0.295,-89.8365972,29.9351805,76010,USACE,IAN,2022,9480.0
2022-09-25 01:00:00,3.717,4.528,0.8109999999999995,-66.982315,44.904598,8410140,NOAA_NOS,IAN,2022,60.0
2022-09-25 02:00:00,6.936,7.124,0.1879999999999997,-66.982315,44.904598,8410140,NOAA_NOS,IAN,2022,120.0
2022-09-25 03:00:00,8.17,7.679,-0.4909999999999996,-66.982315,44.904598,8410140,NOAA_NOS,IAN,2022,180.0
2022-09-25 04:00:00,7.041,6.194,-0.8470000000000004,-66.982315,44.904598,8410140,NOAA_NOS,IAN,2022,240.0
2022-09-25 05:00:00,4.492,3.569,-0.923,-66.982315,44.904598,8410140,NOAA_NOS,IAN,2022,300.0
2022-09-25 06:00:00,0.903,-0.032,-0.935,-66.982315,44.904598,8410140,NOAA_NOS,IAN,2022,360.0
2022-09-25 07:00:00,-2.92,-4.128,-1.2080000000000002,-66.982315,44.904598,8410140,NOAA_NOS,IAN,2022,420.0
2022-09-25 08:00:00,-6.243,-7.021,-0.7779999999999996,-66.982315,44.904598,8410140,NOAA_NOS,IAN,2022,480.0
2022-09-25 09:00:00,-8.087,-7.661,0.4260000000000001,-66.982315,44.904598,8410140,NOAA_NOS,IAN,2022,540.0
2022-09-25 10:00:00,-7.277,-6.499,0.7780000000000005,-66.982315,44.904598,8410140,NOAA_NOS,IAN,2022,600.0
2022-09-25 11:00:00,-4.393,-4.016,0.3769999999999998,-66.982315,44.904598,8410140,NOAA_NOS,IAN,2022,660.0
2022-09-25 12:00:00,-0.229,-0.457,-0.228,-66.982315,44.904598,8410140,NOAA_NOS,IAN,2022,720.0
2022-09-25 13:00:00,4.157,3.362,-0.7949999999999999,-66.982315,44.904598,8410140,NOAA_NOS,IAN,2022,780.0
2022-09-25 14:00:00,7.966,6.477,-1.489,-66.982315,44.904598,8410140,NOAA_NOS,IAN,2022,840.0
2022-09-25 15:00:00,9.941,7.775,-2.1660000000000004,-66.982315,44.904598,8410140,NOAA_NOS,IAN,2022,900.0
2022-09-25 16:00:00,9.21,6.821,-2.389000000000001,-66.982315,44.904598,8410140,NOAA_NOS,IAN,2022,960.0
2022-09-25 17:00:00,6.487,4.443,-2.0440000000000005,-66.982315,44.904598,8410140,NOAA_NOS,IAN,2022,1020.0
2022-09-25 18:00:00,2.454,1.118,-1.336,-66.982315,44.904598,8410140,NOAA_NOS,IAN,2022,1080.0
2022-09-25 19:00:00,-1.837,-3.018,-1.1809999999999998,-66.982315,44.904598,8410140,NOAA_NOS,IAN,2022,1140.0
2022-09-25 20:00:00,-5.826,-6.624,-0.798,-66.982315,44.904598,8410140,NOAA_NOS,IAN,2022,1200.0
2022-09-25 21:00:00,-8.769,-7.864,0.9050000000000002,-66.982315,44.904598,8410140,NOAA_NOS,IAN,2022,1260.0
2022-09-25 22:00:00,-8.953,-7.17,1.7829999999999997,-66.982315,44.904598,8410140,NOAA_NOS,IAN,2022,1320.0
2022-09-25 23:00:00,-6.371,-5.03,1.3410000000000002,-66.982315,44.904598,8410140,NOAA_NOS,IAN,2022,1380.0
2022-09-26 00:00:00,-2.277,-1.598,0.679,-66.982315,44.904598,8410140,NOAA_NOS,IAN,2022,1440.0
2022-09-26 01:00:00,2.349,2.531,0.1819999999999999,-66.982315,44.904598,8410140,NOAA_NOS,IAN,2022,1500.0
2022-09-26 02:00:00,6.601,6.049,-0.5519999999999996,-66.982315,44.904598,8410140,NOAA_NOS,IAN,2022,1560.0
2022-09-26 03:00:00,9.364,8.084,-1.2800000000000011,-66.982315,44.904598,8410140,NOAA_NOS,IAN,2022,1620.0
2022-09-26 04:00:00,9.564,7.741,-1.8230000000000004,-66.982315,44.904598,8410140,NOAA_NOS,IAN,2022,1680.0
2022-09-26 05:00:00,7.438,5.592,-1.846,-66.982315,44.904598,8410140,NOAA_NOS,IAN,2022,1740.0
2022-09-26 06:00:00,3.898,2.495,-1.403,-66.982315,44.904598,8410140,NOAA_NOS,IAN,2022,1800.0
2022-09-26 07:00:00,-0.318,-1.664,-1.346,-66.982315,44.904598,8410140,NOAA_NOS,IAN,2022,1860.0
2022-09-26 08:00:00,-4.314,-5.831,-1.5170000000000003,-66.982315,44.904598,8410140,NOAA_NOS,IAN,2022,1920.0
2022-09-26 09:00:00,-7.628,-7.986,-0.3579999999999996,-66.982315,44.904598,8410140,NOAA_NOS,IAN,2022,1980.0
2022-09-26 10:00:00,-8.694,-7.814,0.8800000000000008,-66.982315,44.904598,8410140,NOAA_NOS,IAN,2022,2040.0
2022-09-26 11:00:00,-6.762,-5.97,0.7919999999999998,-66.982315,44.904598,8410140,NOAA_NOS,IAN,2022,2100.0
2022-09-26 12:00:00,-3.038,-2.833,0.2049999999999996,-66.982315,44.904598,8410140,NOAA_NOS,IAN,2022,2160.0
2022-09-26 13:00:00,1.601,1.25,-0.351,-66.982315,44.904598,8410140,NOAA_NOS,IAN,2022,2220.0
2022-09-26 14:00:00,6.168,5.224,-0.944,-66.982315,44.904598,8410140,NOAA_NOS,IAN,2022,2280.0
2022-09-26 15:00:00,9.682,7.886,-1.7960000000000005,-66.982315,44.904598,8410140,NOAA_NOS,IAN,2022,2340.0
2022-09-26 16:00:00,10.525,8.32,-2.205,-66.982315,44.904598,8410140,NOAA_NOS,IAN,2022,2400.0
2022-09-26 17:00:00,8.724,6.489,-2.2350000000000003,-66.982315,44.904598,8410140,NOAA_NOS,IAN,2022,2460.0
2022-09-26 18:00:00,5.227,3.532,-1.6950000000000005,-66.982315,44.904598,8410140,NOAA_NOS,IAN,2022,2520.0
2022-09-26 19:00:00,0.85,-0.43,-1.28,-66.982315,44.904598,8410140,NOAA_NOS,IAN,2022,2580.0
2022-09-26 20:00:00,-3.602,-4.926,-1.3240000000000005,-66.982315,44.904598,8410140,NOAA_NOS,IAN,2022,2640.0
2022-09-26 21:00:00,-7.536,-7.952,-0.4160000000000003,-66.982315,44.904598,8410140,NOAA_NOS,IAN,2022,2700.0
2022-09-26 22:00:00,-9.596,-8.46,1.1359999999999992,-66.982315,44.904598,8410140,NOAA_NOS,IAN,2022,2760.0
2022-09-26 23:00:00,-8.471,-7.045,1.4260000000000002,-66.982315,44.904598,8410140,NOAA_NOS,IAN,2022,2820.0
2022-09-27 00:00:00,-4.977,-4.178,0.7990000000000004,-66.982315,44.904598,8410140,NOAA_NOS,IAN,2022,2880.0
2022-09-27 01:00:00,-0.347,-0.245,0.1019999999999999,-66.982315,44.904598,8410140,NOAA_NOS,IAN,2022,2940.0
2022-09-27 02:00:00,4.42,3.995,-0.4249999999999998,-66.982315,44.904598,8410140,NOAA_NOS,IAN,2022,3000.0
2022-09-27 03:00:00,8.603,7.343,-1.2599999999999998,-66.982315,44.904598,8410140,NOAA_NOS,IAN,2022,3060.0
2022-09-27 04:00:00,10.611,8.55,-2.061,-66.982315,44.904598,8410140,NOAA_NOS,IAN,2022,3120.0
2022-09-27 05:00:00,9.607,7.342,-2.265,-66.982315,44.904598,8410140,NOAA_NOS,IAN,2022,3180.0
2022-09-27 06:00:00,6.578,4.709,-1.8690000000000009,-66.982315,44.904598,8410140,NOAA_NOS,IAN,2022,3240.0
2022-09-27 07:00:00,2.376,1.043,-1.333,-66.982315,44.904598,8410140,NOAA_NOS,IAN,2022,3300.0
2022-09-27 08:00:00,-1.991,-3.458,-1.467,-66.982315,44.904598,8410140,NOAA_NOS,IAN,2022,3360.0
2022-09-27 09:00:00,-6.112,-7.225,-1.1129999999999995,-66.982315,44.904598,8410140,NOAA_NOS,IAN,2022,3420.0
2022-09-27 10:00:00,-8.989,-8.423,0.5660000000000007,-66.982315,44.904598,8410140,NOAA_NOS,IAN,2022,3480.0
2022-09-27 11:00:00,-9.002,-7.484,1.518000000000001,-66.982315,44.904598,8410140,NOAA_NOS,IAN,2022,3540.0
2022-09-27 12:00:00,-6.102,-4.973,1.1290000000000004,-66.982315,44.904598,8410140,NOAA_NOS,IAN,2022,3600.0
2022-09-27 13:00:00,-1.814,-1.258,0.556,-66.982315,44.904598,8410140,NOAA_NOS,IAN,2022,3660.0
2022-09-27 14:00:00,2.96,3.178,0.2179999999999999,-66.982315,44.904598,8410140,NOAA_NOS,IAN,2022,3720.0
2022-09-27 15:00:00,7.425,6.873,-0.5519999999999996,-66.982315,44.904598,8410140,NOAA_NOS,IAN,2022,3780.0
2022-09-27 16:00:00,10.191,8.862,-1.3290000000000006,-66.982315,44.904598,8410140,NOAA_NOS,IAN,2022,3840.0
2022-09-27 17:00:00,9.997,8.269,-1.7279999999999998,-66.982315,44.904598,8410140,NOAA_NOS,IAN,2022,3900.0
2022-09-27 18:00:00,7.533,5.762,-1.7710000000000008,-66.982315,44.904598,8410140,NOAA_NOS,IAN,2022,3960.0
2022-09-27 19:00:00,3.616,2.361,-1.255,-66.982315,44.904598,8410140,NOAA_NOS,IAN,2022,4020.0
2022-09-27 20:00:00,-0.859,-2.151,-1.2919999999999998,-66.982315,44.904598,8410140,NOAA_NOS,IAN,2022,4080.0
2022-09-27 21:00:00,-5.229,-6.607,-1.378,-66.982315,44.904598,8410140,NOAA_NOS,IAN,2022,4140.0
2022-09-27 22:00:00,-8.799,-8.825,-0.0259999999999998,-66.982315,44.904598,8410140,NOAA_NOS,IAN,2022,4200.0
2022-09-27 23:00:00,-9.829,-8.494,1.3350000000000009,-66.982315,44.904598,8410140,NOAA_NOS,IAN,2022,4260.0
2022-09-28 00:00:00,-7.697,-6.591,1.106,-66.982315,44.904598,8410140,NOAA_NOS,IAN,2022,4320.0
2022-09-28 01:00:00,-3.799,-3.166,0.633,-66.982315,44.904598,8410140,NOAA_NOS,IAN,2022,4380.0
2022-09-28 02:00:00,1.017,1.142,0.125,-66.982315,44.904598,8410140,NOAA_NOS,IAN,2022,4440.0
2022-09-28 03:00:00,5.837,5.316,-0.5209999999999999,-66.982315,44.904598,8410140,NOAA_NOS,IAN,2022,4500.0
2022-09-28 04:00:00,9.41,8.091,-1.3190000000000008,-66.982315,44.904598,8410140,NOAA_NOS,IAN,2022,4560.0
2022-09-28 05:00:00,10.368,8.566,-1.802,-66.982315,44.904598,8410140,NOAA_NOS,IAN,2022,4620.0
2022-09-28 06:00:00,8.468,6.635,-1.833,-66.982315,44.904598,8410140,NOAA_NOS,IAN,2022,4680.0
2022-09-28 07:00:00,4.931,3.572,-1.359,-66.982315,44.904598,8410140,NOAA_NOS,IAN,2022,4740.0
2022-09-28 08:00:00,0.555,-0.42,-0.975,-66.982315,44.904598,8410140,NOAA_NOS,IAN,2022,4800.0
2022-09-28 09:00:00,-3.822,-5.034,-1.2119999999999995,-66.982315,44.904598,8410140,NOAA_NOS,IAN,2022,4860.0
2022-09-28 10:00:00,-7.726,-8.064,-0.3380000000000001,-66.982315,44.904598,8410140,NOAA_NOS,IAN,2022,4920.0
2022-09-28 11:00:00,-9.737,-8.466,1.2710000000000008,-66.982315,44.904598,8410140,NOAA_NOS,IAN,2022,4980.0
2022-09-28 12:00:00,-8.52,-6.821,1.6989999999999998,-66.982315,44.904598,8410140,NOAA_NOS,IAN,2022,5040.0
2022-09-28 13:00:00,-5.023,-3.795,1.2279999999999998,-66.982315,44.904598,8410140,NOAA_NOS,IAN,2022,5100.0
2022-09-28 14:00:00,-0.233,0.391,0.624,-66.982315,44.904598,8410140,NOAA_NOS,IAN,2022,5160.0
2022-09-28 15:00:00,4.748,4.772,0.024,-66.982315,44.904598,8410140,NOAA_NOS,IAN,2022,5220.0
2022-09-28 16:00:00,8.888,8.134,-0.7539999999999996,-66.982315,44.904598,8410140,NOAA_NOS,IAN,2022,5280.0
2022-09-28 17:00:00,10.768,9.241,-1.527000000000001,-66.982315,44.904598,8410140,NOAA_NOS,IAN,2022,5340.0
2022-09-28 18:00:00,9.59,7.827,-1.763,-66.982315,44.904598,8410140,NOAA_NOS,IAN,2022,5400.0
2022-09-28 19:00:00,6.483,4.931,-1.5519999999999996,-66.982315,44.904598,8410140,NOAA_NOS,IAN,2022,5460.0
2022-09-28 20:00:00,2.149,1.016,-1.133,-66.982315,44.904598,8410140,NOAA_NOS,IAN,2022,5520.0
2022-09-28 21:00:00,-2.362,-3.825,-1.463,-66.982315,44.904598,8410140,NOAA_NOS,IAN,2022,5580.0
2022-09-28 22:00:00,-6.844,-7.773,-0.9289999999999994,-66.982315,44.904598,8410140,NOAA_NOS,IAN,2022,5640.0
2022-09-28 23:00:00,-9.832,-9.046,0.7860000000000014,-66.982315,44.904598,8410140,NOAA_NOS,IAN,2022,5700.0
2022-09-29 00:00:00,-9.777,-8.308,1.4689999999999994,-66.982315,44.904598,8410140,NOAA_NOS,IAN,2022,5760.0
2022-09-29 01:00:00,-6.909,-5.768,1.141,-66.982315,44.904598,8410140,NOAA_NOS,IAN,2022,5820.0
2022-09-29 02:00:00,-2.68,-2.055,0.625,-66.982315,44.904598,8410140,NOAA_NOS,IAN,2022,5880.0
2022-09-29 03:00:00,2.084,2.47,0.3860000000000001,-66.982315,44.904598,8410140,NOAA_NOS,IAN,2022,5940.0
2022-09-29 04:00:00,6.493,6.275,-0.2179999999999999,-66.982315,44.904598,8410140,NOAA_NOS,IAN,2022,6000.0
2022-09-29 05:00:00,9.364,8.442,-0.9220000000000006,-66.982315,44.904598,8410140,NOAA_NOS,IAN,2022,6060.0
2022-09-29 06:00:00,9.298,8.036,-1.2620000000000005,-66.982315,44.904598,8410140,NOAA_NOS,IAN,2022,6120.0
2022-09-29 07:00:00,6.831,5.681,-1.1500000000000004,-66.982315,44.904598,8410140,NOAA_NOS,IAN,2022,6180.0
2022-09-29 08:00:00,3.088,2.516,-0.5720000000000001,-66.982315,44.904598,8410140,NOAA_NOS,IAN,2022,6240.0
2022-09-29 09:00:00,-1.118,-1.813,-0.6949999999999998,-66.982315,44.904598,8410140,NOAA_NOS,IAN,2022,6300.0
2022-09-29 10:00:00,-5.318,-6.141,-0.8230000000000004,-66.982315,44.904598,8410140,NOAA_NOS,IAN,2022,6360.0
2022-09-29 11:00:00,-8.799,-8.336,0.4629999999999992,-66.982315,44.904598,8410140,NOAA_NOS,IAN,2022,6420.0
2022-09-29 12:00:00,-9.773,-8.012,1.7609999999999992,-66.982315,44.904598,8410140,NOAA_NOS,IAN,2022,6480.0
2022-09-29 13:00:00,-7.687,-5.994,1.6930000000000005,-66.982315,44.904598,8410140,NOAA_NOS,IAN,2022,6540.0
2022-09-29 14:00:00,-3.737,-2.589,1.148,-66.982315,44.904598,8410140,NOAA_NOS,IAN,2022,6600.0
2022-09-29 15:00:00,1.086,1.825,0.7389999999999999,-66.982315,44.904598,8410140,NOAA_NOS,IAN,2022,6660.0
2022-09-29 16:00:00,5.847,5.976,0.1289999999999995,-66.982315,44.904598,8410140,NOAA_NOS,IAN,2022,6720.0
2022-09-29 17:00:00,9.377,8.735,-0.6420000000000012,-66.982315,44.904598,8410140,NOAA_NOS,IAN,2022,6780.0
2022-09-29 18:00:00,10.259,9.172,-1.0869999999999995,-66.982315,44.904598,8410140,NOAA_NOS,IAN,2022,6840.0
2022-09-29 19:00:00,8.403,7.209,-1.1940000000000008,-66.982315,44.904598,8410140,NOAA_NOS,IAN,2022,6900.0
2022-09-29 20:00:00,4.856,4.067,-0.7889999999999997,-66.982315,44.904598,8410140,NOAA_NOS,IAN,2022,6960.0
2022-09-29 21:00:00,0.453,-0.169,-0.622,-66.982315,44.904598,8410140,NOAA_NOS,IAN,2022,7020.0
2022-09-29 22:00:00,-4.048,-4.986,-0.9379999999999996,-66.982315,44.904598,8410140,NOAA_NOS,IAN,2022,7080.0
2022-09-29 23:00:00,-8.162,-8.369,-0.2069999999999989,-66.982315,44.904598,8410140,NOAA_NOS,IAN,2022,7140.0
2022-09-30 00:00:00,-10.446,-9.075,1.3710000000000004,-66.982315,44.904598,8410140,NOAA_NOS,IAN,2022,7200.0
2022-09-30 01:00:00,-9.544,-7.778,1.766000000000001,-66.982315,44.904598,8410140,NOAA_NOS,IAN,2022,7260.0
2022-09-30 02:00:00,-6.365,-5.013,1.3520000000000003,-66.982315,44.904598,8410140,NOAA_NOS,IAN,2022,7320.0
2022-09-30 03:00:00,-1.945,-1.016,0.929,-66.982315,44.904598,8410140,NOAA_NOS,IAN,2022,7380.0
2022-09-30 04:00:00,2.763,3.278,0.5150000000000001,-66.982315,44.904598,8410140,NOAA_NOS,IAN,2022,7440.0
2022-09-30 05:00:00,6.916,6.767,-0.149,-66.982315,44.904598,8410140,NOAA_NOS,IAN,2022,7500.0
2022-09-30 06:00:00,9.006,8.309,-0.697000000000001,-66.982315,44.904598,8410140,NOAA_NOS,IAN,2022,7560.0
2022-09-30 07:00:00,8.245,7.365,-0.879999999999999,-66.982315,44.904598,8410140,NOAA_NOS,IAN,2022,7620.0
2022-09-30 08:00:00,5.584,4.831,-0.7529999999999992,-66.982315,44.904598,8410140,NOAA_NOS,IAN,2022,7680.0
2022-09-30 09:00:00,1.838,1.433,-0.405,-66.982315,44.904598,8410140,NOAA_NOS,IAN,2022,7740.0
2022-09-30 10:00:00,-2.159,-2.895,-0.7360000000000002,-66.982315,44.904598,8410140,NOAA_NOS,IAN,2022,7800.0
2022-09-30 11:00:00,-6.079,-6.758,-0.6790000000000003,-66.982315,44.904598,8410140,NOAA_NOS,IAN,2022,7860.0
2022-09-30 12:00:00,-8.871,-8.163,0.7080000000000002,-66.982315,44.904598,8410140,NOAA_NOS,IAN,2022,7920.0
2022-09-30 13:00:00,-8.989,-7.351,1.6380000000000008,-66.982315,44.904598,8410140,NOAA_NOS,IAN,2022,7980.0
2022-09-30 14:00:00,-6.24,-5.099,1.141,-66.982315,44.904598,8410140,NOAA_NOS,IAN,2022,8040.0
2022-09-30 15:00:00,-2.031,-1.489,0.542,-66.982315,44.904598,8410140,NOAA_NOS,IAN,2022,8100.0
2022-09-30 16:00:00,2.451,2.902,0.451,-66.982315,44.904598,8410140,NOAA_NOS,IAN,2022,8160.0
2022-09-30 17:00:00,6.696,6.71,0.0140000000000002,-66.982315,44.904598,8410140,NOAA_NOS,IAN,2022,8220.0
2022-09-30 18:00:00,9.508,8.962,-0.5459999999999994,-66.982315,44.904598,8410140,NOAA_NOS,IAN,2022,8280.0
2022-09-30 19:00:00,9.613,8.716,-0.8970000000000002,-66.982315,44.904598,8410140,NOAA_NOS,IAN,2022,8340.0
2022-09-30 20:00:00,7.333,6.493,-0.8399999999999999,-66.982315,44.904598,8410140,NOAA_NOS,IAN,2022,8400.0
2022-09-30 21:00:00,3.652,3.291,-0.3610000000000002,-66.982315,44.904598,8410140,NOAA_NOS,IAN,2022,8460.0
2022-09-30 22:00:00,-0.685,-1.176,-0.4909999999999999,-66.982315,44.904598,8410140,NOAA_NOS,IAN,2022,8520.0
2022-09-30 23:00:00,-4.954,-5.696,-0.742,-66.982315,44.904598,8410140,NOAA_NOS,IAN,2022,8580.0
2022-10-01 00:00:00,-8.582,-8.327,0.2550000000000008,-66.982315,44.904598,8410140,NOAA_NOS,IAN,2022,8640.0
2022-10-01 01:00:00,-10.039,-8.69,1.3490000000000002,-66.982315,44.904598,8410140,NOAA_NOS,IAN,2022,8700.0
2022-10-01 02:00:00,-8.507,-7.211,1.2959999999999994,-66.982315,44.904598,8410140,NOAA_NOS,IAN,2022,8760.0
2022-10-01 03:00:00,-5.164,-4.368,0.7959999999999994,-66.982315,44.904598,8410140,NOAA_NOS,IAN,2022,8820.0
2022-10-01 04:00:00,-0.823,-0.376,0.4469999999999999,-66.982315,44.904598,8410140,NOAA_NOS,IAN,2022,8880.0
2022-10-01 05:00:00,3.576,3.653,0.0769999999999999,-66.982315,44.904598,8410140,NOAA_NOS,IAN,2022,8940.0
2022-10-01 06:00:00,7.212,6.818,-0.3940000000000001,-66.982315,44.904598,8410140,NOAA_NOS,IAN,2022,9000.0
2022-10-01 07:00:00,8.639,7.898,-0.7409999999999997,-66.982315,44.904598,8410140,NOAA_NOS,IAN,2022,9060.0
2022-10-01 08:00:00,7.484,6.669,-0.8150000000000004,-66.982315,44.904598,8410140,NOAA_NOS,IAN,2022,9120.0
2022-10-01 09:00:00,4.807,4.219,-0.5880000000000001,-66.982315,44.904598,8410140,NOAA_NOS,IAN,2022,9180.0
2022-10-01 10:00:00,1.188,0.763,-0.4249999999999999,-66.982315,44.904598,8410140,NOAA_NOS,IAN,2022,9240.0
2022-10-01 11:00:00,-2.638,-3.477,-0.839,-66.982315,44.904598,8410140,NOAA_NOS,IAN,2022,9300.0
2022-10-01 12:00:00,-6.223,-6.851,-0.6280000000000001,-66.982315,44.904598,8410140,NOAA_NOS,IAN,2022,9360.0
2022-10-01 13:00:00,-8.372,-7.822,0.5499999999999998,-66.982315,44.904598,8410140,NOAA_NOS,IAN,2022,9420.0
2022-10-01 14:00:00,-7.893,-6.77,1.1230000000000002,-66.982315,44.904598,8410140,NOAA_NOS,IAN,2022,9480.0
2022-10-01 15:00:00,-5.111,-4.357,0.7539999999999996,-66.982315,44.904598,8410140,NOAA_NOS,IAN,2022,9540.0
2022-10-01 16:00:00,-0.968,-0.667,0.3009999999999999,-66.982315,44.904598,8410140,NOAA_NOS,IAN,2022,9600.0
2022-10-01 17:00:00,3.261,3.529,0.2679999999999998,-66.982315,44.904598,8410140,NOAA_NOS,IAN,2022,9660.0
2022-10-01 18:00:00,7.202,7.022,-0.1799999999999997,-66.982315,44.904598,8410140,NOAA_NOS,IAN,2022,9720.0
2022-10-01 19:00:00,9.515,8.769,-0.7460000000000004,-66.982315,44.904598,8410140,NOAA_NOS,IAN,2022,9780.0
2022-10-01 20:00:00,9.196,8.189,-1.0069999999999997,-66.982315,44.904598,8410140,NOAA_NOS,IAN,2022,9840.0
2022-10-01 21:00:00,6.772,5.895,-0.8770000000000007,-66.982315,44.904598,8410140,NOAA_NOS,IAN,2022,9900.0
2022-10-01 22:00:00,3.107,2.618,-0.4890000000000003,-66.982315,44.904598,8410140,NOAA_NOS,IAN,2022,9960.0
2022-10-01 23:00:00,-0.931,-1.706,-0.7749999999999999,-66.982315,44.904598,8410140,NOAA_NOS,IAN,2022,10020.0
2022-09-25 01:00:00,2.552,3.42,0.8679999999999999,-68.204278,44.392194,8413320,NOAA_NOS,IAN,2022,60.0
2022-09-25 02:00:00,4.035,4.608,0.5729999999999995,-68.204278,44.392194,8413320,NOAA_NOS,IAN,2022,120.0
2022-09-25 03:00:00,4.606,4.541,-0.0649999999999995,-68.204278,44.392194,8413320,NOAA_NOS,IAN,2022,180.0
2022-09-25 04:00:00,3.914,3.399,-0.5150000000000001,-68.204278,44.392194,8413320,NOAA_NOS,IAN,2022,240.0
2022-09-25 05:00:00,2.264,1.347,-0.9169999999999998,-68.204278,44.392194,8413320,NOAA_NOS,IAN,2022,300.0
2022-09-25 06:00:00,-0.108,-0.967,-0.859,-68.204278,44.392194,8413320,NOAA_NOS,IAN,2022,360.0
2022-09-25 07:00:00,-2.29,-3.099,-0.8090000000000002,-68.204278,44.392194,8413320,NOAA_NOS,IAN,2022,420.0
2022-09-25 08:00:00,-3.763,-4.494,-0.7309999999999999,-68.204278,44.392194,8413320,NOAA_NOS,IAN,2022,480.0
2022-09-25 09:00:00,-4.213,-4.687,-0.4740000000000002,-68.204278,44.392194,8413320,NOAA_NOS,IAN,2022,540.0
2022-09-25 10:00:00,-3.52,-3.531,-0.0110000000000001,-68.204278,44.392194,8413320,NOAA_NOS,IAN,2022,600.0
2022-09-25 11:00:00,-1.677,-1.752,-0.0749999999999999,-68.204278,44.392194,8413320,NOAA_NOS,IAN,2022,660.0
2022-09-25 12:00:00,0.925,0.654,-0.271,-68.204278,44.392194,8413320,NOAA_NOS,IAN,2022,720.0
2022-09-25 13:00:00,3.599,2.701,-0.8980000000000001,-68.204278,44.392194,8413320,NOAA_NOS,IAN,2022,780.0
2022-09-25 14:00:00,5.364,4.306,-1.0579999999999998,-68.204278,44.392194,8413320,NOAA_NOS,IAN,2022,840.0
2022-09-25 15:00:00,6.132,4.567,-1.5649999999999995,-68.204278,44.392194,8413320,NOAA_NOS,IAN,2022,900.0
2022-09-25 16:00:00,5.499,3.893,-1.606,-68.204278,44.392194,8413320,NOAA_NOS,IAN,2022,960.0
2022-09-25 17:00:00,3.593,1.916,-1.677,-68.204278,44.392194,8413320,NOAA_NOS,IAN,2022,1020.0
2022-09-25 18:00:00,0.991,-0.333,-1.324,-68.204278,44.392194,8413320,NOAA_NOS,IAN,2022,1080.0
2022-09-25 19:00:00,-1.785,-2.674,-0.889,-68.204278,44.392194,8413320,NOAA_NOS,IAN,2022,1140.0
2022-09-25 20:00:00,-3.855,-4.328,-0.4730000000000003,-68.204278,44.392194,8413320,NOAA_NOS,IAN,2022,1200.0
2022-09-25 21:00:00,-4.836,-4.958,-0.1219999999999998,-68.204278,44.392194,8413320,NOAA_NOS,IAN,2022,1260.0
2022-09-25 22:00:00,-4.616,-4.081,0.5349999999999993,-68.204278,44.392194,8413320,NOAA_NOS,IAN,2022,1320.0
2022-09-25 23:00:00,-3.061,-2.362,0.6989999999999998,-68.204278,44.392194,8413320,NOAA_NOS,IAN,2022,1380.0
2022-09-26 00:00:00,-0.423,0.065,0.488,-68.204278,44.392194,8413320,NOAA_NOS,IAN,2022,1440.0
2022-09-26 01:00:00,2.313,2.37,0.0569999999999999,-68.204278,44.392194,8413320,NOAA_NOS,IAN,2022,1500.0
2022-09-26 02:00:00,4.472,4.24,-0.2320000000000002,-68.204278,44.392194,8413320,NOAA_NOS,IAN,2022,1560.0
2022-09-26 03:00:00,5.735,4.935,-0.8000000000000007,-68.204278,44.392194,8413320,NOAA_NOS,IAN,2022,1620.0
2022-09-26 04:00:00,5.83,4.586,-1.2439999999999998,-68.204278,44.392194,8413320,NOAA_NOS,IAN,2022,1680.0
2022-09-26 05:00:00,4.413,2.774,-1.6390000000000002,-68.204278,44.392194,8413320,NOAA_NOS,IAN,2022,1740.0
2022-09-26 06:00:00,2.113,0.532,-1.581,-68.204278,44.392194,8413320,NOAA_NOS,IAN,2022,1800.0
2022-09-26 07:00:00,-0.699,-2.007,-1.3080000000000005,-68.204278,44.392194,8413320,NOAA_NOS,IAN,2022,1860.0
2022-09-26 08:00:00,-2.9,-3.958,-1.0580000000000005,-68.204278,44.392194,8413320,NOAA_NOS,IAN,2022,1920.0
2022-09-26 09:00:00,-4.265,-5.038,-0.7730000000000006,-68.204278,44.392194,8413320,NOAA_NOS,IAN,2022,1980.0
2022-09-26 10:00:00,-4.331,-4.577,-0.2459999999999995,-68.204278,44.392194,8413320,NOAA_NOS,IAN,2022,2040.0
2022-09-26 11:00:00,-3.202,-3.002,0.2000000000000001,-68.204278,44.392194,8413320,NOAA_NOS,IAN,2022,2100.0
2022-09-26 12:00:00,-0.804,-0.732,0.072,-68.204278,44.392194,8413320,NOAA_NOS,IAN,2022,2160.0
2022-09-26 13:00:00,2.198,1.784,-0.4139999999999999,-68.204278,44.392194,8413320,NOAA_NOS,IAN,2022,2220.0
2022-09-26 14:00:00,4.652,3.827,-0.8250000000000002,-68.204278,44.392194,8413320,NOAA_NOS,IAN,2022,2280.0
2022-09-26 15:00:00,6.05,5.042,-1.008,-68.204278,44.392194,8413320,NOAA_NOS,IAN,2022,2340.0
2022-09-26 16:00:00,6.365,4.9,-1.465,-68.204278,44.392194,8413320,NOAA_NOS,IAN,2022,2400.0
2022-09-26 17:00:00,5.177,3.486,-1.6909999999999994,-68.204278,44.392194,8413320,NOAA_NOS,IAN,2022,2460.0
2022-09-26 18:00:00,2.841,1.206,-1.6350000000000002,-68.204278,44.392194,8413320,NOAA_NOS,IAN,2022,2520.0
2022-09-26 19:00:00,-0.194,-1.402,-1.208,-68.204278,44.392194,8413320,NOAA_NOS,IAN,2022,2580.0
2022-09-26 20:00:00,-2.785,-3.661,-0.8759999999999999,-68.204278,44.392194,8413320,NOAA_NOS,IAN,2022,2640.0
2022-09-26 21:00:00,-4.505,-5.141,-0.6360000000000001,-68.204278,44.392194,8413320,NOAA_NOS,IAN,2022,2700.0
2022-09-26 22:00:00,-5.095,-5.21,-0.1150000000000002,-68.204278,44.392194,8413320,NOAA_NOS,IAN,2022,2760.0
2022-09-26 23:00:00,-4.285,-3.851,0.4340000000000001,-68.204278,44.392194,8413320,NOAA_NOS,IAN,2022,2820.0
2022-09-27 00:00:00,-2.103,-1.77,0.3330000000000002,-68.204278,44.392194,8413320,NOAA_NOS,IAN,2022,2880.0
2022-09-27 01:00:00,0.787,0.91,0.123,-68.204278,44.392194,8413320,NOAA_NOS,IAN,2022,2940.0
2022-09-27 02:00:00,3.675,3.143,-0.532,-68.204278,44.392194,8413320,NOAA_NOS,IAN,2022,3000.0
2022-09-27 03:00:00,5.561,4.863,-0.6979999999999995,-68.204278,44.392194,8413320,NOAA_NOS,IAN,2022,3060.0
2022-09-27 04:00:00,6.345,5.071,-1.274,-68.204278,44.392194,8413320,NOAA_NOS,IAN,2022,3120.0
2022-09-27 05:00:00,5.725,4.236,-1.489,-68.204278,44.392194,8413320,NOAA_NOS,IAN,2022,3180.0
2022-09-27 06:00:00,3.724,2.027,-1.697,-68.204278,44.392194,8413320,NOAA_NOS,IAN,2022,3240.0
2022-09-27 07:00:00,1.027,-0.464,-1.491,-68.204278,44.392194,8413320,NOAA_NOS,IAN,2022,3300.0
2022-09-27 08:00:00,-1.88,-2.921,-1.041,-68.204278,44.392194,8413320,NOAA_NOS,IAN,2022,3360.0
2022-09-27 09:00:00,-3.924,-4.666,-0.7420000000000004,-68.204278,44.392194,8413320,NOAA_NOS,IAN,2022,3420.0
2022-09-27 10:00:00,-4.892,-5.231,-0.3389999999999995,-68.204278,44.392194,8413320,NOAA_NOS,IAN,2022,3480.0
2022-09-27 11:00:00,-4.583,-4.168,0.415,-68.204278,44.392194,8413320,NOAA_NOS,IAN,2022,3540.0
2022-09-27 12:00:00,-2.94,-2.237,0.7029999999999998,-68.204278,44.392194,8413320,NOAA_NOS,IAN,2022,3600.0
2022-09-27 13:00:00,-0.098,0.442,0.54,-68.204278,44.392194,8413320,NOAA_NOS,IAN,2022,3660.0
2022-09-27 14:00:00,2.841,2.871,0.0299999999999998,-68.204278,44.392194,8413320,NOAA_NOS,IAN,2022,3720.0
2022-09-27 15:00:00,5.049,4.841,-0.2080000000000001,-68.204278,44.392194,8413320,NOAA_NOS,IAN,2022,3780.0
2022-09-27 16:00:00,6.148,5.406,-0.742,-68.204278,44.392194,8413320,NOAA_NOS,IAN,2022,3840.0
2022-09-27 17:00:00,6.047,4.921,-1.1259999999999994,-68.204278,44.392194,8413320,NOAA_NOS,IAN,2022,3900.0
2022-09-27 18:00:00,4.383,2.845,-1.5379999999999998,-68.204278,44.392194,8413320,NOAA_NOS,IAN,2022,3960.0
2022-09-27 19:00:00,1.677,0.331,-1.346,-68.204278,44.392194,8413320,NOAA_NOS,IAN,2022,4020.0
2022-09-27 20:00:00,-1.224,-2.418,-1.1940000000000002,-68.204278,44.392194,8413320,NOAA_NOS,IAN,2022,4080.0
2022-09-27 21:00:00,-3.576,-4.53,-0.9540000000000002,-68.204278,44.392194,8413320,NOAA_NOS,IAN,2022,4140.0
2022-09-27 22:00:00,-5.007,-5.669,-0.6619999999999999,-68.204278,44.392194,8413320,NOAA_NOS,IAN,2022,4200.0
2022-09-27 23:00:00,-5.236,-5.141,0.0949999999999997,-68.204278,44.392194,8413320,NOAA_NOS,IAN,2022,4260.0
2022-09-28 00:00:00,-3.947,-3.475,0.472,-68.204278,44.392194,8413320,NOAA_NOS,IAN,2022,4320.0
2022-09-28 01:00:00,-1.407,-1.007,0.4000000000000001,-68.204278,44.392194,8413320,NOAA_NOS,IAN,2022,4380.0
2022-09-28 02:00:00,1.598,1.645,0.0469999999999999,-68.204278,44.392194,8413320,NOAA_NOS,IAN,2022,4440.0
2022-09-28 03:00:00,4.209,3.833,-0.3759999999999994,-68.204278,44.392194,8413320,NOAA_NOS,IAN,2022,4500.0
2022-09-28 04:00:00,5.751,5.08,-0.6710000000000003,-68.204278,44.392194,8413320,NOAA_NOS,IAN,2022,4560.0
2022-09-28 05:00:00,6.119,5.019,-1.0999999999999996,-68.204278,44.392194,8413320,NOAA_NOS,IAN,2022,4620.0
2022-09-28 06:00:00,4.934,3.561,-1.3730000000000002,-68.204278,44.392194,8413320,NOAA_NOS,IAN,2022,4680.0
2022-09-28 07:00:00,2.582,1.235,-1.3469999999999998,-68.204278,44.392194,8413320,NOAA_NOS,IAN,2022,4740.0
2022-09-28 08:00:00,-0.292,-1.417,-1.125,-68.204278,44.392194,8413320,NOAA_NOS,IAN,2022,4800.0
2022-09-28 09:00:00,-3.035,-3.663,-0.6279999999999997,-68.204278,44.392194,8413320,NOAA_NOS,IAN,2022,4860.0
2022-09-28 10:00:00,-4.678,-5.112,-0.4340000000000001,-68.204278,44.392194,8413320,NOAA_NOS,IAN,2022,4920.0
2022-09-28 11:00:00,-5.322,-5.065,0.2569999999999997,-68.204278,44.392194,8413320,NOAA_NOS,IAN,2022,4980.0
2022-09-28 12:00:00,-4.37,-3.562,0.8080000000000003,-68.204278,44.392194,8413320,NOAA_NOS,IAN,2022,5040.0
2022-09-28 13:00:00,-2.119,-1.319,0.8000000000000003,-68.204278,44.392194,8413320,NOAA_NOS,IAN,2022,5100.0
2022-09-28 14:00:00,0.919,1.498,0.579,-68.204278,44.392194,8413320,NOAA_NOS,IAN,2022,5160.0
2022-09-28 15:00:00,3.806,3.795,-0.0110000000000001,-68.204278,44.392194,8413320,NOAA_NOS,IAN,2022,5220.0
2022-09-28 16:00:00,5.682,5.502,-0.1800000000000006,-68.204278,44.392194,8413320,NOAA_NOS,IAN,2022,5280.0
2022-09-28 17:00:00,6.427,5.604,-0.8229999999999995,-68.204278,44.392194,8413320,NOAA_NOS,IAN,2022,5340.0
2022-09-28 18:00:00,5.682,4.588,-1.0940000000000003,-68.204278,44.392194,8413320,NOAA_NOS,IAN,2022,5400.0
2022-09-28 19:00:00,3.629,2.171,-1.4580000000000002,-68.204278,44.392194,8413320,NOAA_NOS,IAN,2022,5460.0
2022-09-28 20:00:00,0.63,-0.551,-1.181,-68.204278,44.392194,8413320,NOAA_NOS,IAN,2022,5520.0
2022-09-28 21:00:00,-2.303,-3.23,-0.927,-68.204278,44.392194,8413320,NOAA_NOS,IAN,2022,5580.0
2022-09-28 22:00:00,-4.505,-5.147,-0.6420000000000003,-68.204278,44.392194,8413320,NOAA_NOS,IAN,2022,5640.0
2022-09-28 23:00:00,-5.65,-5.835,-0.1849999999999996,-68.204278,44.392194,8413320,NOAA_NOS,IAN,2022,5700.0
2022-09-29 00:00:00,-5.374,-4.858,0.516,-68.204278,44.392194,8413320,NOAA_NOS,IAN,2022,5760.0
2022-09-29 01:00:00,-3.645,-2.995,0.6499999999999999,-68.204278,44.392194,8413320,NOAA_NOS,IAN,2022,5820.0
2022-09-29 02:00:00,-1.024,-0.28,0.744,-68.204278,44.392194,8413320,NOAA_NOS,IAN,2022,5880.0
2022-09-29 03:00:00,1.995,2.195,0.1999999999999997,-68.204278,44.392194,8413320,NOAA_NOS,IAN,2022,5940.0
2022-09-29 04:00:00,4.098,4.301,0.2030000000000003,-68.204278,44.392194,8413320,NOAA_NOS,IAN,2022,6000.0
2022-09-29 05:00:00,5.374,5.022,-0.3519999999999994,-68.204278,44.392194,8413320,NOAA_NOS,IAN,2022,6060.0
2022-09-29 06:00:00,5.249,4.719,-0.5299999999999994,-68.204278,44.392194,8413320,NOAA_NOS,IAN,2022,6120.0
2022-09-29 07:00:00,3.734,2.818,-0.916,-68.204278,44.392194,8413320,NOAA_NOS,IAN,2022,6180.0
2022-09-29 08:00:00,1.293,0.458,-0.835,-68.204278,44.392194,8413320,NOAA_NOS,IAN,2022,6240.0
2022-09-29 09:00:00,-1.65,-2.152,-0.5020000000000002,-68.204278,44.392194,8413320,NOAA_NOS,IAN,2022,6300.0
2022-09-29 10:00:00,-3.937,-4.123,-0.1860000000000004,-68.204278,44.392194,8413320,NOAA_NOS,IAN,2022,6360.0
2022-09-29 11:00:00,-5.315,-5.212,0.1030000000000006,-68.204278,44.392194,8413320,NOAA_NOS,IAN,2022,6420.0
2022-09-29 12:00:00,-5.351,-4.643,0.7080000000000002,-68.204278,44.392194,8413320,NOAA_NOS,IAN,2022,6480.0
2022-09-29 13:00:00,-4.039,-2.906,1.1329999999999996,-68.204278,44.392194,8413320,NOAA_NOS,IAN,2022,6540.0
2022-09-29 14:00:00,-1.526,-0.408,1.118,-68.204278,44.392194,8413320,NOAA_NOS,IAN,2022,6600.0
2022-09-29 15:00:00,1.496,2.309,0.8130000000000002,-68.204278,44.392194,8413320,NOAA_NOS,IAN,2022,6660.0
2022-09-29 16:00:00,4.183,4.502,0.3189999999999999,-68.204278,44.392194,8413320,NOAA_NOS,IAN,2022,6720.0
2022-09-29 17:00:00,5.682,5.746,0.064,-68.204278,44.392194,8413320,NOAA_NOS,IAN,2022,6780.0
2022-09-29 18:00:00,5.994,5.617,-0.3769999999999998,-68.204278,44.392194,8413320,NOAA_NOS,IAN,2022,6840.0
2022-09-29 19:00:00,4.777,4.059,-0.718,-68.204278,44.392194,8413320,NOAA_NOS,IAN,2022,6900.0
2022-09-29 20:00:00,2.51,1.588,-0.9219999999999996,-68.204278,44.392194,8413320,NOAA_NOS,IAN,2022,6960.0
2022-09-29 21:00:00,-0.643,-1.265,-0.6219999999999999,-68.204278,44.392194,8413320,NOAA_NOS,IAN,2022,7020.0
2022-09-29 22:00:00,-3.376,-3.765,-0.3890000000000002,-68.204278,44.392194,8413320,NOAA_NOS,IAN,2022,7080.0
2022-09-29 23:00:00,-5.299,-5.482,-0.1829999999999998,-68.204278,44.392194,8413320,NOAA_NOS,IAN,2022,7140.0
2022-09-30 00:00:00,-6.096,-5.708,0.3879999999999999,-68.204278,44.392194,8413320,NOAA_NOS,IAN,2022,7200.0
2022-09-30 01:00:00,-5.509,-4.486,1.0230000000000006,-68.204278,44.392194,8413320,NOAA_NOS,IAN,2022,7260.0
2022-09-30 02:00:00,-3.573,-2.483,1.09,-68.204278,44.392194,8413320,NOAA_NOS,IAN,2022,7320.0
2022-09-30 03:00:00,-0.705,0.245,0.95,-68.204278,44.392194,8413320,NOAA_NOS,IAN,2022,7380.0
2022-09-30 04:00:00,2.09,2.551,0.4610000000000003,-68.204278,44.392194,8413320,NOAA_NOS,IAN,2022,7440.0
2022-09-30 05:00:00,4.104,4.435,0.3309999999999995,-68.204278,44.392194,8413320,NOAA_NOS,IAN,2022,7500.0
2022-09-30 06:00:00,4.961,4.828,-0.133,-68.204278,44.392194,8413320,NOAA_NOS,IAN,2022,7560.0
2022-09-30 07:00:00,4.557,4.219,-0.3380000000000001,-68.204278,44.392194,8413320,NOAA_NOS,IAN,2022,7620.0
2022-09-30 08:00:00,2.907,2.18,-0.7269999999999999,-68.204278,44.392194,8413320,NOAA_NOS,IAN,2022,7680.0
2022-09-30 09:00:00,0.541,-0.188,-0.7290000000000001,-68.204278,44.392194,8413320,NOAA_NOS,IAN,2022,7740.0
2022-09-30 10:00:00,-2.169,-2.624,-0.455,-68.204278,44.392194,8413320,NOAA_NOS,IAN,2022,7800.0
2022-09-30 11:00:00,-4.045,-4.363,-0.3180000000000005,-68.204278,44.392194,8413320,NOAA_NOS,IAN,2022,7860.0
2022-09-30 12:00:00,-5.079,-5.073,0.0059999999999993,-68.204278,44.392194,8413320,NOAA_NOS,IAN,2022,7920.0
2022-09-30 13:00:00,-4.783,-4.133,0.6500000000000004,-68.204278,44.392194,8413320,NOAA_NOS,IAN,2022,7980.0
2022-09-30 14:00:00,-3.222,-2.271,0.951,-68.204278,44.392194,8413320,NOAA_NOS,IAN,2022,8040.0
2022-09-30 15:00:00,-0.545,0.339,0.8840000000000001,-68.204278,44.392194,8413320,NOAA_NOS,IAN,2022,8100.0
2022-09-30 16:00:00,2.3,2.849,0.5490000000000004,-68.204278,44.392194,8413320,NOAA_NOS,IAN,2022,8160.0
2022-09-30 17:00:00,4.514,4.906,0.3919999999999994,-68.204278,44.392194,8413320,NOAA_NOS,IAN,2022,8220.0
2022-09-30 18:00:00,5.735,5.713,-0.0220000000000002,-68.204278,44.392194,8413320,NOAA_NOS,IAN,2022,8280.0
2022-09-30 19:00:00,5.686,5.414,-0.2720000000000002,-68.204278,44.392194,8413320,NOAA_NOS,IAN,2022,8340.0
2022-09-30 20:00:00,4.163,3.525,-0.6380000000000003,-68.204278,44.392194,8413320,NOAA_NOS,IAN,2022,8400.0
2022-09-30 21:00:00,1.749,1.101,-0.6480000000000001,-68.204278,44.392194,8413320,NOAA_NOS,IAN,2022,8460.0
2022-09-30 22:00:00,-1.211,-1.704,-0.4929999999999999,-68.204278,44.392194,8413320,NOAA_NOS,IAN,2022,8520.0
2022-09-30 23:00:00,-3.675,-3.996,-0.3210000000000002,-68.204278,44.392194,8413320,NOAA_NOS,IAN,2022,8580.0
2022-10-01 00:00:00,-5.348,-5.485,-0.1370000000000004,-68.204278,44.392194,8413320,NOAA_NOS,IAN,2022,8640.0
2022-10-01 01:00:00,-5.814,-5.402,0.4119999999999999,-68.204278,44.392194,8413320,NOAA_NOS,IAN,2022,8700.0
2022-10-01 02:00:00,-4.944,-4.134,0.8099999999999996,-68.204278,44.392194,8413320,NOAA_NOS,IAN,2022,8760.0
2022-10-01 03:00:00,-2.854,-2.059,0.7949999999999999,-68.204278,44.392194,8413320,NOAA_NOS,IAN,2022,8820.0
2022-10-01 04:00:00,-0.128,0.499,0.627,-68.204278,44.392194,8413320,NOAA_NOS,IAN,2022,8880.0
2022-10-01 05:00:00,2.441,2.699,0.258,-68.204278,44.392194,8413320,NOAA_NOS,IAN,2022,8940.0
2022-10-01 06:00:00,4.098,4.322,0.2240000000000002,-68.204278,44.392194,8413320,NOAA_NOS,IAN,2022,9000.0
2022-10-01 07:00:00,4.839,4.618,-0.221,-68.204278,44.392194,8413320,NOAA_NOS,IAN,2022,9060.0
2022-10-01 08:00:00,4.281,3.753,-0.5279999999999996,-68.204278,44.392194,8413320,NOAA_NOS,IAN,2022,9120.0
2022-10-01 09:00:00,2.589,1.759,-0.8300000000000001,-68.204278,44.392194,8413320,NOAA_NOS,IAN,2022,9180.0
2022-10-01 10:00:00,0.194,-0.57,-0.764,-68.204278,44.392194,8413320,NOAA_NOS,IAN,2022,9240.0
2022-10-01 11:00:00,-2.297,-2.809,-0.512,-68.204278,44.392194,8413320,NOAA_NOS,IAN,2022,9300.0
2022-10-01 12:00:00,-3.862,-4.358,-0.4959999999999995,-68.204278,44.392194,8413320,NOAA_NOS,IAN,2022,9360.0
2022-10-01 13:00:00,-4.685,-4.768,-0.0830000000000001,-68.204278,44.392194,8413320,NOAA_NOS,IAN,2022,9420.0
2022-10-01 14:00:00,-4.104,-3.655,0.4490000000000003,-68.204278,44.392194,8413320,NOAA_NOS,IAN,2022,9480.0
2022-10-01 15:00:00,-2.395,-1.755,0.6400000000000001,-68.204278,44.392194,8413320,NOAA_NOS,IAN,2022,9540.0
2022-10-01 16:00:00,0.236,0.829,0.593,-68.204278,44.392194,8413320,NOAA_NOS,IAN,2022,9600.0
2022-10-01 17:00:00,2.838,3.157,0.3189999999999999,-68.204278,44.392194,8413320,NOAA_NOS,IAN,2022,9660.0
2022-10-01 18:00:00,4.882,4.985,0.1030000000000006,-68.204278,44.392194,8413320,NOAA_NOS,IAN,2022,9720.0
2022-10-01 19:00:00,5.751,5.51,-0.2410000000000005,-68.204278,44.392194,8413320,NOAA_NOS,IAN,2022,9780.0
2022-10-01 20:00:00,5.545,5.07,-0.4749999999999996,-68.204278,44.392194,8413320,NOAA_NOS,IAN,2022,9840.0
2022-10-01 21:00:00,3.953,3.116,-0.8369999999999997,-68.204278,44.392194,8413320,NOAA_NOS,IAN,2022,9900.0
2022-10-01 22:00:00,1.683,0.733,-0.95,-68.204278,44.392194,8413320,NOAA_NOS,IAN,2022,9960.0
2022-10-01 23:00:00,-1.148,-1.916,-0.768,-68.204278,44.392194,8413320,NOAA_NOS,IAN,2022,10020.0
2022-09-25 01:00:00,1.212,2.848,1.636,-70.245674,43.65806,8418150,NOAA_NOS,IAN,2022,60.0
2022-09-25 02:00:00,2.899,4.006,1.1070000000000002,-70.245674,43.65806,8418150,NOAA_NOS,IAN,2022,120.0
2022-09-25 03:00:00,3.722,4.168,0.4460000000000002,-70.245674,43.65806,8418150,NOAA_NOS,IAN,2022,180.0
2022-09-25 04:00:00,3.597,3.374,-0.2229999999999998,-70.245674,43.65806,8418150,NOAA_NOS,IAN,2022,240.0
2022-09-25 05:00:00,2.485,1.707,-0.7779999999999998,-70.245674,43.65806,8418150,NOAA_NOS,IAN,2022,300.0
2022-09-25 06:00:00,0.526,-0.405,-0.931,-70.245674,43.65806,8418150,NOAA_NOS,IAN,2022,360.0
2022-09-25 07:00:00,-1.537,-2.333,-0.7960000000000003,-70.245674,43.65806,8418150,NOAA_NOS,IAN,2022,420.0
2022-09-25 08:00:00,-3.125,-3.691,-0.5659999999999998,-70.245674,43.65806,8418150,NOAA_NOS,IAN,2022,480.0
2022-09-25 09:00:00,-3.742,-4.266,-0.524,-70.245674,43.65806,8418150,NOAA_NOS,IAN,2022,540.0
2022-09-25 10:00:00,-3.24,-3.679,-0.4389999999999996,-70.245674,43.65806,8418150,NOAA_NOS,IAN,2022,600.0
2022-09-25 11:00:00,-1.987,-2.128,-0.141,-70.245674,43.65806,8418150,NOAA_NOS,IAN,2022,660.0
2022-09-25 12:00:00,0.031,0.144,0.1129999999999999,-70.245674,43.65806,8418150,NOAA_NOS,IAN,2022,720.0
2022-09-25 13:00:00,2.515,2.123,-0.3919999999999999,-70.245674,43.65806,8418150,NOAA_NOS,IAN,2022,780.0
2022-09-25 14:00:00,4.398,3.572,-0.8259999999999996,-70.245674,43.65806,8418150,NOAA_NOS,IAN,2022,840.0
2022-09-25 15:00:00,5.208,4.11,-1.098,-70.245674,43.65806,8418150,NOAA_NOS,IAN,2022,900.0
2022-09-25 16:00:00,5.107,3.692,-1.415,-70.245674,43.65806,8418150,NOAA_NOS,IAN,2022,960.0
2022-09-25 17:00:00,3.939,2.172,-1.767,-70.245674,43.65806,8418150,NOAA_NOS,IAN,2022,1020.0
2022-09-25 18:00:00,1.826,0.161,-1.665,-70.245674,43.65806,8418150,NOAA_NOS,IAN,2022,1080.0
2022-09-25 19:00:00,-0.579,-1.937,-1.358,-70.245674,43.65806,8418150,NOAA_NOS,IAN,2022,1140.0
2022-09-25 20:00:00,-2.702,-3.537,-0.835,-70.245674,43.65806,8418150,NOAA_NOS,IAN,2022,1200.0
2022-09-25 21:00:00,-3.965,-4.38,-0.415,-70.245674,43.65806,8418150,NOAA_NOS,IAN,2022,1260.0
2022-09-25 22:00:00,-4.001,-4.056,-0.0549999999999997,-70.245674,43.65806,8418150,NOAA_NOS,IAN,2022,1320.0
2022-09-25 23:00:00,-2.974,-2.731,0.2430000000000003,-70.245674,43.65806,8418150,NOAA_NOS,IAN,2022,1380.0
2022-09-26 00:00:00,-1.061,-0.455,0.6059999999999999,-70.245674,43.65806,8418150,NOAA_NOS,IAN,2022,1440.0
2022-09-26 01:00:00,1.304,1.764,0.4599999999999999,-70.245674,43.65806,8418150,NOAA_NOS,IAN,2022,1500.0
2022-09-26 02:00:00,3.401,3.538,0.137,-70.245674,43.65806,8418150,NOAA_NOS,IAN,2022,1560.0
2022-09-26 03:00:00,4.719,4.4,-0.3189999999999999,-70.245674,43.65806,8418150,NOAA_NOS,IAN,2022,1620.0
2022-09-26 04:00:00,5.015,4.262,-0.7530000000000001,-70.245674,43.65806,8418150,NOAA_NOS,IAN,2022,1680.0
2022-09-26 05:00:00,4.336,2.969,-1.3670000000000004,-70.245674,43.65806,8418150,NOAA_NOS,IAN,2022,1740.0
2022-09-26 06:00:00,2.702,0.977,-1.725,-70.245674,43.65806,8418150,NOAA_NOS,IAN,2022,1800.0
2022-09-26 07:00:00,0.3,-1.285,-1.585,-70.245674,43.65806,8418150,NOAA_NOS,IAN,2022,1860.0
2022-09-26 08:00:00,-2.003,-3.162,-1.1589999999999998,-70.245674,43.65806,8418150,NOAA_NOS,IAN,2022,1920.0
2022-09-26 09:00:00,-3.381,-4.268,-0.887,-70.245674,43.65806,8418150,NOAA_NOS,IAN,2022,1980.0
2022-09-26 10:00:00,-3.732,-4.341,-0.609,-70.245674,43.65806,8418150,NOAA_NOS,IAN,2022,2040.0
2022-09-26 11:00:00,-3.112,-3.323,-0.2109999999999998,-70.245674,43.65806,8418150,NOAA_NOS,IAN,2022,2100.0
2022-09-26 12:00:00,-1.376,-1.215,0.1609999999999998,-70.245674,43.65806,8418150,NOAA_NOS,IAN,2022,2160.0
2022-09-26 13:00:00,1.143,1.199,0.056,-70.245674,43.65806,8418150,NOAA_NOS,IAN,2022,2220.0
2022-09-26 14:00:00,3.456,3.209,-0.2469999999999999,-70.245674,43.65806,8418150,NOAA_NOS,IAN,2022,2280.0
2022-09-26 15:00:00,4.923,4.4,-0.5229999999999997,-70.245674,43.65806,8418150,NOAA_NOS,IAN,2022,2340.0
2022-09-26 16:00:00,5.513,4.523,-0.9900000000000002,-70.245674,43.65806,8418150,NOAA_NOS,IAN,2022,2400.0
2022-09-26 17:00:00,4.923,3.527,-1.396,-70.245674,43.65806,8418150,NOAA_NOS,IAN,2022,2460.0
2022-09-26 18:00:00,3.43,1.631,-1.7990000000000002,-70.245674,43.65806,8418150,NOAA_NOS,IAN,2022,2520.0
2022-09-26 19:00:00,0.917,-0.763,-1.6800000000000002,-70.245674,43.65806,8418150,NOAA_NOS,IAN,2022,2580.0
2022-09-26 20:00:00,-1.675,-2.863,-1.188,-70.245674,43.65806,8418150,NOAA_NOS,IAN,2022,2640.0
2022-09-26 21:00:00,-3.594,-4.257,-0.6629999999999998,-70.245674,43.65806,8418150,NOAA_NOS,IAN,2022,2700.0
2022-09-26 22:00:00,-4.434,-4.809,-0.375,-70.245674,43.65806,8418150,NOAA_NOS,IAN,2022,2760.0
2022-09-26 23:00:00,-3.988,-4.088,-0.1,-70.245674,43.65806,8418150,NOAA_NOS,IAN,2022,2820.0
2022-09-27 00:00:00,-2.587,-2.248,0.3389999999999999,-70.245674,43.65806,8418150,NOAA_NOS,IAN,2022,2880.0
2022-09-27 01:00:00,-0.29,0.291,0.581,-70.245674,43.65806,8418150,NOAA_NOS,IAN,2022,2940.0
2022-09-27 02:00:00,2.347,2.489,0.1419999999999999,-70.245674,43.65806,8418150,NOAA_NOS,IAN,2022,3000.0
2022-09-27 03:00:00,4.273,4.044,-0.2290000000000001,-70.245674,43.65806,8418150,NOAA_NOS,IAN,2022,3060.0
2022-09-27 04:00:00,5.143,4.612,-0.5309999999999997,-70.245674,43.65806,8418150,NOAA_NOS,IAN,2022,3120.0
2022-09-27 05:00:00,5.179,4.066,-1.1130000000000004,-70.245674,43.65806,8418150,NOAA_NOS,IAN,2022,3180.0
2022-09-27 06:00:00,4.027,2.391,-1.636,-70.245674,43.65806,8418150,NOAA_NOS,IAN,2022,3240.0
2022-09-27 07:00:00,1.875,0.127,-1.748,-70.245674,43.65806,8418150,NOAA_NOS,IAN,2022,3300.0
2022-09-27 08:00:00,-0.694,-2.13,-1.436,-70.245674,43.65806,8418150,NOAA_NOS,IAN,2022,3360.0
2022-09-27 09:00:00,-2.879,-3.802,-0.923,-70.245674,43.65806,8418150,NOAA_NOS,IAN,2022,3420.0
2022-09-27 10:00:00,-4.008,-4.648,-0.6399999999999997,-70.245674,43.65806,8418150,NOAA_NOS,IAN,2022,3480.0
2022-09-27 11:00:00,-4.021,-4.201,-0.1799999999999997,-70.245674,43.65806,8418150,NOAA_NOS,IAN,2022,3540.0
2022-09-27 12:00:00,-2.997,-2.663,0.3340000000000001,-70.245674,43.65806,8418150,NOAA_NOS,IAN,2022,3600.0
2022-09-27 13:00:00,-0.851,-0.143,0.708,-70.245674,43.65806,8418150,NOAA_NOS,IAN,2022,3660.0
2022-09-27 14:00:00,1.737,2.225,0.488,-70.245674,43.65806,8418150,NOAA_NOS,IAN,2022,3720.0
2022-09-27 15:00:00,3.916,4.052,0.1359999999999996,-70.245674,43.65806,8418150,NOAA_NOS,IAN,2022,3780.0
2022-09-27 16:00:00,5.139,4.895,-0.2440000000000006,-70.245674,43.65806,8418150,NOAA_NOS,IAN,2022,3840.0
2022-09-27 17:00:00,5.362,4.637,-0.7250000000000005,-70.245674,43.65806,8418150,NOAA_NOS,IAN,2022,3900.0
2022-09-27 18:00:00,4.477,3.108,-1.3690000000000002,-70.245674,43.65806,8418150,NOAA_NOS,IAN,2022,3960.0
2022-09-27 19:00:00,2.433,0.867,-1.5659999999999998,-70.245674,43.65806,8418150,NOAA_NOS,IAN,2022,4020.0
2022-09-27 20:00:00,-0.12,-1.623,-1.503,-70.245674,43.65806,8418150,NOAA_NOS,IAN,2022,4080.0
2022-09-27 21:00:00,-2.646,-3.654,-1.008,-70.245674,43.65806,8418150,NOAA_NOS,IAN,2022,4140.0
2022-09-27 22:00:00,-4.355,-4.889,-0.5339999999999998,-70.245674,43.65806,8418150,NOAA_NOS,IAN,2022,4200.0
2022-09-27 23:00:00,-4.572,-4.949,-0.3769999999999998,-70.245674,43.65806,8418150,NOAA_NOS,IAN,2022,4260.0
2022-09-28 00:00:00,-3.867,-3.858,0.0089999999999998,-70.245674,43.65806,8418150,NOAA_NOS,IAN,2022,4320.0
2022-09-28 01:00:00,-2.167,-1.615,0.5519999999999998,-70.245674,43.65806,8418150,NOAA_NOS,IAN,2022,4380.0
2022-09-28 02:00:00,0.418,0.995,0.577,-70.245674,43.65806,8418150,NOAA_NOS,IAN,2022,4440.0
2022-09-28 03:00:00,2.872,3.144,0.2720000000000002,-70.245674,43.65806,8418150,NOAA_NOS,IAN,2022,4500.0
2022-09-28 04:00:00,4.546,4.399,-0.1470000000000002,-70.245674,43.65806,8418150,NOAA_NOS,IAN,2022,4560.0
2022-09-28 05:00:00,5.195,4.61,-0.585,-70.245674,43.65806,8418150,NOAA_NOS,IAN,2022,4620.0
2022-09-28 06:00:00,4.664,3.617,-1.0469999999999997,-70.245674,43.65806,8418150,NOAA_NOS,IAN,2022,4680.0
2022-09-28 07:00:00,3.197,1.696,-1.501,-70.245674,43.65806,8418150,NOAA_NOS,IAN,2022,4740.0
2022-09-28 08:00:00,0.687,-0.758,-1.445,-70.245674,43.65806,8418150,NOAA_NOS,IAN,2022,4800.0
2022-09-28 09:00:00,-1.898,-2.856,-0.958,-70.245674,43.65806,8418150,NOAA_NOS,IAN,2022,4860.0
2022-09-28 10:00:00,-3.834,-4.227,-0.3930000000000002,-70.245674,43.65806,8418150,NOAA_NOS,IAN,2022,4920.0
2022-09-28 11:00:00,-4.647,-4.682,-0.0350000000000001,-70.245674,43.65806,8418150,NOAA_NOS,IAN,2022,4980.0
2022-09-28 12:00:00,-4.234,-3.826,0.4079999999999999,-70.245674,43.65806,8418150,NOAA_NOS,IAN,2022,5040.0
2022-09-28 13:00:00,-2.702,-1.819,0.883,-70.245674,43.65806,8418150,NOAA_NOS,IAN,2022,5100.0
2022-09-28 14:00:00,-0.215,0.87,1.085,-70.245674,43.65806,8418150,NOAA_NOS,IAN,2022,5160.0
2022-09-28 15:00:00,2.482,3.178,0.6959999999999997,-70.245674,43.65806,8418150,NOAA_NOS,IAN,2022,5220.0
2022-09-28 16:00:00,4.368,4.76,0.3919999999999994,-70.245674,43.65806,8418150,NOAA_NOS,IAN,2022,5280.0
2022-09-28 17:00:00,5.343,5.187,-0.1559999999999997,-70.245674,43.65806,8418150,NOAA_NOS,IAN,2022,5340.0
2022-09-28 18:00:00,5.238,4.49,-0.7480000000000002,-70.245674,43.65806,8418150,NOAA_NOS,IAN,2022,5400.0
2022-09-28 19:00:00,3.791,2.595,-1.1959999999999995,-70.245674,43.65806,8418150,NOAA_NOS,IAN,2022,5460.0
2022-09-28 20:00:00,1.517,0.098,-1.4189999999999998,-70.245674,43.65806,8418150,NOAA_NOS,IAN,2022,5520.0
2022-09-28 21:00:00,-1.225,-2.362,-1.137,-70.245674,43.65806,8418150,NOAA_NOS,IAN,2022,5580.0
2022-09-28 22:00:00,-3.584,-4.2,-0.6160000000000001,-70.245674,43.65806,8418150,NOAA_NOS,IAN,2022,5640.0
2022-09-28 23:00:00,-4.89,-5.211,-0.3210000000000006,-70.245674,43.65806,8418150,NOAA_NOS,IAN,2022,5700.0
2022-09-29 00:00:00,-4.933,-4.911,0.0220000000000002,-70.245674,43.65806,8418150,NOAA_NOS,IAN,2022,5760.0
2022-09-29 01:00:00,-3.952,-3.447,0.5049999999999999,-70.245674,43.65806,8418150,NOAA_NOS,IAN,2022,5820.0
2022-09-29 02:00:00,-1.921,-0.936,0.985,-70.245674,43.65806,8418150,NOAA_NOS,IAN,2022,5880.0
2022-09-29 03:00:00,0.622,1.529,0.907,-70.245674,43.65806,8418150,NOAA_NOS,IAN,2022,5940.0
2022-09-29 04:00:00,2.817,3.498,0.681,-70.245674,43.65806,8418150,NOAA_NOS,IAN,2022,6000.0
2022-09-29 05:00:00,4.214,4.475,0.2609999999999992,-70.245674,43.65806,8418150,NOAA_NOS,IAN,2022,6060.0
2022-09-29 06:00:00,4.414,4.364,-0.0499999999999998,-70.245674,43.65806,8418150,NOAA_NOS,IAN,2022,6120.0
2022-09-29 07:00:00,3.676,3.045,-0.6310000000000002,-70.245674,43.65806,8418150,NOAA_NOS,IAN,2022,6180.0
2022-09-29 08:00:00,1.944,1.002,-0.942,-70.245674,43.65806,8418150,NOAA_NOS,IAN,2022,6240.0
2022-09-29 09:00:00,-0.609,-1.413,-0.804,-70.245674,43.65806,8418150,NOAA_NOS,IAN,2022,6300.0
2022-09-29 10:00:00,-2.941,-3.334,-0.3930000000000002,-70.245674,43.65806,8418150,NOAA_NOS,IAN,2022,6360.0
2022-09-29 11:00:00,-4.474,-4.446,0.0280000000000004,-70.245674,43.65806,8418150,NOAA_NOS,IAN,2022,6420.0
2022-09-29 12:00:00,-4.851,-4.428,0.423,-70.245674,43.65806,8418150,NOAA_NOS,IAN,2022,6480.0
2022-09-29 13:00:00,-4.136,-3.274,0.8620000000000001,-70.245674,43.65806,8418150,NOAA_NOS,IAN,2022,6540.0
2022-09-29 14:00:00,-2.275,-0.939,1.336,-70.245674,43.65806,8418150,NOAA_NOS,IAN,2022,6600.0
2022-09-29 15:00:00,0.362,1.69,1.3279999999999998,-70.245674,43.65806,8418150,NOAA_NOS,IAN,2022,6660.0
2022-09-29 16:00:00,2.862,3.853,0.991,-70.245674,43.65806,8418150,NOAA_NOS,IAN,2022,6720.0
2022-09-29 17:00:00,4.562,5.126,0.5640000000000001,-70.245674,43.65806,8418150,NOAA_NOS,IAN,2022,6780.0
2022-09-29 18:00:00,5.175,5.237,0.0620000000000002,-70.245674,43.65806,8418150,NOAA_NOS,IAN,2022,6840.0
2022-09-29 19:00:00,4.585,4.168,-0.4169999999999998,-70.245674,43.65806,8418150,NOAA_NOS,IAN,2022,6900.0
2022-09-29 20:00:00,3.043,2.106,-0.9370000000000004,-70.245674,43.65806,8418150,NOAA_NOS,IAN,2022,6960.0
2022-09-29 21:00:00,0.395,-0.547,-0.942,-70.245674,43.65806,8418150,NOAA_NOS,IAN,2022,7020.0
2022-09-29 22:00:00,-2.223,-2.87,-0.6470000000000002,-70.245674,43.65806,8418150,NOAA_NOS,IAN,2022,7080.0
2022-09-29 23:00:00,-4.3,-4.5,-0.2000000000000001,-70.245674,43.65806,8418150,NOAA_NOS,IAN,2022,7140.0
2022-09-30 00:00:00,-5.349,-5.248,0.1009999999999999,-70.245674,43.65806,8418150,NOAA_NOS,IAN,2022,7200.0
2022-09-30 01:00:00,-5.156,-4.692,0.4639999999999995,-70.245674,43.65806,8418150,NOAA_NOS,IAN,2022,7260.0
2022-09-30 02:00:00,-4.004,-2.94,1.0639999999999996,-70.245674,43.65806,8418150,NOAA_NOS,IAN,2022,7320.0
2022-09-30 03:00:00,-1.764,-0.387,1.377,-70.245674,43.65806,8418150,NOAA_NOS,IAN,2022,7380.0
2022-09-30 04:00:00,0.868,1.876,1.008,-70.245674,43.65806,8418150,NOAA_NOS,IAN,2022,7440.0
2022-09-30 05:00:00,2.869,3.61,0.7409999999999997,-70.245674,43.65806,8418150,NOAA_NOS,IAN,2022,7500.0
2022-09-30 06:00:00,3.945,4.316,0.371,-70.245674,43.65806,8418150,NOAA_NOS,IAN,2022,7560.0
2022-09-30 07:00:00,4.073,3.942,-0.1310000000000002,-70.245674,43.65806,8418150,NOAA_NOS,IAN,2022,7620.0
2022-09-30 08:00:00,3.118,2.467,-0.6509999999999998,-70.245674,43.65806,8418150,NOAA_NOS,IAN,2022,7680.0
2022-09-30 09:00:00,1.275,0.376,-0.8989999999999999,-70.245674,43.65806,8418150,NOAA_NOS,IAN,2022,7740.0
2022-09-30 10:00:00,-1.12,-1.894,-0.7739999999999998,-70.245674,43.65806,8418150,NOAA_NOS,IAN,2022,7800.0
2022-09-30 11:00:00,-3.184,-3.555,-0.371,-70.245674,43.65806,8418150,NOAA_NOS,IAN,2022,7860.0
2022-09-30 12:00:00,-4.296,-4.464,-0.1680000000000001,-70.245674,43.65806,8418150,NOAA_NOS,IAN,2022,7920.0
2022-09-30 13:00:00,-4.378,-4.098,0.2800000000000002,-70.245674,43.65806,8418150,NOAA_NOS,IAN,2022,7980.0
2022-09-30 14:00:00,-3.328,-2.669,0.6589999999999998,-70.245674,43.65806,8418150,NOAA_NOS,IAN,2022,8040.0
2022-09-30 15:00:00,-1.367,-0.207,1.16,-70.245674,43.65806,8418150,NOAA_NOS,IAN,2022,8100.0
2022-09-30 16:00:00,1.156,2.235,1.079,-70.245674,43.65806,8418150,NOAA_NOS,IAN,2022,8160.0
2022-09-30 17:00:00,3.401,4.183,0.782,-70.245674,43.65806,8418150,NOAA_NOS,IAN,2022,8220.0
2022-09-30 18:00:00,4.7,5.195,0.4950000000000001,-70.245674,43.65806,8418150,NOAA_NOS,IAN,2022,8280.0
2022-09-30 19:00:00,4.969,5.104,0.1349999999999998,-70.245674,43.65806,8418150,NOAA_NOS,IAN,2022,8340.0
2022-09-30 20:00:00,4.194,3.767,-0.427,-70.245674,43.65806,8418150,NOAA_NOS,IAN,2022,8400.0
2022-09-30 21:00:00,2.465,1.626,-0.839,-70.245674,43.65806,8418150,NOAA_NOS,IAN,2022,8460.0
2022-09-30 22:00:00,-0.182,-0.936,-0.754,-70.245674,43.65806,8418150,NOAA_NOS,IAN,2022,8520.0
2022-09-30 23:00:00,-2.669,-3.101,-0.4319999999999999,-70.245674,43.65806,8418150,NOAA_NOS,IAN,2022,8580.0
2022-10-01 00:00:00,-4.401,-4.568,-0.1669999999999998,-70.245674,43.65806,8418150,NOAA_NOS,IAN,2022,8640.0
2022-10-01 01:00:00,-5.094,-5.064,0.0300000000000002,-70.245674,43.65806,8418150,NOAA_NOS,IAN,2022,8700.0
2022-10-01 02:00:00,-4.769,-4.395,0.3740000000000005,-70.245674,43.65806,8418150,NOAA_NOS,IAN,2022,8760.0
2022-10-01 03:00:00,-3.424,-2.504,0.92,-70.245674,43.65806,8418150,NOAA_NOS,IAN,2022,8820.0
2022-10-01 04:00:00,-1.153,-0.045,1.108,-70.245674,43.65806,8418150,NOAA_NOS,IAN,2022,8880.0
2022-10-01 05:00:00,1.189,2.03,0.8409999999999997,-70.245674,43.65806,8418150,NOAA_NOS,IAN,2022,8940.0
2022-10-01 06:00:00,2.902,3.542,0.6399999999999997,-70.245674,43.65806,8418150,NOAA_NOS,IAN,2022,9000.0
2022-10-01 07:00:00,3.899,4.175,0.2759999999999998,-70.245674,43.65806,8418150,NOAA_NOS,IAN,2022,9060.0
2022-10-01 08:00:00,3.837,3.604,-0.2330000000000001,-70.245674,43.65806,8418150,NOAA_NOS,IAN,2022,9120.0
2022-10-01 09:00:00,2.849,2.078,-0.7710000000000004,-70.245674,43.65806,8418150,NOAA_NOS,IAN,2022,9180.0
2022-10-01 10:00:00,0.946,-0.035,-0.981,-70.245674,43.65806,8418150,NOAA_NOS,IAN,2022,9240.0
2022-10-01 11:00:00,-1.347,-2.109,-0.762,-70.245674,43.65806,8418150,NOAA_NOS,IAN,2022,9300.0
2022-10-01 12:00:00,-3.191,-3.58,-0.3890000000000002,-70.245674,43.65806,8418150,NOAA_NOS,IAN,2022,9360.0
2022-10-01 13:00:00,-4.027,-4.262,-0.2349999999999994,-70.245674,43.65806,8418150,NOAA_NOS,IAN,2022,9420.0
2022-10-01 14:00:00,-3.837,-3.693,0.1440000000000001,-70.245674,43.65806,8418150,NOAA_NOS,IAN,2022,9480.0
2022-10-01 15:00:00,-2.702,-2.145,0.5569999999999999,-70.245674,43.65806,8418150,NOAA_NOS,IAN,2022,9540.0
2022-10-01 16:00:00,-0.602,0.324,0.926,-70.245674,43.65806,8418150,NOAA_NOS,IAN,2022,9600.0
2022-10-01 17:00:00,1.868,2.582,0.7139999999999997,-70.245674,43.65806,8418150,NOAA_NOS,IAN,2022,9660.0
2022-10-01 18:00:00,3.722,4.261,0.5390000000000001,-70.245674,43.65806,8418150,NOAA_NOS,IAN,2022,9720.0
2022-10-01 19:00:00,4.824,5.034,0.2099999999999999,-70.245674,43.65806,8418150,NOAA_NOS,IAN,2022,9780.0
2022-10-01 20:00:00,5.064,4.842,-0.2220000000000004,-70.245674,43.65806,8418150,NOAA_NOS,IAN,2022,9840.0
2022-10-01 21:00:00,4.142,3.373,-0.7690000000000001,-70.245674,43.65806,8418150,NOAA_NOS,IAN,2022,9900.0
2022-10-01 22:00:00,2.364,1.24,-1.124,-70.245674,43.65806,8418150,NOAA_NOS,IAN,2022,9960.0
2022-10-01 23:00:00,0.021,-1.188,-1.209,-70.245674,43.65806,8418150,NOAA_NOS,IAN,2022,10020.0
2022-09-25 01:00:00,0.466,1.996,1.53,-70.741111,43.079722,8419870,NOAA_NOS,IAN,2022,60.0
2022-09-25 02:00:00,2.142,3.243,1.101,-70.741111,43.079722,8419870,NOAA_NOS,IAN,2022,120.0
2022-09-25 03:00:00,3.11,3.661,0.5510000000000002,-70.741111,43.079722,8419870,NOAA_NOS,IAN,2022,180.0
2022-09-25 04:00:00,3.241,3.233,-0.008,-70.741111,43.079722,8419870,NOAA_NOS,IAN,2022,240.0
2022-09-25 05:00:00,2.49,1.969,-0.5210000000000001,-70.741111,43.079722,8419870,NOAA_NOS,IAN,2022,300.0
2022-09-25 06:00:00,1.04,0.577,-0.4630000000000001,-70.741111,43.079722,8419870,NOAA_NOS,IAN,2022,360.0
2022-09-25 07:00:00,-0.876,-0.792,0.0839999999999999,-70.741111,43.079722,8419870,NOAA_NOS,IAN,2022,420.0
2022-09-25 08:00:00,-2.477,-1.816,0.6609999999999998,-70.741111,43.079722,8419870,NOAA_NOS,IAN,2022,480.0
2022-09-25 09:00:00,-3.314,-2.467,0.847,-70.741111,43.079722,8419870,NOAA_NOS,IAN,2022,540.0
2022-09-25 10:00:00,-3.136,-2.683,0.4530000000000003,-70.741111,43.079722,8419870,NOAA_NOS,IAN,2022,600.0
2022-09-25 11:00:00,-2.083,-2.139,-0.0559999999999996,-70.741111,43.079722,8419870,NOAA_NOS,IAN,2022,660.0
2022-09-25 12:00:00,-0.433,-0.319,0.1139999999999999,-70.741111,43.079722,8419870,NOAA_NOS,IAN,2022,720.0
2022-09-25 13:00:00,1.683,1.321,-0.3620000000000001,-70.741111,43.079722,8419870,NOAA_NOS,IAN,2022,780.0
2022-09-25 14:00:00,3.491,2.818,-0.673,-70.741111,43.079722,8419870,NOAA_NOS,IAN,2022,840.0
2022-09-25 15:00:00,4.514,3.524,-0.9900000000000002,-70.741111,43.079722,8419870,NOAA_NOS,IAN,2022,900.0
2022-09-25 16:00:00,4.718,3.412,-1.306,-70.741111,43.079722,8419870,NOAA_NOS,IAN,2022,960.0
2022-09-25 17:00:00,3.97,2.348,-1.6220000000000003,-70.741111,43.079722,8419870,NOAA_NOS,IAN,2022,1020.0
2022-09-25 18:00:00,2.385,0.915,-1.4699999999999998,-70.741111,43.079722,8419870,NOAA_NOS,IAN,2022,1080.0
2022-09-25 19:00:00,0.213,-0.52,-0.733,-70.741111,43.079722,8419870,NOAA_NOS,IAN,2022,1140.0
2022-09-25 20:00:00,-1.752,-1.648,0.104,-70.741111,43.079722,8419870,NOAA_NOS,IAN,2022,1200.0
2022-09-25 21:00:00,-3.192,-2.412,0.7800000000000002,-70.741111,43.079722,8419870,NOAA_NOS,IAN,2022,1260.0
2022-09-25 22:00:00,-3.609,-2.758,0.851,-70.741111,43.079722,8419870,NOAA_NOS,IAN,2022,1320.0
2022-09-25 23:00:00,-2.953,-2.493,0.4599999999999999,-70.741111,43.079722,8419870,NOAA_NOS,IAN,2022,1380.0
2022-09-26 00:00:00,-1.365,-0.876,0.489,-70.741111,43.079722,8419870,NOAA_NOS,IAN,2022,1440.0
2022-09-26 01:00:00,0.561,0.956,0.3949999999999999,-70.741111,43.079722,8419870,NOAA_NOS,IAN,2022,1500.0
2022-09-26 02:00:00,2.493,2.697,0.2040000000000001,-70.741111,43.079722,8419870,NOAA_NOS,IAN,2022,1560.0
2022-09-26 03:00:00,3.891,3.694,-0.197,-70.741111,43.079722,8419870,NOAA_NOS,IAN,2022,1620.0
2022-09-26 04:00:00,4.511,3.839,-0.6720000000000002,-70.741111,43.079722,8419870,NOAA_NOS,IAN,2022,1680.0
2022-09-26 05:00:00,4.177,2.995,-1.1819999999999995,-70.741111,43.079722,8419870,NOAA_NOS,IAN,2022,1740.0
2022-09-26 06:00:00,2.972,1.508,-1.464,-70.741111,43.079722,8419870,NOAA_NOS,IAN,2022,1800.0
2022-09-26 07:00:00,0.974,0.057,-0.917,-70.741111,43.079722,8419870,NOAA_NOS,IAN,2022,1860.0
2022-09-26 08:00:00,-1.05,-1.267,-0.2169999999999998,-70.741111,43.079722,8419870,NOAA_NOS,IAN,2022,1920.0
2022-09-26 09:00:00,-2.667,-2.17,0.4969999999999999,-70.741111,43.079722,8419870,NOAA_NOS,IAN,2022,1980.0
2022-09-26 10:00:00,-3.376,-2.67,0.706,-70.741111,43.079722,8419870,NOAA_NOS,IAN,2022,2040.0
2022-09-26 11:00:00,-3.009,-2.663,0.3460000000000001,-70.741111,43.079722,8419870,NOAA_NOS,IAN,2022,2100.0
2022-09-26 12:00:00,-1.588,-1.556,0.032,-70.741111,43.079722,8419870,NOAA_NOS,IAN,2022,2160.0
2022-09-26 13:00:00,0.374,0.485,0.1109999999999999,-70.741111,43.079722,8419870,NOAA_NOS,IAN,2022,2220.0
2022-09-26 14:00:00,2.448,2.289,-0.1589999999999998,-70.741111,43.079722,8419870,NOAA_NOS,IAN,2022,2280.0
2022-09-26 15:00:00,4.029,3.611,-0.4179999999999997,-70.741111,43.079722,8419870,NOAA_NOS,IAN,2022,2340.0
2022-09-26 16:00:00,4.859,4.014,-0.8449999999999998,-70.741111,43.079722,8419870,NOAA_NOS,IAN,2022,2400.0
2022-09-26 17:00:00,4.711,3.44,-1.2710000000000004,-70.741111,43.079722,8419870,NOAA_NOS,IAN,2022,2460.0
2022-09-26 18:00:00,3.53,1.976,-1.5539999999999998,-70.741111,43.079722,8419870,NOAA_NOS,IAN,2022,2520.0
2022-09-26 19:00:00,1.575,0.47,-1.105,-70.741111,43.079722,8419870,NOAA_NOS,IAN,2022,2580.0
2022-09-26 20:00:00,-0.689,-0.992,-0.303,-70.741111,43.079722,8419870,NOAA_NOS,IAN,2022,2640.0
2022-09-26 21:00:00,-2.694,-2.028,0.6659999999999999,-70.741111,43.079722,8419870,NOAA_NOS,IAN,2022,2700.0
2022-09-26 22:00:00,-3.796,-2.662,1.134,-70.741111,43.079722,8419870,NOAA_NOS,IAN,2022,2760.0
2022-09-26 23:00:00,-3.776,-2.882,0.8939999999999997,-70.741111,43.079722,8419870,NOAA_NOS,IAN,2022,2820.0
2022-09-27 00:00:00,-2.667,-2.298,0.3689999999999998,-70.741111,43.079722,8419870,NOAA_NOS,IAN,2022,2880.0
2022-09-27 01:00:00,-0.837,-0.246,0.591,-70.741111,43.079722,8419870,NOAA_NOS,IAN,2022,2940.0
2022-09-27 02:00:00,1.424,1.578,0.1540000000000001,-70.741111,43.079722,8419870,NOAA_NOS,IAN,2022,3000.0
2022-09-27 03:00:00,3.33,3.246,-0.084,-70.741111,43.079722,8419870,NOAA_NOS,IAN,2022,3060.0
2022-09-27 04:00:00,4.514,3.97,-0.544,-70.741111,43.079722,8419870,NOAA_NOS,IAN,2022,3120.0
2022-09-27 05:00:00,4.764,3.79,-0.9740000000000002,-70.741111,43.079722,8419870,NOAA_NOS,IAN,2022,3180.0
2022-09-27 06:00:00,4.019,2.561,-1.4580000000000002,-70.741111,43.079722,8419870,NOAA_NOS,IAN,2022,3240.0
2022-09-27 07:00:00,2.392,0.996,-1.396,-70.741111,43.079722,8419870,NOAA_NOS,IAN,2022,3300.0
2022-09-27 08:00:00,0.121,-0.525,-0.646,-70.741111,43.079722,8419870,NOAA_NOS,IAN,2022,3360.0
2022-09-27 09:00:00,-1.919,-1.682,0.2370000000000001,-70.741111,43.079722,8419870,NOAA_NOS,IAN,2022,3420.0
2022-09-27 10:00:00,-3.373,-2.441,0.9320000000000004,-70.741111,43.079722,8419870,NOAA_NOS,IAN,2022,3480.0
2022-09-27 11:00:00,-3.714,-2.776,0.9380000000000002,-70.741111,43.079722,8419870,NOAA_NOS,IAN,2022,3540.0
2022-09-27 12:00:00,-2.894,-2.446,0.4479999999999999,-70.741111,43.079722,8419870,NOAA_NOS,IAN,2022,3600.0
2022-09-27 13:00:00,-1.25,-0.631,0.619,-70.741111,43.079722,8419870,NOAA_NOS,IAN,2022,3660.0
2022-09-27 14:00:00,0.86,1.342,0.4820000000000001,-70.741111,43.079722,8419870,NOAA_NOS,IAN,2022,3720.0
2022-09-27 15:00:00,2.963,3.19,0.2269999999999998,-70.741111,43.079722,8419870,NOAA_NOS,IAN,2022,3780.0
2022-09-27 16:00:00,4.318,4.185,-0.133,-70.741111,43.079722,8419870,NOAA_NOS,IAN,2022,3840.0
2022-09-27 17:00:00,4.888,4.25,-0.6379999999999999,-70.741111,43.079722,8419870,NOAA_NOS,IAN,2022,3900.0
2022-09-27 18:00:00,4.285,3.195,-1.0900000000000003,-70.741111,43.079722,8419870,NOAA_NOS,IAN,2022,3960.0
2022-09-27 19:00:00,2.844,1.553,-1.291,-70.741111,43.079722,8419870,NOAA_NOS,IAN,2022,4020.0
2022-09-27 20:00:00,0.577,-0.044,-0.621,-70.741111,43.079722,8419870,NOAA_NOS,IAN,2022,4080.0
2022-09-27 21:00:00,-1.654,-1.385,0.2689999999999999,-70.741111,43.079722,8419870,NOAA_NOS,IAN,2022,4140.0
2022-09-27 22:00:00,-3.504,-2.3,1.2040000000000002,-70.741111,43.079722,8419870,NOAA_NOS,IAN,2022,4200.0
2022-09-27 23:00:00,-4.216,-2.817,1.399,-70.741111,43.079722,8419870,NOAA_NOS,IAN,2022,4260.0
2022-09-28 00:00:00,-3.783,-2.893,0.8900000000000001,-70.741111,43.079722,8419870,NOAA_NOS,IAN,2022,4320.0
2022-09-28 01:00:00,-2.303,-1.902,0.401,-70.741111,43.079722,8419870,NOAA_NOS,IAN,2022,4380.0
2022-09-28 02:00:00,-0.246,0.329,0.575,-70.741111,43.079722,8419870,NOAA_NOS,IAN,2022,4440.0
2022-09-28 03:00:00,1.883,2.185,0.302,-70.741111,43.079722,8419870,NOAA_NOS,IAN,2022,4500.0
2022-09-28 04:00:00,3.622,3.598,-0.024,-70.741111,43.079722,8419870,NOAA_NOS,IAN,2022,4560.0
2022-09-28 05:00:00,4.537,4.067,-0.4699999999999997,-70.741111,43.079722,8419870,NOAA_NOS,IAN,2022,4620.0
2022-09-28 06:00:00,4.413,3.502,-0.9110000000000004,-70.741111,43.079722,8419870,NOAA_NOS,IAN,2022,4680.0
2022-09-28 07:00:00,3.278,2.029,-1.249,-70.741111,43.079722,8419870,NOAA_NOS,IAN,2022,4740.0
2022-09-28 08:00:00,1.378,0.483,-0.8949999999999999,-70.741111,43.079722,8419870,NOAA_NOS,IAN,2022,4800.0
2022-09-28 09:00:00,-1.024,-0.983,0.041,-70.741111,43.079722,8419870,NOAA_NOS,IAN,2022,4860.0
2022-09-28 10:00:00,-2.94,-2.013,0.927,-70.741111,43.079722,8419870,NOAA_NOS,IAN,2022,4920.0
2022-09-28 11:00:00,-4.065,-2.626,1.4390000000000005,-70.741111,43.079722,8419870,NOAA_NOS,IAN,2022,4980.0
2022-09-28 12:00:00,-4.065,-2.783,1.2820000000000005,-70.741111,43.079722,8419870,NOAA_NOS,IAN,2022,5040.0
2022-09-28 13:00:00,-2.812,-1.993,0.8189999999999997,-70.741111,43.079722,8419870,NOAA_NOS,IAN,2022,5100.0
2022-09-28 14:00:00,-0.846,0.205,1.051,-70.741111,43.079722,8419870,NOAA_NOS,IAN,2022,5160.0
2022-09-28 15:00:00,1.503,2.171,0.6679999999999999,-70.741111,43.079722,8419870,NOAA_NOS,IAN,2022,5220.0
2022-09-28 16:00:00,3.386,3.885,0.4989999999999996,-70.741111,43.079722,8419870,NOAA_NOS,IAN,2022,5280.0
2022-09-28 17:00:00,4.554,4.552,-0.0020000000000006,-70.741111,43.079722,8419870,NOAA_NOS,IAN,2022,5340.0
2022-09-28 18:00:00,4.698,4.233,-0.4650000000000007,-70.741111,43.079722,8419870,NOAA_NOS,IAN,2022,5400.0
2022-09-28 19:00:00,3.832,2.812,-1.02,-70.741111,43.079722,8419870,NOAA_NOS,IAN,2022,5460.0
2022-09-28 20:00:00,2.037,1.136,-0.901,-70.741111,43.079722,8419870,NOAA_NOS,IAN,2022,5520.0
2022-09-28 21:00:00,-0.397,-0.505,-0.1079999999999999,-70.741111,43.079722,8419870,NOAA_NOS,IAN,2022,5580.0
2022-09-28 22:00:00,-2.579,-1.687,0.8920000000000001,-70.741111,43.079722,8419870,NOAA_NOS,IAN,2022,5640.0
2022-09-28 23:00:00,-4.078,-2.477,1.6010000000000004,-70.741111,43.079722,8419870,NOAA_NOS,IAN,2022,5700.0
2022-09-29 00:00:00,-4.544,-2.895,1.6489999999999996,-70.741111,43.079722,8419870,NOAA_NOS,IAN,2022,5760.0
2022-09-29 01:00:00,-3.894,-2.808,1.0860000000000003,-70.741111,43.079722,8419870,NOAA_NOS,IAN,2022,5820.0
2022-09-29 02:00:00,-2.326,-1.358,0.968,-70.741111,43.079722,8419870,NOAA_NOS,IAN,2022,5880.0
2022-09-29 03:00:00,-0.138,0.776,0.914,-70.741111,43.079722,8419870,NOAA_NOS,IAN,2022,5940.0
2022-09-29 04:00:00,1.903,2.605,0.702,-70.741111,43.079722,8419870,NOAA_NOS,IAN,2022,6000.0
2022-09-29 05:00:00,3.373,3.717,0.3439999999999998,-70.741111,43.079722,8419870,NOAA_NOS,IAN,2022,6060.0
2022-09-29 06:00:00,3.911,3.933,0.0219999999999997,-70.741111,43.079722,8419870,NOAA_NOS,IAN,2022,6120.0
2022-09-29 07:00:00,3.53,3.074,-0.4559999999999999,-70.741111,43.079722,8419870,NOAA_NOS,IAN,2022,6180.0
2022-09-29 08:00:00,2.218,1.524,-0.694,-70.741111,43.079722,8419870,NOAA_NOS,IAN,2022,6240.0
2022-09-29 09:00:00,0.095,0.014,-0.081,-70.741111,43.079722,8419870,NOAA_NOS,IAN,2022,6300.0
2022-09-29 10:00:00,-2.07,-1.326,0.7439999999999998,-70.741111,43.079722,8419870,NOAA_NOS,IAN,2022,6360.0
2022-09-29 11:00:00,-3.753,-2.229,1.524,-70.741111,43.079722,8419870,NOAA_NOS,IAN,2022,6420.0
2022-09-29 12:00:00,-4.432,-2.71,1.7220000000000004,-70.741111,43.079722,8419870,NOAA_NOS,IAN,2022,6480.0
2022-09-29 13:00:00,-4.003,-2.659,1.3440000000000003,-70.741111,43.079722,8419870,NOAA_NOS,IAN,2022,6540.0
2022-09-29 14:00:00,-2.444,-1.325,1.119,-70.741111,43.079722,8419870,NOAA_NOS,IAN,2022,6600.0
2022-09-29 15:00:00,-0.325,0.858,1.183,-70.741111,43.079722,8419870,NOAA_NOS,IAN,2022,6660.0
2022-09-29 16:00:00,1.952,2.873,0.9210000000000004,-70.741111,43.079722,8419870,NOAA_NOS,IAN,2022,6720.0
2022-09-29 17:00:00,3.655,4.286,0.6309999999999998,-70.741111,43.079722,8419870,NOAA_NOS,IAN,2022,6780.0
2022-09-29 18:00:00,4.531,4.695,0.1640000000000006,-70.741111,43.079722,8419870,NOAA_NOS,IAN,2022,6840.0
2022-09-29 19:00:00,4.367,4.062,-0.3049999999999997,-70.741111,43.079722,8419870,NOAA_NOS,IAN,2022,6900.0
2022-09-29 20:00:00,3.143,2.445,-0.698,-70.741111,43.079722,8419870,NOAA_NOS,IAN,2022,6960.0
2022-09-29 21:00:00,1.132,0.79,-0.3419999999999998,-70.741111,43.079722,8419870,NOAA_NOS,IAN,2022,7020.0
2022-09-29 22:00:00,-1.266,-0.758,0.508,-70.741111,43.079722,8419870,NOAA_NOS,IAN,2022,7080.0
2022-09-29 23:00:00,-3.294,-1.879,1.415,-70.741111,43.079722,8419870,NOAA_NOS,IAN,2022,7140.0
2022-09-30 00:00:00,-4.619,-2.576,2.043,-70.741111,43.079722,8419870,NOAA_NOS,IAN,2022,7200.0
2022-09-30 01:00:00,-4.875,-2.91,1.965,-70.741111,43.079722,8419870,NOAA_NOS,IAN,2022,7260.0
2022-09-30 02:00:00,-3.898,-2.633,1.265,-70.741111,43.079722,8419870,NOAA_NOS,IAN,2022,7320.0
2022-09-30 03:00:00,-2.149,-0.848,1.3010000000000002,-70.741111,43.079722,8419870,NOAA_NOS,IAN,2022,7380.0
2022-09-30 04:00:00,0.066,1.091,1.025,-70.741111,43.079722,8419870,NOAA_NOS,IAN,2022,7440.0
2022-09-30 05:00:00,1.955,2.803,0.8479999999999999,-70.741111,43.079722,8419870,NOAA_NOS,IAN,2022,7500.0
2022-09-30 06:00:00,3.248,3.648,0.3999999999999999,-70.741111,43.079722,8419870,NOAA_NOS,IAN,2022,7560.0
2022-09-30 07:00:00,3.658,3.652,-0.0059999999999997,-70.741111,43.079722,8419870,NOAA_NOS,IAN,2022,7620.0
2022-09-30 08:00:00,3.074,2.597,-0.4769999999999998,-70.741111,43.079722,8419870,NOAA_NOS,IAN,2022,7680.0
2022-09-30 09:00:00,1.709,1.082,-0.627,-70.741111,43.079722,8419870,NOAA_NOS,IAN,2022,7740.0
2022-09-30 10:00:00,-0.417,-0.433,-0.016,-70.741111,43.079722,8419870,NOAA_NOS,IAN,2022,7800.0
2022-09-30 11:00:00,-2.31,-1.586,0.724,-70.741111,43.079722,8419870,NOAA_NOS,IAN,2022,7860.0
2022-09-30 12:00:00,-3.704,-2.374,1.33,-70.741111,43.079722,8419870,NOAA_NOS,IAN,2022,7920.0
2022-09-30 13:00:00,-4.016,-2.728,1.2879999999999998,-70.741111,43.079722,8419870,NOAA_NOS,IAN,2022,7980.0
2022-09-30 14:00:00,-3.294,-2.433,0.8610000000000002,-70.741111,43.079722,8419870,NOAA_NOS,IAN,2022,8040.0
2022-09-30 15:00:00,-1.706,-0.661,1.045,-70.741111,43.079722,8419870,NOAA_NOS,IAN,2022,8100.0
2022-09-30 16:00:00,0.43,1.32,0.8900000000000001,-70.741111,43.079722,8419870,NOAA_NOS,IAN,2022,8160.0
2022-09-30 17:00:00,2.405,3.275,0.8700000000000001,-70.741111,43.079722,8419870,NOAA_NOS,IAN,2022,8220.0
2022-09-30 18:00:00,3.865,4.433,0.5679999999999996,-70.741111,43.079722,8419870,NOAA_NOS,IAN,2022,8280.0
2022-09-30 19:00:00,4.478,4.638,0.1600000000000001,-70.741111,43.079722,8419870,NOAA_NOS,IAN,2022,8340.0
2022-09-30 20:00:00,4.111,3.756,-0.355,-70.741111,43.079722,8419870,NOAA_NOS,IAN,2022,8400.0
2022-09-30 21:00:00,2.733,2.136,-0.597,-70.741111,43.079722,8419870,NOAA_NOS,IAN,2022,8460.0
2022-09-30 22:00:00,0.558,0.569,0.0109999999999998,-70.741111,43.079722,8419870,NOAA_NOS,IAN,2022,8520.0
2022-09-30 23:00:00,-1.673,-0.956,0.7170000000000001,-70.741111,43.079722,8419870,NOAA_NOS,IAN,2022,8580.0
2022-10-01 00:00:00,-3.56,-1.986,1.574,-70.741111,43.079722,8419870,NOAA_NOS,IAN,2022,8640.0
2022-10-01 01:00:00,-4.564,-2.614,1.95,-70.741111,43.079722,8419870,NOAA_NOS,IAN,2022,8700.0
2022-10-01 02:00:00,-4.528,-2.88,1.6479999999999997,-70.741111,43.079722,8419870,NOAA_NOS,IAN,2022,8760.0
2022-10-01 03:00:00,-3.451,-2.438,1.013,-70.741111,43.079722,8419870,NOAA_NOS,IAN,2022,8820.0
2022-10-01 04:00:00,-1.726,-0.507,1.219,-70.741111,43.079722,8419870,NOAA_NOS,IAN,2022,8880.0
2022-10-01 05:00:00,0.397,1.257,0.8599999999999999,-70.741111,43.079722,8419870,NOAA_NOS,IAN,2022,8940.0
2022-10-01 06:00:00,2.083,2.816,0.7329999999999997,-70.741111,43.079722,8419870,NOAA_NOS,IAN,2022,9000.0
2022-10-01 07:00:00,3.268,3.543,0.2750000000000003,-70.741111,43.079722,8419870,NOAA_NOS,IAN,2022,9060.0
2022-10-01 08:00:00,3.504,3.391,-0.1129999999999999,-70.741111,43.079722,8419870,NOAA_NOS,IAN,2022,9120.0
2022-10-01 09:00:00,2.818,2.282,-0.536,-70.741111,43.079722,8419870,NOAA_NOS,IAN,2022,9180.0
2022-10-01 10:00:00,1.371,0.812,-0.5589999999999999,-70.741111,43.079722,8419870,NOAA_NOS,IAN,2022,9240.0
2022-10-01 11:00:00,-0.64,-0.619,0.021,-70.741111,43.079722,8419870,NOAA_NOS,IAN,2022,9300.0
2022-10-01 12:00:00,-2.343,-1.706,0.637,-70.741111,43.079722,8419870,NOAA_NOS,IAN,2022,9360.0
2022-10-01 13:00:00,-3.53,-2.399,1.1309999999999998,-70.741111,43.079722,8419870,NOAA_NOS,IAN,2022,9420.0
2022-10-01 14:00:00,-3.645,-2.64,1.005,-70.741111,43.079722,8419870,NOAA_NOS,IAN,2022,9480.0
2022-10-01 15:00:00,-2.707,-2.12,0.5869999999999997,-70.741111,43.079722,8419870,NOAA_NOS,IAN,2022,9540.0
2022-10-01 16:00:00,-1.024,-0.208,0.8160000000000001,-70.741111,43.079722,8419870,NOAA_NOS,IAN,2022,9600.0
2022-10-01 17:00:00,1.02,1.667,0.647,-70.741111,43.079722,8419870,NOAA_NOS,IAN,2022,9660.0
2022-10-01 18:00:00,2.835,3.413,0.5779999999999998,-70.741111,43.079722,8419870,NOAA_NOS,IAN,2022,9720.0
2022-10-01 19:00:00,4.085,4.344,0.2590000000000003,-70.741111,43.079722,8419870,NOAA_NOS,IAN,2022,9780.0
2022-10-01 20:00:00,4.623,4.411,-0.2120000000000006,-70.741111,43.079722,8419870,NOAA_NOS,IAN,2022,9840.0
2022-10-01 21:00:00,4.045,3.425,-0.6200000000000001,-70.741111,43.079722,8419870,NOAA_NOS,IAN,2022,9900.0
2022-10-01 22:00:00,2.703,1.841,-0.8619999999999999,-70.741111,43.079722,8419870,NOAA_NOS,IAN,2022,9960.0
2022-10-01 23:00:00,0.659,0.161,-0.498,-70.741111,43.079722,8419870,NOAA_NOS,IAN,2022,10020.0
2022-09-25 01:00:00,0.831,2.581,1.75,-71.03838,42.3539,8443970,NOAA_NOS,IAN,2022,60.0
2022-09-25 02:00:00,2.691,3.969,1.278,-71.03838,42.3539,8443970,NOAA_NOS,IAN,2022,120.0
2022-09-25 03:00:00,3.761,4.138,0.3769999999999998,-71.03838,42.3539,8443970,NOAA_NOS,IAN,2022,180.0
2022-09-25 04:00:00,3.876,3.433,-0.443,-71.03838,42.3539,8443970,NOAA_NOS,IAN,2022,240.0
2022-09-25 05:00:00,2.731,2.266,-0.4649999999999998,-71.03838,42.3539,8443970,NOAA_NOS,IAN,2022,300.0
2022-09-25 06:00:00,1.136,0.157,-0.979,-71.03838,42.3539,8443970,NOAA_NOS,IAN,2022,360.0
2022-09-25 07:00:00,-0.822,-1.799,-0.977,-71.03838,42.3539,8443970,NOAA_NOS,IAN,2022,420.0
2022-09-25 08:00:00,-2.676,-3.688,-1.012,-71.03838,42.3539,8443970,NOAA_NOS,IAN,2022,480.0
2022-09-25 09:00:00,-3.716,-4.081,-0.3650000000000002,-71.03838,42.3539,8443970,NOAA_NOS,IAN,2022,540.0
2022-09-25 10:00:00,-3.385,-3.899,-0.5140000000000002,-71.03838,42.3539,8443970,NOAA_NOS,IAN,2022,600.0
2022-09-25 11:00:00,-2.017,-2.647,-0.6299999999999999,-71.03838,42.3539,8443970,NOAA_NOS,IAN,2022,660.0
2022-09-25 12:00:00,-0.199,-0.523,-0.324,-71.03838,42.3539,8443970,NOAA_NOS,IAN,2022,720.0
2022-09-25 13:00:00,1.937,1.767,-0.1700000000000001,-71.03838,42.3539,8443970,NOAA_NOS,IAN,2022,780.0
2022-09-25 14:00:00,4.115,3.53,-0.5850000000000004,-71.03838,42.3539,8443970,NOAA_NOS,IAN,2022,840.0
2022-09-25 15:00:00,5.411,4.109,-1.3019999999999996,-71.03838,42.3539,8443970,NOAA_NOS,IAN,2022,900.0
2022-09-25 16:00:00,5.444,3.564,-1.88,-71.03838,42.3539,8443970,NOAA_NOS,IAN,2022,960.0
2022-09-25 17:00:00,4.302,2.751,-1.5509999999999995,-71.03838,42.3539,8443970,NOAA_NOS,IAN,2022,1020.0
2022-09-25 18:00:00,2.468,0.657,-1.811,-71.03838,42.3539,8443970,NOAA_NOS,IAN,2022,1080.0
2022-09-25 19:00:00,0.349,-1.274,-1.623,-71.03838,42.3539,8443970,NOAA_NOS,IAN,2022,1140.0
2022-09-25 20:00:00,-1.964,-3.448,-1.484,-71.03838,42.3539,8443970,NOAA_NOS,IAN,2022,1200.0
2022-09-25 21:00:00,-3.591,-4.287,-0.6959999999999997,-71.03838,42.3539,8443970,NOAA_NOS,IAN,2022,1260.0
2022-09-25 22:00:00,-4.083,-4.144,-0.0609999999999999,-71.03838,42.3539,8443970,NOAA_NOS,IAN,2022,1320.0
2022-09-25 23:00:00,-2.912,-3.216,-0.3040000000000002,-71.03838,42.3539,8443970,NOAA_NOS,IAN,2022,1380.0
2022-09-26 00:00:00,-1.219,-1.138,0.0810000000000001,-71.03838,42.3539,8443970,NOAA_NOS,IAN,2022,1440.0
2022-09-26 01:00:00,0.805,1.301,0.4959999999999999,-71.03838,42.3539,8443970,NOAA_NOS,IAN,2022,1500.0
2022-09-26 02:00:00,2.954,3.386,0.4319999999999999,-71.03838,42.3539,8443970,NOAA_NOS,IAN,2022,1560.0
2022-09-26 03:00:00,4.663,4.442,-0.221,-71.03838,42.3539,8443970,NOAA_NOS,IAN,2022,1620.0
2022-09-26 04:00:00,5.31,4.117,-1.1929999999999996,-71.03838,42.3539,8443970,NOAA_NOS,IAN,2022,1680.0
2022-09-26 05:00:00,4.722,3.378,-1.3440000000000003,-71.03838,42.3539,8443970,NOAA_NOS,IAN,2022,1740.0
2022-09-26 06:00:00,3.013,1.517,-1.496,-71.03838,42.3539,8443970,NOAA_NOS,IAN,2022,1800.0
2022-09-26 07:00:00,1.209,-0.579,-1.788,-71.03838,42.3539,8443970,NOAA_NOS,IAN,2022,1860.0
2022-09-26 08:00:00,-0.963,-2.829,-1.866,-71.03838,42.3539,8443970,NOAA_NOS,IAN,2022,1920.0
2022-09-26 09:00:00,-3.207,-4.313,-1.106,-71.03838,42.3539,8443970,NOAA_NOS,IAN,2022,1980.0
2022-09-26 10:00:00,-3.88,-4.269,-0.3890000000000002,-71.03838,42.3539,8443970,NOAA_NOS,IAN,2022,2040.0
2022-09-26 11:00:00,-3.25,-3.739,-0.4889999999999999,-71.03838,42.3539,8443970,NOAA_NOS,IAN,2022,2100.0
2022-09-26 12:00:00,-1.439,-1.846,-0.407,-71.03838,42.3539,8443970,NOAA_NOS,IAN,2022,2160.0
2022-09-26 13:00:00,0.539,0.557,0.018,-71.03838,42.3539,8443970,NOAA_NOS,IAN,2022,2220.0
2022-09-26 14:00:00,2.961,2.89,-0.0709999999999997,-71.03838,42.3539,8443970,NOAA_NOS,IAN,2022,2280.0
2022-09-26 15:00:00,4.88,4.438,-0.4420000000000001,-71.03838,42.3539,8443970,NOAA_NOS,IAN,2022,2340.0
2022-09-26 16:00:00,5.628,4.461,-1.1669999999999998,-71.03838,42.3539,8443970,NOAA_NOS,IAN,2022,2400.0
2022-09-26 17:00:00,5.267,3.685,-1.5820000000000003,-71.03838,42.3539,8443970,NOAA_NOS,IAN,2022,2460.0
2022-09-26 18:00:00,3.777,2.243,-1.5340000000000005,-71.03838,42.3539,8443970,NOAA_NOS,IAN,2022,2520.0
2022-09-26 19:00:00,1.576,-0.07,-1.646,-71.03838,42.3539,8443970,NOAA_NOS,IAN,2022,2580.0
2022-09-26 20:00:00,-0.681,-2.247,-1.5659999999999998,-71.03838,42.3539,8443970,NOAA_NOS,IAN,2022,2640.0
2022-09-26 21:00:00,-3.047,-4.369,-1.3219999999999996,-71.03838,42.3539,8443970,NOAA_NOS,IAN,2022,2700.0
2022-09-26 22:00:00,-4.49,-4.629,-0.1389999999999993,-71.03838,42.3539,8443970,NOAA_NOS,IAN,2022,2760.0
2022-09-26 23:00:00,-4.313,-4.38,-0.0670000000000001,-71.03838,42.3539,8443970,NOAA_NOS,IAN,2022,2820.0
2022-09-27 00:00:00,-2.663,-2.875,-0.2120000000000002,-71.03838,42.3539,8443970,NOAA_NOS,IAN,2022,2880.0
2022-09-27 01:00:00,-0.845,-0.444,0.4009999999999999,-71.03838,42.3539,8443970,NOAA_NOS,IAN,2022,2940.0
2022-09-27 02:00:00,1.642,2.065,0.423,-71.03838,42.3539,8443970,NOAA_NOS,IAN,2022,3000.0
2022-09-27 03:00:00,4.076,4.043,-0.0329999999999994,-71.03838,42.3539,8443970,NOAA_NOS,IAN,2022,3060.0
2022-09-27 04:00:00,5.359,4.623,-0.7359999999999998,-71.03838,42.3539,8443970,NOAA_NOS,IAN,2022,3120.0
2022-09-27 05:00:00,5.523,3.946,-1.5769999999999995,-71.03838,42.3539,8443970,NOAA_NOS,IAN,2022,3180.0
2022-09-27 06:00:00,4.476,3.001,-1.475,-71.03838,42.3539,8443970,NOAA_NOS,IAN,2022,3240.0
2022-09-27 07:00:00,2.57,0.655,-1.915,-71.03838,42.3539,8443970,NOAA_NOS,IAN,2022,3300.0
2022-09-27 08:00:00,0.323,-1.391,-1.714,-71.03838,42.3539,8443970,NOAA_NOS,IAN,2022,3360.0
2022-09-27 09:00:00,-2.082,-3.756,-1.674,-71.03838,42.3539,8443970,NOAA_NOS,IAN,2022,3420.0
2022-09-27 10:00:00,-3.788,-4.547,-0.7589999999999999,-71.03838,42.3539,8443970,NOAA_NOS,IAN,2022,3480.0
2022-09-27 11:00:00,-4.192,-4.316,-0.1239999999999996,-71.03838,42.3539,8443970,NOAA_NOS,IAN,2022,3540.0
2022-09-27 12:00:00,-2.945,-3.199,-0.254,-71.03838,42.3539,8443970,NOAA_NOS,IAN,2022,3600.0
2022-09-27 13:00:00,-1.075,-0.877,0.1979999999999999,-71.03838,42.3539,8443970,NOAA_NOS,IAN,2022,3660.0
2022-09-27 14:00:00,1.205,1.746,0.5409999999999999,-71.03838,42.3539,8443970,NOAA_NOS,IAN,2022,3720.0
2022-09-27 15:00:00,3.518,3.927,0.4090000000000002,-71.03838,42.3539,8443970,NOAA_NOS,IAN,2022,3780.0
2022-09-27 16:00:00,5.149,4.993,-0.1559999999999997,-71.03838,42.3539,8443970,NOAA_NOS,IAN,2022,3840.0
2022-09-27 17:00:00,5.602,4.483,-1.1190000000000009,-71.03838,42.3539,8443970,NOAA_NOS,IAN,2022,3900.0
2022-09-27 18:00:00,4.913,3.619,-1.294,-71.03838,42.3539,8443970,NOAA_NOS,IAN,2022,3960.0
2022-09-27 19:00:00,2.947,1.456,-1.491,-71.03838,42.3539,8443970,NOAA_NOS,IAN,2022,4020.0
2022-09-27 20:00:00,0.785,-0.833,-1.618,-71.03838,42.3539,8443970,NOAA_NOS,IAN,2022,4080.0
2022-09-27 21:00:00,-1.793,-3.316,-1.523,-71.03838,42.3539,8443970,NOAA_NOS,IAN,2022,4140.0
2022-09-27 22:00:00,-3.975,-4.912,-0.9369999999999998,-71.03838,42.3539,8443970,NOAA_NOS,IAN,2022,4200.0
2022-09-27 23:00:00,-4.776,-4.907,-0.1310000000000002,-71.03838,42.3539,8443970,NOAA_NOS,IAN,2022,4260.0
2022-09-28 00:00:00,-4.1,-4.296,-0.1960000000000006,-71.03838,42.3539,8443970,NOAA_NOS,IAN,2022,4320.0
2022-09-28 01:00:00,-2.256,-2.303,-0.0470000000000001,-71.03838,42.3539,8443970,NOAA_NOS,IAN,2022,4380.0
2022-09-28 02:00:00,-0.15,0.281,0.431,-71.03838,42.3539,8443970,NOAA_NOS,IAN,2022,4440.0
2022-09-28 03:00:00,2.232,2.793,0.5609999999999999,-71.03838,42.3539,8443970,NOAA_NOS,IAN,2022,4500.0
2022-09-28 04:00:00,4.388,4.467,0.0789999999999997,-71.03838,42.3539,8443970,NOAA_NOS,IAN,2022,4560.0
2022-09-28 05:00:00,5.356,4.493,-0.8629999999999995,-71.03838,42.3539,8443970,NOAA_NOS,IAN,2022,4620.0
2022-09-28 06:00:00,5.014,3.77,-1.2440000000000002,-71.03838,42.3539,8443970,NOAA_NOS,IAN,2022,4680.0
2022-09-28 07:00:00,3.518,2.305,-1.2129999999999996,-71.03838,42.3539,8443970,NOAA_NOS,IAN,2022,4740.0
2022-09-28 08:00:00,1.389,-0.031,-1.42,-71.03838,42.3539,8443970,NOAA_NOS,IAN,2022,4800.0
2022-09-28 09:00:00,-0.977,-2.249,-1.2720000000000002,-71.03838,42.3539,8443970,NOAA_NOS,IAN,2022,4860.0
2022-09-28 10:00:00,-3.26,-4.362,-1.1020000000000003,-71.03838,42.3539,8443970,NOAA_NOS,IAN,2022,4920.0
2022-09-28 11:00:00,-4.717,-4.546,0.1709999999999993,-71.03838,42.3539,8443970,NOAA_NOS,IAN,2022,4980.0
2022-09-28 12:00:00,-4.451,-4.127,0.3239999999999998,-71.03838,42.3539,8443970,NOAA_NOS,IAN,2022,5040.0
2022-09-28 13:00:00,-2.794,-2.469,0.3250000000000002,-71.03838,42.3539,8443970,NOAA_NOS,IAN,2022,5100.0
2022-09-28 14:00:00,-0.602,0.093,0.695,-71.03838,42.3539,8443970,NOAA_NOS,IAN,2022,5160.0
2022-09-28 15:00:00,1.77,2.738,0.968,-71.03838,42.3539,8443970,NOAA_NOS,IAN,2022,5220.0
2022-09-28 16:00:00,4.178,4.743,0.5650000000000004,-71.03838,42.3539,8443970,NOAA_NOS,IAN,2022,5280.0
2022-09-28 17:00:00,5.457,5.254,-0.2030000000000003,-71.03838,42.3539,8443970,NOAA_NOS,IAN,2022,5340.0
2022-09-28 18:00:00,5.483,4.417,-1.0659999999999998,-71.03838,42.3539,8443970,NOAA_NOS,IAN,2022,5400.0
2022-09-28 19:00:00,4.306,3.239,-1.0670000000000002,-71.03838,42.3539,8443970,NOAA_NOS,IAN,2022,5460.0
2022-09-28 20:00:00,2.232,0.714,-1.5180000000000002,-71.03838,42.3539,8443970,NOAA_NOS,IAN,2022,5520.0
2022-09-28 21:00:00,-0.215,-1.558,-1.343,-71.03838,42.3539,8443970,NOAA_NOS,IAN,2022,5580.0
2022-09-28 22:00:00,-2.774,-4.136,-1.362,-71.03838,42.3539,8443970,NOAA_NOS,IAN,2022,5640.0
2022-09-28 23:00:00,-4.658,-5.067,-0.4089999999999998,-71.03838,42.3539,8443970,NOAA_NOS,IAN,2022,5700.0
2022-09-29 00:00:00,-5.137,-5.018,0.1189999999999997,-71.03838,42.3539,8443970,NOAA_NOS,IAN,2022,5760.0
2022-09-29 01:00:00,-3.992,-3.992,0.0,-71.03838,42.3539,8443970,NOAA_NOS,IAN,2022,5820.0
2022-09-29 02:00:00,-2.194,-1.682,0.512,-71.03838,42.3539,8443970,NOAA_NOS,IAN,2022,5880.0
2022-09-29 03:00:00,0.057,0.971,0.914,-71.03838,42.3539,8443970,NOAA_NOS,IAN,2022,5940.0
2022-09-29 04:00:00,2.442,3.297,0.855,-71.03838,42.3539,8443970,NOAA_NOS,IAN,2022,6000.0
2022-09-29 05:00:00,4.227,4.541,0.314,-71.03838,42.3539,8443970,NOAA_NOS,IAN,2022,6060.0
2022-09-29 06:00:00,4.772,4.162,-0.6100000000000003,-71.03838,42.3539,8443970,NOAA_NOS,IAN,2022,6120.0
2022-09-29 07:00:00,4.079,3.515,-0.5639999999999996,-71.03838,42.3539,8443970,NOAA_NOS,IAN,2022,6180.0
2022-09-29 08:00:00,2.406,1.5,-0.906,-71.03838,42.3539,8443970,NOAA_NOS,IAN,2022,6240.0
2022-09-29 09:00:00,0.398,-0.636,-1.034,-71.03838,42.3539,8443970,NOAA_NOS,IAN,2022,6300.0
2022-09-29 10:00:00,-2.036,-3.01,-0.9739999999999998,-71.03838,42.3539,8443970,NOAA_NOS,IAN,2022,6360.0
2022-09-29 11:00:00,-4.054,-4.524,-0.4699999999999997,-71.03838,42.3539,8443970,NOAA_NOS,IAN,2022,6420.0
2022-09-29 12:00:00,-4.966,-4.384,0.5819999999999999,-71.03838,42.3539,8443970,NOAA_NOS,IAN,2022,6480.0
2022-09-29 13:00:00,-4.205,-3.701,0.504,-71.03838,42.3539,8443970,NOAA_NOS,IAN,2022,6540.0
2022-09-29 14:00:00,-2.279,-1.625,0.6539999999999999,-71.03838,42.3539,8443970,NOAA_NOS,IAN,2022,6600.0
2022-09-29 15:00:00,-0.048,1.015,1.063,-71.03838,42.3539,8443970,NOAA_NOS,IAN,2022,6660.0
2022-09-29 16:00:00,2.409,3.529,1.12,-71.03838,42.3539,8443970,NOAA_NOS,IAN,2022,6720.0
2022-09-29 17:00:00,4.532,5.202,0.6699999999999999,-71.03838,42.3539,8443970,NOAA_NOS,IAN,2022,6780.0
2022-09-29 18:00:00,5.365,5.195,-0.1699999999999999,-71.03838,42.3539,8443970,NOAA_NOS,IAN,2022,6840.0
2022-09-29 19:00:00,5.073,4.39,-0.6830000000000007,-71.03838,42.3539,8443970,NOAA_NOS,IAN,2022,6900.0
2022-09-29 20:00:00,3.485,2.726,-0.7589999999999999,-71.03838,42.3539,8443970,NOAA_NOS,IAN,2022,6960.0
2022-09-29 21:00:00,1.264,0.225,-1.039,-71.03838,42.3539,8443970,NOAA_NOS,IAN,2022,7020.0
2022-09-29 22:00:00,-1.216,-2.218,-1.002,-71.03838,42.3539,8443970,NOAA_NOS,IAN,2022,7080.0
2022-09-29 23:00:00,-3.677,-4.556,-0.879,-71.03838,42.3539,8443970,NOAA_NOS,IAN,2022,7140.0
2022-09-30 00:00:00,-5.143,-5.029,0.1139999999999998,-71.03838,42.3539,8443970,NOAA_NOS,IAN,2022,7200.0
2022-09-30 01:00:00,-5.337,-4.956,0.3809999999999993,-71.03838,42.3539,8443970,NOAA_NOS,IAN,2022,7260.0
2022-09-30 02:00:00,-3.903,-3.575,0.3279999999999998,-71.03838,42.3539,8443970,NOAA_NOS,IAN,2022,7320.0
2022-09-30 03:00:00,-2.046,-1.123,0.9229999999999998,-71.03838,42.3539,8443970,NOAA_NOS,IAN,2022,7380.0
2022-09-30 04:00:00,0.287,1.501,1.214,-71.03838,42.3539,8443970,NOAA_NOS,IAN,2022,7440.0
2022-09-30 05:00:00,2.586,3.518,0.932,-71.03838,42.3539,8443970,NOAA_NOS,IAN,2022,7500.0
2022-09-30 06:00:00,4.24,4.36,0.1200000000000001,-71.03838,42.3539,8443970,NOAA_NOS,IAN,2022,7560.0
2022-09-30 07:00:00,4.44,3.774,-0.6660000000000004,-71.03838,42.3539,8443970,NOAA_NOS,IAN,2022,7620.0
2022-09-30 08:00:00,3.499,3.111,-0.3879999999999999,-71.03838,42.3539,8443970,NOAA_NOS,IAN,2022,7680.0
2022-09-30 09:00:00,1.917,0.839,-1.078,-71.03838,42.3539,8443970,NOAA_NOS,IAN,2022,7740.0
2022-09-30 10:00:00,-0.169,-1.131,-0.962,-71.03838,42.3539,8443970,NOAA_NOS,IAN,2022,7800.0
2022-09-30 11:00:00,-2.345,-3.485,-1.1399999999999997,-71.03838,42.3539,8443970,NOAA_NOS,IAN,2022,7860.0
2022-09-30 12:00:00,-4.064,-4.419,-0.3549999999999995,-71.03838,42.3539,8443970,NOAA_NOS,IAN,2022,7920.0
2022-09-30 13:00:00,-4.543,-4.144,0.399,-71.03838,42.3539,8443970,NOAA_NOS,IAN,2022,7980.0
2022-09-30 14:00:00,-3.326,-3.176,0.1499999999999999,-71.03838,42.3539,8443970,NOAA_NOS,IAN,2022,8040.0
2022-09-30 15:00:00,-1.456,-0.912,0.5439999999999999,-71.03838,42.3539,8443970,NOAA_NOS,IAN,2022,8100.0
2022-09-30 16:00:00,0.674,1.717,1.043,-71.03838,42.3539,8443970,NOAA_NOS,IAN,2022,8160.0
2022-09-30 17:00:00,2.974,3.993,1.0189999999999997,-71.03838,42.3539,8443970,NOAA_NOS,IAN,2022,8220.0
2022-09-30 18:00:00,4.647,5.306,0.6589999999999998,-71.03838,42.3539,8443970,NOAA_NOS,IAN,2022,8280.0
2022-09-30 19:00:00,5.329,4.947,-0.3819999999999997,-71.03838,42.3539,8443970,NOAA_NOS,IAN,2022,8340.0
2022-09-30 20:00:00,4.64,4.2,-0.4399999999999995,-71.03838,42.3539,8443970,NOAA_NOS,IAN,2022,8400.0
2022-09-30 21:00:00,2.911,2.201,-0.71,-71.03838,42.3539,8443970,NOAA_NOS,IAN,2022,8460.0
2022-09-30 22:00:00,0.739,-0.119,-0.858,-71.03838,42.3539,8443970,NOAA_NOS,IAN,2022,8520.0
2022-09-30 23:00:00,-1.721,-2.641,-0.92,-71.03838,42.3539,8443970,NOAA_NOS,IAN,2022,8580.0
2022-10-01 00:00:00,-3.857,-4.588,-0.7309999999999999,-71.03838,42.3539,8443970,NOAA_NOS,IAN,2022,8640.0
2022-10-01 01:00:00,-5.104,-4.871,0.2329999999999996,-71.03838,42.3539,8443970,NOAA_NOS,IAN,2022,8700.0
2022-10-01 02:00:00,-4.809,-4.727,0.0819999999999998,-71.03838,42.3539,8443970,NOAA_NOS,IAN,2022,8760.0
2022-10-01 03:00:00,-3.375,-3.16,0.2149999999999998,-71.03838,42.3539,8443970,NOAA_NOS,IAN,2022,8820.0
2022-10-01 04:00:00,-1.547,-0.719,0.828,-71.03838,42.3539,8443970,NOAA_NOS,IAN,2022,8880.0
2022-10-01 05:00:00,0.631,1.765,1.134,-71.03838,42.3539,8443970,NOAA_NOS,IAN,2022,8940.0
2022-10-01 06:00:00,2.836,3.537,0.7010000000000001,-71.03838,42.3539,8443970,NOAA_NOS,IAN,2022,9000.0
2022-10-01 07:00:00,3.994,4.066,0.0719999999999996,-71.03838,42.3539,8443970,NOAA_NOS,IAN,2022,9060.0
2022-10-01 08:00:00,4.171,3.571,-0.6000000000000001,-71.03838,42.3539,8443970,NOAA_NOS,IAN,2022,9120.0
2022-10-01 09:00:00,3.262,2.735,-0.5270000000000001,-71.03838,42.3539,8443970,NOAA_NOS,IAN,2022,9180.0
2022-10-01 10:00:00,1.606,0.508,-1.098,-71.03838,42.3539,8443970,NOAA_NOS,IAN,2022,9240.0
2022-10-01 11:00:00,-0.478,-1.442,-0.964,-71.03838,42.3539,8443970,NOAA_NOS,IAN,2022,9300.0
2022-10-01 12:00:00,-2.496,-3.585,-1.089,-71.03838,42.3539,8443970,NOAA_NOS,IAN,2022,9360.0
2022-10-01 13:00:00,-3.91,-4.079,-0.1689999999999996,-71.03838,42.3539,8443970,NOAA_NOS,IAN,2022,9420.0
2022-10-01 14:00:00,-3.946,-3.829,0.1169999999999999,-71.03838,42.3539,8443970,NOAA_NOS,IAN,2022,9480.0
2022-10-01 15:00:00,-2.558,-2.637,-0.0790000000000001,-71.03838,42.3539,8443970,NOAA_NOS,IAN,2022,9540.0
2022-10-01 16:00:00,-0.77,-0.41,0.36,-71.03838,42.3539,8443970,NOAA_NOS,IAN,2022,9600.0
2022-10-01 17:00:00,1.343,2.104,0.7610000000000001,-71.03838,42.3539,8443970,NOAA_NOS,IAN,2022,9660.0
2022-10-01 18:00:00,3.456,4.19,0.7340000000000004,-71.03838,42.3539,8443970,NOAA_NOS,IAN,2022,9720.0
2022-10-01 19:00:00,4.883,5.116,0.2329999999999996,-71.03838,42.3539,8443970,NOAA_NOS,IAN,2022,9780.0
2022-10-01 20:00:00,5.257,4.601,-0.6559999999999997,-71.03838,42.3539,8443970,NOAA_NOS,IAN,2022,9840.0
2022-10-01 21:00:00,4.653,3.898,-0.7549999999999994,-71.03838,42.3539,8443970,NOAA_NOS,IAN,2022,9900.0
2022-10-01 22:00:00,2.872,1.789,-1.083,-71.03838,42.3539,8443970,NOAA_NOS,IAN,2022,9960.0
2022-10-01 23:00:00,0.861,-0.399,-1.26,-71.03838,42.3539,8443970,NOAA_NOS,IAN,2022,10020.0
2022-09-25 01:00:00,1.486,1.277,-0.209,-71.168197,41.704306,8447386,NOAA_NOS,IAN,2022,60.0
2022-09-25 02:00:00,0.653,0.415,-0.238,-71.168197,41.704306,8447386,NOAA_NOS,IAN,2022,120.0
2022-09-25 03:00:00,-0.502,-0.351,0.151,-71.168197,41.704306,8447386,NOAA_NOS,IAN,2022,180.0
2022-09-25 04:00:00,-1.611,-1.117,0.494,-71.168197,41.704306,8447386,NOAA_NOS,IAN,2022,240.0
2022-09-25 05:00:00,-2.362,-1.69,0.6720000000000002,-71.168197,41.704306,8447386,NOAA_NOS,IAN,2022,300.0
2022-09-25 06:00:00,-2.329,-1.766,0.5630000000000002,-71.168197,41.704306,8447386,NOAA_NOS,IAN,2022,360.0
2022-09-25 07:00:00,-1.85,-1.517,0.3330000000000002,-71.168197,41.704306,8447386,NOAA_NOS,IAN,2022,420.0
2022-09-25 08:00:00,-1.644,-1.044,0.5999999999999999,-71.168197,41.704306,8447386,NOAA_NOS,IAN,2022,480.0
2022-09-25 09:00:00,-0.84,-0.16,0.6799999999999999,-71.168197,41.704306,8447386,NOAA_NOS,IAN,2022,540.0
2022-09-25 10:00:00,0.472,1.049,0.577,-71.168197,41.704306,8447386,NOAA_NOS,IAN,2022,600.0
2022-09-25 11:00:00,1.965,2.06,0.0949999999999999,-71.168197,41.704306,8447386,NOAA_NOS,IAN,2022,660.0
2022-09-25 12:00:00,2.851,2.287,-0.5640000000000001,-71.168197,41.704306,8447386,NOAA_NOS,IAN,2022,720.0
2022-09-25 13:00:00,2.795,1.657,-1.138,-71.168197,41.704306,8447386,NOAA_NOS,IAN,2022,780.0
2022-09-25 14:00:00,1.919,0.713,-1.206,-71.168197,41.704306,8447386,NOAA_NOS,IAN,2022,840.0
2022-09-25 15:00:00,0.673,-0.103,-0.776,-71.168197,41.704306,8447386,NOAA_NOS,IAN,2022,900.0
2022-09-25 16:00:00,-0.525,-0.895,-0.37,-71.168197,41.704306,8447386,NOAA_NOS,IAN,2022,960.0
2022-09-25 17:00:00,-1.247,-1.608,-0.361,-71.168197,41.704306,8447386,NOAA_NOS,IAN,2022,1020.0
2022-09-25 18:00:00,-1.234,-1.85,-0.6160000000000001,-71.168197,41.704306,8447386,NOAA_NOS,IAN,2022,1080.0
2022-09-25 19:00:00,-0.41,-1.656,-1.246,-71.168197,41.704306,8447386,NOAA_NOS,IAN,2022,1140.0
2022-09-25 20:00:00,0.125,-1.252,-1.377,-71.168197,41.704306,8447386,NOAA_NOS,IAN,2022,1200.0
2022-09-25 21:00:00,0.81,-0.445,-1.255,-71.168197,41.704306,8447386,NOAA_NOS,IAN,2022,1260.0
2022-09-25 22:00:00,1.69,0.695,-0.995,-71.168197,41.704306,8447386,NOAA_NOS,IAN,2022,1320.0
2022-09-25 23:00:00,2.969,1.841,-1.128,-71.168197,41.704306,8447386,NOAA_NOS,IAN,2022,1380.0
2022-09-26 00:00:00,3.802,2.329,-1.473,-71.168197,41.704306,8447386,NOAA_NOS,IAN,2022,1440.0
2022-09-26 01:00:00,3.855,1.901,-1.954,-71.168197,41.704306,8447386,NOAA_NOS,IAN,2022,1500.0
2022-09-26 02:00:00,2.953,0.971,-1.982,-71.168197,41.704306,8447386,NOAA_NOS,IAN,2022,1560.0
2022-09-26 03:00:00,1.873,0.088,-1.785,-71.168197,41.704306,8447386,NOAA_NOS,IAN,2022,1620.0
2022-09-26 04:00:00,0.587,-0.752,-1.339,-71.168197,41.704306,8447386,NOAA_NOS,IAN,2022,1680.0
2022-09-26 05:00:00,-0.469,-1.534,-1.065,-71.168197,41.704306,8447386,NOAA_NOS,IAN,2022,1740.0
2022-09-26 06:00:00,-1.132,-1.911,-0.7790000000000001,-71.168197,41.704306,8447386,NOAA_NOS,IAN,2022,1800.0
2022-09-26 07:00:00,-1.076,-1.773,-0.6969999999999998,-71.168197,41.704306,8447386,NOAA_NOS,IAN,2022,1860.0
2022-09-26 08:00:00,-0.725,-1.442,-0.717,-71.168197,41.704306,8447386,NOAA_NOS,IAN,2022,1920.0
2022-09-26 09:00:00,-0.243,-0.763,-0.52,-71.168197,41.704306,8447386,NOAA_NOS,IAN,2022,1980.0
2022-09-26 10:00:00,1.024,0.371,-0.653,-71.168197,41.704306,8447386,NOAA_NOS,IAN,2022,2040.0
2022-09-26 11:00:00,2.257,1.712,-0.5450000000000002,-71.168197,41.704306,8447386,NOAA_NOS,IAN,2022,2100.0
2022-09-26 12:00:00,3.225,2.54,-0.685,-71.168197,41.704306,8447386,NOAA_NOS,IAN,2022,2160.0
2022-09-26 13:00:00,3.287,2.36,-0.927,-71.168197,41.704306,8447386,NOAA_NOS,IAN,2022,2220.0
2022-09-26 14:00:00,2.717,1.517,-1.2000000000000002,-71.168197,41.704306,8447386,NOAA_NOS,IAN,2022,2280.0
2022-09-26 15:00:00,1.503,0.502,-1.001,-71.168197,41.704306,8447386,NOAA_NOS,IAN,2022,2340.0
2022-09-26 16:00:00,0.167,-0.369,-0.536,-71.168197,41.704306,8447386,NOAA_NOS,IAN,2022,2400.0
2022-09-26 17:00:00,-0.719,-1.277,-0.5579999999999999,-71.168197,41.704306,8447386,NOAA_NOS,IAN,2022,2460.0
2022-09-26 18:00:00,-1.247,-1.904,-0.6569999999999998,-71.168197,41.704306,8447386,NOAA_NOS,IAN,2022,2520.0
2022-09-26 19:00:00,-1.007,-1.94,-0.933,-71.168197,41.704306,8447386,NOAA_NOS,IAN,2022,2580.0
2022-09-26 20:00:00,-0.446,-1.71,-1.264,-71.168197,41.704306,8447386,NOAA_NOS,IAN,2022,2640.0
2022-09-26 21:00:00,-0.112,-1.17,-1.0579999999999998,-71.168197,41.704306,8447386,NOAA_NOS,IAN,2022,2700.0
2022-09-26 22:00:00,0.495,-0.177,-0.6719999999999999,-71.168197,41.704306,8447386,NOAA_NOS,IAN,2022,2760.0
2022-09-26 23:00:00,1.601,1.14,-0.4610000000000001,-71.168197,41.704306,8447386,NOAA_NOS,IAN,2022,2820.0
2022-09-27 00:00:00,2.904,2.186,-0.718,-71.168197,41.704306,8447386,NOAA_NOS,IAN,2022,2880.0
2022-09-27 01:00:00,3.497,2.343,-1.154,-71.168197,41.704306,8447386,NOAA_NOS,IAN,2022,2940.0
2022-09-27 02:00:00,3.146,1.629,-1.517,-71.168197,41.704306,8447386,NOAA_NOS,IAN,2022,3000.0
2022-09-27 03:00:00,2.142,0.619,-1.523,-71.168197,41.704306,8447386,NOAA_NOS,IAN,2022,3060.0
2022-09-27 04:00:00,0.814,-0.279,-1.093,-71.168197,41.704306,8447386,NOAA_NOS,IAN,2022,3120.0
2022-09-27 05:00:00,-0.558,-1.167,-0.609,-71.168197,41.704306,8447386,NOAA_NOS,IAN,2022,3180.0
2022-09-27 06:00:00,-1.522,-1.869,-0.347,-71.168197,41.704306,8447386,NOAA_NOS,IAN,2022,3240.0
2022-09-27 07:00:00,-1.644,-1.986,-0.3420000000000001,-71.168197,41.704306,8447386,NOAA_NOS,IAN,2022,3300.0
2022-09-27 08:00:00,-0.81,-1.73,-0.92,-71.168197,41.704306,8447386,NOAA_NOS,IAN,2022,3360.0
2022-09-27 09:00:00,-0.148,-1.256,-1.108,-71.168197,41.704306,8447386,NOAA_NOS,IAN,2022,3420.0
2022-09-27 10:00:00,0.384,-0.344,-0.728,-71.168197,41.704306,8447386,NOAA_NOS,IAN,2022,3480.0
2022-09-27 11:00:00,1.119,0.998,-0.121,-71.168197,41.704306,8447386,NOAA_NOS,IAN,2022,3540.0
2022-09-27 12:00:00,2.365,2.276,-0.0890000000000004,-71.168197,41.704306,8447386,NOAA_NOS,IAN,2022,3600.0
2022-09-27 13:00:00,3.264,2.808,-0.4559999999999999,-71.168197,41.704306,8447386,NOAA_NOS,IAN,2022,3660.0
2022-09-27 14:00:00,3.602,2.275,-1.327,-71.168197,41.704306,8447386,NOAA_NOS,IAN,2022,3720.0
2022-09-27 15:00:00,2.989,1.306,-1.6829999999999998,-71.168197,41.704306,8447386,NOAA_NOS,IAN,2022,3780.0
2022-09-27 16:00:00,1.719,0.253,-1.4660000000000002,-71.168197,41.704306,8447386,NOAA_NOS,IAN,2022,3840.0
2022-09-27 17:00:00,0.151,-0.678,-0.8290000000000001,-71.168197,41.704306,8447386,NOAA_NOS,IAN,2022,3900.0
2022-09-27 18:00:00,-1.158,-1.583,-0.425,-71.168197,41.704306,8447386,NOAA_NOS,IAN,2022,3960.0
2022-09-27 19:00:00,-1.621,-2.022,-0.4009999999999998,-71.168197,41.704306,8447386,NOAA_NOS,IAN,2022,4020.0
2022-09-27 20:00:00,-1.148,-1.943,-0.7950000000000002,-71.168197,41.704306,8447386,NOAA_NOS,IAN,2022,4080.0
2022-09-27 21:00:00,-0.495,-1.704,-1.209,-71.168197,41.704306,8447386,NOAA_NOS,IAN,2022,4140.0
2022-09-27 22:00:00,-0.02,-1.032,-1.012,-71.168197,41.704306,8447386,NOAA_NOS,IAN,2022,4200.0
2022-09-27 23:00:00,0.751,0.14,-0.611,-71.168197,41.704306,8447386,NOAA_NOS,IAN,2022,4260.0
2022-09-28 00:00:00,1.752,1.538,-0.2139999999999999,-71.168197,41.704306,8447386,NOAA_NOS,IAN,2022,4320.0
2022-09-28 01:00:00,2.654,2.375,-0.2789999999999999,-71.168197,41.704306,8447386,NOAA_NOS,IAN,2022,4380.0
2022-09-28 02:00:00,2.838,2.153,-0.685,-71.168197,41.704306,8447386,NOAA_NOS,IAN,2022,4440.0
2022-09-28 03:00:00,2.267,1.256,-1.011,-71.168197,41.704306,8447386,NOAA_NOS,IAN,2022,4500.0
2022-09-28 04:00:00,1.286,0.226,-1.06,-71.168197,41.704306,8447386,NOAA_NOS,IAN,2022,4560.0
2022-09-28 05:00:00,0.092,-0.62,-0.712,-71.168197,41.704306,8447386,NOAA_NOS,IAN,2022,4620.0
2022-09-28 06:00:00,-1.073,-1.497,-0.4240000000000001,-71.168197,41.704306,8447386,NOAA_NOS,IAN,2022,4680.0
2022-09-28 07:00:00,-1.85,-2.011,-0.161,-71.168197,41.704306,8447386,NOAA_NOS,IAN,2022,4740.0
2022-09-28 08:00:00,-1.759,-1.91,-0.151,-71.168197,41.704306,8447386,NOAA_NOS,IAN,2022,4800.0
2022-09-28 09:00:00,-1.004,-1.599,-0.595,-71.168197,41.704306,8447386,NOAA_NOS,IAN,2022,4860.0
2022-09-28 10:00:00,-0.335,-1.007,-0.6719999999999999,-71.168197,41.704306,8447386,NOAA_NOS,IAN,2022,4920.0
2022-09-28 11:00:00,0.505,0.071,-0.434,-71.168197,41.704306,8447386,NOAA_NOS,IAN,2022,4980.0
2022-09-28 12:00:00,1.516,1.522,0.006,-71.168197,41.704306,8447386,NOAA_NOS,IAN,2022,5040.0
2022-09-28 13:00:00,2.654,2.668,0.0140000000000002,-71.168197,41.704306,8447386,NOAA_NOS,IAN,2022,5100.0
2022-09-28 14:00:00,3.255,2.867,-0.3879999999999999,-71.168197,41.704306,8447386,NOAA_NOS,IAN,2022,5160.0
2022-09-28 15:00:00,3.104,2.121,-0.983,-71.168197,41.704306,8447386,NOAA_NOS,IAN,2022,5220.0
2022-09-28 16:00:00,2.093,1.04,-1.053,-71.168197,41.704306,8447386,NOAA_NOS,IAN,2022,5280.0
2022-09-28 17:00:00,0.719,0.045,-0.6739999999999999,-71.168197,41.704306,8447386,NOAA_NOS,IAN,2022,5340.0
2022-09-28 18:00:00,-0.705,-0.949,-0.244,-71.168197,41.704306,8447386,NOAA_NOS,IAN,2022,5400.0
2022-09-28 19:00:00,-1.66,-1.746,-0.086,-71.168197,41.704306,8447386,NOAA_NOS,IAN,2022,5460.0
2022-09-28 20:00:00,-1.939,-1.972,-0.0329999999999999,-71.168197,41.704306,8447386,NOAA_NOS,IAN,2022,5520.0
2022-09-28 21:00:00,-1.381,-1.882,-0.5009999999999999,-71.168197,41.704306,8447386,NOAA_NOS,IAN,2022,5580.0
2022-09-28 22:00:00,-0.974,-1.62,-0.6460000000000001,-71.168197,41.704306,8447386,NOAA_NOS,IAN,2022,5640.0
2022-09-28 23:00:00,-0.325,-0.84,-0.5149999999999999,-71.168197,41.704306,8447386,NOAA_NOS,IAN,2022,5700.0
2022-09-29 00:00:00,0.482,0.435,-0.0469999999999999,-71.168197,41.704306,8447386,NOAA_NOS,IAN,2022,5760.0
2022-09-29 01:00:00,1.526,1.778,0.252,-71.168197,41.704306,8447386,NOAA_NOS,IAN,2022,5820.0
2022-09-29 02:00:00,2.208,2.309,0.1009999999999999,-71.168197,41.704306,8447386,NOAA_NOS,IAN,2022,5880.0
2022-09-29 03:00:00,2.172,1.852,-0.32,-71.168197,41.704306,8447386,NOAA_NOS,IAN,2022,5940.0
2022-09-29 04:00:00,1.493,0.845,-0.6480000000000001,-71.168197,41.704306,8447386,NOAA_NOS,IAN,2022,6000.0
2022-09-29 05:00:00,0.479,-0.085,-0.564,-71.168197,41.704306,8447386,NOAA_NOS,IAN,2022,6060.0
2022-09-29 06:00:00,-0.771,-0.919,-0.148,-71.168197,41.704306,8447386,NOAA_NOS,IAN,2022,6120.0
2022-09-29 07:00:00,-1.854,-1.698,0.1560000000000001,-71.168197,41.704306,8447386,NOAA_NOS,IAN,2022,6180.0
2022-09-29 08:00:00,-2.379,-1.955,0.4239999999999999,-71.168197,41.704306,8447386,NOAA_NOS,IAN,2022,6240.0
2022-09-29 09:00:00,-1.932,-1.682,0.25,-71.168197,41.704306,8447386,NOAA_NOS,IAN,2022,6300.0
2022-09-29 10:00:00,-1.152,-1.312,-0.1600000000000001,-71.168197,41.704306,8447386,NOAA_NOS,IAN,2022,6360.0
2022-09-29 11:00:00,-0.466,-0.633,-0.1669999999999999,-71.168197,41.704306,8447386,NOAA_NOS,IAN,2022,6420.0
2022-09-29 12:00:00,0.367,0.465,0.098,-71.168197,41.704306,8447386,NOAA_NOS,IAN,2022,6480.0
2022-09-29 13:00:00,1.322,1.803,0.4809999999999998,-71.168197,41.704306,8447386,NOAA_NOS,IAN,2022,6540.0
2022-09-29 14:00:00,2.329,2.706,0.3769999999999998,-71.168197,41.704306,8447386,NOAA_NOS,IAN,2022,6600.0
2022-09-29 15:00:00,2.818,2.727,-0.0910000000000001,-71.168197,41.704306,8447386,NOAA_NOS,IAN,2022,6660.0
2022-09-29 16:00:00,2.539,2.001,-0.5380000000000003,-71.168197,41.704306,8447386,NOAA_NOS,IAN,2022,6720.0
2022-09-29 17:00:00,1.657,0.96,-0.6970000000000001,-71.168197,41.704306,8447386,NOAA_NOS,IAN,2022,6780.0
2022-09-29 18:00:00,0.354,0.003,-0.351,-71.168197,41.704306,8447386,NOAA_NOS,IAN,2022,6840.0
2022-09-29 19:00:00,-1.033,-1.008,0.0249999999999999,-71.168197,41.704306,8447386,NOAA_NOS,IAN,2022,6900.0
2022-09-29 20:00:00,-1.896,-1.756,0.1399999999999999,-71.168197,41.704306,8447386,NOAA_NOS,IAN,2022,6960.0
2022-09-29 21:00:00,-1.903,-1.956,-0.0529999999999999,-71.168197,41.704306,8447386,NOAA_NOS,IAN,2022,7020.0
2022-09-29 22:00:00,-1.417,-1.916,-0.4989999999999999,-71.168197,41.704306,8447386,NOAA_NOS,IAN,2022,7080.0
2022-09-29 23:00:00,-0.978,-1.539,-0.5609999999999999,-71.168197,41.704306,8447386,NOAA_NOS,IAN,2022,7140.0
2022-09-30 00:00:00,-0.397,-0.572,-0.1749999999999999,-71.168197,41.704306,8447386,NOAA_NOS,IAN,2022,7200.0
2022-09-30 01:00:00,0.525,0.778,0.253,-71.168197,41.704306,8447386,NOAA_NOS,IAN,2022,7260.0
2022-09-30 02:00:00,1.542,1.919,0.377,-71.168197,41.704306,8447386,NOAA_NOS,IAN,2022,7320.0
2022-09-30 03:00:00,2.001,2.079,0.0780000000000002,-71.168197,41.704306,8447386,NOAA_NOS,IAN,2022,7380.0
2022-09-30 04:00:00,1.837,1.442,-0.395,-71.168197,41.704306,8447386,NOAA_NOS,IAN,2022,7440.0
2022-09-30 05:00:00,1.165,0.497,-0.668,-71.168197,41.704306,8447386,NOAA_NOS,IAN,2022,7500.0
2022-09-30 06:00:00,0.151,-0.305,-0.4559999999999999,-71.168197,41.704306,8447386,NOAA_NOS,IAN,2022,7560.0
2022-09-30 07:00:00,-0.994,-1.092,-0.098,-71.168197,41.704306,8447386,NOAA_NOS,IAN,2022,7620.0
2022-09-30 08:00:00,-1.932,-1.692,0.24,-71.168197,41.704306,8447386,NOAA_NOS,IAN,2022,7680.0
2022-09-30 09:00:00,-2.005,-1.775,0.2299999999999999,-71.168197,41.704306,8447386,NOAA_NOS,IAN,2022,7740.0
2022-09-30 10:00:00,-1.171,-1.518,-0.347,-71.168197,41.704306,8447386,NOAA_NOS,IAN,2022,7800.0
2022-09-30 11:00:00,-0.417,-1.179,-0.762,-71.168197,41.704306,8447386,NOAA_NOS,IAN,2022,7860.0
2022-09-30 12:00:00,0.102,-0.457,-0.559,-71.168197,41.704306,8447386,NOAA_NOS,IAN,2022,7920.0
2022-09-30 13:00:00,0.682,0.737,0.0549999999999999,-71.168197,41.704306,8447386,NOAA_NOS,IAN,2022,7980.0
2022-09-30 14:00:00,1.581,2.044,0.4630000000000001,-71.168197,41.704306,8447386,NOAA_NOS,IAN,2022,8040.0
2022-09-30 15:00:00,2.648,2.748,0.1,-71.168197,41.704306,8447386,NOAA_NOS,IAN,2022,8100.0
2022-09-30 16:00:00,3.025,2.5,-0.5249999999999999,-71.168197,41.704306,8447386,NOAA_NOS,IAN,2022,8160.0
2022-09-30 17:00:00,2.684,1.711,-0.973,-71.168197,41.704306,8447386,NOAA_NOS,IAN,2022,8220.0
2022-09-30 18:00:00,1.611,0.771,-0.84,-71.168197,41.704306,8447386,NOAA_NOS,IAN,2022,8280.0
2022-09-30 19:00:00,0.217,-0.095,-0.312,-71.168197,41.704306,8447386,NOAA_NOS,IAN,2022,8340.0
2022-09-30 20:00:00,-1.079,-0.991,0.0879999999999999,-71.168197,41.704306,8447386,NOAA_NOS,IAN,2022,8400.0
2022-09-30 21:00:00,-1.706,-1.523,0.183,-71.168197,41.704306,8447386,NOAA_NOS,IAN,2022,8460.0
2022-09-30 22:00:00,-1.486,-1.659,-0.173,-71.168197,41.704306,8447386,NOAA_NOS,IAN,2022,8520.0
2022-09-30 23:00:00,-0.919,-1.728,-0.8089999999999999,-71.168197,41.704306,8447386,NOAA_NOS,IAN,2022,8580.0
2022-10-01 00:00:00,-0.558,-1.424,-0.8659999999999999,-71.168197,41.704306,8447386,NOAA_NOS,IAN,2022,8640.0
2022-10-01 01:00:00,-0.194,-0.564,-0.3699999999999999,-71.168197,41.704306,8447386,NOAA_NOS,IAN,2022,8700.0
2022-10-01 02:00:00,0.65,0.731,0.0809999999999999,-71.168197,41.704306,8447386,NOAA_NOS,IAN,2022,8760.0
2022-10-01 03:00:00,1.65,1.795,0.145,-71.168197,41.704306,8447386,NOAA_NOS,IAN,2022,8820.0
2022-10-01 04:00:00,2.211,1.91,-0.3009999999999999,-71.168197,41.704306,8447386,NOAA_NOS,IAN,2022,8880.0
2022-10-01 05:00:00,2.057,1.369,-0.688,-71.168197,41.704306,8447386,NOAA_NOS,IAN,2022,8940.0
2022-10-01 06:00:00,1.417,0.526,-0.891,-71.168197,41.704306,8447386,NOAA_NOS,IAN,2022,9000.0
2022-10-01 07:00:00,0.361,-0.153,-0.514,-71.168197,41.704306,8447386,NOAA_NOS,IAN,2022,9060.0
2022-10-01 08:00:00,-0.81,-0.988,-0.1779999999999999,-71.168197,41.704306,8447386,NOAA_NOS,IAN,2022,9120.0
2022-10-01 09:00:00,-1.512,-1.742,-0.2299999999999999,-71.168197,41.704306,8447386,NOAA_NOS,IAN,2022,9180.0
2022-10-01 10:00:00,-1.427,-1.892,-0.4649999999999998,-71.168197,41.704306,8447386,NOAA_NOS,IAN,2022,9240.0
2022-10-01 11:00:00,-0.843,-1.523,-0.6799999999999999,-71.168197,41.704306,8447386,NOAA_NOS,IAN,2022,9300.0
2022-10-01 12:00:00,-0.318,-0.865,-0.5469999999999999,-71.168197,41.704306,8447386,NOAA_NOS,IAN,2022,9360.0
2022-10-01 13:00:00,0.253,0.149,-0.104,-71.168197,41.704306,8447386,NOAA_NOS,IAN,2022,9420.0
2022-10-01 14:00:00,0.994,1.329,0.3349999999999999,-71.168197,41.704306,8447386,NOAA_NOS,IAN,2022,9480.0
2022-10-01 15:00:00,1.726,2.241,0.5150000000000001,-71.168197,41.704306,8447386,NOAA_NOS,IAN,2022,9540.0
2022-10-01 16:00:00,2.526,2.576,0.0500000000000002,-71.168197,41.704306,8447386,NOAA_NOS,IAN,2022,9600.0
2022-10-01 17:00:00,2.762,2.086,-0.6760000000000002,-71.168197,41.704306,8447386,NOAA_NOS,IAN,2022,9660.0
2022-10-01 18:00:00,2.543,1.315,-1.2280000000000002,-71.168197,41.704306,8447386,NOAA_NOS,IAN,2022,9720.0
2022-10-01 19:00:00,1.644,0.577,-1.067,-71.168197,41.704306,8447386,NOAA_NOS,IAN,2022,9780.0
2022-10-01 20:00:00,0.387,-0.092,-0.479,-71.168197,41.704306,8447386,NOAA_NOS,IAN,2022,9840.0
2022-10-01 21:00:00,-0.741,-0.791,-0.05,-71.168197,41.704306,8447386,NOAA_NOS,IAN,2022,9900.0
2022-10-01 22:00:00,-1.07,-1.313,-0.2429999999999998,-71.168197,41.704306,8447386,NOAA_NOS,IAN,2022,9960.0
2022-10-01 23:00:00,-0.84,-1.645,-0.805,-71.168197,41.704306,8447386,NOAA_NOS,IAN,2022,10020.0
2022-09-25 01:00:00,-0.751,0.121,0.872,-69.95083,41.688056,8447435,NOAA_NOS,IAN,2022,60.0
2022-09-25 02:00:00,0.4,1.439,1.039,-69.95083,41.688056,8447435,NOAA_NOS,IAN,2022,120.0
2022-09-25 03:00:00,1.486,2.623,1.1370000000000002,-69.95083,41.688056,8447435,NOAA_NOS,IAN,2022,180.0
2022-09-25 04:00:00,1.936,3.128,1.1920000000000002,-69.95083,41.688056,8447435,NOAA_NOS,IAN,2022,240.0
2022-09-25 05:00:00,1.844,2.505,0.6609999999999998,-69.95083,41.688056,8447435,NOAA_NOS,IAN,2022,300.0
2022-09-25 06:00:00,1.171,1.486,0.3149999999999999,-69.95083,41.688056,8447435,NOAA_NOS,IAN,2022,360.0
2022-09-25 07:00:00,0.308,0.457,0.149,-69.95083,41.688056,8447435,NOAA_NOS,IAN,2022,420.0
2022-09-25 08:00:00,-0.568,-0.42,0.1479999999999999,-69.95083,41.688056,8447435,NOAA_NOS,IAN,2022,480.0
2022-09-25 09:00:00,-1.257,-0.888,0.3689999999999999,-69.95083,41.688056,8447435,NOAA_NOS,IAN,2022,540.0
2022-09-25 10:00:00,-1.772,-1.263,0.5090000000000001,-69.95083,41.688056,8447435,NOAA_NOS,IAN,2022,600.0
2022-09-25 11:00:00,-1.883,-1.517,0.3660000000000001,-69.95083,41.688056,8447435,NOAA_NOS,IAN,2022,660.0
2022-09-25 12:00:00,-0.896,-1.324,-0.428,-69.95083,41.688056,8447435,NOAA_NOS,IAN,2022,720.0
2022-09-25 13:00:00,0.308,-0.47,-0.778,-69.95083,41.688056,8447435,NOAA_NOS,IAN,2022,780.0
2022-09-25 14:00:00,1.663,0.831,-0.8320000000000001,-69.95083,41.688056,8447435,NOAA_NOS,IAN,2022,840.0
2022-09-25 15:00:00,2.717,2.1,-0.617,-69.95083,41.688056,8447435,NOAA_NOS,IAN,2022,900.0
2022-09-25 16:00:00,3.219,2.948,-0.2709999999999999,-69.95083,41.688056,8447435,NOAA_NOS,IAN,2022,960.0
2022-09-25 17:00:00,3.133,2.678,-0.455,-69.95083,41.688056,8447435,NOAA_NOS,IAN,2022,1020.0
2022-09-25 18:00:00,2.536,1.724,-0.812,-69.95083,41.688056,8447435,NOAA_NOS,IAN,2022,1080.0
2022-09-25 19:00:00,1.463,0.678,-0.785,-69.95083,41.688056,8447435,NOAA_NOS,IAN,2022,1140.0
2022-09-25 20:00:00,0.469,-0.265,-0.734,-69.95083,41.688056,8447435,NOAA_NOS,IAN,2022,1200.0
2022-09-25 21:00:00,-0.397,-0.788,-0.391,-69.95083,41.688056,8447435,NOAA_NOS,IAN,2022,1260.0
2022-09-25 22:00:00,-1.07,-1.186,-0.1159999999999998,-69.95083,41.688056,8447435,NOAA_NOS,IAN,2022,1320.0
2022-09-25 23:00:00,-1.512,-1.484,0.028,-69.95083,41.688056,8447435,NOAA_NOS,IAN,2022,1380.0
2022-09-26 00:00:00,-1.621,-1.574,0.0469999999999999,-69.95083,41.688056,8447435,NOAA_NOS,IAN,2022,1440.0
2022-09-26 01:00:00,-0.525,-0.761,-0.236,-69.95083,41.688056,8447435,NOAA_NOS,IAN,2022,1500.0
2022-09-26 02:00:00,0.755,0.567,-0.188,-69.95083,41.688056,8447435,NOAA_NOS,IAN,2022,1560.0
2022-09-26 03:00:00,2.041,1.959,-0.0819999999999998,-69.95083,41.688056,8447435,NOAA_NOS,IAN,2022,1620.0
2022-09-26 04:00:00,2.779,3.07,0.2909999999999999,-69.95083,41.688056,8447435,NOAA_NOS,IAN,2022,1680.0
2022-09-26 05:00:00,2.956,3.148,0.1920000000000001,-69.95083,41.688056,8447435,NOAA_NOS,IAN,2022,1740.0
2022-09-26 06:00:00,2.562,2.278,-0.2839999999999998,-69.95083,41.688056,8447435,NOAA_NOS,IAN,2022,1800.0
2022-09-26 07:00:00,1.739,1.161,-0.5780000000000001,-69.95083,41.688056,8447435,NOAA_NOS,IAN,2022,1860.0
2022-09-26 08:00:00,0.679,0.125,-0.554,-69.95083,41.688056,8447435,NOAA_NOS,IAN,2022,1920.0
2022-09-26 09:00:00,-0.256,-0.55,-0.294,-69.95083,41.688056,8447435,NOAA_NOS,IAN,2022,1980.0
2022-09-26 10:00:00,-0.984,-1.019,-0.0349999999999999,-69.95083,41.688056,8447435,NOAA_NOS,IAN,2022,2040.0
2022-09-26 11:00:00,-1.447,-1.366,0.0809999999999999,-69.95083,41.688056,8447435,NOAA_NOS,IAN,2022,2100.0
2022-09-26 12:00:00,-1.568,-1.591,-0.0229999999999999,-69.95083,41.688056,8447435,NOAA_NOS,IAN,2022,2160.0
2022-09-26 13:00:00,-0.738,-1.01,-0.272,-69.95083,41.688056,8447435,NOAA_NOS,IAN,2022,2220.0
2022-09-26 14:00:00,0.689,0.189,-0.4999999999999999,-69.95083,41.688056,8447435,NOAA_NOS,IAN,2022,2280.0
2022-09-26 15:00:00,2.014,1.619,-0.3949999999999998,-69.95083,41.688056,8447435,NOAA_NOS,IAN,2022,2340.0
2022-09-26 16:00:00,3.015,2.887,-0.1280000000000001,-69.95083,41.688056,8447435,NOAA_NOS,IAN,2022,2400.0
2022-09-26 17:00:00,3.327,3.355,0.028,-69.95083,41.688056,8447435,NOAA_NOS,IAN,2022,2460.0
2022-09-26 18:00:00,2.982,2.607,-0.375,-69.95083,41.688056,8447435,NOAA_NOS,IAN,2022,2520.0
2022-09-26 19:00:00,2.165,1.488,-0.677,-69.95083,41.688056,8447435,NOAA_NOS,IAN,2022,2580.0
2022-09-26 20:00:00,1.024,0.389,-0.635,-69.95083,41.688056,8447435,NOAA_NOS,IAN,2022,2640.0
2022-09-26 21:00:00,0.059,-0.406,-0.465,-69.95083,41.688056,8447435,NOAA_NOS,IAN,2022,2700.0
2022-09-26 22:00:00,-0.728,-0.901,-0.173,-69.95083,41.688056,8447435,NOAA_NOS,IAN,2022,2760.0
2022-09-26 23:00:00,-1.322,-1.282,0.04,-69.95083,41.688056,8447435,NOAA_NOS,IAN,2022,2820.0
2022-09-27 00:00:00,-1.752,-1.55,0.2019999999999999,-69.95083,41.688056,8447435,NOAA_NOS,IAN,2022,2880.0
2022-09-27 01:00:00,-1.535,-1.386,0.149,-69.95083,41.688056,8447435,NOAA_NOS,IAN,2022,2940.0
2022-09-27 02:00:00,-0.043,-0.42,-0.377,-69.95083,41.688056,8447435,NOAA_NOS,IAN,2022,3000.0
2022-09-27 03:00:00,1.312,1.03,-0.282,-69.95083,41.688056,8447435,NOAA_NOS,IAN,2022,3060.0
2022-09-27 04:00:00,2.605,2.43,-0.1749999999999998,-69.95083,41.688056,8447435,NOAA_NOS,IAN,2022,3120.0
2022-09-27 05:00:00,3.166,3.336,0.1699999999999999,-69.95083,41.688056,8447435,NOAA_NOS,IAN,2022,3180.0
2022-09-27 06:00:00,3.074,3.012,-0.0619999999999998,-69.95083,41.688056,8447435,NOAA_NOS,IAN,2022,3240.0
2022-09-27 07:00:00,2.474,1.933,-0.5410000000000001,-69.95083,41.688056,8447435,NOAA_NOS,IAN,2022,3300.0
2022-09-27 08:00:00,1.45,0.791,-0.6589999999999999,-69.95083,41.688056,8447435,NOAA_NOS,IAN,2022,3360.0
2022-09-27 09:00:00,0.407,-0.206,-0.613,-69.95083,41.688056,8447435,NOAA_NOS,IAN,2022,3420.0
2022-09-27 10:00:00,-0.466,-0.73,-0.2639999999999999,-69.95083,41.688056,8447435,NOAA_NOS,IAN,2022,3480.0
2022-09-27 11:00:00,-1.142,-1.133,0.0089999999999998,-69.95083,41.688056,8447435,NOAA_NOS,IAN,2022,3540.0
2022-09-27 12:00:00,-1.611,-1.444,0.167,-69.95083,41.688056,8447435,NOAA_NOS,IAN,2022,3600.0
2022-09-27 13:00:00,-1.611,-1.489,0.1219999999999998,-69.95083,41.688056,8447435,NOAA_NOS,IAN,2022,3660.0
2022-09-27 14:00:00,-0.302,-0.557,-0.255,-69.95083,41.688056,8447435,NOAA_NOS,IAN,2022,3720.0
2022-09-27 15:00:00,1.093,0.915,-0.1779999999999999,-69.95083,41.688056,8447435,NOAA_NOS,IAN,2022,3780.0
2022-09-27 16:00:00,2.425,2.412,-0.0129999999999999,-69.95083,41.688056,8447435,NOAA_NOS,IAN,2022,3840.0
2022-09-27 17:00:00,3.15,3.526,0.3759999999999999,-69.95083,41.688056,8447435,NOAA_NOS,IAN,2022,3900.0
2022-09-27 18:00:00,3.176,3.45,0.274,-69.95083,41.688056,8447435,NOAA_NOS,IAN,2022,3960.0
2022-09-27 19:00:00,2.667,2.412,-0.2549999999999999,-69.95083,41.688056,8447435,NOAA_NOS,IAN,2022,4020.0
2022-09-27 20:00:00,1.663,1.19,-0.4730000000000001,-69.95083,41.688056,8447435,NOAA_NOS,IAN,2022,4080.0
2022-09-27 21:00:00,0.594,0.093,-0.501,-69.95083,41.688056,8447435,NOAA_NOS,IAN,2022,4140.0
2022-09-27 22:00:00,-0.318,-0.516,-0.198,-69.95083,41.688056,8447435,NOAA_NOS,IAN,2022,4200.0
2022-09-27 23:00:00,-1.037,-0.992,0.0449999999999999,-69.95083,41.688056,8447435,NOAA_NOS,IAN,2022,4260.0
2022-09-28 00:00:00,-1.588,-1.355,0.2330000000000001,-69.95083,41.688056,8447435,NOAA_NOS,IAN,2022,4320.0
2022-09-28 01:00:00,-1.936,-1.586,0.3499999999999998,-69.95083,41.688056,8447435,NOAA_NOS,IAN,2022,4380.0
2022-09-28 02:00:00,-1.335,-1.148,0.187,-69.95083,41.688056,8447435,NOAA_NOS,IAN,2022,4440.0
2022-09-28 03:00:00,0.203,-0.033,-0.236,-69.95083,41.688056,8447435,NOAA_NOS,IAN,2022,4500.0
2022-09-28 04:00:00,1.601,1.455,-0.1459999999999999,-69.95083,41.688056,8447435,NOAA_NOS,IAN,2022,4560.0
2022-09-28 05:00:00,2.638,2.794,0.1560000000000001,-69.95083,41.688056,8447435,NOAA_NOS,IAN,2022,4620.0
2022-09-28 06:00:00,3.038,3.381,0.3429999999999999,-69.95083,41.688056,8447435,NOAA_NOS,IAN,2022,4680.0
2022-09-28 07:00:00,2.707,2.694,-0.0129999999999999,-69.95083,41.688056,8447435,NOAA_NOS,IAN,2022,4740.0
2022-09-28 08:00:00,1.929,1.543,-0.3860000000000001,-69.95083,41.688056,8447435,NOAA_NOS,IAN,2022,4800.0
2022-09-28 09:00:00,0.807,0.43,-0.377,-69.95083,41.688056,8447435,NOAA_NOS,IAN,2022,4860.0
2022-09-28 10:00:00,-0.171,-0.401,-0.23,-69.95083,41.688056,8447435,NOAA_NOS,IAN,2022,4920.0
2022-09-28 11:00:00,-0.942,-0.878,0.0639999999999999,-69.95083,41.688056,8447435,NOAA_NOS,IAN,2022,4980.0
2022-09-28 12:00:00,-1.542,-1.26,0.282,-69.95083,41.688056,8447435,NOAA_NOS,IAN,2022,5040.0
2022-09-28 13:00:00,-1.939,-1.509,0.4300000000000001,-69.95083,41.688056,8447435,NOAA_NOS,IAN,2022,5100.0
2022-09-28 14:00:00,-1.663,-1.114,0.5489999999999999,-69.95083,41.688056,8447435,NOAA_NOS,IAN,2022,5160.0
2022-09-28 15:00:00,-0.066,0.016,0.082,-69.95083,41.688056,8447435,NOAA_NOS,IAN,2022,5220.0
2022-09-28 16:00:00,1.421,1.605,0.1839999999999999,-69.95083,41.688056,8447435,NOAA_NOS,IAN,2022,5280.0
2022-09-28 17:00:00,2.7,3.097,0.3969999999999998,-69.95083,41.688056,8447435,NOAA_NOS,IAN,2022,5340.0
2022-09-28 18:00:00,3.186,3.916,0.73,-69.95083,41.688056,8447435,NOAA_NOS,IAN,2022,5400.0
2022-09-28 19:00:00,3.054,3.354,0.3000000000000002,-69.95083,41.688056,8447435,NOAA_NOS,IAN,2022,5460.0
2022-09-28 20:00:00,2.333,2.148,-0.185,-69.95083,41.688056,8447435,NOAA_NOS,IAN,2022,5520.0
2022-09-28 21:00:00,1.184,0.895,-0.2889999999999999,-69.95083,41.688056,8447435,NOAA_NOS,IAN,2022,5580.0
2022-09-28 22:00:00,0.131,-0.111,-0.242,-69.95083,41.688056,8447435,NOAA_NOS,IAN,2022,5640.0
2022-09-28 23:00:00,-0.702,-0.632,0.0699999999999999,-69.95083,41.688056,8447435,NOAA_NOS,IAN,2022,5700.0
2022-09-29 00:00:00,-1.385,-1.082,0.3029999999999999,-69.95083,41.688056,8447435,NOAA_NOS,IAN,2022,5760.0
2022-09-29 01:00:00,-1.913,-1.425,0.488,-69.95083,41.688056,8447435,NOAA_NOS,IAN,2022,5820.0
2022-09-29 02:00:00,-2.218,-1.619,0.599,-69.95083,41.688056,8447435,NOAA_NOS,IAN,2022,5880.0
2022-09-29 03:00:00,-1.26,-0.981,0.279,-69.95083,41.688056,8447435,NOAA_NOS,IAN,2022,5940.0
2022-09-29 04:00:00,0.194,0.305,0.1109999999999999,-69.95083,41.688056,8447435,NOAA_NOS,IAN,2022,6000.0
2022-09-29 05:00:00,1.578,1.769,0.1909999999999998,-69.95083,41.688056,8447435,NOAA_NOS,IAN,2022,6060.0
2022-09-29 06:00:00,2.402,2.972,0.5699999999999998,-69.95083,41.688056,8447435,NOAA_NOS,IAN,2022,6120.0
2022-09-29 07:00:00,2.543,3.179,0.6359999999999997,-69.95083,41.688056,8447435,NOAA_NOS,IAN,2022,6180.0
2022-09-29 08:00:00,2.008,2.317,0.3090000000000001,-69.95083,41.688056,8447435,NOAA_NOS,IAN,2022,6240.0
2022-09-29 09:00:00,1.129,1.174,0.0449999999999999,-69.95083,41.688056,8447435,NOAA_NOS,IAN,2022,6300.0
2022-09-29 10:00:00,0.075,0.118,0.043,-69.95083,41.688056,8447435,NOAA_NOS,IAN,2022,6360.0
2022-09-29 11:00:00,-0.787,-0.521,0.266,-69.95083,41.688056,8447435,NOAA_NOS,IAN,2022,6420.0
2022-09-29 12:00:00,-1.47,-1.003,0.4670000000000001,-69.95083,41.688056,8447435,NOAA_NOS,IAN,2022,6480.0
2022-09-29 13:00:00,-2.005,-1.351,0.6539999999999999,-69.95083,41.688056,8447435,NOAA_NOS,IAN,2022,6540.0
2022-09-29 14:00:00,-2.26,-1.554,0.7059999999999997,-69.95083,41.688056,8447435,NOAA_NOS,IAN,2022,6600.0
2022-09-29 15:00:00,-1.332,-0.834,0.4980000000000001,-69.95083,41.688056,8447435,NOAA_NOS,IAN,2022,6660.0
2022-09-29 16:00:00,0.259,0.586,0.3269999999999999,-69.95083,41.688056,8447435,NOAA_NOS,IAN,2022,6720.0
2022-09-29 17:00:00,1.762,2.193,0.431,-69.95083,41.688056,8447435,NOAA_NOS,IAN,2022,6780.0
2022-09-29 18:00:00,2.802,3.6,0.798,-69.95083,41.688056,8447435,NOAA_NOS,IAN,2022,6840.0
2022-09-29 19:00:00,3.12,4.024,0.904,-69.95083,41.688056,8447435,NOAA_NOS,IAN,2022,6900.0
2022-09-29 20:00:00,2.68,3.151,0.4709999999999996,-69.95083,41.688056,8447435,NOAA_NOS,IAN,2022,6960.0
2022-09-29 21:00:00,1.811,1.884,0.0729999999999999,-69.95083,41.688056,8447435,NOAA_NOS,IAN,2022,7020.0
2022-09-29 22:00:00,0.643,0.656,0.013,-69.95083,41.688056,8447435,NOAA_NOS,IAN,2022,7080.0
2022-09-29 23:00:00,-0.348,-0.165,0.1829999999999999,-69.95083,41.688056,8447435,NOAA_NOS,IAN,2022,7140.0
2022-09-30 00:00:00,-1.125,-0.74,0.385,-69.95083,41.688056,8447435,NOAA_NOS,IAN,2022,7200.0
2022-09-30 01:00:00,-1.759,-1.16,0.599,-69.95083,41.688056,8447435,NOAA_NOS,IAN,2022,7260.0
2022-09-30 02:00:00,-2.257,-1.481,0.776,-69.95083,41.688056,8447435,NOAA_NOS,IAN,2022,7320.0
2022-09-30 03:00:00,-2.467,-1.627,0.8400000000000001,-69.95083,41.688056,8447435,NOAA_NOS,IAN,2022,7380.0
2022-09-30 04:00:00,-1.115,-0.807,0.3079999999999999,-69.95083,41.688056,8447435,NOAA_NOS,IAN,2022,7440.0
2022-09-30 05:00:00,0.213,0.534,0.321,-69.95083,41.688056,8447435,NOAA_NOS,IAN,2022,7500.0
2022-09-30 06:00:00,1.526,1.935,0.409,-69.95083,41.688056,8447435,NOAA_NOS,IAN,2022,7560.0
2022-09-30 07:00:00,2.244,2.972,0.7279999999999998,-69.95083,41.688056,8447435,NOAA_NOS,IAN,2022,7620.0
2022-09-30 08:00:00,2.264,2.887,0.6230000000000002,-69.95083,41.688056,8447435,NOAA_NOS,IAN,2022,7680.0
2022-09-30 09:00:00,1.614,1.927,0.3129999999999999,-69.95083,41.688056,8447435,NOAA_NOS,IAN,2022,7740.0
2022-09-30 10:00:00,0.771,0.833,0.0619999999999999,-69.95083,41.688056,8447435,NOAA_NOS,IAN,2022,7800.0
2022-09-30 11:00:00,-0.203,-0.153,0.05,-69.95083,41.688056,8447435,NOAA_NOS,IAN,2022,7860.0
2022-09-30 12:00:00,-1.007,-0.726,0.2809999999999999,-69.95083,41.688056,8447435,NOAA_NOS,IAN,2022,7920.0
2022-09-30 13:00:00,-1.64,-1.129,0.5109999999999999,-69.95083,41.688056,8447435,NOAA_NOS,IAN,2022,7980.0
2022-09-30 14:00:00,-2.073,-1.436,0.637,-69.95083,41.688056,8447435,NOAA_NOS,IAN,2022,8040.0
2022-09-30 15:00:00,-2.057,-1.463,0.5939999999999999,-69.95083,41.688056,8447435,NOAA_NOS,IAN,2022,8100.0
2022-09-30 16:00:00,-0.587,-0.52,0.0669999999999999,-69.95083,41.688056,8447435,NOAA_NOS,IAN,2022,8160.0
2022-09-30 17:00:00,0.676,1.001,0.3249999999999998,-69.95083,41.688056,8447435,NOAA_NOS,IAN,2022,8220.0
2022-09-30 18:00:00,2.041,2.584,0.5430000000000001,-69.95083,41.688056,8447435,NOAA_NOS,IAN,2022,8280.0
2022-09-30 19:00:00,2.861,3.839,0.9779999999999998,-69.95083,41.688056,8447435,NOAA_NOS,IAN,2022,8340.0
2022-09-30 20:00:00,2.979,3.909,0.9299999999999996,-69.95083,41.688056,8447435,NOAA_NOS,IAN,2022,8400.0
2022-09-30 21:00:00,2.431,2.924,0.4929999999999999,-69.95083,41.688056,8447435,NOAA_NOS,IAN,2022,8460.0
2022-09-30 22:00:00,1.506,1.649,0.143,-69.95083,41.688056,8447435,NOAA_NOS,IAN,2022,8520.0
2022-09-30 23:00:00,0.407,0.465,0.058,-69.95083,41.688056,8447435,NOAA_NOS,IAN,2022,8580.0
2022-10-01 00:00:00,-0.515,-0.288,0.227,-69.95083,41.688056,8447435,NOAA_NOS,IAN,2022,8640.0
2022-10-01 01:00:00,-1.257,-0.833,0.4239999999999999,-69.95083,41.688056,8447435,NOAA_NOS,IAN,2022,8700.0
2022-10-01 02:00:00,-1.87,-1.226,0.6440000000000001,-69.95083,41.688056,8447435,NOAA_NOS,IAN,2022,8760.0
2022-10-01 03:00:00,-2.326,-1.524,0.802,-69.95083,41.688056,8447435,NOAA_NOS,IAN,2022,8820.0
2022-10-01 04:00:00,-2.382,-1.567,0.8150000000000002,-69.95083,41.688056,8447435,NOAA_NOS,IAN,2022,8880.0
2022-10-01 05:00:00,-0.794,-0.659,0.135,-69.95083,41.688056,8447435,NOAA_NOS,IAN,2022,8940.0
2022-10-01 06:00:00,0.417,0.679,0.262,-69.95083,41.688056,8447435,NOAA_NOS,IAN,2022,9000.0
2022-10-01 07:00:00,1.493,1.992,0.4989999999999999,-69.95083,41.688056,8447435,NOAA_NOS,IAN,2022,9060.0
2022-10-01 08:00:00,2.129,2.869,0.7400000000000002,-69.95083,41.688056,8447435,NOAA_NOS,IAN,2022,9120.0
2022-10-01 09:00:00,2.096,2.626,0.5299999999999998,-69.95083,41.688056,8447435,NOAA_NOS,IAN,2022,9180.0
2022-10-01 10:00:00,1.46,1.663,0.203,-69.95083,41.688056,8447435,NOAA_NOS,IAN,2022,9240.0
2022-10-01 11:00:00,0.6,0.621,0.021,-69.95083,41.688056,8447435,NOAA_NOS,IAN,2022,9300.0
2022-10-01 12:00:00,-0.338,-0.307,0.031,-69.95083,41.688056,8447435,NOAA_NOS,IAN,2022,9360.0
2022-10-01 13:00:00,-1.083,-0.812,0.2709999999999999,-69.95083,41.688056,8447435,NOAA_NOS,IAN,2022,9420.0
2022-10-01 14:00:00,-1.667,-1.196,0.4710000000000001,-69.95083,41.688056,8447435,NOAA_NOS,IAN,2022,9480.0
2022-10-01 15:00:00,-2.001,-1.455,0.5459999999999998,-69.95083,41.688056,8447435,NOAA_NOS,IAN,2022,9540.0
2022-10-01 16:00:00,-1.545,-1.209,0.3359999999999998,-69.95083,41.688056,8447435,NOAA_NOS,IAN,2022,9600.0
2022-10-01 17:00:00,-0.328,-0.252,0.076,-69.95083,41.688056,8447435,NOAA_NOS,IAN,2022,9660.0
2022-10-01 18:00:00,1.007,1.26,0.2530000000000001,-69.95083,41.688056,8447435,NOAA_NOS,IAN,2022,9720.0
2022-10-01 19:00:00,2.402,2.783,0.3809999999999998,-69.95083,41.688056,8447435,NOAA_NOS,IAN,2022,9780.0
2022-10-01 20:00:00,3.104,3.85,0.746,-69.95083,41.688056,8447435,NOAA_NOS,IAN,2022,9840.0
2022-10-01 21:00:00,3.159,3.677,0.5180000000000002,-69.95083,41.688056,8447435,NOAA_NOS,IAN,2022,9900.0
2022-10-01 22:00:00,2.648,2.639,-0.0090000000000003,-69.95083,41.688056,8447435,NOAA_NOS,IAN,2022,9960.0
2022-10-01 23:00:00,1.781,1.431,-0.3499999999999998,-69.95083,41.688056,8447435,NOAA_NOS,IAN,2022,10020.0
2022-09-25 01:00:00,0.54,0.928,0.388,-70.671112,41.523613,8447930,NOAA_NOS,IAN,2022,60.0
2022-09-25 02:00:00,0.045,0.467,0.422,-70.671112,41.523613,8447930,NOAA_NOS,IAN,2022,120.0
2022-09-25 03:00:00,-0.441,0.019,0.46,-70.671112,41.523613,8447930,NOAA_NOS,IAN,2022,180.0
2022-09-25 04:00:00,-0.323,-0.154,0.169,-70.671112,41.523613,8447930,NOAA_NOS,IAN,2022,240.0
2022-09-25 05:00:00,-0.552,-0.501,0.051,-70.671112,41.523613,8447930,NOAA_NOS,IAN,2022,300.0
2022-09-25 06:00:00,-0.956,-0.77,0.1859999999999999,-70.671112,41.523613,8447930,NOAA_NOS,IAN,2022,360.0
2022-09-25 07:00:00,-1.159,-0.938,0.221,-70.671112,41.523613,8447930,NOAA_NOS,IAN,2022,420.0
2022-09-25 08:00:00,-1.009,-0.8,0.2089999999999998,-70.671112,41.523613,8447930,NOAA_NOS,IAN,2022,480.0
2022-09-25 09:00:00,-0.454,-0.238,0.216,-70.671112,41.523613,8447930,NOAA_NOS,IAN,2022,540.0
2022-09-25 10:00:00,0.333,0.457,0.124,-70.671112,41.523613,8447930,NOAA_NOS,IAN,2022,600.0
2022-09-25 11:00:00,1.134,1.071,-0.0629999999999999,-70.671112,41.523613,8447930,NOAA_NOS,IAN,2022,660.0
2022-09-25 12:00:00,1.6,1.317,-0.2830000000000001,-70.671112,41.523613,8447930,NOAA_NOS,IAN,2022,720.0
2022-09-25 13:00:00,1.633,1.117,-0.516,-70.671112,41.523613,8447930,NOAA_NOS,IAN,2022,780.0
2022-09-25 14:00:00,1.367,0.627,-0.74,-70.671112,41.523613,8447930,NOAA_NOS,IAN,2022,840.0
2022-09-25 15:00:00,0.825,0.103,-0.722,-70.671112,41.523613,8447930,NOAA_NOS,IAN,2022,900.0
2022-09-25 16:00:00,0.753,-0.174,-0.927,-70.671112,41.523613,8447930,NOAA_NOS,IAN,2022,960.0
2022-09-25 17:00:00,0.553,-0.43,-0.983,-70.671112,41.523613,8447930,NOAA_NOS,IAN,2022,1020.0
2022-09-25 18:00:00,0.314,-0.76,-1.074,-70.671112,41.523613,8447930,NOAA_NOS,IAN,2022,1080.0
2022-09-25 19:00:00,0.307,-0.959,-1.266,-70.671112,41.523613,8447930,NOAA_NOS,IAN,2022,1140.0
2022-09-25 20:00:00,0.314,-0.92,-1.234,-70.671112,41.523613,8447930,NOAA_NOS,IAN,2022,1200.0
2022-09-25 21:00:00,0.717,-0.5,-1.217,-70.671112,41.523613,8447930,NOAA_NOS,IAN,2022,1260.0
2022-09-25 22:00:00,1.252,0.237,-1.015,-70.671112,41.523613,8447930,NOAA_NOS,IAN,2022,1320.0
2022-09-25 23:00:00,1.806,0.897,-0.909,-70.671112,41.523613,8447930,NOAA_NOS,IAN,2022,1380.0
2022-09-26 00:00:00,2.276,1.292,-0.9839999999999998,-70.671112,41.523613,8447930,NOAA_NOS,IAN,2022,1440.0
2022-09-26 01:00:00,2.423,1.211,-1.212,-70.671112,41.523613,8447930,NOAA_NOS,IAN,2022,1500.0
2022-09-26 02:00:00,1.951,0.787,-1.164,-70.671112,41.523613,8447930,NOAA_NOS,IAN,2022,1560.0
2022-09-26 03:00:00,1.455,0.234,-1.221,-70.671112,41.523613,8447930,NOAA_NOS,IAN,2022,1620.0
2022-09-26 04:00:00,0.901,-0.117,-1.018,-70.671112,41.523613,8447930,NOAA_NOS,IAN,2022,1680.0
2022-09-26 05:00:00,0.911,-0.245,-1.156,-70.671112,41.523613,8447930,NOAA_NOS,IAN,2022,1740.0
2022-09-26 06:00:00,0.537,-0.663,-1.2000000000000002,-70.671112,41.523613,8447930,NOAA_NOS,IAN,2022,1800.0
2022-09-26 07:00:00,0.028,-0.902,-0.93,-70.671112,41.523613,8447930,NOAA_NOS,IAN,2022,1860.0
2022-09-26 08:00:00,-0.096,-0.97,-0.874,-70.671112,41.523613,8447930,NOAA_NOS,IAN,2022,1920.0
2022-09-26 09:00:00,0.409,-0.647,-1.056,-70.671112,41.523613,8447930,NOAA_NOS,IAN,2022,1980.0
2022-09-26 10:00:00,0.737,0.121,-0.616,-70.671112,41.523613,8447930,NOAA_NOS,IAN,2022,2040.0
2022-09-26 11:00:00,1.272,0.856,-0.416,-70.671112,41.523613,8447930,NOAA_NOS,IAN,2022,2100.0
2022-09-26 12:00:00,1.97,1.433,-0.5369999999999999,-70.671112,41.523613,8447930,NOAA_NOS,IAN,2022,2160.0
2022-09-26 13:00:00,1.993,1.496,-0.4970000000000001,-70.671112,41.523613,8447930,NOAA_NOS,IAN,2022,2220.0
2022-09-26 14:00:00,1.8,1.13,-0.6700000000000002,-70.671112,41.523613,8447930,NOAA_NOS,IAN,2022,2280.0
2022-09-26 15:00:00,1.045,0.554,-0.4909999999999999,-70.671112,41.523613,8447930,NOAA_NOS,IAN,2022,2340.0
2022-09-26 16:00:00,0.707,0.013,-0.694,-70.671112,41.523613,8447930,NOAA_NOS,IAN,2022,2400.0
2022-09-26 17:00:00,0.802,-0.183,-0.985,-70.671112,41.523613,8447930,NOAA_NOS,IAN,2022,2460.0
2022-09-26 18:00:00,0.455,-0.599,-1.054,-70.671112,41.523613,8447930,NOAA_NOS,IAN,2022,2520.0
2022-09-26 19:00:00,0.117,-0.904,-1.021,-70.671112,41.523613,8447930,NOAA_NOS,IAN,2022,2580.0
2022-09-26 20:00:00,-0.09,-1.093,-1.003,-70.671112,41.523613,8447930,NOAA_NOS,IAN,2022,2640.0
2022-09-26 21:00:00,-0.001,-0.949,-0.948,-70.671112,41.523613,8447930,NOAA_NOS,IAN,2022,2700.0
2022-09-26 22:00:00,0.432,-0.313,-0.745,-70.671112,41.523613,8447930,NOAA_NOS,IAN,2022,2760.0
2022-09-26 23:00:00,0.799,0.432,-0.367,-70.671112,41.523613,8447930,NOAA_NOS,IAN,2022,2820.0
2022-09-27 00:00:00,1.514,1.1,-0.4139999999999999,-70.671112,41.523613,8447930,NOAA_NOS,IAN,2022,2880.0
2022-09-27 01:00:00,1.934,1.344,-0.5899999999999999,-70.671112,41.523613,8447930,NOAA_NOS,IAN,2022,2940.0
2022-09-27 02:00:00,1.892,1.084,-0.8079999999999998,-70.671112,41.523613,8447930,NOAA_NOS,IAN,2022,3000.0
2022-09-27 03:00:00,1.416,0.545,-0.8709999999999999,-70.671112,41.523613,8447930,NOAA_NOS,IAN,2022,3060.0
2022-09-27 04:00:00,0.76,-0.0,-0.76,-70.671112,41.523613,8447930,NOAA_NOS,IAN,2022,3120.0
2022-09-27 05:00:00,0.668,-0.192,-0.8600000000000001,-70.671112,41.523613,8447930,NOAA_NOS,IAN,2022,3180.0
2022-09-27 06:00:00,0.419,-0.519,-0.938,-70.671112,41.523613,8447930,NOAA_NOS,IAN,2022,3240.0
2022-09-27 07:00:00,0.146,-0.809,-0.955,-70.671112,41.523613,8447930,NOAA_NOS,IAN,2022,3300.0
2022-09-27 08:00:00,0.041,-1.002,-1.043,-70.671112,41.523613,8447930,NOAA_NOS,IAN,2022,3360.0
2022-09-27 09:00:00,0.094,-0.908,-1.002,-70.671112,41.523613,8447930,NOAA_NOS,IAN,2022,3420.0
2022-09-27 10:00:00,0.287,-0.348,-0.635,-70.671112,41.523613,8447930,NOAA_NOS,IAN,2022,3480.0
2022-09-27 11:00:00,0.76,0.496,-0.264,-70.671112,41.523613,8447930,NOAA_NOS,IAN,2022,3540.0
2022-09-27 12:00:00,1.367,1.266,-0.1009999999999999,-70.671112,41.523613,8447930,NOAA_NOS,IAN,2022,3600.0
2022-09-27 13:00:00,1.967,1.7,-0.2670000000000001,-70.671112,41.523613,8447930,NOAA_NOS,IAN,2022,3660.0
2022-09-27 14:00:00,2.161,1.577,-0.5840000000000001,-70.671112,41.523613,8447930,NOAA_NOS,IAN,2022,3720.0
2022-09-27 15:00:00,1.862,1.064,-0.798,-70.671112,41.523613,8447930,NOAA_NOS,IAN,2022,3780.0
2022-09-27 16:00:00,1.196,0.429,-0.7669999999999999,-70.671112,41.523613,8447930,NOAA_NOS,IAN,2022,3840.0
2022-09-27 17:00:00,0.737,0.005,-0.732,-70.671112,41.523613,8447930,NOAA_NOS,IAN,2022,3900.0
2022-09-27 18:00:00,0.612,-0.145,-0.757,-70.671112,41.523613,8447930,NOAA_NOS,IAN,2022,3960.0
2022-09-27 19:00:00,0.12,-0.703,-0.823,-70.671112,41.523613,8447930,NOAA_NOS,IAN,2022,4020.0
2022-09-27 20:00:00,-0.073,-1.035,-0.962,-70.671112,41.523613,8447930,NOAA_NOS,IAN,2022,4080.0
2022-09-27 21:00:00,-0.241,-1.177,-0.936,-70.671112,41.523613,8447930,NOAA_NOS,IAN,2022,4140.0
2022-09-27 22:00:00,0.028,-0.918,-0.946,-70.671112,41.523613,8447930,NOAA_NOS,IAN,2022,4200.0
2022-09-27 23:00:00,0.386,-0.156,-0.542,-70.671112,41.523613,8447930,NOAA_NOS,IAN,2022,4260.0
2022-09-28 00:00:00,0.776,0.609,-0.167,-70.671112,41.523613,8447930,NOAA_NOS,IAN,2022,4320.0
2022-09-28 01:00:00,1.35,1.208,-0.1420000000000001,-70.671112,41.523613,8447930,NOAA_NOS,IAN,2022,4380.0
2022-09-28 02:00:00,1.478,1.252,-0.2259999999999999,-70.671112,41.523613,8447930,NOAA_NOS,IAN,2022,4440.0
2022-09-28 03:00:00,1.304,0.866,-0.438,-70.671112,41.523613,8447930,NOAA_NOS,IAN,2022,4500.0
2022-09-28 04:00:00,0.845,0.284,-0.5609999999999999,-70.671112,41.523613,8447930,NOAA_NOS,IAN,2022,4560.0
2022-09-28 05:00:00,0.399,-0.162,-0.561,-70.671112,41.523613,8447930,NOAA_NOS,IAN,2022,4620.0
2022-09-28 06:00:00,0.501,-0.197,-0.698,-70.671112,41.523613,8447930,NOAA_NOS,IAN,2022,4680.0
2022-09-28 07:00:00,0.054,-0.634,-0.6880000000000001,-70.671112,41.523613,8447930,NOAA_NOS,IAN,2022,4740.0
2022-09-28 08:00:00,-0.267,-0.888,-0.621,-70.671112,41.523613,8447930,NOAA_NOS,IAN,2022,4800.0
2022-09-28 09:00:00,-0.303,-1.025,-0.722,-70.671112,41.523613,8447930,NOAA_NOS,IAN,2022,4860.0
2022-09-28 10:00:00,-0.152,-0.797,-0.645,-70.671112,41.523613,8447930,NOAA_NOS,IAN,2022,4920.0
2022-09-28 11:00:00,0.317,-0.045,-0.362,-70.671112,41.523613,8447930,NOAA_NOS,IAN,2022,4980.0
2022-09-28 12:00:00,0.684,0.789,0.1049999999999999,-70.671112,41.523613,8447930,NOAA_NOS,IAN,2022,5040.0
2022-09-28 13:00:00,1.426,1.559,0.133,-70.671112,41.523613,8447930,NOAA_NOS,IAN,2022,5100.0
2022-09-28 14:00:00,1.911,1.825,-0.086,-70.671112,41.523613,8447930,NOAA_NOS,IAN,2022,5160.0
2022-09-28 15:00:00,1.82,1.57,-0.25,-70.671112,41.523613,8447930,NOAA_NOS,IAN,2022,5220.0
2022-09-28 16:00:00,1.288,0.96,-0.328,-70.671112,41.523613,8447930,NOAA_NOS,IAN,2022,5280.0
2022-09-28 17:00:00,0.691,0.349,-0.3419999999999999,-70.671112,41.523613,8447930,NOAA_NOS,IAN,2022,5340.0
2022-09-28 18:00:00,0.622,0.031,-0.591,-70.671112,41.523613,8447930,NOAA_NOS,IAN,2022,5400.0
2022-09-28 19:00:00,0.255,-0.329,-0.5840000000000001,-70.671112,41.523613,8447930,NOAA_NOS,IAN,2022,5460.0
2022-09-28 20:00:00,-0.231,-0.75,-0.519,-70.671112,41.523613,8447930,NOAA_NOS,IAN,2022,5520.0
2022-09-28 21:00:00,-0.523,-1.109,-0.586,-70.671112,41.523613,8447930,NOAA_NOS,IAN,2022,5580.0
2022-09-28 22:00:00,-0.513,-1.185,-0.672,-70.671112,41.523613,8447930,NOAA_NOS,IAN,2022,5640.0
2022-09-28 23:00:00,-0.293,-0.838,-0.5449999999999999,-70.671112,41.523613,8447930,NOAA_NOS,IAN,2022,5700.0
2022-09-29 00:00:00,-0.087,-0.048,0.0389999999999999,-70.671112,41.523613,8447930,NOAA_NOS,IAN,2022,5760.0
2022-09-29 01:00:00,0.425,0.707,0.282,-70.671112,41.523613,8447930,NOAA_NOS,IAN,2022,5820.0
2022-09-29 02:00:00,0.907,1.159,0.252,-70.671112,41.523613,8447930,NOAA_NOS,IAN,2022,5880.0
2022-09-29 03:00:00,0.957,1.096,0.1390000000000001,-70.671112,41.523613,8447930,NOAA_NOS,IAN,2022,5940.0
2022-09-29 04:00:00,0.75,0.619,-0.131,-70.671112,41.523613,8447930,NOAA_NOS,IAN,2022,6000.0
2022-09-29 05:00:00,0.222,0.059,-0.163,-70.671112,41.523613,8447930,NOAA_NOS,IAN,2022,6060.0
2022-09-29 06:00:00,0.028,-0.211,-0.239,-70.671112,41.523613,8447930,NOAA_NOS,IAN,2022,6120.0
2022-09-29 07:00:00,-0.047,-0.383,-0.336,-70.671112,41.523613,8447930,NOAA_NOS,IAN,2022,6180.0
2022-09-29 08:00:00,-0.477,-0.67,-0.193,-70.671112,41.523613,8447930,NOAA_NOS,IAN,2022,6240.0
2022-09-29 09:00:00,-0.595,-0.87,-0.275,-70.671112,41.523613,8447930,NOAA_NOS,IAN,2022,6300.0
2022-09-29 10:00:00,-0.608,-0.902,-0.294,-70.671112,41.523613,8447930,NOAA_NOS,IAN,2022,6360.0
2022-09-29 11:00:00,-0.336,-0.578,-0.2419999999999999,-70.671112,41.523613,8447930,NOAA_NOS,IAN,2022,6420.0
2022-09-29 12:00:00,0.077,0.174,0.0969999999999999,-70.671112,41.523613,8447930,NOAA_NOS,IAN,2022,6480.0
2022-09-29 13:00:00,0.53,0.948,0.4179999999999999,-70.671112,41.523613,8447930,NOAA_NOS,IAN,2022,6540.0
2022-09-29 14:00:00,1.304,1.629,0.3249999999999999,-70.671112,41.523613,8447930,NOAA_NOS,IAN,2022,6600.0
2022-09-29 15:00:00,1.606,1.851,0.2449999999999998,-70.671112,41.523613,8447930,NOAA_NOS,IAN,2022,6660.0
2022-09-29 16:00:00,1.495,1.569,0.0739999999999998,-70.671112,41.523613,8447930,NOAA_NOS,IAN,2022,6720.0
2022-09-29 17:00:00,1.042,0.991,-0.051,-70.671112,41.523613,8447930,NOAA_NOS,IAN,2022,6780.0
2022-09-29 18:00:00,0.563,0.441,-0.1219999999999999,-70.671112,41.523613,8447930,NOAA_NOS,IAN,2022,6840.0
2022-09-29 19:00:00,0.553,0.083,-0.47,-70.671112,41.523613,8447930,NOAA_NOS,IAN,2022,6900.0
2022-09-29 20:00:00,-0.041,-0.351,-0.31,-70.671112,41.523613,8447930,NOAA_NOS,IAN,2022,6960.0
2022-09-29 21:00:00,-0.493,-0.822,-0.3289999999999999,-70.671112,41.523613,8447930,NOAA_NOS,IAN,2022,7020.0
2022-09-29 22:00:00,-0.68,-1.177,-0.497,-70.671112,41.523613,8447930,NOAA_NOS,IAN,2022,7080.0
2022-09-29 23:00:00,-0.71,-1.155,-0.445,-70.671112,41.523613,8447930,NOAA_NOS,IAN,2022,7140.0
2022-09-30 00:00:00,-0.375,-0.653,-0.278,-70.671112,41.523613,8447930,NOAA_NOS,IAN,2022,7200.0
2022-09-30 01:00:00,-0.129,0.095,0.224,-70.671112,41.523613,8447930,NOAA_NOS,IAN,2022,7260.0
2022-09-30 02:00:00,0.31,0.745,0.435,-70.671112,41.523613,8447930,NOAA_NOS,IAN,2022,7320.0
2022-09-30 03:00:00,0.737,1.027,0.2899999999999999,-70.671112,41.523613,8447930,NOAA_NOS,IAN,2022,7380.0
2022-09-30 04:00:00,0.802,0.881,0.0789999999999999,-70.671112,41.523613,8447930,NOAA_NOS,IAN,2022,7440.0
2022-09-30 05:00:00,0.448,0.396,-0.0519999999999999,-70.671112,41.523613,8447930,NOAA_NOS,IAN,2022,7500.0
2022-09-30 06:00:00,0.107,-0.113,-0.22,-70.671112,41.523613,8447930,NOAA_NOS,IAN,2022,7560.0
2022-09-30 07:00:00,0.022,-0.236,-0.258,-70.671112,41.523613,8447930,NOAA_NOS,IAN,2022,7620.0
2022-09-30 08:00:00,-0.041,-0.408,-0.367,-70.671112,41.523613,8447930,NOAA_NOS,IAN,2022,7680.0
2022-09-30 09:00:00,-0.195,-0.664,-0.469,-70.671112,41.523613,8447930,NOAA_NOS,IAN,2022,7740.0
2022-09-30 10:00:00,-0.267,-0.875,-0.608,-70.671112,41.523613,8447930,NOAA_NOS,IAN,2022,7800.0
2022-09-30 11:00:00,-0.241,-0.883,-0.642,-70.671112,41.523613,8447930,NOAA_NOS,IAN,2022,7860.0
2022-09-30 12:00:00,0.018,-0.466,-0.484,-70.671112,41.523613,8447930,NOAA_NOS,IAN,2022,7920.0
2022-09-30 13:00:00,0.379,0.35,-0.029,-70.671112,41.523613,8447930,NOAA_NOS,IAN,2022,7980.0
2022-09-30 14:00:00,0.871,1.114,0.2430000000000001,-70.671112,41.523613,8447930,NOAA_NOS,IAN,2022,8040.0
2022-09-30 15:00:00,1.491,1.677,0.1859999999999999,-70.671112,41.523613,8447930,NOAA_NOS,IAN,2022,8100.0
2022-09-30 16:00:00,1.734,1.749,0.0150000000000001,-70.671112,41.523613,8447930,NOAA_NOS,IAN,2022,8160.0
2022-09-30 17:00:00,1.659,1.428,-0.2310000000000001,-70.671112,41.523613,8447930,NOAA_NOS,IAN,2022,8220.0
2022-09-30 18:00:00,1.154,0.928,-0.2259999999999998,-70.671112,41.523613,8447930,NOAA_NOS,IAN,2022,8280.0
2022-09-30 19:00:00,0.707,0.469,-0.238,-70.671112,41.523613,8447930,NOAA_NOS,IAN,2022,8340.0
2022-09-30 20:00:00,0.589,0.131,-0.4579999999999999,-70.671112,41.523613,8447930,NOAA_NOS,IAN,2022,8400.0
2022-09-30 21:00:00,-0.001,-0.25,-0.249,-70.671112,41.523613,8447930,NOAA_NOS,IAN,2022,8460.0
2022-09-30 22:00:00,-0.254,-0.729,-0.475,-70.671112,41.523613,8447930,NOAA_NOS,IAN,2022,8520.0
2022-09-30 23:00:00,-0.428,-1.1,-0.6720000000000002,-70.671112,41.523613,8447930,NOAA_NOS,IAN,2022,8580.0
2022-10-01 00:00:00,-0.5,-1.139,-0.639,-70.671112,41.523613,8447930,NOAA_NOS,IAN,2022,8640.0
2022-10-01 01:00:00,-0.356,-0.662,-0.306,-70.671112,41.523613,8447930,NOAA_NOS,IAN,2022,8700.0
2022-10-01 02:00:00,-0.051,0.003,0.054,-70.671112,41.523613,8447930,NOAA_NOS,IAN,2022,8760.0
2022-10-01 03:00:00,0.53,0.653,0.123,-70.671112,41.523613,8447930,NOAA_NOS,IAN,2022,8820.0
2022-10-01 04:00:00,0.898,0.941,0.0429999999999999,-70.671112,41.523613,8447930,NOAA_NOS,IAN,2022,8880.0
2022-10-01 05:00:00,1.006,0.851,-0.155,-70.671112,41.523613,8447930,NOAA_NOS,IAN,2022,8940.0
2022-10-01 06:00:00,0.645,0.477,-0.168,-70.671112,41.523613,8447930,NOAA_NOS,IAN,2022,9000.0
2022-10-01 07:00:00,0.284,0.011,-0.2729999999999999,-70.671112,41.523613,8447930,NOAA_NOS,IAN,2022,9060.0
2022-10-01 08:00:00,0.258,-0.212,-0.47,-70.671112,41.523613,8447930,NOAA_NOS,IAN,2022,9120.0
2022-10-01 09:00:00,0.228,-0.508,-0.736,-70.671112,41.523613,8447930,NOAA_NOS,IAN,2022,9180.0
2022-10-01 10:00:00,-0.123,-0.789,-0.666,-70.671112,41.523613,8447930,NOAA_NOS,IAN,2022,9240.0
2022-10-01 11:00:00,-0.205,-0.863,-0.658,-70.671112,41.523613,8447930,NOAA_NOS,IAN,2022,9300.0
2022-10-01 12:00:00,-0.047,-0.644,-0.597,-70.671112,41.523613,8447930,NOAA_NOS,IAN,2022,9360.0
2022-10-01 13:00:00,0.268,-0.01,-0.278,-70.671112,41.523613,8447930,NOAA_NOS,IAN,2022,9420.0
2022-10-01 14:00:00,0.53,0.669,0.139,-70.671112,41.523613,8447930,NOAA_NOS,IAN,2022,9480.0
2022-10-01 15:00:00,1.052,1.276,0.2239999999999999,-70.671112,41.523613,8447930,NOAA_NOS,IAN,2022,9540.0
2022-10-01 16:00:00,1.656,1.612,-0.0439999999999998,-70.671112,41.523613,8447930,NOAA_NOS,IAN,2022,9600.0
2022-10-01 17:00:00,1.685,1.51,-0.175,-70.671112,41.523613,8447930,NOAA_NOS,IAN,2022,9660.0
2022-10-01 18:00:00,1.708,1.157,-0.5509999999999999,-70.671112,41.523613,8447930,NOAA_NOS,IAN,2022,9720.0
2022-10-01 19:00:00,1.436,0.811,-0.6249999999999999,-70.671112,41.523613,8447930,NOAA_NOS,IAN,2022,9780.0
2022-10-01 20:00:00,1.364,0.568,-0.7960000000000002,-70.671112,41.523613,8447930,NOAA_NOS,IAN,2022,9840.0
2022-10-01 21:00:00,1.154,0.218,-0.936,-70.671112,41.523613,8447930,NOAA_NOS,IAN,2022,9900.0
2022-10-01 22:00:00,0.606,-0.228,-0.834,-70.671112,41.523613,8447930,NOAA_NOS,IAN,2022,9960.0
2022-10-01 23:00:00,0.163,-0.762,-0.925,-70.671112,41.523613,8447930,NOAA_NOS,IAN,2022,10020.0
2022-09-25 01:00:00,-0.204,0.594,0.7979999999999999,-70.091286,41.285278,8449130,NOAA_NOS,IAN,2022,60.0
2022-09-25 02:00:00,0.295,1.204,0.909,-70.091286,41.285278,8449130,NOAA_NOS,IAN,2022,120.0
2022-09-25 03:00:00,0.734,1.594,0.8600000000000001,-70.091286,41.285278,8449130,NOAA_NOS,IAN,2022,180.0
2022-09-25 04:00:00,1.069,1.602,0.5330000000000001,-70.091286,41.285278,8449130,NOAA_NOS,IAN,2022,240.0
2022-09-25 05:00:00,1.122,1.22,0.0979999999999998,-70.091286,41.285278,8449130,NOAA_NOS,IAN,2022,300.0
2022-09-25 06:00:00,0.78,0.597,-0.183,-70.091286,41.285278,8449130,NOAA_NOS,IAN,2022,360.0
2022-09-25 07:00:00,0.19,-0.173,-0.363,-70.091286,41.285278,8449130,NOAA_NOS,IAN,2022,420.0
2022-09-25 08:00:00,-0.473,-0.994,-0.521,-70.091286,41.285278,8449130,NOAA_NOS,IAN,2022,480.0
2022-09-25 09:00:00,-1.018,-1.573,-0.5549999999999999,-70.091286,41.285278,8449130,NOAA_NOS,IAN,2022,540.0
2022-09-25 10:00:00,-1.037,-1.573,-0.536,-70.091286,41.285278,8449130,NOAA_NOS,IAN,2022,600.0
2022-09-25 11:00:00,-0.607,-1.159,-0.552,-70.091286,41.285278,8449130,NOAA_NOS,IAN,2022,660.0
2022-09-25 12:00:00,0.059,-0.444,-0.503,-70.091286,41.285278,8449130,NOAA_NOS,IAN,2022,720.0
2022-09-25 13:00:00,0.83,0.266,-0.564,-70.091286,41.285278,8449130,NOAA_NOS,IAN,2022,780.0
2022-09-25 14:00:00,1.45,0.944,-0.506,-70.091286,41.285278,8449130,NOAA_NOS,IAN,2022,840.0
2022-09-25 15:00:00,1.938,1.418,-0.52,-70.091286,41.285278,8449130,NOAA_NOS,IAN,2022,900.0
2022-09-25 16:00:00,2.198,1.543,-0.655,-70.091286,41.285278,8449130,NOAA_NOS,IAN,2022,960.0
2022-09-25 17:00:00,2.185,1.288,-0.897,-70.091286,41.285278,8449130,NOAA_NOS,IAN,2022,1020.0
2022-09-25 18:00:00,1.952,0.713,-1.239,-70.091286,41.285278,8449130,NOAA_NOS,IAN,2022,1080.0
2022-09-25 19:00:00,1.348,-0.025,-1.373,-70.091286,41.285278,8449130,NOAA_NOS,IAN,2022,1140.0
2022-09-25 20:00:00,0.59,-0.853,-1.443,-70.091286,41.285278,8449130,NOAA_NOS,IAN,2022,1200.0
2022-09-25 21:00:00,-0.165,-1.53,-1.365,-70.091286,41.285278,8449130,NOAA_NOS,IAN,2022,1260.0
2022-09-25 22:00:00,-0.417,-1.713,-1.296,-70.091286,41.285278,8449130,NOAA_NOS,IAN,2022,1320.0
2022-09-25 23:00:00,-0.286,-1.362,-1.076,-70.091286,41.285278,8449130,NOAA_NOS,IAN,2022,1380.0
2022-09-26 00:00:00,0.157,-0.702,-0.859,-70.091286,41.285278,8449130,NOAA_NOS,IAN,2022,1440.0
2022-09-26 01:00:00,0.771,0.067,-0.704,-70.091286,41.285278,8449130,NOAA_NOS,IAN,2022,1500.0
2022-09-26 02:00:00,1.302,0.814,-0.4880000000000001,-70.091286,41.285278,8449130,NOAA_NOS,IAN,2022,1560.0
2022-09-26 03:00:00,1.824,1.395,-0.429,-70.091286,41.285278,8449130,NOAA_NOS,IAN,2022,1620.0
2022-09-26 04:00:00,2.129,1.695,-0.4339999999999999,-70.091286,41.285278,8449130,NOAA_NOS,IAN,2022,1680.0
2022-09-26 05:00:00,2.263,1.582,-0.6809999999999998,-70.091286,41.285278,8449130,NOAA_NOS,IAN,2022,1740.0
2022-09-26 06:00:00,1.998,1.068,-0.93,-70.091286,41.285278,8449130,NOAA_NOS,IAN,2022,1800.0
2022-09-26 07:00:00,1.482,0.36,-1.122,-70.091286,41.285278,8449130,NOAA_NOS,IAN,2022,1860.0
2022-09-26 08:00:00,0.816,-0.514,-1.33,-70.091286,41.285278,8449130,NOAA_NOS,IAN,2022,1920.0
2022-09-26 09:00:00,-0.03,-1.319,-1.289,-70.091286,41.285278,8449130,NOAA_NOS,IAN,2022,1980.0
2022-09-26 10:00:00,-0.581,-1.706,-1.125,-70.091286,41.285278,8449130,NOAA_NOS,IAN,2022,2040.0
2022-09-26 11:00:00,-0.575,-1.476,-0.901,-70.091286,41.285278,8449130,NOAA_NOS,IAN,2022,2100.0
2022-09-26 12:00:00,-0.148,-0.865,-0.717,-70.091286,41.285278,8449130,NOAA_NOS,IAN,2022,2160.0
2022-09-26 13:00:00,0.528,-0.068,-0.5960000000000001,-70.091286,41.285278,8449130,NOAA_NOS,IAN,2022,2220.0
2022-09-26 14:00:00,1.128,0.714,-0.4139999999999999,-70.091286,41.285278,8449130,NOAA_NOS,IAN,2022,2280.0
2022-09-26 15:00:00,1.568,1.368,-0.1999999999999999,-70.091286,41.285278,8449130,NOAA_NOS,IAN,2022,2340.0
2022-09-26 16:00:00,2.08,1.757,-0.3230000000000002,-70.091286,41.285278,8449130,NOAA_NOS,IAN,2022,2400.0
2022-09-26 17:00:00,2.335,1.726,-0.609,-70.091286,41.285278,8449130,NOAA_NOS,IAN,2022,2460.0
2022-09-26 18:00:00,2.253,1.261,-0.9920000000000002,-70.091286,41.285278,8449130,NOAA_NOS,IAN,2022,2520.0
2022-09-26 19:00:00,1.758,0.587,-1.171,-70.091286,41.285278,8449130,NOAA_NOS,IAN,2022,2580.0
2022-09-26 20:00:00,1.01,-0.319,-1.329,-70.091286,41.285278,8449130,NOAA_NOS,IAN,2022,2640.0
2022-09-26 21:00:00,0.157,-1.251,-1.408,-70.091286,41.285278,8449130,NOAA_NOS,IAN,2022,2700.0
2022-09-26 22:00:00,-0.607,-1.879,-1.272,-70.091286,41.285278,8449130,NOAA_NOS,IAN,2022,2760.0
2022-09-26 23:00:00,-0.916,-1.856,-0.94,-70.091286,41.285278,8449130,NOAA_NOS,IAN,2022,2820.0
2022-09-27 00:00:00,-0.689,-1.371,-0.682,-70.091286,41.285278,8449130,NOAA_NOS,IAN,2022,2880.0
2022-09-27 01:00:00,-0.066,-0.571,-0.5049999999999999,-70.091286,41.285278,8449130,NOAA_NOS,IAN,2022,2940.0
2022-09-27 02:00:00,0.666,0.256,-0.41,-70.091286,41.285278,8449130,NOAA_NOS,IAN,2022,3000.0
2022-09-27 03:00:00,1.256,1.004,-0.252,-70.091286,41.285278,8449130,NOAA_NOS,IAN,2022,3060.0
2022-09-27 04:00:00,1.817,1.563,-0.254,-70.091286,41.285278,8449130,NOAA_NOS,IAN,2022,3120.0
2022-09-27 05:00:00,2.198,1.721,-0.4769999999999998,-70.091286,41.285278,8449130,NOAA_NOS,IAN,2022,3180.0
2022-09-27 06:00:00,2.217,1.466,-0.7510000000000001,-70.091286,41.285278,8449130,NOAA_NOS,IAN,2022,3240.0
2022-09-27 07:00:00,1.876,0.838,-1.0379999999999998,-70.091286,41.285278,8449130,NOAA_NOS,IAN,2022,3300.0
2022-09-27 08:00:00,1.272,0.023,-1.249,-70.091286,41.285278,8449130,NOAA_NOS,IAN,2022,3360.0
2022-09-27 09:00:00,0.538,-0.863,-1.401,-70.091286,41.285278,8449130,NOAA_NOS,IAN,2022,3420.0
2022-09-27 10:00:00,-0.253,-1.573,-1.3199999999999998,-70.091286,41.285278,8449130,NOAA_NOS,IAN,2022,3480.0
2022-09-27 11:00:00,-0.706,-1.703,-0.997,-70.091286,41.285278,8449130,NOAA_NOS,IAN,2022,3540.0
2022-09-27 12:00:00,-0.584,-1.276,-0.6920000000000001,-70.091286,41.285278,8449130,NOAA_NOS,IAN,2022,3600.0
2022-09-27 13:00:00,-0.043,-0.506,-0.463,-70.091286,41.285278,8449130,NOAA_NOS,IAN,2022,3660.0
2022-09-27 14:00:00,0.708,0.341,-0.3669999999999999,-70.091286,41.285278,8449130,NOAA_NOS,IAN,2022,3720.0
2022-09-27 15:00:00,1.282,1.132,-0.1500000000000001,-70.091286,41.285278,8449130,NOAA_NOS,IAN,2022,3780.0
2022-09-27 16:00:00,1.925,1.737,-0.1879999999999999,-70.091286,41.285278,8449130,NOAA_NOS,IAN,2022,3840.0
2022-09-27 17:00:00,2.358,1.996,-0.3620000000000001,-70.091286,41.285278,8449130,NOAA_NOS,IAN,2022,3900.0
2022-09-27 18:00:00,2.378,1.797,-0.5810000000000002,-70.091286,41.285278,8449130,NOAA_NOS,IAN,2022,3960.0
2022-09-27 19:00:00,2.073,1.177,-0.8959999999999999,-70.091286,41.285278,8449130,NOAA_NOS,IAN,2022,4020.0
2022-09-27 20:00:00,1.433,0.365,-1.068,-70.091286,41.285278,8449130,NOAA_NOS,IAN,2022,4080.0
2022-09-27 21:00:00,0.646,-0.657,-1.303,-70.091286,41.285278,8449130,NOAA_NOS,IAN,2022,4140.0
2022-09-27 22:00:00,-0.204,-1.619,-1.415,-70.091286,41.285278,8449130,NOAA_NOS,IAN,2022,4200.0
2022-09-27 23:00:00,-0.922,-2.105,-1.1829999999999998,-70.091286,41.285278,8449130,NOAA_NOS,IAN,2022,4260.0
2022-09-28 00:00:00,-0.965,-1.907,-0.942,-70.091286,41.285278,8449130,NOAA_NOS,IAN,2022,4320.0
2022-09-28 01:00:00,-0.65,-1.297,-0.6469999999999999,-70.091286,41.285278,8449130,NOAA_NOS,IAN,2022,4380.0
2022-09-28 02:00:00,-0.043,-0.429,-0.386,-70.091286,41.285278,8449130,NOAA_NOS,IAN,2022,4440.0
2022-09-28 03:00:00,0.587,0.387,-0.1999999999999999,-70.091286,41.285278,8449130,NOAA_NOS,IAN,2022,4500.0
2022-09-28 04:00:00,1.138,1.148,0.01,-70.091286,41.285278,8449130,NOAA_NOS,IAN,2022,4560.0
2022-09-28 05:00:00,1.745,1.633,-0.1120000000000001,-70.091286,41.285278,8449130,NOAA_NOS,IAN,2022,4620.0
2022-09-28 06:00:00,2.073,1.674,-0.399,-70.091286,41.285278,8449130,NOAA_NOS,IAN,2022,4680.0
2022-09-28 07:00:00,2.017,1.281,-0.736,-70.091286,41.285278,8449130,NOAA_NOS,IAN,2022,4740.0
2022-09-28 08:00:00,1.522,0.591,-0.931,-70.091286,41.285278,8449130,NOAA_NOS,IAN,2022,4800.0
2022-09-28 09:00:00,0.807,-0.271,-1.078,-70.091286,41.285278,8449130,NOAA_NOS,IAN,2022,4860.0
2022-09-28 10:00:00,-0.01,-1.174,-1.164,-70.091286,41.285278,8449130,NOAA_NOS,IAN,2022,4920.0
2022-09-28 11:00:00,-0.732,-1.736,-1.004,-70.091286,41.285278,8449130,NOAA_NOS,IAN,2022,4980.0
2022-09-28 12:00:00,-1.014,-1.622,-0.6080000000000001,-70.091286,41.285278,8449130,NOAA_NOS,IAN,2022,5040.0
2022-09-28 13:00:00,-0.66,-1.035,-0.3749999999999999,-70.091286,41.285278,8449130,NOAA_NOS,IAN,2022,5100.0
2022-09-28 14:00:00,0.003,-0.156,-0.159,-70.091286,41.285278,8449130,NOAA_NOS,IAN,2022,5160.0
2022-09-28 15:00:00,0.659,0.733,0.0739999999999999,-70.091286,41.285278,8449130,NOAA_NOS,IAN,2022,5220.0
2022-09-28 16:00:00,1.272,1.529,0.2569999999999999,-70.091286,41.285278,8449130,NOAA_NOS,IAN,2022,5280.0
2022-09-28 17:00:00,1.837,2.067,0.2300000000000002,-70.091286,41.285278,8449130,NOAA_NOS,IAN,2022,5340.0
2022-09-28 18:00:00,2.293,2.149,-0.1440000000000001,-70.091286,41.285278,8449130,NOAA_NOS,IAN,2022,5400.0
2022-09-28 19:00:00,2.247,1.768,-0.4789999999999998,-70.091286,41.285278,8449130,NOAA_NOS,IAN,2022,5460.0
2022-09-28 20:00:00,1.719,1.042,-0.677,-70.091286,41.285278,8449130,NOAA_NOS,IAN,2022,5520.0
2022-09-28 21:00:00,1.01,0.086,-0.924,-70.091286,41.285278,8449130,NOAA_NOS,IAN,2022,5580.0
2022-09-28 22:00:00,0.17,-0.971,-1.141,-70.091286,41.285278,8449130,NOAA_NOS,IAN,2022,5640.0
2022-09-28 23:00:00,-0.752,-1.904,-1.152,-70.091286,41.285278,8449130,NOAA_NOS,IAN,2022,5700.0
2022-09-29 00:00:00,-1.31,-2.222,-0.912,-70.091286,41.285278,8449130,NOAA_NOS,IAN,2022,5760.0
2022-09-29 01:00:00,-1.336,-1.897,-0.5609999999999999,-70.091286,41.285278,8449130,NOAA_NOS,IAN,2022,5820.0
2022-09-29 02:00:00,-0.916,-1.176,-0.2599999999999999,-70.091286,41.285278,8449130,NOAA_NOS,IAN,2022,5880.0
2022-09-29 03:00:00,-0.302,-0.314,-0.012,-70.091286,41.285278,8449130,NOAA_NOS,IAN,2022,5940.0
2022-09-29 04:00:00,0.331,0.521,0.19,-70.091286,41.285278,8449130,NOAA_NOS,IAN,2022,6000.0
2022-09-29 05:00:00,1.01,1.222,0.2119999999999999,-70.091286,41.285278,8449130,NOAA_NOS,IAN,2022,6060.0
2022-09-29 06:00:00,1.469,1.61,0.141,-70.091286,41.285278,8449130,NOAA_NOS,IAN,2022,6120.0
2022-09-29 07:00:00,1.706,1.569,-0.137,-70.091286,41.285278,8449130,NOAA_NOS,IAN,2022,6180.0
2022-09-29 08:00:00,1.538,1.072,-0.4659999999999999,-70.091286,41.285278,8449130,NOAA_NOS,IAN,2022,6240.0
2022-09-29 09:00:00,0.98,0.356,-0.624,-70.091286,41.285278,8449130,NOAA_NOS,IAN,2022,6300.0
2022-09-29 10:00:00,0.278,-0.517,-0.795,-70.091286,41.285278,8449130,NOAA_NOS,IAN,2022,6360.0
2022-09-29 11:00:00,-0.434,-1.345,-0.911,-70.091286,41.285278,8449130,NOAA_NOS,IAN,2022,6420.0
2022-09-29 12:00:00,-1.063,-1.73,-0.667,-70.091286,41.285278,8449130,NOAA_NOS,IAN,2022,6480.0
2022-09-29 13:00:00,-1.044,-1.475,-0.431,-70.091286,41.285278,8449130,NOAA_NOS,IAN,2022,6540.0
2022-09-29 14:00:00,-0.634,-0.772,-0.138,-70.091286,41.285278,8449130,NOAA_NOS,IAN,2022,6600.0
2022-09-29 15:00:00,0.049,0.138,0.089,-70.091286,41.285278,8449130,NOAA_NOS,IAN,2022,6660.0
2022-09-29 16:00:00,0.731,1.076,0.3450000000000001,-70.091286,41.285278,8449130,NOAA_NOS,IAN,2022,6720.0
2022-09-29 17:00:00,1.414,1.866,0.4520000000000002,-70.091286,41.285278,8449130,NOAA_NOS,IAN,2022,6780.0
2022-09-29 18:00:00,1.988,2.336,0.3479999999999998,-70.091286,41.285278,8449130,NOAA_NOS,IAN,2022,6840.0
2022-09-29 19:00:00,2.257,2.288,0.0309999999999996,-70.091286,41.285278,8449130,NOAA_NOS,IAN,2022,6900.0
2022-09-29 20:00:00,2.027,1.733,-0.294,-70.091286,41.285278,8449130,NOAA_NOS,IAN,2022,6960.0
2022-09-29 21:00:00,1.479,0.899,-0.5800000000000001,-70.091286,41.285278,8449130,NOAA_NOS,IAN,2022,7020.0
2022-09-29 22:00:00,0.646,-0.114,-0.76,-70.091286,41.285278,8449130,NOAA_NOS,IAN,2022,7080.0
2022-09-29 23:00:00,-0.27,-1.217,-0.947,-70.091286,41.285278,8449130,NOAA_NOS,IAN,2022,7140.0
2022-09-30 00:00:00,-1.155,-2.072,-0.917,-70.091286,41.285278,8449130,NOAA_NOS,IAN,2022,7200.0
2022-09-30 01:00:00,-1.598,-2.213,-0.615,-70.091286,41.285278,8449130,NOAA_NOS,IAN,2022,7260.0
2022-09-30 02:00:00,-1.47,-1.801,-0.3309999999999999,-70.091286,41.285278,8449130,NOAA_NOS,IAN,2022,7320.0
2022-09-30 03:00:00,-0.958,-1.033,-0.0749999999999999,-70.091286,41.285278,8449130,NOAA_NOS,IAN,2022,7380.0
2022-09-30 04:00:00,-0.388,-0.208,0.18,-70.091286,41.285278,8449130,NOAA_NOS,IAN,2022,7440.0
2022-09-30 05:00:00,0.216,0.6,0.384,-70.091286,41.285278,8449130,NOAA_NOS,IAN,2022,7500.0
2022-09-30 06:00:00,0.849,1.238,0.389,-70.091286,41.285278,8449130,NOAA_NOS,IAN,2022,7560.0
2022-09-30 07:00:00,1.292,1.542,0.25,-70.091286,41.285278,8449130,NOAA_NOS,IAN,2022,7620.0
2022-09-30 08:00:00,1.496,1.434,-0.062,-70.091286,41.285278,8449130,NOAA_NOS,IAN,2022,7680.0
2022-09-30 09:00:00,1.292,0.867,-0.425,-70.091286,41.285278,8449130,NOAA_NOS,IAN,2022,7740.0
2022-09-30 10:00:00,0.771,0.102,-0.669,-70.091286,41.285278,8449130,NOAA_NOS,IAN,2022,7800.0
2022-09-30 11:00:00,0.098,-0.749,-0.847,-70.091286,41.285278,8449130,NOAA_NOS,IAN,2022,7860.0
2022-09-30 12:00:00,-0.578,-1.461,-0.8830000000000001,-70.091286,41.285278,8449130,NOAA_NOS,IAN,2022,7920.0
2022-09-30 13:00:00,-0.972,-1.676,-0.704,-70.091286,41.285278,8449130,NOAA_NOS,IAN,2022,7980.0
2022-09-30 14:00:00,-0.765,-1.297,-0.5319999999999999,-70.091286,41.285278,8449130,NOAA_NOS,IAN,2022,8040.0
2022-09-30 15:00:00,-0.289,-0.522,-0.233,-70.091286,41.285278,8449130,NOAA_NOS,IAN,2022,8100.0
2022-09-30 16:00:00,0.37,0.383,0.013,-70.091286,41.285278,8449130,NOAA_NOS,IAN,2022,8160.0
2022-09-30 17:00:00,1.049,1.3,0.2510000000000001,-70.091286,41.285278,8449130,NOAA_NOS,IAN,2022,8220.0
2022-09-30 18:00:00,1.702,2.021,0.3189999999999999,-70.091286,41.285278,8449130,NOAA_NOS,IAN,2022,8280.0
2022-09-30 19:00:00,2.155,2.41,0.2550000000000003,-70.091286,41.285278,8449130,NOAA_NOS,IAN,2022,8340.0
2022-09-30 20:00:00,2.273,2.267,-0.0060000000000002,-70.091286,41.285278,8449130,NOAA_NOS,IAN,2022,8400.0
2022-09-30 21:00:00,2.004,1.653,-0.351,-70.091286,41.285278,8449130,NOAA_NOS,IAN,2022,8460.0
2022-09-30 22:00:00,1.368,0.812,-0.556,-70.091286,41.285278,8449130,NOAA_NOS,IAN,2022,8520.0
2022-09-30 23:00:00,0.551,-0.236,-0.787,-70.091286,41.285278,8449130,NOAA_NOS,IAN,2022,8580.0
2022-10-01 00:00:00,-0.361,-1.342,-0.981,-70.091286,41.285278,8449130,NOAA_NOS,IAN,2022,8640.0
2022-10-01 01:00:00,-1.224,-2.15,-0.926,-70.091286,41.285278,8449130,NOAA_NOS,IAN,2022,8700.0
2022-10-01 02:00:00,-1.552,-2.223,-0.6709999999999998,-70.091286,41.285278,8449130,NOAA_NOS,IAN,2022,8760.0
2022-10-01 03:00:00,-1.326,-1.767,-0.4409999999999998,-70.091286,41.285278,8449130,NOAA_NOS,IAN,2022,8820.0
2022-10-01 04:00:00,-0.801,-0.961,-0.1599999999999999,-70.091286,41.285278,8449130,NOAA_NOS,IAN,2022,8880.0
2022-10-01 05:00:00,-0.253,-0.1,0.153,-70.091286,41.285278,8449130,NOAA_NOS,IAN,2022,8940.0
2022-10-01 06:00:00,0.393,0.742,0.349,-70.091286,41.285278,8449130,NOAA_NOS,IAN,2022,9000.0
2022-10-01 07:00:00,1.013,1.337,0.324,-70.091286,41.285278,8449130,NOAA_NOS,IAN,2022,9060.0
2022-10-01 08:00:00,1.423,1.541,0.1179999999999998,-70.091286,41.285278,8449130,NOAA_NOS,IAN,2022,9120.0
2022-10-01 09:00:00,1.542,1.267,-0.2750000000000001,-70.091286,41.285278,8449130,NOAA_NOS,IAN,2022,9180.0
2022-10-01 10:00:00,1.266,0.643,-0.623,-70.091286,41.285278,8449130,NOAA_NOS,IAN,2022,9240.0
2022-10-01 11:00:00,0.721,-0.089,-0.8099999999999999,-70.091286,41.285278,8449130,NOAA_NOS,IAN,2022,9300.0
2022-10-01 12:00:00,0.045,-0.827,-0.872,-70.091286,41.285278,8449130,NOAA_NOS,IAN,2022,9360.0
2022-10-01 13:00:00,-0.542,-1.366,-0.8240000000000001,-70.091286,41.285278,8449130,NOAA_NOS,IAN,2022,9420.0
2022-10-01 14:00:00,-0.735,-1.398,-0.6629999999999999,-70.091286,41.285278,8449130,NOAA_NOS,IAN,2022,9480.0
2022-10-01 15:00:00,-0.512,-0.992,-0.48,-70.091286,41.285278,8449130,NOAA_NOS,IAN,2022,9540.0
2022-10-01 16:00:00,0.072,-0.261,-0.333,-70.091286,41.285278,8449130,NOAA_NOS,IAN,2022,9600.0
2022-10-01 17:00:00,0.606,0.559,-0.0469999999999999,-70.091286,41.285278,8449130,NOAA_NOS,IAN,2022,9660.0
2022-10-01 18:00:00,1.187,1.357,0.1699999999999999,-70.091286,41.285278,8449130,NOAA_NOS,IAN,2022,9720.0
2022-10-01 19:00:00,1.814,2.038,0.2239999999999997,-70.091286,41.285278,8449130,NOAA_NOS,IAN,2022,9780.0
2022-10-01 20:00:00,2.513,2.402,-0.1109999999999997,-70.091286,41.285278,8449130,NOAA_NOS,IAN,2022,9840.0
2022-10-01 21:00:00,2.755,2.221,-0.5339999999999998,-70.091286,41.285278,8449130,NOAA_NOS,IAN,2022,9900.0
2022-10-01 22:00:00,2.372,1.55,-0.8219999999999998,-70.091286,41.285278,8449130,NOAA_NOS,IAN,2022,9960.0
2022-10-01 23:00:00,1.811,0.673,-1.138,-70.091286,41.285278,8449130,NOAA_NOS,IAN,2022,10020.0
2022-09-25 01:00:00,1.125,1.14,0.0149999999999999,-71.326139,41.504333,8452660,NOAA_NOS,IAN,2022,60.0
2022-09-25 02:00:00,0.255,0.367,0.1119999999999999,-71.326139,41.504333,8452660,NOAA_NOS,IAN,2022,120.0
2022-09-25 03:00:00,-0.729,-0.429,0.3,-71.326139,41.504333,8452660,NOAA_NOS,IAN,2022,180.0
2022-09-25 04:00:00,-1.638,-1.107,0.5309999999999999,-71.326139,41.504333,8452660,NOAA_NOS,IAN,2022,240.0
2022-09-25 05:00:00,-1.999,-1.505,0.4940000000000002,-71.326139,41.504333,8452660,NOAA_NOS,IAN,2022,300.0
2022-09-25 06:00:00,-2.012,-1.623,0.389,-71.326139,41.504333,8452660,NOAA_NOS,IAN,2022,360.0
2022-09-25 07:00:00,-1.913,-1.397,0.516,-71.326139,41.504333,8452660,NOAA_NOS,IAN,2022,420.0
2022-09-25 08:00:00,-1.306,-0.813,0.4930000000000001,-71.326139,41.504333,8452660,NOAA_NOS,IAN,2022,480.0
2022-09-25 09:00:00,-0.322,0.082,0.404,-71.326139,41.504333,8452660,NOAA_NOS,IAN,2022,540.0
2022-09-25 10:00:00,0.813,1.104,0.2910000000000001,-71.326139,41.504333,8452660,NOAA_NOS,IAN,2022,600.0
2022-09-25 11:00:00,1.847,1.826,-0.0209999999999999,-71.326139,41.504333,8452660,NOAA_NOS,IAN,2022,660.0
2022-09-25 12:00:00,2.365,1.928,-0.4370000000000003,-71.326139,41.504333,8452660,NOAA_NOS,IAN,2022,720.0
2022-09-25 13:00:00,2.247,1.424,-0.823,-71.326139,41.504333,8452660,NOAA_NOS,IAN,2022,780.0
2022-09-25 14:00:00,1.384,0.657,-0.7269999999999999,-71.326139,41.504333,8452660,NOAA_NOS,IAN,2022,840.0
2022-09-25 15:00:00,0.344,-0.164,-0.508,-71.326139,41.504333,8452660,NOAA_NOS,IAN,2022,900.0
2022-09-25 16:00:00,-0.529,-0.943,-0.4139999999999999,-71.326139,41.504333,8452660,NOAA_NOS,IAN,2022,960.0
2022-09-25 17:00:00,-0.962,-1.458,-0.496,-71.326139,41.504333,8452660,NOAA_NOS,IAN,2022,1020.0
2022-09-25 18:00:00,-0.716,-1.663,-0.947,-71.326139,41.504333,8452660,NOAA_NOS,IAN,2022,1080.0
2022-09-25 19:00:00,-0.391,-1.538,-1.147,-71.326139,41.504333,8452660,NOAA_NOS,IAN,2022,1140.0
2022-09-25 20:00:00,0.154,-1.027,-1.1809999999999998,-71.326139,41.504333,8452660,NOAA_NOS,IAN,2022,1200.0
2022-09-25 21:00:00,0.977,-0.203,-1.18,-71.326139,41.504333,8452660,NOAA_NOS,IAN,2022,1260.0
2022-09-25 22:00:00,1.961,0.82,-1.141,-71.326139,41.504333,8452660,NOAA_NOS,IAN,2022,1320.0
2022-09-25 23:00:00,2.847,1.683,-1.164,-71.326139,41.504333,8452660,NOAA_NOS,IAN,2022,1380.0
2022-09-26 00:00:00,3.405,1.968,-1.4369999999999998,-71.326139,41.504333,8452660,NOAA_NOS,IAN,2022,1440.0
2022-09-26 01:00:00,3.126,1.643,-1.483,-71.326139,41.504333,8452660,NOAA_NOS,IAN,2022,1500.0
2022-09-26 02:00:00,2.611,0.876,-1.7350000000000003,-71.326139,41.504333,8452660,NOAA_NOS,IAN,2022,1560.0
2022-09-26 03:00:00,1.486,0.006,-1.48,-71.326139,41.504333,8452660,NOAA_NOS,IAN,2022,1620.0
2022-09-26 04:00:00,0.442,-0.819,-1.261,-71.326139,41.504333,8452660,NOAA_NOS,IAN,2022,1680.0
2022-09-26 05:00:00,-0.414,-1.421,-1.007,-71.326139,41.504333,8452660,NOAA_NOS,IAN,2022,1740.0
2022-09-26 06:00:00,-0.729,-1.702,-0.973,-71.326139,41.504333,8452660,NOAA_NOS,IAN,2022,1800.0
2022-09-26 07:00:00,-0.837,-1.67,-0.833,-71.326139,41.504333,8452660,NOAA_NOS,IAN,2022,1860.0
2022-09-26 08:00:00,-0.67,-1.254,-0.584,-71.326139,41.504333,8452660,NOAA_NOS,IAN,2022,1920.0
2022-09-26 09:00:00,0.173,-0.481,-0.6539999999999999,-71.326139,41.504333,8452660,NOAA_NOS,IAN,2022,1980.0
2022-09-26 10:00:00,1.233,0.6,-0.6330000000000001,-71.326139,41.504333,8452660,NOAA_NOS,IAN,2022,2040.0
2022-09-26 11:00:00,2.224,1.639,-0.5850000000000002,-71.326139,41.504333,8452660,NOAA_NOS,IAN,2022,2100.0
2022-09-26 12:00:00,2.775,2.169,-0.6059999999999999,-71.326139,41.504333,8452660,NOAA_NOS,IAN,2022,2160.0
2022-09-26 13:00:00,2.772,2.042,-0.73,-71.326139,41.504333,8452660,NOAA_NOS,IAN,2022,2220.0
2022-09-26 14:00:00,2.198,1.356,-0.8419999999999999,-71.326139,41.504333,8452660,NOAA_NOS,IAN,2022,2280.0
2022-09-26 15:00:00,1.099,0.459,-0.6399999999999999,-71.326139,41.504333,8452660,NOAA_NOS,IAN,2022,2340.0
2022-09-26 16:00:00,0.036,-0.474,-0.51,-71.326139,41.504333,8452660,NOAA_NOS,IAN,2022,2400.0
2022-09-26 17:00:00,-0.735,-1.247,-0.5120000000000001,-71.326139,41.504333,8452660,NOAA_NOS,IAN,2022,2460.0
2022-09-26 18:00:00,-1.004,-1.679,-0.675,-71.326139,41.504333,8452660,NOAA_NOS,IAN,2022,2520.0
2022-09-26 19:00:00,-0.857,-1.815,-0.958,-71.326139,41.504333,8452660,NOAA_NOS,IAN,2022,2580.0
2022-09-26 20:00:00,-0.68,-1.56,-0.88,-71.326139,41.504333,8452660,NOAA_NOS,IAN,2022,2640.0
2022-09-26 21:00:00,-0.086,-0.907,-0.8210000000000001,-71.326139,41.504333,8452660,NOAA_NOS,IAN,2022,2700.0
2022-09-26 22:00:00,0.757,0.083,-0.674,-71.326139,41.504333,8452660,NOAA_NOS,IAN,2022,2760.0
2022-09-26 23:00:00,1.804,1.181,-0.623,-71.326139,41.504333,8452660,NOAA_NOS,IAN,2022,2820.0
2022-09-27 00:00:00,2.611,1.897,-0.7140000000000002,-71.326139,41.504333,8452660,NOAA_NOS,IAN,2022,2880.0
2022-09-27 01:00:00,2.926,1.971,-0.955,-71.326139,41.504333,8452660,NOAA_NOS,IAN,2022,2940.0
2022-09-27 02:00:00,2.578,1.395,-1.1829999999999998,-71.326139,41.504333,8452660,NOAA_NOS,IAN,2022,3000.0
2022-09-27 03:00:00,1.679,0.55,-1.129,-71.326139,41.504333,8452660,NOAA_NOS,IAN,2022,3060.0
2022-09-27 04:00:00,0.456,-0.372,-0.8280000000000001,-71.326139,41.504333,8452660,NOAA_NOS,IAN,2022,3120.0
2022-09-27 05:00:00,-0.578,-1.183,-0.6050000000000001,-71.326139,41.504333,8452660,NOAA_NOS,IAN,2022,3180.0
2022-09-27 06:00:00,-1.096,-1.663,-0.567,-71.326139,41.504333,8452660,NOAA_NOS,IAN,2022,3240.0
2022-09-27 07:00:00,-1.041,-1.818,-0.7770000000000001,-71.326139,41.504333,8452660,NOAA_NOS,IAN,2022,3300.0
2022-09-27 08:00:00,-0.686,-1.615,-0.929,-71.326139,41.504333,8452660,NOAA_NOS,IAN,2022,3360.0
2022-09-27 09:00:00,-0.168,-1.009,-0.8409999999999999,-71.326139,41.504333,8452660,NOAA_NOS,IAN,2022,3420.0
2022-09-27 10:00:00,0.515,-0.041,-0.556,-71.326139,41.504333,8452660,NOAA_NOS,IAN,2022,3480.0
2022-09-27 11:00:00,1.512,1.149,-0.363,-71.326139,41.504333,8452660,NOAA_NOS,IAN,2022,3540.0
2022-09-27 12:00:00,2.381,2.091,-0.2899999999999996,-71.326139,41.504333,8452660,NOAA_NOS,IAN,2022,3600.0
2022-09-27 13:00:00,3.015,2.395,-0.6200000000000001,-71.326139,41.504333,8452660,NOAA_NOS,IAN,2022,3660.0
2022-09-27 14:00:00,3.018,2.004,-1.0139999999999998,-71.326139,41.504333,8452660,NOAA_NOS,IAN,2022,3720.0
2022-09-27 15:00:00,2.329,1.15,-1.1790000000000005,-71.326139,41.504333,8452660,NOAA_NOS,IAN,2022,3780.0
2022-09-27 16:00:00,1.079,0.181,-0.8979999999999999,-71.326139,41.504333,8452660,NOAA_NOS,IAN,2022,3840.0
2022-09-27 17:00:00,-0.188,-0.779,-0.591,-71.326139,41.504333,8452660,NOAA_NOS,IAN,2022,3900.0
2022-09-27 18:00:00,-0.998,-1.457,-0.4590000000000001,-71.326139,41.504333,8452660,NOAA_NOS,IAN,2022,3960.0
2022-09-27 19:00:00,-1.155,-1.819,-0.6639999999999999,-71.326139,41.504333,8452660,NOAA_NOS,IAN,2022,4020.0
2022-09-27 20:00:00,-1.041,-1.855,-0.8140000000000001,-71.326139,41.504333,8452660,NOAA_NOS,IAN,2022,4080.0
2022-09-27 21:00:00,-0.617,-1.483,-0.8660000000000001,-71.326139,41.504333,8452660,NOAA_NOS,IAN,2022,4140.0
2022-09-27 22:00:00,0.124,-0.718,-0.842,-71.326139,41.504333,8452660,NOAA_NOS,IAN,2022,4200.0
2022-09-27 23:00:00,0.957,0.372,-0.585,-71.326139,41.504333,8452660,NOAA_NOS,IAN,2022,4260.0
2022-09-28 00:00:00,1.814,1.448,-0.3660000000000001,-71.326139,41.504333,8452660,NOAA_NOS,IAN,2022,4320.0
2022-09-28 01:00:00,2.319,1.968,-0.351,-71.326139,41.504333,8452660,NOAA_NOS,IAN,2022,4380.0
2022-09-28 02:00:00,2.319,1.82,-0.4989999999999999,-71.326139,41.504333,8452660,NOAA_NOS,IAN,2022,4440.0
2022-09-28 03:00:00,1.853,1.088,-0.7649999999999999,-71.326139,41.504333,8452660,NOAA_NOS,IAN,2022,4500.0
2022-09-28 04:00:00,0.925,0.188,-0.7370000000000001,-71.326139,41.504333,8452660,NOAA_NOS,IAN,2022,4560.0
2022-09-28 05:00:00,-0.178,-0.719,-0.5409999999999999,-71.326139,41.504333,8452660,NOAA_NOS,IAN,2022,4620.0
2022-09-28 06:00:00,-1.083,-1.419,-0.3360000000000001,-71.326139,41.504333,8452660,NOAA_NOS,IAN,2022,4680.0
2022-09-28 07:00:00,-1.415,-1.76,-0.345,-71.326139,41.504333,8452660,NOAA_NOS,IAN,2022,4740.0
2022-09-28 08:00:00,-1.267,-1.801,-0.534,-71.326139,41.504333,8452660,NOAA_NOS,IAN,2022,4800.0
2022-09-28 09:00:00,-0.893,-1.451,-0.558,-71.326139,41.504333,8452660,NOAA_NOS,IAN,2022,4860.0
2022-09-28 10:00:00,-0.197,-0.723,-0.526,-71.326139,41.504333,8452660,NOAA_NOS,IAN,2022,4920.0
2022-09-28 11:00:00,0.685,0.367,-0.318,-71.326139,41.504333,8452660,NOAA_NOS,IAN,2022,4980.0
2022-09-28 12:00:00,1.686,1.565,-0.121,-71.326139,41.504333,8452660,NOAA_NOS,IAN,2022,5040.0
2022-09-28 13:00:00,2.48,2.359,-0.121,-71.326139,41.504333,8452660,NOAA_NOS,IAN,2022,5100.0
2022-09-28 14:00:00,2.837,2.472,-0.3650000000000002,-71.326139,41.504333,8452660,NOAA_NOS,IAN,2022,5160.0
2022-09-28 15:00:00,2.49,1.899,-0.5910000000000002,-71.326139,41.504333,8452660,NOAA_NOS,IAN,2022,5220.0
2022-09-28 16:00:00,1.614,0.956,-0.6580000000000001,-71.326139,41.504333,8452660,NOAA_NOS,IAN,2022,5280.0
2022-09-28 17:00:00,0.341,-0.047,-0.388,-71.326139,41.504333,8452660,NOAA_NOS,IAN,2022,5340.0
2022-09-28 18:00:00,-0.749,-0.968,-0.2189999999999999,-71.326139,41.504333,8452660,NOAA_NOS,IAN,2022,5400.0
2022-09-28 19:00:00,-1.378,-1.546,-0.1680000000000001,-71.326139,41.504333,8452660,NOAA_NOS,IAN,2022,5460.0
2022-09-28 20:00:00,-1.405,-1.829,-0.4239999999999999,-71.326139,41.504333,8452660,NOAA_NOS,IAN,2022,5520.0
2022-09-28 21:00:00,-1.313,-1.794,-0.4810000000000001,-71.326139,41.504333,8452660,NOAA_NOS,IAN,2022,5580.0
2022-09-28 22:00:00,-0.837,-1.361,-0.524,-71.326139,41.504333,8452660,NOAA_NOS,IAN,2022,5640.0
2022-09-28 23:00:00,-0.102,-0.516,-0.414,-71.326139,41.504333,8452660,NOAA_NOS,IAN,2022,5700.0
2022-09-29 00:00:00,0.685,0.635,-0.05,-71.326139,41.504333,8452660,NOAA_NOS,IAN,2022,5760.0
2022-09-29 01:00:00,1.482,1.572,0.09,-71.326139,41.504333,8452660,NOAA_NOS,IAN,2022,5820.0
2022-09-29 02:00:00,1.83,1.913,0.0829999999999999,-71.326139,41.504333,8452660,NOAA_NOS,IAN,2022,5880.0
2022-09-29 03:00:00,1.735,1.563,-0.1720000000000001,-71.326139,41.504333,8452660,NOAA_NOS,IAN,2022,5940.0
2022-09-29 04:00:00,1.099,0.744,-0.355,-71.326139,41.504333,8452660,NOAA_NOS,IAN,2022,6000.0
2022-09-29 05:00:00,0.108,-0.134,-0.242,-71.326139,41.504333,8452660,NOAA_NOS,IAN,2022,6060.0
2022-09-29 06:00:00,-0.945,-0.986,-0.041,-71.326139,41.504333,8452660,NOAA_NOS,IAN,2022,6120.0
2022-09-29 07:00:00,-1.713,-1.532,0.181,-71.326139,41.504333,8452660,NOAA_NOS,IAN,2022,6180.0
2022-09-29 08:00:00,-1.815,-1.718,0.0969999999999999,-71.326139,41.504333,8452660,NOAA_NOS,IAN,2022,6240.0
2022-09-29 09:00:00,-1.608,-1.599,0.0090000000000001,-71.326139,41.504333,8452660,NOAA_NOS,IAN,2022,6300.0
2022-09-29 10:00:00,-1.05,-1.138,-0.0879999999999998,-71.326139,41.504333,8452660,NOAA_NOS,IAN,2022,6360.0
2022-09-29 11:00:00,-0.306,-0.368,-0.062,-71.326139,41.504333,8452660,NOAA_NOS,IAN,2022,6420.0
2022-09-29 12:00:00,0.58,0.697,0.1169999999999999,-71.326139,41.504333,8452660,NOAA_NOS,IAN,2022,6480.0
2022-09-29 13:00:00,1.476,1.766,0.29,-71.326139,41.504333,8452660,NOAA_NOS,IAN,2022,6540.0
2022-09-29 14:00:00,2.227,2.403,0.1760000000000001,-71.326139,41.504333,8452660,NOAA_NOS,IAN,2022,6600.0
2022-09-29 15:00:00,2.421,2.407,-0.0139999999999997,-71.326139,41.504333,8452660,NOAA_NOS,IAN,2022,6660.0
2022-09-29 16:00:00,2.08,1.787,-0.2930000000000001,-71.326139,41.504333,8452660,NOAA_NOS,IAN,2022,6720.0
2022-09-29 17:00:00,1.226,0.884,-0.3419999999999999,-71.326139,41.504333,8452660,NOAA_NOS,IAN,2022,6780.0
2022-09-29 18:00:00,0.039,-0.125,-0.164,-71.326139,41.504333,8452660,NOAA_NOS,IAN,2022,6840.0
2022-09-29 19:00:00,-0.998,-0.999,-0.001,-71.326139,41.504333,8452660,NOAA_NOS,IAN,2022,6900.0
2022-09-29 20:00:00,-1.415,-1.559,-0.1439999999999999,-71.326139,41.504333,8452660,NOAA_NOS,IAN,2022,6960.0
2022-09-29 21:00:00,-1.497,-1.844,-0.347,-71.326139,41.504333,8452660,NOAA_NOS,IAN,2022,7020.0
2022-09-29 22:00:00,-1.333,-1.754,-0.421,-71.326139,41.504333,8452660,NOAA_NOS,IAN,2022,7080.0
2022-09-29 23:00:00,-0.867,-1.218,-0.351,-71.326139,41.504333,8452660,NOAA_NOS,IAN,2022,7140.0
2022-09-30 00:00:00,-0.119,-0.272,-0.153,-71.326139,41.504333,8452660,NOAA_NOS,IAN,2022,7200.0
2022-09-30 01:00:00,0.767,0.842,0.0749999999999999,-71.326139,41.504333,8452660,NOAA_NOS,IAN,2022,7260.0
2022-09-30 02:00:00,1.394,1.604,0.2100000000000002,-71.326139,41.504333,8452660,NOAA_NOS,IAN,2022,7320.0
2022-09-30 03:00:00,1.63,1.743,0.1130000000000002,-71.326139,41.504333,8452660,NOAA_NOS,IAN,2022,7380.0
2022-09-30 04:00:00,1.459,1.237,-0.2219999999999999,-71.326139,41.504333,8452660,NOAA_NOS,IAN,2022,7440.0
2022-09-30 05:00:00,0.807,0.451,-0.356,-71.326139,41.504333,8452660,NOAA_NOS,IAN,2022,7500.0
2022-09-30 06:00:00,-0.161,-0.373,-0.212,-71.326139,41.504333,8452660,NOAA_NOS,IAN,2022,7560.0
2022-09-30 07:00:00,-1.103,-1.094,0.0089999999999998,-71.326139,41.504333,8452660,NOAA_NOS,IAN,2022,7620.0
2022-09-30 08:00:00,-1.506,-1.504,0.002,-71.326139,41.504333,8452660,NOAA_NOS,IAN,2022,7680.0
2022-09-30 09:00:00,-1.408,-1.622,-0.2140000000000002,-71.326139,41.504333,8452660,NOAA_NOS,IAN,2022,7740.0
2022-09-30 10:00:00,-1.021,-1.467,-0.4460000000000002,-71.326139,41.504333,8452660,NOAA_NOS,IAN,2022,7800.0
2022-09-30 11:00:00,-0.466,-0.98,-0.514,-71.326139,41.504333,8452660,NOAA_NOS,IAN,2022,7860.0
2022-09-30 12:00:00,0.16,-0.165,-0.325,-71.326139,41.504333,8452660,NOAA_NOS,IAN,2022,7920.0
2022-09-30 13:00:00,0.954,0.931,-0.0229999999999999,-71.326139,41.504333,8452660,NOAA_NOS,IAN,2022,7980.0
2022-09-30 14:00:00,1.833,1.927,0.094,-71.326139,41.504333,8452660,NOAA_NOS,IAN,2022,8040.0
2022-09-30 15:00:00,2.483,2.39,-0.0929999999999999,-71.326139,41.504333,8452660,NOAA_NOS,IAN,2022,8100.0
2022-09-30 16:00:00,2.634,2.229,-0.4049999999999998,-71.326139,41.504333,8452660,NOAA_NOS,IAN,2022,8160.0
2022-09-30 17:00:00,2.155,1.55,-0.6049999999999998,-71.326139,41.504333,8452660,NOAA_NOS,IAN,2022,8220.0
2022-09-30 18:00:00,1.122,0.697,-0.4250000000000001,-71.326139,41.504333,8452660,NOAA_NOS,IAN,2022,8280.0
2022-09-30 19:00:00,-0.01,-0.205,-0.1949999999999999,-71.326139,41.504333,8452660,NOAA_NOS,IAN,2022,8340.0
2022-09-30 20:00:00,-0.88,-0.921,-0.041,-71.326139,41.504333,8452660,NOAA_NOS,IAN,2022,8400.0
2022-09-30 21:00:00,-1.175,-1.383,-0.2079999999999999,-71.326139,41.504333,8452660,NOAA_NOS,IAN,2022,8460.0
2022-09-30 22:00:00,-1.169,-1.631,-0.4619999999999999,-71.326139,41.504333,8452660,NOAA_NOS,IAN,2022,8520.0
2022-09-30 23:00:00,-0.991,-1.568,-0.5770000000000001,-71.326139,41.504333,8452660,NOAA_NOS,IAN,2022,8580.0
2022-10-01 00:00:00,-0.516,-1.133,-0.617,-71.326139,41.504333,8452660,NOAA_NOS,IAN,2022,8640.0
2022-10-01 01:00:00,0.121,-0.266,-0.387,-71.326139,41.504333,8452660,NOAA_NOS,IAN,2022,8700.0
2022-10-01 02:00:00,0.83,0.773,-0.0569999999999999,-71.326139,41.504333,8452660,NOAA_NOS,IAN,2022,8760.0
2022-10-01 03:00:00,1.489,1.479,-0.01,-71.326139,41.504333,8452660,NOAA_NOS,IAN,2022,8820.0
2022-10-01 04:00:00,1.827,1.623,-0.2039999999999999,-71.326139,41.504333,8452660,NOAA_NOS,IAN,2022,8880.0
2022-10-01 05:00:00,1.617,1.176,-0.441,-71.326139,41.504333,8452660,NOAA_NOS,IAN,2022,8940.0
2022-10-01 06:00:00,1.036,0.499,-0.537,-71.326139,41.504333,8452660,NOAA_NOS,IAN,2022,9000.0
2022-10-01 07:00:00,0.088,-0.293,-0.381,-71.326139,41.504333,8452660,NOAA_NOS,IAN,2022,9060.0
2022-10-01 08:00:00,-0.772,-1.064,-0.292,-71.326139,41.504333,8452660,NOAA_NOS,IAN,2022,9120.0
2022-10-01 09:00:00,-1.083,-1.545,-0.4619999999999999,-71.326139,41.504333,8452660,NOAA_NOS,IAN,2022,9180.0
2022-10-01 10:00:00,-1.021,-1.662,-0.641,-71.326139,41.504333,8452660,NOAA_NOS,IAN,2022,9240.0
2022-10-01 11:00:00,-0.742,-1.356,-0.6140000000000001,-71.326139,41.504333,8452660,NOAA_NOS,IAN,2022,9300.0
2022-10-01 12:00:00,-0.289,-0.638,-0.349,-71.326139,41.504333,8452660,NOAA_NOS,IAN,2022,9360.0
2022-10-01 13:00:00,0.462,0.319,-0.143,-71.326139,41.504333,8452660,NOAA_NOS,IAN,2022,9420.0
2022-10-01 14:00:00,1.204,1.341,0.137,-71.326139,41.504333,8452660,NOAA_NOS,IAN,2022,9480.0
2022-10-01 15:00:00,1.965,2.062,0.0969999999999997,-71.326139,41.504333,8452660,NOAA_NOS,IAN,2022,9540.0
2022-10-01 16:00:00,2.414,2.25,-0.1640000000000001,-71.326139,41.504333,8452660,NOAA_NOS,IAN,2022,9600.0
2022-10-01 17:00:00,2.618,1.919,-0.6989999999999998,-71.326139,41.504333,8452660,NOAA_NOS,IAN,2022,9660.0
2022-10-01 18:00:00,2.122,1.265,-0.857,-71.326139,41.504333,8452660,NOAA_NOS,IAN,2022,9720.0
2022-10-01 19:00:00,1.141,0.54,-0.601,-71.326139,41.504333,8452660,NOAA_NOS,IAN,2022,9780.0
2022-10-01 20:00:00,0.203,-0.179,-0.382,-71.326139,41.504333,8452660,NOAA_NOS,IAN,2022,9840.0
2022-10-01 21:00:00,-0.401,-0.785,-0.384,-71.326139,41.504333,8452660,NOAA_NOS,IAN,2022,9900.0
2022-10-01 22:00:00,-0.607,-1.276,-0.669,-71.326139,41.504333,8452660,NOAA_NOS,IAN,2022,9960.0
2022-10-01 23:00:00,-0.755,-1.556,-0.801,-71.326139,41.504333,8452660,NOAA_NOS,IAN,2022,10020.0
2022-09-25 01:00:00,1.362,1.286,-0.076,-71.343333,41.716667,8452944,NOAA_NOS,IAN,2022,60.0
2022-09-25 02:00:00,0.522,0.419,-0.103,-71.343333,41.716667,8452944,NOAA_NOS,IAN,2022,120.0
2022-09-25 03:00:00,-0.607,-0.357,0.25,-71.343333,41.716667,8452944,NOAA_NOS,IAN,2022,180.0
2022-09-25 04:00:00,-1.654,-1.102,0.5519999999999998,-71.343333,41.716667,8452944,NOAA_NOS,IAN,2022,240.0
2022-09-25 05:00:00,-2.326,-1.693,0.633,-71.343333,41.716667,8452944,NOAA_NOS,IAN,2022,300.0
2022-09-25 06:00:00,-2.241,-1.762,0.4790000000000001,-71.343333,41.716667,8452944,NOAA_NOS,IAN,2022,360.0
2022-09-25 07:00:00,-1.883,-1.518,0.365,-71.343333,41.716667,8452944,NOAA_NOS,IAN,2022,420.0
2022-09-25 08:00:00,-1.673,-1.038,0.635,-71.343333,41.716667,8452944,NOAA_NOS,IAN,2022,480.0
2022-09-25 09:00:00,-0.807,-0.161,0.646,-71.343333,41.716667,8452944,NOAA_NOS,IAN,2022,540.0
2022-09-25 10:00:00,0.591,1.038,0.447,-71.343333,41.716667,8452944,NOAA_NOS,IAN,2022,600.0
2022-09-25 11:00:00,1.929,2.079,0.1500000000000001,-71.343333,41.716667,8452944,NOAA_NOS,IAN,2022,660.0
2022-09-25 12:00:00,2.72,2.269,-0.451,-71.343333,41.716667,8452944,NOAA_NOS,IAN,2022,720.0
2022-09-25 13:00:00,2.569,1.652,-0.917,-71.343333,41.716667,8452944,NOAA_NOS,IAN,2022,780.0
2022-09-25 14:00:00,1.804,0.737,-1.0670000000000002,-71.343333,41.716667,8452944,NOAA_NOS,IAN,2022,840.0
2022-09-25 15:00:00,0.531,-0.134,-0.665,-71.343333,41.716667,8452944,NOAA_NOS,IAN,2022,900.0
2022-09-25 16:00:00,-0.656,-0.884,-0.2279999999999999,-71.343333,41.716667,8452944,NOAA_NOS,IAN,2022,960.0
2022-09-25 17:00:00,-1.25,-1.601,-0.351,-71.343333,41.716667,8452944,NOAA_NOS,IAN,2022,1020.0
2022-09-25 18:00:00,-1.099,-1.854,-0.7550000000000001,-71.343333,41.716667,8452944,NOAA_NOS,IAN,2022,1080.0
2022-09-25 19:00:00,-0.413,-1.651,-1.238,-71.343333,41.716667,8452944,NOAA_NOS,IAN,2022,1140.0
2022-09-25 20:00:00,0.085,-1.243,-1.328,-71.343333,41.716667,8452944,NOAA_NOS,IAN,2022,1200.0
2022-09-25 21:00:00,0.732,-0.444,-1.176,-71.343333,41.716667,8452944,NOAA_NOS,IAN,2022,1260.0
2022-09-25 22:00:00,1.791,0.689,-1.102,-71.343333,41.716667,8452944,NOAA_NOS,IAN,2022,1320.0
2022-09-25 23:00:00,2.943,1.83,-1.113,-71.343333,41.716667,8452944,NOAA_NOS,IAN,2022,1380.0
2022-09-26 00:00:00,3.72,2.331,-1.3890000000000002,-71.343333,41.716667,8452944,NOAA_NOS,IAN,2022,1440.0
2022-09-26 01:00:00,3.655,1.881,-1.7739999999999998,-71.343333,41.716667,8452944,NOAA_NOS,IAN,2022,1500.0
2022-09-26 02:00:00,2.822,1.022,-1.8,-71.343333,41.716667,8452944,NOAA_NOS,IAN,2022,1560.0
2022-09-26 03:00:00,1.804,0.061,-1.743,-71.343333,41.716667,8452944,NOAA_NOS,IAN,2022,1620.0
2022-09-26 04:00:00,0.407,-0.748,-1.155,-71.343333,41.716667,8452944,NOAA_NOS,IAN,2022,1680.0
2022-09-26 05:00:00,-0.63,-1.523,-0.8929999999999999,-71.343333,41.716667,8452944,NOAA_NOS,IAN,2022,1740.0
2022-09-26 06:00:00,-1.047,-1.913,-0.8660000000000001,-71.343333,41.716667,8452944,NOAA_NOS,IAN,2022,1800.0
2022-09-26 07:00:00,-0.981,-1.772,-0.791,-71.343333,41.716667,8452944,NOAA_NOS,IAN,2022,1860.0
2022-09-26 08:00:00,-0.863,-1.431,-0.5680000000000001,-71.343333,41.716667,8452944,NOAA_NOS,IAN,2022,1920.0
2022-09-26 09:00:00,-0.272,-0.763,-0.491,-71.343333,41.716667,8452944,NOAA_NOS,IAN,2022,1980.0
2022-09-26 10:00:00,1.079,0.371,-0.708,-71.343333,41.716667,8452944,NOAA_NOS,IAN,2022,2040.0
2022-09-26 11:00:00,2.178,1.705,-0.4729999999999998,-71.343333,41.716667,8452944,NOAA_NOS,IAN,2022,2100.0
2022-09-26 12:00:00,3.025,2.545,-0.48,-71.343333,41.716667,8452944,NOAA_NOS,IAN,2022,2160.0
2022-09-26 13:00:00,3.143,2.329,-0.8139999999999996,-71.343333,41.716667,8452944,NOAA_NOS,IAN,2022,2220.0
2022-09-26 14:00:00,2.493,1.517,-0.976,-71.343333,41.716667,8452944,NOAA_NOS,IAN,2022,2280.0
2022-09-26 15:00:00,1.394,0.519,-0.8749999999999999,-71.343333,41.716667,8452944,NOAA_NOS,IAN,2022,2340.0
2022-09-26 16:00:00,0.043,-0.385,-0.428,-71.343333,41.716667,8452944,NOAA_NOS,IAN,2022,2400.0
2022-09-26 17:00:00,-0.81,-1.265,-0.4549999999999998,-71.343333,41.716667,8452944,NOAA_NOS,IAN,2022,2460.0
2022-09-26 18:00:00,-1.257,-1.905,-0.6480000000000001,-71.343333,41.716667,8452944,NOAA_NOS,IAN,2022,2520.0
2022-09-26 19:00:00,-1.056,-1.944,-0.8879999999999999,-71.343333,41.716667,8452944,NOAA_NOS,IAN,2022,2580.0
2022-09-26 20:00:00,-0.574,-1.703,-1.129,-71.343333,41.716667,8452944,NOAA_NOS,IAN,2022,2640.0
2022-09-26 21:00:00,-0.249,-1.168,-0.919,-71.343333,41.716667,8452944,NOAA_NOS,IAN,2022,2700.0
2022-09-26 22:00:00,0.446,-0.175,-0.621,-71.343333,41.716667,8452944,NOAA_NOS,IAN,2022,2760.0
2022-09-26 23:00:00,1.667,1.13,-0.5370000000000001,-71.343333,41.716667,8452944,NOAA_NOS,IAN,2022,2820.0
2022-09-27 00:00:00,2.831,2.206,-0.625,-71.343333,41.716667,8452944,NOAA_NOS,IAN,2022,2880.0
2022-09-27 01:00:00,3.32,2.317,-1.0029999999999997,-71.343333,41.716667,8452944,NOAA_NOS,IAN,2022,2940.0
2022-09-27 02:00:00,2.933,1.628,-1.305,-71.343333,41.716667,8452944,NOAA_NOS,IAN,2022,3000.0
2022-09-27 03:00:00,2.024,0.639,-1.385,-71.343333,41.716667,8452944,NOAA_NOS,IAN,2022,3060.0
2022-09-27 04:00:00,0.705,-0.308,-1.013,-71.343333,41.716667,8452944,NOAA_NOS,IAN,2022,3120.0
2022-09-27 05:00:00,-0.712,-1.155,-0.443,-71.343333,41.716667,8452944,NOAA_NOS,IAN,2022,3180.0
2022-09-27 06:00:00,-1.542,-1.861,-0.3189999999999999,-71.343333,41.716667,8452944,NOAA_NOS,IAN,2022,3240.0
2022-09-27 07:00:00,-1.473,-1.991,-0.518,-71.343333,41.716667,8452944,NOAA_NOS,IAN,2022,3300.0
2022-09-27 08:00:00,-0.791,-1.726,-0.935,-71.343333,41.716667,8452944,NOAA_NOS,IAN,2022,3360.0
2022-09-27 09:00:00,-0.213,-1.248,-1.035,-71.343333,41.716667,8452944,NOAA_NOS,IAN,2022,3420.0
2022-09-27 10:00:00,0.285,-0.34,-0.625,-71.343333,41.716667,8452944,NOAA_NOS,IAN,2022,3480.0
2022-09-27 11:00:00,1.214,0.99,-0.2239999999999999,-71.343333,41.716667,8452944,NOAA_NOS,IAN,2022,3540.0
2022-09-27 12:00:00,2.346,2.305,-0.0409999999999999,-71.343333,41.716667,8452944,NOAA_NOS,IAN,2022,3600.0
2022-09-27 13:00:00,3.205,2.784,-0.4210000000000002,-71.343333,41.716667,8452944,NOAA_NOS,IAN,2022,3660.0
2022-09-27 14:00:00,3.435,2.265,-1.17,-71.343333,41.716667,8452944,NOAA_NOS,IAN,2022,3720.0
2022-09-27 15:00:00,2.818,1.305,-1.513,-71.343333,41.716667,8452944,NOAA_NOS,IAN,2022,3780.0
2022-09-27 16:00:00,1.549,0.254,-1.295,-71.343333,41.716667,8452944,NOAA_NOS,IAN,2022,3840.0
2022-09-27 17:00:00,-0.052,-0.681,-0.629,-71.343333,41.716667,8452944,NOAA_NOS,IAN,2022,3900.0
2022-09-27 18:00:00,-1.26,-1.576,-0.316,-71.343333,41.716667,8452944,NOAA_NOS,IAN,2022,3960.0
2022-09-27 19:00:00,-1.591,-2.015,-0.4240000000000001,-71.343333,41.716667,8452944,NOAA_NOS,IAN,2022,4020.0
2022-09-27 20:00:00,-1.142,-1.946,-0.804,-71.343333,41.716667,8452944,NOAA_NOS,IAN,2022,4080.0
2022-09-27 21:00:00,-0.633,-1.689,-1.056,-71.343333,41.716667,8452944,NOAA_NOS,IAN,2022,4140.0
2022-09-27 22:00:00,-0.135,-1.03,-0.895,-71.343333,41.716667,8452944,NOAA_NOS,IAN,2022,4200.0
2022-09-27 23:00:00,0.751,0.145,-0.606,-71.343333,41.716667,8452944,NOAA_NOS,IAN,2022,4260.0
2022-09-28 00:00:00,1.752,1.528,-0.2239999999999999,-71.343333,41.716667,8452944,NOAA_NOS,IAN,2022,4320.0
2022-09-28 01:00:00,2.507,2.371,-0.1360000000000001,-71.343333,41.716667,8452944,NOAA_NOS,IAN,2022,4380.0
2022-09-28 02:00:00,2.684,2.114,-0.5700000000000003,-71.343333,41.716667,8452944,NOAA_NOS,IAN,2022,4440.0
2022-09-28 03:00:00,2.1,1.262,-0.8380000000000001,-71.343333,41.716667,8452944,NOAA_NOS,IAN,2022,4500.0
2022-09-28 04:00:00,1.178,0.237,-0.941,-71.343333,41.716667,8452944,NOAA_NOS,IAN,2022,4560.0
2022-09-28 05:00:00,-0.062,-0.635,-0.573,-71.343333,41.716667,8452944,NOAA_NOS,IAN,2022,4620.0
2022-09-28 06:00:00,-1.22,-1.477,-0.2570000000000001,-71.343333,41.716667,8452944,NOAA_NOS,IAN,2022,4680.0
2022-09-28 07:00:00,-1.837,-2.011,-0.1740000000000001,-71.343333,41.716667,8452944,NOAA_NOS,IAN,2022,4740.0
2022-09-28 08:00:00,-1.617,-1.91,-0.2929999999999999,-71.343333,41.716667,8452944,NOAA_NOS,IAN,2022,4800.0
2022-09-28 09:00:00,-1.05,-1.593,-0.5429999999999999,-71.343333,41.716667,8452944,NOAA_NOS,IAN,2022,4860.0
2022-09-28 10:00:00,-0.4,-1.005,-0.6049999999999999,-71.343333,41.716667,8452944,NOAA_NOS,IAN,2022,4920.0
2022-09-28 11:00:00,0.44,0.073,-0.367,-71.343333,41.716667,8452944,NOAA_NOS,IAN,2022,4980.0
2022-09-28 12:00:00,1.549,1.516,-0.0329999999999999,-71.343333,41.716667,8452944,NOAA_NOS,IAN,2022,5040.0
2022-09-28 13:00:00,2.572,2.677,0.1049999999999999,-71.343333,41.716667,8452944,NOAA_NOS,IAN,2022,5100.0
2022-09-28 14:00:00,3.14,2.826,-0.314,-71.343333,41.716667,8452944,NOAA_NOS,IAN,2022,5160.0
2022-09-28 15:00:00,2.933,2.129,-0.8039999999999998,-71.343333,41.716667,8452944,NOAA_NOS,IAN,2022,5220.0
2022-09-28 16:00:00,1.955,1.062,-0.893,-71.343333,41.716667,8452944,NOAA_NOS,IAN,2022,5280.0
2022-09-28 17:00:00,0.6,0.023,-0.577,-71.343333,41.716667,8452944,NOAA_NOS,IAN,2022,5340.0
2022-09-28 18:00:00,-0.823,-0.945,-0.122,-71.343333,41.716667,8452944,NOAA_NOS,IAN,2022,5400.0
2022-09-28 19:00:00,-1.726,-1.739,-0.0130000000000001,-71.343333,41.716667,8452944,NOAA_NOS,IAN,2022,5460.0
2022-09-28 20:00:00,-1.896,-1.97,-0.074,-71.343333,41.716667,8452944,NOAA_NOS,IAN,2022,5520.0
2022-09-28 21:00:00,-1.44,-1.889,-0.449,-71.343333,41.716667,8452944,NOAA_NOS,IAN,2022,5580.0
2022-09-28 22:00:00,-1.037,-1.604,-0.5670000000000002,-71.343333,41.716667,8452944,NOAA_NOS,IAN,2022,5640.0
2022-09-28 23:00:00,-0.4,-0.846,-0.4459999999999999,-71.343333,41.716667,8452944,NOAA_NOS,IAN,2022,5700.0
2022-09-29 00:00:00,0.558,0.437,-0.121,-71.343333,41.716667,8452944,NOAA_NOS,IAN,2022,5760.0
2022-09-29 01:00:00,1.493,1.768,0.2749999999999999,-71.343333,41.716667,8452944,NOAA_NOS,IAN,2022,5820.0
2022-09-29 02:00:00,2.09,2.321,0.2310000000000003,-71.343333,41.716667,8452944,NOAA_NOS,IAN,2022,5880.0
2022-09-29 03:00:00,2.014,1.822,-0.1919999999999997,-71.343333,41.716667,8452944,NOAA_NOS,IAN,2022,5940.0
2022-09-29 04:00:00,1.394,0.889,-0.5049999999999999,-71.343333,41.716667,8452944,NOAA_NOS,IAN,2022,6000.0
2022-09-29 05:00:00,0.351,-0.11,-0.4609999999999999,-71.343333,41.716667,8452944,NOAA_NOS,IAN,2022,6060.0
2022-09-29 06:00:00,-0.919,-0.918,0.001,-71.343333,41.716667,8452944,NOAA_NOS,IAN,2022,6120.0
2022-09-29 07:00:00,-1.939,-1.691,0.248,-71.343333,41.716667,8452944,NOAA_NOS,IAN,2022,6180.0
2022-09-29 08:00:00,-2.316,-1.957,0.3589999999999997,-71.343333,41.716667,8452944,NOAA_NOS,IAN,2022,6240.0
2022-09-29 09:00:00,-1.886,-1.681,0.2049999999999998,-71.343333,41.716667,8452944,NOAA_NOS,IAN,2022,6300.0
2022-09-29 10:00:00,-1.247,-1.298,-0.0509999999999999,-71.343333,41.716667,8452944,NOAA_NOS,IAN,2022,6360.0
2022-09-29 11:00:00,-0.538,-0.637,-0.0989999999999999,-71.343333,41.716667,8452944,NOAA_NOS,IAN,2022,6420.0
2022-09-29 12:00:00,0.318,0.468,0.15,-71.343333,41.716667,8452944,NOAA_NOS,IAN,2022,6480.0
2022-09-29 13:00:00,1.306,1.795,0.4889999999999999,-71.343333,41.716667,8452944,NOAA_NOS,IAN,2022,6540.0
2022-09-29 14:00:00,2.257,2.717,0.4599999999999999,-71.343333,41.716667,8452944,NOAA_NOS,IAN,2022,6600.0
2022-09-29 15:00:00,2.73,2.698,-0.032,-71.343333,41.716667,8452944,NOAA_NOS,IAN,2022,6660.0
2022-09-29 16:00:00,2.408,2.013,-0.395,-71.343333,41.716667,8452944,NOAA_NOS,IAN,2022,6720.0
2022-09-29 17:00:00,1.581,0.99,-0.591,-71.343333,41.716667,8452944,NOAA_NOS,IAN,2022,6780.0
2022-09-29 18:00:00,0.262,-0.014,-0.276,-71.343333,41.716667,8452944,NOAA_NOS,IAN,2022,6840.0
2022-09-29 19:00:00,-1.122,-1.007,0.1150000000000002,-71.343333,41.716667,8452944,NOAA_NOS,IAN,2022,6900.0
2022-09-29 20:00:00,-1.85,-1.745,0.1049999999999999,-71.343333,41.716667,8452944,NOAA_NOS,IAN,2022,6960.0
2022-09-29 21:00:00,-1.778,-1.955,-0.177,-71.343333,41.716667,8452944,NOAA_NOS,IAN,2022,7020.0
2022-09-29 22:00:00,-1.457,-1.912,-0.4549999999999998,-71.343333,41.716667,8452944,NOAA_NOS,IAN,2022,7080.0
2022-09-29 23:00:00,-1.024,-1.527,-0.5029999999999999,-71.343333,41.716667,8452944,NOAA_NOS,IAN,2022,7140.0
2022-09-30 00:00:00,-0.384,-0.575,-0.1909999999999999,-71.343333,41.716667,8452944,NOAA_NOS,IAN,2022,7200.0
2022-09-30 01:00:00,0.607,0.772,0.165,-71.343333,41.716667,8452944,NOAA_NOS,IAN,2022,7260.0
2022-09-30 02:00:00,1.483,1.902,0.4189999999999998,-71.343333,41.716667,8452944,NOAA_NOS,IAN,2022,7320.0
2022-09-30 03:00:00,1.873,2.083,0.2100000000000002,-71.343333,41.716667,8452944,NOAA_NOS,IAN,2022,7380.0
2022-09-30 04:00:00,1.703,1.439,-0.264,-71.343333,41.716667,8452944,NOAA_NOS,IAN,2022,7440.0
2022-09-30 05:00:00,1.066,0.525,-0.541,-71.343333,41.716667,8452944,NOAA_NOS,IAN,2022,7500.0
2022-09-30 06:00:00,0.036,-0.334,-0.37,-71.343333,41.716667,8452944,NOAA_NOS,IAN,2022,7560.0
2022-09-30 07:00:00,-1.119,-1.07,0.0489999999999999,-71.343333,41.716667,8452944,NOAA_NOS,IAN,2022,7620.0
2022-09-30 08:00:00,-1.965,-1.688,0.2770000000000001,-71.343333,41.716667,8452944,NOAA_NOS,IAN,2022,7680.0
2022-09-30 09:00:00,-1.873,-1.777,0.096,-71.343333,41.716667,8452944,NOAA_NOS,IAN,2022,7740.0
2022-09-30 10:00:00,-1.148,-1.514,-0.3660000000000001,-71.343333,41.716667,8452944,NOAA_NOS,IAN,2022,7800.0
2022-09-30 11:00:00,-0.486,-1.173,-0.687,-71.343333,41.716667,8452944,NOAA_NOS,IAN,2022,7860.0
2022-09-30 12:00:00,-0.02,-0.455,-0.435,-71.343333,41.716667,8452944,NOAA_NOS,IAN,2022,7920.0
2022-09-30 13:00:00,0.699,0.737,0.038,-71.343333,41.716667,8452944,NOAA_NOS,IAN,2022,7980.0
2022-09-30 14:00:00,1.644,2.043,0.3990000000000002,-71.343333,41.716667,8452944,NOAA_NOS,IAN,2022,8040.0
2022-09-30 15:00:00,2.612,2.74,0.1280000000000001,-71.343333,41.716667,8452944,NOAA_NOS,IAN,2022,8100.0
2022-09-30 16:00:00,2.94,2.481,-0.4590000000000001,-71.343333,41.716667,8452944,NOAA_NOS,IAN,2022,8160.0
2022-09-30 17:00:00,2.523,1.723,-0.8,-71.343333,41.716667,8452944,NOAA_NOS,IAN,2022,8220.0
2022-09-30 18:00:00,1.555,0.781,-0.7739999999999999,-71.343333,41.716667,8452944,NOAA_NOS,IAN,2022,8280.0
2022-09-30 19:00:00,0.098,-0.107,-0.205,-71.343333,41.716667,8452944,NOAA_NOS,IAN,2022,8340.0
2022-09-30 20:00:00,-1.129,-0.982,0.147,-71.343333,41.716667,8452944,NOAA_NOS,IAN,2022,8400.0
2022-09-30 21:00:00,-1.598,-1.518,0.08,-71.343333,41.716667,8452944,NOAA_NOS,IAN,2022,8460.0
2022-09-30 22:00:00,-1.355,-1.663,-0.308,-71.343333,41.716667,8452944,NOAA_NOS,IAN,2022,8520.0
2022-09-30 23:00:00,-0.968,-1.707,-0.7390000000000001,-71.343333,41.716667,8452944,NOAA_NOS,IAN,2022,8580.0
2022-10-01 00:00:00,-0.604,-1.43,-0.826,-71.343333,41.716667,8452944,NOAA_NOS,IAN,2022,8640.0
2022-10-01 01:00:00,-0.171,-0.549,-0.378,-71.343333,41.716667,8452944,NOAA_NOS,IAN,2022,8700.0
2022-10-01 02:00:00,0.719,0.73,0.011,-71.343333,41.716667,8452944,NOAA_NOS,IAN,2022,8760.0
2022-10-01 03:00:00,1.608,1.776,0.1679999999999999,-71.343333,41.716667,8452944,NOAA_NOS,IAN,2022,8820.0
2022-10-01 04:00:00,2.093,1.933,-0.1599999999999999,-71.343333,41.716667,8452944,NOAA_NOS,IAN,2022,8880.0
2022-10-01 05:00:00,1.936,1.368,-0.5679999999999998,-71.343333,41.716667,8452944,NOAA_NOS,IAN,2022,8940.0
2022-10-01 06:00:00,1.296,0.554,-0.742,-71.343333,41.716667,8452944,NOAA_NOS,IAN,2022,9000.0
2022-10-01 07:00:00,0.259,-0.171,-0.43,-71.343333,41.716667,8452944,NOAA_NOS,IAN,2022,9060.0
2022-10-01 08:00:00,-0.912,-0.969,-0.0569999999999999,-71.343333,41.716667,8452944,NOAA_NOS,IAN,2022,9120.0
2022-10-01 09:00:00,-1.499,-1.735,-0.236,-71.343333,41.716667,8452944,NOAA_NOS,IAN,2022,9180.0
2022-10-01 10:00:00,-1.339,-1.874,-0.5350000000000001,-71.343333,41.716667,8452944,NOAA_NOS,IAN,2022,9240.0
2022-10-01 11:00:00,-0.863,-1.491,-0.6280000000000001,-71.343333,41.716667,8452944,NOAA_NOS,IAN,2022,9300.0
2022-10-01 12:00:00,-0.374,-0.834,-0.4599999999999999,-71.343333,41.716667,8452944,NOAA_NOS,IAN,2022,9360.0
2022-10-01 13:00:00,0.167,0.172,0.0049999999999999,-71.343333,41.716667,8452944,NOAA_NOS,IAN,2022,9420.0
2022-10-01 14:00:00,0.988,1.323,0.3349999999999999,-71.343333,41.716667,8452944,NOAA_NOS,IAN,2022,9480.0
2022-10-01 15:00:00,1.732,2.265,0.5330000000000001,-71.343333,41.716667,8452944,NOAA_NOS,IAN,2022,9540.0
2022-10-01 16:00:00,2.533,2.553,0.02,-71.343333,41.716667,8452944,NOAA_NOS,IAN,2022,9600.0
2022-10-01 17:00:00,2.703,2.097,-0.6059999999999999,-71.343333,41.716667,8452944,NOAA_NOS,IAN,2022,9660.0
2022-10-01 18:00:00,2.421,1.323,-1.098,-71.343333,41.716667,8452944,NOAA_NOS,IAN,2022,9720.0
2022-10-01 19:00:00,1.496,0.57,-0.926,-71.343333,41.716667,8452944,NOAA_NOS,IAN,2022,9780.0
2022-10-01 20:00:00,0.236,-0.084,-0.32,-71.343333,41.716667,8452944,NOAA_NOS,IAN,2022,9840.0
2022-10-01 21:00:00,-0.784,-0.796,-0.012,-71.343333,41.716667,8452944,NOAA_NOS,IAN,2022,9900.0
2022-10-01 22:00:00,-0.997,-1.322,-0.325,-71.343333,41.716667,8452944,NOAA_NOS,IAN,2022,9960.0
2022-10-01 23:00:00,-0.846,-1.638,-0.7919999999999999,-71.343333,41.716667,8452944,NOAA_NOS,IAN,2022,10020.0
2022-09-25 01:00:00,1.434,1.321,-0.1129999999999999,-71.398883,41.807098,8454000,NOAA_NOS,IAN,2022,60.0
2022-09-25 02:00:00,0.646,0.447,-0.199,-71.398883,41.807098,8454000,NOAA_NOS,IAN,2022,120.0
2022-09-25 03:00:00,-0.604,-0.362,0.242,-71.398883,41.807098,8454000,NOAA_NOS,IAN,2022,180.0
2022-09-25 04:00:00,-1.687,-1.069,0.6180000000000001,-71.398883,41.807098,8454000,NOAA_NOS,IAN,2022,240.0
2022-09-25 05:00:00,-2.425,-1.752,0.6729999999999998,-71.398883,41.807098,8454000,NOAA_NOS,IAN,2022,300.0
2022-09-25 06:00:00,-2.349,-1.853,0.4960000000000002,-71.398883,41.807098,8454000,NOAA_NOS,IAN,2022,360.0
2022-09-25 07:00:00,-1.795,-1.506,0.2889999999999999,-71.398883,41.807098,8454000,NOAA_NOS,IAN,2022,420.0
2022-09-25 08:00:00,-1.834,-1.127,0.7070000000000001,-71.398883,41.807098,8454000,NOAA_NOS,IAN,2022,480.0
2022-09-25 09:00:00,-0.935,-0.227,0.7080000000000001,-71.398883,41.807098,8454000,NOAA_NOS,IAN,2022,540.0
2022-09-25 10:00:00,0.6,0.986,0.386,-71.398883,41.807098,8454000,NOAA_NOS,IAN,2022,600.0
2022-09-25 11:00:00,1.922,2.135,0.2129999999999998,-71.398883,41.807098,8454000,NOAA_NOS,IAN,2022,660.0
2022-09-25 12:00:00,2.88,2.41,-0.4699999999999997,-71.398883,41.807098,8454000,NOAA_NOS,IAN,2022,720.0
2022-09-25 13:00:00,2.661,1.671,-0.99,-71.398883,41.807098,8454000,NOAA_NOS,IAN,2022,780.0
2022-09-25 14:00:00,1.876,0.781,-1.0949999999999998,-71.398883,41.807098,8454000,NOAA_NOS,IAN,2022,840.0
2022-09-25 15:00:00,0.751,-0.156,-0.907,-71.398883,41.807098,8454000,NOAA_NOS,IAN,2022,900.0
2022-09-25 16:00:00,-0.676,-0.792,-0.1159999999999999,-71.398883,41.807098,8454000,NOAA_NOS,IAN,2022,960.0
2022-09-25 17:00:00,-1.329,-1.638,-0.3089999999999999,-71.398883,41.807098,8454000,NOAA_NOS,IAN,2022,1020.0
2022-09-25 18:00:00,-1.234,-1.954,-0.72,-71.398883,41.807098,8454000,NOAA_NOS,IAN,2022,1080.0
2022-09-25 19:00:00,-0.371,-1.636,-1.265,-71.398883,41.807098,8454000,NOAA_NOS,IAN,2022,1140.0
2022-09-25 20:00:00,0.079,-1.323,-1.402,-71.398883,41.807098,8454000,NOAA_NOS,IAN,2022,1200.0
2022-09-25 21:00:00,0.708,-0.523,-1.231,-71.398883,41.807098,8454000,NOAA_NOS,IAN,2022,1260.0
2022-09-25 22:00:00,1.745,0.653,-1.092,-71.398883,41.807098,8454000,NOAA_NOS,IAN,2022,1320.0
2022-09-25 23:00:00,3.018,1.862,-1.1559999999999997,-71.398883,41.807098,8454000,NOAA_NOS,IAN,2022,1380.0
2022-09-26 00:00:00,3.871,2.453,-1.418,-71.398883,41.807098,8454000,NOAA_NOS,IAN,2022,1440.0
2022-09-26 01:00:00,3.74,1.906,-1.8340000000000003,-71.398883,41.807098,8454000,NOAA_NOS,IAN,2022,1500.0
2022-09-26 02:00:00,2.848,1.076,-1.7719999999999998,-71.398883,41.807098,8454000,NOAA_NOS,IAN,2022,1560.0
2022-09-26 03:00:00,1.883,0.063,-1.82,-71.398883,41.807098,8454000,NOAA_NOS,IAN,2022,1620.0
2022-09-26 04:00:00,0.61,-0.705,-1.315,-71.398883,41.807098,8454000,NOAA_NOS,IAN,2022,1680.0
2022-09-26 05:00:00,-0.738,-1.526,-0.788,-71.398883,41.807098,8454000,NOAA_NOS,IAN,2022,1740.0
2022-09-26 06:00:00,-1.355,-2.003,-0.6480000000000001,-71.398883,41.807098,8454000,NOAA_NOS,IAN,2022,1800.0
2022-09-26 07:00:00,-0.794,-1.779,-0.985,-71.398883,41.807098,8454000,NOAA_NOS,IAN,2022,1860.0
2022-09-26 08:00:00,-0.893,-1.476,-0.583,-71.398883,41.807098,8454000,NOAA_NOS,IAN,2022,1920.0
2022-09-26 09:00:00,-0.548,-0.862,-0.3139999999999999,-71.398883,41.807098,8454000,NOAA_NOS,IAN,2022,1980.0
2022-09-26 10:00:00,1.204,0.284,-0.92,-71.398883,41.807098,8454000,NOAA_NOS,IAN,2022,2040.0
2022-09-26 11:00:00,2.237,1.708,-0.5290000000000001,-71.398883,41.807098,8454000,NOAA_NOS,IAN,2022,2100.0
2022-09-26 12:00:00,3.035,2.671,-0.3640000000000003,-71.398883,41.807098,8454000,NOAA_NOS,IAN,2022,2160.0
2022-09-26 13:00:00,3.287,2.397,-0.8900000000000001,-71.398883,41.807098,8454000,NOAA_NOS,IAN,2022,2220.0
2022-09-26 14:00:00,2.572,1.578,-0.994,-71.398883,41.807098,8454000,NOAA_NOS,IAN,2022,2280.0
2022-09-26 15:00:00,1.463,0.558,-0.905,-71.398883,41.807098,8454000,NOAA_NOS,IAN,2022,2340.0
2022-09-26 16:00:00,0.052,-0.378,-0.43,-71.398883,41.807098,8454000,NOAA_NOS,IAN,2022,2400.0
2022-09-26 17:00:00,-0.794,-1.215,-0.421,-71.398883,41.807098,8454000,NOAA_NOS,IAN,2022,2460.0
2022-09-26 18:00:00,-1.253,-1.972,-0.7190000000000001,-71.398883,41.807098,8454000,NOAA_NOS,IAN,2022,2520.0
2022-09-26 19:00:00,-1.103,-2.028,-0.925,-71.398883,41.807098,8454000,NOAA_NOS,IAN,2022,2580.0
2022-09-26 20:00:00,-0.43,-1.694,-1.264,-71.398883,41.807098,8454000,NOAA_NOS,IAN,2022,2640.0
2022-09-26 21:00:00,-0.223,-1.264,-1.041,-71.398883,41.807098,8454000,NOAA_NOS,IAN,2022,2700.0
2022-09-26 22:00:00,0.374,-0.259,-0.633,-71.398883,41.807098,8454000,NOAA_NOS,IAN,2022,2760.0
2022-09-26 23:00:00,1.775,1.072,-0.7029999999999998,-71.398883,41.807098,8454000,NOAA_NOS,IAN,2022,2820.0
2022-09-27 00:00:00,2.887,2.291,-0.5960000000000001,-71.398883,41.807098,8454000,NOAA_NOS,IAN,2022,2880.0
2022-09-27 01:00:00,3.451,2.442,-1.009,-71.398883,41.807098,8454000,NOAA_NOS,IAN,2022,2940.0
2022-09-27 02:00:00,3.015,1.65,-1.3650000000000002,-71.398883,41.807098,8454000,NOAA_NOS,IAN,2022,3000.0
2022-09-27 03:00:00,2.188,0.692,-1.4960000000000002,-71.398883,41.807098,8454000,NOAA_NOS,IAN,2022,3060.0
2022-09-27 04:00:00,0.863,-0.316,-1.179,-71.398883,41.807098,8454000,NOAA_NOS,IAN,2022,3120.0
2022-09-27 05:00:00,-0.663,-1.083,-0.4199999999999999,-71.398883,41.807098,8454000,NOAA_NOS,IAN,2022,3180.0
2022-09-27 06:00:00,-1.605,-1.909,-0.304,-71.398883,41.807098,8454000,NOAA_NOS,IAN,2022,3240.0
2022-09-27 07:00:00,-1.641,-2.107,-0.4660000000000002,-71.398883,41.807098,8454000,NOAA_NOS,IAN,2022,3300.0
2022-09-27 08:00:00,-0.624,-1.704,-1.08,-71.398883,41.807098,8454000,NOAA_NOS,IAN,2022,3360.0
2022-09-27 09:00:00,-0.207,-1.337,-1.13,-71.398883,41.807098,8454000,NOAA_NOS,IAN,2022,3420.0
2022-09-27 10:00:00,0.289,-0.428,-0.717,-71.398883,41.807098,8454000,NOAA_NOS,IAN,2022,3480.0
2022-09-27 11:00:00,1.21,0.911,-0.2989999999999999,-71.398883,41.807098,8454000,NOAA_NOS,IAN,2022,3540.0
2022-09-27 12:00:00,2.378,2.361,-0.0169999999999999,-71.398883,41.807098,8454000,NOAA_NOS,IAN,2022,3600.0
2022-09-27 13:00:00,3.284,2.928,-0.3559999999999998,-71.398883,41.807098,8454000,NOAA_NOS,IAN,2022,3660.0
2022-09-27 14:00:00,3.586,2.281,-1.3049999999999995,-71.398883,41.807098,8454000,NOAA_NOS,IAN,2022,3720.0
2022-09-27 15:00:00,2.923,1.37,-1.553,-71.398883,41.807098,8454000,NOAA_NOS,IAN,2022,3780.0
2022-09-27 16:00:00,1.644,0.263,-1.3809999999999998,-71.398883,41.807098,8454000,NOAA_NOS,IAN,2022,3840.0
2022-09-27 17:00:00,0.147,-0.628,-0.775,-71.398883,41.807098,8454000,NOAA_NOS,IAN,2022,3900.0
2022-09-27 18:00:00,-1.303,-1.585,-0.282,-71.398883,41.807098,8454000,NOAA_NOS,IAN,2022,3960.0
2022-09-27 19:00:00,-1.709,-2.112,-0.403,-71.398883,41.807098,8454000,NOAA_NOS,IAN,2022,4020.0
2022-09-27 20:00:00,-1.175,-1.933,-0.758,-71.398883,41.807098,8454000,NOAA_NOS,IAN,2022,4080.0
2022-09-27 21:00:00,-0.482,-1.743,-1.261,-71.398883,41.807098,8454000,NOAA_NOS,IAN,2022,4140.0
2022-09-27 22:00:00,-0.21,-1.13,-0.92,-71.398883,41.807098,8454000,NOAA_NOS,IAN,2022,4200.0
2022-09-27 23:00:00,0.745,0.05,-0.695,-71.398883,41.807098,8454000,NOAA_NOS,IAN,2022,4260.0
2022-09-28 00:00:00,1.837,1.5,-0.3369999999999999,-71.398883,41.807098,8454000,NOAA_NOS,IAN,2022,4320.0
2022-09-28 01:00:00,2.539,2.509,-0.0300000000000002,-71.398883,41.807098,8454000,NOAA_NOS,IAN,2022,4380.0
2022-09-28 02:00:00,2.916,2.158,-0.758,-71.398883,41.807098,8454000,NOAA_NOS,IAN,2022,4440.0
2022-09-28 03:00:00,2.149,1.337,-0.812,-71.398883,41.807098,8454000,NOAA_NOS,IAN,2022,4500.0
2022-09-28 04:00:00,1.286,0.259,-1.027,-71.398883,41.807098,8454000,NOAA_NOS,IAN,2022,4560.0
2022-09-28 05:00:00,0.124,-0.627,-0.751,-71.398883,41.807098,8454000,NOAA_NOS,IAN,2022,4620.0
2022-09-28 06:00:00,-1.175,-1.452,-0.2769999999999999,-71.398883,41.807098,8454000,NOAA_NOS,IAN,2022,4680.0
2022-09-28 07:00:00,-1.919,-2.099,-0.1800000000000001,-71.398883,41.807098,8454000,NOAA_NOS,IAN,2022,4740.0
2022-09-28 08:00:00,-1.736,-1.959,-0.2230000000000001,-71.398883,41.807098,8454000,NOAA_NOS,IAN,2022,4800.0
2022-09-28 09:00:00,-1.011,-1.593,-0.5820000000000001,-71.398883,41.807098,8454000,NOAA_NOS,IAN,2022,4860.0
2022-09-28 10:00:00,-0.394,-1.119,-0.725,-71.398883,41.807098,8454000,NOAA_NOS,IAN,2022,4920.0
2022-09-28 11:00:00,0.423,-0.019,-0.442,-71.398883,41.807098,8454000,NOAA_NOS,IAN,2022,4980.0
2022-09-28 12:00:00,1.604,1.45,-0.1540000000000001,-71.398883,41.807098,8454000,NOAA_NOS,IAN,2022,5040.0
2022-09-28 13:00:00,2.618,2.783,0.165,-71.398883,41.807098,8454000,NOAA_NOS,IAN,2022,5100.0
2022-09-28 14:00:00,3.205,2.927,-0.278,-71.398883,41.807098,8454000,NOAA_NOS,IAN,2022,5160.0
2022-09-28 15:00:00,3.09,2.178,-0.912,-71.398883,41.807098,8454000,NOAA_NOS,IAN,2022,5220.0
2022-09-28 16:00:00,2.077,1.12,-0.957,-71.398883,41.807098,8454000,NOAA_NOS,IAN,2022,5280.0
2022-09-28 17:00:00,0.676,0.034,-0.642,-71.398883,41.807098,8454000,NOAA_NOS,IAN,2022,5340.0
2022-09-28 18:00:00,-0.774,-0.871,-0.0969999999999999,-71.398883,41.807098,8454000,NOAA_NOS,IAN,2022,5400.0
2022-09-28 19:00:00,-1.752,-1.768,-0.016,-71.398883,41.807098,8454000,NOAA_NOS,IAN,2022,5460.0
2022-09-28 20:00:00,-2.067,-2.06,0.0070000000000001,-71.398883,41.807098,8454000,NOAA_NOS,IAN,2022,5520.0
2022-09-28 21:00:00,-1.332,-1.845,-0.5129999999999999,-71.398883,41.807098,8454000,NOAA_NOS,IAN,2022,5580.0
2022-09-28 22:00:00,-1.07,-1.707,-0.637,-71.398883,41.807098,8454000,NOAA_NOS,IAN,2022,5640.0
2022-09-28 23:00:00,-0.482,-0.936,-0.454,-71.398883,41.807098,8454000,NOAA_NOS,IAN,2022,5700.0
2022-09-29 00:00:00,0.551,0.348,-0.203,-71.398883,41.807098,8454000,NOAA_NOS,IAN,2022,5760.0
2022-09-29 01:00:00,1.525,1.816,0.2910000000000001,-71.398883,41.807098,8454000,NOAA_NOS,IAN,2022,5820.0
2022-09-29 02:00:00,2.077,2.469,0.3919999999999999,-71.398883,41.807098,8454000,NOAA_NOS,IAN,2022,5880.0
2022-09-29 03:00:00,2.149,1.832,-0.3169999999999999,-71.398883,41.807098,8454000,NOAA_NOS,IAN,2022,5940.0
2022-09-29 04:00:00,1.338,0.967,-0.3710000000000001,-71.398883,41.807098,8454000,NOAA_NOS,IAN,2022,6000.0
2022-09-29 05:00:00,0.407,-0.113,-0.52,-71.398883,41.807098,8454000,NOAA_NOS,IAN,2022,6060.0
2022-09-29 06:00:00,-0.84,-0.849,-0.009,-71.398883,41.807098,8454000,NOAA_NOS,IAN,2022,6120.0
2022-09-29 07:00:00,-2.005,-1.676,0.3289999999999999,-71.398883,41.807098,8454000,NOAA_NOS,IAN,2022,6180.0
2022-09-29 08:00:00,-2.474,-2.08,0.3940000000000001,-71.398883,41.807098,8454000,NOAA_NOS,IAN,2022,6240.0
2022-09-29 09:00:00,-1.959,-1.672,0.2870000000000001,-71.398883,41.807098,8454000,NOAA_NOS,IAN,2022,6300.0
2022-09-29 10:00:00,-1.26,-1.333,-0.0729999999999999,-71.398883,41.807098,8454000,NOAA_NOS,IAN,2022,6360.0
2022-09-29 11:00:00,-0.62,-0.715,-0.0949999999999999,-71.398883,41.807098,8454000,NOAA_NOS,IAN,2022,6420.0
2022-09-29 12:00:00,0.256,0.379,0.123,-71.398883,41.807098,8454000,NOAA_NOS,IAN,2022,6480.0
2022-09-29 13:00:00,1.276,1.793,0.5169999999999999,-71.398883,41.807098,8454000,NOAA_NOS,IAN,2022,6540.0
2022-09-29 14:00:00,2.244,2.823,0.5789999999999997,-71.398883,41.807098,8454000,NOAA_NOS,IAN,2022,6600.0
2022-09-29 15:00:00,2.871,2.756,-0.1150000000000002,-71.398883,41.807098,8454000,NOAA_NOS,IAN,2022,6660.0
2022-09-29 16:00:00,2.372,2.095,-0.2769999999999997,-71.398883,41.807098,8454000,NOAA_NOS,IAN,2022,6720.0
2022-09-29 17:00:00,1.686,1.018,-0.6679999999999999,-71.398883,41.807098,8454000,NOAA_NOS,IAN,2022,6780.0
2022-09-29 18:00:00,0.42,0.03,-0.39,-71.398883,41.807098,8454000,NOAA_NOS,IAN,2022,6840.0
2022-09-29 19:00:00,-1.191,-0.956,0.2350000000000001,-71.398883,41.807098,8454000,NOAA_NOS,IAN,2022,6900.0
2022-09-29 20:00:00,-1.916,-1.798,0.1179999999999998,-71.398883,41.807098,8454000,NOAA_NOS,IAN,2022,6960.0
2022-09-29 21:00:00,-1.89,-2.002,-0.1119999999999998,-71.398883,41.807098,8454000,NOAA_NOS,IAN,2022,7020.0
2022-09-29 22:00:00,-1.417,-1.913,-0.496,-71.398883,41.807098,8454000,NOAA_NOS,IAN,2022,7080.0
2022-09-29 23:00:00,-1.04,-1.653,-0.613,-71.398883,41.807098,8454000,NOAA_NOS,IAN,2022,7140.0
2022-09-30 00:00:00,-0.558,-0.668,-0.1099999999999999,-71.398883,41.807098,8454000,NOAA_NOS,IAN,2022,7200.0
2022-09-30 01:00:00,0.544,0.739,0.1949999999999999,-71.398883,41.807098,8454000,NOAA_NOS,IAN,2022,7260.0
2022-09-30 02:00:00,1.499,2.016,0.5169999999999999,-71.398883,41.807098,8454000,NOAA_NOS,IAN,2022,7320.0
2022-09-30 03:00:00,1.968,2.185,0.217,-71.398883,41.807098,8454000,NOAA_NOS,IAN,2022,7380.0
2022-09-30 04:00:00,1.749,1.457,-0.292,-71.398883,41.807098,8454000,NOAA_NOS,IAN,2022,7440.0
2022-09-30 05:00:00,1.112,0.579,-0.5330000000000001,-71.398883,41.807098,8454000,NOAA_NOS,IAN,2022,7500.0
2022-09-30 06:00:00,0.065,-0.356,-0.421,-71.398883,41.807098,8454000,NOAA_NOS,IAN,2022,7560.0
2022-09-30 07:00:00,-1.063,-1.02,0.0429999999999999,-71.398883,41.807098,8454000,NOAA_NOS,IAN,2022,7620.0
2022-09-30 08:00:00,-2.011,-1.729,0.282,-71.398883,41.807098,8454000,NOAA_NOS,IAN,2022,7680.0
2022-09-30 09:00:00,-2.126,-1.889,0.2369999999999998,-71.398883,41.807098,8454000,NOAA_NOS,IAN,2022,7740.0
2022-09-30 10:00:00,-1.175,-1.485,-0.31,-71.398883,41.807098,8454000,NOAA_NOS,IAN,2022,7800.0
2022-09-30 11:00:00,-0.479,-1.232,-0.753,-71.398883,41.807098,8454000,NOAA_NOS,IAN,2022,7860.0
2022-09-30 12:00:00,-0.174,-0.551,-0.377,-71.398883,41.807098,8454000,NOAA_NOS,IAN,2022,7920.0
2022-09-30 13:00:00,0.679,0.673,-0.006,-71.398883,41.807098,8454000,NOAA_NOS,IAN,2022,7980.0
2022-09-30 14:00:00,1.575,2.068,0.4930000000000001,-71.398883,41.807098,8454000,NOAA_NOS,IAN,2022,8040.0
2022-09-30 15:00:00,2.598,2.863,0.2650000000000001,-71.398883,41.807098,8454000,NOAA_NOS,IAN,2022,8100.0
2022-09-30 16:00:00,3.005,2.506,-0.4990000000000001,-71.398883,41.807098,8454000,NOAA_NOS,IAN,2022,8160.0
2022-09-30 17:00:00,2.585,1.802,-0.7829999999999999,-71.398883,41.807098,8454000,NOAA_NOS,IAN,2022,8220.0
2022-09-30 18:00:00,1.657,0.756,-0.901,-71.398883,41.807098,8454000,NOAA_NOS,IAN,2022,8280.0
2022-09-30 19:00:00,0.157,-0.05,-0.207,-71.398883,41.807098,8454000,NOAA_NOS,IAN,2022,8340.0
2022-09-30 20:00:00,-1.237,-0.979,0.2580000000000001,-71.398883,41.807098,8454000,NOAA_NOS,IAN,2022,8400.0
2022-09-30 21:00:00,-1.782,-1.571,0.211,-71.398883,41.807098,8454000,NOAA_NOS,IAN,2022,8460.0
2022-09-30 22:00:00,-1.437,-1.656,-0.2189999999999998,-71.398883,41.807098,8454000,NOAA_NOS,IAN,2022,8520.0
2022-09-30 23:00:00,-0.952,-1.751,-0.7989999999999999,-71.398883,41.807098,8454000,NOAA_NOS,IAN,2022,8580.0
2022-10-01 00:00:00,-0.653,-1.525,-0.8719999999999999,-71.398883,41.807098,8454000,NOAA_NOS,IAN,2022,8640.0
2022-10-01 01:00:00,-0.292,-0.648,-0.356,-71.398883,41.807098,8454000,NOAA_NOS,IAN,2022,8700.0
2022-10-01 02:00:00,0.646,0.699,0.0529999999999999,-71.398883,41.807098,8454000,NOAA_NOS,IAN,2022,8760.0
2022-10-01 03:00:00,1.68,1.884,0.2039999999999999,-71.398883,41.807098,8454000,NOAA_NOS,IAN,2022,8820.0
2022-10-01 04:00:00,2.132,2.048,-0.084,-71.398883,41.807098,8454000,NOAA_NOS,IAN,2022,8880.0
2022-10-01 05:00:00,1.926,1.381,-0.5449999999999999,-71.398883,41.807098,8454000,NOAA_NOS,IAN,2022,8940.0
2022-10-01 06:00:00,1.453,0.599,-0.8540000000000001,-71.398883,41.807098,8454000,NOAA_NOS,IAN,2022,9000.0
2022-10-01 07:00:00,0.282,-0.156,-0.4379999999999999,-71.398883,41.807098,8454000,NOAA_NOS,IAN,2022,9060.0
2022-10-01 08:00:00,-0.948,-0.89,0.0579999999999999,-71.398883,41.807098,8454000,NOAA_NOS,IAN,2022,9120.0
2022-10-01 09:00:00,-1.519,-1.754,-0.2350000000000001,-71.398883,41.807098,8454000,NOAA_NOS,IAN,2022,9180.0
2022-10-01 10:00:00,-1.434,-1.984,-0.55,-71.398883,41.807098,8454000,NOAA_NOS,IAN,2022,9240.0
2022-10-01 11:00:00,-0.952,-1.499,-0.5470000000000002,-71.398883,41.807098,8454000,NOAA_NOS,IAN,2022,9300.0
2022-10-01 12:00:00,-0.299,-0.875,-0.5760000000000001,-71.398883,41.807098,8454000,NOAA_NOS,IAN,2022,9360.0
2022-10-01 13:00:00,0.226,0.124,-0.102,-71.398883,41.807098,8454000,NOAA_NOS,IAN,2022,9420.0
2022-10-01 14:00:00,0.892,1.297,0.4049999999999999,-71.398883,41.807098,8454000,NOAA_NOS,IAN,2022,9480.0
2022-10-01 15:00:00,1.762,2.315,0.5529999999999999,-71.398883,41.807098,8454000,NOAA_NOS,IAN,2022,9540.0
2022-10-01 16:00:00,2.542,2.655,0.1129999999999999,-71.398883,41.807098,8454000,NOAA_NOS,IAN,2022,9600.0
2022-10-01 17:00:00,2.752,2.116,-0.6359999999999997,-71.398883,41.807098,8454000,NOAA_NOS,IAN,2022,9660.0
2022-10-01 18:00:00,2.372,1.371,-1.001,-71.398883,41.807098,8454000,NOAA_NOS,IAN,2022,9720.0
2022-10-01 19:00:00,1.689,0.554,-1.135,-71.398883,41.807098,8454000,NOAA_NOS,IAN,2022,9780.0
2022-10-01 20:00:00,0.252,-0.026,-0.278,-71.398883,41.807098,8454000,NOAA_NOS,IAN,2022,9840.0
2022-10-01 21:00:00,-0.883,-0.789,0.0939999999999999,-71.398883,41.807098,8454000,NOAA_NOS,IAN,2022,9900.0
2022-10-01 22:00:00,-1.145,-1.358,-0.213,-71.398883,41.807098,8454000,NOAA_NOS,IAN,2022,9960.0
2022-10-01 23:00:00,-0.85,-1.611,-0.761,-71.398883,41.807098,8454000,NOAA_NOS,IAN,2022,10020.0
2022-09-25 01:00:00,1.201,1.234,0.0329999999999999,-71.41,41.583762,8454049,NOAA_NOS,IAN,2022,60.0
2022-09-25 02:00:00,0.348,0.416,0.068,-71.41,41.583762,8454049,NOAA_NOS,IAN,2022,120.0
2022-09-25 03:00:00,-0.686,-0.368,0.318,-71.41,41.583762,8454049,NOAA_NOS,IAN,2022,180.0
2022-09-25 04:00:00,-1.65,-1.089,0.5609999999999999,-71.41,41.583762,8454049,NOAA_NOS,IAN,2022,240.0
2022-09-25 05:00:00,-2.142,-1.567,0.575,-71.41,41.583762,8454049,NOAA_NOS,IAN,2022,300.0
2022-09-25 06:00:00,-2.126,-1.687,0.4389999999999998,-71.41,41.583762,8454049,NOAA_NOS,IAN,2022,360.0
2022-09-25 07:00:00,-2.037,-1.471,0.5659999999999998,-71.41,41.583762,8454049,NOAA_NOS,IAN,2022,420.0
2022-09-25 08:00:00,-1.473,-0.926,0.547,-71.41,41.583762,8454049,NOAA_NOS,IAN,2022,480.0
2022-09-25 09:00:00,-0.538,-0.052,0.486,-71.41,41.583762,8454049,NOAA_NOS,IAN,2022,540.0
2022-09-25 10:00:00,0.636,1.046,0.41,-71.41,41.583762,8454049,NOAA_NOS,IAN,2022,600.0
2022-09-25 11:00:00,1.827,1.903,0.076,-71.41,41.583762,8454049,NOAA_NOS,IAN,2022,660.0
2022-09-25 12:00:00,2.47,2.082,-0.3880000000000003,-71.41,41.583762,8454049,NOAA_NOS,IAN,2022,720.0
2022-09-25 13:00:00,2.313,1.566,-0.7470000000000001,-71.41,41.583762,8454049,NOAA_NOS,IAN,2022,780.0
2022-09-25 14:00:00,1.575,0.712,-0.863,-71.41,41.583762,8454049,NOAA_NOS,IAN,2022,840.0
2022-09-25 15:00:00,0.456,-0.113,-0.5690000000000001,-71.41,41.583762,8454049,NOAA_NOS,IAN,2022,900.0
2022-09-25 16:00:00,-0.627,-0.912,-0.285,-71.41,41.583762,8454049,NOAA_NOS,IAN,2022,960.0
2022-09-25 17:00:00,-1.155,-1.499,-0.3440000000000001,-71.41,41.583762,8454049,NOAA_NOS,IAN,2022,1020.0
2022-09-25 18:00:00,-0.958,-1.731,-0.7730000000000001,-71.41,41.583762,8454049,NOAA_NOS,IAN,2022,1080.0
2022-09-25 19:00:00,-0.522,-1.617,-1.095,-71.41,41.583762,8454049,NOAA_NOS,IAN,2022,1140.0
2022-09-25 20:00:00,0.079,-1.139,-1.218,-71.41,41.583762,8454049,NOAA_NOS,IAN,2022,1200.0
2022-09-25 21:00:00,0.794,-0.339,-1.133,-71.41,41.583762,8454049,NOAA_NOS,IAN,2022,1260.0
2022-09-25 22:00:00,1.854,0.734,-1.12,-71.41,41.583762,8454049,NOAA_NOS,IAN,2022,1320.0
2022-09-25 23:00:00,2.844,1.716,-1.128,-71.41,41.583762,8454049,NOAA_NOS,IAN,2022,1380.0
2022-09-26 00:00:00,3.409,2.106,-1.303,-71.41,41.583762,8454049,NOAA_NOS,IAN,2022,1440.0
2022-09-26 01:00:00,3.284,1.774,-1.5099999999999998,-71.41,41.583762,8454049,NOAA_NOS,IAN,2022,1500.0
2022-09-26 02:00:00,2.621,0.963,-1.658,-71.41,41.583762,8454049,NOAA_NOS,IAN,2022,1560.0
2022-09-26 03:00:00,1.552,0.081,-1.471,-71.41,41.583762,8454049,NOAA_NOS,IAN,2022,1620.0
2022-09-26 04:00:00,0.384,-0.777,-1.161,-71.41,41.583762,8454049,NOAA_NOS,IAN,2022,1680.0
2022-09-26 05:00:00,-0.561,-1.452,-0.8909999999999999,-71.41,41.583762,8454049,NOAA_NOS,IAN,2022,1740.0
2022-09-26 06:00:00,-0.869,-1.77,-0.901,-71.41,41.583762,8454049,NOAA_NOS,IAN,2022,1800.0
2022-09-26 07:00:00,-0.925,-1.732,-0.8069999999999999,-71.41,41.583762,8454049,NOAA_NOS,IAN,2022,1860.0
2022-09-26 08:00:00,-0.794,-1.354,-0.56,-71.41,41.583762,8454049,NOAA_NOS,IAN,2022,1920.0
2022-09-26 09:00:00,0.016,-0.631,-0.647,-71.41,41.583762,8454049,NOAA_NOS,IAN,2022,1980.0
2022-09-26 10:00:00,1.083,0.461,-0.6219999999999999,-71.41,41.583762,8454049,NOAA_NOS,IAN,2022,2040.0
2022-09-26 11:00:00,2.162,1.638,-0.524,-71.41,41.583762,8454049,NOAA_NOS,IAN,2022,2100.0
2022-09-26 12:00:00,2.808,2.313,-0.4949999999999996,-71.41,41.583762,8454049,NOAA_NOS,IAN,2022,2160.0
2022-09-26 13:00:00,2.874,2.19,-0.6840000000000002,-71.41,41.583762,8454049,NOAA_NOS,IAN,2022,2220.0
2022-09-26 14:00:00,2.28,1.46,-0.8199999999999998,-71.41,41.583762,8454049,NOAA_NOS,IAN,2022,2280.0
2022-09-26 15:00:00,1.152,0.512,-0.6399999999999999,-71.41,41.583762,8454049,NOAA_NOS,IAN,2022,2340.0
2022-09-26 16:00:00,0.036,-0.412,-0.4479999999999999,-71.41,41.583762,8454049,NOAA_NOS,IAN,2022,2400.0
2022-09-26 17:00:00,-0.853,-1.235,-0.3820000000000001,-71.41,41.583762,8454049,NOAA_NOS,IAN,2022,2460.0
2022-09-26 18:00:00,-1.191,-1.755,-0.5639999999999998,-71.41,41.583762,8454049,NOAA_NOS,IAN,2022,2520.0
2022-09-26 19:00:00,-1.033,-1.88,-0.847,-71.41,41.583762,8454049,NOAA_NOS,IAN,2022,2580.0
2022-09-26 20:00:00,-0.722,-1.635,-0.913,-71.41,41.583762,8454049,NOAA_NOS,IAN,2022,2640.0
2022-09-26 21:00:00,-0.292,-1.035,-0.7429999999999999,-71.41,41.583762,8454049,NOAA_NOS,IAN,2022,2700.0
2022-09-26 22:00:00,0.607,-0.063,-0.6699999999999999,-71.41,41.583762,8454049,NOAA_NOS,IAN,2022,2760.0
2022-09-26 23:00:00,1.699,1.135,-0.5640000000000001,-71.41,41.583762,8454049,NOAA_NOS,IAN,2022,2820.0
2022-09-27 00:00:00,2.635,2.005,-0.6299999999999999,-71.41,41.583762,8454049,NOAA_NOS,IAN,2022,2880.0
2022-09-27 01:00:00,3.002,2.131,-0.871,-71.41,41.583762,8454049,NOAA_NOS,IAN,2022,2940.0
2022-09-27 02:00:00,2.743,1.541,-1.202,-71.41,41.583762,8454049,NOAA_NOS,IAN,2022,3000.0
2022-09-27 03:00:00,1.867,0.613,-1.254,-71.41,41.583762,8454049,NOAA_NOS,IAN,2022,3060.0
2022-09-27 04:00:00,0.584,-0.31,-0.8939999999999999,-71.41,41.583762,8454049,NOAA_NOS,IAN,2022,3120.0
2022-09-27 05:00:00,-0.617,-1.159,-0.542,-71.41,41.583762,8454049,NOAA_NOS,IAN,2022,3180.0
2022-09-27 06:00:00,-1.312,-1.731,-0.419,-71.41,41.583762,8454049,NOAA_NOS,IAN,2022,3240.0
2022-09-27 07:00:00,-1.207,-1.893,-0.6859999999999999,-71.41,41.583762,8454049,NOAA_NOS,IAN,2022,3300.0
2022-09-27 08:00:00,-0.823,-1.686,-0.863,-71.41,41.583762,8454049,NOAA_NOS,IAN,2022,3360.0
2022-09-27 09:00:00,-0.233,-1.125,-0.892,-71.41,41.583762,8454049,NOAA_NOS,IAN,2022,3420.0
2022-09-27 10:00:00,0.443,-0.205,-0.648,-71.41,41.583762,8454049,NOAA_NOS,IAN,2022,3480.0
2022-09-27 11:00:00,1.322,1.045,-0.2770000000000001,-71.41,41.583762,8454049,NOAA_NOS,IAN,2022,3540.0
2022-09-27 12:00:00,2.333,2.152,-0.181,-71.41,41.583762,8454049,NOAA_NOS,IAN,2022,3600.0
2022-09-27 13:00:00,3.064,2.552,-0.512,-71.41,41.583762,8454049,NOAA_NOS,IAN,2022,3660.0
2022-09-27 14:00:00,3.166,2.155,-1.011,-71.41,41.583762,8454049,NOAA_NOS,IAN,2022,3720.0
2022-09-27 15:00:00,2.51,1.237,-1.2729999999999997,-71.41,41.583762,8454049,NOAA_NOS,IAN,2022,3780.0
2022-09-27 16:00:00,1.306,0.26,-1.046,-71.41,41.583762,8454049,NOAA_NOS,IAN,2022,3840.0
2022-09-27 17:00:00,-0.144,-0.728,-0.584,-71.41,41.583762,8454049,NOAA_NOS,IAN,2022,3900.0
2022-09-27 18:00:00,-1.155,-1.491,-0.3360000000000001,-71.41,41.583762,8454049,NOAA_NOS,IAN,2022,3960.0
2022-09-27 19:00:00,-1.476,-1.882,-0.4059999999999999,-71.41,41.583762,8454049,NOAA_NOS,IAN,2022,4020.0
2022-09-27 20:00:00,-1.138,-1.916,-0.778,-71.41,41.583762,8454049,NOAA_NOS,IAN,2022,4080.0
2022-09-27 21:00:00,-0.725,-1.587,-0.862,-71.41,41.583762,8454049,NOAA_NOS,IAN,2022,4140.0
2022-09-27 22:00:00,-0.062,-0.883,-0.821,-71.41,41.583762,8454049,NOAA_NOS,IAN,2022,4200.0
2022-09-27 23:00:00,0.797,0.243,-0.554,-71.41,41.583762,8454049,NOAA_NOS,IAN,2022,4260.0
2022-09-28 00:00:00,1.699,1.453,-0.246,-71.41,41.583762,8454049,NOAA_NOS,IAN,2022,4320.0
2022-09-28 01:00:00,2.359,2.125,-0.2339999999999999,-71.41,41.583762,8454049,NOAA_NOS,IAN,2022,4380.0
2022-09-28 02:00:00,2.405,1.97,-0.4349999999999998,-71.41,41.583762,8454049,NOAA_NOS,IAN,2022,4440.0
2022-09-28 03:00:00,1.949,1.191,-0.758,-71.41,41.583762,8454049,NOAA_NOS,IAN,2022,4500.0
2022-09-28 04:00:00,1.03,0.251,-0.779,-71.41,41.583762,8454049,NOAA_NOS,IAN,2022,4560.0
2022-09-28 05:00:00,-0.154,-0.669,-0.515,-71.41,41.583762,8454049,NOAA_NOS,IAN,2022,4620.0
2022-09-28 06:00:00,-1.132,-1.431,-0.2990000000000001,-71.41,41.583762,8454049,NOAA_NOS,IAN,2022,4680.0
2022-09-28 07:00:00,-1.64,-1.844,-0.2040000000000001,-71.41,41.583762,8454049,NOAA_NOS,IAN,2022,4740.0
2022-09-28 08:00:00,-1.503,-1.864,-0.3610000000000002,-71.41,41.583762,8454049,NOAA_NOS,IAN,2022,4800.0
2022-09-28 09:00:00,-1.027,-1.535,-0.508,-71.41,41.583762,8454049,NOAA_NOS,IAN,2022,4860.0
2022-09-28 10:00:00,-0.361,-0.868,-0.507,-71.41,41.583762,8454049,NOAA_NOS,IAN,2022,4920.0
2022-09-28 11:00:00,0.554,0.202,-0.352,-71.41,41.583762,8454049,NOAA_NOS,IAN,2022,4980.0
2022-09-28 12:00:00,1.594,1.515,-0.0790000000000001,-71.41,41.583762,8454049,NOAA_NOS,IAN,2022,5040.0
2022-09-28 13:00:00,2.467,2.477,0.0099999999999997,-71.41,41.583762,8454049,NOAA_NOS,IAN,2022,5100.0
2022-09-28 14:00:00,2.936,2.633,-0.3029999999999999,-71.41,41.583762,8454049,NOAA_NOS,IAN,2022,5160.0
2022-09-28 15:00:00,2.654,2.021,-0.633,-71.41,41.583762,8454049,NOAA_NOS,IAN,2022,5220.0
2022-09-28 16:00:00,1.729,1.034,-0.6950000000000001,-71.41,41.583762,8454049,NOAA_NOS,IAN,2022,5280.0
2022-09-28 17:00:00,0.4,0.011,-0.389,-71.41,41.583762,8454049,NOAA_NOS,IAN,2022,5340.0
2022-09-28 18:00:00,-0.768,-0.949,-0.1809999999999999,-71.41,41.583762,8454049,NOAA_NOS,IAN,2022,5400.0
2022-09-28 19:00:00,-1.588,-1.609,-0.0209999999999999,-71.41,41.583762,8454049,NOAA_NOS,IAN,2022,5460.0
2022-09-28 20:00:00,-1.663,-1.895,-0.2319999999999999,-71.41,41.583762,8454049,NOAA_NOS,IAN,2022,5520.0
2022-09-28 21:00:00,-1.483,-1.858,-0.375,-71.41,41.583762,8454049,NOAA_NOS,IAN,2022,5580.0
2022-09-28 22:00:00,-0.981,-1.479,-0.4980000000000001,-71.41,41.583762,8454049,NOAA_NOS,IAN,2022,5640.0
2022-09-28 23:00:00,-0.282,-0.691,-0.409,-71.41,41.583762,8454049,NOAA_NOS,IAN,2022,5700.0
2022-09-29 00:00:00,0.581,0.505,-0.0759999999999999,-71.41,41.583762,8454049,NOAA_NOS,IAN,2022,5760.0
2022-09-29 01:00:00,1.414,1.626,0.2119999999999999,-71.41,41.583762,8454049,NOAA_NOS,IAN,2022,5820.0
2022-09-29 02:00:00,1.913,2.075,0.1620000000000001,-71.41,41.583762,8454049,NOAA_NOS,IAN,2022,5880.0
2022-09-29 03:00:00,1.772,1.708,-0.064,-71.41,41.583762,8454049,NOAA_NOS,IAN,2022,5940.0
2022-09-29 04:00:00,1.184,0.835,-0.349,-71.41,41.583762,8454049,NOAA_NOS,IAN,2022,6000.0
2022-09-29 05:00:00,0.23,-0.074,-0.304,-71.41,41.583762,8454049,NOAA_NOS,IAN,2022,6060.0
2022-09-29 06:00:00,-0.896,-0.947,-0.0509999999999999,-71.41,41.583762,8454049,NOAA_NOS,IAN,2022,6120.0
2022-09-29 07:00:00,-1.818,-1.581,0.2370000000000001,-71.41,41.583762,8454049,NOAA_NOS,IAN,2022,6180.0
2022-09-29 08:00:00,-1.975,-1.806,0.169,-71.41,41.583762,8454049,NOAA_NOS,IAN,2022,6240.0
2022-09-29 09:00:00,-1.722,-1.668,0.054,-71.41,41.583762,8454049,NOAA_NOS,IAN,2022,6300.0
2022-09-29 10:00:00,-1.171,-1.227,-0.056,-71.41,41.583762,8454049,NOAA_NOS,IAN,2022,6360.0
2022-09-29 11:00:00,-0.413,-0.514,-0.101,-71.41,41.583762,8454049,NOAA_NOS,IAN,2022,6420.0
2022-09-29 12:00:00,0.476,0.562,0.086,-71.41,41.583762,8454049,NOAA_NOS,IAN,2022,6480.0
2022-09-29 13:00:00,1.417,1.747,0.33,-71.41,41.583762,8454049,NOAA_NOS,IAN,2022,6540.0
2022-09-29 14:00:00,2.234,2.515,0.2810000000000001,-71.41,41.583762,8454049,NOAA_NOS,IAN,2022,6600.0
2022-09-29 15:00:00,2.477,2.553,0.076,-71.41,41.583762,8454049,NOAA_NOS,IAN,2022,6660.0
2022-09-29 16:00:00,2.192,1.911,-0.2810000000000001,-71.41,41.583762,8454049,NOAA_NOS,IAN,2022,6720.0
2022-09-29 17:00:00,1.385,0.982,-0.403,-71.41,41.583762,8454049,NOAA_NOS,IAN,2022,6780.0
2022-09-29 18:00:00,0.102,-0.053,-0.155,-71.41,41.583762,8454049,NOAA_NOS,IAN,2022,6840.0
2022-09-29 19:00:00,-1.027,-0.988,0.0389999999999999,-71.41,41.583762,8454049,NOAA_NOS,IAN,2022,6900.0
2022-09-29 20:00:00,-1.631,-1.613,0.018,-71.41,41.583762,8454049,NOAA_NOS,IAN,2022,6960.0
2022-09-29 21:00:00,-1.647,-1.9,-0.2529999999999999,-71.41,41.583762,8454049,NOAA_NOS,IAN,2022,7020.0
2022-09-29 22:00:00,-1.371,-1.84,-0.4690000000000001,-71.41,41.583762,8454049,NOAA_NOS,IAN,2022,7080.0
2022-09-29 23:00:00,-0.935,-1.369,-0.4339999999999999,-71.41,41.583762,8454049,NOAA_NOS,IAN,2022,7140.0
2022-09-30 00:00:00,-0.22,-0.442,-0.222,-71.41,41.583762,8454049,NOAA_NOS,IAN,2022,7200.0
2022-09-30 01:00:00,0.636,0.792,0.156,-71.41,41.583762,8454049,NOAA_NOS,IAN,2022,7260.0
2022-09-30 02:00:00,1.424,1.714,0.29,-71.41,41.583762,8454049,NOAA_NOS,IAN,2022,7320.0
2022-09-30 03:00:00,1.713,1.885,0.1719999999999999,-71.41,41.583762,8454049,NOAA_NOS,IAN,2022,7380.0
2022-09-30 04:00:00,1.526,1.36,-0.1659999999999999,-71.41,41.583762,8454049,NOAA_NOS,IAN,2022,7440.0
2022-09-30 05:00:00,0.915,0.51,-0.405,-71.41,41.583762,8454049,NOAA_NOS,IAN,2022,7500.0
2022-09-30 06:00:00,-0.062,-0.317,-0.255,-71.41,41.583762,8454049,NOAA_NOS,IAN,2022,7560.0
2022-09-30 07:00:00,-1.086,-1.068,0.018,-71.41,41.583762,8454049,NOAA_NOS,IAN,2022,7620.0
2022-09-30 08:00:00,-1.683,-1.565,0.1180000000000001,-71.41,41.583762,8454049,NOAA_NOS,IAN,2022,7680.0
2022-09-30 09:00:00,-1.588,-1.685,-0.0969999999999999,-71.41,41.583762,8454049,NOAA_NOS,IAN,2022,7740.0
2022-09-30 10:00:00,-1.093,-1.51,-0.417,-71.41,41.583762,8454049,NOAA_NOS,IAN,2022,7800.0
2022-09-30 11:00:00,-0.522,-1.074,-0.552,-71.41,41.583762,8454049,NOAA_NOS,IAN,2022,7860.0
2022-09-30 12:00:00,0.085,-0.317,-0.402,-71.41,41.583762,8454049,NOAA_NOS,IAN,2022,7920.0
2022-09-30 13:00:00,0.837,0.819,-0.018,-71.41,41.583762,8454049,NOAA_NOS,IAN,2022,7980.0
2022-09-30 14:00:00,1.762,1.943,0.181,-71.41,41.583762,8454049,NOAA_NOS,IAN,2022,8040.0
2022-09-30 15:00:00,2.484,2.527,0.0430000000000001,-71.41,41.583762,8454049,NOAA_NOS,IAN,2022,8100.0
2022-09-30 16:00:00,2.73,2.374,-0.3559999999999998,-71.41,41.583762,8454049,NOAA_NOS,IAN,2022,8160.0
2022-09-30 17:00:00,2.356,1.643,-0.7129999999999999,-71.41,41.583762,8454049,NOAA_NOS,IAN,2022,8220.0
2022-09-30 18:00:00,1.335,0.789,-0.5459999999999999,-71.41,41.583762,8454049,NOAA_NOS,IAN,2022,8280.0
2022-09-30 19:00:00,0.033,-0.145,-0.178,-71.41,41.583762,8454049,NOAA_NOS,IAN,2022,8340.0
2022-09-30 20:00:00,-0.991,-0.914,0.0769999999999999,-71.41,41.583762,8454049,NOAA_NOS,IAN,2022,8400.0
2022-09-30 21:00:00,-1.332,-1.411,-0.0789999999999999,-71.41,41.583762,8454049,NOAA_NOS,IAN,2022,8460.0
2022-09-30 22:00:00,-1.266,-1.659,-0.393,-71.41,41.583762,8454049,NOAA_NOS,IAN,2022,8520.0
2022-09-30 23:00:00,-0.955,-1.635,-0.68,-71.41,41.583762,8454049,NOAA_NOS,IAN,2022,8580.0
2022-10-01 00:00:00,-0.577,-1.273,-0.696,-71.41,41.583762,8454049,NOAA_NOS,IAN,2022,8640.0
2022-10-01 01:00:00,-0.01,-0.419,-0.409,-71.41,41.583762,8454049,NOAA_NOS,IAN,2022,8700.0
2022-10-01 02:00:00,0.81,0.728,-0.082,-71.41,41.583762,8454049,NOAA_NOS,IAN,2022,8760.0
2022-10-01 03:00:00,1.572,1.591,0.0189999999999999,-71.41,41.583762,8454049,NOAA_NOS,IAN,2022,8820.0
2022-10-01 04:00:00,1.9,1.764,-0.1359999999999999,-71.41,41.583762,8454049,NOAA_NOS,IAN,2022,8880.0
2022-10-01 05:00:00,1.781,1.281,-0.5,-71.41,41.583762,8454049,NOAA_NOS,IAN,2022,8940.0
2022-10-01 06:00:00,1.132,0.557,-0.5749999999999998,-71.41,41.583762,8454049,NOAA_NOS,IAN,2022,9000.0
2022-10-01 07:00:00,0.115,-0.205,-0.32,-71.41,41.583762,8454049,NOAA_NOS,IAN,2022,9060.0
2022-10-01 08:00:00,-0.758,-1.008,-0.25,-71.41,41.583762,8454049,NOAA_NOS,IAN,2022,9120.0
2022-10-01 09:00:00,-1.247,-1.592,-0.345,-71.41,41.583762,8454049,NOAA_NOS,IAN,2022,9180.0
2022-10-01 10:00:00,-1.201,-1.75,-0.5489999999999999,-71.41,41.583762,8454049,NOAA_NOS,IAN,2022,9240.0
2022-10-01 11:00:00,-0.784,-1.435,-0.651,-71.41,41.583762,8454049,NOAA_NOS,IAN,2022,9300.0
2022-10-01 12:00:00,-0.213,-0.731,-0.518,-71.41,41.583762,8454049,NOAA_NOS,IAN,2022,9360.0
2022-10-01 13:00:00,0.364,0.229,-0.1349999999999999,-71.41,41.583762,8454049,NOAA_NOS,IAN,2022,9420.0
2022-10-01 14:00:00,1.106,1.304,0.1979999999999999,-71.41,41.583762,8454049,NOAA_NOS,IAN,2022,9480.0
2022-10-01 15:00:00,1.804,2.15,0.3459999999999998,-71.41,41.583762,8454049,NOAA_NOS,IAN,2022,9540.0
2022-10-01 16:00:00,2.497,2.375,-0.1219999999999998,-71.41,41.583762,8454049,NOAA_NOS,IAN,2022,9600.0
2022-10-01 17:00:00,2.556,2.019,-0.5369999999999999,-71.41,41.583762,8454049,NOAA_NOS,IAN,2022,9660.0
2022-10-01 18:00:00,2.244,1.304,-0.9400000000000002,-71.41,41.583762,8454049,NOAA_NOS,IAN,2022,9720.0
2022-10-01 19:00:00,1.398,0.589,-0.8089999999999999,-71.41,41.583762,8454049,NOAA_NOS,IAN,2022,9780.0
2022-10-01 20:00:00,0.285,-0.118,-0.4029999999999999,-71.41,41.583762,8454049,NOAA_NOS,IAN,2022,9840.0
2022-10-01 21:00:00,-0.499,-0.767,-0.268,-71.41,41.583762,8454049,NOAA_NOS,IAN,2022,9900.0
2022-10-01 22:00:00,-0.781,-1.269,-0.4879999999999999,-71.41,41.583762,8454049,NOAA_NOS,IAN,2022,9960.0
2022-10-01 23:00:00,-0.778,-1.594,-0.8160000000000001,-71.41,41.583762,8454049,NOAA_NOS,IAN,2022,10020.0
2022-09-25 01:00:00,0.999,1.496,0.497,-72.095525,41.3717,8461490,NOAA_NOS,IAN,2022,60.0
2022-09-25 02:00:00,0.897,1.364,0.4670000000000001,-72.095525,41.3717,8461490,NOAA_NOS,IAN,2022,120.0
2022-09-25 03:00:00,0.52,0.984,0.4639999999999999,-72.095525,41.3717,8461490,NOAA_NOS,IAN,2022,180.0
2022-09-25 04:00:00,-0.058,0.375,0.433,-72.095525,41.3717,8461490,NOAA_NOS,IAN,2022,240.0
2022-09-25 05:00:00,-0.576,-0.404,0.1719999999999999,-72.095525,41.3717,8461490,NOAA_NOS,IAN,2022,300.0
2022-09-25 06:00:00,-1.137,-1.117,0.02,-72.095525,41.3717,8461490,NOAA_NOS,IAN,2022,360.0
2022-09-25 07:00:00,-1.777,-1.569,0.2079999999999999,-72.095525,41.3717,8461490,NOAA_NOS,IAN,2022,420.0
2022-09-25 08:00:00,-2.017,-1.639,0.3779999999999999,-72.095525,41.3717,8461490,NOAA_NOS,IAN,2022,480.0
2022-09-25 09:00:00,-1.492,-1.197,0.2949999999999999,-72.095525,41.3717,8461490,NOAA_NOS,IAN,2022,540.0
2022-09-25 10:00:00,-0.639,-0.378,0.261,-72.095525,41.3717,8461490,NOAA_NOS,IAN,2022,600.0
2022-09-25 11:00:00,0.1,0.465,0.365,-72.095525,41.3717,8461490,NOAA_NOS,IAN,2022,660.0
2022-09-25 12:00:00,0.785,1.149,0.364,-72.095525,41.3717,8461490,NOAA_NOS,IAN,2022,720.0
2022-09-25 13:00:00,1.294,1.52,0.2259999999999999,-72.095525,41.3717,8461490,NOAA_NOS,IAN,2022,780.0
2022-09-25 14:00:00,1.615,1.489,-0.1259999999999999,-72.095525,41.3717,8461490,NOAA_NOS,IAN,2022,840.0
2022-09-25 15:00:00,1.399,1.192,-0.207,-72.095525,41.3717,8461490,NOAA_NOS,IAN,2022,900.0
2022-09-25 16:00:00,0.897,0.649,-0.248,-72.095525,41.3717,8461490,NOAA_NOS,IAN,2022,960.0
2022-09-25 17:00:00,0.549,-0.117,-0.666,-72.095525,41.3717,8461490,NOAA_NOS,IAN,2022,1020.0
2022-09-25 18:00:00,0.224,-0.906,-1.13,-72.095525,41.3717,8461490,NOAA_NOS,IAN,2022,1080.0
2022-09-25 19:00:00,-0.153,-1.442,-1.289,-72.095525,41.3717,8461490,NOAA_NOS,IAN,2022,1140.0
2022-09-25 20:00:00,-0.317,-1.67,-1.353,-72.095525,41.3717,8461490,NOAA_NOS,IAN,2022,1200.0
2022-09-25 21:00:00,-0.107,-1.391,-1.284,-72.095525,41.3717,8461490,NOAA_NOS,IAN,2022,1260.0
2022-09-25 22:00:00,0.634,-0.626,-1.26,-72.095525,41.3717,8461490,NOAA_NOS,IAN,2022,1320.0
2022-09-25 23:00:00,1.405,0.223,-1.182,-72.095525,41.3717,8461490,NOAA_NOS,IAN,2022,1380.0
2022-09-26 00:00:00,1.963,0.966,-0.997,-72.095525,41.3717,8461490,NOAA_NOS,IAN,2022,1440.0
2022-09-26 01:00:00,2.383,1.435,-0.948,-72.095525,41.3717,8461490,NOAA_NOS,IAN,2022,1500.0
2022-09-26 02:00:00,2.728,1.523,-1.2050000000000003,-72.095525,41.3717,8461490,NOAA_NOS,IAN,2022,1560.0
2022-09-26 03:00:00,2.514,1.266,-1.2479999999999998,-72.095525,41.3717,8461490,NOAA_NOS,IAN,2022,1620.0
2022-09-26 04:00:00,1.875,0.773,-1.102,-72.095525,41.3717,8461490,NOAA_NOS,IAN,2022,1680.0
2022-09-26 05:00:00,1.346,0.051,-1.2950000000000002,-72.095525,41.3717,8461490,NOAA_NOS,IAN,2022,1740.0
2022-09-26 06:00:00,0.739,-0.767,-1.506,-72.095525,41.3717,8461490,NOAA_NOS,IAN,2022,1800.0
2022-09-26 07:00:00,-0.094,-1.371,-1.277,-72.095525,41.3717,8461490,NOAA_NOS,IAN,2022,1860.0
2022-09-26 08:00:00,-0.694,-1.72,-1.026,-72.095525,41.3717,8461490,NOAA_NOS,IAN,2022,1920.0
2022-09-26 09:00:00,-0.553,-1.585,-1.032,-72.095525,41.3717,8461490,NOAA_NOS,IAN,2022,1980.0
2022-09-26 10:00:00,-0.009,-0.842,-0.833,-72.095525,41.3717,8461490,NOAA_NOS,IAN,2022,2040.0
2022-09-26 11:00:00,0.382,0.072,-0.31,-72.095525,41.3717,8461490,NOAA_NOS,IAN,2022,2100.0
2022-09-26 12:00:00,1.169,0.916,-0.253,-72.095525,41.3717,8461490,NOAA_NOS,IAN,2022,2160.0
2022-09-26 13:00:00,1.73,1.523,-0.207,-72.095525,41.3717,8461490,NOAA_NOS,IAN,2022,2220.0
2022-09-26 14:00:00,1.858,1.774,-0.084,-72.095525,41.3717,8461490,NOAA_NOS,IAN,2022,2280.0
2022-09-26 15:00:00,1.776,1.579,-0.197,-72.095525,41.3717,8461490,NOAA_NOS,IAN,2022,2340.0
2022-09-26 16:00:00,1.461,1.093,-0.3680000000000001,-72.095525,41.3717,8461490,NOAA_NOS,IAN,2022,2400.0
2022-09-26 17:00:00,0.867,0.41,-0.457,-72.095525,41.3717,8461490,NOAA_NOS,IAN,2022,2460.0
2022-09-26 18:00:00,0.27,-0.45,-0.72,-72.095525,41.3717,8461490,NOAA_NOS,IAN,2022,2520.0
2022-09-26 19:00:00,-0.179,-1.227,-1.048,-72.095525,41.3717,8461490,NOAA_NOS,IAN,2022,2580.0
2022-09-26 20:00:00,-0.639,-1.722,-1.083,-72.095525,41.3717,8461490,NOAA_NOS,IAN,2022,2640.0
2022-09-26 21:00:00,-0.898,-1.792,-0.894,-72.095525,41.3717,8461490,NOAA_NOS,IAN,2022,2700.0
2022-09-26 22:00:00,-0.435,-1.275,-0.8399999999999999,-72.095525,41.3717,8461490,NOAA_NOS,IAN,2022,2760.0
2022-09-26 23:00:00,0.454,-0.392,-0.8460000000000001,-72.095525,41.3717,8461490,NOAA_NOS,IAN,2022,2820.0
2022-09-27 00:00:00,1.045,0.481,-0.564,-72.095525,41.3717,8461490,NOAA_NOS,IAN,2022,2880.0
2022-09-27 01:00:00,1.612,1.16,-0.4520000000000002,-72.095525,41.3717,8461490,NOAA_NOS,IAN,2022,2940.0
2022-09-27 02:00:00,2.032,1.519,-0.5130000000000001,-72.095525,41.3717,8461490,NOAA_NOS,IAN,2022,3000.0
2022-09-27 03:00:00,2.14,1.451,-0.6890000000000001,-72.095525,41.3717,8461490,NOAA_NOS,IAN,2022,3060.0
2022-09-27 04:00:00,1.704,1.075,-0.629,-72.095525,41.3717,8461490,NOAA_NOS,IAN,2022,3120.0
2022-09-27 05:00:00,1.107,0.494,-0.613,-72.095525,41.3717,8461490,NOAA_NOS,IAN,2022,3180.0
2022-09-27 06:00:00,0.539,-0.296,-0.835,-72.095525,41.3717,8461490,NOAA_NOS,IAN,2022,3240.0
2022-09-27 07:00:00,0.004,-1.082,-1.086,-72.095525,41.3717,8461490,NOAA_NOS,IAN,2022,3300.0
2022-09-27 08:00:00,-0.429,-1.607,-1.178,-72.095525,41.3717,8461490,NOAA_NOS,IAN,2022,3360.0
2022-09-27 09:00:00,-0.74,-1.752,-1.012,-72.095525,41.3717,8461490,NOAA_NOS,IAN,2022,3420.0
2022-09-27 10:00:00,-0.534,-1.343,-0.8089999999999999,-72.095525,41.3717,8461490,NOAA_NOS,IAN,2022,3480.0
2022-09-27 11:00:00,0.132,-0.444,-0.5760000000000001,-72.095525,41.3717,8461490,NOAA_NOS,IAN,2022,3540.0
2022-09-27 12:00:00,0.874,0.527,-0.347,-72.095525,41.3717,8461490,NOAA_NOS,IAN,2022,3600.0
2022-09-27 13:00:00,1.599,1.335,-0.264,-72.095525,41.3717,8461490,NOAA_NOS,IAN,2022,3660.0
2022-09-27 14:00:00,2.134,1.83,-0.3039999999999998,-72.095525,41.3717,8461490,NOAA_NOS,IAN,2022,3720.0
2022-09-27 15:00:00,2.449,1.895,-0.5539999999999998,-72.095525,41.3717,8461490,NOAA_NOS,IAN,2022,3780.0
2022-09-27 16:00:00,2.19,1.555,-0.635,-72.095525,41.3717,8461490,NOAA_NOS,IAN,2022,3840.0
2022-09-27 17:00:00,1.441,0.964,-0.4770000000000001,-72.095525,41.3717,8461490,NOAA_NOS,IAN,2022,3900.0
2022-09-27 18:00:00,0.818,0.149,-0.6689999999999999,-72.095525,41.3717,8461490,NOAA_NOS,IAN,2022,3960.0
2022-09-27 19:00:00,0.218,-0.764,-0.982,-72.095525,41.3717,8461490,NOAA_NOS,IAN,2022,4020.0
2022-09-27 20:00:00,-0.337,-1.47,-1.133,-72.095525,41.3717,8461490,NOAA_NOS,IAN,2022,4080.0
2022-09-27 21:00:00,-0.917,-1.905,-0.988,-72.095525,41.3717,8461490,NOAA_NOS,IAN,2022,4140.0
2022-09-27 22:00:00,-0.937,-1.826,-0.889,-72.095525,41.3717,8461490,NOAA_NOS,IAN,2022,4200.0
2022-09-27 23:00:00,-0.406,-1.093,-0.6869999999999999,-72.095525,41.3717,8461490,NOAA_NOS,IAN,2022,4260.0
2022-09-28 00:00:00,0.188,-0.158,-0.346,-72.095525,41.3717,8461490,NOAA_NOS,IAN,2022,4320.0
2022-09-28 01:00:00,0.766,0.67,-0.0959999999999999,-72.095525,41.3717,8461490,NOAA_NOS,IAN,2022,4380.0
2022-09-28 02:00:00,1.209,1.243,0.034,-72.095525,41.3717,8461490,NOAA_NOS,IAN,2022,4440.0
2022-09-28 03:00:00,1.563,1.489,-0.0739999999999998,-72.095525,41.3717,8461490,NOAA_NOS,IAN,2022,4500.0
2022-09-28 04:00:00,1.612,1.314,-0.298,-72.095525,41.3717,8461490,NOAA_NOS,IAN,2022,4560.0
2022-09-28 05:00:00,1.195,0.858,-0.3370000000000001,-72.095525,41.3717,8461490,NOAA_NOS,IAN,2022,4620.0
2022-09-28 06:00:00,0.579,0.21,-0.369,-72.095525,41.3717,8461490,NOAA_NOS,IAN,2022,4680.0
2022-09-28 07:00:00,0.011,-0.59,-0.601,-72.095525,41.3717,8461490,NOAA_NOS,IAN,2022,4740.0
2022-09-28 08:00:00,-0.448,-1.289,-0.841,-72.095525,41.3717,8461490,NOAA_NOS,IAN,2022,4800.0
2022-09-28 09:00:00,-0.901,-1.717,-0.8160000000000001,-72.095525,41.3717,8461490,NOAA_NOS,IAN,2022,4860.0
2022-09-28 10:00:00,-0.986,-1.683,-0.6970000000000001,-72.095525,41.3717,8461490,NOAA_NOS,IAN,2022,4920.0
2022-09-28 11:00:00,-0.52,-1.044,-0.524,-72.095525,41.3717,8461490,NOAA_NOS,IAN,2022,4980.0
2022-09-28 12:00:00,0.211,-0.073,-0.284,-72.095525,41.3717,8461490,NOAA_NOS,IAN,2022,5040.0
2022-09-28 13:00:00,0.9,0.895,-0.005,-72.095525,41.3717,8461490,NOAA_NOS,IAN,2022,5100.0
2022-09-28 14:00:00,1.546,1.642,0.0959999999999998,-72.095525,41.3717,8461490,NOAA_NOS,IAN,2022,5160.0
2022-09-28 15:00:00,1.953,2.042,0.0889999999999997,-72.095525,41.3717,8461490,NOAA_NOS,IAN,2022,5220.0
2022-09-28 16:00:00,2.048,1.932,-0.1160000000000001,-72.095525,41.3717,8461490,NOAA_NOS,IAN,2022,5280.0
2022-09-28 17:00:00,1.658,1.478,-0.1799999999999999,-72.095525,41.3717,8461490,NOAA_NOS,IAN,2022,5340.0
2022-09-28 18:00:00,1.022,0.823,-0.199,-72.095525,41.3717,8461490,NOAA_NOS,IAN,2022,5400.0
2022-09-28 19:00:00,0.385,-0.067,-0.452,-72.095525,41.3717,8461490,NOAA_NOS,IAN,2022,5460.0
2022-09-28 20:00:00,-0.235,-0.967,-0.732,-72.095525,41.3717,8461490,NOAA_NOS,IAN,2022,5520.0
2022-09-28 21:00:00,-0.914,-1.651,-0.737,-72.095525,41.3717,8461490,NOAA_NOS,IAN,2022,5580.0
2022-09-28 22:00:00,-1.311,-1.969,-0.6580000000000001,-72.095525,41.3717,8461490,NOAA_NOS,IAN,2022,5640.0
2022-09-28 23:00:00,-1.18,-1.752,-0.5720000000000001,-72.095525,41.3717,8461490,NOAA_NOS,IAN,2022,5700.0
2022-09-29 00:00:00,-0.566,-0.916,-0.3500000000000001,-72.095525,41.3717,8461490,NOAA_NOS,IAN,2022,5760.0
2022-09-29 01:00:00,0.021,0.004,-0.017,-72.095525,41.3717,8461490,NOAA_NOS,IAN,2022,5820.0
2022-09-29 02:00:00,0.506,0.771,0.265,-72.095525,41.3717,8461490,NOAA_NOS,IAN,2022,5880.0
2022-09-29 03:00:00,0.926,1.257,0.3309999999999998,-72.095525,41.3717,8461490,NOAA_NOS,IAN,2022,5940.0
2022-09-29 04:00:00,1.166,1.367,0.201,-72.095525,41.3717,8461490,NOAA_NOS,IAN,2022,6000.0
2022-09-29 05:00:00,1.067,1.13,0.0629999999999999,-72.095525,41.3717,8461490,NOAA_NOS,IAN,2022,6060.0
2022-09-29 06:00:00,0.562,0.648,0.0859999999999999,-72.095525,41.3717,8461490,NOAA_NOS,IAN,2022,6120.0
2022-09-29 07:00:00,0.024,-0.024,-0.048,-72.095525,41.3717,8461490,NOAA_NOS,IAN,2022,6180.0
2022-09-29 08:00:00,-0.442,-0.782,-0.34,-72.095525,41.3717,8461490,NOAA_NOS,IAN,2022,6240.0
2022-09-29 09:00:00,-0.908,-1.343,-0.4349999999999999,-72.095525,41.3717,8461490,NOAA_NOS,IAN,2022,6300.0
2022-09-29 10:00:00,-1.288,-1.637,-0.349,-72.095525,41.3717,8461490,NOAA_NOS,IAN,2022,6360.0
2022-09-29 11:00:00,-1.186,-1.468,-0.282,-72.095525,41.3717,8461490,NOAA_NOS,IAN,2022,6420.0
2022-09-29 12:00:00,-0.622,-0.735,-0.1129999999999999,-72.095525,41.3717,8461490,NOAA_NOS,IAN,2022,6480.0
2022-09-29 13:00:00,0.09,0.204,0.1139999999999999,-72.095525,41.3717,8461490,NOAA_NOS,IAN,2022,6540.0
2022-09-29 14:00:00,0.887,1.122,0.2350000000000001,-72.095525,41.3717,8461490,NOAA_NOS,IAN,2022,6600.0
2022-09-29 15:00:00,1.419,1.827,0.4079999999999999,-72.095525,41.3717,8461490,NOAA_NOS,IAN,2022,6660.0
2022-09-29 16:00:00,1.829,2.143,0.3139999999999998,-72.095525,41.3717,8461490,NOAA_NOS,IAN,2022,6720.0
2022-09-29 17:00:00,1.898,1.986,0.088,-72.095525,41.3717,8461490,NOAA_NOS,IAN,2022,6780.0
2022-09-29 18:00:00,1.484,1.484,0.0,-72.095525,41.3717,8461490,NOAA_NOS,IAN,2022,6840.0
2022-09-29 19:00:00,0.818,0.731,-0.0869999999999999,-72.095525,41.3717,8461490,NOAA_NOS,IAN,2022,6900.0
2022-09-29 20:00:00,0.172,-0.194,-0.366,-72.095525,41.3717,8461490,NOAA_NOS,IAN,2022,6960.0
2022-09-29 21:00:00,-0.379,-1.065,-0.6859999999999999,-72.095525,41.3717,8461490,NOAA_NOS,IAN,2022,7020.0
2022-09-29 22:00:00,-1.029,-1.733,-0.7040000000000002,-72.095525,41.3717,8461490,NOAA_NOS,IAN,2022,7080.0
2022-09-29 23:00:00,-1.403,-1.966,-0.563,-72.095525,41.3717,8461490,NOAA_NOS,IAN,2022,7140.0
2022-09-30 00:00:00,-1.167,-1.595,-0.4279999999999999,-72.095525,41.3717,8461490,NOAA_NOS,IAN,2022,7200.0
2022-09-30 01:00:00,-0.543,-0.718,-0.1749999999999999,-72.095525,41.3717,8461490,NOAA_NOS,IAN,2022,7260.0
2022-09-30 02:00:00,-0.028,0.118,0.146,-72.095525,41.3717,8461490,NOAA_NOS,IAN,2022,7320.0
2022-09-30 03:00:00,0.461,0.788,0.327,-72.095525,41.3717,8461490,NOAA_NOS,IAN,2022,7380.0
2022-09-30 04:00:00,0.897,1.194,0.2969999999999999,-72.095525,41.3717,8461490,NOAA_NOS,IAN,2022,7440.0
2022-09-30 05:00:00,1.133,1.205,0.072,-72.095525,41.3717,8461490,NOAA_NOS,IAN,2022,7500.0
2022-09-30 06:00:00,0.894,0.948,0.0539999999999999,-72.095525,41.3717,8461490,NOAA_NOS,IAN,2022,7560.0
2022-09-30 07:00:00,0.385,0.512,0.127,-72.095525,41.3717,8461490,NOAA_NOS,IAN,2022,7620.0
2022-09-30 08:00:00,0.044,-0.157,-0.201,-72.095525,41.3717,8461490,NOAA_NOS,IAN,2022,7680.0
2022-09-30 09:00:00,-0.353,-0.886,-0.533,-72.095525,41.3717,8461490,NOAA_NOS,IAN,2022,7740.0
2022-09-30 10:00:00,-0.639,-1.377,-0.738,-72.095525,41.3717,8461490,NOAA_NOS,IAN,2022,7800.0
2022-09-30 11:00:00,-0.872,-1.578,-0.7060000000000001,-72.095525,41.3717,8461490,NOAA_NOS,IAN,2022,7860.0
2022-09-30 12:00:00,-0.783,-1.304,-0.521,-72.095525,41.3717,8461490,NOAA_NOS,IAN,2022,7920.0
2022-09-30 13:00:00,-0.137,-0.512,-0.375,-72.095525,41.3717,8461490,NOAA_NOS,IAN,2022,7980.0
2022-09-30 14:00:00,0.605,0.421,-0.184,-72.095525,41.3717,8461490,NOAA_NOS,IAN,2022,8040.0
2022-09-30 15:00:00,1.222,1.275,0.0529999999999999,-72.095525,41.3717,8461490,NOAA_NOS,IAN,2022,8100.0
2022-09-30 16:00:00,1.888,1.877,-0.0109999999999998,-72.095525,41.3717,8461490,NOAA_NOS,IAN,2022,8160.0
2022-09-30 17:00:00,2.18,2.098,-0.0820000000000003,-72.095525,41.3717,8461490,NOAA_NOS,IAN,2022,8220.0
2022-09-30 18:00:00,2.075,1.895,-0.1800000000000001,-72.095525,41.3717,8461490,NOAA_NOS,IAN,2022,8280.0
2022-09-30 19:00:00,1.514,1.398,-0.1160000000000001,-72.095525,41.3717,8461490,NOAA_NOS,IAN,2022,8340.0
2022-09-30 20:00:00,0.969,0.676,-0.2929999999999999,-72.095525,41.3717,8461490,NOAA_NOS,IAN,2022,8400.0
2022-09-30 21:00:00,0.395,-0.217,-0.612,-72.095525,41.3717,8461490,NOAA_NOS,IAN,2022,8460.0
2022-09-30 22:00:00,-0.215,-1.029,-0.814,-72.095525,41.3717,8461490,NOAA_NOS,IAN,2022,8520.0
2022-09-30 23:00:00,-0.767,-1.657,-0.89,-72.095525,41.3717,8461490,NOAA_NOS,IAN,2022,8580.0
2022-10-01 00:00:00,-1.137,-1.886,-0.7489999999999999,-72.095525,41.3717,8461490,NOAA_NOS,IAN,2022,8640.0
2022-10-01 01:00:00,-0.888,-1.525,-0.6369999999999999,-72.095525,41.3717,8461490,NOAA_NOS,IAN,2022,8700.0
2022-10-01 02:00:00,-0.278,-0.699,-0.4209999999999999,-72.095525,41.3717,8461490,NOAA_NOS,IAN,2022,8760.0
2022-10-01 03:00:00,0.274,0.116,-0.158,-72.095525,41.3717,8461490,NOAA_NOS,IAN,2022,8820.0
2022-10-01 04:00:00,0.772,0.772,0.0,-72.095525,41.3717,8461490,NOAA_NOS,IAN,2022,8880.0
2022-10-01 05:00:00,1.205,1.185,-0.02,-72.095525,41.3717,8461490,NOAA_NOS,IAN,2022,8940.0
2022-10-01 06:00:00,1.363,1.245,-0.1179999999999998,-72.095525,41.3717,8461490,NOAA_NOS,IAN,2022,9000.0
2022-10-01 07:00:00,1.127,1.012,-0.1149999999999999,-72.095525,41.3717,8461490,NOAA_NOS,IAN,2022,9060.0
2022-10-01 08:00:00,0.864,0.495,-0.369,-72.095525,41.3717,8461490,NOAA_NOS,IAN,2022,9120.0
2022-10-01 09:00:00,0.48,-0.22,-0.7,-72.095525,41.3717,8461490,NOAA_NOS,IAN,2022,9180.0
2022-10-01 10:00:00,-0.078,-0.888,-0.81,-72.095525,41.3717,8461490,NOAA_NOS,IAN,2022,9240.0
2022-10-01 11:00:00,-0.396,-1.303,-0.907,-72.095525,41.3717,8461490,NOAA_NOS,IAN,2022,9300.0
2022-10-01 12:00:00,-0.537,-1.343,-0.8059999999999999,-72.095525,41.3717,8461490,NOAA_NOS,IAN,2022,9360.0
2022-10-01 13:00:00,-0.304,-0.888,-0.5840000000000001,-72.095525,41.3717,8461490,NOAA_NOS,IAN,2022,9420.0
2022-10-01 14:00:00,0.116,-0.149,-0.265,-72.095525,41.3717,8461490,NOAA_NOS,IAN,2022,9480.0
2022-10-01 15:00:00,0.903,0.693,-0.21,-72.095525,41.3717,8461490,NOAA_NOS,IAN,2022,9540.0
2022-10-01 16:00:00,1.474,1.425,-0.0489999999999999,-72.095525,41.3717,8461490,NOAA_NOS,IAN,2022,9600.0
2022-10-01 17:00:00,2.163,1.873,-0.2899999999999998,-72.095525,41.3717,8461490,NOAA_NOS,IAN,2022,9660.0
2022-10-01 18:00:00,2.413,1.962,-0.4509999999999998,-72.095525,41.3717,8461490,NOAA_NOS,IAN,2022,9720.0
2022-10-01 19:00:00,2.19,1.772,-0.4179999999999999,-72.095525,41.3717,8461490,NOAA_NOS,IAN,2022,9780.0
2022-10-01 20:00:00,1.596,1.354,-0.242,-72.095525,41.3717,8461490,NOAA_NOS,IAN,2022,9840.0
2022-10-01 21:00:00,1.32,0.59,-0.7300000000000001,-72.095525,41.3717,8461490,NOAA_NOS,IAN,2022,9900.0
2022-10-01 22:00:00,0.933,-0.343,-1.276,-72.095525,41.3717,8461490,NOAA_NOS,IAN,2022,9960.0
2022-10-01 23:00:00,0.159,-1.094,-1.253,-72.095525,41.3717,8461490,NOAA_NOS,IAN,2022,10020.0
2022-09-25 01:00:00,1.089,1.888,0.7989999999999999,-72.908333,41.283333,8465705,NOAA_NOS,IAN,2022,60.0
2022-09-25 02:00:00,2.149,3.03,0.8809999999999998,-72.908333,41.283333,8465705,NOAA_NOS,IAN,2022,120.0
2022-09-25 03:00:00,2.635,3.398,0.7630000000000003,-72.908333,41.283333,8465705,NOAA_NOS,IAN,2022,180.0
2022-09-25 04:00:00,2.306,2.729,0.423,-72.908333,41.283333,8465705,NOAA_NOS,IAN,2022,240.0
2022-09-25 05:00:00,1.171,1.364,0.193,-72.908333,41.283333,8465705,NOAA_NOS,IAN,2022,300.0
2022-09-25 06:00:00,-0.197,-0.175,0.022,-72.908333,41.283333,8465705,NOAA_NOS,IAN,2022,360.0
2022-09-25 07:00:00,-1.578,-1.655,-0.0769999999999999,-72.908333,41.283333,8465705,NOAA_NOS,IAN,2022,420.0
2022-09-25 08:00:00,-2.851,-2.886,-0.0350000000000001,-72.908333,41.283333,8465705,NOAA_NOS,IAN,2022,480.0
2022-09-25 09:00:00,-3.727,-3.442,0.2849999999999997,-72.908333,41.283333,8465705,NOAA_NOS,IAN,2022,540.0
2022-09-25 10:00:00,-3.524,-3.036,0.488,-72.908333,41.283333,8465705,NOAA_NOS,IAN,2022,600.0
2022-09-25 11:00:00,-2.382,-1.7,0.6820000000000002,-72.908333,41.283333,8465705,NOAA_NOS,IAN,2022,660.0
2022-09-25 12:00:00,-0.922,-0.106,0.8160000000000001,-72.908333,41.283333,8465705,NOAA_NOS,IAN,2022,720.0
2022-09-25 13:00:00,0.682,1.464,0.7819999999999999,-72.908333,41.283333,8465705,NOAA_NOS,IAN,2022,780.0
2022-09-25 14:00:00,2.218,2.807,0.589,-72.908333,41.283333,8465705,NOAA_NOS,IAN,2022,840.0
2022-09-25 15:00:00,3.333,3.514,0.1809999999999996,-72.908333,41.283333,8465705,NOAA_NOS,IAN,2022,900.0
2022-09-25 16:00:00,3.507,3.18,-0.3269999999999999,-72.908333,41.283333,8465705,NOAA_NOS,IAN,2022,960.0
2022-09-25 17:00:00,2.723,1.942,-0.7809999999999999,-72.908333,41.283333,8465705,NOAA_NOS,IAN,2022,1020.0
2022-09-25 18:00:00,1.519,0.386,-1.133,-72.908333,41.283333,8465705,NOAA_NOS,IAN,2022,1080.0
2022-09-25 19:00:00,0.177,-1.162,-1.339,-72.908333,41.283333,8465705,NOAA_NOS,IAN,2022,1140.0
2022-09-25 20:00:00,-1.043,-2.518,-1.475,-72.908333,41.283333,8465705,NOAA_NOS,IAN,2022,1200.0
2022-09-25 21:00:00,-1.985,-3.389,-1.4039999999999997,-72.908333,41.283333,8465705,NOAA_NOS,IAN,2022,1260.0
2022-09-25 22:00:00,-2.172,-3.337,-1.165,-72.908333,41.283333,8465705,NOAA_NOS,IAN,2022,1320.0
2022-09-25 23:00:00,-1.253,-2.216,-0.9630000000000004,-72.908333,41.283333,8465705,NOAA_NOS,IAN,2022,1380.0
2022-09-26 00:00:00,0.285,-0.639,-0.924,-72.908333,41.283333,8465705,NOAA_NOS,IAN,2022,1440.0
2022-09-26 01:00:00,1.873,0.982,-0.891,-72.908333,41.283333,8465705,NOAA_NOS,IAN,2022,1500.0
2022-09-26 02:00:00,3.064,2.432,-0.6320000000000001,-72.908333,41.283333,8465705,NOAA_NOS,IAN,2022,1560.0
2022-09-26 03:00:00,4.104,3.399,-0.7050000000000001,-72.908333,41.283333,8465705,NOAA_NOS,IAN,2022,1620.0
2022-09-26 04:00:00,4.357,3.389,-0.9680000000000004,-72.908333,41.283333,8465705,NOAA_NOS,IAN,2022,1680.0
2022-09-26 05:00:00,3.727,2.331,-1.396,-72.908333,41.283333,8465705,NOAA_NOS,IAN,2022,1740.0
2022-09-26 06:00:00,2.369,0.815,-1.5540000000000005,-72.908333,41.283333,8465705,NOAA_NOS,IAN,2022,1800.0
2022-09-26 07:00:00,0.745,-0.778,-1.523,-72.908333,41.283333,8465705,NOAA_NOS,IAN,2022,1860.0
2022-09-26 08:00:00,-0.827,-2.227,-1.4,-72.908333,41.283333,8465705,NOAA_NOS,IAN,2022,1920.0
2022-09-26 09:00:00,-2.26,-3.343,-1.0830000000000002,-72.908333,41.283333,8465705,NOAA_NOS,IAN,2022,1980.0
2022-09-26 10:00:00,-2.74,-3.56,-0.8199999999999998,-72.908333,41.283333,8465705,NOAA_NOS,IAN,2022,2040.0
2022-09-26 11:00:00,-2.418,-2.638,-0.2199999999999997,-72.908333,41.283333,8465705,NOAA_NOS,IAN,2022,2100.0
2022-09-26 12:00:00,-1.302,-1.056,0.246,-72.908333,41.283333,8465705,NOAA_NOS,IAN,2022,2160.0
2022-09-26 13:00:00,0.535,0.631,0.0959999999999999,-72.908333,41.283333,8465705,NOAA_NOS,IAN,2022,2220.0
2022-09-26 14:00:00,1.818,2.228,0.4100000000000001,-72.908333,41.283333,8465705,NOAA_NOS,IAN,2022,2280.0
2022-09-26 15:00:00,3.002,3.464,0.4620000000000002,-72.908333,41.283333,8465705,NOAA_NOS,IAN,2022,2340.0
2022-09-26 16:00:00,3.724,3.795,0.0709999999999997,-72.908333,41.283333,8465705,NOAA_NOS,IAN,2022,2400.0
2022-09-26 17:00:00,3.451,2.977,-0.4740000000000002,-72.908333,41.283333,8465705,NOAA_NOS,IAN,2022,2460.0
2022-09-26 18:00:00,2.224,1.488,-0.7360000000000002,-72.908333,41.283333,8465705,NOAA_NOS,IAN,2022,2520.0
2022-09-26 19:00:00,0.728,-0.181,-0.909,-72.908333,41.283333,8465705,NOAA_NOS,IAN,2022,2580.0
2022-09-26 20:00:00,-0.61,-1.785,-1.1749999999999998,-72.908333,41.283333,8465705,NOAA_NOS,IAN,2022,2640.0
2022-09-26 21:00:00,-1.795,-3.125,-1.33,-72.908333,41.283333,8465705,NOAA_NOS,IAN,2022,2700.0
2022-09-26 22:00:00,-2.615,-3.71,-1.0949999999999998,-72.908333,41.283333,8465705,NOAA_NOS,IAN,2022,2760.0
2022-09-26 23:00:00,-2.349,-3.233,-0.8839999999999999,-72.908333,41.283333,8465705,NOAA_NOS,IAN,2022,2820.0
2022-09-27 00:00:00,-1.266,-1.82,-0.554,-72.908333,41.283333,8465705,NOAA_NOS,IAN,2022,2880.0
2022-09-27 01:00:00,0.125,-0.154,-0.279,-72.908333,41.283333,8465705,NOAA_NOS,IAN,2022,2940.0
2022-09-27 02:00:00,1.526,1.479,-0.0469999999999999,-72.908333,41.283333,8465705,NOAA_NOS,IAN,2022,3000.0
2022-09-27 03:00:00,2.867,2.883,0.016,-72.908333,41.283333,8465705,NOAA_NOS,IAN,2022,3060.0
2022-09-27 04:00:00,3.799,3.584,-0.2149999999999998,-72.908333,41.283333,8465705,NOAA_NOS,IAN,2022,3120.0
2022-09-27 05:00:00,3.734,3.157,-0.577,-72.908333,41.283333,8465705,NOAA_NOS,IAN,2022,3180.0
2022-09-27 06:00:00,2.644,1.829,-0.8150000000000002,-72.908333,41.283333,8465705,NOAA_NOS,IAN,2022,3240.0
2022-09-27 07:00:00,1.194,0.199,-0.995,-72.908333,41.283333,8465705,NOAA_NOS,IAN,2022,3300.0
2022-09-27 08:00:00,-0.236,-1.379,-1.143,-72.908333,41.283333,8465705,NOAA_NOS,IAN,2022,3360.0
2022-09-27 09:00:00,-1.539,-2.763,-1.224,-72.908333,41.283333,8465705,NOAA_NOS,IAN,2022,3420.0
2022-09-27 10:00:00,-2.51,-3.565,-1.0550000000000002,-72.908333,41.283333,8465705,NOAA_NOS,IAN,2022,3480.0
2022-09-27 11:00:00,-2.648,-3.376,-0.7279999999999998,-72.908333,41.283333,8465705,NOAA_NOS,IAN,2022,3540.0
2022-09-27 12:00:00,-1.706,-2.056,-0.3500000000000001,-72.908333,41.283333,8465705,NOAA_NOS,IAN,2022,3600.0
2022-09-27 13:00:00,-0.177,-0.338,-0.161,-72.908333,41.283333,8465705,NOAA_NOS,IAN,2022,3660.0
2022-09-27 14:00:00,1.404,1.405,0.0010000000000001,-72.908333,41.283333,8465705,NOAA_NOS,IAN,2022,3720.0
2022-09-27 15:00:00,2.808,2.955,0.1470000000000002,-72.908333,41.283333,8465705,NOAA_NOS,IAN,2022,3780.0
2022-09-27 16:00:00,3.891,3.943,0.052,-72.908333,41.283333,8465705,NOAA_NOS,IAN,2022,3840.0
2022-09-27 17:00:00,4.272,3.821,-0.451,-72.908333,41.283333,8465705,NOAA_NOS,IAN,2022,3900.0
2022-09-27 18:00:00,3.389,2.618,-0.7709999999999999,-72.908333,41.283333,8465705,NOAA_NOS,IAN,2022,3960.0
2022-09-27 19:00:00,1.923,0.957,-0.966,-72.908333,41.283333,8465705,NOAA_NOS,IAN,2022,4020.0
2022-09-27 20:00:00,0.322,-0.774,-1.096,-72.908333,41.283333,8465705,NOAA_NOS,IAN,2022,4080.0
2022-09-27 21:00:00,-1.237,-2.357,-1.12,-72.908333,41.283333,8465705,NOAA_NOS,IAN,2022,4140.0
2022-09-27 22:00:00,-2.52,-3.587,-1.0670000000000002,-72.908333,41.283333,8465705,NOAA_NOS,IAN,2022,4200.0
2022-09-27 23:00:00,-3.182,-3.874,-0.6920000000000002,-72.908333,41.283333,8465705,NOAA_NOS,IAN,2022,4260.0
2022-09-28 00:00:00,-2.73,-2.983,-0.2530000000000001,-72.908333,41.283333,8465705,NOAA_NOS,IAN,2022,4320.0
2022-09-28 01:00:00,-1.339,-1.395,-0.056,-72.908333,41.283333,8465705,NOAA_NOS,IAN,2022,4380.0
2022-09-28 02:00:00,0.19,0.282,0.0919999999999999,-72.908333,41.283333,8465705,NOAA_NOS,IAN,2022,4440.0
2022-09-28 03:00:00,1.457,1.897,0.4399999999999999,-72.908333,41.283333,8465705,NOAA_NOS,IAN,2022,4500.0
2022-09-28 04:00:00,2.69,3.183,0.4929999999999999,-72.908333,41.283333,8465705,NOAA_NOS,IAN,2022,4560.0
2022-09-28 05:00:00,3.432,3.564,0.1320000000000001,-72.908333,41.283333,8465705,NOAA_NOS,IAN,2022,4620.0
2022-09-28 06:00:00,3.1,2.781,-0.3189999999999999,-72.908333,41.283333,8465705,NOAA_NOS,IAN,2022,4680.0
2022-09-28 07:00:00,1.87,1.302,-0.5680000000000001,-72.908333,41.283333,8465705,NOAA_NOS,IAN,2022,4740.0
2022-09-28 08:00:00,0.397,-0.326,-0.7230000000000001,-72.908333,41.283333,8465705,NOAA_NOS,IAN,2022,4800.0
2022-09-28 09:00:00,-0.961,-1.867,-0.906,-72.908333,41.283333,8465705,NOAA_NOS,IAN,2022,4860.0
2022-09-28 10:00:00,-2.152,-3.155,-1.0029999999999997,-72.908333,41.283333,8465705,NOAA_NOS,IAN,2022,4920.0
2022-09-28 11:00:00,-2.871,-3.638,-0.7669999999999999,-72.908333,41.283333,8465705,NOAA_NOS,IAN,2022,4980.0
2022-09-28 12:00:00,-2.697,-2.989,-0.2919999999999998,-72.908333,41.283333,8465705,NOAA_NOS,IAN,2022,5040.0
2022-09-28 13:00:00,-1.453,-1.447,0.006,-72.908333,41.283333,8465705,NOAA_NOS,IAN,2022,5100.0
2022-09-28 14:00:00,0.151,0.295,0.144,-72.908333,41.283333,8465705,NOAA_NOS,IAN,2022,5160.0
2022-09-28 15:00:00,1.631,2.036,0.405,-72.908333,41.283333,8465705,NOAA_NOS,IAN,2022,5220.0
2022-09-28 16:00:00,2.923,3.489,0.5659999999999998,-72.908333,41.283333,8465705,NOAA_NOS,IAN,2022,5280.0
2022-09-28 17:00:00,3.819,4.182,0.3630000000000004,-72.908333,41.283333,8465705,NOAA_NOS,IAN,2022,5340.0
2022-09-28 18:00:00,3.743,3.658,-0.0849999999999999,-72.908333,41.283333,8465705,NOAA_NOS,IAN,2022,5400.0
2022-09-28 19:00:00,2.592,2.212,-0.3799999999999999,-72.908333,41.283333,8465705,NOAA_NOS,IAN,2022,5460.0
2022-09-28 20:00:00,1.014,0.469,-0.545,-72.908333,41.283333,8465705,NOAA_NOS,IAN,2022,5520.0
2022-09-28 21:00:00,-0.528,-1.263,-0.7349999999999999,-72.908333,41.283333,8465705,NOAA_NOS,IAN,2022,5580.0
2022-09-28 22:00:00,-1.939,-2.801,-0.8620000000000001,-72.908333,41.283333,8465705,NOAA_NOS,IAN,2022,5640.0
2022-09-28 23:00:00,-3.048,-3.792,-0.7439999999999998,-72.908333,41.283333,8465705,NOAA_NOS,IAN,2022,5700.0
2022-09-29 00:00:00,-3.406,-3.811,-0.4049999999999998,-72.908333,41.283333,8465705,NOAA_NOS,IAN,2022,5760.0
2022-09-29 01:00:00,-2.543,-2.678,-0.1349999999999998,-72.908333,41.283333,8465705,NOAA_NOS,IAN,2022,5820.0
2022-09-29 02:00:00,-1.227,-1.031,0.1960000000000001,-72.908333,41.283333,8465705,NOAA_NOS,IAN,2022,5880.0
2022-09-29 03:00:00,0.22,0.632,0.412,-72.908333,41.283333,8465705,NOAA_NOS,IAN,2022,5940.0
2022-09-29 04:00:00,1.506,2.186,0.6799999999999999,-72.908333,41.283333,8465705,NOAA_NOS,IAN,2022,6000.0
2022-09-29 05:00:00,2.572,3.278,0.706,-72.908333,41.283333,8465705,NOAA_NOS,IAN,2022,6060.0
2022-09-29 06:00:00,3.038,3.376,0.3380000000000001,-72.908333,41.283333,8465705,NOAA_NOS,IAN,2022,6120.0
2022-09-29 07:00:00,2.362,2.335,-0.0270000000000001,-72.908333,41.283333,8465705,NOAA_NOS,IAN,2022,6180.0
2022-09-29 08:00:00,1.083,0.827,-0.256,-72.908333,41.283333,8465705,NOAA_NOS,IAN,2022,6240.0
2022-09-29 09:00:00,-0.341,-0.761,-0.42,-72.908333,41.283333,8465705,NOAA_NOS,IAN,2022,6300.0
2022-09-29 10:00:00,-1.568,-2.189,-0.621,-72.908333,41.283333,8465705,NOAA_NOS,IAN,2022,6360.0
2022-09-29 11:00:00,-2.68,-3.282,-0.6019999999999999,-72.908333,41.283333,8465705,NOAA_NOS,IAN,2022,6420.0
2022-09-29 12:00:00,-3.071,-3.471,-0.3999999999999999,-72.908333,41.283333,8465705,NOAA_NOS,IAN,2022,6480.0
2022-09-29 13:00:00,-2.602,-2.502,0.1,-72.908333,41.283333,8465705,NOAA_NOS,IAN,2022,6540.0
2022-09-29 14:00:00,-1.165,-0.891,0.274,-72.908333,41.283333,8465705,NOAA_NOS,IAN,2022,6600.0
2022-09-29 15:00:00,0.476,0.858,0.382,-72.908333,41.283333,8465705,NOAA_NOS,IAN,2022,6660.0
2022-09-29 16:00:00,1.893,2.511,0.6180000000000001,-72.908333,41.283333,8465705,NOAA_NOS,IAN,2022,6720.0
2022-09-29 17:00:00,3.163,3.838,0.6750000000000003,-72.908333,41.283333,8465705,NOAA_NOS,IAN,2022,6780.0
2022-09-29 18:00:00,3.875,4.217,0.3419999999999996,-72.908333,41.283333,8465705,NOAA_NOS,IAN,2022,6840.0
2022-09-29 19:00:00,3.602,3.436,-0.1659999999999999,-72.908333,41.283333,8465705,NOAA_NOS,IAN,2022,6900.0
2022-09-29 20:00:00,2.274,1.909,-0.365,-72.908333,41.283333,8465705,NOAA_NOS,IAN,2022,6960.0
2022-09-29 21:00:00,0.722,0.184,-0.538,-72.908333,41.283333,8465705,NOAA_NOS,IAN,2022,7020.0
2022-09-29 22:00:00,-0.768,-1.515,-0.7469999999999999,-72.908333,41.283333,8465705,NOAA_NOS,IAN,2022,7080.0
2022-09-29 23:00:00,-2.146,-3.026,-0.8799999999999999,-72.908333,41.283333,8465705,NOAA_NOS,IAN,2022,7140.0
2022-09-30 00:00:00,-3.169,-3.85,-0.681,-72.908333,41.283333,8465705,NOAA_NOS,IAN,2022,7200.0
2022-09-30 01:00:00,-3.294,-3.636,-0.3420000000000001,-72.908333,41.283333,8465705,NOAA_NOS,IAN,2022,7260.0
2022-09-30 02:00:00,-2.283,-2.347,-0.064,-72.908333,41.283333,8465705,NOAA_NOS,IAN,2022,7320.0
2022-09-30 03:00:00,-0.951,-0.745,0.2059999999999999,-72.908333,41.283333,8465705,NOAA_NOS,IAN,2022,7380.0
2022-09-30 04:00:00,0.453,0.883,0.43,-72.908333,41.283333,8465705,NOAA_NOS,IAN,2022,7440.0
2022-09-30 05:00:00,1.726,2.361,0.6350000000000002,-72.908333,41.283333,8465705,NOAA_NOS,IAN,2022,7500.0
2022-09-30 06:00:00,2.713,3.244,0.5310000000000001,-72.908333,41.283333,8465705,NOAA_NOS,IAN,2022,7560.0
2022-09-30 07:00:00,2.966,3.082,0.1159999999999996,-72.908333,41.283333,8465705,NOAA_NOS,IAN,2022,7620.0
2022-09-30 08:00:00,2.185,1.937,-0.248,-72.908333,41.283333,8465705,NOAA_NOS,IAN,2022,7680.0
2022-09-30 09:00:00,0.902,0.437,-0.465,-72.908333,41.283333,8465705,NOAA_NOS,IAN,2022,7740.0
2022-09-30 10:00:00,-0.41,-1.047,-0.637,-72.908333,41.283333,8465705,NOAA_NOS,IAN,2022,7800.0
2022-09-30 11:00:00,-1.493,-2.387,-0.8939999999999999,-72.908333,41.283333,8465705,NOAA_NOS,IAN,2022,7860.0
2022-09-30 12:00:00,-2.395,-3.267,-0.8719999999999999,-72.908333,41.283333,8465705,NOAA_NOS,IAN,2022,7920.0
2022-09-30 13:00:00,-2.582,-3.242,-0.6600000000000001,-72.908333,41.283333,8465705,NOAA_NOS,IAN,2022,7980.0
2022-09-30 14:00:00,-1.706,-2.111,-0.4050000000000002,-72.908333,41.283333,8465705,NOAA_NOS,IAN,2022,8040.0
2022-09-30 15:00:00,-0.341,-0.475,-0.1339999999999999,-72.908333,41.283333,8465705,NOAA_NOS,IAN,2022,8100.0
2022-09-30 16:00:00,1.168,1.233,0.0650000000000001,-72.908333,41.283333,8465705,NOAA_NOS,IAN,2022,8160.0
2022-09-30 17:00:00,2.569,2.799,0.2299999999999999,-72.908333,41.283333,8465705,NOAA_NOS,IAN,2022,8220.0
2022-09-30 18:00:00,3.629,3.944,0.3149999999999999,-72.908333,41.283333,8465705,NOAA_NOS,IAN,2022,8280.0
2022-09-30 19:00:00,4.157,4.093,-0.064,-72.908333,41.283333,8465705,NOAA_NOS,IAN,2022,8340.0
2022-09-30 20:00:00,3.524,3.142,-0.3820000000000001,-72.908333,41.283333,8465705,NOAA_NOS,IAN,2022,8400.0
2022-09-30 21:00:00,2.234,1.617,-0.617,-72.908333,41.283333,8465705,NOAA_NOS,IAN,2022,8460.0
2022-09-30 22:00:00,0.722,-0.043,-0.765,-72.908333,41.283333,8465705,NOAA_NOS,IAN,2022,8520.0
2022-09-30 23:00:00,-0.709,-1.651,-0.942,-72.908333,41.283333,8465705,NOAA_NOS,IAN,2022,8580.0
2022-10-01 00:00:00,-2.021,-3.05,-1.029,-72.908333,41.283333,8465705,NOAA_NOS,IAN,2022,8640.0
2022-10-01 01:00:00,-2.874,-3.716,-0.8420000000000001,-72.908333,41.283333,8465705,NOAA_NOS,IAN,2022,8700.0
2022-10-01 02:00:00,-2.726,-3.391,-0.665,-72.908333,41.283333,8465705,NOAA_NOS,IAN,2022,8760.0
2022-10-01 03:00:00,-1.716,-2.12,-0.4040000000000001,-72.908333,41.283333,8465705,NOAA_NOS,IAN,2022,8820.0
2022-10-01 04:00:00,-0.43,-0.574,-0.1439999999999999,-72.908333,41.283333,8465705,NOAA_NOS,IAN,2022,8880.0
2022-10-01 05:00:00,0.909,0.993,0.0839999999999999,-72.908333,41.283333,8465705,NOAA_NOS,IAN,2022,8940.0
2022-10-01 06:00:00,2.106,2.412,0.306,-72.908333,41.283333,8465705,NOAA_NOS,IAN,2022,9000.0
2022-10-01 07:00:00,3.077,3.235,0.1579999999999999,-72.908333,41.283333,8465705,NOAA_NOS,IAN,2022,9060.0
2022-10-01 08:00:00,3.209,3.047,-0.1619999999999999,-72.908333,41.283333,8465705,NOAA_NOS,IAN,2022,9120.0
2022-10-01 09:00:00,2.444,1.887,-0.5569999999999999,-72.908333,41.283333,8465705,NOAA_NOS,IAN,2022,9180.0
2022-10-01 10:00:00,1.214,0.4,-0.814,-72.908333,41.283333,8465705,NOAA_NOS,IAN,2022,9240.0
2022-10-01 11:00:00,-0.03,-1.045,-1.015,-72.908333,41.283333,8465705,NOAA_NOS,IAN,2022,9300.0
2022-10-01 12:00:00,-1.184,-2.324,-1.14,-72.908333,41.283333,8465705,NOAA_NOS,IAN,2022,9360.0
2022-10-01 13:00:00,-1.86,-3.084,-1.224,-72.908333,41.283333,8465705,NOAA_NOS,IAN,2022,9420.0
2022-10-01 14:00:00,-2.159,-2.821,-0.6620000000000004,-72.908333,41.283333,8465705,NOAA_NOS,IAN,2022,9480.0
2022-10-01 15:00:00,-1.188,-1.55,-0.3620000000000001,-72.908333,41.283333,8465705,NOAA_NOS,IAN,2022,9540.0
2022-10-01 16:00:00,0.2,0.05,-0.15,-72.908333,41.283333,8465705,NOAA_NOS,IAN,2022,9600.0
2022-10-01 17:00:00,1.667,1.648,-0.0190000000000001,-72.908333,41.283333,8465705,NOAA_NOS,IAN,2022,9660.0
2022-10-01 18:00:00,3.058,3.042,-0.016,-72.908333,41.283333,8465705,NOAA_NOS,IAN,2022,9720.0
2022-10-01 19:00:00,3.881,3.933,0.052,-72.908333,41.283333,8465705,NOAA_NOS,IAN,2022,9780.0
2022-10-01 20:00:00,4.131,3.822,-0.3090000000000001,-72.908333,41.283333,8465705,NOAA_NOS,IAN,2022,9840.0
2022-10-01 21:00:00,3.471,2.747,-0.7240000000000002,-72.908333,41.283333,8465705,NOAA_NOS,IAN,2022,9900.0
2022-10-01 22:00:00,2.388,1.24,-1.148,-72.908333,41.283333,8465705,NOAA_NOS,IAN,2022,9960.0
2022-10-01 23:00:00,1.096,-0.388,-1.484,-72.908333,41.283333,8465705,NOAA_NOS,IAN,2022,10020.0
2022-09-25 01:00:00,1.158,2.016,0.8580000000000001,-73.181702,41.173302,8467150,NOAA_NOS,IAN,2022,60.0
2022-09-25 02:00:00,2.375,3.267,0.8919999999999999,-73.181702,41.173302,8467150,NOAA_NOS,IAN,2022,120.0
2022-09-25 03:00:00,2.972,3.71,0.738,-73.181702,41.173302,8467150,NOAA_NOS,IAN,2022,180.0
2022-09-25 04:00:00,2.657,3.1,0.443,-73.181702,41.173302,8467150,NOAA_NOS,IAN,2022,240.0
2022-09-25 05:00:00,1.532,1.765,0.2329999999999998,-73.181702,41.173302,8467150,NOAA_NOS,IAN,2022,300.0
2022-09-25 06:00:00,0.056,0.012,-0.044,-73.181702,41.173302,8467150,NOAA_NOS,IAN,2022,360.0
2022-09-25 07:00:00,-1.539,-1.674,-0.135,-73.181702,41.173302,8467150,NOAA_NOS,IAN,2022,420.0
2022-09-25 08:00:00,-2.881,-3.007,-0.1260000000000003,-73.181702,41.173302,8467150,NOAA_NOS,IAN,2022,480.0
2022-09-25 09:00:00,-3.862,-3.717,0.145,-73.181702,41.173302,8467150,NOAA_NOS,IAN,2022,540.0
2022-09-25 10:00:00,-3.934,-3.486,0.4479999999999999,-73.181702,41.173302,8467150,NOAA_NOS,IAN,2022,600.0
2022-09-25 11:00:00,-2.759,-2.207,0.552,-73.181702,41.173302,8467150,NOAA_NOS,IAN,2022,660.0
2022-09-25 12:00:00,-1.155,-0.395,0.76,-73.181702,41.173302,8467150,NOAA_NOS,IAN,2022,720.0
2022-09-25 13:00:00,0.63,1.493,0.8630000000000001,-73.181702,41.173302,8467150,NOAA_NOS,IAN,2022,780.0
2022-09-25 14:00:00,2.405,3.026,0.621,-73.181702,41.173302,8467150,NOAA_NOS,IAN,2022,840.0
2022-09-25 15:00:00,3.573,3.805,0.2320000000000002,-73.181702,41.173302,8467150,NOAA_NOS,IAN,2022,900.0
2022-09-25 16:00:00,3.845,3.544,-0.3010000000000001,-73.181702,41.173302,8467150,NOAA_NOS,IAN,2022,960.0
2022-09-25 17:00:00,3.156,2.39,-0.766,-73.181702,41.173302,8467150,NOAA_NOS,IAN,2022,1020.0
2022-09-25 18:00:00,1.834,0.679,-1.155,-73.181702,41.173302,8467150,NOAA_NOS,IAN,2022,1080.0
2022-09-25 19:00:00,0.243,-1.119,-1.362,-73.181702,41.173302,8467150,NOAA_NOS,IAN,2022,1140.0
2022-09-25 20:00:00,-1.171,-2.653,-1.482,-73.181702,41.173302,8467150,NOAA_NOS,IAN,2022,1200.0
2022-09-25 21:00:00,-2.208,-3.619,-1.411,-73.181702,41.173302,8467150,NOAA_NOS,IAN,2022,1260.0
2022-09-25 22:00:00,-2.454,-3.721,-1.267,-73.181702,41.173302,8467150,NOAA_NOS,IAN,2022,1320.0
2022-09-25 23:00:00,-1.562,-2.726,-1.164,-73.181702,41.173302,8467150,NOAA_NOS,IAN,2022,1380.0
2022-09-26 00:00:00,-0.013,-1.033,-1.02,-73.181702,41.173302,8467150,NOAA_NOS,IAN,2022,1440.0
2022-09-26 01:00:00,1.683,0.931,-0.752,-73.181702,41.173302,8467150,NOAA_NOS,IAN,2022,1500.0
2022-09-26 02:00:00,3.323,2.612,-0.7109999999999999,-73.181702,41.173302,8467150,NOAA_NOS,IAN,2022,1560.0
2022-09-26 03:00:00,4.593,3.684,-0.9089999999999998,-73.181702,41.173302,8467150,NOAA_NOS,IAN,2022,1620.0
2022-09-26 04:00:00,4.846,3.732,-1.114,-73.181702,41.173302,8467150,NOAA_NOS,IAN,2022,1680.0
2022-09-26 05:00:00,4.137,2.776,-1.3609999999999998,-73.181702,41.173302,8467150,NOAA_NOS,IAN,2022,1740.0
2022-09-26 06:00:00,2.654,1.168,-1.486,-73.181702,41.173302,8467150,NOAA_NOS,IAN,2022,1800.0
2022-09-26 07:00:00,0.968,-0.679,-1.647,-73.181702,41.173302,8467150,NOAA_NOS,IAN,2022,1860.0
2022-09-26 08:00:00,-0.817,-2.342,-1.525,-73.181702,41.173302,8467150,NOAA_NOS,IAN,2022,1920.0
2022-09-26 09:00:00,-2.365,-3.485,-1.1199999999999997,-73.181702,41.173302,8467150,NOAA_NOS,IAN,2022,1980.0
2022-09-26 10:00:00,-3.025,-3.898,-0.8730000000000002,-73.181702,41.173302,8467150,NOAA_NOS,IAN,2022,2040.0
2022-09-26 11:00:00,-2.831,-3.15,-0.3189999999999999,-73.181702,41.173302,8467150,NOAA_NOS,IAN,2022,2100.0
2022-09-26 12:00:00,-1.558,-1.532,0.026,-73.181702,41.173302,8467150,NOAA_NOS,IAN,2022,2160.0
2022-09-26 13:00:00,0.138,0.462,0.324,-73.181702,41.173302,8467150,NOAA_NOS,IAN,2022,2220.0
2022-09-26 14:00:00,1.896,2.377,0.4809999999999998,-73.181702,41.173302,8467150,NOAA_NOS,IAN,2022,2280.0
2022-09-26 15:00:00,3.33,3.723,0.3929999999999998,-73.181702,41.173302,8467150,NOAA_NOS,IAN,2022,2340.0
2022-09-26 16:00:00,4.029,4.114,0.0849999999999999,-73.181702,41.173302,8467150,NOAA_NOS,IAN,2022,2400.0
2022-09-26 17:00:00,3.773,3.406,-0.367,-73.181702,41.173302,8467150,NOAA_NOS,IAN,2022,2460.0
2022-09-26 18:00:00,2.605,1.904,-0.7010000000000001,-73.181702,41.173302,8467150,NOAA_NOS,IAN,2022,2520.0
2022-09-26 19:00:00,1.033,-0.01,-1.043,-73.181702,41.173302,8467150,NOAA_NOS,IAN,2022,2580.0
2022-09-26 20:00:00,-0.653,-1.817,-1.164,-73.181702,41.173302,8467150,NOAA_NOS,IAN,2022,2640.0
2022-09-26 21:00:00,-1.923,-3.261,-1.338,-73.181702,41.173302,8467150,NOAA_NOS,IAN,2022,2700.0
2022-09-26 22:00:00,-2.927,-4.001,-1.0740000000000005,-73.181702,41.173302,8467150,NOAA_NOS,IAN,2022,2760.0
2022-09-26 23:00:00,-2.923,-3.741,-0.8180000000000001,-73.181702,41.173302,8467150,NOAA_NOS,IAN,2022,2820.0
2022-09-27 00:00:00,-1.696,-2.364,-0.6679999999999999,-73.181702,41.173302,8467150,NOAA_NOS,IAN,2022,2880.0
2022-09-27 01:00:00,-0.197,-0.436,-0.239,-73.181702,41.173302,8467150,NOAA_NOS,IAN,2022,2940.0
2022-09-27 02:00:00,1.621,1.533,-0.088,-73.181702,41.173302,8467150,NOAA_NOS,IAN,2022,3000.0
2022-09-27 03:00:00,3.182,3.114,-0.068,-73.181702,41.173302,8467150,NOAA_NOS,IAN,2022,3060.0
2022-09-27 04:00:00,4.154,3.886,-0.2679999999999998,-73.181702,41.173302,8467150,NOAA_NOS,IAN,2022,3120.0
2022-09-27 05:00:00,4.199,3.544,-0.6549999999999998,-73.181702,41.173302,8467150,NOAA_NOS,IAN,2022,3180.0
2022-09-27 06:00:00,3.205,2.298,-0.907,-73.181702,41.173302,8467150,NOAA_NOS,IAN,2022,3240.0
2022-09-27 07:00:00,1.604,0.496,-1.108,-73.181702,41.173302,8467150,NOAA_NOS,IAN,2022,3300.0
2022-09-27 08:00:00,-0.151,-1.358,-1.207,-73.181702,41.173302,8467150,NOAA_NOS,IAN,2022,3360.0
2022-09-27 09:00:00,-1.677,-2.899,-1.222,-73.181702,41.173302,8467150,NOAA_NOS,IAN,2022,3420.0
2022-09-27 10:00:00,-2.71,-3.84,-1.13,-73.181702,41.173302,8467150,NOAA_NOS,IAN,2022,3480.0
2022-09-27 11:00:00,-2.959,-3.824,-0.8649999999999998,-73.181702,41.173302,8467150,NOAA_NOS,IAN,2022,3540.0
2022-09-27 12:00:00,-2.037,-2.622,-0.585,-73.181702,41.173302,8467150,NOAA_NOS,IAN,2022,3600.0
2022-09-27 13:00:00,-0.453,-0.734,-0.2809999999999999,-73.181702,41.173302,8467150,NOAA_NOS,IAN,2022,3660.0
2022-09-27 14:00:00,1.28,1.373,0.0929999999999999,-73.181702,41.173302,8467150,NOAA_NOS,IAN,2022,3720.0
2022-09-27 15:00:00,2.992,3.16,0.1680000000000001,-73.181702,41.173302,8467150,NOAA_NOS,IAN,2022,3780.0
2022-09-27 16:00:00,4.222,4.228,0.0059999999999993,-73.181702,41.173302,8467150,NOAA_NOS,IAN,2022,3840.0
2022-09-27 17:00:00,4.58,4.19,-0.3899999999999997,-73.181702,41.173302,8467150,NOAA_NOS,IAN,2022,3900.0
2022-09-27 18:00:00,3.825,3.086,-0.7390000000000003,-73.181702,41.173302,8467150,NOAA_NOS,IAN,2022,3960.0
2022-09-27 19:00:00,2.3,1.314,-0.9859999999999998,-73.181702,41.173302,8467150,NOAA_NOS,IAN,2022,4020.0
2022-09-27 20:00:00,0.453,-0.676,-1.129,-73.181702,41.173302,8467150,NOAA_NOS,IAN,2022,4080.0
2022-09-27 21:00:00,-1.329,-2.451,-1.122,-73.181702,41.173302,8467150,NOAA_NOS,IAN,2022,4140.0
2022-09-27 22:00:00,-2.74,-3.725,-0.985,-73.181702,41.173302,8467150,NOAA_NOS,IAN,2022,4200.0
2022-09-27 23:00:00,-3.445,-4.224,-0.7790000000000004,-73.181702,41.173302,8467150,NOAA_NOS,IAN,2022,4260.0
2022-09-28 00:00:00,-3.074,-3.543,-0.4690000000000003,-73.181702,41.173302,8467150,NOAA_NOS,IAN,2022,4320.0
2022-09-28 01:00:00,-1.663,-1.928,-0.2649999999999999,-73.181702,41.173302,8467150,NOAA_NOS,IAN,2022,4380.0
2022-09-28 02:00:00,-0.039,0.113,0.152,-73.181702,41.173302,8467150,NOAA_NOS,IAN,2022,4440.0
2022-09-28 03:00:00,1.64,2.036,0.3960000000000001,-73.181702,41.173302,8467150,NOAA_NOS,IAN,2022,4500.0
2022-09-28 04:00:00,2.999,3.426,0.427,-73.181702,41.173302,8467150,NOAA_NOS,IAN,2022,4560.0
2022-09-28 05:00:00,3.724,3.894,0.1699999999999999,-73.181702,41.173302,8467150,NOAA_NOS,IAN,2022,4620.0
2022-09-28 06:00:00,3.442,3.194,-0.2480000000000002,-73.181702,41.173302,8467150,NOAA_NOS,IAN,2022,4680.0
2022-09-28 07:00:00,2.316,1.734,-0.5819999999999999,-73.181702,41.173302,8467150,NOAA_NOS,IAN,2022,4740.0
2022-09-28 08:00:00,0.709,-0.154,-0.863,-73.181702,41.173302,8467150,NOAA_NOS,IAN,2022,4800.0
2022-09-28 09:00:00,-0.935,-1.923,-0.988,-73.181702,41.173302,8467150,NOAA_NOS,IAN,2022,4860.0
2022-09-28 10:00:00,-2.287,-3.296,-1.009,-73.181702,41.173302,8467150,NOAA_NOS,IAN,2022,4920.0
2022-09-28 11:00:00,-3.14,-3.956,-0.8159999999999998,-73.181702,41.173302,8467150,NOAA_NOS,IAN,2022,4980.0
2022-09-28 12:00:00,-3.012,-3.521,-0.5089999999999999,-73.181702,41.173302,8467150,NOAA_NOS,IAN,2022,5040.0
2022-09-28 13:00:00,-1.804,-2.003,-0.199,-73.181702,41.173302,8467150,NOAA_NOS,IAN,2022,5100.0
2022-09-28 14:00:00,-0.108,0.03,0.138,-73.181702,41.173302,8467150,NOAA_NOS,IAN,2022,5160.0
2022-09-28 15:00:00,1.66,2.108,0.4480000000000002,-73.181702,41.173302,8467150,NOAA_NOS,IAN,2022,5220.0
2022-09-28 16:00:00,3.245,3.723,0.4779999999999997,-73.181702,41.173302,8467150,NOAA_NOS,IAN,2022,5280.0
2022-09-28 17:00:00,4.137,4.494,0.3570000000000002,-73.181702,41.173302,8467150,NOAA_NOS,IAN,2022,5340.0
2022-09-28 18:00:00,4.124,4.065,-0.0589999999999992,-73.181702,41.173302,8467150,NOAA_NOS,IAN,2022,5400.0
2022-09-28 19:00:00,2.992,2.681,-0.3109999999999999,-73.181702,41.173302,8467150,NOAA_NOS,IAN,2022,5460.0
2022-09-28 20:00:00,1.434,0.755,-0.6789999999999999,-73.181702,41.173302,8467150,NOAA_NOS,IAN,2022,5520.0
2022-09-28 21:00:00,-0.44,-1.221,-0.7810000000000001,-73.181702,41.173302,8467150,NOAA_NOS,IAN,2022,5580.0
2022-09-28 22:00:00,-1.998,-2.899,-0.901,-73.181702,41.173302,8467150,NOAA_NOS,IAN,2022,5640.0
2022-09-28 23:00:00,-3.225,-4.012,-0.7869999999999995,-73.181702,41.173302,8467150,NOAA_NOS,IAN,2022,5700.0
2022-09-29 00:00:00,-3.688,-4.211,-0.5230000000000001,-73.181702,41.173302,8467150,NOAA_NOS,IAN,2022,5760.0
2022-09-29 01:00:00,-2.946,-3.233,-0.2869999999999999,-73.181702,41.173302,8467150,NOAA_NOS,IAN,2022,5820.0
2022-09-29 02:00:00,-1.532,-1.471,0.0609999999999999,-73.181702,41.173302,8467150,NOAA_NOS,IAN,2022,5880.0
2022-09-29 03:00:00,0.098,0.563,0.4649999999999999,-73.181702,41.173302,8467150,NOAA_NOS,IAN,2022,5940.0
2022-09-29 04:00:00,1.699,2.384,0.6849999999999998,-73.181702,41.173302,8467150,NOAA_NOS,IAN,2022,6000.0
2022-09-29 05:00:00,2.91,3.563,0.653,-73.181702,41.173302,8467150,NOAA_NOS,IAN,2022,6060.0
2022-09-29 06:00:00,3.33,3.682,0.3519999999999998,-73.181702,41.173302,8467150,NOAA_NOS,IAN,2022,6120.0
2022-09-29 07:00:00,2.805,2.795,-0.0100000000000002,-73.181702,41.173302,8467150,NOAA_NOS,IAN,2022,6180.0
2022-09-29 08:00:00,1.529,1.201,-0.3279999999999998,-73.181702,41.173302,8467150,NOAA_NOS,IAN,2022,6240.0
2022-09-29 09:00:00,-0.092,-0.636,-0.544,-73.181702,41.173302,8467150,NOAA_NOS,IAN,2022,6300.0
2022-09-29 10:00:00,-1.611,-2.3,-0.6889999999999998,-73.181702,41.173302,8467150,NOAA_NOS,IAN,2022,6360.0
2022-09-29 11:00:00,-2.785,-3.436,-0.6509999999999998,-73.181702,41.173302,8467150,NOAA_NOS,IAN,2022,6420.0
2022-09-29 12:00:00,-3.333,-3.815,-0.4819999999999997,-73.181702,41.173302,8467150,NOAA_NOS,IAN,2022,6480.0
2022-09-29 13:00:00,-2.854,-3.02,-0.1659999999999999,-73.181702,41.173302,8467150,NOAA_NOS,IAN,2022,6540.0
2022-09-29 14:00:00,-1.401,-1.357,0.044,-73.181702,41.173302,8467150,NOAA_NOS,IAN,2022,6600.0
2022-09-29 15:00:00,0.285,0.687,0.4020000000000001,-73.181702,41.173302,8467150,NOAA_NOS,IAN,2022,6660.0
2022-09-29 16:00:00,2.083,2.635,0.5519999999999996,-73.181702,41.173302,8467150,NOAA_NOS,IAN,2022,6720.0
2022-09-29 17:00:00,3.442,4.08,0.6379999999999999,-73.181702,41.173302,8467150,NOAA_NOS,IAN,2022,6780.0
2022-09-29 18:00:00,4.213,4.571,0.3579999999999996,-73.181702,41.173302,8467150,NOAA_NOS,IAN,2022,6840.0
2022-09-29 19:00:00,3.957,3.908,-0.0489999999999999,-73.181702,41.173302,8467150,NOAA_NOS,IAN,2022,6900.0
2022-09-29 20:00:00,2.717,2.394,-0.3229999999999999,-73.181702,41.173302,8467150,NOAA_NOS,IAN,2022,6960.0
2022-09-29 21:00:00,1.027,0.412,-0.615,-73.181702,41.173302,8467150,NOAA_NOS,IAN,2022,7020.0
2022-09-29 22:00:00,-0.738,-1.531,-0.7929999999999999,-73.181702,41.173302,8467150,NOAA_NOS,IAN,2022,7080.0
2022-09-29 23:00:00,-2.244,-3.136,-0.8919999999999999,-73.181702,41.173302,8467150,NOAA_NOS,IAN,2022,7140.0
2022-09-30 00:00:00,-3.353,-4.084,-0.7309999999999994,-73.181702,41.173302,8467150,NOAA_NOS,IAN,2022,7200.0
2022-09-30 01:00:00,-3.576,-4.107,-0.5310000000000001,-73.181702,41.173302,8467150,NOAA_NOS,IAN,2022,7260.0
2022-09-30 02:00:00,-2.615,-2.925,-0.3099999999999996,-73.181702,41.173302,8467150,NOAA_NOS,IAN,2022,7320.0
2022-09-30 03:00:00,-1.178,-1.077,0.1009999999999999,-73.181702,41.173302,8467150,NOAA_NOS,IAN,2022,7380.0
2022-09-30 04:00:00,0.456,0.91,0.454,-73.181702,41.173302,8467150,NOAA_NOS,IAN,2022,7440.0
2022-09-30 05:00:00,1.998,2.564,0.5660000000000001,-73.181702,41.173302,8467150,NOAA_NOS,IAN,2022,7500.0
2022-09-30 06:00:00,3.068,3.539,0.4710000000000001,-73.181702,41.173302,8467150,NOAA_NOS,IAN,2022,7560.0
2022-09-30 07:00:00,3.36,3.415,0.0550000000000001,-73.181702,41.173302,8467150,NOAA_NOS,IAN,2022,7620.0
2022-09-30 08:00:00,2.644,2.396,-0.2480000000000002,-73.181702,41.173302,8467150,NOAA_NOS,IAN,2022,7680.0
2022-09-30 09:00:00,1.339,0.764,-0.575,-73.181702,41.173302,8467150,NOAA_NOS,IAN,2022,7740.0
2022-09-30 10:00:00,-0.135,-1.007,-0.8719999999999999,-73.181702,41.173302,8467150,NOAA_NOS,IAN,2022,7800.0
2022-09-30 11:00:00,-1.483,-2.523,-1.04,-73.181702,41.173302,8467150,NOAA_NOS,IAN,2022,7860.0
2022-09-30 12:00:00,-2.408,-3.489,-1.081,-73.181702,41.173302,8467150,NOAA_NOS,IAN,2022,7920.0
2022-09-30 13:00:00,-2.723,-3.607,-0.8840000000000003,-73.181702,41.173302,8467150,NOAA_NOS,IAN,2022,7980.0
2022-09-30 14:00:00,-1.988,-2.617,-0.629,-73.181702,41.173302,8467150,NOAA_NOS,IAN,2022,8040.0
2022-09-30 15:00:00,-0.568,-0.901,-0.3330000000000001,-73.181702,41.173302,8467150,NOAA_NOS,IAN,2022,8100.0
2022-09-30 16:00:00,1.079,1.142,0.0629999999999999,-73.181702,41.173302,8467150,NOAA_NOS,IAN,2022,8160.0
2022-09-30 17:00:00,2.707,2.955,0.2480000000000002,-73.181702,41.173302,8467150,NOAA_NOS,IAN,2022,8220.0
2022-09-30 18:00:00,3.996,4.195,0.1990000000000003,-73.181702,41.173302,8467150,NOAA_NOS,IAN,2022,8280.0
2022-09-30 19:00:00,4.528,4.441,-0.0869999999999997,-73.181702,41.173302,8467150,NOAA_NOS,IAN,2022,8340.0
2022-09-30 20:00:00,3.94,3.604,-0.3359999999999998,-73.181702,41.173302,8467150,NOAA_NOS,IAN,2022,8400.0
2022-09-30 21:00:00,2.572,2.023,-0.5489999999999999,-73.181702,41.173302,8467150,NOAA_NOS,IAN,2022,8460.0
2022-09-30 22:00:00,0.994,0.092,-0.902,-73.181702,41.173302,8467150,NOAA_NOS,IAN,2022,8520.0
2022-09-30 23:00:00,-0.764,-1.698,-0.934,-73.181702,41.173302,8467150,NOAA_NOS,IAN,2022,8580.0
2022-10-01 00:00:00,-2.103,-3.163,-1.0599999999999996,-73.181702,41.173302,8467150,NOAA_NOS,IAN,2022,8640.0
2022-10-01 01:00:00,-2.992,-3.95,-0.9580000000000002,-73.181702,41.173302,8467150,NOAA_NOS,IAN,2022,8700.0
2022-10-01 02:00:00,-3.025,-3.842,-0.8170000000000002,-73.181702,41.173302,8467150,NOAA_NOS,IAN,2022,8760.0
2022-10-01 03:00:00,-2.005,-2.676,-0.6710000000000003,-73.181702,41.173302,8467150,NOAA_NOS,IAN,2022,8820.0
2022-10-01 04:00:00,-0.61,-0.879,-0.269,-73.181702,41.173302,8467150,NOAA_NOS,IAN,2022,8880.0
2022-10-01 05:00:00,0.991,1.029,0.0379999999999999,-73.181702,41.173302,8467150,NOAA_NOS,IAN,2022,8940.0
2022-10-01 06:00:00,2.428,2.614,0.1859999999999999,-73.181702,41.173302,8467150,NOAA_NOS,IAN,2022,9000.0
2022-10-01 07:00:00,3.383,3.503,0.1200000000000001,-73.181702,41.173302,8467150,NOAA_NOS,IAN,2022,9060.0
2022-10-01 08:00:00,3.501,3.381,-0.1200000000000001,-73.181702,41.173302,8467150,NOAA_NOS,IAN,2022,9120.0
2022-10-01 09:00:00,2.949,2.359,-0.5899999999999999,-73.181702,41.173302,8467150,NOAA_NOS,IAN,2022,9180.0
2022-10-01 10:00:00,1.614,0.727,-0.8870000000000001,-73.181702,41.173302,8467150,NOAA_NOS,IAN,2022,9240.0
2022-10-01 11:00:00,0.292,-1.015,-1.307,-73.181702,41.173302,8467150,NOAA_NOS,IAN,2022,9300.0
2022-10-01 12:00:00,-1.119,-2.459,-1.34,-73.181702,41.173302,8467150,NOAA_NOS,IAN,2022,9360.0
2022-10-01 13:00:00,-1.936,-3.313,-1.3770000000000002,-73.181702,41.173302,8467150,NOAA_NOS,IAN,2022,9420.0
2022-10-01 14:00:00,-2.064,-3.216,-1.152,-73.181702,41.173302,8467150,NOAA_NOS,IAN,2022,9480.0
2022-10-01 15:00:00,-1.332,-2.033,-0.7009999999999998,-73.181702,41.173302,8467150,NOAA_NOS,IAN,2022,9540.0
2022-10-01 16:00:00,-0.069,-0.284,-0.2149999999999999,-73.181702,41.173302,8467150,NOAA_NOS,IAN,2022,9600.0
2022-10-01 17:00:00,1.768,1.646,-0.1220000000000001,-73.181702,41.173302,8467150,NOAA_NOS,IAN,2022,9660.0
2022-10-01 18:00:00,3.094,3.264,0.1699999999999999,-73.181702,41.173302,8467150,NOAA_NOS,IAN,2022,9720.0
2022-10-01 19:00:00,4.255,4.205,-0.0499999999999998,-73.181702,41.173302,8467150,NOAA_NOS,IAN,2022,9780.0
2022-10-01 20:00:00,4.692,4.137,-0.5550000000000006,-73.181702,41.173302,8467150,NOAA_NOS,IAN,2022,9840.0
2022-10-01 21:00:00,4.068,3.157,-0.9109999999999996,-73.181702,41.173302,8467150,NOAA_NOS,IAN,2022,9900.0
2022-10-01 22:00:00,2.772,1.575,-1.1969999999999998,-73.181702,41.173302,8467150,NOAA_NOS,IAN,2022,9960.0
2022-10-01 23:00:00,1.365,-0.269,-1.634,-73.181702,41.173302,8467150,NOAA_NOS,IAN,2022,10020.0
2022-09-25 01:00:00,0.804,1.078,0.274,-71.959444,41.048333,8510560,NOAA_NOS,IAN,2022,60.0
2022-09-25 02:00:00,0.554,0.929,0.375,-71.959444,41.048333,8510560,NOAA_NOS,IAN,2022,120.0
2022-09-25 03:00:00,0.184,0.639,0.455,-71.959444,41.048333,8510560,NOAA_NOS,IAN,2022,180.0
2022-09-25 04:00:00,-0.24,0.207,0.4469999999999999,-71.959444,41.048333,8510560,NOAA_NOS,IAN,2022,240.0
2022-09-25 05:00:00,-0.669,-0.337,0.332,-71.959444,41.048333,8510560,NOAA_NOS,IAN,2022,300.0
2022-09-25 06:00:00,-1.135,-0.853,0.282,-71.959444,41.048333,8510560,NOAA_NOS,IAN,2022,360.0
2022-09-25 07:00:00,-1.64,-1.179,0.4609999999999998,-71.959444,41.048333,8510560,NOAA_NOS,IAN,2022,420.0
2022-09-25 08:00:00,-1.601,-1.183,0.4179999999999999,-71.959444,41.048333,8510560,NOAA_NOS,IAN,2022,480.0
2022-09-25 09:00:00,-1.02,-0.787,0.2329999999999999,-71.959444,41.048333,8510560,NOAA_NOS,IAN,2022,540.0
2022-09-25 10:00:00,-0.394,-0.157,0.237,-71.959444,41.048333,8510560,NOAA_NOS,IAN,2022,600.0
2022-09-25 11:00:00,0.276,0.436,0.1599999999999999,-71.959444,41.048333,8510560,NOAA_NOS,IAN,2022,660.0
2022-09-25 12:00:00,0.879,0.891,0.012,-71.959444,41.048333,8510560,NOAA_NOS,IAN,2022,720.0
2022-09-25 13:00:00,1.322,1.124,-0.1979999999999999,-71.959444,41.048333,8510560,NOAA_NOS,IAN,2022,780.0
2022-09-25 14:00:00,1.309,1.042,-0.2669999999999999,-71.959444,41.048333,8510560,NOAA_NOS,IAN,2022,840.0
2022-09-25 15:00:00,0.965,0.789,-0.1759999999999999,-71.959444,41.048333,8510560,NOAA_NOS,IAN,2022,900.0
2022-09-25 16:00:00,0.666,0.393,-0.273,-71.959444,41.048333,8510560,NOAA_NOS,IAN,2022,960.0
2022-09-25 17:00:00,0.427,-0.132,-0.5589999999999999,-71.959444,41.048333,8510560,NOAA_NOS,IAN,2022,1020.0
2022-09-25 18:00:00,0.18,-0.694,-0.8739999999999999,-71.959444,41.048333,8510560,NOAA_NOS,IAN,2022,1080.0
2022-09-25 19:00:00,0.007,-1.097,-1.104,-71.959444,41.048333,8510560,NOAA_NOS,IAN,2022,1140.0
2022-09-25 20:00:00,-0.02,-1.203,-1.183,-71.959444,41.048333,8510560,NOAA_NOS,IAN,2022,1200.0
2022-09-25 21:00:00,0.315,-0.925,-1.24,-71.959444,41.048333,8510560,NOAA_NOS,IAN,2022,1260.0
2022-09-25 22:00:00,0.951,-0.352,-1.303,-71.959444,41.048333,8510560,NOAA_NOS,IAN,2022,1320.0
2022-09-25 23:00:00,1.503,0.272,-1.231,-71.959444,41.048333,8510560,NOAA_NOS,IAN,2022,1380.0
2022-09-26 00:00:00,1.965,0.774,-1.191,-71.959444,41.048333,8510560,NOAA_NOS,IAN,2022,1440.0
2022-09-26 01:00:00,2.313,1.086,-1.227,-71.959444,41.048333,8510560,NOAA_NOS,IAN,2022,1500.0
2022-09-26 02:00:00,2.461,1.068,-1.3929999999999998,-71.959444,41.048333,8510560,NOAA_NOS,IAN,2022,1560.0
2022-09-26 03:00:00,2.054,0.828,-1.226,-71.959444,41.048333,8510560,NOAA_NOS,IAN,2022,1620.0
2022-09-26 04:00:00,1.43,0.454,-0.976,-71.959444,41.048333,8510560,NOAA_NOS,IAN,2022,1680.0
2022-09-26 05:00:00,1.168,-0.028,-1.196,-71.959444,41.048333,8510560,NOAA_NOS,IAN,2022,1740.0
2022-09-26 06:00:00,0.469,-0.61,-1.079,-71.959444,41.048333,8510560,NOAA_NOS,IAN,2022,1800.0
2022-09-26 07:00:00,-0.135,-1.074,-0.939,-71.959444,41.048333,8510560,NOAA_NOS,IAN,2022,1860.0
2022-09-26 08:00:00,-0.328,-1.268,-0.94,-71.959444,41.048333,8510560,NOAA_NOS,IAN,2022,1920.0
2022-09-26 09:00:00,-0.213,-1.079,-0.866,-71.959444,41.048333,8510560,NOAA_NOS,IAN,2022,1980.0
2022-09-26 10:00:00,0.262,-0.502,-0.764,-71.959444,41.048333,8510560,NOAA_NOS,IAN,2022,2040.0
2022-09-26 11:00:00,0.82,0.202,-0.6179999999999999,-71.959444,41.048333,8510560,NOAA_NOS,IAN,2022,2100.0
2022-09-26 12:00:00,1.293,0.795,-0.4979999999999999,-71.959444,41.048333,8510560,NOAA_NOS,IAN,2022,2160.0
2022-09-26 13:00:00,1.572,1.202,-0.3700000000000001,-71.959444,41.048333,8510560,NOAA_NOS,IAN,2022,2220.0
2022-09-26 14:00:00,1.693,1.312,-0.381,-71.959444,41.048333,8510560,NOAA_NOS,IAN,2022,2280.0
2022-09-26 15:00:00,1.43,1.1,-0.3299999999999998,-71.959444,41.048333,8510560,NOAA_NOS,IAN,2022,2340.0
2022-09-26 16:00:00,1.004,0.734,-0.27,-71.959444,41.048333,8510560,NOAA_NOS,IAN,2022,2400.0
2022-09-26 17:00:00,0.577,0.236,-0.3409999999999999,-71.959444,41.048333,8510560,NOAA_NOS,IAN,2022,2460.0
2022-09-26 18:00:00,0.19,-0.382,-0.5720000000000001,-71.959444,41.048333,8510560,NOAA_NOS,IAN,2022,2520.0
2022-09-26 19:00:00,-0.154,-0.957,-0.8029999999999999,-71.959444,41.048333,8510560,NOAA_NOS,IAN,2022,2580.0
2022-09-26 20:00:00,-0.564,-1.307,-0.743,-71.959444,41.048333,8510560,NOAA_NOS,IAN,2022,2640.0
2022-09-26 21:00:00,-0.518,-1.296,-0.778,-71.959444,41.048333,8510560,NOAA_NOS,IAN,2022,2700.0
2022-09-26 22:00:00,0.023,-0.843,-0.866,-71.959444,41.048333,8510560,NOAA_NOS,IAN,2022,2760.0
2022-09-26 23:00:00,0.653,-0.163,-0.8160000000000001,-71.959444,41.048333,8510560,NOAA_NOS,IAN,2022,2820.0
2022-09-27 00:00:00,1.112,0.448,-0.6640000000000001,-71.959444,41.048333,8510560,NOAA_NOS,IAN,2022,2880.0
2022-09-27 01:00:00,1.568,0.895,-0.673,-71.959444,41.048333,8510560,NOAA_NOS,IAN,2022,2940.0
2022-09-27 02:00:00,1.883,1.105,-0.778,-71.959444,41.048333,8510560,NOAA_NOS,IAN,2022,3000.0
2022-09-27 03:00:00,1.765,0.977,-0.7879999999999999,-71.959444,41.048333,8510560,NOAA_NOS,IAN,2022,3060.0
2022-09-27 04:00:00,1.263,0.662,-0.6009999999999999,-71.959444,41.048333,8510560,NOAA_NOS,IAN,2022,3120.0
2022-09-27 05:00:00,0.843,0.231,-0.612,-71.959444,41.048333,8510560,NOAA_NOS,IAN,2022,3180.0
2022-09-27 06:00:00,0.43,-0.297,-0.727,-71.959444,41.048333,8510560,NOAA_NOS,IAN,2022,3240.0
2022-09-27 07:00:00,-0.007,-0.854,-0.847,-71.959444,41.048333,8510560,NOAA_NOS,IAN,2022,3300.0
2022-09-27 08:00:00,-0.305,-1.236,-0.931,-71.959444,41.048333,8510560,NOAA_NOS,IAN,2022,3360.0
2022-09-27 09:00:00,-0.358,-1.265,-0.907,-71.959444,41.048333,8510560,NOAA_NOS,IAN,2022,3420.0
2022-09-27 10:00:00,-0.082,-0.86,-0.778,-71.959444,41.048333,8510560,NOAA_NOS,IAN,2022,3480.0
2022-09-27 11:00:00,0.505,-0.156,-0.661,-71.959444,41.048333,8510560,NOAA_NOS,IAN,2022,3540.0
2022-09-27 12:00:00,1.093,0.554,-0.5389999999999999,-71.959444,41.048333,8510560,NOAA_NOS,IAN,2022,3600.0
2022-09-27 13:00:00,1.699,1.114,-0.585,-71.959444,41.048333,8510560,NOAA_NOS,IAN,2022,3660.0
2022-09-27 14:00:00,2.103,1.454,-0.6490000000000002,-71.959444,41.048333,8510560,NOAA_NOS,IAN,2022,3720.0
2022-09-27 15:00:00,2.152,1.404,-0.7480000000000002,-71.959444,41.048333,8510560,NOAA_NOS,IAN,2022,3780.0
2022-09-27 16:00:00,1.726,1.092,-0.6339999999999999,-71.959444,41.048333,8510560,NOAA_NOS,IAN,2022,3840.0
2022-09-27 17:00:00,1.125,0.643,-0.482,-71.959444,41.048333,8510560,NOAA_NOS,IAN,2022,3900.0
2022-09-27 18:00:00,0.666,0.07,-0.5960000000000001,-71.959444,41.048333,8510560,NOAA_NOS,IAN,2022,3960.0
2022-09-27 19:00:00,0.085,-0.605,-0.69,-71.959444,41.048333,8510560,NOAA_NOS,IAN,2022,4020.0
2022-09-27 20:00:00,-0.377,-1.168,-0.7909999999999999,-71.959444,41.048333,8510560,NOAA_NOS,IAN,2022,4080.0
2022-09-27 21:00:00,-0.686,-1.439,-0.753,-71.959444,41.048333,8510560,NOAA_NOS,IAN,2022,4140.0
2022-09-27 22:00:00,-0.486,-1.297,-0.8109999999999999,-71.959444,41.048333,8510560,NOAA_NOS,IAN,2022,4200.0
2022-09-27 23:00:00,0.03,-0.717,-0.747,-71.959444,41.048333,8510560,NOAA_NOS,IAN,2022,4260.0
2022-09-28 00:00:00,0.492,-0.012,-0.504,-71.959444,41.048333,8510560,NOAA_NOS,IAN,2022,4320.0
2022-09-28 01:00:00,0.883,0.561,-0.3219999999999999,-71.959444,41.048333,8510560,NOAA_NOS,IAN,2022,4380.0
2022-09-28 02:00:00,1.224,0.941,-0.283,-71.959444,41.048333,8510560,NOAA_NOS,IAN,2022,4440.0
2022-09-28 03:00:00,1.414,1.034,-0.3799999999999999,-71.959444,41.048333,8510560,NOAA_NOS,IAN,2022,4500.0
2022-09-28 04:00:00,1.266,0.827,-0.439,-71.959444,41.048333,8510560,NOAA_NOS,IAN,2022,4560.0
2022-09-28 05:00:00,0.83,0.482,-0.348,-71.959444,41.048333,8510560,NOAA_NOS,IAN,2022,4620.0
2022-09-28 06:00:00,0.374,0.034,-0.3399999999999999,-71.959444,41.048333,8510560,NOAA_NOS,IAN,2022,4680.0
2022-09-28 07:00:00,-0.043,-0.51,-0.467,-71.959444,41.048333,8510560,NOAA_NOS,IAN,2022,4740.0
2022-09-28 08:00:00,-0.433,-1.022,-0.589,-71.959444,41.048333,8510560,NOAA_NOS,IAN,2022,4800.0
2022-09-28 09:00:00,-0.719,-1.291,-0.572,-71.959444,41.048333,8510560,NOAA_NOS,IAN,2022,4860.0
2022-09-28 10:00:00,-0.581,-1.171,-0.5900000000000001,-71.959444,41.048333,8510560,NOAA_NOS,IAN,2022,4920.0
2022-09-28 11:00:00,-0.085,-0.629,-0.544,-71.959444,41.048333,8510560,NOAA_NOS,IAN,2022,4980.0
2022-09-28 12:00:00,0.554,0.139,-0.415,-71.959444,41.048333,8510560,NOAA_NOS,IAN,2022,5040.0
2022-09-28 13:00:00,1.007,0.836,-0.1709999999999999,-71.959444,41.048333,8510560,NOAA_NOS,IAN,2022,5100.0
2022-09-28 14:00:00,1.542,1.355,-0.187,-71.959444,41.048333,8510560,NOAA_NOS,IAN,2022,5160.0
2022-09-28 15:00:00,1.85,1.596,-0.254,-71.959444,41.048333,8510560,NOAA_NOS,IAN,2022,5220.0
2022-09-28 16:00:00,1.719,1.425,-0.294,-71.959444,41.048333,8510560,NOAA_NOS,IAN,2022,5280.0
2022-09-28 17:00:00,1.207,1.055,-0.1520000000000001,-71.959444,41.048333,8510560,NOAA_NOS,IAN,2022,5340.0
2022-09-28 18:00:00,0.712,0.552,-0.1599999999999999,-71.959444,41.048333,8510560,NOAA_NOS,IAN,2022,5400.0
2022-09-28 19:00:00,0.187,-0.071,-0.258,-71.959444,41.048333,8510560,NOAA_NOS,IAN,2022,5460.0
2022-09-28 20:00:00,-0.318,-0.75,-0.432,-71.959444,41.048333,8510560,NOAA_NOS,IAN,2022,5520.0
2022-09-28 21:00:00,-0.827,-1.287,-0.4599999999999999,-71.959444,41.048333,8510560,NOAA_NOS,IAN,2022,5580.0
2022-09-28 22:00:00,-0.994,-1.481,-0.4870000000000001,-71.959444,41.048333,8510560,NOAA_NOS,IAN,2022,5640.0
2022-09-28 23:00:00,-0.748,-1.225,-0.4770000000000001,-71.959444,41.048333,8510560,NOAA_NOS,IAN,2022,5700.0
2022-09-29 00:00:00,-0.203,-0.593,-0.3899999999999999,-71.959444,41.048333,8510560,NOAA_NOS,IAN,2022,5760.0
2022-09-29 01:00:00,0.187,0.077,-0.11,-71.959444,41.048333,8510560,NOAA_NOS,IAN,2022,5820.0
2022-09-29 02:00:00,0.607,0.592,-0.015,-71.959444,41.048333,8510560,NOAA_NOS,IAN,2022,5880.0
2022-09-29 03:00:00,0.948,0.918,-0.0299999999999999,-71.959444,41.048333,8510560,NOAA_NOS,IAN,2022,5940.0
2022-09-29 04:00:00,1.004,0.9,-0.1039999999999999,-71.959444,41.048333,8510560,NOAA_NOS,IAN,2022,6000.0
2022-09-29 05:00:00,0.732,0.667,-0.0649999999999999,-71.959444,41.048333,8510560,NOAA_NOS,IAN,2022,6060.0
2022-09-29 06:00:00,0.282,0.315,0.033,-71.959444,41.048333,8510560,NOAA_NOS,IAN,2022,6120.0
2022-09-29 07:00:00,-0.095,-0.117,-0.022,-71.959444,41.048333,8510560,NOAA_NOS,IAN,2022,6180.0
2022-09-29 08:00:00,-0.394,-0.629,-0.235,-71.959444,41.048333,8510560,NOAA_NOS,IAN,2022,6240.0
2022-09-29 09:00:00,-0.745,-1.043,-0.2979999999999999,-71.959444,41.048333,8510560,NOAA_NOS,IAN,2022,6300.0
2022-09-29 10:00:00,-0.873,-1.189,-0.316,-71.959444,41.048333,8510560,NOAA_NOS,IAN,2022,6360.0
2022-09-29 11:00:00,-0.663,-0.968,-0.3049999999999999,-71.959444,41.048333,8510560,NOAA_NOS,IAN,2022,6420.0
2022-09-29 12:00:00,-0.085,-0.393,-0.308,-71.959444,41.048333,8510560,NOAA_NOS,IAN,2022,6480.0
2022-09-29 13:00:00,0.486,0.333,-0.1529999999999999,-71.959444,41.048333,8510560,NOAA_NOS,IAN,2022,6540.0
2022-09-29 14:00:00,1.024,1.006,-0.018,-71.959444,41.048333,8510560,NOAA_NOS,IAN,2022,6600.0
2022-09-29 15:00:00,1.496,1.517,0.0209999999999999,-71.959444,41.048333,8510560,NOAA_NOS,IAN,2022,6660.0
2022-09-29 16:00:00,1.781,1.679,-0.1019999999999998,-71.959444,41.048333,8510560,NOAA_NOS,IAN,2022,6720.0
2022-09-29 17:00:00,1.614,1.491,-0.123,-71.959444,41.048333,8510560,NOAA_NOS,IAN,2022,6780.0
2022-09-29 18:00:00,1.102,1.091,-0.0110000000000001,-71.959444,41.048333,8510560,NOAA_NOS,IAN,2022,6840.0
2022-09-29 19:00:00,0.627,0.528,-0.0989999999999999,-71.959444,41.048333,8510560,NOAA_NOS,IAN,2022,6900.0
2022-09-29 20:00:00,0.164,-0.15,-0.314,-71.959444,41.048333,8510560,NOAA_NOS,IAN,2022,6960.0
2022-09-29 21:00:00,-0.361,-0.836,-0.475,-71.959444,41.048333,8510560,NOAA_NOS,IAN,2022,7020.0
2022-09-29 22:00:00,-0.833,-1.332,-0.4990000000000001,-71.959444,41.048333,8510560,NOAA_NOS,IAN,2022,7080.0
2022-09-29 23:00:00,-0.932,-1.453,-0.521,-71.959444,41.048333,8510560,NOAA_NOS,IAN,2022,7140.0
2022-09-30 00:00:00,-0.623,-1.093,-0.47,-71.959444,41.048333,8510560,NOAA_NOS,IAN,2022,7200.0
2022-09-30 01:00:00,-0.138,-0.447,-0.309,-71.959444,41.048333,8510560,NOAA_NOS,IAN,2022,7260.0
2022-09-30 02:00:00,0.233,0.135,-0.098,-71.959444,41.048333,8510560,NOAA_NOS,IAN,2022,7320.0
2022-09-30 03:00:00,0.584,0.569,-0.015,-71.959444,41.048333,8510560,NOAA_NOS,IAN,2022,7380.0
2022-09-30 04:00:00,0.915,0.824,-0.091,-71.959444,41.048333,8510560,NOAA_NOS,IAN,2022,7440.0
2022-09-30 05:00:00,0.919,0.743,-0.176,-71.959444,41.048333,8510560,NOAA_NOS,IAN,2022,7500.0
2022-09-30 06:00:00,0.594,0.522,-0.0719999999999999,-71.959444,41.048333,8510560,NOAA_NOS,IAN,2022,7560.0
2022-09-30 07:00:00,0.2,0.215,0.0149999999999999,-71.959444,41.048333,8510560,NOAA_NOS,IAN,2022,7620.0
2022-09-30 08:00:00,0.01,-0.199,-0.209,-71.959444,41.048333,8510560,NOAA_NOS,IAN,2022,7680.0
2022-09-30 09:00:00,-0.207,-0.688,-0.481,-71.959444,41.048333,8510560,NOAA_NOS,IAN,2022,7740.0
2022-09-30 10:00:00,-0.446,-1.052,-0.6060000000000001,-71.959444,41.048333,8510560,NOAA_NOS,IAN,2022,7800.0
2022-09-30 11:00:00,-0.489,-1.127,-0.638,-71.959444,41.048333,8510560,NOAA_NOS,IAN,2022,7860.0
2022-09-30 12:00:00,-0.226,-0.836,-0.61,-71.959444,41.048333,8510560,NOAA_NOS,IAN,2022,7920.0
2022-09-30 13:00:00,0.269,-0.216,-0.485,-71.959444,41.048333,8510560,NOAA_NOS,IAN,2022,7980.0
2022-09-30 14:00:00,0.909,0.486,-0.423,-71.959444,41.048333,8510560,NOAA_NOS,IAN,2022,8040.0
2022-09-30 15:00:00,1.345,1.101,-0.244,-71.959444,41.048333,8510560,NOAA_NOS,IAN,2022,8100.0
2022-09-30 16:00:00,1.86,1.55,-0.31,-71.959444,41.048333,8510560,NOAA_NOS,IAN,2022,8160.0
2022-09-30 17:00:00,2.037,1.631,-0.4059999999999999,-71.959444,41.048333,8510560,NOAA_NOS,IAN,2022,8220.0
2022-09-30 18:00:00,1.713,1.417,-0.296,-71.959444,41.048333,8510560,NOAA_NOS,IAN,2022,8280.0
2022-09-30 19:00:00,1.217,1.048,-0.169,-71.959444,41.048333,8510560,NOAA_NOS,IAN,2022,8340.0
2022-09-30 20:00:00,0.801,0.531,-0.27,-71.959444,41.048333,8510560,NOAA_NOS,IAN,2022,8400.0
2022-09-30 21:00:00,0.348,-0.122,-0.47,-71.959444,41.048333,8510560,NOAA_NOS,IAN,2022,8460.0
2022-09-30 22:00:00,-0.171,-0.794,-0.623,-71.959444,41.048333,8510560,NOAA_NOS,IAN,2022,8520.0
2022-09-30 23:00:00,-0.584,-1.254,-0.67,-71.959444,41.048333,8510560,NOAA_NOS,IAN,2022,8580.0
2022-10-01 00:00:00,-0.663,-1.393,-0.73,-71.959444,41.048333,8510560,NOAA_NOS,IAN,2022,8640.0
2022-10-01 01:00:00,-0.384,-1.076,-0.6920000000000001,-71.959444,41.048333,8510560,NOAA_NOS,IAN,2022,8700.0
2022-10-01 02:00:00,0.059,-0.47,-0.5289999999999999,-71.959444,41.048333,8510560,NOAA_NOS,IAN,2022,8760.0
2022-10-01 03:00:00,0.42,0.095,-0.3249999999999999,-71.959444,41.048333,8510560,NOAA_NOS,IAN,2022,8820.0
2022-10-01 04:00:00,0.82,0.538,-0.2819999999999999,-71.959444,41.048333,8510560,NOAA_NOS,IAN,2022,8880.0
2022-10-01 05:00:00,1.181,0.804,-0.377,-71.959444,41.048333,8510560,NOAA_NOS,IAN,2022,8940.0
2022-10-01 06:00:00,1.155,0.787,-0.368,-71.959444,41.048333,8510560,NOAA_NOS,IAN,2022,9000.0
2022-10-01 07:00:00,0.876,0.575,-0.301,-71.959444,41.048333,8510560,NOAA_NOS,IAN,2022,9060.0
2022-10-01 08:00:00,0.653,0.195,-0.458,-71.959444,41.048333,8510560,NOAA_NOS,IAN,2022,9120.0
2022-10-01 09:00:00,0.476,-0.25,-0.726,-71.959444,41.048333,8510560,NOAA_NOS,IAN,2022,9180.0
2022-10-01 10:00:00,0.079,-0.704,-0.7829999999999999,-71.959444,41.048333,8510560,NOAA_NOS,IAN,2022,9240.0
2022-10-01 11:00:00,-0.102,-0.981,-0.879,-71.959444,41.048333,8510560,NOAA_NOS,IAN,2022,9300.0
2022-10-01 12:00:00,-0.161,-0.914,-0.753,-71.959444,41.048333,8510560,NOAA_NOS,IAN,2022,9360.0
2022-10-01 13:00:00,0.154,-0.495,-0.649,-71.959444,41.048333,8510560,NOAA_NOS,IAN,2022,9420.0
2022-10-01 14:00:00,0.617,0.089,-0.528,-71.959444,41.048333,8510560,NOAA_NOS,IAN,2022,9480.0
2022-10-01 15:00:00,1.158,0.69,-0.4679999999999999,-71.959444,41.048333,8510560,NOAA_NOS,IAN,2022,9540.0
2022-10-01 16:00:00,1.558,1.19,-0.3680000000000001,-71.959444,41.048333,8510560,NOAA_NOS,IAN,2022,9600.0
2022-10-01 17:00:00,2.119,1.507,-0.6120000000000003,-71.959444,41.048333,8510560,NOAA_NOS,IAN,2022,9660.0
2022-10-01 18:00:00,2.188,1.511,-0.6770000000000003,-71.959444,41.048333,8510560,NOAA_NOS,IAN,2022,9720.0
2022-10-01 19:00:00,1.864,1.353,-0.5110000000000001,-71.959444,41.048333,8510560,NOAA_NOS,IAN,2022,9780.0
2022-10-01 20:00:00,1.604,1.048,-0.556,-71.959444,41.048333,8510560,NOAA_NOS,IAN,2022,9840.0
2022-10-01 21:00:00,1.319,0.5,-0.819,-71.959444,41.048333,8510560,NOAA_NOS,IAN,2022,9900.0
2022-10-01 22:00:00,0.974,-0.188,-1.162,-71.959444,41.048333,8510560,NOAA_NOS,IAN,2022,9960.0
2022-10-01 23:00:00,0.354,-0.828,-1.182,-71.959444,41.048333,8510560,NOAA_NOS,IAN,2022,10020.0
2022-09-25 01:00:00,1.293,2.356,1.063,-73.767883,40.810306,8516945,NOAA_NOS,IAN,2022,60.0
2022-09-25 02:00:00,2.703,3.578,0.875,-73.767883,40.810306,8516945,NOAA_NOS,IAN,2022,120.0
2022-09-25 03:00:00,3.061,3.933,0.8719999999999999,-73.767883,40.810306,8516945,NOAA_NOS,IAN,2022,180.0
2022-09-25 04:00:00,3.061,3.827,0.766,-73.767883,40.810306,8516945,NOAA_NOS,IAN,2022,240.0
2022-09-25 05:00:00,2.428,2.619,0.1910000000000002,-73.767883,40.810306,8516945,NOAA_NOS,IAN,2022,300.0
2022-09-25 06:00:00,0.659,0.366,-0.293,-73.767883,40.810306,8516945,NOAA_NOS,IAN,2022,360.0
2022-09-25 07:00:00,-1.519,-1.809,-0.29,-73.767883,40.810306,8516945,NOAA_NOS,IAN,2022,420.0
2022-09-25 08:00:00,-3.235,-3.247,-0.012,-73.767883,40.810306,8516945,NOAA_NOS,IAN,2022,480.0
2022-09-25 09:00:00,-4.045,-3.817,0.2279999999999997,-73.767883,40.810306,8516945,NOAA_NOS,IAN,2022,540.0
2022-09-25 10:00:00,-4.275,-4.129,0.1460000000000008,-73.767883,40.810306,8516945,NOAA_NOS,IAN,2022,600.0
2022-09-25 11:00:00,-4.295,-3.428,0.867,-73.767883,40.810306,8516945,NOAA_NOS,IAN,2022,660.0
2022-09-25 12:00:00,-2.313,-1.067,1.2460000000000002,-73.767883,40.810306,8516945,NOAA_NOS,IAN,2022,720.0
2022-09-25 13:00:00,0.719,1.72,1.001,-73.767883,40.810306,8516945,NOAA_NOS,IAN,2022,780.0
2022-09-25 14:00:00,2.782,3.427,0.645,-73.767883,40.810306,8516945,NOAA_NOS,IAN,2022,840.0
2022-09-25 15:00:00,3.753,3.986,0.2330000000000001,-73.767883,40.810306,8516945,NOAA_NOS,IAN,2022,900.0
2022-09-25 16:00:00,4.15,4.139,-0.0110000000000001,-73.767883,40.810306,8516945,NOAA_NOS,IAN,2022,960.0
2022-09-25 17:00:00,3.99,3.329,-0.661,-73.767883,40.810306,8516945,NOAA_NOS,IAN,2022,1020.0
2022-09-25 18:00:00,2.684,1.277,-1.4070000000000005,-73.767883,40.810306,8516945,NOAA_NOS,IAN,2022,1080.0
2022-09-25 19:00:00,0.436,-1.118,-1.554,-73.767883,40.810306,8516945,NOAA_NOS,IAN,2022,1140.0
2022-09-25 20:00:00,-1.683,-2.909,-1.2259999999999998,-73.767883,40.810306,8516945,NOAA_NOS,IAN,2022,1200.0
2022-09-25 21:00:00,-2.615,-3.691,-1.0759999999999996,-73.767883,40.810306,8516945,NOAA_NOS,IAN,2022,1260.0
2022-09-25 22:00:00,-2.562,-4.132,-1.5699999999999998,-73.767883,40.810306,8516945,NOAA_NOS,IAN,2022,1320.0
2022-09-25 23:00:00,-2.605,-3.883,-1.278,-73.767883,40.810306,8516945,NOAA_NOS,IAN,2022,1380.0
2022-09-26 00:00:00,-1.362,-1.961,-0.599,-73.767883,40.810306,8516945,NOAA_NOS,IAN,2022,1440.0
2022-09-26 01:00:00,1.329,0.933,-0.3959999999999999,-73.767883,40.810306,8516945,NOAA_NOS,IAN,2022,1500.0
2022-09-26 02:00:00,3.704,3.062,-0.6420000000000003,-73.767883,40.810306,8516945,NOAA_NOS,IAN,2022,1560.0
2022-09-26 03:00:00,4.793,3.881,-0.9120000000000004,-73.767883,40.810306,8516945,NOAA_NOS,IAN,2022,1620.0
2022-09-26 04:00:00,5.003,4.161,-0.8420000000000005,-73.767883,40.810306,8516945,NOAA_NOS,IAN,2022,1680.0
2022-09-26 05:00:00,4.843,3.703,-1.14,-73.767883,40.810306,8516945,NOAA_NOS,IAN,2022,1740.0
2022-09-26 06:00:00,3.786,1.95,-1.836,-73.767883,40.810306,8516945,NOAA_NOS,IAN,2022,1800.0
2022-09-26 07:00:00,1.329,-0.536,-1.865,-73.767883,40.810306,8516945,NOAA_NOS,IAN,2022,1860.0
2022-09-26 08:00:00,-1.109,-2.583,-1.4740000000000002,-73.767883,40.810306,8516945,NOAA_NOS,IAN,2022,1920.0
2022-09-26 09:00:00,-2.631,-3.633,-1.0020000000000002,-73.767883,40.810306,8516945,NOAA_NOS,IAN,2022,1980.0
2022-09-26 10:00:00,-3.488,-4.118,-0.6300000000000003,-73.767883,40.810306,8516945,NOAA_NOS,IAN,2022,2040.0
2022-09-26 11:00:00,-3.684,-4.185,-0.5009999999999994,-73.767883,40.810306,8516945,NOAA_NOS,IAN,2022,2100.0
2022-09-26 12:00:00,-2.89,-2.729,0.161,-73.767883,40.810306,8516945,NOAA_NOS,IAN,2022,2160.0
2022-09-26 13:00:00,-0.62,0.201,0.821,-73.767883,40.810306,8516945,NOAA_NOS,IAN,2022,2220.0
2022-09-26 14:00:00,1.995,2.77,0.7749999999999999,-73.767883,40.810306,8516945,NOAA_NOS,IAN,2022,2280.0
2022-09-26 15:00:00,3.819,4.001,0.1820000000000003,-73.767883,40.810306,8516945,NOAA_NOS,IAN,2022,2340.0
2022-09-26 16:00:00,4.157,4.412,0.2549999999999999,-73.767883,40.810306,8516945,NOAA_NOS,IAN,2022,2400.0
2022-09-26 17:00:00,4.154,4.29,0.1360000000000001,-73.767883,40.810306,8516945,NOAA_NOS,IAN,2022,2460.0
2022-09-26 18:00:00,3.442,2.841,-0.601,-73.767883,40.810306,8516945,NOAA_NOS,IAN,2022,2520.0
2022-09-26 19:00:00,1.732,0.316,-1.416,-73.767883,40.810306,8516945,NOAA_NOS,IAN,2022,2580.0
2022-09-26 20:00:00,-0.705,-1.997,-1.2920000000000005,-73.767883,40.810306,8516945,NOAA_NOS,IAN,2022,2640.0
2022-09-26 21:00:00,-2.536,-3.461,-0.9249999999999998,-73.767883,40.810306,8516945,NOAA_NOS,IAN,2022,2700.0
2022-09-26 22:00:00,-3.153,-4.085,-0.932,-73.767883,40.810306,8516945,NOAA_NOS,IAN,2022,2760.0
2022-09-26 23:00:00,-3.376,-4.485,-1.1090000000000004,-73.767883,40.810306,8516945,NOAA_NOS,IAN,2022,2820.0
2022-09-27 00:00:00,-3.222,-3.696,-0.4740000000000002,-73.767883,40.810306,8516945,NOAA_NOS,IAN,2022,2880.0
2022-09-27 01:00:00,-1.289,-1.099,0.1899999999999999,-73.767883,40.810306,8516945,NOAA_NOS,IAN,2022,2940.0
2022-09-27 02:00:00,1.732,1.835,0.1029999999999999,-73.767883,40.810306,8516945,NOAA_NOS,IAN,2022,3000.0
2022-09-27 03:00:00,3.596,3.522,-0.0740000000000002,-73.767883,40.810306,8516945,NOAA_NOS,IAN,2022,3060.0
2022-09-27 04:00:00,4.177,4.058,-0.1189999999999997,-73.767883,40.810306,8516945,NOAA_NOS,IAN,2022,3120.0
2022-09-27 05:00:00,4.491,4.212,-0.2789999999999999,-73.767883,40.810306,8516945,NOAA_NOS,IAN,2022,3180.0
2022-09-27 06:00:00,4.183,3.305,-0.8779999999999997,-73.767883,40.810306,8516945,NOAA_NOS,IAN,2022,3240.0
2022-09-27 07:00:00,2.53,1.036,-1.4939999999999998,-73.767883,40.810306,8516945,NOAA_NOS,IAN,2022,3300.0
2022-09-27 08:00:00,-0.072,-1.408,-1.336,-73.767883,40.810306,8516945,NOAA_NOS,IAN,2022,3360.0
2022-09-27 09:00:00,-2.165,-3.186,-1.021,-73.767883,40.810306,8516945,NOAA_NOS,IAN,2022,3420.0
2022-09-27 10:00:00,-2.999,-3.901,-0.9019999999999996,-73.767883,40.810306,8516945,NOAA_NOS,IAN,2022,3480.0
2022-09-27 11:00:00,-3.051,-4.332,-1.2809999999999997,-73.767883,40.810306,8516945,NOAA_NOS,IAN,2022,3540.0
2022-09-27 12:00:00,-3.084,-3.927,-0.843,-73.767883,40.810306,8516945,NOAA_NOS,IAN,2022,3600.0
2022-09-27 13:00:00,-1.857,-1.658,0.199,-73.767883,40.810306,8516945,NOAA_NOS,IAN,2022,3660.0
2022-09-27 14:00:00,0.912,1.492,0.58,-73.767883,40.810306,8516945,NOAA_NOS,IAN,2022,3720.0
2022-09-27 15:00:00,3.406,3.619,0.213,-73.767883,40.810306,8516945,NOAA_NOS,IAN,2022,3780.0
2022-09-27 16:00:00,4.577,4.412,-0.165,-73.767883,40.810306,8516945,NOAA_NOS,IAN,2022,3840.0
2022-09-27 17:00:00,4.767,4.727,-0.04,-73.767883,40.810306,8516945,NOAA_NOS,IAN,2022,3900.0
2022-09-27 18:00:00,4.58,4.153,-0.4270000000000005,-73.767883,40.810306,8516945,NOAA_NOS,IAN,2022,3960.0
2022-09-27 19:00:00,3.314,2.103,-1.211,-73.767883,40.810306,8516945,NOAA_NOS,IAN,2022,4020.0
2022-09-27 20:00:00,0.781,-0.597,-1.378,-73.767883,40.810306,8516945,NOAA_NOS,IAN,2022,4080.0
2022-09-27 21:00:00,-1.683,-2.691,-1.0079999999999998,-73.767883,40.810306,8516945,NOAA_NOS,IAN,2022,4140.0
2022-09-27 22:00:00,-3.153,-3.807,-0.6539999999999999,-73.767883,40.810306,8516945,NOAA_NOS,IAN,2022,4200.0
2022-09-27 23:00:00,-3.484,-4.422,-0.9379999999999996,-73.767883,40.810306,8516945,NOAA_NOS,IAN,2022,4260.0
2022-09-28 00:00:00,-3.773,-4.63,-0.8569999999999998,-73.767883,40.810306,8516945,NOAA_NOS,IAN,2022,4320.0
2022-09-28 01:00:00,-3.169,-3.198,-0.0289999999999999,-73.767883,40.810306,8516945,NOAA_NOS,IAN,2022,4380.0
2022-09-28 02:00:00,-0.791,-0.198,0.593,-73.767883,40.810306,8516945,NOAA_NOS,IAN,2022,4440.0
2022-09-28 03:00:00,1.995,2.512,0.5169999999999999,-73.767883,40.810306,8516945,NOAA_NOS,IAN,2022,4500.0
2022-09-28 04:00:00,3.415,3.721,0.306,-73.767883,40.810306,8516945,NOAA_NOS,IAN,2022,4560.0
2022-09-28 05:00:00,3.671,4.135,0.4639999999999999,-73.767883,40.810306,8516945,NOAA_NOS,IAN,2022,4620.0
2022-09-28 06:00:00,3.737,4.07,0.3330000000000002,-73.767883,40.810306,8516945,NOAA_NOS,IAN,2022,4680.0
2022-09-28 07:00:00,3.238,2.685,-0.5529999999999999,-73.767883,40.810306,8516945,NOAA_NOS,IAN,2022,4740.0
2022-09-28 08:00:00,1.47,0.185,-1.285,-73.767883,40.810306,8516945,NOAA_NOS,IAN,2022,4800.0
2022-09-28 09:00:00,-1.017,-2.126,-1.109,-73.767883,40.810306,8516945,NOAA_NOS,IAN,2022,4860.0
2022-09-28 10:00:00,-2.94,-3.528,-0.5880000000000001,-73.767883,40.810306,8516945,NOAA_NOS,IAN,2022,4920.0
2022-09-28 11:00:00,-3.366,-4.045,-0.6789999999999998,-73.767883,40.810306,8516945,NOAA_NOS,IAN,2022,4980.0
2022-09-28 12:00:00,-3.412,-4.36,-0.9480000000000004,-73.767883,40.810306,8516945,NOAA_NOS,IAN,2022,5040.0
2022-09-28 13:00:00,-3.107,-3.377,-0.2699999999999996,-73.767883,40.810306,8516945,NOAA_NOS,IAN,2022,5100.0
2022-09-28 14:00:00,-1.161,-0.589,0.5720000000000001,-73.767883,40.810306,8516945,NOAA_NOS,IAN,2022,5160.0
2022-09-28 15:00:00,1.706,2.437,0.7309999999999999,-73.767883,40.810306,8516945,NOAA_NOS,IAN,2022,5220.0
2022-09-28 16:00:00,3.743,4.128,0.3850000000000002,-73.767883,40.810306,8516945,NOAA_NOS,IAN,2022,5280.0
2022-09-28 17:00:00,4.37,4.696,0.3259999999999996,-73.767883,40.810306,8516945,NOAA_NOS,IAN,2022,5340.0
2022-09-28 18:00:00,4.514,4.852,0.3380000000000001,-73.767883,40.810306,8516945,NOAA_NOS,IAN,2022,5400.0
2022-09-28 19:00:00,4.026,3.753,-0.2729999999999997,-73.767883,40.810306,8516945,NOAA_NOS,IAN,2022,5460.0
2022-09-28 20:00:00,2.346,1.328,-1.018,-73.767883,40.810306,8516945,NOAA_NOS,IAN,2022,5520.0
2022-09-28 21:00:00,-0.18,-1.293,-1.113,-73.767883,40.810306,8516945,NOAA_NOS,IAN,2022,5580.0
2022-09-28 22:00:00,-2.392,-3.122,-0.73,-73.767883,40.810306,8516945,NOAA_NOS,IAN,2022,5640.0
2022-09-28 23:00:00,-3.451,-3.987,-0.536,-73.767883,40.810306,8516945,NOAA_NOS,IAN,2022,5700.0
2022-09-29 00:00:00,-3.612,-4.63,-1.0179999999999998,-73.767883,40.810306,8516945,NOAA_NOS,IAN,2022,5760.0
2022-09-29 01:00:00,-3.868,-4.533,-0.6650000000000005,-73.767883,40.810306,8516945,NOAA_NOS,IAN,2022,5820.0
2022-09-29 02:00:00,-2.753,-2.577,0.1760000000000001,-73.767883,40.810306,8516945,NOAA_NOS,IAN,2022,5880.0
2022-09-29 03:00:00,-0.085,0.56,0.645,-73.767883,40.810306,8516945,NOAA_NOS,IAN,2022,5940.0
2022-09-29 04:00:00,2.28,2.878,0.5980000000000003,-73.767883,40.810306,8516945,NOAA_NOS,IAN,2022,6000.0
2022-09-29 05:00:00,3.363,3.738,0.375,-73.767883,40.810306,8516945,NOAA_NOS,IAN,2022,6060.0
2022-09-29 06:00:00,3.589,4.101,0.512,-73.767883,40.810306,8516945,NOAA_NOS,IAN,2022,6120.0
2022-09-29 07:00:00,3.524,3.763,0.2389999999999998,-73.767883,40.810306,8516945,NOAA_NOS,IAN,2022,6180.0
2022-09-29 08:00:00,2.657,2.038,-0.6190000000000002,-73.767883,40.810306,8516945,NOAA_NOS,IAN,2022,6240.0
2022-09-29 09:00:00,0.61,-0.499,-1.109,-73.767883,40.810306,8516945,NOAA_NOS,IAN,2022,6300.0
2022-09-29 10:00:00,-1.726,-2.591,-0.8650000000000002,-73.767883,40.810306,8516945,NOAA_NOS,IAN,2022,6360.0
2022-09-29 11:00:00,-3.159,-3.58,-0.4210000000000002,-73.767883,40.810306,8516945,NOAA_NOS,IAN,2022,6420.0
2022-09-29 12:00:00,-3.205,-4.015,-0.8099999999999996,-73.767883,40.810306,8516945,NOAA_NOS,IAN,2022,6480.0
2022-09-29 13:00:00,-3.327,-4.042,-0.7149999999999999,-73.767883,40.810306,8516945,NOAA_NOS,IAN,2022,6540.0
2022-09-29 14:00:00,-2.523,-2.535,-0.012,-73.767883,40.810306,8516945,NOAA_NOS,IAN,2022,6600.0
2022-09-29 15:00:00,-0.21,0.428,0.638,-73.767883,40.810306,8516945,NOAA_NOS,IAN,2022,6660.0
2022-09-29 16:00:00,2.47,3.018,0.5479999999999996,-73.767883,40.810306,8516945,NOAA_NOS,IAN,2022,6720.0
2022-09-29 17:00:00,4.108,4.359,0.2510000000000003,-73.767883,40.810306,8516945,NOAA_NOS,IAN,2022,6780.0
2022-09-29 18:00:00,4.39,4.852,0.4620000000000006,-73.767883,40.810306,8516945,NOAA_NOS,IAN,2022,6840.0
2022-09-29 19:00:00,4.475,4.83,0.3550000000000004,-73.767883,40.810306,8516945,NOAA_NOS,IAN,2022,6900.0
2022-09-29 20:00:00,3.891,3.377,-0.5140000000000002,-73.767883,40.810306,8516945,NOAA_NOS,IAN,2022,6960.0
2022-09-29 21:00:00,1.919,0.795,-1.124,-73.767883,40.810306,8516945,NOAA_NOS,IAN,2022,7020.0
2022-09-29 22:00:00,-0.663,-1.673,-1.01,-73.767883,40.810306,8516945,NOAA_NOS,IAN,2022,7080.0
2022-09-29 23:00:00,-2.585,-3.291,-0.706,-73.767883,40.810306,8516945,NOAA_NOS,IAN,2022,7140.0
2022-09-30 00:00:00,-3.287,-4.07,-0.7830000000000004,-73.767883,40.810306,8516945,NOAA_NOS,IAN,2022,7200.0
2022-09-30 01:00:00,-3.566,-4.713,-1.1470000000000002,-73.767883,40.810306,8516945,NOAA_NOS,IAN,2022,7260.0
2022-09-30 02:00:00,-3.681,-4.301,-0.6200000000000001,-73.767883,40.810306,8516945,NOAA_NOS,IAN,2022,7320.0
2022-09-30 03:00:00,-2.221,-1.951,0.27,-73.767883,40.810306,8516945,NOAA_NOS,IAN,2022,7380.0
2022-09-30 04:00:00,0.554,1.129,0.575,-73.767883,40.810306,8516945,NOAA_NOS,IAN,2022,7440.0
2022-09-30 05:00:00,2.661,3.049,0.3879999999999999,-73.767883,40.810306,8516945,NOAA_NOS,IAN,2022,7500.0
2022-09-30 06:00:00,3.448,3.645,0.197,-73.767883,40.810306,8516945,NOAA_NOS,IAN,2022,7560.0
2022-09-30 07:00:00,3.632,3.958,0.326,-73.767883,40.810306,8516945,NOAA_NOS,IAN,2022,7620.0
2022-09-30 08:00:00,3.54,3.362,-0.1779999999999999,-73.767883,40.810306,8516945,NOAA_NOS,IAN,2022,7680.0
2022-09-30 09:00:00,2.523,1.401,-1.122,-73.767883,40.810306,8516945,NOAA_NOS,IAN,2022,7740.0
2022-09-30 10:00:00,0.312,-0.968,-1.28,-73.767883,40.810306,8516945,NOAA_NOS,IAN,2022,7800.0
2022-09-30 11:00:00,-1.683,-2.816,-1.1329999999999998,-73.767883,40.810306,8516945,NOAA_NOS,IAN,2022,7860.0
2022-09-30 12:00:00,-2.585,-3.556,-0.971,-73.767883,40.810306,8516945,NOAA_NOS,IAN,2022,7920.0
2022-09-30 13:00:00,-2.556,-3.964,-1.408,-73.767883,40.810306,8516945,NOAA_NOS,IAN,2022,7980.0
2022-09-30 14:00:00,-2.618,-3.766,-1.148,-73.767883,40.810306,8516945,NOAA_NOS,IAN,2022,8040.0
2022-09-30 15:00:00,-1.67,-1.878,-0.2079999999999999,-73.767883,40.810306,8516945,NOAA_NOS,IAN,2022,8100.0
2022-09-30 16:00:00,0.751,1.103,0.352,-73.767883,40.810306,8516945,NOAA_NOS,IAN,2022,8160.0
2022-09-30 17:00:00,3.232,3.395,0.1629999999999998,-73.767883,40.810306,8516945,NOAA_NOS,IAN,2022,8220.0
2022-09-30 18:00:00,4.498,4.391,-0.1070000000000002,-73.767883,40.810306,8516945,NOAA_NOS,IAN,2022,8280.0
2022-09-30 19:00:00,4.711,4.818,0.1069999999999993,-73.767883,40.810306,8516945,NOAA_NOS,IAN,2022,8340.0
2022-09-30 20:00:00,4.708,4.589,-0.1189999999999997,-73.767883,40.810306,8516945,NOAA_NOS,IAN,2022,8400.0
2022-09-30 21:00:00,3.783,2.889,-0.8940000000000001,-73.767883,40.810306,8516945,NOAA_NOS,IAN,2022,8460.0
2022-09-30 22:00:00,1.611,0.305,-1.306,-73.767883,40.810306,8516945,NOAA_NOS,IAN,2022,8520.0
2022-09-30 23:00:00,-0.774,-1.897,-1.123,-73.767883,40.810306,8516945,NOAA_NOS,IAN,2022,8580.0
2022-10-01 00:00:00,-2.415,-3.239,-0.8239999999999998,-73.767883,40.810306,8516945,NOAA_NOS,IAN,2022,8640.0
2022-10-01 01:00:00,-2.808,-3.942,-1.1340000000000003,-73.767883,40.810306,8516945,NOAA_NOS,IAN,2022,8700.0
2022-10-01 02:00:00,-3.182,-4.535,-1.3530000000000002,-73.767883,40.810306,8516945,NOAA_NOS,IAN,2022,8760.0
2022-10-01 03:00:00,-3.14,-3.934,-0.794,-73.767883,40.810306,8516945,NOAA_NOS,IAN,2022,8820.0
2022-10-01 04:00:00,-1.414,-1.562,-0.1480000000000001,-73.767883,40.810306,8516945,NOAA_NOS,IAN,2022,8880.0
2022-10-01 05:00:00,1.355,1.31,-0.0449999999999999,-73.767883,40.810306,8516945,NOAA_NOS,IAN,2022,8940.0
2022-10-01 06:00:00,3.241,3.034,-0.2070000000000003,-73.767883,40.810306,8516945,NOAA_NOS,IAN,2022,9000.0
2022-10-01 07:00:00,3.698,3.573,-0.125,-73.767883,40.810306,8516945,NOAA_NOS,IAN,2022,9060.0
2022-10-01 08:00:00,3.904,3.913,0.0089999999999998,-73.767883,40.810306,8516945,NOAA_NOS,IAN,2022,9120.0
2022-10-01 09:00:00,3.799,3.361,-0.4379999999999997,-73.767883,40.810306,8516945,NOAA_NOS,IAN,2022,9180.0
2022-10-01 10:00:00,2.779,1.406,-1.373,-73.767883,40.810306,8516945,NOAA_NOS,IAN,2022,9240.0
2022-10-01 11:00:00,0.853,-1.016,-1.869,-73.767883,40.810306,8516945,NOAA_NOS,IAN,2022,9300.0
2022-10-01 12:00:00,-0.951,-2.782,-1.831,-73.767883,40.810306,8516945,NOAA_NOS,IAN,2022,9360.0
2022-10-01 13:00:00,-1.837,-3.338,-1.501,-73.767883,40.810306,8516945,NOAA_NOS,IAN,2022,9420.0
2022-10-01 14:00:00,-1.772,-3.695,-1.923,-73.767883,40.810306,8516945,NOAA_NOS,IAN,2022,9480.0
2022-10-01 15:00:00,-1.644,-3.269,-1.6250000000000002,-73.767883,40.810306,8516945,NOAA_NOS,IAN,2022,9540.0
2022-10-01 16:00:00,-0.781,-1.057,-0.2759999999999999,-73.767883,40.810306,8516945,NOAA_NOS,IAN,2022,9600.0
2022-10-01 17:00:00,1.539,1.8,0.2610000000000001,-73.767883,40.810306,8516945,NOAA_NOS,IAN,2022,9660.0
2022-10-01 18:00:00,3.783,3.696,-0.0869999999999997,-73.767883,40.810306,8516945,NOAA_NOS,IAN,2022,9720.0
2022-10-01 19:00:00,5.039,4.375,-0.6639999999999997,-73.767883,40.810306,8516945,NOAA_NOS,IAN,2022,9780.0
2022-10-01 20:00:00,5.19,4.587,-0.6030000000000006,-73.767883,40.810306,8516945,NOAA_NOS,IAN,2022,9840.0
2022-10-01 21:00:00,4.928,4.048,-0.8799999999999999,-73.767883,40.810306,8516945,NOAA_NOS,IAN,2022,9900.0
2022-10-01 22:00:00,3.77,2.26,-1.5100000000000002,-73.767883,40.810306,8516945,NOAA_NOS,IAN,2022,9960.0
2022-10-01 23:00:00,1.926,-0.144,-2.07,-73.767883,40.810306,8516945,NOAA_NOS,IAN,2022,10020.0
2022-09-25 01:00:00,2.339,2.168,-0.1709999999999998,-74.014167,40.699296,8518750,NOAA_NOS,IAN,2022,60.0
2022-09-25 02:00:00,1.247,1.049,-0.1980000000000001,-74.014167,40.699296,8518750,NOAA_NOS,IAN,2022,120.0
2022-09-25 03:00:00,0.148,-0.113,-0.261,-74.014167,40.699296,8518750,NOAA_NOS,IAN,2022,180.0
2022-09-25 04:00:00,-0.951,-0.995,-0.044,-74.014167,40.699296,8518750,NOAA_NOS,IAN,2022,240.0
2022-09-25 05:00:00,-1.791,-1.636,0.155,-74.014167,40.699296,8518750,NOAA_NOS,IAN,2022,300.0
2022-09-25 06:00:00,-2.434,-2.372,0.0620000000000002,-74.014167,40.699296,8518750,NOAA_NOS,IAN,2022,360.0
2022-09-25 07:00:00,-2.818,-2.33,0.488,-74.014167,40.699296,8518750,NOAA_NOS,IAN,2022,420.0
2022-09-25 08:00:00,-2.507,-1.311,1.1960000000000002,-74.014167,40.699296,8518750,NOAA_NOS,IAN,2022,480.0
2022-09-25 09:00:00,-1.335,0.035,1.37,-74.014167,40.699296,8518750,NOAA_NOS,IAN,2022,540.0
2022-09-25 10:00:00,0.282,1.053,0.7709999999999999,-74.014167,40.699296,8518750,NOAA_NOS,IAN,2022,600.0
2022-09-25 11:00:00,1.542,1.781,0.2389999999999998,-74.014167,40.699296,8518750,NOAA_NOS,IAN,2022,660.0
2022-09-25 12:00:00,2.136,2.329,0.193,-74.014167,40.699296,8518750,NOAA_NOS,IAN,2022,720.0
2022-09-25 13:00:00,2.215,2.277,0.0620000000000002,-74.014167,40.699296,8518750,NOAA_NOS,IAN,2022,780.0
2022-09-25 14:00:00,1.755,1.404,-0.351,-74.014167,40.699296,8518750,NOAA_NOS,IAN,2022,840.0
2022-09-25 15:00:00,0.751,0.169,-0.582,-74.014167,40.699296,8518750,NOAA_NOS,IAN,2022,900.0
2022-09-25 16:00:00,-0.564,-0.797,-0.2330000000000001,-74.014167,40.699296,8518750,NOAA_NOS,IAN,2022,960.0
2022-09-25 17:00:00,-1.558,-1.502,0.056,-74.014167,40.699296,8518750,NOAA_NOS,IAN,2022,1020.0
2022-09-25 18:00:00,-2.205,-2.27,-0.0649999999999999,-74.014167,40.699296,8518750,NOAA_NOS,IAN,2022,1080.0
2022-09-25 19:00:00,-2.402,-2.456,-0.0539999999999998,-74.014167,40.699296,8518750,NOAA_NOS,IAN,2022,1140.0
2022-09-25 20:00:00,-1.585,-1.669,-0.084,-74.014167,40.699296,8518750,NOAA_NOS,IAN,2022,1200.0
2022-09-25 21:00:00,0.105,-0.307,-0.412,-74.014167,40.699296,8518750,NOAA_NOS,IAN,2022,1260.0
2022-09-25 22:00:00,1.545,0.922,-0.6229999999999999,-74.014167,40.699296,8518750,NOAA_NOS,IAN,2022,1320.0
2022-09-25 23:00:00,2.602,1.743,-0.8589999999999998,-74.014167,40.699296,8518750,NOAA_NOS,IAN,2022,1380.0
2022-09-26 00:00:00,3.15,2.463,-0.6869999999999998,-74.014167,40.699296,8518750,NOAA_NOS,IAN,2022,1440.0
2022-09-26 01:00:00,3.327,2.565,-0.762,-74.014167,40.699296,8518750,NOAA_NOS,IAN,2022,1500.0
2022-09-26 02:00:00,2.986,1.831,-1.1550000000000002,-74.014167,40.699296,8518750,NOAA_NOS,IAN,2022,1560.0
2022-09-26 03:00:00,2.264,0.578,-1.686,-74.014167,40.699296,8518750,NOAA_NOS,IAN,2022,1620.0
2022-09-26 04:00:00,1.191,-0.541,-1.7320000000000002,-74.014167,40.699296,8518750,NOAA_NOS,IAN,2022,1680.0
2022-09-26 05:00:00,-0.075,-1.358,-1.283,-74.014167,40.699296,8518750,NOAA_NOS,IAN,2022,1740.0
2022-09-26 06:00:00,-0.988,-2.132,-1.144,-74.014167,40.699296,8518750,NOAA_NOS,IAN,2022,1800.0
2022-09-26 07:00:00,-1.65,-2.627,-0.977,-74.014167,40.699296,8518750,NOAA_NOS,IAN,2022,1860.0
2022-09-26 08:00:00,-1.752,-2.132,-0.3800000000000001,-74.014167,40.699296,8518750,NOAA_NOS,IAN,2022,1920.0
2022-09-26 09:00:00,-1.086,-0.798,0.288,-74.014167,40.699296,8518750,NOAA_NOS,IAN,2022,1980.0
2022-09-26 10:00:00,0.653,0.619,-0.034,-74.014167,40.699296,8518750,NOAA_NOS,IAN,2022,2040.0
2022-09-26 11:00:00,2.388,1.563,-0.825,-74.014167,40.699296,8518750,NOAA_NOS,IAN,2022,2100.0
2022-09-26 12:00:00,3.202,2.345,-0.8569999999999998,-74.014167,40.699296,8518750,NOAA_NOS,IAN,2022,2160.0
2022-09-26 13:00:00,3.205,2.696,-0.5089999999999999,-74.014167,40.699296,8518750,NOAA_NOS,IAN,2022,2220.0
2022-09-26 14:00:00,2.864,2.327,-0.5369999999999999,-74.014167,40.699296,8518750,NOAA_NOS,IAN,2022,2280.0
2022-09-26 15:00:00,1.85,1.102,-0.748,-74.014167,40.699296,8518750,NOAA_NOS,IAN,2022,2340.0
2022-09-26 16:00:00,0.784,-0.165,-0.949,-74.014167,40.699296,8518750,NOAA_NOS,IAN,2022,2400.0
2022-09-26 17:00:00,-0.413,-1.114,-0.7010000000000001,-74.014167,40.699296,8518750,NOAA_NOS,IAN,2022,2460.0
2022-09-26 18:00:00,-1.247,-1.959,-0.712,-74.014167,40.699296,8518750,NOAA_NOS,IAN,2022,2520.0
2022-09-26 19:00:00,-1.946,-2.717,-0.7710000000000001,-74.014167,40.699296,8518750,NOAA_NOS,IAN,2022,2580.0
2022-09-26 20:00:00,-2.106,-2.535,-0.4290000000000002,-74.014167,40.699296,8518750,NOAA_NOS,IAN,2022,2640.0
2022-09-26 21:00:00,-1.122,-1.37,-0.248,-74.014167,40.699296,8518750,NOAA_NOS,IAN,2022,2700.0
2022-09-26 22:00:00,0.325,0.103,-0.222,-74.014167,40.699296,8518750,NOAA_NOS,IAN,2022,2760.0
2022-09-26 23:00:00,1.686,1.248,-0.4379999999999999,-74.014167,40.699296,8518750,NOAA_NOS,IAN,2022,2820.0
2022-09-27 00:00:00,2.543,2.034,-0.5090000000000003,-74.014167,40.699296,8518750,NOAA_NOS,IAN,2022,2880.0
2022-09-27 01:00:00,2.9,2.579,-0.3209999999999997,-74.014167,40.699296,8518750,NOAA_NOS,IAN,2022,2940.0
2022-09-27 02:00:00,2.69,2.456,-0.2339999999999999,-74.014167,40.699296,8518750,NOAA_NOS,IAN,2022,3000.0
2022-09-27 03:00:00,1.916,1.372,-0.5439999999999998,-74.014167,40.699296,8518750,NOAA_NOS,IAN,2022,3060.0
2022-09-27 04:00:00,0.912,0.066,-0.8460000000000001,-74.014167,40.699296,8518750,NOAA_NOS,IAN,2022,3120.0
2022-09-27 05:00:00,-0.256,-0.952,-0.696,-74.014167,40.699296,8518750,NOAA_NOS,IAN,2022,3180.0
2022-09-27 06:00:00,-1.135,-1.681,-0.546,-74.014167,40.699296,8518750,NOAA_NOS,IAN,2022,3240.0
2022-09-27 07:00:00,-1.926,-2.513,-0.587,-74.014167,40.699296,8518750,NOAA_NOS,IAN,2022,3300.0
2022-09-27 08:00:00,-2.251,-2.659,-0.4079999999999999,-74.014167,40.699296,8518750,NOAA_NOS,IAN,2022,3360.0
2022-09-27 09:00:00,-1.549,-1.709,-0.1600000000000001,-74.014167,40.699296,8518750,NOAA_NOS,IAN,2022,3420.0
2022-09-27 10:00:00,-0.01,-0.178,-0.1679999999999999,-74.014167,40.699296,8518750,NOAA_NOS,IAN,2022,3480.0
2022-09-27 11:00:00,1.522,1.149,-0.373,-74.014167,40.699296,8518750,NOAA_NOS,IAN,2022,3540.0
2022-09-27 12:00:00,2.589,2.067,-0.5219999999999998,-74.014167,40.699296,8518750,NOAA_NOS,IAN,2022,3600.0
2022-09-27 13:00:00,3.189,2.8,-0.3890000000000002,-74.014167,40.699296,8518750,NOAA_NOS,IAN,2022,3660.0
2022-09-27 14:00:00,3.383,2.913,-0.4700000000000002,-74.014167,40.699296,8518750,NOAA_NOS,IAN,2022,3720.0
2022-09-27 15:00:00,3.009,2.1,-0.9089999999999998,-74.014167,40.699296,8518750,NOAA_NOS,IAN,2022,3780.0
2022-09-27 16:00:00,1.821,0.714,-1.107,-74.014167,40.699296,8518750,NOAA_NOS,IAN,2022,3840.0
2022-09-27 17:00:00,0.361,-0.472,-0.833,-74.014167,40.699296,8518750,NOAA_NOS,IAN,2022,3900.0
2022-09-27 18:00:00,-0.781,-1.405,-0.624,-74.014167,40.699296,8518750,NOAA_NOS,IAN,2022,3960.0
2022-09-27 19:00:00,-1.644,-2.265,-0.6210000000000002,-74.014167,40.699296,8518750,NOAA_NOS,IAN,2022,4020.0
2022-09-27 20:00:00,-2.257,-2.84,-0.5829999999999997,-74.014167,40.699296,8518750,NOAA_NOS,IAN,2022,4080.0
2022-09-27 21:00:00,-2.1,-2.367,-0.2669999999999999,-74.014167,40.699296,8518750,NOAA_NOS,IAN,2022,4140.0
2022-09-27 22:00:00,-0.919,-0.986,-0.0669999999999999,-74.014167,40.699296,8518750,NOAA_NOS,IAN,2022,4200.0
2022-09-27 23:00:00,0.541,0.455,-0.086,-74.014167,40.699296,8518750,NOAA_NOS,IAN,2022,4260.0
2022-09-28 00:00:00,1.795,1.485,-0.3099999999999998,-74.014167,40.699296,8518750,NOAA_NOS,IAN,2022,4320.0
2022-09-28 01:00:00,2.408,2.195,-0.213,-74.014167,40.699296,8518750,NOAA_NOS,IAN,2022,4380.0
2022-09-28 02:00:00,2.654,2.535,-0.1189999999999997,-74.014167,40.699296,8518750,NOAA_NOS,IAN,2022,4440.0
2022-09-28 03:00:00,2.346,2.152,-0.1939999999999999,-74.014167,40.699296,8518750,NOAA_NOS,IAN,2022,4500.0
2022-09-28 04:00:00,1.388,0.876,-0.5119999999999999,-74.014167,40.699296,8518750,NOAA_NOS,IAN,2022,4560.0
2022-09-28 05:00:00,0.236,-0.367,-0.603,-74.014167,40.699296,8518750,NOAA_NOS,IAN,2022,4620.0
2022-09-28 06:00:00,-0.833,-1.276,-0.443,-74.014167,40.699296,8518750,NOAA_NOS,IAN,2022,4680.0
2022-09-28 07:00:00,-1.745,-2.062,-0.3169999999999997,-74.014167,40.699296,8518750,NOAA_NOS,IAN,2022,4740.0
2022-09-28 08:00:00,-2.438,-2.703,-0.2649999999999997,-74.014167,40.699296,8518750,NOAA_NOS,IAN,2022,4800.0
2022-09-28 09:00:00,-2.556,-2.47,0.0859999999999998,-74.014167,40.699296,8518750,NOAA_NOS,IAN,2022,4860.0
2022-09-28 10:00:00,-1.447,-1.205,0.242,-74.014167,40.699296,8518750,NOAA_NOS,IAN,2022,4920.0
2022-09-28 11:00:00,0.243,0.362,0.119,-74.014167,40.699296,8518750,NOAA_NOS,IAN,2022,4980.0
2022-09-28 12:00:00,1.647,1.531,-0.1160000000000001,-74.014167,40.699296,8518750,NOAA_NOS,IAN,2022,5040.0
2022-09-28 13:00:00,2.418,2.458,0.04,-74.014167,40.699296,8518750,NOAA_NOS,IAN,2022,5100.0
2022-09-28 14:00:00,2.831,3.049,0.2179999999999999,-74.014167,40.699296,8518750,NOAA_NOS,IAN,2022,5160.0
2022-09-28 15:00:00,2.989,2.973,-0.016,-74.014167,40.699296,8518750,NOAA_NOS,IAN,2022,5220.0
2022-09-28 16:00:00,2.257,1.774,-0.4830000000000001,-74.014167,40.699296,8518750,NOAA_NOS,IAN,2022,5280.0
2022-09-28 17:00:00,1.099,0.387,-0.712,-74.014167,40.699296,8518750,NOAA_NOS,IAN,2022,5340.0
2022-09-28 18:00:00,-0.354,-0.686,-0.3320000000000001,-74.014167,40.699296,8518750,NOAA_NOS,IAN,2022,5400.0
2022-09-28 19:00:00,-1.378,-1.606,-0.2280000000000002,-74.014167,40.699296,8518750,NOAA_NOS,IAN,2022,5460.0
2022-09-28 20:00:00,-2.241,-2.506,-0.2649999999999997,-74.014167,40.699296,8518750,NOAA_NOS,IAN,2022,5520.0
2022-09-28 21:00:00,-2.671,-2.804,-0.133,-74.014167,40.699296,8518750,NOAA_NOS,IAN,2022,5580.0
2022-09-28 22:00:00,-2.123,-2.016,0.1070000000000002,-74.014167,40.699296,8518750,NOAA_NOS,IAN,2022,5640.0
2022-09-28 23:00:00,-0.65,-0.595,0.055,-74.014167,40.699296,8518750,NOAA_NOS,IAN,2022,5700.0
2022-09-29 00:00:00,0.755,0.676,-0.0789999999999999,-74.014167,40.699296,8518750,NOAA_NOS,IAN,2022,5760.0
2022-09-29 01:00:00,1.611,1.557,-0.054,-74.014167,40.699296,8518750,NOAA_NOS,IAN,2022,5820.0
2022-09-29 02:00:00,1.932,2.247,0.3149999999999999,-74.014167,40.699296,8518750,NOAA_NOS,IAN,2022,5880.0
2022-09-29 03:00:00,2.011,2.436,0.4249999999999998,-74.014167,40.699296,8518750,NOAA_NOS,IAN,2022,5940.0
2022-09-29 04:00:00,1.772,1.745,-0.0269999999999999,-74.014167,40.699296,8518750,NOAA_NOS,IAN,2022,6000.0
2022-09-29 05:00:00,0.807,0.435,-0.372,-74.014167,40.699296,8518750,NOAA_NOS,IAN,2022,6060.0
2022-09-29 06:00:00,-0.325,-0.676,-0.351,-74.014167,40.699296,8518750,NOAA_NOS,IAN,2022,6120.0
2022-09-29 07:00:00,-1.375,-1.459,-0.084,-74.014167,40.699296,8518750,NOAA_NOS,IAN,2022,6180.0
2022-09-29 08:00:00,-2.142,-2.259,-0.1169999999999999,-74.014167,40.699296,8518750,NOAA_NOS,IAN,2022,6240.0
2022-09-29 09:00:00,-2.677,-2.631,0.0460000000000002,-74.014167,40.699296,8518750,NOAA_NOS,IAN,2022,6300.0
2022-09-29 10:00:00,-2.434,-1.986,0.4480000000000002,-74.014167,40.699296,8518750,NOAA_NOS,IAN,2022,6360.0
2022-09-29 11:00:00,-1.024,-0.563,0.4610000000000001,-74.014167,40.699296,8518750,NOAA_NOS,IAN,2022,6420.0
2022-09-29 12:00:00,0.479,0.833,0.354,-74.014167,40.699296,8518750,NOAA_NOS,IAN,2022,6480.0
2022-09-29 13:00:00,1.775,1.763,-0.012,-74.014167,40.699296,8518750,NOAA_NOS,IAN,2022,6540.0
2022-09-29 14:00:00,2.543,2.517,-0.0260000000000002,-74.014167,40.699296,8518750,NOAA_NOS,IAN,2022,6600.0
2022-09-29 15:00:00,3.114,3.095,-0.0189999999999996,-74.014167,40.699296,8518750,NOAA_NOS,IAN,2022,6660.0
2022-09-29 16:00:00,3.005,2.869,-0.1359999999999996,-74.014167,40.699296,8518750,NOAA_NOS,IAN,2022,6720.0
2022-09-29 17:00:00,2.126,1.64,-0.486,-74.014167,40.699296,8518750,NOAA_NOS,IAN,2022,6780.0
2022-09-29 18:00:00,0.869,0.308,-0.5609999999999999,-74.014167,40.699296,8518750,NOAA_NOS,IAN,2022,6840.0
2022-09-29 19:00:00,-0.423,-0.702,-0.2789999999999999,-74.014167,40.699296,8518750,NOAA_NOS,IAN,2022,6900.0
2022-09-29 20:00:00,-1.325,-1.649,-0.324,-74.014167,40.699296,8518750,NOAA_NOS,IAN,2022,6960.0
2022-09-29 21:00:00,-2.093,-2.577,-0.484,-74.014167,40.699296,8518750,NOAA_NOS,IAN,2022,7020.0
2022-09-29 22:00:00,-2.352,-2.763,-0.411,-74.014167,40.699296,8518750,NOAA_NOS,IAN,2022,7080.0
2022-09-29 23:00:00,-1.545,-1.774,-0.2290000000000001,-74.014167,40.699296,8518750,NOAA_NOS,IAN,2022,7140.0
2022-09-30 00:00:00,-0.328,-0.302,0.026,-74.014167,40.699296,8518750,NOAA_NOS,IAN,2022,7200.0
2022-09-30 01:00:00,0.883,0.888,0.005,-74.014167,40.699296,8518750,NOAA_NOS,IAN,2022,7260.0
2022-09-30 02:00:00,1.562,1.719,0.157,-74.014167,40.699296,8518750,NOAA_NOS,IAN,2022,7320.0
2022-09-30 03:00:00,1.946,2.286,0.3400000000000001,-74.014167,40.699296,8518750,NOAA_NOS,IAN,2022,7380.0
2022-09-30 04:00:00,2.087,2.196,0.1089999999999999,-74.014167,40.699296,8518750,NOAA_NOS,IAN,2022,7440.0
2022-09-30 05:00:00,1.709,1.289,-0.4200000000000001,-74.014167,40.699296,8518750,NOAA_NOS,IAN,2022,7500.0
2022-09-30 06:00:00,0.837,0.048,-0.7889999999999999,-74.014167,40.699296,8518750,NOAA_NOS,IAN,2022,7560.0
2022-09-30 07:00:00,-0.276,-0.908,-0.632,-74.014167,40.699296,8518750,NOAA_NOS,IAN,2022,7620.0
2022-09-30 08:00:00,-1.188,-1.525,-0.3369999999999999,-74.014167,40.699296,8518750,NOAA_NOS,IAN,2022,7680.0
2022-09-30 09:00:00,-1.903,-2.266,-0.363,-74.014167,40.699296,8518750,NOAA_NOS,IAN,2022,7740.0
2022-09-30 10:00:00,-2.054,-2.412,-0.3580000000000001,-74.014167,40.699296,8518750,NOAA_NOS,IAN,2022,7800.0
2022-09-30 11:00:00,-1.299,-1.608,-0.3090000000000001,-74.014167,40.699296,8518750,NOAA_NOS,IAN,2022,7860.0
2022-09-30 12:00:00,0.197,-0.23,-0.427,-74.014167,40.699296,8518750,NOAA_NOS,IAN,2022,7920.0
2022-09-30 13:00:00,1.322,1.012,-0.31,-74.014167,40.699296,8518750,NOAA_NOS,IAN,2022,7980.0
2022-09-30 14:00:00,2.09,1.904,-0.1859999999999999,-74.014167,40.699296,8518750,NOAA_NOS,IAN,2022,8040.0
2022-09-30 15:00:00,2.694,2.731,0.0369999999999999,-74.014167,40.699296,8518750,NOAA_NOS,IAN,2022,8100.0
2022-09-30 16:00:00,3.314,3.102,-0.2120000000000002,-74.014167,40.699296,8518750,NOAA_NOS,IAN,2022,8160.0
2022-09-30 17:00:00,3.274,2.584,-0.69,-74.014167,40.699296,8518750,NOAA_NOS,IAN,2022,8220.0
2022-09-30 18:00:00,2.392,1.305,-1.087,-74.014167,40.699296,8518750,NOAA_NOS,IAN,2022,8280.0
2022-09-30 19:00:00,1.047,0.115,-0.932,-74.014167,40.699296,8518750,NOAA_NOS,IAN,2022,8340.0
2022-09-30 20:00:00,-0.174,-0.766,-0.5920000000000001,-74.014167,40.699296,8518750,NOAA_NOS,IAN,2022,8400.0
2022-09-30 21:00:00,-0.981,-1.603,-0.622,-74.014167,40.699296,8518750,NOAA_NOS,IAN,2022,8460.0
2022-09-30 22:00:00,-1.532,-2.401,-0.8689999999999998,-74.014167,40.699296,8518750,NOAA_NOS,IAN,2022,8520.0
2022-09-30 23:00:00,-1.709,-2.418,-0.7090000000000001,-74.014167,40.699296,8518750,NOAA_NOS,IAN,2022,8580.0
2022-10-01 00:00:00,-0.682,-1.407,-0.725,-74.014167,40.699296,8518750,NOAA_NOS,IAN,2022,8640.0
2022-10-01 01:00:00,0.295,-0.158,-0.4529999999999999,-74.014167,40.699296,8518750,NOAA_NOS,IAN,2022,8700.0
2022-10-01 02:00:00,1.283,0.756,-0.5269999999999999,-74.014167,40.699296,8518750,NOAA_NOS,IAN,2022,8760.0
2022-10-01 03:00:00,1.975,1.47,-0.5050000000000001,-74.014167,40.699296,8518750,NOAA_NOS,IAN,2022,8820.0
2022-10-01 04:00:00,2.507,2.114,-0.3930000000000002,-74.014167,40.699296,8518750,NOAA_NOS,IAN,2022,8880.0
2022-10-01 05:00:00,2.746,2.227,-0.5190000000000001,-74.014167,40.699296,8518750,NOAA_NOS,IAN,2022,8940.0
2022-10-01 06:00:00,2.29,1.403,-0.887,-74.014167,40.699296,8518750,NOAA_NOS,IAN,2022,9000.0
2022-10-01 07:00:00,1.516,0.189,-1.327,-74.014167,40.699296,8518750,NOAA_NOS,IAN,2022,9060.0
2022-10-01 08:00:00,0.43,-0.818,-1.248,-74.014167,40.699296,8518750,NOAA_NOS,IAN,2022,9120.0
2022-10-01 09:00:00,-0.371,-1.565,-1.194,-74.014167,40.699296,8518750,NOAA_NOS,IAN,2022,9180.0
2022-10-01 10:00:00,-0.906,-2.344,-1.4379999999999995,-74.014167,40.699296,8518750,NOAA_NOS,IAN,2022,9240.0
2022-10-01 11:00:00,-1.07,-2.224,-1.154,-74.014167,40.699296,8518750,NOAA_NOS,IAN,2022,9300.0
2022-10-01 12:00:00,-0.499,-0.945,-0.4459999999999999,-74.014167,40.699296,8518750,NOAA_NOS,IAN,2022,9360.0
2022-10-01 13:00:00,0.492,0.626,0.134,-74.014167,40.699296,8518750,NOAA_NOS,IAN,2022,9420.0
2022-10-01 14:00:00,1.85,1.744,-0.1060000000000001,-74.014167,40.699296,8518750,NOAA_NOS,IAN,2022,9480.0
2022-10-01 15:00:00,3.041,2.395,-0.6459999999999999,-74.014167,40.699296,8518750,NOAA_NOS,IAN,2022,9540.0
2022-10-01 16:00:00,3.629,2.796,-0.8330000000000002,-74.014167,40.699296,8518750,NOAA_NOS,IAN,2022,9600.0
2022-10-01 17:00:00,4.003,2.897,-1.1060000000000003,-74.014167,40.699296,8518750,NOAA_NOS,IAN,2022,9660.0
2022-10-01 18:00:00,3.596,2.069,-1.527,-74.014167,40.699296,8518750,NOAA_NOS,IAN,2022,9720.0
2022-10-01 19:00:00,2.759,0.914,-1.845,-74.014167,40.699296,8518750,NOAA_NOS,IAN,2022,9780.0
2022-10-01 20:00:00,1.601,-0.028,-1.629,-74.014167,40.699296,8518750,NOAA_NOS,IAN,2022,9840.0
2022-10-01 21:00:00,0.656,-0.724,-1.38,-74.014167,40.699296,8518750,NOAA_NOS,IAN,2022,9900.0
2022-10-01 22:00:00,-0.174,-1.474,-1.3,-74.014167,40.699296,8518750,NOAA_NOS,IAN,2022,9960.0
2022-10-01 23:00:00,-0.643,-2.222,-1.579,-74.014167,40.699296,8518750,NOAA_NOS,IAN,2022,10020.0
2022-09-25 01:00:00,-1.407,-1.043,0.3640000000000001,-73.939167,42.014167,8518962,NOAA_NOS,IAN,2022,60.0
2022-09-25 02:00:00,-0.292,-0.582,-0.29,-73.939167,42.014167,8518962,NOAA_NOS,IAN,2022,120.0
2022-09-25 03:00:00,0.866,-0.025,-0.891,-73.939167,42.014167,8518962,NOAA_NOS,IAN,2022,180.0
2022-09-25 04:00:00,1.759,0.548,-1.211,-73.939167,42.014167,8518962,NOAA_NOS,IAN,2022,240.0
2022-09-25 05:00:00,2.254,1.078,-1.176,-73.939167,42.014167,8518962,NOAA_NOS,IAN,2022,300.0
2022-09-25 06:00:00,2.195,1.434,-0.7609999999999999,-73.939167,42.014167,8518962,NOAA_NOS,IAN,2022,360.0
2022-09-25 07:00:00,1.529,1.416,-0.1129999999999999,-73.939167,42.014167,8518962,NOAA_NOS,IAN,2022,420.0
2022-09-25 08:00:00,0.617,1.052,0.435,-73.939167,42.014167,8518962,NOAA_NOS,IAN,2022,480.0
2022-09-25 09:00:00,-0.128,0.53,0.658,-73.939167,42.014167,8518962,NOAA_NOS,IAN,2022,540.0
2022-09-25 10:00:00,-0.879,-0.003,0.876,-73.939167,42.014167,8518962,NOAA_NOS,IAN,2022,600.0
2022-09-25 11:00:00,-1.585,-0.531,1.0539999999999998,-73.939167,42.014167,8518962,NOAA_NOS,IAN,2022,660.0
2022-09-25 12:00:00,-2.198,-0.972,1.226,-73.939167,42.014167,8518962,NOAA_NOS,IAN,2022,720.0
2022-09-25 13:00:00,-2.569,-1.15,1.419,-73.939167,42.014167,8518962,NOAA_NOS,IAN,2022,780.0
2022-09-25 14:00:00,-1.965,-0.814,1.1510000000000002,-73.939167,42.014167,8518962,NOAA_NOS,IAN,2022,840.0
2022-09-25 15:00:00,-0.656,-0.301,0.355,-73.939167,42.014167,8518962,NOAA_NOS,IAN,2022,900.0
2022-09-25 16:00:00,0.505,0.268,-0.237,-73.939167,42.014167,8518962,NOAA_NOS,IAN,2022,960.0
2022-09-25 17:00:00,1.325,0.825,-0.5,-73.939167,42.014167,8518962,NOAA_NOS,IAN,2022,1020.0
2022-09-25 18:00:00,1.772,1.282,-0.49,-73.939167,42.014167,8518962,NOAA_NOS,IAN,2022,1080.0
2022-09-25 19:00:00,1.716,1.401,-0.3149999999999999,-73.939167,42.014167,8518962,NOAA_NOS,IAN,2022,1140.0
2022-09-25 20:00:00,1.056,1.133,0.0769999999999999,-73.939167,42.014167,8518962,NOAA_NOS,IAN,2022,1200.0
2022-09-25 21:00:00,0.177,0.682,0.5050000000000001,-73.939167,42.014167,8518962,NOAA_NOS,IAN,2022,1260.0
2022-09-25 22:00:00,-0.548,0.115,0.663,-73.939167,42.014167,8518962,NOAA_NOS,IAN,2022,1320.0
2022-09-25 23:00:00,-1.224,-0.432,0.792,-73.939167,42.014167,8518962,NOAA_NOS,IAN,2022,1380.0
2022-09-26 00:00:00,-1.745,-0.891,0.8540000000000001,-73.939167,42.014167,8518962,NOAA_NOS,IAN,2022,1440.0
2022-09-26 01:00:00,-1.578,-1.169,0.409,-73.939167,42.014167,8518962,NOAA_NOS,IAN,2022,1500.0
2022-09-26 02:00:00,-0.312,-0.937,-0.625,-73.939167,42.014167,8518962,NOAA_NOS,IAN,2022,1560.0
2022-09-26 03:00:00,0.955,-0.437,-1.392,-73.939167,42.014167,8518962,NOAA_NOS,IAN,2022,1620.0
2022-09-26 04:00:00,1.939,0.149,-1.79,-73.939167,42.014167,8518962,NOAA_NOS,IAN,2022,1680.0
2022-09-26 05:00:00,2.674,0.728,-1.946,-73.939167,42.014167,8518962,NOAA_NOS,IAN,2022,1740.0
2022-09-26 06:00:00,3.012,1.228,-1.784,-73.939167,42.014167,8518962,NOAA_NOS,IAN,2022,1800.0
2022-09-26 07:00:00,2.979,1.484,-1.495,-73.939167,42.014167,8518962,NOAA_NOS,IAN,2022,1860.0
2022-09-26 08:00:00,2.425,1.302,-1.1229999999999998,-73.939167,42.014167,8518962,NOAA_NOS,IAN,2022,1920.0
2022-09-26 09:00:00,1.729,0.875,-0.8540000000000001,-73.939167,42.014167,8518962,NOAA_NOS,IAN,2022,1980.0
2022-09-26 10:00:00,0.915,0.313,-0.6020000000000001,-73.939167,42.014167,8518962,NOAA_NOS,IAN,2022,2040.0
2022-09-26 11:00:00,0.148,-0.225,-0.373,-73.939167,42.014167,8518962,NOAA_NOS,IAN,2022,2100.0
2022-09-26 12:00:00,-0.551,-0.737,-0.1859999999999999,-73.939167,42.014167,8518962,NOAA_NOS,IAN,2022,2160.0
2022-09-26 13:00:00,-1.102,-1.112,-0.01,-73.939167,42.014167,8518962,NOAA_NOS,IAN,2022,2220.0
2022-09-26 14:00:00,-1.152,-1.077,0.0749999999999999,-73.939167,42.014167,8518962,NOAA_NOS,IAN,2022,2280.0
2022-09-26 15:00:00,0.207,-0.605,-0.8119999999999999,-73.939167,42.014167,8518962,NOAA_NOS,IAN,2022,2340.0
2022-09-26 16:00:00,1.516,-0.03,-1.546,-73.939167,42.014167,8518962,NOAA_NOS,IAN,2022,2400.0
2022-09-26 17:00:00,2.359,0.564,-1.795,-73.939167,42.014167,8518962,NOAA_NOS,IAN,2022,2460.0
2022-09-26 18:00:00,2.854,1.114,-1.74,-73.939167,42.014167,8518962,NOAA_NOS,IAN,2022,2520.0
2022-09-26 19:00:00,2.812,1.492,-1.3199999999999998,-73.939167,42.014167,8518962,NOAA_NOS,IAN,2022,2580.0
2022-09-26 20:00:00,2.244,1.466,-0.7780000000000002,-73.939167,42.014167,8518962,NOAA_NOS,IAN,2022,2640.0
2022-09-26 21:00:00,1.286,1.09,-0.1959999999999999,-73.939167,42.014167,8518962,NOAA_NOS,IAN,2022,2700.0
2022-09-26 22:00:00,0.535,0.569,0.0339999999999999,-73.939167,42.014167,8518962,NOAA_NOS,IAN,2022,2760.0
2022-09-26 23:00:00,-0.217,-0.0,0.217,-73.939167,42.014167,8518962,NOAA_NOS,IAN,2022,2820.0
2022-09-27 00:00:00,-0.912,-0.539,0.373,-73.939167,42.014167,8518962,NOAA_NOS,IAN,2022,2880.0
2022-09-27 01:00:00,-1.434,-0.993,0.4409999999999999,-73.939167,42.014167,8518962,NOAA_NOS,IAN,2022,2940.0
2022-09-27 02:00:00,-1.325,-1.167,0.1579999999999999,-73.939167,42.014167,8518962,NOAA_NOS,IAN,2022,3000.0
2022-09-27 03:00:00,-0.269,-0.808,-0.539,-73.939167,42.014167,8518962,NOAA_NOS,IAN,2022,3060.0
2022-09-27 04:00:00,0.899,-0.264,-1.163,-73.939167,42.014167,8518962,NOAA_NOS,IAN,2022,3120.0
2022-09-27 05:00:00,1.814,0.317,-1.497,-73.939167,42.014167,8518962,NOAA_NOS,IAN,2022,3180.0
2022-09-27 06:00:00,2.329,0.906,-1.423,-73.939167,42.014167,8518962,NOAA_NOS,IAN,2022,3240.0
2022-09-27 07:00:00,2.461,1.35,-1.1109999999999998,-73.939167,42.014167,8518962,NOAA_NOS,IAN,2022,3300.0
2022-09-27 08:00:00,2.07,1.449,-0.6209999999999998,-73.939167,42.014167,8518962,NOAA_NOS,IAN,2022,3360.0
2022-09-27 09:00:00,1.161,1.147,-0.014,-73.939167,42.014167,8518962,NOAA_NOS,IAN,2022,3420.0
2022-09-27 10:00:00,0.413,0.675,0.262,-73.939167,42.014167,8518962,NOAA_NOS,IAN,2022,3480.0
2022-09-27 11:00:00,-0.312,0.095,0.407,-73.939167,42.014167,8518962,NOAA_NOS,IAN,2022,3540.0
2022-09-27 12:00:00,-1.001,-0.469,0.5319999999999999,-73.939167,42.014167,8518962,NOAA_NOS,IAN,2022,3600.0
2022-09-27 13:00:00,-1.601,-0.938,0.663,-73.939167,42.014167,8518962,NOAA_NOS,IAN,2022,3660.0
2022-09-27 14:00:00,-1.663,-1.197,0.4659999999999999,-73.939167,42.014167,8518962,NOAA_NOS,IAN,2022,3720.0
2022-09-27 15:00:00,-0.561,-0.914,-0.353,-73.939167,42.014167,8518962,NOAA_NOS,IAN,2022,3780.0
2022-09-27 16:00:00,0.702,-0.377,-1.079,-73.939167,42.014167,8518962,NOAA_NOS,IAN,2022,3840.0
2022-09-27 17:00:00,1.742,0.234,-1.508,-73.939167,42.014167,8518962,NOAA_NOS,IAN,2022,3900.0
2022-09-27 18:00:00,2.5,0.834,-1.666,-73.939167,42.014167,8518962,NOAA_NOS,IAN,2022,3960.0
2022-09-27 19:00:00,2.907,1.379,-1.528,-73.939167,42.014167,8518962,NOAA_NOS,IAN,2022,4020.0
2022-09-27 20:00:00,2.766,1.625,-1.141,-73.939167,42.014167,8518962,NOAA_NOS,IAN,2022,4080.0
2022-09-27 21:00:00,2.041,1.447,-0.5939999999999999,-73.939167,42.014167,8518962,NOAA_NOS,IAN,2022,4140.0
2022-09-27 22:00:00,1.112,1.014,-0.098,-73.939167,42.014167,8518962,NOAA_NOS,IAN,2022,4200.0
2022-09-27 23:00:00,0.299,0.465,0.166,-73.939167,42.014167,8518962,NOAA_NOS,IAN,2022,4260.0
2022-09-28 00:00:00,-0.495,-0.117,0.378,-73.939167,42.014167,8518962,NOAA_NOS,IAN,2022,4320.0
2022-09-28 01:00:00,-1.178,-0.661,0.5169999999999999,-73.939167,42.014167,8518962,NOAA_NOS,IAN,2022,4380.0
2022-09-28 02:00:00,-1.637,-1.058,0.579,-73.939167,42.014167,8518962,NOAA_NOS,IAN,2022,4440.0
2022-09-28 03:00:00,-1.378,-1.104,0.2739999999999998,-73.939167,42.014167,8518962,NOAA_NOS,IAN,2022,4500.0
2022-09-28 04:00:00,-0.161,-0.67,-0.509,-73.939167,42.014167,8518962,NOAA_NOS,IAN,2022,4560.0
2022-09-28 05:00:00,0.938,-0.103,-1.041,-73.939167,42.014167,8518962,NOAA_NOS,IAN,2022,4620.0
2022-09-28 06:00:00,1.749,0.471,-1.278,-73.939167,42.014167,8518962,NOAA_NOS,IAN,2022,4680.0
2022-09-28 07:00:00,2.188,1.036,-1.152,-73.939167,42.014167,8518962,NOAA_NOS,IAN,2022,4740.0
2022-09-28 08:00:00,2.165,1.394,-0.7710000000000001,-73.939167,42.014167,8518962,NOAA_NOS,IAN,2022,4800.0
2022-09-28 09:00:00,1.562,1.342,-0.2199999999999999,-73.939167,42.014167,8518962,NOAA_NOS,IAN,2022,4860.0
2022-09-28 10:00:00,0.633,0.953,0.3199999999999999,-73.939167,42.014167,8518962,NOAA_NOS,IAN,2022,4920.0
2022-09-28 11:00:00,-0.118,0.42,0.538,-73.939167,42.014167,8518962,NOAA_NOS,IAN,2022,4980.0
2022-09-28 12:00:00,-0.843,-0.129,0.714,-73.939167,42.014167,8518962,NOAA_NOS,IAN,2022,5040.0
2022-09-28 13:00:00,-1.509,-0.674,0.8349999999999999,-73.939167,42.014167,8518962,NOAA_NOS,IAN,2022,5100.0
2022-09-28 14:00:00,-2.011,-1.093,0.918,-73.939167,42.014167,8518962,NOAA_NOS,IAN,2022,5160.0
2022-09-28 15:00:00,-1.742,-1.191,0.5509999999999999,-73.939167,42.014167,8518962,NOAA_NOS,IAN,2022,5220.0
2022-09-28 16:00:00,-0.495,-0.746,-0.251,-73.939167,42.014167,8518962,NOAA_NOS,IAN,2022,5280.0
2022-09-28 17:00:00,0.699,-0.166,-0.865,-73.939167,42.014167,8518962,NOAA_NOS,IAN,2022,5340.0
2022-09-28 18:00:00,1.581,0.474,-1.107,-73.939167,42.014167,8518962,NOAA_NOS,IAN,2022,5400.0
2022-09-28 19:00:00,2.228,1.065,-1.1630000000000005,-73.939167,42.014167,8518962,NOAA_NOS,IAN,2022,5460.0
2022-09-28 20:00:00,2.438,1.546,-0.8920000000000001,-73.939167,42.014167,8518962,NOAA_NOS,IAN,2022,5520.0
2022-09-28 21:00:00,2.129,1.695,-0.4339999999999999,-73.939167,42.014167,8518962,NOAA_NOS,IAN,2022,5580.0
2022-09-28 22:00:00,1.24,1.398,0.1579999999999999,-73.939167,42.014167,8518962,NOAA_NOS,IAN,2022,5640.0
2022-09-28 23:00:00,0.397,0.933,0.536,-73.939167,42.014167,8518962,NOAA_NOS,IAN,2022,5700.0
2022-09-29 00:00:00,-0.463,0.327,0.79,-73.939167,42.014167,8518962,NOAA_NOS,IAN,2022,5760.0
2022-09-29 01:00:00,-1.198,-0.221,0.977,-73.939167,42.014167,8518962,NOAA_NOS,IAN,2022,5820.0
2022-09-29 02:00:00,-1.86,-0.743,1.117,-73.939167,42.014167,8518962,NOAA_NOS,IAN,2022,5880.0
2022-09-29 03:00:00,-2.139,-1.088,1.0509999999999995,-73.939167,42.014167,8518962,NOAA_NOS,IAN,2022,5940.0
2022-09-29 04:00:00,-1.398,-1.006,0.3919999999999999,-73.939167,42.014167,8518962,NOAA_NOS,IAN,2022,6000.0
2022-09-29 05:00:00,-0.266,-0.545,-0.279,-73.939167,42.014167,8518962,NOAA_NOS,IAN,2022,6060.0
2022-09-29 06:00:00,0.614,0.024,-0.59,-73.939167,42.014167,8518962,NOAA_NOS,IAN,2022,6120.0
2022-09-29 07:00:00,1.237,0.615,-0.6220000000000001,-73.939167,42.014167,8518962,NOAA_NOS,IAN,2022,6180.0
2022-09-29 08:00:00,1.555,1.107,-0.4479999999999999,-73.939167,42.014167,8518962,NOAA_NOS,IAN,2022,6240.0
2022-09-29 09:00:00,1.371,1.368,-0.0029999999999998,-73.939167,42.014167,8518962,NOAA_NOS,IAN,2022,6300.0
2022-09-29 10:00:00,0.738,1.195,0.4570000000000001,-73.939167,42.014167,8518962,NOAA_NOS,IAN,2022,6360.0
2022-09-29 11:00:00,-0.043,0.769,0.812,-73.939167,42.014167,8518962,NOAA_NOS,IAN,2022,6420.0
2022-09-29 12:00:00,-0.758,0.227,0.985,-73.939167,42.014167,8518962,NOAA_NOS,IAN,2022,6480.0
2022-09-29 13:00:00,-1.512,-0.332,1.18,-73.939167,42.014167,8518962,NOAA_NOS,IAN,2022,6540.0
2022-09-29 14:00:00,-2.238,-0.837,1.401,-73.939167,42.014167,8518962,NOAA_NOS,IAN,2022,6600.0
2022-09-29 15:00:00,-2.667,-1.181,1.4859999999999998,-73.939167,42.014167,8518962,NOAA_NOS,IAN,2022,6660.0
2022-09-29 16:00:00,-1.919,-1.037,0.8820000000000001,-73.939167,42.014167,8518962,NOAA_NOS,IAN,2022,6720.0
2022-09-29 17:00:00,-0.689,-0.539,0.1499999999999999,-73.939167,42.014167,8518962,NOAA_NOS,IAN,2022,6780.0
2022-09-29 18:00:00,0.492,0.031,-0.4609999999999999,-73.939167,42.014167,8518962,NOAA_NOS,IAN,2022,6840.0
2022-09-29 19:00:00,1.444,0.687,-0.7569999999999999,-73.939167,42.014167,8518962,NOAA_NOS,IAN,2022,6900.0
2022-09-29 20:00:00,2.041,1.267,-0.774,-73.939167,42.014167,8518962,NOAA_NOS,IAN,2022,6960.0
2022-09-29 21:00:00,2.221,1.684,-0.5370000000000001,-73.939167,42.014167,8518962,NOAA_NOS,IAN,2022,7020.0
2022-09-29 22:00:00,1.814,1.758,-0.056,-73.939167,42.014167,8518962,NOAA_NOS,IAN,2022,7080.0
2022-09-29 23:00:00,0.935,1.414,0.4789999999999998,-73.939167,42.014167,8518962,NOAA_NOS,IAN,2022,7140.0
2022-09-30 00:00:00,0.148,0.929,0.781,-73.939167,42.014167,8518962,NOAA_NOS,IAN,2022,7200.0
2022-09-30 01:00:00,-0.633,0.318,0.951,-73.939167,42.014167,8518962,NOAA_NOS,IAN,2022,7260.0
2022-09-30 02:00:00,-1.401,-0.238,1.163,-73.939167,42.014167,8518962,NOAA_NOS,IAN,2022,7320.0
2022-09-30 03:00:00,-1.995,-0.745,1.25,-73.939167,42.014167,8518962,NOAA_NOS,IAN,2022,7380.0
2022-09-30 04:00:00,-2.041,-1.047,0.994,-73.939167,42.014167,8518962,NOAA_NOS,IAN,2022,7440.0
2022-09-30 05:00:00,-1.175,-0.886,0.289,-73.939167,42.014167,8518962,NOAA_NOS,IAN,2022,7500.0
2022-09-30 06:00:00,-0.161,-0.401,-0.24,-73.939167,42.014167,8518962,NOAA_NOS,IAN,2022,7560.0
2022-09-30 07:00:00,0.679,0.157,-0.522,-73.939167,42.014167,8518962,NOAA_NOS,IAN,2022,7620.0
2022-09-30 08:00:00,1.322,0.728,-0.5940000000000001,-73.939167,42.014167,8518962,NOAA_NOS,IAN,2022,7680.0
2022-09-30 09:00:00,1.64,1.173,-0.4669999999999998,-73.939167,42.014167,8518962,NOAA_NOS,IAN,2022,7740.0
2022-09-30 10:00:00,1.45,1.316,-0.1339999999999999,-73.939167,42.014167,8518962,NOAA_NOS,IAN,2022,7800.0
2022-09-30 11:00:00,0.814,1.044,0.2300000000000001,-73.939167,42.014167,8518962,NOAA_NOS,IAN,2022,7860.0
2022-09-30 12:00:00,0.069,0.56,0.491,-73.939167,42.014167,8518962,NOAA_NOS,IAN,2022,7920.0
2022-09-30 13:00:00,-0.659,0.04,0.6990000000000001,-73.939167,42.014167,8518962,NOAA_NOS,IAN,2022,7980.0
2022-09-30 14:00:00,-1.388,-0.504,0.8839999999999999,-73.939167,42.014167,8518962,NOAA_NOS,IAN,2022,8040.0
2022-09-30 15:00:00,-1.985,-0.965,1.02,-73.939167,42.014167,8518962,NOAA_NOS,IAN,2022,8100.0
2022-09-30 16:00:00,-1.913,-1.218,0.6950000000000001,-73.939167,42.014167,8518962,NOAA_NOS,IAN,2022,8160.0
2022-09-30 17:00:00,-0.843,-0.944,-0.1009999999999999,-73.939167,42.014167,8518962,NOAA_NOS,IAN,2022,8220.0
2022-09-30 18:00:00,0.243,-0.426,-0.669,-73.939167,42.014167,8518962,NOAA_NOS,IAN,2022,8280.0
2022-09-30 19:00:00,1.201,0.161,-1.04,-73.939167,42.014167,8518962,NOAA_NOS,IAN,2022,8340.0
2022-09-30 20:00:00,2.07,0.775,-1.295,-73.939167,42.014167,8518962,NOAA_NOS,IAN,2022,8400.0
2022-09-30 21:00:00,2.671,1.368,-1.3029999999999995,-73.939167,42.014167,8518962,NOAA_NOS,IAN,2022,8460.0
2022-09-30 22:00:00,2.828,1.71,-1.118,-73.939167,42.014167,8518962,NOAA_NOS,IAN,2022,8520.0
2022-09-30 23:00:00,2.379,1.698,-0.681,-73.939167,42.014167,8518962,NOAA_NOS,IAN,2022,8580.0
2022-10-01 00:00:00,1.532,1.327,-0.205,-73.939167,42.014167,8518962,NOAA_NOS,IAN,2022,8640.0
2022-10-01 01:00:00,0.689,0.828,0.139,-73.939167,42.014167,8518962,NOAA_NOS,IAN,2022,8700.0
2022-10-01 02:00:00,-0.177,0.248,0.425,-73.939167,42.014167,8518962,NOAA_NOS,IAN,2022,8760.0
2022-10-01 03:00:00,-0.853,-0.32,0.5329999999999999,-73.939167,42.014167,8518962,NOAA_NOS,IAN,2022,8820.0
2022-10-01 04:00:00,-1.407,-0.78,0.627,-73.939167,42.014167,8518962,NOAA_NOS,IAN,2022,8880.0
2022-10-01 05:00:00,-1.368,-1.012,0.3560000000000001,-73.939167,42.014167,8518962,NOAA_NOS,IAN,2022,8940.0
2022-10-01 06:00:00,-0.627,-0.815,-0.1879999999999999,-73.939167,42.014167,8518962,NOAA_NOS,IAN,2022,9000.0
2022-10-01 07:00:00,0.272,-0.349,-0.621,-73.939167,42.014167,8518962,NOAA_NOS,IAN,2022,9060.0
2022-10-01 08:00:00,1.138,0.21,-0.928,-73.939167,42.014167,8518962,NOAA_NOS,IAN,2022,9120.0
2022-10-01 09:00:00,1.791,0.765,-1.0259999999999998,-73.939167,42.014167,8518962,NOAA_NOS,IAN,2022,9180.0
2022-10-01 10:00:00,2.07,1.222,-0.8479999999999999,-73.939167,42.014167,8518962,NOAA_NOS,IAN,2022,9240.0
2022-10-01 11:00:00,2.001,1.39,-0.611,-73.939167,42.014167,8518962,NOAA_NOS,IAN,2022,9300.0
2022-10-01 12:00:00,1.345,1.149,-0.1959999999999999,-73.939167,42.014167,8518962,NOAA_NOS,IAN,2022,9360.0
2022-10-01 13:00:00,0.568,0.717,0.149,-73.939167,42.014167,8518962,NOAA_NOS,IAN,2022,9420.0
2022-10-01 14:00:00,-0.085,0.152,0.237,-73.939167,42.014167,8518962,NOAA_NOS,IAN,2022,9480.0
2022-10-01 15:00:00,-0.771,-0.382,0.389,-73.939167,42.014167,8518962,NOAA_NOS,IAN,2022,9540.0
2022-10-01 16:00:00,-1.325,-0.819,0.506,-73.939167,42.014167,8518962,NOAA_NOS,IAN,2022,9600.0
2022-10-01 17:00:00,-1.385,-0.91,0.475,-73.939167,42.014167,8518962,NOAA_NOS,IAN,2022,9660.0
2022-10-01 18:00:00,-0.535,-0.485,0.05,-73.939167,42.014167,8518962,NOAA_NOS,IAN,2022,9720.0
2022-10-01 19:00:00,0.617,0.092,-0.525,-73.939167,42.014167,8518962,NOAA_NOS,IAN,2022,9780.0
2022-10-01 20:00:00,1.644,0.67,-0.974,-73.939167,42.014167,8518962,NOAA_NOS,IAN,2022,9840.0
2022-10-01 21:00:00,2.52,1.241,-1.279,-73.939167,42.014167,8518962,NOAA_NOS,IAN,2022,9900.0
2022-10-01 22:00:00,3.009,1.716,-1.293,-73.939167,42.014167,8518962,NOAA_NOS,IAN,2022,9960.0
2022-10-01 23:00:00,3.074,1.905,-1.1689999999999998,-73.939167,42.014167,8518962,NOAA_NOS,IAN,2022,10020.0
2022-09-25 01:00:00,2.382,2.394,0.012,-74.146306,40.640991,8519483,NOAA_NOS,IAN,2022,60.0
2022-09-25 02:00:00,1.312,1.351,0.0389999999999999,-74.146306,40.640991,8519483,NOAA_NOS,IAN,2022,120.0
2022-09-25 03:00:00,-0.033,0.059,0.092,-74.146306,40.640991,8519483,NOAA_NOS,IAN,2022,180.0
2022-09-25 04:00:00,-1.145,-1.071,0.074,-74.146306,40.640991,8519483,NOAA_NOS,IAN,2022,240.0
2022-09-25 05:00:00,-1.955,-1.832,0.123,-74.146306,40.640991,8519483,NOAA_NOS,IAN,2022,300.0
2022-09-25 06:00:00,-2.612,-2.442,0.1699999999999999,-74.146306,40.640991,8519483,NOAA_NOS,IAN,2022,360.0
2022-09-25 07:00:00,-2.992,-2.556,0.4359999999999999,-74.146306,40.640991,8519483,NOAA_NOS,IAN,2022,420.0
2022-09-25 08:00:00,-2.72,-1.742,0.9780000000000002,-74.146306,40.640991,8519483,NOAA_NOS,IAN,2022,480.0
2022-09-25 09:00:00,-1.594,-0.276,1.318,-74.146306,40.640991,8519483,NOAA_NOS,IAN,2022,540.0
2022-09-25 10:00:00,0.164,1.079,0.915,-74.146306,40.640991,8519483,NOAA_NOS,IAN,2022,600.0
2022-09-25 11:00:00,1.647,1.971,0.324,-74.146306,40.640991,8519483,NOAA_NOS,IAN,2022,660.0
2022-09-25 12:00:00,2.297,2.419,0.1219999999999998,-74.146306,40.640991,8519483,NOAA_NOS,IAN,2022,720.0
2022-09-25 13:00:00,2.254,2.485,0.2309999999999998,-74.146306,40.640991,8519483,NOAA_NOS,IAN,2022,780.0
2022-09-25 14:00:00,1.742,1.733,-0.0089999999999998,-74.146306,40.640991,8519483,NOAA_NOS,IAN,2022,840.0
2022-09-25 15:00:00,0.797,0.406,-0.391,-74.146306,40.640991,8519483,NOAA_NOS,IAN,2022,900.0
2022-09-25 16:00:00,-0.6,-0.818,-0.2179999999999999,-74.146306,40.640991,8519483,NOAA_NOS,IAN,2022,960.0
2022-09-25 17:00:00,-1.818,-1.696,0.1220000000000001,-74.146306,40.640991,8519483,NOAA_NOS,IAN,2022,1020.0
2022-09-25 18:00:00,-2.484,-2.325,0.1589999999999998,-74.146306,40.640991,8519483,NOAA_NOS,IAN,2022,1080.0
2022-09-25 19:00:00,-2.661,-2.626,0.0350000000000001,-74.146306,40.640991,8519483,NOAA_NOS,IAN,2022,1140.0
2022-09-25 20:00:00,-2.037,-2.088,-0.0510000000000001,-74.146306,40.640991,8519483,NOAA_NOS,IAN,2022,1200.0
2022-09-25 21:00:00,-0.259,-0.692,-0.4329999999999999,-74.146306,40.640991,8519483,NOAA_NOS,IAN,2022,1260.0
2022-09-25 22:00:00,1.604,0.817,-0.7870000000000001,-74.146306,40.640991,8519483,NOAA_NOS,IAN,2022,1320.0
2022-09-25 23:00:00,2.694,1.918,-0.776,-74.146306,40.640991,8519483,NOAA_NOS,IAN,2022,1380.0
2022-09-26 00:00:00,3.196,2.529,-0.6670000000000003,-74.146306,40.640991,8519483,NOAA_NOS,IAN,2022,1440.0
2022-09-26 01:00:00,3.396,2.719,-0.677,-74.146306,40.640991,8519483,NOAA_NOS,IAN,2022,1500.0
2022-09-26 02:00:00,3.068,2.186,-0.8820000000000001,-74.146306,40.640991,8519483,NOAA_NOS,IAN,2022,1560.0
2022-09-26 03:00:00,2.208,0.872,-1.3360000000000003,-74.146306,40.640991,8519483,NOAA_NOS,IAN,2022,1620.0
2022-09-26 04:00:00,1.175,-0.445,-1.62,-74.146306,40.640991,8519483,NOAA_NOS,IAN,2022,1680.0
2022-09-26 05:00:00,-0.144,-1.486,-1.342,-74.146306,40.640991,8519483,NOAA_NOS,IAN,2022,1740.0
2022-09-26 06:00:00,-1.263,-2.216,-0.9530000000000004,-74.146306,40.640991,8519483,NOAA_NOS,IAN,2022,1800.0
2022-09-26 07:00:00,-1.906,-2.725,-0.8190000000000002,-74.146306,40.640991,8519483,NOAA_NOS,IAN,2022,1860.0
2022-09-26 08:00:00,-1.949,-2.491,-0.542,-74.146306,40.640991,8519483,NOAA_NOS,IAN,2022,1920.0
2022-09-26 09:00:00,-1.421,-1.241,0.1799999999999999,-74.146306,40.640991,8519483,NOAA_NOS,IAN,2022,1980.0
2022-09-26 10:00:00,0.194,0.36,0.1659999999999999,-74.146306,40.640991,8519483,NOAA_NOS,IAN,2022,2040.0
2022-09-26 11:00:00,2.349,1.656,-0.6930000000000003,-74.146306,40.640991,8519483,NOAA_NOS,IAN,2022,2100.0
2022-09-26 12:00:00,3.419,2.467,-0.952,-74.146306,40.640991,8519483,NOAA_NOS,IAN,2022,2160.0
2022-09-26 13:00:00,3.32,2.838,-0.4819999999999997,-74.146306,40.640991,8519483,NOAA_NOS,IAN,2022,2220.0
2022-09-26 14:00:00,2.828,2.639,-0.189,-74.146306,40.640991,8519483,NOAA_NOS,IAN,2022,2280.0
2022-09-26 15:00:00,1.87,1.458,-0.4120000000000001,-74.146306,40.640991,8519483,NOAA_NOS,IAN,2022,2340.0
2022-09-26 16:00:00,0.6,0.038,-0.5619999999999999,-74.146306,40.640991,8519483,NOAA_NOS,IAN,2022,2400.0
2022-09-26 17:00:00,-0.623,-1.159,-0.536,-74.146306,40.640991,8519483,NOAA_NOS,IAN,2022,2460.0
2022-09-26 18:00:00,-1.49,-2.021,-0.5309999999999999,-74.146306,40.640991,8519483,NOAA_NOS,IAN,2022,2520.0
2022-09-26 19:00:00,-2.178,-2.683,-0.5049999999999999,-74.146306,40.640991,8519483,NOAA_NOS,IAN,2022,2580.0
2022-09-26 20:00:00,-2.421,-2.784,-0.363,-74.146306,40.640991,8519483,NOAA_NOS,IAN,2022,2640.0
2022-09-26 21:00:00,-1.644,-1.877,-0.2330000000000001,-74.146306,40.640991,8519483,NOAA_NOS,IAN,2022,2700.0
2022-09-26 22:00:00,0.115,-0.268,-0.383,-74.146306,40.640991,8519483,NOAA_NOS,IAN,2022,2760.0
2022-09-26 23:00:00,1.729,1.222,-0.5070000000000001,-74.146306,40.640991,8519483,NOAA_NOS,IAN,2022,2820.0
2022-09-27 00:00:00,2.605,2.215,-0.3900000000000001,-74.146306,40.640991,8519483,NOAA_NOS,IAN,2022,2880.0
2022-09-27 01:00:00,2.989,2.717,-0.2719999999999998,-74.146306,40.640991,8519483,NOAA_NOS,IAN,2022,2940.0
2022-09-27 02:00:00,2.769,2.671,-0.0980000000000003,-74.146306,40.640991,8519483,NOAA_NOS,IAN,2022,3000.0
2022-09-27 03:00:00,1.906,1.774,-0.1319999999999999,-74.146306,40.640991,8519483,NOAA_NOS,IAN,2022,3060.0
2022-09-27 04:00:00,0.846,0.335,-0.5109999999999999,-74.146306,40.640991,8519483,NOAA_NOS,IAN,2022,3120.0
2022-09-27 05:00:00,-0.361,-0.956,-0.595,-74.146306,40.640991,8519483,NOAA_NOS,IAN,2022,3180.0
2022-09-27 06:00:00,-1.348,-1.872,-0.524,-74.146306,40.640991,8519483,NOAA_NOS,IAN,2022,3240.0
2022-09-27 07:00:00,-2.083,-2.57,-0.4869999999999996,-74.146306,40.640991,8519483,NOAA_NOS,IAN,2022,3300.0
2022-09-27 08:00:00,-2.49,-2.869,-0.379,-74.146306,40.640991,8519483,NOAA_NOS,IAN,2022,3360.0
2022-09-27 09:00:00,-1.906,-2.203,-0.2969999999999999,-74.146306,40.640991,8519483,NOAA_NOS,IAN,2022,3420.0
2022-09-27 10:00:00,-0.302,-0.638,-0.336,-74.146306,40.640991,8519483,NOAA_NOS,IAN,2022,3480.0
2022-09-27 11:00:00,1.486,1.007,-0.4790000000000001,-74.146306,40.640991,8519483,NOAA_NOS,IAN,2022,3540.0
2022-09-27 12:00:00,2.687,2.221,-0.4659999999999997,-74.146306,40.640991,8519483,NOAA_NOS,IAN,2022,3600.0
2022-09-27 13:00:00,3.212,2.924,-0.2880000000000002,-74.146306,40.640991,8519483,NOAA_NOS,IAN,2022,3660.0
2022-09-27 14:00:00,3.379,3.106,-0.2730000000000001,-74.146306,40.640991,8519483,NOAA_NOS,IAN,2022,3720.0
2022-09-27 15:00:00,3.018,2.498,-0.5199999999999996,-74.146306,40.640991,8519483,NOAA_NOS,IAN,2022,3780.0
2022-09-27 16:00:00,1.867,1.071,-0.796,-74.146306,40.640991,8519483,NOAA_NOS,IAN,2022,3840.0
2022-09-27 17:00:00,0.322,-0.329,-0.651,-74.146306,40.640991,8519483,NOAA_NOS,IAN,2022,3900.0
2022-09-27 18:00:00,-1.04,-1.459,-0.419,-74.146306,40.640991,8519483,NOAA_NOS,IAN,2022,3960.0
2022-09-27 19:00:00,-1.896,-2.305,-0.4090000000000002,-74.146306,40.640991,8519483,NOAA_NOS,IAN,2022,4020.0
2022-09-27 20:00:00,-2.526,-2.913,-0.387,-74.146306,40.640991,8519483,NOAA_NOS,IAN,2022,4080.0
2022-09-27 21:00:00,-2.431,-2.741,-0.31,-74.146306,40.640991,8519483,NOAA_NOS,IAN,2022,4140.0
2022-09-27 22:00:00,-1.358,-1.482,-0.1239999999999998,-74.146306,40.640991,8519483,NOAA_NOS,IAN,2022,4200.0
2022-09-27 23:00:00,0.354,0.166,-0.1879999999999999,-74.146306,40.640991,8519483,NOAA_NOS,IAN,2022,4260.0
2022-09-28 00:00:00,1.841,1.511,-0.33,-74.146306,40.640991,8519483,NOAA_NOS,IAN,2022,4320.0
2022-09-28 01:00:00,2.572,2.381,-0.1910000000000002,-74.146306,40.640991,8519483,NOAA_NOS,IAN,2022,4380.0
2022-09-28 02:00:00,2.687,2.736,0.0490000000000003,-74.146306,40.640991,8519483,NOAA_NOS,IAN,2022,4440.0
2022-09-28 03:00:00,2.339,2.412,0.0729999999999999,-74.146306,40.640991,8519483,NOAA_NOS,IAN,2022,4500.0
2022-09-28 04:00:00,1.43,1.259,-0.171,-74.146306,40.640991,8519483,NOAA_NOS,IAN,2022,4560.0
2022-09-28 05:00:00,0.115,-0.166,-0.281,-74.146306,40.640991,8519483,NOAA_NOS,IAN,2022,4620.0
2022-09-28 06:00:00,-1.037,-1.334,-0.2970000000000001,-74.146306,40.640991,8519483,NOAA_NOS,IAN,2022,4680.0
2022-09-28 07:00:00,-1.913,-2.15,-0.2369999999999998,-74.146306,40.640991,8519483,NOAA_NOS,IAN,2022,4740.0
2022-09-28 08:00:00,-2.651,-2.78,-0.129,-74.146306,40.640991,8519483,NOAA_NOS,IAN,2022,4800.0
2022-09-28 09:00:00,-2.867,-2.766,0.1009999999999999,-74.146306,40.640991,8519483,NOAA_NOS,IAN,2022,4860.0
2022-09-28 10:00:00,-1.952,-1.711,0.2409999999999998,-74.146306,40.640991,8519483,NOAA_NOS,IAN,2022,4920.0
2022-09-28 11:00:00,-0.023,-0.027,-0.004,-74.146306,40.640991,8519483,NOAA_NOS,IAN,2022,4980.0
2022-09-28 12:00:00,1.611,1.503,-0.1080000000000001,-74.146306,40.640991,8519483,NOAA_NOS,IAN,2022,5040.0
2022-09-28 13:00:00,2.503,2.565,0.0619999999999998,-74.146306,40.640991,8519483,NOAA_NOS,IAN,2022,5100.0
2022-09-28 14:00:00,2.851,3.171,0.3199999999999998,-74.146306,40.640991,8519483,NOAA_NOS,IAN,2022,5160.0
2022-09-28 15:00:00,2.93,3.207,0.2769999999999997,-74.146306,40.640991,8519483,NOAA_NOS,IAN,2022,5220.0
2022-09-28 16:00:00,2.369,2.208,-0.161,-74.146306,40.640991,8519483,NOAA_NOS,IAN,2022,5280.0
2022-09-28 17:00:00,1.02,0.713,-0.307,-74.146306,40.640991,8519483,NOAA_NOS,IAN,2022,5340.0
2022-09-28 18:00:00,-0.436,-0.634,-0.198,-74.146306,40.640991,8519483,NOAA_NOS,IAN,2022,5400.0
2022-09-28 19:00:00,-1.588,-1.706,-0.1179999999999998,-74.146306,40.640991,8519483,NOAA_NOS,IAN,2022,5460.0
2022-09-28 20:00:00,-2.484,-2.498,-0.0140000000000002,-74.146306,40.640991,8519483,NOAA_NOS,IAN,2022,5520.0
2022-09-28 21:00:00,-2.959,-2.972,-0.0129999999999999,-74.146306,40.640991,8519483,NOAA_NOS,IAN,2022,5580.0
2022-09-28 22:00:00,-2.539,-2.511,0.028,-74.146306,40.640991,8519483,NOAA_NOS,IAN,2022,5640.0
2022-09-28 23:00:00,-1.001,-1.042,-0.0410000000000001,-74.146306,40.640991,8519483,NOAA_NOS,IAN,2022,5700.0
2022-09-29 00:00:00,0.738,0.519,-0.2189999999999999,-74.146306,40.640991,8519483,NOAA_NOS,IAN,2022,5760.0
2022-09-29 01:00:00,1.768,1.675,-0.0929999999999999,-74.146306,40.640991,8519483,NOAA_NOS,IAN,2022,5820.0
2022-09-29 02:00:00,2.031,2.377,0.3459999999999996,-74.146306,40.640991,8519483,NOAA_NOS,IAN,2022,5880.0
2022-09-29 03:00:00,2.028,2.606,0.5779999999999998,-74.146306,40.640991,8519483,NOAA_NOS,IAN,2022,5940.0
2022-09-29 04:00:00,1.696,2.086,0.3899999999999999,-74.146306,40.640991,8519483,NOAA_NOS,IAN,2022,6000.0
2022-09-29 05:00:00,0.781,0.771,-0.01,-74.146306,40.640991,8519483,NOAA_NOS,IAN,2022,6060.0
2022-09-29 06:00:00,-0.472,-0.581,-0.1089999999999999,-74.146306,40.640991,8519483,NOAA_NOS,IAN,2022,6120.0
2022-09-29 07:00:00,-1.562,-1.619,-0.0569999999999999,-74.146306,40.640991,8519483,NOAA_NOS,IAN,2022,6180.0
2022-09-29 08:00:00,-2.392,-2.325,0.0669999999999997,-74.146306,40.640991,8519483,NOAA_NOS,IAN,2022,6240.0
2022-09-29 09:00:00,-2.949,-2.776,0.173,-74.146306,40.640991,8519483,NOAA_NOS,IAN,2022,6300.0
2022-09-29 10:00:00,-2.73,-2.397,0.3330000000000002,-74.146306,40.640991,8519483,NOAA_NOS,IAN,2022,6360.0
2022-09-29 11:00:00,-1.407,-1.021,0.3860000000000001,-74.146306,40.640991,8519483,NOAA_NOS,IAN,2022,6420.0
2022-09-29 12:00:00,0.43,0.623,0.193,-74.146306,40.640991,8519483,NOAA_NOS,IAN,2022,6480.0
2022-09-29 13:00:00,1.821,1.896,0.0749999999999999,-74.146306,40.640991,8519483,NOAA_NOS,IAN,2022,6540.0
2022-09-29 14:00:00,2.608,2.684,0.076,-74.146306,40.640991,8519483,NOAA_NOS,IAN,2022,6600.0
2022-09-29 15:00:00,3.14,3.217,0.0769999999999999,-74.146306,40.640991,8519483,NOAA_NOS,IAN,2022,6660.0
2022-09-29 16:00:00,3.11,3.128,0.0180000000000002,-74.146306,40.640991,8519483,NOAA_NOS,IAN,2022,6720.0
2022-09-29 17:00:00,2.152,2.03,-0.1220000000000003,-74.146306,40.640991,8519483,NOAA_NOS,IAN,2022,6780.0
2022-09-29 18:00:00,0.896,0.57,-0.326,-74.146306,40.640991,8519483,NOAA_NOS,IAN,2022,6840.0
2022-09-29 19:00:00,-0.489,-0.686,-0.197,-74.146306,40.640991,8519483,NOAA_NOS,IAN,2022,6900.0
2022-09-29 20:00:00,-1.552,-1.732,-0.1799999999999999,-74.146306,40.640991,8519483,NOAA_NOS,IAN,2022,6960.0
2022-09-29 21:00:00,-2.31,-2.564,-0.254,-74.146306,40.640991,8519483,NOAA_NOS,IAN,2022,7020.0
2022-09-29 22:00:00,-2.648,-2.963,-0.3149999999999999,-74.146306,40.640991,8519483,NOAA_NOS,IAN,2022,7080.0
2022-09-29 23:00:00,-1.913,-2.311,-0.3979999999999999,-74.146306,40.640991,8519483,NOAA_NOS,IAN,2022,7140.0
2022-09-30 00:00:00,-0.394,-0.732,-0.3379999999999999,-74.146306,40.640991,8519483,NOAA_NOS,IAN,2022,7200.0
2022-09-30 01:00:00,0.955,0.806,-0.1489999999999999,-74.146306,40.640991,8519483,NOAA_NOS,IAN,2022,7260.0
2022-09-30 02:00:00,1.752,1.89,0.1379999999999999,-74.146306,40.640991,8519483,NOAA_NOS,IAN,2022,7320.0
2022-09-30 03:00:00,2.028,2.407,0.379,-74.146306,40.640991,8519483,NOAA_NOS,IAN,2022,7380.0
2022-09-30 04:00:00,2.087,2.389,0.3019999999999996,-74.146306,40.640991,8519483,NOAA_NOS,IAN,2022,7440.0
2022-09-30 05:00:00,1.722,1.621,-0.1009999999999999,-74.146306,40.640991,8519483,NOAA_NOS,IAN,2022,7500.0
2022-09-30 06:00:00,0.755,0.285,-0.47,-74.146306,40.640991,8519483,NOAA_NOS,IAN,2022,7560.0
2022-09-30 07:00:00,-0.387,-0.938,-0.5509999999999999,-74.146306,40.640991,8519483,NOAA_NOS,IAN,2022,7620.0
2022-09-30 08:00:00,-1.378,-1.753,-0.375,-74.146306,40.640991,8519483,NOAA_NOS,IAN,2022,7680.0
2022-09-30 09:00:00,-2.126,-2.338,-0.2120000000000002,-74.146306,40.640991,8519483,NOAA_NOS,IAN,2022,7740.0
2022-09-30 10:00:00,-2.405,-2.587,-0.1820000000000003,-74.146306,40.640991,8519483,NOAA_NOS,IAN,2022,7800.0
2022-09-30 11:00:00,-1.627,-2.013,-0.3859999999999999,-74.146306,40.640991,8519483,NOAA_NOS,IAN,2022,7860.0
2022-09-30 12:00:00,-0.036,-0.61,-0.574,-74.146306,40.640991,8519483,NOAA_NOS,IAN,2022,7920.0
2022-09-30 13:00:00,1.44,0.915,-0.5249999999999999,-74.146306,40.640991,8519483,NOAA_NOS,IAN,2022,7980.0
2022-09-30 14:00:00,2.172,2.034,-0.1380000000000003,-74.146306,40.640991,8519483,NOAA_NOS,IAN,2022,8040.0
2022-09-30 15:00:00,2.674,2.811,0.137,-74.146306,40.640991,8519483,NOAA_NOS,IAN,2022,8100.0
2022-09-30 16:00:00,3.258,3.286,0.028,-74.146306,40.640991,8519483,NOAA_NOS,IAN,2022,8160.0
2022-09-30 17:00:00,3.376,2.928,-0.4479999999999999,-74.146306,40.640991,8519483,NOAA_NOS,IAN,2022,8220.0
2022-09-30 18:00:00,2.5,1.694,-0.806,-74.146306,40.640991,8519483,NOAA_NOS,IAN,2022,8280.0
2022-09-30 19:00:00,1.171,0.288,-0.883,-74.146306,40.640991,8519483,NOAA_NOS,IAN,2022,8340.0
2022-09-30 20:00:00,-0.276,-0.843,-0.567,-74.146306,40.640991,8519483,NOAA_NOS,IAN,2022,8400.0
2022-09-30 21:00:00,-1.191,-1.728,-0.5369999999999999,-74.146306,40.640991,8519483,NOAA_NOS,IAN,2022,8460.0
2022-09-30 22:00:00,-1.693,-2.41,-0.7170000000000001,-74.146306,40.640991,8519483,NOAA_NOS,IAN,2022,8520.0
2022-09-30 23:00:00,-1.844,-2.627,-0.7829999999999997,-74.146306,40.640991,8519483,NOAA_NOS,IAN,2022,8580.0
2022-10-01 00:00:00,-1.102,-1.864,-0.762,-74.146306,40.640991,8519483,NOAA_NOS,IAN,2022,8640.0
2022-10-01 01:00:00,0.413,-0.421,-0.834,-74.146306,40.640991,8519483,NOAA_NOS,IAN,2022,8700.0
2022-10-01 02:00:00,1.43,0.827,-0.603,-74.146306,40.640991,8519483,NOAA_NOS,IAN,2022,8760.0
2022-10-01 03:00:00,2.044,1.675,-0.369,-74.146306,40.640991,8519483,NOAA_NOS,IAN,2022,8820.0
2022-10-01 04:00:00,2.612,2.213,-0.399,-74.146306,40.640991,8519483,NOAA_NOS,IAN,2022,8880.0
2022-10-01 05:00:00,2.802,2.371,-0.431,-74.146306,40.640991,8519483,NOAA_NOS,IAN,2022,8940.0
2022-10-01 06:00:00,2.362,1.748,-0.6140000000000001,-74.146306,40.640991,8519483,NOAA_NOS,IAN,2022,9000.0
2022-10-01 07:00:00,1.453,0.468,-0.985,-74.146306,40.640991,8519483,NOAA_NOS,IAN,2022,9060.0
2022-10-01 08:00:00,0.433,-0.774,-1.207,-74.146306,40.640991,8519483,NOAA_NOS,IAN,2022,9120.0
2022-10-01 09:00:00,-0.564,-1.722,-1.158,-74.146306,40.640991,8519483,NOAA_NOS,IAN,2022,9180.0
2022-10-01 10:00:00,-1.129,-2.415,-1.286,-74.146306,40.640991,8519483,NOAA_NOS,IAN,2022,9240.0
2022-10-01 11:00:00,-1.237,-2.507,-1.27,-74.146306,40.640991,8519483,NOAA_NOS,IAN,2022,9300.0
2022-10-01 12:00:00,-0.781,-1.465,-0.684,-74.146306,40.640991,8519483,NOAA_NOS,IAN,2022,9360.0
2022-10-01 13:00:00,0.423,0.258,-0.1649999999999999,-74.146306,40.640991,8519483,NOAA_NOS,IAN,2022,9420.0
2022-10-01 14:00:00,1.88,1.822,-0.0579999999999998,-74.146306,40.640991,8519483,NOAA_NOS,IAN,2022,9480.0
2022-10-01 15:00:00,3.12,2.594,-0.5260000000000002,-74.146306,40.640991,8519483,NOAA_NOS,IAN,2022,9540.0
2022-10-01 16:00:00,3.78,2.915,-0.8649999999999998,-74.146306,40.640991,8519483,NOAA_NOS,IAN,2022,9600.0
2022-10-01 17:00:00,4.052,3.045,-1.0069999999999997,-74.146306,40.640991,8519483,NOAA_NOS,IAN,2022,9660.0
2022-10-01 18:00:00,3.796,2.352,-1.444,-74.146306,40.640991,8519483,NOAA_NOS,IAN,2022,9720.0
2022-10-01 19:00:00,2.743,1.122,-1.6209999999999998,-74.146306,40.640991,8519483,NOAA_NOS,IAN,2022,9780.0
2022-10-01 20:00:00,1.696,-0.019,-1.715,-74.146306,40.640991,8519483,NOAA_NOS,IAN,2022,9840.0
2022-10-01 21:00:00,0.509,-0.872,-1.381,-74.146306,40.640991,8519483,NOAA_NOS,IAN,2022,9900.0
2022-10-01 22:00:00,-0.328,-1.57,-1.242,-74.146306,40.640991,8519483,NOAA_NOS,IAN,2022,9960.0
2022-10-01 23:00:00,-0.837,-2.239,-1.402,-74.146306,40.640991,8519483,NOAA_NOS,IAN,2022,10020.0
2022-09-25 01:00:00,1.995,1.78,-0.215,-74.009444,40.466944,8531680,NOAA_NOS,IAN,2022,60.0
2022-09-25 02:00:00,0.774,0.638,-0.136,-74.009444,40.466944,8531680,NOAA_NOS,IAN,2022,120.0
2022-09-25 03:00:00,-0.424,-0.499,-0.075,-74.009444,40.466944,8531680,NOAA_NOS,IAN,2022,180.0
2022-09-25 04:00:00,-1.398,-1.417,-0.0190000000000001,-74.009444,40.466944,8531680,NOAA_NOS,IAN,2022,240.0
2022-09-25 05:00:00,-2.152,-2.079,0.0729999999999999,-74.009444,40.466944,8531680,NOAA_NOS,IAN,2022,300.0
2022-09-25 06:00:00,-2.601,-2.398,0.2029999999999998,-74.009444,40.466944,8531680,NOAA_NOS,IAN,2022,360.0
2022-09-25 07:00:00,-2.686,-2.01,0.6760000000000002,-74.009444,40.466944,8531680,NOAA_NOS,IAN,2022,420.0
2022-09-25 08:00:00,-2.04,-0.91,1.13,-74.009444,40.466944,8531680,NOAA_NOS,IAN,2022,480.0
2022-09-25 09:00:00,-0.787,0.36,1.147,-74.009444,40.466944,8531680,NOAA_NOS,IAN,2022,540.0
2022-09-25 10:00:00,0.658,1.368,0.7100000000000001,-74.009444,40.466944,8531680,NOAA_NOS,IAN,2022,600.0
2022-09-25 11:00:00,1.762,2.07,0.3079999999999998,-74.009444,40.466944,8531680,NOAA_NOS,IAN,2022,660.0
2022-09-25 12:00:00,2.287,2.372,0.0849999999999999,-74.009444,40.466944,8531680,NOAA_NOS,IAN,2022,720.0
2022-09-25 13:00:00,2.076,2.019,-0.0569999999999999,-74.009444,40.466944,8531680,NOAA_NOS,IAN,2022,780.0
2022-09-25 14:00:00,1.318,0.975,-0.3430000000000001,-74.009444,40.466944,8531680,NOAA_NOS,IAN,2022,840.0
2022-09-25 15:00:00,0.164,-0.233,-0.397,-74.009444,40.466944,8531680,NOAA_NOS,IAN,2022,900.0
2022-09-25 16:00:00,-0.922,-1.242,-0.3199999999999999,-74.009444,40.466944,8531680,NOAA_NOS,IAN,2022,960.0
2022-09-25 17:00:00,-1.896,-1.982,-0.086,-74.009444,40.466944,8531680,NOAA_NOS,IAN,2022,1020.0
2022-09-25 18:00:00,-2.354,-2.392,-0.0379999999999998,-74.009444,40.466944,8531680,NOAA_NOS,IAN,2022,1080.0
2022-09-25 19:00:00,-2.17,-2.221,-0.0510000000000001,-74.009444,40.466944,8531680,NOAA_NOS,IAN,2022,1140.0
2022-09-25 20:00:00,-0.976,-1.265,-0.2889999999999999,-74.009444,40.466944,8531680,NOAA_NOS,IAN,2022,1200.0
2022-09-25 21:00:00,0.492,0.086,-0.406,-74.009444,40.466944,8531680,NOAA_NOS,IAN,2022,1260.0
2022-09-25 22:00:00,1.888,1.242,-0.6459999999999999,-74.009444,40.466944,8531680,NOAA_NOS,IAN,2022,1320.0
2022-09-25 23:00:00,2.83,2.081,-0.7490000000000001,-74.009444,40.466944,8531680,NOAA_NOS,IAN,2022,1380.0
2022-09-26 00:00:00,3.364,2.53,-0.8340000000000001,-74.009444,40.466944,8531680,NOAA_NOS,IAN,2022,1440.0
2022-09-26 01:00:00,3.27,2.367,-0.903,-74.009444,40.466944,8531680,NOAA_NOS,IAN,2022,1500.0
2022-09-26 02:00:00,2.817,1.428,-1.3890000000000002,-74.009444,40.466944,8531680,NOAA_NOS,IAN,2022,1560.0
2022-09-26 03:00:00,1.883,0.152,-1.731,-74.009444,40.466944,8531680,NOAA_NOS,IAN,2022,1620.0
2022-09-26 04:00:00,0.766,-0.977,-1.743,-74.009444,40.466944,8531680,NOAA_NOS,IAN,2022,1680.0
2022-09-26 05:00:00,-0.464,-1.836,-1.372,-74.009444,40.466944,8531680,NOAA_NOS,IAN,2022,1740.0
2022-09-26 06:00:00,-1.371,-2.415,-1.044,-74.009444,40.466944,8531680,NOAA_NOS,IAN,2022,1800.0
2022-09-26 07:00:00,-1.752,-2.483,-0.7310000000000001,-74.009444,40.466944,8531680,NOAA_NOS,IAN,2022,1860.0
2022-09-26 08:00:00,-1.649,-1.716,-0.0669999999999999,-74.009444,40.466944,8531680,NOAA_NOS,IAN,2022,1920.0
2022-09-26 09:00:00,-0.455,-0.371,0.084,-74.009444,40.466944,8531680,NOAA_NOS,IAN,2022,1980.0
2022-09-26 10:00:00,1.246,0.926,-0.3199999999999999,-74.009444,40.466944,8531680,NOAA_NOS,IAN,2022,2040.0
2022-09-26 11:00:00,2.624,1.921,-0.7030000000000001,-74.009444,40.466944,8531680,NOAA_NOS,IAN,2022,2100.0
2022-09-26 12:00:00,3.337,2.553,-0.7840000000000003,-74.009444,40.466944,8531680,NOAA_NOS,IAN,2022,2160.0
2022-09-26 13:00:00,3.31,2.626,-0.6840000000000002,-74.009444,40.466944,8531680,NOAA_NOS,IAN,2022,2220.0
2022-09-26 14:00:00,2.543,1.907,-0.6360000000000001,-74.009444,40.466944,8531680,NOAA_NOS,IAN,2022,2280.0
2022-09-26 15:00:00,1.376,0.655,-0.7209999999999999,-74.009444,40.466944,8531680,NOAA_NOS,IAN,2022,2340.0
2022-09-26 16:00:00,0.213,-0.584,-0.7969999999999999,-74.009444,40.466944,8531680,NOAA_NOS,IAN,2022,2400.0
2022-09-26 17:00:00,-0.805,-1.601,-0.7959999999999999,-74.009444,40.466944,8531680,NOAA_NOS,IAN,2022,2460.0
2022-09-26 18:00:00,-1.6,-2.329,-0.7290000000000001,-74.009444,40.466944,8531680,NOAA_NOS,IAN,2022,2520.0
2022-09-26 19:00:00,-2.071,-2.624,-0.5529999999999999,-74.009444,40.466944,8531680,NOAA_NOS,IAN,2022,2580.0
2022-09-26 20:00:00,-1.703,-2.182,-0.4789999999999998,-74.009444,40.466944,8531680,NOAA_NOS,IAN,2022,2640.0
2022-09-26 21:00:00,-0.617,-0.947,-0.3299999999999999,-74.009444,40.466944,8531680,NOAA_NOS,IAN,2022,2700.0
2022-09-26 22:00:00,0.815,0.456,-0.3589999999999999,-74.009444,40.466944,8531680,NOAA_NOS,IAN,2022,2760.0
2022-09-26 23:00:00,1.982,1.572,-0.4099999999999999,-74.009444,40.466944,8531680,NOAA_NOS,IAN,2022,2820.0
2022-09-27 00:00:00,2.781,2.336,-0.4450000000000003,-74.009444,40.466944,8531680,NOAA_NOS,IAN,2022,2880.0
2022-09-27 01:00:00,2.992,2.601,-0.391,-74.009444,40.466944,8531680,NOAA_NOS,IAN,2022,2940.0
2022-09-27 02:00:00,2.431,2.118,-0.3130000000000001,-74.009444,40.466944,8531680,NOAA_NOS,IAN,2022,3000.0
2022-09-27 03:00:00,1.506,0.945,-0.561,-74.009444,40.466944,8531680,NOAA_NOS,IAN,2022,3060.0
2022-09-27 04:00:00,0.357,-0.348,-0.705,-74.009444,40.466944,8531680,NOAA_NOS,IAN,2022,3120.0
2022-09-27 05:00:00,-0.662,-1.425,-0.763,-74.009444,40.466944,8531680,NOAA_NOS,IAN,2022,3180.0
2022-09-27 06:00:00,-1.555,-2.211,-0.6559999999999999,-74.009444,40.466944,8531680,NOAA_NOS,IAN,2022,3240.0
2022-09-27 07:00:00,-2.111,-2.637,-0.5259999999999998,-74.009444,40.466944,8531680,NOAA_NOS,IAN,2022,3300.0
2022-09-27 08:00:00,-1.99,-2.402,-0.4120000000000001,-74.009444,40.466944,8531680,NOAA_NOS,IAN,2022,3360.0
2022-09-27 09:00:00,-1.039,-1.266,-0.2270000000000001,-74.009444,40.466944,8531680,NOAA_NOS,IAN,2022,3420.0
2022-09-27 10:00:00,0.546,0.226,-0.32,-74.009444,40.466944,8531680,NOAA_NOS,IAN,2022,3480.0
2022-09-27 11:00:00,1.838,1.493,-0.345,-74.009444,40.466944,8531680,NOAA_NOS,IAN,2022,3540.0
2022-09-27 12:00:00,2.884,2.426,-0.4579999999999997,-74.009444,40.466944,8531680,NOAA_NOS,IAN,2022,3600.0
2022-09-27 13:00:00,3.373,2.915,-0.4580000000000002,-74.009444,40.466944,8531680,NOAA_NOS,IAN,2022,3660.0
2022-09-27 14:00:00,3.364,2.688,-0.6759999999999997,-74.009444,40.466944,8531680,NOAA_NOS,IAN,2022,3720.0
2022-09-27 15:00:00,2.57,1.64,-0.93,-74.009444,40.466944,8531680,NOAA_NOS,IAN,2022,3780.0
2022-09-27 16:00:00,1.255,0.264,-0.991,-74.009444,40.466944,8531680,NOAA_NOS,IAN,2022,3840.0
2022-09-27 17:00:00,-0.101,-0.955,-0.854,-74.009444,40.466944,8531680,NOAA_NOS,IAN,2022,3900.0
2022-09-27 18:00:00,-1.151,-1.904,-0.7529999999999999,-74.009444,40.466944,8531680,NOAA_NOS,IAN,2022,3960.0
2022-09-27 19:00:00,-1.981,-2.584,-0.603,-74.009444,40.466944,8531680,NOAA_NOS,IAN,2022,4020.0
2022-09-27 20:00:00,-2.188,-2.702,-0.5139999999999998,-74.009444,40.466944,8531680,NOAA_NOS,IAN,2022,4080.0
2022-09-27 21:00:00,-1.613,-1.932,-0.3189999999999999,-74.009444,40.466944,8531680,NOAA_NOS,IAN,2022,4140.0
2022-09-27 22:00:00,-0.374,-0.567,-0.1929999999999999,-74.009444,40.466944,8531680,NOAA_NOS,IAN,2022,4200.0
2022-09-27 23:00:00,0.95,0.766,-0.1839999999999999,-74.009444,40.466944,8531680,NOAA_NOS,IAN,2022,4260.0
2022-09-28 00:00:00,2.098,1.796,-0.3019999999999998,-74.009444,40.466944,8531680,NOAA_NOS,IAN,2022,4320.0
2022-09-28 01:00:00,2.66,2.453,-0.2070000000000003,-74.009444,40.466944,8531680,NOAA_NOS,IAN,2022,4380.0
2022-09-28 02:00:00,2.695,2.486,-0.2089999999999996,-74.009444,40.466944,8531680,NOAA_NOS,IAN,2022,4440.0
2022-09-28 03:00:00,2.045,1.719,-0.3259999999999998,-74.009444,40.466944,8531680,NOAA_NOS,IAN,2022,4500.0
2022-09-28 04:00:00,0.86,0.442,-0.418,-74.009444,40.466944,8531680,NOAA_NOS,IAN,2022,4560.0
2022-09-28 05:00:00,-0.303,-0.789,-0.486,-74.009444,40.466944,8531680,NOAA_NOS,IAN,2022,4620.0
2022-09-28 06:00:00,-1.245,-1.763,-0.5179999999999998,-74.009444,40.466944,8531680,NOAA_NOS,IAN,2022,4680.0
2022-09-28 07:00:00,-2.107,-2.446,-0.3389999999999999,-74.009444,40.466944,8531680,NOAA_NOS,IAN,2022,4740.0
2022-09-28 08:00:00,-2.578,-2.673,-0.0950000000000002,-74.009444,40.466944,8531680,NOAA_NOS,IAN,2022,4800.0
2022-09-28 09:00:00,-2.161,-2.086,0.0750000000000001,-74.009444,40.466944,8531680,NOAA_NOS,IAN,2022,4860.0
2022-09-28 10:00:00,-0.814,-0.752,0.0619999999999999,-74.009444,40.466944,8531680,NOAA_NOS,IAN,2022,4920.0
2022-09-28 11:00:00,0.716,0.724,0.008,-74.009444,40.466944,8531680,NOAA_NOS,IAN,2022,4980.0
2022-09-28 12:00:00,1.919,1.913,-0.006,-74.009444,40.466944,8531680,NOAA_NOS,IAN,2022,5040.0
2022-09-28 13:00:00,2.749,2.767,0.0179999999999997,-74.009444,40.466944,8531680,NOAA_NOS,IAN,2022,5100.0
2022-09-28 14:00:00,3.028,3.106,0.0779999999999998,-74.009444,40.466944,8531680,NOAA_NOS,IAN,2022,5160.0
2022-09-28 15:00:00,2.817,2.605,-0.2120000000000002,-74.009444,40.466944,8531680,NOAA_NOS,IAN,2022,5220.0
2022-09-28 16:00:00,1.802,1.35,-0.4519999999999999,-74.009444,40.466944,8531680,NOAA_NOS,IAN,2022,5280.0
2022-09-28 17:00:00,0.532,-0.047,-0.5790000000000001,-74.009444,40.466944,8531680,NOAA_NOS,IAN,2022,5340.0
2022-09-28 18:00:00,-0.671,-1.228,-0.5569999999999999,-74.009444,40.466944,8531680,NOAA_NOS,IAN,2022,5400.0
2022-09-28 19:00:00,-1.721,-2.134,-0.4129999999999998,-74.009444,40.466944,8531680,NOAA_NOS,IAN,2022,5460.0
2022-09-28 20:00:00,-2.455,-2.689,-0.2339999999999999,-74.009444,40.466944,8531680,NOAA_NOS,IAN,2022,5520.0
2022-09-28 21:00:00,-2.446,-2.61,-0.1639999999999997,-74.009444,40.466944,8531680,NOAA_NOS,IAN,2022,5580.0
2022-09-28 22:00:00,-1.455,-1.593,-0.1379999999999999,-74.009444,40.466944,8531680,NOAA_NOS,IAN,2022,5640.0
2022-09-28 23:00:00,-0.1,-0.219,-0.119,-74.009444,40.466944,8531680,NOAA_NOS,IAN,2022,5700.0
2022-09-29 00:00:00,1.114,0.983,-0.1310000000000001,-74.009444,40.466944,8531680,NOAA_NOS,IAN,2022,5760.0
2022-09-29 01:00:00,1.875,1.888,0.0129999999999999,-74.009444,40.466944,8531680,NOAA_NOS,IAN,2022,5820.0
2022-09-29 02:00:00,2.236,2.408,0.1719999999999997,-74.009444,40.466944,8531680,NOAA_NOS,IAN,2022,5880.0
2022-09-29 03:00:00,2.069,2.255,0.1859999999999999,-74.009444,40.466944,8531680,NOAA_NOS,IAN,2022,5940.0
2022-09-29 04:00:00,1.436,1.295,-0.141,-74.009444,40.466944,8531680,NOAA_NOS,IAN,2022,6000.0
2022-09-29 05:00:00,0.406,0.013,-0.393,-74.009444,40.466944,8531680,NOAA_NOS,IAN,2022,6060.0
2022-09-29 06:00:00,-0.602,-1.121,-0.519,-74.009444,40.466944,8531680,NOAA_NOS,IAN,2022,6120.0
2022-09-29 07:00:00,-1.576,-1.972,-0.3959999999999999,-74.009444,40.466944,8531680,NOAA_NOS,IAN,2022,6180.0
2022-09-29 08:00:00,-2.318,-2.497,-0.1789999999999998,-74.009444,40.466944,8531680,NOAA_NOS,IAN,2022,6240.0
2022-09-29 09:00:00,-2.482,-2.459,0.0230000000000001,-74.009444,40.466944,8531680,NOAA_NOS,IAN,2022,6300.0
2022-09-29 10:00:00,-1.75,-1.561,0.189,-74.009444,40.466944,8531680,NOAA_NOS,IAN,2022,6360.0
2022-09-29 11:00:00,-0.359,-0.136,0.2229999999999999,-74.009444,40.466944,8531680,NOAA_NOS,IAN,2022,6420.0
2022-09-29 12:00:00,1.052,1.163,0.1109999999999999,-74.009444,40.466944,8531680,NOAA_NOS,IAN,2022,6480.0
2022-09-29 13:00:00,2.19,2.141,-0.0489999999999999,-74.009444,40.466944,8531680,NOAA_NOS,IAN,2022,6540.0
2022-09-29 14:00:00,3.027,2.848,-0.1790000000000002,-74.009444,40.466944,8531680,NOAA_NOS,IAN,2022,6600.0
2022-09-29 15:00:00,3.332,3.079,-0.2529999999999996,-74.009444,40.466944,8531680,NOAA_NOS,IAN,2022,6660.0
2022-09-29 16:00:00,2.83,2.47,-0.3599999999999999,-74.009444,40.466944,8531680,NOAA_NOS,IAN,2022,6720.0
2022-09-29 17:00:00,1.708,1.215,-0.4929999999999999,-74.009444,40.466944,8531680,NOAA_NOS,IAN,2022,6780.0
2022-09-29 18:00:00,0.445,-0.106,-0.551,-74.009444,40.466944,8531680,NOAA_NOS,IAN,2022,6840.0
2022-09-29 19:00:00,-0.71,-1.253,-0.5429999999999999,-74.009444,40.466944,8531680,NOAA_NOS,IAN,2022,6900.0
2022-09-29 20:00:00,-1.661,-2.168,-0.5070000000000001,-74.009444,40.466944,8531680,NOAA_NOS,IAN,2022,6960.0
2022-09-29 21:00:00,-2.216,-2.705,-0.4889999999999999,-74.009444,40.466944,8531680,NOAA_NOS,IAN,2022,7020.0
2022-09-29 22:00:00,-1.97,-2.486,-0.5160000000000002,-74.009444,40.466944,8531680,NOAA_NOS,IAN,2022,7080.0
2022-09-29 23:00:00,-0.926,-1.35,-0.424,-74.009444,40.466944,8531680,NOAA_NOS,IAN,2022,7140.0
2022-09-30 00:00:00,0.251,0.051,-0.2,-74.009444,40.466944,8531680,NOAA_NOS,IAN,2022,7200.0
2022-09-30 01:00:00,1.229,1.205,-0.024,-74.009444,40.466944,8531680,NOAA_NOS,IAN,2022,7260.0
2022-09-30 02:00:00,1.961,2.011,0.05,-74.009444,40.466944,8531680,NOAA_NOS,IAN,2022,7320.0
2022-09-30 03:00:00,2.23,2.322,0.092,-74.009444,40.466944,8531680,NOAA_NOS,IAN,2022,7380.0
2022-09-30 04:00:00,2.072,1.936,-0.1360000000000001,-74.009444,40.466944,8531680,NOAA_NOS,IAN,2022,7440.0
2022-09-30 05:00:00,1.393,0.853,-0.54,-74.009444,40.466944,8531680,NOAA_NOS,IAN,2022,7500.0
2022-09-30 06:00:00,0.406,-0.346,-0.752,-74.009444,40.466944,8531680,NOAA_NOS,IAN,2022,7560.0
2022-09-30 07:00:00,-0.543,-1.33,-0.787,-74.009444,40.466944,8531680,NOAA_NOS,IAN,2022,7620.0
2022-09-30 08:00:00,-1.425,-2.025,-0.5999999999999999,-74.009444,40.466944,8531680,NOAA_NOS,IAN,2022,7680.0
2022-09-30 09:00:00,-1.976,-2.384,-0.4079999999999999,-74.009444,40.466944,8531680,NOAA_NOS,IAN,2022,7740.0
2022-09-30 10:00:00,-1.701,-2.18,-0.4790000000000001,-74.009444,40.466944,8531680,NOAA_NOS,IAN,2022,7800.0
2022-09-30 11:00:00,-0.667,-1.199,-0.532,-74.009444,40.466944,8531680,NOAA_NOS,IAN,2022,7860.0
2022-09-30 12:00:00,0.727,0.174,-0.5529999999999999,-74.009444,40.466944,8531680,NOAA_NOS,IAN,2022,7920.0
2022-09-30 13:00:00,1.797,1.341,-0.4559999999999999,-74.009444,40.466944,8531680,NOAA_NOS,IAN,2022,7980.0
2022-09-30 14:00:00,2.528,2.283,-0.2450000000000001,-74.009444,40.466944,8531680,NOAA_NOS,IAN,2022,8040.0
2022-09-30 15:00:00,3.135,2.955,-0.1799999999999997,-74.009444,40.466944,8531680,NOAA_NOS,IAN,2022,8100.0
2022-09-30 16:00:00,3.44,2.999,-0.4409999999999998,-74.009444,40.466944,8531680,NOAA_NOS,IAN,2022,8160.0
2022-09-30 17:00:00,3.017,2.17,-0.847,-74.009444,40.466944,8531680,NOAA_NOS,IAN,2022,8220.0
2022-09-30 18:00:00,1.961,0.908,-1.053,-74.009444,40.466944,8531680,NOAA_NOS,IAN,2022,8280.0
2022-09-30 19:00:00,0.694,-0.281,-0.975,-74.009444,40.466944,8531680,NOAA_NOS,IAN,2022,8340.0
2022-09-30 20:00:00,-0.444,-1.283,-0.839,-74.009444,40.466944,8531680,NOAA_NOS,IAN,2022,8400.0
2022-09-30 21:00:00,-1.228,-2.055,-0.8270000000000002,-74.009444,40.466944,8531680,NOAA_NOS,IAN,2022,8460.0
2022-09-30 22:00:00,-1.566,-2.421,-0.8549999999999998,-74.009444,40.466944,8531680,NOAA_NOS,IAN,2022,8520.0
2022-09-30 23:00:00,-1.274,-2.088,-0.8140000000000001,-74.009444,40.466944,8531680,NOAA_NOS,IAN,2022,8580.0
2022-10-01 00:00:00,-0.178,-1.037,-0.859,-74.009444,40.466944,8531680,NOAA_NOS,IAN,2022,8640.0
2022-10-01 01:00:00,0.822,0.124,-0.698,-74.009444,40.466944,8531680,NOAA_NOS,IAN,2022,8700.0
2022-10-01 02:00:00,1.61,1.055,-0.5550000000000002,-74.009444,40.466944,8531680,NOAA_NOS,IAN,2022,8760.0
2022-10-01 03:00:00,2.348,1.793,-0.5549999999999999,-74.009444,40.466944,8531680,NOAA_NOS,IAN,2022,8820.0
2022-10-01 04:00:00,2.728,2.183,-0.5450000000000004,-74.009444,40.466944,8531680,NOAA_NOS,IAN,2022,8880.0
2022-10-01 05:00:00,2.627,1.945,-0.6819999999999997,-74.009444,40.466944,8531680,NOAA_NOS,IAN,2022,8940.0
2022-10-01 06:00:00,1.987,0.977,-1.0100000000000002,-74.009444,40.466944,8531680,NOAA_NOS,IAN,2022,9000.0
2022-10-01 07:00:00,1.127,-0.213,-1.34,-74.009444,40.466944,8531680,NOAA_NOS,IAN,2022,9060.0
2022-10-01 08:00:00,0.159,-1.276,-1.435,-74.009444,40.466944,8531680,NOAA_NOS,IAN,2022,9120.0
2022-10-01 09:00:00,-0.569,-2.114,-1.545,-74.009444,40.466944,8531680,NOAA_NOS,IAN,2022,9180.0
2022-10-01 10:00:00,-0.949,-2.443,-1.4940000000000002,-74.009444,40.466944,8531680,NOAA_NOS,IAN,2022,9240.0
2022-10-01 11:00:00,-0.782,-1.915,-1.133,-74.009444,40.466944,8531680,NOAA_NOS,IAN,2022,9300.0
2022-10-01 12:00:00,0.015,-0.572,-0.587,-74.009444,40.466944,8531680,NOAA_NOS,IAN,2022,9360.0
2022-10-01 13:00:00,1.163,0.984,-0.179,-74.009444,40.466944,8531680,NOAA_NOS,IAN,2022,9420.0
2022-10-01 14:00:00,2.482,2.031,-0.451,-74.009444,40.466944,8531680,NOAA_NOS,IAN,2022,9480.0
2022-10-01 15:00:00,3.476,2.621,-0.855,-74.009444,40.466944,8531680,NOAA_NOS,IAN,2022,9540.0
2022-10-01 16:00:00,4.041,2.913,-1.1280000000000006,-74.009444,40.466944,8531680,NOAA_NOS,IAN,2022,9600.0
2022-10-01 17:00:00,4.129,2.649,-1.4799999999999995,-74.009444,40.466944,8531680,NOAA_NOS,IAN,2022,9660.0
2022-10-01 18:00:00,3.381,1.671,-1.7099999999999995,-74.009444,40.466944,8531680,NOAA_NOS,IAN,2022,9720.0
2022-10-01 19:00:00,2.407,0.509,-1.898,-74.009444,40.466944,8531680,NOAA_NOS,IAN,2022,9780.0
2022-10-01 20:00:00,1.337,-0.403,-1.74,-74.009444,40.466944,8531680,NOAA_NOS,IAN,2022,9840.0
2022-10-01 21:00:00,0.399,-1.162,-1.561,-74.009444,40.466944,8531680,NOAA_NOS,IAN,2022,9900.0
2022-10-01 22:00:00,-0.293,-1.863,-1.57,-74.009444,40.466944,8531680,NOAA_NOS,IAN,2022,9960.0
2022-10-01 23:00:00,-0.7,-2.195,-1.495,-74.009444,40.466944,8531680,NOAA_NOS,IAN,2022,10020.0
2022-09-25 01:00:00,1.877,1.293,-0.5840000000000001,-74.418053,39.356667,8534720,NOAA_NOS,IAN,2022,60.0
2022-09-25 02:00:00,0.932,0.418,-0.514,-74.418053,39.356667,8534720,NOAA_NOS,IAN,2022,120.0
2022-09-25 03:00:00,-0.148,-0.561,-0.413,-74.418053,39.356667,8534720,NOAA_NOS,IAN,2022,180.0
2022-09-25 04:00:00,-1.086,-1.361,-0.2749999999999999,-74.418053,39.356667,8534720,NOAA_NOS,IAN,2022,240.0
2022-09-25 05:00:00,-1.785,-1.873,-0.088,-74.418053,39.356667,8534720,NOAA_NOS,IAN,2022,300.0
2022-09-25 06:00:00,-2.018,-1.876,0.1419999999999999,-74.418053,39.356667,8534720,NOAA_NOS,IAN,2022,360.0
2022-09-25 07:00:00,-1.68,-1.327,0.353,-74.418053,39.356667,8534720,NOAA_NOS,IAN,2022,420.0
2022-09-25 08:00:00,-0.755,-0.435,0.32,-74.418053,39.356667,8534720,NOAA_NOS,IAN,2022,480.0
2022-09-25 09:00:00,0.128,0.517,0.389,-74.418053,39.356667,8534720,NOAA_NOS,IAN,2022,540.0
2022-09-25 10:00:00,1.057,1.286,0.2290000000000001,-74.418053,39.356667,8534720,NOAA_NOS,IAN,2022,600.0
2022-09-25 11:00:00,1.513,1.797,0.284,-74.418053,39.356667,8534720,NOAA_NOS,IAN,2022,660.0
2022-09-25 12:00:00,1.854,1.862,0.008,-74.418053,39.356667,8534720,NOAA_NOS,IAN,2022,720.0
2022-09-25 13:00:00,1.706,1.395,-0.3109999999999999,-74.418053,39.356667,8534720,NOAA_NOS,IAN,2022,780.0
2022-09-25 14:00:00,0.679,0.579,-0.1,-74.418053,39.356667,8534720,NOAA_NOS,IAN,2022,840.0
2022-09-25 15:00:00,-0.502,-0.408,0.094,-74.418053,39.356667,8534720,NOAA_NOS,IAN,2022,900.0
2022-09-25 16:00:00,-1.542,-1.314,0.2279999999999999,-74.418053,39.356667,8534720,NOAA_NOS,IAN,2022,960.0
2022-09-25 17:00:00,-2.165,-1.924,0.2410000000000001,-74.418053,39.356667,8534720,NOAA_NOS,IAN,2022,1020.0
2022-09-25 18:00:00,-2.214,-2.088,0.1259999999999999,-74.418053,39.356667,8534720,NOAA_NOS,IAN,2022,1080.0
2022-09-25 19:00:00,-1.745,-1.628,0.1170000000000002,-74.418053,39.356667,8534720,NOAA_NOS,IAN,2022,1140.0
2022-09-25 20:00:00,-0.774,-0.732,0.042,-74.418053,39.356667,8534720,NOAA_NOS,IAN,2022,1200.0
2022-09-25 21:00:00,0.489,0.292,-0.197,-74.418053,39.356667,8534720,NOAA_NOS,IAN,2022,1260.0
2022-09-25 22:00:00,1.782,1.21,-0.5720000000000001,-74.418053,39.356667,8534720,NOAA_NOS,IAN,2022,1320.0
2022-09-25 23:00:00,2.444,1.827,-0.617,-74.418053,39.356667,8534720,NOAA_NOS,IAN,2022,1380.0
2022-09-26 00:00:00,2.779,2.065,-0.714,-74.418053,39.356667,8534720,NOAA_NOS,IAN,2022,1440.0
2022-09-26 01:00:00,2.815,1.752,-1.063,-74.418053,39.356667,8534720,NOAA_NOS,IAN,2022,1500.0
2022-09-26 02:00:00,2.106,0.986,-1.12,-74.418053,39.356667,8534720,NOAA_NOS,IAN,2022,1560.0
2022-09-26 03:00:00,0.952,-0.017,-0.969,-74.418053,39.356667,8534720,NOAA_NOS,IAN,2022,1620.0
2022-09-26 04:00:00,0.194,-1.014,-1.208,-74.418053,39.356667,8534720,NOAA_NOS,IAN,2022,1680.0
2022-09-26 05:00:00,-0.656,-1.741,-1.085,-74.418053,39.356667,8534720,NOAA_NOS,IAN,2022,1740.0
2022-09-26 06:00:00,-1.148,-2.112,-0.9640000000000002,-74.418053,39.356667,8534720,NOAA_NOS,IAN,2022,1800.0
2022-09-26 07:00:00,-1.22,-1.835,-0.615,-74.418053,39.356667,8534720,NOAA_NOS,IAN,2022,1860.0
2022-09-26 08:00:00,-0.485,-1.031,-0.5459999999999999,-74.418053,39.356667,8534720,NOAA_NOS,IAN,2022,1920.0
2022-09-26 09:00:00,0.935,0.029,-0.906,-74.418053,39.356667,8534720,NOAA_NOS,IAN,2022,1980.0
2022-09-26 10:00:00,1.883,1.03,-0.853,-74.418053,39.356667,8534720,NOAA_NOS,IAN,2022,2040.0
2022-09-26 11:00:00,2.638,1.76,-0.8779999999999999,-74.418053,39.356667,8534720,NOAA_NOS,IAN,2022,2100.0
2022-09-26 12:00:00,3.333,2.152,-1.181,-74.418053,39.356667,8534720,NOAA_NOS,IAN,2022,2160.0
2022-09-26 13:00:00,3.212,2.011,-1.201,-74.418053,39.356667,8534720,NOAA_NOS,IAN,2022,2220.0
2022-09-26 14:00:00,2.566,1.333,-1.233,-74.418053,39.356667,8534720,NOAA_NOS,IAN,2022,2280.0
2022-09-26 15:00:00,1.404,0.336,-1.0679999999999998,-74.418053,39.356667,8534720,NOAA_NOS,IAN,2022,2340.0
2022-09-26 16:00:00,0.253,-0.762,-1.015,-74.418053,39.356667,8534720,NOAA_NOS,IAN,2022,2400.0
2022-09-26 17:00:00,-0.682,-1.627,-0.945,-74.418053,39.356667,8534720,NOAA_NOS,IAN,2022,2460.0
2022-09-26 18:00:00,-1.109,-2.196,-1.0870000000000002,-74.418053,39.356667,8534720,NOAA_NOS,IAN,2022,2520.0
2022-09-26 19:00:00,-1.394,-2.168,-0.7740000000000002,-74.418053,39.356667,8534720,NOAA_NOS,IAN,2022,2580.0
2022-09-26 20:00:00,-0.873,-1.489,-0.6160000000000001,-74.418053,39.356667,8534720,NOAA_NOS,IAN,2022,2640.0
2022-09-26 21:00:00,0.164,-0.462,-0.626,-74.418053,39.356667,8534720,NOAA_NOS,IAN,2022,2700.0
2022-09-26 22:00:00,1.04,0.588,-0.452,-74.418053,39.356667,8534720,NOAA_NOS,IAN,2022,2760.0
2022-09-26 23:00:00,1.903,1.429,-0.474,-74.418053,39.356667,8534720,NOAA_NOS,IAN,2022,2820.0
2022-09-27 00:00:00,2.343,1.972,-0.371,-74.418053,39.356667,8534720,NOAA_NOS,IAN,2022,2880.0
2022-09-27 01:00:00,2.503,2.042,-0.4610000000000003,-74.418053,39.356667,8534720,NOAA_NOS,IAN,2022,2940.0
2022-09-27 02:00:00,2.064,1.49,-0.5740000000000001,-74.418053,39.356667,8534720,NOAA_NOS,IAN,2022,3000.0
2022-09-27 03:00:00,1.142,0.589,-0.5529999999999999,-74.418053,39.356667,8534720,NOAA_NOS,IAN,2022,3060.0
2022-09-27 04:00:00,-0.043,-0.491,-0.448,-74.418053,39.356667,8534720,NOAA_NOS,IAN,2022,3120.0
2022-09-27 05:00:00,-0.928,-1.425,-0.497,-74.418053,39.356667,8534720,NOAA_NOS,IAN,2022,3180.0
2022-09-27 06:00:00,-1.716,-2.064,-0.3480000000000001,-74.418053,39.356667,8534720,NOAA_NOS,IAN,2022,3240.0
2022-09-27 07:00:00,-1.772,-2.193,-0.421,-74.418053,39.356667,8534720,NOAA_NOS,IAN,2022,3300.0
2022-09-27 08:00:00,-1.214,-1.64,-0.4259999999999999,-74.418053,39.356667,8534720,NOAA_NOS,IAN,2022,3360.0
2022-09-27 09:00:00,-0.298,-0.634,-0.336,-74.418053,39.356667,8534720,NOAA_NOS,IAN,2022,3420.0
2022-09-27 10:00:00,0.994,0.513,-0.481,-74.418053,39.356667,8534720,NOAA_NOS,IAN,2022,3480.0
2022-09-27 11:00:00,2.11,1.501,-0.609,-74.418053,39.356667,8534720,NOAA_NOS,IAN,2022,3540.0
2022-09-27 12:00:00,2.913,2.163,-0.75,-74.418053,39.356667,8534720,NOAA_NOS,IAN,2022,3600.0
2022-09-27 13:00:00,3.284,2.409,-0.875,-74.418053,39.356667,8534720,NOAA_NOS,IAN,2022,3660.0
2022-09-27 14:00:00,2.976,2.013,-0.963,-74.418053,39.356667,8534720,NOAA_NOS,IAN,2022,3720.0
2022-09-27 15:00:00,2.159,1.153,-1.0059999999999998,-74.418053,39.356667,8534720,NOAA_NOS,IAN,2022,3780.0
2022-09-27 16:00:00,0.988,0.029,-0.959,-74.418053,39.356667,8534720,NOAA_NOS,IAN,2022,3840.0
2022-09-27 17:00:00,-0.118,-1.075,-0.957,-74.418053,39.356667,8534720,NOAA_NOS,IAN,2022,3900.0
2022-09-27 18:00:00,-0.955,-1.914,-0.959,-74.418053,39.356667,8534720,NOAA_NOS,IAN,2022,3960.0
2022-09-27 19:00:00,-1.621,-2.35,-0.7290000000000001,-74.418053,39.356667,8534720,NOAA_NOS,IAN,2022,4020.0
2022-09-27 20:00:00,-1.466,-2.091,-0.6250000000000002,-74.418053,39.356667,8534720,NOAA_NOS,IAN,2022,4080.0
2022-09-27 21:00:00,-0.827,-1.27,-0.443,-74.418053,39.356667,8534720,NOAA_NOS,IAN,2022,4140.0
2022-09-27 22:00:00,0.305,-0.186,-0.491,-74.418053,39.356667,8534720,NOAA_NOS,IAN,2022,4200.0
2022-09-27 23:00:00,1.266,0.818,-0.448,-74.418053,39.356667,8534720,NOAA_NOS,IAN,2022,4260.0
2022-09-28 00:00:00,1.873,1.558,-0.3149999999999999,-74.418053,39.356667,8534720,NOAA_NOS,IAN,2022,4320.0
2022-09-28 01:00:00,2.238,1.99,-0.248,-74.418053,39.356667,8534720,NOAA_NOS,IAN,2022,4380.0
2022-09-28 02:00:00,2.218,1.858,-0.3599999999999999,-74.418053,39.356667,8534720,NOAA_NOS,IAN,2022,4440.0
2022-09-28 03:00:00,1.542,1.158,-0.3840000000000001,-74.418053,39.356667,8534720,NOAA_NOS,IAN,2022,4500.0
2022-09-28 04:00:00,0.489,0.163,-0.3259999999999999,-74.418053,39.356667,8534720,NOAA_NOS,IAN,2022,4560.0
2022-09-28 05:00:00,-0.594,-0.901,-0.307,-74.418053,39.356667,8534720,NOAA_NOS,IAN,2022,4620.0
2022-09-28 06:00:00,-1.447,-1.722,-0.2749999999999999,-74.418053,39.356667,8534720,NOAA_NOS,IAN,2022,4680.0
2022-09-28 07:00:00,-1.968,-2.231,-0.2629999999999999,-74.418053,39.356667,8534720,NOAA_NOS,IAN,2022,4740.0
2022-09-28 08:00:00,-1.922,-2.106,-0.1839999999999999,-74.418053,39.356667,8534720,NOAA_NOS,IAN,2022,4800.0
2022-09-28 09:00:00,-1.073,-1.346,-0.2730000000000001,-74.418053,39.356667,8534720,NOAA_NOS,IAN,2022,4860.0
2022-09-28 10:00:00,-0.095,-0.217,-0.122,-74.418053,39.356667,8534720,NOAA_NOS,IAN,2022,4920.0
2022-09-28 11:00:00,1.253,0.943,-0.3099999999999999,-74.418053,39.356667,8534720,NOAA_NOS,IAN,2022,4980.0
2022-09-28 12:00:00,2.254,1.862,-0.3919999999999999,-74.418053,39.356667,8534720,NOAA_NOS,IAN,2022,5040.0
2022-09-28 13:00:00,2.825,2.441,-0.3840000000000003,-74.418053,39.356667,8534720,NOAA_NOS,IAN,2022,5100.0
2022-09-28 14:00:00,2.982,2.505,-0.4770000000000003,-74.418053,39.356667,8534720,NOAA_NOS,IAN,2022,5160.0
2022-09-28 15:00:00,2.408,1.918,-0.49,-74.418053,39.356667,8534720,NOAA_NOS,IAN,2022,5220.0
2022-09-28 16:00:00,1.447,0.958,-0.4890000000000001,-74.418053,39.356667,8534720,NOAA_NOS,IAN,2022,5280.0
2022-09-28 17:00:00,0.207,-0.235,-0.4419999999999999,-74.418053,39.356667,8534720,NOAA_NOS,IAN,2022,5340.0
2022-09-28 18:00:00,-0.876,-1.296,-0.42,-74.418053,39.356667,8534720,NOAA_NOS,IAN,2022,5400.0
2022-09-28 19:00:00,-1.529,-2.083,-0.5540000000000003,-74.418053,39.356667,8534720,NOAA_NOS,IAN,2022,5460.0
2022-09-28 20:00:00,-1.952,-2.361,-0.4090000000000002,-74.418053,39.356667,8534720,NOAA_NOS,IAN,2022,5520.0
2022-09-28 21:00:00,-1.693,-1.925,-0.2319999999999999,-74.418053,39.356667,8534720,NOAA_NOS,IAN,2022,5580.0
2022-09-28 22:00:00,-0.846,-1.024,-0.178,-74.418053,39.356667,8534720,NOAA_NOS,IAN,2022,5640.0
2022-09-28 23:00:00,0.21,0.062,-0.148,-74.418053,39.356667,8534720,NOAA_NOS,IAN,2022,5700.0
2022-09-29 00:00:00,1.204,0.957,-0.247,-74.418053,39.356667,8534720,NOAA_NOS,IAN,2022,5760.0
2022-09-29 01:00:00,1.624,1.594,-0.03,-74.418053,39.356667,8534720,NOAA_NOS,IAN,2022,5820.0
2022-09-29 02:00:00,2.083,1.901,-0.1820000000000001,-74.418053,39.356667,8534720,NOAA_NOS,IAN,2022,5880.0
2022-09-29 03:00:00,1.752,1.604,-0.1479999999999999,-74.418053,39.356667,8534720,NOAA_NOS,IAN,2022,5940.0
2022-09-29 04:00:00,1.024,0.823,-0.201,-74.418053,39.356667,8534720,NOAA_NOS,IAN,2022,6000.0
2022-09-29 05:00:00,0.076,-0.192,-0.268,-74.418053,39.356667,8534720,NOAA_NOS,IAN,2022,6060.0
2022-09-29 06:00:00,-0.873,-1.161,-0.288,-74.418053,39.356667,8534720,NOAA_NOS,IAN,2022,6120.0
2022-09-29 07:00:00,-1.608,-1.852,-0.244,-74.418053,39.356667,8534720,NOAA_NOS,IAN,2022,6180.0
2022-09-29 08:00:00,-1.837,-2.165,-0.328,-74.418053,39.356667,8534720,NOAA_NOS,IAN,2022,6240.0
2022-09-29 09:00:00,-1.578,-1.819,-0.2409999999999998,-74.418053,39.356667,8534720,NOAA_NOS,IAN,2022,6300.0
2022-09-29 10:00:00,-0.761,-0.926,-0.165,-74.418053,39.356667,8534720,NOAA_NOS,IAN,2022,6360.0
2022-09-29 11:00:00,0.509,0.211,-0.298,-74.418053,39.356667,8534720,NOAA_NOS,IAN,2022,6420.0
2022-09-29 12:00:00,1.706,1.287,-0.419,-74.418053,39.356667,8534720,NOAA_NOS,IAN,2022,6480.0
2022-09-29 13:00:00,2.769,2.102,-0.6670000000000003,-74.418053,39.356667,8534720,NOAA_NOS,IAN,2022,6540.0
2022-09-29 14:00:00,3.022,2.586,-0.4359999999999999,-74.418053,39.356667,8534720,NOAA_NOS,IAN,2022,6600.0
2022-09-29 15:00:00,3.255,2.504,-0.7509999999999999,-74.418053,39.356667,8534720,NOAA_NOS,IAN,2022,6660.0
2022-09-29 16:00:00,2.786,1.863,-0.923,-74.418053,39.356667,8534720,NOAA_NOS,IAN,2022,6720.0
2022-09-29 17:00:00,1.706,0.861,-0.845,-74.418053,39.356667,8534720,NOAA_NOS,IAN,2022,6780.0
2022-09-29 18:00:00,0.486,-0.297,-0.7829999999999999,-74.418053,39.356667,8534720,NOAA_NOS,IAN,2022,6840.0
2022-09-29 19:00:00,-0.63,-1.301,-0.6709999999999999,-74.418053,39.356667,8534720,NOAA_NOS,IAN,2022,6900.0
2022-09-29 20:00:00,-1.201,-2.075,-0.8740000000000001,-74.418053,39.356667,8534720,NOAA_NOS,IAN,2022,6960.0
2022-09-29 21:00:00,-1.388,-2.255,-0.867,-74.418053,39.356667,8534720,NOAA_NOS,IAN,2022,7020.0
2022-09-29 22:00:00,-1.066,-1.73,-0.6639999999999999,-74.418053,39.356667,8534720,NOAA_NOS,IAN,2022,7080.0
2022-09-29 23:00:00,-0.184,-0.772,-0.5880000000000001,-74.418053,39.356667,8534720,NOAA_NOS,IAN,2022,7140.0
2022-09-30 00:00:00,0.889,0.281,-0.608,-74.418053,39.356667,8534720,NOAA_NOS,IAN,2022,7200.0
2022-09-30 01:00:00,1.506,1.087,-0.419,-74.418053,39.356667,8534720,NOAA_NOS,IAN,2022,7260.0
2022-09-30 02:00:00,2.077,1.642,-0.435,-74.418053,39.356667,8534720,NOAA_NOS,IAN,2022,7320.0
2022-09-30 03:00:00,2.28,1.819,-0.4609999999999998,-74.418053,39.356667,8534720,NOAA_NOS,IAN,2022,7380.0
2022-09-30 04:00:00,1.985,1.366,-0.619,-74.418053,39.356667,8534720,NOAA_NOS,IAN,2022,7440.0
2022-09-30 05:00:00,1.303,0.544,-0.7589999999999999,-74.418053,39.356667,8534720,NOAA_NOS,IAN,2022,7500.0
2022-09-30 06:00:00,0.318,-0.449,-0.767,-74.418053,39.356667,8534720,NOAA_NOS,IAN,2022,7560.0
2022-09-30 07:00:00,-0.669,-1.303,-0.6339999999999999,-74.418053,39.356667,8534720,NOAA_NOS,IAN,2022,7620.0
2022-09-30 08:00:00,-0.997,-1.858,-0.8610000000000001,-74.418053,39.356667,8534720,NOAA_NOS,IAN,2022,7680.0
2022-09-30 09:00:00,-1.043,-2.031,-0.9880000000000002,-74.418053,39.356667,8534720,NOAA_NOS,IAN,2022,7740.0
2022-09-30 10:00:00,-0.672,-1.58,-0.908,-74.418053,39.356667,8534720,NOAA_NOS,IAN,2022,7800.0
2022-09-30 11:00:00,0.118,-0.651,-0.769,-74.418053,39.356667,8534720,NOAA_NOS,IAN,2022,7860.0
2022-09-30 12:00:00,1.214,0.478,-0.736,-74.418053,39.356667,8534720,NOAA_NOS,IAN,2022,7920.0
2022-09-30 13:00:00,2.316,1.507,-0.8089999999999999,-74.418053,39.356667,8534720,NOAA_NOS,IAN,2022,7980.0
2022-09-30 14:00:00,3.265,2.2,-1.065,-74.418053,39.356667,8534720,NOAA_NOS,IAN,2022,8040.0
2022-09-30 15:00:00,3.642,2.566,-1.076,-74.418053,39.356667,8534720,NOAA_NOS,IAN,2022,8100.0
2022-09-30 16:00:00,3.363,2.406,-0.957,-74.418053,39.356667,8534720,NOAA_NOS,IAN,2022,8160.0
2022-09-30 17:00:00,2.746,1.718,-1.028,-74.418053,39.356667,8534720,NOAA_NOS,IAN,2022,8220.0
2022-09-30 18:00:00,2.024,0.722,-1.302,-74.418053,39.356667,8534720,NOAA_NOS,IAN,2022,8280.0
2022-09-30 19:00:00,0.85,-0.346,-1.196,-74.418053,39.356667,8534720,NOAA_NOS,IAN,2022,8340.0
2022-09-30 20:00:00,-0.19,-1.278,-1.088,-74.418053,39.356667,8534720,NOAA_NOS,IAN,2022,8400.0
2022-09-30 21:00:00,-0.761,-1.916,-1.1549999999999998,-74.418053,39.356667,8534720,NOAA_NOS,IAN,2022,8460.0
2022-09-30 22:00:00,-0.869,-1.976,-1.107,-74.418053,39.356667,8534720,NOAA_NOS,IAN,2022,8520.0
2022-09-30 23:00:00,-0.407,-1.445,-1.038,-74.418053,39.356667,8534720,NOAA_NOS,IAN,2022,8580.0
2022-10-01 00:00:00,0.535,-0.615,-1.15,-74.418053,39.356667,8534720,NOAA_NOS,IAN,2022,8640.0
2022-10-01 01:00:00,1.381,0.268,-1.113,-74.418053,39.356667,8534720,NOAA_NOS,IAN,2022,8700.0
2022-10-01 02:00:00,2.366,1.018,-1.348,-74.418053,39.356667,8534720,NOAA_NOS,IAN,2022,8760.0
2022-10-01 03:00:00,2.795,1.571,-1.224,-74.418053,39.356667,8534720,NOAA_NOS,IAN,2022,8820.0
2022-10-01 04:00:00,2.822,1.777,-1.0450000000000002,-74.418053,39.356667,8534720,NOAA_NOS,IAN,2022,8880.0
2022-10-01 05:00:00,2.717,1.358,-1.359,-74.418053,39.356667,8534720,NOAA_NOS,IAN,2022,8940.0
2022-10-01 06:00:00,2.024,0.506,-1.518,-74.418053,39.356667,8534720,NOAA_NOS,IAN,2022,9000.0
2022-10-01 07:00:00,1.375,-0.523,-1.898,-74.418053,39.356667,8534720,NOAA_NOS,IAN,2022,9060.0
2022-10-01 08:00:00,0.617,-1.354,-1.971,-74.418053,39.356667,8534720,NOAA_NOS,IAN,2022,9120.0
2022-10-01 09:00:00,0.204,-1.784,-1.988,-74.418053,39.356667,8534720,NOAA_NOS,IAN,2022,9180.0
2022-10-01 10:00:00,-0.171,-1.786,-1.615,-74.418053,39.356667,8534720,NOAA_NOS,IAN,2022,9240.0
2022-10-01 11:00:00,0.154,-1.23,-1.384,-74.418053,39.356667,8534720,NOAA_NOS,IAN,2022,9300.0
2022-10-01 12:00:00,1.05,-0.23,-1.28,-74.418053,39.356667,8534720,NOAA_NOS,IAN,2022,9360.0
2022-10-01 13:00:00,2.195,0.879,-1.3159999999999998,-74.418053,39.356667,8534720,NOAA_NOS,IAN,2022,9420.0
2022-10-01 14:00:00,3.176,1.928,-1.2480000000000002,-74.418053,39.356667,8534720,NOAA_NOS,IAN,2022,9480.0
2022-10-01 15:00:00,3.691,2.544,-1.1469999999999998,-74.418053,39.356667,8534720,NOAA_NOS,IAN,2022,9540.0
2022-10-01 16:00:00,4.098,2.593,-1.505,-74.418053,39.356667,8534720,NOAA_NOS,IAN,2022,9600.0
2022-10-01 17:00:00,3.931,2.107,-1.824,-74.418053,39.356667,8534720,NOAA_NOS,IAN,2022,9660.0
2022-10-01 18:00:00,3.192,1.327,-1.865,-74.418053,39.356667,8534720,NOAA_NOS,IAN,2022,9720.0
2022-10-01 19:00:00,2.228,0.416,-1.8120000000000005,-74.418053,39.356667,8534720,NOAA_NOS,IAN,2022,9780.0
2022-10-01 20:00:00,1.132,-0.448,-1.5799999999999998,-74.418053,39.356667,8534720,NOAA_NOS,IAN,2022,9840.0
2022-10-01 21:00:00,0.391,-1.279,-1.67,-74.418053,39.356667,8534720,NOAA_NOS,IAN,2022,9900.0
2022-10-01 22:00:00,-0.216,-1.779,-1.563,-74.418053,39.356667,8534720,NOAA_NOS,IAN,2022,9960.0
2022-10-01 23:00:00,-0.22,-1.768,-1.548,-74.418053,39.356667,8534720,NOAA_NOS,IAN,2022,10020.0
2022-09-25 01:00:00,3.11,2.318,-0.7919999999999998,-74.973125,38.967778,8536110,NOAA_NOS,IAN,2022,60.0
2022-09-25 02:00:00,2.392,1.656,-0.736,-74.973125,38.967778,8536110,NOAA_NOS,IAN,2022,120.0
2022-09-25 03:00:00,1.302,0.631,-0.671,-74.973125,38.967778,8536110,NOAA_NOS,IAN,2022,180.0
2022-09-25 04:00:00,0.039,-0.593,-0.632,-74.973125,38.967778,8536110,NOAA_NOS,IAN,2022,240.0
2022-09-25 05:00:00,-1.053,-1.658,-0.605,-74.973125,38.967778,8536110,NOAA_NOS,IAN,2022,300.0
2022-09-25 06:00:00,-1.781,-2.311,-0.53,-74.973125,38.967778,8536110,NOAA_NOS,IAN,2022,360.0
2022-09-25 07:00:00,-2.047,-2.316,-0.2689999999999997,-74.973125,38.967778,8536110,NOAA_NOS,IAN,2022,420.0
2022-09-25 08:00:00,-1.627,-1.674,-0.0469999999999999,-74.973125,38.967778,8536110,NOAA_NOS,IAN,2022,480.0
2022-09-25 09:00:00,-0.794,-0.63,0.164,-74.973125,38.967778,8536110,NOAA_NOS,IAN,2022,540.0
2022-09-25 10:00:00,0.289,0.557,0.268,-74.973125,38.967778,8536110,NOAA_NOS,IAN,2022,600.0
2022-09-25 11:00:00,1.325,1.624,0.2990000000000001,-74.973125,38.967778,8536110,NOAA_NOS,IAN,2022,660.0
2022-09-25 12:00:00,2.021,2.281,0.2600000000000002,-74.973125,38.967778,8536110,NOAA_NOS,IAN,2022,720.0
2022-09-25 13:00:00,2.533,2.379,-0.1539999999999999,-74.973125,38.967778,8536110,NOAA_NOS,IAN,2022,780.0
2022-09-25 14:00:00,2.149,1.854,-0.2949999999999999,-74.973125,38.967778,8536110,NOAA_NOS,IAN,2022,840.0
2022-09-25 15:00:00,1.194,0.888,-0.3059999999999999,-74.973125,38.967778,8536110,NOAA_NOS,IAN,2022,900.0
2022-09-25 16:00:00,-0.131,-0.328,-0.197,-74.973125,38.967778,8536110,NOAA_NOS,IAN,2022,960.0
2022-09-25 17:00:00,-1.532,-1.499,0.0329999999999999,-74.973125,38.967778,8536110,NOAA_NOS,IAN,2022,1020.0
2022-09-25 18:00:00,-2.444,-2.333,0.1109999999999997,-74.973125,38.967778,8536110,NOAA_NOS,IAN,2022,1080.0
2022-09-25 19:00:00,-2.72,-2.566,0.1540000000000003,-74.973125,38.967778,8536110,NOAA_NOS,IAN,2022,1140.0
2022-09-25 20:00:00,-2.129,-2.054,0.0750000000000001,-74.973125,38.967778,8536110,NOAA_NOS,IAN,2022,1200.0
2022-09-25 21:00:00,-1.306,-1.036,0.27,-74.973125,38.967778,8536110,NOAA_NOS,IAN,2022,1260.0
2022-09-25 22:00:00,-0.187,0.182,0.369,-74.973125,38.967778,8536110,NOAA_NOS,IAN,2022,1320.0
2022-09-25 23:00:00,1.115,1.377,0.262,-74.973125,38.967778,8536110,NOAA_NOS,IAN,2022,1380.0
2022-09-26 00:00:00,2.297,2.223,-0.0740000000000002,-74.973125,38.967778,8536110,NOAA_NOS,IAN,2022,1440.0
2022-09-26 01:00:00,2.982,2.537,-0.4450000000000003,-74.973125,38.967778,8536110,NOAA_NOS,IAN,2022,1500.0
2022-09-26 02:00:00,2.713,2.182,-0.5310000000000001,-74.973125,38.967778,8536110,NOAA_NOS,IAN,2022,1560.0
2022-09-26 03:00:00,2.008,1.327,-0.681,-74.973125,38.967778,8536110,NOAA_NOS,IAN,2022,1620.0
2022-09-26 04:00:00,1.165,0.146,-1.019,-74.973125,38.967778,8536110,NOAA_NOS,IAN,2022,1680.0
2022-09-26 05:00:00,-0.177,-1.117,-0.94,-74.973125,38.967778,8536110,NOAA_NOS,IAN,2022,1740.0
2022-09-26 06:00:00,-1.168,-2.098,-0.93,-74.973125,38.967778,8536110,NOAA_NOS,IAN,2022,1800.0
2022-09-26 07:00:00,-1.831,-2.557,-0.726,-74.973125,38.967778,8536110,NOAA_NOS,IAN,2022,1860.0
2022-09-26 08:00:00,-1.575,-2.243,-0.6679999999999999,-74.973125,38.967778,8536110,NOAA_NOS,IAN,2022,1920.0
2022-09-26 09:00:00,-0.873,-1.34,-0.4670000000000001,-74.973125,38.967778,8536110,NOAA_NOS,IAN,2022,1980.0
2022-09-26 10:00:00,0.138,-0.117,-0.255,-74.973125,38.967778,8536110,NOAA_NOS,IAN,2022,2040.0
2022-09-26 11:00:00,1.608,1.166,-0.4420000000000001,-74.973125,38.967778,8536110,NOAA_NOS,IAN,2022,2100.0
2022-09-26 12:00:00,2.772,2.164,-0.6079999999999997,-74.973125,38.967778,8536110,NOAA_NOS,IAN,2022,2160.0
2022-09-26 13:00:00,3.57,2.66,-0.9099999999999996,-74.973125,38.967778,8536110,NOAA_NOS,IAN,2022,2220.0
2022-09-26 14:00:00,3.734,2.506,-1.2280000000000002,-74.973125,38.967778,8536110,NOAA_NOS,IAN,2022,2280.0
2022-09-26 15:00:00,2.972,1.748,-1.224,-74.973125,38.967778,8536110,NOAA_NOS,IAN,2022,2340.0
2022-09-26 16:00:00,1.788,0.603,-1.185,-74.973125,38.967778,8536110,NOAA_NOS,IAN,2022,2400.0
2022-09-26 17:00:00,0.44,-0.74,-1.18,-74.973125,38.967778,8536110,NOAA_NOS,IAN,2022,2460.0
2022-09-26 18:00:00,-0.748,-1.911,-1.163,-74.973125,38.967778,8536110,NOAA_NOS,IAN,2022,2520.0
2022-09-26 19:00:00,-1.496,-2.629,-1.133,-74.973125,38.967778,8536110,NOAA_NOS,IAN,2022,2580.0
2022-09-26 20:00:00,-1.591,-2.626,-1.035,-74.973125,38.967778,8536110,NOAA_NOS,IAN,2022,2640.0
2022-09-26 21:00:00,-1.152,-1.897,-0.7450000000000001,-74.973125,38.967778,8536110,NOAA_NOS,IAN,2022,2700.0
2022-09-26 22:00:00,-0.276,-0.735,-0.4589999999999999,-74.973125,38.967778,8536110,NOAA_NOS,IAN,2022,2760.0
2022-09-26 23:00:00,0.902,0.556,-0.346,-74.973125,38.967778,8536110,NOAA_NOS,IAN,2022,2820.0
2022-09-27 00:00:00,2.008,1.699,-0.3089999999999999,-74.973125,38.967778,8536110,NOAA_NOS,IAN,2022,2880.0
2022-09-27 01:00:00,2.808,2.402,-0.4059999999999997,-74.973125,38.967778,8536110,NOAA_NOS,IAN,2022,2940.0
2022-09-27 02:00:00,3.048,2.496,-0.552,-74.973125,38.967778,8536110,NOAA_NOS,IAN,2022,3000.0
2022-09-27 03:00:00,2.441,1.932,-0.5089999999999999,-74.973125,38.967778,8536110,NOAA_NOS,IAN,2022,3060.0
2022-09-27 04:00:00,1.375,0.901,-0.474,-74.973125,38.967778,8536110,NOAA_NOS,IAN,2022,3120.0
2022-09-27 05:00:00,0.072,-0.396,-0.468,-74.973125,38.967778,8536110,NOAA_NOS,IAN,2022,3180.0
2022-09-27 06:00:00,-1.204,-1.624,-0.4200000000000001,-74.973125,38.967778,8536110,NOAA_NOS,IAN,2022,3240.0
2022-09-27 07:00:00,-1.985,-2.47,-0.4850000000000001,-74.973125,38.967778,8536110,NOAA_NOS,IAN,2022,3300.0
2022-09-27 08:00:00,-2.123,-2.651,-0.5279999999999996,-74.973125,38.967778,8536110,NOAA_NOS,IAN,2022,3360.0
2022-09-27 09:00:00,-1.542,-2.038,-0.4959999999999998,-74.973125,38.967778,8536110,NOAA_NOS,IAN,2022,3420.0
2022-09-27 10:00:00,-0.627,-0.9,-0.273,-74.973125,38.967778,8536110,NOAA_NOS,IAN,2022,3480.0
2022-09-27 11:00:00,0.623,0.446,-0.177,-74.973125,38.967778,8536110,NOAA_NOS,IAN,2022,3540.0
2022-09-27 12:00:00,1.978,1.741,-0.2369999999999998,-74.973125,38.967778,8536110,NOAA_NOS,IAN,2022,3600.0
2022-09-27 13:00:00,3.084,2.626,-0.4580000000000002,-74.973125,38.967778,8536110,NOAA_NOS,IAN,2022,3660.0
2022-09-27 14:00:00,3.665,2.916,-0.7490000000000001,-74.973125,38.967778,8536110,NOAA_NOS,IAN,2022,3720.0
2022-09-27 15:00:00,3.363,2.509,-0.8540000000000001,-74.973125,38.967778,8536110,NOAA_NOS,IAN,2022,3780.0
2022-09-27 16:00:00,2.425,1.547,-0.8779999999999999,-74.973125,38.967778,8536110,NOAA_NOS,IAN,2022,3840.0
2022-09-27 17:00:00,1.102,0.243,-0.8590000000000001,-74.973125,38.967778,8536110,NOAA_NOS,IAN,2022,3900.0
2022-09-27 18:00:00,-0.154,-1.14,-0.986,-74.973125,38.967778,8536110,NOAA_NOS,IAN,2022,3960.0
2022-09-27 19:00:00,-1.171,-2.238,-1.067,-74.973125,38.967778,8536110,NOAA_NOS,IAN,2022,4020.0
2022-09-27 20:00:00,-1.791,-2.798,-1.007,-74.973125,38.967778,8536110,NOAA_NOS,IAN,2022,4080.0
2022-09-27 21:00:00,-1.594,-2.538,-0.9439999999999996,-74.973125,38.967778,8536110,NOAA_NOS,IAN,2022,4140.0
2022-09-27 22:00:00,-0.896,-1.641,-0.745,-74.973125,38.967778,8536110,NOAA_NOS,IAN,2022,4200.0
2022-09-27 23:00:00,0.089,-0.406,-0.495,-74.973125,38.967778,8536110,NOAA_NOS,IAN,2022,4260.0
2022-09-28 00:00:00,1.257,0.888,-0.3689999999999999,-74.973125,38.967778,8536110,NOAA_NOS,IAN,2022,4320.0
2022-09-28 01:00:00,2.247,1.907,-0.3399999999999998,-74.973125,38.967778,8536110,NOAA_NOS,IAN,2022,4380.0
2022-09-28 02:00:00,2.799,2.439,-0.3599999999999999,-74.973125,38.967778,8536110,NOAA_NOS,IAN,2022,4440.0
2022-09-28 03:00:00,2.71,2.311,-0.399,-74.973125,38.967778,8536110,NOAA_NOS,IAN,2022,4500.0
2022-09-28 04:00:00,2.041,1.568,-0.4729999999999998,-74.973125,38.967778,8536110,NOAA_NOS,IAN,2022,4560.0
2022-09-28 05:00:00,0.922,0.434,-0.488,-74.973125,38.967778,8536110,NOAA_NOS,IAN,2022,4620.0
2022-09-28 06:00:00,-0.472,-0.885,-0.413,-74.973125,38.967778,8536110,NOAA_NOS,IAN,2022,4680.0
2022-09-28 07:00:00,-1.67,-2.012,-0.3420000000000001,-74.973125,38.967778,8536110,NOAA_NOS,IAN,2022,4740.0
2022-09-28 08:00:00,-2.267,-2.665,-0.3980000000000001,-74.973125,38.967778,8536110,NOAA_NOS,IAN,2022,4800.0
2022-09-28 09:00:00,-2.057,-2.553,-0.496,-74.973125,38.967778,8536110,NOAA_NOS,IAN,2022,4860.0
2022-09-28 10:00:00,-1.283,-1.714,-0.431,-74.973125,38.967778,8536110,NOAA_NOS,IAN,2022,4920.0
2022-09-28 11:00:00,-0.253,-0.445,-0.192,-74.973125,38.967778,8536110,NOAA_NOS,IAN,2022,4980.0
2022-09-28 12:00:00,1.04,0.964,-0.076,-74.973125,38.967778,8536110,NOAA_NOS,IAN,2022,5040.0
2022-09-28 13:00:00,2.316,2.186,-0.1299999999999999,-74.973125,38.967778,8536110,NOAA_NOS,IAN,2022,5100.0
2022-09-28 14:00:00,3.205,2.924,-0.2810000000000001,-74.973125,38.967778,8536110,NOAA_NOS,IAN,2022,5160.0
2022-09-28 15:00:00,3.435,3.005,-0.4300000000000001,-74.973125,38.967778,8536110,NOAA_NOS,IAN,2022,5220.0
2022-09-28 16:00:00,2.871,2.397,-0.4740000000000002,-74.973125,38.967778,8536110,NOAA_NOS,IAN,2022,5280.0
2022-09-28 17:00:00,1.706,1.306,-0.3999999999999999,-74.973125,38.967778,8536110,NOAA_NOS,IAN,2022,5340.0
2022-09-28 18:00:00,0.338,-0.088,-0.426,-74.973125,38.967778,8536110,NOAA_NOS,IAN,2022,5400.0
2022-09-28 19:00:00,-0.899,-1.445,-0.546,-74.973125,38.967778,8536110,NOAA_NOS,IAN,2022,5460.0
2022-09-28 20:00:00,-1.906,-2.443,-0.5370000000000001,-74.973125,38.967778,8536110,NOAA_NOS,IAN,2022,5520.0
2022-09-28 21:00:00,-2.277,-2.816,-0.5389999999999997,-74.973125,38.967778,8536110,NOAA_NOS,IAN,2022,5580.0
2022-09-28 22:00:00,-1.906,-2.362,-0.4560000000000002,-74.973125,38.967778,8536110,NOAA_NOS,IAN,2022,5640.0
2022-09-28 23:00:00,-1.165,-1.357,-0.1919999999999999,-74.973125,38.967778,8536110,NOAA_NOS,IAN,2022,5700.0
2022-09-29 00:00:00,-0.075,-0.116,-0.041,-74.973125,38.967778,8536110,NOAA_NOS,IAN,2022,5760.0
2022-09-29 01:00:00,1.102,1.115,0.0129999999999999,-74.973125,38.967778,8536110,NOAA_NOS,IAN,2022,5820.0
2022-09-29 02:00:00,2.005,2.008,0.0030000000000001,-74.973125,38.967778,8536110,NOAA_NOS,IAN,2022,5880.0
2022-09-29 03:00:00,2.454,2.355,-0.0990000000000002,-74.973125,38.967778,8536110,NOAA_NOS,IAN,2022,5940.0
2022-09-29 04:00:00,2.192,2.044,-0.1480000000000001,-74.973125,38.967778,8536110,NOAA_NOS,IAN,2022,6000.0
2022-09-29 05:00:00,1.355,1.194,-0.161,-74.973125,38.967778,8536110,NOAA_NOS,IAN,2022,6060.0
2022-09-29 06:00:00,0.2,0.02,-0.18,-74.973125,38.967778,8536110,NOAA_NOS,IAN,2022,6120.0
2022-09-29 07:00:00,-0.951,-1.232,-0.281,-74.973125,38.967778,8536110,NOAA_NOS,IAN,2022,6180.0
2022-09-29 08:00:00,-1.781,-2.202,-0.421,-74.973125,38.967778,8536110,NOAA_NOS,IAN,2022,6240.0
2022-09-29 09:00:00,-2.156,-2.616,-0.4599999999999999,-74.973125,38.967778,8536110,NOAA_NOS,IAN,2022,6300.0
2022-09-29 10:00:00,-1.706,-2.228,-0.5220000000000002,-74.973125,38.967778,8536110,NOAA_NOS,IAN,2022,6360.0
2022-09-29 11:00:00,-0.981,-1.25,-0.269,-74.973125,38.967778,8536110,NOAA_NOS,IAN,2022,6420.0
2022-09-29 12:00:00,0.125,0.046,-0.079,-74.973125,38.967778,8536110,NOAA_NOS,IAN,2022,6480.0
2022-09-29 13:00:00,1.529,1.42,-0.1089999999999999,-74.973125,38.967778,8536110,NOAA_NOS,IAN,2022,6540.0
2022-09-29 14:00:00,2.743,2.523,-0.2199999999999997,-74.973125,38.967778,8536110,NOAA_NOS,IAN,2022,6600.0
2022-09-29 15:00:00,3.514,3.113,-0.4009999999999998,-74.973125,38.967778,8536110,NOAA_NOS,IAN,2022,6660.0
2022-09-29 16:00:00,3.684,3.021,-0.6630000000000003,-74.973125,38.967778,8536110,NOAA_NOS,IAN,2022,6720.0
2022-09-29 17:00:00,3.215,2.314,-0.9009999999999998,-74.973125,38.967778,8536110,NOAA_NOS,IAN,2022,6780.0
2022-09-29 18:00:00,2.09,1.164,-0.926,-74.973125,38.967778,8536110,NOAA_NOS,IAN,2022,6840.0
2022-09-29 19:00:00,0.764,-0.224,-0.988,-74.973125,38.967778,8536110,NOAA_NOS,IAN,2022,6900.0
2022-09-29 20:00:00,-0.482,-1.523,-1.041,-74.973125,38.967778,8536110,NOAA_NOS,IAN,2022,6960.0
2022-09-29 21:00:00,-1.358,-2.434,-1.076,-74.973125,38.967778,8536110,NOAA_NOS,IAN,2022,7020.0
2022-09-29 22:00:00,-1.575,-2.689,-1.114,-74.973125,38.967778,8536110,NOAA_NOS,IAN,2022,7080.0
2022-09-29 23:00:00,-1.109,-2.131,-1.0219999999999998,-74.973125,38.967778,8536110,NOAA_NOS,IAN,2022,7140.0
2022-09-30 00:00:00,-0.328,-1.068,-0.74,-74.973125,38.967778,8536110,NOAA_NOS,IAN,2022,7200.0
2022-09-30 01:00:00,0.627,0.157,-0.47,-74.973125,38.967778,8536110,NOAA_NOS,IAN,2022,7260.0
2022-09-30 02:00:00,1.677,1.318,-0.359,-74.973125,38.967778,8536110,NOAA_NOS,IAN,2022,7320.0
2022-09-30 03:00:00,2.457,2.1,-0.3569999999999997,-74.973125,38.967778,8536110,NOAA_NOS,IAN,2022,7380.0
2022-09-30 04:00:00,2.841,2.305,-0.536,-74.973125,38.967778,8536110,NOAA_NOS,IAN,2022,7440.0
2022-09-30 05:00:00,2.582,1.852,-0.7299999999999998,-74.973125,38.967778,8536110,NOAA_NOS,IAN,2022,7500.0
2022-09-30 06:00:00,1.677,0.916,-0.761,-74.973125,38.967778,8536110,NOAA_NOS,IAN,2022,7560.0
2022-09-30 07:00:00,0.522,-0.271,-0.793,-74.973125,38.967778,8536110,NOAA_NOS,IAN,2022,7620.0
2022-09-30 08:00:00,-0.479,-1.429,-0.95,-74.973125,38.967778,8536110,NOAA_NOS,IAN,2022,7680.0
2022-09-30 09:00:00,-1.129,-2.258,-1.129,-74.973125,38.967778,8536110,NOAA_NOS,IAN,2022,7740.0
2022-09-30 10:00:00,-1.171,-2.505,-1.334,-74.973125,38.967778,8536110,NOAA_NOS,IAN,2022,7800.0
2022-09-30 11:00:00,-0.797,-1.979,-1.182,-74.973125,38.967778,8536110,NOAA_NOS,IAN,2022,7860.0
2022-09-30 12:00:00,-0.033,-0.917,-0.884,-74.973125,38.967778,8536110,NOAA_NOS,IAN,2022,7920.0
2022-09-30 13:00:00,1.043,0.377,-0.6659999999999999,-74.973125,38.967778,8536110,NOAA_NOS,IAN,2022,7980.0
2022-09-30 14:00:00,2.293,1.699,-0.5940000000000001,-74.973125,38.967778,8536110,NOAA_NOS,IAN,2022,8040.0
2022-09-30 15:00:00,3.425,2.67,-0.7549999999999999,-74.973125,38.967778,8536110,NOAA_NOS,IAN,2022,8100.0
2022-09-30 16:00:00,4.045,3.114,-0.931,-74.973125,38.967778,8536110,NOAA_NOS,IAN,2022,8160.0
2022-09-30 17:00:00,3.842,2.899,-0.943,-74.973125,38.967778,8536110,NOAA_NOS,IAN,2022,8220.0
2022-09-30 18:00:00,3.307,2.163,-1.144,-74.973125,38.967778,8536110,NOAA_NOS,IAN,2022,8280.0
2022-09-30 19:00:00,2.333,0.993,-1.3400000000000003,-74.973125,38.967778,8536110,NOAA_NOS,IAN,2022,8340.0
2022-09-30 20:00:00,1.237,-0.35,-1.5870000000000002,-74.973125,38.967778,8536110,NOAA_NOS,IAN,2022,8400.0
2022-09-30 21:00:00,0.121,-1.523,-1.644,-74.973125,38.967778,8536110,NOAA_NOS,IAN,2022,8460.0
2022-09-30 22:00:00,-0.571,-2.295,-1.724,-74.973125,38.967778,8536110,NOAA_NOS,IAN,2022,8520.0
2022-09-30 23:00:00,-0.768,-2.414,-1.646,-74.973125,38.967778,8536110,NOAA_NOS,IAN,2022,8580.0
2022-10-01 00:00:00,-0.174,-1.84,-1.666,-74.973125,38.967778,8536110,NOAA_NOS,IAN,2022,8640.0
2022-10-01 01:00:00,0.41,-0.855,-1.265,-74.973125,38.967778,8536110,NOAA_NOS,IAN,2022,8700.0
2022-10-01 02:00:00,1.309,0.261,-1.048,-74.973125,38.967778,8536110,NOAA_NOS,IAN,2022,8760.0
2022-10-01 03:00:00,2.408,1.32,-1.088,-74.973125,38.967778,8536110,NOAA_NOS,IAN,2022,8820.0
2022-10-01 04:00:00,3.232,2.094,-1.1380000000000003,-74.973125,38.967778,8536110,NOAA_NOS,IAN,2022,8880.0
2022-10-01 05:00:00,3.56,2.309,-1.251,-74.973125,38.967778,8536110,NOAA_NOS,IAN,2022,8940.0
2022-10-01 06:00:00,3.392,1.837,-1.555,-74.973125,38.967778,8536110,NOAA_NOS,IAN,2022,9000.0
2022-10-01 07:00:00,2.579,0.853,-1.7260000000000002,-74.973125,38.967778,8536110,NOAA_NOS,IAN,2022,9060.0
2022-10-01 08:00:00,1.759,-0.397,-2.156,-74.973125,38.967778,8536110,NOAA_NOS,IAN,2022,9120.0
2022-10-01 09:00:00,0.981,-1.535,-2.516,-74.973125,38.967778,8536110,NOAA_NOS,IAN,2022,9180.0
2022-10-01 10:00:00,0.18,-2.223,-2.403,-74.973125,38.967778,8536110,NOAA_NOS,IAN,2022,9240.0
2022-10-01 11:00:00,0.089,-2.23,-2.319,-74.973125,38.967778,8536110,NOAA_NOS,IAN,2022,9300.0
2022-10-01 12:00:00,0.243,-1.592,-1.835,-74.973125,38.967778,8536110,NOAA_NOS,IAN,2022,9360.0
2022-10-01 13:00:00,0.755,-0.52,-1.275,-74.973125,38.967778,8536110,NOAA_NOS,IAN,2022,9420.0
2022-10-01 14:00:00,1.742,0.797,-0.945,-74.973125,38.967778,8536110,NOAA_NOS,IAN,2022,9480.0
2022-10-01 15:00:00,2.822,2.124,-0.698,-74.973125,38.967778,8536110,NOAA_NOS,IAN,2022,9540.0
2022-10-01 16:00:00,3.832,3.028,-0.8039999999999998,-74.973125,38.967778,8536110,NOAA_NOS,IAN,2022,9600.0
2022-10-01 17:00:00,4.236,3.25,-0.9859999999999998,-74.973125,38.967778,8536110,NOAA_NOS,IAN,2022,9660.0
2022-10-01 18:00:00,4.121,2.662,-1.4590000000000003,-74.973125,38.967778,8536110,NOAA_NOS,IAN,2022,9720.0
2022-10-01 19:00:00,3.51,1.716,-1.7939999999999998,-74.973125,38.967778,8536110,NOAA_NOS,IAN,2022,9780.0
2022-10-01 20:00:00,2.497,0.534,-1.963,-74.973125,38.967778,8536110,NOAA_NOS,IAN,2022,9840.0
2022-10-01 21:00:00,1.276,-0.692,-1.968,-74.973125,38.967778,8536110,NOAA_NOS,IAN,2022,9900.0
2022-10-01 22:00:00,0.315,-1.662,-1.977,-74.973125,38.967778,8536110,NOAA_NOS,IAN,2022,9960.0
2022-10-01 23:00:00,-0.253,-2.246,-1.993,-74.973125,38.967778,8536110,NOAA_NOS,IAN,2022,10020.0
2022-09-25 01:00:00,3.327,2.665,-0.6619999999999999,-75.37668,39.30539,8537121,NOAA_NOS,IAN,2022,60.0
2022-09-25 02:00:00,3.589,2.952,-0.637,-75.37668,39.30539,8537121,NOAA_NOS,IAN,2022,120.0
2022-09-25 03:00:00,3.133,2.245,-0.8879999999999999,-75.37668,39.30539,8537121,NOAA_NOS,IAN,2022,180.0
2022-09-25 04:00:00,2.057,1.135,-0.922,-75.37668,39.30539,8537121,NOAA_NOS,IAN,2022,240.0
2022-09-25 05:00:00,0.794,0.046,-0.748,-75.37668,39.30539,8537121,NOAA_NOS,IAN,2022,300.0
2022-09-25 06:00:00,-0.417,-0.962,-0.5449999999999999,-75.37668,39.30539,8537121,NOAA_NOS,IAN,2022,360.0
2022-09-25 07:00:00,-1.437,-1.862,-0.425,-75.37668,39.30539,8537121,NOAA_NOS,IAN,2022,420.0
2022-09-25 08:00:00,-2.142,-2.516,-0.3740000000000001,-75.37668,39.30539,8537121,NOAA_NOS,IAN,2022,480.0
2022-09-25 09:00:00,-2.461,-2.531,-0.0700000000000002,-75.37668,39.30539,8537121,NOAA_NOS,IAN,2022,540.0
2022-09-25 10:00:00,-1.611,-1.395,0.2159999999999999,-75.37668,39.30539,8537121,NOAA_NOS,IAN,2022,600.0
2022-09-25 11:00:00,-0.148,-0.072,0.076,-75.37668,39.30539,8537121,NOAA_NOS,IAN,2022,660.0
2022-09-25 12:00:00,1.214,1.245,0.0310000000000001,-75.37668,39.30539,8537121,NOAA_NOS,IAN,2022,720.0
2022-09-25 13:00:00,2.221,2.353,0.1320000000000001,-75.37668,39.30539,8537121,NOAA_NOS,IAN,2022,780.0
2022-09-25 14:00:00,2.881,2.903,0.0220000000000002,-75.37668,39.30539,8537121,NOAA_NOS,IAN,2022,840.0
2022-09-25 15:00:00,2.894,2.526,-0.3680000000000003,-75.37668,39.30539,8537121,NOAA_NOS,IAN,2022,900.0
2022-09-25 16:00:00,2.057,1.427,-0.6299999999999999,-75.37668,39.30539,8537121,NOAA_NOS,IAN,2022,960.0
2022-09-25 17:00:00,0.722,0.282,-0.44,-75.37668,39.30539,8537121,NOAA_NOS,IAN,2022,1020.0
2022-09-25 18:00:00,-0.587,-0.745,-0.158,-75.37668,39.30539,8537121,NOAA_NOS,IAN,2022,1080.0
2022-09-25 19:00:00,-1.719,-1.709,0.01,-75.37668,39.30539,8537121,NOAA_NOS,IAN,2022,1140.0
2022-09-25 20:00:00,-2.595,-2.479,0.1160000000000001,-75.37668,39.30539,8537121,NOAA_NOS,IAN,2022,1200.0
2022-09-25 21:00:00,-3.107,-2.794,0.3130000000000001,-75.37668,39.30539,8537121,NOAA_NOS,IAN,2022,1260.0
2022-09-25 22:00:00,-2.264,-1.883,0.3809999999999998,-75.37668,39.30539,8537121,NOAA_NOS,IAN,2022,1320.0
2022-09-25 23:00:00,-0.791,-0.569,0.2220000000000001,-75.37668,39.30539,8537121,NOAA_NOS,IAN,2022,1380.0
2022-09-26 00:00:00,0.804,0.854,0.0499999999999999,-75.37668,39.30539,8537121,NOAA_NOS,IAN,2022,1440.0
2022-09-26 01:00:00,2.231,2.1,-0.1309999999999997,-75.37668,39.30539,8537121,NOAA_NOS,IAN,2022,1500.0
2022-09-26 02:00:00,3.238,2.913,-0.3250000000000002,-75.37668,39.30539,8537121,NOAA_NOS,IAN,2022,1560.0
2022-09-26 03:00:00,3.435,2.904,-0.5310000000000001,-75.37668,39.30539,8537121,NOAA_NOS,IAN,2022,1620.0
2022-09-26 04:00:00,2.694,1.897,-0.7969999999999999,-75.37668,39.30539,8537121,NOAA_NOS,IAN,2022,1680.0
2022-09-26 05:00:00,1.529,0.735,-0.7939999999999999,-75.37668,39.30539,8537121,NOAA_NOS,IAN,2022,1740.0
2022-09-26 06:00:00,0.358,-0.366,-0.724,-75.37668,39.30539,8537121,NOAA_NOS,IAN,2022,1800.0
2022-09-26 07:00:00,-0.784,-1.372,-0.5880000000000001,-75.37668,39.30539,8537121,NOAA_NOS,IAN,2022,1860.0
2022-09-26 08:00:00,-1.703,-2.231,-0.5279999999999998,-75.37668,39.30539,8537121,NOAA_NOS,IAN,2022,1920.0
2022-09-26 09:00:00,-2.339,-2.754,-0.415,-75.37668,39.30539,8537121,NOAA_NOS,IAN,2022,1980.0
2022-09-26 10:00:00,-1.903,-2.268,-0.3649999999999997,-75.37668,39.30539,8537121,NOAA_NOS,IAN,2022,2040.0
2022-09-26 11:00:00,-0.538,-0.936,-0.398,-75.37668,39.30539,8537121,NOAA_NOS,IAN,2022,2100.0
2022-09-26 12:00:00,1.099,0.525,-0.574,-75.37668,39.30539,8537121,NOAA_NOS,IAN,2022,2160.0
2022-09-26 13:00:00,2.53,1.883,-0.6469999999999998,-75.37668,39.30539,8537121,NOAA_NOS,IAN,2022,2220.0
2022-09-26 14:00:00,3.576,2.89,-0.6859999999999999,-75.37668,39.30539,8537121,NOAA_NOS,IAN,2022,2280.0
2022-09-26 15:00:00,4.062,3.177,-0.8850000000000002,-75.37668,39.30539,8537121,NOAA_NOS,IAN,2022,2340.0
2022-09-26 16:00:00,3.747,2.381,-1.366,-75.37668,39.30539,8537121,NOAA_NOS,IAN,2022,2400.0
2022-09-26 17:00:00,2.628,1.189,-1.439,-75.37668,39.30539,8537121,NOAA_NOS,IAN,2022,2460.0
2022-09-26 18:00:00,1.178,0.029,-1.149,-75.37668,39.30539,8537121,NOAA_NOS,IAN,2022,2520.0
2022-09-26 19:00:00,-0.089,-1.043,-0.954,-75.37668,39.30539,8537121,NOAA_NOS,IAN,2022,2580.0
2022-09-26 20:00:00,-1.125,-2.003,-0.8780000000000001,-75.37668,39.30539,8537121,NOAA_NOS,IAN,2022,2640.0
2022-09-26 21:00:00,-1.89,-2.728,-0.8380000000000003,-75.37668,39.30539,8537121,NOAA_NOS,IAN,2022,2700.0
2022-09-26 22:00:00,-2.044,-2.811,-0.7669999999999999,-75.37668,39.30539,8537121,NOAA_NOS,IAN,2022,2760.0
2022-09-26 23:00:00,-1.05,-1.598,-0.548,-75.37668,39.30539,8537121,NOAA_NOS,IAN,2022,2820.0
2022-09-27 00:00:00,0.384,-0.19,-0.5740000000000001,-75.37668,39.30539,8537121,NOAA_NOS,IAN,2022,2880.0
2022-09-27 01:00:00,1.778,1.244,-0.534,-75.37668,39.30539,8537121,NOAA_NOS,IAN,2022,2940.0
2022-09-27 02:00:00,2.854,2.434,-0.4199999999999999,-75.37668,39.30539,8537121,NOAA_NOS,IAN,2022,3000.0
2022-09-27 03:00:00,3.343,3.031,-0.3119999999999998,-75.37668,39.30539,8537121,NOAA_NOS,IAN,2022,3060.0
2022-09-27 04:00:00,3.127,2.642,-0.4849999999999999,-75.37668,39.30539,8537121,NOAA_NOS,IAN,2022,3120.0
2022-09-27 05:00:00,2.087,1.487,-0.6000000000000001,-75.37668,39.30539,8537121,NOAA_NOS,IAN,2022,3180.0
2022-09-27 06:00:00,0.758,0.289,-0.469,-75.37668,39.30539,8537121,NOAA_NOS,IAN,2022,3240.0
2022-09-27 07:00:00,-0.499,-0.785,-0.286,-75.37668,39.30539,8537121,NOAA_NOS,IAN,2022,3300.0
2022-09-27 08:00:00,-1.581,-1.778,-0.197,-75.37668,39.30539,8537121,NOAA_NOS,IAN,2022,3360.0
2022-09-27 09:00:00,-2.369,-2.564,-0.1949999999999998,-75.37668,39.30539,8537121,NOAA_NOS,IAN,2022,3420.0
2022-09-27 10:00:00,-2.671,-2.855,-0.1840000000000001,-75.37668,39.30539,8537121,NOAA_NOS,IAN,2022,3480.0
2022-09-27 11:00:00,-1.634,-1.809,-0.175,-75.37668,39.30539,8537121,NOAA_NOS,IAN,2022,3540.0
2022-09-27 12:00:00,-0.144,-0.401,-0.257,-75.37668,39.30539,8537121,NOAA_NOS,IAN,2022,3600.0
2022-09-27 13:00:00,1.467,1.129,-0.3380000000000001,-75.37668,39.30539,8537121,NOAA_NOS,IAN,2022,3660.0
2022-09-27 14:00:00,2.792,2.482,-0.3099999999999996,-75.37668,39.30539,8537121,NOAA_NOS,IAN,2022,3720.0
2022-09-27 15:00:00,3.681,3.315,-0.3660000000000001,-75.37668,39.30539,8537121,NOAA_NOS,IAN,2022,3780.0
2022-09-27 16:00:00,3.858,3.253,-0.605,-75.37668,39.30539,8537121,NOAA_NOS,IAN,2022,3840.0
2022-09-27 17:00:00,3.163,2.15,-1.013,-75.37668,39.30539,8537121,NOAA_NOS,IAN,2022,3900.0
2022-09-27 18:00:00,1.824,0.905,-0.919,-75.37668,39.30539,8537121,NOAA_NOS,IAN,2022,3960.0
2022-09-27 19:00:00,0.456,-0.249,-0.7050000000000001,-75.37668,39.30539,8537121,NOAA_NOS,IAN,2022,4020.0
2022-09-27 20:00:00,-0.633,-1.329,-0.696,-75.37668,39.30539,8537121,NOAA_NOS,IAN,2022,4080.0
2022-09-27 21:00:00,-1.673,-2.264,-0.5909999999999997,-75.37668,39.30539,8537121,NOAA_NOS,IAN,2022,4140.0
2022-09-27 22:00:00,-2.267,-2.892,-0.625,-75.37668,39.30539,8537121,NOAA_NOS,IAN,2022,4200.0
2022-09-27 23:00:00,-2.067,-2.62,-0.5529999999999999,-75.37668,39.30539,8537121,NOAA_NOS,IAN,2022,4260.0
2022-09-28 00:00:00,-0.778,-1.269,-0.4909999999999999,-75.37668,39.30539,8537121,NOAA_NOS,IAN,2022,4320.0
2022-09-28 01:00:00,0.738,0.207,-0.531,-75.37668,39.30539,8537121,NOAA_NOS,IAN,2022,4380.0
2022-09-28 02:00:00,2.018,1.586,-0.4319999999999997,-75.37668,39.30539,8537121,NOAA_NOS,IAN,2022,4440.0
2022-09-28 03:00:00,2.877,2.633,-0.2439999999999997,-75.37668,39.30539,8537121,NOAA_NOS,IAN,2022,4500.0
2022-09-28 04:00:00,3.035,2.972,-0.0630000000000001,-75.37668,39.30539,8537121,NOAA_NOS,IAN,2022,4560.0
2022-09-28 05:00:00,2.49,2.221,-0.2690000000000001,-75.37668,39.30539,8537121,NOAA_NOS,IAN,2022,4620.0
2022-09-28 06:00:00,1.414,1.045,-0.369,-75.37668,39.30539,8537121,NOAA_NOS,IAN,2022,4680.0
2022-09-28 07:00:00,0.187,-0.117,-0.304,-75.37668,39.30539,8537121,NOAA_NOS,IAN,2022,4740.0
2022-09-28 08:00:00,-0.981,-1.178,-0.1969999999999999,-75.37668,39.30539,8537121,NOAA_NOS,IAN,2022,4800.0
2022-09-28 09:00:00,-2.028,-2.113,-0.0849999999999999,-75.37668,39.30539,8537121,NOAA_NOS,IAN,2022,4860.0
2022-09-28 10:00:00,-2.717,-2.786,-0.0689999999999999,-75.37668,39.30539,8537121,NOAA_NOS,IAN,2022,4920.0
2022-09-28 11:00:00,-2.592,-2.706,-0.1139999999999998,-75.37668,39.30539,8537121,NOAA_NOS,IAN,2022,4980.0
2022-09-28 12:00:00,-1.161,-1.368,-0.207,-75.37668,39.30539,8537121,NOAA_NOS,IAN,2022,5040.0
2022-09-28 13:00:00,0.377,0.147,-0.23,-75.37668,39.30539,8537121,NOAA_NOS,IAN,2022,5100.0
2022-09-28 14:00:00,1.808,1.665,-0.143,-75.37668,39.30539,8537121,NOAA_NOS,IAN,2022,5160.0
2022-09-28 15:00:00,2.943,2.938,-0.0049999999999998,-75.37668,39.30539,8537121,NOAA_NOS,IAN,2022,5220.0
2022-09-28 16:00:00,3.599,3.537,-0.0620000000000002,-75.37668,39.30539,8537121,NOAA_NOS,IAN,2022,5280.0
2022-09-28 17:00:00,3.504,3.132,-0.3719999999999999,-75.37668,39.30539,8537121,NOAA_NOS,IAN,2022,5340.0
2022-09-28 18:00:00,2.451,1.915,-0.536,-75.37668,39.30539,8537121,NOAA_NOS,IAN,2022,5400.0
2022-09-28 19:00:00,1.043,0.66,-0.3829999999999999,-75.37668,39.30539,8537121,NOAA_NOS,IAN,2022,5460.0
2022-09-28 20:00:00,-0.236,-0.499,-0.263,-75.37668,39.30539,8537121,NOAA_NOS,IAN,2022,5520.0
2022-09-28 21:00:00,-1.329,-1.557,-0.2279999999999999,-75.37668,39.30539,8537121,NOAA_NOS,IAN,2022,5580.0
2022-09-28 22:00:00,-2.257,-2.443,-0.1859999999999999,-75.37668,39.30539,8537121,NOAA_NOS,IAN,2022,5640.0
2022-09-28 23:00:00,-2.707,-2.947,-0.2400000000000002,-75.37668,39.30539,8537121,NOAA_NOS,IAN,2022,5700.0
2022-09-29 00:00:00,-2.156,-2.301,-0.145,-75.37668,39.30539,8537121,NOAA_NOS,IAN,2022,5760.0
2022-09-29 01:00:00,-0.807,-0.932,-0.125,-75.37668,39.30539,8537121,NOAA_NOS,IAN,2022,5820.0
2022-09-29 02:00:00,0.63,0.538,-0.0919999999999999,-75.37668,39.30539,8537121,NOAA_NOS,IAN,2022,5880.0
2022-09-29 03:00:00,1.788,1.827,0.0389999999999999,-75.37668,39.30539,8537121,NOAA_NOS,IAN,2022,5940.0
2022-09-29 04:00:00,2.523,2.703,0.1799999999999997,-75.37668,39.30539,8537121,NOAA_NOS,IAN,2022,6000.0
2022-09-29 05:00:00,2.608,2.776,0.1679999999999997,-75.37668,39.30539,8537121,NOAA_NOS,IAN,2022,6060.0
2022-09-29 06:00:00,1.886,1.806,-0.0799999999999998,-75.37668,39.30539,8537121,NOAA_NOS,IAN,2022,6120.0
2022-09-29 07:00:00,0.659,0.641,-0.018,-75.37668,39.30539,8537121,NOAA_NOS,IAN,2022,6180.0
2022-09-29 08:00:00,-0.522,-0.463,0.059,-75.37668,39.30539,8537121,NOAA_NOS,IAN,2022,6240.0
2022-09-29 09:00:00,-1.568,-1.463,0.1049999999999999,-75.37668,39.30539,8537121,NOAA_NOS,IAN,2022,6300.0
2022-09-29 10:00:00,-2.428,-2.311,0.1169999999999999,-75.37668,39.30539,8537121,NOAA_NOS,IAN,2022,6360.0
2022-09-29 11:00:00,-2.779,-2.798,-0.0190000000000001,-75.37668,39.30539,8537121,NOAA_NOS,IAN,2022,6420.0
2022-09-29 12:00:00,-2.136,-2.17,-0.0339999999999998,-75.37668,39.30539,8537121,NOAA_NOS,IAN,2022,6480.0
2022-09-29 13:00:00,-0.748,-0.811,-0.063,-75.37668,39.30539,8537121,NOAA_NOS,IAN,2022,6540.0
2022-09-29 14:00:00,0.791,0.718,-0.073,-75.37668,39.30539,8537121,NOAA_NOS,IAN,2022,6600.0
2022-09-29 15:00:00,2.27,2.163,-0.1070000000000002,-75.37668,39.30539,8537121,NOAA_NOS,IAN,2022,6660.0
2022-09-29 16:00:00,3.379,3.272,-0.1070000000000002,-75.37668,39.30539,8537121,NOAA_NOS,IAN,2022,6720.0
2022-09-29 17:00:00,3.96,3.653,-0.3069999999999999,-75.37668,39.30539,8537121,NOAA_NOS,IAN,2022,6780.0
2022-09-29 18:00:00,3.74,2.985,-0.7550000000000003,-75.37668,39.30539,8537121,NOAA_NOS,IAN,2022,6840.0
2022-09-29 19:00:00,2.766,1.765,-1.001,-75.37668,39.30539,8537121,NOAA_NOS,IAN,2022,6900.0
2022-09-29 20:00:00,1.47,0.541,-0.929,-75.37668,39.30539,8537121,NOAA_NOS,IAN,2022,6960.0
2022-09-29 21:00:00,0.121,-0.58,-0.701,-75.37668,39.30539,8537121,NOAA_NOS,IAN,2022,7020.0
2022-09-29 22:00:00,-0.984,-1.611,-0.627,-75.37668,39.30539,8537121,NOAA_NOS,IAN,2022,7080.0
2022-09-29 23:00:00,-1.716,-2.451,-0.7350000000000001,-75.37668,39.30539,8537121,NOAA_NOS,IAN,2022,7140.0
2022-09-30 00:00:00,-1.906,-2.832,-0.926,-75.37668,39.30539,8537121,NOAA_NOS,IAN,2022,7200.0
2022-09-30 01:00:00,-1.007,-1.932,-0.925,-75.37668,39.30539,8537121,NOAA_NOS,IAN,2022,7260.0
2022-09-30 02:00:00,0.322,-0.559,-0.881,-75.37668,39.30539,8537121,NOAA_NOS,IAN,2022,7320.0
2022-09-30 03:00:00,1.535,0.871,-0.6639999999999999,-75.37668,39.30539,8537121,NOAA_NOS,IAN,2022,7380.0
2022-09-30 04:00:00,2.523,2.075,-0.4479999999999999,-75.37668,39.30539,8537121,NOAA_NOS,IAN,2022,7440.0
2022-09-30 05:00:00,3.107,2.802,-0.3050000000000001,-75.37668,39.30539,8537121,NOAA_NOS,IAN,2022,7500.0
2022-09-30 06:00:00,3.094,2.624,-0.4699999999999997,-75.37668,39.30539,8537121,NOAA_NOS,IAN,2022,7560.0
2022-09-30 07:00:00,2.346,1.536,-0.81,-75.37668,39.30539,8537121,NOAA_NOS,IAN,2022,7620.0
2022-09-30 08:00:00,1.125,0.375,-0.75,-75.37668,39.30539,8537121,NOAA_NOS,IAN,2022,7680.0
2022-09-30 09:00:00,-0.062,-0.678,-0.6160000000000001,-75.37668,39.30539,8537121,NOAA_NOS,IAN,2022,7740.0
2022-09-30 10:00:00,-0.984,-1.63,-0.6459999999999999,-75.37668,39.30539,8537121,NOAA_NOS,IAN,2022,7800.0
2022-09-30 11:00:00,-1.644,-2.394,-0.7500000000000002,-75.37668,39.30539,8537121,NOAA_NOS,IAN,2022,7860.0
2022-09-30 12:00:00,-1.654,-2.714,-1.06,-75.37668,39.30539,8537121,NOAA_NOS,IAN,2022,7920.0
2022-09-30 13:00:00,-0.787,-1.787,-1.0,-75.37668,39.30539,8537121,NOAA_NOS,IAN,2022,7980.0
2022-09-30 14:00:00,0.479,-0.419,-0.8979999999999999,-75.37668,39.30539,8537121,NOAA_NOS,IAN,2022,8040.0
2022-09-30 15:00:00,1.831,1.086,-0.7449999999999999,-75.37668,39.30539,8537121,NOAA_NOS,IAN,2022,8100.0
2022-09-30 16:00:00,3.196,2.463,-0.7330000000000001,-75.37668,39.30539,8537121,NOAA_NOS,IAN,2022,8160.0
2022-09-30 17:00:00,4.131,3.411,-0.7200000000000002,-75.37668,39.30539,8537121,NOAA_NOS,IAN,2022,8220.0
2022-09-30 18:00:00,4.416,3.58,-0.8360000000000003,-75.37668,39.30539,8537121,NOAA_NOS,IAN,2022,8280.0
2022-09-30 19:00:00,3.947,2.759,-1.1880000000000002,-75.37668,39.30539,8537121,NOAA_NOS,IAN,2022,8340.0
2022-09-30 20:00:00,2.966,1.59,-1.376,-75.37668,39.30539,8537121,NOAA_NOS,IAN,2022,8400.0
2022-09-30 21:00:00,1.781,0.423,-1.358,-75.37668,39.30539,8537121,NOAA_NOS,IAN,2022,8460.0
2022-09-30 22:00:00,0.646,-0.648,-1.294,-75.37668,39.30539,8537121,NOAA_NOS,IAN,2022,8520.0
2022-09-30 23:00:00,-0.348,-1.619,-1.271,-75.37668,39.30539,8537121,NOAA_NOS,IAN,2022,8580.0
2022-10-01 00:00:00,-1.017,-2.356,-1.339,-75.37668,39.30539,8537121,NOAA_NOS,IAN,2022,8640.0
2022-10-01 01:00:00,-1.076,-2.538,-1.4619999999999995,-75.37668,39.30539,8537121,NOAA_NOS,IAN,2022,8700.0
2022-10-01 02:00:00,-0.085,-1.493,-1.408,-75.37668,39.30539,8537121,NOAA_NOS,IAN,2022,8760.0
2022-10-01 03:00:00,1.25,-0.169,-1.419,-75.37668,39.30539,8537121,NOAA_NOS,IAN,2022,8820.0
2022-10-01 04:00:00,2.356,1.146,-1.21,-75.37668,39.30539,8537121,NOAA_NOS,IAN,2022,8880.0
2022-10-01 05:00:00,3.369,2.258,-1.1110000000000002,-75.37668,39.30539,8537121,NOAA_NOS,IAN,2022,8940.0
2022-10-01 06:00:00,3.848,2.918,-0.9299999999999996,-75.37668,39.30539,8537121,NOAA_NOS,IAN,2022,9000.0
2022-10-01 07:00:00,3.789,2.676,-1.113,-75.37668,39.30539,8537121,NOAA_NOS,IAN,2022,9060.0
2022-10-01 08:00:00,3.058,1.563,-1.495,-75.37668,39.30539,8537121,NOAA_NOS,IAN,2022,9120.0
2022-10-01 09:00:00,2.198,0.396,-1.802,-75.37668,39.30539,8537121,NOAA_NOS,IAN,2022,9180.0
2022-10-01 10:00:00,1.283,-0.634,-1.917,-75.37668,39.30539,8537121,NOAA_NOS,IAN,2022,9240.0
2022-10-01 11:00:00,0.531,-1.541,-2.072,-75.37668,39.30539,8537121,NOAA_NOS,IAN,2022,9300.0
2022-10-01 12:00:00,-0.259,-2.197,-1.938,-75.37668,39.30539,8537121,NOAA_NOS,IAN,2022,9360.0
2022-10-01 13:00:00,-0.394,-2.245,-1.851,-75.37668,39.30539,8537121,NOAA_NOS,IAN,2022,9420.0
2022-10-01 14:00:00,0.364,-1.113,-1.477,-75.37668,39.30539,8537121,NOAA_NOS,IAN,2022,9480.0
2022-10-01 15:00:00,1.496,0.277,-1.219,-75.37668,39.30539,8537121,NOAA_NOS,IAN,2022,9540.0
2022-10-01 16:00:00,2.694,1.728,-0.966,-75.37668,39.30539,8537121,NOAA_NOS,IAN,2022,9600.0
2022-10-01 17:00:00,3.885,3.051,-0.8339999999999996,-75.37668,39.30539,8537121,NOAA_NOS,IAN,2022,9660.0
2022-10-01 18:00:00,4.524,3.769,-0.7549999999999999,-75.37668,39.30539,8537121,NOAA_NOS,IAN,2022,9720.0
2022-10-01 19:00:00,4.662,3.476,-1.186,-75.37668,39.30539,8537121,NOAA_NOS,IAN,2022,9780.0
2022-10-01 20:00:00,4.157,2.256,-1.901,-75.37668,39.30539,8537121,NOAA_NOS,IAN,2022,9840.0
2022-10-01 21:00:00,3.143,1.08,-2.063,-75.37668,39.30539,8537121,NOAA_NOS,IAN,2022,9900.0
2022-10-01 22:00:00,1.896,0.019,-1.877,-75.37668,39.30539,8537121,NOAA_NOS,IAN,2022,9960.0
2022-10-01 23:00:00,0.696,-0.978,-1.674,-75.37668,39.30539,8537121,NOAA_NOS,IAN,2022,10020.0
2022-09-25 01:00:00,-3.606,-2.604,1.0019999999999998,-74.873333,40.08,8539094,NOAA_NOS,IAN,2022,60.0
2022-09-25 02:00:00,-2.831,-1.818,1.013,-74.873333,40.08,8539094,NOAA_NOS,IAN,2022,120.0
2022-09-25 03:00:00,-0.922,-0.954,-0.0319999999999999,-74.873333,40.08,8539094,NOAA_NOS,IAN,2022,180.0
2022-09-25 04:00:00,1.214,0.334,-0.8799999999999999,-74.873333,40.08,8539094,NOAA_NOS,IAN,2022,240.0
2022-09-25 05:00:00,2.904,1.712,-1.192,-74.873333,40.08,8539094,NOAA_NOS,IAN,2022,300.0
2022-09-25 06:00:00,3.924,2.879,-1.045,-74.873333,40.08,8539094,NOAA_NOS,IAN,2022,360.0
2022-09-25 07:00:00,4.081,3.128,-0.9530000000000004,-74.873333,40.08,8539094,NOAA_NOS,IAN,2022,420.0
2022-09-25 08:00:00,3.038,2.303,-0.7349999999999999,-74.873333,40.08,8539094,NOAA_NOS,IAN,2022,480.0
2022-09-25 09:00:00,1.631,1.31,-0.3209999999999999,-74.873333,40.08,8539094,NOAA_NOS,IAN,2022,540.0
2022-09-25 10:00:00,0.217,0.198,-0.0189999999999999,-74.873333,40.08,8539094,NOAA_NOS,IAN,2022,600.0
2022-09-25 11:00:00,-1.07,-0.733,0.3370000000000001,-74.873333,40.08,8539094,NOAA_NOS,IAN,2022,660.0
2022-09-25 12:00:00,-2.188,-1.565,0.6230000000000002,-74.873333,40.08,8539094,NOAA_NOS,IAN,2022,720.0
2022-09-25 13:00:00,-3.182,-2.288,0.8940000000000001,-74.873333,40.08,8539094,NOAA_NOS,IAN,2022,780.0
2022-09-25 14:00:00,-3.894,-2.34,1.5540000000000005,-74.873333,40.08,8539094,NOAA_NOS,IAN,2022,840.0
2022-09-25 15:00:00,-2.385,-1.303,1.082,-74.873333,40.08,8539094,NOAA_NOS,IAN,2022,900.0
2022-09-25 16:00:00,-0.686,-0.268,0.418,-74.873333,40.08,8539094,NOAA_NOS,IAN,2022,960.0
2022-09-25 17:00:00,1.48,1.146,-0.3340000000000001,-74.873333,40.08,8539094,NOAA_NOS,IAN,2022,1020.0
2022-09-25 18:00:00,2.887,2.458,-0.4289999999999998,-74.873333,40.08,8539094,NOAA_NOS,IAN,2022,1080.0
2022-09-25 19:00:00,3.638,3.215,-0.423,-74.873333,40.08,8539094,NOAA_NOS,IAN,2022,1140.0
2022-09-25 20:00:00,3.215,2.487,-0.7279999999999998,-74.873333,40.08,8539094,NOAA_NOS,IAN,2022,1200.0
2022-09-25 21:00:00,1.962,1.616,-0.3459999999999998,-74.873333,40.08,8539094,NOAA_NOS,IAN,2022,1260.0
2022-09-25 22:00:00,0.492,0.458,-0.0339999999999999,-74.873333,40.08,8539094,NOAA_NOS,IAN,2022,1320.0
2022-09-25 23:00:00,-0.909,-0.511,0.398,-74.873333,40.08,8539094,NOAA_NOS,IAN,2022,1380.0
2022-09-26 00:00:00,-2.142,-1.381,0.7609999999999999,-74.873333,40.08,8539094,NOAA_NOS,IAN,2022,1440.0
2022-09-26 01:00:00,-3.228,-2.143,1.0850000000000004,-74.873333,40.08,8539094,NOAA_NOS,IAN,2022,1500.0
2022-09-26 02:00:00,-4.144,-2.717,1.427,-74.873333,40.08,8539094,NOAA_NOS,IAN,2022,1560.0
2022-09-26 03:00:00,-2.963,-1.645,1.318,-74.873333,40.08,8539094,NOAA_NOS,IAN,2022,1620.0
2022-09-26 04:00:00,-1.165,-0.727,0.438,-74.873333,40.08,8539094,NOAA_NOS,IAN,2022,1680.0
2022-09-26 05:00:00,1.109,0.687,-0.4219999999999999,-74.873333,40.08,8539094,NOAA_NOS,IAN,2022,1740.0
2022-09-26 06:00:00,2.736,2.062,-0.6740000000000004,-74.873333,40.08,8539094,NOAA_NOS,IAN,2022,1800.0
2022-09-26 07:00:00,3.727,3.135,-0.5920000000000001,-74.873333,40.08,8539094,NOAA_NOS,IAN,2022,1860.0
2022-09-26 08:00:00,3.678,2.808,-0.8700000000000001,-74.873333,40.08,8539094,NOAA_NOS,IAN,2022,1920.0
2022-09-26 09:00:00,2.444,2.041,-0.403,-74.873333,40.08,8539094,NOAA_NOS,IAN,2022,1980.0
2022-09-26 10:00:00,1.07,0.896,-0.174,-74.873333,40.08,8539094,NOAA_NOS,IAN,2022,2040.0
2022-09-26 11:00:00,-0.344,-0.141,0.2029999999999999,-74.873333,40.08,8539094,NOAA_NOS,IAN,2022,2100.0
2022-09-26 12:00:00,-1.565,-1.043,0.522,-74.873333,40.08,8539094,NOAA_NOS,IAN,2022,2160.0
2022-09-26 13:00:00,-2.69,-1.862,0.8279999999999998,-74.873333,40.08,8539094,NOAA_NOS,IAN,2022,2220.0
2022-09-26 14:00:00,-3.596,-2.538,1.0580000000000005,-74.873333,40.08,8539094,NOAA_NOS,IAN,2022,2280.0
2022-09-26 15:00:00,-3.009,-1.859,1.15,-74.873333,40.08,8539094,NOAA_NOS,IAN,2022,2340.0
2022-09-26 16:00:00,-1.001,-0.966,0.0349999999999999,-74.873333,40.08,8539094,NOAA_NOS,IAN,2022,2400.0
2022-09-26 17:00:00,1.158,0.326,-0.8319999999999999,-74.873333,40.08,8539094,NOAA_NOS,IAN,2022,2460.0
2022-09-26 18:00:00,2.963,1.767,-1.1960000000000002,-74.873333,40.08,8539094,NOAA_NOS,IAN,2022,2520.0
2022-09-26 19:00:00,4.104,2.99,-1.114,-74.873333,40.08,8539094,NOAA_NOS,IAN,2022,2580.0
2022-09-26 20:00:00,4.537,3.235,-1.302,-74.873333,40.08,8539094,NOAA_NOS,IAN,2022,2640.0
2022-09-26 21:00:00,3.704,2.413,-1.2910000000000004,-74.873333,40.08,8539094,NOAA_NOS,IAN,2022,2700.0
2022-09-26 22:00:00,2.323,1.398,-0.925,-74.873333,40.08,8539094,NOAA_NOS,IAN,2022,2760.0
2022-09-26 23:00:00,0.86,0.273,-0.587,-74.873333,40.08,8539094,NOAA_NOS,IAN,2022,2820.0
2022-09-27 00:00:00,-0.515,-0.695,-0.1799999999999999,-74.873333,40.08,8539094,NOAA_NOS,IAN,2022,2880.0
2022-09-27 01:00:00,-1.716,-1.548,0.1679999999999999,-74.873333,40.08,8539094,NOAA_NOS,IAN,2022,2940.0
2022-09-27 02:00:00,-2.795,-2.303,0.492,-74.873333,40.08,8539094,NOAA_NOS,IAN,2022,3000.0
2022-09-27 03:00:00,-3.491,-2.602,0.8890000000000002,-74.873333,40.08,8539094,NOAA_NOS,IAN,2022,3060.0
2022-09-27 04:00:00,-1.716,-1.452,0.264,-74.873333,40.08,8539094,NOAA_NOS,IAN,2022,3120.0
2022-09-27 05:00:00,-0.013,-0.416,-0.4029999999999999,-74.873333,40.08,8539094,NOAA_NOS,IAN,2022,3180.0
2022-09-27 06:00:00,2.149,1.045,-1.104,-74.873333,40.08,8539094,NOAA_NOS,IAN,2022,3240.0
2022-09-27 07:00:00,3.412,2.396,-1.016,-74.873333,40.08,8539094,NOAA_NOS,IAN,2022,3300.0
2022-09-27 08:00:00,3.934,3.237,-0.6970000000000001,-74.873333,40.08,8539094,NOAA_NOS,IAN,2022,3360.0
2022-09-27 09:00:00,3.107,2.534,-0.5730000000000004,-74.873333,40.08,8539094,NOAA_NOS,IAN,2022,3420.0
2022-09-27 10:00:00,1.752,1.676,-0.076,-74.873333,40.08,8539094,NOAA_NOS,IAN,2022,3480.0
2022-09-27 11:00:00,0.299,0.505,0.206,-74.873333,40.08,8539094,NOAA_NOS,IAN,2022,3540.0
2022-09-27 12:00:00,-1.043,-0.483,0.5599999999999999,-74.873333,40.08,8539094,NOAA_NOS,IAN,2022,3600.0
2022-09-27 13:00:00,-2.211,-1.365,0.8459999999999999,-74.873333,40.08,8539094,NOAA_NOS,IAN,2022,3660.0
2022-09-27 14:00:00,-3.202,-2.139,1.0630000000000002,-74.873333,40.08,8539094,NOAA_NOS,IAN,2022,3720.0
2022-09-27 15:00:00,-3.947,-2.706,1.241,-74.873333,40.08,8539094,NOAA_NOS,IAN,2022,3780.0
2022-09-27 16:00:00,-2.356,-1.563,0.7929999999999999,-74.873333,40.08,8539094,NOAA_NOS,IAN,2022,3840.0
2022-09-27 17:00:00,-0.571,-0.596,-0.025,-74.873333,40.08,8539094,NOAA_NOS,IAN,2022,3900.0
2022-09-27 18:00:00,1.699,0.885,-0.8140000000000001,-74.873333,40.08,8539094,NOAA_NOS,IAN,2022,3960.0
2022-09-27 19:00:00,3.209,2.318,-0.891,-74.873333,40.08,8539094,NOAA_NOS,IAN,2022,4020.0
2022-09-27 20:00:00,4.154,3.425,-0.7290000000000001,-74.873333,40.08,8539094,NOAA_NOS,IAN,2022,4080.0
2022-09-27 21:00:00,4.101,3.057,-1.044,-74.873333,40.08,8539094,NOAA_NOS,IAN,2022,4140.0
2022-09-27 22:00:00,2.864,2.286,-0.5779999999999998,-74.873333,40.08,8539094,NOAA_NOS,IAN,2022,4200.0
2022-09-27 23:00:00,1.411,1.116,-0.2949999999999999,-74.873333,40.08,8539094,NOAA_NOS,IAN,2022,4260.0
2022-09-28 00:00:00,-0.026,0.043,0.0689999999999999,-74.873333,40.08,8539094,NOAA_NOS,IAN,2022,4320.0
2022-09-28 01:00:00,-1.309,-0.889,0.4199999999999999,-74.873333,40.08,8539094,NOAA_NOS,IAN,2022,4380.0
2022-09-28 02:00:00,-2.418,-1.737,0.681,-74.873333,40.08,8539094,NOAA_NOS,IAN,2022,4440.0
2022-09-28 03:00:00,-3.379,-2.463,0.916,-74.873333,40.08,8539094,NOAA_NOS,IAN,2022,4500.0
2022-09-28 04:00:00,-3.501,-2.143,1.358,-74.873333,40.08,8539094,NOAA_NOS,IAN,2022,4560.0
2022-09-28 05:00:00,-1.394,-1.2,0.1939999999999999,-74.873333,40.08,8539094,NOAA_NOS,IAN,2022,4620.0
2022-09-28 06:00:00,0.482,-0.025,-0.507,-74.873333,40.08,8539094,NOAA_NOS,IAN,2022,4680.0
2022-09-28 07:00:00,2.362,1.477,-0.885,-74.873333,40.08,8539094,NOAA_NOS,IAN,2022,4740.0
2022-09-28 08:00:00,3.386,2.675,-0.7110000000000003,-74.873333,40.08,8539094,NOAA_NOS,IAN,2022,4800.0
2022-09-28 09:00:00,3.422,3.061,-0.3610000000000002,-74.873333,40.08,8539094,NOAA_NOS,IAN,2022,4860.0
2022-09-28 10:00:00,2.326,2.21,-0.1160000000000001,-74.873333,40.08,8539094,NOAA_NOS,IAN,2022,4920.0
2022-09-28 11:00:00,0.906,1.247,0.3410000000000001,-74.873333,40.08,8539094,NOAA_NOS,IAN,2022,4980.0
2022-09-28 12:00:00,-0.489,0.11,0.599,-74.873333,40.08,8539094,NOAA_NOS,IAN,2022,5040.0
2022-09-28 13:00:00,-1.768,-0.821,0.947,-74.873333,40.08,8539094,NOAA_NOS,IAN,2022,5100.0
2022-09-28 14:00:00,-2.884,-1.671,1.213,-74.873333,40.08,8539094,NOAA_NOS,IAN,2022,5160.0
2022-09-28 15:00:00,-3.848,-2.406,1.4419999999999995,-74.873333,40.08,8539094,NOAA_NOS,IAN,2022,5220.0
2022-09-28 16:00:00,-4.15,-2.309,1.841,-74.873333,40.08,8539094,NOAA_NOS,IAN,2022,5280.0
2022-09-28 17:00:00,-1.978,-1.29,0.688,-74.873333,40.08,8539094,NOAA_NOS,IAN,2022,5340.0
2022-09-28 18:00:00,-0.075,-0.15,-0.075,-74.873333,40.08,8539094,NOAA_NOS,IAN,2022,5400.0
2022-09-28 19:00:00,1.972,1.439,-0.5329999999999999,-74.873333,40.08,8539094,NOAA_NOS,IAN,2022,5460.0
2022-09-28 20:00:00,3.291,2.793,-0.4979999999999998,-74.873333,40.08,8539094,NOAA_NOS,IAN,2022,5520.0
2022-09-28 21:00:00,3.937,3.692,-0.2449999999999996,-74.873333,40.08,8539094,NOAA_NOS,IAN,2022,5580.0
2022-09-28 22:00:00,3.353,2.942,-0.411,-74.873333,40.08,8539094,NOAA_NOS,IAN,2022,5640.0
2022-09-28 23:00:00,1.959,2.095,0.1360000000000001,-74.873333,40.08,8539094,NOAA_NOS,IAN,2022,5700.0
2022-09-29 00:00:00,0.463,0.876,0.413,-74.873333,40.08,8539094,NOAA_NOS,IAN,2022,5760.0
2022-09-29 01:00:00,-0.938,-0.151,0.7869999999999999,-74.873333,40.08,8539094,NOAA_NOS,IAN,2022,5820.0
2022-09-29 02:00:00,-2.159,-1.064,1.0949999999999998,-74.873333,40.08,8539094,NOAA_NOS,IAN,2022,5880.0
2022-09-29 03:00:00,-3.219,-1.892,1.327,-74.873333,40.08,8539094,NOAA_NOS,IAN,2022,5940.0
2022-09-29 04:00:00,-4.114,-2.585,1.529,-74.873333,40.08,8539094,NOAA_NOS,IAN,2022,6000.0
2022-09-29 05:00:00,-3.517,-1.846,1.6709999999999998,-74.873333,40.08,8539094,NOAA_NOS,IAN,2022,6060.0
2022-09-29 06:00:00,-1.617,-0.973,0.644,-74.873333,40.08,8539094,NOAA_NOS,IAN,2022,6120.0
2022-09-29 07:00:00,0.404,0.336,-0.068,-74.873333,40.08,8539094,NOAA_NOS,IAN,2022,6180.0
2022-09-29 08:00:00,2.014,1.742,-0.2719999999999998,-74.873333,40.08,8539094,NOAA_NOS,IAN,2022,6240.0
2022-09-29 09:00:00,2.897,2.845,-0.0519999999999996,-74.873333,40.08,8539094,NOAA_NOS,IAN,2022,6300.0
2022-09-29 10:00:00,2.651,2.682,0.0310000000000001,-74.873333,40.08,8539094,NOAA_NOS,IAN,2022,6360.0
2022-09-29 11:00:00,1.424,1.917,0.4930000000000001,-74.873333,40.08,8539094,NOAA_NOS,IAN,2022,6420.0
2022-09-29 12:00:00,-0.052,0.827,0.879,-74.873333,40.08,8539094,NOAA_NOS,IAN,2022,6480.0
2022-09-29 13:00:00,-1.476,-0.239,1.237,-74.873333,40.08,8539094,NOAA_NOS,IAN,2022,6540.0
2022-09-29 14:00:00,-2.72,-1.127,1.5930000000000002,-74.873333,40.08,8539094,NOAA_NOS,IAN,2022,6600.0
2022-09-29 15:00:00,-3.809,-1.942,1.867,-74.873333,40.08,8539094,NOAA_NOS,IAN,2022,6660.0
2022-09-29 16:00:00,-4.724,-2.608,2.116,-74.873333,40.08,8539094,NOAA_NOS,IAN,2022,6720.0
2022-09-29 17:00:00,-3.691,-1.798,1.893,-74.873333,40.08,8539094,NOAA_NOS,IAN,2022,6780.0
2022-09-29 18:00:00,-1.837,-0.912,0.925,-74.873333,40.08,8539094,NOAA_NOS,IAN,2022,6840.0
2022-09-29 19:00:00,0.43,0.457,0.027,-74.873333,40.08,8539094,NOAA_NOS,IAN,2022,6900.0
2022-09-29 20:00:00,2.185,1.953,-0.2319999999999999,-74.873333,40.08,8539094,NOAA_NOS,IAN,2022,6960.0
2022-09-29 21:00:00,3.438,3.252,-0.1860000000000004,-74.873333,40.08,8539094,NOAA_NOS,IAN,2022,7020.0
2022-09-29 22:00:00,4.052,3.783,-0.2689999999999997,-74.873333,40.08,8539094,NOAA_NOS,IAN,2022,7080.0
2022-09-29 23:00:00,3.547,2.898,-0.649,-74.873333,40.08,8539094,NOAA_NOS,IAN,2022,7140.0
2022-09-30 00:00:00,2.218,1.939,-0.2789999999999999,-74.873333,40.08,8539094,NOAA_NOS,IAN,2022,7200.0
2022-09-30 01:00:00,0.725,0.759,0.034,-74.873333,40.08,8539094,NOAA_NOS,IAN,2022,7260.0
2022-09-30 02:00:00,-0.676,-0.267,0.409,-74.873333,40.08,8539094,NOAA_NOS,IAN,2022,7320.0
2022-09-30 03:00:00,-1.913,-1.164,0.7490000000000001,-74.873333,40.08,8539094,NOAA_NOS,IAN,2022,7380.0
2022-09-30 04:00:00,-2.979,-1.973,1.006,-74.873333,40.08,8539094,NOAA_NOS,IAN,2022,7440.0
2022-09-30 05:00:00,-3.701,-2.612,1.089,-74.873333,40.08,8539094,NOAA_NOS,IAN,2022,7500.0
2022-09-30 06:00:00,-1.988,-1.606,0.3819999999999999,-74.873333,40.08,8539094,NOAA_NOS,IAN,2022,7560.0
2022-09-30 07:00:00,-0.367,-0.704,-0.3369999999999999,-74.873333,40.08,8539094,NOAA_NOS,IAN,2022,7620.0
2022-09-30 08:00:00,1.686,0.687,-0.999,-74.873333,40.08,8539094,NOAA_NOS,IAN,2022,7680.0
2022-09-30 09:00:00,2.93,2.041,-0.8890000000000002,-74.873333,40.08,8539094,NOAA_NOS,IAN,2022,7740.0
2022-09-30 10:00:00,3.543,3.013,-0.5300000000000002,-74.873333,40.08,8539094,NOAA_NOS,IAN,2022,7800.0
2022-09-30 11:00:00,3.061,2.493,-0.5680000000000001,-74.873333,40.08,8539094,NOAA_NOS,IAN,2022,7860.0
2022-09-30 12:00:00,1.781,1.703,-0.0779999999999998,-74.873333,40.08,8539094,NOAA_NOS,IAN,2022,7920.0
2022-09-30 13:00:00,0.322,0.552,0.23,-74.873333,40.08,8539094,NOAA_NOS,IAN,2022,7980.0
2022-09-30 14:00:00,-1.053,-0.442,0.611,-74.873333,40.08,8539094,NOAA_NOS,IAN,2022,8040.0
2022-09-30 15:00:00,-2.241,-1.316,0.925,-74.873333,40.08,8539094,NOAA_NOS,IAN,2022,8100.0
2022-09-30 16:00:00,-3.264,-2.09,1.174,-74.873333,40.08,8539094,NOAA_NOS,IAN,2022,8160.0
2022-09-30 17:00:00,-3.799,-2.664,1.1349999999999998,-74.873333,40.08,8539094,NOAA_NOS,IAN,2022,8220.0
2022-09-30 18:00:00,-2.083,-1.561,0.5220000000000002,-74.873333,40.08,8539094,NOAA_NOS,IAN,2022,8280.0
2022-09-30 19:00:00,-0.354,-0.612,-0.258,-74.873333,40.08,8539094,NOAA_NOS,IAN,2022,8340.0
2022-09-30 20:00:00,1.788,0.86,-0.928,-74.873333,40.08,8539094,NOAA_NOS,IAN,2022,8400.0
2022-09-30 21:00:00,3.232,2.312,-0.9200000000000004,-74.873333,40.08,8539094,NOAA_NOS,IAN,2022,8460.0
2022-09-30 22:00:00,4.16,3.494,-0.6659999999999999,-74.873333,40.08,8539094,NOAA_NOS,IAN,2022,8520.0
2022-09-30 23:00:00,4.357,3.618,-0.7390000000000003,-74.873333,40.08,8539094,NOAA_NOS,IAN,2022,8580.0
2022-10-01 00:00:00,3.481,2.784,-0.6970000000000001,-74.873333,40.08,8539094,NOAA_NOS,IAN,2022,8640.0
2022-10-01 01:00:00,2.116,1.721,-0.395,-74.873333,40.08,8539094,NOAA_NOS,IAN,2022,8700.0
2022-10-01 02:00:00,0.712,0.583,-0.129,-74.873333,40.08,8539094,NOAA_NOS,IAN,2022,8760.0
2022-10-01 03:00:00,-0.623,-0.415,0.208,-74.873333,40.08,8539094,NOAA_NOS,IAN,2022,8820.0
2022-10-01 04:00:00,-1.752,-1.287,0.4650000000000001,-74.873333,40.08,8539094,NOAA_NOS,IAN,2022,8880.0
2022-10-01 05:00:00,-2.74,-2.06,0.6800000000000002,-74.873333,40.08,8539094,NOAA_NOS,IAN,2022,8940.0
2022-10-01 06:00:00,-3.235,-2.457,0.778,-74.873333,40.08,8539094,NOAA_NOS,IAN,2022,9000.0
2022-10-01 07:00:00,-1.339,-1.283,0.056,-74.873333,40.08,8539094,NOAA_NOS,IAN,2022,9060.0
2022-10-01 08:00:00,0.325,-0.305,-0.63,-74.873333,40.08,8539094,NOAA_NOS,IAN,2022,9120.0
2022-10-01 09:00:00,2.31,1.097,-1.213,-74.873333,40.08,8539094,NOAA_NOS,IAN,2022,9180.0
2022-10-01 10:00:00,3.314,2.437,-0.8770000000000002,-74.873333,40.08,8539094,NOAA_NOS,IAN,2022,9240.0
2022-10-01 11:00:00,3.734,3.301,-0.4329999999999998,-74.873333,40.08,8539094,NOAA_NOS,IAN,2022,9300.0
2022-10-01 12:00:00,3.084,2.596,-0.488,-74.873333,40.08,8539094,NOAA_NOS,IAN,2022,9360.0
2022-10-01 13:00:00,1.942,1.827,-0.1149999999999999,-74.873333,40.08,8539094,NOAA_NOS,IAN,2022,9420.0
2022-10-01 14:00:00,0.746,0.601,-0.145,-74.873333,40.08,8539094,NOAA_NOS,IAN,2022,9480.0
2022-10-01 15:00:00,-0.425,-0.348,0.077,-74.873333,40.08,8539094,NOAA_NOS,IAN,2022,9540.0
2022-10-01 16:00:00,-1.472,-1.207,0.2649999999999999,-74.873333,40.08,8539094,NOAA_NOS,IAN,2022,9600.0
2022-10-01 17:00:00,-2.385,-1.958,0.4269999999999998,-74.873333,40.08,8539094,NOAA_NOS,IAN,2022,9660.0
2022-10-01 18:00:00,-2.766,-1.929,0.837,-74.873333,40.08,8539094,NOAA_NOS,IAN,2022,9720.0
2022-10-01 19:00:00,-0.955,-0.884,0.0709999999999999,-74.873333,40.08,8539094,NOAA_NOS,IAN,2022,9780.0
2022-10-01 20:00:00,0.712,0.244,-0.4679999999999999,-74.873333,40.08,8539094,NOAA_NOS,IAN,2022,9840.0
2022-10-01 21:00:00,2.756,1.77,-0.9859999999999998,-74.873333,40.08,8539094,NOAA_NOS,IAN,2022,9900.0
2022-10-01 22:00:00,4.019,3.12,-0.899,-74.873333,40.08,8539094,NOAA_NOS,IAN,2022,9960.0
2022-10-01 23:00:00,4.751,4.022,-0.7290000000000001,-74.873333,40.08,8539094,NOAA_NOS,IAN,2022,10020.0
2022-09-25 01:00:00,0.315,0.027,-0.288,-75.409444,39.811667,8540433,NOAA_NOS,IAN,2022,60.0
2022-09-25 02:00:00,1.811,1.265,-0.546,-75.409444,39.811667,8540433,NOAA_NOS,IAN,2022,120.0
2022-09-25 03:00:00,2.9,2.387,-0.5129999999999999,-75.409444,39.811667,8540433,NOAA_NOS,IAN,2022,180.0
2022-09-25 04:00:00,3.406,3.16,-0.246,-75.409444,39.811667,8540433,NOAA_NOS,IAN,2022,240.0
2022-09-25 05:00:00,3.268,2.857,-0.4109999999999996,-75.409444,39.811667,8540433,NOAA_NOS,IAN,2022,300.0
2022-09-25 06:00:00,2.336,1.464,-0.8719999999999999,-75.409444,39.811667,8540433,NOAA_NOS,IAN,2022,360.0
2022-09-25 07:00:00,1.214,0.44,-0.774,-75.409444,39.811667,8540433,NOAA_NOS,IAN,2022,420.0
2022-09-25 08:00:00,0.085,-0.417,-0.502,-75.409444,39.811667,8540433,NOAA_NOS,IAN,2022,480.0
2022-09-25 09:00:00,-0.758,-1.247,-0.4890000000000001,-75.409444,39.811667,8540433,NOAA_NOS,IAN,2022,540.0
2022-09-25 10:00:00,-1.581,-1.968,-0.387,-75.409444,39.811667,8540433,NOAA_NOS,IAN,2022,600.0
2022-09-25 11:00:00,-2.3,-2.547,-0.2470000000000003,-75.409444,39.811667,8540433,NOAA_NOS,IAN,2022,660.0
2022-09-25 12:00:00,-2.71,-1.99,0.72,-75.409444,39.811667,8540433,NOAA_NOS,IAN,2022,720.0
2022-09-25 13:00:00,-1.211,-0.467,0.744,-75.409444,39.811667,8540433,NOAA_NOS,IAN,2022,780.0
2022-09-25 14:00:00,0.436,0.814,0.3779999999999999,-75.409444,39.811667,8540433,NOAA_NOS,IAN,2022,840.0
2022-09-25 15:00:00,1.67,1.98,0.31,-75.409444,39.811667,8540433,NOAA_NOS,IAN,2022,900.0
2022-09-25 16:00:00,2.53,2.935,0.4050000000000002,-75.409444,39.811667,8540433,NOAA_NOS,IAN,2022,960.0
2022-09-25 17:00:00,2.904,3.091,0.1870000000000002,-75.409444,39.811667,8540433,NOAA_NOS,IAN,2022,1020.0
2022-09-25 18:00:00,2.27,1.762,-0.508,-75.409444,39.811667,8540433,NOAA_NOS,IAN,2022,1080.0
2022-09-25 19:00:00,1.142,0.673,-0.4689999999999998,-75.409444,39.811667,8540433,NOAA_NOS,IAN,2022,1140.0
2022-09-25 20:00:00,0.007,-0.233,-0.24,-75.409444,39.811667,8540433,NOAA_NOS,IAN,2022,1200.0
2022-09-25 21:00:00,-0.955,-1.066,-0.1110000000000001,-75.409444,39.811667,8540433,NOAA_NOS,IAN,2022,1260.0
2022-09-25 22:00:00,-1.801,-1.828,-0.0270000000000001,-75.409444,39.811667,8540433,NOAA_NOS,IAN,2022,1320.0
2022-09-25 23:00:00,-2.562,-2.5,0.0619999999999998,-75.409444,39.811667,8540433,NOAA_NOS,IAN,2022,1380.0
2022-09-26 00:00:00,-3.15,-2.66,0.4899999999999997,-75.409444,39.811667,8540433,NOAA_NOS,IAN,2022,1440.0
2022-09-26 01:00:00,-1.706,-0.939,0.767,-75.409444,39.811667,8540433,NOAA_NOS,IAN,2022,1500.0
2022-09-26 02:00:00,0.046,0.366,0.32,-75.409444,39.811667,8540433,NOAA_NOS,IAN,2022,1560.0
2022-09-26 03:00:00,1.535,1.611,0.076,-75.409444,39.811667,8540433,NOAA_NOS,IAN,2022,1620.0
2022-09-26 04:00:00,2.618,2.728,0.1100000000000003,-75.409444,39.811667,8540433,NOAA_NOS,IAN,2022,1680.0
2022-09-26 05:00:00,3.1,3.284,0.1839999999999997,-75.409444,39.811667,8540433,NOAA_NOS,IAN,2022,1740.0
2022-09-26 06:00:00,2.762,2.377,-0.3850000000000002,-75.409444,39.811667,8540433,NOAA_NOS,IAN,2022,1800.0
2022-09-26 07:00:00,1.65,1.086,-0.5639999999999998,-75.409444,39.811667,8540433,NOAA_NOS,IAN,2022,1860.0
2022-09-26 08:00:00,0.676,0.114,-0.562,-75.409444,39.811667,8540433,NOAA_NOS,IAN,2022,1920.0
2022-09-26 09:00:00,-0.364,-0.743,-0.379,-75.409444,39.811667,8540433,NOAA_NOS,IAN,2022,1980.0
2022-09-26 10:00:00,-1.214,-1.543,-0.3289999999999999,-75.409444,39.811667,8540433,NOAA_NOS,IAN,2022,2040.0
2022-09-26 11:00:00,-2.067,-2.262,-0.1949999999999998,-75.409444,39.811667,8540433,NOAA_NOS,IAN,2022,2100.0
2022-09-26 12:00:00,-2.644,-2.739,-0.0949999999999997,-75.409444,39.811667,8540433,NOAA_NOS,IAN,2022,2160.0
2022-09-26 13:00:00,-1.752,-1.286,0.4659999999999999,-75.409444,39.811667,8540433,NOAA_NOS,IAN,2022,2220.0
2022-09-26 14:00:00,0.207,0.02,-0.187,-75.409444,39.811667,8540433,NOAA_NOS,IAN,2022,2280.0
2022-09-26 15:00:00,1.732,1.341,-0.391,-75.409444,39.811667,8540433,NOAA_NOS,IAN,2022,2340.0
2022-09-26 16:00:00,2.91,2.532,-0.3780000000000001,-75.409444,39.811667,8540433,NOAA_NOS,IAN,2022,2400.0
2022-09-26 17:00:00,3.556,3.334,-0.2219999999999999,-75.409444,39.811667,8540433,NOAA_NOS,IAN,2022,2460.0
2022-09-26 18:00:00,3.671,3.006,-0.665,-75.409444,39.811667,8540433,NOAA_NOS,IAN,2022,2520.0
2022-09-26 19:00:00,2.881,1.544,-1.3369999999999995,-75.409444,39.811667,8540433,NOAA_NOS,IAN,2022,2580.0
2022-09-26 20:00:00,1.667,0.491,-1.1760000000000002,-75.409444,39.811667,8540433,NOAA_NOS,IAN,2022,2640.0
2022-09-26 21:00:00,0.472,-0.404,-0.876,-75.409444,39.811667,8540433,NOAA_NOS,IAN,2022,2700.0
2022-09-26 22:00:00,-0.561,-1.263,-0.7019999999999998,-75.409444,39.811667,8540433,NOAA_NOS,IAN,2022,2760.0
2022-09-26 23:00:00,-1.398,-2.02,-0.6220000000000001,-75.409444,39.811667,8540433,NOAA_NOS,IAN,2022,2820.0
2022-09-27 00:00:00,-2.142,-2.648,-0.5060000000000002,-75.409444,39.811667,8540433,NOAA_NOS,IAN,2022,2880.0
2022-09-27 01:00:00,-2.415,-2.294,0.121,-75.409444,39.811667,8540433,NOAA_NOS,IAN,2022,2940.0
2022-09-27 02:00:00,-0.528,-0.618,-0.0899999999999999,-75.409444,39.811667,8540433,NOAA_NOS,IAN,2022,3000.0
2022-09-27 03:00:00,1.093,0.728,-0.365,-75.409444,39.811667,8540433,NOAA_NOS,IAN,2022,3060.0
2022-09-27 04:00:00,2.303,1.958,-0.345,-75.409444,39.811667,8540433,NOAA_NOS,IAN,2022,3120.0
2022-09-27 05:00:00,2.999,2.993,-0.0060000000000002,-75.409444,39.811667,8540433,NOAA_NOS,IAN,2022,3180.0
2022-09-27 06:00:00,3.12,3.21,0.0899999999999998,-75.409444,39.811667,8540433,NOAA_NOS,IAN,2022,3240.0
2022-09-27 07:00:00,2.257,1.836,-0.421,-75.409444,39.811667,8540433,NOAA_NOS,IAN,2022,3300.0
2022-09-27 08:00:00,1.125,0.702,-0.423,-75.409444,39.811667,8540433,NOAA_NOS,IAN,2022,3360.0
2022-09-27 09:00:00,0.033,-0.225,-0.258,-75.409444,39.811667,8540433,NOAA_NOS,IAN,2022,3420.0
2022-09-27 10:00:00,-0.919,-1.074,-0.155,-75.409444,39.811667,8540433,NOAA_NOS,IAN,2022,3480.0
2022-09-27 11:00:00,-1.729,-1.85,-0.121,-75.409444,39.811667,8540433,NOAA_NOS,IAN,2022,3540.0
2022-09-27 12:00:00,-2.464,-2.52,-0.056,-75.409444,39.811667,8540433,NOAA_NOS,IAN,2022,3600.0
2022-09-27 13:00:00,-2.864,-2.622,0.242,-75.409444,39.811667,8540433,NOAA_NOS,IAN,2022,3660.0
2022-09-27 14:00:00,-1.217,-0.818,0.3990000000000001,-75.409444,39.811667,8540433,NOAA_NOS,IAN,2022,3720.0
2022-09-27 15:00:00,0.551,0.563,0.0119999999999999,-75.409444,39.811667,8540433,NOAA_NOS,IAN,2022,3780.0
2022-09-27 16:00:00,2.018,1.877,-0.1409999999999998,-75.409444,39.811667,8540433,NOAA_NOS,IAN,2022,3840.0
2022-09-27 17:00:00,3.012,3.064,0.052,-75.409444,39.811667,8540433,NOAA_NOS,IAN,2022,3900.0
2022-09-27 18:00:00,3.491,3.608,0.1169999999999999,-75.409444,39.811667,8540433,NOAA_NOS,IAN,2022,3960.0
2022-09-27 19:00:00,3.176,2.629,-0.5470000000000002,-75.409444,39.811667,8540433,NOAA_NOS,IAN,2022,4020.0
2022-09-27 20:00:00,2.073,1.326,-0.7469999999999999,-75.409444,39.811667,8540433,NOAA_NOS,IAN,2022,4080.0
2022-09-27 21:00:00,0.906,0.304,-0.6020000000000001,-75.409444,39.811667,8540433,NOAA_NOS,IAN,2022,4140.0
2022-09-27 22:00:00,-0.177,-0.593,-0.416,-75.409444,39.811667,8540433,NOAA_NOS,IAN,2022,4200.0
2022-09-27 23:00:00,-1.063,-1.447,-0.3840000000000001,-75.409444,39.811667,8540433,NOAA_NOS,IAN,2022,4260.0
2022-09-28 00:00:00,-1.864,-2.199,-0.3349999999999997,-75.409444,39.811667,8540433,NOAA_NOS,IAN,2022,4320.0
2022-09-28 01:00:00,-2.503,-2.787,-0.2839999999999998,-75.409444,39.811667,8540433,NOAA_NOS,IAN,2022,4380.0
2022-09-28 02:00:00,-2.136,-1.689,0.447,-75.409444,39.811667,8540433,NOAA_NOS,IAN,2022,4440.0
2022-09-28 03:00:00,-0.167,-0.282,-0.1149999999999999,-75.409444,39.811667,8540433,NOAA_NOS,IAN,2022,4500.0
2022-09-28 04:00:00,1.293,1.064,-0.2289999999999998,-75.409444,39.811667,8540433,NOAA_NOS,IAN,2022,4560.0
2022-09-28 05:00:00,2.372,2.248,-0.1239999999999996,-75.409444,39.811667,8540433,NOAA_NOS,IAN,2022,4620.0
2022-09-28 06:00:00,2.799,3.11,0.3109999999999999,-75.409444,39.811667,8540433,NOAA_NOS,IAN,2022,4680.0
2022-09-28 07:00:00,2.533,2.862,0.3290000000000002,-75.409444,39.811667,8540433,NOAA_NOS,IAN,2022,4740.0
2022-09-28 08:00:00,1.572,1.389,-0.183,-75.409444,39.811667,8540433,NOAA_NOS,IAN,2022,4800.0
2022-09-28 09:00:00,0.502,0.339,-0.1629999999999999,-75.409444,39.811667,8540433,NOAA_NOS,IAN,2022,4860.0
2022-09-28 10:00:00,-0.492,-0.547,-0.055,-75.409444,39.811667,8540433,NOAA_NOS,IAN,2022,4920.0
2022-09-28 11:00:00,-1.368,-1.391,-0.0229999999999999,-75.409444,39.811667,8540433,NOAA_NOS,IAN,2022,4980.0
2022-09-28 12:00:00,-2.185,-2.144,0.0409999999999999,-75.409444,39.811667,8540433,NOAA_NOS,IAN,2022,5040.0
2022-09-28 13:00:00,-2.884,-2.701,0.1829999999999998,-75.409444,39.811667,8540433,NOAA_NOS,IAN,2022,5100.0
2022-09-28 14:00:00,-2.7,-1.912,0.7880000000000003,-75.409444,39.811667,8540433,NOAA_NOS,IAN,2022,5160.0
2022-09-28 15:00:00,-0.669,-0.379,0.29,-75.409444,39.811667,8540433,NOAA_NOS,IAN,2022,5220.0
2022-09-28 16:00:00,0.837,1.038,0.201,-75.409444,39.811667,8540433,NOAA_NOS,IAN,2022,5280.0
2022-09-28 17:00:00,2.159,2.352,0.193,-75.409444,39.811667,8540433,NOAA_NOS,IAN,2022,5340.0
2022-09-28 18:00:00,2.966,3.414,0.4479999999999999,-75.409444,39.811667,8540433,NOAA_NOS,IAN,2022,5400.0
2022-09-28 19:00:00,3.169,3.671,0.5019999999999998,-75.409444,39.811667,8540433,NOAA_NOS,IAN,2022,5460.0
2022-09-28 20:00:00,2.507,2.262,-0.2450000000000001,-75.409444,39.811667,8540433,NOAA_NOS,IAN,2022,5520.0
2022-09-28 21:00:00,1.312,1.083,-0.2290000000000001,-75.409444,39.811667,8540433,NOAA_NOS,IAN,2022,5580.0
2022-09-28 22:00:00,0.125,0.114,-0.0109999999999999,-75.409444,39.811667,8540433,NOAA_NOS,IAN,2022,5640.0
2022-09-28 23:00:00,-0.846,-0.774,0.0719999999999999,-75.409444,39.811667,8540433,NOAA_NOS,IAN,2022,5700.0
2022-09-29 00:00:00,-1.667,-1.591,0.076,-75.409444,39.811667,8540433,NOAA_NOS,IAN,2022,5760.0
2022-09-29 01:00:00,-2.448,-2.339,0.1089999999999999,-75.409444,39.811667,8540433,NOAA_NOS,IAN,2022,5820.0
2022-09-29 02:00:00,-3.018,-2.8,0.2179999999999999,-75.409444,39.811667,8540433,NOAA_NOS,IAN,2022,5880.0
2022-09-29 03:00:00,-2.152,-1.269,0.8830000000000002,-75.409444,39.811667,8540433,NOAA_NOS,IAN,2022,5940.0
2022-09-29 04:00:00,-0.371,0.043,0.414,-75.409444,39.811667,8540433,NOAA_NOS,IAN,2022,6000.0
2022-09-29 05:00:00,0.945,1.338,0.3930000000000001,-75.409444,39.811667,8540433,NOAA_NOS,IAN,2022,6060.0
2022-09-29 06:00:00,1.932,2.46,0.528,-75.409444,39.811667,8540433,NOAA_NOS,IAN,2022,6120.0
2022-09-29 07:00:00,2.293,3.102,0.8089999999999997,-75.409444,39.811667,8540433,NOAA_NOS,IAN,2022,6180.0
2022-09-29 08:00:00,1.801,2.33,0.5290000000000001,-75.409444,39.811667,8540433,NOAA_NOS,IAN,2022,6240.0
2022-09-29 09:00:00,0.719,1.007,0.2879999999999999,-75.409444,39.811667,8540433,NOAA_NOS,IAN,2022,6300.0
2022-09-29 10:00:00,-0.351,0.016,0.367,-75.409444,39.811667,8540433,NOAA_NOS,IAN,2022,6360.0
2022-09-29 11:00:00,-1.293,-0.847,0.4459999999999999,-75.409444,39.811667,8540433,NOAA_NOS,IAN,2022,6420.0
2022-09-29 12:00:00,-2.156,-1.631,0.5250000000000001,-75.409444,39.811667,8540433,NOAA_NOS,IAN,2022,6480.0
2022-09-29 13:00:00,-2.927,-2.345,0.5819999999999999,-75.409444,39.811667,8540433,NOAA_NOS,IAN,2022,6540.0
2022-09-29 14:00:00,-3.501,-2.744,0.7569999999999997,-75.409444,39.811667,8540433,NOAA_NOS,IAN,2022,6600.0
2022-09-29 15:00:00,-2.283,-1.168,1.115,-75.409444,39.811667,8540433,NOAA_NOS,IAN,2022,6660.0
2022-09-29 16:00:00,-0.522,0.158,0.68,-75.409444,39.811667,8540433,NOAA_NOS,IAN,2022,6720.0
2022-09-29 17:00:00,1.01,1.505,0.4949999999999999,-75.409444,39.811667,8540433,NOAA_NOS,IAN,2022,6780.0
2022-09-29 18:00:00,2.26,2.807,0.5470000000000002,-75.409444,39.811667,8540433,NOAA_NOS,IAN,2022,6840.0
2022-09-29 19:00:00,3.087,3.683,0.5959999999999996,-75.409444,39.811667,8540433,NOAA_NOS,IAN,2022,6900.0
2022-09-29 20:00:00,3.317,3.621,0.3039999999999998,-75.409444,39.811667,8540433,NOAA_NOS,IAN,2022,6960.0
2022-09-29 21:00:00,2.805,2.083,-0.722,-75.409444,39.811667,8540433,NOAA_NOS,IAN,2022,7020.0
2022-09-29 22:00:00,1.719,1.0,-0.7190000000000001,-75.409444,39.811667,8540433,NOAA_NOS,IAN,2022,7080.0
2022-09-29 23:00:00,0.509,0.047,-0.462,-75.409444,39.811667,8540433,NOAA_NOS,IAN,2022,7140.0
2022-09-30 00:00:00,-0.541,-0.839,-0.2979999999999999,-75.409444,39.811667,8540433,NOAA_NOS,IAN,2022,7200.0
2022-09-30 01:00:00,-1.407,-1.646,-0.2389999999999998,-75.409444,39.811667,8540433,NOAA_NOS,IAN,2022,7260.0
2022-09-30 02:00:00,-2.188,-2.366,-0.1779999999999999,-75.409444,39.811667,8540433,NOAA_NOS,IAN,2022,7320.0
2022-09-30 03:00:00,-2.405,-2.645,-0.2400000000000002,-75.409444,39.811667,8540433,NOAA_NOS,IAN,2022,7380.0
2022-09-30 04:00:00,-0.669,-0.924,-0.255,-75.409444,39.811667,8540433,NOAA_NOS,IAN,2022,7440.0
2022-09-30 05:00:00,0.728,0.398,-0.3299999999999999,-75.409444,39.811667,8540433,NOAA_NOS,IAN,2022,7500.0
2022-09-30 06:00:00,1.886,1.634,-0.252,-75.409444,39.811667,8540433,NOAA_NOS,IAN,2022,7560.0
2022-09-30 07:00:00,2.598,2.697,0.0990000000000002,-75.409444,39.811667,8540433,NOAA_NOS,IAN,2022,7620.0
2022-09-30 08:00:00,2.871,3.106,0.2349999999999998,-75.409444,39.811667,8540433,NOAA_NOS,IAN,2022,7680.0
2022-09-30 09:00:00,2.329,1.954,-0.3750000000000002,-75.409444,39.811667,8540433,NOAA_NOS,IAN,2022,7740.0
2022-09-30 10:00:00,1.273,0.756,-0.5169999999999999,-75.409444,39.811667,8540433,NOAA_NOS,IAN,2022,7800.0
2022-09-30 11:00:00,0.167,-0.177,-0.344,-75.409444,39.811667,8540433,NOAA_NOS,IAN,2022,7860.0
2022-09-30 12:00:00,-0.781,-1.009,-0.2279999999999998,-75.409444,39.811667,8540433,NOAA_NOS,IAN,2022,7920.0
2022-09-30 13:00:00,-1.575,-1.777,-0.2019999999999999,-75.409444,39.811667,8540433,NOAA_NOS,IAN,2022,7980.0
2022-09-30 14:00:00,-2.231,-2.436,-0.205,-75.409444,39.811667,8540433,NOAA_NOS,IAN,2022,8040.0
2022-09-30 15:00:00,-2.287,-2.568,-0.2810000000000001,-75.409444,39.811667,8540433,NOAA_NOS,IAN,2022,8100.0
2022-09-30 16:00:00,-0.755,-0.819,-0.0639999999999999,-75.409444,39.811667,8540433,NOAA_NOS,IAN,2022,8160.0
2022-09-30 17:00:00,0.735,0.541,-0.1939999999999999,-75.409444,39.811667,8540433,NOAA_NOS,IAN,2022,8220.0
2022-09-30 18:00:00,2.178,1.859,-0.3189999999999999,-75.409444,39.811667,8540433,NOAA_NOS,IAN,2022,8280.0
2022-09-30 19:00:00,3.176,3.104,-0.072,-75.409444,39.811667,8540433,NOAA_NOS,IAN,2022,8340.0
2022-09-30 20:00:00,3.707,3.79,0.0830000000000001,-75.409444,39.811667,8540433,NOAA_NOS,IAN,2022,8400.0
2022-09-30 21:00:00,3.691,3.354,-0.3369999999999997,-75.409444,39.811667,8540433,NOAA_NOS,IAN,2022,8460.0
2022-09-30 22:00:00,3.025,1.928,-1.097,-75.409444,39.811667,8540433,NOAA_NOS,IAN,2022,8520.0
2022-09-30 23:00:00,1.893,0.88,-1.013,-75.409444,39.811667,8540433,NOAA_NOS,IAN,2022,8580.0
2022-10-01 00:00:00,0.81,-0.037,-0.8470000000000001,-75.409444,39.811667,8540433,NOAA_NOS,IAN,2022,8640.0
2022-10-01 01:00:00,-0.21,-0.898,-0.6880000000000001,-75.409444,39.811667,8540433,NOAA_NOS,IAN,2022,8700.0
2022-10-01 02:00:00,-1.033,-1.654,-0.621,-75.409444,39.811667,8540433,NOAA_NOS,IAN,2022,8760.0
2022-10-01 03:00:00,-1.719,-2.308,-0.5889999999999997,-75.409444,39.811667,8540433,NOAA_NOS,IAN,2022,8820.0
2022-10-01 04:00:00,-1.673,-2.131,-0.4579999999999997,-75.409444,39.811667,8540433,NOAA_NOS,IAN,2022,8880.0
2022-10-01 05:00:00,0.066,-0.434,-0.5,-75.409444,39.811667,8540433,NOAA_NOS,IAN,2022,8940.0
2022-10-01 06:00:00,1.388,0.839,-0.5489999999999999,-75.409444,39.811667,8540433,NOAA_NOS,IAN,2022,9000.0
2022-10-01 07:00:00,2.5,1.99,-0.51,-75.409444,39.811667,8540433,NOAA_NOS,IAN,2022,9060.0
2022-10-01 08:00:00,2.999,2.989,-0.0100000000000002,-75.409444,39.811667,8540433,NOAA_NOS,IAN,2022,9120.0
2022-10-01 09:00:00,3.117,3.286,0.169,-75.409444,39.811667,8540433,NOAA_NOS,IAN,2022,9180.0
2022-10-01 10:00:00,2.628,2.034,-0.5940000000000003,-75.409444,39.811667,8540433,NOAA_NOS,IAN,2022,9240.0
2022-10-01 11:00:00,1.847,0.926,-0.921,-75.409444,39.811667,8540433,NOAA_NOS,IAN,2022,9300.0
2022-10-01 12:00:00,1.053,-0.002,-1.055,-75.409444,39.811667,8540433,NOAA_NOS,IAN,2022,9360.0
2022-10-01 13:00:00,0.174,-0.829,-1.003,-75.409444,39.811667,8540433,NOAA_NOS,IAN,2022,9420.0
2022-10-01 14:00:00,-0.689,-1.547,-0.858,-75.409444,39.811667,8540433,NOAA_NOS,IAN,2022,9480.0
2022-10-01 15:00:00,-1.286,-2.139,-0.8529999999999998,-75.409444,39.811667,8540433,NOAA_NOS,IAN,2022,9540.0
2022-10-01 16:00:00,-1.293,-1.541,-0.248,-75.409444,39.811667,8540433,NOAA_NOS,IAN,2022,9600.0
2022-10-01 17:00:00,0.253,-0.013,-0.266,-75.409444,39.811667,8540433,NOAA_NOS,IAN,2022,9660.0
2022-10-01 18:00:00,1.699,1.303,-0.3960000000000001,-75.409444,39.811667,8540433,NOAA_NOS,IAN,2022,9720.0
2022-10-01 19:00:00,3.005,2.582,-0.423,-75.409444,39.811667,8540433,NOAA_NOS,IAN,2022,9780.0
2022-10-01 20:00:00,3.793,3.618,-0.1750000000000002,-75.409444,39.811667,8540433,NOAA_NOS,IAN,2022,9840.0
2022-10-01 21:00:00,4.157,3.988,-0.169,-75.409444,39.811667,8540433,NOAA_NOS,IAN,2022,9900.0
2022-10-01 22:00:00,4.009,2.646,-1.3630000000000004,-75.409444,39.811667,8540433,NOAA_NOS,IAN,2022,9960.0
2022-10-01 23:00:00,3.245,1.486,-1.759,-75.409444,39.811667,8540433,NOAA_NOS,IAN,2022,10020.0
2022-09-25 01:00:00,0.782,0.179,-0.603,-90.400278,30.281389,85420,USACE,IAN,2022,60.0
2022-09-25 02:00:00,0.802,0.182,-0.6200000000000001,-90.400278,30.281389,85420,USACE,IAN,2022,120.0
2022-09-25 03:00:00,0.822,0.177,-0.645,-90.400278,30.281389,85420,USACE,IAN,2022,180.0
2022-09-25 04:00:00,0.822,0.165,-0.6569999999999999,-90.400278,30.281389,85420,USACE,IAN,2022,240.0
2022-09-25 05:00:00,0.822,0.144,-0.6779999999999999,-90.400278,30.281389,85420,USACE,IAN,2022,300.0
2022-09-25 06:00:00,0.822,0.117,-0.705,-90.400278,30.281389,85420,USACE,IAN,2022,360.0
2022-09-25 07:00:00,0.812,0.091,-0.7210000000000001,-90.400278,30.281389,85420,USACE,IAN,2022,420.0
2022-09-25 08:00:00,0.782,0.065,-0.7170000000000001,-90.400278,30.281389,85420,USACE,IAN,2022,480.0
2022-09-25 09:00:00,0.722,0.046,-0.6759999999999999,-90.400278,30.281389,85420,USACE,IAN,2022,540.0
2022-09-25 10:00:00,0.722,0.032,-0.69,-90.400278,30.281389,85420,USACE,IAN,2022,600.0
2022-09-25 11:00:00,0.712,0.023,-0.689,-90.400278,30.281389,85420,USACE,IAN,2022,660.0
2022-09-25 12:00:00,0.692,0.019,-0.6729999999999999,-90.400278,30.281389,85420,USACE,IAN,2022,720.0
2022-09-25 13:00:00,0.692,0.015,-0.6769999999999999,-90.400278,30.281389,85420,USACE,IAN,2022,780.0
2022-09-25 14:00:00,0.692,0.011,-0.6809999999999999,-90.400278,30.281389,85420,USACE,IAN,2022,840.0
2022-09-25 15:00:00,0.692,0.007,-0.6849999999999999,-90.400278,30.281389,85420,USACE,IAN,2022,900.0
2022-09-25 16:00:00,0.692,0.0,-0.692,-90.400278,30.281389,85420,USACE,IAN,2022,960.0
2022-09-25 17:00:00,0.682,-0.01,-0.6920000000000001,-90.400278,30.281389,85420,USACE,IAN,2022,1020.0
2022-09-25 18:00:00,0.672,-0.021,-0.6930000000000001,-90.400278,30.281389,85420,USACE,IAN,2022,1080.0
2022-09-25 19:00:00,0.682,-0.028,-0.7100000000000001,-90.400278,30.281389,85420,USACE,IAN,2022,1140.0
2022-09-25 20:00:00,0.692,-0.025,-0.717,-90.400278,30.281389,85420,USACE,IAN,2022,1200.0
2022-09-25 21:00:00,0.672,-0.016,-0.6880000000000001,-90.400278,30.281389,85420,USACE,IAN,2022,1260.0
2022-09-25 22:00:00,0.692,-0.001,-0.693,-90.400278,30.281389,85420,USACE,IAN,2022,1320.0
2022-09-25 23:00:00,0.692,0.022,-0.6699999999999999,-90.400278,30.281389,85420,USACE,IAN,2022,1380.0
2022-09-26 00:00:00,0.752,0.049,-0.703,-90.400278,30.281389,85420,USACE,IAN,2022,1440.0
2022-09-26 01:00:00,0.652,0.073,-0.5790000000000001,-90.400278,30.281389,85420,USACE,IAN,2022,1500.0
2022-09-26 02:00:00,0.982,0.089,-0.893,-90.400278,30.281389,85420,USACE,IAN,2022,1560.0
2022-09-26 03:00:00,0.632,0.097,-0.535,-90.400278,30.281389,85420,USACE,IAN,2022,1620.0
2022-09-26 04:00:00,0.862,0.097,-0.765,-90.400278,30.281389,85420,USACE,IAN,2022,1680.0
2022-09-26 05:00:00,0.672,0.091,-0.5810000000000001,-90.400278,30.281389,85420,USACE,IAN,2022,1740.0
2022-09-26 06:00:00,0.702,0.078,-0.624,-90.400278,30.281389,85420,USACE,IAN,2022,1800.0
2022-09-26 07:00:00,0.712,0.057,-0.6549999999999999,-90.400278,30.281389,85420,USACE,IAN,2022,1860.0
2022-09-26 08:00:00,0.792,0.039,-0.753,-90.400278,30.281389,85420,USACE,IAN,2022,1920.0
2022-09-26 09:00:00,0.622,0.026,-0.596,-90.400278,30.281389,85420,USACE,IAN,2022,1980.0
2022-09-26 10:00:00,0.652,0.021,-0.631,-90.400278,30.281389,85420,USACE,IAN,2022,2040.0
2022-09-26 11:00:00,0.492,0.022,-0.47,-90.400278,30.281389,85420,USACE,IAN,2022,2100.0
2022-09-26 12:00:00,0.512,0.026,-0.486,-90.400278,30.281389,85420,USACE,IAN,2022,2160.0
2022-09-26 13:00:00,0.492,0.034,-0.4579999999999999,-90.400278,30.281389,85420,USACE,IAN,2022,2220.0
2022-09-26 14:00:00,0.522,0.041,-0.481,-90.400278,30.281389,85420,USACE,IAN,2022,2280.0
2022-09-26 15:00:00,0.512,0.04,-0.472,-90.400278,30.281389,85420,USACE,IAN,2022,2340.0
2022-09-26 16:00:00,0.502,0.034,-0.4679999999999999,-90.400278,30.281389,85420,USACE,IAN,2022,2400.0
2022-09-26 17:00:00,0.482,0.022,-0.4599999999999999,-90.400278,30.281389,85420,USACE,IAN,2022,2460.0
2022-09-26 18:00:00,0.472,0.002,-0.47,-90.400278,30.281389,85420,USACE,IAN,2022,2520.0
2022-09-26 19:00:00,0.472,-0.02,-0.492,-90.400278,30.281389,85420,USACE,IAN,2022,2580.0
2022-09-26 20:00:00,0.462,-0.035,-0.497,-90.400278,30.281389,85420,USACE,IAN,2022,2640.0
2022-09-26 21:00:00,0.422,-0.042,-0.4639999999999999,-90.400278,30.281389,85420,USACE,IAN,2022,2700.0
2022-09-26 22:00:00,0.372,-0.039,-0.411,-90.400278,30.281389,85420,USACE,IAN,2022,2760.0
2022-09-26 23:00:00,0.422,-0.032,-0.4539999999999999,-90.400278,30.281389,85420,USACE,IAN,2022,2820.0
2022-09-27 00:00:00,0.392,-0.016,-0.408,-90.400278,30.281389,85420,USACE,IAN,2022,2880.0
2022-09-27 01:00:00,0.382,0.007,-0.375,-90.400278,30.281389,85420,USACE,IAN,2022,2940.0
2022-09-27 02:00:00,0.432,0.03,-0.402,-90.400278,30.281389,85420,USACE,IAN,2022,3000.0
2022-09-27 03:00:00,0.432,0.044,-0.388,-90.400278,30.281389,85420,USACE,IAN,2022,3060.0
2022-09-27 04:00:00,0.462,0.054,-0.408,-90.400278,30.281389,85420,USACE,IAN,2022,3120.0
2022-09-27 05:00:00,0.462,0.054,-0.408,-90.400278,30.281389,85420,USACE,IAN,2022,3180.0
2022-09-27 06:00:00,0.472,0.052,-0.42,-90.400278,30.281389,85420,USACE,IAN,2022,3240.0
2022-09-27 07:00:00,0.532,0.046,-0.486,-90.400278,30.281389,85420,USACE,IAN,2022,3300.0
2022-09-27 08:00:00,0.522,0.039,-0.483,-90.400278,30.281389,85420,USACE,IAN,2022,3360.0
2022-09-27 09:00:00,0.582,0.038,-0.5439999999999999,-90.400278,30.281389,85420,USACE,IAN,2022,3420.0
2022-09-27 10:00:00,0.642,0.044,-0.598,-90.400278,30.281389,85420,USACE,IAN,2022,3480.0
2022-09-27 11:00:00,0.632,0.054,-0.578,-90.400278,30.281389,85420,USACE,IAN,2022,3540.0
2022-09-27 12:00:00,0.652,0.072,-0.5800000000000001,-90.400278,30.281389,85420,USACE,IAN,2022,3600.0
2022-09-27 13:00:00,0.672,0.091,-0.5810000000000001,-90.400278,30.281389,85420,USACE,IAN,2022,3660.0
2022-09-27 14:00:00,0.732,0.101,-0.631,-90.400278,30.281389,85420,USACE,IAN,2022,3720.0
2022-09-27 15:00:00,0.762,0.103,-0.659,-90.400278,30.281389,85420,USACE,IAN,2022,3780.0
2022-09-27 16:00:00,0.822,0.098,-0.724,-90.400278,30.281389,85420,USACE,IAN,2022,3840.0
2022-09-27 17:00:00,0.822,0.085,-0.737,-90.400278,30.281389,85420,USACE,IAN,2022,3900.0
2022-09-27 18:00:00,0.822,0.062,-0.76,-90.400278,30.281389,85420,USACE,IAN,2022,3960.0
2022-09-27 19:00:00,0.852,0.035,-0.817,-90.400278,30.281389,85420,USACE,IAN,2022,4020.0
2022-09-27 20:00:00,0.862,0.008,-0.854,-90.400278,30.281389,85420,USACE,IAN,2022,4080.0
2022-09-27 21:00:00,0.942,-0.015,-0.957,-90.400278,30.281389,85420,USACE,IAN,2022,4140.0
2022-09-27 22:00:00,0.902,-0.033,-0.935,-90.400278,30.281389,85420,USACE,IAN,2022,4200.0
2022-09-27 23:00:00,0.952,-0.045,-0.997,-90.400278,30.281389,85420,USACE,IAN,2022,4260.0
2022-09-28 00:00:00,0.962,-0.047,-1.009,-90.400278,30.281389,85420,USACE,IAN,2022,4320.0
2022-09-28 01:00:00,0.922,-0.043,-0.965,-90.400278,30.281389,85420,USACE,IAN,2022,4380.0
2022-09-28 02:00:00,0.992,-0.035,-1.027,-90.400278,30.281389,85420,USACE,IAN,2022,4440.0
2022-09-28 03:00:00,0.942,-0.018,-0.96,-90.400278,30.281389,85420,USACE,IAN,2022,4500.0
2022-09-28 04:00:00,0.982,0.0,-0.982,-90.400278,30.281389,85420,USACE,IAN,2022,4560.0
2022-09-28 05:00:00,1.012,0.017,-0.995,-90.400278,30.281389,85420,USACE,IAN,2022,4620.0
2022-09-28 06:00:00,0.952,0.036,-0.916,-90.400278,30.281389,85420,USACE,IAN,2022,4680.0
2022-09-28 07:00:00,0.992,0.053,-0.939,-90.400278,30.281389,85420,USACE,IAN,2022,4740.0
2022-09-28 08:00:00,0.962,0.074,-0.888,-90.400278,30.281389,85420,USACE,IAN,2022,4800.0
2022-09-28 09:00:00,0.992,0.095,-0.897,-90.400278,30.281389,85420,USACE,IAN,2022,4860.0
2022-09-28 10:00:00,1.012,0.118,-0.894,-90.400278,30.281389,85420,USACE,IAN,2022,4920.0
2022-09-28 11:00:00,1.022,0.142,-0.88,-90.400278,30.281389,85420,USACE,IAN,2022,4980.0
2022-09-28 12:00:00,0.982,0.167,-0.815,-90.400278,30.281389,85420,USACE,IAN,2022,5040.0
2022-09-28 13:00:00,1.052,0.187,-0.865,-90.400278,30.281389,85420,USACE,IAN,2022,5100.0
2022-09-28 14:00:00,1.002,0.201,-0.8009999999999999,-90.400278,30.281389,85420,USACE,IAN,2022,5160.0
2022-09-28 15:00:00,1.092,0.205,-0.8870000000000001,-90.400278,30.281389,85420,USACE,IAN,2022,5220.0
2022-09-28 16:00:00,1.122,0.199,-0.923,-90.400278,30.281389,85420,USACE,IAN,2022,5280.0
2022-09-28 17:00:00,1.142,0.187,-0.9549999999999998,-90.400278,30.281389,85420,USACE,IAN,2022,5340.0
2022-09-28 18:00:00,1.172,0.164,-1.008,-90.400278,30.281389,85420,USACE,IAN,2022,5400.0
2022-09-28 19:00:00,1.222,0.136,-1.086,-90.400278,30.281389,85420,USACE,IAN,2022,5460.0
2022-09-28 20:00:00,1.162,0.104,-1.0579999999999998,-90.400278,30.281389,85420,USACE,IAN,2022,5520.0
2022-09-28 21:00:00,1.152,0.075,-1.077,-90.400278,30.281389,85420,USACE,IAN,2022,5580.0
2022-09-28 22:00:00,1.202,0.045,-1.157,-90.400278,30.281389,85420,USACE,IAN,2022,5640.0
2022-09-28 23:00:00,1.192,0.019,-1.173,-90.400278,30.281389,85420,USACE,IAN,2022,5700.0
2022-09-29 00:00:00,1.252,-0.008,-1.26,-90.400278,30.281389,85420,USACE,IAN,2022,5760.0
2022-09-29 01:00:00,1.282,-0.028,-1.31,-90.400278,30.281389,85420,USACE,IAN,2022,5820.0
2022-09-29 02:00:00,1.252,-0.044,-1.296,-90.400278,30.281389,85420,USACE,IAN,2022,5880.0
2022-09-29 03:00:00,1.282,-0.055,-1.337,-90.400278,30.281389,85420,USACE,IAN,2022,5940.0
2022-09-29 04:00:00,1.242,-0.062,-1.304,-90.400278,30.281389,85420,USACE,IAN,2022,6000.0
2022-09-29 05:00:00,1.202,-0.064,-1.266,-90.400278,30.281389,85420,USACE,IAN,2022,6060.0
2022-09-29 06:00:00,1.262,-0.06,-1.322,-90.400278,30.281389,85420,USACE,IAN,2022,6120.0
2022-09-29 07:00:00,1.222,-0.047,-1.269,-90.400278,30.281389,85420,USACE,IAN,2022,6180.0
2022-09-29 08:00:00,1.192,-0.028,-1.22,-90.400278,30.281389,85420,USACE,IAN,2022,6240.0
2022-09-29 09:00:00,1.142,-0.004,-1.146,-90.400278,30.281389,85420,USACE,IAN,2022,6300.0
2022-09-29 10:00:00,1.142,0.024,-1.118,-90.400278,30.281389,85420,USACE,IAN,2022,6360.0
2022-09-29 11:00:00,1.112,0.051,-1.0610000000000002,-90.400278,30.281389,85420,USACE,IAN,2022,6420.0
2022-09-29 12:00:00,1.112,0.078,-1.034,-90.400278,30.281389,85420,USACE,IAN,2022,6480.0
2022-09-29 13:00:00,1.092,0.104,-0.988,-90.400278,30.281389,85420,USACE,IAN,2022,6540.0
2022-09-29 14:00:00,1.062,0.123,-0.939,-90.400278,30.281389,85420,USACE,IAN,2022,6600.0
2022-09-29 15:00:00,1.082,0.134,-0.948,-90.400278,30.281389,85420,USACE,IAN,2022,6660.0
2022-09-29 16:00:00,1.102,0.135,-0.967,-90.400278,30.281389,85420,USACE,IAN,2022,6720.0
2022-09-29 17:00:00,1.062,0.13,-0.932,-90.400278,30.281389,85420,USACE,IAN,2022,6780.0
2022-09-29 18:00:00,1.072,0.114,-0.958,-90.400278,30.281389,85420,USACE,IAN,2022,6840.0
2022-09-29 19:00:00,0.992,0.089,-0.903,-90.400278,30.281389,85420,USACE,IAN,2022,6900.0
2022-09-29 20:00:00,1.012,0.058,-0.954,-90.400278,30.281389,85420,USACE,IAN,2022,6960.0
2022-09-29 21:00:00,0.922,0.028,-0.894,-90.400278,30.281389,85420,USACE,IAN,2022,7020.0
2022-09-29 22:00:00,0.862,-0.003,-0.865,-90.400278,30.281389,85420,USACE,IAN,2022,7080.0
2022-09-29 23:00:00,0.862,-0.032,-0.894,-90.400278,30.281389,85420,USACE,IAN,2022,7140.0
2022-09-30 00:00:00,0.802,-0.063,-0.865,-90.400278,30.281389,85420,USACE,IAN,2022,7200.0
2022-09-30 01:00:00,0.782,-0.093,-0.875,-90.400278,30.281389,85420,USACE,IAN,2022,7260.0
2022-09-30 02:00:00,0.712,-0.122,-0.834,-90.400278,30.281389,85420,USACE,IAN,2022,7320.0
2022-09-30 03:00:00,0.712,-0.15,-0.862,-90.400278,30.281389,85420,USACE,IAN,2022,7380.0
2022-09-30 04:00:00,0.662,-0.177,-0.839,-90.400278,30.281389,85420,USACE,IAN,2022,7440.0
2022-09-30 05:00:00,0.652,-0.201,-0.853,-90.400278,30.281389,85420,USACE,IAN,2022,7500.0
2022-09-30 06:00:00,0.582,-0.22,-0.8019999999999999,-90.400278,30.281389,85420,USACE,IAN,2022,7560.0
2022-09-30 07:00:00,0.532,-0.232,-0.764,-90.400278,30.281389,85420,USACE,IAN,2022,7620.0
2022-09-30 08:00:00,0.512,-0.234,-0.746,-90.400278,30.281389,85420,USACE,IAN,2022,7680.0
2022-09-30 09:00:00,0.482,-0.229,-0.711,-90.400278,30.281389,85420,USACE,IAN,2022,7740.0
2022-09-30 10:00:00,0.482,-0.216,-0.698,-90.400278,30.281389,85420,USACE,IAN,2022,7800.0
2022-09-30 11:00:00,0.492,-0.192,-0.6839999999999999,-90.400278,30.281389,85420,USACE,IAN,2022,7860.0
2022-09-30 12:00:00,0.462,-0.162,-0.624,-90.400278,30.281389,85420,USACE,IAN,2022,7920.0
2022-09-30 13:00:00,0.482,-0.133,-0.615,-90.400278,30.281389,85420,USACE,IAN,2022,7980.0
2022-09-30 14:00:00,0.492,-0.104,-0.596,-90.400278,30.281389,85420,USACE,IAN,2022,8040.0
2022-09-30 15:00:00,0.562,-0.08,-0.642,-90.400278,30.281389,85420,USACE,IAN,2022,8100.0
2022-09-30 16:00:00,0.562,-0.062,-0.6240000000000001,-90.400278,30.281389,85420,USACE,IAN,2022,8160.0
2022-09-30 17:00:00,0.582,-0.054,-0.636,-90.400278,30.281389,85420,USACE,IAN,2022,8220.0
2022-09-30 18:00:00,0.552,-0.056,-0.6080000000000001,-90.400278,30.281389,85420,USACE,IAN,2022,8280.0
2022-09-30 19:00:00,0.582,-0.063,-0.645,-90.400278,30.281389,85420,USACE,IAN,2022,8340.0
2022-09-30 20:00:00,0.602,-0.08,-0.6819999999999999,-90.400278,30.281389,85420,USACE,IAN,2022,8400.0
2022-09-30 21:00:00,0.582,-0.107,-0.689,-90.400278,30.281389,85420,USACE,IAN,2022,8460.0
2022-09-30 22:00:00,0.562,-0.136,-0.6980000000000001,-90.400278,30.281389,85420,USACE,IAN,2022,8520.0
2022-09-30 23:00:00,0.492,-0.165,-0.657,-90.400278,30.281389,85420,USACE,IAN,2022,8580.0
2022-10-01 00:00:00,0.452,-0.194,-0.646,-90.400278,30.281389,85420,USACE,IAN,2022,8640.0
2022-10-01 01:00:00,0.432,-0.222,-0.654,-90.400278,30.281389,85420,USACE,IAN,2022,8700.0
2022-10-01 02:00:00,0.372,-0.252,-0.624,-90.400278,30.281389,85420,USACE,IAN,2022,8760.0
2022-10-01 03:00:00,0.352,-0.279,-0.631,-90.400278,30.281389,85420,USACE,IAN,2022,8820.0
2022-10-01 04:00:00,0.302,-0.302,-0.604,-90.400278,30.281389,85420,USACE,IAN,2022,8880.0
2022-10-01 05:00:00,0.262,-0.319,-0.581,-90.400278,30.281389,85420,USACE,IAN,2022,8940.0
2022-10-01 06:00:00,0.232,-0.327,-0.559,-90.400278,30.281389,85420,USACE,IAN,2022,9000.0
2022-10-01 07:00:00,0.182,-0.322,-0.504,-90.400278,30.281389,85420,USACE,IAN,2022,9060.0
2022-10-01 08:00:00,0.192,-0.315,-0.507,-90.400278,30.281389,85420,USACE,IAN,2022,9120.0
2022-10-01 09:00:00,0.192,-0.295,-0.487,-90.400278,30.281389,85420,USACE,IAN,2022,9180.0
2022-10-01 10:00:00,0.182,-0.266,-0.448,-90.400278,30.281389,85420,USACE,IAN,2022,9240.0
2022-10-01 11:00:00,0.212,-0.233,-0.445,-90.400278,30.281389,85420,USACE,IAN,2022,9300.0
2022-10-01 12:00:00,0.212,-0.2,-0.412,-90.400278,30.281389,85420,USACE,IAN,2022,9360.0
2022-10-01 13:00:00,0.262,-0.17,-0.432,-90.400278,30.281389,85420,USACE,IAN,2022,9420.0
2022-10-01 14:00:00,0.282,-0.132,-0.414,-90.400278,30.281389,85420,USACE,IAN,2022,9480.0
2022-10-01 15:00:00,0.362,-0.095,-0.4569999999999999,-90.400278,30.281389,85420,USACE,IAN,2022,9540.0
2022-10-01 16:00:00,0.392,-0.064,-0.456,-90.400278,30.281389,85420,USACE,IAN,2022,9600.0
2022-10-01 17:00:00,0.432,-0.037,-0.469,-90.400278,30.281389,85420,USACE,IAN,2022,9660.0
2022-10-01 18:00:00,0.422,-0.013,-0.435,-90.400278,30.281389,85420,USACE,IAN,2022,9720.0
2022-10-01 19:00:00,0.472,0.002,-0.47,-90.400278,30.281389,85420,USACE,IAN,2022,9780.0
2022-10-01 20:00:00,0.472,0.006,-0.4659999999999999,-90.400278,30.281389,85420,USACE,IAN,2022,9840.0
2022-10-01 21:00:00,0.472,0.004,-0.4679999999999999,-90.400278,30.281389,85420,USACE,IAN,2022,9900.0
2022-10-01 22:00:00,0.452,-0.006,-0.458,-90.400278,30.281389,85420,USACE,IAN,2022,9960.0
2022-10-01 23:00:00,0.392,-0.025,-0.417,-90.400278,30.281389,85420,USACE,IAN,2022,10020.0
2022-09-25 01:00:00,-2.083,-1.303,0.7800000000000002,-75.138885,39.933333,8545240,NOAA_NOS,IAN,2022,60.0
2022-09-25 02:00:00,-0.043,0.036,0.0789999999999999,-75.138885,39.933333,8545240,NOAA_NOS,IAN,2022,120.0
2022-09-25 03:00:00,1.401,1.343,-0.058,-75.138885,39.933333,8545240,NOAA_NOS,IAN,2022,180.0
2022-09-25 04:00:00,2.572,2.407,-0.165,-75.138885,39.933333,8545240,NOAA_NOS,IAN,2022,240.0
2022-09-25 05:00:00,3.369,3.189,-0.1800000000000001,-75.138885,39.933333,8545240,NOAA_NOS,IAN,2022,300.0
2022-09-25 06:00:00,3.52,2.849,-0.6709999999999998,-75.138885,39.933333,8545240,NOAA_NOS,IAN,2022,360.0
2022-09-25 07:00:00,2.7,1.485,-1.215,-75.138885,39.933333,8545240,NOAA_NOS,IAN,2022,420.0
2022-09-25 08:00:00,1.552,0.534,-1.018,-75.138885,39.933333,8545240,NOAA_NOS,IAN,2022,480.0
2022-09-25 09:00:00,0.459,-0.306,-0.765,-75.138885,39.933333,8545240,NOAA_NOS,IAN,2022,540.0
2022-09-25 10:00:00,-0.617,-1.189,-0.5720000000000001,-75.138885,39.933333,8545240,NOAA_NOS,IAN,2022,600.0
2022-09-25 11:00:00,-1.66,-2.006,-0.3459999999999998,-75.138885,39.933333,8545240,NOAA_NOS,IAN,2022,660.0
2022-09-25 12:00:00,-2.575,-2.622,-0.0469999999999997,-75.138885,39.933333,8545240,NOAA_NOS,IAN,2022,720.0
2022-09-25 13:00:00,-3.186,-2.079,1.1069999999999998,-75.138885,39.933333,8545240,NOAA_NOS,IAN,2022,780.0
2022-09-25 14:00:00,-1.69,-0.479,1.211,-75.138885,39.933333,8545240,NOAA_NOS,IAN,2022,840.0
2022-09-25 15:00:00,0.112,0.843,0.731,-75.138885,39.933333,8545240,NOAA_NOS,IAN,2022,900.0
2022-09-25 16:00:00,1.342,2.056,0.714,-75.138885,39.933333,8545240,NOAA_NOS,IAN,2022,960.0
2022-09-25 17:00:00,2.303,2.963,0.6600000000000001,-75.138885,39.933333,8545240,NOAA_NOS,IAN,2022,1020.0
2022-09-25 18:00:00,2.976,3.12,0.1440000000000001,-75.138885,39.933333,8545240,NOAA_NOS,IAN,2022,1080.0
2022-09-25 19:00:00,2.635,1.765,-0.8699999999999999,-75.138885,39.933333,8545240,NOAA_NOS,IAN,2022,1140.0
2022-09-25 20:00:00,1.594,0.762,-0.8320000000000001,-75.138885,39.933333,8545240,NOAA_NOS,IAN,2022,1200.0
2022-09-25 21:00:00,0.479,-0.11,-0.589,-75.138885,39.933333,8545240,NOAA_NOS,IAN,2022,1260.0
2022-09-25 22:00:00,-0.587,-0.956,-0.369,-75.138885,39.933333,8545240,NOAA_NOS,IAN,2022,1320.0
2022-09-25 23:00:00,-1.683,-1.844,-0.161,-75.138885,39.933333,8545240,NOAA_NOS,IAN,2022,1380.0
2022-09-26 00:00:00,-2.703,-2.523,0.1799999999999997,-75.138885,39.933333,8545240,NOAA_NOS,IAN,2022,1440.0
2022-09-26 01:00:00,-3.514,-2.801,0.7129999999999996,-75.138885,39.933333,8545240,NOAA_NOS,IAN,2022,1500.0
2022-09-26 02:00:00,-2.228,-0.92,1.3080000000000005,-75.138885,39.933333,8545240,NOAA_NOS,IAN,2022,1560.0
2022-09-26 03:00:00,-0.262,0.355,0.617,-75.138885,39.933333,8545240,NOAA_NOS,IAN,2022,1620.0
2022-09-26 04:00:00,1.175,1.756,0.581,-75.138885,39.933333,8545240,NOAA_NOS,IAN,2022,1680.0
2022-09-26 05:00:00,2.329,2.744,0.415,-75.138885,39.933333,8545240,NOAA_NOS,IAN,2022,1740.0
2022-09-26 06:00:00,3.133,3.327,0.1939999999999999,-75.138885,39.933333,8545240,NOAA_NOS,IAN,2022,1800.0
2022-09-26 07:00:00,3.097,2.335,-0.762,-75.138885,39.933333,8545240,NOAA_NOS,IAN,2022,1860.0
2022-09-26 08:00:00,2.067,1.159,-0.908,-75.138885,39.933333,8545240,NOAA_NOS,IAN,2022,1920.0
2022-09-26 09:00:00,1.053,0.244,-0.8089999999999999,-75.138885,39.933333,8545240,NOAA_NOS,IAN,2022,1980.0
2022-09-26 10:00:00,-0.013,-0.638,-0.625,-75.138885,39.933333,8545240,NOAA_NOS,IAN,2022,2040.0
2022-09-26 11:00:00,-1.073,-1.501,-0.4279999999999999,-75.138885,39.933333,8545240,NOAA_NOS,IAN,2022,2100.0
2022-09-26 12:00:00,-2.064,-2.287,-0.2229999999999998,-75.138885,39.933333,8545240,NOAA_NOS,IAN,2022,2160.0
2022-09-26 13:00:00,-2.884,-2.829,0.0549999999999997,-75.138885,39.933333,8545240,NOAA_NOS,IAN,2022,2220.0
2022-09-26 14:00:00,-2.178,-1.41,0.768,-75.138885,39.933333,8545240,NOAA_NOS,IAN,2022,2280.0
2022-09-26 15:00:00,-0.112,0.021,0.133,-75.138885,39.933333,8545240,NOAA_NOS,IAN,2022,2340.0
2022-09-26 16:00:00,1.365,1.406,0.0409999999999999,-75.138885,39.933333,8545240,NOAA_NOS,IAN,2022,2400.0
2022-09-26 17:00:00,2.543,2.54,-0.0030000000000001,-75.138885,39.933333,8545240,NOAA_NOS,IAN,2022,2460.0
2022-09-26 18:00:00,3.471,3.367,-0.104,-75.138885,39.933333,8545240,NOAA_NOS,IAN,2022,2520.0
2022-09-26 19:00:00,3.904,2.958,-0.9459999999999996,-75.138885,39.933333,8545240,NOAA_NOS,IAN,2022,2580.0
2022-09-26 20:00:00,3.274,1.558,-1.716,-75.138885,39.933333,8545240,NOAA_NOS,IAN,2022,2640.0
2022-09-26 21:00:00,2.037,0.581,-1.456,-75.138885,39.933333,8545240,NOAA_NOS,IAN,2022,2700.0
2022-09-26 22:00:00,0.879,-0.276,-1.155,-75.138885,39.933333,8545240,NOAA_NOS,IAN,2022,2760.0
2022-09-26 23:00:00,-0.24,-1.192,-0.952,-75.138885,39.933333,8545240,NOAA_NOS,IAN,2022,2820.0
2022-09-27 00:00:00,-1.312,-2.038,-0.7259999999999998,-75.138885,39.933333,8545240,NOAA_NOS,IAN,2022,2880.0
2022-09-27 01:00:00,-2.31,-2.712,-0.4020000000000001,-75.138885,39.933333,8545240,NOAA_NOS,IAN,2022,2940.0
2022-09-27 02:00:00,-2.835,-2.389,0.4460000000000002,-75.138885,39.933333,8545240,NOAA_NOS,IAN,2022,3000.0
2022-09-27 03:00:00,-0.971,-0.628,0.3429999999999999,-75.138885,39.933333,8545240,NOAA_NOS,IAN,2022,3060.0
2022-09-27 04:00:00,0.748,0.736,-0.012,-75.138885,39.933333,8545240,NOAA_NOS,IAN,2022,3120.0
2022-09-27 05:00:00,1.988,2.025,0.0369999999999999,-75.138885,39.933333,8545240,NOAA_NOS,IAN,2022,3180.0
2022-09-27 06:00:00,2.792,2.999,0.2070000000000003,-75.138885,39.933333,8545240,NOAA_NOS,IAN,2022,3240.0
2022-09-27 07:00:00,3.317,3.223,-0.0940000000000003,-75.138885,39.933333,8545240,NOAA_NOS,IAN,2022,3300.0
2022-09-27 08:00:00,2.677,1.852,-0.825,-75.138885,39.933333,8545240,NOAA_NOS,IAN,2022,3360.0
2022-09-27 09:00:00,1.519,0.787,-0.7319999999999999,-75.138885,39.933333,8545240,NOAA_NOS,IAN,2022,3420.0
2022-09-27 10:00:00,0.453,-0.103,-0.556,-75.138885,39.933333,8545240,NOAA_NOS,IAN,2022,3480.0
2022-09-27 11:00:00,-0.61,-0.94,-0.3299999999999999,-75.138885,39.933333,8545240,NOAA_NOS,IAN,2022,3540.0
2022-09-27 12:00:00,-1.647,-1.852,-0.205,-75.138885,39.933333,8545240,NOAA_NOS,IAN,2022,3600.0
2022-09-27 13:00:00,-2.582,-2.54,0.0419999999999998,-75.138885,39.933333,8545240,NOAA_NOS,IAN,2022,3660.0
2022-09-27 14:00:00,-3.179,-2.758,0.4209999999999998,-75.138885,39.933333,8545240,NOAA_NOS,IAN,2022,3720.0
2022-09-27 15:00:00,-1.562,-0.822,0.7400000000000001,-75.138885,39.933333,8545240,NOAA_NOS,IAN,2022,3780.0
2022-09-27 16:00:00,0.246,0.548,0.302,-75.138885,39.933333,8545240,NOAA_NOS,IAN,2022,3840.0
2022-09-27 17:00:00,1.621,1.922,0.3009999999999999,-75.138885,39.933333,8545240,NOAA_NOS,IAN,2022,3900.0
2022-09-27 18:00:00,2.694,3.051,0.3570000000000002,-75.138885,39.933333,8545240,NOAA_NOS,IAN,2022,3960.0
2022-09-27 19:00:00,3.54,3.626,0.0859999999999998,-75.138885,39.933333,8545240,NOAA_NOS,IAN,2022,4020.0
2022-09-27 20:00:00,3.514,2.565,-0.9489999999999998,-75.138885,39.933333,8545240,NOAA_NOS,IAN,2022,4080.0
2022-09-27 21:00:00,2.47,1.376,-1.0940000000000003,-75.138885,39.933333,8545240,NOAA_NOS,IAN,2022,4140.0
2022-09-27 22:00:00,1.276,0.415,-0.861,-75.138885,39.933333,8545240,NOAA_NOS,IAN,2022,4200.0
2022-09-27 23:00:00,0.213,-0.473,-0.6859999999999999,-75.138885,39.933333,8545240,NOAA_NOS,IAN,2022,4260.0
2022-09-28 00:00:00,-0.856,-1.378,-0.5219999999999999,-75.138885,39.933333,8545240,NOAA_NOS,IAN,2022,4320.0
2022-09-28 01:00:00,-1.919,-2.219,-0.2999999999999998,-75.138885,39.933333,8545240,NOAA_NOS,IAN,2022,4380.0
2022-09-28 02:00:00,-2.812,-2.857,-0.0450000000000003,-75.138885,39.933333,8545240,NOAA_NOS,IAN,2022,4440.0
2022-09-28 03:00:00,-2.703,-1.815,0.8879999999999999,-75.138885,39.933333,8545240,NOAA_NOS,IAN,2022,4500.0
2022-09-28 04:00:00,-0.545,-0.296,0.249,-75.138885,39.933333,8545240,NOAA_NOS,IAN,2022,4560.0
2022-09-28 05:00:00,0.945,1.095,0.15,-75.138885,39.933333,8545240,NOAA_NOS,IAN,2022,4620.0
2022-09-28 06:00:00,2.073,2.266,0.193,-75.138885,39.933333,8545240,NOAA_NOS,IAN,2022,4680.0
2022-09-28 07:00:00,2.726,3.125,0.399,-75.138885,39.933333,8545240,NOAA_NOS,IAN,2022,4740.0
2022-09-28 08:00:00,2.838,2.834,-0.004,-75.138885,39.933333,8545240,NOAA_NOS,IAN,2022,4800.0
2022-09-28 09:00:00,1.988,1.403,-0.585,-75.138885,39.933333,8545240,NOAA_NOS,IAN,2022,4860.0
2022-09-28 10:00:00,0.883,0.41,-0.473,-75.138885,39.933333,8545240,NOAA_NOS,IAN,2022,4920.0
2022-09-28 11:00:00,-0.148,-0.439,-0.291,-75.138885,39.933333,8545240,NOAA_NOS,IAN,2022,4980.0
2022-09-28 12:00:00,-1.181,-1.257,-0.0759999999999998,-75.138885,39.933333,8545240,NOAA_NOS,IAN,2022,5040.0
2022-09-28 13:00:00,-2.211,-2.153,0.0579999999999998,-75.138885,39.933333,8545240,NOAA_NOS,IAN,2022,5100.0
2022-09-28 14:00:00,-3.107,-2.803,0.3040000000000002,-75.138885,39.933333,8545240,NOAA_NOS,IAN,2022,5160.0
2022-09-28 15:00:00,-3.219,-2.007,1.2119999999999995,-75.138885,39.933333,8545240,NOAA_NOS,IAN,2022,5220.0
2022-09-28 16:00:00,-1.076,-0.389,0.687,-75.138885,39.933333,8545240,NOAA_NOS,IAN,2022,5280.0
2022-09-28 17:00:00,0.394,1.051,0.6569999999999999,-75.138885,39.933333,8545240,NOAA_NOS,IAN,2022,5340.0
2022-09-28 18:00:00,1.722,2.356,0.6339999999999999,-75.138885,39.933333,8545240,NOAA_NOS,IAN,2022,5400.0
2022-09-28 19:00:00,2.717,3.43,0.7130000000000001,-75.138885,39.933333,8545240,NOAA_NOS,IAN,2022,5460.0
2022-09-28 20:00:00,3.33,3.672,0.3420000000000001,-75.138885,39.933333,8545240,NOAA_NOS,IAN,2022,5520.0
2022-09-28 21:00:00,2.881,2.253,-0.6279999999999997,-75.138885,39.933333,8545240,NOAA_NOS,IAN,2022,5580.0
2022-09-28 22:00:00,1.673,1.196,-0.4770000000000001,-75.138885,39.933333,8545240,NOAA_NOS,IAN,2022,5640.0
2022-09-28 23:00:00,0.525,0.29,-0.235,-75.138885,39.933333,8545240,NOAA_NOS,IAN,2022,5700.0
2022-09-29 00:00:00,-0.538,-0.656,-0.118,-75.138885,39.933333,8545240,NOAA_NOS,IAN,2022,5760.0
2022-09-29 01:00:00,-1.631,-1.557,0.074,-75.138885,39.933333,8545240,NOAA_NOS,IAN,2022,5820.0
2022-09-29 02:00:00,-2.651,-2.343,0.3079999999999998,-75.138885,39.933333,8545240,NOAA_NOS,IAN,2022,5880.0
2022-09-29 03:00:00,-3.455,-2.903,0.552,-75.138885,39.933333,8545240,NOAA_NOS,IAN,2022,5940.0
2022-09-29 04:00:00,-2.746,-1.368,1.378,-75.138885,39.933333,8545240,NOAA_NOS,IAN,2022,6000.0
2022-09-29 05:00:00,-0.761,0.048,0.809,-75.138885,39.933333,8545240,NOAA_NOS,IAN,2022,6060.0
2022-09-29 06:00:00,0.561,1.416,0.8549999999999999,-75.138885,39.933333,8545240,NOAA_NOS,IAN,2022,6120.0
2022-09-29 07:00:00,1.627,2.465,0.8379999999999999,-75.138885,39.933333,8545240,NOAA_NOS,IAN,2022,6180.0
2022-09-29 08:00:00,2.29,3.119,0.8290000000000002,-75.138885,39.933333,8545240,NOAA_NOS,IAN,2022,6240.0
2022-09-29 09:00:00,2.123,2.287,0.1639999999999997,-75.138885,39.933333,8545240,NOAA_NOS,IAN,2022,6300.0
2022-09-29 10:00:00,1.089,1.041,-0.048,-75.138885,39.933333,8545240,NOAA_NOS,IAN,2022,6360.0
2022-09-29 11:00:00,0.003,0.122,0.119,-75.138885,39.933333,8545240,NOAA_NOS,IAN,2022,6420.0
2022-09-29 12:00:00,-0.981,-0.745,0.236,-75.138885,39.933333,8545240,NOAA_NOS,IAN,2022,6480.0
2022-09-29 13:00:00,-2.031,-1.603,0.4280000000000001,-75.138885,39.933333,8545240,NOAA_NOS,IAN,2022,6540.0
2022-09-29 14:00:00,-3.035,-2.357,0.6779999999999999,-75.138885,39.933333,8545240,NOAA_NOS,IAN,2022,6600.0
2022-09-29 15:00:00,-3.835,-2.867,0.968,-75.138885,39.933333,8545240,NOAA_NOS,IAN,2022,6660.0
2022-09-29 16:00:00,-2.825,-1.282,1.543,-75.138885,39.933333,8545240,NOAA_NOS,IAN,2022,6720.0
2022-09-29 17:00:00,-0.955,0.133,1.088,-75.138885,39.933333,8545240,NOAA_NOS,IAN,2022,6780.0
2022-09-29 18:00:00,0.538,1.605,1.067,-75.138885,39.933333,8545240,NOAA_NOS,IAN,2022,6840.0
2022-09-29 19:00:00,1.85,2.826,0.976,-75.138885,39.933333,8545240,NOAA_NOS,IAN,2022,6900.0
2022-09-29 20:00:00,2.959,3.7,0.7410000000000001,-75.138885,39.933333,8545240,NOAA_NOS,IAN,2022,6960.0
2022-09-29 21:00:00,3.501,3.583,0.0820000000000003,-75.138885,39.933333,8545240,NOAA_NOS,IAN,2022,7020.0
2022-09-29 22:00:00,3.12,2.113,-1.007,-75.138885,39.933333,8545240,NOAA_NOS,IAN,2022,7080.0
2022-09-29 23:00:00,1.988,1.1,-0.8879999999999999,-75.138885,39.933333,8545240,NOAA_NOS,IAN,2022,7140.0
2022-09-30 00:00:00,0.801,0.196,-0.605,-75.138885,39.933333,8545240,NOAA_NOS,IAN,2022,7200.0
2022-09-30 01:00:00,-0.279,-0.752,-0.473,-75.138885,39.933333,8545240,NOAA_NOS,IAN,2022,7260.0
2022-09-30 02:00:00,-1.385,-1.651,-0.266,-75.138885,39.933333,8545240,NOAA_NOS,IAN,2022,7320.0
2022-09-30 03:00:00,-2.405,-2.39,0.0149999999999996,-75.138885,39.933333,8545240,NOAA_NOS,IAN,2022,7380.0
2022-09-30 04:00:00,-2.946,-2.793,0.153,-75.138885,39.933333,8545240,NOAA_NOS,IAN,2022,7440.0
2022-09-30 05:00:00,-1.175,-0.951,0.2240000000000001,-75.138885,39.933333,8545240,NOAA_NOS,IAN,2022,7500.0
2022-09-30 06:00:00,0.374,0.38,0.006,-75.138885,39.933333,8545240,NOAA_NOS,IAN,2022,7560.0
2022-09-30 07:00:00,1.542,1.735,0.193,-75.138885,39.933333,8545240,NOAA_NOS,IAN,2022,7620.0
2022-09-30 08:00:00,2.385,2.711,0.326,-75.138885,39.933333,8545240,NOAA_NOS,IAN,2022,7680.0
2022-09-30 09:00:00,2.999,3.126,0.1269999999999997,-75.138885,39.933333,8545240,NOAA_NOS,IAN,2022,7740.0
2022-09-30 10:00:00,2.667,1.909,-0.7579999999999998,-75.138885,39.933333,8545240,NOAA_NOS,IAN,2022,7800.0
2022-09-30 11:00:00,1.581,0.818,-0.763,-75.138885,39.933333,8545240,NOAA_NOS,IAN,2022,7860.0
2022-09-30 12:00:00,0.459,-0.087,-0.546,-75.138885,39.933333,8545240,NOAA_NOS,IAN,2022,7920.0
2022-09-30 13:00:00,-0.591,-0.88,-0.289,-75.138885,39.933333,8545240,NOAA_NOS,IAN,2022,7980.0
2022-09-30 14:00:00,-1.637,-1.772,-0.135,-75.138885,39.933333,8545240,NOAA_NOS,IAN,2022,8040.0
2022-09-30 15:00:00,-2.566,-2.463,0.1029999999999997,-75.138885,39.933333,8545240,NOAA_NOS,IAN,2022,8100.0
2022-09-30 16:00:00,-2.936,-2.727,0.209,-75.138885,39.933333,8545240,NOAA_NOS,IAN,2022,8160.0
2022-09-30 17:00:00,-1.253,-0.835,0.4179999999999999,-75.138885,39.933333,8545240,NOAA_NOS,IAN,2022,8220.0
2022-09-30 18:00:00,0.331,0.521,0.19,-75.138885,39.933333,8545240,NOAA_NOS,IAN,2022,8280.0
2022-09-30 19:00:00,1.752,1.902,0.1499999999999999,-75.138885,39.933333,8545240,NOAA_NOS,IAN,2022,8340.0
2022-09-30 20:00:00,2.861,3.075,0.2139999999999999,-75.138885,39.933333,8545240,NOAA_NOS,IAN,2022,8400.0
2022-09-30 21:00:00,3.701,3.747,0.0459999999999998,-75.138885,39.933333,8545240,NOAA_NOS,IAN,2022,8460.0
2022-09-30 22:00:00,3.888,3.313,-0.5749999999999997,-75.138885,39.933333,8545240,NOAA_NOS,IAN,2022,8520.0
2022-09-30 23:00:00,3.251,1.943,-1.3079999999999998,-75.138885,39.933333,8545240,NOAA_NOS,IAN,2022,8580.0
2022-10-01 00:00:00,2.093,0.986,-1.107,-75.138885,39.933333,8545240,NOAA_NOS,IAN,2022,8640.0
2022-10-01 01:00:00,0.978,0.106,-0.872,-75.138885,39.933333,8545240,NOAA_NOS,IAN,2022,8700.0
2022-10-01 02:00:00,-0.121,-0.863,-0.742,-75.138885,39.933333,8545240,NOAA_NOS,IAN,2022,8760.0
2022-10-01 03:00:00,-1.165,-1.709,-0.544,-75.138885,39.933333,8545240,NOAA_NOS,IAN,2022,8820.0
2022-10-01 04:00:00,-2.077,-2.391,-0.314,-75.138885,39.933333,8545240,NOAA_NOS,IAN,2022,8880.0
2022-10-01 05:00:00,-2.323,-2.282,0.0409999999999999,-75.138885,39.933333,8545240,NOAA_NOS,IAN,2022,8940.0
2022-10-01 06:00:00,-0.456,-0.485,-0.0289999999999999,-75.138885,39.933333,8545240,NOAA_NOS,IAN,2022,9000.0
2022-10-01 07:00:00,1.033,0.836,-0.1969999999999999,-75.138885,39.933333,8545240,NOAA_NOS,IAN,2022,9060.0
2022-10-01 08:00:00,2.159,2.049,-0.1099999999999998,-75.138885,39.933333,8545240,NOAA_NOS,IAN,2022,9120.0
2022-10-01 09:00:00,2.713,2.98,0.2669999999999999,-75.138885,39.933333,8545240,NOAA_NOS,IAN,2022,9180.0
2022-10-01 10:00:00,3.251,3.294,0.0430000000000001,-75.138885,39.933333,8545240,NOAA_NOS,IAN,2022,9240.0
2022-10-01 11:00:00,2.91,2.002,-0.9080000000000004,-75.138885,39.933333,8545240,NOAA_NOS,IAN,2022,9300.0
2022-10-01 12:00:00,2.047,0.963,-1.084,-75.138885,39.933333,8545240,NOAA_NOS,IAN,2022,9360.0
2022-10-01 13:00:00,1.079,0.095,-0.984,-75.138885,39.933333,8545240,NOAA_NOS,IAN,2022,9420.0
2022-10-01 14:00:00,0.112,-0.793,-0.905,-75.138885,39.933333,8545240,NOAA_NOS,IAN,2022,9480.0
2022-10-01 15:00:00,-0.889,-1.608,-0.7190000000000001,-75.138885,39.933333,8545240,NOAA_NOS,IAN,2022,9540.0
2022-10-01 16:00:00,-1.722,-2.252,-0.5299999999999998,-75.138885,39.933333,8545240,NOAA_NOS,IAN,2022,9600.0
2022-10-01 17:00:00,-1.936,-1.648,0.288,-75.138885,39.933333,8545240,NOAA_NOS,IAN,2022,9660.0
2022-10-01 18:00:00,-0.203,-0.031,0.172,-75.138885,39.933333,8545240,NOAA_NOS,IAN,2022,9720.0
2022-10-01 19:00:00,1.312,1.341,0.0289999999999999,-75.138885,39.933333,8545240,NOAA_NOS,IAN,2022,9780.0
2022-10-01 20:00:00,2.628,2.575,-0.0529999999999999,-75.138885,39.933333,8545240,NOAA_NOS,IAN,2022,9840.0
2022-10-01 21:00:00,3.533,3.64,0.1070000000000002,-75.138885,39.933333,8545240,NOAA_NOS,IAN,2022,9900.0
2022-10-01 22:00:00,4.262,3.976,-0.2859999999999996,-75.138885,39.933333,8545240,NOAA_NOS,IAN,2022,9960.0
2022-10-01 23:00:00,4.278,2.667,-1.6109999999999998,-75.138885,39.933333,8545240,NOAA_NOS,IAN,2022,10020.0
2022-09-25 01:00:00,-2.881,-1.841,1.0399999999999998,-75.075,39.983333,8546252,NOAA_NOS,IAN,2022,60.0
2022-09-25 02:00:00,-0.751,-0.411,0.34,-75.075,39.983333,8546252,NOAA_NOS,IAN,2022,120.0
2022-09-25 03:00:00,0.791,0.872,0.0809999999999999,-75.075,39.983333,8546252,NOAA_NOS,IAN,2022,180.0
2022-09-25 04:00:00,2.077,2.027,-0.0499999999999998,-75.075,39.983333,8546252,NOAA_NOS,IAN,2022,240.0
2022-09-25 05:00:00,3.232,2.965,-0.2670000000000003,-75.075,39.983333,8546252,NOAA_NOS,IAN,2022,300.0
2022-09-25 06:00:00,3.704,3.155,-0.5490000000000004,-75.075,39.983333,8546252,NOAA_NOS,IAN,2022,360.0
2022-09-25 07:00:00,3.117,1.923,-1.194,-75.075,39.983333,8546252,NOAA_NOS,IAN,2022,420.0
2022-09-25 08:00:00,1.909,0.935,-0.974,-75.075,39.983333,8546252,NOAA_NOS,IAN,2022,480.0
2022-09-25 09:00:00,0.778,0.081,-0.6970000000000001,-75.075,39.983333,8546252,NOAA_NOS,IAN,2022,540.0
2022-09-25 10:00:00,-0.387,-0.83,-0.4429999999999999,-75.075,39.983333,8546252,NOAA_NOS,IAN,2022,600.0
2022-09-25 11:00:00,-1.522,-1.719,-0.197,-75.075,39.983333,8546252,NOAA_NOS,IAN,2022,660.0
2022-09-25 12:00:00,-2.516,-2.43,0.0859999999999998,-75.075,39.983333,8546252,NOAA_NOS,IAN,2022,720.0
2022-09-25 13:00:00,-3.307,-2.674,0.633,-75.075,39.983333,8546252,NOAA_NOS,IAN,2022,780.0
2022-09-25 14:00:00,-2.484,-0.946,1.538,-75.075,39.983333,8546252,NOAA_NOS,IAN,2022,840.0
2022-09-25 15:00:00,-0.548,0.368,0.916,-75.075,39.983333,8546252,NOAA_NOS,IAN,2022,900.0
2022-09-25 16:00:00,0.817,1.614,0.7970000000000002,-75.075,39.983333,8546252,NOAA_NOS,IAN,2022,960.0
2022-09-25 17:00:00,1.929,2.652,0.7230000000000001,-75.075,39.983333,8546252,NOAA_NOS,IAN,2022,1020.0
2022-09-25 18:00:00,2.979,3.201,0.2219999999999999,-75.075,39.983333,8546252,NOAA_NOS,IAN,2022,1080.0
2022-09-25 19:00:00,3.018,2.213,-0.8049999999999997,-75.075,39.983333,8546252,NOAA_NOS,IAN,2022,1140.0
2022-09-25 20:00:00,2.005,1.126,-0.879,-75.075,39.983333,8546252,NOAA_NOS,IAN,2022,1200.0
2022-09-25 21:00:00,0.85,0.305,-0.5449999999999999,-75.075,39.983333,8546252,NOAA_NOS,IAN,2022,1260.0
2022-09-25 22:00:00,-0.256,-0.617,-0.361,-75.075,39.983333,8546252,NOAA_NOS,IAN,2022,1320.0
2022-09-25 23:00:00,-1.467,-1.539,-0.0719999999999998,-75.075,39.983333,8546252,NOAA_NOS,IAN,2022,1380.0
2022-09-26 00:00:00,-2.559,-2.295,0.2640000000000002,-75.075,39.983333,8546252,NOAA_NOS,IAN,2022,1440.0
2022-09-26 01:00:00,-3.488,-2.854,0.6339999999999999,-75.075,39.983333,8546252,NOAA_NOS,IAN,2022,1500.0
2022-09-26 02:00:00,-3.051,-1.48,1.5710000000000002,-75.075,39.983333,8546252,NOAA_NOS,IAN,2022,1560.0
2022-09-26 03:00:00,-0.942,-0.08,0.862,-75.075,39.983333,8546252,NOAA_NOS,IAN,2022,1620.0
2022-09-26 04:00:00,0.554,1.181,0.627,-75.075,39.983333,8546252,NOAA_NOS,IAN,2022,1680.0
2022-09-26 05:00:00,1.847,2.357,0.5100000000000002,-75.075,39.983333,8546252,NOAA_NOS,IAN,2022,1740.0
2022-09-26 06:00:00,3.012,3.176,0.1640000000000001,-75.075,39.983333,8546252,NOAA_NOS,IAN,2022,1800.0
2022-09-26 07:00:00,3.33,2.799,-0.5310000000000001,-75.075,39.983333,8546252,NOAA_NOS,IAN,2022,1860.0
2022-09-26 08:00:00,2.464,1.555,-0.909,-75.075,39.983333,8546252,NOAA_NOS,IAN,2022,1920.0
2022-09-26 09:00:00,1.355,0.623,-0.732,-75.075,39.983333,8546252,NOAA_NOS,IAN,2022,1980.0
2022-09-26 10:00:00,0.259,-0.243,-0.502,-75.075,39.983333,8546252,NOAA_NOS,IAN,2022,2040.0
2022-09-26 11:00:00,-0.899,-1.16,-0.2609999999999999,-75.075,39.983333,8546252,NOAA_NOS,IAN,2022,2100.0
2022-09-26 12:00:00,-1.995,-2.024,-0.0289999999999999,-75.075,39.983333,8546252,NOAA_NOS,IAN,2022,2160.0
2022-09-26 13:00:00,-2.93,-2.683,0.2470000000000003,-75.075,39.983333,8546252,NOAA_NOS,IAN,2022,2220.0
2022-09-26 14:00:00,-3.048,-1.981,1.067,-75.075,39.983333,8546252,NOAA_NOS,IAN,2022,2280.0
2022-09-26 15:00:00,-0.883,-0.447,0.436,-75.075,39.983333,8546252,NOAA_NOS,IAN,2022,2340.0
2022-09-26 16:00:00,0.728,0.912,0.184,-75.075,39.983333,8546252,NOAA_NOS,IAN,2022,2400.0
2022-09-26 17:00:00,2.057,2.131,0.0739999999999998,-75.075,39.983333,8546252,NOAA_NOS,IAN,2022,2460.0
2022-09-26 18:00:00,3.337,3.119,-0.2179999999999999,-75.075,39.983333,8546252,NOAA_NOS,IAN,2022,2520.0
2022-09-26 19:00:00,4.022,3.299,-0.7230000000000003,-75.075,39.983333,8546252,NOAA_NOS,IAN,2022,2580.0
2022-09-26 20:00:00,3.652,2.012,-1.64,-75.075,39.983333,8546252,NOAA_NOS,IAN,2022,2640.0
2022-09-26 21:00:00,2.461,0.984,-1.477,-75.075,39.983333,8546252,NOAA_NOS,IAN,2022,2700.0
2022-09-26 22:00:00,1.24,0.106,-1.134,-75.075,39.983333,8546252,NOAA_NOS,IAN,2022,2760.0
2022-09-26 23:00:00,0.075,-0.81,-0.885,-75.075,39.983333,8546252,NOAA_NOS,IAN,2022,2820.0
2022-09-27 00:00:00,-1.096,-1.73,-0.6339999999999999,-75.075,39.983333,8546252,NOAA_NOS,IAN,2022,2880.0
2022-09-27 01:00:00,-2.169,-2.47,-0.3010000000000001,-75.075,39.983333,8546252,NOAA_NOS,IAN,2022,2940.0
2022-09-27 02:00:00,-2.927,-2.877,0.0500000000000002,-75.075,39.983333,8546252,NOAA_NOS,IAN,2022,3000.0
2022-09-27 03:00:00,-1.719,-1.112,0.607,-75.075,39.983333,8546252,NOAA_NOS,IAN,2022,3060.0
2022-09-27 04:00:00,0.135,0.241,0.1059999999999999,-75.075,39.983333,8546252,NOAA_NOS,IAN,2022,3120.0
2022-09-27 05:00:00,1.434,1.509,0.0749999999999999,-75.075,39.983333,8546252,NOAA_NOS,IAN,2022,3180.0
2022-09-27 06:00:00,2.5,2.657,0.157,-75.075,39.983333,8546252,NOAA_NOS,IAN,2022,3240.0
2022-09-27 07:00:00,3.373,3.266,-0.1070000000000002,-75.075,39.983333,8546252,NOAA_NOS,IAN,2022,3300.0
2022-09-27 08:00:00,3.074,2.282,-0.7919999999999998,-75.075,39.983333,8546252,NOAA_NOS,IAN,2022,3360.0
2022-09-27 09:00:00,1.89,1.157,-0.7329999999999999,-75.075,39.983333,8546252,NOAA_NOS,IAN,2022,3420.0
2022-09-27 10:00:00,0.755,0.326,-0.429,-75.075,39.983333,8546252,NOAA_NOS,IAN,2022,3480.0
2022-09-27 11:00:00,-0.374,-0.612,-0.238,-75.075,39.983333,8546252,NOAA_NOS,IAN,2022,3540.0
2022-09-27 12:00:00,-1.545,-1.535,0.01,-75.075,39.983333,8546252,NOAA_NOS,IAN,2022,3600.0
2022-09-27 13:00:00,-2.585,-2.305,0.2799999999999998,-75.075,39.983333,8546252,NOAA_NOS,IAN,2022,3660.0
2022-09-27 14:00:00,-3.353,-2.868,0.4850000000000003,-75.075,39.983333,8546252,NOAA_NOS,IAN,2022,3720.0
2022-09-27 15:00:00,-2.408,-1.371,1.037,-75.075,39.983333,8546252,NOAA_NOS,IAN,2022,3780.0
2022-09-27 16:00:00,-0.433,0.077,0.51,-75.075,39.983333,8546252,NOAA_NOS,IAN,2022,3840.0
2022-09-27 17:00:00,1.043,1.421,0.3780000000000001,-75.075,39.983333,8546252,NOAA_NOS,IAN,2022,3900.0
2022-09-27 18:00:00,2.306,2.633,0.3269999999999999,-75.075,39.983333,8546252,NOAA_NOS,IAN,2022,3960.0
2022-09-27 19:00:00,3.451,3.482,0.0310000000000001,-75.075,39.983333,8546252,NOAA_NOS,IAN,2022,4020.0
2022-09-27 20:00:00,3.757,3.061,-0.6960000000000002,-75.075,39.983333,8546252,NOAA_NOS,IAN,2022,4080.0
2022-09-27 21:00:00,2.923,1.774,-1.149,-75.075,39.983333,8546252,NOAA_NOS,IAN,2022,4140.0
2022-09-27 22:00:00,1.693,0.822,-0.8710000000000001,-75.075,39.983333,8546252,NOAA_NOS,IAN,2022,4200.0
2022-09-27 23:00:00,0.548,-0.071,-0.619,-75.075,39.983333,8546252,NOAA_NOS,IAN,2022,4260.0
2022-09-28 00:00:00,-0.62,-1.04,-0.42,-75.075,39.983333,8546252,NOAA_NOS,IAN,2022,4320.0
2022-09-28 01:00:00,-1.791,-1.923,-0.1320000000000001,-75.075,39.983333,8546252,NOAA_NOS,IAN,2022,4380.0
2022-09-28 02:00:00,-2.766,-2.627,0.1390000000000002,-75.075,39.983333,8546252,NOAA_NOS,IAN,2022,4440.0
2022-09-28 03:00:00,-3.232,-2.512,0.7200000000000002,-75.075,39.983333,8546252,NOAA_NOS,IAN,2022,4500.0
2022-09-28 04:00:00,-1.293,-0.766,0.5269999999999999,-75.075,39.983333,8546252,NOAA_NOS,IAN,2022,4560.0
2022-09-28 05:00:00,0.371,0.64,0.269,-75.075,39.983333,8546252,NOAA_NOS,IAN,2022,4620.0
2022-09-28 06:00:00,1.568,1.817,0.2489999999999999,-75.075,39.983333,8546252,NOAA_NOS,IAN,2022,4680.0
2022-09-28 07:00:00,2.589,2.859,0.27,-75.075,39.983333,8546252,NOAA_NOS,IAN,2022,4740.0
2022-09-28 08:00:00,3.025,3.117,0.092,-75.075,39.983333,8546252,NOAA_NOS,IAN,2022,4800.0
2022-09-28 09:00:00,2.346,1.828,-0.518,-75.075,39.983333,8546252,NOAA_NOS,IAN,2022,4860.0
2022-09-28 10:00:00,1.201,0.799,-0.402,-75.075,39.983333,8546252,NOAA_NOS,IAN,2022,4920.0
2022-09-28 11:00:00,0.105,-0.032,-0.137,-75.075,39.983333,8546252,NOAA_NOS,IAN,2022,4980.0
2022-09-28 12:00:00,-1.083,-0.945,0.138,-75.075,39.983333,8546252,NOAA_NOS,IAN,2022,5040.0
2022-09-28 13:00:00,-2.224,-1.852,0.3720000000000001,-75.075,39.983333,8546252,NOAA_NOS,IAN,2022,5100.0
2022-09-28 14:00:00,-3.202,-2.565,0.637,-75.075,39.983333,8546252,NOAA_NOS,IAN,2022,5160.0
2022-09-28 15:00:00,-3.773,-2.734,1.039,-75.075,39.983333,8546252,NOAA_NOS,IAN,2022,5220.0
2022-09-28 16:00:00,-1.864,-0.904,0.96,-75.075,39.983333,8546252,NOAA_NOS,IAN,2022,5280.0
2022-09-28 17:00:00,-0.164,0.615,0.779,-75.075,39.983333,8546252,NOAA_NOS,IAN,2022,5340.0
2022-09-28 18:00:00,1.188,1.859,0.671,-75.075,39.983333,8546252,NOAA_NOS,IAN,2022,5400.0
2022-09-28 19:00:00,2.484,3.051,0.5670000000000002,-75.075,39.983333,8546252,NOAA_NOS,IAN,2022,5460.0
2022-09-28 20:00:00,3.343,3.687,0.3439999999999998,-75.075,39.983333,8546252,NOAA_NOS,IAN,2022,5520.0
2022-09-28 21:00:00,3.232,2.705,-0.5270000000000001,-75.075,39.983333,8546252,NOAA_NOS,IAN,2022,5580.0
2022-09-28 22:00:00,2.103,1.611,-0.4920000000000002,-75.075,39.983333,8546252,NOAA_NOS,IAN,2022,5640.0
2022-09-28 23:00:00,0.876,0.694,-0.182,-75.075,39.983333,8546252,NOAA_NOS,IAN,2022,5700.0
2022-09-29 00:00:00,-0.269,-0.263,0.006,-75.075,39.983333,8546252,NOAA_NOS,IAN,2022,5760.0
2022-09-29 01:00:00,-1.47,-1.209,0.2609999999999999,-75.075,39.983333,8546252,NOAA_NOS,IAN,2022,5820.0
2022-09-29 02:00:00,-2.562,-2.079,0.4829999999999996,-75.075,39.983333,8546252,NOAA_NOS,IAN,2022,5880.0
2022-09-29 03:00:00,-3.497,-2.759,0.738,-75.075,39.983333,8546252,NOAA_NOS,IAN,2022,5940.0
2022-09-29 04:00:00,-3.51,-1.937,1.5729999999999995,-75.075,39.983333,8546252,NOAA_NOS,IAN,2022,6000.0
2022-09-29 05:00:00,-1.457,-0.42,1.037,-75.075,39.983333,8546252,NOAA_NOS,IAN,2022,6060.0
2022-09-29 06:00:00,0.003,0.917,0.914,-75.075,39.983333,8546252,NOAA_NOS,IAN,2022,6120.0
2022-09-29 07:00:00,1.168,2.093,0.925,-75.075,39.983333,8546252,NOAA_NOS,IAN,2022,6180.0
2022-09-29 08:00:00,2.192,2.951,0.7589999999999999,-75.075,39.983333,8546252,NOAA_NOS,IAN,2022,6240.0
2022-09-29 09:00:00,2.385,2.742,0.3570000000000002,-75.075,39.983333,8546252,NOAA_NOS,IAN,2022,6300.0
2022-09-29 10:00:00,1.476,1.44,-0.036,-75.075,39.983333,8546252,NOAA_NOS,IAN,2022,6360.0
2022-09-29 11:00:00,0.331,0.506,0.175,-75.075,39.983333,8546252,NOAA_NOS,IAN,2022,6420.0
2022-09-29 12:00:00,-0.797,-0.359,0.438,-75.075,39.983333,8546252,NOAA_NOS,IAN,2022,6480.0
2022-09-29 13:00:00,-2.001,-1.271,0.73,-75.075,39.983333,8546252,NOAA_NOS,IAN,2022,6540.0
2022-09-29 14:00:00,-3.087,-2.108,0.979,-75.075,39.983333,8546252,NOAA_NOS,IAN,2022,6600.0
2022-09-29 15:00:00,-3.999,-2.756,1.2430000000000003,-75.075,39.983333,8546252,NOAA_NOS,IAN,2022,6660.0
2022-09-29 16:00:00,-3.75,-1.83,1.92,-75.075,39.983333,8546252,NOAA_NOS,IAN,2022,6720.0
2022-09-29 17:00:00,-1.64,-0.325,1.315,-75.075,39.983333,8546252,NOAA_NOS,IAN,2022,6780.0
2022-09-29 18:00:00,-0.043,1.06,1.103,-75.075,39.983333,8546252,NOAA_NOS,IAN,2022,6840.0
2022-09-29 19:00:00,1.345,2.353,1.0080000000000002,-75.075,39.983333,8546252,NOAA_NOS,IAN,2022,6900.0
2022-09-29 20:00:00,2.74,3.39,0.6499999999999999,-75.075,39.983333,8546252,NOAA_NOS,IAN,2022,6960.0
2022-09-29 21:00:00,3.501,3.785,0.2840000000000002,-75.075,39.983333,8546252,NOAA_NOS,IAN,2022,7020.0
2022-09-29 22:00:00,3.455,2.526,-0.9290000000000004,-75.075,39.983333,8546252,NOAA_NOS,IAN,2022,7080.0
2022-09-29 23:00:00,2.388,1.54,-0.8479999999999999,-75.075,39.983333,8546252,NOAA_NOS,IAN,2022,7140.0
2022-09-30 00:00:00,1.145,0.613,-0.532,-75.075,39.983333,8546252,NOAA_NOS,IAN,2022,7200.0
2022-09-30 01:00:00,-0.013,-0.406,-0.393,-75.075,39.983333,8546252,NOAA_NOS,IAN,2022,7260.0
2022-09-30 02:00:00,-1.224,-1.315,-0.0909999999999999,-75.075,39.983333,8546252,NOAA_NOS,IAN,2022,7320.0
2022-09-30 03:00:00,-2.31,-2.145,0.165,-75.075,39.983333,8546252,NOAA_NOS,IAN,2022,7380.0
2022-09-30 04:00:00,-3.127,-2.765,0.3619999999999996,-75.075,39.983333,8546252,NOAA_NOS,IAN,2022,7440.0
2022-09-30 05:00:00,-1.929,-1.51,0.419,-75.075,39.983333,8546252,NOAA_NOS,IAN,2022,7500.0
2022-09-30 06:00:00,-0.223,-0.064,0.159,-75.075,39.983333,8546252,NOAA_NOS,IAN,2022,7560.0
2022-09-30 07:00:00,1.017,1.215,0.1980000000000001,-75.075,39.983333,8546252,NOAA_NOS,IAN,2022,7620.0
2022-09-30 08:00:00,2.047,2.343,0.2959999999999998,-75.075,39.983333,8546252,NOAA_NOS,IAN,2022,7680.0
2022-09-30 09:00:00,2.982,3.05,0.0679999999999996,-75.075,39.983333,8546252,NOAA_NOS,IAN,2022,7740.0
2022-09-30 10:00:00,2.943,2.371,-0.5720000000000001,-75.075,39.983333,8546252,NOAA_NOS,IAN,2022,7800.0
2022-09-30 11:00:00,1.955,1.178,-0.7770000000000001,-75.075,39.983333,8546252,NOAA_NOS,IAN,2022,7860.0
2022-09-30 12:00:00,0.755,0.331,-0.424,-75.075,39.983333,8546252,NOAA_NOS,IAN,2022,7920.0
2022-09-30 13:00:00,-0.374,-0.56,-0.186,-75.075,39.983333,8546252,NOAA_NOS,IAN,2022,7980.0
2022-09-30 14:00:00,-1.522,-1.463,0.0589999999999999,-75.075,39.983333,8546252,NOAA_NOS,IAN,2022,8040.0
2022-09-30 15:00:00,-2.559,-2.24,0.3189999999999999,-75.075,39.983333,8546252,NOAA_NOS,IAN,2022,8100.0
2022-09-30 16:00:00,-3.212,-2.8,0.4120000000000003,-75.075,39.983333,8546252,NOAA_NOS,IAN,2022,8160.0
2022-09-30 17:00:00,-1.985,-1.382,0.6030000000000002,-75.075,39.983333,8546252,NOAA_NOS,IAN,2022,8220.0
2022-09-30 18:00:00,-0.292,0.047,0.3389999999999999,-75.075,39.983333,8546252,NOAA_NOS,IAN,2022,8280.0
2022-09-30 19:00:00,1.152,1.396,0.244,-75.075,39.983333,8546252,NOAA_NOS,IAN,2022,8340.0
2022-09-30 20:00:00,2.464,2.628,0.1640000000000001,-75.075,39.983333,8546252,NOAA_NOS,IAN,2022,8400.0
2022-09-30 21:00:00,3.556,3.57,0.0139999999999997,-75.075,39.983333,8546252,NOAA_NOS,IAN,2022,8460.0
2022-09-30 22:00:00,4.012,3.68,-0.3319999999999994,-75.075,39.983333,8546252,NOAA_NOS,IAN,2022,8520.0
2022-09-30 23:00:00,3.579,2.369,-1.21,-75.075,39.983333,8546252,NOAA_NOS,IAN,2022,8580.0
2022-10-01 00:00:00,2.444,1.434,-1.01,-75.075,39.983333,8546252,NOAA_NOS,IAN,2022,8640.0
2022-10-01 01:00:00,1.243,0.504,-0.7390000000000001,-75.075,39.983333,8546252,NOAA_NOS,IAN,2022,8700.0
2022-10-01 02:00:00,0.072,-0.504,-0.576,-75.075,39.983333,8546252,NOAA_NOS,IAN,2022,8760.0
2022-10-01 03:00:00,-1.053,-1.414,-0.361,-75.075,39.983333,8546252,NOAA_NOS,IAN,2022,8820.0
2022-10-01 04:00:00,-2.051,-2.192,-0.141,-75.075,39.983333,8546252,NOAA_NOS,IAN,2022,8880.0
2022-10-01 05:00:00,-2.684,-2.624,0.06,-75.075,39.983333,8546252,NOAA_NOS,IAN,2022,8940.0
2022-10-01 06:00:00,-1.198,-0.984,0.2139999999999999,-75.075,39.983333,8546252,NOAA_NOS,IAN,2022,9000.0
2022-10-01 07:00:00,0.423,0.372,-0.0509999999999999,-75.075,39.983333,8546252,NOAA_NOS,IAN,2022,9060.0
2022-10-01 08:00:00,1.644,1.609,-0.0349999999999999,-75.075,39.983333,8546252,NOAA_NOS,IAN,2022,9120.0
2022-10-01 09:00:00,2.592,2.653,0.0609999999999999,-75.075,39.983333,8546252,NOAA_NOS,IAN,2022,9180.0
2022-10-01 10:00:00,3.307,3.293,-0.0139999999999997,-75.075,39.983333,8546252,NOAA_NOS,IAN,2022,9240.0
2022-10-01 11:00:00,3.159,2.452,-0.7069999999999999,-75.075,39.983333,8546252,NOAA_NOS,IAN,2022,9300.0
2022-10-01 12:00:00,2.283,1.334,-0.9489999999999998,-75.075,39.983333,8546252,NOAA_NOS,IAN,2022,9360.0
2022-10-01 13:00:00,1.247,0.495,-0.7520000000000001,-75.075,39.983333,8546252,NOAA_NOS,IAN,2022,9420.0
2022-10-01 14:00:00,0.23,-0.476,-0.706,-75.075,39.983333,8546252,NOAA_NOS,IAN,2022,9480.0
2022-10-01 15:00:00,-0.801,-1.308,-0.507,-75.075,39.983333,8546252,NOAA_NOS,IAN,2022,9540.0
2022-10-01 16:00:00,-1.755,-2.058,-0.3029999999999999,-75.075,39.983333,8546252,NOAA_NOS,IAN,2022,9600.0
2022-10-01 17:00:00,-2.26,-2.246,0.0139999999999997,-75.075,39.983333,8546252,NOAA_NOS,IAN,2022,9660.0
2022-10-01 18:00:00,-0.866,-0.516,0.35,-75.075,39.983333,8546252,NOAA_NOS,IAN,2022,9720.0
2022-10-01 19:00:00,0.732,0.854,0.122,-75.075,39.983333,8546252,NOAA_NOS,IAN,2022,9780.0
2022-10-01 20:00:00,2.057,2.139,0.0819999999999998,-75.075,39.983333,8546252,NOAA_NOS,IAN,2022,9840.0
2022-10-01 21:00:00,3.261,3.3,0.0389999999999997,-75.075,39.983333,8546252,NOAA_NOS,IAN,2022,9900.0
2022-10-01 22:00:00,4.193,3.986,-0.2069999999999994,-75.075,39.983333,8546252,NOAA_NOS,IAN,2022,9960.0
2022-10-01 23:00:00,4.452,3.13,-1.322,-75.075,39.983333,8546252,NOAA_NOS,IAN,2022,10020.0
2022-09-25 01:00:00,-3.737,-2.513,1.2240000000000002,-74.751889,40.136025,8548989,NOAA_NOS,IAN,2022,60.0
2022-09-25 02:00:00,-4.111,-2.602,1.509,-74.751889,40.136025,8548989,NOAA_NOS,IAN,2022,120.0
2022-09-25 03:00:00,-1.427,-1.448,-0.0209999999999999,-74.751889,40.136025,8548989,NOAA_NOS,IAN,2022,180.0
2022-09-25 04:00:00,1.198,-0.08,-1.278,-74.751889,40.136025,8548989,NOAA_NOS,IAN,2022,240.0
2022-09-25 05:00:00,2.818,1.326,-1.492,-74.751889,40.136025,8548989,NOAA_NOS,IAN,2022,300.0
2022-09-25 06:00:00,3.953,2.707,-1.246,-74.751889,40.136025,8548989,NOAA_NOS,IAN,2022,360.0
2022-09-25 07:00:00,4.377,3.59,-0.7869999999999999,-74.751889,40.136025,8548989,NOAA_NOS,IAN,2022,420.0
2022-09-25 08:00:00,3.556,2.76,-0.7960000000000003,-74.751889,40.136025,8548989,NOAA_NOS,IAN,2022,480.0
2022-09-25 09:00:00,1.811,1.497,-0.3139999999999998,-74.751889,40.136025,8548989,NOAA_NOS,IAN,2022,540.0
2022-09-25 10:00:00,0.217,0.423,0.206,-74.751889,40.136025,8548989,NOAA_NOS,IAN,2022,600.0
2022-09-25 11:00:00,-1.053,-0.537,0.5159999999999999,-74.751889,40.136025,8548989,NOAA_NOS,IAN,2022,660.0
2022-09-25 12:00:00,-2.205,-1.408,0.7970000000000002,-74.751889,40.136025,8548989,NOAA_NOS,IAN,2022,720.0
2022-09-25 13:00:00,-3.192,-2.166,1.0260000000000002,-74.751889,40.136025,8548989,NOAA_NOS,IAN,2022,780.0
2022-09-25 14:00:00,-4.045,-2.771,1.274,-74.751889,40.136025,8548989,NOAA_NOS,IAN,2022,840.0
2022-09-25 15:00:00,-3.77,-1.849,1.921,-74.751889,40.136025,8548989,NOAA_NOS,IAN,2022,900.0
2022-09-25 16:00:00,-0.797,-0.61,0.187,-74.751889,40.136025,8548989,NOAA_NOS,IAN,2022,960.0
2022-09-25 17:00:00,1.43,0.793,-0.6369999999999999,-74.751889,40.136025,8548989,NOAA_NOS,IAN,2022,1020.0
2022-09-25 18:00:00,2.825,2.207,-0.6180000000000003,-74.751889,40.136025,8548989,NOAA_NOS,IAN,2022,1080.0
2022-09-25 19:00:00,3.711,3.338,-0.3729999999999998,-74.751889,40.136025,8548989,NOAA_NOS,IAN,2022,1140.0
2022-09-25 20:00:00,3.799,3.058,-0.7410000000000001,-74.751889,40.136025,8548989,NOAA_NOS,IAN,2022,1200.0
2022-09-25 21:00:00,2.382,1.814,-0.5680000000000001,-74.751889,40.136025,8548989,NOAA_NOS,IAN,2022,1260.0
2022-09-25 22:00:00,0.558,0.673,0.1149999999999999,-74.751889,40.136025,8548989,NOAA_NOS,IAN,2022,1320.0
2022-09-25 23:00:00,-0.869,-0.312,0.5569999999999999,-74.751889,40.136025,8548989,NOAA_NOS,IAN,2022,1380.0
2022-09-26 00:00:00,-2.129,-1.208,0.921,-74.751889,40.136025,8548989,NOAA_NOS,IAN,2022,1440.0
2022-09-26 01:00:00,-3.264,-2.003,1.2609999999999997,-74.751889,40.136025,8548989,NOAA_NOS,IAN,2022,1500.0
2022-09-26 02:00:00,-4.239,-2.68,1.5589999999999995,-74.751889,40.136025,8548989,NOAA_NOS,IAN,2022,1560.0
2022-09-26 03:00:00,-4.537,-2.28,2.257,-74.751889,40.136025,8548989,NOAA_NOS,IAN,2022,1620.0
2022-09-26 04:00:00,-1.519,-1.144,0.375,-74.751889,40.136025,8548989,NOAA_NOS,IAN,2022,1680.0
2022-09-26 05:00:00,1.05,0.267,-0.783,-74.751889,40.136025,8548989,NOAA_NOS,IAN,2022,1740.0
2022-09-26 06:00:00,2.648,1.734,-0.914,-74.751889,40.136025,8548989,NOAA_NOS,IAN,2022,1800.0
2022-09-26 07:00:00,3.789,3.053,-0.7360000000000002,-74.751889,40.136025,8548989,NOAA_NOS,IAN,2022,1860.0
2022-09-26 08:00:00,4.078,3.52,-0.5580000000000003,-74.751889,40.136025,8548989,NOAA_NOS,IAN,2022,1920.0
2022-09-26 09:00:00,2.94,2.359,-0.581,-74.751889,40.136025,8548989,NOAA_NOS,IAN,2022,1980.0
2022-09-26 10:00:00,1.119,1.117,-0.002,-74.751889,40.136025,8548989,NOAA_NOS,IAN,2022,2040.0
2022-09-26 11:00:00,-0.318,0.091,0.409,-74.751889,40.136025,8548989,NOAA_NOS,IAN,2022,2100.0
2022-09-26 12:00:00,-1.562,-0.862,0.7000000000000001,-74.751889,40.136025,8548989,NOAA_NOS,IAN,2022,2160.0
2022-09-26 13:00:00,-2.556,-1.7,0.8560000000000001,-74.751889,40.136025,8548989,NOAA_NOS,IAN,2022,2220.0
2022-09-26 14:00:00,-3.537,-2.423,1.114,-74.751889,40.136025,8548989,NOAA_NOS,IAN,2022,2280.0
2022-09-26 15:00:00,-4.108,-2.744,1.3639999999999994,-74.751889,40.136025,8548989,NOAA_NOS,IAN,2022,2340.0
2022-09-26 16:00:00,-1.526,-1.516,0.01,-74.751889,40.136025,8548989,NOAA_NOS,IAN,2022,2400.0
2022-09-26 17:00:00,1.198,-0.12,-1.318,-74.751889,40.136025,8548989,NOAA_NOS,IAN,2022,2460.0
2022-09-26 18:00:00,2.887,1.339,-1.548,-74.751889,40.136025,8548989,NOAA_NOS,IAN,2022,2520.0
2022-09-26 19:00:00,4.094,2.778,-1.3160000000000005,-74.751889,40.136025,8548989,NOAA_NOS,IAN,2022,2580.0
2022-09-26 20:00:00,4.705,3.723,-0.9820000000000002,-74.751889,40.136025,8548989,NOAA_NOS,IAN,2022,2640.0
2022-09-26 21:00:00,4.252,2.878,-1.3739999999999997,-74.751889,40.136025,8548989,NOAA_NOS,IAN,2022,2700.0
2022-09-26 22:00:00,2.631,1.574,-1.0569999999999995,-74.751889,40.136025,8548989,NOAA_NOS,IAN,2022,2760.0
2022-09-26 23:00:00,0.909,0.49,-0.419,-74.751889,40.136025,8548989,NOAA_NOS,IAN,2022,2820.0
2022-09-27 00:00:00,-0.456,-0.496,-0.0399999999999999,-74.751889,40.136025,8548989,NOAA_NOS,IAN,2022,2880.0
2022-09-27 01:00:00,-1.703,-1.381,0.322,-74.751889,40.136025,8548989,NOAA_NOS,IAN,2022,2940.0
2022-09-27 02:00:00,-2.815,-2.163,0.6520000000000001,-74.751889,40.136025,8548989,NOAA_NOS,IAN,2022,3000.0
2022-09-27 03:00:00,-3.76,-2.819,0.9409999999999998,-74.751889,40.136025,8548989,NOAA_NOS,IAN,2022,3060.0
2022-09-27 04:00:00,-3.051,-2.016,1.035,-74.751889,40.136025,8548989,NOAA_NOS,IAN,2022,3120.0
2022-09-27 05:00:00,0.013,-0.809,-0.8220000000000001,-74.751889,40.136025,8548989,NOAA_NOS,IAN,2022,3180.0
2022-09-27 06:00:00,2.077,0.638,-1.439,-74.751889,40.136025,8548989,NOAA_NOS,IAN,2022,3240.0
2022-09-27 07:00:00,3.389,2.124,-1.2649999999999997,-74.751889,40.136025,8548989,NOAA_NOS,IAN,2022,3300.0
2022-09-27 08:00:00,4.101,3.321,-0.7799999999999998,-74.751889,40.136025,8548989,NOAA_NOS,IAN,2022,3360.0
2022-09-27 09:00:00,3.711,3.133,-0.5779999999999998,-74.751889,40.136025,8548989,NOAA_NOS,IAN,2022,3420.0
2022-09-27 10:00:00,2.041,1.88,-0.161,-74.751889,40.136025,8548989,NOAA_NOS,IAN,2022,3480.0
2022-09-27 11:00:00,0.315,0.719,0.4039999999999999,-74.751889,40.136025,8548989,NOAA_NOS,IAN,2022,3540.0
2022-09-27 12:00:00,-1.017,-0.28,0.7369999999999999,-74.751889,40.136025,8548989,NOAA_NOS,IAN,2022,3600.0
2022-09-27 13:00:00,-2.06,-1.187,0.873,-74.751889,40.136025,8548989,NOAA_NOS,IAN,2022,3660.0
2022-09-27 14:00:00,-3.071,-1.994,1.0770000000000002,-74.751889,40.136025,8548989,NOAA_NOS,IAN,2022,3720.0
2022-09-27 15:00:00,-3.95,-2.683,1.2670000000000003,-74.751889,40.136025,8548989,NOAA_NOS,IAN,2022,3780.0
2022-09-27 16:00:00,-3.599,-2.188,1.411,-74.751889,40.136025,8548989,NOAA_NOS,IAN,2022,3840.0
2022-09-27 17:00:00,-0.571,-1.02,-0.449,-74.751889,40.136025,8548989,NOAA_NOS,IAN,2022,3900.0
2022-09-27 18:00:00,1.64,0.437,-1.2029999999999998,-74.751889,40.136025,8548989,NOAA_NOS,IAN,2022,3960.0
2022-09-27 19:00:00,3.133,1.966,-1.167,-74.751889,40.136025,8548989,NOAA_NOS,IAN,2022,4020.0
2022-09-27 20:00:00,4.196,3.339,-0.8569999999999998,-74.751889,40.136025,8548989,NOAA_NOS,IAN,2022,4080.0
2022-09-27 21:00:00,4.459,3.814,-0.6449999999999996,-74.751889,40.136025,8548989,NOAA_NOS,IAN,2022,4140.0
2022-09-27 22:00:00,3.363,2.622,-0.7410000000000001,-74.751889,40.136025,8548989,NOAA_NOS,IAN,2022,4200.0
2022-09-27 23:00:00,1.526,1.333,-0.193,-74.751889,40.136025,8548989,NOAA_NOS,IAN,2022,4260.0
2022-09-28 00:00:00,-0.01,0.276,0.286,-74.751889,40.136025,8548989,NOAA_NOS,IAN,2022,4320.0
2022-09-28 01:00:00,-1.257,-0.697,0.5599999999999999,-74.751889,40.136025,8548989,NOAA_NOS,IAN,2022,4380.0
2022-09-28 02:00:00,-2.411,-1.565,0.8460000000000001,-74.751889,40.136025,8548989,NOAA_NOS,IAN,2022,4440.0
2022-09-28 03:00:00,-3.438,-2.322,1.116,-74.751889,40.136025,8548989,NOAA_NOS,IAN,2022,4500.0
2022-09-28 04:00:00,-4.163,-2.902,1.261,-74.751889,40.136025,8548989,NOAA_NOS,IAN,2022,4560.0
2022-09-28 05:00:00,-2.247,-1.772,0.4749999999999998,-74.751889,40.136025,8548989,NOAA_NOS,IAN,2022,4620.0
2022-09-28 06:00:00,0.617,-0.428,-1.045,-74.751889,40.136025,8548989,NOAA_NOS,IAN,2022,4680.0
2022-09-28 07:00:00,2.303,1.021,-1.282,-74.751889,40.136025,8548989,NOAA_NOS,IAN,2022,4740.0
2022-09-28 08:00:00,3.412,2.46,-0.952,-74.751889,40.136025,8548989,NOAA_NOS,IAN,2022,4800.0
2022-09-28 09:00:00,3.786,3.461,-0.3250000000000002,-74.751889,40.136025,8548989,NOAA_NOS,IAN,2022,4860.0
2022-09-28 10:00:00,2.805,2.724,-0.0809999999999999,-74.751889,40.136025,8548989,NOAA_NOS,IAN,2022,4920.0
2022-09-28 11:00:00,1.027,1.428,0.401,-74.751889,40.136025,8548989,NOAA_NOS,IAN,2022,4980.0
2022-09-28 12:00:00,-0.502,0.345,0.847,-74.751889,40.136025,8548989,NOAA_NOS,IAN,2022,5040.0
2022-09-28 13:00:00,-1.565,-0.631,0.934,-74.751889,40.136025,8548989,NOAA_NOS,IAN,2022,5100.0
2022-09-28 14:00:00,-2.674,-1.503,1.171,-74.751889,40.136025,8548989,NOAA_NOS,IAN,2022,5160.0
2022-09-28 15:00:00,-3.724,-2.266,1.4580000000000002,-74.751889,40.136025,8548989,NOAA_NOS,IAN,2022,5220.0
2022-09-28 16:00:00,-4.508,-2.887,1.621,-74.751889,40.136025,8548989,NOAA_NOS,IAN,2022,5280.0
2022-09-28 17:00:00,-2.69,-1.864,0.8259999999999998,-74.751889,40.136025,8548989,NOAA_NOS,IAN,2022,5340.0
2022-09-28 18:00:00,0.167,-0.556,-0.7230000000000001,-74.751889,40.136025,8548989,NOAA_NOS,IAN,2022,5400.0
2022-09-28 19:00:00,1.883,0.94,-0.943,-74.751889,40.136025,8548989,NOAA_NOS,IAN,2022,5460.0
2022-09-28 20:00:00,3.219,2.482,-0.7369999999999997,-74.751889,40.136025,8548989,NOAA_NOS,IAN,2022,5520.0
2022-09-28 21:00:00,4.081,3.749,-0.3320000000000003,-74.751889,40.136025,8548989,NOAA_NOS,IAN,2022,5580.0
2022-09-28 22:00:00,3.894,3.59,-0.3040000000000002,-74.751889,40.136025,8548989,NOAA_NOS,IAN,2022,5640.0
2022-09-28 23:00:00,2.349,2.331,-0.0180000000000002,-74.751889,40.136025,8548989,NOAA_NOS,IAN,2022,5700.0
2022-09-29 00:00:00,0.522,1.111,0.589,-74.751889,40.136025,8548989,NOAA_NOS,IAN,2022,5760.0
2022-09-29 01:00:00,-0.909,0.083,0.992,-74.751889,40.136025,8548989,NOAA_NOS,IAN,2022,5820.0
2022-09-29 02:00:00,-2.139,-0.876,1.263,-74.751889,40.136025,8548989,NOAA_NOS,IAN,2022,5880.0
2022-09-29 03:00:00,-3.258,-1.722,1.536,-74.751889,40.136025,8548989,NOAA_NOS,IAN,2022,5940.0
2022-09-29 04:00:00,-4.232,-2.463,1.769,-74.751889,40.136025,8548989,NOAA_NOS,IAN,2022,6000.0
2022-09-29 05:00:00,-4.705,-2.716,1.989,-74.751889,40.136025,8548989,NOAA_NOS,IAN,2022,6060.0
2022-09-29 06:00:00,-2.142,-1.506,0.6359999999999999,-74.751889,40.136025,8548989,NOAA_NOS,IAN,2022,6120.0
2022-09-29 07:00:00,0.449,-0.112,-0.561,-74.751889,40.136025,8548989,NOAA_NOS,IAN,2022,6180.0
2022-09-29 08:00:00,1.942,1.33,-0.6119999999999999,-74.751889,40.136025,8548989,NOAA_NOS,IAN,2022,6240.0
2022-09-29 09:00:00,2.956,2.71,-0.246,-74.751889,40.136025,8548989,NOAA_NOS,IAN,2022,6300.0
2022-09-29 10:00:00,3.133,3.374,0.2410000000000001,-74.751889,40.136025,8548989,NOAA_NOS,IAN,2022,6360.0
2022-09-29 11:00:00,1.834,2.267,0.4329999999999998,-74.751889,40.136025,8548989,NOAA_NOS,IAN,2022,6420.0
2022-09-29 12:00:00,-0.007,1.011,1.0179999999999998,-74.751889,40.136025,8548989,NOAA_NOS,IAN,2022,6480.0
2022-09-29 13:00:00,-1.345,-0.015,1.33,-74.751889,40.136025,8548989,NOAA_NOS,IAN,2022,6540.0
2022-09-29 14:00:00,-2.503,-0.95,1.5530000000000002,-74.751889,40.136025,8548989,NOAA_NOS,IAN,2022,6600.0
2022-09-29 15:00:00,-3.635,-1.779,1.856,-74.751889,40.136025,8548989,NOAA_NOS,IAN,2022,6660.0
2022-09-29 16:00:00,-4.642,-2.502,2.140000000000001,-74.751889,40.136025,8548989,NOAA_NOS,IAN,2022,6720.0
2022-09-29 17:00:00,-4.925,-2.626,2.299,-74.751889,40.136025,8548989,NOAA_NOS,IAN,2022,6780.0
2022-09-29 18:00:00,-2.08,-1.434,0.6460000000000001,-74.751889,40.136025,8548989,NOAA_NOS,IAN,2022,6840.0
2022-09-29 19:00:00,0.387,-0.011,-0.398,-74.751889,40.136025,8548989,NOAA_NOS,IAN,2022,6900.0
2022-09-29 20:00:00,2.008,1.535,-0.4730000000000001,-74.751889,40.136025,8548989,NOAA_NOS,IAN,2022,6960.0
2022-09-29 21:00:00,3.369,3.019,-0.3500000000000001,-74.751889,40.136025,8548989,NOAA_NOS,IAN,2022,7020.0
2022-09-29 22:00:00,4.18,4.068,-0.1120000000000001,-74.751889,40.136025,8548989,NOAA_NOS,IAN,2022,7080.0
2022-09-29 23:00:00,4.035,3.431,-0.6040000000000001,-74.751889,40.136025,8548989,NOAA_NOS,IAN,2022,7140.0
2022-09-30 00:00:00,2.608,2.14,-0.4679999999999999,-74.751889,40.136025,8548989,NOAA_NOS,IAN,2022,7200.0
2022-09-30 01:00:00,0.817,0.988,0.171,-74.751889,40.136025,8548989,NOAA_NOS,IAN,2022,7260.0
2022-09-30 02:00:00,-0.633,-0.048,0.585,-74.751889,40.136025,8548989,NOAA_NOS,IAN,2022,7320.0
2022-09-30 03:00:00,-1.87,-0.982,0.8880000000000001,-74.751889,40.136025,8548989,NOAA_NOS,IAN,2022,7380.0
2022-09-30 04:00:00,-2.999,-1.816,1.183,-74.751889,40.136025,8548989,NOAA_NOS,IAN,2022,7440.0
2022-09-30 05:00:00,-3.947,-2.534,1.4130000000000005,-74.751889,40.136025,8548989,NOAA_NOS,IAN,2022,7500.0
2022-09-30 06:00:00,-3.268,-2.315,0.9529999999999998,-74.751889,40.136025,8548989,NOAA_NOS,IAN,2022,7560.0
2022-09-30 07:00:00,-0.338,-1.163,-0.825,-74.751889,40.136025,8548989,NOAA_NOS,IAN,2022,7620.0
2022-09-30 08:00:00,1.614,0.27,-1.344,-74.751889,40.136025,8548989,NOAA_NOS,IAN,2022,7680.0
2022-09-30 09:00:00,2.867,1.729,-1.138,-74.751889,40.136025,8548989,NOAA_NOS,IAN,2022,7740.0
2022-09-30 10:00:00,3.648,2.987,-0.661,-74.751889,40.136025,8548989,NOAA_NOS,IAN,2022,7800.0
2022-09-30 11:00:00,3.52,3.163,-0.3570000000000002,-74.751889,40.136025,8548989,NOAA_NOS,IAN,2022,7860.0
2022-09-30 12:00:00,2.133,1.954,-0.179,-74.751889,40.136025,8548989,NOAA_NOS,IAN,2022,7920.0
2022-09-30 13:00:00,0.364,0.758,0.394,-74.751889,40.136025,8548989,NOAA_NOS,IAN,2022,7980.0
2022-09-30 14:00:00,-1.056,-0.241,0.8150000000000001,-74.751889,40.136025,8548989,NOAA_NOS,IAN,2022,8040.0
2022-09-30 15:00:00,-2.234,-1.145,1.089,-74.751889,40.136025,8548989,NOAA_NOS,IAN,2022,8100.0
2022-09-30 16:00:00,-3.323,-1.949,1.374,-74.751889,40.136025,8548989,NOAA_NOS,IAN,2022,8160.0
2022-09-30 17:00:00,-4.163,-2.633,1.5300000000000002,-74.751889,40.136025,8548989,NOAA_NOS,IAN,2022,8220.0
2022-09-30 18:00:00,-3.15,-2.204,0.9459999999999996,-74.751889,40.136025,8548989,NOAA_NOS,IAN,2022,8280.0
2022-09-30 19:00:00,-0.361,-1.044,-0.683,-74.751889,40.136025,8548989,NOAA_NOS,IAN,2022,8340.0
2022-09-30 20:00:00,1.614,0.41,-1.2040000000000002,-74.751889,40.136025,8548989,NOAA_NOS,IAN,2022,8400.0
2022-09-30 21:00:00,3.114,1.938,-1.176,-74.751889,40.136025,8548989,NOAA_NOS,IAN,2022,8460.0
2022-09-30 22:00:00,4.167,3.352,-0.815,-74.751889,40.136025,8548989,NOAA_NOS,IAN,2022,8520.0
2022-09-30 23:00:00,4.554,4.162,-0.3920000000000003,-74.751889,40.136025,8548989,NOAA_NOS,IAN,2022,8580.0
2022-10-01 00:00:00,3.904,3.195,-0.7090000000000001,-74.751889,40.136025,8548989,NOAA_NOS,IAN,2022,8640.0
2022-10-01 01:00:00,2.346,1.894,-0.4520000000000002,-74.751889,40.136025,8548989,NOAA_NOS,IAN,2022,8700.0
2022-10-01 02:00:00,0.735,0.794,0.059,-74.751889,40.136025,8548989,NOAA_NOS,IAN,2022,8760.0
2022-10-01 03:00:00,-0.62,-0.216,0.404,-74.751889,40.136025,8548989,NOAA_NOS,IAN,2022,8820.0
2022-10-01 04:00:00,-1.785,-1.122,0.6629999999999998,-74.751889,40.136025,8548989,NOAA_NOS,IAN,2022,8880.0
2022-10-01 05:00:00,-2.808,-1.927,0.8809999999999998,-74.751889,40.136025,8548989,NOAA_NOS,IAN,2022,8940.0
2022-10-01 06:00:00,-3.629,-2.582,1.0470000000000002,-74.751889,40.136025,8548989,NOAA_NOS,IAN,2022,9000.0
2022-10-01 07:00:00,-2.408,-1.86,0.5479999999999998,-74.751889,40.136025,8548989,NOAA_NOS,IAN,2022,9060.0
2022-10-01 08:00:00,0.41,-0.663,-1.073,-74.751889,40.136025,8548989,NOAA_NOS,IAN,2022,9120.0
2022-10-01 09:00:00,2.201,0.753,-1.448,-74.751889,40.136025,8548989,NOAA_NOS,IAN,2022,9180.0
2022-10-01 10:00:00,3.373,2.155,-1.2180000000000004,-74.751889,40.136025,8548989,NOAA_NOS,IAN,2022,9240.0
2022-10-01 11:00:00,3.832,3.329,-0.5029999999999997,-74.751889,40.136025,8548989,NOAA_NOS,IAN,2022,9300.0
2022-10-01 12:00:00,3.369,3.249,-0.1200000000000001,-74.751889,40.136025,8548989,NOAA_NOS,IAN,2022,9360.0
2022-10-01 13:00:00,2.083,2.024,-0.0590000000000001,-74.751889,40.136025,8548989,NOAA_NOS,IAN,2022,9420.0
2022-10-01 14:00:00,0.673,0.846,0.1729999999999999,-74.751889,40.136025,8548989,NOAA_NOS,IAN,2022,9480.0
2022-10-01 15:00:00,-0.518,-0.151,0.367,-74.751889,40.136025,8548989,NOAA_NOS,IAN,2022,9540.0
2022-10-01 16:00:00,-1.545,-1.047,0.498,-74.751889,40.136025,8548989,NOAA_NOS,IAN,2022,9600.0
2022-10-01 17:00:00,-2.51,-1.827,0.6829999999999998,-74.751889,40.136025,8548989,NOAA_NOS,IAN,2022,9660.0
2022-10-01 18:00:00,-3.202,-2.429,0.7730000000000001,-74.751889,40.136025,8548989,NOAA_NOS,IAN,2022,9720.0
2022-10-01 19:00:00,-1.932,-1.454,0.478,-74.751889,40.136025,8548989,NOAA_NOS,IAN,2022,9780.0
2022-10-01 20:00:00,0.801,-0.143,-0.944,-74.751889,40.136025,8548989,NOAA_NOS,IAN,2022,9840.0
2022-10-01 21:00:00,2.625,1.309,-1.316,-74.751889,40.136025,8548989,NOAA_NOS,IAN,2022,9900.0
2022-10-01 22:00:00,3.957,2.829,-1.1279999999999997,-74.751889,40.136025,8548989,NOAA_NOS,IAN,2022,9960.0
2022-10-01 23:00:00,4.793,4.051,-0.742,-74.751889,40.136025,8548989,NOAA_NOS,IAN,2022,10020.0
2022-09-25 01:00:00,1.778,1.261,-0.5170000000000001,-75.5883,39.5817,8551762,NOAA_NOS,IAN,2022,60.0
2022-09-25 02:00:00,2.848,2.325,-0.5229999999999997,-75.5883,39.5817,8551762,NOAA_NOS,IAN,2022,120.0
2022-09-25 03:00:00,3.379,2.959,-0.4199999999999999,-75.5883,39.5817,8551762,NOAA_NOS,IAN,2022,180.0
2022-09-25 04:00:00,3.251,2.661,-0.5899999999999999,-75.5883,39.5817,8551762,NOAA_NOS,IAN,2022,240.0
2022-09-25 05:00:00,2.241,1.512,-0.7290000000000001,-75.5883,39.5817,8551762,NOAA_NOS,IAN,2022,300.0
2022-09-25 06:00:00,1.004,0.525,-0.479,-75.5883,39.5817,8551762,NOAA_NOS,IAN,2022,360.0
2022-09-25 07:00:00,-0.03,-0.457,-0.427,-75.5883,39.5817,8551762,NOAA_NOS,IAN,2022,420.0
2022-09-25 08:00:00,-0.892,-1.355,-0.4629999999999999,-75.5883,39.5817,8551762,NOAA_NOS,IAN,2022,480.0
2022-09-25 09:00:00,-1.65,-2.088,-0.4380000000000001,-75.5883,39.5817,8551762,NOAA_NOS,IAN,2022,540.0
2022-09-25 10:00:00,-2.231,-2.565,-0.3340000000000001,-75.5883,39.5817,8551762,NOAA_NOS,IAN,2022,600.0
2022-09-25 11:00:00,-2.359,-1.797,0.562,-75.5883,39.5817,8551762,NOAA_NOS,IAN,2022,660.0
2022-09-25 12:00:00,-0.968,-0.427,0.5409999999999999,-75.5883,39.5817,8551762,NOAA_NOS,IAN,2022,720.0
2022-09-25 13:00:00,0.541,0.781,0.24,-75.5883,39.5817,8551762,NOAA_NOS,IAN,2022,780.0
2022-09-25 14:00:00,1.709,1.95,0.2409999999999998,-75.5883,39.5817,8551762,NOAA_NOS,IAN,2022,840.0
2022-09-25 15:00:00,2.526,2.797,0.2710000000000003,-75.5883,39.5817,8551762,NOAA_NOS,IAN,2022,900.0
2022-09-25 16:00:00,2.858,2.869,0.0110000000000001,-75.5883,39.5817,8551762,NOAA_NOS,IAN,2022,960.0
2022-09-25 17:00:00,2.29,1.783,-0.5070000000000001,-75.5883,39.5817,8551762,NOAA_NOS,IAN,2022,1020.0
2022-09-25 18:00:00,1.07,0.752,-0.318,-75.5883,39.5817,8551762,NOAA_NOS,IAN,2022,1080.0
2022-09-25 19:00:00,-0.187,-0.221,-0.034,-75.5883,39.5817,8551762,NOAA_NOS,IAN,2022,1140.0
2022-09-25 20:00:00,-1.152,-1.177,-0.0250000000000001,-75.5883,39.5817,8551762,NOAA_NOS,IAN,2022,1200.0
2022-09-25 21:00:00,-1.949,-1.97,-0.0209999999999999,-75.5883,39.5817,8551762,NOAA_NOS,IAN,2022,1260.0
2022-09-25 22:00:00,-2.631,-2.564,0.0669999999999997,-75.5883,39.5817,8551762,NOAA_NOS,IAN,2022,1320.0
2022-09-25 23:00:00,-2.894,-2.434,0.4599999999999999,-75.5883,39.5817,8551762,NOAA_NOS,IAN,2022,1380.0
2022-09-26 00:00:00,-1.437,-0.883,0.554,-75.5883,39.5817,8551762,NOAA_NOS,IAN,2022,1440.0
2022-09-26 01:00:00,0.174,0.37,0.196,-75.5883,39.5817,8551762,NOAA_NOS,IAN,2022,1500.0
2022-09-26 02:00:00,1.644,1.611,-0.0329999999999999,-75.5883,39.5817,8551762,NOAA_NOS,IAN,2022,1560.0
2022-09-26 03:00:00,2.674,2.629,-0.0449999999999999,-75.5883,39.5817,8551762,NOAA_NOS,IAN,2022,1620.0
2022-09-26 04:00:00,3.104,3.053,-0.0510000000000001,-75.5883,39.5817,8551762,NOAA_NOS,IAN,2022,1680.0
2022-09-26 05:00:00,2.733,2.281,-0.4519999999999999,-75.5883,39.5817,8551762,NOAA_NOS,IAN,2022,1740.0
2022-09-26 06:00:00,1.539,1.16,-0.379,-75.5883,39.5817,8551762,NOAA_NOS,IAN,2022,1800.0
2022-09-26 07:00:00,0.577,0.176,-0.4009999999999999,-75.5883,39.5817,8551762,NOAA_NOS,IAN,2022,1860.0
2022-09-26 08:00:00,-0.492,-0.818,-0.3259999999999999,-75.5883,39.5817,8551762,NOAA_NOS,IAN,2022,1920.0
2022-09-26 09:00:00,-1.299,-1.69,-0.391,-75.5883,39.5817,8551762,NOAA_NOS,IAN,2022,1980.0
2022-09-26 10:00:00,-2.093,-2.368,-0.2749999999999999,-75.5883,39.5817,8551762,NOAA_NOS,IAN,2022,2040.0
2022-09-26 11:00:00,-2.47,-2.654,-0.1839999999999997,-75.5883,39.5817,8551762,NOAA_NOS,IAN,2022,2100.0
2022-09-26 12:00:00,-1.427,-1.263,0.1640000000000001,-75.5883,39.5817,8551762,NOAA_NOS,IAN,2022,2160.0
2022-09-26 13:00:00,0.289,0.054,-0.235,-75.5883,39.5817,8551762,NOAA_NOS,IAN,2022,2220.0
2022-09-26 14:00:00,1.837,1.359,-0.478,-75.5883,39.5817,8551762,NOAA_NOS,IAN,2022,2280.0
2022-09-26 15:00:00,2.972,2.49,-0.4819999999999997,-75.5883,39.5817,8551762,NOAA_NOS,IAN,2022,2340.0
2022-09-26 16:00:00,3.606,3.147,-0.4590000000000001,-75.5883,39.5817,8551762,NOAA_NOS,IAN,2022,2400.0
2022-09-26 17:00:00,3.642,2.813,-0.8289999999999997,-75.5883,39.5817,8551762,NOAA_NOS,IAN,2022,2460.0
2022-09-26 18:00:00,2.808,1.594,-1.2139999999999995,-75.5883,39.5817,8551762,NOAA_NOS,IAN,2022,2520.0
2022-09-26 19:00:00,1.447,0.554,-0.893,-75.5883,39.5817,8551762,NOAA_NOS,IAN,2022,2580.0
2022-09-26 20:00:00,0.276,-0.461,-0.7370000000000001,-75.5883,39.5817,8551762,NOAA_NOS,IAN,2022,2640.0
2022-09-26 21:00:00,-0.62,-1.398,-0.7779999999999999,-75.5883,39.5817,8551762,NOAA_NOS,IAN,2022,2700.0
2022-09-26 22:00:00,-1.509,-2.174,-0.665,-75.5883,39.5817,8551762,NOAA_NOS,IAN,2022,2760.0
2022-09-26 23:00:00,-2.106,-2.718,-0.6120000000000001,-75.5883,39.5817,8551762,NOAA_NOS,IAN,2022,2820.0
2022-09-27 00:00:00,-1.991,-2.059,-0.068,-75.5883,39.5817,8551762,NOAA_NOS,IAN,2022,2880.0
2022-09-27 01:00:00,-0.335,-0.558,-0.223,-75.5883,39.5817,8551762,NOAA_NOS,IAN,2022,2940.0
2022-09-27 02:00:00,1.155,0.705,-0.45,-75.5883,39.5817,8551762,NOAA_NOS,IAN,2022,3000.0
2022-09-27 03:00:00,2.323,1.96,-0.363,-75.5883,39.5817,8551762,NOAA_NOS,IAN,2022,3060.0
2022-09-27 04:00:00,3.025,2.86,-0.165,-75.5883,39.5817,8551762,NOAA_NOS,IAN,2022,3120.0
2022-09-27 05:00:00,3.13,2.974,-0.1559999999999997,-75.5883,39.5817,8551762,NOAA_NOS,IAN,2022,3180.0
2022-09-27 06:00:00,2.27,1.84,-0.4299999999999999,-75.5883,39.5817,8551762,NOAA_NOS,IAN,2022,3240.0
2022-09-27 07:00:00,0.984,0.796,-0.1879999999999999,-75.5883,39.5817,8551762,NOAA_NOS,IAN,2022,3300.0
2022-09-27 08:00:00,-0.167,-0.218,-0.0509999999999999,-75.5883,39.5817,8551762,NOAA_NOS,IAN,2022,3360.0
2022-09-27 09:00:00,-1.04,-1.193,-0.153,-75.5883,39.5817,8551762,NOAA_NOS,IAN,2022,3420.0
2022-09-27 10:00:00,-1.847,-1.999,-0.1520000000000001,-75.5883,39.5817,8551762,NOAA_NOS,IAN,2022,3480.0
2022-09-27 11:00:00,-2.457,-2.612,-0.1550000000000002,-75.5883,39.5817,8551762,NOAA_NOS,IAN,2022,3540.0
2022-09-27 12:00:00,-2.543,-2.38,0.1630000000000002,-75.5883,39.5817,8551762,NOAA_NOS,IAN,2022,3600.0
2022-09-27 13:00:00,-0.974,-0.764,0.2099999999999999,-75.5883,39.5817,8551762,NOAA_NOS,IAN,2022,3660.0
2022-09-27 14:00:00,0.666,0.566,-0.1,-75.5883,39.5817,8551762,NOAA_NOS,IAN,2022,3720.0
2022-09-27 15:00:00,2.083,1.883,-0.2000000000000001,-75.5883,39.5817,8551762,NOAA_NOS,IAN,2022,3780.0
2022-09-27 16:00:00,3.074,2.971,-0.1029999999999997,-75.5883,39.5817,8551762,NOAA_NOS,IAN,2022,3840.0
2022-09-27 17:00:00,3.517,3.37,-0.1469999999999998,-75.5883,39.5817,8551762,NOAA_NOS,IAN,2022,3900.0
2022-09-27 18:00:00,3.186,2.522,-0.6640000000000001,-75.5883,39.5817,8551762,NOAA_NOS,IAN,2022,3960.0
2022-09-27 19:00:00,1.995,1.379,-0.6160000000000001,-75.5883,39.5817,8551762,NOAA_NOS,IAN,2022,4020.0
2022-09-27 20:00:00,0.663,0.316,-0.347,-75.5883,39.5817,8551762,NOAA_NOS,IAN,2022,4080.0
2022-09-27 21:00:00,-0.315,-0.687,-0.372,-75.5883,39.5817,8551762,NOAA_NOS,IAN,2022,4140.0
2022-09-27 22:00:00,-1.152,-1.549,-0.397,-75.5883,39.5817,8551762,NOAA_NOS,IAN,2022,4200.0
2022-09-27 23:00:00,-1.913,-2.355,-0.4419999999999999,-75.5883,39.5817,8551762,NOAA_NOS,IAN,2022,4260.0
2022-09-28 00:00:00,-2.365,-2.806,-0.4409999999999998,-75.5883,39.5817,8551762,NOAA_NOS,IAN,2022,4320.0
2022-09-28 01:00:00,-1.68,-1.611,0.0689999999999999,-75.5883,39.5817,8551762,NOAA_NOS,IAN,2022,4380.0
2022-09-28 02:00:00,-0.02,-0.219,-0.199,-75.5883,39.5817,8551762,NOAA_NOS,IAN,2022,4440.0
2022-09-28 03:00:00,1.368,1.072,-0.296,-75.5883,39.5817,8551762,NOAA_NOS,IAN,2022,4500.0
2022-09-28 04:00:00,2.349,2.22,-0.129,-75.5883,39.5817,8551762,NOAA_NOS,IAN,2022,4560.0
2022-09-28 05:00:00,2.776,2.944,0.1680000000000001,-75.5883,39.5817,8551762,NOAA_NOS,IAN,2022,4620.0
2022-09-28 06:00:00,2.497,2.655,0.1579999999999999,-75.5883,39.5817,8551762,NOAA_NOS,IAN,2022,4680.0
2022-09-28 07:00:00,1.486,1.428,-0.058,-75.5883,39.5817,8551762,NOAA_NOS,IAN,2022,4740.0
2022-09-28 08:00:00,0.299,0.406,0.107,-75.5883,39.5817,8551762,NOAA_NOS,IAN,2022,4800.0
2022-09-28 09:00:00,-0.666,-0.592,0.074,-75.5883,39.5817,8551762,NOAA_NOS,IAN,2022,4860.0
2022-09-28 10:00:00,-1.552,-1.522,0.03,-75.5883,39.5817,8551762,NOAA_NOS,IAN,2022,4920.0
2022-09-28 11:00:00,-2.323,-2.28,0.0430000000000001,-75.5883,39.5817,8551762,NOAA_NOS,IAN,2022,4980.0
2022-09-28 12:00:00,-2.808,-2.773,0.0349999999999997,-75.5883,39.5817,8551762,NOAA_NOS,IAN,2022,5040.0
2022-09-28 13:00:00,-2.257,-1.767,0.4900000000000002,-75.5883,39.5817,8551762,NOAA_NOS,IAN,2022,5100.0
2022-09-28 14:00:00,-0.515,-0.306,0.209,-75.5883,39.5817,8551762,NOAA_NOS,IAN,2022,5160.0
2022-09-28 15:00:00,0.938,1.046,0.1080000000000001,-75.5883,39.5817,8551762,NOAA_NOS,IAN,2022,5220.0
2022-09-28 16:00:00,2.313,2.36,0.0469999999999997,-75.5883,39.5817,8551762,NOAA_NOS,IAN,2022,5280.0
2022-09-28 17:00:00,3.176,3.268,0.0919999999999996,-75.5883,39.5817,8551762,NOAA_NOS,IAN,2022,5340.0
2022-09-28 18:00:00,3.376,3.426,0.0500000000000002,-75.5883,39.5817,8551762,NOAA_NOS,IAN,2022,5400.0
2022-09-28 19:00:00,2.69,2.282,-0.4079999999999999,-75.5883,39.5817,8551762,NOAA_NOS,IAN,2022,5460.0
2022-09-28 20:00:00,1.335,1.167,-0.1679999999999999,-75.5883,39.5817,8551762,NOAA_NOS,IAN,2022,5520.0
2022-09-28 21:00:00,0.095,0.113,0.018,-75.5883,39.5817,8551762,NOAA_NOS,IAN,2022,5580.0
2022-09-28 22:00:00,-0.837,-0.912,-0.075,-75.5883,39.5817,8551762,NOAA_NOS,IAN,2022,5640.0
2022-09-28 23:00:00,-1.736,-1.787,-0.0509999999999999,-75.5883,39.5817,8551762,NOAA_NOS,IAN,2022,5700.0
2022-09-29 00:00:00,-2.402,-2.488,-0.0859999999999998,-75.5883,39.5817,8551762,NOAA_NOS,IAN,2022,5760.0
2022-09-29 01:00:00,-2.707,-2.725,-0.0180000000000002,-75.5883,39.5817,8551762,NOAA_NOS,IAN,2022,5820.0
2022-09-29 02:00:00,-1.677,-1.242,0.435,-75.5883,39.5817,8551762,NOAA_NOS,IAN,2022,5880.0
2022-09-29 03:00:00,-0.072,0.061,0.133,-75.5883,39.5817,8551762,NOAA_NOS,IAN,2022,5940.0
2022-09-29 04:00:00,1.188,1.352,0.1640000000000001,-75.5883,39.5817,8551762,NOAA_NOS,IAN,2022,6000.0
2022-09-29 05:00:00,2.149,2.401,0.2519999999999998,-75.5883,39.5817,8551762,NOAA_NOS,IAN,2022,6060.0
2022-09-29 06:00:00,2.49,2.895,0.4049999999999998,-75.5883,39.5817,8551762,NOAA_NOS,IAN,2022,6120.0
2022-09-29 07:00:00,1.975,2.216,0.2410000000000001,-75.5883,39.5817,8551762,NOAA_NOS,IAN,2022,6180.0
2022-09-29 08:00:00,0.781,1.065,0.2839999999999999,-75.5883,39.5817,8551762,NOAA_NOS,IAN,2022,6240.0
2022-09-29 09:00:00,-0.348,0.062,0.41,-75.5883,39.5817,8551762,NOAA_NOS,IAN,2022,6300.0
2022-09-29 10:00:00,-1.302,-0.926,0.376,-75.5883,39.5817,8551762,NOAA_NOS,IAN,2022,6360.0
2022-09-29 11:00:00,-2.129,-1.777,0.3520000000000001,-75.5883,39.5817,8551762,NOAA_NOS,IAN,2022,6420.0
2022-09-29 12:00:00,-2.779,-2.452,0.3269999999999999,-75.5883,39.5817,8551762,NOAA_NOS,IAN,2022,6480.0
2022-09-29 13:00:00,-3.009,-2.646,0.363,-75.5883,39.5817,8551762,NOAA_NOS,IAN,2022,6540.0
2022-09-29 14:00:00,-1.706,-1.141,0.565,-75.5883,39.5817,8551762,NOAA_NOS,IAN,2022,6600.0
2022-09-29 15:00:00,-0.095,0.123,0.218,-75.5883,39.5817,8551762,NOAA_NOS,IAN,2022,6660.0
2022-09-29 16:00:00,1.414,1.562,0.1480000000000001,-75.5883,39.5817,8551762,NOAA_NOS,IAN,2022,6720.0
2022-09-29 17:00:00,2.638,2.785,0.1470000000000002,-75.5883,39.5817,8551762,NOAA_NOS,IAN,2022,6780.0
2022-09-29 18:00:00,3.389,3.496,0.1070000000000002,-75.5883,39.5817,8551762,NOAA_NOS,IAN,2022,6840.0
2022-09-29 19:00:00,3.57,3.41,-0.1599999999999997,-75.5883,39.5817,8551762,NOAA_NOS,IAN,2022,6900.0
2022-09-29 20:00:00,2.982,2.157,-0.8250000000000002,-75.5883,39.5817,8551762,NOAA_NOS,IAN,2022,6960.0
2022-09-29 21:00:00,1.722,1.084,-0.6379999999999999,-75.5883,39.5817,8551762,NOAA_NOS,IAN,2022,7020.0
2022-09-29 22:00:00,0.502,0.023,-0.479,-75.5883,39.5817,8551762,NOAA_NOS,IAN,2022,7080.0
2022-09-29 23:00:00,-0.486,-0.987,-0.501,-75.5883,39.5817,8551762,NOAA_NOS,IAN,2022,7140.0
2022-09-30 00:00:00,-1.358,-1.812,-0.4539999999999999,-75.5883,39.5817,8551762,NOAA_NOS,IAN,2022,7200.0
2022-09-30 01:00:00,-2.008,-2.475,-0.4670000000000001,-75.5883,39.5817,8551762,NOAA_NOS,IAN,2022,7260.0
2022-09-30 02:00:00,-1.827,-2.464,-0.637,-75.5883,39.5817,8551762,NOAA_NOS,IAN,2022,7320.0
2022-09-30 03:00:00,-0.315,-0.86,-0.5449999999999999,-75.5883,39.5817,8551762,NOAA_NOS,IAN,2022,7380.0
2022-09-30 04:00:00,1.027,0.402,-0.6249999999999999,-75.5883,39.5817,8551762,NOAA_NOS,IAN,2022,7440.0
2022-09-30 05:00:00,2.1,1.642,-0.4580000000000002,-75.5883,39.5817,8551762,NOAA_NOS,IAN,2022,7500.0
2022-09-30 06:00:00,2.792,2.603,-0.1889999999999996,-75.5883,39.5817,8551762,NOAA_NOS,IAN,2022,7560.0
2022-09-30 07:00:00,3.064,2.886,-0.1779999999999999,-75.5883,39.5817,8551762,NOAA_NOS,IAN,2022,7620.0
2022-09-30 08:00:00,2.52,1.922,-0.5980000000000001,-75.5883,39.5817,8551762,NOAA_NOS,IAN,2022,7680.0
2022-09-30 09:00:00,1.355,0.839,-0.516,-75.5883,39.5817,8551762,NOAA_NOS,IAN,2022,7740.0
2022-09-30 10:00:00,0.174,-0.155,-0.3289999999999999,-75.5883,39.5817,8551762,NOAA_NOS,IAN,2022,7800.0
2022-09-30 11:00:00,-0.689,-1.076,-0.3870000000000001,-75.5883,39.5817,8551762,NOAA_NOS,IAN,2022,7860.0
2022-09-30 12:00:00,-1.427,-1.891,-0.4639999999999999,-75.5883,39.5817,8551762,NOAA_NOS,IAN,2022,7920.0
2022-09-30 13:00:00,-1.959,-2.488,-0.5289999999999999,-75.5883,39.5817,8551762,NOAA_NOS,IAN,2022,7980.0
2022-09-30 14:00:00,-1.677,-2.348,-0.6709999999999998,-75.5883,39.5817,8551762,NOAA_NOS,IAN,2022,8040.0
2022-09-30 15:00:00,-0.269,-0.757,-0.488,-75.5883,39.5817,8551762,NOAA_NOS,IAN,2022,8100.0
2022-09-30 16:00:00,1.129,0.562,-0.567,-75.5883,39.5817,8551762,NOAA_NOS,IAN,2022,8160.0
2022-09-30 17:00:00,2.526,1.874,-0.6519999999999997,-75.5883,39.5817,8551762,NOAA_NOS,IAN,2022,8220.0
2022-09-30 18:00:00,3.547,3.023,-0.524,-75.5883,39.5817,8551762,NOAA_NOS,IAN,2022,8280.0
2022-09-30 19:00:00,4.042,3.588,-0.4539999999999997,-75.5883,39.5817,8551762,NOAA_NOS,IAN,2022,8340.0
2022-09-30 20:00:00,3.957,3.201,-0.7559999999999998,-75.5883,39.5817,8551762,NOAA_NOS,IAN,2022,8400.0
2022-09-30 21:00:00,3.189,2.016,-1.173,-75.5883,39.5817,8551762,NOAA_NOS,IAN,2022,8460.0
2022-09-30 22:00:00,1.985,0.958,-1.027,-75.5883,39.5817,8551762,NOAA_NOS,IAN,2022,8520.0
2022-09-30 23:00:00,0.981,-0.079,-1.06,-75.5883,39.5817,8551762,NOAA_NOS,IAN,2022,8580.0
2022-10-01 00:00:00,0.012,-1.0,-1.012,-75.5883,39.5817,8551762,NOAA_NOS,IAN,2022,8640.0
2022-10-01 01:00:00,-0.837,-1.77,-0.933,-75.5883,39.5817,8551762,NOAA_NOS,IAN,2022,8700.0
2022-10-01 02:00:00,-1.358,-2.335,-0.977,-75.5883,39.5817,8551762,NOAA_NOS,IAN,2022,8760.0
2022-10-01 03:00:00,-1.022,-1.862,-0.8400000000000001,-75.5883,39.5817,8551762,NOAA_NOS,IAN,2022,8820.0
2022-10-01 04:00:00,0.537,-0.392,-0.929,-75.5883,39.5817,8551762,NOAA_NOS,IAN,2022,8880.0
2022-10-01 05:00:00,1.829,0.79,-1.039,-75.5883,39.5817,8551762,NOAA_NOS,IAN,2022,8940.0
2022-10-01 06:00:00,2.872,1.951,-0.9209999999999998,-75.5883,39.5817,8551762,NOAA_NOS,IAN,2022,9000.0
2022-10-01 07:00:00,3.448,2.843,-0.605,-75.5883,39.5817,8551762,NOAA_NOS,IAN,2022,9060.0
2022-10-01 08:00:00,3.61,3.048,-0.5619999999999998,-75.5883,39.5817,8551762,NOAA_NOS,IAN,2022,9120.0
2022-10-01 09:00:00,3.098,2.018,-1.08,-75.5883,39.5817,8551762,NOAA_NOS,IAN,2022,9180.0
2022-10-01 10:00:00,2.198,0.977,-1.221,-75.5883,39.5817,8551762,NOAA_NOS,IAN,2022,9240.0
2022-10-01 11:00:00,1.299,-0.013,-1.3119999999999998,-75.5883,39.5817,8551762,NOAA_NOS,IAN,2022,9300.0
2022-10-01 12:00:00,0.491,-0.914,-1.405,-75.5883,39.5817,8551762,NOAA_NOS,IAN,2022,9360.0
2022-10-01 13:00:00,-0.256,-1.672,-1.416,-75.5883,39.5817,8551762,NOAA_NOS,IAN,2022,9420.0
2022-10-01 14:00:00,-0.75,-2.138,-1.388,-75.5883,39.5817,8551762,NOAA_NOS,IAN,2022,9480.0
2022-10-01 15:00:00,-0.579,-1.384,-0.8049999999999999,-75.5883,39.5817,8551762,NOAA_NOS,IAN,2022,9540.0
2022-10-01 16:00:00,0.777,0.007,-0.77,-75.5883,39.5817,8551762,NOAA_NOS,IAN,2022,9600.0
2022-10-01 17:00:00,2.115,1.26,-0.8550000000000002,-75.5883,39.5817,8551762,NOAA_NOS,IAN,2022,9660.0
2022-10-01 18:00:00,3.277,2.564,-0.7130000000000001,-75.5883,39.5817,8551762,NOAA_NOS,IAN,2022,9720.0
2022-10-01 19:00:00,4.108,3.492,-0.6159999999999997,-75.5883,39.5817,8551762,NOAA_NOS,IAN,2022,9780.0
2022-10-01 20:00:00,4.366,3.739,-0.6269999999999998,-75.5883,39.5817,8551762,NOAA_NOS,IAN,2022,9840.0
2022-10-01 21:00:00,4.26,2.655,-1.605,-75.5883,39.5817,8551762,NOAA_NOS,IAN,2022,9900.0
2022-10-01 22:00:00,3.43,1.565,-1.865,-75.5883,39.5817,8551762,NOAA_NOS,IAN,2022,9960.0
2022-10-01 23:00:00,2.157,0.536,-1.621,-75.5883,39.5817,8551762,NOAA_NOS,IAN,2022,10020.0
2022-09-25 01:00:00,1.988,1.446,-0.542,-75.571944,39.558742,8551910,NOAA_NOS,IAN,2022,60.0
2022-09-25 02:00:00,2.979,2.456,-0.5230000000000001,-75.571944,39.558742,8551910,NOAA_NOS,IAN,2022,120.0
2022-09-25 03:00:00,3.438,2.985,-0.4530000000000003,-75.571944,39.558742,8551910,NOAA_NOS,IAN,2022,180.0
2022-09-25 04:00:00,3.186,2.516,-0.6699999999999999,-75.571944,39.558742,8551910,NOAA_NOS,IAN,2022,240.0
2022-09-25 05:00:00,2.149,1.336,-0.813,-75.571944,39.558742,8551910,NOAA_NOS,IAN,2022,300.0
2022-09-25 06:00:00,0.896,0.333,-0.563,-75.571944,39.558742,8551910,NOAA_NOS,IAN,2022,360.0
2022-09-25 07:00:00,-0.184,-0.637,-0.453,-75.571944,39.558742,8551910,NOAA_NOS,IAN,2022,420.0
2022-09-25 08:00:00,-1.056,-1.505,-0.4489999999999998,-75.571944,39.558742,8551910,NOAA_NOS,IAN,2022,480.0
2022-09-25 09:00:00,-1.722,-2.19,-0.4679999999999999,-75.571944,39.558742,8551910,NOAA_NOS,IAN,2022,540.0
2022-09-25 10:00:00,-2.297,-2.566,-0.2689999999999997,-75.571944,39.558742,8551910,NOAA_NOS,IAN,2022,600.0
2022-09-25 11:00:00,-2.221,-1.582,0.639,-75.571944,39.558742,8551910,NOAA_NOS,IAN,2022,660.0
2022-09-25 12:00:00,-0.669,-0.23,0.439,-75.571944,39.558742,8551910,NOAA_NOS,IAN,2022,720.0
2022-09-25 13:00:00,0.787,0.994,0.2069999999999999,-75.571944,39.558742,8551910,NOAA_NOS,IAN,2022,780.0
2022-09-25 14:00:00,1.893,2.115,0.2220000000000002,-75.571944,39.558742,8551910,NOAA_NOS,IAN,2022,840.0
2022-09-25 15:00:00,2.667,2.854,0.1870000000000002,-75.571944,39.558742,8551910,NOAA_NOS,IAN,2022,900.0
2022-09-25 16:00:00,2.913,2.782,-0.1309999999999997,-75.571944,39.558742,8551910,NOAA_NOS,IAN,2022,960.0
2022-09-25 17:00:00,2.205,1.603,-0.6020000000000001,-75.571944,39.558742,8551910,NOAA_NOS,IAN,2022,1020.0
2022-09-25 18:00:00,0.899,0.567,-0.3320000000000001,-75.571944,39.558742,8551910,NOAA_NOS,IAN,2022,1080.0
2022-09-25 19:00:00,-0.361,-0.424,-0.063,-75.571944,39.558742,8551910,NOAA_NOS,IAN,2022,1140.0
2022-09-25 20:00:00,-1.339,-1.332,0.0069999999999998,-75.571944,39.558742,8551910,NOAA_NOS,IAN,2022,1200.0
2022-09-25 21:00:00,-2.096,-2.099,-0.0030000000000001,-75.571944,39.558742,8551910,NOAA_NOS,IAN,2022,1260.0
2022-09-25 22:00:00,-2.736,-2.621,0.1150000000000002,-75.571944,39.558742,8551910,NOAA_NOS,IAN,2022,1320.0
2022-09-25 23:00:00,-2.815,-2.212,0.6029999999999998,-75.571944,39.558742,8551910,NOAA_NOS,IAN,2022,1380.0
2022-09-26 00:00:00,-1.191,-0.696,0.4950000000000001,-75.571944,39.558742,8551910,NOAA_NOS,IAN,2022,1440.0
2022-09-26 01:00:00,0.436,0.595,0.1589999999999999,-75.571944,39.558742,8551910,NOAA_NOS,IAN,2022,1500.0
2022-09-26 02:00:00,1.811,1.815,0.004,-75.571944,39.558742,8551910,NOAA_NOS,IAN,2022,1560.0
2022-09-26 03:00:00,2.825,2.738,-0.0870000000000001,-75.571944,39.558742,8551910,NOAA_NOS,IAN,2022,1620.0
2022-09-26 04:00:00,3.136,3.034,-0.1020000000000003,-75.571944,39.558742,8551910,NOAA_NOS,IAN,2022,1680.0
2022-09-26 05:00:00,2.667,2.101,-0.5659999999999998,-75.571944,39.558742,8551910,NOAA_NOS,IAN,2022,1740.0
2022-09-26 06:00:00,1.437,0.961,-0.4760000000000001,-75.571944,39.558742,8551910,NOAA_NOS,IAN,2022,1800.0
2022-09-26 07:00:00,0.463,-0.006,-0.469,-75.571944,39.558742,8551910,NOAA_NOS,IAN,2022,1860.0
2022-09-26 08:00:00,-0.607,-1.011,-0.4039999999999999,-75.571944,39.558742,8551910,NOAA_NOS,IAN,2022,1920.0
2022-09-26 09:00:00,-1.496,-1.829,-0.3329999999999999,-75.571944,39.558742,8551910,NOAA_NOS,IAN,2022,1980.0
2022-09-26 10:00:00,-2.182,-2.454,-0.2720000000000002,-75.571944,39.558742,8551910,NOAA_NOS,IAN,2022,2040.0
2022-09-26 11:00:00,-2.411,-2.573,-0.1619999999999999,-75.571944,39.558742,8551910,NOAA_NOS,IAN,2022,2100.0
2022-09-26 12:00:00,-1.132,-1.073,0.0589999999999999,-75.571944,39.558742,8551910,NOAA_NOS,IAN,2022,2160.0
2022-09-26 13:00:00,0.558,0.282,-0.2760000000000001,-75.571944,39.558742,8551910,NOAA_NOS,IAN,2022,2220.0
2022-09-26 14:00:00,1.962,1.555,-0.407,-75.571944,39.558742,8551910,NOAA_NOS,IAN,2022,2280.0
2022-09-26 15:00:00,2.992,2.631,-0.3610000000000002,-75.571944,39.558742,8551910,NOAA_NOS,IAN,2022,2340.0
2022-09-26 16:00:00,3.458,3.183,-0.2750000000000003,-75.571944,39.558742,8551910,NOAA_NOS,IAN,2022,2400.0
2022-09-26 17:00:00,3.412,2.658,-0.754,-75.571944,39.558742,8551910,NOAA_NOS,IAN,2022,2460.0
2022-09-26 18:00:00,2.543,1.404,-1.1390000000000002,-75.571944,39.558742,8551910,NOAA_NOS,IAN,2022,2520.0
2022-09-26 19:00:00,1.204,0.358,-0.846,-75.571944,39.558742,8551910,NOAA_NOS,IAN,2022,2580.0
2022-09-26 20:00:00,0.02,-0.654,-0.674,-75.571944,39.558742,8551910,NOAA_NOS,IAN,2022,2640.0
2022-09-26 21:00:00,-0.935,-1.568,-0.633,-75.571944,39.558742,8551910,NOAA_NOS,IAN,2022,2700.0
2022-09-26 22:00:00,-1.739,-2.298,-0.5589999999999999,-75.571944,39.558742,8551910,NOAA_NOS,IAN,2022,2760.0
2022-09-26 23:00:00,-2.156,-2.74,-0.5840000000000001,-75.571944,39.558742,8551910,NOAA_NOS,IAN,2022,2820.0
2022-09-27 00:00:00,-1.798,-1.803,-0.0049999999999998,-75.571944,39.558742,8551910,NOAA_NOS,IAN,2022,2880.0
2022-09-27 01:00:00,-0.062,-0.35,-0.288,-75.571944,39.558742,8551910,NOAA_NOS,IAN,2022,2940.0
2022-09-27 02:00:00,1.329,0.952,-0.377,-75.571944,39.558742,8551910,NOAA_NOS,IAN,2022,3000.0
2022-09-27 03:00:00,2.405,2.144,-0.2609999999999997,-75.571944,39.558742,8551910,NOAA_NOS,IAN,2022,3060.0
2022-09-27 04:00:00,2.989,2.936,-0.0529999999999999,-75.571944,39.558742,8551910,NOAA_NOS,IAN,2022,3120.0
2022-09-27 05:00:00,2.989,2.893,-0.096,-75.571944,39.558742,8551910,NOAA_NOS,IAN,2022,3180.0
2022-09-27 06:00:00,2.1,1.66,-0.4400000000000001,-75.571944,39.558742,8551910,NOAA_NOS,IAN,2022,3240.0
2022-09-27 07:00:00,0.807,0.589,-0.218,-75.571944,39.558742,8551910,NOAA_NOS,IAN,2022,3300.0
2022-09-27 08:00:00,-0.318,-0.422,-0.1039999999999999,-75.571944,39.558742,8551910,NOAA_NOS,IAN,2022,3360.0
2022-09-27 09:00:00,-1.263,-1.36,-0.0970000000000002,-75.571944,39.558742,8551910,NOAA_NOS,IAN,2022,3420.0
2022-09-27 10:00:00,-1.959,-2.143,-0.1839999999999997,-75.571944,39.558742,8551910,NOAA_NOS,IAN,2022,3480.0
2022-09-27 11:00:00,-2.533,-2.664,-0.1310000000000002,-75.571944,39.558742,8551910,NOAA_NOS,IAN,2022,3540.0
2022-09-27 12:00:00,-2.333,-2.126,0.2070000000000003,-75.571944,39.558742,8551910,NOAA_NOS,IAN,2022,3600.0
2022-09-27 13:00:00,-0.64,-0.559,0.0809999999999999,-75.571944,39.558742,8551910,NOAA_NOS,IAN,2022,3660.0
2022-09-27 14:00:00,0.919,0.813,-0.1060000000000001,-75.571944,39.558742,8551910,NOAA_NOS,IAN,2022,3720.0
2022-09-27 15:00:00,2.221,2.119,-0.1019999999999998,-75.571944,39.558742,8551910,NOAA_NOS,IAN,2022,3780.0
2022-09-27 16:00:00,3.123,3.085,-0.0380000000000002,-75.571944,39.558742,8551910,NOAA_NOS,IAN,2022,3840.0
2022-09-27 17:00:00,3.409,3.363,-0.0459999999999998,-75.571944,39.558742,8551910,NOAA_NOS,IAN,2022,3900.0
2022-09-27 18:00:00,2.986,2.364,-0.6220000000000003,-75.571944,39.558742,8551910,NOAA_NOS,IAN,2022,3960.0
2022-09-27 19:00:00,1.785,1.178,-0.607,-75.571944,39.558742,8551910,NOAA_NOS,IAN,2022,4020.0
2022-09-27 20:00:00,0.505,0.122,-0.383,-75.571944,39.558742,8551910,NOAA_NOS,IAN,2022,4080.0
2022-09-27 21:00:00,-0.531,-0.889,-0.358,-75.571944,39.558742,8551910,NOAA_NOS,IAN,2022,4140.0
2022-09-27 22:00:00,-1.365,-1.809,-0.4439999999999999,-75.571944,39.558742,8551910,NOAA_NOS,IAN,2022,4200.0
2022-09-27 23:00:00,-2.014,-2.461,-0.447,-75.571944,39.558742,8551910,NOAA_NOS,IAN,2022,4260.0
2022-09-28 00:00:00,-2.365,-2.768,-0.4029999999999996,-75.571944,39.558742,8551910,NOAA_NOS,IAN,2022,4320.0
2022-09-28 01:00:00,-1.391,-1.396,-0.0049999999999998,-75.571944,39.558742,8551910,NOAA_NOS,IAN,2022,4380.0
2022-09-28 02:00:00,0.246,-0.001,-0.247,-75.571944,39.558742,8551910,NOAA_NOS,IAN,2022,4440.0
2022-09-28 03:00:00,1.555,1.28,-0.2749999999999999,-75.571944,39.558742,8551910,NOAA_NOS,IAN,2022,4500.0
2022-09-28 04:00:00,2.477,2.388,-0.0889999999999999,-75.571944,39.558742,8551910,NOAA_NOS,IAN,2022,4560.0
2022-09-28 05:00:00,2.841,2.982,0.141,-75.571944,39.558742,8551910,NOAA_NOS,IAN,2022,4620.0
2022-09-28 06:00:00,2.441,2.507,0.0660000000000002,-75.571944,39.558742,8551910,NOAA_NOS,IAN,2022,4680.0
2022-09-28 07:00:00,1.388,1.248,-0.1399999999999999,-75.571944,39.558742,8551910,NOAA_NOS,IAN,2022,4740.0
2022-09-28 08:00:00,0.22,0.211,-0.009,-75.571944,39.558742,8551910,NOAA_NOS,IAN,2022,4800.0
2022-09-28 09:00:00,-0.823,-0.786,0.0369999999999999,-75.571944,39.558742,8551910,NOAA_NOS,IAN,2022,4860.0
2022-09-28 10:00:00,-1.69,-1.673,0.0169999999999999,-75.571944,39.558742,8551910,NOAA_NOS,IAN,2022,4920.0
2022-09-28 11:00:00,-2.372,-2.393,-0.0209999999999999,-75.571944,39.558742,8551910,NOAA_NOS,IAN,2022,4980.0
2022-09-28 12:00:00,-2.815,-2.771,0.044,-75.571944,39.558742,8551910,NOAA_NOS,IAN,2022,5040.0
2022-09-28 13:00:00,-1.903,-1.57,0.3329999999999999,-75.571944,39.558742,8551910,NOAA_NOS,IAN,2022,5100.0
2022-09-28 14:00:00,-0.217,-0.081,0.136,-75.571944,39.558742,8551910,NOAA_NOS,IAN,2022,5160.0
2022-09-28 15:00:00,1.129,1.286,0.157,-75.571944,39.558742,8551910,NOAA_NOS,IAN,2022,5220.0
2022-09-28 16:00:00,2.323,2.559,0.2360000000000002,-75.571944,39.558742,8551910,NOAA_NOS,IAN,2022,5280.0
2022-09-28 17:00:00,2.959,3.354,0.395,-75.571944,39.558742,8551910,NOAA_NOS,IAN,2022,5340.0
2022-09-28 18:00:00,3.035,3.362,0.3269999999999999,-75.571944,39.558742,8551910,NOAA_NOS,IAN,2022,5400.0
2022-09-28 19:00:00,2.316,2.093,-0.2229999999999998,-75.571944,39.558742,8551910,NOAA_NOS,IAN,2022,5460.0
2022-09-28 20:00:00,0.994,0.951,-0.043,-75.571944,39.558742,8551910,NOAA_NOS,IAN,2022,5520.0
2022-09-28 21:00:00,-0.223,-0.103,0.12,-75.571944,39.558742,8551910,NOAA_NOS,IAN,2022,5580.0
2022-09-28 22:00:00,-1.168,-1.1,0.0679999999999998,-75.571944,39.558742,8551910,NOAA_NOS,IAN,2022,5640.0
2022-09-28 23:00:00,-1.985,-1.947,0.038,-75.571944,39.558742,8551910,NOAA_NOS,IAN,2022,5700.0
2022-09-29 00:00:00,-2.516,-2.573,-0.0569999999999999,-75.571944,39.558742,8551910,NOAA_NOS,IAN,2022,5760.0
2022-09-29 01:00:00,-2.684,-2.621,0.0630000000000001,-75.571944,39.558742,8551910,NOAA_NOS,IAN,2022,5820.0
2022-09-29 02:00:00,-1.437,-1.058,0.379,-75.571944,39.558742,8551910,NOAA_NOS,IAN,2022,5880.0
2022-09-29 03:00:00,0.108,0.295,0.187,-75.571944,39.558742,8551910,NOAA_NOS,IAN,2022,5940.0
2022-09-29 04:00:00,1.293,1.548,0.2550000000000001,-75.571944,39.558742,8551910,NOAA_NOS,IAN,2022,6000.0
2022-09-29 05:00:00,2.113,2.523,0.4100000000000001,-75.571944,39.558742,8551910,NOAA_NOS,IAN,2022,6060.0
2022-09-29 06:00:00,2.349,2.893,0.5439999999999996,-75.571944,39.558742,8551910,NOAA_NOS,IAN,2022,6120.0
2022-09-29 07:00:00,1.752,2.036,0.284,-75.571944,39.558742,8551910,NOAA_NOS,IAN,2022,6180.0
2022-09-29 08:00:00,0.538,0.881,0.3429999999999999,-75.571944,39.558742,8551910,NOAA_NOS,IAN,2022,6240.0
2022-09-29 09:00:00,-0.568,-0.123,0.4449999999999999,-75.571944,39.558742,8551910,NOAA_NOS,IAN,2022,6300.0
2022-09-29 10:00:00,-1.575,-1.088,0.4869999999999999,-75.571944,39.558742,8551910,NOAA_NOS,IAN,2022,6360.0
2022-09-29 11:00:00,-2.323,-1.917,0.4059999999999999,-75.571944,39.558742,8551910,NOAA_NOS,IAN,2022,6420.0
2022-09-29 12:00:00,-2.871,-2.523,0.3479999999999998,-75.571944,39.558742,8551910,NOAA_NOS,IAN,2022,6480.0
2022-09-29 13:00:00,-2.913,-2.531,0.3819999999999997,-75.571944,39.558742,8551910,NOAA_NOS,IAN,2022,6540.0
2022-09-29 14:00:00,-1.457,-0.955,0.5020000000000001,-75.571944,39.558742,8551910,NOAA_NOS,IAN,2022,6600.0
2022-09-29 15:00:00,0.023,0.428,0.4049999999999999,-75.571944,39.558742,8551910,NOAA_NOS,IAN,2022,6660.0
2022-09-29 16:00:00,1.322,1.778,0.4559999999999999,-75.571944,39.558742,8551910,NOAA_NOS,IAN,2022,6720.0
2022-09-29 17:00:00,2.297,2.937,0.6399999999999997,-75.571944,39.558742,8551910,NOAA_NOS,IAN,2022,6780.0
2022-09-29 18:00:00,2.851,3.552,0.7010000000000001,-75.571944,39.558742,8551910,NOAA_NOS,IAN,2022,6840.0
2022-09-29 19:00:00,3.054,3.281,0.2270000000000003,-75.571944,39.558742,8551910,NOAA_NOS,IAN,2022,6900.0
2022-09-29 20:00:00,2.47,1.961,-0.5090000000000001,-75.571944,39.558742,8551910,NOAA_NOS,IAN,2022,6960.0
2022-09-29 21:00:00,1.253,0.881,-0.3719999999999999,-75.571944,39.558742,8551910,NOAA_NOS,IAN,2022,7020.0
2022-09-29 22:00:00,0.059,-0.176,-0.235,-75.571944,39.558742,8551910,NOAA_NOS,IAN,2022,7080.0
2022-09-29 23:00:00,-0.892,-1.159,-0.267,-75.571944,39.558742,8551910,NOAA_NOS,IAN,2022,7140.0
2022-09-30 00:00:00,-1.686,-1.945,-0.2590000000000001,-75.571944,39.558742,8551910,NOAA_NOS,IAN,2022,7200.0
2022-09-30 01:00:00,-2.11,-2.535,-0.4250000000000002,-75.571944,39.558742,8551910,NOAA_NOS,IAN,2022,7260.0
2022-09-30 02:00:00,-1.634,-2.261,-0.6270000000000002,-75.571944,39.558742,8551910,NOAA_NOS,IAN,2022,7320.0
2022-09-30 03:00:00,-0.138,-0.659,-0.521,-75.571944,39.558742,8551910,NOAA_NOS,IAN,2022,7380.0
2022-09-30 04:00:00,1.115,0.641,-0.474,-75.571944,39.558742,8551910,NOAA_NOS,IAN,2022,7440.0
2022-09-30 05:00:00,2.093,1.833,-0.26,-75.571944,39.558742,8551910,NOAA_NOS,IAN,2022,7500.0
2022-09-30 06:00:00,2.684,2.698,0.0139999999999997,-75.571944,39.558742,8551910,NOAA_NOS,IAN,2022,7560.0
2022-09-30 07:00:00,2.831,2.843,0.012,-75.571944,39.558742,8551910,NOAA_NOS,IAN,2022,7620.0
2022-09-30 08:00:00,2.221,1.734,-0.4870000000000001,-75.571944,39.558742,8551910,NOAA_NOS,IAN,2022,7680.0
2022-09-30 09:00:00,1.056,0.645,-0.411,-75.571944,39.558742,8551910,NOAA_NOS,IAN,2022,7740.0
2022-09-30 10:00:00,-0.121,-0.32,-0.199,-75.571944,39.558742,8551910,NOAA_NOS,IAN,2022,7800.0
2022-09-30 11:00:00,-0.948,-1.248,-0.3,-75.571944,39.558742,8551910,NOAA_NOS,IAN,2022,7860.0
2022-09-30 12:00:00,-1.654,-2.017,-0.363,-75.571944,39.558742,8551910,NOAA_NOS,IAN,2022,7920.0
2022-09-30 13:00:00,-2.028,-2.55,-0.5219999999999998,-75.571944,39.558742,8551910,NOAA_NOS,IAN,2022,7980.0
2022-09-30 14:00:00,-1.493,-2.122,-0.6289999999999998,-75.571944,39.558742,8551910,NOAA_NOS,IAN,2022,8040.0
2022-09-30 15:00:00,-0.115,-0.564,-0.4489999999999999,-75.571944,39.558742,8551910,NOAA_NOS,IAN,2022,8100.0
2022-09-30 16:00:00,1.194,0.794,-0.3999999999999999,-75.571944,39.558742,8551910,NOAA_NOS,IAN,2022,8160.0
2022-09-30 17:00:00,2.421,2.114,-0.3069999999999999,-75.571944,39.558742,8551910,NOAA_NOS,IAN,2022,8220.0
2022-09-30 18:00:00,3.258,3.16,-0.0979999999999998,-75.571944,39.558742,8551910,NOAA_NOS,IAN,2022,8280.0
2022-09-30 19:00:00,3.609,3.595,-0.0139999999999997,-75.571944,39.558742,8551910,NOAA_NOS,IAN,2022,8340.0
2022-09-30 20:00:00,3.517,3.058,-0.4590000000000001,-75.571944,39.558742,8551910,NOAA_NOS,IAN,2022,8400.0
2022-09-30 21:00:00,2.762,1.814,-0.948,-75.571944,39.558742,8551910,NOAA_NOS,IAN,2022,8460.0
2022-09-30 22:00:00,1.601,0.765,-0.836,-75.571944,39.558742,8551910,NOAA_NOS,IAN,2022,8520.0
2022-09-30 23:00:00,0.571,-0.259,-0.83,-75.571944,39.558742,8551910,NOAA_NOS,IAN,2022,8580.0
2022-10-01 00:00:00,-0.344,-1.175,-0.8310000000000001,-75.571944,39.558742,8551910,NOAA_NOS,IAN,2022,8640.0
2022-10-01 01:00:00,-1.024,-1.902,-0.8779999999999999,-75.571944,39.558742,8551910,NOAA_NOS,IAN,2022,8700.0
2022-10-01 02:00:00,-1.45,-2.356,-0.906,-75.571944,39.558742,8551910,NOAA_NOS,IAN,2022,8760.0
2022-10-01 03:00:00,-0.804,-1.651,-0.847,-75.571944,39.558742,8551910,NOAA_NOS,IAN,2022,8820.0
2022-10-01 04:00:00,0.719,-0.203,-0.922,-75.571944,39.558742,8551910,NOAA_NOS,IAN,2022,8880.0
2022-10-01 05:00:00,1.886,1.017,-0.869,-75.571944,39.558742,8551910,NOAA_NOS,IAN,2022,8940.0
2022-10-01 06:00:00,2.779,2.123,-0.6559999999999997,-75.571944,39.558742,8551910,NOAA_NOS,IAN,2022,9000.0
2022-10-01 07:00:00,3.219,2.914,-0.3049999999999997,-75.571944,39.558742,8551910,NOAA_NOS,IAN,2022,9060.0
2022-10-01 08:00:00,3.189,2.945,-0.2440000000000002,-75.571944,39.558742,8551910,NOAA_NOS,IAN,2022,9120.0
2022-10-01 09:00:00,2.7,1.826,-0.8740000000000001,-75.571944,39.558742,8551910,NOAA_NOS,IAN,2022,9180.0
2022-10-01 10:00:00,1.841,0.781,-1.06,-75.571944,39.558742,8551910,NOAA_NOS,IAN,2022,9240.0
2022-10-01 11:00:00,0.909,-0.169,-1.078,-75.571944,39.558742,8551910,NOAA_NOS,IAN,2022,9300.0
2022-10-01 12:00:00,0.19,-1.072,-1.262,-75.571944,39.558742,8551910,NOAA_NOS,IAN,2022,9360.0
2022-10-01 13:00:00,-0.469,-1.79,-1.3210000000000002,-75.571944,39.558742,8551910,NOAA_NOS,IAN,2022,9420.0
2022-10-01 14:00:00,-0.778,-2.147,-1.3689999999999998,-75.571944,39.558742,8551910,NOAA_NOS,IAN,2022,9480.0
2022-10-01 15:00:00,-0.367,-1.2,-0.833,-75.571944,39.558742,8551910,NOAA_NOS,IAN,2022,9540.0
2022-10-01 16:00:00,0.971,0.204,-0.767,-75.571944,39.558742,8551910,NOAA_NOS,IAN,2022,9600.0
2022-10-01 17:00:00,2.195,1.473,-0.7219999999999998,-75.571944,39.558742,8551910,NOAA_NOS,IAN,2022,9660.0
2022-10-01 18:00:00,3.238,2.739,-0.4990000000000001,-75.571944,39.558742,8551910,NOAA_NOS,IAN,2022,9720.0
2022-10-01 19:00:00,3.94,3.567,-0.3729999999999998,-75.571944,39.558742,8551910,NOAA_NOS,IAN,2022,9780.0
2022-10-01 20:00:00,4.108,3.691,-0.4169999999999998,-75.571944,39.558742,8551910,NOAA_NOS,IAN,2022,9840.0
2022-10-01 21:00:00,3.875,2.466,-1.4089999999999998,-75.571944,39.558742,8551910,NOAA_NOS,IAN,2022,9900.0
2022-10-01 22:00:00,3.015,1.362,-1.653,-75.571944,39.558742,8551910,NOAA_NOS,IAN,2022,9960.0
2022-10-01 23:00:00,1.818,0.34,-1.478,-75.571944,39.558742,8551910,NOAA_NOS,IAN,2022,10020.0
2022-09-25 01:00:00,3.045,2.433,-0.6120000000000001,-75.113,38.987,8555889,NOAA_NOS,IAN,2022,60.0
2022-09-25 02:00:00,2.556,1.899,-0.657,-75.113,38.987,8555889,NOAA_NOS,IAN,2022,120.0
2022-09-25 03:00:00,1.565,0.93,-0.6349999999999999,-75.113,38.987,8555889,NOAA_NOS,IAN,2022,180.0
2022-09-25 04:00:00,0.377,-0.301,-0.6779999999999999,-75.113,38.987,8555889,NOAA_NOS,IAN,2022,240.0
2022-09-25 05:00:00,-0.755,-1.421,-0.666,-75.113,38.987,8555889,NOAA_NOS,IAN,2022,300.0
2022-09-25 06:00:00,-1.621,-2.191,-0.5699999999999998,-75.113,38.987,8555889,NOAA_NOS,IAN,2022,360.0
2022-09-25 07:00:00,-2.129,-2.384,-0.2549999999999999,-75.113,38.987,8555889,NOAA_NOS,IAN,2022,420.0
2022-09-25 08:00:00,-1.913,-1.897,0.016,-75.113,38.987,8555889,NOAA_NOS,IAN,2022,480.0
2022-09-25 09:00:00,-1.175,-0.956,0.219,-75.113,38.987,8555889,NOAA_NOS,IAN,2022,540.0
2022-09-25 10:00:00,-0.121,0.256,0.377,-75.113,38.987,8555889,NOAA_NOS,IAN,2022,600.0
2022-09-25 11:00:00,0.955,1.392,0.4369999999999999,-75.113,38.987,8555889,NOAA_NOS,IAN,2022,660.0
2022-09-25 12:00:00,1.791,2.169,0.3780000000000001,-75.113,38.987,8555889,NOAA_NOS,IAN,2022,720.0
2022-09-25 13:00:00,2.359,2.437,0.0779999999999998,-75.113,38.987,8555889,NOAA_NOS,IAN,2022,780.0
2022-09-25 14:00:00,2.234,2.06,-0.1739999999999999,-75.113,38.987,8555889,NOAA_NOS,IAN,2022,840.0
2022-09-25 15:00:00,1.447,1.191,-0.256,-75.113,38.987,8555889,NOAA_NOS,IAN,2022,900.0
2022-09-25 16:00:00,0.256,-0.024,-0.28,-75.113,38.987,8555889,NOAA_NOS,IAN,2022,960.0
2022-09-25 17:00:00,-1.099,-1.234,-0.135,-75.113,38.987,8555889,NOAA_NOS,IAN,2022,1020.0
2022-09-25 18:00:00,-2.142,-2.163,-0.0209999999999999,-75.113,38.987,8555889,NOAA_NOS,IAN,2022,1080.0
2022-09-25 19:00:00,-2.703,-2.568,0.1349999999999998,-75.113,38.987,8555889,NOAA_NOS,IAN,2022,1140.0
2022-09-25 20:00:00,-2.428,-2.238,0.1899999999999999,-75.113,38.987,8555889,NOAA_NOS,IAN,2022,1200.0
2022-09-25 21:00:00,-1.69,-1.362,0.3279999999999998,-75.113,38.987,8555889,NOAA_NOS,IAN,2022,1260.0
2022-09-25 22:00:00,-0.574,-0.144,0.4299999999999999,-75.113,38.987,8555889,NOAA_NOS,IAN,2022,1320.0
2022-09-25 23:00:00,0.764,1.105,0.3409999999999999,-75.113,38.987,8555889,NOAA_NOS,IAN,2022,1380.0
2022-09-26 00:00:00,1.939,2.053,0.1139999999999998,-75.113,38.987,8555889,NOAA_NOS,IAN,2022,1440.0
2022-09-26 01:00:00,2.762,2.533,-0.2290000000000001,-75.113,38.987,8555889,NOAA_NOS,IAN,2022,1500.0
2022-09-26 02:00:00,2.687,2.355,-0.3319999999999998,-75.113,38.987,8555889,NOAA_NOS,IAN,2022,1560.0
2022-09-26 03:00:00,2.07,1.62,-0.4499999999999997,-75.113,38.987,8555889,NOAA_NOS,IAN,2022,1620.0
2022-09-26 04:00:00,1.266,0.461,-0.8049999999999999,-75.113,38.987,8555889,NOAA_NOS,IAN,2022,1680.0
2022-09-26 06:00:00,-1.119,-1.888,-0.7689999999999999,-75.113,38.987,8555889,NOAA_NOS,IAN,2022,1800.0
2022-09-26 07:00:00,-1.909,-2.495,-0.5860000000000001,-75.113,38.987,8555889,NOAA_NOS,IAN,2022,1860.0
2022-09-26 08:00:00,-1.896,-2.393,-0.4969999999999999,-75.113,38.987,8555889,NOAA_NOS,IAN,2022,1920.0
2022-09-26 09:00:00,-1.296,-1.634,-0.3379999999999998,-75.113,38.987,8555889,NOAA_NOS,IAN,2022,1980.0
2022-09-26 10:00:00,-0.262,-0.467,-0.205,-75.113,38.987,8555889,NOAA_NOS,IAN,2022,2040.0
2022-09-26 11:00:00,1.132,0.859,-0.2729999999999999,-75.113,38.987,8555889,NOAA_NOS,IAN,2022,2100.0
2022-09-26 12:00:00,2.369,1.956,-0.4130000000000002,-75.113,38.987,8555889,NOAA_NOS,IAN,2022,2160.0
2022-09-26 13:00:00,3.271,2.601,-0.6699999999999999,-75.113,38.987,8555889,NOAA_NOS,IAN,2022,2220.0
2022-09-26 14:00:00,3.596,2.637,-0.959,-75.113,38.987,8555889,NOAA_NOS,IAN,2022,2280.0
2022-09-26 15:00:00,3.163,2.019,-1.1439999999999997,-75.113,38.987,8555889,NOAA_NOS,IAN,2022,2340.0
2022-09-26 16:00:00,2.159,0.933,-1.2259999999999998,-75.113,38.987,8555889,NOAA_NOS,IAN,2022,2400.0
2022-09-26 17:00:00,0.843,-0.419,-1.262,-75.113,38.987,8555889,NOAA_NOS,IAN,2022,2460.0
2022-09-26 18:00:00,-0.387,-1.645,-1.258,-75.113,38.987,8555889,NOAA_NOS,IAN,2022,2520.0
2022-09-26 19:00:00,-1.371,-2.492,-1.121,-75.113,38.987,8555889,NOAA_NOS,IAN,2022,2580.0
2022-09-26 20:00:00,-1.699,-2.697,-0.998,-75.113,38.987,8555889,NOAA_NOS,IAN,2022,2640.0
2022-09-26 21:00:00,-1.391,-2.135,-0.7439999999999998,-75.113,38.987,8555889,NOAA_NOS,IAN,2022,2700.0
2022-09-26 22:00:00,-0.594,-1.09,-0.4960000000000001,-75.113,38.987,8555889,NOAA_NOS,IAN,2022,2760.0
2022-09-26 23:00:00,0.551,0.228,-0.323,-75.113,38.987,8555889,NOAA_NOS,IAN,2022,2820.0
2022-09-27 00:00:00,1.69,1.448,-0.242,-75.113,38.987,8555889,NOAA_NOS,IAN,2022,2880.0
2022-09-27 01:00:00,2.562,2.278,-0.2839999999999998,-75.113,38.987,8555889,NOAA_NOS,IAN,2022,2940.0
2022-09-27 02:00:00,2.897,2.56,-0.3369999999999997,-75.113,38.987,8555889,NOAA_NOS,IAN,2022,3000.0
2022-09-27 03:00:00,2.589,2.15,-0.439,-75.113,38.987,8555889,NOAA_NOS,IAN,2022,3060.0
2022-09-27 04:00:00,1.634,1.223,-0.4109999999999998,-75.113,38.987,8555889,NOAA_NOS,IAN,2022,3120.0
2022-09-27 05:00:00,0.417,-0.071,-0.488,-75.113,38.987,8555889,NOAA_NOS,IAN,2022,3180.0
2022-09-27 06:00:00,-0.945,-1.344,-0.3990000000000001,-75.113,38.987,8555889,NOAA_NOS,IAN,2022,3240.0
2022-09-27 07:00:00,-1.893,-2.299,-0.4059999999999999,-75.113,38.987,8555889,NOAA_NOS,IAN,2022,3300.0
2022-09-27 08:00:00,-2.336,-2.67,-0.3340000000000001,-75.113,38.987,8555889,NOAA_NOS,IAN,2022,3360.0
2022-09-27 09:00:00,-1.919,-2.247,-0.3279999999999998,-75.113,38.987,8555889,NOAA_NOS,IAN,2022,3420.0
2022-09-27 10:00:00,-1.109,-1.255,-0.1459999999999999,-75.113,38.987,8555889,NOAA_NOS,IAN,2022,3480.0
2022-09-27 11:00:00,0.118,0.094,-0.0239999999999999,-75.113,38.987,8555889,NOAA_NOS,IAN,2022,3540.0
2022-09-27 12:00:00,1.509,1.449,-0.0599999999999998,-75.113,38.987,8555889,NOAA_NOS,IAN,2022,3600.0
2022-09-27 13:00:00,2.707,2.45,-0.2569999999999997,-75.113,38.987,8555889,NOAA_NOS,IAN,2022,3660.0
2022-09-27 14:00:00,3.422,2.922,-0.5,-75.113,38.987,8555889,NOAA_NOS,IAN,2022,3720.0
2022-09-27 15:00:00,3.373,2.69,-0.6830000000000003,-75.113,38.987,8555889,NOAA_NOS,IAN,2022,3780.0
2022-09-27 16:00:00,2.68,1.866,-0.8140000000000001,-75.113,38.987,8555889,NOAA_NOS,IAN,2022,3840.0
2022-09-27 17:00:00,1.529,0.586,-0.943,-75.113,38.987,8555889,NOAA_NOS,IAN,2022,3900.0
2022-09-27 18:00:00,0.213,-0.822,-1.035,-75.113,38.987,8555889,NOAA_NOS,IAN,2022,3960.0
2022-09-27 19:00:00,-0.942,-1.996,-1.054,-75.113,38.987,8555889,NOAA_NOS,IAN,2022,4020.0
2022-09-27 20:00:00,-1.759,-2.708,-0.9490000000000004,-75.113,38.987,8555889,NOAA_NOS,IAN,2022,4080.0
2022-09-27 21:00:00,-1.824,-2.672,-0.8480000000000001,-75.113,38.987,8555889,NOAA_NOS,IAN,2022,4140.0
2022-09-27 22:00:00,-1.312,-1.93,-0.6179999999999999,-75.113,38.987,8555889,NOAA_NOS,IAN,2022,4200.0
2022-09-27 23:00:00,-0.417,-0.764,-0.347,-75.113,38.987,8555889,NOAA_NOS,IAN,2022,4260.0
2022-09-28 00:00:00,0.801,0.575,-0.2260000000000001,-75.113,38.987,8555889,NOAA_NOS,IAN,2022,4320.0
2022-09-28 01:00:00,1.85,1.692,-0.1580000000000001,-75.113,38.987,8555889,NOAA_NOS,IAN,2022,4380.0
2022-09-28 02:00:00,2.562,2.367,-0.1949999999999998,-75.113,38.987,8555889,NOAA_NOS,IAN,2022,4440.0
2022-09-28 03:00:00,2.69,2.434,-0.2559999999999998,-75.113,38.987,8555889,NOAA_NOS,IAN,2022,4500.0
2022-09-28 04:00:00,2.205,1.835,-0.3700000000000001,-75.113,38.987,8555889,NOAA_NOS,IAN,2022,4560.0
2022-09-28 05:00:00,1.148,0.762,-0.3859999999999999,-75.113,38.987,8555889,NOAA_NOS,IAN,2022,4620.0
2022-09-28 06:00:00,-0.19,-0.57,-0.3799999999999999,-75.113,38.987,8555889,NOAA_NOS,IAN,2022,4680.0
2022-09-28 07:00:00,-1.457,-1.758,-0.3009999999999999,-75.113,38.987,8555889,NOAA_NOS,IAN,2022,4740.0
2022-09-28 08:00:00,-2.274,-2.549,-0.2749999999999999,-75.113,38.987,8555889,NOAA_NOS,IAN,2022,4800.0
2022-09-28 09:00:00,-2.333,-2.654,-0.3209999999999997,-75.113,38.987,8555889,NOAA_NOS,IAN,2022,4860.0
2022-09-28 10:00:00,-1.706,-1.983,-0.2770000000000001,-75.113,38.987,8555889,NOAA_NOS,IAN,2022,4920.0
2022-09-28 11:00:00,-0.719,-0.821,-0.1019999999999999,-75.113,38.987,8555889,NOAA_NOS,IAN,2022,4980.0
2022-09-28 12:00:00,0.548,0.615,0.0669999999999999,-75.113,38.987,8555889,NOAA_NOS,IAN,2022,5040.0
2022-09-28 13:00:00,1.873,1.919,0.046,-75.113,38.987,8555889,NOAA_NOS,IAN,2022,5100.0
2022-09-28 14:00:00,2.884,2.795,-0.0889999999999999,-75.113,38.987,8555889,NOAA_NOS,IAN,2022,5160.0
2022-09-28 15:00:00,3.307,3.074,-0.2330000000000001,-75.113,38.987,8555889,NOAA_NOS,IAN,2022,5220.0
2022-09-28 16:00:00,3.031,2.631,-0.4000000000000003,-75.113,38.987,8555889,NOAA_NOS,IAN,2022,5280.0
2022-09-28 17:00:00,2.06,1.643,-0.417,-75.113,38.987,8555889,NOAA_NOS,IAN,2022,5340.0
2022-09-28 18:00:00,0.768,0.26,-0.508,-75.113,38.987,8555889,NOAA_NOS,IAN,2022,5400.0
2022-09-28 19:00:00,-0.568,-1.13,-0.5619999999999999,-75.113,38.987,8555889,NOAA_NOS,IAN,2022,5460.0
2022-09-28 20:00:00,-1.69,-2.228,-0.5380000000000003,-75.113,38.987,8555889,NOAA_NOS,IAN,2022,5520.0
2022-09-28 21:00:00,-2.29,-2.775,-0.4849999999999999,-75.113,38.987,8555889,NOAA_NOS,IAN,2022,5580.0
2022-09-28 22:00:00,-2.156,-2.538,-0.3819999999999997,-75.113,38.987,8555889,NOAA_NOS,IAN,2022,5640.0
2022-09-28 23:00:00,-1.552,-1.682,-0.1299999999999999,-75.113,38.987,8555889,NOAA_NOS,IAN,2022,5700.0
2022-09-29 00:00:00,-0.505,-0.463,0.0419999999999999,-75.113,38.987,8555889,NOAA_NOS,IAN,2022,5760.0
2022-09-29 01:00:00,0.663,0.828,0.1649999999999999,-75.113,38.987,8555889,NOAA_NOS,IAN,2022,5820.0
2022-09-29 02:00:00,1.673,1.826,0.153,-75.113,38.987,8555889,NOAA_NOS,IAN,2022,5880.0
2022-09-29 03:00:00,2.277,2.337,0.06,-75.113,38.987,8555889,NOAA_NOS,IAN,2022,5940.0
2022-09-29 04:00:00,2.231,2.212,-0.0189999999999996,-75.113,38.987,8555889,NOAA_NOS,IAN,2022,6000.0
2022-09-29 05:00:00,1.601,1.491,-0.1099999999999998,-75.113,38.987,8555889,NOAA_NOS,IAN,2022,6060.0
2022-09-29 06:00:00,0.459,0.343,-0.1159999999999999,-75.113,38.987,8555889,NOAA_NOS,IAN,2022,6120.0
2022-09-29 07:00:00,-0.748,-0.936,-0.188,-75.113,38.987,8555889,NOAA_NOS,IAN,2022,6180.0
2022-09-29 08:00:00,-1.706,-1.987,-0.2810000000000001,-75.113,38.987,8555889,NOAA_NOS,IAN,2022,6240.0
2022-09-29 09:00:00,-2.264,-2.563,-0.2990000000000004,-75.113,38.987,8555889,NOAA_NOS,IAN,2022,6300.0
2022-09-29 10:00:00,-2.041,-2.385,-0.3439999999999998,-75.113,38.987,8555889,NOAA_NOS,IAN,2022,6360.0
2022-09-29 11:00:00,-1.339,-1.56,-0.221,-75.113,38.987,8555889,NOAA_NOS,IAN,2022,6420.0
2022-09-29 12:00:00,-0.299,-0.311,-0.012,-75.113,38.987,8555889,NOAA_NOS,IAN,2022,6480.0
2022-09-29 13:00:00,1.093,1.1,0.0070000000000001,-75.113,38.987,8555889,NOAA_NOS,IAN,2022,6540.0
2022-09-29 14:00:00,2.379,2.29,-0.0889999999999999,-75.113,38.987,8555889,NOAA_NOS,IAN,2022,6600.0
2022-09-29 15:00:00,3.281,3.036,-0.2450000000000001,-75.113,38.987,8555889,NOAA_NOS,IAN,2022,6660.0
2022-09-29 16:00:00,3.642,3.141,-0.5009999999999999,-75.113,38.987,8555889,NOAA_NOS,IAN,2022,6720.0
2022-09-29 17:00:00,3.333,2.577,-0.7560000000000002,-75.113,38.987,8555889,NOAA_NOS,IAN,2022,6780.0
2022-09-29 18:00:00,2.411,1.506,-0.905,-75.113,38.987,8555889,NOAA_NOS,IAN,2022,6840.0
2022-09-29 19:00:00,1.132,0.114,-1.0179999999999998,-75.113,38.987,8555889,NOAA_NOS,IAN,2022,6900.0
2022-09-29 20:00:00,-0.144,-1.218,-1.074,-75.113,38.987,8555889,NOAA_NOS,IAN,2022,6960.0
2022-09-29 21:00:00,-1.178,-2.238,-1.06,-75.113,38.987,8555889,NOAA_NOS,IAN,2022,7020.0
2022-09-29 22:00:00,-1.614,-2.676,-1.062,-75.113,38.987,8555889,NOAA_NOS,IAN,2022,7080.0
2022-09-29 23:00:00,-1.388,-2.322,-0.9340000000000002,-75.113,38.987,8555889,NOAA_NOS,IAN,2022,7140.0
2022-09-30 00:00:00,-0.686,-1.397,-0.711,-75.113,38.987,8555889,NOAA_NOS,IAN,2022,7200.0
2022-09-30 01:00:00,0.269,-0.162,-0.431,-75.113,38.987,8555889,NOAA_NOS,IAN,2022,7260.0
2022-09-30 02:00:00,1.348,1.066,-0.282,-75.113,38.987,8555889,NOAA_NOS,IAN,2022,7320.0
2022-09-30 03:00:00,2.247,1.96,-0.2869999999999999,-75.113,38.987,8555889,NOAA_NOS,IAN,2022,7380.0
2022-09-30 04:00:00,2.753,2.345,-0.4079999999999999,-75.113,38.987,8555889,NOAA_NOS,IAN,2022,7440.0
2022-09-30 05:00:00,2.625,2.066,-0.5590000000000002,-75.113,38.987,8555889,NOAA_NOS,IAN,2022,7500.0
2022-09-30 06:00:00,1.955,1.235,-0.72,-75.113,38.987,8555889,NOAA_NOS,IAN,2022,7560.0
2022-09-30 07:00:00,0.866,0.047,-0.819,-75.113,38.987,8555889,NOAA_NOS,IAN,2022,7620.0
2022-09-30 08:00:00,-0.262,-1.154,-0.8919999999999999,-75.113,38.987,8555889,NOAA_NOS,IAN,2022,7680.0
2022-09-30 09:00:00,-1.073,-2.08,-1.007,-75.113,38.987,8555889,NOAA_NOS,IAN,2022,7740.0
2022-09-30 10:00:00,-1.332,-2.5,-1.168,-75.113,38.987,8555889,NOAA_NOS,IAN,2022,7800.0
2022-09-30 11:00:00,-1.043,-2.165,-1.122,-75.113,38.987,8555889,NOAA_NOS,IAN,2022,7860.0
2022-09-30 12:00:00,-0.397,-1.249,-0.8520000000000001,-75.113,38.987,8555889,NOAA_NOS,IAN,2022,7920.0
2022-09-30 13:00:00,0.676,0.032,-0.644,-75.113,38.987,8555889,NOAA_NOS,IAN,2022,7980.0
2022-09-30 14:00:00,1.939,1.402,-0.5370000000000001,-75.113,38.987,8555889,NOAA_NOS,IAN,2022,8040.0
2022-09-30 15:00:00,3.13,2.473,-0.657,-75.113,38.987,8555889,NOAA_NOS,IAN,2022,8100.0
2022-09-30 16:00:00,3.927,3.08,-0.847,-75.113,38.987,8555889,NOAA_NOS,IAN,2022,8160.0
2022-09-30 17:00:00,4.009,3.038,-0.9710000000000004,-75.113,38.987,8555889,NOAA_NOS,IAN,2022,8220.0
2022-09-30 18:00:00,3.563,2.436,-1.1270000000000002,-75.113,38.987,8555889,NOAA_NOS,IAN,2022,8280.0
2022-09-30 19:00:00,2.631,1.324,-1.3069999999999995,-75.113,38.987,8555889,NOAA_NOS,IAN,2022,8340.0
2022-09-30 20:00:00,1.532,-0.021,-1.553,-75.113,38.987,8555889,NOAA_NOS,IAN,2022,8400.0
2022-09-30 21:00:00,0.387,-1.248,-1.635,-75.113,38.987,8555889,NOAA_NOS,IAN,2022,8460.0
2022-09-30 22:00:00,-0.482,-2.134,-1.652,-75.113,38.987,8555889,NOAA_NOS,IAN,2022,8520.0
2022-09-30 23:00:00,-0.791,-2.437,-1.646,-75.113,38.987,8555889,NOAA_NOS,IAN,2022,8580.0
2022-10-01 00:00:00,-0.472,-2.035,-1.5630000000000002,-75.113,38.987,8555889,NOAA_NOS,IAN,2022,8640.0
2022-10-01 01:00:00,0.138,-1.152,-1.29,-75.113,38.987,8555889,NOAA_NOS,IAN,2022,8700.0
2022-10-01 02:00:00,1.165,-0.001,-1.166,-75.113,38.987,8555889,NOAA_NOS,IAN,2022,8760.0
2022-10-01 03:00:00,2.195,1.117,-1.0779999999999998,-75.113,38.987,8555889,NOAA_NOS,IAN,2022,8820.0
2022-10-01 04:00:00,3.081,1.984,-1.097,-75.113,38.987,8555889,NOAA_NOS,IAN,2022,8880.0
2022-10-01 05:00:00,3.468,2.361,-1.1069999999999998,-75.113,38.987,8555889,NOAA_NOS,IAN,2022,8940.0
2022-10-01 06:00:00,3.497,2.05,-1.447,-75.113,38.987,8555889,NOAA_NOS,IAN,2022,9000.0
2022-10-01 07:00:00,2.963,1.182,-1.781,-75.113,38.987,8555889,NOAA_NOS,IAN,2022,9060.0
2022-10-01 08:00:00,2.139,-0.063,-2.202,-75.113,38.987,8555889,NOAA_NOS,IAN,2022,9120.0
2022-10-01 09:00:00,1.28,-1.258,-2.5380000000000003,-75.113,38.987,8555889,NOAA_NOS,IAN,2022,9180.0
2022-10-01 10:00:00,0.453,-2.067,-2.52,-75.113,38.987,8555889,NOAA_NOS,IAN,2022,9240.0
2022-10-01 11:00:00,0.079,-2.273,-2.3520000000000003,-75.113,38.987,8555889,NOAA_NOS,IAN,2022,9300.0
2022-10-01 12:00:00,0.121,-1.805,-1.926,-75.113,38.987,8555889,NOAA_NOS,IAN,2022,9360.0
2022-10-01 13:00:00,0.587,-0.831,-1.418,-75.113,38.987,8555889,NOAA_NOS,IAN,2022,9420.0
2022-10-01 14:00:00,1.522,0.476,-1.046,-75.113,38.987,8555889,NOAA_NOS,IAN,2022,9480.0
2022-10-01 15:00:00,2.536,1.852,-0.6839999999999999,-75.113,38.987,8555889,NOAA_NOS,IAN,2022,9540.0
2022-10-01 16:00:00,3.622,2.874,-0.7479999999999998,-75.113,38.987,8555889,NOAA_NOS,IAN,2022,9600.0
2022-10-01 17:00:00,4.127,3.293,-0.8339999999999996,-75.113,38.987,8555889,NOAA_NOS,IAN,2022,9660.0
2022-10-01 18:00:00,4.278,2.887,-1.3909999999999996,-75.113,38.987,8555889,NOAA_NOS,IAN,2022,9720.0
2022-10-01 19:00:00,3.73,2.034,-1.6960000000000002,-75.113,38.987,8555889,NOAA_NOS,IAN,2022,9780.0
2022-10-01 20:00:00,2.779,0.838,-1.941,-75.113,38.987,8555889,NOAA_NOS,IAN,2022,9840.0
2022-10-01 21:00:00,1.604,-0.419,-2.023,-75.113,38.987,8555889,NOAA_NOS,IAN,2022,9900.0
2022-10-01 22:00:00,0.538,-1.456,-1.994,-75.113,38.987,8555889,NOAA_NOS,IAN,2022,9960.0
2022-10-01 23:00:00,-0.171,-2.148,-1.977,-75.113,38.987,8555889,NOAA_NOS,IAN,2022,10020.0
2022-09-25 01:00:00,2.612,2.019,-0.593,-75.11916,38.785756,8557380,NOAA_NOS,IAN,2022,60.0
2022-09-25 02:00:00,2.133,1.483,-0.6499999999999999,-75.11916,38.785756,8557380,NOAA_NOS,IAN,2022,120.0
2022-09-25 03:00:00,1.27,0.585,-0.685,-75.11916,38.785756,8557380,NOAA_NOS,IAN,2022,180.0
2022-09-25 04:00:00,0.141,-0.541,-0.682,-75.11916,38.785756,8557380,NOAA_NOS,IAN,2022,240.0
2022-09-25 05:00:00,-0.837,-1.481,-0.6440000000000001,-75.11916,38.785756,8557380,NOAA_NOS,IAN,2022,300.0
2022-09-25 06:00:00,-1.575,-2.016,-0.441,-75.11916,38.785756,8557380,NOAA_NOS,IAN,2022,360.0
2022-09-25 07:00:00,-1.867,-1.976,-0.1089999999999999,-75.11916,38.785756,8557380,NOAA_NOS,IAN,2022,420.0
2022-09-25 08:00:00,-1.506,-1.425,0.0809999999999999,-75.11916,38.785756,8557380,NOAA_NOS,IAN,2022,480.0
2022-09-25 09:00:00,-0.774,-0.557,0.2169999999999999,-75.11916,38.785756,8557380,NOAA_NOS,IAN,2022,540.0
2022-09-25 10:00:00,0.141,0.501,0.36,-75.11916,38.785756,8557380,NOAA_NOS,IAN,2022,600.0
2022-09-25 11:00:00,0.981,1.424,0.4429999999999999,-75.11916,38.785756,8557380,NOAA_NOS,IAN,2022,660.0
2022-09-25 12:00:00,1.647,1.96,0.3129999999999999,-75.11916,38.785756,8557380,NOAA_NOS,IAN,2022,720.0
2022-09-25 13:00:00,1.998,2.044,0.046,-75.11916,38.785756,8557380,NOAA_NOS,IAN,2022,780.0
2022-09-25 14:00:00,1.667,1.61,-0.0569999999999999,-75.11916,38.785756,8557380,NOAA_NOS,IAN,2022,840.0
2022-09-25 15:00:00,1.057,0.809,-0.2479999999999999,-75.11916,38.785756,8557380,NOAA_NOS,IAN,2022,900.0
2022-09-25 16:00:00,-0.046,-0.315,-0.269,-75.11916,38.785756,8557380,NOAA_NOS,IAN,2022,960.0
2022-09-25 17:00:00,-1.227,-1.371,-0.1439999999999999,-75.11916,38.785756,8557380,NOAA_NOS,IAN,2022,1020.0
2022-09-25 18:00:00,-2.136,-2.073,0.0630000000000001,-75.11916,38.785756,8557380,NOAA_NOS,IAN,2022,1080.0
2022-09-25 19:00:00,-2.451,-2.218,0.2330000000000001,-75.11916,38.785756,8557380,NOAA_NOS,IAN,2022,1140.0
2022-09-25 20:00:00,-2.077,-1.738,0.3389999999999999,-75.11916,38.785756,8557380,NOAA_NOS,IAN,2022,1200.0
2022-09-25 21:00:00,-1.302,-0.912,0.39,-75.11916,38.785756,8557380,NOAA_NOS,IAN,2022,1260.0
2022-09-25 22:00:00,-0.226,0.172,0.398,-75.11916,38.785756,8557380,NOAA_NOS,IAN,2022,1320.0
2022-09-25 23:00:00,0.945,1.224,0.279,-75.11916,38.785756,8557380,NOAA_NOS,IAN,2022,1380.0
2022-09-26 00:00:00,1.932,1.925,-0.0069999999999998,-75.11916,38.785756,8557380,NOAA_NOS,IAN,2022,1440.0
2022-09-26 01:00:00,2.264,2.18,-0.0839999999999996,-75.11916,38.785756,8557380,NOAA_NOS,IAN,2022,1500.0
2022-09-26 02:00:00,2.142,1.892,-0.25,-75.11916,38.785756,8557380,NOAA_NOS,IAN,2022,1560.0
2022-09-26 03:00:00,1.788,1.198,-0.5900000000000001,-75.11916,38.785756,8557380,NOAA_NOS,IAN,2022,1620.0
2022-09-26 04:00:00,0.892,0.118,-0.774,-75.11916,38.785756,8557380,NOAA_NOS,IAN,2022,1680.0
2022-09-26 05:00:00,-0.167,-1.033,-0.8659999999999999,-75.11916,38.785756,8557380,NOAA_NOS,IAN,2022,1740.0
2022-09-26 06:00:00,-1.106,-1.885,-0.7789999999999999,-75.11916,38.785756,8557380,NOAA_NOS,IAN,2022,1800.0
2022-09-26 07:00:00,-1.657,-2.226,-0.569,-75.11916,38.785756,8557380,NOAA_NOS,IAN,2022,1860.0
2022-09-26 08:00:00,-1.427,-1.915,-0.488,-75.11916,38.785756,8557380,NOAA_NOS,IAN,2022,1920.0
2022-09-26 09:00:00,-0.856,-1.149,-0.293,-75.11916,38.785756,8557380,NOAA_NOS,IAN,2022,1980.0
2022-09-26 10:00:00,0.177,-0.091,-0.268,-75.11916,38.785756,8557380,NOAA_NOS,IAN,2022,2040.0
2022-09-26 11:00:00,1.424,1.056,-0.3679999999999999,-75.11916,38.785756,8557380,NOAA_NOS,IAN,2022,2100.0
2022-09-26 12:00:00,2.366,1.905,-0.4610000000000001,-75.11916,38.785756,8557380,NOAA_NOS,IAN,2022,2160.0
2022-09-26 13:00:00,3.038,2.301,-0.7369999999999997,-75.11916,38.785756,8557380,NOAA_NOS,IAN,2022,2220.0
2022-09-26 14:00:00,3.166,2.186,-0.98,-75.11916,38.785756,8557380,NOAA_NOS,IAN,2022,2280.0
2022-09-26 15:00:00,2.602,1.563,-1.039,-75.11916,38.785756,8557380,NOAA_NOS,IAN,2022,2340.0
2022-09-26 16:00:00,1.732,0.544,-1.188,-75.11916,38.785756,8557380,NOAA_NOS,IAN,2022,2400.0
2022-09-26 17:00:00,0.66,-0.701,-1.361,-75.11916,38.785756,8557380,NOAA_NOS,IAN,2022,2460.0
2022-09-26 18:00:00,-0.472,-1.747,-1.275,-75.11916,38.785756,8557380,NOAA_NOS,IAN,2022,2520.0
2022-09-26 19:00:00,-1.158,-2.333,-1.1750000000000005,-75.11916,38.785756,8557380,NOAA_NOS,IAN,2022,2580.0
2022-09-26 20:00:00,-1.319,-2.262,-0.943,-75.11916,38.785756,8557380,NOAA_NOS,IAN,2022,2640.0
2022-09-26 21:00:00,-1.004,-1.61,-0.6060000000000001,-75.11916,38.785756,8557380,NOAA_NOS,IAN,2022,2700.0
2022-09-26 22:00:00,-0.223,-0.649,-0.426,-75.11916,38.785756,8557380,NOAA_NOS,IAN,2022,2760.0
2022-09-26 23:00:00,0.807,0.512,-0.295,-75.11916,38.785756,8557380,NOAA_NOS,IAN,2022,2820.0
2022-09-27 00:00:00,1.703,1.497,-0.2059999999999999,-75.11916,38.785756,8557380,NOAA_NOS,IAN,2022,2880.0
2022-09-27 01:00:00,2.303,2.067,-0.2359999999999997,-75.11916,38.785756,8557380,NOAA_NOS,IAN,2022,2940.0
2022-09-27 02:00:00,2.598,2.142,-0.4559999999999999,-75.11916,38.785756,8557380,NOAA_NOS,IAN,2022,3000.0
2022-09-27 03:00:00,2.152,1.673,-0.4790000000000001,-75.11916,38.785756,8557380,NOAA_NOS,IAN,2022,3060.0
2022-09-27 04:00:00,1.381,0.804,-0.577,-75.11916,38.785756,8557380,NOAA_NOS,IAN,2022,3120.0
2022-09-27 05:00:00,0.23,-0.399,-0.629,-75.11916,38.785756,8557380,NOAA_NOS,IAN,2022,3180.0
2022-09-27 06:00:00,-0.997,-1.495,-0.4980000000000001,-75.11916,38.785756,8557380,NOAA_NOS,IAN,2022,3240.0
2022-09-27 07:00:00,-1.745,-2.202,-0.4569999999999998,-75.11916,38.785756,8557380,NOAA_NOS,IAN,2022,3300.0
2022-09-27 08:00:00,-1.906,-2.285,-0.3790000000000002,-75.11916,38.785756,8557380,NOAA_NOS,IAN,2022,3360.0
2022-09-27 09:00:00,-1.401,-1.708,-0.3069999999999999,-75.11916,38.785756,8557380,NOAA_NOS,IAN,2022,3420.0
2022-09-27 10:00:00,-0.577,-0.768,-0.191,-75.11916,38.785756,8557380,NOAA_NOS,IAN,2022,3480.0
2022-09-27 11:00:00,0.512,0.446,-0.066,-75.11916,38.785756,8557380,NOAA_NOS,IAN,2022,3540.0
2022-09-27 12:00:00,1.765,1.584,-0.1809999999999998,-75.11916,38.785756,8557380,NOAA_NOS,IAN,2022,3600.0
2022-09-27 13:00:00,2.687,2.315,-0.3719999999999999,-75.11916,38.785756,8557380,NOAA_NOS,IAN,2022,3660.0
2022-09-27 14:00:00,3.081,2.549,-0.532,-75.11916,38.785756,8557380,NOAA_NOS,IAN,2022,3720.0
2022-09-27 15:00:00,2.923,2.196,-0.7269999999999999,-75.11916,38.785756,8557380,NOAA_NOS,IAN,2022,3780.0
2022-09-27 16:00:00,2.274,1.404,-0.8700000000000001,-75.11916,38.785756,8557380,NOAA_NOS,IAN,2022,3840.0
2022-09-27 17:00:00,1.27,0.195,-1.075,-75.11916,38.785756,8557380,NOAA_NOS,IAN,2022,3900.0
2022-09-27 18:00:00,0.19,-1.069,-1.259,-75.11916,38.785756,8557380,NOAA_NOS,IAN,2022,3960.0
2022-09-27 19:00:00,-0.892,-2.042,-1.15,-75.11916,38.785756,8557380,NOAA_NOS,IAN,2022,4020.0
2022-09-27 20:00:00,-1.503,-2.465,-0.962,-75.11916,38.785756,8557380,NOAA_NOS,IAN,2022,4080.0
2022-09-27 21:00:00,-1.375,-2.169,-0.794,-75.11916,38.785756,8557380,NOAA_NOS,IAN,2022,4140.0
2022-09-27 22:00:00,-0.83,-1.412,-0.582,-75.11916,38.785756,8557380,NOAA_NOS,IAN,2022,4200.0
2022-09-27 23:00:00,0.049,-0.36,-0.409,-75.11916,38.785756,8557380,NOAA_NOS,IAN,2022,4260.0
2022-09-28 00:00:00,1.024,0.791,-0.2329999999999999,-75.11916,38.785756,8557380,NOAA_NOS,IAN,2022,4320.0
2022-09-28 01:00:00,1.844,1.66,-0.1840000000000001,-75.11916,38.785756,8557380,NOAA_NOS,IAN,2022,4380.0
2022-09-28 02:00:00,2.31,2.077,-0.2330000000000001,-75.11916,38.785756,8557380,NOAA_NOS,IAN,2022,4440.0
2022-09-28 03:00:00,2.277,1.981,-0.296,-75.11916,38.785756,8557380,NOAA_NOS,IAN,2022,4500.0
2022-09-28 04:00:00,1.88,1.371,-0.5089999999999999,-75.11916,38.785756,8557380,NOAA_NOS,IAN,2022,4560.0
2022-09-28 05:00:00,0.896,0.367,-0.529,-75.11916,38.785756,8557380,NOAA_NOS,IAN,2022,4620.0
2022-09-28 06:00:00,-0.371,-0.846,-0.475,-75.11916,38.785756,8557380,NOAA_NOS,IAN,2022,4680.0
2022-09-28 07:00:00,-1.417,-1.838,-0.421,-75.11916,38.785756,8557380,NOAA_NOS,IAN,2022,4740.0
2022-09-28 08:00:00,-2.008,-2.357,-0.3490000000000002,-75.11916,38.785756,8557380,NOAA_NOS,IAN,2022,4800.0
2022-09-28 09:00:00,-1.785,-2.182,-0.397,-75.11916,38.785756,8557380,NOAA_NOS,IAN,2022,4860.0
2022-09-28 10:00:00,-1.161,-1.443,-0.282,-75.11916,38.785756,8557380,NOAA_NOS,IAN,2022,4920.0
2022-09-28 11:00:00,-0.239,-0.357,-0.118,-75.11916,38.785756,8557380,NOAA_NOS,IAN,2022,4980.0
2022-09-28 12:00:00,0.833,0.917,0.084,-75.11916,38.785756,8557380,NOAA_NOS,IAN,2022,5040.0
2022-09-28 13:00:00,1.982,1.976,-0.006,-75.11916,38.785756,8557380,NOAA_NOS,IAN,2022,5100.0
2022-09-28 14:00:00,2.756,2.578,-0.1779999999999999,-75.11916,38.785756,8557380,NOAA_NOS,IAN,2022,5160.0
2022-09-28 15:00:00,2.936,2.639,-0.2970000000000001,-75.11916,38.785756,8557380,NOAA_NOS,IAN,2022,5220.0
2022-09-28 16:00:00,2.543,2.134,-0.4090000000000002,-75.11916,38.785756,8557380,NOAA_NOS,IAN,2022,5280.0
2022-09-28 17:00:00,1.67,1.199,-0.4709999999999998,-75.11916,38.785756,8557380,NOAA_NOS,IAN,2022,5340.0
2022-09-28 18:00:00,0.591,-0.109,-0.7,-75.11916,38.785756,8557380,NOAA_NOS,IAN,2022,5400.0
2022-09-28 19:00:00,-0.617,-1.339,-0.722,-75.11916,38.785756,8557380,NOAA_NOS,IAN,2022,5460.0
2022-09-28 20:00:00,-1.66,-2.201,-0.5410000000000001,-75.11916,38.785756,8557380,NOAA_NOS,IAN,2022,5520.0
2022-09-28 21:00:00,-1.988,-2.455,-0.4670000000000001,-75.11916,38.785756,8557380,NOAA_NOS,IAN,2022,5580.0
2022-09-28 22:00:00,-1.709,-2.02,-0.3109999999999999,-75.11916,38.785756,8557380,NOAA_NOS,IAN,2022,5640.0
2022-09-28 23:00:00,-1.053,-1.182,-0.129,-75.11916,38.785756,8557380,NOAA_NOS,IAN,2022,5700.0
2022-09-29 00:00:00,-0.095,-0.11,-0.015,-75.11916,38.785756,8557380,NOAA_NOS,IAN,2022,5760.0
2022-09-29 01:00:00,0.902,0.971,0.0689999999999999,-75.11916,38.785756,8557380,NOAA_NOS,IAN,2022,5820.0
2022-09-29 02:00:00,1.66,1.722,0.062,-75.11916,38.785756,8557380,NOAA_NOS,IAN,2022,5880.0
2022-09-29 03:00:00,1.975,1.989,0.014,-75.11916,38.785756,8557380,NOAA_NOS,IAN,2022,5940.0
2022-09-29 04:00:00,1.877,1.753,-0.1240000000000001,-75.11916,38.785756,8557380,NOAA_NOS,IAN,2022,6000.0
2022-09-29 05:00:00,1.404,1.055,-0.349,-75.11916,38.785756,8557380,NOAA_NOS,IAN,2022,6060.0
2022-09-29 06:00:00,0.413,-0.009,-0.422,-75.11916,38.785756,8557380,NOAA_NOS,IAN,2022,6120.0
2022-09-29 07:00:00,-0.571,-1.14,-0.569,-75.11916,38.785756,8557380,NOAA_NOS,IAN,2022,6180.0
2022-09-29 08:00:00,-1.384,-1.974,-0.5900000000000001,-75.11916,38.785756,8557380,NOAA_NOS,IAN,2022,6240.0
2022-09-29 09:00:00,-1.696,-2.267,-0.571,-75.11916,38.785756,8557380,NOAA_NOS,IAN,2022,6300.0
2022-09-29 10:00:00,-1.332,-1.883,-0.5509999999999999,-75.11916,38.785756,8557380,NOAA_NOS,IAN,2022,6360.0
2022-09-29 11:00:00,-0.65,-1.061,-0.4109999999999999,-75.11916,38.785756,8557380,NOAA_NOS,IAN,2022,6420.0
2022-09-29 12:00:00,0.453,0.087,-0.366,-75.11916,38.785756,8557380,NOAA_NOS,IAN,2022,6480.0
2022-09-29 13:00:00,1.585,1.327,-0.258,-75.11916,38.785756,8557380,NOAA_NOS,IAN,2022,6540.0
2022-09-29 14:00:00,2.553,2.271,-0.282,-75.11916,38.785756,8557380,NOAA_NOS,IAN,2022,6600.0
2022-09-29 15:00:00,3.146,2.756,-0.3900000000000001,-75.11916,38.785756,8557380,NOAA_NOS,IAN,2022,6660.0
2022-09-29 16:00:00,3.284,2.683,-0.601,-75.11916,38.785756,8557380,NOAA_NOS,IAN,2022,6720.0
2022-09-29 17:00:00,2.907,2.108,-0.7989999999999999,-75.11916,38.785756,8557380,NOAA_NOS,IAN,2022,6780.0
2022-09-29 18:00:00,2.172,1.102,-1.07,-75.11916,38.785756,8557380,NOAA_NOS,IAN,2022,6840.0
2022-09-29 19:00:00,1.037,-0.212,-1.249,-75.11916,38.785756,8557380,NOAA_NOS,IAN,2022,6900.0
2022-09-29 20:00:00,-0.213,-1.392,-1.1789999999999998,-75.11916,38.785756,8557380,NOAA_NOS,IAN,2022,6960.0
2022-09-29 21:00:00,-0.925,-2.164,-1.239,-75.11916,38.785756,8557380,NOAA_NOS,IAN,2022,7020.0
2022-09-29 22:00:00,-1.138,-2.311,-1.173,-75.11916,38.785756,8557380,NOAA_NOS,IAN,2022,7080.0
2022-09-29 23:00:00,-0.899,-1.785,-0.8859999999999999,-75.11916,38.785756,8557380,NOAA_NOS,IAN,2022,7140.0
2022-09-30 00:00:00,-0.187,-0.914,-0.7270000000000001,-75.11916,38.785756,8557380,NOAA_NOS,IAN,2022,7200.0
2022-09-30 01:00:00,0.623,0.155,-0.4679999999999999,-75.11916,38.785756,8557380,NOAA_NOS,IAN,2022,7260.0
2022-09-30 02:00:00,1.503,1.161,-0.3419999999999998,-75.11916,38.785756,8557380,NOAA_NOS,IAN,2022,7320.0
2022-09-30 03:00:00,2.175,1.805,-0.3699999999999999,-75.11916,38.785756,8557380,NOAA_NOS,IAN,2022,7380.0
2022-09-30 04:00:00,2.516,1.956,-0.56,-75.11916,38.785756,8557380,NOAA_NOS,IAN,2022,7440.0
2022-09-30 05:00:00,2.352,1.599,-0.7529999999999999,-75.11916,38.785756,8557380,NOAA_NOS,IAN,2022,7500.0
2022-09-30 06:00:00,1.706,0.833,-0.873,-75.11916,38.785756,8557380,NOAA_NOS,IAN,2022,7560.0
2022-09-30 07:00:00,0.797,-0.242,-1.039,-75.11916,38.785756,8557380,NOAA_NOS,IAN,2022,7620.0
2022-09-30 08:00:00,-0.072,-1.289,-1.217,-75.11916,38.785756,8557380,NOAA_NOS,IAN,2022,7680.0
2022-09-30 09:00:00,-0.692,-1.994,-1.302,-75.11916,38.785756,8557380,NOAA_NOS,IAN,2022,7740.0
2022-09-30 10:00:00,-0.82,-2.151,-1.331,-75.11916,38.785756,8557380,NOAA_NOS,IAN,2022,7800.0
2022-09-30 11:00:00,-0.502,-1.657,-1.155,-75.11916,38.785756,8557380,NOAA_NOS,IAN,2022,7860.0
2022-09-30 12:00:00,0.151,-0.773,-0.924,-75.11916,38.785756,8557380,NOAA_NOS,IAN,2022,7920.0
2022-09-30 13:00:00,1.158,0.394,-0.7639999999999999,-75.11916,38.785756,8557380,NOAA_NOS,IAN,2022,7980.0
2022-09-30 14:00:00,2.277,1.57,-0.7070000000000001,-75.11916,38.785756,8557380,NOAA_NOS,IAN,2022,8040.0
2022-09-30 15:00:00,3.169,2.393,-0.7760000000000002,-75.11916,38.785756,8557380,NOAA_NOS,IAN,2022,8100.0
2022-09-30 16:00:00,3.747,2.755,-0.992,-75.11916,38.785756,8557380,NOAA_NOS,IAN,2022,8160.0
2022-09-30 17:00:00,3.74,2.594,-1.1460000000000004,-75.11916,38.785756,8557380,NOAA_NOS,IAN,2022,8220.0
2022-09-30 18:00:00,3.347,2.003,-1.344,-75.11916,38.785756,8557380,NOAA_NOS,IAN,2022,8280.0
2022-09-30 19:00:00,2.582,0.947,-1.6349999999999998,-75.11916,38.785756,8557380,NOAA_NOS,IAN,2022,8340.0
2022-09-30 20:00:00,1.555,-0.289,-1.844,-75.11916,38.785756,8557380,NOAA_NOS,IAN,2022,8400.0
2022-09-30 21:00:00,0.666,-1.354,-2.02,-75.11916,38.785756,8557380,NOAA_NOS,IAN,2022,8460.0
2022-09-30 22:00:00,-0.092,-2.004,-1.912,-75.11916,38.785756,8557380,NOAA_NOS,IAN,2022,8520.0
2022-09-30 23:00:00,-0.108,-2.059,-1.951,-75.11916,38.785756,8557380,NOAA_NOS,IAN,2022,8580.0
2022-10-01 00:00:00,0.279,-1.547,-1.826,-75.11916,38.785756,8557380,NOAA_NOS,IAN,2022,8640.0
2022-10-01 01:00:00,0.768,-0.745,-1.513,-75.11916,38.785756,8557380,NOAA_NOS,IAN,2022,8700.0
2022-10-01 02:00:00,1.516,0.233,-1.283,-75.11916,38.785756,8557380,NOAA_NOS,IAN,2022,8760.0
2022-10-01 03:00:00,2.526,1.163,-1.3629999999999998,-75.11916,38.785756,8557380,NOAA_NOS,IAN,2022,8820.0
2022-10-01 04:00:00,3.192,1.807,-1.3850000000000002,-75.11916,38.785756,8557380,NOAA_NOS,IAN,2022,8880.0
2022-10-01 05:00:00,3.399,1.943,-1.456,-75.11916,38.785756,8557380,NOAA_NOS,IAN,2022,8940.0
2022-10-01 06:00:00,3.392,1.548,-1.844,-75.11916,38.785756,8557380,NOAA_NOS,IAN,2022,9000.0
2022-10-01 07:00:00,2.953,0.746,-2.207,-75.11916,38.785756,8557380,NOAA_NOS,IAN,2022,9060.0
2022-10-01 08:00:00,2.398,-0.387,-2.785,-75.11916,38.785756,8557380,NOAA_NOS,IAN,2022,9120.0
2022-10-01 09:00:00,1.575,-1.387,-2.962,-75.11916,38.785756,8557380,NOAA_NOS,IAN,2022,9180.0
2022-10-01 10:00:00,0.682,-1.934,-2.616,-75.11916,38.785756,8557380,NOAA_NOS,IAN,2022,9240.0
2022-10-01 11:00:00,0.673,-1.917,-2.59,-75.11916,38.785756,8557380,NOAA_NOS,IAN,2022,9300.0
2022-10-01 12:00:00,0.912,-1.347,-2.259,-75.11916,38.785756,8557380,NOAA_NOS,IAN,2022,9360.0
2022-10-01 13:00:00,1.224,-0.439,-1.663,-75.11916,38.785756,8557380,NOAA_NOS,IAN,2022,9420.0
2022-10-01 14:00:00,2.123,0.779,-1.3440000000000003,-75.11916,38.785756,8557380,NOAA_NOS,IAN,2022,9480.0
2022-10-01 15:00:00,2.963,1.959,-1.004,-75.11916,38.785756,8557380,NOAA_NOS,IAN,2022,9540.0
2022-10-01 16:00:00,3.668,2.7,-0.968,-75.11916,38.785756,8557380,NOAA_NOS,IAN,2022,9600.0
2022-10-01 17:00:00,4.022,2.849,-1.173,-75.11916,38.785756,8557380,NOAA_NOS,IAN,2022,9660.0
2022-10-01 18:00:00,4.009,2.365,-1.644,-75.11916,38.785756,8557380,NOAA_NOS,IAN,2022,9720.0
2022-10-01 19:00:00,3.494,1.659,-1.835,-75.11916,38.785756,8557380,NOAA_NOS,IAN,2022,9780.0
2022-10-01 20:00:00,2.602,0.558,-2.044,-75.11916,38.785756,8557380,NOAA_NOS,IAN,2022,9840.0
2022-10-01 21:00:00,1.68,-0.58,-2.26,-75.11916,38.785756,8557380,NOAA_NOS,IAN,2022,9900.0
2022-10-01 22:00:00,0.748,-1.453,-2.201,-75.11916,38.785756,8557380,NOAA_NOS,IAN,2022,9960.0
2022-10-01 23:00:00,0.226,-1.96,-2.186,-75.11916,38.785756,8557380,NOAA_NOS,IAN,2022,10020.0
2022-09-25 01:00:00,0.921,0.186,-0.7350000000000001,-90.0922888,30.3657972,85575,USACE,IAN,2022,60.0
2022-09-25 02:00:00,0.891,0.158,-0.733,-90.0922888,30.3657972,85575,USACE,IAN,2022,120.0
2022-09-25 03:00:00,0.851,0.13,-0.721,-90.0922888,30.3657972,85575,USACE,IAN,2022,180.0
2022-09-25 04:00:00,0.801,0.1,-0.7010000000000001,-90.0922888,30.3657972,85575,USACE,IAN,2022,240.0
2022-09-25 05:00:00,0.761,0.067,-0.694,-90.0922888,30.3657972,85575,USACE,IAN,2022,300.0
2022-09-25 06:00:00,0.721,0.041,-0.6799999999999999,-90.0922888,30.3657972,85575,USACE,IAN,2022,360.0
2022-09-25 07:00:00,0.681,0.023,-0.658,-90.0922888,30.3657972,85575,USACE,IAN,2022,420.0
2022-09-25 08:00:00,0.641,0.007,-0.634,-90.0922888,30.3657972,85575,USACE,IAN,2022,480.0
2022-09-25 09:00:00,0.641,0.003,-0.638,-90.0922888,30.3657972,85575,USACE,IAN,2022,540.0
2022-09-25 10:00:00,0.681,0.013,-0.668,-90.0922888,30.3657972,85575,USACE,IAN,2022,600.0
2022-09-25 11:00:00,0.701,0.026,-0.6749999999999999,-90.0922888,30.3657972,85575,USACE,IAN,2022,660.0
2022-09-25 12:00:00,0.721,0.034,-0.6869999999999999,-90.0922888,30.3657972,85575,USACE,IAN,2022,720.0
2022-09-25 13:00:00,0.721,0.032,-0.689,-90.0922888,30.3657972,85575,USACE,IAN,2022,780.0
2022-09-25 14:00:00,0.761,0.022,-0.739,-90.0922888,30.3657972,85575,USACE,IAN,2022,840.0
2022-09-25 15:00:00,0.771,0.002,-0.769,-90.0922888,30.3657972,85575,USACE,IAN,2022,900.0
2022-09-25 16:00:00,0.741,-0.021,-0.762,-90.0922888,30.3657972,85575,USACE,IAN,2022,960.0
2022-09-25 17:00:00,0.711,-0.037,-0.748,-90.0922888,30.3657972,85575,USACE,IAN,2022,1020.0
2022-09-25 18:00:00,0.711,-0.042,-0.753,-90.0922888,30.3657972,85575,USACE,IAN,2022,1080.0
2022-09-25 19:00:00,0.691,-0.025,-0.716,-90.0922888,30.3657972,85575,USACE,IAN,2022,1140.0
2022-09-25 20:00:00,0.691,0.006,-0.6849999999999999,-90.0922888,30.3657972,85575,USACE,IAN,2022,1200.0
2022-09-25 21:00:00,0.721,0.031,-0.69,-90.0922888,30.3657972,85575,USACE,IAN,2022,1260.0
2022-09-25 22:00:00,0.751,0.06,-0.6910000000000001,-90.0922888,30.3657972,85575,USACE,IAN,2022,1320.0
2022-09-25 23:00:00,0.771,0.095,-0.676,-90.0922888,30.3657972,85575,USACE,IAN,2022,1380.0
2022-09-26 00:00:00,0.781,0.112,-0.669,-90.0922888,30.3657972,85575,USACE,IAN,2022,1440.0
2022-09-26 01:00:00,0.721,0.12,-0.601,-90.0922888,30.3657972,85575,USACE,IAN,2022,1500.0
2022-09-26 02:00:00,0.921,0.119,-0.802,-90.0922888,30.3657972,85575,USACE,IAN,2022,1560.0
2022-09-26 03:00:00,0.711,0.095,-0.616,-90.0922888,30.3657972,85575,USACE,IAN,2022,1620.0
2022-09-26 04:00:00,0.691,0.065,-0.6259999999999999,-90.0922888,30.3657972,85575,USACE,IAN,2022,1680.0
2022-09-26 05:00:00,0.701,0.043,-0.6579999999999999,-90.0922888,30.3657972,85575,USACE,IAN,2022,1740.0
2022-09-26 06:00:00,0.561,0.017,-0.544,-90.0922888,30.3657972,85575,USACE,IAN,2022,1800.0
2022-09-26 07:00:00,0.711,-0.004,-0.715,-90.0922888,30.3657972,85575,USACE,IAN,2022,1860.0
2022-09-26 08:00:00,0.551,-0.0,-0.551,-90.0922888,30.3657972,85575,USACE,IAN,2022,1920.0
2022-09-26 09:00:00,0.551,0.012,-0.539,-90.0922888,30.3657972,85575,USACE,IAN,2022,1980.0
2022-09-26 10:00:00,0.581,0.03,-0.5509999999999999,-90.0922888,30.3657972,85575,USACE,IAN,2022,2040.0
2022-09-26 11:00:00,0.511,0.051,-0.46,-90.0922888,30.3657972,85575,USACE,IAN,2022,2100.0
2022-09-26 12:00:00,0.561,0.064,-0.497,-90.0922888,30.3657972,85575,USACE,IAN,2022,2160.0
2022-09-26 13:00:00,0.561,0.064,-0.497,-90.0922888,30.3657972,85575,USACE,IAN,2022,2220.0
2022-09-26 14:00:00,0.571,0.047,-0.5239999999999999,-90.0922888,30.3657972,85575,USACE,IAN,2022,2280.0
2022-09-26 15:00:00,0.501,0.019,-0.482,-90.0922888,30.3657972,85575,USACE,IAN,2022,2340.0
2022-09-26 16:00:00,0.571,-0.006,-0.577,-90.0922888,30.3657972,85575,USACE,IAN,2022,2400.0
2022-09-26 17:00:00,0.441,-0.032,-0.473,-90.0922888,30.3657972,85575,USACE,IAN,2022,2460.0
2022-09-26 18:00:00,0.451,-0.061,-0.512,-90.0922888,30.3657972,85575,USACE,IAN,2022,2520.0
2022-09-26 19:00:00,0.471,-0.067,-0.538,-90.0922888,30.3657972,85575,USACE,IAN,2022,2580.0
2022-09-26 20:00:00,0.411,-0.057,-0.4679999999999999,-90.0922888,30.3657972,85575,USACE,IAN,2022,2640.0
2022-09-26 21:00:00,0.431,-0.036,-0.4669999999999999,-90.0922888,30.3657972,85575,USACE,IAN,2022,2700.0
2022-09-26 22:00:00,0.371,-0.006,-0.377,-90.0922888,30.3657972,85575,USACE,IAN,2022,2760.0
2022-09-26 23:00:00,0.351,0.023,-0.3279999999999999,-90.0922888,30.3657972,85575,USACE,IAN,2022,2820.0
2022-09-27 00:00:00,0.501,0.049,-0.452,-90.0922888,30.3657972,85575,USACE,IAN,2022,2880.0
2022-09-27 01:00:00,0.511,0.074,-0.437,-90.0922888,30.3657972,85575,USACE,IAN,2022,2940.0
2022-09-27 02:00:00,0.461,0.078,-0.383,-90.0922888,30.3657972,85575,USACE,IAN,2022,3000.0
2022-09-27 03:00:00,0.591,0.071,-0.52,-90.0922888,30.3657972,85575,USACE,IAN,2022,3060.0
2022-09-27 04:00:00,0.571,0.056,-0.5149999999999999,-90.0922888,30.3657972,85575,USACE,IAN,2022,3120.0
2022-09-27 05:00:00,0.431,0.031,-0.4,-90.0922888,30.3657972,85575,USACE,IAN,2022,3180.0
2022-09-27 06:00:00,0.591,0.014,-0.577,-90.0922888,30.3657972,85575,USACE,IAN,2022,3240.0
2022-09-27 07:00:00,0.551,0.015,-0.536,-90.0922888,30.3657972,85575,USACE,IAN,2022,3300.0
2022-09-27 08:00:00,0.471,0.025,-0.4459999999999999,-90.0922888,30.3657972,85575,USACE,IAN,2022,3360.0
2022-09-27 09:00:00,0.691,0.053,-0.6379999999999999,-90.0922888,30.3657972,85575,USACE,IAN,2022,3420.0
2022-09-27 10:00:00,0.601,0.082,-0.519,-90.0922888,30.3657972,85575,USACE,IAN,2022,3480.0
2022-09-27 11:00:00,0.751,0.103,-0.648,-90.0922888,30.3657972,85575,USACE,IAN,2022,3540.0
2022-09-27 12:00:00,0.761,0.125,-0.636,-90.0922888,30.3657972,85575,USACE,IAN,2022,3600.0
2022-09-27 13:00:00,0.701,0.127,-0.574,-90.0922888,30.3657972,85575,USACE,IAN,2022,3660.0
2022-09-27 14:00:00,0.831,0.104,-0.727,-90.0922888,30.3657972,85575,USACE,IAN,2022,3720.0
2022-09-27 15:00:00,0.861,0.079,-0.782,-90.0922888,30.3657972,85575,USACE,IAN,2022,3780.0
2022-09-27 16:00:00,0.891,0.052,-0.839,-90.0922888,30.3657972,85575,USACE,IAN,2022,3840.0
2022-09-27 17:00:00,0.861,0.016,-0.845,-90.0922888,30.3657972,85575,USACE,IAN,2022,3900.0
2022-09-27 18:00:00,0.881,-0.015,-0.896,-90.0922888,30.3657972,85575,USACE,IAN,2022,3960.0
2022-09-27 19:00:00,0.921,-0.039,-0.96,-90.0922888,30.3657972,85575,USACE,IAN,2022,4020.0
2022-09-27 20:00:00,0.891,-0.061,-0.952,-90.0922888,30.3657972,85575,USACE,IAN,2022,4080.0
2022-09-27 21:00:00,0.941,-0.073,-1.014,-90.0922888,30.3657972,85575,USACE,IAN,2022,4140.0
2022-09-27 22:00:00,0.881,-0.068,-0.949,-90.0922888,30.3657972,85575,USACE,IAN,2022,4200.0
2022-09-27 23:00:00,0.931,-0.049,-0.98,-90.0922888,30.3657972,85575,USACE,IAN,2022,4260.0
2022-09-28 00:00:00,0.921,-0.024,-0.945,-90.0922888,30.3657972,85575,USACE,IAN,2022,4320.0
2022-09-28 01:00:00,0.921,-0.0,-0.921,-90.0922888,30.3657972,85575,USACE,IAN,2022,4380.0
2022-09-28 02:00:00,0.981,0.023,-0.958,-90.0922888,30.3657972,85575,USACE,IAN,2022,4440.0
2022-09-28 03:00:00,0.931,0.045,-0.886,-90.0922888,30.3657972,85575,USACE,IAN,2022,4500.0
2022-09-28 04:00:00,0.941,0.052,-0.8889999999999999,-90.0922888,30.3657972,85575,USACE,IAN,2022,4560.0
2022-09-28 05:00:00,0.951,0.061,-0.8899999999999999,-90.0922888,30.3657972,85575,USACE,IAN,2022,4620.0
2022-09-28 06:00:00,0.921,0.077,-0.8440000000000001,-90.0922888,30.3657972,85575,USACE,IAN,2022,4680.0
2022-09-28 07:00:00,0.881,0.091,-0.79,-90.0922888,30.3657972,85575,USACE,IAN,2022,4740.0
2022-09-28 08:00:00,0.871,0.111,-0.76,-90.0922888,30.3657972,85575,USACE,IAN,2022,4800.0
2022-09-28 09:00:00,0.931,0.14,-0.791,-90.0922888,30.3657972,85575,USACE,IAN,2022,4860.0
2022-09-28 10:00:00,0.991,0.165,-0.826,-90.0922888,30.3657972,85575,USACE,IAN,2022,4920.0
2022-09-28 11:00:00,0.981,0.19,-0.7909999999999999,-90.0922888,30.3657972,85575,USACE,IAN,2022,4980.0
2022-09-28 12:00:00,0.971,0.212,-0.759,-90.0922888,30.3657972,85575,USACE,IAN,2022,5040.0
2022-09-28 13:00:00,1.041,0.218,-0.823,-90.0922888,30.3657972,85575,USACE,IAN,2022,5100.0
2022-09-28 14:00:00,1.101,0.206,-0.895,-90.0922888,30.3657972,85575,USACE,IAN,2022,5160.0
2022-09-28 15:00:00,1.141,0.18,-0.961,-90.0922888,30.3657972,85575,USACE,IAN,2022,5220.0
2022-09-28 16:00:00,1.241,0.149,-1.092,-90.0922888,30.3657972,85575,USACE,IAN,2022,5280.0
2022-09-28 17:00:00,1.101,0.118,-0.983,-90.0922888,30.3657972,85575,USACE,IAN,2022,5340.0
2022-09-28 18:00:00,1.091,0.082,-1.009,-90.0922888,30.3657972,85575,USACE,IAN,2022,5400.0
2022-09-28 19:00:00,1.101,0.049,-1.052,-90.0922888,30.3657972,85575,USACE,IAN,2022,5460.0
2022-09-28 20:00:00,0.971,0.022,-0.949,-90.0922888,30.3657972,85575,USACE,IAN,2022,5520.0
2022-09-28 21:00:00,0.961,-0.009,-0.97,-90.0922888,30.3657972,85575,USACE,IAN,2022,5580.0
2022-09-28 22:00:00,1.031,-0.035,-1.0659999999999998,-90.0922888,30.3657972,85575,USACE,IAN,2022,5640.0
2022-09-28 23:00:00,1.081,-0.052,-1.133,-90.0922888,30.3657972,85575,USACE,IAN,2022,5700.0
2022-09-29 00:00:00,1.121,-0.067,-1.188,-90.0922888,30.3657972,85575,USACE,IAN,2022,5760.0
2022-09-29 01:00:00,1.231,-0.072,-1.3030000000000002,-90.0922888,30.3657972,85575,USACE,IAN,2022,5820.0
2022-09-29 02:00:00,1.231,-0.064,-1.2950000000000002,-90.0922888,30.3657972,85575,USACE,IAN,2022,5880.0
2022-09-29 03:00:00,1.151,-0.054,-1.205,-90.0922888,30.3657972,85575,USACE,IAN,2022,5940.0
2022-09-29 04:00:00,1.261,-0.042,-1.303,-90.0922888,30.3657972,85575,USACE,IAN,2022,6000.0
2022-09-29 05:00:00,1.101,-0.027,-1.128,-90.0922888,30.3657972,85575,USACE,IAN,2022,6060.0
2022-09-29 06:00:00,0.951,-0.009,-0.96,-90.0922888,30.3657972,85575,USACE,IAN,2022,6120.0
2022-09-29 07:00:00,1.001,0.013,-0.988,-90.0922888,30.3657972,85575,USACE,IAN,2022,6180.0
2022-09-29 08:00:00,0.881,0.037,-0.844,-90.0922888,30.3657972,85575,USACE,IAN,2022,6240.0
2022-09-29 09:00:00,0.871,0.064,-0.8069999999999999,-90.0922888,30.3657972,85575,USACE,IAN,2022,6300.0
2022-09-29 10:00:00,0.901,0.093,-0.808,-90.0922888,30.3657972,85575,USACE,IAN,2022,6360.0
2022-09-29 11:00:00,0.861,0.119,-0.742,-90.0922888,30.3657972,85575,USACE,IAN,2022,6420.0
2022-09-29 12:00:00,0.901,0.142,-0.759,-90.0922888,30.3657972,85575,USACE,IAN,2022,6480.0
2022-09-29 13:00:00,0.871,0.158,-0.713,-90.0922888,30.3657972,85575,USACE,IAN,2022,6540.0
2022-09-29 14:00:00,0.851,0.155,-0.696,-90.0922888,30.3657972,85575,USACE,IAN,2022,6600.0
2022-09-29 15:00:00,1.011,0.133,-0.8779999999999999,-90.0922888,30.3657972,85575,USACE,IAN,2022,6660.0
2022-09-29 16:00:00,0.951,0.104,-0.847,-90.0922888,30.3657972,85575,USACE,IAN,2022,6720.0
2022-09-29 17:00:00,0.931,0.075,-0.8560000000000001,-90.0922888,30.3657972,85575,USACE,IAN,2022,6780.0
2022-09-29 18:00:00,0.831,0.04,-0.7909999999999999,-90.0922888,30.3657972,85575,USACE,IAN,2022,6840.0
2022-09-29 19:00:00,0.691,0.004,-0.6869999999999999,-90.0922888,30.3657972,85575,USACE,IAN,2022,6900.0
2022-09-29 20:00:00,0.671,-0.025,-0.6960000000000001,-90.0922888,30.3657972,85575,USACE,IAN,2022,6960.0
2022-09-29 21:00:00,0.651,-0.057,-0.7080000000000001,-90.0922888,30.3657972,85575,USACE,IAN,2022,7020.0
2022-09-29 22:00:00,0.551,-0.09,-0.641,-90.0922888,30.3657972,85575,USACE,IAN,2022,7080.0
2022-09-29 23:00:00,0.511,-0.119,-0.63,-90.0922888,30.3657972,85575,USACE,IAN,2022,7140.0
2022-09-30 00:00:00,0.481,-0.148,-0.629,-90.0922888,30.3657972,85575,USACE,IAN,2022,7200.0
2022-09-30 01:00:00,0.461,-0.177,-0.638,-90.0922888,30.3657972,85575,USACE,IAN,2022,7260.0
2022-09-30 02:00:00,0.431,-0.202,-0.633,-90.0922888,30.3657972,85575,USACE,IAN,2022,7320.0
2022-09-30 03:00:00,0.341,-0.223,-0.5640000000000001,-90.0922888,30.3657972,85575,USACE,IAN,2022,7380.0
2022-09-30 04:00:00,0.321,-0.24,-0.5609999999999999,-90.0922888,30.3657972,85575,USACE,IAN,2022,7440.0
2022-09-30 05:00:00,0.271,-0.248,-0.519,-90.0922888,30.3657972,85575,USACE,IAN,2022,7500.0
2022-09-30 06:00:00,0.221,-0.246,-0.4669999999999999,-90.0922888,30.3657972,85575,USACE,IAN,2022,7560.0
2022-09-30 07:00:00,0.181,-0.229,-0.41,-90.0922888,30.3657972,85575,USACE,IAN,2022,7620.0
2022-09-30 08:00:00,0.171,-0.201,-0.372,-90.0922888,30.3657972,85575,USACE,IAN,2022,7680.0
2022-09-30 09:00:00,0.201,-0.174,-0.375,-90.0922888,30.3657972,85575,USACE,IAN,2022,7740.0
2022-09-30 10:00:00,0.221,-0.144,-0.365,-90.0922888,30.3657972,85575,USACE,IAN,2022,7800.0
2022-09-30 11:00:00,0.301,-0.107,-0.408,-90.0922888,30.3657972,85575,USACE,IAN,2022,7860.0
2022-09-30 12:00:00,0.361,-0.078,-0.439,-90.0922888,30.3657972,85575,USACE,IAN,2022,7920.0
2022-09-30 13:00:00,0.351,-0.053,-0.4039999999999999,-90.0922888,30.3657972,85575,USACE,IAN,2022,7980.0
2022-09-30 14:00:00,0.421,-0.03,-0.4509999999999999,-90.0922888,30.3657972,85575,USACE,IAN,2022,8040.0
2022-09-30 15:00:00,0.561,-0.024,-0.5850000000000001,-90.0922888,30.3657972,85575,USACE,IAN,2022,8100.0
2022-09-30 16:00:00,0.561,-0.037,-0.5980000000000001,-90.0922888,30.3657972,85575,USACE,IAN,2022,8160.0
2022-09-30 17:00:00,0.541,-0.063,-0.6040000000000001,-90.0922888,30.3657972,85575,USACE,IAN,2022,8220.0
2022-09-30 18:00:00,0.511,-0.093,-0.604,-90.0922888,30.3657972,85575,USACE,IAN,2022,8280.0
2022-09-30 19:00:00,0.431,-0.124,-0.5549999999999999,-90.0922888,30.3657972,85575,USACE,IAN,2022,8340.0
2022-09-30 20:00:00,0.401,-0.158,-0.559,-90.0922888,30.3657972,85575,USACE,IAN,2022,8400.0
2022-09-30 21:00:00,0.311,-0.192,-0.503,-90.0922888,30.3657972,85575,USACE,IAN,2022,8460.0
2022-09-30 22:00:00,0.271,-0.219,-0.49,-90.0922888,30.3657972,85575,USACE,IAN,2022,8520.0
2022-09-30 23:00:00,0.251,-0.248,-0.499,-90.0922888,30.3657972,85575,USACE,IAN,2022,8580.0
2022-10-01 00:00:00,0.201,-0.279,-0.48,-90.0922888,30.3657972,85575,USACE,IAN,2022,8640.0
2022-10-01 01:00:00,0.161,-0.303,-0.4639999999999999,-90.0922888,30.3657972,85575,USACE,IAN,2022,8700.0
2022-10-01 02:00:00,0.131,-0.327,-0.458,-90.0922888,30.3657972,85575,USACE,IAN,2022,8760.0
2022-10-01 03:00:00,0.071,-0.342,-0.413,-90.0922888,30.3657972,85575,USACE,IAN,2022,8820.0
2022-10-01 04:00:00,0.041,-0.342,-0.383,-90.0922888,30.3657972,85575,USACE,IAN,2022,8880.0
2022-10-01 05:00:00,0.031,-0.329,-0.36,-90.0922888,30.3657972,85575,USACE,IAN,2022,8940.0
2022-10-01 06:00:00,0.061,-0.3,-0.361,-90.0922888,30.3657972,85575,USACE,IAN,2022,9000.0
2022-10-01 07:00:00,0.081,-0.268,-0.349,-90.0922888,30.3657972,85575,USACE,IAN,2022,9060.0
2022-10-01 08:00:00,0.161,-0.238,-0.399,-90.0922888,30.3657972,85575,USACE,IAN,2022,9120.0
2022-10-01 09:00:00,0.191,-0.198,-0.389,-90.0922888,30.3657972,85575,USACE,IAN,2022,9180.0
2022-10-01 10:00:00,0.191,-0.16,-0.351,-90.0922888,30.3657972,85575,USACE,IAN,2022,9240.0
2022-10-01 11:00:00,0.281,-0.128,-0.409,-90.0922888,30.3657972,85575,USACE,IAN,2022,9300.0
2022-10-01 12:00:00,0.351,-0.087,-0.4379999999999999,-90.0922888,30.3657972,85575,USACE,IAN,2022,9360.0
2022-10-01 13:00:00,0.341,-0.047,-0.388,-90.0922888,30.3657972,85575,USACE,IAN,2022,9420.0
2022-10-01 14:00:00,0.441,-0.009,-0.45,-90.0922888,30.3657972,85575,USACE,IAN,2022,9480.0
2022-10-01 15:00:00,0.491,0.02,-0.471,-90.0922888,30.3657972,85575,USACE,IAN,2022,9540.0
2022-10-01 16:00:00,0.521,0.042,-0.479,-90.0922888,30.3657972,85575,USACE,IAN,2022,9600.0
2022-10-01 17:00:00,0.511,0.054,-0.457,-90.0922888,30.3657972,85575,USACE,IAN,2022,9660.0
2022-10-01 18:00:00,0.451,0.044,-0.407,-90.0922888,30.3657972,85575,USACE,IAN,2022,9720.0
2022-10-01 19:00:00,0.381,0.019,-0.362,-90.0922888,30.3657972,85575,USACE,IAN,2022,9780.0
2022-10-01 20:00:00,0.331,-0.009,-0.34,-90.0922888,30.3657972,85575,USACE,IAN,2022,9840.0
2022-10-01 21:00:00,0.251,-0.042,-0.293,-90.0922888,30.3657972,85575,USACE,IAN,2022,9900.0
2022-10-01 22:00:00,0.201,-0.075,-0.276,-90.0922888,30.3657972,85575,USACE,IAN,2022,9960.0
2022-10-01 23:00:00,0.141,-0.109,-0.25,-90.0922888,30.3657972,85575,USACE,IAN,2022,10020.0
2022-09-25 01:00:00,1.065,0.176,-0.889,-90.015191,30.042175,85670,USACE,IAN,2022,60.0
2022-09-25 02:00:00,1.025,0.165,-0.8599999999999999,-90.015191,30.042175,85670,USACE,IAN,2022,120.0
2022-09-25 03:00:00,0.995,0.146,-0.849,-90.015191,30.042175,85670,USACE,IAN,2022,180.0
2022-09-25 04:00:00,0.945,0.114,-0.831,-90.015191,30.042175,85670,USACE,IAN,2022,240.0
2022-09-25 05:00:00,0.895,0.084,-0.811,-90.015191,30.042175,85670,USACE,IAN,2022,300.0
2022-09-25 06:00:00,0.865,0.061,-0.804,-90.015191,30.042175,85670,USACE,IAN,2022,360.0
2022-09-25 07:00:00,0.825,0.04,-0.7849999999999999,-90.015191,30.042175,85670,USACE,IAN,2022,420.0
2022-09-25 08:00:00,0.835,0.022,-0.813,-90.015191,30.042175,85670,USACE,IAN,2022,480.0
2022-09-25 09:00:00,0.815,0.012,-0.8029999999999999,-90.015191,30.042175,85670,USACE,IAN,2022,540.0
2022-09-25 10:00:00,0.825,0.014,-0.8109999999999999,-90.015191,30.042175,85670,USACE,IAN,2022,600.0
2022-09-25 11:00:00,0.875,0.019,-0.856,-90.015191,30.042175,85670,USACE,IAN,2022,660.0
2022-09-25 12:00:00,0.895,0.021,-0.874,-90.015191,30.042175,85670,USACE,IAN,2022,720.0
2022-09-25 13:00:00,0.975,0.027,-0.948,-90.015191,30.042175,85670,USACE,IAN,2022,780.0
2022-09-25 14:00:00,0.975,0.024,-0.951,-90.015191,30.042175,85670,USACE,IAN,2022,840.0
2022-09-25 15:00:00,0.975,0.01,-0.965,-90.015191,30.042175,85670,USACE,IAN,2022,900.0
2022-09-25 16:00:00,0.965,-0.006,-0.971,-90.015191,30.042175,85670,USACE,IAN,2022,960.0
2022-09-25 17:00:00,0.925,-0.021,-0.946,-90.015191,30.042175,85670,USACE,IAN,2022,1020.0
2022-09-25 18:00:00,0.915,-0.022,-0.937,-90.015191,30.042175,85670,USACE,IAN,2022,1080.0
2022-09-25 19:00:00,0.895,-0.016,-0.911,-90.015191,30.042175,85670,USACE,IAN,2022,1140.0
2022-09-25 20:00:00,0.895,-0.008,-0.903,-90.015191,30.042175,85670,USACE,IAN,2022,1200.0
2022-09-25 21:00:00,0.895,0.016,-0.879,-90.015191,30.042175,85670,USACE,IAN,2022,1260.0
2022-09-25 22:00:00,0.925,0.05,-0.875,-90.015191,30.042175,85670,USACE,IAN,2022,1320.0
2022-09-25 23:00:00,0.965,0.075,-0.89,-90.015191,30.042175,85670,USACE,IAN,2022,1380.0
2022-09-26 00:00:00,0.995,0.091,-0.904,-90.015191,30.042175,85670,USACE,IAN,2022,1440.0
2022-09-26 01:00:00,1.005,0.102,-0.903,-90.015191,30.042175,85670,USACE,IAN,2022,1500.0
2022-09-26 02:00:00,0.915,0.107,-0.808,-90.015191,30.042175,85670,USACE,IAN,2022,1560.0
2022-09-26 03:00:00,0.915,0.1,-0.8150000000000001,-90.015191,30.042175,85670,USACE,IAN,2022,1620.0
2022-09-26 04:00:00,0.875,0.081,-0.794,-90.015191,30.042175,85670,USACE,IAN,2022,1680.0
2022-09-26 05:00:00,0.835,0.055,-0.7799999999999999,-90.015191,30.042175,85670,USACE,IAN,2022,1740.0
2022-09-26 06:00:00,0.815,0.031,-0.7839999999999999,-90.015191,30.042175,85670,USACE,IAN,2022,1800.0
2022-09-26 07:00:00,0.725,0.018,-0.707,-90.015191,30.042175,85670,USACE,IAN,2022,1860.0
2022-09-26 08:00:00,0.815,0.012,-0.8029999999999999,-90.015191,30.042175,85670,USACE,IAN,2022,1920.0
2022-09-26 09:00:00,0.785,0.015,-0.77,-90.015191,30.042175,85670,USACE,IAN,2022,1980.0
2022-09-26 10:00:00,0.735,0.021,-0.714,-90.015191,30.042175,85670,USACE,IAN,2022,2040.0
2022-09-26 11:00:00,0.825,0.034,-0.7909999999999999,-90.015191,30.042175,85670,USACE,IAN,2022,2100.0
2022-09-26 12:00:00,0.755,0.053,-0.702,-90.015191,30.042175,85670,USACE,IAN,2022,2160.0
2022-09-26 13:00:00,0.865,0.052,-0.813,-90.015191,30.042175,85670,USACE,IAN,2022,2220.0
2022-09-26 14:00:00,0.815,0.041,-0.7739999999999999,-90.015191,30.042175,85670,USACE,IAN,2022,2280.0
2022-09-26 15:00:00,0.765,0.031,-0.734,-90.015191,30.042175,85670,USACE,IAN,2022,2340.0
2022-09-26 16:00:00,0.755,0.009,-0.746,-90.015191,30.042175,85670,USACE,IAN,2022,2400.0
2022-09-26 17:00:00,0.745,-0.021,-0.766,-90.015191,30.042175,85670,USACE,IAN,2022,2460.0
2022-09-26 18:00:00,0.685,-0.038,-0.7230000000000001,-90.015191,30.042175,85670,USACE,IAN,2022,2520.0
2022-09-26 19:00:00,0.645,-0.046,-0.6910000000000001,-90.015191,30.042175,85670,USACE,IAN,2022,2580.0
2022-09-26 20:00:00,0.645,-0.044,-0.6890000000000001,-90.015191,30.042175,85670,USACE,IAN,2022,2640.0
2022-09-26 21:00:00,0.645,-0.037,-0.682,-90.015191,30.042175,85670,USACE,IAN,2022,2700.0
2022-09-26 22:00:00,0.745,-0.023,-0.768,-90.015191,30.042175,85670,USACE,IAN,2022,2760.0
2022-09-26 23:00:00,0.795,0.009,-0.786,-90.015191,30.042175,85670,USACE,IAN,2022,2820.0
2022-09-27 00:00:00,0.765,0.04,-0.725,-90.015191,30.042175,85670,USACE,IAN,2022,2880.0
2022-09-27 01:00:00,0.965,0.052,-0.913,-90.015191,30.042175,85670,USACE,IAN,2022,2940.0
2022-09-27 02:00:00,0.905,0.062,-0.843,-90.015191,30.042175,85670,USACE,IAN,2022,3000.0
2022-09-27 03:00:00,0.955,0.066,-0.889,-90.015191,30.042175,85670,USACE,IAN,2022,3060.0
2022-09-27 04:00:00,1.025,0.059,-0.966,-90.015191,30.042175,85670,USACE,IAN,2022,3120.0
2022-09-27 05:00:00,1.025,0.047,-0.978,-90.015191,30.042175,85670,USACE,IAN,2022,3180.0
2022-09-27 06:00:00,0.925,0.032,-0.893,-90.015191,30.042175,85670,USACE,IAN,2022,3240.0
2022-09-27 07:00:00,1.045,0.025,-1.02,-90.015191,30.042175,85670,USACE,IAN,2022,3300.0
2022-09-27 08:00:00,1.075,0.034,-1.041,-90.015191,30.042175,85670,USACE,IAN,2022,3360.0
2022-09-27 09:00:00,0.885,0.045,-0.84,-90.015191,30.042175,85670,USACE,IAN,2022,3420.0
2022-09-27 10:00:00,0.935,0.064,-0.871,-90.015191,30.042175,85670,USACE,IAN,2022,3480.0
2022-09-27 11:00:00,0.965,0.092,-0.873,-90.015191,30.042175,85670,USACE,IAN,2022,3540.0
2022-09-27 12:00:00,0.995,0.105,-0.89,-90.015191,30.042175,85670,USACE,IAN,2022,3600.0
2022-09-27 13:00:00,1.035,0.106,-0.929,-90.015191,30.042175,85670,USACE,IAN,2022,3660.0
2022-09-27 14:00:00,1.045,0.101,-0.944,-90.015191,30.042175,85670,USACE,IAN,2022,3720.0
2022-09-27 15:00:00,1.145,0.09,-1.055,-90.015191,30.042175,85670,USACE,IAN,2022,3780.0
2022-09-27 16:00:00,1.145,0.066,-1.079,-90.015191,30.042175,85670,USACE,IAN,2022,3840.0
2022-09-27 17:00:00,1.215,0.033,-1.1820000000000002,-90.015191,30.042175,85670,USACE,IAN,2022,3900.0
2022-09-27 18:00:00,1.145,0.004,-1.141,-90.015191,30.042175,85670,USACE,IAN,2022,3960.0
2022-09-27 19:00:00,1.245,-0.016,-1.261,-90.015191,30.042175,85670,USACE,IAN,2022,4020.0
2022-09-27 20:00:00,1.365,-0.037,-1.402,-90.015191,30.042175,85670,USACE,IAN,2022,4080.0
2022-09-27 21:00:00,1.235,-0.054,-1.289,-90.015191,30.042175,85670,USACE,IAN,2022,4140.0
2022-09-27 22:00:00,1.285,-0.056,-1.341,-90.015191,30.042175,85670,USACE,IAN,2022,4200.0
2022-09-27 23:00:00,1.305,-0.045,-1.35,-90.015191,30.042175,85670,USACE,IAN,2022,4260.0
2022-09-28 00:00:00,1.225,-0.034,-1.259,-90.015191,30.042175,85670,USACE,IAN,2022,4320.0
2022-09-28 01:00:00,1.385,-0.012,-1.397,-90.015191,30.042175,85670,USACE,IAN,2022,4380.0
2022-09-28 02:00:00,1.265,0.017,-1.248,-90.015191,30.042175,85670,USACE,IAN,2022,4440.0
2022-09-28 03:00:00,1.335,0.033,-1.302,-90.015191,30.042175,85670,USACE,IAN,2022,4500.0
2022-09-28 04:00:00,1.325,0.047,-1.278,-90.015191,30.042175,85670,USACE,IAN,2022,4560.0
2022-09-28 05:00:00,1.325,0.063,-1.262,-90.015191,30.042175,85670,USACE,IAN,2022,4620.0
2022-09-28 06:00:00,1.385,0.077,-1.308,-90.015191,30.042175,85670,USACE,IAN,2022,4680.0
2022-09-28 07:00:00,-4.435,0.091,4.526,-90.015191,30.042175,85670,USACE,IAN,2022,4740.0
2022-09-28 08:00:00,1.185,0.108,-1.077,-90.015191,30.042175,85670,USACE,IAN,2022,4800.0
2022-09-28 09:00:00,-10.225,0.127,10.352,-90.015191,30.042175,85670,USACE,IAN,2022,4860.0
2022-09-28 10:00:00,1.375,0.153,-1.222,-90.015191,30.042175,85670,USACE,IAN,2022,4920.0
2022-09-28 11:00:00,1.465,0.174,-1.291,-90.015191,30.042175,85670,USACE,IAN,2022,4980.0
2022-09-28 12:00:00,1.495,0.19,-1.3050000000000002,-90.015191,30.042175,85670,USACE,IAN,2022,5040.0
2022-09-28 13:00:00,-6.745,0.2,6.945,-90.015191,30.042175,85670,USACE,IAN,2022,5100.0
2022-09-28 14:00:00,1.465,0.195,-1.27,-90.015191,30.042175,85670,USACE,IAN,2022,5160.0
2022-09-28 15:00:00,1.535,0.185,-1.35,-90.015191,30.042175,85670,USACE,IAN,2022,5220.0
2022-09-28 16:00:00,1.525,0.165,-1.36,-90.015191,30.042175,85670,USACE,IAN,2022,5280.0
2022-09-28 17:00:00,1.705,0.131,-1.574,-90.015191,30.042175,85670,USACE,IAN,2022,5340.0
2022-09-28 18:00:00,1.605,0.1,-1.505,-90.015191,30.042175,85670,USACE,IAN,2022,5400.0
2022-09-28 19:00:00,1.695,0.074,-1.621,-90.015191,30.042175,85670,USACE,IAN,2022,5460.0
2022-09-28 20:00:00,1.785,0.045,-1.74,-90.015191,30.042175,85670,USACE,IAN,2022,5520.0
2022-09-28 21:00:00,1.605,0.017,-1.588,-90.015191,30.042175,85670,USACE,IAN,2022,5580.0
2022-09-28 22:00:00,1.685,-0.008,-1.693,-90.015191,30.042175,85670,USACE,IAN,2022,5640.0
2022-09-28 23:00:00,1.685,-0.025,-1.71,-90.015191,30.042175,85670,USACE,IAN,2022,5700.0
2022-09-29 00:00:00,1.575,-0.034,-1.609,-90.015191,30.042175,85670,USACE,IAN,2022,5760.0
2022-09-29 01:00:00,1.555,-0.04,-1.595,-90.015191,30.042175,85670,USACE,IAN,2022,5820.0
2022-09-29 02:00:00,1.635,-0.036,-1.671,-90.015191,30.042175,85670,USACE,IAN,2022,5880.0
2022-09-29 03:00:00,1.495,-0.024,-1.519,-90.015191,30.042175,85670,USACE,IAN,2022,5940.0
2022-09-29 04:00:00,1.485,-0.012,-1.497,-90.015191,30.042175,85670,USACE,IAN,2022,6000.0
2022-09-29 05:00:00,1.635,0.006,-1.629,-90.015191,30.042175,85670,USACE,IAN,2022,6060.0
2022-09-29 06:00:00,-11.335,0.025,11.36,-90.015191,30.042175,85670,USACE,IAN,2022,6120.0
2022-09-29 07:00:00,1.415,0.04,-1.375,-90.015191,30.042175,85670,USACE,IAN,2022,6180.0
2022-09-29 08:00:00,1.475,0.058,-1.417,-90.015191,30.042175,85670,USACE,IAN,2022,6240.0
2022-09-29 09:00:00,1.345,0.08,-1.265,-90.015191,30.042175,85670,USACE,IAN,2022,6300.0
2022-09-29 10:00:00,1.335,0.103,-1.232,-90.015191,30.042175,85670,USACE,IAN,2022,6360.0
2022-09-29 11:00:00,1.415,0.125,-1.29,-90.015191,30.042175,85670,USACE,IAN,2022,6420.0
2022-09-29 12:00:00,-13.075,0.145,13.22,-90.015191,30.042175,85670,USACE,IAN,2022,6480.0
2022-09-29 13:00:00,1.405,0.156,-1.249,-90.015191,30.042175,85670,USACE,IAN,2022,6540.0
2022-09-29 14:00:00,1.335,0.156,-1.179,-90.015191,30.042175,85670,USACE,IAN,2022,6600.0
2022-09-29 15:00:00,1.225,0.144,-1.0810000000000002,-90.015191,30.042175,85670,USACE,IAN,2022,6660.0
2022-09-29 16:00:00,1.345,0.128,-1.217,-90.015191,30.042175,85670,USACE,IAN,2022,6720.0
2022-09-29 17:00:00,1.145,0.098,-1.047,-90.015191,30.042175,85670,USACE,IAN,2022,6780.0
2022-09-29 18:00:00,1.185,0.06,-1.125,-90.015191,30.042175,85670,USACE,IAN,2022,6840.0
2022-09-29 19:00:00,1.225,0.033,-1.1920000000000002,-90.015191,30.042175,85670,USACE,IAN,2022,6900.0
2022-09-29 20:00:00,1.105,0.002,-1.103,-90.015191,30.042175,85670,USACE,IAN,2022,6960.0
2022-09-29 21:00:00,1.075,-0.032,-1.107,-90.015191,30.042175,85670,USACE,IAN,2022,7020.0
2022-09-29 22:00:00,1.035,-0.068,-1.103,-90.015191,30.042175,85670,USACE,IAN,2022,7080.0
2022-09-29 23:00:00,0.905,-0.101,-1.006,-90.015191,30.042175,85670,USACE,IAN,2022,7140.0
2022-09-30 00:00:00,0.865,-0.13,-0.995,-90.015191,30.042175,85670,USACE,IAN,2022,7200.0
2022-09-30 01:00:00,0.765,-0.16,-0.925,-90.015191,30.042175,85670,USACE,IAN,2022,7260.0
2022-09-30 02:00:00,0.745,-0.188,-0.933,-90.015191,30.042175,85670,USACE,IAN,2022,7320.0
2022-09-30 03:00:00,0.675,-0.209,-0.884,-90.015191,30.042175,85670,USACE,IAN,2022,7380.0
2022-09-30 04:00:00,0.625,-0.225,-0.85,-90.015191,30.042175,85670,USACE,IAN,2022,7440.0
2022-09-30 05:00:00,0.605,-0.235,-0.84,-90.015191,30.042175,85670,USACE,IAN,2022,7500.0
2022-09-30 06:00:00,0.555,-0.234,-0.789,-90.015191,30.042175,85670,USACE,IAN,2022,7560.0
2022-09-30 07:00:00,0.585,-0.223,-0.8079999999999999,-90.015191,30.042175,85670,USACE,IAN,2022,7620.0
2022-09-30 08:00:00,0.525,-0.208,-0.733,-90.015191,30.042175,85670,USACE,IAN,2022,7680.0
2022-09-30 09:00:00,0.485,-0.185,-0.6699999999999999,-90.015191,30.042175,85670,USACE,IAN,2022,7740.0
2022-09-30 10:00:00,0.575,-0.152,-0.727,-90.015191,30.042175,85670,USACE,IAN,2022,7800.0
2022-09-30 11:00:00,0.555,-0.124,-0.679,-90.015191,30.042175,85670,USACE,IAN,2022,7860.0
2022-09-30 12:00:00,0.655,-0.097,-0.752,-90.015191,30.042175,85670,USACE,IAN,2022,7920.0
2022-09-30 13:00:00,0.685,-0.073,-0.758,-90.015191,30.042175,85670,USACE,IAN,2022,7980.0
2022-09-30 14:00:00,0.695,-0.053,-0.748,-90.015191,30.042175,85670,USACE,IAN,2022,8040.0
2022-09-30 15:00:00,0.725,-0.042,-0.767,-90.015191,30.042175,85670,USACE,IAN,2022,8100.0
2022-09-30 16:00:00,0.765,-0.046,-0.811,-90.015191,30.042175,85670,USACE,IAN,2022,8160.0
2022-09-30 17:00:00,0.745,-0.059,-0.804,-90.015191,30.042175,85670,USACE,IAN,2022,8220.0
2022-09-30 18:00:00,0.765,-0.077,-0.842,-90.015191,30.042175,85670,USACE,IAN,2022,8280.0
2022-09-30 19:00:00,0.715,-0.109,-0.824,-90.015191,30.042175,85670,USACE,IAN,2022,8340.0
2022-09-30 20:00:00,0.655,-0.144,-0.799,-90.015191,30.042175,85670,USACE,IAN,2022,8400.0
2022-09-30 21:00:00,0.595,-0.169,-0.764,-90.015191,30.042175,85670,USACE,IAN,2022,8460.0
2022-09-30 22:00:00,0.525,-0.199,-0.724,-90.015191,30.042175,85670,USACE,IAN,2022,8520.0
2022-09-30 23:00:00,0.485,-0.229,-0.714,-90.015191,30.042175,85670,USACE,IAN,2022,8580.0
2022-10-01 00:00:00,0.465,-0.26,-0.7250000000000001,-90.015191,30.042175,85670,USACE,IAN,2022,8640.0
2022-10-01 01:00:00,0.405,-0.284,-0.6890000000000001,-90.015191,30.042175,85670,USACE,IAN,2022,8700.0
2022-10-01 02:00:00,0.325,-0.299,-0.624,-90.015191,30.042175,85670,USACE,IAN,2022,8760.0
2022-10-01 03:00:00,0.305,-0.312,-0.617,-90.015191,30.042175,85670,USACE,IAN,2022,8820.0
2022-10-01 04:00:00,0.285,-0.321,-0.606,-90.015191,30.042175,85670,USACE,IAN,2022,8880.0
2022-10-01 05:00:00,0.295,-0.317,-0.612,-90.015191,30.042175,85670,USACE,IAN,2022,8940.0
2022-10-01 06:00:00,0.315,-0.306,-0.621,-90.015191,30.042175,85670,USACE,IAN,2022,9000.0
2022-10-01 07:00:00,0.345,-0.285,-0.6299999999999999,-90.015191,30.042175,85670,USACE,IAN,2022,9060.0
2022-10-01 08:00:00,0.365,-0.244,-0.609,-90.015191,30.042175,85670,USACE,IAN,2022,9120.0
2022-10-01 09:00:00,0.445,-0.206,-0.651,-90.015191,30.042175,85670,USACE,IAN,2022,9180.0
2022-10-01 10:00:00,0.555,-0.175,-0.73,-90.015191,30.042175,85670,USACE,IAN,2022,9240.0
2022-10-01 11:00:00,0.525,-0.135,-0.66,-90.015191,30.042175,85670,USACE,IAN,2022,9300.0
2022-10-01 12:00:00,0.585,-0.09,-0.6749999999999999,-90.015191,30.042175,85670,USACE,IAN,2022,9360.0
2022-10-01 13:00:00,0.655,-0.051,-0.7060000000000001,-90.015191,30.042175,85670,USACE,IAN,2022,9420.0
2022-10-01 14:00:00,0.645,-0.034,-0.679,-90.015191,30.042175,85670,USACE,IAN,2022,9480.0
2022-10-01 15:00:00,0.655,-0.008,-0.663,-90.015191,30.042175,85670,USACE,IAN,2022,9540.0
2022-10-01 16:00:00,0.685,0.022,-0.663,-90.015191,30.042175,85670,USACE,IAN,2022,9600.0
2022-10-01 17:00:00,0.655,0.036,-0.619,-90.015191,30.042175,85670,USACE,IAN,2022,9660.0
2022-10-01 18:00:00,0.655,0.033,-0.622,-90.015191,30.042175,85670,USACE,IAN,2022,9720.0
2022-10-01 19:00:00,0.605,0.018,-0.587,-90.015191,30.042175,85670,USACE,IAN,2022,9780.0
2022-10-01 20:00:00,0.555,0.003,-0.552,-90.015191,30.042175,85670,USACE,IAN,2022,9840.0
2022-10-01 21:00:00,0.495,-0.024,-0.519,-90.015191,30.042175,85670,USACE,IAN,2022,9900.0
2022-10-01 22:00:00,0.435,-0.063,-0.498,-90.015191,30.042175,85670,USACE,IAN,2022,9960.0
2022-10-01 23:00:00,0.375,-0.093,-0.4679999999999999,-90.015191,30.042175,85670,USACE,IAN,2022,10020.0
2022-09-25 01:00:00,1.486,1.045,-0.441,-75.091086,38.328267,8570283,NOAA_NOS,IAN,2022,60.0
2022-09-25 02:00:00,1.24,0.483,-0.757,-75.091086,38.328267,8570283,NOAA_NOS,IAN,2022,120.0
2022-09-25 03:00:00,0.61,-0.169,-0.779,-75.091086,38.328267,8570283,NOAA_NOS,IAN,2022,180.0
2022-09-25 04:00:00,0.2,-0.786,-0.986,-75.091086,38.328267,8570283,NOAA_NOS,IAN,2022,240.0
2022-09-25 05:00:00,-0.249,-1.243,-0.994,-75.091086,38.328267,8570283,NOAA_NOS,IAN,2022,300.0
2022-09-25 06:00:00,-0.472,-1.32,-0.8480000000000001,-75.091086,38.328267,8570283,NOAA_NOS,IAN,2022,360.0
2022-09-25 07:00:00,-0.394,-0.996,-0.602,-75.091086,38.328267,8570283,NOAA_NOS,IAN,2022,420.0
2022-09-25 08:00:00,-0.128,-0.438,-0.31,-75.091086,38.328267,8570283,NOAA_NOS,IAN,2022,480.0
2022-09-25 09:00:00,0.394,0.243,-0.151,-75.091086,38.328267,8570283,NOAA_NOS,IAN,2022,540.0
2022-09-25 10:00:00,0.696,0.901,0.205,-75.091086,38.328267,8570283,NOAA_NOS,IAN,2022,600.0
2022-09-25 11:00:00,1.007,1.372,0.3650000000000002,-75.091086,38.328267,8570283,NOAA_NOS,IAN,2022,660.0
2022-09-25 12:00:00,1.204,1.481,0.2770000000000001,-75.091086,38.328267,8570283,NOAA_NOS,IAN,2022,720.0
2022-09-25 13:00:00,1.129,1.16,0.0309999999999999,-75.091086,38.328267,8570283,NOAA_NOS,IAN,2022,780.0
2022-09-25 14:00:00,0.791,0.639,-0.152,-75.091086,38.328267,8570283,NOAA_NOS,IAN,2022,840.0
2022-09-25 15:00:00,0.226,-0.02,-0.246,-75.091086,38.328267,8570283,NOAA_NOS,IAN,2022,900.0
2022-09-25 16:00:00,-0.299,-0.683,-0.384,-75.091086,38.328267,8570283,NOAA_NOS,IAN,2022,960.0
2022-09-25 17:00:00,-0.751,-1.239,-0.4880000000000001,-75.091086,38.328267,8570283,NOAA_NOS,IAN,2022,1020.0
2022-09-25 18:00:00,-0.991,-1.452,-0.4609999999999999,-75.091086,38.328267,8570283,NOAA_NOS,IAN,2022,1080.0
2022-09-25 19:00:00,-0.971,-1.245,-0.2740000000000001,-75.091086,38.328267,8570283,NOAA_NOS,IAN,2022,1140.0
2022-09-25 20:00:00,-0.696,-0.711,-0.015,-75.091086,38.328267,8570283,NOAA_NOS,IAN,2022,1200.0
2022-09-25 21:00:00,-0.131,-0.013,0.118,-75.091086,38.328267,8570283,NOAA_NOS,IAN,2022,1260.0
2022-09-25 22:00:00,0.423,0.721,0.298,-75.091086,38.328267,8570283,NOAA_NOS,IAN,2022,1320.0
2022-09-25 23:00:00,0.948,1.277,0.3289999999999999,-75.091086,38.328267,8570283,NOAA_NOS,IAN,2022,1380.0
2022-09-26 00:00:00,1.188,1.531,0.3429999999999999,-75.091086,38.328267,8570283,NOAA_NOS,IAN,2022,1440.0
2022-09-26 01:00:00,1.106,1.354,0.248,-75.091086,38.328267,8570283,NOAA_NOS,IAN,2022,1500.0
2022-09-26 02:00:00,0.807,0.862,0.0549999999999999,-75.091086,38.328267,8570283,NOAA_NOS,IAN,2022,1560.0
2022-09-26 03:00:00,0.689,0.2,-0.4889999999999999,-75.091086,38.328267,8570283,NOAA_NOS,IAN,2022,1620.0
2022-09-26 04:00:00,0.233,-0.482,-0.715,-75.091086,38.328267,8570283,NOAA_NOS,IAN,2022,1680.0
2022-09-26 05:00:00,-0.377,-1.083,-0.706,-75.091086,38.328267,8570283,NOAA_NOS,IAN,2022,1740.0
2022-09-26 06:00:00,-0.65,-1.443,-0.793,-75.091086,38.328267,8570283,NOAA_NOS,IAN,2022,1800.0
2022-09-26 07:00:00,-0.597,-1.325,-0.728,-75.091086,38.328267,8570283,NOAA_NOS,IAN,2022,1860.0
2022-09-26 08:00:00,-0.361,-0.861,-0.5,-75.091086,38.328267,8570283,NOAA_NOS,IAN,2022,1920.0
2022-09-26 09:00:00,0.125,-0.138,-0.263,-75.091086,38.328267,8570283,NOAA_NOS,IAN,2022,1980.0
2022-09-26 10:00:00,0.745,0.63,-0.1149999999999999,-75.091086,38.328267,8570283,NOAA_NOS,IAN,2022,2040.0
2022-09-26 11:00:00,1.194,1.293,0.0989999999999999,-75.091086,38.328267,8570283,NOAA_NOS,IAN,2022,2100.0
2022-09-26 12:00:00,1.549,1.682,0.133,-75.091086,38.328267,8570283,NOAA_NOS,IAN,2022,2160.0
2022-09-26 13:00:00,1.627,1.617,-0.01,-75.091086,38.328267,8570283,NOAA_NOS,IAN,2022,2220.0
2022-09-26 14:00:00,1.64,1.166,-0.474,-75.091086,38.328267,8570283,NOAA_NOS,IAN,2022,2280.0
2022-09-26 15:00:00,1.316,0.511,-0.805,-75.091086,38.328267,8570283,NOAA_NOS,IAN,2022,2340.0
2022-09-26 16:00:00,0.889,-0.233,-1.122,-75.091086,38.328267,8570283,NOAA_NOS,IAN,2022,2400.0
2022-09-26 17:00:00,0.371,-0.925,-1.296,-75.091086,38.328267,8570283,NOAA_NOS,IAN,2022,2460.0
2022-09-26 18:00:00,-0.092,-1.433,-1.341,-75.091086,38.328267,8570283,NOAA_NOS,IAN,2022,2520.0
2022-09-26 19:00:00,-0.207,-1.509,-1.3019999999999998,-75.091086,38.328267,8570283,NOAA_NOS,IAN,2022,2580.0
2022-09-26 20:00:00,-0.02,-1.167,-1.147,-75.091086,38.328267,8570283,NOAA_NOS,IAN,2022,2640.0
2022-09-26 21:00:00,0.295,-0.545,-0.8400000000000001,-75.091086,38.328267,8570283,NOAA_NOS,IAN,2022,2700.0
2022-09-26 22:00:00,0.728,0.217,-0.511,-75.091086,38.328267,8570283,NOAA_NOS,IAN,2022,2760.0
2022-09-26 23:00:00,1.079,0.926,-0.1529999999999999,-75.091086,38.328267,8570283,NOAA_NOS,IAN,2022,2820.0
2022-09-27 00:00:00,1.375,1.43,0.0549999999999999,-75.091086,38.328267,8570283,NOAA_NOS,IAN,2022,2880.0
2022-09-27 01:00:00,1.424,1.517,0.0929999999999999,-75.091086,38.328267,8570283,NOAA_NOS,IAN,2022,2940.0
2022-09-27 02:00:00,1.365,1.182,-0.183,-75.091086,38.328267,8570283,NOAA_NOS,IAN,2022,3000.0
2022-09-27 03:00:00,1.083,0.608,-0.475,-75.091086,38.328267,8570283,NOAA_NOS,IAN,2022,3060.0
2022-09-27 04:00:00,0.581,-0.103,-0.6839999999999999,-75.091086,38.328267,8570283,NOAA_NOS,IAN,2022,3120.0
2022-09-27 05:00:00,0.0,-0.805,-0.805,-75.091086,38.328267,8570283,NOAA_NOS,IAN,2022,3180.0
2022-09-27 06:00:00,-0.499,-1.35,-0.8510000000000001,-75.091086,38.328267,8570283,NOAA_NOS,IAN,2022,3240.0
2022-09-27 07:00:00,-0.679,-1.522,-0.843,-75.091086,38.328267,8570283,NOAA_NOS,IAN,2022,3300.0
2022-09-27 08:00:00,-0.571,-1.238,-0.667,-75.091086,38.328267,8570283,NOAA_NOS,IAN,2022,3360.0
2022-09-27 09:00:00,-0.22,-0.617,-0.397,-75.091086,38.328267,8570283,NOAA_NOS,IAN,2022,3420.0
2022-09-27 10:00:00,0.453,0.212,-0.241,-75.091086,38.328267,8570283,NOAA_NOS,IAN,2022,3480.0
2022-09-27 11:00:00,0.915,1.015,0.0999999999999998,-75.091086,38.328267,8570283,NOAA_NOS,IAN,2022,3540.0
2022-09-27 12:00:00,1.325,1.641,0.316,-75.091086,38.328267,8570283,NOAA_NOS,IAN,2022,3600.0
2022-09-27 13:00:00,1.637,1.898,0.2609999999999999,-75.091086,38.328267,8570283,NOAA_NOS,IAN,2022,3660.0
2022-09-27 14:00:00,1.693,1.651,-0.042,-75.091086,38.328267,8570283,NOAA_NOS,IAN,2022,3720.0
2022-09-27 15:00:00,1.476,1.085,-0.391,-75.091086,38.328267,8570283,NOAA_NOS,IAN,2022,3780.0
2022-09-27 16:00:00,1.178,0.341,-0.837,-75.091086,38.328267,8570283,NOAA_NOS,IAN,2022,3840.0
2022-09-27 17:00:00,0.512,-0.446,-0.958,-75.091086,38.328267,8570283,NOAA_NOS,IAN,2022,3900.0
2022-09-27 18:00:00,0.095,-1.134,-1.229,-75.091086,38.328267,8570283,NOAA_NOS,IAN,2022,3960.0
2022-09-27 19:00:00,-0.24,-1.54,-1.3,-75.091086,38.328267,8570283,NOAA_NOS,IAN,2022,4020.0
2022-09-27 20:00:00,-0.302,-1.478,-1.176,-75.091086,38.328267,8570283,NOAA_NOS,IAN,2022,4080.0
2022-09-27 21:00:00,-0.069,-1.038,-0.969,-75.091086,38.328267,8570283,NOAA_NOS,IAN,2022,4140.0
2022-09-27 22:00:00,0.308,-0.341,-0.649,-75.091086,38.328267,8570283,NOAA_NOS,IAN,2022,4200.0
2022-09-27 23:00:00,0.856,0.412,-0.444,-75.091086,38.328267,8570283,NOAA_NOS,IAN,2022,4260.0
2022-09-28 00:00:00,1.155,1.069,-0.086,-75.091086,38.328267,8570283,NOAA_NOS,IAN,2022,4320.0
2022-09-28 01:00:00,1.378,1.463,0.0850000000000001,-75.091086,38.328267,8570283,NOAA_NOS,IAN,2022,4380.0
2022-09-28 02:00:00,1.391,1.391,0.0,-75.091086,38.328267,8570283,NOAA_NOS,IAN,2022,4440.0
2022-09-28 03:00:00,1.28,0.955,-0.325,-75.091086,38.328267,8570283,NOAA_NOS,IAN,2022,4500.0
2022-09-28 04:00:00,0.925,0.333,-0.5920000000000001,-75.091086,38.328267,8570283,NOAA_NOS,IAN,2022,4560.0
2022-09-28 05:00:00,0.236,-0.394,-0.63,-75.091086,38.328267,8570283,NOAA_NOS,IAN,2022,4620.0
2022-09-28 06:00:00,-0.272,-1.051,-0.7789999999999999,-75.091086,38.328267,8570283,NOAA_NOS,IAN,2022,4680.0
2022-09-28 07:00:00,-0.682,-1.498,-0.816,-75.091086,38.328267,8570283,NOAA_NOS,IAN,2022,4740.0
2022-09-28 08:00:00,-0.719,-1.508,-0.789,-75.091086,38.328267,8570283,NOAA_NOS,IAN,2022,4800.0
2022-09-28 09:00:00,-0.472,-1.078,-0.6060000000000001,-75.091086,38.328267,8570283,NOAA_NOS,IAN,2022,4860.0
2022-09-28 10:00:00,0.046,-0.34,-0.386,-75.091086,38.328267,8570283,NOAA_NOS,IAN,2022,4920.0
2022-09-28 11:00:00,0.545,0.519,-0.026,-75.091086,38.328267,8570283,NOAA_NOS,IAN,2022,4980.0
2022-09-28 12:00:00,0.991,1.331,0.3399999999999999,-75.091086,38.328267,8570283,NOAA_NOS,IAN,2022,5040.0
2022-09-28 13:00:00,1.424,1.886,0.4619999999999999,-75.091086,38.328267,8570283,NOAA_NOS,IAN,2022,5100.0
2022-09-28 14:00:00,1.614,1.985,0.371,-75.091086,38.328267,8570283,NOAA_NOS,IAN,2022,5160.0
2022-09-28 15:00:00,1.535,1.6,0.0650000000000001,-75.091086,38.328267,8570283,NOAA_NOS,IAN,2022,5220.0
2022-09-28 16:00:00,1.257,0.982,-0.2749999999999999,-75.091086,38.328267,8570283,NOAA_NOS,IAN,2022,5280.0
2022-09-28 17:00:00,0.755,0.19,-0.565,-75.091086,38.328267,8570283,NOAA_NOS,IAN,2022,5340.0
2022-09-28 18:00:00,0.213,-0.599,-0.8119999999999999,-75.091086,38.328267,8570283,NOAA_NOS,IAN,2022,5400.0
2022-09-28 19:00:00,-0.325,-1.263,-0.938,-75.091086,38.328267,8570283,NOAA_NOS,IAN,2022,5460.0
2022-09-28 20:00:00,-0.614,-1.561,-0.947,-75.091086,38.328267,8570283,NOAA_NOS,IAN,2022,5520.0
2022-09-28 21:00:00,-0.509,-1.396,-0.8869999999999999,-75.091086,38.328267,8570283,NOAA_NOS,IAN,2022,5580.0
2022-09-28 22:00:00,-0.331,-0.903,-0.5720000000000001,-75.091086,38.328267,8570283,NOAA_NOS,IAN,2022,5640.0
2022-09-28 23:00:00,0.161,-0.18,-0.3409999999999999,-75.091086,38.328267,8570283,NOAA_NOS,IAN,2022,5700.0
2022-09-29 00:00:00,0.607,0.54,-0.0669999999999999,-75.091086,38.328267,8570283,NOAA_NOS,IAN,2022,5760.0
2022-09-29 01:00:00,0.915,1.138,0.2229999999999998,-75.091086,38.328267,8570283,NOAA_NOS,IAN,2022,5820.0
2022-09-29 02:00:00,1.099,1.4,0.3009999999999999,-75.091086,38.328267,8570283,NOAA_NOS,IAN,2022,5880.0
2022-09-29 03:00:00,1.056,1.189,0.133,-75.091086,38.328267,8570283,NOAA_NOS,IAN,2022,5940.0
2022-09-29 04:00:00,0.827,0.745,-0.0819999999999999,-75.091086,38.328267,8570283,NOAA_NOS,IAN,2022,6000.0
2022-09-29 05:00:00,0.407,0.11,-0.297,-75.091086,38.328267,8570283,NOAA_NOS,IAN,2022,6060.0
2022-09-29 06:00:00,-0.049,-0.581,-0.5319999999999999,-75.091086,38.328267,8570283,NOAA_NOS,IAN,2022,6120.0
2022-09-29 07:00:00,-0.571,-1.159,-0.5880000000000001,-75.091086,38.328267,8570283,NOAA_NOS,IAN,2022,6180.0
2022-09-29 08:00:00,-0.787,-1.481,-0.6940000000000001,-75.091086,38.328267,8570283,NOAA_NOS,IAN,2022,6240.0
2022-09-29 09:00:00,-0.732,-1.333,-0.601,-75.091086,38.328267,8570283,NOAA_NOS,IAN,2022,6300.0
2022-09-29 10:00:00,-0.348,-0.809,-0.4610000000000001,-75.091086,38.328267,8570283,NOAA_NOS,IAN,2022,6360.0
2022-09-29 11:00:00,0.246,-0.034,-0.28,-75.091086,38.328267,8570283,NOAA_NOS,IAN,2022,6420.0
2022-09-29 12:00:00,0.801,0.815,0.0139999999999999,-75.091086,38.328267,8570283,NOAA_NOS,IAN,2022,6480.0
2022-09-29 13:00:00,1.306,1.583,0.2769999999999999,-75.091086,38.328267,8570283,NOAA_NOS,IAN,2022,6540.0
2022-09-29 14:00:00,1.673,2.071,0.3980000000000001,-75.091086,38.328267,8570283,NOAA_NOS,IAN,2022,6600.0
2022-09-29 15:00:00,1.811,2.058,0.2469999999999999,-75.091086,38.328267,8570283,NOAA_NOS,IAN,2022,6660.0
2022-09-29 16:00:00,1.703,1.611,-0.092,-75.091086,38.328267,8570283,NOAA_NOS,IAN,2022,6720.0
2022-09-29 17:00:00,1.526,0.98,-0.546,-75.091086,38.328267,8570283,NOAA_NOS,IAN,2022,6780.0
2022-09-29 18:00:00,1.027,0.175,-0.8519999999999999,-75.091086,38.328267,8570283,NOAA_NOS,IAN,2022,6840.0
2022-09-29 19:00:00,0.394,-0.596,-0.99,-75.091086,38.328267,8570283,NOAA_NOS,IAN,2022,6900.0
2022-09-29 20:00:00,-0.226,-1.237,-1.011,-75.091086,38.328267,8570283,NOAA_NOS,IAN,2022,6960.0
2022-09-29 21:00:00,-0.417,-1.442,-1.025,-75.091086,38.328267,8570283,NOAA_NOS,IAN,2022,7020.0
2022-09-29 22:00:00,-0.305,-1.21,-0.905,-75.091086,38.328267,8570283,NOAA_NOS,IAN,2022,7080.0
2022-09-29 23:00:00,0.2,-0.68,-0.8800000000000001,-75.091086,38.328267,8570283,NOAA_NOS,IAN,2022,7140.0
2022-09-30 00:00:00,0.65,0.027,-0.623,-75.091086,38.328267,8570283,NOAA_NOS,IAN,2022,7200.0
2022-09-30 01:00:00,0.951,0.707,-0.244,-75.091086,38.328267,8570283,NOAA_NOS,IAN,2022,7260.0
2022-09-30 02:00:00,1.26,1.255,-0.0050000000000001,-75.091086,38.328267,8570283,NOAA_NOS,IAN,2022,7320.0
2022-09-30 03:00:00,1.45,1.4,-0.05,-75.091086,38.328267,8570283,NOAA_NOS,IAN,2022,7380.0
2022-09-30 04:00:00,1.401,1.111,-0.29,-75.091086,38.328267,8570283,NOAA_NOS,IAN,2022,7440.0
2022-09-30 05:00:00,1.293,0.607,-0.6859999999999999,-75.091086,38.328267,8570283,NOAA_NOS,IAN,2022,7500.0
2022-09-30 06:00:00,0.791,0.007,-0.784,-75.091086,38.328267,8570283,NOAA_NOS,IAN,2022,7560.0
2022-09-30 07:00:00,0.302,-0.643,-0.945,-75.091086,38.328267,8570283,NOAA_NOS,IAN,2022,7620.0
2022-09-30 08:00:00,-0.092,-1.171,-1.079,-75.091086,38.328267,8570283,NOAA_NOS,IAN,2022,7680.0
2022-09-30 09:00:00,-0.243,-1.43,-1.1869999999999998,-75.091086,38.328267,8570283,NOAA_NOS,IAN,2022,7740.0
2022-09-30 10:00:00,-0.102,-1.196,-1.094,-75.091086,38.328267,8570283,NOAA_NOS,IAN,2022,7800.0
2022-09-30 11:00:00,0.361,-0.594,-0.955,-75.091086,38.328267,8570283,NOAA_NOS,IAN,2022,7860.0
2022-09-30 12:00:00,0.81,0.174,-0.6360000000000001,-75.091086,38.328267,8570283,NOAA_NOS,IAN,2022,7920.0
2022-09-30 13:00:00,1.253,1.01,-0.2429999999999998,-75.091086,38.328267,8570283,NOAA_NOS,IAN,2022,7980.0
2022-09-30 14:00:00,1.752,1.7,-0.052,-75.091086,38.328267,8570283,NOAA_NOS,IAN,2022,8040.0
2022-09-30 15:00:00,2.047,2.073,0.0259999999999998,-75.091086,38.328267,8570283,NOAA_NOS,IAN,2022,8100.0
2022-09-30 16:00:00,2.172,1.969,-0.203,-75.091086,38.328267,8570283,NOAA_NOS,IAN,2022,8160.0
2022-09-30 17:00:00,2.1,1.559,-0.5410000000000001,-75.091086,38.328267,8570283,NOAA_NOS,IAN,2022,8220.0
2022-09-30 18:00:00,1.949,0.919,-1.03,-75.091086,38.328267,8570283,NOAA_NOS,IAN,2022,8280.0
2022-09-30 19:00:00,1.673,0.166,-1.507,-75.091086,38.328267,8570283,NOAA_NOS,IAN,2022,8340.0
2022-09-30 20:00:00,1.184,-0.543,-1.727,-75.091086,38.328267,8570283,NOAA_NOS,IAN,2022,8400.0
2022-09-30 21:00:00,0.489,-1.088,-1.577,-75.091086,38.328267,8570283,NOAA_NOS,IAN,2022,8460.0
2022-09-30 22:00:00,0.354,-1.219,-1.573,-75.091086,38.328267,8570283,NOAA_NOS,IAN,2022,8520.0
2022-09-30 23:00:00,0.561,-0.994,-1.5550000000000002,-75.091086,38.328267,8570283,NOAA_NOS,IAN,2022,8580.0
2022-10-01 00:00:00,1.152,-0.499,-1.6509999999999998,-75.091086,38.328267,8570283,NOAA_NOS,IAN,2022,8640.0
2022-10-01 01:00:00,1.378,0.111,-1.267,-75.091086,38.328267,8570283,NOAA_NOS,IAN,2022,8700.0
2022-10-01 02:00:00,1.703,0.722,-0.981,-75.091086,38.328267,8570283,NOAA_NOS,IAN,2022,8760.0
2022-10-01 03:00:00,2.044,1.282,-0.762,-75.091086,38.328267,8570283,NOAA_NOS,IAN,2022,8820.0
2022-10-01 04:00:00,2.221,1.412,-0.8090000000000002,-75.091086,38.328267,8570283,NOAA_NOS,IAN,2022,8880.0
2022-10-01 05:00:00,2.195,1.058,-1.1369999999999998,-75.091086,38.328267,8570283,NOAA_NOS,IAN,2022,8940.0
2022-10-01 06:00:00,2.215,0.531,-1.6839999999999995,-75.091086,38.328267,8570283,NOAA_NOS,IAN,2022,9000.0
2022-10-01 07:00:00,1.939,-0.12,-2.059,-75.091086,38.328267,8570283,NOAA_NOS,IAN,2022,9060.0
2022-10-01 08:00:00,1.411,-0.689,-2.1,-75.091086,38.328267,8570283,NOAA_NOS,IAN,2022,9120.0
2022-10-01 09:00:00,0.817,-1.098,-1.915,-75.091086,38.328267,8570283,NOAA_NOS,IAN,2022,9180.0
2022-10-01 10:00:00,0.807,-1.229,-2.036,-75.091086,38.328267,8570283,NOAA_NOS,IAN,2022,9240.0
2022-10-01 11:00:00,1.05,-0.955,-2.005,-75.091086,38.328267,8570283,NOAA_NOS,IAN,2022,9300.0
2022-10-01 12:00:00,1.316,-0.364,-1.6800000000000002,-75.091086,38.328267,8570283,NOAA_NOS,IAN,2022,9360.0
2022-10-01 13:00:00,1.614,0.383,-1.231,-75.091086,38.328267,8570283,NOAA_NOS,IAN,2022,9420.0
2022-10-01 14:00:00,1.965,1.303,-0.6620000000000001,-75.091086,38.328267,8570283,NOAA_NOS,IAN,2022,9480.0
2022-10-01 15:00:00,2.336,1.957,-0.3789999999999998,-75.091086,38.328267,8570283,NOAA_NOS,IAN,2022,9540.0
2022-10-01 16:00:00,2.523,2.158,-0.3650000000000002,-75.091086,38.328267,8570283,NOAA_NOS,IAN,2022,9600.0
2022-10-01 17:00:00,2.536,1.819,-0.7170000000000001,-75.091086,38.328267,8570283,NOAA_NOS,IAN,2022,9660.0
2022-10-01 18:00:00,2.533,1.277,-1.256,-75.091086,38.328267,8570283,NOAA_NOS,IAN,2022,9720.0
2022-10-01 19:00:00,2.349,0.67,-1.6790000000000005,-75.091086,38.328267,8570283,NOAA_NOS,IAN,2022,9780.0
2022-10-01 20:00:00,1.844,0.042,-1.802,-75.091086,38.328267,8570283,NOAA_NOS,IAN,2022,9840.0
2022-10-01 21:00:00,1.296,-0.616,-1.912,-75.091086,38.328267,8570283,NOAA_NOS,IAN,2022,9900.0
2022-10-01 22:00:00,0.974,-1.078,-2.052,-75.091086,38.328267,8570283,NOAA_NOS,IAN,2022,9960.0
2022-10-01 23:00:00,0.883,-1.136,-2.019,-75.091086,38.328267,8570283,NOAA_NOS,IAN,2022,10020.0
2022-09-25 01:00:00,0.417,-0.46,-0.877,-76.038333,38.219265,8571421,NOAA_NOS,IAN,2022,60.0
2022-09-25 02:00:00,0.928,0.007,-0.921,-76.038333,38.219265,8571421,NOAA_NOS,IAN,2022,120.0
2022-09-25 03:00:00,1.509,0.459,-1.0499999999999998,-76.038333,38.219265,8571421,NOAA_NOS,IAN,2022,180.0
2022-09-25 04:00:00,1.916,0.744,-1.172,-76.038333,38.219265,8571421,NOAA_NOS,IAN,2022,240.0
2022-09-25 05:00:00,2.064,0.863,-1.201,-76.038333,38.219265,8571421,NOAA_NOS,IAN,2022,300.0
2022-09-25 06:00:00,1.988,0.856,-1.132,-76.038333,38.219265,8571421,NOAA_NOS,IAN,2022,360.0
2022-09-25 07:00:00,1.765,0.66,-1.105,-76.038333,38.219265,8571421,NOAA_NOS,IAN,2022,420.0
2022-09-25 08:00:00,1.411,0.24,-1.171,-76.038333,38.219265,8571421,NOAA_NOS,IAN,2022,480.0
2022-09-25 09:00:00,1.047,-0.207,-1.254,-76.038333,38.219265,8571421,NOAA_NOS,IAN,2022,540.0
2022-09-25 10:00:00,0.712,-0.53,-1.242,-76.038333,38.219265,8571421,NOAA_NOS,IAN,2022,600.0
2022-09-25 11:00:00,0.459,-0.677,-1.136,-76.038333,38.219265,8571421,NOAA_NOS,IAN,2022,660.0
2022-09-25 12:00:00,0.292,-0.721,-1.013,-76.038333,38.219265,8571421,NOAA_NOS,IAN,2022,720.0
2022-09-25 13:00:00,0.262,-0.6,-0.862,-76.038333,38.219265,8571421,NOAA_NOS,IAN,2022,780.0
2022-09-25 14:00:00,0.463,-0.214,-0.677,-76.038333,38.219265,8571421,NOAA_NOS,IAN,2022,840.0
2022-09-25 15:00:00,0.83,0.289,-0.5409999999999999,-76.038333,38.219265,8571421,NOAA_NOS,IAN,2022,900.0
2022-09-25 16:00:00,1.234,0.663,-0.571,-76.038333,38.219265,8571421,NOAA_NOS,IAN,2022,960.0
2022-09-25 17:00:00,1.519,0.84,-0.6789999999999999,-76.038333,38.219265,8571421,NOAA_NOS,IAN,2022,1020.0
2022-09-25 18:00:00,1.598,0.878,-0.7200000000000001,-76.038333,38.219265,8571421,NOAA_NOS,IAN,2022,1080.0
2022-09-25 19:00:00,1.47,0.755,-0.715,-76.038333,38.219265,8571421,NOAA_NOS,IAN,2022,1140.0
2022-09-25 20:00:00,1.168,0.387,-0.7809999999999999,-76.038333,38.219265,8571421,NOAA_NOS,IAN,2022,1200.0
2022-09-25 21:00:00,0.748,-0.075,-0.823,-76.038333,38.219265,8571421,NOAA_NOS,IAN,2022,1260.0
2022-09-25 22:00:00,0.292,-0.449,-0.741,-76.038333,38.219265,8571421,NOAA_NOS,IAN,2022,1320.0
2022-09-25 23:00:00,0.148,-0.65,-0.798,-76.038333,38.219265,8571421,NOAA_NOS,IAN,2022,1380.0
2022-09-26 00:00:00,-0.121,-0.718,-0.597,-76.038333,38.219265,8571421,NOAA_NOS,IAN,2022,1440.0
2022-09-26 01:00:00,0.046,-0.668,-0.7140000000000001,-76.038333,38.219265,8571421,NOAA_NOS,IAN,2022,1500.0
2022-09-26 02:00:00,0.108,-0.344,-0.4519999999999999,-76.038333,38.219265,8571421,NOAA_NOS,IAN,2022,1560.0
2022-09-26 03:00:00,0.42,0.159,-0.261,-76.038333,38.219265,8571421,NOAA_NOS,IAN,2022,1620.0
2022-09-26 04:00:00,0.866,0.593,-0.273,-76.038333,38.219265,8571421,NOAA_NOS,IAN,2022,1680.0
2022-09-26 05:00:00,1.237,0.83,-0.4070000000000001,-76.038333,38.219265,8571421,NOAA_NOS,IAN,2022,1740.0
2022-09-26 06:00:00,1.368,0.903,-0.4650000000000001,-76.038333,38.219265,8571421,NOAA_NOS,IAN,2022,1800.0
2022-09-26 07:00:00,1.106,0.833,-0.2730000000000001,-76.038333,38.219265,8571421,NOAA_NOS,IAN,2022,1860.0
2022-09-26 08:00:00,0.84,0.527,-0.3129999999999999,-76.038333,38.219265,8571421,NOAA_NOS,IAN,2022,1920.0
2022-09-26 09:00:00,0.433,0.055,-0.378,-76.038333,38.219265,8571421,NOAA_NOS,IAN,2022,1980.0
2022-09-26 10:00:00,0.052,-0.361,-0.413,-76.038333,38.219265,8571421,NOAA_NOS,IAN,2022,2040.0
2022-09-26 11:00:00,-0.295,-0.621,-0.326,-76.038333,38.219265,8571421,NOAA_NOS,IAN,2022,2100.0
2022-09-26 12:00:00,-0.545,-0.719,-0.1739999999999999,-76.038333,38.219265,8571421,NOAA_NOS,IAN,2022,2160.0
2022-09-26 13:00:00,-0.669,-0.726,-0.0569999999999999,-76.038333,38.219265,8571421,NOAA_NOS,IAN,2022,2220.0
2022-09-26 14:00:00,-0.6,-0.476,0.124,-76.038333,38.219265,8571421,NOAA_NOS,IAN,2022,2280.0
2022-09-26 15:00:00,-0.262,0.028,0.29,-76.038333,38.219265,8571421,NOAA_NOS,IAN,2022,2340.0
2022-09-26 16:00:00,0.269,0.515,0.246,-76.038333,38.219265,8571421,NOAA_NOS,IAN,2022,2400.0
2022-09-26 17:00:00,0.801,0.818,0.0169999999999999,-76.038333,38.219265,8571421,NOAA_NOS,IAN,2022,2460.0
2022-09-26 18:00:00,1.142,0.945,-0.1969999999999999,-76.038333,38.219265,8571421,NOAA_NOS,IAN,2022,2520.0
2022-09-26 19:00:00,1.224,0.938,-0.286,-76.038333,38.219265,8571421,NOAA_NOS,IAN,2022,2580.0
2022-09-26 20:00:00,1.037,0.73,-0.3069999999999999,-76.038333,38.219265,8571421,NOAA_NOS,IAN,2022,2640.0
2022-09-26 21:00:00,0.722,0.287,-0.435,-76.038333,38.219265,8571421,NOAA_NOS,IAN,2022,2700.0
2022-09-26 22:00:00,0.302,-0.189,-0.491,-76.038333,38.219265,8571421,NOAA_NOS,IAN,2022,2760.0
2022-09-26 23:00:00,-0.043,-0.528,-0.485,-76.038333,38.219265,8571421,NOAA_NOS,IAN,2022,2820.0
2022-09-27 00:00:00,-0.272,-0.681,-0.409,-76.038333,38.219265,8571421,NOAA_NOS,IAN,2022,2880.0
2022-09-27 01:00:00,-0.322,-0.728,-0.4059999999999999,-76.038333,38.219265,8571421,NOAA_NOS,IAN,2022,2940.0
2022-09-27 02:00:00,-0.056,-0.609,-0.5529999999999999,-76.038333,38.219265,8571421,NOAA_NOS,IAN,2022,3000.0
2022-09-27 03:00:00,0.384,-0.202,-0.5860000000000001,-76.038333,38.219265,8571421,NOAA_NOS,IAN,2022,3060.0
2022-09-27 04:00:00,0.876,0.318,-0.558,-76.038333,38.219265,8571421,NOAA_NOS,IAN,2022,3120.0
2022-09-27 05:00:00,1.296,0.707,-0.5890000000000001,-76.038333,38.219265,8571421,NOAA_NOS,IAN,2022,3180.0
2022-09-27 06:00:00,1.49,0.882,-0.608,-76.038333,38.219265,8571421,NOAA_NOS,IAN,2022,3240.0
2022-09-27 07:00:00,1.483,0.91,-0.5730000000000001,-76.038333,38.219265,8571421,NOAA_NOS,IAN,2022,3300.0
2022-09-27 08:00:00,1.293,0.755,-0.5379999999999999,-76.038333,38.219265,8571421,NOAA_NOS,IAN,2022,3360.0
2022-09-27 09:00:00,0.971,0.347,-0.624,-76.038333,38.219265,8571421,NOAA_NOS,IAN,2022,3420.0
2022-09-27 10:00:00,0.561,-0.142,-0.7030000000000001,-76.038333,38.219265,8571421,NOAA_NOS,IAN,2022,3480.0
2022-09-27 11:00:00,0.18,-0.504,-0.6839999999999999,-76.038333,38.219265,8571421,NOAA_NOS,IAN,2022,3540.0
2022-09-27 12:00:00,-0.125,-0.694,-0.569,-76.038333,38.219265,8571421,NOAA_NOS,IAN,2022,3600.0
2022-09-27 13:00:00,-0.279,-0.757,-0.478,-76.038333,38.219265,8571421,NOAA_NOS,IAN,2022,3660.0
2022-09-27 14:00:00,-0.305,-0.695,-0.3899999999999999,-76.038333,38.219265,8571421,NOAA_NOS,IAN,2022,3720.0
2022-09-27 15:00:00,-0.089,-0.283,-0.1939999999999999,-76.038333,38.219265,8571421,NOAA_NOS,IAN,2022,3780.0
2022-09-27 16:00:00,0.394,0.267,-0.127,-76.038333,38.219265,8571421,NOAA_NOS,IAN,2022,3840.0
2022-09-27 17:00:00,0.988,0.703,-0.285,-76.038333,38.219265,8571421,NOAA_NOS,IAN,2022,3900.0
2022-09-27 18:00:00,1.457,0.93,-0.527,-76.038333,38.219265,8571421,NOAA_NOS,IAN,2022,3960.0
2022-09-27 19:00:00,1.637,1.018,-0.619,-76.038333,38.219265,8571421,NOAA_NOS,IAN,2022,4020.0
2022-09-27 20:00:00,1.545,0.962,-0.583,-76.038333,38.219265,8571421,NOAA_NOS,IAN,2022,4080.0
2022-09-27 21:00:00,1.234,0.66,-0.574,-76.038333,38.219265,8571421,NOAA_NOS,IAN,2022,4140.0
2022-09-27 22:00:00,0.807,0.164,-0.643,-76.038333,38.219265,8571421,NOAA_NOS,IAN,2022,4200.0
2022-09-27 23:00:00,0.384,-0.286,-0.6699999999999999,-76.038333,38.219265,8571421,NOAA_NOS,IAN,2022,4260.0
2022-09-28 00:00:00,0.013,-0.573,-0.586,-76.038333,38.219265,8571421,NOAA_NOS,IAN,2022,4320.0
2022-09-28 01:00:00,-0.243,-0.7,-0.4569999999999999,-76.038333,38.219265,8571421,NOAA_NOS,IAN,2022,4380.0
2022-09-28 02:00:00,-0.295,-0.717,-0.422,-76.038333,38.219265,8571421,NOAA_NOS,IAN,2022,4440.0
2022-09-28 03:00:00,-0.135,-0.528,-0.393,-76.038333,38.219265,8571421,NOAA_NOS,IAN,2022,4500.0
2022-09-28 04:00:00,0.203,-0.058,-0.261,-76.038333,38.219265,8571421,NOAA_NOS,IAN,2022,4560.0
2022-09-28 05:00:00,0.666,0.442,-0.224,-76.038333,38.219265,8571421,NOAA_NOS,IAN,2022,4620.0
2022-09-28 06:00:00,1.112,0.775,-0.3370000000000001,-76.038333,38.219265,8571421,NOAA_NOS,IAN,2022,4680.0
2022-09-28 07:00:00,1.276,0.899,-0.377,-76.038333,38.219265,8571421,NOAA_NOS,IAN,2022,4740.0
2022-09-28 08:00:00,1.138,0.872,-0.2659999999999999,-76.038333,38.219265,8571421,NOAA_NOS,IAN,2022,4800.0
2022-09-28 09:00:00,0.876,0.626,-0.25,-76.038333,38.219265,8571421,NOAA_NOS,IAN,2022,4860.0
2022-09-28 10:00:00,0.535,0.157,-0.378,-76.038333,38.219265,8571421,NOAA_NOS,IAN,2022,4920.0
2022-09-28 11:00:00,0.148,-0.289,-0.4369999999999999,-76.038333,38.219265,8571421,NOAA_NOS,IAN,2022,4980.0
2022-09-28 12:00:00,-0.203,-0.598,-0.3949999999999999,-76.038333,38.219265,8571421,NOAA_NOS,IAN,2022,5040.0
2022-09-28 13:00:00,-0.469,-0.722,-0.253,-76.038333,38.219265,8571421,NOAA_NOS,IAN,2022,5100.0
2022-09-28 14:00:00,-0.574,-0.765,-0.191,-76.038333,38.219265,8571421,NOAA_NOS,IAN,2022,5160.0
2022-09-28 15:00:00,-0.509,-0.589,-0.0799999999999999,-76.038333,38.219265,8571421,NOAA_NOS,IAN,2022,5220.0
2022-09-28 16:00:00,-0.131,-0.093,0.038,-76.038333,38.219265,8571421,NOAA_NOS,IAN,2022,5280.0
2022-09-28 17:00:00,0.456,0.446,-0.01,-76.038333,38.219265,8571421,NOAA_NOS,IAN,2022,5340.0
2022-09-28 18:00:00,0.994,0.82,-0.174,-76.038333,38.219265,8571421,NOAA_NOS,IAN,2022,5400.0
2022-09-28 19:00:00,1.276,0.998,-0.278,-76.038333,38.219265,8571421,NOAA_NOS,IAN,2022,5460.0
2022-09-28 20:00:00,1.309,1.054,-0.2549999999999999,-76.038333,38.219265,8571421,NOAA_NOS,IAN,2022,5520.0
2022-09-28 21:00:00,1.165,0.947,-0.218,-76.038333,38.219265,8571421,NOAA_NOS,IAN,2022,5580.0
2022-09-28 22:00:00,0.791,0.575,-0.216,-76.038333,38.219265,8571421,NOAA_NOS,IAN,2022,5640.0
2022-09-28 23:00:00,0.331,0.06,-0.271,-76.038333,38.219265,8571421,NOAA_NOS,IAN,2022,5700.0
2022-09-29 00:00:00,-0.066,-0.358,-0.292,-76.038333,38.219265,8571421,NOAA_NOS,IAN,2022,5760.0
2022-09-29 01:00:00,-0.4,-0.598,-0.1979999999999999,-76.038333,38.219265,8571421,NOAA_NOS,IAN,2022,5820.0
2022-09-29 02:00:00,-0.63,-0.702,-0.0719999999999999,-76.038333,38.219265,8571421,NOAA_NOS,IAN,2022,5880.0
2022-09-29 03:00:00,-0.689,-0.687,0.0019999999999998,-76.038333,38.219265,8571421,NOAA_NOS,IAN,2022,5940.0
2022-09-29 04:00:00,-0.538,-0.444,0.094,-76.038333,38.219265,8571421,NOAA_NOS,IAN,2022,6000.0
2022-09-29 05:00:00,-0.148,0.04,0.188,-76.038333,38.219265,8571421,NOAA_NOS,IAN,2022,6060.0
2022-09-29 06:00:00,0.292,0.52,0.228,-76.038333,38.219265,8571421,NOAA_NOS,IAN,2022,6120.0
2022-09-29 07:00:00,0.636,0.792,0.156,-76.038333,38.219265,8571421,NOAA_NOS,IAN,2022,6180.0
2022-09-29 08:00:00,0.778,0.875,0.0969999999999999,-76.038333,38.219265,8571421,NOAA_NOS,IAN,2022,6240.0
2022-09-29 09:00:00,0.679,0.8,0.121,-76.038333,38.219265,8571421,NOAA_NOS,IAN,2022,6300.0
2022-09-29 10:00:00,0.397,0.489,0.0919999999999999,-76.038333,38.219265,8571421,NOAA_NOS,IAN,2022,6360.0
2022-09-29 11:00:00,0.007,0.021,0.014,-76.038333,38.219265,8571421,NOAA_NOS,IAN,2022,6420.0
2022-09-29 12:00:00,-0.371,-0.385,-0.014,-76.038333,38.219265,8571421,NOAA_NOS,IAN,2022,6480.0
2022-09-29 13:00:00,-0.692,-0.635,0.0569999999999999,-76.038333,38.219265,8571421,NOAA_NOS,IAN,2022,6540.0
2022-09-29 14:00:00,-0.922,-0.727,0.195,-76.038333,38.219265,8571421,NOAA_NOS,IAN,2022,6600.0
2022-09-29 15:00:00,-1.001,-0.715,0.2859999999999999,-76.038333,38.219265,8571421,NOAA_NOS,IAN,2022,6660.0
2022-09-29 16:00:00,-0.863,-0.403,0.4599999999999999,-76.038333,38.219265,8571421,NOAA_NOS,IAN,2022,6720.0
2022-09-29 17:00:00,-0.387,0.135,0.522,-76.038333,38.219265,8571421,NOAA_NOS,IAN,2022,6780.0
2022-09-29 18:00:00,0.24,0.628,0.388,-76.038333,38.219265,8571421,NOAA_NOS,IAN,2022,6840.0
2022-09-29 19:00:00,0.81,0.931,0.121,-76.038333,38.219265,8571421,NOAA_NOS,IAN,2022,6900.0
2022-09-29 20:00:00,1.086,1.085,-0.0010000000000001,-76.038333,38.219265,8571421,NOAA_NOS,IAN,2022,6960.0
2022-09-29 21:00:00,1.099,1.126,0.0269999999999999,-76.038333,38.219265,8571421,NOAA_NOS,IAN,2022,7020.0
2022-09-29 22:00:00,0.915,1.0,0.0849999999999999,-76.038333,38.219265,8571421,NOAA_NOS,IAN,2022,7080.0
2022-09-29 23:00:00,0.623,0.609,-0.014,-76.038333,38.219265,8571421,NOAA_NOS,IAN,2022,7140.0
2022-09-30 00:00:00,0.259,0.09,-0.169,-76.038333,38.219265,8571421,NOAA_NOS,IAN,2022,7200.0
2022-09-30 01:00:00,-0.085,-0.319,-0.2339999999999999,-76.038333,38.219265,8571421,NOAA_NOS,IAN,2022,7260.0
2022-09-30 02:00:00,-0.371,-0.546,-0.175,-76.038333,38.219265,8571421,NOAA_NOS,IAN,2022,7320.0
2022-09-30 03:00:00,-0.476,-0.612,-0.136,-76.038333,38.219265,8571421,NOAA_NOS,IAN,2022,7380.0
2022-09-30 04:00:00,-0.381,-0.535,-0.154,-76.038333,38.219265,8571421,NOAA_NOS,IAN,2022,7440.0
2022-09-30 05:00:00,-0.082,-0.184,-0.102,-76.038333,38.219265,8571421,NOAA_NOS,IAN,2022,7500.0
2022-09-30 06:00:00,0.381,0.345,-0.036,-76.038333,38.219265,8571421,NOAA_NOS,IAN,2022,7560.0
2022-09-30 07:00:00,0.83,0.774,-0.0559999999999999,-76.038333,38.219265,8571421,NOAA_NOS,IAN,2022,7620.0
2022-09-30 08:00:00,1.161,0.996,-0.165,-76.038333,38.219265,8571421,NOAA_NOS,IAN,2022,7680.0
2022-09-30 09:00:00,1.319,1.061,-0.258,-76.038333,38.219265,8571421,NOAA_NOS,IAN,2022,7740.0
2022-09-30 10:00:00,1.306,0.994,-0.312,-76.038333,38.219265,8571421,NOAA_NOS,IAN,2022,7800.0
2022-09-30 11:00:00,1.109,0.716,-0.393,-76.038333,38.219265,8571421,NOAA_NOS,IAN,2022,7860.0
2022-09-30 12:00:00,0.866,0.28,-0.586,-76.038333,38.219265,8571421,NOAA_NOS,IAN,2022,7920.0
2022-09-30 13:00:00,0.65,-0.12,-0.77,-76.038333,38.219265,8571421,NOAA_NOS,IAN,2022,7980.0
2022-09-30 14:00:00,0.443,-0.384,-0.827,-76.038333,38.219265,8571421,NOAA_NOS,IAN,2022,8040.0
2022-09-30 15:00:00,0.322,-0.49,-0.812,-76.038333,38.219265,8571421,NOAA_NOS,IAN,2022,8100.0
2022-09-30 16:00:00,0.354,-0.446,-0.8,-76.038333,38.219265,8571421,NOAA_NOS,IAN,2022,8160.0
2022-09-30 17:00:00,0.63,-0.117,-0.747,-76.038333,38.219265,8571421,NOAA_NOS,IAN,2022,8220.0
2022-09-30 18:00:00,1.099,0.423,-0.6759999999999999,-76.038333,38.219265,8571421,NOAA_NOS,IAN,2022,8280.0
2022-09-30 19:00:00,1.519,0.894,-0.6249999999999999,-76.038333,38.219265,8571421,NOAA_NOS,IAN,2022,8340.0
2022-09-30 20:00:00,1.772,1.171,-0.601,-76.038333,38.219265,8571421,NOAA_NOS,IAN,2022,8400.0
2022-09-30 21:00:00,1.864,1.302,-0.562,-76.038333,38.219265,8571421,NOAA_NOS,IAN,2022,8460.0
2022-09-30 22:00:00,1.801,1.325,-0.476,-76.038333,38.219265,8571421,NOAA_NOS,IAN,2022,8520.0
2022-09-30 23:00:00,1.621,1.195,-0.4259999999999999,-76.038333,38.219265,8571421,NOAA_NOS,IAN,2022,8580.0
2022-10-01 00:00:00,1.414,0.83,-0.584,-76.038333,38.219265,8571421,NOAA_NOS,IAN,2022,8640.0
2022-10-01 01:00:00,1.224,0.346,-0.878,-76.038333,38.219265,8571421,NOAA_NOS,IAN,2022,8700.0
2022-10-01 02:00:00,0.994,-0.024,-1.018,-76.038333,38.219265,8571421,NOAA_NOS,IAN,2022,8760.0
2022-10-01 03:00:00,0.915,-0.207,-1.122,-76.038333,38.219265,8571421,NOAA_NOS,IAN,2022,8820.0
2022-10-01 04:00:00,1.04,-0.227,-1.267,-76.038333,38.219265,8571421,NOAA_NOS,IAN,2022,8880.0
2022-10-01 05:00:00,1.26,-0.1,-1.36,-76.038333,38.219265,8571421,NOAA_NOS,IAN,2022,8940.0
2022-10-01 06:00:00,1.634,0.249,-1.3849999999999998,-76.038333,38.219265,8571421,NOAA_NOS,IAN,2022,9000.0
2022-10-01 07:00:00,2.323,0.718,-1.605,-76.038333,38.219265,8571421,NOAA_NOS,IAN,2022,9060.0
2022-10-01 08:00:00,2.671,1.122,-1.5489999999999997,-76.038333,38.219265,8571421,NOAA_NOS,IAN,2022,9120.0
2022-10-01 09:00:00,2.851,1.335,-1.516,-76.038333,38.219265,8571421,NOAA_NOS,IAN,2022,9180.0
2022-10-01 10:00:00,2.703,1.349,-1.354,-76.038333,38.219265,8571421,NOAA_NOS,IAN,2022,9240.0
2022-10-01 11:00:00,2.536,1.14,-1.396,-76.038333,38.219265,8571421,NOAA_NOS,IAN,2022,9300.0
2022-10-01 12:00:00,2.208,0.665,-1.543,-76.038333,38.219265,8571421,NOAA_NOS,IAN,2022,9360.0
2022-10-01 13:00:00,1.824,0.193,-1.631,-76.038333,38.219265,8571421,NOAA_NOS,IAN,2022,9420.0
2022-10-01 14:00:00,1.473,-0.115,-1.588,-76.038333,38.219265,8571421,NOAA_NOS,IAN,2022,9480.0
2022-10-01 15:00:00,1.247,-0.242,-1.489,-76.038333,38.219265,8571421,NOAA_NOS,IAN,2022,9540.0
2022-10-01 16:00:00,1.076,-0.269,-1.3450000000000002,-76.038333,38.219265,8571421,NOAA_NOS,IAN,2022,9600.0
2022-10-01 17:00:00,1.037,-0.178,-1.215,-76.038333,38.219265,8571421,NOAA_NOS,IAN,2022,9660.0
2022-10-01 18:00:00,1.28,0.148,-1.132,-76.038333,38.219265,8571421,NOAA_NOS,IAN,2022,9720.0
2022-10-01 19:00:00,1.827,0.647,-1.18,-76.038333,38.219265,8571421,NOAA_NOS,IAN,2022,9780.0
2022-10-01 20:00:00,2.356,1.083,-1.273,-76.038333,38.219265,8571421,NOAA_NOS,IAN,2022,9840.0
2022-10-01 21:00:00,2.746,1.333,-1.413,-76.038333,38.219265,8571421,NOAA_NOS,IAN,2022,9900.0
2022-10-01 22:00:00,2.884,1.406,-1.478,-76.038333,38.219265,8571421,NOAA_NOS,IAN,2022,9960.0
2022-10-01 23:00:00,2.785,1.342,-1.443,-76.038333,38.219265,8571421,NOAA_NOS,IAN,2022,10020.0
2022-09-25 01:00:00,0.404,-0.534,-0.938,-76.061667,38.575703,8571892,NOAA_NOS,IAN,2022,60.0
2022-09-25 02:00:00,0.276,-0.511,-0.787,-76.061667,38.575703,8571892,NOAA_NOS,IAN,2022,120.0
2022-09-25 03:00:00,0.362,-0.405,-0.767,-76.061667,38.575703,8571892,NOAA_NOS,IAN,2022,180.0
2022-09-25 04:00:00,0.713,-0.11,-0.823,-76.061667,38.575703,8571892,NOAA_NOS,IAN,2022,240.0
2022-09-25 05:00:00,1.257,0.294,-0.963,-76.061667,38.575703,8571892,NOAA_NOS,IAN,2022,300.0
2022-09-25 06:00:00,1.743,0.581,-1.162,-76.061667,38.575703,8571892,NOAA_NOS,IAN,2022,360.0
2022-09-25 07:00:00,1.969,0.68,-1.289,-76.061667,38.575703,8571892,NOAA_NOS,IAN,2022,420.0
2022-09-25 08:00:00,1.996,0.674,-1.322,-76.061667,38.575703,8571892,NOAA_NOS,IAN,2022,480.0
2022-09-25 09:00:00,1.891,0.592,-1.299,-76.061667,38.575703,8571892,NOAA_NOS,IAN,2022,540.0
2022-09-25 10:00:00,1.638,0.35,-1.2879999999999998,-76.061667,38.575703,8571892,NOAA_NOS,IAN,2022,600.0
2022-09-25 11:00:00,1.261,-0.034,-1.295,-76.061667,38.575703,8571892,NOAA_NOS,IAN,2022,660.0
2022-09-25 12:00:00,0.838,-0.347,-1.185,-76.061667,38.575703,8571892,NOAA_NOS,IAN,2022,720.0
2022-09-25 13:00:00,0.473,-0.476,-0.949,-76.061667,38.575703,8571892,NOAA_NOS,IAN,2022,780.0
2022-09-25 14:00:00,0.204,-0.493,-0.697,-76.061667,38.575703,8571892,NOAA_NOS,IAN,2022,840.0
2022-09-25 15:00:00,0.089,-0.452,-0.541,-76.061667,38.575703,8571892,NOAA_NOS,IAN,2022,900.0
2022-09-25 16:00:00,0.162,-0.268,-0.43,-76.061667,38.575703,8571892,NOAA_NOS,IAN,2022,960.0
2022-09-25 17:00:00,0.45,0.115,-0.335,-76.061667,38.575703,8571892,NOAA_NOS,IAN,2022,1020.0
2022-09-25 18:00:00,0.851,0.482,-0.369,-76.061667,38.575703,8571892,NOAA_NOS,IAN,2022,1080.0
2022-09-25 19:00:00,1.202,0.655,-0.5469999999999999,-76.061667,38.575703,8571892,NOAA_NOS,IAN,2022,1140.0
2022-09-25 20:00:00,1.428,0.675,-0.7529999999999999,-76.061667,38.575703,8571892,NOAA_NOS,IAN,2022,1200.0
2022-09-25 21:00:00,1.481,0.61,-0.8710000000000001,-76.061667,38.575703,8571892,NOAA_NOS,IAN,2022,1260.0
2022-09-25 22:00:00,1.254,0.422,-0.8320000000000001,-76.061667,38.575703,8571892,NOAA_NOS,IAN,2022,1320.0
2022-09-25 23:00:00,0.851,0.068,-0.7829999999999999,-76.061667,38.575703,8571892,NOAA_NOS,IAN,2022,1380.0
2022-09-26 00:00:00,0.362,-0.289,-0.651,-76.061667,38.575703,8571892,NOAA_NOS,IAN,2022,1440.0
2022-09-26 01:00:00,0.096,-0.475,-0.571,-76.061667,38.575703,8571892,NOAA_NOS,IAN,2022,1500.0
2022-09-26 02:00:00,-0.006,-0.518,-0.512,-76.061667,38.575703,8571892,NOAA_NOS,IAN,2022,1560.0
2022-09-26 03:00:00,-0.176,-0.486,-0.31,-76.061667,38.575703,8571892,NOAA_NOS,IAN,2022,1620.0
2022-09-26 04:00:00,-0.111,-0.345,-0.2339999999999999,-76.061667,38.575703,8571892,NOAA_NOS,IAN,2022,1680.0
2022-09-26 05:00:00,0.096,0.007,-0.089,-76.061667,38.575703,8571892,NOAA_NOS,IAN,2022,1740.0
2022-09-26 06:00:00,0.441,0.414,-0.027,-76.061667,38.575703,8571892,NOAA_NOS,IAN,2022,1800.0
2022-09-26 07:00:00,0.765,0.647,-0.118,-76.061667,38.575703,8571892,NOAA_NOS,IAN,2022,1860.0
2022-09-26 08:00:00,0.952,0.705,-0.247,-76.061667,38.575703,8571892,NOAA_NOS,IAN,2022,1920.0
2022-09-26 09:00:00,0.995,0.661,-0.3339999999999999,-76.061667,38.575703,8571892,NOAA_NOS,IAN,2022,1980.0
2022-09-26 10:00:00,0.897,0.518,-0.379,-76.061667,38.575703,8571892,NOAA_NOS,IAN,2022,2040.0
2022-09-26 11:00:00,0.568,0.193,-0.3749999999999999,-76.061667,38.575703,8571892,NOAA_NOS,IAN,2022,2100.0
2022-09-26 12:00:00,0.185,-0.198,-0.383,-76.061667,38.575703,8571892,NOAA_NOS,IAN,2022,2160.0
2022-09-26 13:00:00,-0.203,-0.44,-0.237,-76.061667,38.575703,8571892,NOAA_NOS,IAN,2022,2220.0
2022-09-26 14:00:00,-0.514,-0.517,-0.003,-76.061667,38.575703,8571892,NOAA_NOS,IAN,2022,2280.0
2022-09-26 15:00:00,-0.714,-0.507,0.2069999999999999,-76.061667,38.575703,8571892,NOAA_NOS,IAN,2022,2340.0
2022-09-26 16:00:00,-0.701,-0.413,0.288,-76.061667,38.575703,8571892,NOAA_NOS,IAN,2022,2400.0
2022-09-26 17:00:00,-0.514,-0.103,0.411,-76.061667,38.575703,8571892,NOAA_NOS,IAN,2022,2460.0
2022-09-26 18:00:00,-0.117,0.329,0.446,-76.061667,38.575703,8571892,NOAA_NOS,IAN,2022,2520.0
2022-09-26 19:00:00,0.359,0.632,0.273,-76.061667,38.575703,8571892,NOAA_NOS,IAN,2022,2580.0
2022-09-26 20:00:00,0.785,0.735,-0.05,-76.061667,38.575703,8571892,NOAA_NOS,IAN,2022,2640.0
2022-09-26 21:00:00,1.011,0.729,-0.2819999999999999,-76.061667,38.575703,8571892,NOAA_NOS,IAN,2022,2700.0
2022-09-26 22:00:00,1.064,0.644,-0.42,-76.061667,38.575703,8571892,NOAA_NOS,IAN,2022,2760.0
2022-09-26 23:00:00,0.946,0.389,-0.5569999999999999,-76.061667,38.575703,8571892,NOAA_NOS,IAN,2022,2820.0
2022-09-27 00:00:00,0.591,-0.017,-0.608,-76.061667,38.575703,8571892,NOAA_NOS,IAN,2022,2880.0
2022-09-27 01:00:00,0.313,-0.337,-0.65,-76.061667,38.575703,8571892,NOAA_NOS,IAN,2022,2940.0
2022-09-27 02:00:00,-0.045,-0.468,-0.423,-76.061667,38.575703,8571892,NOAA_NOS,IAN,2022,3000.0
2022-09-27 03:00:00,-0.229,-0.491,-0.262,-76.061667,38.575703,8571892,NOAA_NOS,IAN,2022,3060.0
2022-09-27 04:00:00,-0.212,-0.453,-0.241,-76.061667,38.575703,8571892,NOAA_NOS,IAN,2022,3120.0
2022-09-27 05:00:00,0.106,-0.259,-0.365,-76.061667,38.575703,8571892,NOAA_NOS,IAN,2022,3180.0
2022-09-27 06:00:00,0.562,0.14,-0.422,-76.061667,38.575703,8571892,NOAA_NOS,IAN,2022,3240.0
2022-09-27 07:00:00,1.028,0.516,-0.512,-76.061667,38.575703,8571892,NOAA_NOS,IAN,2022,3300.0
2022-09-27 08:00:00,1.366,0.688,-0.6780000000000002,-76.061667,38.575703,8571892,NOAA_NOS,IAN,2022,3360.0
2022-09-27 09:00:00,1.536,0.702,-0.8340000000000001,-76.061667,38.575703,8571892,NOAA_NOS,IAN,2022,3420.0
2022-09-27 10:00:00,1.533,0.62,-0.913,-76.061667,38.575703,8571892,NOAA_NOS,IAN,2022,3480.0
2022-09-27 11:00:00,1.297,0.399,-0.8979999999999999,-76.061667,38.575703,8571892,NOAA_NOS,IAN,2022,3540.0
2022-09-27 12:00:00,0.916,0.016,-0.9,-76.061667,38.575703,8571892,NOAA_NOS,IAN,2022,3600.0
2022-09-27 13:00:00,0.477,-0.34,-0.817,-76.061667,38.575703,8571892,NOAA_NOS,IAN,2022,3660.0
2022-09-27 14:00:00,0.135,-0.512,-0.647,-76.061667,38.575703,8571892,NOAA_NOS,IAN,2022,3720.0
2022-09-27 15:00:00,-0.137,-0.548,-0.411,-76.061667,38.575703,8571892,NOAA_NOS,IAN,2022,3780.0
2022-09-27 16:00:00,-0.321,-0.508,-0.187,-76.061667,38.575703,8571892,NOAA_NOS,IAN,2022,3840.0
2022-09-27 17:00:00,-0.265,-0.319,-0.0539999999999999,-76.061667,38.575703,8571892,NOAA_NOS,IAN,2022,3900.0
2022-09-27 18:00:00,0.037,0.09,0.053,-76.061667,38.575703,8571892,NOAA_NOS,IAN,2022,3960.0
2022-09-27 19:00:00,0.578,0.506,-0.0719999999999999,-76.061667,38.575703,8571892,NOAA_NOS,IAN,2022,4020.0
2022-09-27 20:00:00,1.123,0.727,-0.396,-76.061667,38.575703,8571892,NOAA_NOS,IAN,2022,4080.0
2022-09-27 21:00:00,1.454,0.791,-0.6629999999999999,-76.061667,38.575703,8571892,NOAA_NOS,IAN,2022,4140.0
2022-09-27 22:00:00,1.553,0.775,-0.7779999999999999,-76.061667,38.575703,8571892,NOAA_NOS,IAN,2022,4200.0
2022-09-27 23:00:00,1.395,0.654,-0.741,-76.061667,38.575703,8571892,NOAA_NOS,IAN,2022,4260.0
2022-09-28 00:00:00,1.021,0.323,-0.698,-76.061667,38.575703,8571892,NOAA_NOS,IAN,2022,4320.0
2022-09-28 01:00:00,0.572,-0.093,-0.6649999999999999,-76.061667,38.575703,8571892,NOAA_NOS,IAN,2022,4380.0
2022-09-28 02:00:00,0.306,-0.358,-0.6639999999999999,-76.061667,38.575703,8571892,NOAA_NOS,IAN,2022,4440.0
2022-09-28 03:00:00,0.145,-0.45,-0.595,-76.061667,38.575703,8571892,NOAA_NOS,IAN,2022,4500.0
2022-09-28 04:00:00,-0.104,-0.465,-0.361,-76.061667,38.575703,8571892,NOAA_NOS,IAN,2022,4560.0
2022-09-28 05:00:00,-0.193,-0.412,-0.2189999999999999,-76.061667,38.575703,8571892,NOAA_NOS,IAN,2022,4620.0
2022-09-28 06:00:00,-0.042,-0.166,-0.124,-76.061667,38.575703,8571892,NOAA_NOS,IAN,2022,4680.0
2022-09-28 07:00:00,0.296,0.254,-0.0419999999999999,-76.061667,38.575703,8571892,NOAA_NOS,IAN,2022,4740.0
2022-09-28 08:00:00,0.664,0.581,-0.083,-76.061667,38.575703,8571892,NOAA_NOS,IAN,2022,4800.0
2022-09-28 09:00:00,0.998,0.696,-0.302,-76.061667,38.575703,8571892,NOAA_NOS,IAN,2022,4860.0
2022-09-28 10:00:00,1.074,0.669,-0.405,-76.061667,38.575703,8571892,NOAA_NOS,IAN,2022,4920.0
2022-09-28 11:00:00,0.923,0.54,-0.383,-76.061667,38.575703,8571892,NOAA_NOS,IAN,2022,4980.0
2022-09-28 12:00:00,0.637,0.247,-0.39,-76.061667,38.575703,8571892,NOAA_NOS,IAN,2022,5040.0
2022-09-28 13:00:00,0.29,-0.146,-0.4359999999999999,-76.061667,38.575703,8571892,NOAA_NOS,IAN,2022,5100.0
2022-09-28 14:00:00,-0.068,-0.443,-0.375,-76.061667,38.575703,8571892,NOAA_NOS,IAN,2022,5160.0
2022-09-28 15:00:00,-0.399,-0.56,-0.161,-76.061667,38.575703,8571892,NOAA_NOS,IAN,2022,5220.0
2022-09-28 16:00:00,-0.649,-0.568,0.081,-76.061667,38.575703,8571892,NOAA_NOS,IAN,2022,5280.0
2022-09-28 17:00:00,-0.708,-0.49,0.2179999999999999,-76.061667,38.575703,8571892,NOAA_NOS,IAN,2022,5340.0
2022-09-28 18:00:00,-0.527,-0.203,0.324,-76.061667,38.575703,8571892,NOAA_NOS,IAN,2022,5400.0
2022-09-28 19:00:00,-0.052,0.254,0.306,-76.061667,38.575703,8571892,NOAA_NOS,IAN,2022,5460.0
2022-09-28 20:00:00,0.503,0.616,0.1129999999999999,-76.061667,38.575703,8571892,NOAA_NOS,IAN,2022,5520.0
2022-09-28 21:00:00,0.946,0.776,-0.1699999999999999,-76.061667,38.575703,8571892,NOAA_NOS,IAN,2022,5580.0
2022-09-28 22:00:00,1.139,0.815,-0.324,-76.061667,38.575703,8571892,NOAA_NOS,IAN,2022,5640.0
2022-09-28 23:00:00,1.172,0.794,-0.3779999999999999,-76.061667,38.575703,8571892,NOAA_NOS,IAN,2022,5700.0
2022-09-29 00:00:00,0.985,0.634,-0.351,-76.061667,38.575703,8571892,NOAA_NOS,IAN,2022,5760.0
2022-09-29 01:00:00,0.618,0.253,-0.365,-76.061667,38.575703,8571892,NOAA_NOS,IAN,2022,5820.0
2022-09-29 02:00:00,0.191,-0.147,-0.3379999999999999,-76.061667,38.575703,8571892,NOAA_NOS,IAN,2022,5880.0
2022-09-29 03:00:00,-0.147,-0.364,-0.217,-76.061667,38.575703,8571892,NOAA_NOS,IAN,2022,5940.0
2022-09-29 04:00:00,-0.445,-0.437,0.008,-76.061667,38.575703,8571892,NOAA_NOS,IAN,2022,6000.0
2022-09-29 05:00:00,-0.639,-0.453,0.186,-76.061667,38.575703,8571892,NOAA_NOS,IAN,2022,6060.0
2022-09-29 06:00:00,-0.682,-0.386,0.296,-76.061667,38.575703,8571892,NOAA_NOS,IAN,2022,6120.0
2022-09-29 07:00:00,-0.488,-0.103,0.385,-76.061667,38.575703,8571892,NOAA_NOS,IAN,2022,6180.0
2022-09-29 08:00:00,-0.212,0.313,0.525,-76.061667,38.575703,8571892,NOAA_NOS,IAN,2022,6240.0
2022-09-29 09:00:00,0.132,0.594,0.4619999999999999,-76.061667,38.575703,8571892,NOAA_NOS,IAN,2022,6300.0
2022-09-29 10:00:00,0.365,0.661,0.296,-76.061667,38.575703,8571892,NOAA_NOS,IAN,2022,6360.0
2022-09-29 11:00:00,0.365,0.602,0.237,-76.061667,38.575703,8571892,NOAA_NOS,IAN,2022,6420.0
2022-09-29 12:00:00,0.178,0.434,0.256,-76.061667,38.575703,8571892,NOAA_NOS,IAN,2022,6480.0
2022-09-29 13:00:00,-0.203,0.11,0.313,-76.061667,38.575703,8571892,NOAA_NOS,IAN,2022,6540.0
2022-09-29 14:00:00,-0.573,-0.268,0.3049999999999999,-76.061667,38.575703,8571892,NOAA_NOS,IAN,2022,6600.0
2022-09-29 15:00:00,-0.918,-0.507,0.411,-76.061667,38.575703,8571892,NOAA_NOS,IAN,2022,6660.0
2022-09-29 16:00:00,-1.138,-0.58,0.5579999999999999,-76.061667,38.575703,8571892,NOAA_NOS,IAN,2022,6720.0
2022-09-29 17:00:00,-1.249,-0.549,0.7000000000000001,-76.061667,38.575703,8571892,NOAA_NOS,IAN,2022,6780.0
2022-09-29 18:00:00,-1.197,-0.399,0.798,-76.061667,38.575703,8571892,NOAA_NOS,IAN,2022,6840.0
2022-09-29 19:00:00,-0.937,-0.021,0.916,-76.061667,38.575703,8571892,NOAA_NOS,IAN,2022,6900.0
2022-09-29 20:00:00,-0.485,0.427,0.912,-76.061667,38.575703,8571892,NOAA_NOS,IAN,2022,6960.0
2022-09-29 21:00:00,0.027,0.711,0.6839999999999999,-76.061667,38.575703,8571892,NOAA_NOS,IAN,2022,7020.0
2022-09-29 22:00:00,0.477,0.827,0.35,-76.061667,38.575703,8571892,NOAA_NOS,IAN,2022,7080.0
2022-09-29 23:00:00,0.729,0.867,0.138,-76.061667,38.575703,8571892,NOAA_NOS,IAN,2022,7140.0
2022-09-30 00:00:00,0.834,0.853,0.019,-76.061667,38.575703,8571892,NOAA_NOS,IAN,2022,7200.0
2022-09-30 01:00:00,0.755,0.671,-0.0839999999999999,-76.061667,38.575703,8571892,NOAA_NOS,IAN,2022,7260.0
2022-09-30 02:00:00,0.516,0.274,-0.242,-76.061667,38.575703,8571892,NOAA_NOS,IAN,2022,7320.0
2022-09-30 03:00:00,0.211,-0.104,-0.315,-76.061667,38.575703,8571892,NOAA_NOS,IAN,2022,7380.0
2022-09-30 04:00:00,0.001,-0.3,-0.301,-76.061667,38.575703,8571892,NOAA_NOS,IAN,2022,7440.0
2022-09-30 05:00:00,-0.16,-0.363,-0.2029999999999999,-76.061667,38.575703,8571892,NOAA_NOS,IAN,2022,7500.0
2022-09-30 06:00:00,-0.203,-0.352,-0.1489999999999999,-76.061667,38.575703,8571892,NOAA_NOS,IAN,2022,7560.0
2022-09-30 07:00:00,-0.048,-0.199,-0.151,-76.061667,38.575703,8571892,NOAA_NOS,IAN,2022,7620.0
2022-09-30 08:00:00,0.191,0.194,0.003,-76.061667,38.575703,8571892,NOAA_NOS,IAN,2022,7680.0
2022-09-30 09:00:00,0.503,0.611,0.1079999999999999,-76.061667,38.575703,8571892,NOAA_NOS,IAN,2022,7740.0
2022-09-30 10:00:00,0.838,0.833,-0.005,-76.061667,38.575703,8571892,NOAA_NOS,IAN,2022,7800.0
2022-09-30 11:00:00,1.084,0.87,-0.214,-76.061667,38.575703,8571892,NOAA_NOS,IAN,2022,7860.0
2022-09-30 12:00:00,1.185,0.82,-0.3650000000000001,-76.061667,38.575703,8571892,NOAA_NOS,IAN,2022,7920.0
2022-09-30 13:00:00,1.051,0.695,-0.356,-76.061667,38.575703,8571892,NOAA_NOS,IAN,2022,7980.0
2022-09-30 14:00:00,0.867,0.387,-0.48,-76.061667,38.575703,8571892,NOAA_NOS,IAN,2022,8040.0
2022-09-30 15:00:00,0.624,0.004,-0.62,-76.061667,38.575703,8571892,NOAA_NOS,IAN,2022,8100.0
2022-09-30 16:00:00,0.306,-0.243,-0.5489999999999999,-76.061667,38.575703,8571892,NOAA_NOS,IAN,2022,8160.0
2022-09-30 17:00:00,0.175,-0.322,-0.497,-76.061667,38.575703,8571892,NOAA_NOS,IAN,2022,8220.0
2022-09-30 18:00:00,0.103,-0.302,-0.4049999999999999,-76.061667,38.575703,8571892,NOAA_NOS,IAN,2022,8280.0
2022-09-30 19:00:00,0.234,-0.135,-0.369,-76.061667,38.575703,8571892,NOAA_NOS,IAN,2022,8340.0
2022-09-30 20:00:00,0.546,0.253,-0.293,-76.061667,38.575703,8571892,NOAA_NOS,IAN,2022,8400.0
2022-09-30 21:00:00,1.041,0.68,-0.3609999999999999,-76.061667,38.575703,8571892,NOAA_NOS,IAN,2022,8460.0
2022-09-30 22:00:00,1.438,0.938,-0.5,-76.061667,38.575703,8571892,NOAA_NOS,IAN,2022,8520.0
2022-09-30 23:00:00,1.635,1.035,-0.6000000000000001,-76.061667,38.575703,8571892,NOAA_NOS,IAN,2022,8580.0
2022-10-01 00:00:00,1.707,1.064,-0.643,-76.061667,38.575703,8571892,NOAA_NOS,IAN,2022,8640.0
2022-10-01 01:00:00,1.7,1.038,-0.6619999999999999,-76.061667,38.575703,8571892,NOAA_NOS,IAN,2022,8700.0
2022-10-01 02:00:00,1.569,0.813,-0.756,-76.061667,38.575703,8571892,NOAA_NOS,IAN,2022,8760.0
2022-10-01 03:00:00,1.339,0.409,-0.93,-76.061667,38.575703,8571892,NOAA_NOS,IAN,2022,8820.0
2022-10-01 04:00:00,1.08,0.092,-0.988,-76.061667,38.575703,8571892,NOAA_NOS,IAN,2022,8880.0
2022-10-01 05:00:00,0.965,0.016,-0.949,-76.061667,38.575703,8571892,NOAA_NOS,IAN,2022,8940.0
2022-10-01 06:00:00,1.034,0.116,-0.918,-76.061667,38.575703,8571892,NOAA_NOS,IAN,2022,9000.0
2022-10-01 07:00:00,1.103,0.207,-0.896,-76.061667,38.575703,8571892,NOAA_NOS,IAN,2022,9060.0
2022-10-01 08:00:00,1.458,0.312,-1.146,-76.061667,38.575703,8571892,NOAA_NOS,IAN,2022,9120.0
2022-10-01 09:00:00,1.736,0.593,-1.143,-76.061667,38.575703,8571892,NOAA_NOS,IAN,2022,9180.0
2022-10-01 10:00:00,2.124,0.935,-1.189,-76.061667,38.575703,8571892,NOAA_NOS,IAN,2022,9240.0
2022-10-01 11:00:00,2.337,1.164,-1.1730000000000005,-76.061667,38.575703,8571892,NOAA_NOS,IAN,2022,9300.0
2022-10-01 12:00:00,2.455,1.226,-1.229,-76.061667,38.575703,8571892,NOAA_NOS,IAN,2022,9360.0
2022-10-01 13:00:00,2.376,1.089,-1.287,-76.061667,38.575703,8571892,NOAA_NOS,IAN,2022,9420.0
2022-10-01 14:00:00,2.091,0.7,-1.3910000000000002,-76.061667,38.575703,8571892,NOAA_NOS,IAN,2022,9480.0
2022-10-01 15:00:00,1.723,0.22,-1.503,-76.061667,38.575703,8571892,NOAA_NOS,IAN,2022,9540.0
2022-10-01 16:00:00,1.382,-0.089,-1.471,-76.061667,38.575703,8571892,NOAA_NOS,IAN,2022,9600.0
2022-10-01 17:00:00,1.064,-0.177,-1.241,-76.061667,38.575703,8571892,NOAA_NOS,IAN,2022,9660.0
2022-10-01 18:00:00,0.897,-0.112,-1.009,-76.061667,38.575703,8571892,NOAA_NOS,IAN,2022,9720.0
2022-10-01 19:00:00,0.821,-0.006,-0.827,-76.061667,38.575703,8571892,NOAA_NOS,IAN,2022,9780.0
2022-10-01 20:00:00,0.864,0.159,-0.705,-76.061667,38.575703,8571892,NOAA_NOS,IAN,2022,9840.0
2022-10-01 21:00:00,1.136,0.513,-0.6229999999999999,-76.061667,38.575703,8571892,NOAA_NOS,IAN,2022,9900.0
2022-10-01 22:00:00,1.707,0.894,-0.8130000000000001,-76.061667,38.575703,8571892,NOAA_NOS,IAN,2022,9960.0
2022-10-01 23:00:00,2.202,1.108,-1.094,-76.061667,38.575703,8571892,NOAA_NOS,IAN,2022,10020.0
2022-09-25 01:00:00,1.496,0.12,-1.376,-76.24976,39.2134,8573364,NOAA_NOS,IAN,2022,60.0
2022-09-25 02:00:00,1.247,-0.109,-1.356,-76.24976,39.2134,8573364,NOAA_NOS,IAN,2022,120.0
2022-09-25 03:00:00,1.001,-0.309,-1.3099999999999998,-76.24976,39.2134,8573364,NOAA_NOS,IAN,2022,180.0
2022-09-25 04:00:00,0.827,-0.448,-1.275,-76.24976,39.2134,8573364,NOAA_NOS,IAN,2022,240.0
2022-09-25 05:00:00,0.712,-0.461,-1.173,-76.24976,39.2134,8573364,NOAA_NOS,IAN,2022,300.0
2022-09-25 06:00:00,0.797,-0.302,-1.099,-76.24976,39.2134,8573364,NOAA_NOS,IAN,2022,360.0
2022-09-25 07:00:00,1.024,-0.037,-1.061,-76.24976,39.2134,8573364,NOAA_NOS,IAN,2022,420.0
2022-09-25 08:00:00,1.299,0.234,-1.065,-76.24976,39.2134,8573364,NOAA_NOS,IAN,2022,480.0
2022-09-25 09:00:00,1.568,0.466,-1.102,-76.24976,39.2134,8573364,NOAA_NOS,IAN,2022,540.0
2022-09-25 10:00:00,1.745,0.626,-1.1190000000000002,-76.24976,39.2134,8573364,NOAA_NOS,IAN,2022,600.0
2022-09-25 11:00:00,1.831,0.661,-1.17,-76.24976,39.2134,8573364,NOAA_NOS,IAN,2022,660.0
2022-09-25 12:00:00,1.752,0.535,-1.217,-76.24976,39.2134,8573364,NOAA_NOS,IAN,2022,720.0
2022-09-25 13:00:00,1.565,0.294,-1.271,-76.24976,39.2134,8573364,NOAA_NOS,IAN,2022,780.0
2022-09-25 14:00:00,1.263,0.039,-1.224,-76.24976,39.2134,8573364,NOAA_NOS,IAN,2022,840.0
2022-09-25 15:00:00,0.978,-0.191,-1.169,-76.24976,39.2134,8573364,NOAA_NOS,IAN,2022,900.0
2022-09-25 16:00:00,0.666,-0.381,-1.0470000000000002,-76.24976,39.2134,8573364,NOAA_NOS,IAN,2022,960.0
2022-09-25 17:00:00,0.41,-0.475,-0.885,-76.24976,39.2134,8573364,NOAA_NOS,IAN,2022,1020.0
2022-09-25 18:00:00,0.266,-0.407,-0.673,-76.24976,39.2134,8573364,NOAA_NOS,IAN,2022,1080.0
2022-09-25 19:00:00,0.344,-0.18,-0.524,-76.24976,39.2134,8573364,NOAA_NOS,IAN,2022,1140.0
2022-09-25 20:00:00,0.486,0.096,-0.39,-76.24976,39.2134,8573364,NOAA_NOS,IAN,2022,1200.0
2022-09-25 21:00:00,0.741,0.349,-0.392,-76.24976,39.2134,8573364,NOAA_NOS,IAN,2022,1260.0
2022-09-25 22:00:00,0.948,0.541,-0.4069999999999999,-76.24976,39.2134,8573364,NOAA_NOS,IAN,2022,1320.0
2022-09-25 23:00:00,1.083,0.628,-0.4549999999999999,-76.24976,39.2134,8573364,NOAA_NOS,IAN,2022,1380.0
2022-09-26 00:00:00,1.086,0.559,-0.527,-76.24976,39.2134,8573364,NOAA_NOS,IAN,2022,1440.0
2022-09-26 01:00:00,0.974,0.344,-0.63,-76.24976,39.2134,8573364,NOAA_NOS,IAN,2022,1500.0
2022-09-26 02:00:00,0.764,0.089,-0.675,-76.24976,39.2134,8573364,NOAA_NOS,IAN,2022,1560.0
2022-09-26 03:00:00,0.476,-0.146,-0.622,-76.24976,39.2134,8573364,NOAA_NOS,IAN,2022,1620.0
2022-09-26 04:00:00,0.187,-0.347,-0.534,-76.24976,39.2134,8573364,NOAA_NOS,IAN,2022,1680.0
2022-09-26 05:00:00,0.02,-0.468,-0.488,-76.24976,39.2134,8573364,NOAA_NOS,IAN,2022,1740.0
2022-09-26 06:00:00,-0.056,-0.44,-0.384,-76.24976,39.2134,8573364,NOAA_NOS,IAN,2022,1800.0
2022-09-26 07:00:00,-0.059,-0.238,-0.179,-76.24976,39.2134,8573364,NOAA_NOS,IAN,2022,1860.0
2022-09-26 08:00:00,0.039,0.041,0.002,-76.24976,39.2134,8573364,NOAA_NOS,IAN,2022,1920.0
2022-09-26 09:00:00,0.249,0.311,0.062,-76.24976,39.2134,8573364,NOAA_NOS,IAN,2022,1980.0
2022-09-26 10:00:00,0.505,0.525,0.02,-76.24976,39.2134,8573364,NOAA_NOS,IAN,2022,2040.0
2022-09-26 11:00:00,0.663,0.648,-0.015,-76.24976,39.2134,8573364,NOAA_NOS,IAN,2022,2100.0
2022-09-26 12:00:00,0.722,0.621,-0.1009999999999999,-76.24976,39.2134,8573364,NOAA_NOS,IAN,2022,2160.0
2022-09-26 13:00:00,0.614,0.433,-0.181,-76.24976,39.2134,8573364,NOAA_NOS,IAN,2022,2220.0
2022-09-26 14:00:00,0.367,0.173,-0.194,-76.24976,39.2134,8573364,NOAA_NOS,IAN,2022,2280.0
2022-09-26 15:00:00,0.138,-0.074,-0.212,-76.24976,39.2134,8573364,NOAA_NOS,IAN,2022,2340.0
2022-09-26 16:00:00,-0.118,-0.294,-0.176,-76.24976,39.2134,8573364,NOAA_NOS,IAN,2022,2400.0
2022-09-26 17:00:00,-0.367,-0.449,-0.082,-76.24976,39.2134,8573364,NOAA_NOS,IAN,2022,2460.0
2022-09-26 18:00:00,-0.538,-0.469,0.069,-76.24976,39.2134,8573364,NOAA_NOS,IAN,2022,2520.0
2022-09-26 19:00:00,-0.528,-0.307,0.221,-76.24976,39.2134,8573364,NOAA_NOS,IAN,2022,2580.0
2022-09-26 20:00:00,-0.322,-0.027,0.295,-76.24976,39.2134,8573364,NOAA_NOS,IAN,2022,2640.0
2022-09-26 21:00:00,-0.02,0.259,0.279,-76.24976,39.2134,8573364,NOAA_NOS,IAN,2022,2700.0
2022-09-26 22:00:00,0.318,0.504,0.186,-76.24976,39.2134,8573364,NOAA_NOS,IAN,2022,2760.0
2022-09-26 23:00:00,0.607,0.672,0.065,-76.24976,39.2134,8573364,NOAA_NOS,IAN,2022,2820.0
2022-09-27 00:00:00,0.83,0.708,-0.122,-76.24976,39.2134,8573364,NOAA_NOS,IAN,2022,2880.0
2022-09-27 01:00:00,0.866,0.576,-0.29,-76.24976,39.2134,8573364,NOAA_NOS,IAN,2022,2940.0
2022-09-27 02:00:00,0.745,0.323,-0.422,-76.24976,39.2134,8573364,NOAA_NOS,IAN,2022,3000.0
2022-09-27 03:00:00,0.574,0.06,-0.514,-76.24976,39.2134,8573364,NOAA_NOS,IAN,2022,3060.0
2022-09-27 04:00:00,0.361,-0.179,-0.54,-76.24976,39.2134,8573364,NOAA_NOS,IAN,2022,3120.0
2022-09-27 05:00:00,0.194,-0.374,-0.5680000000000001,-76.24976,39.2134,8573364,NOAA_NOS,IAN,2022,3180.0
2022-09-27 06:00:00,0.115,-0.469,-0.584,-76.24976,39.2134,8573364,NOAA_NOS,IAN,2022,3240.0
2022-09-27 07:00:00,0.207,-0.397,-0.604,-76.24976,39.2134,8573364,NOAA_NOS,IAN,2022,3300.0
2022-09-27 08:00:00,0.387,-0.161,-0.548,-76.24976,39.2134,8573364,NOAA_NOS,IAN,2022,3360.0
2022-09-27 09:00:00,0.676,0.122,-0.554,-76.24976,39.2134,8573364,NOAA_NOS,IAN,2022,3420.0
2022-09-27 10:00:00,0.958,0.378,-0.58,-76.24976,39.2134,8573364,NOAA_NOS,IAN,2022,3480.0
2022-09-27 11:00:00,1.184,0.567,-0.617,-76.24976,39.2134,8573364,NOAA_NOS,IAN,2022,3540.0
2022-09-27 12:00:00,1.27,0.638,-0.632,-76.24976,39.2134,8573364,NOAA_NOS,IAN,2022,3600.0
2022-09-27 13:00:00,1.243,0.545,-0.6980000000000001,-76.24976,39.2134,8573364,NOAA_NOS,IAN,2022,3660.0
2022-09-27 14:00:00,1.02,0.31,-0.71,-76.24976,39.2134,8573364,NOAA_NOS,IAN,2022,3720.0
2022-09-27 15:00:00,0.755,0.046,-0.709,-76.24976,39.2134,8573364,NOAA_NOS,IAN,2022,3780.0
2022-09-27 16:00:00,0.427,-0.192,-0.619,-76.24976,39.2134,8573364,NOAA_NOS,IAN,2022,3840.0
2022-09-27 17:00:00,0.151,-0.39,-0.541,-76.24976,39.2134,8573364,NOAA_NOS,IAN,2022,3900.0
2022-09-27 18:00:00,-0.102,-0.492,-0.39,-76.24976,39.2134,8573364,NOAA_NOS,IAN,2022,3960.0
2022-09-27 19:00:00,-0.184,-0.426,-0.242,-76.24976,39.2134,8573364,NOAA_NOS,IAN,2022,4020.0
2022-09-27 20:00:00,-0.18,-0.18,0.0,-76.24976,39.2134,8573364,NOAA_NOS,IAN,2022,4080.0
2022-09-27 21:00:00,0.157,0.123,-0.034,-76.24976,39.2134,8573364,NOAA_NOS,IAN,2022,4140.0
2022-09-27 22:00:00,0.482,0.406,-0.0759999999999999,-76.24976,39.2134,8573364,NOAA_NOS,IAN,2022,4200.0
2022-09-27 23:00:00,0.866,0.635,-0.2309999999999999,-76.24976,39.2134,8573364,NOAA_NOS,IAN,2022,4260.0
2022-09-28 00:00:00,1.109,0.771,-0.3379999999999999,-76.24976,39.2134,8573364,NOAA_NOS,IAN,2022,4320.0
2022-09-28 01:00:00,1.201,0.751,-0.45,-76.24976,39.2134,8573364,NOAA_NOS,IAN,2022,4380.0
2022-09-28 02:00:00,1.115,0.565,-0.55,-76.24976,39.2134,8573364,NOAA_NOS,IAN,2022,4440.0
2022-09-28 03:00:00,0.833,0.293,-0.54,-76.24976,39.2134,8573364,NOAA_NOS,IAN,2022,4500.0
2022-09-28 04:00:00,0.515,0.029,-0.486,-76.24976,39.2134,8573364,NOAA_NOS,IAN,2022,4560.0
2022-09-28 05:00:00,0.203,-0.21,-0.413,-76.24976,39.2134,8573364,NOAA_NOS,IAN,2022,4620.0
2022-09-28 06:00:00,-0.056,-0.393,-0.337,-76.24976,39.2134,8573364,NOAA_NOS,IAN,2022,4680.0
2022-09-28 07:00:00,-0.194,-0.458,-0.264,-76.24976,39.2134,8573364,NOAA_NOS,IAN,2022,4740.0
2022-09-28 08:00:00,-0.266,-0.349,-0.0829999999999999,-76.24976,39.2134,8573364,NOAA_NOS,IAN,2022,4800.0
2022-09-28 09:00:00,-0.161,-0.096,0.065,-76.24976,39.2134,8573364,NOAA_NOS,IAN,2022,4860.0
2022-09-28 10:00:00,0.105,0.182,0.077,-76.24976,39.2134,8573364,NOAA_NOS,IAN,2022,4920.0
2022-09-28 11:00:00,0.348,0.421,0.073,-76.24976,39.2134,8573364,NOAA_NOS,IAN,2022,4980.0
2022-09-28 12:00:00,0.505,0.575,0.0699999999999999,-76.24976,39.2134,8573364,NOAA_NOS,IAN,2022,5040.0
2022-09-28 13:00:00,0.535,0.592,0.0569999999999999,-76.24976,39.2134,8573364,NOAA_NOS,IAN,2022,5100.0
2022-09-28 14:00:00,0.433,0.441,0.008,-76.24976,39.2134,8573364,NOAA_NOS,IAN,2022,5160.0
2022-09-28 15:00:00,0.21,0.184,-0.0259999999999999,-76.24976,39.2134,8573364,NOAA_NOS,IAN,2022,5220.0
2022-09-28 16:00:00,-0.023,-0.07,-0.047,-76.24976,39.2134,8573364,NOAA_NOS,IAN,2022,5280.0
2022-09-28 17:00:00,-0.272,-0.294,-0.0219999999999999,-76.24976,39.2134,8573364,NOAA_NOS,IAN,2022,5340.0
2022-09-28 18:00:00,-0.469,-0.464,0.0049999999999999,-76.24976,39.2134,8573364,NOAA_NOS,IAN,2022,5400.0
2022-09-28 19:00:00,-0.561,-0.507,0.054,-76.24976,39.2134,8573364,NOAA_NOS,IAN,2022,5460.0
2022-09-28 20:00:00,-0.489,-0.361,0.128,-76.24976,39.2134,8573364,NOAA_NOS,IAN,2022,5520.0
2022-09-28 21:00:00,-0.276,-0.072,0.204,-76.24976,39.2134,8573364,NOAA_NOS,IAN,2022,5580.0
2022-09-28 22:00:00,0.056,0.238,0.182,-76.24976,39.2134,8573364,NOAA_NOS,IAN,2022,5640.0
2022-09-28 23:00:00,0.433,0.513,0.08,-76.24976,39.2134,8573364,NOAA_NOS,IAN,2022,5700.0
2022-09-29 00:00:00,0.745,0.727,-0.018,-76.24976,39.2134,8573364,NOAA_NOS,IAN,2022,5760.0
2022-09-29 01:00:00,0.935,0.829,-0.1060000000000001,-76.24976,39.2134,8573364,NOAA_NOS,IAN,2022,5820.0
2022-09-29 02:00:00,0.938,0.764,-0.1739999999999999,-76.24976,39.2134,8573364,NOAA_NOS,IAN,2022,5880.0
2022-09-29 03:00:00,0.764,0.539,-0.2249999999999999,-76.24976,39.2134,8573364,NOAA_NOS,IAN,2022,5940.0
2022-09-29 04:00:00,0.472,0.261,-0.2109999999999999,-76.24976,39.2134,8573364,NOAA_NOS,IAN,2022,6000.0
2022-09-29 05:00:00,0.092,-0.003,-0.095,-76.24976,39.2134,8573364,NOAA_NOS,IAN,2022,6060.0
2022-09-29 06:00:00,-0.279,-0.238,0.041,-76.24976,39.2134,8573364,NOAA_NOS,IAN,2022,6120.0
2022-09-29 07:00:00,-0.633,-0.408,0.225,-76.24976,39.2134,8573364,NOAA_NOS,IAN,2022,6180.0
2022-09-29 08:00:00,-0.873,-0.449,0.424,-76.24976,39.2134,8573364,NOAA_NOS,IAN,2022,6240.0
2022-09-29 09:00:00,-1.007,-0.315,0.692,-76.24976,39.2134,8573364,NOAA_NOS,IAN,2022,6300.0
2022-09-29 10:00:00,-1.01,-0.057,0.953,-76.24976,39.2134,8573364,NOAA_NOS,IAN,2022,6360.0
2022-09-29 11:00:00,-0.902,0.212,1.114,-76.24976,39.2134,8573364,NOAA_NOS,IAN,2022,6420.0
2022-09-29 12:00:00,-0.728,0.422,1.15,-76.24976,39.2134,8573364,NOAA_NOS,IAN,2022,6480.0
2022-09-29 13:00:00,-0.656,0.55,1.206,-76.24976,39.2134,8573364,NOAA_NOS,IAN,2022,6540.0
2022-09-29 14:00:00,-0.663,0.527,1.19,-76.24976,39.2134,8573364,NOAA_NOS,IAN,2022,6600.0
2022-09-29 15:00:00,-0.794,0.343,1.137,-76.24976,39.2134,8573364,NOAA_NOS,IAN,2022,6660.0
2022-09-29 16:00:00,-0.892,0.089,0.981,-76.24976,39.2134,8573364,NOAA_NOS,IAN,2022,6720.0
2022-09-29 17:00:00,-1.073,-0.148,0.925,-76.24976,39.2134,8573364,NOAA_NOS,IAN,2022,6780.0
2022-09-29 18:00:00,-1.234,-0.349,0.885,-76.24976,39.2134,8573364,NOAA_NOS,IAN,2022,6840.0
2022-09-29 19:00:00,-1.322,-0.475,0.8470000000000001,-76.24976,39.2134,8573364,NOAA_NOS,IAN,2022,6900.0
2022-09-29 20:00:00,-1.27,-0.446,0.8240000000000001,-76.24976,39.2134,8573364,NOAA_NOS,IAN,2022,6960.0
2022-09-29 21:00:00,-1.063,-0.228,0.835,-76.24976,39.2134,8573364,NOAA_NOS,IAN,2022,7020.0
2022-09-29 22:00:00,-0.735,0.083,0.818,-76.24976,39.2134,8573364,NOAA_NOS,IAN,2022,7080.0
2022-09-29 23:00:00,-0.328,0.387,0.7150000000000001,-76.24976,39.2134,8573364,NOAA_NOS,IAN,2022,7140.0
2022-09-30 00:00:00,0.092,0.652,0.56,-76.24976,39.2134,8573364,NOAA_NOS,IAN,2022,7200.0
2022-09-30 01:00:00,0.427,0.855,0.428,-76.24976,39.2134,8573364,NOAA_NOS,IAN,2022,7260.0
2022-09-30 02:00:00,0.679,0.936,0.257,-76.24976,39.2134,8573364,NOAA_NOS,IAN,2022,7320.0
2022-09-30 03:00:00,0.774,0.853,0.0789999999999999,-76.24976,39.2134,8573364,NOAA_NOS,IAN,2022,7380.0
2022-09-30 04:00:00,0.735,0.617,-0.118,-76.24976,39.2134,8573364,NOAA_NOS,IAN,2022,7440.0
2022-09-30 05:00:00,0.587,0.343,-0.2439999999999999,-76.24976,39.2134,8573364,NOAA_NOS,IAN,2022,7500.0
2022-09-30 06:00:00,0.374,0.084,-0.29,-76.24976,39.2134,8573364,NOAA_NOS,IAN,2022,7560.0
2022-09-30 07:00:00,0.148,-0.14,-0.288,-76.24976,39.2134,8573364,NOAA_NOS,IAN,2022,7620.0
2022-09-30 08:00:00,-0.003,-0.275,-0.272,-76.24976,39.2134,8573364,NOAA_NOS,IAN,2022,7680.0
2022-09-30 09:00:00,-0.069,-0.258,-0.189,-76.24976,39.2134,8573364,NOAA_NOS,IAN,2022,7740.0
2022-09-30 10:00:00,-0.043,-0.06,-0.017,-76.24976,39.2134,8573364,NOAA_NOS,IAN,2022,7800.0
2022-09-30 11:00:00,0.098,0.223,0.125,-76.24976,39.2134,8573364,NOAA_NOS,IAN,2022,7860.0
2022-09-30 12:00:00,0.266,0.491,0.2249999999999999,-76.24976,39.2134,8573364,NOAA_NOS,IAN,2022,7920.0
2022-09-30 13:00:00,0.456,0.703,0.2469999999999999,-76.24976,39.2134,8573364,NOAA_NOS,IAN,2022,7980.0
2022-09-30 14:00:00,0.591,0.823,0.2319999999999999,-76.24976,39.2134,8573364,NOAA_NOS,IAN,2022,8040.0
2022-09-30 15:00:00,0.636,0.801,0.165,-76.24976,39.2134,8573364,NOAA_NOS,IAN,2022,8100.0
2022-09-30 16:00:00,0.561,0.627,0.0659999999999999,-76.24976,39.2134,8573364,NOAA_NOS,IAN,2022,8160.0
2022-09-30 17:00:00,0.469,0.38,-0.0889999999999999,-76.24976,39.2134,8573364,NOAA_NOS,IAN,2022,8220.0
2022-09-30 18:00:00,0.335,0.142,-0.193,-76.24976,39.2134,8573364,NOAA_NOS,IAN,2022,8280.0
2022-09-30 19:00:00,0.226,-0.063,-0.289,-76.24976,39.2134,8573364,NOAA_NOS,IAN,2022,8340.0
2022-09-30 20:00:00,0.217,-0.189,-0.406,-76.24976,39.2134,8573364,NOAA_NOS,IAN,2022,8400.0
2022-09-30 21:00:00,0.295,-0.155,-0.4499999999999999,-76.24976,39.2134,8573364,NOAA_NOS,IAN,2022,8460.0
2022-09-30 22:00:00,0.482,0.069,-0.413,-76.24976,39.2134,8573364,NOAA_NOS,IAN,2022,8520.0
2022-09-30 23:00:00,0.719,0.38,-0.3389999999999999,-76.24976,39.2134,8573364,NOAA_NOS,IAN,2022,8580.0
2022-10-01 00:00:00,0.968,0.681,-0.2869999999999999,-76.24976,39.2134,8573364,NOAA_NOS,IAN,2022,8640.0
2022-10-01 01:00:00,1.201,0.932,-0.269,-76.24976,39.2134,8573364,NOAA_NOS,IAN,2022,8700.0
2022-10-01 02:00:00,1.371,1.127,-0.244,-76.24976,39.2134,8573364,NOAA_NOS,IAN,2022,8760.0
2022-10-01 03:00:00,1.391,1.23,-0.161,-76.24976,39.2134,8573364,NOAA_NOS,IAN,2022,8820.0
2022-10-01 04:00:00,1.204,1.196,-0.008,-76.24976,39.2134,8573364,NOAA_NOS,IAN,2022,8880.0
2022-10-01 05:00:00,1.063,1.017,-0.046,-76.24976,39.2134,8573364,NOAA_NOS,IAN,2022,8940.0
2022-10-01 06:00:00,0.961,0.786,-0.1749999999999999,-76.24976,39.2134,8573364,NOAA_NOS,IAN,2022,9000.0
2022-10-01 07:00:00,0.853,0.546,-0.3069999999999999,-76.24976,39.2134,8573364,NOAA_NOS,IAN,2022,9060.0
2022-10-01 08:00:00,0.755,0.349,-0.406,-76.24976,39.2134,8573364,NOAA_NOS,IAN,2022,9120.0
2022-10-01 09:00:00,0.719,0.264,-0.4549999999999999,-76.24976,39.2134,8573364,NOAA_NOS,IAN,2022,9180.0
2022-10-01 10:00:00,0.81,0.316,-0.494,-76.24976,39.2134,8573364,NOAA_NOS,IAN,2022,9240.0
2022-10-01 11:00:00,1.066,0.507,-0.559,-76.24976,39.2134,8573364,NOAA_NOS,IAN,2022,9300.0
2022-10-01 12:00:00,1.342,0.741,-0.6010000000000001,-76.24976,39.2134,8573364,NOAA_NOS,IAN,2022,9360.0
2022-10-01 13:00:00,1.614,0.926,-0.6880000000000001,-76.24976,39.2134,8573364,NOAA_NOS,IAN,2022,9420.0
2022-10-01 14:00:00,1.841,1.056,-0.7849999999999999,-76.24976,39.2134,8573364,NOAA_NOS,IAN,2022,9480.0
2022-10-01 15:00:00,1.913,1.084,-0.829,-76.24976,39.2134,8573364,NOAA_NOS,IAN,2022,9540.0
2022-10-01 16:00:00,1.906,0.955,-0.951,-76.24976,39.2134,8573364,NOAA_NOS,IAN,2022,9600.0
2022-10-01 17:00:00,1.749,0.702,-1.0470000000000002,-76.24976,39.2134,8573364,NOAA_NOS,IAN,2022,9660.0
2022-10-01 18:00:00,1.562,0.453,-1.109,-76.24976,39.2134,8573364,NOAA_NOS,IAN,2022,9720.0
2022-10-01 19:00:00,1.391,0.217,-1.174,-76.24976,39.2134,8573364,NOAA_NOS,IAN,2022,9780.0
2022-10-01 20:00:00,1.086,0.025,-1.0610000000000002,-76.24976,39.2134,8573364,NOAA_NOS,IAN,2022,9840.0
2022-10-01 21:00:00,0.974,-0.07,-1.044,-76.24976,39.2134,8573364,NOAA_NOS,IAN,2022,9900.0
2022-10-01 22:00:00,0.951,-0.005,-0.956,-76.24976,39.2134,8573364,NOAA_NOS,IAN,2022,9960.0
2022-10-01 23:00:00,1.089,0.227,-0.862,-76.24976,39.2134,8573364,NOAA_NOS,IAN,2022,10020.0
2022-09-25 01:00:00,2.251,1.044,-1.207,-75.81,39.526667,8573927,NOAA_NOS,IAN,2022,60.0
2022-09-25 02:00:00,2.595,1.504,-1.0910000000000002,-75.81,39.526667,8573927,NOAA_NOS,IAN,2022,120.0
2022-09-25 03:00:00,2.579,1.74,-0.8390000000000002,-75.81,39.526667,8573927,NOAA_NOS,IAN,2022,180.0
2022-09-25 04:00:00,2.175,1.679,-0.4959999999999998,-75.81,39.526667,8573927,NOAA_NOS,IAN,2022,240.0
2022-09-25 05:00:00,1.512,0.866,-0.646,-75.81,39.526667,8573927,NOAA_NOS,IAN,2022,300.0
2022-09-25 06:00:00,0.758,0.13,-0.628,-75.81,39.526667,8573927,NOAA_NOS,IAN,2022,360.0
2022-09-25 07:00:00,0.128,-0.534,-0.662,-75.81,39.526667,8573927,NOAA_NOS,IAN,2022,420.0
2022-09-25 08:00:00,-0.253,-1.04,-0.787,-75.81,39.526667,8573927,NOAA_NOS,IAN,2022,480.0
2022-09-25 09:00:00,-0.197,-1.161,-0.964,-75.81,39.526667,8573927,NOAA_NOS,IAN,2022,540.0
2022-09-25 10:00:00,-0.023,-1.263,-1.24,-75.81,39.526667,8573927,NOAA_NOS,IAN,2022,600.0
2022-09-25 11:00:00,0.348,-1.076,-1.424,-75.81,39.526667,8573927,NOAA_NOS,IAN,2022,660.0
2022-09-25 12:00:00,1.053,0.013,-1.04,-75.81,39.526667,8573927,NOAA_NOS,IAN,2022,720.0
2022-09-25 13:00:00,1.831,0.82,-1.011,-75.81,39.526667,8573927,NOAA_NOS,IAN,2022,780.0
2022-09-25 14:00:00,2.254,1.443,-0.8109999999999999,-75.81,39.526667,8573927,NOAA_NOS,IAN,2022,840.0
2022-09-25 15:00:00,2.329,1.68,-0.6490000000000002,-75.81,39.526667,8573927,NOAA_NOS,IAN,2022,900.0
2022-09-25 16:00:00,2.028,1.752,-0.276,-75.81,39.526667,8573927,NOAA_NOS,IAN,2022,960.0
2022-09-25 17:00:00,1.519,1.181,-0.3379999999999998,-75.81,39.526667,8573927,NOAA_NOS,IAN,2022,1020.0
2022-09-25 18:00:00,0.771,0.312,-0.459,-75.81,39.526667,8573927,NOAA_NOS,IAN,2022,1080.0
2022-09-25 19:00:00,-0.046,-0.372,-0.326,-75.81,39.526667,8573927,NOAA_NOS,IAN,2022,1140.0
2022-09-25 20:00:00,-0.587,-0.985,-0.398,-75.81,39.526667,8573927,NOAA_NOS,IAN,2022,1200.0
2022-09-25 21:00:00,-0.866,-1.213,-0.3470000000000001,-75.81,39.526667,8573927,NOAA_NOS,IAN,2022,1260.0
2022-09-25 22:00:00,-0.965,-1.351,-0.386,-75.81,39.526667,8573927,NOAA_NOS,IAN,2022,1320.0
2022-09-25 23:00:00,-0.702,-1.304,-0.6020000000000001,-75.81,39.526667,8573927,NOAA_NOS,IAN,2022,1380.0
2022-09-26 00:00:00,0.007,-0.391,-0.398,-75.81,39.526667,8573927,NOAA_NOS,IAN,2022,1440.0
2022-09-26 01:00:00,0.915,0.546,-0.369,-75.81,39.526667,8573927,NOAA_NOS,IAN,2022,1500.0
2022-09-26 02:00:00,1.693,1.277,-0.4160000000000001,-75.81,39.526667,8573927,NOAA_NOS,IAN,2022,1560.0
2022-09-26 03:00:00,2.103,1.636,-0.4670000000000003,-75.81,39.526667,8573927,NOAA_NOS,IAN,2022,1620.0
2022-09-26 04:00:00,1.965,1.817,-0.1480000000000001,-75.81,39.526667,8573927,NOAA_NOS,IAN,2022,1680.0
2022-09-26 05:00:00,1.526,1.545,0.0189999999999999,-75.81,39.526667,8573927,NOAA_NOS,IAN,2022,1740.0
2022-09-26 06:00:00,0.741,0.577,-0.164,-75.81,39.526667,8573927,NOAA_NOS,IAN,2022,1800.0
2022-09-26 07:00:00,0.082,-0.104,-0.186,-75.81,39.526667,8573927,NOAA_NOS,IAN,2022,1860.0
2022-09-26 08:00:00,-0.512,-0.781,-0.269,-75.81,39.526667,8573927,NOAA_NOS,IAN,2022,1920.0
2022-09-26 09:00:00,-0.833,-1.128,-0.2949999999999999,-75.81,39.526667,8573927,NOAA_NOS,IAN,2022,1980.0
2022-09-26 10:00:00,-0.971,-1.273,-0.3019999999999999,-75.81,39.526667,8573927,NOAA_NOS,IAN,2022,2040.0
2022-09-26 11:00:00,-0.942,-1.314,-0.3720000000000001,-75.81,39.526667,8573927,NOAA_NOS,IAN,2022,2100.0
2022-09-26 12:00:00,-0.387,-0.77,-0.383,-75.81,39.526667,8573927,NOAA_NOS,IAN,2022,2160.0
2022-09-26 13:00:00,0.699,0.361,-0.3379999999999999,-75.81,39.526667,8573927,NOAA_NOS,IAN,2022,2220.0
2022-09-26 14:00:00,1.44,1.15,-0.29,-75.81,39.526667,8573927,NOAA_NOS,IAN,2022,2280.0
2022-09-26 15:00:00,1.9,1.629,-0.2709999999999999,-75.81,39.526667,8573927,NOAA_NOS,IAN,2022,2340.0
2022-09-26 16:00:00,1.86,1.864,0.004,-75.81,39.526667,8573927,NOAA_NOS,IAN,2022,2400.0
2022-09-26 17:00:00,1.65,1.784,0.1340000000000001,-75.81,39.526667,8573927,NOAA_NOS,IAN,2022,2460.0
2022-09-26 18:00:00,1.063,0.93,-0.1329999999999999,-75.81,39.526667,8573927,NOAA_NOS,IAN,2022,2520.0
2022-09-26 19:00:00,0.325,0.154,-0.171,-75.81,39.526667,8573927,NOAA_NOS,IAN,2022,2580.0
2022-09-26 20:00:00,-0.39,-0.54,-0.15,-75.81,39.526667,8573927,NOAA_NOS,IAN,2022,2640.0
2022-09-26 21:00:00,-0.876,-1.076,-0.2,-75.81,39.526667,8573927,NOAA_NOS,IAN,2022,2700.0
2022-09-26 22:00:00,-1.122,-1.215,-0.0929999999999999,-75.81,39.526667,8573927,NOAA_NOS,IAN,2022,2760.0
2022-09-26 23:00:00,-0.991,-1.325,-0.3339999999999999,-75.81,39.526667,8573927,NOAA_NOS,IAN,2022,2820.0
2022-09-27 00:00:00,-0.679,-1.191,-0.512,-75.81,39.526667,8573927,NOAA_NOS,IAN,2022,2880.0
2022-09-27 01:00:00,0.236,-0.077,-0.313,-75.81,39.526667,8573927,NOAA_NOS,IAN,2022,2940.0
2022-09-27 02:00:00,1.158,0.798,-0.3599999999999999,-75.81,39.526667,8573927,NOAA_NOS,IAN,2022,3000.0
2022-09-27 03:00:00,1.814,1.474,-0.3400000000000001,-75.81,39.526667,8573927,NOAA_NOS,IAN,2022,3060.0
2022-09-27 04:00:00,2.024,1.73,-0.294,-75.81,39.526667,8573927,NOAA_NOS,IAN,2022,3120.0
2022-09-27 05:00:00,1.831,1.825,-0.006,-75.81,39.526667,8573927,NOAA_NOS,IAN,2022,3180.0
2022-09-27 06:00:00,1.342,1.247,-0.0949999999999999,-75.81,39.526667,8573927,NOAA_NOS,IAN,2022,3240.0
2022-09-27 07:00:00,0.515,0.34,-0.175,-75.81,39.526667,8573927,NOAA_NOS,IAN,2022,3300.0
2022-09-27 08:00:00,-0.135,-0.36,-0.2249999999999999,-75.81,39.526667,8573927,NOAA_NOS,IAN,2022,3360.0
2022-09-27 09:00:00,-0.597,-0.998,-0.401,-75.81,39.526667,8573927,NOAA_NOS,IAN,2022,3420.0
2022-09-27 10:00:00,-0.709,-1.228,-0.519,-75.81,39.526667,8573927,NOAA_NOS,IAN,2022,3480.0
2022-09-27 11:00:00,-0.591,-1.368,-0.7770000000000001,-75.81,39.526667,8573927,NOAA_NOS,IAN,2022,3540.0
2022-09-27 12:00:00,-0.217,-1.312,-1.095,-75.81,39.526667,8573927,NOAA_NOS,IAN,2022,3600.0
2022-09-27 13:00:00,0.604,-0.289,-0.893,-75.81,39.526667,8573927,NOAA_NOS,IAN,2022,3660.0
2022-09-27 14:00:00,1.434,0.668,-0.7659999999999999,-75.81,39.526667,8573927,NOAA_NOS,IAN,2022,3720.0
2022-09-27 15:00:00,1.998,1.416,-0.5820000000000001,-75.81,39.526667,8573927,NOAA_NOS,IAN,2022,3780.0
2022-09-27 16:00:00,2.188,1.79,-0.3980000000000001,-75.81,39.526667,8573927,NOAA_NOS,IAN,2022,3840.0
2022-09-27 17:00:00,1.975,1.972,-0.0030000000000001,-75.81,39.526667,8573927,NOAA_NOS,IAN,2022,3900.0
2022-09-27 18:00:00,1.565,1.714,0.149,-75.81,39.526667,8573927,NOAA_NOS,IAN,2022,3960.0
2022-09-27 19:00:00,0.827,0.698,-0.129,-75.81,39.526667,8573927,NOAA_NOS,IAN,2022,4020.0
2022-09-27 20:00:00,0.098,-0.014,-0.112,-75.81,39.526667,8573927,NOAA_NOS,IAN,2022,4080.0
2022-09-27 21:00:00,-0.472,-0.699,-0.2269999999999999,-75.81,39.526667,8573927,NOAA_NOS,IAN,2022,4140.0
2022-09-27 22:00:00,-0.751,-1.057,-0.3059999999999999,-75.81,39.526667,8573927,NOAA_NOS,IAN,2022,4200.0
2022-09-27 23:00:00,-0.804,-1.202,-0.3979999999999999,-75.81,39.526667,8573927,NOAA_NOS,IAN,2022,4260.0
2022-09-28 00:00:00,-0.63,-1.276,-0.646,-75.81,39.526667,8573927,NOAA_NOS,IAN,2022,4320.0
2022-09-28 01:00:00,-0.098,-0.953,-0.855,-75.81,39.526667,8573927,NOAA_NOS,IAN,2022,4380.0
2022-09-28 02:00:00,0.906,0.232,-0.674,-75.81,39.526667,8573927,NOAA_NOS,IAN,2022,4440.0
2022-09-28 03:00:00,1.634,1.035,-0.599,-75.81,39.526667,8573927,NOAA_NOS,IAN,2022,4500.0
2022-09-28 04:00:00,2.028,1.592,-0.4359999999999999,-75.81,39.526667,8573927,NOAA_NOS,IAN,2022,4560.0
2022-09-28 05:00:00,1.929,1.778,-0.151,-75.81,39.526667,8573927,NOAA_NOS,IAN,2022,4620.0
2022-09-28 06:00:00,1.447,1.729,0.282,-75.81,39.526667,8573927,NOAA_NOS,IAN,2022,4680.0
2022-09-28 07:00:00,0.761,0.852,0.0909999999999999,-75.81,39.526667,8573927,NOAA_NOS,IAN,2022,4740.0
2022-09-28 08:00:00,0.003,0.078,0.075,-75.81,39.526667,8573927,NOAA_NOS,IAN,2022,4800.0
2022-09-28 09:00:00,-0.6,-0.622,-0.022,-75.81,39.526667,8573927,NOAA_NOS,IAN,2022,4860.0
2022-09-28 10:00:00,-1.043,-1.151,-0.1080000000000001,-75.81,39.526667,8573927,NOAA_NOS,IAN,2022,4920.0
2022-09-28 11:00:00,-1.204,-1.335,-0.131,-75.81,39.526667,8573927,NOAA_NOS,IAN,2022,4980.0
2022-09-28 12:00:00,-1.096,-1.423,-0.3269999999999999,-75.81,39.526667,8573927,NOAA_NOS,IAN,2022,5040.0
2022-09-28 13:00:00,-0.751,-1.193,-0.442,-75.81,39.526667,8573927,NOAA_NOS,IAN,2022,5100.0
2022-09-28 14:00:00,0.249,0.049,-0.2,-75.81,39.526667,8573927,NOAA_NOS,IAN,2022,5160.0
2022-09-28 15:00:00,0.932,0.928,-0.004,-75.81,39.526667,8573927,NOAA_NOS,IAN,2022,5220.0
2022-09-28 16:00:00,1.421,1.59,0.169,-75.81,39.526667,8573927,NOAA_NOS,IAN,2022,5280.0
2022-09-28 17:00:00,1.47,1.915,0.445,-75.81,39.526667,8573927,NOAA_NOS,IAN,2022,5340.0
2022-09-28 18:00:00,1.26,2.005,0.7449999999999999,-75.81,39.526667,8573927,NOAA_NOS,IAN,2022,5400.0
2022-09-28 19:00:00,0.771,1.507,0.7359999999999999,-75.81,39.526667,8573927,NOAA_NOS,IAN,2022,5460.0
2022-09-28 20:00:00,0.03,0.539,0.509,-75.81,39.526667,8573927,NOAA_NOS,IAN,2022,5520.0
2022-09-28 21:00:00,-0.63,-0.171,0.4589999999999999,-75.81,39.526667,8573927,NOAA_NOS,IAN,2022,5580.0
2022-09-28 22:00:00,-1.053,-0.808,0.2449999999999998,-75.81,39.526667,8573927,NOAA_NOS,IAN,2022,5640.0
2022-09-28 23:00:00,-1.148,-1.026,0.1219999999999998,-75.81,39.526667,8573927,NOAA_NOS,IAN,2022,5700.0
2022-09-29 00:00:00,-0.909,-1.193,-0.284,-75.81,39.526667,8573927,NOAA_NOS,IAN,2022,5760.0
2022-09-29 01:00:00,-0.725,-1.221,-0.4960000000000001,-75.81,39.526667,8573927,NOAA_NOS,IAN,2022,5820.0
2022-09-29 02:00:00,-0.033,-0.613,-0.58,-75.81,39.526667,8573927,NOAA_NOS,IAN,2022,5880.0
2022-09-29 03:00:00,0.814,0.474,-0.3399999999999999,-75.81,39.526667,8573927,NOAA_NOS,IAN,2022,5940.0
2022-09-29 04:00:00,1.398,1.215,-0.1829999999999998,-75.81,39.526667,8573927,NOAA_NOS,IAN,2022,6000.0
2022-09-29 05:00:00,1.575,1.624,0.0490000000000001,-75.81,39.526667,8573927,NOAA_NOS,IAN,2022,6060.0
2022-09-29 06:00:00,1.28,1.772,0.492,-75.81,39.526667,8573927,NOAA_NOS,IAN,2022,6120.0
2022-09-29 07:00:00,0.728,1.542,0.8140000000000001,-75.81,39.526667,8573927,NOAA_NOS,IAN,2022,6180.0
2022-09-29 08:00:00,-0.02,0.554,0.5740000000000001,-75.81,39.526667,8573927,NOAA_NOS,IAN,2022,6240.0
2022-09-29 09:00:00,-0.784,-0.137,0.647,-75.81,39.526667,8573927,NOAA_NOS,IAN,2022,6300.0
2022-09-29 10:00:00,-1.447,-0.837,0.6100000000000001,-75.81,39.526667,8573927,NOAA_NOS,IAN,2022,6360.0
2022-09-29 11:00:00,-1.916,-1.226,0.69,-75.81,39.526667,8573927,NOAA_NOS,IAN,2022,6420.0
2022-09-29 12:00:00,-2.113,-1.41,0.7030000000000001,-75.81,39.526667,8573927,NOAA_NOS,IAN,2022,6480.0
2022-09-29 13:00:00,-2.093,-1.424,0.669,-75.81,39.526667,8573927,NOAA_NOS,IAN,2022,6540.0
2022-09-29 14:00:00,-1.558,-0.737,0.8210000000000001,-75.81,39.526667,8573927,NOAA_NOS,IAN,2022,6600.0
2022-09-29 15:00:00,-0.699,0.389,1.088,-75.81,39.526667,8573927,NOAA_NOS,IAN,2022,6660.0
2022-09-29 16:00:00,-0.043,1.223,1.266,-75.81,39.526667,8573927,NOAA_NOS,IAN,2022,6720.0
2022-09-29 17:00:00,0.348,1.707,1.359,-75.81,39.526667,8573927,NOAA_NOS,IAN,2022,6780.0
2022-09-29 18:00:00,0.453,2.008,1.555,-75.81,39.526667,8573927,NOAA_NOS,IAN,2022,6840.0
2022-09-29 19:00:00,0.387,2.027,1.64,-75.81,39.526667,8573927,NOAA_NOS,IAN,2022,6900.0
2022-09-29 20:00:00,0.118,1.334,1.2160000000000002,-75.81,39.526667,8573927,NOAA_NOS,IAN,2022,6960.0
2022-09-29 21:00:00,-0.443,0.469,0.912,-75.81,39.526667,8573927,NOAA_NOS,IAN,2022,7020.0
2022-09-29 22:00:00,-1.014,-0.232,0.782,-75.81,39.526667,8573927,NOAA_NOS,IAN,2022,7080.0
2022-09-29 23:00:00,-1.375,-0.772,0.603,-75.81,39.526667,8573927,NOAA_NOS,IAN,2022,7140.0
2022-09-30 00:00:00,-1.322,-0.927,0.395,-75.81,39.526667,8573927,NOAA_NOS,IAN,2022,7200.0
2022-09-30 01:00:00,-0.971,-1.103,-0.132,-75.81,39.526667,8573927,NOAA_NOS,IAN,2022,7260.0
2022-09-30 02:00:00,-0.65,-1.088,-0.438,-75.81,39.526667,8573927,NOAA_NOS,IAN,2022,7320.0
2022-09-30 03:00:00,0.187,-0.261,-0.448,-75.81,39.526667,8573927,NOAA_NOS,IAN,2022,7380.0
2022-09-30 04:00:00,0.935,0.718,-0.217,-75.81,39.526667,8573927,NOAA_NOS,IAN,2022,7440.0
2022-09-30 05:00:00,1.434,1.391,-0.0429999999999999,-75.81,39.526667,8573927,NOAA_NOS,IAN,2022,7500.0
2022-09-30 06:00:00,1.631,1.722,0.0909999999999999,-75.81,39.526667,8573927,NOAA_NOS,IAN,2022,7560.0
2022-09-30 07:00:00,1.499,1.833,0.3339999999999998,-75.81,39.526667,8573927,NOAA_NOS,IAN,2022,7620.0
2022-09-30 08:00:00,1.04,1.395,0.355,-75.81,39.526667,8573927,NOAA_NOS,IAN,2022,7680.0
2022-09-30 09:00:00,0.344,0.433,0.089,-75.81,39.526667,8573927,NOAA_NOS,IAN,2022,7740.0
2022-09-30 10:00:00,-0.361,-0.24,0.121,-75.81,39.526667,8573927,NOAA_NOS,IAN,2022,7800.0
2022-09-30 11:00:00,-0.846,-0.889,-0.043,-75.81,39.526667,8573927,NOAA_NOS,IAN,2022,7860.0
2022-09-30 12:00:00,-1.152,-1.137,0.0149999999999999,-75.81,39.526667,8573927,NOAA_NOS,IAN,2022,7920.0
2022-09-30 13:00:00,-1.201,-1.279,-0.0779999999999998,-75.81,39.526667,8573927,NOAA_NOS,IAN,2022,7980.0
2022-09-30 14:00:00,-0.948,-1.216,-0.268,-75.81,39.526667,8573927,NOAA_NOS,IAN,2022,8040.0
2022-09-30 15:00:00,-0.118,-0.257,-0.139,-75.81,39.526667,8573927,NOAA_NOS,IAN,2022,8100.0
2022-09-30 16:00:00,0.666,0.714,0.0479999999999999,-75.81,39.526667,8573927,NOAA_NOS,IAN,2022,8160.0
2022-09-30 17:00:00,1.253,1.522,0.2690000000000001,-75.81,39.526667,8573927,NOAA_NOS,IAN,2022,8220.0
2022-09-30 18:00:00,1.562,1.962,0.3999999999999999,-75.81,39.526667,8573927,NOAA_NOS,IAN,2022,8280.0
2022-09-30 19:00:00,1.604,2.184,0.5800000000000001,-75.81,39.526667,8573927,NOAA_NOS,IAN,2022,8340.0
2022-09-30 20:00:00,1.398,2.062,0.6639999999999999,-75.81,39.526667,8573927,NOAA_NOS,IAN,2022,8400.0
2022-09-30 21:00:00,0.974,1.252,0.278,-75.81,39.526667,8573927,NOAA_NOS,IAN,2022,8460.0
2022-09-30 22:00:00,0.404,0.485,0.0809999999999999,-75.81,39.526667,8573927,NOAA_NOS,IAN,2022,8520.0
2022-09-30 23:00:00,-0.036,-0.21,-0.174,-75.81,39.526667,8573927,NOAA_NOS,IAN,2022,8580.0
2022-10-01 00:00:00,-0.335,-0.654,-0.319,-75.81,39.526667,8573927,NOAA_NOS,IAN,2022,8640.0
2022-10-01 01:00:00,-0.285,-0.764,-0.479,-75.81,39.526667,8573927,NOAA_NOS,IAN,2022,8700.0
2022-10-01 02:00:00,-0.174,-0.899,-0.7250000000000001,-75.81,39.526667,8573927,NOAA_NOS,IAN,2022,8760.0
2022-10-01 03:00:00,0.072,-0.787,-0.859,-75.81,39.526667,8573927,NOAA_NOS,IAN,2022,8820.0
2022-10-01 04:00:00,0.919,0.2,-0.7190000000000001,-75.81,39.526667,8573927,NOAA_NOS,IAN,2022,8880.0
2022-10-01 05:00:00,1.44,1.052,-0.3879999999999999,-75.81,39.526667,8573927,NOAA_NOS,IAN,2022,8940.0
2022-10-01 06:00:00,1.624,1.74,0.1159999999999998,-75.81,39.526667,8573927,NOAA_NOS,IAN,2022,9000.0
2022-10-01 07:00:00,1.581,2.038,0.4569999999999998,-75.81,39.526667,8573927,NOAA_NOS,IAN,2022,9060.0
2022-10-01 08:00:00,1.289,2.129,0.8400000000000001,-75.81,39.526667,8573927,NOAA_NOS,IAN,2022,9120.0
2022-10-01 09:00:00,0.889,1.603,0.714,-75.81,39.526667,8573927,NOAA_NOS,IAN,2022,9180.0
2022-10-01 10:00:00,0.407,0.676,0.2690000000000001,-75.81,39.526667,8573927,NOAA_NOS,IAN,2022,9240.0
2022-10-01 11:00:00,0.007,0.04,0.033,-75.81,39.526667,8573927,NOAA_NOS,IAN,2022,9300.0
2022-10-01 12:00:00,-0.285,-0.485,-0.2,-75.81,39.526667,8573927,NOAA_NOS,IAN,2022,9360.0
2022-10-01 13:00:00,-0.197,-0.688,-0.4909999999999999,-75.81,39.526667,8573927,NOAA_NOS,IAN,2022,9420.0
2022-10-01 14:00:00,0.095,-0.785,-0.88,-75.81,39.526667,8573927,NOAA_NOS,IAN,2022,9480.0
2022-10-01 15:00:00,0.522,-0.596,-1.118,-75.81,39.526667,8573927,NOAA_NOS,IAN,2022,9540.0
2022-10-01 16:00:00,1.28,0.478,-0.802,-75.81,39.526667,8573927,NOAA_NOS,IAN,2022,9600.0
2022-10-01 17:00:00,1.952,1.288,-0.6639999999999999,-75.81,39.526667,8573927,NOAA_NOS,IAN,2022,9660.0
2022-10-01 18:00:00,2.428,1.962,-0.4659999999999999,-75.81,39.526667,8573927,NOAA_NOS,IAN,2022,9720.0
2022-10-01 19:00:00,2.598,2.199,-0.399,-75.81,39.526667,8573927,NOAA_NOS,IAN,2022,9780.0
2022-10-01 20:00:00,2.467,2.333,-0.1339999999999999,-75.81,39.526667,8573927,NOAA_NOS,IAN,2022,9840.0
2022-10-01 21:00:00,2.169,1.915,-0.254,-75.81,39.526667,8573927,NOAA_NOS,IAN,2022,9900.0
2022-10-01 22:00:00,1.578,0.916,-0.662,-75.81,39.526667,8573927,NOAA_NOS,IAN,2022,9960.0
2022-10-01 23:00:00,0.919,0.248,-0.671,-75.81,39.526667,8573927,NOAA_NOS,IAN,2022,10020.0
2022-09-25 01:00:00,1.287,0.069,-1.218,-76.57311,39.266944,8574680,NOAA_NOS,IAN,2022,60.0
2022-09-25 02:00:00,1.064,-0.146,-1.21,-76.57311,39.266944,8574680,NOAA_NOS,IAN,2022,120.0
2022-09-25 03:00:00,0.897,-0.336,-1.233,-76.57311,39.266944,8574680,NOAA_NOS,IAN,2022,180.0
2022-09-25 04:00:00,0.779,-0.454,-1.233,-76.57311,39.266944,8574680,NOAA_NOS,IAN,2022,240.0
2022-09-25 05:00:00,0.756,-0.436,-1.192,-76.57311,39.266944,8574680,NOAA_NOS,IAN,2022,300.0
2022-09-25 06:00:00,0.887,-0.242,-1.129,-76.57311,39.266944,8574680,NOAA_NOS,IAN,2022,360.0
2022-09-25 07:00:00,1.146,0.022,-1.124,-76.57311,39.266944,8574680,NOAA_NOS,IAN,2022,420.0
2022-09-25 08:00:00,1.34,0.257,-1.0830000000000002,-76.57311,39.266944,8574680,NOAA_NOS,IAN,2022,480.0
2022-09-25 09:00:00,1.553,0.493,-1.06,-76.57311,39.266944,8574680,NOAA_NOS,IAN,2022,540.0
2022-09-25 10:00:00,1.747,0.636,-1.1110000000000002,-76.57311,39.266944,8574680,NOAA_NOS,IAN,2022,600.0
2022-09-25 11:00:00,1.737,0.63,-1.1070000000000002,-76.57311,39.266944,8574680,NOAA_NOS,IAN,2022,660.0
2022-09-25 12:00:00,1.579,0.479,-1.1,-76.57311,39.266944,8574680,NOAA_NOS,IAN,2022,720.0
2022-09-25 13:00:00,1.376,0.236,-1.14,-76.57311,39.266944,8574680,NOAA_NOS,IAN,2022,780.0
2022-09-25 14:00:00,1.107,0.002,-1.105,-76.57311,39.266944,8574680,NOAA_NOS,IAN,2022,840.0
2022-09-25 15:00:00,0.871,-0.223,-1.094,-76.57311,39.266944,8574680,NOAA_NOS,IAN,2022,900.0
2022-09-25 16:00:00,0.667,-0.394,-1.061,-76.57311,39.266944,8574680,NOAA_NOS,IAN,2022,960.0
2022-09-25 17:00:00,0.484,-0.465,-0.949,-76.57311,39.266944,8574680,NOAA_NOS,IAN,2022,1020.0
2022-09-25 18:00:00,0.369,-0.364,-0.733,-76.57311,39.266944,8574680,NOAA_NOS,IAN,2022,1080.0
2022-09-25 19:00:00,0.392,-0.114,-0.506,-76.57311,39.266944,8574680,NOAA_NOS,IAN,2022,1140.0
2022-09-25 20:00:00,0.661,0.134,-0.527,-76.57311,39.266944,8574680,NOAA_NOS,IAN,2022,1200.0
2022-09-25 21:00:00,0.838,0.373,-0.4649999999999999,-76.57311,39.266944,8574680,NOAA_NOS,IAN,2022,1260.0
2022-09-25 22:00:00,1.002,0.568,-0.434,-76.57311,39.266944,8574680,NOAA_NOS,IAN,2022,1320.0
2022-09-25 23:00:00,1.091,0.615,-0.476,-76.57311,39.266944,8574680,NOAA_NOS,IAN,2022,1380.0
2022-09-26 00:00:00,1.022,0.504,-0.518,-76.57311,39.266944,8574680,NOAA_NOS,IAN,2022,1440.0
2022-09-26 01:00:00,0.766,0.287,-0.479,-76.57311,39.266944,8574680,NOAA_NOS,IAN,2022,1500.0
2022-09-26 02:00:00,0.513,0.044,-0.469,-76.57311,39.266944,8574680,NOAA_NOS,IAN,2022,1560.0
2022-09-26 03:00:00,0.29,-0.183,-0.473,-76.57311,39.266944,8574680,NOAA_NOS,IAN,2022,1620.0
2022-09-26 04:00:00,0.037,-0.369,-0.4059999999999999,-76.57311,39.266944,8574680,NOAA_NOS,IAN,2022,1680.0
2022-09-26 05:00:00,0.057,-0.467,-0.524,-76.57311,39.266944,8574680,NOAA_NOS,IAN,2022,1740.0
2022-09-26 06:00:00,-0.022,-0.406,-0.384,-76.57311,39.266944,8574680,NOAA_NOS,IAN,2022,1800.0
2022-09-26 07:00:00,-0.068,-0.171,-0.103,-76.57311,39.266944,8574680,NOAA_NOS,IAN,2022,1860.0
2022-09-26 08:00:00,0.08,0.091,0.0109999999999999,-76.57311,39.266944,8574680,NOAA_NOS,IAN,2022,1920.0
2022-09-26 09:00:00,0.316,0.332,0.016,-76.57311,39.266944,8574680,NOAA_NOS,IAN,2022,1980.0
2022-09-26 10:00:00,0.526,0.555,0.029,-76.57311,39.266944,8574680,NOAA_NOS,IAN,2022,2040.0
2022-09-26 11:00:00,0.648,0.647,-0.001,-76.57311,39.266944,8574680,NOAA_NOS,IAN,2022,2100.0
2022-09-26 12:00:00,0.621,0.576,-0.045,-76.57311,39.266944,8574680,NOAA_NOS,IAN,2022,2160.0
2022-09-26 13:00:00,0.484,0.375,-0.1089999999999999,-76.57311,39.266944,8574680,NOAA_NOS,IAN,2022,2220.0
2022-09-26 14:00:00,0.254,0.121,-0.133,-76.57311,39.266944,8574680,NOAA_NOS,IAN,2022,2280.0
2022-09-26 15:00:00,-0.018,-0.113,-0.095,-76.57311,39.266944,8574680,NOAA_NOS,IAN,2022,2340.0
2022-09-26 16:00:00,-0.264,-0.323,-0.059,-76.57311,39.266944,8574680,NOAA_NOS,IAN,2022,2400.0
2022-09-26 17:00:00,-0.481,-0.456,0.0249999999999999,-76.57311,39.266944,8574680,NOAA_NOS,IAN,2022,2460.0
2022-09-26 18:00:00,-0.589,-0.447,0.1419999999999999,-76.57311,39.266944,8574680,NOAA_NOS,IAN,2022,2520.0
2022-09-26 19:00:00,-0.52,-0.245,0.275,-76.57311,39.266944,8574680,NOAA_NOS,IAN,2022,2580.0
2022-09-26 20:00:00,-0.278,0.036,0.314,-76.57311,39.266944,8574680,NOAA_NOS,IAN,2022,2640.0
2022-09-26 21:00:00,-0.012,0.285,0.297,-76.57311,39.266944,8574680,NOAA_NOS,IAN,2022,2700.0
2022-09-26 22:00:00,0.346,0.534,0.188,-76.57311,39.266944,8574680,NOAA_NOS,IAN,2022,2760.0
2022-09-26 23:00:00,0.667,0.685,0.018,-76.57311,39.266944,8574680,NOAA_NOS,IAN,2022,2820.0
2022-09-27 00:00:00,0.772,0.677,-0.0949999999999999,-76.57311,39.266944,8574680,NOAA_NOS,IAN,2022,2880.0
2022-09-27 01:00:00,0.713,0.515,-0.1979999999999999,-76.57311,39.266944,8574680,NOAA_NOS,IAN,2022,2940.0
2022-09-27 02:00:00,0.615,0.263,-0.352,-76.57311,39.266944,8574680,NOAA_NOS,IAN,2022,3000.0
2022-09-27 03:00:00,0.398,0.02,-0.378,-76.57311,39.266944,8574680,NOAA_NOS,IAN,2022,3060.0
2022-09-27 04:00:00,0.205,-0.215,-0.42,-76.57311,39.266944,8574680,NOAA_NOS,IAN,2022,3120.0
2022-09-27 05:00:00,0.09,-0.388,-0.478,-76.57311,39.266944,8574680,NOAA_NOS,IAN,2022,3180.0
2022-09-27 06:00:00,0.083,-0.46,-0.543,-76.57311,39.266944,8574680,NOAA_NOS,IAN,2022,3240.0
2022-09-27 07:00:00,0.198,-0.352,-0.55,-76.57311,39.266944,8574680,NOAA_NOS,IAN,2022,3300.0
2022-09-27 08:00:00,0.428,-0.092,-0.52,-76.57311,39.266944,8574680,NOAA_NOS,IAN,2022,3360.0
2022-09-27 09:00:00,0.73,0.162,-0.568,-76.57311,39.266944,8574680,NOAA_NOS,IAN,2022,3420.0
2022-09-27 10:00:00,0.992,0.404,-0.588,-76.57311,39.266944,8574680,NOAA_NOS,IAN,2022,3480.0
2022-09-27 11:00:00,1.169,0.596,-0.5730000000000001,-76.57311,39.266944,8574680,NOAA_NOS,IAN,2022,3540.0
2022-09-27 12:00:00,1.169,0.624,-0.545,-76.57311,39.266944,8574680,NOAA_NOS,IAN,2022,3600.0
2022-09-27 13:00:00,1.015,0.487,-0.5279999999999999,-76.57311,39.266944,8574680,NOAA_NOS,IAN,2022,3660.0
2022-09-27 14:00:00,0.782,0.252,-0.53,-76.57311,39.266944,8574680,NOAA_NOS,IAN,2022,3720.0
2022-09-27 15:00:00,0.477,0.003,-0.474,-76.57311,39.266944,8574680,NOAA_NOS,IAN,2022,3780.0
2022-09-27 16:00:00,0.234,-0.229,-0.463,-76.57311,39.266944,8574680,NOAA_NOS,IAN,2022,3840.0
2022-09-27 17:00:00,0.06,-0.412,-0.472,-76.57311,39.266944,8574680,NOAA_NOS,IAN,2022,3900.0
2022-09-27 18:00:00,-0.196,-0.491,-0.295,-76.57311,39.266944,8574680,NOAA_NOS,IAN,2022,3960.0
2022-09-27 19:00:00,-0.35,-0.384,-0.034,-76.57311,39.266944,8574680,NOAA_NOS,IAN,2022,4020.0
2022-09-27 20:00:00,-0.241,-0.111,0.13,-76.57311,39.266944,8574680,NOAA_NOS,IAN,2022,4080.0
2022-09-27 21:00:00,0.113,0.162,0.049,-76.57311,39.266944,8574680,NOAA_NOS,IAN,2022,4140.0
2022-09-27 22:00:00,0.467,0.431,-0.036,-76.57311,39.266944,8574680,NOAA_NOS,IAN,2022,4200.0
2022-09-27 23:00:00,0.825,0.665,-0.1599999999999999,-76.57311,39.266944,8574680,NOAA_NOS,IAN,2022,4260.0
2022-09-28 00:00:00,0.995,0.763,-0.2319999999999999,-76.57311,39.266944,8574680,NOAA_NOS,IAN,2022,4320.0
2022-09-28 01:00:00,1.035,0.71,-0.3249999999999999,-76.57311,39.266944,8574680,NOAA_NOS,IAN,2022,4380.0
2022-09-28 02:00:00,0.828,0.503,-0.3249999999999999,-76.57311,39.266944,8574680,NOAA_NOS,IAN,2022,4440.0
2022-09-28 03:00:00,0.615,0.238,-0.377,-76.57311,39.266944,8574680,NOAA_NOS,IAN,2022,4500.0
2022-09-28 04:00:00,0.238,-0.009,-0.247,-76.57311,39.266944,8574680,NOAA_NOS,IAN,2022,4560.0
2022-09-28 05:00:00,-0.035,-0.239,-0.204,-76.57311,39.266944,8574680,NOAA_NOS,IAN,2022,4620.0
2022-09-28 06:00:00,-0.091,-0.398,-0.307,-76.57311,39.266944,8574680,NOAA_NOS,IAN,2022,4680.0
2022-09-28 07:00:00,-0.258,-0.442,-0.184,-76.57311,39.266944,8574680,NOAA_NOS,IAN,2022,4740.0
2022-09-28 08:00:00,-0.31,-0.293,0.017,-76.57311,39.266944,8574680,NOAA_NOS,IAN,2022,4800.0
2022-09-28 09:00:00,-0.081,-0.026,0.055,-76.57311,39.266944,8574680,NOAA_NOS,IAN,2022,4860.0
2022-09-28 10:00:00,0.159,0.217,0.0579999999999999,-76.57311,39.266944,8574680,NOAA_NOS,IAN,2022,4920.0
2022-09-28 11:00:00,0.274,0.45,0.176,-76.57311,39.266944,8574680,NOAA_NOS,IAN,2022,4980.0
2022-09-28 12:00:00,0.405,0.599,0.1939999999999999,-76.57311,39.266944,8574680,NOAA_NOS,IAN,2022,5040.0
2022-09-28 13:00:00,0.395,0.561,0.166,-76.57311,39.266944,8574680,NOAA_NOS,IAN,2022,5100.0
2022-09-28 14:00:00,0.201,0.379,0.178,-76.57311,39.266944,8574680,NOAA_NOS,IAN,2022,5160.0
2022-09-28 15:00:00,0.014,0.129,0.115,-76.57311,39.266944,8574680,NOAA_NOS,IAN,2022,5220.0
2022-09-28 16:00:00,-0.182,-0.109,0.073,-76.57311,39.266944,8574680,NOAA_NOS,IAN,2022,5280.0
2022-09-28 17:00:00,-0.366,-0.329,0.0369999999999999,-76.57311,39.266944,8574680,NOAA_NOS,IAN,2022,5340.0
2022-09-28 18:00:00,-0.52,-0.479,0.041,-76.57311,39.266944,8574680,NOAA_NOS,IAN,2022,5400.0
2022-09-28 19:00:00,-0.576,-0.495,0.0809999999999999,-76.57311,39.266944,8574680,NOAA_NOS,IAN,2022,5460.0
2022-09-28 20:00:00,-0.51,-0.302,0.208,-76.57311,39.266944,8574680,NOAA_NOS,IAN,2022,5520.0
2022-09-28 21:00:00,-0.228,-0.004,0.224,-76.57311,39.266944,8574680,NOAA_NOS,IAN,2022,5580.0
2022-09-28 22:00:00,0.1,0.262,0.162,-76.57311,39.266944,8574680,NOAA_NOS,IAN,2022,5640.0
2022-09-28 23:00:00,0.405,0.544,0.139,-76.57311,39.266944,8574680,NOAA_NOS,IAN,2022,5700.0
2022-09-29 00:00:00,0.697,0.745,0.048,-76.57311,39.266944,8574680,NOAA_NOS,IAN,2022,5760.0
2022-09-29 01:00:00,0.831,0.808,-0.0229999999999999,-76.57311,39.266944,8574680,NOAA_NOS,IAN,2022,5820.0
2022-09-29 02:00:00,0.746,0.718,-0.028,-76.57311,39.266944,8574680,NOAA_NOS,IAN,2022,5880.0
2022-09-29 03:00:00,0.51,0.48,-0.03,-76.57311,39.266944,8574680,NOAA_NOS,IAN,2022,5940.0
2022-09-29 04:00:00,0.27,0.22,-0.05,-76.57311,39.266944,8574680,NOAA_NOS,IAN,2022,6000.0
2022-09-29 05:00:00,-0.031,-0.03,0.001,-76.57311,39.266944,8574680,NOAA_NOS,IAN,2022,6060.0
2022-09-29 06:00:00,-0.373,-0.249,0.124,-76.57311,39.266944,8574680,NOAA_NOS,IAN,2022,6120.0
2022-09-29 07:00:00,-0.642,-0.393,0.249,-76.57311,39.266944,8574680,NOAA_NOS,IAN,2022,6180.0
2022-09-29 08:00:00,-0.852,-0.412,0.44,-76.57311,39.266944,8574680,NOAA_NOS,IAN,2022,6240.0
2022-09-29 09:00:00,-1.003,-0.238,0.7649999999999999,-76.57311,39.266944,8574680,NOAA_NOS,IAN,2022,6300.0
2022-09-29 10:00:00,-0.914,0.025,0.939,-76.57311,39.266944,8574680,NOAA_NOS,IAN,2022,6360.0
2022-09-29 11:00:00,-0.789,0.257,1.046,-76.57311,39.266944,8574680,NOAA_NOS,IAN,2022,6420.0
2022-09-29 12:00:00,-0.73,0.474,1.204,-76.57311,39.266944,8574680,NOAA_NOS,IAN,2022,6480.0
2022-09-29 13:00:00,-0.652,0.582,1.234,-76.57311,39.266944,8574680,NOAA_NOS,IAN,2022,6540.0
2022-09-29 14:00:00,-0.681,0.498,1.179,-76.57311,39.266944,8574680,NOAA_NOS,IAN,2022,6600.0
2022-09-29 15:00:00,-0.802,0.297,1.099,-76.57311,39.266944,8574680,NOAA_NOS,IAN,2022,6660.0
2022-09-29 16:00:00,-0.95,0.055,1.005,-76.57311,39.266944,8574680,NOAA_NOS,IAN,2022,6720.0
2022-09-29 17:00:00,-1.232,-0.169,1.063,-76.57311,39.266944,8574680,NOAA_NOS,IAN,2022,6780.0
2022-09-29 18:00:00,-1.35,-0.363,0.987,-76.57311,39.266944,8574680,NOAA_NOS,IAN,2022,6840.0
2022-09-29 19:00:00,-1.334,-0.466,0.8680000000000001,-76.57311,39.266944,8574680,NOAA_NOS,IAN,2022,6900.0
2022-09-29 20:00:00,-1.278,-0.398,0.88,-76.57311,39.266944,8574680,NOAA_NOS,IAN,2022,6960.0
2022-09-29 21:00:00,-1.068,-0.141,0.927,-76.57311,39.266944,8574680,NOAA_NOS,IAN,2022,7020.0
2022-09-29 22:00:00,-0.684,0.154,0.8380000000000001,-76.57311,39.266944,8574680,NOAA_NOS,IAN,2022,7080.0
2022-09-29 23:00:00,-0.278,0.435,0.7130000000000001,-76.57311,39.266944,8574680,NOAA_NOS,IAN,2022,7140.0
2022-09-30 00:00:00,0.077,0.714,0.637,-76.57311,39.266944,8574680,NOAA_NOS,IAN,2022,7200.0
2022-09-30 01:00:00,0.411,0.887,0.476,-76.57311,39.266944,8574680,NOAA_NOS,IAN,2022,7260.0
2022-09-30 02:00:00,0.677,0.945,0.2679999999999999,-76.57311,39.266944,8574680,NOAA_NOS,IAN,2022,7320.0
2022-09-30 03:00:00,0.749,0.838,0.0889999999999999,-76.57311,39.266944,8574680,NOAA_NOS,IAN,2022,7380.0
2022-09-30 04:00:00,0.625,0.59,-0.035,-76.57311,39.266944,8574680,NOAA_NOS,IAN,2022,7440.0
2022-09-30 05:00:00,0.497,0.339,-0.1579999999999999,-76.57311,39.266944,8574680,NOAA_NOS,IAN,2022,7500.0
2022-09-30 06:00:00,0.29,0.087,-0.2029999999999999,-76.57311,39.266944,8574680,NOAA_NOS,IAN,2022,7560.0
2022-09-30 07:00:00,0.103,-0.122,-0.2249999999999999,-76.57311,39.266944,8574680,NOAA_NOS,IAN,2022,7620.0
2022-09-30 08:00:00,0.037,-0.241,-0.2779999999999999,-76.57311,39.266944,8574680,NOAA_NOS,IAN,2022,7680.0
2022-09-30 09:00:00,0.018,-0.197,-0.215,-76.57311,39.266944,8574680,NOAA_NOS,IAN,2022,7740.0
2022-09-30 10:00:00,0.07,0.022,-0.048,-76.57311,39.266944,8574680,NOAA_NOS,IAN,2022,7800.0
2022-09-30 11:00:00,0.198,0.296,0.0979999999999999,-76.57311,39.266944,8574680,NOAA_NOS,IAN,2022,7860.0
2022-09-30 12:00:00,0.418,0.529,0.111,-76.57311,39.266944,8574680,NOAA_NOS,IAN,2022,7920.0
2022-09-30 13:00:00,0.595,0.741,0.146,-76.57311,39.266944,8574680,NOAA_NOS,IAN,2022,7980.0
2022-09-30 14:00:00,0.667,0.841,0.1739999999999999,-76.57311,39.266944,8574680,NOAA_NOS,IAN,2022,8040.0
2022-09-30 15:00:00,0.684,0.774,0.0899999999999999,-76.57311,39.266944,8574680,NOAA_NOS,IAN,2022,8100.0
2022-09-30 16:00:00,0.595,0.592,-0.003,-76.57311,39.266944,8574680,NOAA_NOS,IAN,2022,8160.0
2022-09-30 17:00:00,0.451,0.36,-0.091,-76.57311,39.266944,8574680,NOAA_NOS,IAN,2022,8220.0
2022-09-30 18:00:00,0.3,0.137,-0.1629999999999999,-76.57311,39.266944,8574680,NOAA_NOS,IAN,2022,8280.0
2022-09-30 19:00:00,0.224,-0.054,-0.278,-76.57311,39.266944,8574680,NOAA_NOS,IAN,2022,8340.0
2022-09-30 20:00:00,0.277,-0.144,-0.421,-76.57311,39.266944,8574680,NOAA_NOS,IAN,2022,8400.0
2022-09-30 21:00:00,0.438,-0.064,-0.502,-76.57311,39.266944,8574680,NOAA_NOS,IAN,2022,8460.0
2022-09-30 22:00:00,0.684,0.199,-0.485,-76.57311,39.266944,8574680,NOAA_NOS,IAN,2022,8520.0
2022-09-30 23:00:00,0.976,0.499,-0.477,-76.57311,39.266944,8574680,NOAA_NOS,IAN,2022,8580.0
2022-10-01 00:00:00,1.189,0.786,-0.403,-76.57311,39.266944,8574680,NOAA_NOS,IAN,2022,8640.0
2022-10-01 01:00:00,1.458,1.071,-0.387,-76.57311,39.266944,8574680,NOAA_NOS,IAN,2022,8700.0
2022-10-01 02:00:00,1.511,1.302,-0.2089999999999998,-76.57311,39.266944,8574680,NOAA_NOS,IAN,2022,8760.0
2022-10-01 03:00:00,1.383,1.395,0.012,-76.57311,39.266944,8574680,NOAA_NOS,IAN,2022,8820.0
2022-10-01 04:00:00,1.287,1.303,0.016,-76.57311,39.266944,8574680,NOAA_NOS,IAN,2022,8880.0
2022-10-01 05:00:00,1.176,1.079,-0.0969999999999999,-76.57311,39.266944,8574680,NOAA_NOS,IAN,2022,8940.0
2022-10-01 06:00:00,1.048,0.806,-0.242,-76.57311,39.266944,8574680,NOAA_NOS,IAN,2022,9000.0
2022-10-01 07:00:00,0.966,0.572,-0.394,-76.57311,39.266944,8574680,NOAA_NOS,IAN,2022,9060.0
2022-10-01 08:00:00,0.89,0.451,-0.439,-76.57311,39.266944,8574680,NOAA_NOS,IAN,2022,9120.0
2022-10-01 09:00:00,1.005,0.396,-0.6089999999999999,-76.57311,39.266944,8574680,NOAA_NOS,IAN,2022,9180.0
2022-10-01 10:00:00,1.186,0.468,-0.718,-76.57311,39.266944,8574680,NOAA_NOS,IAN,2022,9240.0
2022-10-01 11:00:00,1.383,0.615,-0.768,-76.57311,39.266944,8574680,NOAA_NOS,IAN,2022,9300.0
2022-10-01 12:00:00,1.707,0.791,-0.916,-76.57311,39.266944,8574680,NOAA_NOS,IAN,2022,9360.0
2022-10-01 13:00:00,1.907,0.986,-0.921,-76.57311,39.266944,8574680,NOAA_NOS,IAN,2022,9420.0
2022-10-01 14:00:00,2.003,1.189,-0.8140000000000001,-76.57311,39.266944,8574680,NOAA_NOS,IAN,2022,9480.0
2022-10-01 15:00:00,2.026,1.178,-0.8479999999999999,-76.57311,39.266944,8574680,NOAA_NOS,IAN,2022,9540.0
2022-10-01 16:00:00,2.009,0.953,-1.056,-76.57311,39.266944,8574680,NOAA_NOS,IAN,2022,9600.0
2022-10-01 17:00:00,1.766,0.7,-1.066,-76.57311,39.266944,8574680,NOAA_NOS,IAN,2022,9660.0
2022-10-01 18:00:00,1.563,0.436,-1.127,-76.57311,39.266944,8574680,NOAA_NOS,IAN,2022,9720.0
2022-10-01 19:00:00,1.402,0.188,-1.214,-76.57311,39.266944,8574680,NOAA_NOS,IAN,2022,9780.0
2022-10-01 20:00:00,1.228,0.045,-1.183,-76.57311,39.266944,8574680,NOAA_NOS,IAN,2022,9840.0
2022-10-01 21:00:00,1.058,-0.05,-1.108,-76.57311,39.266944,8574680,NOAA_NOS,IAN,2022,9900.0
2022-10-01 22:00:00,1.094,0.036,-1.058,-76.57311,39.266944,8574680,NOAA_NOS,IAN,2022,9960.0
2022-10-01 23:00:00,1.287,0.3,-0.987,-76.57311,39.266944,8574680,NOAA_NOS,IAN,2022,10020.0
2022-09-25 01:00:00,0.319,0.005,-0.314,-89.8010277,30.0667388,85750,USACE,IAN,2022,60.0
2022-09-25 02:00:00,0.219,-0.015,-0.2339999999999999,-89.8010277,30.0667388,85750,USACE,IAN,2022,120.0
2022-09-25 03:00:00,0.149,-0.044,-0.193,-89.8010277,30.0667388,85750,USACE,IAN,2022,180.0
2022-09-25 04:00:00,0.119,-0.067,-0.186,-89.8010277,30.0667388,85750,USACE,IAN,2022,240.0
2022-09-25 05:00:00,0.159,-0.076,-0.235,-89.8010277,30.0667388,85750,USACE,IAN,2022,300.0
2022-09-25 06:00:00,0.279,-0.059,-0.338,-89.8010277,30.0667388,85750,USACE,IAN,2022,360.0
2022-09-25 07:00:00,0.439,-0.001,-0.44,-89.8010277,30.0667388,85750,USACE,IAN,2022,420.0
2022-09-25 08:00:00,0.579,0.071,-0.508,-89.8010277,30.0667388,85750,USACE,IAN,2022,480.0
2022-09-25 09:00:00,0.679,0.103,-0.5760000000000001,-89.8010277,30.0667388,85750,USACE,IAN,2022,540.0
2022-09-25 10:00:00,0.689,0.09,-0.599,-89.8010277,30.0667388,85750,USACE,IAN,2022,600.0
2022-09-25 11:00:00,0.669,0.042,-0.627,-89.8010277,30.0667388,85750,USACE,IAN,2022,660.0
2022-09-25 12:00:00,0.599,-0.022,-0.621,-89.8010277,30.0667388,85750,USACE,IAN,2022,720.0
2022-09-25 13:00:00,0.509,-0.071,-0.58,-89.8010277,30.0667388,85750,USACE,IAN,2022,780.0
2022-09-25 14:00:00,0.449,-0.088,-0.537,-89.8010277,30.0667388,85750,USACE,IAN,2022,840.0
2022-09-25 15:00:00,0.379,-0.09,-0.469,-89.8010277,30.0667388,85750,USACE,IAN,2022,900.0
2022-09-25 16:00:00,0.359,-0.062,-0.421,-89.8010277,30.0667388,85750,USACE,IAN,2022,960.0
2022-09-25 17:00:00,0.419,0.04,-0.379,-89.8010277,30.0667388,85750,USACE,IAN,2022,1020.0
2022-09-25 18:00:00,0.559,0.132,-0.427,-89.8010277,30.0667388,85750,USACE,IAN,2022,1080.0
2022-09-25 19:00:00,0.689,0.155,-0.5339999999999999,-89.8010277,30.0667388,85750,USACE,IAN,2022,1140.0
2022-09-25 20:00:00,0.769,0.171,-0.598,-89.8010277,30.0667388,85750,USACE,IAN,2022,1200.0
2022-09-25 21:00:00,0.779,0.195,-0.5840000000000001,-89.8010277,30.0667388,85750,USACE,IAN,2022,1260.0
2022-09-25 22:00:00,0.719,0.199,-0.52,-89.8010277,30.0667388,85750,USACE,IAN,2022,1320.0
2022-09-25 23:00:00,0.589,0.171,-0.4179999999999999,-89.8010277,30.0667388,85750,USACE,IAN,2022,1380.0
2022-09-26 00:00:00,0.449,0.094,-0.355,-89.8010277,30.0667388,85750,USACE,IAN,2022,1440.0
2022-09-26 01:00:00,0.319,-0.004,-0.323,-89.8010277,30.0667388,85750,USACE,IAN,2022,1500.0
2022-09-26 02:00:00,0.219,-0.05,-0.269,-89.8010277,30.0667388,85750,USACE,IAN,2022,1560.0
2022-09-26 03:00:00,0.059,-0.056,-0.1149999999999999,-89.8010277,30.0667388,85750,USACE,IAN,2022,1620.0
2022-09-26 04:00:00,0.059,-0.065,-0.124,-89.8010277,30.0667388,85750,USACE,IAN,2022,1680.0
2022-09-26 05:00:00,0.089,-0.063,-0.152,-89.8010277,30.0667388,85750,USACE,IAN,2022,1740.0
2022-09-26 06:00:00,0.189,-0.007,-0.196,-89.8010277,30.0667388,85750,USACE,IAN,2022,1800.0
2022-09-26 07:00:00,0.369,0.084,-0.285,-89.8010277,30.0667388,85750,USACE,IAN,2022,1860.0
2022-09-26 08:00:00,0.489,0.129,-0.36,-89.8010277,30.0667388,85750,USACE,IAN,2022,1920.0
2022-09-26 09:00:00,0.559,0.125,-0.434,-89.8010277,30.0667388,85750,USACE,IAN,2022,1980.0
2022-09-26 10:00:00,0.579,0.108,-0.471,-89.8010277,30.0667388,85750,USACE,IAN,2022,2040.0
2022-09-26 11:00:00,0.529,0.052,-0.477,-89.8010277,30.0667388,85750,USACE,IAN,2022,2100.0
2022-09-26 12:00:00,0.509,-0.031,-0.54,-89.8010277,30.0667388,85750,USACE,IAN,2022,2160.0
2022-09-26 13:00:00,0.339,-0.079,-0.418,-89.8010277,30.0667388,85750,USACE,IAN,2022,2220.0
2022-09-26 14:00:00,0.249,-0.101,-0.35,-89.8010277,30.0667388,85750,USACE,IAN,2022,2280.0
2022-09-26 15:00:00,0.179,-0.126,-0.305,-89.8010277,30.0667388,85750,USACE,IAN,2022,2340.0
2022-09-26 16:00:00,0.089,-0.141,-0.2299999999999999,-89.8010277,30.0667388,85750,USACE,IAN,2022,2400.0
2022-09-26 17:00:00,0.119,-0.12,-0.239,-89.8010277,30.0667388,85750,USACE,IAN,2022,2460.0
2022-09-26 18:00:00,0.259,-0.03,-0.289,-89.8010277,30.0667388,85750,USACE,IAN,2022,2520.0
2022-09-26 19:00:00,0.389,0.076,-0.313,-89.8010277,30.0667388,85750,USACE,IAN,2022,2580.0
2022-09-26 20:00:00,0.569,0.119,-0.4499999999999999,-89.8010277,30.0667388,85750,USACE,IAN,2022,2640.0
2022-09-26 21:00:00,0.679,0.129,-0.55,-89.8010277,30.0667388,85750,USACE,IAN,2022,2700.0
2022-09-26 22:00:00,0.749,0.144,-0.605,-89.8010277,30.0667388,85750,USACE,IAN,2022,2760.0
2022-09-26 23:00:00,0.849,0.146,-0.703,-89.8010277,30.0667388,85750,USACE,IAN,2022,2820.0
2022-09-27 00:00:00,0.849,0.114,-0.735,-89.8010277,30.0667388,85750,USACE,IAN,2022,2880.0
2022-09-27 01:00:00,0.789,0.04,-0.749,-89.8010277,30.0667388,85750,USACE,IAN,2022,2940.0
2022-09-27 02:00:00,0.709,-0.035,-0.744,-89.8010277,30.0667388,85750,USACE,IAN,2022,3000.0
2022-09-27 03:00:00,0.689,-0.067,-0.756,-89.8010277,30.0667388,85750,USACE,IAN,2022,3060.0
2022-09-27 04:00:00,0.529,-0.053,-0.5820000000000001,-89.8010277,30.0667388,85750,USACE,IAN,2022,3120.0
2022-09-27 05:00:00,0.589,-0.004,-0.593,-89.8010277,30.0667388,85750,USACE,IAN,2022,3180.0
2022-09-27 06:00:00,0.709,0.091,-0.618,-89.8010277,30.0667388,85750,USACE,IAN,2022,3240.0
2022-09-27 07:00:00,0.769,0.166,-0.603,-89.8010277,30.0667388,85750,USACE,IAN,2022,3300.0
2022-09-27 08:00:00,0.849,0.184,-0.665,-89.8010277,30.0667388,85750,USACE,IAN,2022,3360.0
2022-09-27 09:00:00,0.919,0.191,-0.728,-89.8010277,30.0667388,85750,USACE,IAN,2022,3420.0
2022-09-27 10:00:00,0.899,0.188,-0.7110000000000001,-89.8010277,30.0667388,85750,USACE,IAN,2022,3480.0
2022-09-27 11:00:00,0.929,0.128,-0.801,-89.8010277,30.0667388,85750,USACE,IAN,2022,3540.0
2022-09-27 12:00:00,0.929,0.026,-0.903,-89.8010277,30.0667388,85750,USACE,IAN,2022,3600.0
2022-09-27 13:00:00,1.019,-0.04,-1.059,-89.8010277,30.0667388,85750,USACE,IAN,2022,3660.0
2022-09-27 14:00:00,0.939,-0.068,-1.007,-89.8010277,30.0667388,85750,USACE,IAN,2022,3720.0
2022-09-27 15:00:00,0.899,-0.096,-0.995,-89.8010277,30.0667388,85750,USACE,IAN,2022,3780.0
2022-09-27 16:00:00,0.869,-0.127,-0.996,-89.8010277,30.0667388,85750,USACE,IAN,2022,3840.0
2022-09-27 17:00:00,0.879,-0.153,-1.032,-89.8010277,30.0667388,85750,USACE,IAN,2022,3900.0
2022-09-27 18:00:00,0.859,-0.163,-1.022,-89.8010277,30.0667388,85750,USACE,IAN,2022,3960.0
2022-09-27 19:00:00,0.889,-0.136,-1.025,-89.8010277,30.0667388,85750,USACE,IAN,2022,4020.0
2022-09-27 20:00:00,0.959,-0.046,-1.005,-89.8010277,30.0667388,85750,USACE,IAN,2022,4080.0
2022-09-27 21:00:00,1.009,0.043,-0.966,-89.8010277,30.0667388,85750,USACE,IAN,2022,4140.0
2022-09-27 22:00:00,1.029,0.076,-0.953,-89.8010277,30.0667388,85750,USACE,IAN,2022,4200.0
2022-09-27 23:00:00,1.039,0.086,-0.953,-89.8010277,30.0667388,85750,USACE,IAN,2022,4260.0
2022-09-28 00:00:00,1.029,0.1,-0.929,-89.8010277,30.0667388,85750,USACE,IAN,2022,4320.0
2022-09-28 01:00:00,0.989,0.097,-0.892,-89.8010277,30.0667388,85750,USACE,IAN,2022,4380.0
2022-09-28 02:00:00,0.939,0.075,-0.864,-89.8010277,30.0667388,85750,USACE,IAN,2022,4440.0
2022-09-28 03:00:00,0.919,0.06,-0.859,-89.8010277,30.0667388,85750,USACE,IAN,2022,4500.0
2022-09-28 04:00:00,0.939,0.073,-0.866,-89.8010277,30.0667388,85750,USACE,IAN,2022,4560.0
2022-09-28 05:00:00,0.949,0.113,-0.836,-89.8010277,30.0667388,85750,USACE,IAN,2022,4620.0
2022-09-28 06:00:00,0.999,0.168,-0.831,-89.8010277,30.0667388,85750,USACE,IAN,2022,4680.0
2022-09-28 07:00:00,1.129,0.217,-0.912,-89.8010277,30.0667388,85750,USACE,IAN,2022,4740.0
2022-09-28 08:00:00,1.149,0.258,-0.891,-89.8010277,30.0667388,85750,USACE,IAN,2022,4800.0
2022-09-28 09:00:00,1.209,0.285,-0.9240000000000002,-89.8010277,30.0667388,85750,USACE,IAN,2022,4860.0
2022-09-28 10:00:00,1.299,0.29,-1.009,-89.8010277,30.0667388,85750,USACE,IAN,2022,4920.0
2022-09-28 11:00:00,1.419,0.251,-1.168,-89.8010277,30.0667388,85750,USACE,IAN,2022,4980.0
2022-09-28 12:00:00,1.409,0.152,-1.257,-89.8010277,30.0667388,85750,USACE,IAN,2022,5040.0
2022-09-28 13:00:00,1.419,0.06,-1.359,-89.8010277,30.0667388,85750,USACE,IAN,2022,5100.0
2022-09-28 14:00:00,1.269,0.021,-1.248,-89.8010277,30.0667388,85750,USACE,IAN,2022,5160.0
2022-09-28 15:00:00,1.229,-0.007,-1.236,-89.8010277,30.0667388,85750,USACE,IAN,2022,5220.0
2022-09-28 16:00:00,1.199,-0.044,-1.243,-89.8010277,30.0667388,85750,USACE,IAN,2022,5280.0
2022-09-28 17:00:00,1.069,-0.082,-1.151,-89.8010277,30.0667388,85750,USACE,IAN,2022,5340.0
2022-09-28 18:00:00,1.099,-0.117,-1.216,-89.8010277,30.0667388,85750,USACE,IAN,2022,5400.0
2022-09-28 19:00:00,1.189,-0.146,-1.335,-89.8010277,30.0667388,85750,USACE,IAN,2022,5460.0
2022-09-28 20:00:00,1.209,-0.157,-1.366,-89.8010277,30.0667388,85750,USACE,IAN,2022,5520.0
2022-09-28 21:00:00,1.289,-0.145,-1.434,-89.8010277,30.0667388,85750,USACE,IAN,2022,5580.0
2022-09-28 22:00:00,1.319,-0.106,-1.425,-89.8010277,30.0667388,85750,USACE,IAN,2022,5640.0
2022-09-28 23:00:00,1.329,-0.042,-1.371,-89.8010277,30.0667388,85750,USACE,IAN,2022,5700.0
2022-09-29 00:00:00,1.319,0.019,-1.3,-89.8010277,30.0667388,85750,USACE,IAN,2022,5760.0
2022-09-29 01:00:00,1.229,0.049,-1.1800000000000002,-89.8010277,30.0667388,85750,USACE,IAN,2022,5820.0
2022-09-29 02:00:00,1.099,0.051,-1.048,-89.8010277,30.0667388,85750,USACE,IAN,2022,5880.0
2022-09-29 03:00:00,0.949,0.046,-0.903,-89.8010277,30.0667388,85750,USACE,IAN,2022,5940.0
2022-09-29 04:00:00,0.829,0.055,-0.7739999999999999,-89.8010277,30.0667388,85750,USACE,IAN,2022,6000.0
2022-09-29 05:00:00,0.859,0.09,-0.769,-89.8010277,30.0667388,85750,USACE,IAN,2022,6060.0
2022-09-29 06:00:00,0.879,0.141,-0.738,-89.8010277,30.0667388,85750,USACE,IAN,2022,6120.0
2022-09-29 07:00:00,0.909,0.191,-0.718,-89.8010277,30.0667388,85750,USACE,IAN,2022,6180.0
2022-09-29 08:00:00,0.939,0.232,-0.707,-89.8010277,30.0667388,85750,USACE,IAN,2022,6240.0
2022-09-29 09:00:00,0.989,0.263,-0.726,-89.8010277,30.0667388,85750,USACE,IAN,2022,6300.0
2022-09-29 10:00:00,0.999,0.274,-0.725,-89.8010277,30.0667388,85750,USACE,IAN,2022,6360.0
2022-09-29 11:00:00,0.979,0.247,-0.732,-89.8010277,30.0667388,85750,USACE,IAN,2022,6420.0
2022-09-29 12:00:00,0.959,0.169,-0.7899999999999999,-89.8010277,30.0667388,85750,USACE,IAN,2022,6480.0
2022-09-29 13:00:00,0.869,0.063,-0.806,-89.8010277,30.0667388,85750,USACE,IAN,2022,6540.0
2022-09-29 14:00:00,0.799,-0.002,-0.801,-89.8010277,30.0667388,85750,USACE,IAN,2022,6600.0
2022-09-29 15:00:00,0.659,-0.035,-0.6940000000000001,-89.8010277,30.0667388,85750,USACE,IAN,2022,6660.0
2022-09-29 16:00:00,0.519,-0.074,-0.593,-89.8010277,30.0667388,85750,USACE,IAN,2022,6720.0
2022-09-29 17:00:00,0.399,-0.121,-0.52,-89.8010277,30.0667388,85750,USACE,IAN,2022,6780.0
2022-09-29 18:00:00,0.169,-0.167,-0.336,-89.8010277,30.0667388,85750,USACE,IAN,2022,6840.0
2022-09-29 19:00:00,0.009,-0.213,-0.222,-89.8010277,30.0667388,85750,USACE,IAN,2022,6900.0
2022-09-29 20:00:00,-0.111,-0.255,-0.144,-89.8010277,30.0667388,85750,USACE,IAN,2022,6960.0
2022-09-29 21:00:00,-0.241,-0.29,-0.0489999999999999,-89.8010277,30.0667388,85750,USACE,IAN,2022,7020.0
2022-09-29 22:00:00,-0.311,-0.323,-0.012,-89.8010277,30.0667388,85750,USACE,IAN,2022,7080.0
2022-09-29 23:00:00,-0.341,-0.35,-0.0089999999999999,-89.8010277,30.0667388,85750,USACE,IAN,2022,7140.0
2022-09-30 00:00:00,-0.301,-0.364,-0.063,-89.8010277,30.0667388,85750,USACE,IAN,2022,7200.0
2022-09-30 01:00:00,-0.261,-0.355,-0.0939999999999999,-89.8010277,30.0667388,85750,USACE,IAN,2022,7260.0
2022-09-30 02:00:00,-0.201,-0.323,-0.122,-89.8010277,30.0667388,85750,USACE,IAN,2022,7320.0
2022-09-30 03:00:00,-0.191,-0.272,-0.081,-89.8010277,30.0667388,85750,USACE,IAN,2022,7380.0
2022-09-30 04:00:00,-0.121,-0.211,-0.09,-89.8010277,30.0667388,85750,USACE,IAN,2022,7440.0
2022-09-30 05:00:00,-0.011,-0.15,-0.1389999999999999,-89.8010277,30.0667388,85750,USACE,IAN,2022,7500.0
2022-09-30 06:00:00,0.139,-0.097,-0.236,-89.8010277,30.0667388,85750,USACE,IAN,2022,7560.0
2022-09-30 07:00:00,0.319,-0.055,-0.374,-89.8010277,30.0667388,85750,USACE,IAN,2022,7620.0
2022-09-30 08:00:00,0.459,-0.013,-0.472,-89.8010277,30.0667388,85750,USACE,IAN,2022,7680.0
2022-09-30 09:00:00,0.549,0.027,-0.522,-89.8010277,30.0667388,85750,USACE,IAN,2022,7740.0
2022-09-30 10:00:00,0.599,0.068,-0.5309999999999999,-89.8010277,30.0667388,85750,USACE,IAN,2022,7800.0
2022-09-30 11:00:00,0.649,0.092,-0.557,-89.8010277,30.0667388,85750,USACE,IAN,2022,7860.0
2022-09-30 12:00:00,0.619,0.087,-0.532,-89.8010277,30.0667388,85750,USACE,IAN,2022,7920.0
2022-09-30 13:00:00,0.579,0.024,-0.5549999999999999,-89.8010277,30.0667388,85750,USACE,IAN,2022,7980.0
2022-09-30 14:00:00,0.459,-0.085,-0.544,-89.8010277,30.0667388,85750,USACE,IAN,2022,8040.0
2022-09-30 15:00:00,0.309,-0.176,-0.485,-89.8010277,30.0667388,85750,USACE,IAN,2022,8100.0
2022-09-30 16:00:00,0.119,-0.216,-0.3349999999999999,-89.8010277,30.0667388,85750,USACE,IAN,2022,8160.0
2022-09-30 17:00:00,-0.011,-0.25,-0.239,-89.8010277,30.0667388,85750,USACE,IAN,2022,8220.0
2022-09-30 18:00:00,-0.171,-0.291,-0.1199999999999999,-89.8010277,30.0667388,85750,USACE,IAN,2022,8280.0
2022-09-30 19:00:00,-0.321,-0.33,-0.009,-89.8010277,30.0667388,85750,USACE,IAN,2022,8340.0
2022-09-30 20:00:00,-0.441,-0.368,0.073,-89.8010277,30.0667388,85750,USACE,IAN,2022,8400.0
2022-09-30 21:00:00,-0.561,-0.406,0.155,-89.8010277,30.0667388,85750,USACE,IAN,2022,8460.0
2022-09-30 22:00:00,-0.631,-0.436,0.195,-89.8010277,30.0667388,85750,USACE,IAN,2022,8520.0
2022-09-30 23:00:00,-0.671,-0.456,0.215,-89.8010277,30.0667388,85750,USACE,IAN,2022,8580.0
2022-10-01 00:00:00,-0.591,-0.466,0.1249999999999999,-89.8010277,30.0667388,85750,USACE,IAN,2022,8640.0
2022-10-01 01:00:00,-0.451,-0.442,0.009,-89.8010277,30.0667388,85750,USACE,IAN,2022,8700.0
2022-10-01 02:00:00,-0.261,-0.36,-0.0989999999999999,-89.8010277,30.0667388,85750,USACE,IAN,2022,8760.0
2022-10-01 03:00:00,-0.091,-0.248,-0.157,-89.8010277,30.0667388,85750,USACE,IAN,2022,8820.0
2022-10-01 04:00:00,0.089,-0.171,-0.26,-89.8010277,30.0667388,85750,USACE,IAN,2022,8880.0
2022-10-01 05:00:00,0.249,-0.131,-0.38,-89.8010277,30.0667388,85750,USACE,IAN,2022,8940.0
2022-10-01 06:00:00,0.389,-0.082,-0.471,-89.8010277,30.0667388,85750,USACE,IAN,2022,9000.0
2022-10-01 07:00:00,0.449,-0.028,-0.477,-89.8010277,30.0667388,85750,USACE,IAN,2022,9060.0
2022-10-01 08:00:00,0.499,0.027,-0.472,-89.8010277,30.0667388,85750,USACE,IAN,2022,9120.0
2022-10-01 09:00:00,0.529,0.095,-0.434,-89.8010277,30.0667388,85750,USACE,IAN,2022,9180.0
2022-10-01 10:00:00,0.589,0.161,-0.4279999999999999,-89.8010277,30.0667388,85750,USACE,IAN,2022,9240.0
2022-10-01 11:00:00,0.569,0.217,-0.352,-89.8010277,30.0667388,85750,USACE,IAN,2022,9300.0
2022-10-01 12:00:00,0.569,0.258,-0.3109999999999999,-89.8010277,30.0667388,85750,USACE,IAN,2022,9360.0
2022-10-01 13:00:00,0.519,0.267,-0.252,-89.8010277,30.0667388,85750,USACE,IAN,2022,9420.0
2022-10-01 14:00:00,0.399,0.229,-0.17,-89.8010277,30.0667388,85750,USACE,IAN,2022,9480.0
2022-10-01 15:00:00,0.239,0.12,-0.119,-89.8010277,30.0667388,85750,USACE,IAN,2022,9540.0
2022-10-01 16:00:00,0.049,0.001,-0.048,-89.8010277,30.0667388,85750,USACE,IAN,2022,9600.0
2022-10-01 17:00:00,-0.091,-0.07,0.0209999999999999,-89.8010277,30.0667388,85750,USACE,IAN,2022,9660.0
2022-10-01 18:00:00,-0.261,-0.12,0.141,-89.8010277,30.0667388,85750,USACE,IAN,2022,9720.0
2022-10-01 19:00:00,-0.401,-0.166,0.235,-89.8010277,30.0667388,85750,USACE,IAN,2022,9780.0
2022-10-01 20:00:00,-0.531,-0.206,0.325,-89.8010277,30.0667388,85750,USACE,IAN,2022,9840.0
2022-10-01 21:00:00,-0.631,-0.238,0.393,-89.8010277,30.0667388,85750,USACE,IAN,2022,9900.0
2022-10-01 22:00:00,-0.771,-0.275,0.496,-89.8010277,30.0667388,85750,USACE,IAN,2022,9960.0
2022-10-01 23:00:00,-0.841,-0.316,0.5249999999999999,-89.8010277,30.0667388,85750,USACE,IAN,2022,10020.0
2022-09-25 01:00:00,1.027,-0.155,-1.182,-76.479592,38.98451,8575512,NOAA_NOS,IAN,2022,60.0
2022-09-25 02:00:00,0.883,-0.308,-1.191,-76.479592,38.98451,8575512,NOAA_NOS,IAN,2022,120.0
2022-09-25 03:00:00,0.791,-0.376,-1.167,-76.479592,38.98451,8575512,NOAA_NOS,IAN,2022,180.0
2022-09-25 04:00:00,0.869,-0.285,-1.154,-76.479592,38.98451,8575512,NOAA_NOS,IAN,2022,240.0
2022-09-25 05:00:00,1.138,-0.102,-1.24,-76.479592,38.98451,8575512,NOAA_NOS,IAN,2022,300.0
2022-09-25 06:00:00,1.355,0.086,-1.269,-76.479592,38.98451,8575512,NOAA_NOS,IAN,2022,360.0
2022-09-25 07:00:00,1.545,0.268,-1.277,-76.479592,38.98451,8575512,NOAA_NOS,IAN,2022,420.0
2022-09-25 08:00:00,1.64,0.44,-1.2,-76.479592,38.98451,8575512,NOAA_NOS,IAN,2022,480.0
2022-09-25 09:00:00,1.726,0.537,-1.189,-76.479592,38.98451,8575512,NOAA_NOS,IAN,2022,540.0
2022-09-25 10:00:00,1.683,0.486,-1.197,-76.479592,38.98451,8575512,NOAA_NOS,IAN,2022,600.0
2022-09-25 11:00:00,1.499,0.329,-1.1700000000000002,-76.479592,38.98451,8575512,NOAA_NOS,IAN,2022,660.0
2022-09-25 12:00:00,1.28,0.152,-1.128,-76.479592,38.98451,8575512,NOAA_NOS,IAN,2022,720.0
2022-09-25 13:00:00,1.033,-0.027,-1.0599999999999998,-76.479592,38.98451,8575512,NOAA_NOS,IAN,2022,780.0
2022-09-25 14:00:00,0.804,-0.209,-1.013,-76.479592,38.98451,8575512,NOAA_NOS,IAN,2022,840.0
2022-09-25 15:00:00,0.604,-0.34,-0.944,-76.479592,38.98451,8575512,NOAA_NOS,IAN,2022,900.0
2022-09-25 16:00:00,0.548,-0.332,-0.8800000000000001,-76.479592,38.98451,8575512,NOAA_NOS,IAN,2022,960.0
2022-09-25 17:00:00,0.571,-0.188,-0.7589999999999999,-76.479592,38.98451,8575512,NOAA_NOS,IAN,2022,1020.0
2022-09-25 18:00:00,0.732,-0.003,-0.735,-76.479592,38.98451,8575512,NOAA_NOS,IAN,2022,1080.0
2022-09-25 19:00:00,0.863,0.174,-0.6890000000000001,-76.479592,38.98451,8575512,NOAA_NOS,IAN,2022,1140.0
2022-09-25 20:00:00,1.02,0.355,-0.665,-76.479592,38.98451,8575512,NOAA_NOS,IAN,2022,1200.0
2022-09-25 21:00:00,1.161,0.487,-0.674,-76.479592,38.98451,8575512,NOAA_NOS,IAN,2022,1260.0
2022-09-25 22:00:00,1.125,0.489,-0.636,-76.479592,38.98451,8575512,NOAA_NOS,IAN,2022,1320.0
2022-09-25 23:00:00,0.978,0.355,-0.623,-76.479592,38.98451,8575512,NOAA_NOS,IAN,2022,1380.0
2022-09-26 00:00:00,0.797,0.178,-0.619,-76.479592,38.98451,8575512,NOAA_NOS,IAN,2022,1440.0
2022-09-26 01:00:00,0.564,0.005,-0.5589999999999999,-76.479592,38.98451,8575512,NOAA_NOS,IAN,2022,1500.0
2022-09-26 02:00:00,0.331,-0.177,-0.508,-76.479592,38.98451,8575512,NOAA_NOS,IAN,2022,1560.0
2022-09-26 03:00:00,0.121,-0.329,-0.45,-76.479592,38.98451,8575512,NOAA_NOS,IAN,2022,1620.0
2022-09-26 04:00:00,0.033,-0.361,-0.394,-76.479592,38.98451,8575512,NOAA_NOS,IAN,2022,1680.0
2022-09-26 05:00:00,0.131,-0.233,-0.364,-76.479592,38.98451,8575512,NOAA_NOS,IAN,2022,1740.0
2022-09-26 06:00:00,0.253,-0.042,-0.295,-76.479592,38.98451,8575512,NOAA_NOS,IAN,2022,1800.0
2022-09-26 07:00:00,0.4,0.144,-0.256,-76.479592,38.98451,8575512,NOAA_NOS,IAN,2022,1860.0
2022-09-26 08:00:00,0.554,0.328,-0.226,-76.479592,38.98451,8575512,NOAA_NOS,IAN,2022,1920.0
2022-09-26 09:00:00,0.709,0.484,-0.2249999999999999,-76.479592,38.98451,8575512,NOAA_NOS,IAN,2022,1980.0
2022-09-26 10:00:00,0.735,0.53,-0.2049999999999999,-76.479592,38.98451,8575512,NOAA_NOS,IAN,2022,2040.0
2022-09-26 11:00:00,0.597,0.422,-0.175,-76.479592,38.98451,8575512,NOAA_NOS,IAN,2022,2100.0
2022-09-26 12:00:00,0.436,0.245,-0.191,-76.479592,38.98451,8575512,NOAA_NOS,IAN,2022,2160.0
2022-09-26 13:00:00,0.21,0.067,-0.143,-76.479592,38.98451,8575512,NOAA_NOS,IAN,2022,2220.0
2022-09-26 14:00:00,0.013,-0.121,-0.134,-76.479592,38.98451,8575512,NOAA_NOS,IAN,2022,2280.0
2022-09-26 15:00:00,-0.24,-0.293,-0.0529999999999999,-76.479592,38.98451,8575512,NOAA_NOS,IAN,2022,2340.0
2022-09-26 16:00:00,-0.397,-0.37,0.027,-76.479592,38.98451,8575512,NOAA_NOS,IAN,2022,2400.0
2022-09-26 17:00:00,-0.413,-0.28,0.1329999999999999,-76.479592,38.98451,8575512,NOAA_NOS,IAN,2022,2460.0
2022-09-26 18:00:00,-0.23,-0.091,0.139,-76.479592,38.98451,8575512,NOAA_NOS,IAN,2022,2520.0
2022-09-26 19:00:00,0.003,0.105,0.102,-76.479592,38.98451,8575512,NOAA_NOS,IAN,2022,2580.0
2022-09-26 20:00:00,0.276,0.299,0.0229999999999999,-76.479592,38.98451,8575512,NOAA_NOS,IAN,2022,2640.0
2022-09-26 21:00:00,0.531,0.48,-0.051,-76.479592,38.98451,8575512,NOAA_NOS,IAN,2022,2700.0
2022-09-26 22:00:00,0.735,0.584,-0.151,-76.479592,38.98451,8575512,NOAA_NOS,IAN,2022,2760.0
2022-09-26 23:00:00,0.794,0.527,-0.267,-76.479592,38.98451,8575512,NOAA_NOS,IAN,2022,2820.0
2022-09-27 00:00:00,0.715,0.363,-0.352,-76.479592,38.98451,8575512,NOAA_NOS,IAN,2022,2880.0
2022-09-27 01:00:00,0.571,0.179,-0.3919999999999999,-76.479592,38.98451,8575512,NOAA_NOS,IAN,2022,2940.0
2022-09-27 02:00:00,0.43,-0.008,-0.438,-76.479592,38.98451,8575512,NOAA_NOS,IAN,2022,3000.0
2022-09-27 03:00:00,0.253,-0.199,-0.452,-76.479592,38.98451,8575512,NOAA_NOS,IAN,2022,3060.0
2022-09-27 04:00:00,0.154,-0.334,-0.488,-76.479592,38.98451,8575512,NOAA_NOS,IAN,2022,3120.0
2022-09-27 05:00:00,0.203,-0.325,-0.528,-76.479592,38.98451,8575512,NOAA_NOS,IAN,2022,3180.0
2022-09-27 06:00:00,0.413,-0.173,-0.586,-76.479592,38.98451,8575512,NOAA_NOS,IAN,2022,3240.0
2022-09-27 07:00:00,0.669,0.018,-0.651,-76.479592,38.98451,8575512,NOAA_NOS,IAN,2022,3300.0
2022-09-27 08:00:00,0.899,0.199,-0.7,-76.479592,38.98451,8575512,NOAA_NOS,IAN,2022,3360.0
2022-09-27 09:00:00,1.122,0.38,-0.7420000000000001,-76.479592,38.98451,8575512,NOAA_NOS,IAN,2022,3420.0
2022-09-27 10:00:00,1.234,0.507,-0.727,-76.479592,38.98451,8575512,NOAA_NOS,IAN,2022,3480.0
2022-09-27 11:00:00,1.188,0.49,-0.698,-76.479592,38.98451,8575512,NOAA_NOS,IAN,2022,3540.0
2022-09-27 12:00:00,1.017,0.339,-0.6779999999999999,-76.479592,38.98451,8575512,NOAA_NOS,IAN,2022,3600.0
2022-09-27 13:00:00,0.755,0.152,-0.603,-76.479592,38.98451,8575512,NOAA_NOS,IAN,2022,3660.0
2022-09-27 14:00:00,0.518,-0.029,-0.547,-76.479592,38.98451,8575512,NOAA_NOS,IAN,2022,3720.0
2022-09-27 15:00:00,0.276,-0.218,-0.494,-76.479592,38.98451,8575512,NOAA_NOS,IAN,2022,3780.0
2022-09-27 16:00:00,0.089,-0.366,-0.4549999999999999,-76.479592,38.98451,8575512,NOAA_NOS,IAN,2022,3840.0
2022-09-27 17:00:00,0.016,-0.368,-0.384,-76.479592,38.98451,8575512,NOAA_NOS,IAN,2022,3900.0
2022-09-27 18:00:00,0.043,-0.208,-0.251,-76.479592,38.98451,8575512,NOAA_NOS,IAN,2022,3960.0
2022-09-27 19:00:00,0.253,0.008,-0.245,-76.479592,38.98451,8575512,NOAA_NOS,IAN,2022,4020.0
2022-09-27 20:00:00,0.499,0.206,-0.293,-76.479592,38.98451,8575512,NOAA_NOS,IAN,2022,4080.0
2022-09-27 21:00:00,0.732,0.414,-0.318,-76.479592,38.98451,8575512,NOAA_NOS,IAN,2022,4140.0
2022-09-27 22:00:00,0.932,0.589,-0.3430000000000001,-76.479592,38.98451,8575512,NOAA_NOS,IAN,2022,4200.0
2022-09-27 23:00:00,1.043,0.646,-0.3969999999999999,-76.479592,38.98451,8575512,NOAA_NOS,IAN,2022,4260.0
2022-09-28 00:00:00,0.991,0.541,-0.4499999999999999,-76.479592,38.98451,8575512,NOAA_NOS,IAN,2022,4320.0
2022-09-28 01:00:00,0.833,0.363,-0.47,-76.479592,38.98451,8575512,NOAA_NOS,IAN,2022,4380.0
2022-09-28 02:00:00,0.551,0.176,-0.375,-76.479592,38.98451,8575512,NOAA_NOS,IAN,2022,4440.0
2022-09-28 03:00:00,0.315,-0.025,-0.34,-76.479592,38.98451,8575512,NOAA_NOS,IAN,2022,4500.0
2022-09-28 04:00:00,0.141,-0.217,-0.358,-76.479592,38.98451,8575512,NOAA_NOS,IAN,2022,4560.0
2022-09-28 05:00:00,0.026,-0.326,-0.352,-76.479592,38.98451,8575512,NOAA_NOS,IAN,2022,4620.0
2022-09-28 06:00:00,0.01,-0.281,-0.291,-76.479592,38.98451,8575512,NOAA_NOS,IAN,2022,4680.0
2022-09-28 07:00:00,0.072,-0.121,-0.193,-76.479592,38.98451,8575512,NOAA_NOS,IAN,2022,4740.0
2022-09-28 08:00:00,0.262,0.065,-0.197,-76.479592,38.98451,8575512,NOAA_NOS,IAN,2022,4800.0
2022-09-28 09:00:00,0.433,0.242,-0.191,-76.479592,38.98451,8575512,NOAA_NOS,IAN,2022,4860.0
2022-09-28 10:00:00,0.545,0.408,-0.137,-76.479592,38.98451,8575512,NOAA_NOS,IAN,2022,4920.0
2022-09-28 11:00:00,0.522,0.493,-0.029,-76.479592,38.98451,8575512,NOAA_NOS,IAN,2022,4980.0
2022-09-28 12:00:00,0.443,0.417,-0.026,-76.479592,38.98451,8575512,NOAA_NOS,IAN,2022,5040.0
2022-09-28 13:00:00,0.262,0.244,-0.018,-76.479592,38.98451,8575512,NOAA_NOS,IAN,2022,5100.0
2022-09-28 14:00:00,0.105,0.06,-0.045,-76.479592,38.98451,8575512,NOAA_NOS,IAN,2022,5160.0
2022-09-28 15:00:00,-0.069,-0.126,-0.0569999999999999,-76.479592,38.98451,8575512,NOAA_NOS,IAN,2022,5220.0
2022-09-28 16:00:00,-0.253,-0.305,-0.0519999999999999,-76.479592,38.98451,8575512,NOAA_NOS,IAN,2022,5280.0
2022-09-28 17:00:00,-0.377,-0.411,-0.0339999999999999,-76.479592,38.98451,8575512,NOAA_NOS,IAN,2022,5340.0
2022-09-28 18:00:00,-0.377,-0.341,0.0359999999999999,-76.479592,38.98451,8575512,NOAA_NOS,IAN,2022,5400.0
2022-09-28 19:00:00,-0.207,-0.141,0.066,-76.479592,38.98451,8575512,NOAA_NOS,IAN,2022,5460.0
2022-09-28 20:00:00,0.069,0.075,0.0059999999999999,-76.479592,38.98451,8575512,NOAA_NOS,IAN,2022,5520.0
2022-09-28 21:00:00,0.351,0.288,-0.063,-76.479592,38.98451,8575512,NOAA_NOS,IAN,2022,5580.0
2022-09-28 22:00:00,0.591,0.501,-0.0899999999999999,-76.479592,38.98451,8575512,NOAA_NOS,IAN,2022,5640.0
2022-09-28 23:00:00,0.781,0.658,-0.123,-76.479592,38.98451,8575512,NOAA_NOS,IAN,2022,5700.0
2022-09-29 00:00:00,0.85,0.673,-0.1769999999999999,-76.479592,38.98451,8575512,NOAA_NOS,IAN,2022,5760.0
2022-09-29 01:00:00,0.725,0.538,-0.1869999999999999,-76.479592,38.98451,8575512,NOAA_NOS,IAN,2022,5820.0
2022-09-29 02:00:00,0.531,0.354,-0.177,-76.479592,38.98451,8575512,NOAA_NOS,IAN,2022,5880.0
2022-09-29 03:00:00,0.312,0.166,-0.146,-76.479592,38.98451,8575512,NOAA_NOS,IAN,2022,5940.0
2022-09-29 04:00:00,0.052,-0.041,-0.093,-76.479592,38.98451,8575512,NOAA_NOS,IAN,2022,6000.0
2022-09-29 05:00:00,-0.135,-0.223,-0.088,-76.479592,38.98451,8575512,NOAA_NOS,IAN,2022,6060.0
2022-09-29 06:00:00,-0.302,-0.306,-0.004,-76.479592,38.98451,8575512,NOAA_NOS,IAN,2022,6120.0
2022-09-29 07:00:00,-0.354,-0.237,0.1169999999999999,-76.479592,38.98451,8575512,NOAA_NOS,IAN,2022,6180.0
2022-09-29 08:00:00,-0.381,-0.078,0.303,-76.479592,38.98451,8575512,NOAA_NOS,IAN,2022,6240.0
2022-09-29 09:00:00,-0.367,0.1,0.4669999999999999,-76.479592,38.98451,8575512,NOAA_NOS,IAN,2022,6300.0
2022-09-29 10:00:00,-0.289,0.27,0.5589999999999999,-76.479592,38.98451,8575512,NOAA_NOS,IAN,2022,6360.0
2022-09-29 11:00:00,-0.223,0.416,0.639,-76.479592,38.98451,8575512,NOAA_NOS,IAN,2022,6420.0
2022-09-29 12:00:00,-0.289,0.463,0.752,-76.479592,38.98451,8575512,NOAA_NOS,IAN,2022,6480.0
2022-09-29 13:00:00,-0.417,0.355,0.772,-76.479592,38.98451,8575512,NOAA_NOS,IAN,2022,6540.0
2022-09-29 14:00:00,-0.568,0.179,0.7469999999999999,-76.479592,38.98451,8575512,NOAA_NOS,IAN,2022,6600.0
2022-09-29 15:00:00,-0.738,0.005,0.743,-76.479592,38.98451,8575512,NOAA_NOS,IAN,2022,6660.0
2022-09-29 16:00:00,-0.955,-0.172,0.7829999999999999,-76.479592,38.98451,8575512,NOAA_NOS,IAN,2022,6720.0
2022-09-29 17:00:00,-1.096,-0.328,0.768,-76.479592,38.98451,8575512,NOAA_NOS,IAN,2022,6780.0
2022-09-29 18:00:00,-1.188,-0.374,0.814,-76.479592,38.98451,8575512,NOAA_NOS,IAN,2022,6840.0
2022-09-29 19:00:00,-1.096,-0.237,0.8590000000000001,-76.479592,38.98451,8575512,NOAA_NOS,IAN,2022,6900.0
2022-09-29 20:00:00,-0.853,-0.014,0.839,-76.479592,38.98451,8575512,NOAA_NOS,IAN,2022,6960.0
2022-09-29 21:00:00,-0.505,0.207,0.712,-76.479592,38.98451,8575512,NOAA_NOS,IAN,2022,7020.0
2022-09-29 22:00:00,-0.151,0.432,0.583,-76.479592,38.98451,8575512,NOAA_NOS,IAN,2022,7080.0
2022-09-29 23:00:00,0.194,0.646,0.452,-76.479592,38.98451,8575512,NOAA_NOS,IAN,2022,7140.0
2022-09-30 00:00:00,0.495,0.792,0.297,-76.479592,38.98451,8575512,NOAA_NOS,IAN,2022,7200.0
2022-09-30 01:00:00,0.676,0.791,0.1149999999999999,-76.479592,38.98451,8575512,NOAA_NOS,IAN,2022,7260.0
2022-09-30 02:00:00,0.699,0.654,-0.0449999999999999,-76.479592,38.98451,8575512,NOAA_NOS,IAN,2022,7320.0
2022-09-30 03:00:00,0.643,0.473,-0.17,-76.479592,38.98451,8575512,NOAA_NOS,IAN,2022,7380.0
2022-09-30 04:00:00,0.518,0.285,-0.233,-76.479592,38.98451,8575512,NOAA_NOS,IAN,2022,7440.0
2022-09-30 05:00:00,0.407,0.081,-0.3259999999999999,-76.479592,38.98451,8575512,NOAA_NOS,IAN,2022,7500.0
2022-09-30 06:00:00,0.253,-0.081,-0.334,-76.479592,38.98451,8575512,NOAA_NOS,IAN,2022,7560.0
2022-09-30 07:00:00,0.249,-0.118,-0.367,-76.479592,38.98451,8575512,NOAA_NOS,IAN,2022,7620.0
2022-09-30 08:00:00,0.295,-0.008,-0.303,-76.479592,38.98451,8575512,NOAA_NOS,IAN,2022,7680.0
2022-09-30 09:00:00,0.463,0.174,-0.289,-76.479592,38.98451,8575512,NOAA_NOS,IAN,2022,7740.0
2022-09-30 10:00:00,0.636,0.354,-0.282,-76.479592,38.98451,8575512,NOAA_NOS,IAN,2022,7800.0
2022-09-30 11:00:00,0.751,0.53,-0.2209999999999999,-76.479592,38.98451,8575512,NOAA_NOS,IAN,2022,7860.0
2022-09-30 12:00:00,0.879,0.678,-0.2009999999999999,-76.479592,38.98451,8575512,NOAA_NOS,IAN,2022,7920.0
2022-09-30 13:00:00,0.902,0.723,-0.179,-76.479592,38.98451,8575512,NOAA_NOS,IAN,2022,7980.0
2022-09-30 14:00:00,0.81,0.624,-0.186,-76.479592,38.98451,8575512,NOAA_NOS,IAN,2022,8040.0
2022-09-30 15:00:00,0.702,0.459,-0.2429999999999999,-76.479592,38.98451,8575512,NOAA_NOS,IAN,2022,8100.0
2022-09-30 16:00:00,0.597,0.292,-0.305,-76.479592,38.98451,8575512,NOAA_NOS,IAN,2022,8160.0
2022-09-30 17:00:00,0.482,0.116,-0.366,-76.479592,38.98451,8575512,NOAA_NOS,IAN,2022,8220.0
2022-09-30 18:00:00,0.4,-0.034,-0.434,-76.479592,38.98451,8575512,NOAA_NOS,IAN,2022,8280.0
2022-09-30 19:00:00,0.39,-0.064,-0.454,-76.479592,38.98451,8575512,NOAA_NOS,IAN,2022,8340.0
2022-09-30 20:00:00,0.587,0.086,-0.501,-76.479592,38.98451,8575512,NOAA_NOS,IAN,2022,8400.0
2022-09-30 21:00:00,0.876,0.308,-0.5680000000000001,-76.479592,38.98451,8575512,NOAA_NOS,IAN,2022,8460.0
2022-09-30 22:00:00,1.158,0.528,-0.6299999999999999,-76.479592,38.98451,8575512,NOAA_NOS,IAN,2022,8520.0
2022-09-30 23:00:00,1.404,0.75,-0.6539999999999999,-76.479592,38.98451,8575512,NOAA_NOS,IAN,2022,8580.0
2022-10-01 00:00:00,1.585,0.962,-0.623,-76.479592,38.98451,8575512,NOAA_NOS,IAN,2022,8640.0
2022-10-01 01:00:00,1.69,1.112,-0.5779999999999998,-76.479592,38.98451,8575512,NOAA_NOS,IAN,2022,8700.0
2022-10-01 02:00:00,1.64,1.142,-0.498,-76.479592,38.98451,8575512,NOAA_NOS,IAN,2022,8760.0
2022-10-01 03:00:00,1.506,1.061,-0.445,-76.479592,38.98451,8575512,NOAA_NOS,IAN,2022,8820.0
2022-10-01 04:00:00,1.516,0.903,-0.613,-76.479592,38.98451,8575512,NOAA_NOS,IAN,2022,8880.0
2022-10-01 05:00:00,1.371,0.725,-0.646,-76.479592,38.98451,8575512,NOAA_NOS,IAN,2022,8940.0
2022-10-01 06:00:00,1.378,0.535,-0.8429999999999999,-76.479592,38.98451,8575512,NOAA_NOS,IAN,2022,9000.0
2022-10-01 07:00:00,1.283,0.406,-0.8769999999999999,-76.479592,38.98451,8575512,NOAA_NOS,IAN,2022,9060.0
2022-10-01 08:00:00,1.362,0.418,-0.9440000000000002,-76.479592,38.98451,8575512,NOAA_NOS,IAN,2022,9120.0
2022-10-01 09:00:00,1.568,0.535,-1.033,-76.479592,38.98451,8575512,NOAA_NOS,IAN,2022,9180.0
2022-10-01 10:00:00,1.781,0.682,-1.0989999999999998,-76.479592,38.98451,8575512,NOAA_NOS,IAN,2022,9240.0
2022-10-01 11:00:00,1.949,0.819,-1.13,-76.479592,38.98451,8575512,NOAA_NOS,IAN,2022,9300.0
2022-10-01 12:00:00,2.09,0.943,-1.1469999999999998,-76.479592,38.98451,8575512,NOAA_NOS,IAN,2022,9360.0
2022-10-01 13:00:00,2.146,1.015,-1.131,-76.479592,38.98451,8575512,NOAA_NOS,IAN,2022,9420.0
2022-10-01 14:00:00,2.146,0.94,-1.206,-76.479592,38.98451,8575512,NOAA_NOS,IAN,2022,9480.0
2022-10-01 15:00:00,2.024,0.771,-1.253,-76.479592,38.98451,8575512,NOAA_NOS,IAN,2022,9540.0
2022-10-01 16:00:00,1.857,0.58,-1.277,-76.479592,38.98451,8575512,NOAA_NOS,IAN,2022,9600.0
2022-10-01 17:00:00,1.634,0.408,-1.226,-76.479592,38.98451,8575512,NOAA_NOS,IAN,2022,9660.0
2022-10-01 18:00:00,1.483,0.217,-1.266,-76.479592,38.98451,8575512,NOAA_NOS,IAN,2022,9720.0
2022-10-01 19:00:00,1.319,0.082,-1.237,-76.479592,38.98451,8575512,NOAA_NOS,IAN,2022,9780.0
2022-10-01 20:00:00,1.26,0.085,-1.175,-76.479592,38.98451,8575512,NOAA_NOS,IAN,2022,9840.0
2022-10-01 21:00:00,1.329,0.231,-1.098,-76.479592,38.98451,8575512,NOAA_NOS,IAN,2022,9900.0
2022-10-01 22:00:00,1.565,0.417,-1.148,-76.479592,38.98451,8575512,NOAA_NOS,IAN,2022,9960.0
2022-10-01 23:00:00,1.847,0.612,-1.235,-76.479592,38.98451,8575512,NOAA_NOS,IAN,2022,10020.0
2022-09-25 01:00:00,0.549,-0.342,-0.891,-76.450833,38.317222,8577330,NOAA_NOS,IAN,2022,60.0
2022-09-25 02:00:00,0.838,-0.075,-0.913,-76.450833,38.317222,8577330,NOAA_NOS,IAN,2022,120.0
2022-09-25 03:00:00,1.196,0.201,-0.995,-76.450833,38.317222,8577330,NOAA_NOS,IAN,2022,180.0
2022-09-25 04:00:00,1.475,0.393,-1.082,-76.450833,38.317222,8577330,NOAA_NOS,IAN,2022,240.0
2022-09-25 05:00:00,1.635,0.52,-1.115,-76.450833,38.317222,8577330,NOAA_NOS,IAN,2022,300.0
2022-09-25 06:00:00,1.704,0.571,-1.133,-76.450833,38.317222,8577330,NOAA_NOS,IAN,2022,360.0
2022-09-25 07:00:00,1.642,0.515,-1.1269999999999998,-76.450833,38.317222,8577330,NOAA_NOS,IAN,2022,420.0
2022-09-25 08:00:00,1.498,0.284,-1.214,-76.450833,38.317222,8577330,NOAA_NOS,IAN,2022,480.0
2022-09-25 09:00:00,1.238,0.005,-1.233,-76.450833,38.317222,8577330,NOAA_NOS,IAN,2022,540.0
2022-09-25 10:00:00,1.005,-0.195,-1.2,-76.450833,38.317222,8577330,NOAA_NOS,IAN,2022,600.0
2022-09-25 11:00:00,0.717,-0.329,-1.046,-76.450833,38.317222,8577330,NOAA_NOS,IAN,2022,660.0
2022-09-25 12:00:00,0.477,-0.404,-0.881,-76.450833,38.317222,8577330,NOAA_NOS,IAN,2022,720.0
2022-09-25 13:00:00,0.376,-0.38,-0.756,-76.450833,38.317222,8577330,NOAA_NOS,IAN,2022,780.0
2022-09-25 14:00:00,0.438,-0.192,-0.63,-76.450833,38.317222,8577330,NOAA_NOS,IAN,2022,840.0
2022-09-25 15:00:00,0.641,0.115,-0.526,-76.450833,38.317222,8577330,NOAA_NOS,IAN,2022,900.0
2022-09-25 16:00:00,0.894,0.341,-0.5529999999999999,-76.450833,38.317222,8577330,NOAA_NOS,IAN,2022,960.0
2022-09-25 17:00:00,1.133,0.486,-0.647,-76.450833,38.317222,8577330,NOAA_NOS,IAN,2022,1020.0
2022-09-25 18:00:00,1.271,0.558,-0.7129999999999999,-76.450833,38.317222,8577330,NOAA_NOS,IAN,2022,1080.0
2022-09-25 19:00:00,1.291,0.541,-0.7499999999999999,-76.450833,38.317222,8577330,NOAA_NOS,IAN,2022,1140.0
2022-09-25 20:00:00,1.156,0.363,-0.7929999999999999,-76.450833,38.317222,8577330,NOAA_NOS,IAN,2022,1200.0
2022-09-25 21:00:00,0.864,0.072,-0.792,-76.450833,38.317222,8577330,NOAA_NOS,IAN,2022,1260.0
2022-09-25 22:00:00,0.53,-0.154,-0.684,-76.450833,38.317222,8577330,NOAA_NOS,IAN,2022,1320.0
2022-09-25 23:00:00,0.257,-0.306,-0.563,-76.450833,38.317222,8577330,NOAA_NOS,IAN,2022,1380.0
2022-09-26 00:00:00,-0.031,-0.404,-0.373,-76.450833,38.317222,8577330,NOAA_NOS,IAN,2022,1440.0
2022-09-26 01:00:00,-0.199,-0.415,-0.2159999999999999,-76.450833,38.317222,8577330,NOAA_NOS,IAN,2022,1500.0
2022-09-26 02:00:00,-0.126,-0.272,-0.146,-76.450833,38.317222,8577330,NOAA_NOS,IAN,2022,1560.0
2022-09-26 03:00:00,0.005,0.036,0.0309999999999999,-76.450833,38.317222,8577330,NOAA_NOS,IAN,2022,1620.0
2022-09-26 04:00:00,0.333,0.294,-0.039,-76.450833,38.317222,8577330,NOAA_NOS,IAN,2022,1680.0
2022-09-26 05:00:00,0.717,0.464,-0.2529999999999999,-76.450833,38.317222,8577330,NOAA_NOS,IAN,2022,1740.0
2022-09-26 06:00:00,0.812,0.566,-0.2460000000000001,-76.450833,38.317222,8577330,NOAA_NOS,IAN,2022,1800.0
2022-09-26 07:00:00,0.891,0.576,-0.315,-76.450833,38.317222,8577330,NOAA_NOS,IAN,2022,1860.0
2022-09-26 08:00:00,0.789,0.451,-0.338,-76.450833,38.317222,8577330,NOAA_NOS,IAN,2022,1920.0
2022-09-26 09:00:00,0.53,0.162,-0.368,-76.450833,38.317222,8577330,NOAA_NOS,IAN,2022,1980.0
2022-09-26 10:00:00,0.267,-0.095,-0.362,-76.450833,38.317222,8577330,NOAA_NOS,IAN,2022,2040.0
2022-09-26 11:00:00,-0.025,-0.267,-0.242,-76.450833,38.317222,8577330,NOAA_NOS,IAN,2022,2100.0
2022-09-26 12:00:00,-0.268,-0.385,-0.1169999999999999,-76.450833,38.317222,8577330,NOAA_NOS,IAN,2022,2160.0
2022-09-26 13:00:00,-0.455,-0.43,0.025,-76.450833,38.317222,8577330,NOAA_NOS,IAN,2022,2220.0
2022-09-26 14:00:00,-0.477,-0.333,0.1439999999999999,-76.450833,38.317222,8577330,NOAA_NOS,IAN,2022,2280.0
2022-09-26 15:00:00,-0.333,-0.042,0.291,-76.450833,38.317222,8577330,NOAA_NOS,IAN,2022,2340.0
2022-09-26 16:00:00,-0.008,0.25,0.258,-76.450833,38.317222,8577330,NOAA_NOS,IAN,2022,2400.0
2022-09-26 17:00:00,0.313,0.45,0.137,-76.450833,38.317222,8577330,NOAA_NOS,IAN,2022,2460.0
2022-09-26 18:00:00,0.576,0.579,0.003,-76.450833,38.317222,8577330,NOAA_NOS,IAN,2022,2520.0
2022-09-26 19:00:00,0.756,0.631,-0.125,-76.450833,38.317222,8577330,NOAA_NOS,IAN,2022,2580.0
2022-09-26 20:00:00,0.782,0.566,-0.216,-76.450833,38.317222,8577330,NOAA_NOS,IAN,2022,2640.0
2022-09-26 21:00:00,0.664,0.318,-0.346,-76.450833,38.317222,8577330,NOAA_NOS,IAN,2022,2700.0
2022-09-26 22:00:00,0.464,0.026,-0.438,-76.450833,38.317222,8577330,NOAA_NOS,IAN,2022,2760.0
2022-09-26 23:00:00,0.225,-0.182,-0.407,-76.450833,38.317222,8577330,NOAA_NOS,IAN,2022,2820.0
2022-09-27 00:00:00,0.067,-0.321,-0.388,-76.450833,38.317222,8577330,NOAA_NOS,IAN,2022,2880.0
2022-09-27 01:00:00,0.031,-0.403,-0.434,-76.450833,38.317222,8577330,NOAA_NOS,IAN,2022,2940.0
2022-09-27 02:00:00,0.064,-0.378,-0.442,-76.450833,38.317222,8577330,NOAA_NOS,IAN,2022,3000.0
2022-09-27 03:00:00,0.294,-0.176,-0.47,-76.450833,38.317222,8577330,NOAA_NOS,IAN,2022,3060.0
2022-09-27 04:00:00,0.612,0.144,-0.4679999999999999,-76.450833,38.317222,8577330,NOAA_NOS,IAN,2022,3120.0
2022-09-27 05:00:00,0.845,0.375,-0.47,-76.450833,38.317222,8577330,NOAA_NOS,IAN,2022,3180.0
2022-09-27 06:00:00,1.055,0.519,-0.5359999999999999,-76.450833,38.317222,8577330,NOAA_NOS,IAN,2022,3240.0
2022-09-27 07:00:00,1.225,0.587,-0.6380000000000001,-76.450833,38.317222,8577330,NOAA_NOS,IAN,2022,3300.0
2022-09-27 08:00:00,1.222,0.551,-0.6709999999999999,-76.450833,38.317222,8577330,NOAA_NOS,IAN,2022,3360.0
2022-09-27 09:00:00,1.051,0.346,-0.705,-76.450833,38.317222,8577330,NOAA_NOS,IAN,2022,3420.0
2022-09-27 10:00:00,0.822,0.041,-0.7809999999999999,-76.450833,38.317222,8577330,NOAA_NOS,IAN,2022,3480.0
2022-09-27 11:00:00,0.517,-0.186,-0.7030000000000001,-76.450833,38.317222,8577330,NOAA_NOS,IAN,2022,3540.0
2022-09-27 12:00:00,0.248,-0.338,-0.5860000000000001,-76.450833,38.317222,8577330,NOAA_NOS,IAN,2022,3600.0
2022-09-27 13:00:00,0.047,-0.435,-0.482,-76.450833,38.317222,8577330,NOAA_NOS,IAN,2022,3660.0
2022-09-27 14:00:00,-0.044,-0.431,-0.387,-76.450833,38.317222,8577330,NOAA_NOS,IAN,2022,3720.0
2022-09-27 15:00:00,0.021,-0.239,-0.26,-76.450833,38.317222,8577330,NOAA_NOS,IAN,2022,3780.0
2022-09-27 16:00:00,0.287,0.102,-0.185,-76.450833,38.317222,8577330,NOAA_NOS,IAN,2022,3840.0
2022-09-27 17:00:00,0.654,0.36,-0.294,-76.450833,38.317222,8577330,NOAA_NOS,IAN,2022,3900.0
2022-09-27 18:00:00,0.963,0.539,-0.4239999999999999,-76.450833,38.317222,8577330,NOAA_NOS,IAN,2022,3960.0
2022-09-27 19:00:00,1.176,0.651,-0.5249999999999999,-76.450833,38.317222,8577330,NOAA_NOS,IAN,2022,4020.0
2022-09-27 20:00:00,1.291,0.677,-0.6139999999999999,-76.450833,38.317222,8577330,NOAA_NOS,IAN,2022,4080.0
2022-09-27 21:00:00,1.176,0.558,-0.6179999999999999,-76.450833,38.317222,8577330,NOAA_NOS,IAN,2022,4140.0
2022-09-27 22:00:00,0.93,0.255,-0.675,-76.450833,38.317222,8577330,NOAA_NOS,IAN,2022,4200.0
2022-09-27 23:00:00,0.602,-0.016,-0.618,-76.450833,38.317222,8577330,NOAA_NOS,IAN,2022,4260.0
2022-09-28 00:00:00,0.33,-0.2,-0.53,-76.450833,38.317222,8577330,NOAA_NOS,IAN,2022,4320.0
2022-09-28 01:00:00,0.077,-0.329,-0.406,-76.450833,38.317222,8577330,NOAA_NOS,IAN,2022,4380.0
2022-09-28 02:00:00,-0.058,-0.387,-0.329,-76.450833,38.317222,8577330,NOAA_NOS,IAN,2022,4440.0
2022-09-28 03:00:00,-0.077,-0.327,-0.25,-76.450833,38.317222,8577330,NOAA_NOS,IAN,2022,4500.0
2022-09-28 04:00:00,0.162,-0.078,-0.24,-76.450833,38.317222,8577330,NOAA_NOS,IAN,2022,4560.0
2022-09-28 05:00:00,0.408,0.227,-0.1809999999999999,-76.450833,38.317222,8577330,NOAA_NOS,IAN,2022,4620.0
2022-09-28 06:00:00,0.687,0.427,-0.26,-76.450833,38.317222,8577330,NOAA_NOS,IAN,2022,4680.0
2022-09-28 07:00:00,0.858,0.547,-0.3109999999999999,-76.450833,38.317222,8577330,NOAA_NOS,IAN,2022,4740.0
2022-09-28 08:00:00,0.884,0.579,-0.305,-76.450833,38.317222,8577330,NOAA_NOS,IAN,2022,4800.0
2022-09-28 09:00:00,0.753,0.484,-0.269,-76.450833,38.317222,8577330,NOAA_NOS,IAN,2022,4860.0
2022-09-28 10:00:00,0.566,0.214,-0.352,-76.450833,38.317222,8577330,NOAA_NOS,IAN,2022,4920.0
2022-09-28 11:00:00,0.267,-0.063,-0.33,-76.450833,38.317222,8577330,NOAA_NOS,IAN,2022,4980.0
2022-09-28 12:00:00,0.028,-0.262,-0.29,-76.450833,38.317222,8577330,NOAA_NOS,IAN,2022,5040.0
2022-09-28 13:00:00,-0.195,-0.395,-0.2,-76.450833,38.317222,8577330,NOAA_NOS,IAN,2022,5100.0
2022-09-28 14:00:00,-0.363,-0.466,-0.103,-76.450833,38.317222,8577330,NOAA_NOS,IAN,2022,5160.0
2022-09-28 15:00:00,-0.369,-0.407,-0.0379999999999999,-76.450833,38.317222,8577330,NOAA_NOS,IAN,2022,5220.0
2022-09-28 16:00:00,-0.185,-0.128,0.0569999999999999,-76.450833,38.317222,8577330,NOAA_NOS,IAN,2022,5280.0
2022-09-28 17:00:00,0.175,0.202,0.027,-76.450833,38.317222,8577330,NOAA_NOS,IAN,2022,5340.0
2022-09-28 18:00:00,0.497,0.435,-0.062,-76.450833,38.317222,8577330,NOAA_NOS,IAN,2022,5400.0
2022-09-28 19:00:00,0.759,0.598,-0.161,-76.450833,38.317222,8577330,NOAA_NOS,IAN,2022,5460.0
2022-09-28 20:00:00,0.937,0.694,-0.2430000000000001,-76.450833,38.317222,8577330,NOAA_NOS,IAN,2022,5520.0
2022-09-28 21:00:00,0.969,0.694,-0.275,-76.450833,38.317222,8577330,NOAA_NOS,IAN,2022,5580.0
2022-09-28 22:00:00,0.825,0.513,-0.3119999999999999,-76.450833,38.317222,8577330,NOAA_NOS,IAN,2022,5640.0
2022-09-28 23:00:00,0.566,0.201,-0.3649999999999999,-76.450833,38.317222,8577330,NOAA_NOS,IAN,2022,5700.0
2022-09-29 00:00:00,0.251,-0.045,-0.296,-76.450833,38.317222,8577330,NOAA_NOS,IAN,2022,5760.0
2022-09-29 01:00:00,-0.005,-0.212,-0.207,-76.450833,38.317222,8577330,NOAA_NOS,IAN,2022,5820.0
2022-09-29 02:00:00,-0.202,-0.328,-0.126,-76.450833,38.317222,8577330,NOAA_NOS,IAN,2022,5880.0
2022-09-29 03:00:00,-0.359,-0.363,-0.004,-76.450833,38.317222,8577330,NOAA_NOS,IAN,2022,5940.0
2022-09-29 04:00:00,-0.284,-0.271,0.0129999999999999,-76.450833,38.317222,8577330,NOAA_NOS,IAN,2022,6000.0
2022-09-29 05:00:00,-0.054,0.008,0.062,-76.450833,38.317222,8577330,NOAA_NOS,IAN,2022,6060.0
2022-09-29 06:00:00,0.202,0.288,0.0859999999999999,-76.450833,38.317222,8577330,NOAA_NOS,IAN,2022,6120.0
2022-09-29 07:00:00,0.484,0.468,-0.0159999999999999,-76.450833,38.317222,8577330,NOAA_NOS,IAN,2022,6180.0
2022-09-29 08:00:00,0.622,0.562,-0.0599999999999999,-76.450833,38.317222,8577330,NOAA_NOS,IAN,2022,6240.0
2022-09-29 09:00:00,0.677,0.562,-0.1149999999999999,-76.450833,38.317222,8577330,NOAA_NOS,IAN,2022,6300.0
2022-09-29 10:00:00,0.517,0.424,-0.093,-76.450833,38.317222,8577330,NOAA_NOS,IAN,2022,6360.0
2022-09-29 11:00:00,0.254,0.14,-0.1139999999999999,-76.450833,38.317222,8577330,NOAA_NOS,IAN,2022,6420.0
2022-09-29 12:00:00,-0.031,-0.109,-0.078,-76.450833,38.317222,8577330,NOAA_NOS,IAN,2022,6480.0
2022-09-29 13:00:00,-0.304,-0.278,0.0259999999999999,-76.450833,38.317222,8577330,NOAA_NOS,IAN,2022,6540.0
2022-09-29 14:00:00,-0.533,-0.389,0.144,-76.450833,38.317222,8577330,NOAA_NOS,IAN,2022,6600.0
2022-09-29 15:00:00,-0.687,-0.423,0.264,-76.450833,38.317222,8577330,NOAA_NOS,IAN,2022,6660.0
2022-09-29 16:00:00,-0.687,-0.291,0.3960000000000001,-76.450833,38.317222,8577330,NOAA_NOS,IAN,2022,6720.0
2022-09-29 17:00:00,-0.517,0.041,0.558,-76.450833,38.317222,8577330,NOAA_NOS,IAN,2022,6780.0
2022-09-29 18:00:00,-0.169,0.332,0.501,-76.450833,38.317222,8577330,NOAA_NOS,IAN,2022,6840.0
2022-09-29 19:00:00,0.192,0.552,0.36,-76.450833,38.317222,8577330,NOAA_NOS,IAN,2022,6900.0
2022-09-29 20:00:00,0.477,0.714,0.237,-76.450833,38.317222,8577330,NOAA_NOS,IAN,2022,6960.0
2022-09-29 21:00:00,0.635,0.809,0.174,-76.450833,38.317222,8577330,NOAA_NOS,IAN,2022,7020.0
2022-09-29 22:00:00,0.681,0.805,0.124,-76.450833,38.317222,8577330,NOAA_NOS,IAN,2022,7080.0
2022-09-29 23:00:00,0.605,0.619,0.014,-76.450833,38.317222,8577330,NOAA_NOS,IAN,2022,7140.0
2022-09-30 00:00:00,0.392,0.306,-0.086,-76.450833,38.317222,8577330,NOAA_NOS,IAN,2022,7200.0
2022-09-30 01:00:00,0.182,0.079,-0.103,-76.450833,38.317222,8577330,NOAA_NOS,IAN,2022,7260.0
2022-09-30 02:00:00,0.054,-0.073,-0.127,-76.450833,38.317222,8577330,NOAA_NOS,IAN,2022,7320.0
2022-09-30 03:00:00,-0.021,-0.165,-0.144,-76.450833,38.317222,8577330,NOAA_NOS,IAN,2022,7380.0
2022-09-30 04:00:00,0.041,-0.167,-0.208,-76.450833,38.317222,8577330,NOAA_NOS,IAN,2022,7440.0
2022-09-30 05:00:00,0.254,-0.002,-0.256,-76.450833,38.317222,8577330,NOAA_NOS,IAN,2022,7500.0
2022-09-30 06:00:00,0.481,0.316,-0.1649999999999999,-76.450833,38.317222,8577330,NOAA_NOS,IAN,2022,7560.0
2022-09-30 07:00:00,0.773,0.573,-0.2,-76.450833,38.317222,8577330,NOAA_NOS,IAN,2022,7620.0
2022-09-30 08:00:00,1.038,0.729,-0.309,-76.450833,38.317222,8577330,NOAA_NOS,IAN,2022,7680.0
2022-09-30 09:00:00,1.238,0.8,-0.4379999999999999,-76.450833,38.317222,8577330,NOAA_NOS,IAN,2022,7740.0
2022-09-30 10:00:00,1.327,0.796,-0.5309999999999999,-76.450833,38.317222,8577330,NOAA_NOS,IAN,2022,7800.0
2022-09-30 11:00:00,1.258,0.671,-0.587,-76.450833,38.317222,8577330,NOAA_NOS,IAN,2022,7860.0
2022-09-30 12:00:00,1.084,0.398,-0.686,-76.450833,38.317222,8577330,NOAA_NOS,IAN,2022,7920.0
2022-09-30 13:00:00,0.94,0.15,-0.7899999999999999,-76.450833,38.317222,8577330,NOAA_NOS,IAN,2022,7980.0
2022-09-30 14:00:00,0.74,-0.016,-0.756,-76.450833,38.317222,8577330,NOAA_NOS,IAN,2022,8040.0
2022-09-30 15:00:00,0.638,-0.126,-0.764,-76.450833,38.317222,8577330,NOAA_NOS,IAN,2022,8100.0
2022-09-30 16:00:00,0.592,-0.151,-0.743,-76.450833,38.317222,8577330,NOAA_NOS,IAN,2022,8160.0
2022-09-30 17:00:00,0.727,0.008,-0.719,-76.450833,38.317222,8577330,NOAA_NOS,IAN,2022,8220.0
2022-09-30 18:00:00,0.982,0.345,-0.637,-76.450833,38.317222,8577330,NOAA_NOS,IAN,2022,8280.0
2022-09-30 19:00:00,1.34,0.632,-0.7080000000000001,-76.450833,38.317222,8577330,NOAA_NOS,IAN,2022,8340.0
2022-09-30 20:00:00,1.603,0.849,-0.754,-76.450833,38.317222,8577330,NOAA_NOS,IAN,2022,8400.0
2022-09-30 21:00:00,1.819,1.004,-0.815,-76.450833,38.317222,8577330,NOAA_NOS,IAN,2022,8460.0
2022-09-30 22:00:00,1.891,1.094,-0.7969999999999999,-76.450833,38.317222,8577330,NOAA_NOS,IAN,2022,8520.0
2022-09-30 23:00:00,1.895,1.089,-0.806,-76.450833,38.317222,8577330,NOAA_NOS,IAN,2022,8580.0
2022-10-01 00:00:00,1.773,0.913,-0.8599999999999999,-76.450833,38.317222,8577330,NOAA_NOS,IAN,2022,8640.0
2022-10-01 01:00:00,1.711,0.626,-1.085,-76.450833,38.317222,8577330,NOAA_NOS,IAN,2022,8700.0
2022-10-01 02:00:00,1.629,0.445,-1.184,-76.450833,38.317222,8577330,NOAA_NOS,IAN,2022,8760.0
2022-10-01 03:00:00,1.54,0.337,-1.203,-76.450833,38.317222,8577330,NOAA_NOS,IAN,2022,8820.0
2022-10-01 04:00:00,1.603,0.273,-1.33,-76.450833,38.317222,8577330,NOAA_NOS,IAN,2022,8880.0
2022-10-01 05:00:00,1.714,0.265,-1.4489999999999998,-76.450833,38.317222,8577330,NOAA_NOS,IAN,2022,8940.0
2022-10-01 06:00:00,1.937,0.397,-1.54,-76.450833,38.317222,8577330,NOAA_NOS,IAN,2022,9000.0
2022-10-01 07:00:00,2.101,0.634,-1.467,-76.450833,38.317222,8577330,NOAA_NOS,IAN,2022,9060.0
2022-10-01 08:00:00,2.403,0.873,-1.53,-76.450833,38.317222,8577330,NOAA_NOS,IAN,2022,9120.0
2022-10-01 09:00:00,2.584,1.049,-1.535,-76.450833,38.317222,8577330,NOAA_NOS,IAN,2022,9180.0
2022-10-01 10:00:00,2.682,1.116,-1.5659999999999998,-76.450833,38.317222,8577330,NOAA_NOS,IAN,2022,9240.0
2022-10-01 11:00:00,2.593,1.015,-1.578,-76.450833,38.317222,8577330,NOAA_NOS,IAN,2022,9300.0
2022-10-01 12:00:00,2.439,0.732,-1.707,-76.450833,38.317222,8577330,NOAA_NOS,IAN,2022,9360.0
2022-10-01 13:00:00,2.177,0.424,-1.753,-76.450833,38.317222,8577330,NOAA_NOS,IAN,2022,9420.0
2022-10-01 14:00:00,1.924,0.229,-1.6949999999999998,-76.450833,38.317222,8577330,NOAA_NOS,IAN,2022,9480.0
2022-10-01 15:00:00,1.694,0.093,-1.601,-76.450833,38.317222,8577330,NOAA_NOS,IAN,2022,9540.0
2022-10-01 16:00:00,1.478,0.031,-1.447,-76.450833,38.317222,8577330,NOAA_NOS,IAN,2022,9600.0
2022-10-01 17:00:00,1.357,0.036,-1.321,-76.450833,38.317222,8577330,NOAA_NOS,IAN,2022,9660.0
2022-10-01 18:00:00,1.379,0.191,-1.188,-76.450833,38.317222,8577330,NOAA_NOS,IAN,2022,9720.0
2022-10-01 19:00:00,1.632,0.492,-1.14,-76.450833,38.317222,8577330,NOAA_NOS,IAN,2022,9780.0
2022-10-01 20:00:00,2.029,0.747,-1.282,-76.450833,38.317222,8577330,NOAA_NOS,IAN,2022,9840.0
2022-10-01 21:00:00,2.305,0.944,-1.3610000000000002,-76.450833,38.317222,8577330,NOAA_NOS,IAN,2022,9900.0
2022-10-01 22:00:00,2.495,1.078,-1.417,-76.450833,38.317222,8577330,NOAA_NOS,IAN,2022,9960.0
2022-10-01 23:00:00,2.59,1.097,-1.493,-76.450833,38.317222,8577330,NOAA_NOS,IAN,2022,10020.0
2022-09-25 01:00:00,2.128,0.184,-1.944,-77.0217,38.873,8594900,NOAA_NOS,IAN,2022,60.0
2022-09-25 02:00:00,1.626,-0.332,-1.958,-77.0217,38.873,8594900,NOAA_NOS,IAN,2022,120.0
2022-09-25 03:00:00,1.019,-0.605,-1.624,-77.0217,38.873,8594900,NOAA_NOS,IAN,2022,180.0
2022-09-25 04:00:00,0.445,-0.763,-1.208,-77.0217,38.873,8594900,NOAA_NOS,IAN,2022,240.0
2022-09-25 05:00:00,-0.018,-0.879,-0.861,-77.0217,38.873,8594900,NOAA_NOS,IAN,2022,300.0
2022-09-25 06:00:00,-0.32,-0.765,-0.445,-77.0217,38.873,8594900,NOAA_NOS,IAN,2022,360.0
2022-09-25 07:00:00,-0.3,-0.141,0.159,-77.0217,38.873,8594900,NOAA_NOS,IAN,2022,420.0
2022-09-25 08:00:00,0.212,0.483,0.271,-77.0217,38.873,8594900,NOAA_NOS,IAN,2022,480.0
2022-09-25 09:00:00,1.091,0.803,-0.2879999999999999,-77.0217,38.873,8594900,NOAA_NOS,IAN,2022,540.0
2022-09-25 10:00:00,1.843,0.951,-0.892,-77.0217,38.873,8594900,NOAA_NOS,IAN,2022,600.0
2022-09-25 11:00:00,2.302,1.048,-1.254,-77.0217,38.873,8594900,NOAA_NOS,IAN,2022,660.0
2022-09-25 12:00:00,2.443,0.94,-1.503,-77.0217,38.873,8594900,NOAA_NOS,IAN,2022,720.0
2022-09-25 13:00:00,2.22,0.431,-1.789,-77.0217,38.873,8594900,NOAA_NOS,IAN,2022,780.0
2022-09-25 14:00:00,1.724,-0.181,-1.905,-77.0217,38.873,8594900,NOAA_NOS,IAN,2022,840.0
2022-09-25 15:00:00,1.127,-0.519,-1.646,-77.0217,38.873,8594900,NOAA_NOS,IAN,2022,900.0
2022-09-25 16:00:00,0.55,-0.703,-1.253,-77.0217,38.873,8594900,NOAA_NOS,IAN,2022,960.0
2022-09-25 17:00:00,0.074,-0.849,-0.923,-77.0217,38.873,8594900,NOAA_NOS,IAN,2022,1020.0
2022-09-25 18:00:00,-0.267,-0.879,-0.612,-77.0217,38.873,8594900,NOAA_NOS,IAN,2022,1080.0
2022-09-25 19:00:00,-0.51,-0.484,0.026,-77.0217,38.873,8594900,NOAA_NOS,IAN,2022,1140.0
2022-09-25 20:00:00,-0.533,0.259,0.792,-77.0217,38.873,8594900,NOAA_NOS,IAN,2022,1200.0
2022-09-25 21:00:00,-0.054,0.71,0.764,-77.0217,38.873,8594900,NOAA_NOS,IAN,2022,1260.0
2022-09-25 22:00:00,0.77,0.912,0.142,-77.0217,38.873,8594900,NOAA_NOS,IAN,2022,1320.0
2022-09-25 23:00:00,1.449,1.024,-0.425,-77.0217,38.873,8594900,NOAA_NOS,IAN,2022,1380.0
2022-09-26 00:00:00,1.941,1.015,-0.9260000000000002,-77.0217,38.873,8594900,NOAA_NOS,IAN,2022,1440.0
2022-09-26 01:00:00,2.072,0.637,-1.435,-77.0217,38.873,8594900,NOAA_NOS,IAN,2022,1500.0
2022-09-26 02:00:00,1.741,-0.011,-1.752,-77.0217,38.873,8594900,NOAA_NOS,IAN,2022,1560.0
2022-09-26 03:00:00,1.14,-0.433,-1.573,-77.0217,38.873,8594900,NOAA_NOS,IAN,2022,1620.0
2022-09-26 04:00:00,0.474,-0.658,-1.132,-77.0217,38.873,8594900,NOAA_NOS,IAN,2022,1680.0
2022-09-26 05:00:00,-0.152,-0.813,-0.6609999999999999,-77.0217,38.873,8594900,NOAA_NOS,IAN,2022,1740.0
2022-09-26 06:00:00,-0.687,-0.906,-0.2189999999999999,-77.0217,38.873,8594900,NOAA_NOS,IAN,2022,1800.0
2022-09-26 07:00:00,-1.136,-0.655,0.4809999999999998,-77.0217,38.873,8594900,NOAA_NOS,IAN,2022,1860.0
2022-09-26 08:00:00,-1.35,0.086,1.4360000000000002,-77.0217,38.873,8594900,NOAA_NOS,IAN,2022,1920.0
2022-09-26 09:00:00,-1.143,0.633,1.776,-77.0217,38.873,8594900,NOAA_NOS,IAN,2022,1980.0
2022-09-26 10:00:00,-0.536,0.884,1.42,-77.0217,38.873,8594900,NOAA_NOS,IAN,2022,2040.0
2022-09-26 11:00:00,0.274,1.015,0.7409999999999999,-77.0217,38.873,8594900,NOAA_NOS,IAN,2022,2100.0
2022-09-26 12:00:00,0.94,1.065,0.125,-77.0217,38.873,8594900,NOAA_NOS,IAN,2022,2160.0
2022-09-26 13:00:00,1.337,0.795,-0.5419999999999999,-77.0217,38.873,8594900,NOAA_NOS,IAN,2022,2220.0
2022-09-26 14:00:00,1.406,0.167,-1.239,-77.0217,38.873,8594900,NOAA_NOS,IAN,2022,2280.0
2022-09-26 15:00:00,1.124,-0.35,-1.4740000000000002,-77.0217,38.873,8594900,NOAA_NOS,IAN,2022,2340.0
2022-09-26 16:00:00,0.527,-0.616,-1.143,-77.0217,38.873,8594900,NOAA_NOS,IAN,2022,2400.0
2022-09-26 17:00:00,-0.142,-0.779,-0.637,-77.0217,38.873,8594900,NOAA_NOS,IAN,2022,2460.0
2022-09-26 18:00:00,-0.69,-0.907,-0.217,-77.0217,38.873,8594900,NOAA_NOS,IAN,2022,2520.0
2022-09-26 19:00:00,-1.163,-0.788,0.375,-77.0217,38.873,8594900,NOAA_NOS,IAN,2022,2580.0
2022-09-26 20:00:00,-1.409,-0.115,1.294,-77.0217,38.873,8594900,NOAA_NOS,IAN,2022,2640.0
2022-09-26 21:00:00,-1.389,0.538,1.927,-77.0217,38.873,8594900,NOAA_NOS,IAN,2022,2700.0
2022-09-26 22:00:00,-0.805,0.869,1.674,-77.0217,38.873,8594900,NOAA_NOS,IAN,2022,2760.0
2022-09-26 23:00:00,0.091,1.023,0.932,-77.0217,38.873,8594900,NOAA_NOS,IAN,2022,2820.0
2022-09-27 00:00:00,0.822,1.131,0.309,-77.0217,38.873,8594900,NOAA_NOS,IAN,2022,2880.0
2022-09-27 01:00:00,1.311,1.013,-0.298,-77.0217,38.873,8594900,NOAA_NOS,IAN,2022,2940.0
2022-09-27 02:00:00,1.459,0.466,-0.993,-77.0217,38.873,8594900,NOAA_NOS,IAN,2022,3000.0
2022-09-27 03:00:00,1.272,-0.164,-1.436,-77.0217,38.873,8594900,NOAA_NOS,IAN,2022,3060.0
2022-09-27 04:00:00,0.802,-0.503,-1.3050000000000002,-77.0217,38.873,8594900,NOAA_NOS,IAN,2022,3120.0
2022-09-27 05:00:00,0.163,-0.696,-0.859,-77.0217,38.873,8594900,NOAA_NOS,IAN,2022,3180.0
2022-09-27 06:00:00,-0.421,-0.85,-0.429,-77.0217,38.873,8594900,NOAA_NOS,IAN,2022,3240.0
2022-09-27 07:00:00,-0.851,-0.888,-0.037,-77.0217,38.873,8594900,NOAA_NOS,IAN,2022,3300.0
2022-09-27 08:00:00,-1.035,-0.476,0.5589999999999999,-77.0217,38.873,8594900,NOAA_NOS,IAN,2022,3360.0
2022-09-27 09:00:00,-0.602,0.293,0.895,-77.0217,38.873,8594900,NOAA_NOS,IAN,2022,3420.0
2022-09-27 10:00:00,0.356,0.754,0.398,-77.0217,38.873,8594900,NOAA_NOS,IAN,2022,3480.0
2022-09-27 11:00:00,1.222,0.949,-0.273,-77.0217,38.873,8594900,NOAA_NOS,IAN,2022,3540.0
2022-09-27 12:00:00,1.823,1.054,-0.7689999999999999,-77.0217,38.873,8594900,NOAA_NOS,IAN,2022,3600.0
2022-09-27 13:00:00,2.144,1.017,-1.1270000000000002,-77.0217,38.873,8594900,NOAA_NOS,IAN,2022,3660.0
2022-09-27 14:00:00,2.098,0.564,-1.5339999999999998,-77.0217,38.873,8594900,NOAA_NOS,IAN,2022,3720.0
2022-09-27 15:00:00,1.606,-0.089,-1.695,-77.0217,38.873,8594900,NOAA_NOS,IAN,2022,3780.0
2022-09-27 16:00:00,0.885,-0.481,-1.366,-77.0217,38.873,8594900,NOAA_NOS,IAN,2022,3840.0
2022-09-27 17:00:00,0.228,-0.694,-0.922,-77.0217,38.873,8594900,NOAA_NOS,IAN,2022,3900.0
2022-09-27 18:00:00,-0.382,-0.856,-0.474,-77.0217,38.873,8594900,NOAA_NOS,IAN,2022,3960.0
2022-09-27 19:00:00,-0.874,-0.927,-0.053,-77.0217,38.873,8594900,NOAA_NOS,IAN,2022,4020.0
2022-09-27 20:00:00,-1.169,-0.563,0.6060000000000001,-77.0217,38.873,8594900,NOAA_NOS,IAN,2022,4080.0
2022-09-27 21:00:00,-1.225,0.241,1.4660000000000002,-77.0217,38.873,8594900,NOAA_NOS,IAN,2022,4140.0
2022-09-27 22:00:00,-0.726,0.747,1.473,-77.0217,38.873,8594900,NOAA_NOS,IAN,2022,4200.0
2022-09-27 23:00:00,0.219,0.974,0.755,-77.0217,38.873,8594900,NOAA_NOS,IAN,2022,4260.0
2022-09-28 00:00:00,1.062,1.122,0.06,-77.0217,38.873,8594900,NOAA_NOS,IAN,2022,4320.0
2022-09-28 01:00:00,1.646,1.197,-0.4489999999999998,-77.0217,38.873,8594900,NOAA_NOS,IAN,2022,4380.0
2022-09-28 02:00:00,1.856,0.946,-0.91,-77.0217,38.873,8594900,NOAA_NOS,IAN,2022,4440.0
2022-09-28 03:00:00,1.623,0.278,-1.345,-77.0217,38.873,8594900,NOAA_NOS,IAN,2022,4500.0
2022-09-28 04:00:00,1.091,-0.271,-1.362,-77.0217,38.873,8594900,NOAA_NOS,IAN,2022,4560.0
2022-09-28 05:00:00,0.412,-0.552,-0.964,-77.0217,38.873,8594900,NOAA_NOS,IAN,2022,4620.0
2022-09-28 06:00:00,-0.228,-0.728,-0.5,-77.0217,38.873,8594900,NOAA_NOS,IAN,2022,4680.0
2022-09-28 07:00:00,-0.762,-0.878,-0.1159999999999999,-77.0217,38.873,8594900,NOAA_NOS,IAN,2022,4740.0
2022-09-28 08:00:00,-1.156,-0.84,0.3159999999999999,-77.0217,38.873,8594900,NOAA_NOS,IAN,2022,4800.0
2022-09-28 09:00:00,-1.376,-0.28,1.096,-77.0217,38.873,8594900,NOAA_NOS,IAN,2022,4860.0
2022-09-28 10:00:00,-1.136,0.451,1.587,-77.0217,38.873,8594900,NOAA_NOS,IAN,2022,4920.0
2022-09-28 11:00:00,-0.316,0.831,1.147,-77.0217,38.873,8594900,NOAA_NOS,IAN,2022,4980.0
2022-09-28 12:00:00,0.504,0.982,0.478,-77.0217,38.873,8594900,NOAA_NOS,IAN,2022,5040.0
2022-09-28 13:00:00,1.131,1.056,-0.0749999999999999,-77.0217,38.873,8594900,NOAA_NOS,IAN,2022,5100.0
2022-09-28 14:00:00,1.423,0.889,-0.534,-77.0217,38.873,8594900,NOAA_NOS,IAN,2022,5160.0
2022-09-28 15:00:00,1.285,0.308,-0.977,-77.0217,38.873,8594900,NOAA_NOS,IAN,2022,5220.0
2022-09-28 16:00:00,0.773,-0.271,-1.044,-77.0217,38.873,8594900,NOAA_NOS,IAN,2022,5280.0
2022-09-28 17:00:00,0.12,-0.578,-0.698,-77.0217,38.873,8594900,NOAA_NOS,IAN,2022,5340.0
2022-09-28 18:00:00,-0.549,-0.763,-0.2139999999999999,-77.0217,38.873,8594900,NOAA_NOS,IAN,2022,5400.0
2022-09-28 19:00:00,-1.13,-0.918,0.2119999999999998,-77.0217,38.873,8594900,NOAA_NOS,IAN,2022,5460.0
2022-09-28 20:00:00,-1.517,-0.885,0.6319999999999999,-77.0217,38.873,8594900,NOAA_NOS,IAN,2022,5520.0
2022-09-28 21:00:00,-1.714,-0.276,1.438,-77.0217,38.873,8594900,NOAA_NOS,IAN,2022,5580.0
2022-09-28 22:00:00,-1.543,0.476,2.019,-77.0217,38.873,8594900,NOAA_NOS,IAN,2022,5640.0
2022-09-28 23:00:00,-0.717,0.862,1.579,-77.0217,38.873,8594900,NOAA_NOS,IAN,2022,5700.0
2022-09-29 00:00:00,0.232,1.039,0.8069999999999999,-77.0217,38.873,8594900,NOAA_NOS,IAN,2022,5760.0
2022-09-29 01:00:00,0.973,1.195,0.2220000000000001,-77.0217,38.873,8594900,NOAA_NOS,IAN,2022,5820.0
2022-09-29 02:00:00,1.452,1.208,-0.244,-77.0217,38.873,8594900,NOAA_NOS,IAN,2022,5880.0
2022-09-29 03:00:00,1.521,0.836,-0.6849999999999999,-77.0217,38.873,8594900,NOAA_NOS,IAN,2022,5940.0
2022-09-29 04:00:00,1.216,0.128,-1.088,-77.0217,38.873,8594900,NOAA_NOS,IAN,2022,6000.0
2022-09-29 05:00:00,0.599,-0.355,-0.954,-77.0217,38.873,8594900,NOAA_NOS,IAN,2022,6060.0
2022-09-29 06:00:00,-0.116,-0.597,-0.481,-77.0217,38.873,8594900,NOAA_NOS,IAN,2022,6120.0
2022-09-29 07:00:00,-0.753,-0.759,-0.006,-77.0217,38.873,8594900,NOAA_NOS,IAN,2022,6180.0
2022-09-29 08:00:00,-1.274,-0.882,0.392,-77.0217,38.873,8594900,NOAA_NOS,IAN,2022,6240.0
2022-09-29 09:00:00,-1.691,-0.75,0.941,-77.0217,38.873,8594900,NOAA_NOS,IAN,2022,6300.0
2022-09-29 10:00:00,-1.901,-0.079,1.822,-77.0217,38.873,8594900,NOAA_NOS,IAN,2022,6360.0
2022-09-29 11:00:00,-1.684,0.573,2.257,-77.0217,38.873,8594900,NOAA_NOS,IAN,2022,6420.0
2022-09-29 12:00:00,-0.881,0.903,1.784,-77.0217,38.873,8594900,NOAA_NOS,IAN,2022,6480.0
2022-09-29 13:00:00,0.025,1.031,1.006,-77.0217,38.873,8594900,NOAA_NOS,IAN,2022,6540.0
2022-09-29 14:00:00,0.691,1.073,0.382,-77.0217,38.873,8594900,NOAA_NOS,IAN,2022,6600.0
2022-09-29 15:00:00,0.963,0.81,-0.1529999999999999,-77.0217,38.873,8594900,NOAA_NOS,IAN,2022,6660.0
2022-09-29 16:00:00,0.865,0.188,-0.677,-77.0217,38.873,8594900,NOAA_NOS,IAN,2022,6720.0
2022-09-29 17:00:00,0.448,-0.319,-0.767,-77.0217,38.873,8594900,NOAA_NOS,IAN,2022,6780.0
2022-09-29 18:00:00,-0.096,-0.578,-0.482,-77.0217,38.873,8594900,NOAA_NOS,IAN,2022,6840.0
2022-09-29 19:00:00,-0.687,-0.741,-0.0539999999999999,-77.0217,38.873,8594900,NOAA_NOS,IAN,2022,6900.0
2022-09-29 20:00:00,-1.166,-0.85,0.3159999999999999,-77.0217,38.873,8594900,NOAA_NOS,IAN,2022,6960.0
2022-09-29 21:00:00,-1.488,-0.645,0.843,-77.0217,38.873,8594900,NOAA_NOS,IAN,2022,7020.0
2022-09-29 22:00:00,-1.609,0.12,1.729,-77.0217,38.873,8594900,NOAA_NOS,IAN,2022,7080.0
2022-09-29 23:00:00,-1.337,0.725,2.062,-77.0217,38.873,8594900,NOAA_NOS,IAN,2022,7140.0
2022-09-30 00:00:00,-0.484,1.014,1.498,-77.0217,38.873,8594900,NOAA_NOS,IAN,2022,7200.0
2022-09-30 01:00:00,0.406,1.198,0.7919999999999999,-77.0217,38.873,8594900,NOAA_NOS,IAN,2022,7260.0
2022-09-30 02:00:00,1.104,1.371,0.2669999999999999,-77.0217,38.873,8594900,NOAA_NOS,IAN,2022,7320.0
2022-09-30 03:00:00,1.501,1.384,-0.1169999999999999,-77.0217,38.873,8594900,NOAA_NOS,IAN,2022,7380.0
2022-09-30 04:00:00,1.551,0.998,-0.5529999999999999,-77.0217,38.873,8594900,NOAA_NOS,IAN,2022,7440.0
2022-09-30 05:00:00,1.216,0.273,-0.943,-77.0217,38.873,8594900,NOAA_NOS,IAN,2022,7500.0
2022-09-30 06:00:00,0.652,-0.191,-0.843,-77.0217,38.873,8594900,NOAA_NOS,IAN,2022,7560.0
2022-09-30 07:00:00,-0.005,-0.389,-0.384,-77.0217,38.873,8594900,NOAA_NOS,IAN,2022,7620.0
2022-09-30 08:00:00,-0.569,-0.518,0.0509999999999999,-77.0217,38.873,8594900,NOAA_NOS,IAN,2022,7680.0
2022-09-30 09:00:00,-0.995,-0.554,0.4409999999999999,-77.0217,38.873,8594900,NOAA_NOS,IAN,2022,7740.0
2022-09-30 10:00:00,-1.186,-0.234,0.952,-77.0217,38.873,8594900,NOAA_NOS,IAN,2022,7800.0
2022-09-30 11:00:00,-0.976,0.512,1.488,-77.0217,38.873,8594900,NOAA_NOS,IAN,2022,7860.0
2022-09-30 12:00:00,-0.27,1.037,1.307,-77.0217,38.873,8594900,NOAA_NOS,IAN,2022,7920.0
2022-09-30 13:00:00,0.583,1.27,0.687,-77.0217,38.873,8594900,NOAA_NOS,IAN,2022,7980.0
2022-09-30 14:00:00,1.314,1.369,0.0549999999999999,-77.0217,38.873,8594900,NOAA_NOS,IAN,2022,8040.0
2022-09-30 15:00:00,1.747,1.345,-0.4020000000000001,-77.0217,38.873,8594900,NOAA_NOS,IAN,2022,8100.0
2022-09-30 16:00:00,1.882,1.012,-0.8699999999999999,-77.0217,38.873,8594900,NOAA_NOS,IAN,2022,8160.0
2022-09-30 17:00:00,1.692,0.376,-1.3159999999999998,-77.0217,38.873,8594900,NOAA_NOS,IAN,2022,8220.0
2022-09-30 18:00:00,1.281,-0.09,-1.371,-77.0217,38.873,8594900,NOAA_NOS,IAN,2022,8280.0
2022-09-30 19:00:00,0.789,-0.326,-1.115,-77.0217,38.873,8594900,NOAA_NOS,IAN,2022,8340.0
2022-09-30 20:00:00,0.307,-0.505,-0.812,-77.0217,38.873,8594900,NOAA_NOS,IAN,2022,8400.0
2022-09-30 21:00:00,-0.087,-0.591,-0.504,-77.0217,38.873,8594900,NOAA_NOS,IAN,2022,8460.0
2022-09-30 22:00:00,-0.29,-0.291,-0.001,-77.0217,38.873,8594900,NOAA_NOS,IAN,2022,8520.0
2022-09-30 23:00:00,-0.185,0.521,0.706,-77.0217,38.873,8594900,NOAA_NOS,IAN,2022,8580.0
2022-10-01 00:00:00,0.438,1.101,0.663,-77.0217,38.873,8594900,NOAA_NOS,IAN,2022,8640.0
2022-10-01 01:00:00,1.354,1.393,0.0389999999999999,-77.0217,38.873,8594900,NOAA_NOS,IAN,2022,8700.0
2022-10-01 02:00:00,2.148,1.598,-0.55,-77.0217,38.873,8594900,NOAA_NOS,IAN,2022,8760.0
2022-10-01 03:00:00,2.594,1.795,-0.7989999999999999,-77.0217,38.873,8594900,NOAA_NOS,IAN,2022,8820.0
2022-10-01 04:00:00,2.781,1.929,-0.8520000000000001,-77.0217,38.873,8594900,NOAA_NOS,IAN,2022,8880.0
2022-10-01 05:00:00,2.499,1.773,-0.7260000000000002,-77.0217,38.873,8594900,NOAA_NOS,IAN,2022,8940.0
2022-10-01 06:00:00,2.056,1.139,-0.917,-77.0217,38.873,8594900,NOAA_NOS,IAN,2022,9000.0
2022-10-01 07:00:00,1.564,0.623,-0.941,-77.0217,38.873,8594900,NOAA_NOS,IAN,2022,9060.0
2022-10-01 08:00:00,1.124,0.387,-0.7370000000000001,-77.0217,38.873,8594900,NOAA_NOS,IAN,2022,9120.0
2022-10-01 09:00:00,0.734,0.265,-0.469,-77.0217,38.873,8594900,NOAA_NOS,IAN,2022,9180.0
2022-10-01 10:00:00,0.593,0.169,-0.4239999999999999,-77.0217,38.873,8594900,NOAA_NOS,IAN,2022,9240.0
2022-10-01 11:00:00,0.707,0.286,-0.421,-77.0217,38.873,8594900,NOAA_NOS,IAN,2022,9300.0
2022-10-01 12:00:00,1.242,0.728,-0.514,-77.0217,38.873,8594900,NOAA_NOS,IAN,2022,9360.0
2022-10-01 13:00:00,1.98,1.21,-0.77,-77.0217,38.873,8594900,NOAA_NOS,IAN,2022,9420.0
2022-10-01 14:00:00,2.518,1.481,-1.0369999999999997,-77.0217,38.873,8594900,NOAA_NOS,IAN,2022,9480.0
2022-10-01 15:00:00,2.873,1.534,-1.3390000000000002,-77.0217,38.873,8594900,NOAA_NOS,IAN,2022,9540.0
2022-10-01 16:00:00,3.037,1.3,-1.737,-77.0217,38.873,8594900,NOAA_NOS,IAN,2022,9600.0
2022-10-01 17:00:00,2.997,0.643,-2.354,-77.0217,38.873,8594900,NOAA_NOS,IAN,2022,9660.0
2022-10-01 18:00:00,2.568,0.125,-2.443,-77.0217,38.873,8594900,NOAA_NOS,IAN,2022,9720.0
2022-10-01 19:00:00,1.961,-0.094,-2.055,-77.0217,38.873,8594900,NOAA_NOS,IAN,2022,9780.0
2022-10-01 20:00:00,1.344,-0.181,-1.525,-77.0217,38.873,8594900,NOAA_NOS,IAN,2022,9840.0
2022-10-01 21:00:00,0.871,-0.324,-1.195,-77.0217,38.873,8594900,NOAA_NOS,IAN,2022,9900.0
2022-10-01 22:00:00,0.619,-0.369,-0.988,-77.0217,38.873,8594900,NOAA_NOS,IAN,2022,9960.0
2022-10-01 23:00:00,0.36,0.006,-0.354,-77.0217,38.873,8594900,NOAA_NOS,IAN,2022,10020.0
2022-09-27 15:00:00,2.598,1.593,-1.005,-75.681407,37.607778,8631044,NOAA_NOS,IAN,2022,3780.0
2022-09-27 16:00:00,1.837,1.617,-0.2199999999999999,-75.681407,37.607778,8631044,NOAA_NOS,IAN,2022,3840.0
2022-09-27 17:00:00,0.866,1.552,0.686,-75.681407,37.607778,8631044,NOAA_NOS,IAN,2022,3900.0
2022-09-28 15:00:00,2.844,1.545,-1.299,-75.681407,37.607778,8631044,NOAA_NOS,IAN,2022,5220.0
2022-09-28 16:00:00,2.375,1.751,-0.6240000000000001,-75.681407,37.607778,8631044,NOAA_NOS,IAN,2022,5280.0
2022-09-28 17:00:00,1.48,1.691,0.211,-75.681407,37.607778,8631044,NOAA_NOS,IAN,2022,5340.0
2022-09-28 18:00:00,0.509,1.617,1.108,-75.681407,37.607778,8631044,NOAA_NOS,IAN,2022,5400.0
2022-09-28 19:00:00,-0.512,1.544,2.056,-75.681407,37.607778,8631044,NOAA_NOS,IAN,2022,5460.0
2022-09-29 16:00:00,3.284,1.728,-1.5559999999999998,-75.681407,37.607778,8631044,NOAA_NOS,IAN,2022,6720.0
2022-09-29 17:00:00,2.881,1.936,-0.9449999999999998,-75.681407,37.607778,8631044,NOAA_NOS,IAN,2022,6780.0
2022-09-29 18:00:00,2.139,1.843,-0.2959999999999998,-75.681407,37.607778,8631044,NOAA_NOS,IAN,2022,6840.0
2022-09-29 19:00:00,1.263,1.73,0.4670000000000001,-75.681407,37.607778,8631044,NOAA_NOS,IAN,2022,6900.0
2022-09-29 20:00:00,0.358,1.657,1.299,-75.681407,37.607778,8631044,NOAA_NOS,IAN,2022,6960.0
2022-09-29 21:00:00,-0.43,1.596,2.026,-75.681407,37.607778,8631044,NOAA_NOS,IAN,2022,7020.0
2022-09-29 22:00:00,-0.64,1.549,2.189,-75.681407,37.607778,8631044,NOAA_NOS,IAN,2022,7080.0
2022-09-29 23:00:00,-0.056,1.516,1.572,-75.681407,37.607778,8631044,NOAA_NOS,IAN,2022,7140.0
2022-09-30 04:00:00,3.051,1.58,-1.471,-75.681407,37.607778,8631044,NOAA_NOS,IAN,2022,7440.0
2022-09-30 05:00:00,2.792,1.679,-1.1129999999999998,-75.681407,37.607778,8631044,NOAA_NOS,IAN,2022,7500.0
2022-09-30 06:00:00,2.175,1.657,-0.5179999999999998,-75.681407,37.607778,8631044,NOAA_NOS,IAN,2022,7560.0
2022-09-30 07:00:00,1.421,1.601,0.1799999999999999,-75.681407,37.607778,8631044,NOAA_NOS,IAN,2022,7620.0
2022-09-30 08:00:00,0.669,1.528,0.859,-75.681407,37.607778,8631044,NOAA_NOS,IAN,2022,7680.0
2022-09-30 16:00:00,4.265,1.57,-2.6949999999999994,-75.681407,37.607778,8631044,NOAA_NOS,IAN,2022,8160.0
2022-09-30 17:00:00,4.347,1.914,-2.4330000000000007,-75.681407,37.607778,8631044,NOAA_NOS,IAN,2022,8220.0
2022-09-30 18:00:00,3.852,2.029,-1.823,-75.681407,37.607778,8631044,NOAA_NOS,IAN,2022,8280.0
2022-09-30 19:00:00,3.182,1.921,-1.261,-75.681407,37.607778,8631044,NOAA_NOS,IAN,2022,8340.0
2022-09-30 20:00:00,2.523,1.825,-0.6980000000000002,-75.681407,37.607778,8631044,NOAA_NOS,IAN,2022,8400.0
2022-09-30 21:00:00,1.86,1.755,-0.1050000000000002,-75.681407,37.607778,8631044,NOAA_NOS,IAN,2022,8460.0
2022-09-30 22:00:00,1.476,1.705,0.2290000000000001,-75.681407,37.607778,8631044,NOAA_NOS,IAN,2022,8520.0
2022-09-30 23:00:00,1.424,1.662,0.238,-75.681407,37.607778,8631044,NOAA_NOS,IAN,2022,8580.0
2022-10-01 00:00:00,1.781,1.621,-0.1599999999999999,-75.681407,37.607778,8631044,NOAA_NOS,IAN,2022,8640.0
2022-10-01 01:00:00,2.379,1.609,-0.77,-75.681407,37.607778,8631044,NOAA_NOS,IAN,2022,8700.0
2022-10-01 02:00:00,3.159,1.61,-1.5489999999999997,-75.681407,37.607778,8631044,NOAA_NOS,IAN,2022,8760.0
2022-10-01 03:00:00,3.976,1.595,-2.381,-75.681407,37.607778,8631044,NOAA_NOS,IAN,2022,8820.0
2022-10-01 04:00:00,4.442,1.613,-2.829,-75.681407,37.607778,8631044,NOAA_NOS,IAN,2022,8880.0
2022-10-01 05:00:00,4.406,1.693,-2.713,-75.681407,37.607778,8631044,NOAA_NOS,IAN,2022,8940.0
2022-10-01 06:00:00,3.878,1.7,-2.178,-75.681407,37.607778,8631044,NOAA_NOS,IAN,2022,9000.0
2022-10-01 07:00:00,3.035,1.63,-1.4050000000000002,-75.681407,37.607778,8631044,NOAA_NOS,IAN,2022,9060.0
2022-10-01 08:00:00,2.178,1.568,-0.6099999999999999,-75.681407,37.607778,8631044,NOAA_NOS,IAN,2022,9120.0
2022-10-01 09:00:00,1.302,1.511,0.2089999999999998,-75.681407,37.607778,8631044,NOAA_NOS,IAN,2022,9180.0
2022-10-01 17:00:00,3.993,1.728,-2.265,-75.681407,37.607778,8631044,NOAA_NOS,IAN,2022,9660.0
2022-10-01 18:00:00,3.783,2.035,-1.7479999999999998,-75.681407,37.607778,8631044,NOAA_NOS,IAN,2022,9720.0
2022-10-01 19:00:00,3.097,1.971,-1.126,-75.681407,37.607778,8631044,NOAA_NOS,IAN,2022,9780.0
2022-10-01 20:00:00,2.369,1.85,-0.5190000000000001,-75.681407,37.607778,8631044,NOAA_NOS,IAN,2022,9840.0
2022-10-01 21:00:00,1.634,1.739,0.1050000000000002,-75.681407,37.607778,8631044,NOAA_NOS,IAN,2022,9900.0
2022-10-01 22:00:00,0.823,1.66,0.837,-75.681407,37.607778,8631044,NOAA_NOS,IAN,2022,9960.0
2022-10-01 23:00:00,0.161,1.593,1.432,-75.681407,37.607778,8631044,NOAA_NOS,IAN,2022,10020.0
2022-09-25 01:00:00,2.089,1.257,-0.8320000000000001,-75.989994,37.16519,8632200,NOAA_NOS,IAN,2022,60.0
2022-09-25 02:00:00,1.715,0.964,-0.7510000000000001,-75.989994,37.16519,8632200,NOAA_NOS,IAN,2022,120.0
2022-09-25 03:00:00,1.114,0.456,-0.6580000000000001,-75.989994,37.16519,8632200,NOAA_NOS,IAN,2022,180.0
2022-09-25 04:00:00,0.409,-0.193,-0.602,-75.989994,37.16519,8632200,NOAA_NOS,IAN,2022,240.0
2022-09-25 05:00:00,-0.218,-0.763,-0.545,-75.989994,37.16519,8632200,NOAA_NOS,IAN,2022,300.0
2022-09-25 06:00:00,-0.654,-1.113,-0.4589999999999999,-75.989994,37.16519,8632200,NOAA_NOS,IAN,2022,360.0
2022-09-25 07:00:00,-0.775,-1.183,-0.408,-75.989994,37.16519,8632200,NOAA_NOS,IAN,2022,420.0
2022-09-25 08:00:00,-0.772,-0.99,-0.2179999999999999,-75.989994,37.16519,8632200,NOAA_NOS,IAN,2022,480.0
2022-09-25 09:00:00,-0.263,-0.489,-0.2259999999999999,-75.989994,37.16519,8632200,NOAA_NOS,IAN,2022,540.0
2022-09-25 10:00:00,0.366,0.202,-0.1639999999999999,-75.989994,37.16519,8632200,NOAA_NOS,IAN,2022,600.0
2022-09-25 11:00:00,0.924,0.82,-0.104,-75.989994,37.16519,8632200,NOAA_NOS,IAN,2022,660.0
2022-09-25 12:00:00,1.347,1.189,-0.1579999999999999,-75.989994,37.16519,8632200,NOAA_NOS,IAN,2022,720.0
2022-09-25 13:00:00,1.521,1.271,-0.25,-75.989994,37.16519,8632200,NOAA_NOS,IAN,2022,780.0
2022-09-25 14:00:00,1.4,1.071,-0.3289999999999999,-75.989994,37.16519,8632200,NOAA_NOS,IAN,2022,840.0
2022-09-25 15:00:00,0.987,0.626,-0.361,-75.989994,37.16519,8632200,NOAA_NOS,IAN,2022,900.0
2022-09-25 16:00:00,0.271,-0.006,-0.277,-75.989994,37.16519,8632200,NOAA_NOS,IAN,2022,960.0
2022-09-25 17:00:00,-0.395,-0.615,-0.2199999999999999,-75.989994,37.16519,8632200,NOAA_NOS,IAN,2022,1020.0
2022-09-25 18:00:00,-0.939,-1.039,-0.0999999999999999,-75.989994,37.16519,8632200,NOAA_NOS,IAN,2022,1080.0
2022-09-25 19:00:00,-1.149,-1.203,-0.054,-75.989994,37.16519,8632200,NOAA_NOS,IAN,2022,1140.0
2022-09-25 20:00:00,-0.972,-1.086,-0.1140000000000001,-75.989994,37.16519,8632200,NOAA_NOS,IAN,2022,1200.0
2022-09-25 21:00:00,-0.601,-0.652,-0.051,-75.989994,37.16519,8632200,NOAA_NOS,IAN,2022,1260.0
2022-09-25 22:00:00,-0.037,0.031,0.068,-75.989994,37.16519,8632200,NOAA_NOS,IAN,2022,1320.0
2022-09-25 23:00:00,0.596,0.706,0.1099999999999999,-75.989994,37.16519,8632200,NOAA_NOS,IAN,2022,1380.0
2022-09-26 00:00:00,1.144,1.175,0.0310000000000001,-75.989994,37.16519,8632200,NOAA_NOS,IAN,2022,1440.0
2022-09-26 01:00:00,1.239,1.343,0.1039999999999998,-75.989994,37.16519,8632200,NOAA_NOS,IAN,2022,1500.0
2022-09-26 02:00:00,1.124,1.213,0.0889999999999999,-75.989994,37.16519,8632200,NOAA_NOS,IAN,2022,1560.0
2022-09-26 03:00:00,0.537,0.811,0.274,-75.989994,37.16519,8632200,NOAA_NOS,IAN,2022,1620.0
2022-09-26 04:00:00,0.035,0.196,0.161,-75.989994,37.16519,8632200,NOAA_NOS,IAN,2022,1680.0
2022-09-26 05:00:00,-0.582,-0.474,0.1079999999999999,-75.989994,37.16519,8632200,NOAA_NOS,IAN,2022,1740.0
2022-09-26 06:00:00,-1.107,-0.982,0.125,-75.989994,37.16519,8632200,NOAA_NOS,IAN,2022,1800.0
2022-09-26 07:00:00,-1.346,-1.238,0.1080000000000001,-75.989994,37.16519,8632200,NOAA_NOS,IAN,2022,1860.0
2022-09-26 08:00:00,-1.366,-1.203,0.163,-75.989994,37.16519,8632200,NOAA_NOS,IAN,2022,1920.0
2022-09-26 09:00:00,-1.044,-0.857,0.187,-75.989994,37.16519,8632200,NOAA_NOS,IAN,2022,1980.0
2022-09-26 10:00:00,-0.382,-0.18,0.202,-75.989994,37.16519,8632200,NOAA_NOS,IAN,2022,2040.0
2022-09-26 11:00:00,0.353,0.563,0.2099999999999999,-75.989994,37.16519,8632200,NOAA_NOS,IAN,2022,2100.0
2022-09-26 12:00:00,0.987,1.136,0.1489999999999999,-75.989994,37.16519,8632200,NOAA_NOS,IAN,2022,2160.0
2022-09-26 13:00:00,1.403,1.413,0.01,-75.989994,37.16519,8632200,NOAA_NOS,IAN,2022,2220.0
2022-09-26 14:00:00,1.518,1.392,-0.1260000000000001,-75.989994,37.16519,8632200,NOAA_NOS,IAN,2022,2280.0
2022-09-26 15:00:00,1.433,1.076,-0.357,-75.989994,37.16519,8632200,NOAA_NOS,IAN,2022,2340.0
2022-09-26 16:00:00,0.957,0.515,-0.4419999999999999,-75.989994,37.16519,8632200,NOAA_NOS,IAN,2022,2400.0
2022-09-26 17:00:00,0.307,-0.196,-0.503,-75.989994,37.16519,8632200,NOAA_NOS,IAN,2022,2460.0
2022-09-26 18:00:00,-0.359,-0.809,-0.45,-75.989994,37.16519,8632200,NOAA_NOS,IAN,2022,2520.0
2022-09-26 19:00:00,-0.808,-1.185,-0.377,-75.989994,37.16519,8632200,NOAA_NOS,IAN,2022,2580.0
2022-09-26 20:00:00,-0.769,-1.268,-0.499,-75.989994,37.16519,8632200,NOAA_NOS,IAN,2022,2640.0
2022-09-26 21:00:00,-0.467,-1.054,-0.587,-75.989994,37.16519,8632200,NOAA_NOS,IAN,2022,2700.0
2022-09-26 22:00:00,0.242,-0.498,-0.74,-75.989994,37.16519,8632200,NOAA_NOS,IAN,2022,2760.0
2022-09-26 23:00:00,0.957,0.242,-0.715,-75.989994,37.16519,8632200,NOAA_NOS,IAN,2022,2820.0
2022-09-27 00:00:00,1.531,0.893,-0.6379999999999999,-75.989994,37.16519,8632200,NOAA_NOS,IAN,2022,2880.0
2022-09-27 01:00:00,1.846,1.277,-0.5690000000000002,-75.989994,37.16519,8632200,NOAA_NOS,IAN,2022,2940.0
2022-09-27 02:00:00,1.846,1.339,-0.5070000000000001,-75.989994,37.16519,8632200,NOAA_NOS,IAN,2022,3000.0
2022-09-27 03:00:00,1.63,1.095,-0.5349999999999999,-75.989994,37.16519,8632200,NOAA_NOS,IAN,2022,3060.0
2022-09-27 04:00:00,1.174,0.585,-0.589,-75.989994,37.16519,8632200,NOAA_NOS,IAN,2022,3120.0
2022-09-27 05:00:00,0.504,-0.098,-0.602,-75.989994,37.16519,8632200,NOAA_NOS,IAN,2022,3180.0
2022-09-27 06:00:00,-0.155,-0.737,-0.582,-75.989994,37.16519,8632200,NOAA_NOS,IAN,2022,3240.0
2022-09-27 07:00:00,-0.657,-1.167,-0.51,-75.989994,37.16519,8632200,NOAA_NOS,IAN,2022,3300.0
2022-09-27 08:00:00,-0.874,-1.314,-0.44,-75.989994,37.16519,8632200,NOAA_NOS,IAN,2022,3360.0
2022-09-27 09:00:00,-0.687,-1.153,-0.4659999999999999,-75.989994,37.16519,8632200,NOAA_NOS,IAN,2022,3420.0
2022-09-27 10:00:00,-0.26,-0.624,-0.364,-75.989994,37.16519,8632200,NOAA_NOS,IAN,2022,3480.0
2022-09-27 11:00:00,0.36,0.167,-0.1929999999999999,-75.989994,37.16519,8632200,NOAA_NOS,IAN,2022,3540.0
2022-09-27 12:00:00,1.092,0.904,-0.188,-75.989994,37.16519,8632200,NOAA_NOS,IAN,2022,3600.0
2022-09-27 13:00:00,1.718,1.399,-0.3189999999999999,-75.989994,37.16519,8632200,NOAA_NOS,IAN,2022,3660.0
2022-09-27 14:00:00,2.007,1.573,-0.4340000000000001,-75.989994,37.16519,8632200,NOAA_NOS,IAN,2022,3720.0
2022-09-27 15:00:00,1.945,1.443,-0.502,-75.989994,37.16519,8632200,NOAA_NOS,IAN,2022,3780.0
2022-09-27 16:00:00,1.607,1.023,-0.5840000000000001,-75.989994,37.16519,8632200,NOAA_NOS,IAN,2022,3840.0
2022-09-27 17:00:00,0.855,0.353,-0.502,-75.989994,37.16519,8632200,NOAA_NOS,IAN,2022,3900.0
2022-09-27 18:00:00,0.094,-0.39,-0.484,-75.989994,37.16519,8632200,NOAA_NOS,IAN,2022,3960.0
2022-09-27 19:00:00,-0.444,-0.958,-0.514,-75.989994,37.16519,8632200,NOAA_NOS,IAN,2022,4020.0
2022-09-27 20:00:00,-0.7,-1.263,-0.563,-75.989994,37.16519,8632200,NOAA_NOS,IAN,2022,4080.0
2022-09-27 21:00:00,-0.723,-1.27,-0.547,-75.989994,37.16519,8632200,NOAA_NOS,IAN,2022,4140.0
2022-09-27 22:00:00,-0.365,-0.963,-0.598,-75.989994,37.16519,8632200,NOAA_NOS,IAN,2022,4200.0
2022-09-27 23:00:00,0.304,-0.32,-0.624,-75.989994,37.16519,8632200,NOAA_NOS,IAN,2022,4260.0
2022-09-28 00:00:00,1.019,0.422,-0.597,-75.989994,37.16519,8632200,NOAA_NOS,IAN,2022,4320.0
2022-09-28 01:00:00,1.567,1.009,-0.558,-75.989994,37.16519,8632200,NOAA_NOS,IAN,2022,4380.0
2022-09-28 02:00:00,1.823,1.295,-0.528,-75.989994,37.16519,8632200,NOAA_NOS,IAN,2022,4440.0
2022-09-28 03:00:00,1.794,1.254,-0.54,-75.989994,37.16519,8632200,NOAA_NOS,IAN,2022,4500.0
2022-09-28 04:00:00,1.488,0.916,-0.572,-75.989994,37.16519,8632200,NOAA_NOS,IAN,2022,4560.0
2022-09-28 05:00:00,1.009,0.327,-0.6819999999999999,-75.989994,37.16519,8632200,NOAA_NOS,IAN,2022,4620.0
2022-09-28 06:00:00,0.458,-0.363,-0.821,-75.989994,37.16519,8632200,NOAA_NOS,IAN,2022,4680.0
2022-09-28 07:00:00,-0.231,-0.927,-0.6960000000000001,-75.989994,37.16519,8632200,NOAA_NOS,IAN,2022,4740.0
2022-09-28 08:00:00,-0.674,-1.263,-0.5889999999999999,-75.989994,37.16519,8632200,NOAA_NOS,IAN,2022,4800.0
2022-09-28 09:00:00,-0.798,-1.314,-0.516,-75.989994,37.16519,8632200,NOAA_NOS,IAN,2022,4860.0
2022-09-28 10:00:00,-0.526,-1.037,-0.5109999999999999,-75.989994,37.16519,8632200,NOAA_NOS,IAN,2022,4920.0
2022-09-28 11:00:00,0.022,-0.366,-0.388,-75.989994,37.16519,8632200,NOAA_NOS,IAN,2022,4980.0
2022-09-28 12:00:00,0.777,0.459,-0.318,-75.989994,37.16519,8632200,NOAA_NOS,IAN,2022,5040.0
2022-09-28 13:00:00,1.544,1.159,-0.385,-75.989994,37.16519,8632200,NOAA_NOS,IAN,2022,5100.0
2022-09-28 14:00:00,2.02,1.567,-0.453,-75.989994,37.16519,8632200,NOAA_NOS,IAN,2022,5160.0
2022-09-28 15:00:00,2.063,1.655,-0.4080000000000001,-75.989994,37.16519,8632200,NOAA_NOS,IAN,2022,5220.0
2022-09-28 16:00:00,1.859,1.428,-0.431,-75.989994,37.16519,8632200,NOAA_NOS,IAN,2022,5280.0
2022-09-28 17:00:00,1.397,0.938,-0.4590000000000001,-75.989994,37.16519,8632200,NOAA_NOS,IAN,2022,5340.0
2022-09-28 18:00:00,0.593,0.199,-0.3939999999999999,-75.989994,37.16519,8632200,NOAA_NOS,IAN,2022,5400.0
2022-09-28 19:00:00,-0.172,-0.538,-0.366,-75.989994,37.16519,8632200,NOAA_NOS,IAN,2022,5460.0
2022-09-28 20:00:00,-0.739,-1.057,-0.3179999999999999,-75.989994,37.16519,8632200,NOAA_NOS,IAN,2022,5520.0
2022-09-28 21:00:00,-0.952,-1.282,-0.33,-75.989994,37.16519,8632200,NOAA_NOS,IAN,2022,5580.0
2022-09-28 22:00:00,-0.861,-1.22,-0.359,-75.989994,37.16519,8632200,NOAA_NOS,IAN,2022,5640.0
2022-09-28 23:00:00,-0.47,-0.846,-0.376,-75.989994,37.16519,8632200,NOAA_NOS,IAN,2022,5700.0
2022-09-29 00:00:00,0.173,-0.162,-0.3349999999999999,-75.989994,37.16519,8632200,NOAA_NOS,IAN,2022,5760.0
2022-09-29 01:00:00,0.783,0.552,-0.2309999999999999,-75.989994,37.16519,8632200,NOAA_NOS,IAN,2022,5820.0
2022-09-29 02:00:00,1.269,1.061,-0.2079999999999999,-75.989994,37.16519,8632200,NOAA_NOS,IAN,2022,5880.0
2022-09-29 03:00:00,1.488,1.262,-0.2259999999999999,-75.989994,37.16519,8632200,NOAA_NOS,IAN,2022,5940.0
2022-09-29 04:00:00,1.42,1.135,-0.2849999999999999,-75.989994,37.16519,8632200,NOAA_NOS,IAN,2022,6000.0
2022-09-29 05:00:00,1.111,0.737,-0.374,-75.989994,37.16519,8632200,NOAA_NOS,IAN,2022,6060.0
2022-09-29 06:00:00,0.534,0.124,-0.41,-75.989994,37.16519,8632200,NOAA_NOS,IAN,2022,6120.0
2022-09-29 07:00:00,-0.126,-0.512,-0.386,-75.989994,37.16519,8632200,NOAA_NOS,IAN,2022,6180.0
2022-09-29 08:00:00,-0.637,-0.984,-0.347,-75.989994,37.16519,8632200,NOAA_NOS,IAN,2022,6240.0
2022-09-29 09:00:00,-0.782,-1.221,-0.439,-75.989994,37.16519,8632200,NOAA_NOS,IAN,2022,6300.0
2022-09-29 10:00:00,-0.647,-1.161,-0.514,-75.989994,37.16519,8632200,NOAA_NOS,IAN,2022,6360.0
2022-09-29 11:00:00,-0.191,-0.763,-0.5720000000000001,-75.989994,37.16519,8632200,NOAA_NOS,IAN,2022,6420.0
2022-09-29 12:00:00,0.432,-0.022,-0.454,-75.989994,37.16519,8632200,NOAA_NOS,IAN,2022,6480.0
2022-09-29 13:00:00,1.226,0.762,-0.4639999999999999,-75.989994,37.16519,8632200,NOAA_NOS,IAN,2022,6540.0
2022-09-29 14:00:00,1.902,1.384,-0.518,-75.989994,37.16519,8632200,NOAA_NOS,IAN,2022,6600.0
2022-09-29 15:00:00,2.351,1.725,-0.6259999999999999,-75.989994,37.16519,8632200,NOAA_NOS,IAN,2022,6660.0
2022-09-29 16:00:00,2.417,1.762,-0.6549999999999998,-75.989994,37.16519,8632200,NOAA_NOS,IAN,2022,6720.0
2022-09-29 17:00:00,2.168,1.502,-0.6660000000000001,-75.989994,37.16519,8632200,NOAA_NOS,IAN,2022,6780.0
2022-09-29 18:00:00,1.62,0.997,-0.6230000000000001,-75.989994,37.16519,8632200,NOAA_NOS,IAN,2022,6840.0
2022-09-29 19:00:00,0.96,0.24,-0.72,-75.989994,37.16519,8632200,NOAA_NOS,IAN,2022,6900.0
2022-09-29 20:00:00,0.307,-0.49,-0.7969999999999999,-75.989994,37.16519,8632200,NOAA_NOS,IAN,2022,6960.0
2022-09-29 21:00:00,-0.139,-0.973,-0.834,-75.989994,37.16519,8632200,NOAA_NOS,IAN,2022,7020.0
2022-09-29 22:00:00,-0.263,-1.148,-0.8849999999999999,-75.989994,37.16519,8632200,NOAA_NOS,IAN,2022,7080.0
2022-09-29 23:00:00,-0.034,-1.007,-0.973,-75.989994,37.16519,8632200,NOAA_NOS,IAN,2022,7140.0
2022-09-30 00:00:00,0.465,-0.544,-1.009,-75.989994,37.16519,8632200,NOAA_NOS,IAN,2022,7200.0
2022-09-30 01:00:00,1.042,0.208,-0.8340000000000001,-75.989994,37.16519,8632200,NOAA_NOS,IAN,2022,7260.0
2022-09-30 02:00:00,1.62,0.906,-0.7140000000000001,-75.989994,37.16519,8632200,NOAA_NOS,IAN,2022,7320.0
2022-09-30 03:00:00,2.0,1.342,-0.6579999999999999,-75.989994,37.16519,8632200,NOAA_NOS,IAN,2022,7380.0
2022-09-30 04:00:00,2.286,1.465,-0.821,-75.989994,37.16519,8632200,NOAA_NOS,IAN,2022,7440.0
2022-09-30 05:00:00,2.181,1.285,-0.8960000000000001,-75.989994,37.16519,8632200,NOAA_NOS,IAN,2022,7500.0
2022-09-30 06:00:00,1.836,0.892,-0.944,-75.989994,37.16519,8632200,NOAA_NOS,IAN,2022,7560.0
2022-09-30 07:00:00,1.311,0.353,-0.958,-75.989994,37.16519,8632200,NOAA_NOS,IAN,2022,7620.0
2022-09-30 08:00:00,0.767,-0.236,-1.003,-75.989994,37.16519,8632200,NOAA_NOS,IAN,2022,7680.0
2022-09-30 09:00:00,0.491,-0.716,-1.207,-75.989994,37.16519,8632200,NOAA_NOS,IAN,2022,7740.0
2022-09-30 10:00:00,0.291,-0.975,-1.266,-75.989994,37.16519,8632200,NOAA_NOS,IAN,2022,7800.0
2022-09-30 11:00:00,0.462,-0.94,-1.402,-75.989994,37.16519,8632200,NOAA_NOS,IAN,2022,7860.0
2022-09-30 12:00:00,0.934,-0.501,-1.435,-75.989994,37.16519,8632200,NOAA_NOS,IAN,2022,7920.0
2022-09-30 13:00:00,1.571,0.254,-1.317,-75.989994,37.16519,8632200,NOAA_NOS,IAN,2022,7980.0
2022-09-30 14:00:00,2.299,1.029,-1.27,-75.989994,37.16519,8632200,NOAA_NOS,IAN,2022,8040.0
2022-09-30 15:00:00,2.939,1.591,-1.348,-75.989994,37.16519,8632200,NOAA_NOS,IAN,2022,8100.0
2022-09-30 16:00:00,3.214,1.86,-1.354,-75.989994,37.16519,8632200,NOAA_NOS,IAN,2022,8160.0
2022-09-30 17:00:00,3.336,1.828,-1.5079999999999998,-75.989994,37.16519,8632200,NOAA_NOS,IAN,2022,8220.0
2022-09-30 18:00:00,3.142,1.551,-1.591,-75.989994,37.16519,8632200,NOAA_NOS,IAN,2022,8280.0
2022-09-30 19:00:00,2.693,1.067,-1.626,-75.989994,37.16519,8632200,NOAA_NOS,IAN,2022,8340.0
2022-09-30 20:00:00,2.184,0.353,-1.831,-75.989994,37.16519,8632200,NOAA_NOS,IAN,2022,8400.0
2022-09-30 21:00:00,1.843,-0.323,-2.166,-75.989994,37.16519,8632200,NOAA_NOS,IAN,2022,8460.0
2022-09-30 22:00:00,1.728,-0.757,-2.485,-75.989994,37.16519,8632200,NOAA_NOS,IAN,2022,8520.0
2022-09-30 23:00:00,1.61,-0.879,-2.489,-75.989994,37.16519,8632200,NOAA_NOS,IAN,2022,8580.0
2022-10-01 00:00:00,1.879,-0.748,-2.627,-75.989994,37.16519,8632200,NOAA_NOS,IAN,2022,8640.0
2022-10-01 01:00:00,2.299,-0.359,-2.658,-75.989994,37.16519,8632200,NOAA_NOS,IAN,2022,8700.0
2022-10-01 02:00:00,2.788,0.299,-2.489,-75.989994,37.16519,8632200,NOAA_NOS,IAN,2022,8760.0
2022-10-01 03:00:00,3.175,0.92,-2.255,-75.989994,37.16519,8632200,NOAA_NOS,IAN,2022,8820.0
2022-10-01 04:00:00,3.427,1.325,-2.1020000000000003,-75.989994,37.16519,8632200,NOAA_NOS,IAN,2022,8880.0
2022-10-01 05:00:00,3.365,1.427,-1.938,-75.989994,37.16519,8632200,NOAA_NOS,IAN,2022,8940.0
2022-10-01 06:00:00,3.011,1.154,-1.857,-75.989994,37.16519,8632200,NOAA_NOS,IAN,2022,9000.0
2022-10-01 07:00:00,2.407,0.604,-1.803,-75.989994,37.16519,8632200,NOAA_NOS,IAN,2022,9060.0
2022-10-01 08:00:00,1.817,-0.058,-1.875,-75.989994,37.16519,8632200,NOAA_NOS,IAN,2022,9120.0
2022-10-01 09:00:00,1.18,-0.618,-1.798,-75.989994,37.16519,8632200,NOAA_NOS,IAN,2022,9180.0
2022-10-01 10:00:00,0.747,-0.925,-1.6720000000000002,-75.989994,37.16519,8632200,NOAA_NOS,IAN,2022,9240.0
2022-10-01 11:00:00,0.563,-0.967,-1.5299999999999998,-75.989994,37.16519,8632200,NOAA_NOS,IAN,2022,9300.0
2022-10-01 12:00:00,0.714,-0.806,-1.52,-75.989994,37.16519,8632200,NOAA_NOS,IAN,2022,9360.0
2022-10-01 13:00:00,1.16,-0.36,-1.52,-75.989994,37.16519,8632200,NOAA_NOS,IAN,2022,9420.0
2022-10-01 14:00:00,1.744,0.38,-1.364,-75.989994,37.16519,8632200,NOAA_NOS,IAN,2022,9480.0
2022-10-01 15:00:00,2.328,1.168,-1.16,-75.989994,37.16519,8632200,NOAA_NOS,IAN,2022,9540.0
2022-10-01 16:00:00,2.926,1.709,-1.217,-75.989994,37.16519,8632200,NOAA_NOS,IAN,2022,9600.0
2022-10-01 17:00:00,3.191,1.868,-1.3229999999999995,-75.989994,37.16519,8632200,NOAA_NOS,IAN,2022,9660.0
2022-10-01 18:00:00,3.119,1.722,-1.3970000000000002,-75.989994,37.16519,8632200,NOAA_NOS,IAN,2022,9720.0
2022-10-01 19:00:00,2.761,1.306,-1.455,-75.989994,37.16519,8632200,NOAA_NOS,IAN,2022,9780.0
2022-10-01 20:00:00,2.25,0.684,-1.5659999999999998,-75.989994,37.16519,8632200,NOAA_NOS,IAN,2022,9840.0
2022-10-01 21:00:00,1.557,0.009,-1.548,-75.989994,37.16519,8632200,NOAA_NOS,IAN,2022,9900.0
2022-10-01 22:00:00,0.964,-0.519,-1.483,-75.989994,37.16519,8632200,NOAA_NOS,IAN,2022,9960.0
2022-10-01 23:00:00,0.593,-0.819,-1.412,-75.989994,37.16519,8632200,NOAA_NOS,IAN,2022,10020.0
2022-09-25 01:00:00,0.449,-0.48,-0.929,-77.036611,38.31975,8635027,NOAA_NOS,IAN,2022,60.0
2022-09-25 02:00:00,0.577,-0.417,-0.994,-77.036611,38.31975,8635027,NOAA_NOS,IAN,2022,120.0
2022-09-25 03:00:00,0.932,-0.12,-1.052,-77.036611,38.31975,8635027,NOAA_NOS,IAN,2022,180.0
2022-09-25 04:00:00,1.394,0.22,-1.174,-77.036611,38.31975,8635027,NOAA_NOS,IAN,2022,240.0
2022-09-25 05:00:00,1.781,0.436,-1.345,-77.036611,38.31975,8635027,NOAA_NOS,IAN,2022,300.0
2022-09-25 06:00:00,1.939,0.572,-1.367,-77.036611,38.31975,8635027,NOAA_NOS,IAN,2022,360.0
2022-09-25 07:00:00,1.923,0.643,-1.28,-77.036611,38.31975,8635027,NOAA_NOS,IAN,2022,420.0
2022-09-25 08:00:00,1.732,0.59,-1.142,-77.036611,38.31975,8635027,NOAA_NOS,IAN,2022,480.0
2022-09-25 09:00:00,1.447,0.354,-1.093,-77.036611,38.31975,8635027,NOAA_NOS,IAN,2022,540.0
2022-09-25 10:00:00,1.089,0.007,-1.082,-77.036611,38.31975,8635027,NOAA_NOS,IAN,2022,600.0
2022-09-25 11:00:00,0.771,-0.217,-0.988,-77.036611,38.31975,8635027,NOAA_NOS,IAN,2022,660.0
2022-09-25 12:00:00,0.492,-0.358,-0.85,-77.036611,38.31975,8635027,NOAA_NOS,IAN,2022,720.0
2022-09-25 13:00:00,0.325,-0.466,-0.791,-77.036611,38.31975,8635027,NOAA_NOS,IAN,2022,780.0
2022-09-25 14:00:00,0.266,-0.468,-0.734,-77.036611,38.31975,8635027,NOAA_NOS,IAN,2022,840.0
2022-09-25 15:00:00,0.361,-0.285,-0.6459999999999999,-77.036611,38.31975,8635027,NOAA_NOS,IAN,2022,900.0
2022-09-25 16:00:00,0.65,0.09,-0.56,-77.036611,38.31975,8635027,NOAA_NOS,IAN,2022,960.0
2022-09-25 17:00:00,0.997,0.36,-0.637,-77.036611,38.31975,8635027,NOAA_NOS,IAN,2022,1020.0
2022-09-25 18:00:00,1.296,0.525,-0.771,-77.036611,38.31975,8635027,NOAA_NOS,IAN,2022,1080.0
2022-09-25 19:00:00,1.444,0.641,-0.8029999999999999,-77.036611,38.31975,8635027,NOAA_NOS,IAN,2022,1140.0
2022-09-25 20:00:00,1.401,0.633,-0.768,-77.036611,38.31975,8635027,NOAA_NOS,IAN,2022,1200.0
2022-09-25 21:00:00,1.158,0.454,-0.704,-77.036611,38.31975,8635027,NOAA_NOS,IAN,2022,1260.0
2022-09-25 22:00:00,0.791,0.101,-0.6900000000000001,-77.036611,38.31975,8635027,NOAA_NOS,IAN,2022,1320.0
2022-09-25 23:00:00,0.367,-0.174,-0.5409999999999999,-77.036611,38.31975,8635027,NOAA_NOS,IAN,2022,1380.0
2022-09-26 00:00:00,0.016,-0.325,-0.341,-77.036611,38.31975,8635027,NOAA_NOS,IAN,2022,1440.0
2022-09-26 01:00:00,-0.39,-0.449,-0.059,-77.036611,38.31975,8635027,NOAA_NOS,IAN,2022,1500.0
2022-09-26 02:00:00,-0.489,-0.489,0.0,-77.036611,38.31975,8635027,NOAA_NOS,IAN,2022,1560.0
2022-09-26 03:00:00,-0.233,-0.365,-0.1319999999999999,-77.036611,38.31975,8635027,NOAA_NOS,IAN,2022,1620.0
2022-09-26 04:00:00,-0.184,0.003,0.187,-77.036611,38.31975,8635027,NOAA_NOS,IAN,2022,1680.0
2022-09-26 05:00:00,0.19,0.319,0.129,-77.036611,38.31975,8635027,NOAA_NOS,IAN,2022,1740.0
2022-09-26 06:00:00,0.61,0.506,-0.1039999999999999,-77.036611,38.31975,8635027,NOAA_NOS,IAN,2022,1800.0
2022-09-26 07:00:00,0.86,0.635,-0.2249999999999999,-77.036611,38.31975,8635027,NOAA_NOS,IAN,2022,1860.0
2022-09-26 08:00:00,0.951,0.666,-0.2849999999999999,-77.036611,38.31975,8635027,NOAA_NOS,IAN,2022,1920.0
2022-09-26 09:00:00,0.869,0.539,-0.3299999999999999,-77.036611,38.31975,8635027,NOAA_NOS,IAN,2022,1980.0
2022-09-26 10:00:00,0.646,0.208,-0.438,-77.036611,38.31975,8635027,NOAA_NOS,IAN,2022,2040.0
2022-09-26 11:00:00,0.203,-0.111,-0.314,-77.036611,38.31975,8635027,NOAA_NOS,IAN,2022,2100.0
2022-09-26 12:00:00,-0.154,-0.293,-0.1389999999999999,-77.036611,38.31975,8635027,NOAA_NOS,IAN,2022,2160.0
2022-09-26 13:00:00,-0.459,-0.427,0.032,-77.036611,38.31975,8635027,NOAA_NOS,IAN,2022,2220.0
2022-09-26 14:00:00,-0.673,-0.501,0.172,-77.036611,38.31975,8635027,NOAA_NOS,IAN,2022,2280.0
2022-09-26 15:00:00,-0.702,-0.433,0.2689999999999999,-77.036611,38.31975,8635027,NOAA_NOS,IAN,2022,2340.0
2022-09-26 16:00:00,-0.469,-0.104,0.365,-77.036611,38.31975,8635027,NOAA_NOS,IAN,2022,2400.0
2022-09-26 17:00:00,-0.033,0.261,0.294,-77.036611,38.31975,8635027,NOAA_NOS,IAN,2022,2460.0
2022-09-26 18:00:00,0.394,0.494,0.0999999999999999,-77.036611,38.31975,8635027,NOAA_NOS,IAN,2022,2520.0
2022-09-26 19:00:00,0.781,0.646,-0.135,-77.036611,38.31975,8635027,NOAA_NOS,IAN,2022,2580.0
2022-09-26 20:00:00,0.955,0.722,-0.2329999999999999,-77.036611,38.31975,8635027,NOAA_NOS,IAN,2022,2640.0
2022-09-26 21:00:00,0.974,0.664,-0.3099999999999999,-77.036611,38.31975,8635027,NOAA_NOS,IAN,2022,2700.0
2022-09-26 22:00:00,0.804,0.402,-0.402,-77.036611,38.31975,8635027,NOAA_NOS,IAN,2022,2760.0
2022-09-26 23:00:00,0.499,0.03,-0.469,-77.036611,38.31975,8635027,NOAA_NOS,IAN,2022,2820.0
2022-09-27 00:00:00,0.138,-0.204,-0.3419999999999999,-77.036611,38.31975,8635027,NOAA_NOS,IAN,2022,2880.0
2022-09-27 01:00:00,-0.18,-0.355,-0.175,-77.036611,38.31975,8635027,NOAA_NOS,IAN,2022,2940.0
2022-09-27 02:00:00,-0.305,-0.47,-0.1649999999999999,-77.036611,38.31975,8635027,NOAA_NOS,IAN,2022,3000.0
2022-09-27 03:00:00,-0.197,-0.473,-0.2759999999999999,-77.036611,38.31975,8635027,NOAA_NOS,IAN,2022,3060.0
2022-09-27 04:00:00,0.217,-0.276,-0.493,-77.036611,38.31975,8635027,NOAA_NOS,IAN,2022,3120.0
2022-09-27 05:00:00,0.787,0.12,-0.667,-77.036611,38.31975,8635027,NOAA_NOS,IAN,2022,3180.0
2022-09-27 06:00:00,1.266,0.401,-0.865,-77.036611,38.31975,8635027,NOAA_NOS,IAN,2022,3240.0
2022-09-27 07:00:00,1.526,0.567,-0.959,-77.036611,38.31975,8635027,NOAA_NOS,IAN,2022,3300.0
2022-09-27 08:00:00,1.667,0.681,-0.986,-77.036611,38.31975,8635027,NOAA_NOS,IAN,2022,3360.0
2022-09-27 09:00:00,1.591,0.654,-0.937,-77.036611,38.31975,8635027,NOAA_NOS,IAN,2022,3420.0
2022-09-27 10:00:00,1.25,0.429,-0.821,-77.036611,38.31975,8635027,NOAA_NOS,IAN,2022,3480.0
2022-09-27 11:00:00,0.781,0.05,-0.731,-77.036611,38.31975,8635027,NOAA_NOS,IAN,2022,3540.0
2022-09-27 12:00:00,0.348,-0.219,-0.567,-77.036611,38.31975,8635027,NOAA_NOS,IAN,2022,3600.0
2022-09-27 13:00:00,0.013,-0.366,-0.379,-77.036611,38.31975,8635027,NOAA_NOS,IAN,2022,3660.0
2022-09-27 14:00:00,-0.187,-0.489,-0.302,-77.036611,38.31975,8635027,NOAA_NOS,IAN,2022,3720.0
2022-09-27 15:00:00,-0.203,-0.513,-0.31,-77.036611,38.31975,8635027,NOAA_NOS,IAN,2022,3780.0
2022-09-27 16:00:00,-0.062,-0.335,-0.273,-77.036611,38.31975,8635027,NOAA_NOS,IAN,2022,3840.0
2022-09-27 17:00:00,0.308,0.091,-0.217,-77.036611,38.31975,8635027,NOAA_NOS,IAN,2022,3900.0
2022-09-27 18:00:00,0.774,0.403,-0.371,-77.036611,38.31975,8635027,NOAA_NOS,IAN,2022,3960.0
2022-09-27 19:00:00,1.168,0.591,-0.577,-77.036611,38.31975,8635027,NOAA_NOS,IAN,2022,4020.0
2022-09-27 20:00:00,1.417,0.74,-0.677,-77.036611,38.31975,8635027,NOAA_NOS,IAN,2022,4080.0
2022-09-27 21:00:00,1.43,0.772,-0.6579999999999999,-77.036611,38.31975,8635027,NOAA_NOS,IAN,2022,4140.0
2022-09-27 22:00:00,1.299,0.654,-0.6449999999999999,-77.036611,38.31975,8635027,NOAA_NOS,IAN,2022,4200.0
2022-09-27 23:00:00,0.935,0.32,-0.615,-77.036611,38.31975,8635027,NOAA_NOS,IAN,2022,4260.0
2022-09-28 00:00:00,0.476,-0.025,-0.501,-77.036611,38.31975,8635027,NOAA_NOS,IAN,2022,4320.0
2022-09-28 01:00:00,0.062,-0.223,-0.285,-77.036611,38.31975,8635027,NOAA_NOS,IAN,2022,4380.0
2022-09-28 02:00:00,-0.207,-0.381,-0.174,-77.036611,38.31975,8635027,NOAA_NOS,IAN,2022,4440.0
2022-09-28 03:00:00,-0.39,-0.474,-0.0839999999999999,-77.036611,38.31975,8635027,NOAA_NOS,IAN,2022,4500.0
2022-09-28 04:00:00,-0.344,-0.437,-0.093,-77.036611,38.31975,8635027,NOAA_NOS,IAN,2022,4560.0
2022-09-28 05:00:00,-0.023,-0.175,-0.152,-77.036611,38.31975,8635027,NOAA_NOS,IAN,2022,4620.0
2022-09-28 06:00:00,0.4,0.208,-0.192,-77.036611,38.31975,8635027,NOAA_NOS,IAN,2022,4680.0
2022-09-28 07:00:00,0.705,0.459,-0.2459999999999999,-77.036611,38.31975,8635027,NOAA_NOS,IAN,2022,4740.0
2022-09-28 08:00:00,1.007,0.609,-0.3979999999999999,-77.036611,38.31975,8635027,NOAA_NOS,IAN,2022,4800.0
2022-09-28 09:00:00,1.076,0.684,-0.392,-77.036611,38.31975,8635027,NOAA_NOS,IAN,2022,4860.0
2022-09-28 10:00:00,0.886,0.593,-0.293,-77.036611,38.31975,8635027,NOAA_NOS,IAN,2022,4920.0
2022-09-28 11:00:00,0.581,0.279,-0.3019999999999999,-77.036611,38.31975,8635027,NOAA_NOS,IAN,2022,4980.0
2022-09-28 12:00:00,0.187,-0.072,-0.259,-77.036611,38.31975,8635027,NOAA_NOS,IAN,2022,5040.0
2022-09-28 13:00:00,-0.249,-0.3,-0.0509999999999999,-77.036611,38.31975,8635027,NOAA_NOS,IAN,2022,5100.0
2022-09-28 14:00:00,-0.505,-0.429,0.076,-77.036611,38.31975,8635027,NOAA_NOS,IAN,2022,5160.0
2022-09-28 15:00:00,-0.63,-0.523,0.1069999999999999,-77.036611,38.31975,8635027,NOAA_NOS,IAN,2022,5220.0
2022-09-28 16:00:00,-0.591,-0.495,0.0959999999999999,-77.036611,38.31975,8635027,NOAA_NOS,IAN,2022,5280.0
2022-09-28 17:00:00,-0.328,-0.201,0.127,-77.036611,38.31975,8635027,NOAA_NOS,IAN,2022,5340.0
2022-09-28 18:00:00,0.167,0.217,0.0499999999999999,-77.036611,38.31975,8635027,NOAA_NOS,IAN,2022,5400.0
2022-09-28 19:00:00,0.686,0.495,-0.191,-77.036611,38.31975,8635027,NOAA_NOS,IAN,2022,5460.0
2022-09-28 20:00:00,1.017,0.669,-0.3479999999999998,-77.036611,38.31975,8635027,NOAA_NOS,IAN,2022,5520.0
2022-09-28 21:00:00,1.171,0.788,-0.383,-77.036611,38.31975,8635027,NOAA_NOS,IAN,2022,5580.0
2022-09-28 22:00:00,1.115,0.793,-0.3219999999999999,-77.036611,38.31975,8635027,NOAA_NOS,IAN,2022,5640.0
2022-09-28 23:00:00,0.899,0.623,-0.276,-77.036611,38.31975,8635027,NOAA_NOS,IAN,2022,5700.0
2022-09-29 00:00:00,0.505,0.247,-0.258,-77.036611,38.31975,8635027,NOAA_NOS,IAN,2022,5760.0
2022-09-29 01:00:00,0.089,-0.054,-0.143,-77.036611,38.31975,8635027,NOAA_NOS,IAN,2022,5820.0
2022-09-29 02:00:00,-0.315,-0.239,0.076,-77.036611,38.31975,8635027,NOAA_NOS,IAN,2022,5880.0
2022-09-29 03:00:00,-0.548,-0.393,0.155,-77.036611,38.31975,8635027,NOAA_NOS,IAN,2022,5940.0
2022-09-29 04:00:00,-0.643,-0.454,0.189,-77.036611,38.31975,8635027,NOAA_NOS,IAN,2022,6000.0
2022-09-29 05:00:00,-0.531,-0.376,0.155,-77.036611,38.31975,8635027,NOAA_NOS,IAN,2022,6060.0
2022-09-29 06:00:00,-0.217,-0.059,0.158,-77.036611,38.31975,8635027,NOAA_NOS,IAN,2022,6120.0
2022-09-29 07:00:00,0.171,0.3,0.1289999999999999,-77.036611,38.31975,8635027,NOAA_NOS,IAN,2022,6180.0
2022-09-29 08:00:00,0.594,0.527,-0.0669999999999999,-77.036611,38.31975,8635027,NOAA_NOS,IAN,2022,6240.0
2022-09-29 09:00:00,0.925,0.667,-0.258,-77.036611,38.31975,8635027,NOAA_NOS,IAN,2022,6300.0
2022-09-29 10:00:00,0.984,0.71,-0.274,-77.036611,38.31975,8635027,NOAA_NOS,IAN,2022,6360.0
2022-09-29 11:00:00,0.823,0.576,-0.247,-77.036611,38.31975,8635027,NOAA_NOS,IAN,2022,6420.0
2022-09-29 12:00:00,0.505,0.226,-0.279,-77.036611,38.31975,8635027,NOAA_NOS,IAN,2022,6480.0
2022-09-29 13:00:00,0.128,-0.089,-0.217,-77.036611,38.31975,8635027,NOAA_NOS,IAN,2022,6540.0
2022-09-29 14:00:00,-0.233,-0.267,-0.034,-77.036611,38.31975,8635027,NOAA_NOS,IAN,2022,6600.0
2022-09-29 15:00:00,-0.423,-0.379,0.0439999999999999,-77.036611,38.31975,8635027,NOAA_NOS,IAN,2022,6660.0
2022-09-29 16:00:00,-0.459,-0.434,0.025,-77.036611,38.31975,8635027,NOAA_NOS,IAN,2022,6720.0
2022-09-29 17:00:00,-0.456,-0.326,0.13,-77.036611,38.31975,8635027,NOAA_NOS,IAN,2022,6780.0
2022-09-29 18:00:00,-0.253,0.065,0.318,-77.036611,38.31975,8635027,NOAA_NOS,IAN,2022,6840.0
2022-09-29 19:00:00,0.213,0.421,0.208,-77.036611,38.31975,8635027,NOAA_NOS,IAN,2022,6900.0
2022-09-29 20:00:00,0.669,0.658,-0.011,-77.036611,38.31975,8635027,NOAA_NOS,IAN,2022,6960.0
2022-09-29 21:00:00,0.958,0.839,-0.119,-77.036611,38.31975,8635027,NOAA_NOS,IAN,2022,7020.0
2022-09-29 22:00:00,1.112,0.949,-0.1630000000000001,-77.036611,38.31975,8635027,NOAA_NOS,IAN,2022,7080.0
2022-09-29 23:00:00,1.106,0.956,-0.1500000000000001,-77.036611,38.31975,8635027,NOAA_NOS,IAN,2022,7140.0
2022-09-30 00:00:00,0.915,0.811,-0.1039999999999999,-77.036611,38.31975,8635027,NOAA_NOS,IAN,2022,7200.0
2022-09-30 01:00:00,0.587,0.443,-0.1439999999999999,-77.036611,38.31975,8635027,NOAA_NOS,IAN,2022,7260.0
2022-09-30 02:00:00,0.23,0.175,-0.055,-77.036611,38.31975,8635027,NOAA_NOS,IAN,2022,7320.0
2022-09-30 03:00:00,-0.085,0.004,0.089,-77.036611,38.31975,8635027,NOAA_NOS,IAN,2022,7380.0
2022-09-30 04:00:00,-0.174,-0.127,0.0469999999999999,-77.036611,38.31975,8635027,NOAA_NOS,IAN,2022,7440.0
2022-09-30 05:00:00,-0.089,-0.138,-0.049,-77.036611,38.31975,8635027,NOAA_NOS,IAN,2022,7500.0
2022-09-30 06:00:00,0.226,0.025,-0.201,-77.036611,38.31975,8635027,NOAA_NOS,IAN,2022,7560.0
2022-09-30 07:00:00,0.62,0.404,-0.2159999999999999,-77.036611,38.31975,8635027,NOAA_NOS,IAN,2022,7620.0
2022-09-30 08:00:00,1.056,0.714,-0.3420000000000001,-77.036611,38.31975,8635027,NOAA_NOS,IAN,2022,7680.0
2022-09-30 09:00:00,1.467,0.893,-0.5740000000000001,-77.036611,38.31975,8635027,NOAA_NOS,IAN,2022,7740.0
2022-09-30 10:00:00,1.66,0.998,-0.6619999999999999,-77.036611,38.31975,8635027,NOAA_NOS,IAN,2022,7800.0
2022-09-30 11:00:00,1.713,0.985,-0.7280000000000001,-77.036611,38.31975,8635027,NOAA_NOS,IAN,2022,7860.0
2022-09-30 12:00:00,1.614,0.83,-0.7840000000000001,-77.036611,38.31975,8635027,NOAA_NOS,IAN,2022,7920.0
2022-09-30 13:00:00,1.335,0.496,-0.839,-77.036611,38.31975,8635027,NOAA_NOS,IAN,2022,7980.0
2022-09-30 14:00:00,1.119,0.2,-0.919,-77.036611,38.31975,8635027,NOAA_NOS,IAN,2022,8040.0
2022-09-30 15:00:00,0.883,0.036,-0.847,-77.036611,38.31975,8635027,NOAA_NOS,IAN,2022,8100.0
2022-09-30 16:00:00,0.758,-0.095,-0.853,-77.036611,38.31975,8635027,NOAA_NOS,IAN,2022,8160.0
2022-09-30 17:00:00,0.797,-0.137,-0.934,-77.036611,38.31975,8635027,NOAA_NOS,IAN,2022,8220.0
2022-09-30 18:00:00,0.991,0.003,-0.988,-77.036611,38.31975,8635027,NOAA_NOS,IAN,2022,8280.0
2022-09-30 19:00:00,1.411,0.409,-1.002,-77.036611,38.31975,8635027,NOAA_NOS,IAN,2022,8340.0
2022-09-30 20:00:00,1.906,0.772,-1.134,-77.036611,38.31975,8635027,NOAA_NOS,IAN,2022,8400.0
2022-09-30 21:00:00,2.339,1.014,-1.325,-77.036611,38.31975,8635027,NOAA_NOS,IAN,2022,8460.0
2022-09-30 22:00:00,2.635,1.222,-1.4129999999999998,-77.036611,38.31975,8635027,NOAA_NOS,IAN,2022,8520.0
2022-09-30 23:00:00,2.703,1.348,-1.3549999999999998,-77.036611,38.31975,8635027,NOAA_NOS,IAN,2022,8580.0
2022-10-01 00:00:00,2.589,1.387,-1.202,-77.036611,38.31975,8635027,NOAA_NOS,IAN,2022,8640.0
2022-10-01 01:00:00,2.326,1.308,-1.018,-77.036611,38.31975,8635027,NOAA_NOS,IAN,2022,8700.0
2022-10-01 02:00:00,2.067,1.039,-1.0280000000000002,-77.036611,38.31975,8635027,NOAA_NOS,IAN,2022,8760.0
2022-10-01 03:00:00,1.903,0.821,-1.082,-77.036611,38.31975,8635027,NOAA_NOS,IAN,2022,8820.0
2022-10-01 04:00:00,1.824,0.687,-1.137,-77.036611,38.31975,8635027,NOAA_NOS,IAN,2022,8880.0
2022-10-01 05:00:00,1.88,0.575,-1.305,-77.036611,38.31975,8635027,NOAA_NOS,IAN,2022,8940.0
2022-10-01 06:00:00,2.106,0.516,-1.59,-77.036611,38.31975,8635027,NOAA_NOS,IAN,2022,9000.0
2022-10-01 07:00:00,2.329,0.583,-1.7460000000000002,-77.036611,38.31975,8635027,NOAA_NOS,IAN,2022,9060.0
2022-10-01 08:00:00,2.615,0.775,-1.8400000000000003,-77.036611,38.31975,8635027,NOAA_NOS,IAN,2022,9120.0
2022-10-01 09:00:00,2.871,0.992,-1.879,-77.036611,38.31975,8635027,NOAA_NOS,IAN,2022,9180.0
2022-10-01 10:00:00,3.025,1.13,-1.895,-77.036611,38.31975,8635027,NOAA_NOS,IAN,2022,9240.0
2022-10-01 11:00:00,3.058,1.162,-1.896,-77.036611,38.31975,8635027,NOAA_NOS,IAN,2022,9300.0
2022-10-01 12:00:00,2.943,1.071,-1.872,-77.036611,38.31975,8635027,NOAA_NOS,IAN,2022,9360.0
2022-10-01 13:00:00,2.631,0.732,-1.899,-77.036611,38.31975,8635027,NOAA_NOS,IAN,2022,9420.0
2022-10-01 14:00:00,2.27,0.36,-1.91,-77.036611,38.31975,8635027,NOAA_NOS,IAN,2022,9480.0
2022-10-01 15:00:00,1.995,0.155,-1.84,-77.036611,38.31975,8635027,NOAA_NOS,IAN,2022,9540.0
2022-10-01 16:00:00,1.752,0.082,-1.67,-77.036611,38.31975,8635027,NOAA_NOS,IAN,2022,9600.0
2022-10-01 17:00:00,1.601,0.055,-1.546,-77.036611,38.31975,8635027,NOAA_NOS,IAN,2022,9660.0
2022-10-01 18:00:00,1.509,0.049,-1.46,-77.036611,38.31975,8635027,NOAA_NOS,IAN,2022,9720.0
2022-10-01 19:00:00,1.594,0.184,-1.41,-77.036611,38.31975,8635027,NOAA_NOS,IAN,2022,9780.0
2022-10-01 20:00:00,1.834,0.534,-1.3,-77.036611,38.31975,8635027,NOAA_NOS,IAN,2022,9840.0
2022-10-01 21:00:00,2.234,0.817,-1.417,-77.036611,38.31975,8635027,NOAA_NOS,IAN,2022,9900.0
2022-10-01 22:00:00,2.582,1.007,-1.575,-77.036611,38.31975,8635027,NOAA_NOS,IAN,2022,9960.0
2022-10-01 23:00:00,2.812,1.159,-1.6529999999999998,-77.036611,38.31975,8635027,NOAA_NOS,IAN,2022,10020.0
2022-09-25 01:00:00,0.795,-0.178,-0.973,-76.464722,37.995278,8635750,NOAA_NOS,IAN,2022,60.0
2022-09-25 02:00:00,1.133,0.132,-1.001,-76.464722,37.995278,8635750,NOAA_NOS,IAN,2022,120.0
2022-09-25 03:00:00,1.425,0.342,-1.083,-76.464722,37.995278,8635750,NOAA_NOS,IAN,2022,180.0
2022-09-25 04:00:00,1.622,0.505,-1.117,-76.464722,37.995278,8635750,NOAA_NOS,IAN,2022,240.0
2022-09-25 05:00:00,1.714,0.605,-1.109,-76.464722,37.995278,8635750,NOAA_NOS,IAN,2022,300.0
2022-09-25 06:00:00,1.678,0.593,-1.085,-76.464722,37.995278,8635750,NOAA_NOS,IAN,2022,360.0
2022-09-25 07:00:00,1.547,0.395,-1.152,-76.464722,37.995278,8635750,NOAA_NOS,IAN,2022,420.0
2022-09-25 08:00:00,1.268,0.09,-1.178,-76.464722,37.995278,8635750,NOAA_NOS,IAN,2022,480.0
2022-09-25 09:00:00,0.956,-0.144,-1.1,-76.464722,37.995278,8635750,NOAA_NOS,IAN,2022,540.0
2022-09-25 10:00:00,0.661,-0.328,-0.989,-76.464722,37.995278,8635750,NOAA_NOS,IAN,2022,600.0
2022-09-25 11:00:00,0.451,-0.452,-0.903,-76.464722,37.995278,8635750,NOAA_NOS,IAN,2022,660.0
2022-09-25 12:00:00,0.356,-0.471,-0.827,-76.464722,37.995278,8635750,NOAA_NOS,IAN,2022,720.0
2022-09-25 13:00:00,0.418,-0.298,-0.716,-76.464722,37.995278,8635750,NOAA_NOS,IAN,2022,780.0
2022-09-25 14:00:00,0.658,0.023,-0.635,-76.464722,37.995278,8635750,NOAA_NOS,IAN,2022,840.0
2022-09-25 15:00:00,0.92,0.278,-0.642,-76.464722,37.995278,8635750,NOAA_NOS,IAN,2022,900.0
2022-09-25 16:00:00,1.16,0.457,-0.7029999999999998,-76.464722,37.995278,8635750,NOAA_NOS,IAN,2022,960.0
2022-09-25 17:00:00,1.304,0.586,-0.7180000000000001,-76.464722,37.995278,8635750,NOAA_NOS,IAN,2022,1020.0
2022-09-25 18:00:00,1.34,0.619,-0.7210000000000001,-76.464722,37.995278,8635750,NOAA_NOS,IAN,2022,1080.0
2022-09-25 19:00:00,1.242,0.479,-0.763,-76.464722,37.995278,8635750,NOAA_NOS,IAN,2022,1140.0
2022-09-25 20:00:00,0.986,0.181,-0.8049999999999999,-76.464722,37.995278,8635750,NOAA_NOS,IAN,2022,1200.0
2022-09-25 21:00:00,0.684,-0.081,-0.765,-76.464722,37.995278,8635750,NOAA_NOS,IAN,2022,1260.0
2022-09-25 22:00:00,0.169,-0.279,-0.448,-76.464722,37.995278,8635750,NOAA_NOS,IAN,2022,1320.0
2022-09-25 23:00:00,-0.094,-0.43,-0.3359999999999999,-76.464722,37.995278,8635750,NOAA_NOS,IAN,2022,1380.0
2022-09-26 00:00:00,-0.294,-0.49,-0.196,-76.464722,37.995278,8635750,NOAA_NOS,IAN,2022,1440.0
2022-09-26 01:00:00,-0.1,-0.378,-0.278,-76.464722,37.995278,8635750,NOAA_NOS,IAN,2022,1500.0
2022-09-26 02:00:00,-0.048,-0.064,-0.016,-76.464722,37.995278,8635750,NOAA_NOS,IAN,2022,1560.0
2022-09-26 03:00:00,0.162,0.228,0.066,-76.464722,37.995278,8635750,NOAA_NOS,IAN,2022,1620.0
2022-09-26 04:00:00,0.553,0.421,-0.132,-76.464722,37.995278,8635750,NOAA_NOS,IAN,2022,1680.0
2022-09-26 05:00:00,0.746,0.573,-0.173,-76.464722,37.995278,8635750,NOAA_NOS,IAN,2022,1740.0
2022-09-26 06:00:00,0.854,0.637,-0.2169999999999999,-76.464722,37.995278,8635750,NOAA_NOS,IAN,2022,1800.0
2022-09-26 07:00:00,0.91,0.553,-0.357,-76.464722,37.995278,8635750,NOAA_NOS,IAN,2022,1860.0
2022-09-26 08:00:00,0.7,0.278,-0.4219999999999999,-76.464722,37.995278,8635750,NOAA_NOS,IAN,2022,1920.0
2022-09-26 09:00:00,0.405,-0.016,-0.421,-76.464722,37.995278,8635750,NOAA_NOS,IAN,2022,1980.0
2022-09-26 10:00:00,0.123,-0.232,-0.355,-76.464722,37.995278,8635750,NOAA_NOS,IAN,2022,2040.0
2022-09-26 11:00:00,-0.146,-0.403,-0.257,-76.464722,37.995278,8635750,NOAA_NOS,IAN,2022,2100.0
2022-09-26 12:00:00,-0.34,-0.497,-0.1569999999999999,-76.464722,37.995278,8635750,NOAA_NOS,IAN,2022,2160.0
2022-09-26 13:00:00,-0.402,-0.441,-0.0389999999999999,-76.464722,37.995278,8635750,NOAA_NOS,IAN,2022,2220.0
2022-09-26 14:00:00,-0.284,-0.153,0.1309999999999999,-76.464722,37.995278,8635750,NOAA_NOS,IAN,2022,2280.0
2022-09-26 15:00:00,0.005,0.173,0.1679999999999999,-76.464722,37.995278,8635750,NOAA_NOS,IAN,2022,2340.0
2022-09-26 16:00:00,0.339,0.397,0.0579999999999999,-76.464722,37.995278,8635750,NOAA_NOS,IAN,2022,2400.0
2022-09-26 17:00:00,0.621,0.572,-0.049,-76.464722,37.995278,8635750,NOAA_NOS,IAN,2022,2460.0
2022-09-26 18:00:00,0.822,0.677,-0.1449999999999999,-76.464722,37.995278,8635750,NOAA_NOS,IAN,2022,2520.0
2022-09-26 19:00:00,0.946,0.66,-0.2859999999999999,-76.464722,37.995278,8635750,NOAA_NOS,IAN,2022,2580.0
2022-09-26 20:00:00,0.887,0.443,-0.444,-76.464722,37.995278,8635750,NOAA_NOS,IAN,2022,2640.0
2022-09-26 21:00:00,0.631,0.116,-0.515,-76.464722,37.995278,8635750,NOAA_NOS,IAN,2022,2700.0
2022-09-26 22:00:00,0.3,-0.125,-0.425,-76.464722,37.995278,8635750,NOAA_NOS,IAN,2022,2760.0
2022-09-26 23:00:00,0.074,-0.319,-0.393,-76.464722,37.995278,8635750,NOAA_NOS,IAN,2022,2820.0
2022-09-27 00:00:00,-0.054,-0.453,-0.399,-76.464722,37.995278,8635750,NOAA_NOS,IAN,2022,2880.0
2022-09-27 01:00:00,-0.015,-0.475,-0.4599999999999999,-76.464722,37.995278,8635750,NOAA_NOS,IAN,2022,2940.0
2022-09-27 02:00:00,0.267,-0.289,-0.556,-76.464722,37.995278,8635750,NOAA_NOS,IAN,2022,3000.0
2022-09-27 03:00:00,0.602,0.05,-0.5519999999999999,-76.464722,37.995278,8635750,NOAA_NOS,IAN,2022,3060.0
2022-09-27 04:00:00,0.93,0.311,-0.619,-76.464722,37.995278,8635750,NOAA_NOS,IAN,2022,3120.0
2022-09-27 05:00:00,1.16,0.493,-0.6669999999999999,-76.464722,37.995278,8635750,NOAA_NOS,IAN,2022,3180.0
2022-09-27 06:00:00,1.356,0.618,-0.7380000000000001,-76.464722,37.995278,8635750,NOAA_NOS,IAN,2022,3240.0
2022-09-27 07:00:00,1.452,0.638,-0.814,-76.464722,37.995278,8635750,NOAA_NOS,IAN,2022,3300.0
2022-09-27 08:00:00,1.271,0.467,-0.8039999999999998,-76.464722,37.995278,8635750,NOAA_NOS,IAN,2022,3360.0
2022-09-27 09:00:00,0.936,0.149,-0.787,-76.464722,37.995278,8635750,NOAA_NOS,IAN,2022,3420.0
2022-09-27 10:00:00,0.631,-0.114,-0.745,-76.464722,37.995278,8635750,NOAA_NOS,IAN,2022,3480.0
2022-09-27 11:00:00,0.352,-0.313,-0.665,-76.464722,37.995278,8635750,NOAA_NOS,IAN,2022,3540.0
2022-09-27 12:00:00,0.142,-0.468,-0.61,-76.464722,37.995278,8635750,NOAA_NOS,IAN,2022,3600.0
2022-09-27 13:00:00,0.031,-0.517,-0.548,-76.464722,37.995278,8635750,NOAA_NOS,IAN,2022,3660.0
2022-09-27 14:00:00,0.08,-0.357,-0.437,-76.464722,37.995278,8635750,NOAA_NOS,IAN,2022,3720.0
2022-09-27 15:00:00,0.326,0.007,-0.319,-76.464722,37.995278,8635750,NOAA_NOS,IAN,2022,3780.0
2022-09-27 16:00:00,0.703,0.298,-0.4049999999999999,-76.464722,37.995278,8635750,NOAA_NOS,IAN,2022,3840.0
2022-09-27 17:00:00,1.055,0.504,-0.5509999999999999,-76.464722,37.995278,8635750,NOAA_NOS,IAN,2022,3900.0
2022-09-27 18:00:00,1.304,0.669,-0.635,-76.464722,37.995278,8635750,NOAA_NOS,IAN,2022,3960.0
2022-09-27 19:00:00,1.422,0.747,-0.6749999999999999,-76.464722,37.995278,8635750,NOAA_NOS,IAN,2022,4020.0
2022-09-27 20:00:00,1.379,0.663,-0.716,-76.464722,37.995278,8635750,NOAA_NOS,IAN,2022,4080.0
2022-09-27 21:00:00,1.173,0.377,-0.796,-76.464722,37.995278,8635750,NOAA_NOS,IAN,2022,4140.0
2022-09-27 22:00:00,0.818,0.063,-0.7549999999999999,-76.464722,37.995278,8635750,NOAA_NOS,IAN,2022,4200.0
2022-09-27 23:00:00,0.471,-0.169,-0.64,-76.464722,37.995278,8635750,NOAA_NOS,IAN,2022,4260.0
2022-09-28 00:00:00,0.218,-0.353,-0.571,-76.464722,37.995278,8635750,NOAA_NOS,IAN,2022,4320.0
2022-09-28 01:00:00,0.057,-0.462,-0.519,-76.464722,37.995278,8635750,NOAA_NOS,IAN,2022,4380.0
2022-09-28 02:00:00,0.1,-0.439,-0.539,-76.464722,37.995278,8635750,NOAA_NOS,IAN,2022,4440.0
2022-09-28 03:00:00,0.339,-0.189,-0.528,-76.464722,37.995278,8635750,NOAA_NOS,IAN,2022,4500.0
2022-09-28 04:00:00,0.612,0.141,-0.471,-76.464722,37.995278,8635750,NOAA_NOS,IAN,2022,4560.0
2022-09-28 05:00:00,0.818,0.37,-0.4479999999999999,-76.464722,37.995278,8635750,NOAA_NOS,IAN,2022,4620.0
2022-09-28 06:00:00,1.038,0.538,-0.5,-76.464722,37.995278,8635750,NOAA_NOS,IAN,2022,4680.0
2022-09-28 07:00:00,1.137,0.629,-0.508,-76.464722,37.995278,8635750,NOAA_NOS,IAN,2022,4740.0
2022-09-28 08:00:00,1.041,0.592,-0.4489999999999999,-76.464722,37.995278,8635750,NOAA_NOS,IAN,2022,4800.0
2022-09-28 09:00:00,0.894,0.35,-0.544,-76.464722,37.995278,8635750,NOAA_NOS,IAN,2022,4860.0
2022-09-28 10:00:00,0.605,0.038,-0.567,-76.464722,37.995278,8635750,NOAA_NOS,IAN,2022,4920.0
2022-09-28 11:00:00,0.297,-0.197,-0.494,-76.464722,37.995278,8635750,NOAA_NOS,IAN,2022,4980.0
2022-09-28 12:00:00,0.015,-0.386,-0.401,-76.464722,37.995278,8635750,NOAA_NOS,IAN,2022,5040.0
2022-09-28 13:00:00,-0.176,-0.514,-0.338,-76.464722,37.995278,8635750,NOAA_NOS,IAN,2022,5100.0
2022-09-28 14:00:00,-0.255,-0.507,-0.252,-76.464722,37.995278,8635750,NOAA_NOS,IAN,2022,5160.0
2022-09-28 15:00:00,-0.13,-0.251,-0.121,-76.464722,37.995278,8635750,NOAA_NOS,IAN,2022,5220.0
2022-09-28 16:00:00,0.221,0.124,-0.097,-76.464722,37.995278,8635750,NOAA_NOS,IAN,2022,5280.0
2022-09-28 17:00:00,0.562,0.381,-0.181,-76.464722,37.995278,8635750,NOAA_NOS,IAN,2022,5340.0
2022-09-28 18:00:00,0.848,0.581,-0.267,-76.464722,37.995278,8635750,NOAA_NOS,IAN,2022,5400.0
2022-09-28 19:00:00,1.045,0.725,-0.3199999999999999,-76.464722,37.995278,8635750,NOAA_NOS,IAN,2022,5460.0
2022-09-28 20:00:00,1.12,0.775,-0.3450000000000001,-76.464722,37.995278,8635750,NOAA_NOS,IAN,2022,5520.0
2022-09-28 21:00:00,1.045,0.636,-0.4089999999999999,-76.464722,37.995278,8635750,NOAA_NOS,IAN,2022,5580.0
2022-09-28 22:00:00,0.776,0.31,-0.466,-76.464722,37.995278,8635750,NOAA_NOS,IAN,2022,5640.0
2022-09-28 23:00:00,0.438,0.019,-0.419,-76.464722,37.995278,8635750,NOAA_NOS,IAN,2022,5700.0
2022-09-29 00:00:00,0.136,-0.205,-0.3409999999999999,-76.464722,37.995278,8635750,NOAA_NOS,IAN,2022,5760.0
2022-09-29 01:00:00,-0.104,-0.372,-0.268,-76.464722,37.995278,8635750,NOAA_NOS,IAN,2022,5820.0
2022-09-29 02:00:00,-0.225,-0.455,-0.23,-76.464722,37.995278,8635750,NOAA_NOS,IAN,2022,5880.0
2022-09-29 03:00:00,-0.143,-0.387,-0.244,-76.464722,37.995278,8635750,NOAA_NOS,IAN,2022,5940.0
2022-09-29 04:00:00,-0.002,-0.108,-0.106,-76.464722,37.995278,8635750,NOAA_NOS,IAN,2022,6000.0
2022-09-29 05:00:00,0.264,0.207,-0.057,-76.464722,37.995278,8635750,NOAA_NOS,IAN,2022,6060.0
2022-09-29 06:00:00,0.628,0.421,-0.207,-76.464722,37.995278,8635750,NOAA_NOS,IAN,2022,6120.0
2022-09-29 07:00:00,0.904,0.575,-0.329,-76.464722,37.995278,8635750,NOAA_NOS,IAN,2022,6180.0
2022-09-29 08:00:00,1.045,0.638,-0.4069999999999999,-76.464722,37.995278,8635750,NOAA_NOS,IAN,2022,6240.0
2022-09-29 09:00:00,1.005,0.55,-0.4549999999999998,-76.464722,37.995278,8635750,NOAA_NOS,IAN,2022,6300.0
2022-09-29 10:00:00,0.815,0.275,-0.5399999999999999,-76.464722,37.995278,8635750,NOAA_NOS,IAN,2022,6360.0
2022-09-29 11:00:00,0.536,-0.006,-0.542,-76.464722,37.995278,8635750,NOAA_NOS,IAN,2022,6420.0
2022-09-29 12:00:00,0.264,-0.215,-0.479,-76.464722,37.995278,8635750,NOAA_NOS,IAN,2022,6480.0
2022-09-29 13:00:00,0.034,-0.383,-0.417,-76.464722,37.995278,8635750,NOAA_NOS,IAN,2022,6540.0
2022-09-29 14:00:00,-0.136,-0.474,-0.3379999999999999,-76.464722,37.995278,8635750,NOAA_NOS,IAN,2022,6600.0
2022-09-29 15:00:00,-0.245,-0.393,-0.148,-76.464722,37.995278,8635750,NOAA_NOS,IAN,2022,6660.0
2022-09-29 16:00:00,-0.156,-0.071,0.085,-76.464722,37.995278,8635750,NOAA_NOS,IAN,2022,6720.0
2022-09-29 17:00:00,0.152,0.276,0.124,-76.464722,37.995278,8635750,NOAA_NOS,IAN,2022,6780.0
2022-09-29 18:00:00,0.48,0.513,0.033,-76.464722,37.995278,8635750,NOAA_NOS,IAN,2022,6840.0
2022-09-29 19:00:00,0.769,0.716,-0.053,-76.464722,37.995278,8635750,NOAA_NOS,IAN,2022,6900.0
2022-09-29 20:00:00,0.956,0.854,-0.1019999999999999,-76.464722,37.995278,8635750,NOAA_NOS,IAN,2022,6960.0
2022-09-29 21:00:00,1.041,0.886,-0.1549999999999999,-76.464722,37.995278,8635750,NOAA_NOS,IAN,2022,7020.0
2022-09-29 22:00:00,0.973,0.729,-0.244,-76.464722,37.995278,8635750,NOAA_NOS,IAN,2022,7080.0
2022-09-29 23:00:00,0.772,0.408,-0.364,-76.464722,37.995278,8635750,NOAA_NOS,IAN,2022,7140.0
2022-09-30 00:00:00,0.477,0.139,-0.3379999999999999,-76.464722,37.995278,8635750,NOAA_NOS,IAN,2022,7200.0
2022-09-30 01:00:00,0.254,-0.061,-0.315,-76.464722,37.995278,8635750,NOAA_NOS,IAN,2022,7260.0
2022-09-30 02:00:00,0.123,-0.196,-0.319,-76.464722,37.995278,8635750,NOAA_NOS,IAN,2022,7320.0
2022-09-30 03:00:00,0.146,-0.247,-0.393,-76.464722,37.995278,8635750,NOAA_NOS,IAN,2022,7380.0
2022-09-30 04:00:00,0.257,-0.109,-0.366,-76.464722,37.995278,8635750,NOAA_NOS,IAN,2022,7440.0
2022-09-30 05:00:00,0.526,0.229,-0.297,-76.464722,37.995278,8635750,NOAA_NOS,IAN,2022,7500.0
2022-09-30 06:00:00,0.861,0.52,-0.3409999999999999,-76.464722,37.995278,8635750,NOAA_NOS,IAN,2022,7560.0
2022-09-30 07:00:00,1.209,0.727,-0.4820000000000001,-76.464722,37.995278,8635750,NOAA_NOS,IAN,2022,7620.0
2022-09-30 08:00:00,1.488,0.863,-0.625,-76.464722,37.995278,8635750,NOAA_NOS,IAN,2022,7680.0
2022-09-30 09:00:00,1.622,0.898,-0.7240000000000001,-76.464722,37.995278,8635750,NOAA_NOS,IAN,2022,7740.0
2022-09-30 10:00:00,1.606,0.804,-0.802,-76.464722,37.995278,8635750,NOAA_NOS,IAN,2022,7800.0
2022-09-30 11:00:00,1.484,0.536,-0.948,-76.464722,37.995278,8635750,NOAA_NOS,IAN,2022,7860.0
2022-09-30 12:00:00,1.337,0.25,-1.087,-76.464722,37.995278,8635750,NOAA_NOS,IAN,2022,7920.0
2022-09-30 13:00:00,1.156,0.036,-1.12,-76.464722,37.995278,8635750,NOAA_NOS,IAN,2022,7980.0
2022-09-30 14:00:00,0.989,-0.137,-1.126,-76.464722,37.995278,8635750,NOAA_NOS,IAN,2022,8040.0
2022-09-30 15:00:00,0.94,-0.21,-1.15,-76.464722,37.995278,8635750,NOAA_NOS,IAN,2022,8100.0
2022-09-30 16:00:00,1.015,-0.102,-1.117,-76.464722,37.995278,8635750,NOAA_NOS,IAN,2022,8160.0
2022-09-30 17:00:00,1.304,0.24,-1.064,-76.464722,37.995278,8635750,NOAA_NOS,IAN,2022,8220.0
2022-09-30 18:00:00,1.691,0.561,-1.13,-76.464722,37.995278,8635750,NOAA_NOS,IAN,2022,8280.0
2022-09-30 19:00:00,2.081,0.795,-1.286,-76.464722,37.995278,8635750,NOAA_NOS,IAN,2022,8340.0
2022-09-30 20:00:00,2.439,0.992,-1.447,-76.464722,37.995278,8635750,NOAA_NOS,IAN,2022,8400.0
2022-09-30 21:00:00,2.58,1.122,-1.458,-76.464722,37.995278,8635750,NOAA_NOS,IAN,2022,8460.0
2022-09-30 22:00:00,2.508,1.153,-1.355,-76.464722,37.995278,8635750,NOAA_NOS,IAN,2022,8520.0
2022-09-30 23:00:00,2.452,0.999,-1.4529999999999998,-76.464722,37.995278,8635750,NOAA_NOS,IAN,2022,8580.0
2022-10-01 00:00:00,2.357,0.688,-1.6690000000000005,-76.464722,37.995278,8635750,NOAA_NOS,IAN,2022,8640.0
2022-10-01 01:00:00,2.249,0.439,-1.81,-76.464722,37.995278,8635750,NOAA_NOS,IAN,2022,8700.0
2022-10-01 02:00:00,2.108,0.268,-1.84,-76.464722,37.995278,8635750,NOAA_NOS,IAN,2022,8760.0
2022-10-01 03:00:00,2.111,0.162,-1.9490000000000005,-76.464722,37.995278,8635750,NOAA_NOS,IAN,2022,8820.0
2022-10-01 04:00:00,2.203,0.129,-2.074,-76.464722,37.995278,8635750,NOAA_NOS,IAN,2022,8880.0
2022-10-01 05:00:00,2.196,0.259,-1.9370000000000005,-76.464722,37.995278,8635750,NOAA_NOS,IAN,2022,8940.0
2022-10-01 06:00:00,2.564,0.534,-2.03,-76.464722,37.995278,8635750,NOAA_NOS,IAN,2022,9000.0
2022-10-01 07:00:00,2.698,0.782,-1.916,-76.464722,37.995278,8635750,NOAA_NOS,IAN,2022,9060.0
2022-10-01 08:00:00,2.718,0.967,-1.751,-76.464722,37.995278,8635750,NOAA_NOS,IAN,2022,9120.0
2022-10-01 09:00:00,2.738,1.061,-1.677,-76.464722,37.995278,8635750,NOAA_NOS,IAN,2022,9180.0
2022-10-01 10:00:00,2.728,1.047,-1.6810000000000005,-76.464722,37.995278,8635750,NOAA_NOS,IAN,2022,9240.0
2022-10-01 11:00:00,2.702,0.84,-1.862,-76.464722,37.995278,8635750,NOAA_NOS,IAN,2022,9300.0
2022-10-01 12:00:00,2.465,0.528,-1.937,-76.464722,37.995278,8635750,NOAA_NOS,IAN,2022,9360.0
2022-10-01 13:00:00,2.196,0.281,-1.915,-76.464722,37.995278,8635750,NOAA_NOS,IAN,2022,9420.0
2022-10-01 14:00:00,1.944,0.095,-1.849,-76.464722,37.995278,8635750,NOAA_NOS,IAN,2022,9480.0
2022-10-01 15:00:00,1.671,-0.054,-1.725,-76.464722,37.995278,8635750,NOAA_NOS,IAN,2022,9540.0
2022-10-01 16:00:00,1.566,-0.124,-1.69,-76.464722,37.995278,8635750,NOAA_NOS,IAN,2022,9600.0
2022-10-01 17:00:00,1.579,0.022,-1.557,-76.464722,37.995278,8635750,NOAA_NOS,IAN,2022,9660.0
2022-10-01 18:00:00,1.793,0.387,-1.406,-76.464722,37.995278,8635750,NOAA_NOS,IAN,2022,9720.0
2022-10-01 19:00:00,2.088,0.714,-1.374,-76.464722,37.995278,8635750,NOAA_NOS,IAN,2022,9780.0
2022-10-01 20:00:00,2.423,0.92,-1.503,-76.464722,37.995278,8635750,NOAA_NOS,IAN,2022,9840.0
2022-10-01 21:00:00,2.649,1.062,-1.587,-76.464722,37.995278,8635750,NOAA_NOS,IAN,2022,9900.0
2022-10-01 22:00:00,2.672,1.125,-1.5470000000000002,-76.464722,37.995278,8635750,NOAA_NOS,IAN,2022,9960.0
2022-10-01 23:00:00,2.639,1.045,-1.594,-76.464722,37.995278,8635750,NOAA_NOS,IAN,2022,10020.0
2022-09-25 01:00:00,1.982,1.165,-0.817,-76.478806,37.2265,8637689,NOAA_NOS,IAN,2022,60.0
2022-09-25 02:00:00,1.742,1.072,-0.6699999999999999,-76.478806,37.2265,8637689,NOAA_NOS,IAN,2022,120.0
2022-09-25 03:00:00,1.355,0.775,-0.58,-76.478806,37.2265,8637689,NOAA_NOS,IAN,2022,180.0
2022-09-25 04:00:00,0.846,0.259,-0.587,-76.478806,37.2265,8637689,NOAA_NOS,IAN,2022,240.0
2022-09-25 05:00:00,0.305,-0.381,-0.6859999999999999,-76.478806,37.2265,8637689,NOAA_NOS,IAN,2022,300.0
2022-09-25 06:00:00,-0.174,-0.817,-0.643,-76.478806,37.2265,8637689,NOAA_NOS,IAN,2022,360.0
2022-09-25 07:00:00,-0.489,-1.02,-0.531,-76.478806,37.2265,8637689,NOAA_NOS,IAN,2022,420.0
2022-09-25 08:00:00,-0.518,-0.992,-0.474,-76.478806,37.2265,8637689,NOAA_NOS,IAN,2022,480.0
2022-09-25 09:00:00,-0.404,-0.776,-0.372,-76.478806,37.2265,8637689,NOAA_NOS,IAN,2022,540.0
2022-09-25 10:00:00,0.007,-0.302,-0.309,-76.478806,37.2265,8637689,NOAA_NOS,IAN,2022,600.0
2022-09-25 11:00:00,0.495,0.379,-0.1159999999999999,-76.478806,37.2265,8637689,NOAA_NOS,IAN,2022,660.0
2022-09-25 12:00:00,0.925,0.905,-0.02,-76.478806,37.2265,8637689,NOAA_NOS,IAN,2022,720.0
2022-09-25 13:00:00,1.23,1.143,-0.0869999999999999,-76.478806,37.2265,8637689,NOAA_NOS,IAN,2022,780.0
2022-09-25 14:00:00,1.335,1.114,-0.2209999999999998,-76.478806,37.2265,8637689,NOAA_NOS,IAN,2022,840.0
2022-09-25 15:00:00,1.234,0.892,-0.3419999999999999,-76.478806,37.2265,8637689,NOAA_NOS,IAN,2022,900.0
2022-09-25 16:00:00,0.837,0.456,-0.3809999999999999,-76.478806,37.2265,8637689,NOAA_NOS,IAN,2022,960.0
2022-09-25 17:00:00,0.272,-0.194,-0.466,-76.478806,37.2265,8637689,NOAA_NOS,IAN,2022,1020.0
2022-09-25 18:00:00,-0.299,-0.711,-0.412,-76.478806,37.2265,8637689,NOAA_NOS,IAN,2022,1080.0
2022-09-25 19:00:00,-0.709,-0.974,-0.265,-76.478806,37.2265,8637689,NOAA_NOS,IAN,2022,1140.0
2022-09-25 20:00:00,-0.856,-1.03,-0.174,-76.478806,37.2265,8637689,NOAA_NOS,IAN,2022,1200.0
2022-09-25 21:00:00,-0.653,-0.861,-0.2079999999999999,-76.478806,37.2265,8637689,NOAA_NOS,IAN,2022,1260.0
2022-09-25 22:00:00,-0.174,-0.464,-0.29,-76.478806,37.2265,8637689,NOAA_NOS,IAN,2022,1320.0
2022-09-25 23:00:00,0.003,0.205,0.2019999999999999,-76.478806,37.2265,8637689,NOAA_NOS,IAN,2022,1380.0
2022-09-26 00:00:00,0.771,0.827,0.0559999999999999,-76.478806,37.2265,8637689,NOAA_NOS,IAN,2022,1440.0
2022-09-26 01:00:00,1.079,1.159,0.08,-76.478806,37.2265,8637689,NOAA_NOS,IAN,2022,1500.0
2022-09-26 02:00:00,1.112,1.198,0.0859999999999998,-76.478806,37.2265,8637689,NOAA_NOS,IAN,2022,1560.0
2022-09-26 03:00:00,0.919,1.029,0.1099999999999998,-76.478806,37.2265,8637689,NOAA_NOS,IAN,2022,1620.0
2022-09-26 04:00:00,0.407,0.626,0.219,-76.478806,37.2265,8637689,NOAA_NOS,IAN,2022,1680.0
2022-09-26 05:00:00,-0.079,0.017,0.096,-76.478806,37.2265,8637689,NOAA_NOS,IAN,2022,1740.0
2022-09-26 06:00:00,-0.686,-0.606,0.08,-76.478806,37.2265,8637689,NOAA_NOS,IAN,2022,1800.0
2022-09-26 07:00:00,-1.119,-0.955,0.164,-76.478806,37.2265,8637689,NOAA_NOS,IAN,2022,1860.0
2022-09-26 08:00:00,-1.286,-1.088,0.1979999999999999,-76.478806,37.2265,8637689,NOAA_NOS,IAN,2022,1920.0
2022-09-26 09:00:00,-1.227,-0.975,0.2520000000000001,-76.478806,37.2265,8637689,NOAA_NOS,IAN,2022,1980.0
2022-09-26 10:00:00,-0.837,-0.658,0.1789999999999999,-76.478806,37.2265,8637689,NOAA_NOS,IAN,2022,2040.0
2022-09-26 11:00:00,-0.177,-0.006,0.1709999999999999,-76.478806,37.2265,8637689,NOAA_NOS,IAN,2022,2100.0
2022-09-26 12:00:00,0.449,0.711,0.2619999999999999,-76.478806,37.2265,8637689,NOAA_NOS,IAN,2022,2160.0
2022-09-26 13:00:00,0.951,1.145,0.194,-76.478806,37.2265,8637689,NOAA_NOS,IAN,2022,2220.0
2022-09-26 14:00:00,1.329,1.282,-0.0469999999999999,-76.478806,37.2265,8637689,NOAA_NOS,IAN,2022,2280.0
2022-09-26 15:00:00,1.342,1.192,-0.1500000000000001,-76.478806,37.2265,8637689,NOAA_NOS,IAN,2022,2340.0
2022-09-26 16:00:00,1.138,0.882,-0.2559999999999999,-76.478806,37.2265,8637689,NOAA_NOS,IAN,2022,2400.0
2022-09-26 17:00:00,0.63,0.335,-0.295,-76.478806,37.2265,8637689,NOAA_NOS,IAN,2022,2460.0
2022-09-26 18:00:00,0.066,-0.378,-0.444,-76.478806,37.2265,8637689,NOAA_NOS,IAN,2022,2520.0
2022-09-26 19:00:00,-0.446,-0.841,-0.3949999999999999,-76.478806,37.2265,8637689,NOAA_NOS,IAN,2022,2580.0
2022-09-26 20:00:00,-0.791,-1.063,-0.2719999999999999,-76.478806,37.2265,8637689,NOAA_NOS,IAN,2022,2640.0
2022-09-26 21:00:00,-0.679,-1.052,-0.373,-76.478806,37.2265,8637689,NOAA_NOS,IAN,2022,2700.0
2022-09-26 22:00:00,-0.262,-0.818,-0.5559999999999999,-76.478806,37.2265,8637689,NOAA_NOS,IAN,2022,2760.0
2022-09-26 23:00:00,0.413,-0.316,-0.729,-76.478806,37.2265,8637689,NOAA_NOS,IAN,2022,2820.0
2022-09-27 00:00:00,1.06,0.42,-0.6400000000000001,-76.478806,37.2265,8637689,NOAA_NOS,IAN,2022,2880.0
2022-09-27 01:00:00,1.499,0.97,-0.5290000000000001,-76.478806,37.2265,8637689,NOAA_NOS,IAN,2022,2940.0
2022-09-27 02:00:00,1.663,1.219,-0.4439999999999999,-76.478806,37.2265,8637689,NOAA_NOS,IAN,2022,3000.0
2022-09-27 03:00:00,1.581,1.175,-0.4059999999999999,-76.478806,37.2265,8637689,NOAA_NOS,IAN,2022,3060.0
2022-09-27 04:00:00,1.289,0.923,-0.3659999999999999,-76.478806,37.2265,8637689,NOAA_NOS,IAN,2022,3120.0
2022-09-27 05:00:00,0.856,0.425,-0.431,-76.478806,37.2265,8637689,NOAA_NOS,IAN,2022,3180.0
2022-09-27 06:00:00,0.328,-0.275,-0.603,-76.478806,37.2265,8637689,NOAA_NOS,IAN,2022,3240.0
2022-09-27 07:00:00,-0.167,-0.8,-0.633,-76.478806,37.2265,8637689,NOAA_NOS,IAN,2022,3300.0
2022-09-27 08:00:00,-0.469,-1.066,-0.5970000000000001,-76.478806,37.2265,8637689,NOAA_NOS,IAN,2022,3360.0
2022-09-27 09:00:00,-0.561,-1.112,-0.551,-76.478806,37.2265,8637689,NOAA_NOS,IAN,2022,3420.0
2022-09-27 10:00:00,-0.325,-0.913,-0.5880000000000001,-76.478806,37.2265,8637689,NOAA_NOS,IAN,2022,3480.0
2022-09-27 11:00:00,0.056,-0.436,-0.492,-76.478806,37.2265,8637689,NOAA_NOS,IAN,2022,3540.0
2022-09-27 12:00:00,0.581,0.341,-0.2399999999999999,-76.478806,37.2265,8637689,NOAA_NOS,IAN,2022,3600.0
2022-09-27 13:00:00,1.168,0.98,-0.1879999999999999,-76.478806,37.2265,8637689,NOAA_NOS,IAN,2022,3660.0
2022-09-27 14:00:00,1.696,1.33,-0.3659999999999999,-76.478806,37.2265,8637689,NOAA_NOS,IAN,2022,3720.0
2022-09-27 15:00:00,1.919,1.379,-0.54,-76.478806,37.2265,8637689,NOAA_NOS,IAN,2022,3780.0
2022-09-27 16:00:00,1.742,1.221,-0.5209999999999999,-76.478806,37.2265,8637689,NOAA_NOS,IAN,2022,3840.0
2022-09-27 17:00:00,1.283,0.823,-0.4599999999999999,-76.478806,37.2265,8637689,NOAA_NOS,IAN,2022,3900.0
2022-09-27 18:00:00,0.627,0.169,-0.4579999999999999,-76.478806,37.2265,8637689,NOAA_NOS,IAN,2022,3960.0
2022-09-27 19:00:00,0.079,-0.54,-0.619,-76.478806,37.2265,8637689,NOAA_NOS,IAN,2022,4020.0
2022-09-27 20:00:00,-0.325,-0.945,-0.6199999999999999,-76.478806,37.2265,8637689,NOAA_NOS,IAN,2022,4080.0
2022-09-27 21:00:00,-0.479,-1.104,-0.6250000000000001,-76.478806,37.2265,8637689,NOAA_NOS,IAN,2022,4140.0
2022-09-27 22:00:00,-0.43,-1.033,-0.603,-76.478806,37.2265,8637689,NOAA_NOS,IAN,2022,4200.0
2022-09-27 23:00:00,-0.03,-0.728,-0.698,-76.478806,37.2265,8637689,NOAA_NOS,IAN,2022,4260.0
2022-09-28 00:00:00,0.538,-0.139,-0.677,-76.478806,37.2265,8637689,NOAA_NOS,IAN,2022,4320.0
2022-09-28 01:00:00,1.188,0.594,-0.594,-76.478806,37.2265,8637689,NOAA_NOS,IAN,2022,4380.0
2022-09-28 02:00:00,1.64,1.059,-0.581,-76.478806,37.2265,8637689,NOAA_NOS,IAN,2022,4440.0
2022-09-28 03:00:00,1.791,1.214,-0.577,-76.478806,37.2265,8637689,NOAA_NOS,IAN,2022,4500.0
2022-09-28 04:00:00,1.66,1.092,-0.5679999999999998,-76.478806,37.2265,8637689,NOAA_NOS,IAN,2022,4560.0
2022-09-28 05:00:00,1.335,0.756,-0.579,-76.478806,37.2265,8637689,NOAA_NOS,IAN,2022,4620.0
2022-09-28 06:00:00,0.981,0.181,-0.8,-76.478806,37.2265,8637689,NOAA_NOS,IAN,2022,4680.0
2022-09-28 07:00:00,0.492,-0.512,-1.004,-76.478806,37.2265,8637689,NOAA_NOS,IAN,2022,4740.0
2022-09-28 08:00:00,0.026,-0.93,-0.956,-76.478806,37.2265,8637689,NOAA_NOS,IAN,2022,4800.0
2022-09-28 09:00:00,-0.328,-1.122,-0.794,-76.478806,37.2265,8637689,NOAA_NOS,IAN,2022,4860.0
2022-09-28 10:00:00,-0.413,-1.085,-0.6719999999999999,-76.478806,37.2265,8637689,NOAA_NOS,IAN,2022,4920.0
2022-09-28 11:00:00,-0.233,-0.815,-0.582,-76.478806,37.2265,8637689,NOAA_NOS,IAN,2022,4980.0
2022-09-28 12:00:00,0.223,-0.194,-0.417,-76.478806,37.2265,8637689,NOAA_NOS,IAN,2022,5040.0
2022-09-28 13:00:00,0.817,0.621,-0.1959999999999999,-76.478806,37.2265,8637689,NOAA_NOS,IAN,2022,5100.0
2022-09-28 14:00:00,1.457,1.177,-0.28,-76.478806,37.2265,8637689,NOAA_NOS,IAN,2022,5160.0
2022-09-28 15:00:00,1.834,1.434,-0.4000000000000001,-76.478806,37.2265,8637689,NOAA_NOS,IAN,2022,5220.0
2022-09-28 16:00:00,1.824,1.423,-0.401,-76.478806,37.2265,8637689,NOAA_NOS,IAN,2022,5280.0
2022-09-28 17:00:00,1.545,1.201,-0.3439999999999998,-76.478806,37.2265,8637689,NOAA_NOS,IAN,2022,5340.0
2022-09-28 18:00:00,1.06,0.73,-0.33,-76.478806,37.2265,8637689,NOAA_NOS,IAN,2022,5400.0
2022-09-28 19:00:00,0.42,-0.01,-0.43,-76.478806,37.2265,8637689,NOAA_NOS,IAN,2022,5460.0
2022-09-28 20:00:00,-0.177,-0.644,-0.467,-76.478806,37.2265,8637689,NOAA_NOS,IAN,2022,5520.0
2022-09-28 21:00:00,-0.604,-0.992,-0.388,-76.478806,37.2265,8637689,NOAA_NOS,IAN,2022,5580.0
2022-09-28 22:00:00,-0.738,-1.103,-0.365,-76.478806,37.2265,8637689,NOAA_NOS,IAN,2022,5640.0
2022-09-28 23:00:00,-0.535,-0.981,-0.4459999999999999,-76.478806,37.2265,8637689,NOAA_NOS,IAN,2022,5700.0
2022-09-29 00:00:00,-0.135,-0.619,-0.484,-76.478806,37.2265,8637689,NOAA_NOS,IAN,2022,5760.0
2022-09-29 01:00:00,0.39,0.017,-0.373,-76.478806,37.2265,8637689,NOAA_NOS,IAN,2022,5820.0
2022-09-29 02:00:00,0.932,0.712,-0.22,-76.478806,37.2265,8637689,NOAA_NOS,IAN,2022,5880.0
2022-09-29 03:00:00,1.339,1.103,-0.236,-76.478806,37.2265,8637689,NOAA_NOS,IAN,2022,5940.0
2022-09-29 04:00:00,1.496,1.182,-0.314,-76.478806,37.2265,8637689,NOAA_NOS,IAN,2022,6000.0
2022-09-29 05:00:00,1.368,1.004,-0.3640000000000001,-76.478806,37.2265,8637689,NOAA_NOS,IAN,2022,6060.0
2022-09-29 06:00:00,1.027,0.62,-0.4069999999999999,-76.478806,37.2265,8637689,NOAA_NOS,IAN,2022,6120.0
2022-09-29 07:00:00,0.505,0.017,-0.488,-76.478806,37.2265,8637689,NOAA_NOS,IAN,2022,6180.0
2022-09-29 08:00:00,0.026,-0.581,-0.607,-76.478806,37.2265,8637689,NOAA_NOS,IAN,2022,6240.0
2022-09-29 09:00:00,-0.302,-0.899,-0.597,-76.478806,37.2265,8637689,NOAA_NOS,IAN,2022,6300.0
2022-09-29 10:00:00,-0.308,-1.017,-0.7089999999999999,-76.478806,37.2265,8637689,NOAA_NOS,IAN,2022,6360.0
2022-09-29 11:00:00,-0.075,-0.883,-0.808,-76.478806,37.2265,8637689,NOAA_NOS,IAN,2022,6420.0
2022-09-29 12:00:00,0.276,-0.514,-0.79,-76.478806,37.2265,8637689,NOAA_NOS,IAN,2022,6480.0
2022-09-29 13:00:00,0.899,0.197,-0.702,-76.478806,37.2265,8637689,NOAA_NOS,IAN,2022,6540.0
2022-09-29 14:00:00,1.473,0.932,-0.541,-76.478806,37.2265,8637689,NOAA_NOS,IAN,2022,6600.0
2022-09-29 15:00:00,2.041,1.408,-0.633,-76.478806,37.2265,8637689,NOAA_NOS,IAN,2022,6660.0
2022-09-29 16:00:00,2.323,1.593,-0.73,-76.478806,37.2265,8637689,NOAA_NOS,IAN,2022,6720.0
2022-09-29 17:00:00,2.257,1.563,-0.6940000000000002,-76.478806,37.2265,8637689,NOAA_NOS,IAN,2022,6780.0
2022-09-29 18:00:00,1.909,1.303,-0.6060000000000001,-76.478806,37.2265,8637689,NOAA_NOS,IAN,2022,6840.0
2022-09-29 19:00:00,1.421,0.833,-0.5880000000000001,-76.478806,37.2265,8637689,NOAA_NOS,IAN,2022,6900.0
2022-09-29 20:00:00,0.869,0.103,-0.766,-76.478806,37.2265,8637689,NOAA_NOS,IAN,2022,6960.0
2022-09-29 21:00:00,0.358,-0.5,-0.858,-76.478806,37.2265,8637689,NOAA_NOS,IAN,2022,7020.0
2022-09-29 22:00:00,0.007,-0.8,-0.807,-76.478806,37.2265,8637689,NOAA_NOS,IAN,2022,7080.0
2022-09-29 23:00:00,0.049,-0.836,-0.885,-76.478806,37.2265,8637689,NOAA_NOS,IAN,2022,7140.0
2022-09-30 00:00:00,0.305,-0.622,-0.927,-76.478806,37.2265,8637689,NOAA_NOS,IAN,2022,7200.0
2022-09-30 01:00:00,0.781,-0.142,-0.923,-76.478806,37.2265,8637689,NOAA_NOS,IAN,2022,7260.0
2022-09-30 02:00:00,1.293,0.613,-0.6799999999999999,-76.478806,37.2265,8637689,NOAA_NOS,IAN,2022,7320.0
2022-09-30 03:00:00,1.755,1.239,-0.5159999999999998,-76.478806,37.2265,8637689,NOAA_NOS,IAN,2022,7380.0
2022-09-30 04:00:00,2.07,1.579,-0.4909999999999999,-76.478806,37.2265,8637689,NOAA_NOS,IAN,2022,7440.0
2022-09-30 05:00:00,2.274,1.615,-0.659,-76.478806,37.2265,8637689,NOAA_NOS,IAN,2022,7500.0
2022-09-30 06:00:00,2.169,1.406,-0.7630000000000001,-76.478806,37.2265,8637689,NOAA_NOS,IAN,2022,7560.0
2022-09-30 07:00:00,1.864,1.035,-0.8290000000000002,-76.478806,37.2265,8637689,NOAA_NOS,IAN,2022,7620.0
2022-09-30 08:00:00,1.421,0.44,-0.981,-76.478806,37.2265,8637689,NOAA_NOS,IAN,2022,7680.0
2022-09-30 09:00:00,0.991,-0.175,-1.166,-76.478806,37.2265,8637689,NOAA_NOS,IAN,2022,7740.0
2022-09-30 10:00:00,0.787,-0.558,-1.3450000000000002,-76.478806,37.2265,8637689,NOAA_NOS,IAN,2022,7800.0
2022-09-30 11:00:00,0.748,-0.713,-1.461,-76.478806,37.2265,8637689,NOAA_NOS,IAN,2022,7860.0
2022-09-30 12:00:00,0.981,-0.664,-1.645,-76.478806,37.2265,8637689,NOAA_NOS,IAN,2022,7920.0
2022-09-30 13:00:00,1.385,-0.249,-1.634,-76.478806,37.2265,8637689,NOAA_NOS,IAN,2022,7980.0
2022-09-30 14:00:00,1.985,0.497,-1.488,-76.478806,37.2265,8637689,NOAA_NOS,IAN,2022,8040.0
2022-09-30 15:00:00,2.664,1.231,-1.433,-76.478806,37.2265,8637689,NOAA_NOS,IAN,2022,8100.0
2022-09-30 16:00:00,3.222,1.664,-1.558,-76.478806,37.2265,8637689,NOAA_NOS,IAN,2022,8160.0
2022-09-30 17:00:00,3.517,1.823,-1.694,-76.478806,37.2265,8637689,NOAA_NOS,IAN,2022,8220.0
2022-09-30 18:00:00,3.652,1.738,-1.914,-76.478806,37.2265,8637689,NOAA_NOS,IAN,2022,8280.0
2022-09-30 19:00:00,3.533,1.477,-2.056,-76.478806,37.2265,8637689,NOAA_NOS,IAN,2022,8340.0
2022-09-30 20:00:00,3.281,1.044,-2.237,-76.478806,37.2265,8637689,NOAA_NOS,IAN,2022,8400.0
2022-09-30 21:00:00,2.923,0.392,-2.531,-76.478806,37.2265,8637689,NOAA_NOS,IAN,2022,8460.0
2022-09-30 22:00:00,2.684,-0.143,-2.827,-76.478806,37.2265,8637689,NOAA_NOS,IAN,2022,8520.0
2022-09-30 23:00:00,2.68,-0.413,-3.093,-76.478806,37.2265,8637689,NOAA_NOS,IAN,2022,8580.0
2022-10-01 00:00:00,2.772,-0.431,-3.203,-76.478806,37.2265,8637689,NOAA_NOS,IAN,2022,8640.0
2022-10-01 01:00:00,3.015,-0.248,-3.263,-76.478806,37.2265,8637689,NOAA_NOS,IAN,2022,8700.0
2022-10-01 02:00:00,3.373,0.215,-3.1580000000000004,-76.478806,37.2265,8637689,NOAA_NOS,IAN,2022,8760.0
2022-10-01 03:00:00,3.845,0.847,-2.998,-76.478806,37.2265,8637689,NOAA_NOS,IAN,2022,8820.0
2022-10-01 04:00:00,3.658,1.334,-2.324,-76.478806,37.2265,8637689,NOAA_NOS,IAN,2022,8880.0
2022-10-01 05:00:00,3.615,1.525,-2.0900000000000003,-76.478806,37.2265,8637689,NOAA_NOS,IAN,2022,8940.0
2022-10-01 06:00:00,3.196,1.406,-1.7900000000000005,-76.478806,37.2265,8637689,NOAA_NOS,IAN,2022,9000.0
2022-10-01 07:00:00,2.779,1.03,-1.749,-76.478806,37.2265,8637689,NOAA_NOS,IAN,2022,9060.0
2022-10-01 08:00:00,2.228,0.493,-1.7350000000000003,-76.478806,37.2265,8637689,NOAA_NOS,IAN,2022,9120.0
2022-10-01 09:00:00,1.699,-0.17,-1.869,-76.478806,37.2265,8637689,NOAA_NOS,IAN,2022,9180.0
2022-10-01 10:00:00,1.289,-0.594,-1.883,-76.478806,37.2265,8637689,NOAA_NOS,IAN,2022,9240.0
2022-10-01 11:00:00,1.079,-0.766,-1.845,-76.478806,37.2265,8637689,NOAA_NOS,IAN,2022,9300.0
2022-10-01 12:00:00,1.093,-0.725,-1.818,-76.478806,37.2265,8637689,NOAA_NOS,IAN,2022,9360.0
2022-10-01 13:00:00,1.253,-0.509,-1.762,-76.478806,37.2265,8637689,NOAA_NOS,IAN,2022,9420.0
2022-10-01 14:00:00,1.594,-0.097,-1.691,-76.478806,37.2265,8637689,NOAA_NOS,IAN,2022,9480.0
2022-10-01 15:00:00,2.096,0.618,-1.4780000000000002,-76.478806,37.2265,8637689,NOAA_NOS,IAN,2022,9540.0
2022-10-01 16:00:00,2.618,1.291,-1.327,-76.478806,37.2265,8637689,NOAA_NOS,IAN,2022,9600.0
2022-10-01 17:00:00,3.002,1.686,-1.3159999999999998,-76.478806,37.2265,8637689,NOAA_NOS,IAN,2022,9660.0
2022-10-01 18:00:00,3.127,1.749,-1.3779999999999997,-76.478806,37.2265,8637689,NOAA_NOS,IAN,2022,9720.0
2022-10-01 19:00:00,2.923,1.523,-1.4,-76.478806,37.2265,8637689,NOAA_NOS,IAN,2022,9780.0
2022-10-01 20:00:00,2.53,1.099,-1.4309999999999998,-76.478806,37.2265,8637689,NOAA_NOS,IAN,2022,9840.0
2022-10-01 21:00:00,2.057,0.516,-1.541,-76.478806,37.2265,8637689,NOAA_NOS,IAN,2022,9900.0
2022-10-01 22:00:00,1.45,-0.12,-1.5699999999999998,-76.478806,37.2265,8637689,NOAA_NOS,IAN,2022,9960.0
2022-10-01 23:00:00,0.968,-0.499,-1.467,-76.478806,37.2265,8637689,NOAA_NOS,IAN,2022,10020.0
2022-09-25 01:00:00,2.011,1.245,-0.766,-76.330002,36.946701,8638610,NOAA_NOS,IAN,2022,60.0
2022-09-25 02:00:00,1.775,1.099,-0.6759999999999999,-76.330002,36.946701,8638610,NOAA_NOS,IAN,2022,120.0
2022-09-25 03:00:00,1.309,0.702,-0.607,-76.330002,36.946701,8638610,NOAA_NOS,IAN,2022,180.0
2022-09-25 04:00:00,0.725,0.159,-0.566,-76.330002,36.946701,8638610,NOAA_NOS,IAN,2022,240.0
2022-09-25 05:00:00,0.046,-0.407,-0.4529999999999999,-76.330002,36.946701,8638610,NOAA_NOS,IAN,2022,300.0
2022-09-25 06:00:00,-0.482,-0.882,-0.4,-76.330002,36.946701,8638610,NOAA_NOS,IAN,2022,360.0
2022-09-25 07:00:00,-0.787,-1.137,-0.35,-76.330002,36.946701,8638610,NOAA_NOS,IAN,2022,420.0
2022-09-25 08:00:00,-0.837,-1.097,-0.26,-76.330002,36.946701,8638610,NOAA_NOS,IAN,2022,480.0
2022-09-25 09:00:00,-0.545,-0.747,-0.2019999999999999,-76.330002,36.946701,8638610,NOAA_NOS,IAN,2022,540.0
2022-09-25 10:00:00,-0.033,-0.15,-0.1169999999999999,-76.330002,36.946701,8638610,NOAA_NOS,IAN,2022,600.0
2022-09-25 11:00:00,0.492,0.47,-0.022,-76.330002,36.946701,8638610,NOAA_NOS,IAN,2022,660.0
2022-09-25 12:00:00,0.935,0.955,0.0199999999999999,-76.330002,36.946701,8638610,NOAA_NOS,IAN,2022,720.0
2022-09-25 13:00:00,1.27,1.203,-0.0669999999999999,-76.330002,36.946701,8638610,NOAA_NOS,IAN,2022,780.0
2022-09-25 14:00:00,1.276,1.162,-0.1140000000000001,-76.330002,36.946701,8638610,NOAA_NOS,IAN,2022,840.0
2022-09-25 15:00:00,1.027,0.834,-0.1929999999999999,-76.330002,36.946701,8638610,NOAA_NOS,IAN,2022,900.0
2022-09-25 16:00:00,0.558,0.324,-0.234,-76.330002,36.946701,8638610,NOAA_NOS,IAN,2022,960.0
2022-09-25 17:00:00,-0.072,-0.248,-0.176,-76.330002,36.946701,8638610,NOAA_NOS,IAN,2022,1020.0
2022-09-25 18:00:00,-0.63,-0.756,-0.126,-76.330002,36.946701,8638610,NOAA_NOS,IAN,2022,1080.0
2022-09-25 19:00:00,-1.02,-1.097,-0.0769999999999999,-76.330002,36.946701,8638610,NOAA_NOS,IAN,2022,1140.0
2022-09-25 20:00:00,-1.063,-1.156,-0.0929999999999999,-76.330002,36.946701,8638610,NOAA_NOS,IAN,2022,1200.0
2022-09-25 21:00:00,-0.886,-0.888,-0.002,-76.330002,36.946701,8638610,NOAA_NOS,IAN,2022,1260.0
2022-09-25 22:00:00,-0.446,-0.319,0.127,-76.330002,36.946701,8638610,NOAA_NOS,IAN,2022,1320.0
2022-09-25 23:00:00,0.338,0.339,0.001,-76.330002,36.946701,8638610,NOAA_NOS,IAN,2022,1380.0
2022-09-26 00:00:00,0.958,0.884,-0.0739999999999999,-76.330002,36.946701,8638610,NOAA_NOS,IAN,2022,1440.0
2022-09-26 01:00:00,1.243,1.221,-0.022,-76.330002,36.946701,8638610,NOAA_NOS,IAN,2022,1500.0
2022-09-26 02:00:00,1.07,1.267,0.1969999999999998,-76.330002,36.946701,8638610,NOAA_NOS,IAN,2022,1560.0
2022-09-26 03:00:00,0.686,1.0,0.3139999999999999,-76.330002,36.946701,8638610,NOAA_NOS,IAN,2022,1620.0
2022-09-26 04:00:00,0.184,0.511,0.327,-76.330002,36.946701,8638610,NOAA_NOS,IAN,2022,1680.0
2022-09-26 05:00:00,-0.358,-0.082,0.2759999999999999,-76.330002,36.946701,8638610,NOAA_NOS,IAN,2022,1740.0
2022-09-26 06:00:00,-1.01,-0.646,0.364,-76.330002,36.946701,8638610,NOAA_NOS,IAN,2022,1800.0
2022-09-26 07:00:00,-1.404,-1.067,0.3369999999999999,-76.330002,36.946701,8638610,NOAA_NOS,IAN,2022,1860.0
2022-09-26 08:00:00,-1.614,-1.227,0.387,-76.330002,36.946701,8638610,NOAA_NOS,IAN,2022,1920.0
2022-09-26 09:00:00,-1.404,-1.05,0.3539999999999998,-76.330002,36.946701,8638610,NOAA_NOS,IAN,2022,1980.0
2022-09-26 10:00:00,-0.886,-0.529,0.357,-76.330002,36.946701,8638610,NOAA_NOS,IAN,2022,2040.0
2022-09-26 11:00:00,-0.19,0.173,0.363,-76.330002,36.946701,8638610,NOAA_NOS,IAN,2022,2100.0
2022-09-26 12:00:00,0.512,0.783,0.271,-76.330002,36.946701,8638610,NOAA_NOS,IAN,2022,2160.0
2022-09-26 13:00:00,1.129,1.221,0.092,-76.330002,36.946701,8638610,NOAA_NOS,IAN,2022,2220.0
2022-09-26 14:00:00,1.368,1.377,0.0089999999999998,-76.330002,36.946701,8638610,NOAA_NOS,IAN,2022,2280.0
2022-09-26 15:00:00,1.437,1.223,-0.2139999999999999,-76.330002,36.946701,8638610,NOAA_NOS,IAN,2022,2340.0
2022-09-26 16:00:00,1.096,0.792,-0.304,-76.330002,36.946701,8638610,NOAA_NOS,IAN,2022,2400.0
2022-09-26 17:00:00,0.581,0.193,-0.3879999999999999,-76.330002,36.946701,8638610,NOAA_NOS,IAN,2022,2460.0
2022-09-26 18:00:00,-0.059,-0.417,-0.358,-76.330002,36.946701,8638610,NOAA_NOS,IAN,2022,2520.0
2022-09-26 19:00:00,-0.659,-0.925,-0.266,-76.330002,36.946701,8638610,NOAA_NOS,IAN,2022,2580.0
2022-09-26 20:00:00,-0.883,-1.21,-0.3269999999999999,-76.330002,36.946701,8638610,NOAA_NOS,IAN,2022,2640.0
2022-09-26 21:00:00,-0.768,-1.181,-0.413,-76.330002,36.946701,8638610,NOAA_NOS,IAN,2022,2700.0
2022-09-26 22:00:00,-0.302,-0.796,-0.494,-76.330002,36.946701,8638610,NOAA_NOS,IAN,2022,2760.0
2022-09-26 23:00:00,0.433,-0.135,-0.5680000000000001,-76.330002,36.946701,8638610,NOAA_NOS,IAN,2022,2820.0
2022-09-27 00:00:00,1.086,0.521,-0.5650000000000001,-76.330002,36.946701,8638610,NOAA_NOS,IAN,2022,2880.0
2022-09-27 01:00:00,1.558,1.028,-0.53,-76.330002,36.946701,8638610,NOAA_NOS,IAN,2022,2940.0
2022-09-27 02:00:00,1.788,1.282,-0.506,-76.330002,36.946701,8638610,NOAA_NOS,IAN,2022,3000.0
2022-09-27 03:00:00,1.749,1.213,-0.536,-76.330002,36.946701,8638610,NOAA_NOS,IAN,2022,3060.0
2022-09-27 04:00:00,1.398,0.834,-0.564,-76.330002,36.946701,8638610,NOAA_NOS,IAN,2022,3120.0
2022-09-27 05:00:00,0.84,0.268,-0.572,-76.330002,36.946701,8638610,NOAA_NOS,IAN,2022,3180.0
2022-09-27 06:00:00,0.174,-0.335,-0.509,-76.330002,36.946701,8638610,NOAA_NOS,IAN,2022,3240.0
2022-09-27 07:00:00,-0.394,-0.872,-0.478,-76.330002,36.946701,8638610,NOAA_NOS,IAN,2022,3300.0
2022-09-27 08:00:00,-0.722,-1.211,-0.4890000000000001,-76.330002,36.946701,8638610,NOAA_NOS,IAN,2022,3360.0
2022-09-27 09:00:00,-0.705,-1.255,-0.5499999999999999,-76.330002,36.946701,8638610,NOAA_NOS,IAN,2022,3420.0
2022-09-27 10:00:00,-0.407,-0.921,-0.514,-76.330002,36.946701,8638610,NOAA_NOS,IAN,2022,3480.0
2022-09-27 11:00:00,0.138,-0.249,-0.387,-76.330002,36.946701,8638610,NOAA_NOS,IAN,2022,3540.0
2022-09-27 12:00:00,0.771,0.479,-0.292,-76.330002,36.946701,8638610,NOAA_NOS,IAN,2022,3600.0
2022-09-27 13:00:00,1.453,1.071,-0.3820000000000001,-76.330002,36.946701,8638610,NOAA_NOS,IAN,2022,3660.0
2022-09-27 14:00:00,1.929,1.432,-0.4970000000000001,-76.330002,36.946701,8638610,NOAA_NOS,IAN,2022,3720.0
2022-09-27 15:00:00,2.011,1.487,-0.524,-76.330002,36.946701,8638610,NOAA_NOS,IAN,2022,3780.0
2022-09-27 16:00:00,1.791,1.221,-0.5699999999999998,-76.330002,36.946701,8638610,NOAA_NOS,IAN,2022,3840.0
2022-09-27 17:00:00,1.253,0.703,-0.5499999999999999,-76.330002,36.946701,8638610,NOAA_NOS,IAN,2022,3900.0
2022-09-27 18:00:00,0.554,0.057,-0.497,-76.330002,36.946701,8638610,NOAA_NOS,IAN,2022,3960.0
2022-09-27 19:00:00,-0.082,-0.577,-0.4949999999999999,-76.330002,36.946701,8638610,NOAA_NOS,IAN,2022,4020.0
2022-09-27 20:00:00,-0.535,-1.054,-0.519,-76.330002,36.946701,8638610,NOAA_NOS,IAN,2022,4080.0
2022-09-27 21:00:00,-0.702,-1.26,-0.558,-76.330002,36.946701,8638610,NOAA_NOS,IAN,2022,4140.0
2022-09-27 22:00:00,-0.531,-1.138,-0.6069999999999999,-76.330002,36.946701,8638610,NOAA_NOS,IAN,2022,4200.0
2022-09-27 23:00:00,0.007,-0.66,-0.667,-76.330002,36.946701,8638610,NOAA_NOS,IAN,2022,4260.0
2022-09-28 00:00:00,0.709,0.037,-0.6719999999999999,-76.330002,36.946701,8638610,NOAA_NOS,IAN,2022,4320.0
2022-09-28 01:00:00,1.28,0.668,-0.612,-76.330002,36.946701,8638610,NOAA_NOS,IAN,2022,4380.0
2022-09-28 02:00:00,1.736,1.107,-0.629,-76.330002,36.946701,8638610,NOAA_NOS,IAN,2022,4440.0
2022-09-28 03:00:00,1.873,1.264,-0.609,-76.330002,36.946701,8638610,NOAA_NOS,IAN,2022,4500.0
2022-09-28 04:00:00,1.673,1.085,-0.5880000000000001,-76.330002,36.946701,8638610,NOAA_NOS,IAN,2022,4560.0
2022-09-28 05:00:00,1.401,0.625,-0.776,-76.330002,36.946701,8638610,NOAA_NOS,IAN,2022,4620.0
2022-09-28 06:00:00,1.007,0.032,-0.975,-76.330002,36.946701,8638610,NOAA_NOS,IAN,2022,4680.0
2022-09-28 07:00:00,0.387,-0.555,-0.942,-76.330002,36.946701,8638610,NOAA_NOS,IAN,2022,4740.0
2022-09-28 08:00:00,-0.102,-1.037,-0.935,-76.330002,36.946701,8638610,NOAA_NOS,IAN,2022,4800.0
2022-09-28 09:00:00,-0.427,-1.286,-0.859,-76.330002,36.946701,8638610,NOAA_NOS,IAN,2022,4860.0
2022-09-28 10:00:00,-0.469,-1.206,-0.737,-76.330002,36.946701,8638610,NOAA_NOS,IAN,2022,4920.0
2022-09-28 11:00:00,-0.125,-0.734,-0.609,-76.330002,36.946701,8638610,NOAA_NOS,IAN,2022,4980.0
2022-09-28 12:00:00,0.453,0.013,-0.44,-76.330002,36.946701,8638610,NOAA_NOS,IAN,2022,5040.0
2022-09-28 13:00:00,1.23,0.726,-0.504,-76.330002,36.946701,8638610,NOAA_NOS,IAN,2022,5100.0
2022-09-28 14:00:00,1.818,1.28,-0.538,-76.330002,36.946701,8638610,NOAA_NOS,IAN,2022,5160.0
2022-09-28 15:00:00,2.067,1.565,-0.5020000000000002,-76.330002,36.946701,8638610,NOAA_NOS,IAN,2022,5220.0
2022-09-28 16:00:00,2.041,1.526,-0.5149999999999999,-76.330002,36.946701,8638610,NOAA_NOS,IAN,2022,5280.0
2022-09-28 17:00:00,1.716,1.173,-0.5429999999999999,-76.330002,36.946701,8638610,NOAA_NOS,IAN,2022,5340.0
2022-09-28 18:00:00,1.115,0.595,-0.52,-76.330002,36.946701,8638610,NOAA_NOS,IAN,2022,5400.0
2022-09-28 19:00:00,0.374,-0.084,-0.458,-76.330002,36.946701,8638610,NOAA_NOS,IAN,2022,5460.0
2022-09-28 20:00:00,-0.344,-0.7,-0.356,-76.330002,36.946701,8638610,NOAA_NOS,IAN,2022,5520.0
2022-09-28 21:00:00,-0.741,-1.127,-0.386,-76.330002,36.946701,8638610,NOAA_NOS,IAN,2022,5580.0
2022-09-28 22:00:00,-0.83,-1.256,-0.426,-76.330002,36.946701,8638610,NOAA_NOS,IAN,2022,5640.0
2022-09-28 23:00:00,-0.548,-1.049,-0.5009999999999999,-76.330002,36.946701,8638610,NOAA_NOS,IAN,2022,5700.0
2022-09-29 00:00:00,-0.056,-0.516,-0.46,-76.330002,36.946701,8638610,NOAA_NOS,IAN,2022,5760.0
2022-09-29 01:00:00,0.545,0.186,-0.359,-76.330002,36.946701,8638610,NOAA_NOS,IAN,2022,5820.0
2022-09-29 02:00:00,1.125,0.762,-0.363,-76.330002,36.946701,8638610,NOAA_NOS,IAN,2022,5880.0
2022-09-29 03:00:00,1.568,1.138,-0.4300000000000001,-76.330002,36.946701,8638610,NOAA_NOS,IAN,2022,5940.0
2022-09-29 04:00:00,1.726,1.201,-0.5249999999999999,-76.330002,36.946701,8638610,NOAA_NOS,IAN,2022,6000.0
2022-09-29 05:00:00,1.526,0.953,-0.5730000000000001,-76.330002,36.946701,8638610,NOAA_NOS,IAN,2022,6060.0
2022-09-29 06:00:00,1.096,0.46,-0.6360000000000001,-76.330002,36.946701,8638610,NOAA_NOS,IAN,2022,6120.0
2022-09-29 07:00:00,0.522,-0.115,-0.637,-76.330002,36.946701,8638610,NOAA_NOS,IAN,2022,6180.0
2022-09-29 08:00:00,-0.066,-0.637,-0.571,-76.330002,36.946701,8638610,NOAA_NOS,IAN,2022,6240.0
2022-09-29 09:00:00,-0.371,-1.03,-0.659,-76.330002,36.946701,8638610,NOAA_NOS,IAN,2022,6300.0
2022-09-29 10:00:00,-0.384,-1.164,-0.7799999999999999,-76.330002,36.946701,8638610,NOAA_NOS,IAN,2022,6360.0
2022-09-29 11:00:00,-0.115,-0.951,-0.836,-76.330002,36.946701,8638610,NOAA_NOS,IAN,2022,6420.0
2022-09-29 12:00:00,0.427,-0.373,-0.8,-76.330002,36.946701,8638610,NOAA_NOS,IAN,2022,6480.0
2022-09-29 13:00:00,1.125,0.366,-0.759,-76.330002,36.946701,8638610,NOAA_NOS,IAN,2022,6540.0
2022-09-29 14:00:00,1.834,1.02,-0.8140000000000001,-76.330002,36.946701,8638610,NOAA_NOS,IAN,2022,6600.0
2022-09-29 15:00:00,2.385,1.519,-0.8659999999999999,-76.330002,36.946701,8638610,NOAA_NOS,IAN,2022,6660.0
2022-09-29 16:00:00,2.615,1.744,-0.8710000000000002,-76.330002,36.946701,8638610,NOAA_NOS,IAN,2022,6720.0
2022-09-29 17:00:00,2.592,1.662,-0.9300000000000002,-76.330002,36.946701,8638610,NOAA_NOS,IAN,2022,6780.0
2022-09-29 18:00:00,2.27,1.285,-0.985,-76.330002,36.946701,8638610,NOAA_NOS,IAN,2022,6840.0
2022-09-29 19:00:00,1.742,0.697,-1.045,-76.330002,36.946701,8638610,NOAA_NOS,IAN,2022,6900.0
2022-09-29 20:00:00,1.07,0.02,-1.05,-76.330002,36.946701,8638610,NOAA_NOS,IAN,2022,6960.0
2022-09-29 21:00:00,0.482,-0.575,-1.057,-76.330002,36.946701,8638610,NOAA_NOS,IAN,2022,7020.0
2022-09-29 22:00:00,0.21,-0.939,-1.149,-76.330002,36.946701,8638610,NOAA_NOS,IAN,2022,7080.0
2022-09-29 23:00:00,0.253,-0.97,-1.223,-76.330002,36.946701,8638610,NOAA_NOS,IAN,2022,7140.0
2022-09-30 00:00:00,0.568,-0.651,-1.219,-76.330002,36.946701,8638610,NOAA_NOS,IAN,2022,7200.0
2022-09-30 01:00:00,1.05,-0.023,-1.073,-76.330002,36.946701,8638610,NOAA_NOS,IAN,2022,7260.0
2022-09-30 02:00:00,1.624,0.682,-0.942,-76.330002,36.946701,8638610,NOAA_NOS,IAN,2022,7320.0
2022-09-30 03:00:00,2.142,1.245,-0.8969999999999998,-76.330002,36.946701,8638610,NOAA_NOS,IAN,2022,7380.0
2022-09-30 04:00:00,2.5,1.576,-0.924,-76.330002,36.946701,8638610,NOAA_NOS,IAN,2022,7440.0
2022-09-30 05:00:00,2.559,1.588,-0.971,-76.330002,36.946701,8638610,NOAA_NOS,IAN,2022,7500.0
2022-09-30 06:00:00,2.402,1.334,-1.068,-76.330002,36.946701,8638610,NOAA_NOS,IAN,2022,7560.0
2022-09-30 07:00:00,2.044,0.889,-1.155,-76.330002,36.946701,8638610,NOAA_NOS,IAN,2022,7620.0
2022-09-30 08:00:00,1.529,0.315,-1.214,-76.330002,36.946701,8638610,NOAA_NOS,IAN,2022,7680.0
2022-09-30 09:00:00,1.161,-0.221,-1.382,-76.330002,36.946701,8638610,NOAA_NOS,IAN,2022,7740.0
2022-09-30 10:00:00,0.866,-0.652,-1.518,-76.330002,36.946701,8638610,NOAA_NOS,IAN,2022,7800.0
2022-09-30 11:00:00,0.883,-0.841,-1.724,-76.330002,36.946701,8638610,NOAA_NOS,IAN,2022,7860.0
2022-09-30 12:00:00,1.155,-0.66,-1.815,-76.330002,36.946701,8638610,NOAA_NOS,IAN,2022,7920.0
2022-09-30 13:00:00,1.696,-0.071,-1.767,-76.330002,36.946701,8638610,NOAA_NOS,IAN,2022,7980.0
2022-09-30 14:00:00,2.346,0.666,-1.6800000000000002,-76.330002,36.946701,8638610,NOAA_NOS,IAN,2022,8040.0
2022-09-30 15:00:00,3.087,1.308,-1.779,-76.330002,36.946701,8638610,NOAA_NOS,IAN,2022,8100.0
2022-09-30 16:00:00,3.602,1.746,-1.856,-76.330002,36.946701,8638610,NOAA_NOS,IAN,2022,8160.0
2022-09-30 17:00:00,3.901,1.903,-1.998,-76.330002,36.946701,8638610,NOAA_NOS,IAN,2022,8220.0
2022-09-30 18:00:00,4.101,1.765,-2.3360000000000003,-76.330002,36.946701,8638610,NOAA_NOS,IAN,2022,8280.0
2022-09-30 19:00:00,3.947,1.386,-2.561,-76.330002,36.946701,8638610,NOAA_NOS,IAN,2022,8340.0
2022-09-30 20:00:00,3.648,0.82,-2.8280000000000003,-76.330002,36.946701,8638610,NOAA_NOS,IAN,2022,8400.0
2022-09-30 21:00:00,3.314,0.183,-3.131,-76.330002,36.946701,8638610,NOAA_NOS,IAN,2022,8460.0
2022-09-30 22:00:00,3.061,-0.356,-3.417,-76.330002,36.946701,8638610,NOAA_NOS,IAN,2022,8520.0
2022-09-30 23:00:00,2.966,-0.659,-3.625,-76.330002,36.946701,8638610,NOAA_NOS,IAN,2022,8580.0
2022-10-01 00:00:00,3.12,-0.682,-3.802,-76.330002,36.946701,8638610,NOAA_NOS,IAN,2022,8640.0
2022-10-01 01:00:00,3.481,-0.422,-3.903,-76.330002,36.946701,8638610,NOAA_NOS,IAN,2022,8700.0
2022-10-01 02:00:00,3.783,0.109,-3.674,-76.330002,36.946701,8638610,NOAA_NOS,IAN,2022,8760.0
2022-10-01 03:00:00,3.993,0.685,-3.308,-76.330002,36.946701,8638610,NOAA_NOS,IAN,2022,8820.0
2022-10-01 04:00:00,3.852,1.172,-2.68,-76.330002,36.946701,8638610,NOAA_NOS,IAN,2022,8880.0
2022-10-01 05:00:00,3.717,1.453,-2.264,-76.330002,36.946701,8638610,NOAA_NOS,IAN,2022,8940.0
2022-10-01 06:00:00,3.317,1.356,-1.961,-76.330002,36.946701,8638610,NOAA_NOS,IAN,2022,9000.0
2022-10-01 07:00:00,2.799,0.948,-1.851,-76.330002,36.946701,8638610,NOAA_NOS,IAN,2022,9060.0
2022-10-01 08:00:00,2.198,0.355,-1.843,-76.330002,36.946701,8638610,NOAA_NOS,IAN,2022,9120.0
2022-10-01 09:00:00,1.654,-0.235,-1.889,-76.330002,36.946701,8638610,NOAA_NOS,IAN,2022,9180.0
2022-10-01 10:00:00,1.25,-0.687,-1.937,-76.330002,36.946701,8638610,NOAA_NOS,IAN,2022,9240.0
2022-10-01 11:00:00,0.925,-0.916,-1.841,-76.330002,36.946701,8638610,NOAA_NOS,IAN,2022,9300.0
2022-10-01 12:00:00,0.922,-0.878,-1.8,-76.330002,36.946701,8638610,NOAA_NOS,IAN,2022,9360.0
2022-10-01 13:00:00,1.211,-0.597,-1.808,-76.330002,36.946701,8638610,NOAA_NOS,IAN,2022,9420.0
2022-10-01 14:00:00,1.683,0.009,-1.6740000000000002,-76.330002,36.946701,8638610,NOAA_NOS,IAN,2022,9480.0
2022-10-01 15:00:00,2.228,0.724,-1.5040000000000002,-76.330002,36.946701,8638610,NOAA_NOS,IAN,2022,9540.0
2022-10-01 16:00:00,2.749,1.338,-1.411,-76.330002,36.946701,8638610,NOAA_NOS,IAN,2022,9600.0
2022-10-01 17:00:00,3.1,1.678,-1.4220000000000002,-76.330002,36.946701,8638610,NOAA_NOS,IAN,2022,9660.0
2022-10-01 18:00:00,3.146,1.74,-1.406,-76.330002,36.946701,8638610,NOAA_NOS,IAN,2022,9720.0
2022-10-01 19:00:00,2.897,1.487,-1.4099999999999997,-76.330002,36.946701,8638610,NOAA_NOS,IAN,2022,9780.0
2022-10-01 20:00:00,2.48,1.001,-1.479,-76.330002,36.946701,8638610,NOAA_NOS,IAN,2022,9840.0
2022-10-01 21:00:00,1.929,0.372,-1.557,-76.330002,36.946701,8638610,NOAA_NOS,IAN,2022,9900.0
2022-10-01 22:00:00,1.299,-0.191,-1.49,-76.330002,36.946701,8638610,NOAA_NOS,IAN,2022,9960.0
2022-10-01 23:00:00,0.804,-0.638,-1.4420000000000002,-76.330002,36.946701,8638610,NOAA_NOS,IAN,2022,10020.0
2022-09-25 01:00:00,1.772,1.254,-0.518,-76.083298,37.032902,8638901,NOAA_NOS,IAN,2022,60.0
2022-09-25 02:00:00,1.339,0.859,-0.48,-76.083298,37.032902,8638901,NOAA_NOS,IAN,2022,120.0
2022-09-25 03:00:00,0.702,0.269,-0.4329999999999999,-76.083298,37.032902,8638901,NOAA_NOS,IAN,2022,180.0
2022-09-25 04:00:00,-0.007,-0.404,-0.397,-76.083298,37.032902,8638901,NOAA_NOS,IAN,2022,240.0
2022-09-25 05:00:00,-0.6,-0.976,-0.376,-76.083298,37.032902,8638901,NOAA_NOS,IAN,2022,300.0
2022-09-25 06:00:00,-0.974,-1.3,-0.326,-76.083298,37.032902,8638901,NOAA_NOS,IAN,2022,360.0
2022-09-25 07:00:00,-1.096,-1.273,-0.1769999999999998,-76.083298,37.032902,8638901,NOAA_NOS,IAN,2022,420.0
2022-09-25 08:00:00,-0.741,-0.919,-0.178,-76.083298,37.032902,8638901,NOAA_NOS,IAN,2022,480.0
2022-09-25 09:00:00,-0.243,-0.291,-0.0479999999999999,-76.083298,37.032902,8638901,NOAA_NOS,IAN,2022,540.0
2022-09-25 10:00:00,0.348,0.412,0.064,-76.083298,37.032902,8638901,NOAA_NOS,IAN,2022,600.0
2022-09-25 11:00:00,0.896,0.995,0.0989999999999999,-76.083298,37.032902,8638901,NOAA_NOS,IAN,2022,660.0
2022-09-25 12:00:00,1.211,1.311,0.0999999999999998,-76.083298,37.032902,8638901,NOAA_NOS,IAN,2022,720.0
2022-09-25 13:00:00,1.322,1.304,-0.018,-76.083298,37.032902,8638901,NOAA_NOS,IAN,2022,780.0
2022-09-25 14:00:00,1.112,0.988,-0.1240000000000001,-76.083298,37.032902,8638901,NOAA_NOS,IAN,2022,840.0
2022-09-25 15:00:00,0.574,0.457,-0.1169999999999999,-76.083298,37.032902,8638901,NOAA_NOS,IAN,2022,900.0
2022-09-25 16:00:00,-0.089,-0.217,-0.128,-76.083298,37.032902,8638901,NOAA_NOS,IAN,2022,960.0
2022-09-25 17:00:00,-0.735,-0.827,-0.0919999999999999,-76.083298,37.032902,8638901,NOAA_NOS,IAN,2022,1020.0
2022-09-25 18:00:00,-1.224,-1.251,-0.0269999999999999,-76.083298,37.032902,8638901,NOAA_NOS,IAN,2022,1080.0
2022-09-25 19:00:00,-1.388,-1.337,0.0509999999999999,-76.083298,37.032902,8638901,NOAA_NOS,IAN,2022,1140.0
2022-09-25 20:00:00,-1.119,-1.064,0.0549999999999999,-76.083298,37.032902,8638901,NOAA_NOS,IAN,2022,1200.0
2022-09-25 21:00:00,-0.659,-0.472,0.187,-76.083298,37.032902,8638901,NOAA_NOS,IAN,2022,1260.0
2022-09-25 22:00:00,0.039,0.254,0.215,-76.083298,37.032902,8638901,NOAA_NOS,IAN,2022,1320.0
2022-09-25 23:00:00,0.784,0.906,0.122,-76.083298,37.032902,8638901,NOAA_NOS,IAN,2022,1380.0
2022-09-26 00:00:00,1.119,1.327,0.2079999999999999,-76.083298,37.032902,8638901,NOAA_NOS,IAN,2022,1440.0
2022-09-26 01:00:00,1.07,1.413,0.3429999999999999,-76.083298,37.032902,8638901,NOAA_NOS,IAN,2022,1500.0
2022-09-26 02:00:00,0.876,1.163,0.287,-76.083298,37.032902,8638901,NOAA_NOS,IAN,2022,1560.0
2022-09-26 03:00:00,0.171,0.66,0.489,-76.083298,37.032902,8638901,NOAA_NOS,IAN,2022,1620.0
2022-09-26 04:00:00,-0.331,-0.017,0.314,-76.083298,37.032902,8638901,NOAA_NOS,IAN,2022,1680.0
2022-09-26 05:00:00,-1.093,-0.697,0.396,-76.083298,37.032902,8638901,NOAA_NOS,IAN,2022,1740.0
2022-09-26 06:00:00,-1.532,-1.214,0.318,-76.083298,37.032902,8638901,NOAA_NOS,IAN,2022,1800.0
2022-09-26 07:00:00,-1.795,-1.421,0.3739999999999999,-76.083298,37.032902,8638901,NOAA_NOS,IAN,2022,1860.0
2022-09-26 08:00:00,-1.66,-1.238,0.4219999999999999,-76.083298,37.032902,8638901,NOAA_NOS,IAN,2022,1920.0
2022-09-26 09:00:00,-1.171,-0.706,0.4650000000000001,-76.083298,37.032902,8638901,NOAA_NOS,IAN,2022,1980.0
2022-09-26 10:00:00,-0.41,0.052,0.4619999999999999,-76.083298,37.032902,8638901,NOAA_NOS,IAN,2022,2040.0
2022-09-26 11:00:00,0.341,0.786,0.445,-76.083298,37.032902,8638901,NOAA_NOS,IAN,2022,2100.0
2022-09-26 12:00:00,1.086,1.319,0.2329999999999998,-76.083298,37.032902,8638901,NOAA_NOS,IAN,2022,2160.0
2022-09-26 13:00:00,1.391,1.531,0.1399999999999999,-76.083298,37.032902,8638901,NOAA_NOS,IAN,2022,2220.0
2022-09-26 14:00:00,1.47,1.397,-0.0729999999999999,-76.083298,37.032902,8638901,NOAA_NOS,IAN,2022,2280.0
2022-09-26 15:00:00,1.198,0.962,-0.236,-76.083298,37.032902,8638901,NOAA_NOS,IAN,2022,2340.0
2022-09-26 16:00:00,0.614,0.307,-0.307,-76.083298,37.032902,8638901,NOAA_NOS,IAN,2022,2400.0
2022-09-26 17:00:00,-0.01,-0.433,-0.423,-76.083298,37.032902,8638901,NOAA_NOS,IAN,2022,2460.0
2022-09-26 18:00:00,-0.692,-1.05,-0.3580000000000001,-76.083298,37.032902,8638901,NOAA_NOS,IAN,2022,2520.0
2022-09-26 19:00:00,-0.988,-1.409,-0.421,-76.083298,37.032902,8638901,NOAA_NOS,IAN,2022,2580.0
2022-09-26 20:00:00,-0.853,-1.387,-0.534,-76.083298,37.032902,8638901,NOAA_NOS,IAN,2022,2640.0
2022-09-26 21:00:00,-0.423,-0.982,-0.5589999999999999,-76.083298,37.032902,8638901,NOAA_NOS,IAN,2022,2700.0
2022-09-26 22:00:00,0.354,-0.287,-0.641,-76.083298,37.032902,8638901,NOAA_NOS,IAN,2022,2760.0
2022-09-26 23:00:00,1.073,0.466,-0.607,-76.083298,37.032902,8638901,NOAA_NOS,IAN,2022,2820.0
2022-09-27 00:00:00,1.591,1.079,-0.512,-76.083298,37.032902,8638901,NOAA_NOS,IAN,2022,2880.0
2022-09-27 01:00:00,1.791,1.403,-0.3879999999999999,-76.083298,37.032902,8638901,NOAA_NOS,IAN,2022,2940.0
2022-09-27 02:00:00,1.795,1.365,-0.4299999999999999,-76.083298,37.032902,8638901,NOAA_NOS,IAN,2022,3000.0
2022-09-27 03:00:00,1.499,0.999,-0.5000000000000001,-76.083298,37.032902,8638901,NOAA_NOS,IAN,2022,3060.0
2022-09-27 04:00:00,0.902,0.398,-0.504,-76.083298,37.032902,8638901,NOAA_NOS,IAN,2022,3120.0
2022-09-27 05:00:00,0.112,-0.325,-0.437,-76.083298,37.032902,8638901,NOAA_NOS,IAN,2022,3180.0
2022-09-27 06:00:00,-0.568,-0.977,-0.409,-76.083298,37.032902,8638901,NOAA_NOS,IAN,2022,3240.0
2022-09-27 07:00:00,-0.945,-1.406,-0.4609999999999999,-76.083298,37.032902,8638901,NOAA_NOS,IAN,2022,3300.0
2022-09-27 08:00:00,-1.063,-1.465,-0.4020000000000001,-76.083298,37.032902,8638901,NOAA_NOS,IAN,2022,3360.0
2022-09-27 09:00:00,-0.774,-1.115,-0.3409999999999999,-76.083298,37.032902,8638901,NOAA_NOS,IAN,2022,3420.0
2022-09-27 10:00:00,-0.18,-0.406,-0.226,-76.083298,37.032902,8638901,NOAA_NOS,IAN,2022,3480.0
2022-09-27 11:00:00,0.518,0.418,-0.1,-76.083298,37.032902,8638901,NOAA_NOS,IAN,2022,3540.0
2022-09-27 12:00:00,1.227,1.13,-0.0970000000000002,-76.083298,37.032902,8638901,NOAA_NOS,IAN,2022,3600.0
2022-09-27 13:00:00,1.827,1.584,-0.2429999999999998,-76.083298,37.032902,8638901,NOAA_NOS,IAN,2022,3660.0
2022-09-27 14:00:00,2.018,1.677,-0.3409999999999997,-76.083298,37.032902,8638901,NOAA_NOS,IAN,2022,3720.0
2022-09-27 15:00:00,1.768,1.415,-0.353,-76.083298,37.032902,8638901,NOAA_NOS,IAN,2022,3780.0
2022-09-27 16:00:00,1.296,0.873,-0.423,-76.083298,37.032902,8638901,NOAA_NOS,IAN,2022,3840.0
2022-09-27 17:00:00,0.564,0.117,-0.4469999999999999,-76.083298,37.032902,8638901,NOAA_NOS,IAN,2022,3900.0
2022-09-27 18:00:00,-0.213,-0.639,-0.426,-76.083298,37.032902,8638901,NOAA_NOS,IAN,2022,3960.0
2022-09-27 19:00:00,-0.784,-1.224,-0.4399999999999999,-76.083298,37.032902,8638901,NOAA_NOS,IAN,2022,4020.0
2022-09-27 20:00:00,-0.945,-1.486,-0.541,-76.083298,37.032902,8638901,NOAA_NOS,IAN,2022,4080.0
2022-09-27 21:00:00,-0.827,-1.35,-0.5230000000000001,-76.083298,37.032902,8638901,NOAA_NOS,IAN,2022,4140.0
2022-09-27 22:00:00,-0.276,-0.846,-0.57,-76.083298,37.032902,8638901,NOAA_NOS,IAN,2022,4200.0
2022-09-27 23:00:00,0.489,-0.095,-0.584,-76.083298,37.032902,8638901,NOAA_NOS,IAN,2022,4260.0
2022-09-28 00:00:00,1.125,0.639,-0.486,-76.083298,37.032902,8638901,NOAA_NOS,IAN,2022,4320.0
2022-09-28 01:00:00,1.637,1.174,-0.4630000000000001,-76.083298,37.032902,8638901,NOAA_NOS,IAN,2022,4380.0
2022-09-28 02:00:00,1.818,1.391,-0.427,-76.083298,37.032902,8638901,NOAA_NOS,IAN,2022,4440.0
2022-09-28 03:00:00,1.663,1.232,-0.431,-76.083298,37.032902,8638901,NOAA_NOS,IAN,2022,4500.0
2022-09-28 04:00:00,1.26,0.778,-0.482,-76.083298,37.032902,8638901,NOAA_NOS,IAN,2022,4560.0
2022-09-28 05:00:00,0.902,0.121,-0.781,-76.083298,37.032902,8638901,NOAA_NOS,IAN,2022,4620.0
2022-09-28 06:00:00,0.367,-0.589,-0.956,-76.083298,37.032902,8638901,NOAA_NOS,IAN,2022,4680.0
2022-09-28 07:00:00,-0.259,-1.176,-0.917,-76.083298,37.032902,8638901,NOAA_NOS,IAN,2022,4740.0
2022-09-28 08:00:00,-0.64,-1.497,-0.8570000000000001,-76.083298,37.032902,8638901,NOAA_NOS,IAN,2022,4800.0
2022-09-28 09:00:00,-0.804,-1.418,-0.6139999999999999,-76.083298,37.032902,8638901,NOAA_NOS,IAN,2022,4860.0
2022-09-28 10:00:00,-0.449,-0.924,-0.475,-76.083298,37.032902,8638901,NOAA_NOS,IAN,2022,4920.0
2022-09-28 11:00:00,0.289,-0.117,-0.4059999999999999,-76.083298,37.032902,8638901,NOAA_NOS,IAN,2022,4980.0
2022-09-28 12:00:00,1.004,0.712,-0.292,-76.083298,37.032902,8638901,NOAA_NOS,IAN,2022,5040.0
2022-09-28 13:00:00,1.765,1.388,-0.377,-76.083298,37.032902,8638901,NOAA_NOS,IAN,2022,5100.0
2022-09-28 14:00:00,2.07,1.751,-0.3189999999999999,-76.083298,37.032902,8638901,NOAA_NOS,IAN,2022,5160.0
2022-09-28 15:00:00,1.988,1.733,-0.2549999999999999,-76.083298,37.032902,8638901,NOAA_NOS,IAN,2022,5220.0
2022-09-28 16:00:00,1.696,1.374,-0.3219999999999998,-76.083298,37.032902,8638901,NOAA_NOS,IAN,2022,5280.0
2022-09-28 17:00:00,1.099,0.758,-0.3409999999999999,-76.083298,37.032902,8638901,NOAA_NOS,IAN,2022,5340.0
2022-09-28 18:00:00,0.243,-0.048,-0.291,-76.083298,37.032902,8638901,NOAA_NOS,IAN,2022,5400.0
2022-09-28 19:00:00,-0.564,-0.797,-0.2330000000000001,-76.083298,37.032902,8638901,NOAA_NOS,IAN,2022,5460.0
2022-09-28 20:00:00,-1.043,-1.323,-0.28,-76.083298,37.032902,8638901,NOAA_NOS,IAN,2022,5520.0
2022-09-28 21:00:00,-1.158,-1.484,-0.326,-76.083298,37.032902,8638901,NOAA_NOS,IAN,2022,5580.0
2022-09-28 22:00:00,-0.928,-1.259,-0.3309999999999998,-76.083298,37.032902,8638901,NOAA_NOS,IAN,2022,5640.0
2022-09-28 23:00:00,-0.381,-0.699,-0.3179999999999999,-76.083298,37.032902,8638901,NOAA_NOS,IAN,2022,5700.0
2022-09-29 00:00:00,0.279,0.064,-0.215,-76.083298,37.032902,8638901,NOAA_NOS,IAN,2022,5760.0
2022-09-29 01:00:00,0.899,0.754,-0.145,-76.083298,37.032902,8638901,NOAA_NOS,IAN,2022,5820.0
2022-09-29 02:00:00,1.283,1.205,-0.0779999999999998,-76.083298,37.032902,8638901,NOAA_NOS,IAN,2022,5880.0
2022-09-29 03:00:00,1.476,1.322,-0.1539999999999999,-76.083298,37.032902,8638901,NOAA_NOS,IAN,2022,5940.0
2022-09-29 04:00:00,1.316,1.078,-0.238,-76.083298,37.032902,8638901,NOAA_NOS,IAN,2022,6000.0
2022-09-29 05:00:00,0.938,0.589,-0.349,-76.083298,37.032902,8638901,NOAA_NOS,IAN,2022,6060.0
2022-09-29 06:00:00,0.364,-0.071,-0.435,-76.083298,37.032902,8638901,NOAA_NOS,IAN,2022,6120.0
2022-09-29 07:00:00,-0.328,-0.714,-0.3859999999999999,-76.083298,37.032902,8638901,NOAA_NOS,IAN,2022,6180.0
2022-09-29 08:00:00,-0.745,-1.197,-0.452,-76.083298,37.032902,8638901,NOAA_NOS,IAN,2022,6240.0
2022-09-29 09:00:00,-0.896,-1.38,-0.4839999999999999,-76.083298,37.032902,8638901,NOAA_NOS,IAN,2022,6300.0
2022-09-29 10:00:00,-0.574,-1.164,-0.59,-76.083298,37.032902,8638901,NOAA_NOS,IAN,2022,6360.0
2022-09-29 11:00:00,0.098,-0.573,-0.6709999999999999,-76.083298,37.032902,8638901,NOAA_NOS,IAN,2022,6420.0
2022-09-29 12:00:00,0.906,0.238,-0.668,-76.083298,37.032902,8638901,NOAA_NOS,IAN,2022,6480.0
2022-09-29 13:00:00,1.617,1.024,-0.593,-76.083298,37.032902,8638901,NOAA_NOS,IAN,2022,6540.0
2022-09-29 14:00:00,2.29,1.637,-0.653,-76.083298,37.032902,8638901,NOAA_NOS,IAN,2022,6600.0
2022-09-29 15:00:00,2.625,1.926,-0.6990000000000001,-76.083298,37.032902,8638901,NOAA_NOS,IAN,2022,6660.0
2022-09-29 16:00:00,2.533,1.849,-0.6839999999999999,-76.083298,37.032902,8638901,NOAA_NOS,IAN,2022,6720.0
2022-09-29 17:00:00,2.215,1.457,-0.7579999999999998,-76.083298,37.032902,8638901,NOAA_NOS,IAN,2022,6780.0
2022-09-29 18:00:00,1.742,0.819,-0.923,-76.083298,37.032902,8638901,NOAA_NOS,IAN,2022,6840.0
2022-09-29 19:00:00,1.007,0.005,-1.002,-76.083298,37.032902,8638901,NOAA_NOS,IAN,2022,6900.0
2022-09-29 20:00:00,0.358,-0.719,-1.077,-76.083298,37.032902,8638901,NOAA_NOS,IAN,2022,6960.0
2022-09-29 21:00:00,0.013,-1.18,-1.1929999999999998,-76.083298,37.032902,8638901,NOAA_NOS,IAN,2022,7020.0
2022-09-29 22:00:00,0.036,-1.257,-1.293,-76.083298,37.032902,8638901,NOAA_NOS,IAN,2022,7080.0
2022-09-29 23:00:00,0.587,-0.934,-1.521,-76.083298,37.032902,8638901,NOAA_NOS,IAN,2022,7140.0
2022-09-30 00:00:00,0.823,-0.307,-1.13,-76.083298,37.032902,8638901,NOAA_NOS,IAN,2022,7200.0
2022-09-30 01:00:00,1.424,0.489,-0.935,-76.083298,37.032902,8638901,NOAA_NOS,IAN,2022,7260.0
2022-09-30 02:00:00,1.886,1.148,-0.738,-76.083298,37.032902,8638901,NOAA_NOS,IAN,2022,7320.0
2022-09-30 03:00:00,2.27,1.546,-0.724,-76.083298,37.032902,8638901,NOAA_NOS,IAN,2022,7380.0
2022-09-30 04:00:00,2.595,1.575,-1.0200000000000002,-76.083298,37.032902,8638901,NOAA_NOS,IAN,2022,7440.0
2022-09-30 05:00:00,2.277,1.287,-0.9900000000000002,-76.083298,37.032902,8638901,NOAA_NOS,IAN,2022,7500.0
2022-09-30 06:00:00,1.857,0.816,-1.041,-76.083298,37.032902,8638901,NOAA_NOS,IAN,2022,7560.0
2022-09-30 07:00:00,1.417,0.199,-1.218,-76.083298,37.032902,8638901,NOAA_NOS,IAN,2022,7620.0
2022-09-30 08:00:00,0.909,-0.414,-1.323,-76.083298,37.032902,8638901,NOAA_NOS,IAN,2022,7680.0
2022-09-30 09:00:00,0.65,-0.905,-1.5550000000000002,-76.083298,37.032902,8638901,NOAA_NOS,IAN,2022,7740.0
2022-09-30 10:00:00,0.692,-1.135,-1.827,-76.083298,37.032902,8638901,NOAA_NOS,IAN,2022,7800.0
2022-09-30 11:00:00,0.761,-0.945,-1.706,-76.083298,37.032902,8638901,NOAA_NOS,IAN,2022,7860.0
2022-09-30 12:00:00,1.391,-0.303,-1.694,-76.083298,37.032902,8638901,NOAA_NOS,IAN,2022,7920.0
2022-09-30 13:00:00,2.113,0.51,-1.603,-76.083298,37.032902,8638901,NOAA_NOS,IAN,2022,7980.0
2022-09-30 14:00:00,2.933,1.275,-1.658,-76.083298,37.032902,8638901,NOAA_NOS,IAN,2022,8040.0
2022-09-30 15:00:00,3.543,1.814,-1.729,-76.083298,37.032902,8638901,NOAA_NOS,IAN,2022,8100.0
2022-09-30 16:00:00,3.734,2.026,-1.7080000000000002,-76.083298,37.032902,8638901,NOAA_NOS,IAN,2022,8160.0
2022-09-30 17:00:00,3.799,1.879,-1.92,-76.083298,37.032902,8638901,NOAA_NOS,IAN,2022,8220.0
2022-09-30 18:00:00,3.612,1.5,-2.112,-76.083298,37.032902,8638901,NOAA_NOS,IAN,2022,8280.0
2022-09-30 19:00:00,3.215,0.898,-2.317,-76.083298,37.032902,8638901,NOAA_NOS,IAN,2022,8340.0
2022-09-30 20:00:00,2.89,0.132,-2.758,-76.083298,37.032902,8638901,NOAA_NOS,IAN,2022,8400.0
2022-09-30 21:00:00,2.53,-0.531,-3.061,-76.083298,37.032902,8638901,NOAA_NOS,IAN,2022,8460.0
2022-09-30 22:00:00,2.569,-0.917,-3.486,-76.083298,37.032902,8638901,NOAA_NOS,IAN,2022,8520.0
2022-09-30 23:00:00,2.717,-0.962,-3.679,-76.083298,37.032902,8638901,NOAA_NOS,IAN,2022,8580.0
2022-10-01 00:00:00,2.543,-0.705,-3.248,-76.083298,37.032902,8638901,NOAA_NOS,IAN,2022,8640.0
2022-10-01 01:00:00,3.051,-0.179,-3.23,-76.083298,37.032902,8638901,NOAA_NOS,IAN,2022,8700.0
2022-10-01 02:00:00,3.658,0.496,-3.162,-76.083298,37.032902,8638901,NOAA_NOS,IAN,2022,8760.0
2022-10-01 03:00:00,3.75,1.079,-2.6710000000000003,-76.083298,37.032902,8638901,NOAA_NOS,IAN,2022,8820.0
2022-10-01 04:00:00,3.734,1.442,-2.292,-76.083298,37.032902,8638901,NOAA_NOS,IAN,2022,8880.0
2022-10-01 05:00:00,3.488,1.412,-2.076,-76.083298,37.032902,8638901,NOAA_NOS,IAN,2022,8940.0
2022-10-01 06:00:00,2.959,0.991,-1.968,-76.083298,37.032902,8638901,NOAA_NOS,IAN,2022,9000.0
2022-10-01 07:00:00,2.152,0.379,-1.773,-76.083298,37.032902,8638901,NOAA_NOS,IAN,2022,9060.0
2022-10-01 08:00:00,1.585,-0.302,-1.887,-76.083298,37.032902,8638901,NOAA_NOS,IAN,2022,9120.0
2022-10-01 09:00:00,1.024,-0.865,-1.889,-76.083298,37.032902,8638901,NOAA_NOS,IAN,2022,9180.0
2022-10-01 10:00:00,0.502,-1.149,-1.651,-76.083298,37.032902,8638901,NOAA_NOS,IAN,2022,9240.0
2022-10-01 11:00:00,0.41,-1.101,-1.511,-76.083298,37.032902,8638901,NOAA_NOS,IAN,2022,9300.0
2022-10-01 12:00:00,0.768,-0.815,-1.583,-76.083298,37.032902,8638901,NOAA_NOS,IAN,2022,9360.0
2022-10-01 13:00:00,1.319,-0.197,-1.516,-76.083298,37.032902,8638901,NOAA_NOS,IAN,2022,9420.0
2022-10-01 14:00:00,1.929,0.621,-1.308,-76.083298,37.032902,8638901,NOAA_NOS,IAN,2022,9480.0
2022-10-01 15:00:00,2.579,1.406,-1.1730000000000005,-76.083298,37.032902,8638901,NOAA_NOS,IAN,2022,9540.0
2022-10-01 16:00:00,3.031,1.876,-1.1550000000000002,-76.083298,37.032902,8638901,NOAA_NOS,IAN,2022,9600.0
2022-10-01 17:00:00,3.186,1.956,-1.23,-76.083298,37.032902,8638901,NOAA_NOS,IAN,2022,9660.0
2022-10-01 18:00:00,2.9,1.658,-1.242,-76.083298,37.032902,8638901,NOAA_NOS,IAN,2022,9720.0
2022-10-01 19:00:00,2.539,1.145,-1.394,-76.083298,37.032902,8638901,NOAA_NOS,IAN,2022,9780.0
2022-10-01 20:00:00,1.936,0.464,-1.472,-76.083298,37.032902,8638901,NOAA_NOS,IAN,2022,9840.0
2022-10-01 21:00:00,1.198,-0.234,-1.432,-76.083298,37.032902,8638901,NOAA_NOS,IAN,2022,9900.0
2022-10-01 22:00:00,0.663,-0.767,-1.4300000000000002,-76.083298,37.032902,8638901,NOAA_NOS,IAN,2022,9960.0
2022-10-01 23:00:00,0.272,-1.038,-1.31,-76.083298,37.032902,8638901,NOAA_NOS,IAN,2022,10020.0
2022-09-25 01:00:00,2.129,1.342,-0.7869999999999999,-76.301694,36.778306,8639348,NOAA_NOS,IAN,2022,60.0
2022-09-25 02:00:00,1.969,1.247,-0.722,-76.301694,36.778306,8639348,NOAA_NOS,IAN,2022,120.0
2022-09-25 03:00:00,1.473,0.872,-0.6010000000000001,-76.301694,36.778306,8639348,NOAA_NOS,IAN,2022,180.0
2022-09-25 04:00:00,0.758,0.322,-0.436,-76.301694,36.778306,8639348,NOAA_NOS,IAN,2022,240.0
2022-09-25 05:00:00,0.085,-0.278,-0.363,-76.301694,36.778306,8639348,NOAA_NOS,IAN,2022,300.0
2022-09-25 06:00:00,-0.518,-0.824,-0.3059999999999999,-76.301694,36.778306,8639348,NOAA_NOS,IAN,2022,360.0
2022-09-25 07:00:00,-1.017,-1.201,-0.1840000000000001,-76.301694,36.778306,8639348,NOAA_NOS,IAN,2022,420.0
2022-09-25 08:00:00,-1.119,-1.262,-0.143,-76.301694,36.778306,8639348,NOAA_NOS,IAN,2022,480.0
2022-09-25 09:00:00,-0.764,-0.931,-0.167,-76.301694,36.778306,8639348,NOAA_NOS,IAN,2022,540.0
2022-09-25 10:00:00,-0.266,-0.375,-0.1089999999999999,-76.301694,36.778306,8639348,NOAA_NOS,IAN,2022,600.0
2022-09-25 11:00:00,0.312,0.353,0.0409999999999999,-76.301694,36.778306,8639348,NOAA_NOS,IAN,2022,660.0
2022-09-25 12:00:00,0.892,0.937,0.045,-76.301694,36.778306,8639348,NOAA_NOS,IAN,2022,720.0
2022-09-25 13:00:00,1.237,1.264,0.0269999999999999,-76.301694,36.778306,8639348,NOAA_NOS,IAN,2022,780.0
2022-09-25 14:00:00,1.352,1.295,-0.0570000000000001,-76.301694,36.778306,8639348,NOAA_NOS,IAN,2022,840.0
2022-09-25 15:00:00,1.148,1.003,-0.145,-76.301694,36.778306,8639348,NOAA_NOS,IAN,2022,900.0
2022-09-25 16:00:00,0.63,0.497,-0.133,-76.301694,36.778306,8639348,NOAA_NOS,IAN,2022,960.0
2022-09-25 17:00:00,-0.072,-0.108,-0.036,-76.301694,36.778306,8639348,NOAA_NOS,IAN,2022,1020.0
2022-09-25 18:00:00,-0.732,-0.68,0.0519999999999999,-76.301694,36.778306,8639348,NOAA_NOS,IAN,2022,1080.0
2022-09-25 19:00:00,-1.23,-1.106,0.1239999999999998,-76.301694,36.778306,8639348,NOAA_NOS,IAN,2022,1140.0
2022-09-25 20:00:00,-1.467,-1.3,0.167,-76.301694,36.778306,8639348,NOAA_NOS,IAN,2022,1200.0
2022-09-25 21:00:00,-1.247,-1.082,0.165,-76.301694,36.778306,8639348,NOAA_NOS,IAN,2022,1260.0
2022-09-25 22:00:00,-0.702,-0.559,0.1429999999999999,-76.301694,36.778306,8639348,NOAA_NOS,IAN,2022,1320.0
2022-09-25 23:00:00,-0.023,0.177,0.1999999999999999,-76.301694,36.778306,8639348,NOAA_NOS,IAN,2022,1380.0
2022-09-26 00:00:00,0.938,0.834,-0.1039999999999999,-76.301694,36.778306,8639348,NOAA_NOS,IAN,2022,1440.0
2022-09-26 01:00:00,1.434,1.248,-0.1859999999999999,-76.301694,36.778306,8639348,NOAA_NOS,IAN,2022,1500.0
2022-09-26 02:00:00,1.335,1.384,0.0489999999999999,-76.301694,36.778306,8639348,NOAA_NOS,IAN,2022,1560.0
2022-09-26 03:00:00,0.702,1.17,0.4679999999999999,-76.301694,36.778306,8639348,NOAA_NOS,IAN,2022,1620.0
2022-09-26 04:00:00,0.066,0.694,0.6279999999999999,-76.301694,36.778306,8639348,NOAA_NOS,IAN,2022,1680.0
2022-09-26 05:00:00,-0.328,0.079,0.407,-76.301694,36.778306,8639348,NOAA_NOS,IAN,2022,1740.0
2022-09-26 06:00:00,-0.902,-0.54,0.362,-76.301694,36.778306,8639348,NOAA_NOS,IAN,2022,1800.0
2022-09-26 07:00:00,-1.654,-1.038,0.6159999999999999,-76.301694,36.778306,8639348,NOAA_NOS,IAN,2022,1860.0
2022-09-26 08:00:00,-1.877,-1.338,0.5389999999999999,-76.301694,36.778306,8639348,NOAA_NOS,IAN,2022,1920.0
2022-09-26 09:00:00,-1.67,-1.248,0.4219999999999999,-76.301694,36.778306,8639348,NOAA_NOS,IAN,2022,1980.0
2022-09-26 10:00:00,-1.207,-0.774,0.433,-76.301694,36.778306,8639348,NOAA_NOS,IAN,2022,2040.0
2022-09-26 11:00:00,-0.377,-0.05,0.327,-76.301694,36.778306,8639348,NOAA_NOS,IAN,2022,2100.0
2022-09-26 12:00:00,0.433,0.71,0.2769999999999999,-76.301694,36.778306,8639348,NOAA_NOS,IAN,2022,2160.0
2022-09-26 13:00:00,1.05,1.21,0.1599999999999999,-76.301694,36.778306,8639348,NOAA_NOS,IAN,2022,2220.0
2022-09-26 14:00:00,1.519,1.47,-0.0489999999999999,-76.301694,36.778306,8639348,NOAA_NOS,IAN,2022,2280.0
2022-09-26 15:00:00,1.522,1.381,-0.141,-76.301694,36.778306,8639348,NOAA_NOS,IAN,2022,2340.0
2022-09-26 16:00:00,1.263,0.981,-0.2819999999999999,-76.301694,36.778306,8639348,NOAA_NOS,IAN,2022,2400.0
2022-09-26 17:00:00,0.653,0.383,-0.27,-76.301694,36.778306,8639348,NOAA_NOS,IAN,2022,2460.0
2022-09-26 18:00:00,-0.049,-0.278,-0.229,-76.301694,36.778306,8639348,NOAA_NOS,IAN,2022,2520.0
2022-09-26 19:00:00,-0.686,-0.848,-0.1619999999999999,-76.301694,36.778306,8639348,NOAA_NOS,IAN,2022,2580.0
2022-09-26 20:00:00,-1.224,-1.263,-0.0389999999999999,-76.301694,36.778306,8639348,NOAA_NOS,IAN,2022,2640.0
2022-09-26 21:00:00,-1.181,-1.355,-0.1739999999999999,-76.301694,36.778306,8639348,NOAA_NOS,IAN,2022,2700.0
2022-09-26 22:00:00,-0.571,-1.014,-0.443,-76.301694,36.778306,8639348,NOAA_NOS,IAN,2022,2760.0
2022-09-26 23:00:00,0.2,-0.392,-0.5920000000000001,-76.301694,36.778306,8639348,NOAA_NOS,IAN,2022,2820.0
2022-09-27 00:00:00,1.014,0.403,-0.611,-76.301694,36.778306,8639348,NOAA_NOS,IAN,2022,2880.0
2022-09-27 01:00:00,1.604,0.999,-0.6050000000000001,-76.301694,36.778306,8639348,NOAA_NOS,IAN,2022,2940.0
2022-09-27 02:00:00,1.9,1.35,-0.5499999999999998,-76.301694,36.778306,8639348,NOAA_NOS,IAN,2022,3000.0
2022-09-27 03:00:00,1.893,1.368,-0.5249999999999999,-76.301694,36.778306,8639348,NOAA_NOS,IAN,2022,3060.0
2022-09-27 04:00:00,1.588,1.027,-0.5610000000000002,-76.301694,36.778306,8639348,NOAA_NOS,IAN,2022,3120.0
2022-09-27 05:00:00,1.03,0.462,-0.5680000000000001,-76.301694,36.778306,8639348,NOAA_NOS,IAN,2022,3180.0
2022-09-27 06:00:00,0.282,-0.197,-0.479,-76.301694,36.778306,8639348,NOAA_NOS,IAN,2022,3240.0
2022-09-27 07:00:00,-0.423,-0.781,-0.358,-76.301694,36.778306,8639348,NOAA_NOS,IAN,2022,3300.0
2022-09-27 08:00:00,-0.869,-1.234,-0.365,-76.301694,36.778306,8639348,NOAA_NOS,IAN,2022,3360.0
2022-09-27 09:00:00,-0.961,-1.417,-0.456,-76.301694,36.778306,8639348,NOAA_NOS,IAN,2022,3420.0
2022-09-27 10:00:00,-0.623,-1.154,-0.5309999999999999,-76.301694,36.778306,8639348,NOAA_NOS,IAN,2022,3480.0
2022-09-27 11:00:00,-0.023,-0.534,-0.511,-76.301694,36.778306,8639348,NOAA_NOS,IAN,2022,3540.0
2022-09-27 12:00:00,0.64,0.314,-0.326,-76.301694,36.778306,8639348,NOAA_NOS,IAN,2022,3600.0
2022-09-27 13:00:00,1.299,1.02,-0.2789999999999999,-76.301694,36.778306,8639348,NOAA_NOS,IAN,2022,3660.0
2022-09-27 14:00:00,1.939,1.467,-0.472,-76.301694,36.778306,8639348,NOAA_NOS,IAN,2022,3720.0
2022-09-27 15:00:00,2.264,1.615,-0.6489999999999998,-76.301694,36.778306,8639348,NOAA_NOS,IAN,2022,3780.0
2022-09-27 16:00:00,2.07,1.397,-0.6729999999999998,-76.301694,36.778306,8639348,NOAA_NOS,IAN,2022,3840.0
2022-09-27 17:00:00,1.476,0.902,-0.574,-76.301694,36.778306,8639348,NOAA_NOS,IAN,2022,3900.0
2022-09-27 18:00:00,0.63,0.237,-0.393,-76.301694,36.778306,8639348,NOAA_NOS,IAN,2022,3960.0
2022-09-27 19:00:00,-0.098,-0.456,-0.358,-76.301694,36.778306,8639348,NOAA_NOS,IAN,2022,4020.0
2022-09-27 20:00:00,-0.689,-1.007,-0.3179999999999999,-76.301694,36.778306,8639348,NOAA_NOS,IAN,2022,4080.0
2022-09-27 21:00:00,-0.928,-1.361,-0.4329999999999999,-76.301694,36.778306,8639348,NOAA_NOS,IAN,2022,4140.0
2022-09-27 22:00:00,-0.784,-1.332,-0.548,-76.301694,36.778306,8639348,NOAA_NOS,IAN,2022,4200.0
2022-09-27 23:00:00,-0.23,-0.89,-0.66,-76.301694,36.778306,8639348,NOAA_NOS,IAN,2022,4260.0
2022-09-28 00:00:00,0.518,-0.198,-0.716,-76.301694,36.778306,8639348,NOAA_NOS,IAN,2022,4320.0
2022-09-28 01:00:00,1.293,0.589,-0.704,-76.301694,36.778306,8639348,NOAA_NOS,IAN,2022,4380.0
2022-09-28 02:00:00,1.765,1.109,-0.6559999999999999,-76.301694,36.778306,8639348,NOAA_NOS,IAN,2022,4440.0
2022-09-28 03:00:00,2.011,1.37,-0.641,-76.301694,36.778306,8639348,NOAA_NOS,IAN,2022,4500.0
2022-09-28 04:00:00,1.936,1.26,-0.6759999999999999,-76.301694,36.778306,8639348,NOAA_NOS,IAN,2022,4560.0
2022-09-28 05:00:00,1.467,0.82,-0.6470000000000001,-76.301694,36.778306,8639348,NOAA_NOS,IAN,2022,4620.0
2022-09-28 06:00:00,1.033,0.204,-0.829,-76.301694,36.778306,8639348,NOAA_NOS,IAN,2022,4680.0
2022-09-28 07:00:00,0.61,-0.445,-1.055,-76.301694,36.778306,8639348,NOAA_NOS,IAN,2022,4740.0
2022-09-28 08:00:00,-0.095,-0.969,-0.874,-76.301694,36.778306,8639348,NOAA_NOS,IAN,2022,4800.0
2022-09-28 09:00:00,-0.633,-1.352,-0.7190000000000001,-76.301694,36.778306,8639348,NOAA_NOS,IAN,2022,4860.0
2022-09-28 10:00:00,-0.64,-1.408,-0.7679999999999999,-76.301694,36.778306,8639348,NOAA_NOS,IAN,2022,4920.0
2022-09-28 11:00:00,-0.322,-0.993,-0.671,-76.301694,36.778306,8639348,NOAA_NOS,IAN,2022,4980.0
2022-09-28 12:00:00,0.24,-0.263,-0.503,-76.301694,36.778306,8639348,NOAA_NOS,IAN,2022,5040.0
2022-09-28 13:00:00,1.004,0.611,-0.393,-76.301694,36.778306,8639348,NOAA_NOS,IAN,2022,5100.0
2022-09-28 14:00:00,1.801,1.23,-0.571,-76.301694,36.778306,8639348,NOAA_NOS,IAN,2022,5160.0
2022-09-28 15:00:00,2.238,1.618,-0.6199999999999999,-76.301694,36.778306,8639348,NOAA_NOS,IAN,2022,5220.0
2022-09-28 16:00:00,2.254,1.676,-0.5780000000000001,-76.301694,36.778306,8639348,NOAA_NOS,IAN,2022,5280.0
2022-09-28 17:00:00,1.883,1.351,-0.532,-76.301694,36.778306,8639348,NOAA_NOS,IAN,2022,5340.0
2022-09-28 18:00:00,1.27,0.804,-0.4659999999999999,-76.301694,36.778306,8639348,NOAA_NOS,IAN,2022,5400.0
2022-09-28 19:00:00,0.472,0.102,-0.37,-76.301694,36.778306,8639348,NOAA_NOS,IAN,2022,5460.0
2022-09-28 20:00:00,-0.328,-0.588,-0.2599999999999999,-76.301694,36.778306,8639348,NOAA_NOS,IAN,2022,5520.0
2022-09-28 21:00:00,-0.922,-1.114,-0.192,-76.301694,36.778306,8639348,NOAA_NOS,IAN,2022,5580.0
2022-09-28 22:00:00,-1.06,-1.385,-0.3249999999999999,-76.301694,36.778306,8639348,NOAA_NOS,IAN,2022,5640.0
2022-09-28 23:00:00,-0.755,-1.244,-0.489,-76.301694,36.778306,8639348,NOAA_NOS,IAN,2022,5700.0
2022-09-29 00:00:00,-0.207,-0.748,-0.541,-76.301694,36.778306,8639348,NOAA_NOS,IAN,2022,5760.0
2022-09-29 01:00:00,0.466,-0.026,-0.492,-76.301694,36.778306,8639348,NOAA_NOS,IAN,2022,5820.0
2022-09-29 02:00:00,1.106,0.718,-0.3880000000000001,-76.301694,36.778306,8639348,NOAA_NOS,IAN,2022,5880.0
2022-09-29 03:00:00,1.575,1.155,-0.4199999999999999,-76.301694,36.778306,8639348,NOAA_NOS,IAN,2022,5940.0
2022-09-29 04:00:00,1.867,1.329,-0.538,-76.301694,36.778306,8639348,NOAA_NOS,IAN,2022,6000.0
2022-09-29 05:00:00,1.834,1.122,-0.712,-76.301694,36.778306,8639348,NOAA_NOS,IAN,2022,6060.0
2022-09-29 06:00:00,1.325,0.649,-0.6759999999999999,-76.301694,36.778306,8639348,NOAA_NOS,IAN,2022,6120.0
2022-09-29 07:00:00,0.623,0.028,-0.595,-76.301694,36.778306,8639348,NOAA_NOS,IAN,2022,6180.0
2022-09-29 08:00:00,-0.03,-0.559,-0.529,-76.301694,36.778306,8639348,NOAA_NOS,IAN,2022,6240.0
2022-09-29 09:00:00,-0.482,-1.003,-0.5209999999999999,-76.301694,36.778306,8639348,NOAA_NOS,IAN,2022,6300.0
2022-09-29 10:00:00,-0.597,-1.284,-0.687,-76.301694,36.778306,8639348,NOAA_NOS,IAN,2022,6360.0
2022-09-29 11:00:00,-0.282,-1.17,-0.8879999999999999,-76.301694,36.778306,8639348,NOAA_NOS,IAN,2022,6420.0
2022-09-29 12:00:00,0.289,-0.646,-0.935,-76.301694,36.778306,8639348,NOAA_NOS,IAN,2022,6480.0
2022-09-29 13:00:00,0.997,0.143,-0.854,-76.301694,36.778306,8639348,NOAA_NOS,IAN,2022,6540.0
2022-09-29 14:00:00,1.742,0.923,-0.819,-76.301694,36.778306,8639348,NOAA_NOS,IAN,2022,6600.0
2022-09-29 15:00:00,2.415,1.473,-0.942,-76.301694,36.778306,8639348,NOAA_NOS,IAN,2022,6660.0
2022-09-29 16:00:00,2.815,1.815,-1.0,-76.301694,36.778306,8639348,NOAA_NOS,IAN,2022,6720.0
2022-09-29 17:00:00,2.841,1.807,-1.0340000000000005,-76.301694,36.778306,8639348,NOAA_NOS,IAN,2022,6780.0
2022-09-29 18:00:00,2.549,1.456,-1.093,-76.301694,36.778306,8639348,NOAA_NOS,IAN,2022,6840.0
2022-09-29 19:00:00,1.995,0.898,-1.097,-76.301694,36.778306,8639348,NOAA_NOS,IAN,2022,6900.0
2022-09-29 20:00:00,1.257,0.199,-1.0579999999999998,-76.301694,36.778306,8639348,NOAA_NOS,IAN,2022,6960.0
2022-09-29 21:00:00,0.499,-0.495,-0.994,-76.301694,36.778306,8639348,NOAA_NOS,IAN,2022,7020.0
2022-09-29 22:00:00,-0.01,-0.971,-0.961,-76.301694,36.778306,8639348,NOAA_NOS,IAN,2022,7080.0
2022-09-29 23:00:00,0.039,-1.151,-1.19,-76.301694,36.778306,8639348,NOAA_NOS,IAN,2022,7140.0
2022-09-30 00:00:00,0.472,-0.863,-1.335,-76.301694,36.778306,8639348,NOAA_NOS,IAN,2022,7200.0
2022-09-30 01:00:00,0.984,-0.288,-1.272,-76.301694,36.778306,8639348,NOAA_NOS,IAN,2022,7260.0
2022-09-30 02:00:00,1.565,0.507,-1.0579999999999998,-76.301694,36.778306,8639348,NOAA_NOS,IAN,2022,7320.0
2022-09-30 03:00:00,2.119,1.194,-0.9250000000000004,-76.301694,36.778306,8639348,NOAA_NOS,IAN,2022,7380.0
2022-09-30 04:00:00,2.559,1.584,-0.975,-76.301694,36.778306,8639348,NOAA_NOS,IAN,2022,7440.0
2022-09-30 05:00:00,2.802,1.713,-1.089,-76.301694,36.778306,8639348,NOAA_NOS,IAN,2022,7500.0
2022-09-30 06:00:00,2.667,1.457,-1.2099999999999995,-76.301694,36.778306,8639348,NOAA_NOS,IAN,2022,7560.0
2022-09-30 07:00:00,2.221,1.011,-1.2100000000000002,-76.301694,36.778306,8639348,NOAA_NOS,IAN,2022,7620.0
2022-09-30 08:00:00,1.663,0.469,-1.194,-76.301694,36.778306,8639348,NOAA_NOS,IAN,2022,7680.0
2022-09-30 09:00:00,1.119,-0.131,-1.25,-76.301694,36.778306,8639348,NOAA_NOS,IAN,2022,7740.0
2022-09-30 10:00:00,0.797,-0.619,-1.416,-76.301694,36.778306,8639348,NOAA_NOS,IAN,2022,7800.0
2022-09-30 11:00:00,0.725,-0.935,-1.66,-76.301694,36.778306,8639348,NOAA_NOS,IAN,2022,7860.0
2022-09-30 12:00:00,0.997,-0.899,-1.896,-76.301694,36.778306,8639348,NOAA_NOS,IAN,2022,7920.0
2022-09-30 13:00:00,1.516,-0.365,-1.881,-76.301694,36.778306,8639348,NOAA_NOS,IAN,2022,7980.0
2022-09-30 14:00:00,2.221,0.464,-1.757,-76.301694,36.778306,8639348,NOAA_NOS,IAN,2022,8040.0
2022-09-30 15:00:00,2.959,1.215,-1.744,-76.301694,36.778306,8639348,NOAA_NOS,IAN,2022,8100.0
2022-09-30 16:00:00,3.684,1.707,-1.977,-76.301694,36.778306,8639348,NOAA_NOS,IAN,2022,8160.0
2022-09-30 17:00:00,4.127,1.982,-2.145,-76.301694,36.778306,8639348,NOAA_NOS,IAN,2022,8220.0
2022-09-30 18:00:00,4.304,1.874,-2.43,-76.301694,36.778306,8639348,NOAA_NOS,IAN,2022,8280.0
2022-09-30 19:00:00,4.314,1.487,-2.827,-76.301694,36.778306,8639348,NOAA_NOS,IAN,2022,8340.0
2022-09-30 20:00:00,4.029,0.947,-3.082,-76.301694,36.778306,8639348,NOAA_NOS,IAN,2022,8400.0
2022-09-30 21:00:00,3.507,0.264,-3.2430000000000003,-76.301694,36.778306,8639348,NOAA_NOS,IAN,2022,8460.0
2022-09-30 22:00:00,3.133,-0.383,-3.516,-76.301694,36.778306,8639348,NOAA_NOS,IAN,2022,8520.0
2022-09-30 23:00:00,2.963,-0.837,-3.8,-76.301694,36.778306,8639348,NOAA_NOS,IAN,2022,8580.0
2022-10-01 00:00:00,3.071,-0.947,-4.018,-76.301694,36.778306,8639348,NOAA_NOS,IAN,2022,8640.0
2022-10-01 01:00:00,3.36,-0.722,-4.082,-76.301694,36.778306,8639348,NOAA_NOS,IAN,2022,8700.0
2022-10-01 02:00:00,3.688,-0.341,-4.029,-76.301694,36.778306,8639348,NOAA_NOS,IAN,2022,8760.0
2022-10-01 03:00:00,3.993,0.334,-3.659,-76.301694,36.778306,8639348,NOAA_NOS,IAN,2022,8820.0
2022-10-01 04:00:00,4.206,0.996,-3.2100000000000004,-76.301694,36.778306,8639348,NOAA_NOS,IAN,2022,8880.0
2022-10-01 05:00:00,3.96,1.412,-2.548,-76.301694,36.778306,8639348,NOAA_NOS,IAN,2022,8940.0
2022-10-01 06:00:00,3.451,1.514,-1.937,-76.301694,36.778306,8639348,NOAA_NOS,IAN,2022,9000.0
2022-10-01 07:00:00,2.913,1.125,-1.7879999999999998,-76.301694,36.778306,8639348,NOAA_NOS,IAN,2022,9060.0
2022-10-01 08:00:00,2.32,0.491,-1.829,-76.301694,36.778306,8639348,NOAA_NOS,IAN,2022,9120.0
2022-10-01 09:00:00,1.726,-0.128,-1.854,-76.301694,36.778306,8639348,NOAA_NOS,IAN,2022,9180.0
2022-10-01 10:00:00,1.188,-0.648,-1.836,-76.301694,36.778306,8639348,NOAA_NOS,IAN,2022,9240.0
2022-10-01 11:00:00,0.797,-0.967,-1.764,-76.301694,36.778306,8639348,NOAA_NOS,IAN,2022,9300.0
2022-10-01 12:00:00,0.702,-1.006,-1.708,-76.301694,36.778306,8639348,NOAA_NOS,IAN,2022,9360.0
2022-10-01 13:00:00,0.938,-0.719,-1.657,-76.301694,36.778306,8639348,NOAA_NOS,IAN,2022,9420.0
2022-10-01 14:00:00,1.463,-0.273,-1.7360000000000002,-76.301694,36.778306,8639348,NOAA_NOS,IAN,2022,9480.0
2022-10-01 15:00:00,2.054,0.513,-1.541,-76.301694,36.778306,8639348,NOAA_NOS,IAN,2022,9540.0
2022-10-01 16:00:00,2.628,1.198,-1.4300000000000002,-76.301694,36.778306,8639348,NOAA_NOS,IAN,2022,9600.0
2022-10-01 17:00:00,3.104,1.619,-1.485,-76.301694,36.778306,8639348,NOAA_NOS,IAN,2022,9660.0
2022-10-01 18:00:00,3.317,1.799,-1.5180000000000002,-76.301694,36.778306,8639348,NOAA_NOS,IAN,2022,9720.0
2022-10-01 19:00:00,3.186,1.671,-1.515,-76.301694,36.778306,8639348,NOAA_NOS,IAN,2022,9780.0
2022-10-01 20:00:00,2.677,1.149,-1.528,-76.301694,36.778306,8639348,NOAA_NOS,IAN,2022,9840.0
2022-10-01 21:00:00,2.093,0.529,-1.564,-76.301694,36.778306,8639348,NOAA_NOS,IAN,2022,9900.0
2022-10-01 22:00:00,1.427,-0.122,-1.549,-76.301694,36.778306,8639348,NOAA_NOS,IAN,2022,9960.0
2022-10-01 23:00:00,0.758,-0.622,-1.38,-76.301694,36.778306,8639348,NOAA_NOS,IAN,2022,10020.0
2022-09-25 01:00:00,1.78,1.052,-0.728,-75.746694,36.183306,8651370,NOAA_NOS,IAN,2022,60.0
2022-09-25 02:00:00,1.114,0.459,-0.655,-75.746694,36.183306,8651370,NOAA_NOS,IAN,2022,120.0
2022-09-25 03:00:00,0.192,-0.375,-0.567,-75.746694,36.183306,8651370,NOAA_NOS,IAN,2022,180.0
2022-09-25 04:00:00,-0.681,-1.14,-0.4589999999999998,-75.746694,36.183306,8651370,NOAA_NOS,IAN,2022,240.0
2022-09-25 05:00:00,-1.268,-1.547,-0.2789999999999999,-75.746694,36.183306,8651370,NOAA_NOS,IAN,2022,300.0
2022-09-25 06:00:00,-1.422,-1.486,-0.064,-75.746694,36.183306,8651370,NOAA_NOS,IAN,2022,360.0
2022-09-25 07:00:00,-1.041,-1.146,-0.1049999999999999,-75.746694,36.183306,8651370,NOAA_NOS,IAN,2022,420.0
2022-09-25 08:00:00,-0.471,-0.536,-0.065,-75.746694,36.183306,8651370,NOAA_NOS,IAN,2022,480.0
2022-09-25 09:00:00,0.209,0.283,0.0739999999999999,-75.746694,36.183306,8651370,NOAA_NOS,IAN,2022,540.0
2022-09-25 10:00:00,1.029,1.092,0.0630000000000001,-75.746694,36.183306,8651370,NOAA_NOS,IAN,2022,600.0
2022-09-25 11:00:00,1.459,1.508,0.0489999999999999,-75.746694,36.183306,8651370,NOAA_NOS,IAN,2022,660.0
2022-09-25 12:00:00,1.586,1.454,-0.1320000000000001,-75.746694,36.183306,8651370,NOAA_NOS,IAN,2022,720.0
2022-09-25 13:00:00,1.212,1.12,-0.0919999999999998,-75.746694,36.183306,8651370,NOAA_NOS,IAN,2022,780.0
2022-09-25 14:00:00,0.694,0.599,-0.0949999999999999,-75.746694,36.183306,8651370,NOAA_NOS,IAN,2022,840.0
2022-09-25 15:00:00,-0.116,-0.153,-0.0369999999999999,-75.746694,36.183306,8651370,NOAA_NOS,IAN,2022,900.0
2022-09-25 16:00:00,-1.038,-1.0,0.038,-75.746694,36.183306,8651370,NOAA_NOS,IAN,2022,960.0
2022-09-25 17:00:00,-1.668,-1.531,0.137,-75.746694,36.183306,8651370,NOAA_NOS,IAN,2022,1020.0
2022-09-25 18:00:00,-1.809,-1.6,0.2089999999999998,-75.746694,36.183306,8651370,NOAA_NOS,IAN,2022,1080.0
2022-09-25 19:00:00,-1.429,-1.284,0.145,-75.746694,36.183306,8651370,NOAA_NOS,IAN,2022,1140.0
2022-09-25 20:00:00,-0.904,-0.737,0.167,-75.746694,36.183306,8651370,NOAA_NOS,IAN,2022,1200.0
2022-09-25 21:00:00,-0.123,0.068,0.191,-75.746694,36.183306,8651370,NOAA_NOS,IAN,2022,1260.0
2022-09-25 22:00:00,0.619,0.991,0.372,-75.746694,36.183306,8651370,NOAA_NOS,IAN,2022,1320.0
2022-09-25 23:00:00,1.258,1.551,0.2929999999999999,-75.746694,36.183306,8651370,NOAA_NOS,IAN,2022,1380.0
2022-09-26 00:00:00,1.386,1.625,0.2390000000000001,-75.746694,36.183306,8651370,NOAA_NOS,IAN,2022,1440.0
2022-09-26 01:00:00,1.399,1.342,-0.0569999999999999,-75.746694,36.183306,8651370,NOAA_NOS,IAN,2022,1500.0
2022-09-26 02:00:00,0.464,0.854,0.3899999999999999,-75.746694,36.183306,8651370,NOAA_NOS,IAN,2022,1560.0
2022-09-26 03:00:00,-0.241,0.129,0.37,-75.746694,36.183306,8651370,NOAA_NOS,IAN,2022,1620.0
2022-09-26 04:00:00,-0.979,-0.78,0.1989999999999999,-75.746694,36.183306,8651370,NOAA_NOS,IAN,2022,1680.0
2022-09-26 05:00:00,-1.799,-1.452,0.347,-75.746694,36.183306,8651370,NOAA_NOS,IAN,2022,1740.0
2022-09-26 06:00:00,-2.216,-1.692,0.5240000000000002,-75.746694,36.183306,8651370,NOAA_NOS,IAN,2022,1800.0
2022-09-26 07:00:00,-1.967,-1.467,0.5,-75.746694,36.183306,8651370,NOAA_NOS,IAN,2022,1860.0
2022-09-26 08:00:00,-1.452,-0.973,0.479,-75.746694,36.183306,8651370,NOAA_NOS,IAN,2022,1920.0
2022-09-26 09:00:00,-0.654,-0.189,0.465,-75.746694,36.183306,8651370,NOAA_NOS,IAN,2022,1980.0
2022-09-26 10:00:00,0.346,0.772,0.426,-75.746694,36.183306,8651370,NOAA_NOS,IAN,2022,2040.0
2022-09-26 11:00:00,1.199,1.521,0.3219999999999998,-75.746694,36.183306,8651370,NOAA_NOS,IAN,2022,2100.0
2022-09-26 12:00:00,1.524,1.781,0.2569999999999999,-75.746694,36.183306,8651370,NOAA_NOS,IAN,2022,2160.0
2022-09-26 13:00:00,1.59,1.575,-0.0150000000000001,-75.746694,36.183306,8651370,NOAA_NOS,IAN,2022,2220.0
2022-09-26 14:00:00,1.301,1.147,-0.1539999999999999,-75.746694,36.183306,8651370,NOAA_NOS,IAN,2022,2280.0
2022-09-26 15:00:00,0.779,0.467,-0.312,-75.746694,36.183306,8651370,NOAA_NOS,IAN,2022,2340.0
2022-09-26 16:00:00,-0.179,-0.461,-0.282,-75.746694,36.183306,8651370,NOAA_NOS,IAN,2022,2400.0
2022-09-26 17:00:00,-0.9,-1.292,-0.392,-75.746694,36.183306,8651370,NOAA_NOS,IAN,2022,2460.0
2022-09-26 18:00:00,-1.261,-1.736,-0.4750000000000001,-75.746694,36.183306,8651370,NOAA_NOS,IAN,2022,2520.0
2022-09-26 19:00:00,-1.156,-1.664,-0.508,-75.746694,36.183306,8651370,NOAA_NOS,IAN,2022,2580.0
2022-09-26 20:00:00,-0.743,-1.265,-0.5219999999999999,-75.746694,36.183306,8651370,NOAA_NOS,IAN,2022,2640.0
2022-09-26 21:00:00,0.077,-0.588,-0.6649999999999999,-75.746694,36.183306,8651370,NOAA_NOS,IAN,2022,2700.0
2022-09-26 22:00:00,0.963,0.338,-0.625,-75.746694,36.183306,8651370,NOAA_NOS,IAN,2022,2760.0
2022-09-26 23:00:00,1.888,1.21,-0.6779999999999999,-75.746694,36.183306,8651370,NOAA_NOS,IAN,2022,2820.0
2022-09-27 00:00:00,2.233,1.625,-0.6080000000000001,-75.746694,36.183306,8651370,NOAA_NOS,IAN,2022,2880.0
2022-09-27 01:00:00,2.269,1.541,-0.7280000000000002,-75.746694,36.183306,8651370,NOAA_NOS,IAN,2022,2940.0
2022-09-27 02:00:00,1.993,1.167,-0.8260000000000001,-75.746694,36.183306,8651370,NOAA_NOS,IAN,2022,3000.0
2022-09-27 03:00:00,1.285,0.58,-0.705,-75.746694,36.183306,8651370,NOAA_NOS,IAN,2022,3060.0
2022-09-27 04:00:00,0.497,-0.271,-0.768,-75.746694,36.183306,8651370,NOAA_NOS,IAN,2022,3120.0
2022-09-27 05:00:00,-0.517,-1.168,-0.6509999999999999,-75.746694,36.183306,8651370,NOAA_NOS,IAN,2022,3180.0
2022-09-27 06:00:00,-1.061,-1.702,-0.641,-75.746694,36.183306,8651370,NOAA_NOS,IAN,2022,3240.0
2022-09-27 07:00:00,-1.163,-1.74,-0.577,-75.746694,36.183306,8651370,NOAA_NOS,IAN,2022,3300.0
2022-09-27 08:00:00,-0.818,-1.356,-0.5380000000000001,-75.746694,36.183306,8651370,NOAA_NOS,IAN,2022,3360.0
2022-09-27 09:00:00,-0.366,-0.702,-0.3359999999999999,-75.746694,36.183306,8651370,NOAA_NOS,IAN,2022,3420.0
2022-09-27 10:00:00,0.517,0.248,-0.269,-75.746694,36.183306,8651370,NOAA_NOS,IAN,2022,3480.0
2022-09-27 11:00:00,1.459,1.261,-0.1980000000000001,-75.746694,36.183306,8651370,NOAA_NOS,IAN,2022,3540.0
2022-09-27 12:00:00,2.177,1.857,-0.32,-75.746694,36.183306,8651370,NOAA_NOS,IAN,2022,3600.0
2022-09-27 13:00:00,2.397,1.947,-0.4499999999999997,-75.746694,36.183306,8651370,NOAA_NOS,IAN,2022,3660.0
2022-09-27 14:00:00,2.272,1.637,-0.6349999999999998,-75.746694,36.183306,8651370,NOAA_NOS,IAN,2022,3720.0
2022-09-27 15:00:00,1.59,1.09,-0.5,-75.746694,36.183306,8651370,NOAA_NOS,IAN,2022,3780.0
2022-09-27 16:00:00,0.76,0.254,-0.506,-75.746694,36.183306,8651370,NOAA_NOS,IAN,2022,3840.0
2022-09-27 17:00:00,-0.179,-0.759,-0.5800000000000001,-75.746694,36.183306,8651370,NOAA_NOS,IAN,2022,3900.0
2022-09-27 18:00:00,-0.963,-1.521,-0.5579999999999999,-75.746694,36.183306,8651370,NOAA_NOS,IAN,2022,3960.0
2022-09-27 19:00:00,-1.337,-1.83,-0.4930000000000001,-75.746694,36.183306,8651370,NOAA_NOS,IAN,2022,4020.0
2022-09-27 20:00:00,-1.117,-1.645,-0.528,-75.746694,36.183306,8651370,NOAA_NOS,IAN,2022,4080.0
2022-09-27 21:00:00,-0.71,-1.184,-0.474,-75.746694,36.183306,8651370,NOAA_NOS,IAN,2022,4140.0
2022-09-27 22:00:00,0.107,-0.397,-0.504,-75.746694,36.183306,8651370,NOAA_NOS,IAN,2022,4200.0
2022-09-27 23:00:00,0.934,0.587,-0.3470000000000001,-75.746694,36.183306,8651370,NOAA_NOS,IAN,2022,4260.0
2022-09-28 00:00:00,1.764,1.338,-0.4259999999999999,-75.746694,36.183306,8651370,NOAA_NOS,IAN,2022,4320.0
2022-09-28 01:00:00,2.102,1.572,-0.5299999999999998,-75.746694,36.183306,8651370,NOAA_NOS,IAN,2022,4380.0
2022-09-28 02:00:00,1.878,1.372,-0.5059999999999998,-75.746694,36.183306,8651370,NOAA_NOS,IAN,2022,4440.0
2022-09-28 03:00:00,1.504,0.947,-0.557,-75.746694,36.183306,8651370,NOAA_NOS,IAN,2022,4500.0
2022-09-28 04:00:00,0.783,0.271,-0.512,-75.746694,36.183306,8651370,NOAA_NOS,IAN,2022,4560.0
2022-09-28 05:00:00,-0.044,-0.636,-0.592,-75.746694,36.183306,8651370,NOAA_NOS,IAN,2022,4620.0
2022-09-28 06:00:00,-0.933,-1.436,-0.5029999999999999,-75.746694,36.183306,8651370,NOAA_NOS,IAN,2022,4680.0
2022-09-28 07:00:00,-0.861,-1.814,-0.953,-75.746694,36.183306,8651370,NOAA_NOS,IAN,2022,4740.0
2022-09-28 08:00:00,-0.825,-1.666,-0.841,-75.746694,36.183306,8651370,NOAA_NOS,IAN,2022,4800.0
2022-09-28 09:00:00,-0.562,-1.205,-0.643,-75.746694,36.183306,8651370,NOAA_NOS,IAN,2022,4860.0
2022-09-28 10:00:00,0.14,-0.411,-0.5509999999999999,-75.746694,36.183306,8651370,NOAA_NOS,IAN,2022,4920.0
2022-09-28 11:00:00,1.186,0.653,-0.5329999999999999,-75.746694,36.183306,8651370,NOAA_NOS,IAN,2022,4980.0
2022-09-28 12:00:00,2.321,1.614,-0.7070000000000001,-75.746694,36.183306,8651370,NOAA_NOS,IAN,2022,5040.0
2022-09-28 13:00:00,2.695,2.063,-0.6319999999999997,-75.746694,36.183306,8651370,NOAA_NOS,IAN,2022,5100.0
2022-09-28 14:00:00,2.6,2.007,-0.593,-75.746694,36.183306,8651370,NOAA_NOS,IAN,2022,5160.0
2022-09-28 15:00:00,2.282,1.64,-0.6420000000000001,-75.746694,36.183306,8651370,NOAA_NOS,IAN,2022,5220.0
2022-09-28 16:00:00,1.701,0.996,-0.7050000000000001,-75.746694,36.183306,8651370,NOAA_NOS,IAN,2022,5280.0
2022-09-28 17:00:00,0.71,0.034,-0.6759999999999999,-75.746694,36.183306,8651370,NOAA_NOS,IAN,2022,5340.0
2022-09-28 18:00:00,-0.382,-0.968,-0.586,-75.746694,36.183306,8651370,NOAA_NOS,IAN,2022,5400.0
2022-09-28 19:00:00,-1.11,-1.635,-0.5249999999999999,-75.746694,36.183306,8651370,NOAA_NOS,IAN,2022,5460.0
2022-09-28 20:00:00,-1.268,-1.812,-0.544,-75.746694,36.183306,8651370,NOAA_NOS,IAN,2022,5520.0
2022-09-28 21:00:00,-1.022,-1.586,-0.5640000000000001,-75.746694,36.183306,8651370,NOAA_NOS,IAN,2022,5580.0
2022-09-28 22:00:00,-0.556,-1.05,-0.494,-75.746694,36.183306,8651370,NOAA_NOS,IAN,2022,5640.0
2022-09-28 23:00:00,0.179,-0.209,-0.388,-75.746694,36.183306,8651370,NOAA_NOS,IAN,2022,5700.0
2022-09-29 00:00:00,1.107,0.757,-0.35,-75.746694,36.183306,8651370,NOAA_NOS,IAN,2022,5760.0
2022-09-29 01:00:00,1.659,1.37,-0.2889999999999999,-75.746694,36.183306,8651370,NOAA_NOS,IAN,2022,5820.0
2022-09-29 02:00:00,1.878,1.471,-0.4069999999999998,-75.746694,36.183306,8651370,NOAA_NOS,IAN,2022,5880.0
2022-09-29 03:00:00,1.662,1.207,-0.4549999999999998,-75.746694,36.183306,8651370,NOAA_NOS,IAN,2022,5940.0
2022-09-29 04:00:00,1.396,0.764,-0.6319999999999999,-75.746694,36.183306,8651370,NOAA_NOS,IAN,2022,6000.0
2022-09-29 05:00:00,0.586,0.054,-0.5319999999999999,-75.746694,36.183306,8651370,NOAA_NOS,IAN,2022,6060.0
2022-09-29 06:00:00,-0.277,-0.825,-0.5479999999999999,-75.746694,36.183306,8651370,NOAA_NOS,IAN,2022,6120.0
2022-09-29 07:00:00,-0.841,-1.454,-0.613,-75.746694,36.183306,8651370,NOAA_NOS,IAN,2022,6180.0
2022-09-29 08:00:00,-0.979,-1.634,-0.6549999999999999,-75.746694,36.183306,8651370,NOAA_NOS,IAN,2022,6240.0
2022-09-29 09:00:00,-0.671,-1.381,-0.71,-75.746694,36.183306,8651370,NOAA_NOS,IAN,2022,6300.0
2022-09-29 10:00:00,-0.143,-0.845,-0.702,-75.746694,36.183306,8651370,NOAA_NOS,IAN,2022,6360.0
2022-09-29 11:00:00,0.809,0.015,-0.794,-75.746694,36.183306,8651370,NOAA_NOS,IAN,2022,6420.0
2022-09-29 12:00:00,1.826,1.087,-0.7390000000000001,-75.746694,36.183306,8651370,NOAA_NOS,IAN,2022,6480.0
2022-09-29 13:00:00,2.945,1.935,-1.0099999999999998,-75.746694,36.183306,8651370,NOAA_NOS,IAN,2022,6540.0
2022-09-29 14:00:00,3.181,2.263,-0.918,-75.746694,36.183306,8651370,NOAA_NOS,IAN,2022,6600.0
2022-09-29 15:00:00,3.237,2.149,-1.088,-75.746694,36.183306,8651370,NOAA_NOS,IAN,2022,6660.0
2022-09-29 16:00:00,2.653,1.782,-0.871,-75.746694,36.183306,8651370,NOAA_NOS,IAN,2022,6720.0
2022-09-29 17:00:00,2.364,1.069,-1.295,-75.746694,36.183306,8651370,NOAA_NOS,IAN,2022,6780.0
2022-09-29 18:00:00,1.357,0.039,-1.318,-75.746694,36.183306,8651370,NOAA_NOS,IAN,2022,6840.0
2022-09-29 19:00:00,0.284,-0.905,-1.189,-75.746694,36.183306,8651370,NOAA_NOS,IAN,2022,6900.0
2022-09-29 20:00:00,0.126,-1.46,-1.586,-75.746694,36.183306,8651370,NOAA_NOS,IAN,2022,6960.0
2022-09-29 21:00:00,-0.349,-1.511,-1.162,-75.746694,36.183306,8651370,NOAA_NOS,IAN,2022,7020.0
2022-09-29 22:00:00,0.359,-1.239,-1.598,-75.746694,36.183306,8651370,NOAA_NOS,IAN,2022,7080.0
2022-09-29 23:00:00,0.51,-0.623,-1.133,-75.746694,36.183306,8651370,NOAA_NOS,IAN,2022,7140.0
2022-09-30 00:00:00,1.586,0.318,-1.268,-75.746694,36.183306,8651370,NOAA_NOS,IAN,2022,7200.0
2022-09-30 01:00:00,1.921,1.256,-0.665,-75.746694,36.183306,8651370,NOAA_NOS,IAN,2022,7260.0
2022-09-30 02:00:00,2.974,1.751,-1.2230000000000003,-75.746694,36.183306,8651370,NOAA_NOS,IAN,2022,7320.0
2022-09-30 03:00:00,3.145,1.724,-1.421,-75.746694,36.183306,8651370,NOAA_NOS,IAN,2022,7380.0
2022-09-30 04:00:00,2.676,1.465,-1.211,-75.746694,36.183306,8651370,NOAA_NOS,IAN,2022,7440.0
2022-09-30 05:00:00,2.0,1.017,-0.983,-75.746694,36.183306,8651370,NOAA_NOS,IAN,2022,7500.0
2022-09-30 06:00:00,1.383,0.258,-1.125,-75.746694,36.183306,8651370,NOAA_NOS,IAN,2022,7560.0
2022-09-30 07:00:00,0.763,-0.62,-1.383,-75.746694,36.183306,8651370,NOAA_NOS,IAN,2022,7620.0
2022-09-30 08:00:00,0.579,-1.254,-1.833,-75.746694,36.183306,8651370,NOAA_NOS,IAN,2022,7680.0
2022-09-30 09:00:00,0.044,-1.425,-1.469,-75.746694,36.183306,8651370,NOAA_NOS,IAN,2022,7740.0
2022-09-30 10:00:00,0.399,-1.124,-1.523,-75.746694,36.183306,8651370,NOAA_NOS,IAN,2022,7800.0
2022-09-30 11:00:00,0.986,-0.614,-1.6,-75.746694,36.183306,8651370,NOAA_NOS,IAN,2022,7860.0
2022-09-30 12:00:00,2.233,0.234,-1.999,-75.746694,36.183306,8651370,NOAA_NOS,IAN,2022,7920.0
2022-09-30 13:00:00,3.004,1.336,-1.668,-75.746694,36.183306,8651370,NOAA_NOS,IAN,2022,7980.0
2022-09-30 14:00:00,3.903,2.116,-1.787,-75.746694,36.183306,8651370,NOAA_NOS,IAN,2022,8040.0
2022-09-30 15:00:00,3.995,2.307,-1.6880000000000002,-75.746694,36.183306,8651370,NOAA_NOS,IAN,2022,8100.0
2022-09-30 16:00:00,3.847,2.116,-1.731,-75.746694,36.183306,8651370,NOAA_NOS,IAN,2022,8160.0
2022-09-30 17:00:00,3.624,1.766,-1.858,-75.746694,36.183306,8651370,NOAA_NOS,IAN,2022,8220.0
2022-09-30 18:00:00,3.076,1.07,-2.006,-75.746694,36.183306,8651370,NOAA_NOS,IAN,2022,8280.0
2022-09-30 19:00:00,2.2,0.075,-2.125,-75.746694,36.183306,8651370,NOAA_NOS,IAN,2022,8340.0
2022-09-30 20:00:00,1.327,-0.77,-2.097,-75.746694,36.183306,8651370,NOAA_NOS,IAN,2022,8400.0
2022-09-30 21:00:00,1.009,-1.254,-2.263,-75.746694,36.183306,8651370,NOAA_NOS,IAN,2022,8460.0
2022-09-30 22:00:00,0.907,-1.329,-2.236,-75.746694,36.183306,8651370,NOAA_NOS,IAN,2022,8520.0
2022-09-30 23:00:00,1.15,-1.14,-2.29,-75.746694,36.183306,8651370,NOAA_NOS,IAN,2022,8580.0
2022-10-01 00:00:00,1.537,-0.637,-2.174,-75.746694,36.183306,8651370,NOAA_NOS,IAN,2022,8640.0
2022-10-01 01:00:00,2.354,0.144,-2.21,-75.746694,36.183306,8651370,NOAA_NOS,IAN,2022,8700.0
2022-10-01 02:00:00,2.695,0.954,-1.741,-75.746694,36.183306,8651370,NOAA_NOS,IAN,2022,8760.0
2022-10-01 03:00:00,3.151,1.36,-1.7909999999999997,-75.746694,36.183306,8651370,NOAA_NOS,IAN,2022,8820.0
2022-10-01 04:00:00,3.394,1.231,-2.1630000000000003,-75.746694,36.183306,8651370,NOAA_NOS,IAN,2022,8880.0
2022-10-01 05:00:00,2.925,0.905,-2.02,-75.746694,36.183306,8651370,NOAA_NOS,IAN,2022,8940.0
2022-10-01 06:00:00,2.256,0.382,-1.874,-75.746694,36.183306,8651370,NOAA_NOS,IAN,2022,9000.0
2022-10-01 07:00:00,1.691,-0.501,-2.192,-75.746694,36.183306,8651370,NOAA_NOS,IAN,2022,9060.0
2022-10-01 08:00:00,0.878,-1.29,-2.168,-75.746694,36.183306,8651370,NOAA_NOS,IAN,2022,9120.0
2022-10-01 09:00:00,0.448,-1.583,-2.031,-75.746694,36.183306,8651370,NOAA_NOS,IAN,2022,9180.0
2022-10-01 10:00:00,0.438,-1.593,-2.031,-75.746694,36.183306,8651370,NOAA_NOS,IAN,2022,9240.0
2022-10-01 11:00:00,0.537,-1.192,-1.729,-75.746694,36.183306,8651370,NOAA_NOS,IAN,2022,9300.0
2022-10-01 12:00:00,1.249,-0.533,-1.782,-75.746694,36.183306,8651370,NOAA_NOS,IAN,2022,9360.0
2022-10-01 13:00:00,1.97,0.382,-1.588,-75.746694,36.183306,8651370,NOAA_NOS,IAN,2022,9420.0
2022-10-01 14:00:00,2.787,1.456,-1.331,-75.746694,36.183306,8651370,NOAA_NOS,IAN,2022,9480.0
2022-10-01 15:00:00,3.437,2.077,-1.36,-75.746694,36.183306,8651370,NOAA_NOS,IAN,2022,9540.0
2022-10-01 16:00:00,3.667,2.107,-1.5599999999999996,-75.746694,36.183306,8651370,NOAA_NOS,IAN,2022,9600.0
2022-10-01 17:00:00,3.443,1.863,-1.58,-75.746694,36.183306,8651370,NOAA_NOS,IAN,2022,9660.0
2022-10-01 18:00:00,3.053,1.374,-1.6789999999999998,-75.746694,36.183306,8651370,NOAA_NOS,IAN,2022,9720.0
2022-10-01 19:00:00,2.321,0.592,-1.729,-75.746694,36.183306,8651370,NOAA_NOS,IAN,2022,9780.0
2022-10-01 20:00:00,1.37,-0.414,-1.784,-75.746694,36.183306,8651370,NOAA_NOS,IAN,2022,9840.0
2022-10-01 21:00:00,0.661,-1.098,-1.759,-75.746694,36.183306,8651370,NOAA_NOS,IAN,2022,9900.0
2022-10-01 22:00:00,0.195,-1.392,-1.587,-75.746694,36.183306,8651370,NOAA_NOS,IAN,2022,9960.0
2022-10-01 23:00:00,0.113,-1.428,-1.541,-75.746694,36.183306,8651370,NOAA_NOS,IAN,2022,10020.0
2022-09-25 01:00:00,1.493,0.464,-1.029,-75.553198,35.79346,8652587,NOAA_NOS,IAN,2022,60.0
2022-09-25 02:00:00,1.319,0.364,-0.955,-75.553198,35.79346,8652587,NOAA_NOS,IAN,2022,120.0
2022-09-25 03:00:00,1.159,0.157,-1.002,-75.553198,35.79346,8652587,NOAA_NOS,IAN,2022,180.0
2022-09-25 04:00:00,1.106,0.003,-1.1030000000000002,-75.553198,35.79346,8652587,NOAA_NOS,IAN,2022,240.0
2022-09-25 05:00:00,0.959,-0.124,-1.083,-75.553198,35.79346,8652587,NOAA_NOS,IAN,2022,300.0
2022-09-25 06:00:00,0.852,-0.256,-1.108,-75.553198,35.79346,8652587,NOAA_NOS,IAN,2022,360.0
2022-09-25 07:00:00,0.741,-0.307,-1.048,-75.553198,35.79346,8652587,NOAA_NOS,IAN,2022,420.0
2022-09-25 08:00:00,0.727,-0.25,-0.977,-75.553198,35.79346,8652587,NOAA_NOS,IAN,2022,480.0
2022-09-25 09:00:00,0.852,-0.052,-0.904,-75.553198,35.79346,8652587,NOAA_NOS,IAN,2022,540.0
2022-09-25 10:00:00,1.039,0.206,-0.833,-75.553198,35.79346,8652587,NOAA_NOS,IAN,2022,600.0
2022-09-25 11:00:00,1.239,0.374,-0.8650000000000001,-75.553198,35.79346,8652587,NOAA_NOS,IAN,2022,660.0
2022-09-25 12:00:00,1.35,0.454,-0.8960000000000001,-75.553198,35.79346,8652587,NOAA_NOS,IAN,2022,720.0
2022-09-25 13:00:00,1.279,0.463,-0.8159999999999998,-75.553198,35.79346,8652587,NOAA_NOS,IAN,2022,780.0
2022-09-25 14:00:00,1.163,0.39,-0.773,-75.553198,35.79346,8652587,NOAA_NOS,IAN,2022,840.0
2022-09-25 15:00:00,1.137,0.217,-0.92,-75.553198,35.79346,8652587,NOAA_NOS,IAN,2022,900.0
2022-09-25 16:00:00,1.074,0.044,-1.03,-75.553198,35.79346,8652587,NOAA_NOS,IAN,2022,960.0
2022-09-25 17:00:00,1.026,-0.091,-1.117,-75.553198,35.79346,8652587,NOAA_NOS,IAN,2022,1020.0
2022-09-25 18:00:00,1.003,-0.222,-1.225,-75.553198,35.79346,8652587,NOAA_NOS,IAN,2022,1080.0
2022-09-25 19:00:00,0.928,-0.31,-1.238,-75.553198,35.79346,8652587,NOAA_NOS,IAN,2022,1140.0
2022-09-25 20:00:00,0.803,-0.283,-1.086,-75.553198,35.79346,8652587,NOAA_NOS,IAN,2022,1200.0
2022-09-25 21:00:00,0.923,-0.128,-1.0510000000000002,-75.553198,35.79346,8652587,NOAA_NOS,IAN,2022,1260.0
2022-09-25 22:00:00,1.115,0.162,-0.953,-75.553198,35.79346,8652587,NOAA_NOS,IAN,2022,1320.0
2022-09-25 23:00:00,1.341,0.355,-0.986,-75.553198,35.79346,8652587,NOAA_NOS,IAN,2022,1380.0
2022-09-26 00:00:00,1.439,0.464,-0.975,-75.553198,35.79346,8652587,NOAA_NOS,IAN,2022,1440.0
2022-09-26 01:00:00,1.421,0.503,-0.918,-75.553198,35.79346,8652587,NOAA_NOS,IAN,2022,1500.0
2022-09-26 02:00:00,1.399,0.448,-0.951,-75.553198,35.79346,8652587,NOAA_NOS,IAN,2022,1560.0
2022-09-26 03:00:00,1.119,0.295,-0.8240000000000001,-75.553198,35.79346,8652587,NOAA_NOS,IAN,2022,1620.0
2022-09-26 04:00:00,0.923,0.093,-0.8300000000000001,-75.553198,35.79346,8652587,NOAA_NOS,IAN,2022,1680.0
2022-09-26 05:00:00,0.794,-0.046,-0.8400000000000001,-75.553198,35.79346,8652587,NOAA_NOS,IAN,2022,1740.0
2022-09-26 06:00:00,0.634,-0.177,-0.8109999999999999,-75.553198,35.79346,8652587,NOAA_NOS,IAN,2022,1800.0
2022-09-26 07:00:00,0.634,-0.298,-0.932,-75.553198,35.79346,8652587,NOAA_NOS,IAN,2022,1860.0
2022-09-26 08:00:00,0.42,-0.3,-0.72,-75.553198,35.79346,8652587,NOAA_NOS,IAN,2022,1920.0
2022-09-26 09:00:00,0.514,-0.18,-0.694,-75.553198,35.79346,8652587,NOAA_NOS,IAN,2022,1980.0
2022-09-26 10:00:00,0.816,0.115,-0.701,-75.553198,35.79346,8652587,NOAA_NOS,IAN,2022,2040.0
2022-09-26 11:00:00,0.963,0.34,-0.623,-75.553198,35.79346,8652587,NOAA_NOS,IAN,2022,2100.0
2022-09-26 12:00:00,1.208,0.486,-0.722,-75.553198,35.79346,8652587,NOAA_NOS,IAN,2022,2160.0
2022-09-26 13:00:00,1.203,0.553,-0.65,-75.553198,35.79346,8652587,NOAA_NOS,IAN,2022,2220.0
2022-09-26 14:00:00,1.172,0.517,-0.6549999999999999,-75.553198,35.79346,8652587,NOAA_NOS,IAN,2022,2280.0
2022-09-26 15:00:00,1.048,0.4,-0.648,-75.553198,35.79346,8652587,NOAA_NOS,IAN,2022,2340.0
2022-09-26 16:00:00,0.883,0.172,-0.7110000000000001,-75.553198,35.79346,8652587,NOAA_NOS,IAN,2022,2400.0
2022-09-26 17:00:00,0.696,0.014,-0.6819999999999999,-75.553198,35.79346,8652587,NOAA_NOS,IAN,2022,2460.0
2022-09-26 18:00:00,0.572,-0.121,-0.693,-75.553198,35.79346,8652587,NOAA_NOS,IAN,2022,2520.0
2022-09-26 19:00:00,0.527,-0.257,-0.784,-75.553198,35.79346,8652587,NOAA_NOS,IAN,2022,2580.0
2022-09-26 20:00:00,0.505,-0.319,-0.8240000000000001,-75.553198,35.79346,8652587,NOAA_NOS,IAN,2022,2640.0
2022-09-26 21:00:00,0.474,-0.26,-0.734,-75.553198,35.79346,8652587,NOAA_NOS,IAN,2022,2700.0
2022-09-26 22:00:00,0.683,-0.04,-0.7230000000000001,-75.553198,35.79346,8652587,NOAA_NOS,IAN,2022,2760.0
2022-09-26 23:00:00,0.937,0.243,-0.6940000000000001,-75.553198,35.79346,8652587,NOAA_NOS,IAN,2022,2820.0
2022-09-27 00:00:00,1.079,0.415,-0.6639999999999999,-75.553198,35.79346,8652587,NOAA_NOS,IAN,2022,2880.0
2022-09-27 01:00:00,1.244,0.492,-0.752,-75.553198,35.79346,8652587,NOAA_NOS,IAN,2022,2940.0
2022-09-27 02:00:00,1.301,0.496,-0.8049999999999999,-75.553198,35.79346,8652587,NOAA_NOS,IAN,2022,3000.0
2022-09-27 03:00:00,1.217,0.412,-0.8050000000000002,-75.553198,35.79346,8652587,NOAA_NOS,IAN,2022,3060.0
2022-09-27 04:00:00,0.839,0.216,-0.623,-75.553198,35.79346,8652587,NOAA_NOS,IAN,2022,3120.0
2022-09-27 05:00:00,0.687,0.044,-0.643,-75.553198,35.79346,8652587,NOAA_NOS,IAN,2022,3180.0
2022-09-27 06:00:00,0.616,-0.097,-0.713,-75.553198,35.79346,8652587,NOAA_NOS,IAN,2022,3240.0
2022-09-27 07:00:00,0.532,-0.236,-0.768,-75.553198,35.79346,8652587,NOAA_NOS,IAN,2022,3300.0
2022-09-27 08:00:00,0.545,-0.317,-0.8620000000000001,-75.553198,35.79346,8652587,NOAA_NOS,IAN,2022,3360.0
2022-09-27 09:00:00,0.518,-0.271,-0.789,-75.553198,35.79346,8652587,NOAA_NOS,IAN,2022,3420.0
2022-09-27 10:00:00,0.585,-0.07,-0.655,-75.553198,35.79346,8652587,NOAA_NOS,IAN,2022,3480.0
2022-09-27 11:00:00,0.865,0.24,-0.625,-75.553198,35.79346,8652587,NOAA_NOS,IAN,2022,3540.0
2022-09-27 12:00:00,0.99,0.451,-0.5389999999999999,-75.553198,35.79346,8652587,NOAA_NOS,IAN,2022,3600.0
2022-09-27 13:00:00,1.11,0.588,-0.5220000000000001,-75.553198,35.79346,8652587,NOAA_NOS,IAN,2022,3660.0
2022-09-27 14:00:00,1.088,0.621,-0.4670000000000001,-75.553198,35.79346,8652587,NOAA_NOS,IAN,2022,3720.0
2022-09-27 15:00:00,1.034,0.549,-0.485,-75.553198,35.79346,8652587,NOAA_NOS,IAN,2022,3780.0
2022-09-27 16:00:00,0.816,0.375,-0.4409999999999999,-75.553198,35.79346,8652587,NOAA_NOS,IAN,2022,3840.0
2022-09-27 17:00:00,0.567,0.132,-0.4349999999999999,-75.553198,35.79346,8652587,NOAA_NOS,IAN,2022,3900.0
2022-09-27 18:00:00,0.434,-0.012,-0.446,-75.553198,35.79346,8652587,NOAA_NOS,IAN,2022,3960.0
2022-09-27 19:00:00,0.363,-0.145,-0.508,-75.553198,35.79346,8652587,NOAA_NOS,IAN,2022,4020.0
2022-09-27 20:00:00,0.34,-0.282,-0.622,-75.553198,35.79346,8652587,NOAA_NOS,IAN,2022,4080.0
2022-09-27 21:00:00,0.389,-0.314,-0.7030000000000001,-75.553198,35.79346,8652587,NOAA_NOS,IAN,2022,4140.0
2022-09-27 22:00:00,0.496,-0.216,-0.712,-75.553198,35.79346,8652587,NOAA_NOS,IAN,2022,4200.0
2022-09-27 23:00:00,0.692,0.056,-0.6359999999999999,-75.553198,35.79346,8652587,NOAA_NOS,IAN,2022,4260.0
2022-09-28 00:00:00,1.008,0.303,-0.7050000000000001,-75.553198,35.79346,8652587,NOAA_NOS,IAN,2022,4320.0
2022-09-28 01:00:00,1.123,0.445,-0.6779999999999999,-75.553198,35.79346,8652587,NOAA_NOS,IAN,2022,4380.0
2022-09-28 02:00:00,1.181,0.493,-0.6880000000000001,-75.553198,35.79346,8652587,NOAA_NOS,IAN,2022,4440.0
2022-09-28 03:00:00,1.172,0.467,-0.7049999999999998,-75.553198,35.79346,8652587,NOAA_NOS,IAN,2022,4500.0
2022-09-28 04:00:00,0.985,0.352,-0.633,-75.553198,35.79346,8652587,NOAA_NOS,IAN,2022,4560.0
2022-09-28 05:00:00,0.794,0.157,-0.637,-75.553198,35.79346,8652587,NOAA_NOS,IAN,2022,4620.0
2022-09-28 06:00:00,0.572,0.002,-0.57,-75.553198,35.79346,8652587,NOAA_NOS,IAN,2022,4680.0
2022-09-28 07:00:00,0.358,-0.143,-0.501,-75.553198,35.79346,8652587,NOAA_NOS,IAN,2022,4740.0
2022-09-28 08:00:00,0.269,-0.287,-0.556,-75.553198,35.79346,8652587,NOAA_NOS,IAN,2022,4800.0
2022-09-28 09:00:00,0.198,-0.312,-0.51,-75.553198,35.79346,8652587,NOAA_NOS,IAN,2022,4860.0
2022-09-28 10:00:00,0.211,-0.219,-0.43,-75.553198,35.79346,8652587,NOAA_NOS,IAN,2022,4920.0
2022-09-28 11:00:00,0.487,0.067,-0.42,-75.553198,35.79346,8652587,NOAA_NOS,IAN,2022,4980.0
2022-09-28 12:00:00,0.719,0.342,-0.3769999999999999,-75.553198,35.79346,8652587,NOAA_NOS,IAN,2022,5040.0
2022-09-28 13:00:00,0.897,0.546,-0.351,-75.553198,35.79346,8652587,NOAA_NOS,IAN,2022,5100.0
2022-09-28 14:00:00,0.981,0.655,-0.3259999999999999,-75.553198,35.79346,8652587,NOAA_NOS,IAN,2022,5160.0
2022-09-28 15:00:00,0.959,0.657,-0.3019999999999999,-75.553198,35.79346,8652587,NOAA_NOS,IAN,2022,5220.0
2022-09-28 16:00:00,0.839,0.556,-0.2829999999999999,-75.553198,35.79346,8652587,NOAA_NOS,IAN,2022,5280.0
2022-09-28 17:00:00,0.616,0.326,-0.29,-75.553198,35.79346,8652587,NOAA_NOS,IAN,2022,5340.0
2022-09-28 18:00:00,0.296,0.118,-0.178,-75.553198,35.79346,8652587,NOAA_NOS,IAN,2022,5400.0
2022-09-28 19:00:00,0.078,-0.025,-0.103,-75.553198,35.79346,8652587,NOAA_NOS,IAN,2022,5460.0
2022-09-28 20:00:00,-0.002,-0.161,-0.159,-75.553198,35.79346,8652587,NOAA_NOS,IAN,2022,5520.0
2022-09-28 21:00:00,-0.069,-0.287,-0.2179999999999999,-75.553198,35.79346,8652587,NOAA_NOS,IAN,2022,5580.0
2022-09-28 22:00:00,-0.056,-0.292,-0.236,-75.553198,35.79346,8652587,NOAA_NOS,IAN,2022,5640.0
2022-09-28 23:00:00,0.1,-0.159,-0.259,-75.553198,35.79346,8652587,NOAA_NOS,IAN,2022,5700.0
2022-09-29 00:00:00,0.398,0.141,-0.257,-75.553198,35.79346,8652587,NOAA_NOS,IAN,2022,5760.0
2022-09-29 01:00:00,0.558,0.34,-0.218,-75.553198,35.79346,8652587,NOAA_NOS,IAN,2022,5820.0
2022-09-29 02:00:00,0.616,0.452,-0.1639999999999999,-75.553198,35.79346,8652587,NOAA_NOS,IAN,2022,5880.0
2022-09-29 03:00:00,0.567,0.469,-0.0979999999999999,-75.553198,35.79346,8652587,NOAA_NOS,IAN,2022,5940.0
2022-09-29 04:00:00,0.456,0.423,-0.033,-75.553198,35.79346,8652587,NOAA_NOS,IAN,2022,6000.0
2022-09-29 05:00:00,0.26,0.267,0.007,-75.553198,35.79346,8652587,NOAA_NOS,IAN,2022,6060.0
2022-09-29 06:00:00,-0.051,0.035,0.086,-75.553198,35.79346,8652587,NOAA_NOS,IAN,2022,6120.0
2022-09-29 07:00:00,-0.282,-0.145,0.1369999999999999,-75.553198,35.79346,8652587,NOAA_NOS,IAN,2022,6180.0
2022-09-29 08:00:00,-0.403,-0.335,0.068,-75.553198,35.79346,8652587,NOAA_NOS,IAN,2022,6240.0
2022-09-29 09:00:00,-0.478,-0.467,0.0109999999999999,-75.553198,35.79346,8652587,NOAA_NOS,IAN,2022,6300.0
2022-09-29 10:00:00,-0.362,-0.458,-0.096,-75.553198,35.79346,8652587,NOAA_NOS,IAN,2022,6360.0
2022-09-29 11:00:00,-0.14,-0.305,-0.1649999999999999,-75.553198,35.79346,8652587,NOAA_NOS,IAN,2022,6420.0
2022-09-29 12:00:00,0.18,0.008,-0.172,-75.553198,35.79346,8652587,NOAA_NOS,IAN,2022,6480.0
2022-09-29 13:00:00,0.434,0.264,-0.1699999999999999,-75.553198,35.79346,8652587,NOAA_NOS,IAN,2022,6540.0
2022-09-29 14:00:00,0.696,0.464,-0.2319999999999999,-75.553198,35.79346,8652587,NOAA_NOS,IAN,2022,6600.0
2022-09-29 15:00:00,0.75,0.55,-0.1999999999999999,-75.553198,35.79346,8652587,NOAA_NOS,IAN,2022,6660.0
2022-09-29 16:00:00,0.674,0.523,-0.151,-75.553198,35.79346,8652587,NOAA_NOS,IAN,2022,6720.0
2022-09-29 17:00:00,0.518,0.381,-0.137,-75.553198,35.79346,8652587,NOAA_NOS,IAN,2022,6780.0
2022-09-29 18:00:00,0.251,0.113,-0.138,-75.553198,35.79346,8652587,NOAA_NOS,IAN,2022,6840.0
2022-09-29 19:00:00,-0.104,-0.19,-0.086,-75.553198,35.79346,8652587,NOAA_NOS,IAN,2022,6900.0
2022-09-29 20:00:00,-0.358,-0.365,-0.007,-75.553198,35.79346,8652587,NOAA_NOS,IAN,2022,6960.0
2022-09-29 21:00:00,-0.54,-0.535,0.005,-75.553198,35.79346,8652587,NOAA_NOS,IAN,2022,7020.0
2022-09-29 22:00:00,-0.532,-0.684,-0.152,-75.553198,35.79346,8652587,NOAA_NOS,IAN,2022,7080.0
2022-09-29 23:00:00,-0.371,-0.765,-0.394,-75.553198,35.79346,8652587,NOAA_NOS,IAN,2022,7140.0
2022-09-30 00:00:00,-0.158,-0.613,-0.4549999999999999,-75.553198,35.79346,8652587,NOAA_NOS,IAN,2022,7200.0
2022-09-30 01:00:00,0.118,-0.326,-0.444,-75.553198,35.79346,8652587,NOAA_NOS,IAN,2022,7260.0
2022-09-30 02:00:00,0.376,-0.133,-0.509,-75.553198,35.79346,8652587,NOAA_NOS,IAN,2022,7320.0
2022-09-30 03:00:00,0.505,-0.1,-0.605,-75.553198,35.79346,8652587,NOAA_NOS,IAN,2022,7380.0
2022-09-30 04:00:00,0.558,-0.145,-0.7030000000000001,-75.553198,35.79346,8652587,NOAA_NOS,IAN,2022,7440.0
2022-09-30 05:00:00,0.523,-0.251,-0.774,-75.553198,35.79346,8652587,NOAA_NOS,IAN,2022,7500.0
2022-09-30 06:00:00,0.465,-0.493,-0.958,-75.553198,35.79346,8652587,NOAA_NOS,IAN,2022,7560.0
2022-09-30 07:00:00,0.291,-0.778,-1.069,-75.553198,35.79346,8652587,NOAA_NOS,IAN,2022,7620.0
2022-09-30 08:00:00,0.065,-1.043,-1.108,-75.553198,35.79346,8652587,NOAA_NOS,IAN,2022,7680.0
2022-09-30 09:00:00,-0.145,-1.13,-0.985,-75.553198,35.79346,8652587,NOAA_NOS,IAN,2022,7740.0
2022-09-30 10:00:00,-0.158,-0.973,-0.815,-75.553198,35.79346,8652587,NOAA_NOS,IAN,2022,7800.0
2022-09-30 11:00:00,-0.091,-0.653,-0.562,-75.553198,35.79346,8652587,NOAA_NOS,IAN,2022,7860.0
2022-09-30 12:00:00,0.162,-0.287,-0.4489999999999999,-75.553198,35.79346,8652587,NOAA_NOS,IAN,2022,7920.0
2022-09-30 13:00:00,0.429,0.071,-0.358,-75.553198,35.79346,8652587,NOAA_NOS,IAN,2022,7980.0
2022-09-30 14:00:00,0.719,0.385,-0.3339999999999999,-75.553198,35.79346,8652587,NOAA_NOS,IAN,2022,8040.0
2022-09-30 15:00:00,0.888,0.604,-0.284,-75.553198,35.79346,8652587,NOAA_NOS,IAN,2022,8100.0
2022-09-30 16:00:00,1.092,0.674,-0.418,-75.553198,35.79346,8652587,NOAA_NOS,IAN,2022,8160.0
2022-09-30 17:00:00,1.239,0.658,-0.5810000000000001,-75.553198,35.79346,8652587,NOAA_NOS,IAN,2022,8220.0
2022-09-30 18:00:00,1.479,0.564,-0.915,-75.553198,35.79346,8652587,NOAA_NOS,IAN,2022,8280.0
2022-09-30 19:00:00,1.582,0.362,-1.2200000000000002,-75.553198,35.79346,8652587,NOAA_NOS,IAN,2022,8340.0
2022-09-30 20:00:00,1.533,0.146,-1.387,-75.553198,35.79346,8652587,NOAA_NOS,IAN,2022,8400.0
2022-09-30 21:00:00,1.439,0.06,-1.379,-75.553198,35.79346,8652587,NOAA_NOS,IAN,2022,8460.0
2022-09-30 22:00:00,1.519,0.021,-1.498,-75.553198,35.79346,8652587,NOAA_NOS,IAN,2022,8520.0
2022-09-30 23:00:00,1.639,0.039,-1.6,-75.553198,35.79346,8652587,NOAA_NOS,IAN,2022,8580.0
2022-10-01 00:00:00,1.777,0.12,-1.657,-75.553198,35.79346,8652587,NOAA_NOS,IAN,2022,8640.0
2022-10-01 01:00:00,1.969,0.262,-1.707,-75.553198,35.79346,8652587,NOAA_NOS,IAN,2022,8700.0
2022-10-01 02:00:00,2.236,0.617,-1.6190000000000002,-75.553198,35.79346,8652587,NOAA_NOS,IAN,2022,8760.0
2022-10-01 03:00:00,2.52,0.976,-1.544,-75.553198,35.79346,8652587,NOAA_NOS,IAN,2022,8820.0
2022-10-01 04:00:00,2.409,1.022,-1.3869999999999998,-75.553198,35.79346,8652587,NOAA_NOS,IAN,2022,8880.0
2022-10-01 05:00:00,2.316,0.911,-1.4049999999999998,-75.553198,35.79346,8652587,NOAA_NOS,IAN,2022,8940.0
2022-10-01 06:00:00,2.271,0.741,-1.5299999999999998,-75.553198,35.79346,8652587,NOAA_NOS,IAN,2022,9000.0
2022-10-01 07:00:00,2.178,0.659,-1.519,-75.553198,35.79346,8652587,NOAA_NOS,IAN,2022,9060.0
2022-10-01 08:00:00,2.084,0.656,-1.428,-75.553198,35.79346,8652587,NOAA_NOS,IAN,2022,9120.0
2022-10-01 09:00:00,1.951,0.686,-1.265,-75.553198,35.79346,8652587,NOAA_NOS,IAN,2022,9180.0
2022-10-01 10:00:00,1.844,0.576,-1.2680000000000002,-75.553198,35.79346,8652587,NOAA_NOS,IAN,2022,9240.0
2022-10-01 11:00:00,1.8,0.464,-1.336,-75.553198,35.79346,8652587,NOAA_NOS,IAN,2022,9300.0
2022-10-01 12:00:00,1.755,0.461,-1.2939999999999998,-75.553198,35.79346,8652587,NOAA_NOS,IAN,2022,9360.0
2022-10-01 13:00:00,1.813,0.566,-1.247,-75.553198,35.79346,8652587,NOAA_NOS,IAN,2022,9420.0
2022-10-01 14:00:00,1.995,0.871,-1.124,-75.553198,35.79346,8652587,NOAA_NOS,IAN,2022,9480.0
2022-10-01 15:00:00,2.191,1.11,-1.0809999999999995,-75.553198,35.79346,8652587,NOAA_NOS,IAN,2022,9540.0
2022-10-01 16:00:00,2.338,1.277,-1.0610000000000002,-75.553198,35.79346,8652587,NOAA_NOS,IAN,2022,9600.0
2022-10-01 17:00:00,2.476,1.357,-1.119,-75.553198,35.79346,8652587,NOAA_NOS,IAN,2022,9660.0
2022-10-01 18:00:00,2.543,1.258,-1.285,-75.553198,35.79346,8652587,NOAA_NOS,IAN,2022,9720.0
2022-10-01 19:00:00,2.449,1.013,-1.436,-75.553198,35.79346,8652587,NOAA_NOS,IAN,2022,9780.0
2022-10-01 20:00:00,2.298,0.8,-1.498,-75.553198,35.79346,8652587,NOAA_NOS,IAN,2022,9840.0
2022-10-01 21:00:00,2.196,0.689,-1.507,-75.553198,35.79346,8652587,NOAA_NOS,IAN,2022,9900.0
2022-10-01 22:00:00,2.049,0.529,-1.52,-75.553198,35.79346,8652587,NOAA_NOS,IAN,2022,9960.0
2022-10-01 23:00:00,1.875,0.391,-1.484,-75.553198,35.79346,8652587,NOAA_NOS,IAN,2022,10020.0
2022-09-25 01:00:00,0.938,0.305,-0.633,-75.704167,35.212708,8654467,NOAA_NOS,IAN,2022,60.0
2022-09-25 02:00:00,0.912,0.251,-0.661,-75.704167,35.212708,8654467,NOAA_NOS,IAN,2022,120.0
2022-09-25 03:00:00,0.83,0.103,-0.727,-75.704167,35.212708,8654467,NOAA_NOS,IAN,2022,180.0
2022-09-25 04:00:00,0.797,0.042,-0.755,-75.704167,35.212708,8654467,NOAA_NOS,IAN,2022,240.0
2022-09-25 05:00:00,0.774,-0.05,-0.8240000000000001,-75.704167,35.212708,8654467,NOAA_NOS,IAN,2022,300.0
2022-09-25 06:00:00,0.696,-0.125,-0.821,-75.704167,35.212708,8654467,NOAA_NOS,IAN,2022,360.0
2022-09-25 07:00:00,0.643,-0.138,-0.781,-75.704167,35.212708,8654467,NOAA_NOS,IAN,2022,420.0
2022-09-25 08:00:00,0.627,-0.095,-0.722,-75.704167,35.212708,8654467,NOAA_NOS,IAN,2022,480.0
2022-09-25 09:00:00,0.63,0.014,-0.616,-75.704167,35.212708,8654467,NOAA_NOS,IAN,2022,540.0
2022-09-25 10:00:00,0.745,0.151,-0.594,-75.704167,35.212708,8654467,NOAA_NOS,IAN,2022,600.0
2022-09-25 11:00:00,0.768,0.242,-0.526,-75.704167,35.212708,8654467,NOAA_NOS,IAN,2022,660.0
2022-09-25 12:00:00,0.86,0.32,-0.54,-75.704167,35.212708,8654467,NOAA_NOS,IAN,2022,720.0
2022-09-25 13:00:00,0.869,0.322,-0.5469999999999999,-75.704167,35.212708,8654467,NOAA_NOS,IAN,2022,780.0
2022-09-25 14:00:00,0.863,0.283,-0.5800000000000001,-75.704167,35.212708,8654467,NOAA_NOS,IAN,2022,840.0
2022-09-25 15:00:00,0.768,0.159,-0.609,-75.704167,35.212708,8654467,NOAA_NOS,IAN,2022,900.0
2022-09-25 16:00:00,0.722,0.053,-0.6689999999999999,-75.704167,35.212708,8654467,NOAA_NOS,IAN,2022,960.0
2022-09-25 17:00:00,0.659,-0.019,-0.678,-75.704167,35.212708,8654467,NOAA_NOS,IAN,2022,1020.0
2022-09-25 18:00:00,0.446,-0.112,-0.558,-75.704167,35.212708,8654467,NOAA_NOS,IAN,2022,1080.0
2022-09-25 19:00:00,0.394,-0.139,-0.533,-75.704167,35.212708,8654467,NOAA_NOS,IAN,2022,1140.0
2022-09-25 20:00:00,0.361,-0.12,-0.481,-75.704167,35.212708,8654467,NOAA_NOS,IAN,2022,1200.0
2022-09-25 21:00:00,0.433,-0.028,-0.461,-75.704167,35.212708,8654467,NOAA_NOS,IAN,2022,1260.0
2022-09-25 22:00:00,0.469,0.14,-0.3289999999999999,-75.704167,35.212708,8654467,NOAA_NOS,IAN,2022,1320.0
2022-09-25 23:00:00,0.62,0.219,-0.401,-75.704167,35.212708,8654467,NOAA_NOS,IAN,2022,1380.0
2022-09-26 00:00:00,0.732,0.315,-0.417,-75.704167,35.212708,8654467,NOAA_NOS,IAN,2022,1440.0
2022-09-26 01:00:00,0.65,0.344,-0.306,-75.704167,35.212708,8654467,NOAA_NOS,IAN,2022,1500.0
2022-09-26 02:00:00,0.594,0.31,-0.284,-75.704167,35.212708,8654467,NOAA_NOS,IAN,2022,1560.0
2022-09-26 03:00:00,0.531,0.216,-0.315,-75.704167,35.212708,8654467,NOAA_NOS,IAN,2022,1620.0
2022-09-26 04:00:00,0.436,0.069,-0.367,-75.704167,35.212708,8654467,NOAA_NOS,IAN,2022,1680.0
2022-09-26 05:00:00,0.374,0.023,-0.351,-75.704167,35.212708,8654467,NOAA_NOS,IAN,2022,1740.0
2022-09-26 06:00:00,0.354,-0.086,-0.4399999999999999,-75.704167,35.212708,8654467,NOAA_NOS,IAN,2022,1800.0
2022-09-26 07:00:00,0.433,-0.131,-0.5640000000000001,-75.704167,35.212708,8654467,NOAA_NOS,IAN,2022,1860.0
2022-09-26 08:00:00,0.515,-0.129,-0.644,-75.704167,35.212708,8654467,NOAA_NOS,IAN,2022,1920.0
2022-09-26 09:00:00,0.509,-0.048,-0.557,-75.704167,35.212708,8654467,NOAA_NOS,IAN,2022,1980.0
2022-09-26 10:00:00,0.472,0.115,-0.357,-75.704167,35.212708,8654467,NOAA_NOS,IAN,2022,2040.0
2022-09-26 11:00:00,0.594,0.212,-0.382,-75.704167,35.212708,8654467,NOAA_NOS,IAN,2022,2100.0
2022-09-26 12:00:00,0.853,0.327,-0.526,-75.704167,35.212708,8654467,NOAA_NOS,IAN,2022,2160.0
2022-09-26 13:00:00,0.968,0.381,-0.587,-75.704167,35.212708,8654467,NOAA_NOS,IAN,2022,2220.0
2022-09-26 14:00:00,0.876,0.354,-0.522,-75.704167,35.212708,8654467,NOAA_NOS,IAN,2022,2280.0
2022-09-26 15:00:00,0.853,0.291,-0.562,-75.704167,35.212708,8654467,NOAA_NOS,IAN,2022,2340.0
2022-09-26 16:00:00,0.715,0.124,-0.591,-75.704167,35.212708,8654467,NOAA_NOS,IAN,2022,2400.0
2022-09-26 17:00:00,0.607,0.069,-0.538,-75.704167,35.212708,8654467,NOAA_NOS,IAN,2022,2460.0
2022-09-26 18:00:00,0.499,-0.038,-0.537,-75.704167,35.212708,8654467,NOAA_NOS,IAN,2022,2520.0
2022-09-26 19:00:00,0.377,-0.115,-0.492,-75.704167,35.212708,8654467,NOAA_NOS,IAN,2022,2580.0
2022-09-26 20:00:00,0.295,-0.128,-0.423,-75.704167,35.212708,8654467,NOAA_NOS,IAN,2022,2640.0
2022-09-26 21:00:00,0.266,-0.082,-0.348,-75.704167,35.212708,8654467,NOAA_NOS,IAN,2022,2700.0
2022-09-26 22:00:00,0.374,0.025,-0.349,-75.704167,35.212708,8654467,NOAA_NOS,IAN,2022,2760.0
2022-09-26 23:00:00,0.495,0.184,-0.311,-75.704167,35.212708,8654467,NOAA_NOS,IAN,2022,2820.0
2022-09-27 00:00:00,0.62,0.271,-0.349,-75.704167,35.212708,8654467,NOAA_NOS,IAN,2022,2880.0
2022-09-27 01:00:00,0.699,0.349,-0.35,-75.704167,35.212708,8654467,NOAA_NOS,IAN,2022,2940.0
2022-09-27 02:00:00,0.768,0.346,-0.422,-75.704167,35.212708,8654467,NOAA_NOS,IAN,2022,3000.0
2022-09-27 03:00:00,0.791,0.301,-0.49,-75.704167,35.212708,8654467,NOAA_NOS,IAN,2022,3060.0
2022-09-27 04:00:00,0.938,0.142,-0.7959999999999999,-75.704167,35.212708,8654467,NOAA_NOS,IAN,2022,3120.0
2022-09-27 05:00:00,0.902,0.073,-0.8290000000000001,-75.704167,35.212708,8654467,NOAA_NOS,IAN,2022,3180.0
2022-09-27 06:00:00,0.764,-0.022,-0.786,-75.704167,35.212708,8654467,NOAA_NOS,IAN,2022,3240.0
2022-09-27 07:00:00,0.587,-0.114,-0.701,-75.704167,35.212708,8654467,NOAA_NOS,IAN,2022,3300.0
2022-09-27 08:00:00,0.495,-0.132,-0.627,-75.704167,35.212708,8654467,NOAA_NOS,IAN,2022,3360.0
2022-09-27 09:00:00,0.482,-0.103,-0.585,-75.704167,35.212708,8654467,NOAA_NOS,IAN,2022,3420.0
2022-09-27 10:00:00,0.535,0.012,-0.523,-75.704167,35.212708,8654467,NOAA_NOS,IAN,2022,3480.0
2022-09-27 11:00:00,0.676,0.188,-0.488,-75.704167,35.212708,8654467,NOAA_NOS,IAN,2022,3540.0
2022-09-27 12:00:00,0.781,0.293,-0.488,-75.704167,35.212708,8654467,NOAA_NOS,IAN,2022,3600.0
2022-09-27 13:00:00,0.679,0.402,-0.277,-75.704167,35.212708,8654467,NOAA_NOS,IAN,2022,3660.0
2022-09-27 14:00:00,0.774,0.416,-0.358,-75.704167,35.212708,8654467,NOAA_NOS,IAN,2022,3720.0
2022-09-27 15:00:00,0.902,0.384,-0.518,-75.704167,35.212708,8654467,NOAA_NOS,IAN,2022,3780.0
2022-09-27 16:00:00,0.807,0.288,-0.5190000000000001,-75.704167,35.212708,8654467,NOAA_NOS,IAN,2022,3840.0
2022-09-27 17:00:00,0.856,0.11,-0.746,-75.704167,35.212708,8654467,NOAA_NOS,IAN,2022,3900.0
2022-09-27 18:00:00,0.774,0.067,-0.7070000000000001,-75.704167,35.212708,8654467,NOAA_NOS,IAN,2022,3960.0
2022-09-27 19:00:00,0.669,-0.048,-0.7170000000000001,-75.704167,35.212708,8654467,NOAA_NOS,IAN,2022,4020.0
2022-09-27 20:00:00,0.554,-0.109,-0.663,-75.704167,35.212708,8654467,NOAA_NOS,IAN,2022,4080.0
2022-09-27 21:00:00,0.515,-0.109,-0.624,-75.704167,35.212708,8654467,NOAA_NOS,IAN,2022,4140.0
2022-09-27 22:00:00,0.528,-0.042,-0.5700000000000001,-75.704167,35.212708,8654467,NOAA_NOS,IAN,2022,4200.0
2022-09-27 23:00:00,0.65,0.085,-0.5650000000000001,-75.704167,35.212708,8654467,NOAA_NOS,IAN,2022,4260.0
2022-09-28 00:00:00,0.732,0.218,-0.514,-75.704167,35.212708,8654467,NOAA_NOS,IAN,2022,4320.0
2022-09-28 01:00:00,0.741,0.304,-0.437,-75.704167,35.212708,8654467,NOAA_NOS,IAN,2022,4380.0
2022-09-28 02:00:00,0.81,0.36,-0.45,-75.704167,35.212708,8654467,NOAA_NOS,IAN,2022,4440.0
2022-09-28 03:00:00,0.84,0.339,-0.5009999999999999,-75.704167,35.212708,8654467,NOAA_NOS,IAN,2022,4500.0
2022-09-28 04:00:00,0.843,0.263,-0.58,-75.704167,35.212708,8654467,NOAA_NOS,IAN,2022,4560.0
2022-09-28 05:00:00,0.827,0.094,-0.733,-75.704167,35.212708,8654467,NOAA_NOS,IAN,2022,4620.0
2022-09-28 06:00:00,0.814,0.06,-0.754,-75.704167,35.212708,8654467,NOAA_NOS,IAN,2022,4680.0
2022-09-28 07:00:00,0.669,-0.058,-0.7270000000000001,-75.704167,35.212708,8654467,NOAA_NOS,IAN,2022,4740.0
2022-09-28 08:00:00,0.614,-0.123,-0.737,-75.704167,35.212708,8654467,NOAA_NOS,IAN,2022,4800.0
2022-09-28 09:00:00,0.6,-0.13,-0.73,-75.704167,35.212708,8654467,NOAA_NOS,IAN,2022,4860.0
2022-09-28 10:00:00,0.712,-0.07,-0.782,-75.704167,35.212708,8654467,NOAA_NOS,IAN,2022,4920.0
2022-09-28 11:00:00,0.938,0.102,-0.836,-75.704167,35.212708,8654467,NOAA_NOS,IAN,2022,4980.0
2022-09-28 12:00:00,1.014,0.232,-0.782,-75.704167,35.212708,8654467,NOAA_NOS,IAN,2022,5040.0
2022-09-28 13:00:00,0.968,0.36,-0.608,-75.704167,35.212708,8654467,NOAA_NOS,IAN,2022,5100.0
2022-09-28 14:00:00,0.919,0.45,-0.469,-75.704167,35.212708,8654467,NOAA_NOS,IAN,2022,5160.0
2022-09-28 15:00:00,0.892,0.446,-0.446,-75.704167,35.212708,8654467,NOAA_NOS,IAN,2022,5220.0
2022-09-28 16:00:00,0.879,0.394,-0.485,-75.704167,35.212708,8654467,NOAA_NOS,IAN,2022,5280.0
2022-09-28 17:00:00,0.768,0.271,-0.497,-75.704167,35.212708,8654467,NOAA_NOS,IAN,2022,5340.0
2022-09-28 18:00:00,0.712,0.116,-0.596,-75.704167,35.212708,8654467,NOAA_NOS,IAN,2022,5400.0
2022-09-28 19:00:00,0.735,0.059,-0.6759999999999999,-75.704167,35.212708,8654467,NOAA_NOS,IAN,2022,5460.0
2022-09-28 20:00:00,0.728,-0.043,-0.771,-75.704167,35.212708,8654467,NOAA_NOS,IAN,2022,5520.0
2022-09-28 21:00:00,0.735,-0.095,-0.83,-75.704167,35.212708,8654467,NOAA_NOS,IAN,2022,5580.0
2022-09-28 22:00:00,0.686,-0.084,-0.77,-75.704167,35.212708,8654467,NOAA_NOS,IAN,2022,5640.0
2022-09-28 23:00:00,0.709,-0.004,-0.713,-75.704167,35.212708,8654467,NOAA_NOS,IAN,2022,5700.0
2022-09-29 00:00:00,0.86,0.141,-0.719,-75.704167,35.212708,8654467,NOAA_NOS,IAN,2022,5760.0
2022-09-29 01:00:00,0.968,0.241,-0.727,-75.704167,35.212708,8654467,NOAA_NOS,IAN,2022,5820.0
2022-09-29 02:00:00,1.01,0.314,-0.696,-75.704167,35.212708,8654467,NOAA_NOS,IAN,2022,5880.0
2022-09-29 03:00:00,0.955,0.341,-0.6139999999999999,-75.704167,35.212708,8654467,NOAA_NOS,IAN,2022,5940.0
2022-09-29 04:00:00,0.942,0.287,-0.655,-75.704167,35.212708,8654467,NOAA_NOS,IAN,2022,6000.0
2022-09-29 05:00:00,0.791,0.153,-0.638,-75.704167,35.212708,8654467,NOAA_NOS,IAN,2022,6060.0
2022-09-29 06:00:00,0.617,-0.045,-0.662,-75.704167,35.212708,8654467,NOAA_NOS,IAN,2022,6120.0
2022-09-29 07:00:00,0.656,-0.12,-0.776,-75.704167,35.212708,8654467,NOAA_NOS,IAN,2022,6180.0
2022-09-29 08:00:00,0.751,-0.249,-1.0,-75.704167,35.212708,8654467,NOAA_NOS,IAN,2022,6240.0
2022-09-29 09:00:00,0.62,-0.329,-0.949,-75.704167,35.212708,8654467,NOAA_NOS,IAN,2022,6300.0
2022-09-29 10:00:00,0.571,-0.34,-0.911,-75.704167,35.212708,8654467,NOAA_NOS,IAN,2022,6360.0
2022-09-29 11:00:00,0.663,-0.24,-0.903,-75.704167,35.212708,8654467,NOAA_NOS,IAN,2022,6420.0
2022-09-29 12:00:00,0.712,-0.104,-0.816,-75.704167,35.212708,8654467,NOAA_NOS,IAN,2022,6480.0
2022-09-29 13:00:00,0.925,0.026,-0.899,-75.704167,35.212708,8654467,NOAA_NOS,IAN,2022,6540.0
2022-09-29 14:00:00,1.004,0.174,-0.8300000000000001,-75.704167,35.212708,8654467,NOAA_NOS,IAN,2022,6600.0
2022-09-29 15:00:00,1.056,0.227,-0.8290000000000001,-75.704167,35.212708,8654467,NOAA_NOS,IAN,2022,6660.0
2022-09-29 16:00:00,1.053,0.215,-0.838,-75.704167,35.212708,8654467,NOAA_NOS,IAN,2022,6720.0
2022-09-29 17:00:00,0.86,0.161,-0.699,-75.704167,35.212708,8654467,NOAA_NOS,IAN,2022,6780.0
2022-09-29 18:00:00,0.643,0.029,-0.614,-75.704167,35.212708,8654467,NOAA_NOS,IAN,2022,6840.0
2022-09-29 19:00:00,0.489,-0.212,-0.701,-75.704167,35.212708,8654467,NOAA_NOS,IAN,2022,6900.0
2022-09-29 20:00:00,0.528,-0.352,-0.88,-75.704167,35.212708,8654467,NOAA_NOS,IAN,2022,6960.0
2022-09-29 21:00:00,0.84,-0.529,-1.369,-75.704167,35.212708,8654467,NOAA_NOS,IAN,2022,7020.0
2022-09-29 22:00:00,0.728,-0.689,-1.4169999999999998,-75.704167,35.212708,8654467,NOAA_NOS,IAN,2022,7080.0
2022-09-29 23:00:00,0.755,-0.723,-1.478,-75.704167,35.212708,8654467,NOAA_NOS,IAN,2022,7140.0
2022-09-30 00:00:00,0.745,-0.636,-1.381,-75.704167,35.212708,8654467,NOAA_NOS,IAN,2022,7200.0
2022-09-30 01:00:00,0.807,-0.622,-1.429,-75.704167,35.212708,8654467,NOAA_NOS,IAN,2022,7260.0
2022-09-30 02:00:00,0.837,-0.533,-1.37,-75.704167,35.212708,8654467,NOAA_NOS,IAN,2022,7320.0
2022-09-30 03:00:00,0.794,-0.519,-1.3130000000000002,-75.704167,35.212708,8654467,NOAA_NOS,IAN,2022,7380.0
2022-09-30 04:00:00,0.797,-0.626,-1.423,-75.704167,35.212708,8654467,NOAA_NOS,IAN,2022,7440.0
2022-09-30 05:00:00,0.902,-0.691,-1.593,-75.704167,35.212708,8654467,NOAA_NOS,IAN,2022,7500.0
2022-09-30 06:00:00,0.873,-0.819,-1.692,-75.704167,35.212708,8654467,NOAA_NOS,IAN,2022,7560.0
2022-09-30 07:00:00,0.794,-0.91,-1.7040000000000002,-75.704167,35.212708,8654467,NOAA_NOS,IAN,2022,7620.0
2022-09-30 08:00:00,0.801,-0.85,-1.651,-75.704167,35.212708,8654467,NOAA_NOS,IAN,2022,7680.0
2022-09-30 09:00:00,0.784,-0.786,-1.57,-75.704167,35.212708,8654467,NOAA_NOS,IAN,2022,7740.0
2022-09-30 10:00:00,0.919,-0.67,-1.589,-75.704167,35.212708,8654467,NOAA_NOS,IAN,2022,7800.0
2022-09-30 11:00:00,0.794,-0.465,-1.259,-75.704167,35.212708,8654467,NOAA_NOS,IAN,2022,7860.0
2022-09-30 12:00:00,1.122,-0.284,-1.406,-75.704167,35.212708,8654467,NOAA_NOS,IAN,2022,7920.0
2022-09-30 13:00:00,1.089,-0.09,-1.179,-75.704167,35.212708,8654467,NOAA_NOS,IAN,2022,7980.0
2022-09-30 14:00:00,0.932,0.07,-0.8620000000000001,-75.704167,35.212708,8654467,NOAA_NOS,IAN,2022,8040.0
2022-09-30 15:00:00,1.099,0.145,-0.954,-75.704167,35.212708,8654467,NOAA_NOS,IAN,2022,8100.0
2022-09-30 16:00:00,1.302,0.171,-1.131,-75.704167,35.212708,8654467,NOAA_NOS,IAN,2022,8160.0
2022-09-30 17:00:00,1.26,0.123,-1.137,-75.704167,35.212708,8654467,NOAA_NOS,IAN,2022,8220.0
2022-09-30 18:00:00,1.161,0.001,-1.16,-75.704167,35.212708,8654467,NOAA_NOS,IAN,2022,8280.0
2022-09-30 19:00:00,1.247,-0.204,-1.451,-75.704167,35.212708,8654467,NOAA_NOS,IAN,2022,8340.0
2022-09-30 20:00:00,1.322,-0.402,-1.7240000000000002,-75.704167,35.212708,8654467,NOAA_NOS,IAN,2022,8400.0
2022-09-30 21:00:00,1.06,-0.554,-1.614,-75.704167,35.212708,8654467,NOAA_NOS,IAN,2022,8460.0
2022-09-30 22:00:00,0.991,-0.636,-1.627,-75.704167,35.212708,8654467,NOAA_NOS,IAN,2022,8520.0
2022-09-30 23:00:00,0.981,-0.61,-1.591,-75.704167,35.212708,8654467,NOAA_NOS,IAN,2022,8580.0
2022-10-01 00:00:00,1.112,-0.484,-1.596,-75.704167,35.212708,8654467,NOAA_NOS,IAN,2022,8640.0
2022-10-01 01:00:00,1.204,-0.436,-1.64,-75.704167,35.212708,8654467,NOAA_NOS,IAN,2022,8700.0
2022-10-01 02:00:00,1.329,-0.378,-1.707,-75.704167,35.212708,8654467,NOAA_NOS,IAN,2022,8760.0
2022-10-01 03:00:00,1.611,-0.103,-1.714,-75.704167,35.212708,8654467,NOAA_NOS,IAN,2022,8820.0
2022-10-01 04:00:00,1.752,0.196,-1.556,-75.704167,35.212708,8654467,NOAA_NOS,IAN,2022,8880.0
2022-10-01 05:00:00,1.854,0.467,-1.387,-75.704167,35.212708,8654467,NOAA_NOS,IAN,2022,8940.0
2022-10-01 06:00:00,1.827,0.701,-1.126,-75.704167,35.212708,8654467,NOAA_NOS,IAN,2022,9000.0
2022-10-01 07:00:00,1.788,0.571,-1.217,-75.704167,35.212708,8654467,NOAA_NOS,IAN,2022,9060.0
2022-10-01 08:00:00,1.732,0.572,-1.16,-75.704167,35.212708,8654467,NOAA_NOS,IAN,2022,9120.0
2022-10-01 09:00:00,1.699,0.579,-1.12,-75.704167,35.212708,8654467,NOAA_NOS,IAN,2022,9180.0
2022-10-01 10:00:00,1.594,0.599,-0.995,-75.704167,35.212708,8654467,NOAA_NOS,IAN,2022,9240.0
2022-10-01 11:00:00,1.575,0.604,-0.971,-75.704167,35.212708,8654467,NOAA_NOS,IAN,2022,9300.0
2022-10-01 12:00:00,1.555,0.615,-0.94,-75.704167,35.212708,8654467,NOAA_NOS,IAN,2022,9360.0
2022-10-01 13:00:00,1.562,0.629,-0.933,-75.704167,35.212708,8654467,NOAA_NOS,IAN,2022,9420.0
2022-10-01 14:00:00,1.627,0.787,-0.84,-75.704167,35.212708,8654467,NOAA_NOS,IAN,2022,9480.0
2022-10-01 15:00:00,1.699,0.745,-0.954,-75.704167,35.212708,8654467,NOAA_NOS,IAN,2022,9540.0
2022-10-01 16:00:00,1.778,0.776,-1.002,-75.704167,35.212708,8654467,NOAA_NOS,IAN,2022,9600.0
2022-10-01 17:00:00,1.886,0.921,-0.965,-75.704167,35.212708,8654467,NOAA_NOS,IAN,2022,9660.0
2022-10-01 18:00:00,1.857,0.972,-0.885,-75.704167,35.212708,8654467,NOAA_NOS,IAN,2022,9720.0
2022-10-01 19:00:00,1.88,0.89,-0.99,-75.704167,35.212708,8654467,NOAA_NOS,IAN,2022,9780.0
2022-10-01 20:00:00,1.732,0.745,-0.987,-75.704167,35.212708,8654467,NOAA_NOS,IAN,2022,9840.0
2022-10-01 21:00:00,1.667,0.674,-0.993,-75.704167,35.212708,8654467,NOAA_NOS,IAN,2022,9900.0
2022-10-01 22:00:00,1.604,0.506,-1.098,-75.704167,35.212708,8654467,NOAA_NOS,IAN,2022,9960.0
2022-10-01 23:00:00,1.476,0.452,-1.024,-75.704167,35.212708,8654467,NOAA_NOS,IAN,2022,10020.0
2022-09-25 01:00:00,2.493,1.366,-1.1269999999999998,-76.67,34.72,8656483,NOAA_NOS,IAN,2022,60.0
2022-09-25 02:00:00,1.719,0.729,-0.99,-76.67,34.72,8656483,NOAA_NOS,IAN,2022,120.0
2022-09-25 03:00:00,1.01,0.139,-0.871,-76.67,34.72,8656483,NOAA_NOS,IAN,2022,180.0
2022-09-25 04:00:00,0.354,-0.516,-0.87,-76.67,34.72,8656483,NOAA_NOS,IAN,2022,240.0
2022-09-25 05:00:00,-0.164,-1.057,-0.8929999999999999,-76.67,34.72,8656483,NOAA_NOS,IAN,2022,300.0
2022-09-25 06:00:00,-0.433,-1.351,-0.918,-76.67,34.72,8656483,NOAA_NOS,IAN,2022,360.0
2022-09-25 07:00:00,-0.384,-1.281,-0.8969999999999999,-76.67,34.72,8656483,NOAA_NOS,IAN,2022,420.0
2022-09-25 08:00:00,0.105,-0.818,-0.923,-76.67,34.72,8656483,NOAA_NOS,IAN,2022,480.0
2022-09-25 09:00:00,0.915,-0.075,-0.99,-76.67,34.72,8656483,NOAA_NOS,IAN,2022,540.0
2022-09-25 10:00:00,1.657,0.697,-0.96,-76.67,34.72,8656483,NOAA_NOS,IAN,2022,600.0
2022-09-25 11:00:00,2.287,1.269,-1.018,-76.67,34.72,8656483,NOAA_NOS,IAN,2022,660.0
2022-09-25 12:00:00,2.621,1.541,-1.08,-76.67,34.72,8656483,NOAA_NOS,IAN,2022,720.0
2022-09-25 13:00:00,2.523,1.429,-1.094,-76.67,34.72,8656483,NOAA_NOS,IAN,2022,780.0
2022-09-25 14:00:00,1.857,0.88,-0.977,-76.67,34.72,8656483,NOAA_NOS,IAN,2022,840.0
2022-09-25 15:00:00,1.063,0.232,-0.831,-76.67,34.72,8656483,NOAA_NOS,IAN,2022,900.0
2022-09-25 16:00:00,0.371,-0.382,-0.753,-76.67,34.72,8656483,NOAA_NOS,IAN,2022,960.0
2022-09-25 17:00:00,-0.289,-0.982,-0.6930000000000001,-76.67,34.72,8656483,NOAA_NOS,IAN,2022,1020.0
2022-09-25 18:00:00,-0.63,-1.358,-0.7280000000000001,-76.67,34.72,8656483,NOAA_NOS,IAN,2022,1080.0
2022-09-25 19:00:00,-0.453,-1.418,-0.965,-76.67,34.72,8656483,NOAA_NOS,IAN,2022,1140.0
2022-09-25 20:00:00,0.23,-1.023,-1.253,-76.67,34.72,8656483,NOAA_NOS,IAN,2022,1200.0
2022-09-25 21:00:00,1.053,-0.366,-1.419,-76.67,34.72,8656483,NOAA_NOS,IAN,2022,1260.0
2022-09-25 22:00:00,1.9,0.526,-1.374,-76.67,34.72,8656483,NOAA_NOS,IAN,2022,1320.0
2022-09-25 23:00:00,2.585,1.182,-1.403,-76.67,34.72,8656483,NOAA_NOS,IAN,2022,1380.0
2022-09-26 00:00:00,2.989,1.572,-1.4169999999999998,-76.67,34.72,8656483,NOAA_NOS,IAN,2022,1440.0
2022-09-26 01:00:00,2.881,1.578,-1.3029999999999995,-76.67,34.72,8656483,NOAA_NOS,IAN,2022,1500.0
2022-09-26 02:00:00,2.293,1.167,-1.126,-76.67,34.72,8656483,NOAA_NOS,IAN,2022,1560.0
2022-09-26 03:00:00,1.621,0.514,-1.107,-76.67,34.72,8656483,NOAA_NOS,IAN,2022,1620.0
2022-09-26 04:00:00,0.928,-0.13,-1.058,-76.67,34.72,8656483,NOAA_NOS,IAN,2022,1680.0
2022-09-26 05:00:00,0.226,-0.809,-1.035,-76.67,34.72,8656483,NOAA_NOS,IAN,2022,1740.0
2022-09-26 06:00:00,-0.223,-1.286,-1.063,-76.67,34.72,8656483,NOAA_NOS,IAN,2022,1800.0
2022-09-26 07:00:00,-0.367,-1.471,-1.104,-76.67,34.72,8656483,NOAA_NOS,IAN,2022,1860.0
2022-09-26 08:00:00,-0.102,-1.173,-1.071,-76.67,34.72,8656483,NOAA_NOS,IAN,2022,1920.0
2022-09-26 09:00:00,0.525,-0.559,-1.084,-76.67,34.72,8656483,NOAA_NOS,IAN,2022,1980.0
2022-09-26 10:00:00,1.234,0.345,-0.889,-76.67,34.72,8656483,NOAA_NOS,IAN,2022,2040.0
2022-09-26 11:00:00,1.939,1.099,-0.8400000000000001,-76.67,34.72,8656483,NOAA_NOS,IAN,2022,2100.0
2022-09-26 12:00:00,2.523,1.601,-0.9220000000000002,-76.67,34.72,8656483,NOAA_NOS,IAN,2022,2160.0
2022-09-26 13:00:00,2.703,1.761,-0.942,-76.67,34.72,8656483,NOAA_NOS,IAN,2022,2220.0
2022-09-26 14:00:00,2.464,1.496,-0.968,-76.67,34.72,8656483,NOAA_NOS,IAN,2022,2280.0
2022-09-26 15:00:00,1.801,0.792,-1.009,-76.67,34.72,8656483,NOAA_NOS,IAN,2022,2340.0
2022-09-26 16:00:00,1.007,0.144,-0.8629999999999999,-76.67,34.72,8656483,NOAA_NOS,IAN,2022,2400.0
2022-09-26 17:00:00,0.276,-0.554,-0.8300000000000001,-76.67,34.72,8656483,NOAA_NOS,IAN,2022,2460.0
2022-09-26 18:00:00,-0.279,-1.143,-0.864,-76.67,34.72,8656483,NOAA_NOS,IAN,2022,2520.0
2022-09-26 19:00:00,-0.518,-1.471,-0.953,-76.67,34.72,8656483,NOAA_NOS,IAN,2022,2580.0
2022-09-26 20:00:00,-0.272,-1.387,-1.115,-76.67,34.72,8656483,NOAA_NOS,IAN,2022,2640.0
2022-09-26 21:00:00,0.417,-0.897,-1.314,-76.67,34.72,8656483,NOAA_NOS,IAN,2022,2700.0
2022-09-26 22:00:00,1.132,-0.113,-1.245,-76.67,34.72,8656483,NOAA_NOS,IAN,2022,2760.0
2022-09-26 23:00:00,1.87,0.727,-1.1430000000000002,-76.67,34.72,8656483,NOAA_NOS,IAN,2022,2820.0
2022-09-27 00:00:00,2.461,1.337,-1.124,-76.67,34.72,8656483,NOAA_NOS,IAN,2022,2880.0
2022-09-27 01:00:00,2.644,1.611,-1.033,-76.67,34.72,8656483,NOAA_NOS,IAN,2022,2940.0
2022-09-27 02:00:00,2.487,1.48,-1.007,-76.67,34.72,8656483,NOAA_NOS,IAN,2022,3000.0
2022-09-27 03:00:00,1.788,0.876,-0.912,-76.67,34.72,8656483,NOAA_NOS,IAN,2022,3060.0
2022-09-27 04:00:00,1.079,0.189,-0.8899999999999999,-76.67,34.72,8656483,NOAA_NOS,IAN,2022,3120.0
2022-09-27 05:00:00,0.312,-0.466,-0.778,-76.67,34.72,8656483,NOAA_NOS,IAN,2022,3180.0
2022-09-27 06:00:00,-0.371,-1.089,-0.718,-76.67,34.72,8656483,NOAA_NOS,IAN,2022,3240.0
2022-09-27 07:00:00,-0.696,-1.471,-0.7750000000000001,-76.67,34.72,8656483,NOAA_NOS,IAN,2022,3300.0
2022-09-27 08:00:00,-0.568,-1.491,-0.9230000000000002,-76.67,34.72,8656483,NOAA_NOS,IAN,2022,3360.0
2022-09-27 09:00:00,0.056,-1.015,-1.071,-76.67,34.72,8656483,NOAA_NOS,IAN,2022,3420.0
2022-09-27 10:00:00,0.561,-0.246,-0.807,-76.67,34.72,8656483,NOAA_NOS,IAN,2022,3480.0
2022-09-27 11:00:00,1.48,0.713,-0.767,-76.67,34.72,8656483,NOAA_NOS,IAN,2022,3540.0
2022-09-27 12:00:00,2.254,1.451,-0.8029999999999999,-76.67,34.72,8656483,NOAA_NOS,IAN,2022,3600.0
2022-09-27 13:00:00,2.707,1.874,-0.8329999999999997,-76.67,34.72,8656483,NOAA_NOS,IAN,2022,3660.0
2022-09-27 14:00:00,2.74,1.9,-0.8400000000000003,-76.67,34.72,8656483,NOAA_NOS,IAN,2022,3720.0
2022-09-27 15:00:00,2.129,1.448,-0.681,-76.67,34.72,8656483,NOAA_NOS,IAN,2022,3780.0
2022-09-27 16:00:00,1.391,0.685,-0.706,-76.67,34.72,8656483,NOAA_NOS,IAN,2022,3840.0
2022-09-27 17:00:00,0.538,0.054,-0.484,-76.67,34.72,8656483,NOAA_NOS,IAN,2022,3900.0
2022-09-27 18:00:00,-0.2,-0.718,-0.518,-76.67,34.72,8656483,NOAA_NOS,IAN,2022,3960.0
2022-09-27 19:00:00,-0.597,-1.261,-0.6639999999999999,-76.67,34.72,8656483,NOAA_NOS,IAN,2022,4020.0
2022-09-27 20:00:00,-0.568,-1.517,-0.949,-76.67,34.72,8656483,NOAA_NOS,IAN,2022,4080.0
2022-09-27 21:00:00,-0.095,-1.298,-1.203,-76.67,34.72,8656483,NOAA_NOS,IAN,2022,4140.0
2022-09-27 22:00:00,0.538,-0.743,-1.281,-76.67,34.72,8656483,NOAA_NOS,IAN,2022,4200.0
2022-09-27 23:00:00,1.28,0.131,-1.149,-76.67,34.72,8656483,NOAA_NOS,IAN,2022,4260.0
2022-09-28 00:00:00,1.975,0.89,-1.085,-76.67,34.72,8656483,NOAA_NOS,IAN,2022,4320.0
2022-09-28 01:00:00,2.408,1.406,-1.002,-76.67,34.72,8656483,NOAA_NOS,IAN,2022,4380.0
2022-09-28 02:00:00,2.402,1.546,-0.8560000000000001,-76.67,34.72,8656483,NOAA_NOS,IAN,2022,4440.0
2022-09-28 03:00:00,2.06,1.275,-0.7850000000000001,-76.67,34.72,8656483,NOAA_NOS,IAN,2022,4500.0
2022-09-28 04:00:00,1.243,0.594,-0.6490000000000001,-76.67,34.72,8656483,NOAA_NOS,IAN,2022,4560.0
2022-09-28 05:00:00,0.509,-0.013,-0.522,-76.67,34.72,8656483,NOAA_NOS,IAN,2022,4620.0
2022-09-28 06:00:00,-0.157,-0.741,-0.584,-76.67,34.72,8656483,NOAA_NOS,IAN,2022,4680.0
2022-09-28 07:00:00,-0.758,-1.289,-0.5309999999999999,-76.67,34.72,8656483,NOAA_NOS,IAN,2022,4740.0
2022-09-28 08:00:00,-0.807,-1.58,-0.773,-76.67,34.72,8656483,NOAA_NOS,IAN,2022,4800.0
2022-09-28 09:00:00,-0.561,-1.392,-0.8309999999999998,-76.67,34.72,8656483,NOAA_NOS,IAN,2022,4860.0
2022-09-28 10:00:00,0.177,-0.81,-0.987,-76.67,34.72,8656483,NOAA_NOS,IAN,2022,4920.0
2022-09-28 11:00:00,0.978,0.15,-0.828,-76.67,34.72,8656483,NOAA_NOS,IAN,2022,4980.0
2022-09-28 12:00:00,1.906,1.029,-0.877,-76.67,34.72,8656483,NOAA_NOS,IAN,2022,5040.0
2022-09-28 13:00:00,2.648,1.72,-0.9280000000000002,-76.67,34.72,8656483,NOAA_NOS,IAN,2022,5100.0
2022-09-28 14:00:00,3.045,2.052,-0.993,-76.67,34.72,8656483,NOAA_NOS,IAN,2022,5160.0
2022-09-28 15:00:00,2.904,1.954,-0.95,-76.67,34.72,8656483,NOAA_NOS,IAN,2022,5220.0
2022-09-28 16:00:00,2.254,1.345,-0.909,-76.67,34.72,8656483,NOAA_NOS,IAN,2022,5280.0
2022-09-28 17:00:00,1.424,0.606,-0.818,-76.67,34.72,8656483,NOAA_NOS,IAN,2022,5340.0
2022-09-28 18:00:00,0.584,-0.078,-0.6619999999999999,-76.67,34.72,8656483,NOAA_NOS,IAN,2022,5400.0
2022-09-28 19:00:00,-0.128,-0.828,-0.7,-76.67,34.72,8656483,NOAA_NOS,IAN,2022,5460.0
2022-09-28 20:00:00,-0.443,-1.318,-0.875,-76.67,34.72,8656483,NOAA_NOS,IAN,2022,5520.0
2022-09-28 21:00:00,-0.387,-1.504,-1.117,-76.67,34.72,8656483,NOAA_NOS,IAN,2022,5580.0
2022-09-28 22:00:00,0.072,-1.186,-1.258,-76.67,34.72,8656483,NOAA_NOS,IAN,2022,5640.0
2022-09-28 23:00:00,0.781,-0.58,-1.361,-76.67,34.72,8656483,NOAA_NOS,IAN,2022,5700.0
2022-09-29 00:00:00,1.522,0.316,-1.206,-76.67,34.72,8656483,NOAA_NOS,IAN,2022,5760.0
2022-09-29 01:00:00,2.136,1.007,-1.1290000000000002,-76.67,34.72,8656483,NOAA_NOS,IAN,2022,5820.0
2022-09-29 02:00:00,2.556,1.415,-1.141,-76.67,34.72,8656483,NOAA_NOS,IAN,2022,5880.0
2022-09-29 03:00:00,2.493,1.441,-1.0519999999999998,-76.67,34.72,8656483,NOAA_NOS,IAN,2022,5940.0
2022-09-29 04:00:00,1.873,1.071,-0.802,-76.67,34.72,8656483,NOAA_NOS,IAN,2022,6000.0
2022-09-29 05:00:00,1.22,0.427,-0.7929999999999999,-76.67,34.72,8656483,NOAA_NOS,IAN,2022,6060.0
2022-09-29 06:00:00,0.479,-0.175,-0.6539999999999999,-76.67,34.72,8656483,NOAA_NOS,IAN,2022,6120.0
2022-09-29 07:00:00,-0.131,-0.797,-0.666,-76.67,34.72,8656483,NOAA_NOS,IAN,2022,6180.0
2022-09-29 08:00:00,-0.535,-1.217,-0.682,-76.67,34.72,8656483,NOAA_NOS,IAN,2022,6240.0
2022-09-29 09:00:00,-0.482,-1.349,-0.867,-76.67,34.72,8656483,NOAA_NOS,IAN,2022,6300.0
2022-09-29 10:00:00,-0.069,-1.005,-0.936,-76.67,34.72,8656483,NOAA_NOS,IAN,2022,6360.0
2022-09-29 11:00:00,0.761,-0.339,-1.1,-76.67,34.72,8656483,NOAA_NOS,IAN,2022,6420.0
2022-09-29 12:00:00,1.555,0.651,-0.904,-76.67,34.72,8656483,NOAA_NOS,IAN,2022,6480.0
2022-09-29 13:00:00,2.513,1.551,-0.962,-76.67,34.72,8656483,NOAA_NOS,IAN,2022,6540.0
2022-09-29 14:00:00,3.11,2.234,-0.8759999999999999,-76.67,34.72,8656483,NOAA_NOS,IAN,2022,6600.0
2022-09-29 15:00:00,3.481,2.554,-0.927,-76.67,34.72,8656483,NOAA_NOS,IAN,2022,6660.0
2022-09-29 16:00:00,3.36,2.396,-0.964,-76.67,34.72,8656483,NOAA_NOS,IAN,2022,6720.0
2022-09-29 17:00:00,2.582,1.777,-0.8049999999999999,-76.67,34.72,8656483,NOAA_NOS,IAN,2022,6780.0
2022-09-29 18:00:00,1.69,0.954,-0.736,-76.67,34.72,8656483,NOAA_NOS,IAN,2022,6840.0
2022-09-29 19:00:00,0.915,0.191,-0.724,-76.67,34.72,8656483,NOAA_NOS,IAN,2022,6900.0
2022-09-29 20:00:00,0.348,-0.425,-0.7729999999999999,-76.67,34.72,8656483,NOAA_NOS,IAN,2022,6960.0
2022-09-29 21:00:00,0.138,-0.823,-0.961,-76.67,34.72,8656483,NOAA_NOS,IAN,2022,7020.0
2022-09-29 22:00:00,0.092,-0.863,-0.955,-76.67,34.72,8656483,NOAA_NOS,IAN,2022,7080.0
2022-09-29 23:00:00,0.436,-0.568,-1.004,-76.67,34.72,8656483,NOAA_NOS,IAN,2022,7140.0
2022-09-30 00:00:00,1.01,0.278,-0.732,-76.67,34.72,8656483,NOAA_NOS,IAN,2022,7200.0
2022-09-30 01:00:00,1.719,1.077,-0.6420000000000001,-76.67,34.72,8656483,NOAA_NOS,IAN,2022,7260.0
2022-09-30 02:00:00,2.53,1.821,-0.7089999999999999,-76.67,34.72,8656483,NOAA_NOS,IAN,2022,7320.0
2022-09-30 03:00:00,2.831,2.308,-0.5230000000000001,-76.67,34.72,8656483,NOAA_NOS,IAN,2022,7380.0
2022-09-30 04:00:00,2.605,2.379,-0.2259999999999999,-76.67,34.72,8656483,NOAA_NOS,IAN,2022,7440.0
2022-09-30 05:00:00,2.11,1.99,-0.1199999999999998,-76.67,34.72,8656483,NOAA_NOS,IAN,2022,7500.0
2022-09-30 06:00:00,1.713,1.255,-0.4580000000000002,-76.67,34.72,8656483,NOAA_NOS,IAN,2022,7560.0
2022-09-30 07:00:00,0.843,0.561,-0.2819999999999999,-76.67,34.72,8656483,NOAA_NOS,IAN,2022,7620.0
2022-09-30 08:00:00,0.279,0.063,-0.216,-76.67,34.72,8656483,NOAA_NOS,IAN,2022,7680.0
2022-09-30 09:00:00,-0.098,-0.37,-0.272,-76.67,34.72,8656483,NOAA_NOS,IAN,2022,7740.0
2022-09-30 10:00:00,0.154,-0.475,-0.629,-76.67,34.72,8656483,NOAA_NOS,IAN,2022,7800.0
2022-09-30 11:00:00,0.784,-0.092,-0.876,-76.67,34.72,8656483,NOAA_NOS,IAN,2022,7860.0
2022-09-30 12:00:00,1.434,0.708,-0.726,-76.67,34.72,8656483,NOAA_NOS,IAN,2022,7920.0
2022-09-30 13:00:00,2.694,1.586,-1.108,-76.67,34.72,8656483,NOAA_NOS,IAN,2022,7980.0
2022-09-30 14:00:00,3.573,2.459,-1.114,-76.67,34.72,8656483,NOAA_NOS,IAN,2022,8040.0
2022-09-30 15:00:00,4.354,3.102,-1.2520000000000002,-76.67,34.72,8656483,NOAA_NOS,IAN,2022,8100.0
2022-09-30 16:00:00,4.57,3.43,-1.14,-76.67,34.72,8656483,NOAA_NOS,IAN,2022,8160.0
2022-09-30 17:00:00,4.324,3.313,-1.0109999999999997,-76.67,34.72,8656483,NOAA_NOS,IAN,2022,8220.0
2022-09-30 18:00:00,3.953,2.766,-1.1869999999999998,-76.67,34.72,8656483,NOAA_NOS,IAN,2022,8280.0
2022-09-30 19:00:00,3.698,2.015,-1.6829999999999998,-76.67,34.72,8656483,NOAA_NOS,IAN,2022,8340.0
2022-09-30 20:00:00,2.858,1.316,-1.542,-76.67,34.72,8656483,NOAA_NOS,IAN,2022,8400.0
2022-09-30 21:00:00,1.975,0.732,-1.243,-76.67,34.72,8656483,NOAA_NOS,IAN,2022,8460.0
2022-09-30 22:00:00,1.624,0.39,-1.234,-76.67,34.72,8656483,NOAA_NOS,IAN,2022,8520.0
2022-09-30 23:00:00,1.493,0.322,-1.171,-76.67,34.72,8656483,NOAA_NOS,IAN,2022,8580.0
2022-10-01 00:00:00,1.811,0.557,-1.254,-76.67,34.72,8656483,NOAA_NOS,IAN,2022,8640.0
2022-10-01 01:00:00,2.333,1.243,-1.09,-76.67,34.72,8656483,NOAA_NOS,IAN,2022,8700.0
2022-10-01 02:00:00,2.736,1.91,-0.8260000000000003,-76.67,34.72,8656483,NOAA_NOS,IAN,2022,8760.0
2022-10-01 03:00:00,3.219,2.194,-1.025,-76.67,34.72,8656483,NOAA_NOS,IAN,2022,8820.0
2022-10-01 04:00:00,3.077,2.035,-1.0419999999999998,-76.67,34.72,8656483,NOAA_NOS,IAN,2022,8880.0
2022-10-01 05:00:00,2.7,1.679,-1.021,-76.67,34.72,8656483,NOAA_NOS,IAN,2022,8940.0
2022-10-01 06:00:00,2.205,1.101,-1.104,-76.67,34.72,8656483,NOAA_NOS,IAN,2022,9000.0
2022-10-01 07:00:00,1.647,0.435,-1.212,-76.67,34.72,8656483,NOAA_NOS,IAN,2022,9060.0
2022-10-01 08:00:00,1.017,-0.283,-1.2999999999999998,-76.67,34.72,8656483,NOAA_NOS,IAN,2022,9120.0
2022-10-01 09:00:00,0.436,-0.97,-1.406,-76.67,34.72,8656483,NOAA_NOS,IAN,2022,9180.0
2022-10-01 10:00:00,0.141,-1.295,-1.436,-76.67,34.72,8656483,NOAA_NOS,IAN,2022,9240.0
2022-10-01 11:00:00,0.262,-1.435,-1.697,-76.67,34.72,8656483,NOAA_NOS,IAN,2022,9300.0
2022-10-01 12:00:00,0.597,-0.922,-1.519,-76.67,34.72,8656483,NOAA_NOS,IAN,2022,9360.0
2022-10-01 13:00:00,1.25,-0.011,-1.261,-76.67,34.72,8656483,NOAA_NOS,IAN,2022,9420.0
2022-10-01 14:00:00,2.159,0.896,-1.263,-76.67,34.72,8656483,NOAA_NOS,IAN,2022,9480.0
2022-10-01 15:00:00,2.851,1.674,-1.177,-76.67,34.72,8656483,NOAA_NOS,IAN,2022,9540.0
2022-10-01 16:00:00,3.264,2.147,-1.117,-76.67,34.72,8656483,NOAA_NOS,IAN,2022,9600.0
2022-10-01 17:00:00,3.251,2.285,-0.9659999999999996,-76.67,34.72,8656483,NOAA_NOS,IAN,2022,9660.0
2022-10-01 18:00:00,2.871,1.874,-0.997,-76.67,34.72,8656483,NOAA_NOS,IAN,2022,9720.0
2022-10-01 19:00:00,2.093,1.082,-1.011,-76.67,34.72,8656483,NOAA_NOS,IAN,2022,9780.0
2022-10-01 20:00:00,1.434,0.335,-1.099,-76.67,34.72,8656483,NOAA_NOS,IAN,2022,9840.0
2022-10-01 21:00:00,0.817,-0.332,-1.149,-76.67,34.72,8656483,NOAA_NOS,IAN,2022,9900.0
2022-10-01 22:00:00,0.308,-0.867,-1.175,-76.67,34.72,8656483,NOAA_NOS,IAN,2022,9960.0
2022-10-01 23:00:00,0.125,-1.166,-1.291,-76.67,34.72,8656483,NOAA_NOS,IAN,2022,10020.0
2022-09-25 01:00:00,3.074,1.58,-1.4939999999999998,-77.952628,34.2275,8658120,NOAA_NOS,IAN,2022,60.0
2022-09-25 02:00:00,3.169,2.02,-1.149,-77.952628,34.2275,8658120,NOAA_NOS,IAN,2022,120.0
2022-09-25 03:00:00,2.664,1.672,-0.9920000000000002,-77.952628,34.2275,8658120,NOAA_NOS,IAN,2022,180.0
2022-09-25 04:00:00,1.778,1.098,-0.6799999999999999,-77.952628,34.2275,8658120,NOAA_NOS,IAN,2022,240.0
2022-09-25 05:00:00,0.814,0.563,-0.251,-77.952628,34.2275,8658120,NOAA_NOS,IAN,2022,300.0
2022-09-25 06:00:00,-0.052,0.029,0.081,-77.952628,34.2275,8658120,NOAA_NOS,IAN,2022,360.0
2022-09-25 07:00:00,-0.758,-0.492,0.266,-77.952628,34.2275,8658120,NOAA_NOS,IAN,2022,420.0
2022-09-25 08:00:00,-1.207,-0.967,0.2400000000000001,-77.952628,34.2275,8658120,NOAA_NOS,IAN,2022,480.0
2022-09-25 09:00:00,-1.102,-1.32,-0.2179999999999999,-77.952628,34.2275,8658120,NOAA_NOS,IAN,2022,540.0
2022-09-25 10:00:00,-0.01,-0.946,-0.936,-77.952628,34.2275,8658120,NOAA_NOS,IAN,2022,600.0
2022-09-25 11:00:00,1.23,-0.305,-1.535,-77.952628,34.2275,8658120,NOAA_NOS,IAN,2022,660.0
2022-09-25 12:00:00,2.008,0.523,-1.485,-77.952628,34.2275,8658120,NOAA_NOS,IAN,2022,720.0
2022-09-25 13:00:00,2.487,1.297,-1.1900000000000002,-77.952628,34.2275,8658120,NOAA_NOS,IAN,2022,780.0
2022-09-25 14:00:00,2.776,1.869,-0.9069999999999998,-77.952628,34.2275,8658120,NOAA_NOS,IAN,2022,840.0
2022-09-25 15:00:00,2.707,1.893,-0.8139999999999998,-77.952628,34.2275,8658120,NOAA_NOS,IAN,2022,900.0
2022-09-25 16:00:00,2.044,1.23,-0.8140000000000001,-77.952628,34.2275,8658120,NOAA_NOS,IAN,2022,960.0
2022-09-25 17:00:00,1.063,0.687,-0.3759999999999999,-77.952628,34.2275,8658120,NOAA_NOS,IAN,2022,1020.0
2022-09-25 18:00:00,0.121,0.15,0.0289999999999999,-77.952628,34.2275,8658120,NOAA_NOS,IAN,2022,1080.0
2022-09-25 19:00:00,-0.682,-0.38,0.302,-77.952628,34.2275,8658120,NOAA_NOS,IAN,2022,1140.0
2022-09-25 20:00:00,-1.276,-0.876,0.4,-77.952628,34.2275,8658120,NOAA_NOS,IAN,2022,1200.0
2022-09-25 21:00:00,-1.234,-1.279,-0.0449999999999999,-77.952628,34.2275,8658120,NOAA_NOS,IAN,2022,1260.0
2022-09-25 22:00:00,0.023,-1.234,-1.257,-77.952628,34.2275,8658120,NOAA_NOS,IAN,2022,1320.0
2022-09-25 23:00:00,1.48,-0.554,-2.034,-77.952628,34.2275,8658120,NOAA_NOS,IAN,2022,1380.0
2022-09-26 00:00:00,2.28,0.236,-2.044,-77.952628,34.2275,8658120,NOAA_NOS,IAN,2022,1440.0
2022-09-26 01:00:00,2.835,1.095,-1.74,-77.952628,34.2275,8658120,NOAA_NOS,IAN,2022,1500.0
2022-09-26 02:00:00,3.179,1.805,-1.374,-77.952628,34.2275,8658120,NOAA_NOS,IAN,2022,1560.0
2022-09-26 03:00:00,3.117,2.085,-1.032,-77.952628,34.2275,8658120,NOAA_NOS,IAN,2022,1620.0
2022-09-26 04:00:00,2.454,1.451,-1.003,-77.952628,34.2275,8658120,NOAA_NOS,IAN,2022,1680.0
2022-09-26 05:00:00,1.493,0.924,-0.5690000000000001,-77.952628,34.2275,8658120,NOAA_NOS,IAN,2022,1740.0
2022-09-26 06:00:00,0.591,0.376,-0.2149999999999999,-77.952628,34.2275,8658120,NOAA_NOS,IAN,2022,1800.0
2022-09-26 07:00:00,-0.194,-0.161,0.033,-77.952628,34.2275,8658120,NOAA_NOS,IAN,2022,1860.0
2022-09-26 08:00:00,-0.866,-0.678,0.1879999999999999,-77.952628,34.2275,8658120,NOAA_NOS,IAN,2022,1920.0
2022-09-26 09:00:00,-1.302,-1.134,0.1680000000000001,-77.952628,34.2275,8658120,NOAA_NOS,IAN,2022,1980.0
2022-09-26 10:00:00,-0.922,-1.39,-0.4679999999999998,-77.952628,34.2275,8658120,NOAA_NOS,IAN,2022,2040.0
2022-09-26 11:00:00,0.459,-0.74,-1.199,-77.952628,34.2275,8658120,NOAA_NOS,IAN,2022,2100.0
2022-09-26 12:00:00,1.644,0.002,-1.642,-77.952628,34.2275,8658120,NOAA_NOS,IAN,2022,2160.0
2022-09-26 13:00:00,2.264,0.899,-1.3649999999999998,-77.952628,34.2275,8658120,NOAA_NOS,IAN,2022,2220.0
2022-09-26 14:00:00,2.69,1.609,-1.081,-77.952628,34.2275,8658120,NOAA_NOS,IAN,2022,2280.0
2022-09-26 15:00:00,2.835,2.171,-0.6640000000000001,-77.952628,34.2275,8658120,NOAA_NOS,IAN,2022,2340.0
2022-09-26 16:00:00,2.411,1.854,-0.5569999999999999,-77.952628,34.2275,8658120,NOAA_NOS,IAN,2022,2400.0
2022-09-26 17:00:00,1.565,1.232,-0.3329999999999999,-77.952628,34.2275,8658120,NOAA_NOS,IAN,2022,2460.0
2022-09-26 18:00:00,0.574,0.661,0.087,-77.952628,34.2275,8658120,NOAA_NOS,IAN,2022,2520.0
2022-09-26 19:00:00,-0.315,0.115,0.43,-77.952628,34.2275,8658120,NOAA_NOS,IAN,2022,2580.0
2022-09-26 20:00:00,-1.004,-0.411,0.593,-77.952628,34.2275,8658120,NOAA_NOS,IAN,2022,2640.0
2022-09-26 21:00:00,-1.407,-0.907,0.5,-77.952628,34.2275,8658120,NOAA_NOS,IAN,2022,2700.0
2022-09-26 22:00:00,-1.02,-1.302,-0.282,-77.952628,34.2275,8658120,NOAA_NOS,IAN,2022,2760.0
2022-09-26 23:00:00,0.463,-1.044,-1.507,-77.952628,34.2275,8658120,NOAA_NOS,IAN,2022,2820.0
2022-09-27 00:00:00,1.673,-0.364,-2.037,-77.952628,34.2275,8658120,NOAA_NOS,IAN,2022,2880.0
2022-09-27 01:00:00,2.346,0.49,-1.856,-77.952628,34.2275,8658120,NOAA_NOS,IAN,2022,2940.0
2022-09-27 02:00:00,2.805,1.316,-1.489,-77.952628,34.2275,8658120,NOAA_NOS,IAN,2022,3000.0
2022-09-27 03:00:00,2.956,1.926,-1.03,-77.952628,34.2275,8658120,NOAA_NOS,IAN,2022,3060.0
2022-09-27 04:00:00,2.612,1.972,-0.6400000000000001,-77.952628,34.2275,8658120,NOAA_NOS,IAN,2022,3120.0
2022-09-27 05:00:00,1.732,1.26,-0.472,-77.952628,34.2275,8658120,NOAA_NOS,IAN,2022,3180.0
2022-09-27 06:00:00,0.764,0.713,-0.051,-77.952628,34.2275,8658120,NOAA_NOS,IAN,2022,3240.0
2022-09-27 07:00:00,-0.105,0.162,0.267,-77.952628,34.2275,8658120,NOAA_NOS,IAN,2022,3300.0
2022-09-27 08:00:00,-0.86,-0.375,0.485,-77.952628,34.2275,8658120,NOAA_NOS,IAN,2022,3360.0
2022-09-27 09:00:00,-1.516,-0.885,0.631,-77.952628,34.2275,8658120,NOAA_NOS,IAN,2022,3420.0
2022-09-27 10:00:00,-1.772,-1.305,0.4670000000000001,-77.952628,34.2275,8658120,NOAA_NOS,IAN,2022,3480.0
2022-09-27 11:00:00,-0.659,-1.247,-0.5880000000000001,-77.952628,34.2275,8658120,NOAA_NOS,IAN,2022,3540.0
2022-09-27 12:00:00,0.791,-0.533,-1.324,-77.952628,34.2275,8658120,NOAA_NOS,IAN,2022,3600.0
2022-09-27 13:00:00,1.755,0.329,-1.426,-77.952628,34.2275,8658120,NOAA_NOS,IAN,2022,3660.0
2022-09-27 14:00:00,2.264,1.248,-1.0159999999999998,-77.952628,34.2275,8658120,NOAA_NOS,IAN,2022,3720.0
2022-09-27 15:00:00,2.644,1.998,-0.6460000000000001,-77.952628,34.2275,8658120,NOAA_NOS,IAN,2022,3780.0
2022-09-27 16:00:00,2.638,2.394,-0.2439999999999997,-77.952628,34.2275,8658120,NOAA_NOS,IAN,2022,3840.0
2022-09-27 17:00:00,2.057,1.748,-0.3089999999999999,-77.952628,34.2275,8658120,NOAA_NOS,IAN,2022,3900.0
2022-09-27 18:00:00,1.076,1.183,0.1069999999999999,-77.952628,34.2275,8658120,NOAA_NOS,IAN,2022,3960.0
2022-09-27 19:00:00,0.072,0.614,0.542,-77.952628,34.2275,8658120,NOAA_NOS,IAN,2022,4020.0
2022-09-27 20:00:00,-0.784,0.066,0.8500000000000001,-77.952628,34.2275,8658120,NOAA_NOS,IAN,2022,4080.0
2022-09-27 21:00:00,-1.486,-0.454,1.032,-77.952628,34.2275,8658120,NOAA_NOS,IAN,2022,4140.0
2022-09-27 22:00:00,-1.857,-0.94,0.917,-77.952628,34.2275,8658120,NOAA_NOS,IAN,2022,4200.0
2022-09-27 23:00:00,-1.175,-1.303,-0.1279999999999999,-77.952628,34.2275,8658120,NOAA_NOS,IAN,2022,4260.0
2022-09-28 00:00:00,0.459,-0.843,-1.302,-77.952628,34.2275,8658120,NOAA_NOS,IAN,2022,4320.0
2022-09-28 01:00:00,1.624,-0.146,-1.77,-77.952628,34.2275,8658120,NOAA_NOS,IAN,2022,4380.0
2022-09-28 02:00:00,2.224,0.729,-1.495,-77.952628,34.2275,8658120,NOAA_NOS,IAN,2022,4440.0
2022-09-28 03:00:00,2.608,1.483,-1.125,-77.952628,34.2275,8658120,NOAA_NOS,IAN,2022,4500.0
2022-09-28 04:00:00,2.595,1.996,-0.5990000000000002,-77.952628,34.2275,8658120,NOAA_NOS,IAN,2022,4560.0
2022-09-28 05:00:00,1.991,1.639,-0.3520000000000001,-77.952628,34.2275,8658120,NOAA_NOS,IAN,2022,4620.0
2022-09-28 06:00:00,1.02,1.039,0.0189999999999999,-77.952628,34.2275,8658120,NOAA_NOS,IAN,2022,4680.0
2022-09-28 07:00:00,0.046,0.493,0.447,-77.952628,34.2275,8658120,NOAA_NOS,IAN,2022,4740.0
2022-09-28 08:00:00,-0.791,-0.057,0.734,-77.952628,34.2275,8658120,NOAA_NOS,IAN,2022,4800.0
2022-09-28 09:00:00,-1.545,-0.592,0.953,-77.952628,34.2275,8658120,NOAA_NOS,IAN,2022,4860.0
2022-09-28 10:00:00,-2.034,-1.078,0.9559999999999996,-77.952628,34.2275,8658120,NOAA_NOS,IAN,2022,4920.0
2022-09-28 11:00:00,-1.903,-1.437,0.4659999999999999,-77.952628,34.2275,8658120,NOAA_NOS,IAN,2022,4980.0
2022-09-28 12:00:00,-0.581,-1.006,-0.425,-77.952628,34.2275,8658120,NOAA_NOS,IAN,2022,5040.0
2022-09-28 13:00:00,0.843,-0.306,-1.149,-77.952628,34.2275,8658120,NOAA_NOS,IAN,2022,5100.0
2022-09-28 14:00:00,1.739,0.632,-1.1070000000000002,-77.952628,34.2275,8658120,NOAA_NOS,IAN,2022,5160.0
2022-09-28 15:00:00,2.418,1.56,-0.8580000000000001,-77.952628,34.2275,8658120,NOAA_NOS,IAN,2022,5220.0
2022-09-28 16:00:00,2.848,2.256,-0.5920000000000001,-77.952628,34.2275,8658120,NOAA_NOS,IAN,2022,5280.0
2022-09-28 17:00:00,2.871,2.437,-0.4340000000000001,-77.952628,34.2275,8658120,NOAA_NOS,IAN,2022,5340.0
2022-09-28 18:00:00,2.221,1.675,-0.546,-77.952628,34.2275,8658120,NOAA_NOS,IAN,2022,5400.0
2022-09-28 19:00:00,1.22,1.136,-0.084,-77.952628,34.2275,8658120,NOAA_NOS,IAN,2022,5460.0
2022-09-28 20:00:00,0.197,0.571,0.3739999999999999,-77.952628,34.2275,8658120,NOAA_NOS,IAN,2022,5520.0
2022-09-28 21:00:00,-0.702,0.025,0.727,-77.952628,34.2275,8658120,NOAA_NOS,IAN,2022,5580.0
2022-09-28 22:00:00,-1.414,-0.489,0.925,-77.952628,34.2275,8658120,NOAA_NOS,IAN,2022,5640.0
2022-09-28 23:00:00,-1.67,-0.962,0.708,-77.952628,34.2275,8658120,NOAA_NOS,IAN,2022,5700.0
2022-09-29 00:00:00,-0.771,-1.273,-0.5019999999999999,-77.952628,34.2275,8658120,NOAA_NOS,IAN,2022,5760.0
2022-09-29 01:00:00,0.692,-0.655,-1.347,-77.952628,34.2275,8658120,NOAA_NOS,IAN,2022,5820.0
2022-09-29 02:00:00,1.614,0.073,-1.541,-77.952628,34.2275,8658120,NOAA_NOS,IAN,2022,5880.0
2022-09-29 03:00:00,2.093,0.928,-1.165,-77.952628,34.2275,8658120,NOAA_NOS,IAN,2022,5940.0
2022-09-29 04:00:00,2.323,1.618,-0.7049999999999998,-77.952628,34.2275,8658120,NOAA_NOS,IAN,2022,6000.0
2022-09-29 05:00:00,2.231,1.959,-0.2719999999999998,-77.952628,34.2275,8658120,NOAA_NOS,IAN,2022,6060.0
2022-09-29 06:00:00,1.68,1.379,-0.3009999999999999,-77.952628,34.2275,8658120,NOAA_NOS,IAN,2022,6120.0
2022-09-29 07:00:00,0.732,0.878,0.146,-77.952628,34.2275,8658120,NOAA_NOS,IAN,2022,6180.0
2022-09-29 08:00:00,-0.197,0.342,0.539,-77.952628,34.2275,8658120,NOAA_NOS,IAN,2022,6240.0
2022-09-29 09:00:00,-1.024,-0.19,0.8340000000000001,-77.952628,34.2275,8658120,NOAA_NOS,IAN,2022,6300.0
2022-09-29 10:00:00,-1.768,-0.684,1.084,-77.952628,34.2275,8658120,NOAA_NOS,IAN,2022,6360.0
2022-09-29 11:00:00,-2.067,-1.092,0.975,-77.952628,34.2275,8658120,NOAA_NOS,IAN,2022,6420.0
2022-09-29 12:00:00,-1.526,-1.218,0.308,-77.952628,34.2275,8658120,NOAA_NOS,IAN,2022,6480.0
2022-09-29 13:00:00,-0.03,-0.504,-0.474,-77.952628,34.2275,8658120,NOAA_NOS,IAN,2022,6540.0
2022-09-29 14:00:00,1.191,0.314,-0.877,-77.952628,34.2275,8658120,NOAA_NOS,IAN,2022,6600.0
2022-09-29 15:00:00,2.064,1.297,-0.7670000000000001,-77.952628,34.2275,8658120,NOAA_NOS,IAN,2022,6660.0
2022-09-29 16:00:00,2.733,2.261,-0.472,-77.952628,34.2275,8658120,NOAA_NOS,IAN,2022,6720.0
2022-09-29 17:00:00,3.094,2.878,-0.2159999999999997,-77.952628,34.2275,8658120,NOAA_NOS,IAN,2022,6780.0
2022-09-29 18:00:00,2.956,3.105,0.149,-77.952628,34.2275,8658120,NOAA_NOS,IAN,2022,6840.0
2022-09-29 19:00:00,2.283,2.406,0.1230000000000002,-77.952628,34.2275,8658120,NOAA_NOS,IAN,2022,6900.0
2022-09-29 20:00:00,1.293,1.854,0.5610000000000002,-77.952628,34.2275,8658120,NOAA_NOS,IAN,2022,6960.0
2022-09-29 21:00:00,0.312,1.316,1.004,-77.952628,34.2275,8658120,NOAA_NOS,IAN,2022,7020.0
2022-09-29 22:00:00,-0.486,0.742,1.228,-77.952628,34.2275,8658120,NOAA_NOS,IAN,2022,7080.0
2022-09-29 23:00:00,-1.207,0.241,1.448,-77.952628,34.2275,8658120,NOAA_NOS,IAN,2022,7140.0
2022-09-30 00:00:00,-1.552,-0.204,1.348,-77.952628,34.2275,8658120,NOAA_NOS,IAN,2022,7200.0
2022-09-30 01:00:00,-0.968,-0.473,0.495,-77.952628,34.2275,8658120,NOAA_NOS,IAN,2022,7260.0
2022-09-30 02:00:00,0.587,0.181,-0.4059999999999999,-77.952628,34.2275,8658120,NOAA_NOS,IAN,2022,7320.0
2022-09-30 03:00:00,1.486,0.881,-0.605,-77.952628,34.2275,8658120,NOAA_NOS,IAN,2022,7380.0
2022-09-30 04:00:00,1.841,1.685,-0.1559999999999999,-77.952628,34.2275,8658120,NOAA_NOS,IAN,2022,7440.0
2022-09-30 05:00:00,2.077,2.442,0.3650000000000002,-77.952628,34.2275,8658120,NOAA_NOS,IAN,2022,7500.0
2022-09-30 06:00:00,2.1,2.782,0.6819999999999999,-77.952628,34.2275,8658120,NOAA_NOS,IAN,2022,7560.0
2022-09-30 07:00:00,1.703,2.468,0.7649999999999999,-77.952628,34.2275,8658120,NOAA_NOS,IAN,2022,7620.0
2022-09-30 08:00:00,0.981,1.846,0.8650000000000001,-77.952628,34.2275,8658120,NOAA_NOS,IAN,2022,7680.0
2022-09-30 09:00:00,0.023,1.337,1.314,-77.952628,34.2275,8658120,NOAA_NOS,IAN,2022,7740.0
2022-09-30 10:00:00,-0.758,0.802,1.56,-77.952628,34.2275,8658120,NOAA_NOS,IAN,2022,7800.0
2022-09-30 11:00:00,-1.401,0.309,1.71,-77.952628,34.2275,8658120,NOAA_NOS,IAN,2022,7860.0
2022-09-30 12:00:00,-1.696,-0.101,1.595,-77.952628,34.2275,8658120,NOAA_NOS,IAN,2022,7920.0
2022-09-30 13:00:00,-1.073,-0.186,0.887,-77.952628,34.2275,8658120,NOAA_NOS,IAN,2022,7980.0
2022-09-30 14:00:00,0.495,0.643,0.148,-77.952628,34.2275,8658120,NOAA_NOS,IAN,2022,8040.0
2022-09-30 15:00:00,1.585,1.489,-0.0959999999999998,-77.952628,34.2275,8658120,NOAA_NOS,IAN,2022,8100.0
2022-09-30 16:00:00,2.356,2.359,0.0030000000000001,-77.952628,34.2275,8658120,NOAA_NOS,IAN,2022,8160.0
2022-09-30 17:00:00,2.995,3.361,0.3660000000000001,-77.952628,34.2275,8658120,NOAA_NOS,IAN,2022,8220.0
2022-09-30 18:00:00,4.108,4.358,0.25,-77.952628,34.2275,8658120,NOAA_NOS,IAN,2022,8280.0
2022-09-30 19:00:00,4.918,5.082,0.1639999999999997,-77.952628,34.2275,8658120,NOAA_NOS,IAN,2022,8340.0
2022-09-30 20:00:00,5.22,5.68,0.4599999999999999,-77.952628,34.2275,8658120,NOAA_NOS,IAN,2022,8400.0
2022-09-30 21:00:00,4.948,6.153,1.2049999999999992,-77.952628,34.2275,8658120,NOAA_NOS,IAN,2022,8460.0
2022-09-30 22:00:00,4.436,6.29,1.854,-77.952628,34.2275,8658120,NOAA_NOS,IAN,2022,8520.0
2022-09-30 23:00:00,3.704,5.939,2.235,-77.952628,34.2275,8658120,NOAA_NOS,IAN,2022,8580.0
2022-10-01 00:00:00,2.766,5.615,2.849,-77.952628,34.2275,8658120,NOAA_NOS,IAN,2022,8640.0
2022-10-01 01:00:00,1.936,5.217,3.281,-77.952628,34.2275,8658120,NOAA_NOS,IAN,2022,8700.0
2022-10-01 02:00:00,1.736,4.827,3.091,-77.952628,34.2275,8658120,NOAA_NOS,IAN,2022,8760.0
2022-10-01 03:00:00,2.205,4.371,2.1660000000000004,-77.952628,34.2275,8658120,NOAA_NOS,IAN,2022,8820.0
2022-10-01 04:00:00,2.848,3.822,0.9740000000000002,-77.952628,34.2275,8658120,NOAA_NOS,IAN,2022,8880.0
2022-10-01 05:00:00,3.212,3.58,0.3679999999999999,-77.952628,34.2275,8658120,NOAA_NOS,IAN,2022,8940.0
2022-10-01 06:00:00,3.268,3.146,-0.1219999999999998,-77.952628,34.2275,8658120,NOAA_NOS,IAN,2022,9000.0
2022-10-01 07:00:00,2.805,2.794,-0.0110000000000001,-77.952628,34.2275,8658120,NOAA_NOS,IAN,2022,9060.0
2022-10-01 08:00:00,2.031,2.307,0.2759999999999998,-77.952628,34.2275,8658120,NOAA_NOS,IAN,2022,9120.0
2022-10-01 09:00:00,1.286,1.894,0.6079999999999999,-77.952628,34.2275,8658120,NOAA_NOS,IAN,2022,9180.0
2022-10-01 10:00:00,0.614,1.281,0.6669999999999999,-77.952628,34.2275,8658120,NOAA_NOS,IAN,2022,9240.0
2022-10-01 11:00:00,-0.075,0.865,0.94,-77.952628,34.2275,8658120,NOAA_NOS,IAN,2022,9300.0
2022-10-01 12:00:00,-0.604,0.489,1.093,-77.952628,34.2275,8658120,NOAA_NOS,IAN,2022,9360.0
2022-10-01 13:00:00,-0.801,0.142,0.943,-77.952628,34.2275,8658120,NOAA_NOS,IAN,2022,9420.0
2022-10-01 14:00:00,-0.102,-0.084,0.0179999999999999,-77.952628,34.2275,8658120,NOAA_NOS,IAN,2022,9480.0
2022-10-01 15:00:00,1.319,0.199,-1.12,-77.952628,34.2275,8658120,NOAA_NOS,IAN,2022,9540.0
2022-10-01 16:00:00,2.247,1.107,-1.14,-77.952628,34.2275,8658120,NOAA_NOS,IAN,2022,9600.0
2022-10-01 17:00:00,2.831,1.878,-0.953,-77.952628,34.2275,8658120,NOAA_NOS,IAN,2022,9660.0
2022-10-01 18:00:00,3.258,2.552,-0.706,-77.952628,34.2275,8658120,NOAA_NOS,IAN,2022,9720.0
2022-10-01 19:00:00,3.379,2.925,-0.4540000000000002,-77.952628,34.2275,8658120,NOAA_NOS,IAN,2022,9780.0
2022-10-01 20:00:00,2.92,2.334,-0.5859999999999999,-77.952628,34.2275,8658120,NOAA_NOS,IAN,2022,9840.0
2022-10-01 21:00:00,2.133,1.768,-0.365,-77.952628,34.2275,8658120,NOAA_NOS,IAN,2022,9900.0
2022-10-01 22:00:00,1.171,1.24,0.0689999999999999,-77.952628,34.2275,8658120,NOAA_NOS,IAN,2022,9960.0
2022-10-01 23:00:00,0.348,0.744,0.396,-77.952628,34.2275,8658120,NOAA_NOS,IAN,2022,10020.0
2022-09-25 01:00:00,2.585,1.113,-1.472,-77.784973,34.213333,8658163,NOAA_NOS,IAN,2022,60.0
2022-09-25 02:00:00,1.555,0.183,-1.372,-77.784973,34.213333,8658163,NOAA_NOS,IAN,2022,120.0
2022-09-25 03:00:00,0.538,-0.734,-1.272,-77.784973,34.213333,8658163,NOAA_NOS,IAN,2022,180.0
2022-09-25 04:00:00,-0.141,-1.444,-1.303,-77.784973,34.213333,8658163,NOAA_NOS,IAN,2022,240.0
2022-09-25 05:00:00,-0.587,-1.855,-1.268,-77.784973,34.213333,8658163,NOAA_NOS,IAN,2022,300.0
2022-09-25 06:00:00,-0.732,-1.823,-1.091,-77.784973,34.213333,8658163,NOAA_NOS,IAN,2022,360.0
2022-09-25 07:00:00,-0.502,-1.263,-0.7609999999999999,-77.784973,34.213333,8658163,NOAA_NOS,IAN,2022,420.0
2022-09-25 08:00:00,0.197,-0.379,-0.5760000000000001,-77.784973,34.213333,8658163,NOAA_NOS,IAN,2022,480.0
2022-09-25 09:00:00,1.23,0.642,-0.588,-77.784973,34.213333,8658163,NOAA_NOS,IAN,2022,540.0
2022-09-25 10:00:00,2.172,1.447,-0.7250000000000001,-77.784973,34.213333,8658163,NOAA_NOS,IAN,2022,600.0
2022-09-25 11:00:00,2.89,1.906,-0.9840000000000002,-77.784973,34.213333,8658163,NOAA_NOS,IAN,2022,660.0
2022-09-25 12:00:00,3.064,1.856,-1.208,-77.784973,34.213333,8658163,NOAA_NOS,IAN,2022,720.0
2022-09-25 13:00:00,2.648,1.308,-1.34,-77.784973,34.213333,8658163,NOAA_NOS,IAN,2022,780.0
2022-09-25 14:00:00,1.795,0.417,-1.378,-77.784973,34.213333,8658163,NOAA_NOS,IAN,2022,840.0
2022-09-25 15:00:00,0.745,-0.558,-1.303,-77.784973,34.213333,8658163,NOAA_NOS,IAN,2022,900.0
2022-09-25 16:00:00,-0.259,-1.341,-1.082,-77.784973,34.213333,8658163,NOAA_NOS,IAN,2022,960.0
2022-09-25 17:00:00,-0.833,-1.854,-1.021,-77.784973,34.213333,8658163,NOAA_NOS,IAN,2022,1020.0
2022-09-25 18:00:00,-1.138,-1.96,-0.8220000000000001,-77.784973,34.213333,8658163,NOAA_NOS,IAN,2022,1080.0
2022-09-25 19:00:00,-0.65,-1.562,-0.912,-77.784973,34.213333,8658163,NOAA_NOS,IAN,2022,1140.0
2022-09-25 20:00:00,0.269,-0.711,-0.98,-77.784973,34.213333,8658163,NOAA_NOS,IAN,2022,1200.0
2022-09-25 21:00:00,1.483,0.353,-1.13,-77.784973,34.213333,8658163,NOAA_NOS,IAN,2022,1260.0
2022-09-25 22:00:00,2.48,1.297,-1.183,-77.784973,34.213333,8658163,NOAA_NOS,IAN,2022,1320.0
2022-09-25 23:00:00,3.117,1.903,-1.214,-77.784973,34.213333,8658163,NOAA_NOS,IAN,2022,1380.0
2022-09-26 00:00:00,3.294,2.046,-1.2480000000000002,-77.784973,34.213333,8658163,NOAA_NOS,IAN,2022,1440.0
2022-09-26 01:00:00,2.822,1.629,-1.193,-77.784973,34.213333,8658163,NOAA_NOS,IAN,2022,1500.0
2022-09-26 02:00:00,2.008,0.77,-1.238,-77.784973,34.213333,8658163,NOAA_NOS,IAN,2022,1560.0
2022-09-26 03:00:00,0.948,-0.259,-1.207,-77.784973,34.213333,8658163,NOAA_NOS,IAN,2022,1620.0
2022-09-26 04:00:00,0.082,-1.155,-1.237,-77.784973,34.213333,8658163,NOAA_NOS,IAN,2022,1680.0
2022-09-26 05:00:00,-0.545,-1.781,-1.2359999999999998,-77.784973,34.213333,8658163,NOAA_NOS,IAN,2022,1740.0
2022-09-26 06:00:00,-1.017,-2.037,-1.02,-77.784973,34.213333,8658163,NOAA_NOS,IAN,2022,1800.0
2022-09-26 07:00:00,-1.007,-1.793,-0.786,-77.784973,34.213333,8658163,NOAA_NOS,IAN,2022,1860.0
2022-09-26 08:00:00,-0.361,-1.002,-0.641,-77.784973,34.213333,8658163,NOAA_NOS,IAN,2022,1920.0
2022-09-26 09:00:00,0.594,0.066,-0.528,-77.784973,34.213333,8658163,NOAA_NOS,IAN,2022,1980.0
2022-09-26 10:00:00,1.663,1.136,-0.5270000000000001,-77.784973,34.213333,8658163,NOAA_NOS,IAN,2022,2040.0
2022-09-26 11:00:00,2.497,1.894,-0.603,-77.784973,34.213333,8658163,NOAA_NOS,IAN,2022,2100.0
2022-09-26 12:00:00,2.907,2.218,-0.6890000000000001,-77.784973,34.213333,8658163,NOAA_NOS,IAN,2022,2160.0
2022-09-26 13:00:00,2.91,1.975,-0.935,-77.784973,34.213333,8658163,NOAA_NOS,IAN,2022,2220.0
2022-09-26 14:00:00,2.421,1.214,-1.207,-77.784973,34.213333,8658163,NOAA_NOS,IAN,2022,2280.0
2022-09-26 15:00:00,1.519,0.18,-1.339,-77.784973,34.213333,8658163,NOAA_NOS,IAN,2022,2340.0
2022-09-26 16:00:00,0.541,-0.836,-1.377,-77.784973,34.213333,8658163,NOAA_NOS,IAN,2022,2400.0
2022-09-26 17:00:00,-0.308,-1.613,-1.305,-77.784973,34.213333,8658163,NOAA_NOS,IAN,2022,2460.0
2022-09-26 18:00:00,-0.755,-2.065,-1.31,-77.784973,34.213333,8658163,NOAA_NOS,IAN,2022,2520.0
2022-09-26 19:00:00,-0.83,-2.049,-1.219,-77.784973,34.213333,8658163,NOAA_NOS,IAN,2022,2580.0
2022-09-26 20:00:00,-0.269,-1.442,-1.173,-77.784973,34.213333,8658163,NOAA_NOS,IAN,2022,2640.0
2022-09-26 21:00:00,0.781,-0.451,-1.232,-77.784973,34.213333,8658163,NOAA_NOS,IAN,2022,2700.0
2022-09-26 22:00:00,1.801,0.673,-1.128,-77.784973,34.213333,8658163,NOAA_NOS,IAN,2022,2760.0
2022-09-26 23:00:00,2.684,1.543,-1.1410000000000002,-77.784973,34.213333,8658163,NOAA_NOS,IAN,2022,2820.0
2022-09-27 00:00:00,3.038,2.025,-1.013,-77.784973,34.213333,8658163,NOAA_NOS,IAN,2022,2880.0
2022-09-27 01:00:00,2.907,1.96,-0.947,-77.784973,34.213333,8658163,NOAA_NOS,IAN,2022,2940.0
2022-09-27 02:00:00,2.47,1.33,-1.14,-77.784973,34.213333,8658163,NOAA_NOS,IAN,2022,3000.0
2022-09-27 03:00:00,1.467,0.338,-1.129,-77.784973,34.213333,8658163,NOAA_NOS,IAN,2022,3060.0
2022-09-27 04:00:00,0.564,-0.701,-1.265,-77.784973,34.213333,8658163,NOAA_NOS,IAN,2022,3120.0
2022-09-27 05:00:00,-0.41,-1.546,-1.136,-77.784973,34.213333,8658163,NOAA_NOS,IAN,2022,3180.0
2022-09-27 06:00:00,-1.01,-2.065,-1.055,-77.784973,34.213333,8658163,NOAA_NOS,IAN,2022,3240.0
2022-09-27 07:00:00,-1.155,-2.142,-0.987,-77.784973,34.213333,8658163,NOAA_NOS,IAN,2022,3300.0
2022-09-27 08:00:00,-0.794,-1.637,-0.843,-77.784973,34.213333,8658163,NOAA_NOS,IAN,2022,3360.0
2022-09-27 09:00:00,0.138,-0.644,-0.782,-77.784973,34.213333,8658163,NOAA_NOS,IAN,2022,3420.0
2022-09-27 10:00:00,1.243,0.567,-0.6760000000000002,-77.784973,34.213333,8658163,NOAA_NOS,IAN,2022,3480.0
2022-09-27 11:00:00,2.277,1.63,-0.6470000000000002,-77.784973,34.213333,8658163,NOAA_NOS,IAN,2022,3540.0
2022-09-27 12:00:00,2.726,2.29,-0.4359999999999999,-77.784973,34.213333,8658163,NOAA_NOS,IAN,2022,3600.0
2022-09-27 13:00:00,3.238,2.442,-0.7959999999999998,-77.784973,34.213333,8658163,NOAA_NOS,IAN,2022,3660.0
2022-09-27 14:00:00,3.117,1.969,-1.148,-77.784973,34.213333,8658163,NOAA_NOS,IAN,2022,3720.0
2022-09-27 15:00:00,2.28,1.029,-1.251,-77.784973,34.213333,8658163,NOAA_NOS,IAN,2022,3780.0
2022-09-27 16:00:00,1.102,-0.092,-1.1940000000000002,-77.784973,34.213333,8658163,NOAA_NOS,IAN,2022,3840.0
2022-09-27 17:00:00,-0.043,-1.103,-1.06,-77.784973,34.213333,8658163,NOAA_NOS,IAN,2022,3900.0
2022-09-27 18:00:00,-0.653,-1.815,-1.162,-77.784973,34.213333,8658163,NOAA_NOS,IAN,2022,3960.0
2022-09-27 19:00:00,-1.125,-2.175,-1.0499999999999998,-77.784973,34.213333,8658163,NOAA_NOS,IAN,2022,4020.0
2022-09-27 20:00:00,-0.666,-1.996,-1.33,-77.784973,34.213333,8658163,NOAA_NOS,IAN,2022,4080.0
2022-09-27 21:00:00,0.01,-1.232,-1.242,-77.784973,34.213333,8658163,NOAA_NOS,IAN,2022,4140.0
2022-09-27 22:00:00,1.043,-0.169,-1.212,-77.784973,34.213333,8658163,NOAA_NOS,IAN,2022,4200.0
2022-09-27 23:00:00,1.916,0.917,-0.999,-77.784973,34.213333,8658163,NOAA_NOS,IAN,2022,4260.0
2022-09-28 00:00:00,2.497,1.68,-0.817,-77.784973,34.213333,8658163,NOAA_NOS,IAN,2022,4320.0
2022-09-28 01:00:00,2.963,2.008,-0.955,-77.784973,34.213333,8658163,NOAA_NOS,IAN,2022,4380.0
2022-09-28 02:00:00,2.743,1.747,-0.9959999999999998,-77.784973,34.213333,8658163,NOAA_NOS,IAN,2022,4440.0
2022-09-28 03:00:00,2.041,0.964,-1.077,-77.784973,34.213333,8658163,NOAA_NOS,IAN,2022,4500.0
2022-09-28 04:00:00,1.112,-0.082,-1.1940000000000002,-77.784973,34.213333,8658163,NOAA_NOS,IAN,2022,4560.0
2022-09-28 05:00:00,0.112,-1.069,-1.181,-77.784973,34.213333,8658163,NOAA_NOS,IAN,2022,4620.0
2022-09-28 06:00:00,-0.633,-1.801,-1.168,-77.784973,34.213333,8658163,NOAA_NOS,IAN,2022,4680.0
2022-09-28 07:00:00,-1.079,-2.182,-1.103,-77.784973,34.213333,8658163,NOAA_NOS,IAN,2022,4740.0
2022-09-28 08:00:00,-0.965,-2.081,-1.116,-77.784973,34.213333,8658163,NOAA_NOS,IAN,2022,4800.0
2022-09-28 09:00:00,-0.407,-1.386,-0.979,-77.784973,34.213333,8658163,NOAA_NOS,IAN,2022,4860.0
2022-09-28 10:00:00,0.679,-0.276,-0.955,-77.784973,34.213333,8658163,NOAA_NOS,IAN,2022,4920.0
2022-09-28 11:00:00,1.703,0.979,-0.7240000000000001,-77.784973,34.213333,8658163,NOAA_NOS,IAN,2022,4980.0
2022-09-28 12:00:00,2.717,1.962,-0.7550000000000001,-77.784973,34.213333,8658163,NOAA_NOS,IAN,2022,5040.0
2022-09-28 13:00:00,3.615,2.539,-1.076,-77.784973,34.213333,8658163,NOAA_NOS,IAN,2022,5100.0
2022-09-28 14:00:00,3.891,2.528,-1.363,-77.784973,34.213333,8658163,NOAA_NOS,IAN,2022,5160.0
2022-09-28 15:00:00,3.593,1.885,-1.708,-77.784973,34.213333,8658163,NOAA_NOS,IAN,2022,5220.0
2022-09-28 16:00:00,2.497,0.828,-1.669,-77.784973,34.213333,8658163,NOAA_NOS,IAN,2022,5280.0
2022-09-28 17:00:00,1.358,-0.311,-1.669,-77.784973,34.213333,8658163,NOAA_NOS,IAN,2022,5340.0
2022-09-28 18:00:00,0.243,-1.265,-1.508,-77.784973,34.213333,8658163,NOAA_NOS,IAN,2022,5400.0
2022-09-28 19:00:00,-0.476,-1.926,-1.45,-77.784973,34.213333,8658163,NOAA_NOS,IAN,2022,5460.0
2022-09-28 20:00:00,-0.673,-2.18,-1.507,-77.784973,34.213333,8658163,NOAA_NOS,IAN,2022,5520.0
2022-09-28 21:00:00,-0.377,-1.851,-1.474,-77.784973,34.213333,8658163,NOAA_NOS,IAN,2022,5580.0
2022-09-28 22:00:00,0.525,-1.003,-1.528,-77.784973,34.213333,8658163,NOAA_NOS,IAN,2022,5640.0
2022-09-28 23:00:00,1.381,0.076,-1.305,-77.784973,34.213333,8658163,NOAA_NOS,IAN,2022,5700.0
2022-09-29 00:00:00,2.201,1.071,-1.13,-77.784973,34.213333,8658163,NOAA_NOS,IAN,2022,5760.0
2022-09-29 01:00:00,2.818,1.742,-1.076,-77.784973,34.213333,8658163,NOAA_NOS,IAN,2022,5820.0
2022-09-29 02:00:00,3.245,1.95,-1.2950000000000002,-77.784973,34.213333,8658163,NOAA_NOS,IAN,2022,5880.0
2022-09-29 03:00:00,3.035,1.588,-1.447,-77.784973,34.213333,8658163,NOAA_NOS,IAN,2022,5940.0
2022-09-29 04:00:00,2.49,0.827,-1.6630000000000005,-77.784973,34.213333,8658163,NOAA_NOS,IAN,2022,6000.0
2022-09-29 05:00:00,1.401,-0.063,-1.464,-77.784973,34.213333,8658163,NOAA_NOS,IAN,2022,6060.0
2022-09-29 06:00:00,0.643,-0.808,-1.451,-77.784973,34.213333,8658163,NOAA_NOS,IAN,2022,6120.0
2022-09-29 07:00:00,-0.079,-1.301,-1.222,-77.784973,34.213333,8658163,NOAA_NOS,IAN,2022,6180.0
2022-09-29 08:00:00,-0.443,-1.437,-0.994,-77.784973,34.213333,8658163,NOAA_NOS,IAN,2022,6240.0
2022-09-29 09:00:00,-0.269,-1.131,-0.862,-77.784973,34.213333,8658163,NOAA_NOS,IAN,2022,6300.0
2022-09-29 10:00:00,0.423,-0.342,-0.765,-77.784973,34.213333,8658163,NOAA_NOS,IAN,2022,6360.0
2022-09-29 11:00:00,1.48,0.784,-0.696,-77.784973,34.213333,8658163,NOAA_NOS,IAN,2022,6420.0
2022-09-29 12:00:00,2.539,2.016,-0.5230000000000001,-77.784973,34.213333,8658163,NOAA_NOS,IAN,2022,6480.0
2022-09-29 13:00:00,3.625,3.022,-0.6030000000000002,-77.784973,34.213333,8658163,NOAA_NOS,IAN,2022,6540.0
2022-09-29 14:00:00,4.324,3.642,-0.6819999999999999,-77.784973,34.213333,8658163,NOAA_NOS,IAN,2022,6600.0
2022-09-29 15:00:00,4.751,3.639,-1.1120000000000003,-77.784973,34.213333,8658163,NOAA_NOS,IAN,2022,6660.0
2022-09-29 16:00:00,4.121,2.962,-1.1590000000000005,-77.784973,34.213333,8658163,NOAA_NOS,IAN,2022,6720.0
2022-09-29 17:00:00,3.33,1.891,-1.439,-77.784973,34.213333,8658163,NOAA_NOS,IAN,2022,6780.0
2022-09-29 18:00:00,2.244,0.827,-1.4170000000000005,-77.784973,34.213333,8658163,NOAA_NOS,IAN,2022,6840.0
2022-09-29 19:00:00,1.161,0.053,-1.108,-77.784973,34.213333,8658163,NOAA_NOS,IAN,2022,6900.0
2022-09-29 20:00:00,0.387,-0.433,-0.8200000000000001,-77.784973,34.213333,8658163,NOAA_NOS,IAN,2022,6960.0
2022-09-29 21:00:00,0.394,-0.502,-0.896,-77.784973,34.213333,8658163,NOAA_NOS,IAN,2022,7020.0
2022-09-29 22:00:00,0.719,-0.03,-0.749,-77.784973,34.213333,8658163,NOAA_NOS,IAN,2022,7080.0
2022-09-29 23:00:00,1.306,0.757,-0.549,-77.784973,34.213333,8658163,NOAA_NOS,IAN,2022,7140.0
2022-09-30 00:00:00,2.156,1.729,-0.427,-77.784973,34.213333,8658163,NOAA_NOS,IAN,2022,7200.0
2022-09-30 01:00:00,2.808,2.708,-0.0999999999999996,-77.784973,34.213333,8658163,NOAA_NOS,IAN,2022,7260.0
2022-09-30 02:00:00,3.419,3.479,0.06,-77.784973,34.213333,8658163,NOAA_NOS,IAN,2022,7320.0
2022-09-30 03:00:00,3.622,3.782,0.1600000000000001,-77.784973,34.213333,8658163,NOAA_NOS,IAN,2022,7380.0
2022-09-30 04:00:00,3.891,3.448,-0.443,-77.784973,34.213333,8658163,NOAA_NOS,IAN,2022,7440.0
2022-09-30 05:00:00,3.038,2.586,-0.4519999999999999,-77.784973,34.213333,8658163,NOAA_NOS,IAN,2022,7500.0
2022-09-30 06:00:00,2.257,1.654,-0.6030000000000002,-77.784973,34.213333,8658163,NOAA_NOS,IAN,2022,7560.0
2022-09-30 07:00:00,1.493,0.909,-0.5840000000000001,-77.784973,34.213333,8658163,NOAA_NOS,IAN,2022,7620.0
2022-09-30 08:00:00,0.561,0.446,-0.115,-77.784973,34.213333,8658163,NOAA_NOS,IAN,2022,7680.0
2022-09-30 09:00:00,0.492,0.312,-0.18,-77.784973,34.213333,8658163,NOAA_NOS,IAN,2022,7740.0
2022-09-30 10:00:00,0.768,0.6,-0.168,-77.784973,34.213333,8658163,NOAA_NOS,IAN,2022,7800.0
2022-09-30 11:00:00,1.663,1.331,-0.3320000000000001,-77.784973,34.213333,8658163,NOAA_NOS,IAN,2022,7860.0
2022-09-30 12:00:00,2.818,2.376,-0.4420000000000001,-77.784973,34.213333,8658163,NOAA_NOS,IAN,2022,7920.0
2022-09-30 13:00:00,3.77,3.515,-0.2549999999999999,-77.784973,34.213333,8658163,NOAA_NOS,IAN,2022,7980.0
2022-09-30 14:00:00,4.623,4.505,-0.1180000000000003,-77.784973,34.213333,8658163,NOAA_NOS,IAN,2022,8040.0
2022-09-30 15:00:00,4.99,5.164,0.1739999999999995,-77.784973,34.213333,8658163,NOAA_NOS,IAN,2022,8100.0
2022-09-30 16:00:00,5.568,5.242,-0.3259999999999996,-77.784973,34.213333,8658163,NOAA_NOS,IAN,2022,8160.0
2022-09-30 17:00:00,5.866,4.756,-1.1099999999999994,-77.784973,34.213333,8658163,NOAA_NOS,IAN,2022,8220.0
2022-09-30 18:00:00,5.075,3.949,-1.1260000000000003,-77.784973,34.213333,8658163,NOAA_NOS,IAN,2022,8280.0
2022-09-30 19:00:00,3.809,3.172,-0.637,-77.784973,34.213333,8658163,NOAA_NOS,IAN,2022,8340.0
2022-09-30 20:00:00,2.566,2.425,-0.141,-77.784973,34.213333,8658163,NOAA_NOS,IAN,2022,8400.0
2022-09-30 21:00:00,1.286,1.655,0.369,-77.784973,34.213333,8658163,NOAA_NOS,IAN,2022,8460.0
2022-09-30 22:00:00,0.466,1.088,0.6220000000000001,-77.784973,34.213333,8658163,NOAA_NOS,IAN,2022,8520.0
2022-09-30 23:00:00,0.217,0.673,0.456,-77.784973,34.213333,8658163,NOAA_NOS,IAN,2022,8580.0
2022-10-01 00:00:00,0.84,0.925,0.085,-77.784973,34.213333,8658163,NOAA_NOS,IAN,2022,8640.0
2022-10-01 01:00:00,1.726,0.798,-0.928,-77.784973,34.213333,8658163,NOAA_NOS,IAN,2022,8700.0
2022-10-01 02:00:00,2.684,1.092,-1.592,-77.784973,34.213333,8658163,NOAA_NOS,IAN,2022,8760.0
2022-10-01 03:00:00,2.661,1.438,-1.223,-77.784973,34.213333,8658163,NOAA_NOS,IAN,2022,8820.0
2022-10-01 04:00:00,2.448,1.251,-1.197,-77.784973,34.213333,8658163,NOAA_NOS,IAN,2022,8880.0
2022-10-01 05:00:00,2.188,0.844,-1.3440000000000003,-77.784973,34.213333,8658163,NOAA_NOS,IAN,2022,8940.0
2022-10-01 06:00:00,1.26,0.154,-1.106,-77.784973,34.213333,8658163,NOAA_NOS,IAN,2022,9000.0
2022-10-01 07:00:00,0.574,-0.69,-1.2639999999999998,-77.784973,34.213333,8658163,NOAA_NOS,IAN,2022,9060.0
2022-10-01 08:00:00,-0.01,-1.515,-1.505,-77.784973,34.213333,8658163,NOAA_NOS,IAN,2022,9120.0
2022-10-01 09:00:00,-0.466,-2.232,-1.7660000000000002,-77.784973,34.213333,8658163,NOAA_NOS,IAN,2022,9180.0
2022-10-01 10:00:00,-0.81,-2.332,-1.5219999999999998,-77.784973,34.213333,8658163,NOAA_NOS,IAN,2022,9240.0
2022-10-01 11:00:00,-0.591,-1.701,-1.11,-77.784973,34.213333,8658163,NOAA_NOS,IAN,2022,9300.0
2022-10-01 12:00:00,0.161,-0.566,-0.727,-77.784973,34.213333,8658163,NOAA_NOS,IAN,2022,9360.0
2022-10-01 13:00:00,1.286,0.575,-0.7110000000000001,-77.784973,34.213333,8658163,NOAA_NOS,IAN,2022,9420.0
2022-10-01 14:00:00,2.316,1.776,-0.5399999999999998,-77.784973,34.213333,8658163,NOAA_NOS,IAN,2022,9480.0
2022-10-01 15:00:00,3.11,2.521,-0.589,-77.784973,34.213333,8658163,NOAA_NOS,IAN,2022,9540.0
2022-10-01 16:00:00,3.56,2.632,-0.928,-77.784973,34.213333,8658163,NOAA_NOS,IAN,2022,9600.0
2022-10-01 17:00:00,3.373,2.204,-1.169,-77.784973,34.213333,8658163,NOAA_NOS,IAN,2022,9660.0
2022-10-01 18:00:00,2.694,1.303,-1.391,-77.784973,34.213333,8658163,NOAA_NOS,IAN,2022,9720.0
2022-10-01 19:00:00,1.732,0.259,-1.473,-77.784973,34.213333,8658163,NOAA_NOS,IAN,2022,9780.0
2022-10-01 20:00:00,0.909,-0.803,-1.7120000000000002,-77.784973,34.213333,8658163,NOAA_NOS,IAN,2022,9840.0
2022-10-01 21:00:00,0.013,-1.456,-1.469,-77.784973,34.213333,8658163,NOAA_NOS,IAN,2022,9900.0
2022-10-01 22:00:00,-0.289,-1.775,-1.486,-77.784973,34.213333,8658163,NOAA_NOS,IAN,2022,9960.0
2022-10-01 23:00:00,-0.351,-1.664,-1.313,-77.784973,34.213333,8658163,NOAA_NOS,IAN,2022,10020.0
2022-09-25 01:00:00,2.874,1.497,-1.377,-78.916384,33.655,8661070,NOAA_NOS,IAN,2022,60.0
2022-09-25 02:00:00,1.696,0.389,-1.307,-78.916384,33.655,8661070,NOAA_NOS,IAN,2022,120.0
2022-09-25 03:00:00,0.525,-0.765,-1.29,-78.916384,33.655,8661070,NOAA_NOS,IAN,2022,180.0
2022-09-25 04:00:00,-0.558,-1.727,-1.169,-78.916384,33.655,8661070,NOAA_NOS,IAN,2022,240.0
2022-09-25 05:00:00,-1.188,-2.254,-1.066,-78.916384,33.655,8661070,NOAA_NOS,IAN,2022,300.0
2022-09-25 06:00:00,-1.243,-2.209,-0.966,-78.916384,33.655,8661070,NOAA_NOS,IAN,2022,360.0
2022-09-25 07:00:00,-0.863,-1.595,-0.732,-78.916384,33.655,8661070,NOAA_NOS,IAN,2022,420.0
2022-09-25 08:00:00,-0.098,-0.587,-0.489,-78.916384,33.655,8661070,NOAA_NOS,IAN,2022,480.0
2022-09-25 09:00:00,0.961,0.571,-0.39,-78.916384,33.655,8661070,NOAA_NOS,IAN,2022,540.0
2022-09-25 10:00:00,2.041,1.638,-0.403,-78.916384,33.655,8661070,NOAA_NOS,IAN,2022,600.0
2022-09-25 11:00:00,2.848,2.26,-0.5880000000000001,-78.916384,33.655,8661070,NOAA_NOS,IAN,2022,660.0
2022-09-25 12:00:00,3.212,2.266,-0.9460000000000002,-78.916384,33.655,8661070,NOAA_NOS,IAN,2022,720.0
2022-09-25 13:00:00,2.992,1.733,-1.259,-78.916384,33.655,8661070,NOAA_NOS,IAN,2022,780.0
2022-09-25 14:00:00,2.077,0.691,-1.386,-78.916384,33.655,8661070,NOAA_NOS,IAN,2022,840.0
2022-09-25 15:00:00,0.722,-0.515,-1.237,-78.916384,33.655,8661070,NOAA_NOS,IAN,2022,900.0
2022-09-25 16:00:00,-0.62,-1.558,-0.938,-78.916384,33.655,8661070,NOAA_NOS,IAN,2022,960.0
2022-09-25 17:00:00,-1.696,-2.24,-0.5440000000000003,-78.916384,33.655,8661070,NOAA_NOS,IAN,2022,1020.0
2022-09-25 18:00:00,-1.969,-2.348,-0.3789999999999998,-78.916384,33.655,8661070,NOAA_NOS,IAN,2022,1080.0
2022-09-25 19:00:00,-1.381,-1.899,-0.518,-78.916384,33.655,8661070,NOAA_NOS,IAN,2022,1140.0
2022-09-25 20:00:00,-0.282,-0.954,-0.6719999999999999,-78.916384,33.655,8661070,NOAA_NOS,IAN,2022,1200.0
2022-09-25 21:00:00,1.273,0.225,-1.0479999999999998,-78.916384,33.655,8661070,NOAA_NOS,IAN,2022,1260.0
2022-09-25 22:00:00,2.493,1.378,-1.115,-78.916384,33.655,8661070,NOAA_NOS,IAN,2022,1320.0
2022-09-25 23:00:00,3.419,2.221,-1.198,-78.916384,33.655,8661070,NOAA_NOS,IAN,2022,1380.0
2022-09-26 00:00:00,3.622,2.474,-1.1479999999999997,-78.916384,33.655,8661070,NOAA_NOS,IAN,2022,1440.0
2022-09-26 01:00:00,3.051,2.089,-0.9620000000000002,-78.916384,33.655,8661070,NOAA_NOS,IAN,2022,1500.0
2022-09-26 02:00:00,2.044,1.124,-0.92,-78.916384,33.655,8661070,NOAA_NOS,IAN,2022,1560.0
2022-09-26 03:00:00,0.843,-0.108,-0.951,-78.916384,33.655,8661070,NOAA_NOS,IAN,2022,1620.0
2022-09-26 04:00:00,-0.164,-1.288,-1.124,-78.916384,33.655,8661070,NOAA_NOS,IAN,2022,1680.0
2022-09-26 05:00:00,-1.217,-2.163,-0.9459999999999996,-78.916384,33.655,8661070,NOAA_NOS,IAN,2022,1740.0
2022-09-26 06:00:00,-1.68,-2.465,-0.7849999999999999,-78.916384,33.655,8661070,NOAA_NOS,IAN,2022,1800.0
2022-09-26 07:00:00,-1.614,-2.181,-0.567,-78.916384,33.655,8661070,NOAA_NOS,IAN,2022,1860.0
2022-09-26 08:00:00,-1.01,-1.304,-0.294,-78.916384,33.655,8661070,NOAA_NOS,IAN,2022,1920.0
2022-09-26 09:00:00,0.043,-0.121,-0.1639999999999999,-78.916384,33.655,8661070,NOAA_NOS,IAN,2022,1980.0
2022-09-26 10:00:00,1.404,1.139,-0.2649999999999999,-78.916384,33.655,8661070,NOAA_NOS,IAN,2022,2040.0
2022-09-26 11:00:00,2.474,2.163,-0.3110000000000004,-78.916384,33.655,8661070,NOAA_NOS,IAN,2022,2100.0
2022-09-26 12:00:00,3.084,2.621,-0.4630000000000001,-78.916384,33.655,8661070,NOAA_NOS,IAN,2022,2160.0
2022-09-26 13:00:00,3.173,2.446,-0.7269999999999999,-78.916384,33.655,8661070,NOAA_NOS,IAN,2022,2220.0
2022-09-26 14:00:00,2.598,1.636,-0.962,-78.916384,33.655,8661070,NOAA_NOS,IAN,2022,2280.0
2022-09-26 15:00:00,1.345,0.407,-0.938,-78.916384,33.655,8661070,NOAA_NOS,IAN,2022,2340.0
2022-09-26 16:00:00,0.102,-0.86,-0.962,-78.916384,33.655,8661070,NOAA_NOS,IAN,2022,2400.0
2022-09-26 17:00:00,-1.04,-1.915,-0.875,-78.916384,33.655,8661070,NOAA_NOS,IAN,2022,2460.0
2022-09-26 18:00:00,-1.765,-2.489,-0.724,-78.916384,33.655,8661070,NOAA_NOS,IAN,2022,2520.0
2022-09-26 19:00:00,-1.585,-2.453,-0.8679999999999999,-78.916384,33.655,8661070,NOAA_NOS,IAN,2022,2580.0
2022-09-26 20:00:00,-1.027,-1.783,-0.756,-78.916384,33.655,8661070,NOAA_NOS,IAN,2022,2640.0
2022-09-26 21:00:00,0.105,-0.687,-0.792,-78.916384,33.655,8661070,NOAA_NOS,IAN,2022,2700.0
2022-09-26 22:00:00,1.634,0.586,-1.048,-78.916384,33.655,8661070,NOAA_NOS,IAN,2022,2760.0
2022-09-26 23:00:00,2.743,1.73,-1.013,-78.916384,33.655,8661070,NOAA_NOS,IAN,2022,2820.0
2022-09-27 00:00:00,3.465,2.425,-1.04,-78.916384,33.655,8661070,NOAA_NOS,IAN,2022,2880.0
2022-09-27 01:00:00,3.278,2.435,-0.843,-78.916384,33.655,8661070,NOAA_NOS,IAN,2022,2940.0
2022-09-27 02:00:00,2.631,1.806,-0.8249999999999997,-78.916384,33.655,8661070,NOAA_NOS,IAN,2022,3000.0
2022-09-27 03:00:00,1.519,0.643,-0.8759999999999999,-78.916384,33.655,8661070,NOAA_NOS,IAN,2022,3060.0
2022-09-27 04:00:00,0.361,-0.663,-1.024,-78.916384,33.655,8661070,NOAA_NOS,IAN,2022,3120.0
2022-09-27 05:00:00,-0.83,-1.785,-0.955,-78.916384,33.655,8661070,NOAA_NOS,IAN,2022,3180.0
2022-09-27 06:00:00,-1.575,-2.515,-0.9400000000000002,-78.916384,33.655,8661070,NOAA_NOS,IAN,2022,3240.0
2022-09-27 07:00:00,-1.923,-2.581,-0.6579999999999999,-78.916384,33.655,8661070,NOAA_NOS,IAN,2022,3300.0
2022-09-27 08:00:00,-1.594,-2.017,-0.4229999999999998,-78.916384,33.655,8661070,NOAA_NOS,IAN,2022,3360.0
2022-09-27 09:00:00,-0.531,-0.938,-0.4069999999999999,-78.916384,33.655,8661070,NOAA_NOS,IAN,2022,3420.0
2022-09-27 10:00:00,0.679,0.411,-0.268,-78.916384,33.655,8661070,NOAA_NOS,IAN,2022,3480.0
2022-09-27 11:00:00,2.08,1.703,-0.377,-78.916384,33.655,8661070,NOAA_NOS,IAN,2022,3540.0
2022-09-27 12:00:00,3.074,2.646,-0.4279999999999999,-78.916384,33.655,8661070,NOAA_NOS,IAN,2022,3600.0
2022-09-27 13:00:00,3.56,2.913,-0.6470000000000002,-78.916384,33.655,8661070,NOAA_NOS,IAN,2022,3660.0
2022-09-27 14:00:00,3.094,2.478,-0.6159999999999997,-78.916384,33.655,8661070,NOAA_NOS,IAN,2022,3720.0
2022-09-27 15:00:00,2.352,1.427,-0.9249999999999998,-78.916384,33.655,8661070,NOAA_NOS,IAN,2022,3780.0
2022-09-27 16:00:00,1.161,0.068,-1.093,-78.916384,33.655,8661070,NOAA_NOS,IAN,2022,3840.0
2022-09-27 17:00:00,-0.092,-1.217,-1.125,-78.916384,33.655,8661070,NOAA_NOS,IAN,2022,3900.0
2022-09-27 18:00:00,-1.24,-2.19,-0.95,-78.916384,33.655,8661070,NOAA_NOS,IAN,2022,3960.0
2022-09-27 19:00:00,-1.893,-2.596,-0.7030000000000001,-78.916384,33.655,8661070,NOAA_NOS,IAN,2022,4020.0
2022-09-27 20:00:00,-1.762,-2.379,-0.617,-78.916384,33.655,8661070,NOAA_NOS,IAN,2022,4080.0
2022-09-27 21:00:00,-0.912,-1.557,-0.6449999999999999,-78.916384,33.655,8661070,NOAA_NOS,IAN,2022,4140.0
2022-09-27 22:00:00,0.384,-0.372,-0.756,-78.916384,33.655,8661070,NOAA_NOS,IAN,2022,4200.0
2022-09-27 23:00:00,1.886,0.888,-0.998,-78.916384,33.655,8661070,NOAA_NOS,IAN,2022,4260.0
2022-09-28 00:00:00,2.884,1.944,-0.94,-78.916384,33.655,8661070,NOAA_NOS,IAN,2022,4320.0
2022-09-28 01:00:00,3.241,2.437,-0.8040000000000003,-78.916384,33.655,8661070,NOAA_NOS,IAN,2022,4380.0
2022-09-28 02:00:00,2.946,2.24,-0.706,-78.916384,33.655,8661070,NOAA_NOS,IAN,2022,4440.0
2022-09-28 03:00:00,2.073,1.421,-0.6519999999999999,-78.916384,33.655,8661070,NOAA_NOS,IAN,2022,4500.0
2022-09-28 04:00:00,1.027,0.148,-0.8789999999999999,-78.916384,33.655,8661070,NOAA_NOS,IAN,2022,4560.0
2022-09-28 05:00:00,0.023,-1.124,-1.147,-78.916384,33.655,8661070,NOAA_NOS,IAN,2022,4620.0
2022-09-28 06:00:00,-1.066,-2.146,-1.0799999999999998,-78.916384,33.655,8661070,NOAA_NOS,IAN,2022,4680.0
2022-09-28 07:00:00,-1.663,-2.648,-0.985,-78.916384,33.655,8661070,NOAA_NOS,IAN,2022,4740.0
2022-09-28 08:00:00,-1.759,-2.505,-0.746,-78.916384,33.655,8661070,NOAA_NOS,IAN,2022,4800.0
2022-09-28 09:00:00,-1.056,-1.732,-0.6759999999999999,-78.916384,33.655,8661070,NOAA_NOS,IAN,2022,4860.0
2022-09-28 10:00:00,-0.085,-0.533,-0.448,-78.916384,33.655,8661070,NOAA_NOS,IAN,2022,4920.0
2022-09-28 11:00:00,1.306,0.859,-0.447,-78.916384,33.655,8661070,NOAA_NOS,IAN,2022,4980.0
2022-09-28 12:00:00,2.644,2.117,-0.5270000000000001,-78.916384,33.655,8661070,NOAA_NOS,IAN,2022,5040.0
2022-09-28 13:00:00,3.533,2.921,-0.6120000000000001,-78.916384,33.655,8661070,NOAA_NOS,IAN,2022,5100.0
2022-09-28 14:00:00,3.999,3.03,-0.9690000000000004,-78.916384,33.655,8661070,NOAA_NOS,IAN,2022,5160.0
2022-09-28 15:00:00,3.855,2.411,-1.444,-78.916384,33.655,8661070,NOAA_NOS,IAN,2022,5220.0
2022-09-28 16:00:00,2.815,1.209,-1.606,-78.916384,33.655,8661070,NOAA_NOS,IAN,2022,5280.0
2022-09-28 17:00:00,1.388,-0.193,-1.581,-78.916384,33.655,8661070,NOAA_NOS,IAN,2022,5340.0
2022-09-28 18:00:00,-0.046,-1.472,-1.426,-78.916384,33.655,8661070,NOAA_NOS,IAN,2022,5400.0
2022-09-28 19:00:00,-1.129,-2.345,-1.2160000000000002,-78.916384,33.655,8661070,NOAA_NOS,IAN,2022,5460.0
2022-09-28 20:00:00,-1.68,-2.594,-0.914,-78.916384,33.655,8661070,NOAA_NOS,IAN,2022,5520.0
2022-09-28 21:00:00,-1.25,-2.219,-0.969,-78.916384,33.655,8661070,NOAA_NOS,IAN,2022,5580.0
2022-09-28 22:00:00,-0.259,-1.294,-1.035,-78.916384,33.655,8661070,NOAA_NOS,IAN,2022,5640.0
2022-09-28 23:00:00,0.932,-0.075,-1.007,-78.916384,33.655,8661070,NOAA_NOS,IAN,2022,5700.0
2022-09-29 00:00:00,2.106,1.154,-0.952,-78.916384,33.655,8661070,NOAA_NOS,IAN,2022,5760.0
2022-09-29 01:00:00,2.907,2.086,-0.8210000000000002,-78.916384,33.655,8661070,NOAA_NOS,IAN,2022,5820.0
2022-09-29 02:00:00,3.091,2.415,-0.6760000000000002,-78.916384,33.655,8661070,NOAA_NOS,IAN,2022,5880.0
2022-09-29 03:00:00,2.815,2.157,-0.6579999999999999,-78.916384,33.655,8661070,NOAA_NOS,IAN,2022,5940.0
2022-09-29 04:00:00,2.303,1.393,-0.91,-78.916384,33.655,8661070,NOAA_NOS,IAN,2022,6000.0
2022-09-29 05:00:00,1.381,0.36,-1.021,-78.916384,33.655,8661070,NOAA_NOS,IAN,2022,6060.0
2022-09-29 06:00:00,0.528,-0.533,-1.061,-78.916384,33.655,8661070,NOAA_NOS,IAN,2022,6120.0
2022-09-29 07:00:00,-0.6,-1.173,-0.5730000000000001,-78.916384,33.655,8661070,NOAA_NOS,IAN,2022,6180.0
2022-09-29 08:00:00,-1.073,-1.317,-0.244,-78.916384,33.655,8661070,NOAA_NOS,IAN,2022,6240.0
2022-09-29 09:00:00,-1.099,-1.022,0.0769999999999999,-78.916384,33.655,8661070,NOAA_NOS,IAN,2022,6300.0
2022-09-29 10:00:00,-0.502,-0.228,0.274,-78.916384,33.655,8661070,NOAA_NOS,IAN,2022,6360.0
2022-09-29 11:00:00,0.732,0.936,0.204,-78.916384,33.655,8661070,NOAA_NOS,IAN,2022,6420.0
2022-09-29 12:00:00,2.31,2.296,-0.0140000000000002,-78.916384,33.655,8661070,NOAA_NOS,IAN,2022,6480.0
2022-09-29 13:00:00,3.376,3.612,0.2360000000000002,-78.916384,33.655,8661070,NOAA_NOS,IAN,2022,6540.0
2022-09-29 14:00:00,4.35,4.437,0.0870000000000006,-78.916384,33.655,8661070,NOAA_NOS,IAN,2022,6600.0
2022-09-29 15:00:00,4.642,4.601,-0.0410000000000003,-78.916384,33.655,8661070,NOAA_NOS,IAN,2022,6660.0
2022-09-29 16:00:00,4.285,3.975,-0.31,-78.916384,33.655,8661070,NOAA_NOS,IAN,2022,6720.0
2022-09-29 17:00:00,3.186,2.849,-0.3369999999999997,-78.916384,33.655,8661070,NOAA_NOS,IAN,2022,6780.0
2022-09-29 18:00:00,2.247,1.525,-0.722,-78.916384,33.655,8661070,NOAA_NOS,IAN,2022,6840.0
2022-09-29 19:00:00,0.978,0.389,-0.589,-78.916384,33.655,8661070,NOAA_NOS,IAN,2022,6900.0
2022-09-29 20:00:00,-0.171,-0.356,-0.1849999999999999,-78.916384,33.655,8661070,NOAA_NOS,IAN,2022,6960.0
2022-09-29 21:00:00,-0.981,-0.557,0.4239999999999999,-78.916384,33.655,8661070,NOAA_NOS,IAN,2022,7020.0
2022-09-29 22:00:00,-0.495,-0.181,0.314,-78.916384,33.655,8661070,NOAA_NOS,IAN,2022,7080.0
2022-09-29 23:00:00,0.118,0.604,0.486,-78.916384,33.655,8661070,NOAA_NOS,IAN,2022,7140.0
2022-09-30 00:00:00,1.44,1.776,0.3360000000000001,-78.916384,33.655,8661070,NOAA_NOS,IAN,2022,7200.0
2022-09-30 01:00:00,2.69,2.962,0.2720000000000002,-78.916384,33.655,8661070,NOAA_NOS,IAN,2022,7260.0
2022-09-30 02:00:00,3.527,3.924,0.3969999999999998,-78.916384,33.655,8661070,NOAA_NOS,IAN,2022,7320.0
2022-09-30 03:00:00,3.468,4.351,0.883,-78.916384,33.655,8661070,NOAA_NOS,IAN,2022,7380.0
2022-09-30 04:00:00,3.704,4.214,0.5100000000000002,-78.916384,33.655,8661070,NOAA_NOS,IAN,2022,7440.0
2022-09-30 05:00:00,3.051,3.417,0.3659999999999996,-78.916384,33.655,8661070,NOAA_NOS,IAN,2022,7500.0
2022-09-30 06:00:00,2.3,2.243,-0.0569999999999999,-78.916384,33.655,8661070,NOAA_NOS,IAN,2022,7560.0
2022-09-30 07:00:00,0.636,1.162,0.5259999999999999,-78.916384,33.655,8661070,NOAA_NOS,IAN,2022,7620.0
2022-09-30 08:00:00,-0.207,0.33,0.537,-78.916384,33.655,8661070,NOAA_NOS,IAN,2022,7680.0
2022-09-30 09:00:00,-0.745,0.032,0.777,-78.916384,33.655,8661070,NOAA_NOS,IAN,2022,7740.0
2022-09-30 10:00:00,-0.367,0.407,0.774,-78.916384,33.655,8661070,NOAA_NOS,IAN,2022,7800.0
2022-09-30 11:00:00,0.545,1.333,0.7879999999999999,-78.916384,33.655,8661070,NOAA_NOS,IAN,2022,7860.0
2022-09-30 12:00:00,1.975,2.533,0.5579999999999998,-78.916384,33.655,8661070,NOAA_NOS,IAN,2022,7920.0
2022-09-30 13:00:00,3.547,3.923,0.3759999999999999,-78.916384,33.655,8661070,NOAA_NOS,IAN,2022,7980.0
2022-09-30 14:00:00,4.446,5.243,0.7970000000000006,-78.916384,33.655,8661070,NOAA_NOS,IAN,2022,8040.0
2022-09-30 15:00:00,5.505,6.323,0.8180000000000005,-78.916384,33.655,8661070,NOAA_NOS,IAN,2022,8100.0
2022-09-30 16:00:00,6.827,7.701,0.8739999999999997,-78.916384,33.655,8661070,NOAA_NOS,IAN,2022,8160.0
2022-09-30 17:00:00,7.717,9.501,1.7839999999999998,-78.916384,33.655,8661070,NOAA_NOS,IAN,2022,8220.0
2022-09-30 18:00:00,7.635,10.475,2.84,-78.916384,33.655,8661070,NOAA_NOS,IAN,2022,8280.0
2022-09-30 19:00:00,6.047,7.519,1.4720000000000004,-78.916384,33.655,8661070,NOAA_NOS,IAN,2022,8340.0
2022-09-30 20:00:00,3.455,3.297,-0.1579999999999999,-78.916384,33.655,8661070,NOAA_NOS,IAN,2022,8400.0
2022-09-30 21:00:00,0.167,0.434,0.267,-78.916384,33.655,8661070,NOAA_NOS,IAN,2022,8460.0
2022-09-30 22:00:00,-1.608,-1.622,-0.014,-78.916384,33.655,8661070,NOAA_NOS,IAN,2022,8520.0
2022-09-30 23:00:00,-1.739,-2.016,-0.2769999999999999,-78.916384,33.655,8661070,NOAA_NOS,IAN,2022,8580.0
2022-10-01 00:00:00,-1.115,-1.494,-0.379,-78.916384,33.655,8661070,NOAA_NOS,IAN,2022,8640.0
2022-10-01 01:00:00,0.305,-0.415,-0.72,-78.916384,33.655,8661070,NOAA_NOS,IAN,2022,8700.0
2022-10-01 02:00:00,1.864,0.413,-1.451,-78.916384,33.655,8661070,NOAA_NOS,IAN,2022,8760.0
2022-10-01 03:00:00,2.74,1.128,-1.6120000000000003,-78.916384,33.655,8661070,NOAA_NOS,IAN,2022,8820.0
2022-10-01 04:00:00,2.697,1.32,-1.377,-78.916384,33.655,8661070,NOAA_NOS,IAN,2022,8880.0
2022-10-01 05:00:00,1.867,1.077,-0.79,-78.916384,33.655,8661070,NOAA_NOS,IAN,2022,8940.0
2022-10-01 06:00:00,0.951,0.347,-0.604,-78.916384,33.655,8661070,NOAA_NOS,IAN,2022,9000.0
2022-10-01 07:00:00,-0.082,-0.812,-0.7300000000000001,-78.916384,33.655,8661070,NOAA_NOS,IAN,2022,9060.0
2022-10-01 08:00:00,-0.883,-1.995,-1.112,-78.916384,33.655,8661070,NOAA_NOS,IAN,2022,9120.0
2022-10-01 09:00:00,-1.381,-2.62,-1.239,-78.916384,33.655,8661070,NOAA_NOS,IAN,2022,9180.0
2022-10-01 10:00:00,-1.624,-2.775,-1.1509999999999998,-78.916384,33.655,8661070,NOAA_NOS,IAN,2022,9240.0
2022-10-01 11:00:00,-1.217,-2.3,-1.0829999999999995,-78.916384,33.655,8661070,NOAA_NOS,IAN,2022,9300.0
2022-10-01 12:00:00,-0.509,-1.184,-0.6749999999999999,-78.916384,33.655,8661070,NOAA_NOS,IAN,2022,9360.0
2022-10-01 13:00:00,0.545,0.237,-0.308,-78.916384,33.655,8661070,NOAA_NOS,IAN,2022,9420.0
2022-10-01 14:00:00,1.749,1.803,0.0539999999999998,-78.916384,33.655,8661070,NOAA_NOS,IAN,2022,9480.0
2022-10-01 15:00:00,2.828,2.967,0.1390000000000002,-78.916384,33.655,8661070,NOAA_NOS,IAN,2022,9540.0
2022-10-01 16:00:00,3.635,3.327,-0.3079999999999998,-78.916384,33.655,8661070,NOAA_NOS,IAN,2022,9600.0
2022-10-01 17:00:00,3.642,2.804,-0.8380000000000001,-78.916384,33.655,8661070,NOAA_NOS,IAN,2022,9660.0
2022-10-01 18:00:00,2.759,1.664,-1.095,-78.916384,33.655,8661070,NOAA_NOS,IAN,2022,9720.0
2022-10-01 19:00:00,1.768,0.293,-1.475,-78.916384,33.655,8661070,NOAA_NOS,IAN,2022,9780.0
2022-10-01 20:00:00,0.456,-0.888,-1.344,-78.916384,33.655,8661070,NOAA_NOS,IAN,2022,9840.0
2022-10-01 21:00:00,-0.577,-1.657,-1.08,-78.916384,33.655,8661070,NOAA_NOS,IAN,2022,9900.0
2022-10-01 22:00:00,-1.145,-2.01,-0.8649999999999998,-78.916384,33.655,8661070,NOAA_NOS,IAN,2022,9960.0
2022-10-01 23:00:00,-1.138,-1.966,-0.8280000000000001,-78.916384,33.655,8661070,NOAA_NOS,IAN,2022,10020.0
2022-09-25 01:00:00,3.52,1.736,-1.784,-79.923611,32.780833,8665530,NOAA_NOS,IAN,2022,60.0
2022-09-25 02:00:00,2.542,0.667,-1.875,-79.923611,32.780833,8665530,NOAA_NOS,IAN,2022,120.0
2022-09-25 03:00:00,1.341,-0.538,-1.879,-79.923611,32.780833,8665530,NOAA_NOS,IAN,2022,180.0
2022-09-25 04:00:00,0.144,-1.619,-1.763,-79.923611,32.780833,8665530,NOAA_NOS,IAN,2022,240.0
2022-09-25 05:00:00,-0.805,-2.292,-1.4869999999999997,-79.923611,32.780833,8665530,NOAA_NOS,IAN,2022,300.0
2022-09-25 06:00:00,-1.415,-2.385,-0.9699999999999998,-79.923611,32.780833,8665530,NOAA_NOS,IAN,2022,360.0
2022-09-25 07:00:00,-1.179,-1.843,-0.6639999999999999,-79.923611,32.780833,8665530,NOAA_NOS,IAN,2022,420.0
2022-09-25 08:00:00,-0.385,-0.78,-0.395,-79.923611,32.780833,8665530,NOAA_NOS,IAN,2022,480.0
2022-09-25 09:00:00,0.905,0.451,-0.454,-79.923611,32.780833,8665530,NOAA_NOS,IAN,2022,540.0
2022-09-25 10:00:00,2.089,1.561,-0.528,-79.923611,32.780833,8665530,NOAA_NOS,IAN,2022,600.0
2022-09-25 11:00:00,2.863,2.254,-0.609,-79.923611,32.780833,8665530,NOAA_NOS,IAN,2022,660.0
2022-09-25 12:00:00,3.283,2.41,-0.8729999999999998,-79.923611,32.780833,8665530,NOAA_NOS,IAN,2022,720.0
2022-09-25 13:00:00,3.28,1.969,-1.3109999999999995,-79.923611,32.780833,8665530,NOAA_NOS,IAN,2022,780.0
2022-09-25 14:00:00,2.785,0.971,-1.814,-79.923611,32.780833,8665530,NOAA_NOS,IAN,2022,840.0
2022-09-25 15:00:00,1.699,-0.259,-1.958,-79.923611,32.780833,8665530,NOAA_NOS,IAN,2022,900.0
2022-09-25 16:00:00,0.324,-1.45,-1.774,-79.923611,32.780833,8665530,NOAA_NOS,IAN,2022,960.0
2022-09-25 17:00:00,-1.037,-2.215,-1.178,-79.923611,32.780833,8665530,NOAA_NOS,IAN,2022,1020.0
2022-09-25 18:00:00,-1.851,-2.504,-0.653,-79.923611,32.780833,8665530,NOAA_NOS,IAN,2022,1080.0
2022-09-25 19:00:00,-1.874,-2.133,-0.2589999999999999,-79.923611,32.780833,8665530,NOAA_NOS,IAN,2022,1140.0
2022-09-25 20:00:00,-0.916,-1.152,-0.2359999999999998,-79.923611,32.780833,8665530,NOAA_NOS,IAN,2022,1200.0
2022-09-25 21:00:00,0.632,0.085,-0.547,-79.923611,32.780833,8665530,NOAA_NOS,IAN,2022,1260.0
2022-09-25 22:00:00,2.165,1.302,-0.863,-79.923611,32.780833,8665530,NOAA_NOS,IAN,2022,1320.0
2022-09-25 23:00:00,3.234,2.163,-1.0710000000000002,-79.923611,32.780833,8665530,NOAA_NOS,IAN,2022,1380.0
2022-09-26 00:00:00,3.756,2.546,-1.21,-79.923611,32.780833,8665530,NOAA_NOS,IAN,2022,1440.0
2022-09-26 01:00:00,3.7,2.292,-1.4080000000000004,-79.923611,32.780833,8665530,NOAA_NOS,IAN,2022,1500.0
2022-09-26 02:00:00,3.021,1.405,-1.616,-79.923611,32.780833,8665530,NOAA_NOS,IAN,2022,1560.0
2022-09-26 03:00:00,1.902,0.188,-1.714,-79.923611,32.780833,8665530,NOAA_NOS,IAN,2022,1620.0
2022-09-26 04:00:00,0.56,-1.072,-1.632,-79.923611,32.780833,8665530,NOAA_NOS,IAN,2022,1680.0
2022-09-26 05:00:00,-0.683,-2.084,-1.401,-79.923611,32.780833,8665530,NOAA_NOS,IAN,2022,1740.0
2022-09-26 06:00:00,-1.53,-2.582,-1.0519999999999998,-79.923611,32.780833,8665530,NOAA_NOS,IAN,2022,1800.0
2022-09-26 07:00:00,-1.812,-2.414,-0.6020000000000001,-79.923611,32.780833,8665530,NOAA_NOS,IAN,2022,1860.0
2022-09-26 08:00:00,-1.172,-1.548,-0.3760000000000001,-79.923611,32.780833,8665530,NOAA_NOS,IAN,2022,1920.0
2022-09-26 09:00:00,0.016,-0.315,-0.331,-79.923611,32.780833,8665530,NOAA_NOS,IAN,2022,1980.0
2022-09-26 10:00:00,1.443,1.029,-0.4140000000000001,-79.923611,32.780833,8665530,NOAA_NOS,IAN,2022,2040.0
2022-09-26 11:00:00,2.473,2.073,-0.3999999999999999,-79.923611,32.780833,8665530,NOAA_NOS,IAN,2022,2100.0
2022-09-26 12:00:00,3.021,2.665,-0.3559999999999998,-79.923611,32.780833,8665530,NOAA_NOS,IAN,2022,2160.0
2022-09-26 13:00:00,3.352,2.623,-0.7289999999999996,-79.923611,32.780833,8665530,NOAA_NOS,IAN,2022,2220.0
2022-09-26 14:00:00,3.113,1.947,-1.166,-79.923611,32.780833,8665530,NOAA_NOS,IAN,2022,2280.0
2022-09-26 15:00:00,2.184,0.739,-1.4450000000000005,-79.923611,32.780833,8665530,NOAA_NOS,IAN,2022,2340.0
2022-09-26 16:00:00,0.987,-0.591,-1.5779999999999998,-79.923611,32.780833,8665530,NOAA_NOS,IAN,2022,2400.0
2022-09-26 17:00:00,-0.342,-1.777,-1.4349999999999998,-79.923611,32.780833,8665530,NOAA_NOS,IAN,2022,2460.0
2022-09-26 18:00:00,-1.444,-2.507,-1.0630000000000002,-79.923611,32.780833,8665530,NOAA_NOS,IAN,2022,2520.0
2022-09-26 19:00:00,-1.897,-2.623,-0.7260000000000002,-79.923611,32.780833,8665530,NOAA_NOS,IAN,2022,2580.0
2022-09-26 20:00:00,-1.608,-2.037,-0.4289999999999998,-79.923611,32.780833,8665530,NOAA_NOS,IAN,2022,2640.0
2022-09-26 21:00:00,-0.427,-0.889,-0.462,-79.923611,32.780833,8665530,NOAA_NOS,IAN,2022,2700.0
2022-09-26 22:00:00,1.184,0.442,-0.742,-79.923611,32.780833,8665530,NOAA_NOS,IAN,2022,2760.0
2022-09-26 23:00:00,2.562,1.647,-0.9149999999999998,-79.923611,32.780833,8665530,NOAA_NOS,IAN,2022,2820.0
2022-09-27 00:00:00,3.274,2.384,-0.8900000000000001,-79.923611,32.780833,8665530,NOAA_NOS,IAN,2022,2880.0
2022-09-27 01:00:00,3.49,2.561,-0.9290000000000004,-79.923611,32.780833,8665530,NOAA_NOS,IAN,2022,2940.0
2022-09-27 02:00:00,3.297,2.087,-1.21,-79.923611,32.780833,8665530,NOAA_NOS,IAN,2022,3000.0
2022-09-27 03:00:00,2.391,0.977,-1.414,-79.923611,32.780833,8665530,NOAA_NOS,IAN,2022,3060.0
2022-09-27 04:00:00,1.262,-0.345,-1.607,-79.923611,32.780833,8665530,NOAA_NOS,IAN,2022,3120.0
2022-09-27 05:00:00,-0.165,-1.624,-1.459,-79.923611,32.780833,8665530,NOAA_NOS,IAN,2022,3180.0
2022-09-27 06:00:00,-1.316,-2.489,-1.1729999999999998,-79.923611,32.780833,8665530,NOAA_NOS,IAN,2022,3240.0
2022-09-27 07:00:00,-2.087,-2.753,-0.6659999999999999,-79.923611,32.780833,8665530,NOAA_NOS,IAN,2022,3300.0
2022-09-27 08:00:00,-2.087,-2.291,-0.2039999999999997,-79.923611,32.780833,8665530,NOAA_NOS,IAN,2022,3360.0
2022-09-27 09:00:00,-1.064,-1.179,-0.1149999999999999,-79.923611,32.780833,8665530,NOAA_NOS,IAN,2022,3420.0
2022-09-27 10:00:00,0.403,0.198,-0.205,-79.923611,32.780833,8665530,NOAA_NOS,IAN,2022,3480.0
2022-09-27 11:00:00,1.86,1.589,-0.2710000000000001,-79.923611,32.780833,8665530,NOAA_NOS,IAN,2022,3540.0
2022-09-27 12:00:00,2.877,2.562,-0.3149999999999999,-79.923611,32.780833,8665530,NOAA_NOS,IAN,2022,3600.0
2022-09-27 13:00:00,3.529,2.963,-0.5659999999999998,-79.923611,32.780833,8665530,NOAA_NOS,IAN,2022,3660.0
2022-09-27 14:00:00,3.592,2.736,-0.8559999999999999,-79.923611,32.780833,8665530,NOAA_NOS,IAN,2022,3720.0
2022-09-27 15:00:00,3.119,1.798,-1.3210000000000002,-79.923611,32.780833,8665530,NOAA_NOS,IAN,2022,3780.0
2022-09-27 16:00:00,2.043,0.446,-1.5970000000000002,-79.923611,32.780833,8665530,NOAA_NOS,IAN,2022,3840.0
2022-09-27 17:00:00,0.718,-0.925,-1.643,-79.923611,32.780833,8665530,NOAA_NOS,IAN,2022,3900.0
2022-09-27 18:00:00,-0.562,-2.076,-1.514,-79.923611,32.780833,8665530,NOAA_NOS,IAN,2022,3960.0
2022-09-27 19:00:00,-1.546,-2.662,-1.116,-79.923611,32.780833,8665530,NOAA_NOS,IAN,2022,4020.0
2022-09-27 20:00:00,-2.038,-2.617,-0.5790000000000002,-79.923611,32.780833,8665530,NOAA_NOS,IAN,2022,4080.0
2022-09-27 21:00:00,-1.474,-1.792,-0.318,-79.923611,32.780833,8665530,NOAA_NOS,IAN,2022,4140.0
2022-09-27 22:00:00,-0.158,-0.563,-0.4049999999999999,-79.923611,32.780833,8665530,NOAA_NOS,IAN,2022,4200.0
2022-09-27 23:00:00,1.518,0.793,-0.725,-79.923611,32.780833,8665530,NOAA_NOS,IAN,2022,4260.0
2022-09-28 00:00:00,2.598,1.855,-0.7429999999999999,-79.923611,32.780833,8665530,NOAA_NOS,IAN,2022,4320.0
2022-09-28 01:00:00,3.195,2.439,-0.7559999999999998,-79.923611,32.780833,8665530,NOAA_NOS,IAN,2022,4380.0
2022-09-28 02:00:00,3.329,2.427,-0.902,-79.923611,32.780833,8665530,NOAA_NOS,IAN,2022,4440.0
2022-09-28 03:00:00,2.985,1.722,-1.263,-79.923611,32.780833,8665530,NOAA_NOS,IAN,2022,4500.0
2022-09-28 04:00:00,1.955,0.498,-1.457,-79.923611,32.780833,8665530,NOAA_NOS,IAN,2022,4560.0
2022-09-28 05:00:00,0.662,-0.856,-1.518,-79.923611,32.780833,8665530,NOAA_NOS,IAN,2022,4620.0
2022-09-28 06:00:00,-0.604,-2.03,-1.4259999999999995,-79.923611,32.780833,8665530,NOAA_NOS,IAN,2022,4680.0
2022-09-28 07:00:00,-1.697,-2.687,-0.9899999999999998,-79.923611,32.780833,8665530,NOAA_NOS,IAN,2022,4740.0
2022-09-28 08:00:00,-1.904,-2.737,-0.8330000000000002,-79.923611,32.780833,8665530,NOAA_NOS,IAN,2022,4800.0
2022-09-28 09:00:00,-1.411,-2.031,-0.6200000000000001,-79.923611,32.780833,8665530,NOAA_NOS,IAN,2022,4860.0
2022-09-28 10:00:00,-0.381,-0.786,-0.405,-79.923611,32.780833,8665530,NOAA_NOS,IAN,2022,4920.0
2022-09-28 11:00:00,1.203,0.688,-0.5150000000000001,-79.923611,32.780833,8665530,NOAA_NOS,IAN,2022,4980.0
2022-09-28 12:00:00,2.43,2.002,-0.4280000000000004,-79.923611,32.780833,8665530,NOAA_NOS,IAN,2022,5040.0
2022-09-28 13:00:00,3.339,2.855,-0.484,-79.923611,32.780833,8665530,NOAA_NOS,IAN,2022,5100.0
2022-09-28 14:00:00,3.861,3.108,-0.7530000000000001,-79.923611,32.780833,8665530,NOAA_NOS,IAN,2022,5160.0
2022-09-28 15:00:00,3.995,2.701,-1.294,-79.923611,32.780833,8665530,NOAA_NOS,IAN,2022,5220.0
2022-09-28 16:00:00,3.493,1.627,-1.866,-79.923611,32.780833,8665530,NOAA_NOS,IAN,2022,5280.0
2022-09-28 17:00:00,2.404,0.195,-2.209,-79.923611,32.780833,8665530,NOAA_NOS,IAN,2022,5340.0
2022-09-28 18:00:00,1.174,-1.179,-2.353,-79.923611,32.780833,8665530,NOAA_NOS,IAN,2022,5400.0
2022-09-28 19:00:00,-0.165,-2.23,-2.065,-79.923611,32.780833,8665530,NOAA_NOS,IAN,2022,5460.0
2022-09-28 20:00:00,-1.133,-2.719,-1.586,-79.923611,32.780833,8665530,NOAA_NOS,IAN,2022,5520.0
2022-09-28 21:00:00,-1.513,-2.478,-0.9650000000000004,-79.923611,32.780833,8665530,NOAA_NOS,IAN,2022,5580.0
2022-09-28 22:00:00,-0.798,-1.493,-0.6950000000000001,-79.923611,32.780833,8665530,NOAA_NOS,IAN,2022,5640.0
2022-09-28 23:00:00,0.491,-0.219,-0.71,-79.923611,32.780833,8665530,NOAA_NOS,IAN,2022,5700.0
2022-09-29 00:00:00,1.971,1.093,-0.8780000000000001,-79.923611,32.780833,8665530,NOAA_NOS,IAN,2022,5760.0
2022-09-29 01:00:00,2.922,2.061,-0.8610000000000002,-79.923611,32.780833,8665530,NOAA_NOS,IAN,2022,5820.0
2022-09-29 02:00:00,3.346,2.589,-0.7570000000000001,-79.923611,32.780833,8665530,NOAA_NOS,IAN,2022,5880.0
2022-09-29 03:00:00,3.451,2.554,-0.8970000000000002,-79.923611,32.780833,8665530,NOAA_NOS,IAN,2022,5940.0
2022-09-29 04:00:00,3.008,1.954,-1.054,-79.923611,32.780833,8665530,NOAA_NOS,IAN,2022,6000.0
2022-09-29 05:00:00,2.407,0.986,-1.421,-79.923611,32.780833,8665530,NOAA_NOS,IAN,2022,6060.0
2022-09-29 06:00:00,1.279,0.024,-1.255,-79.923611,32.780833,8665530,NOAA_NOS,IAN,2022,6120.0
2022-09-29 07:00:00,0.213,-0.768,-0.981,-79.923611,32.780833,8665530,NOAA_NOS,IAN,2022,6180.0
2022-09-29 08:00:00,-0.68,-1.198,-0.5179999999999999,-79.923611,32.780833,8665530,NOAA_NOS,IAN,2022,6240.0
2022-09-29 09:00:00,-0.919,-1.122,-0.203,-79.923611,32.780833,8665530,NOAA_NOS,IAN,2022,6300.0
2022-09-29 10:00:00,-0.536,-0.386,0.15,-79.923611,32.780833,8665530,NOAA_NOS,IAN,2022,6360.0
2022-09-29 11:00:00,0.619,0.909,0.29,-79.923611,32.780833,8665530,NOAA_NOS,IAN,2022,6420.0
2022-09-29 12:00:00,1.876,2.482,0.6060000000000003,-79.923611,32.780833,8665530,NOAA_NOS,IAN,2022,6480.0
2022-09-29 13:00:00,3.152,3.787,0.6349999999999998,-79.923611,32.780833,8665530,NOAA_NOS,IAN,2022,6540.0
2022-09-29 14:00:00,3.871,4.582,0.7109999999999999,-79.923611,32.780833,8665530,NOAA_NOS,IAN,2022,6600.0
2022-09-29 15:00:00,4.55,4.88,0.33,-79.923611,32.780833,8665530,NOAA_NOS,IAN,2022,6660.0
2022-09-29 16:00:00,4.704,4.549,-0.1549999999999993,-79.923611,32.780833,8665530,NOAA_NOS,IAN,2022,6720.0
2022-09-29 17:00:00,4.323,3.706,-0.6170000000000004,-79.923611,32.780833,8665530,NOAA_NOS,IAN,2022,6780.0
2022-09-29 18:00:00,3.339,2.544,-0.7949999999999999,-79.923611,32.780833,8665530,NOAA_NOS,IAN,2022,6840.0
2022-09-29 19:00:00,2.158,1.365,-0.7929999999999999,-79.923611,32.780833,8665530,NOAA_NOS,IAN,2022,6900.0
2022-09-29 20:00:00,0.852,0.371,-0.481,-79.923611,32.780833,8665530,NOAA_NOS,IAN,2022,6960.0
2022-09-29 21:00:00,-0.204,-0.139,0.0649999999999999,-79.923611,32.780833,8665530,NOAA_NOS,IAN,2022,7020.0
2022-09-29 22:00:00,-0.552,-0.065,0.487,-79.923611,32.780833,8665530,NOAA_NOS,IAN,2022,7080.0
2022-09-29 23:00:00,0.045,0.67,0.625,-79.923611,32.780833,8665530,NOAA_NOS,IAN,2022,7140.0
2022-09-30 00:00:00,1.056,1.859,0.8029999999999999,-79.923611,32.780833,8665530,NOAA_NOS,IAN,2022,7200.0
2022-09-30 01:00:00,2.171,3.036,0.8650000000000002,-79.923611,32.780833,8665530,NOAA_NOS,IAN,2022,7260.0
2022-09-30 02:00:00,3.027,3.944,0.9169999999999998,-79.923611,32.780833,8665530,NOAA_NOS,IAN,2022,7320.0
2022-09-30 03:00:00,3.657,4.449,0.7919999999999998,-79.923611,32.780833,8665530,NOAA_NOS,IAN,2022,7380.0
2022-09-30 04:00:00,3.917,4.49,0.5730000000000004,-79.923611,32.780833,8665530,NOAA_NOS,IAN,2022,7440.0
2022-09-30 05:00:00,3.631,3.901,0.27,-79.923611,32.780833,8665530,NOAA_NOS,IAN,2022,7500.0
2022-09-30 06:00:00,2.939,2.896,-0.0430000000000001,-79.923611,32.780833,8665530,NOAA_NOS,IAN,2022,7560.0
2022-09-30 07:00:00,1.833,1.778,-0.0549999999999999,-79.923611,32.780833,8665530,NOAA_NOS,IAN,2022,7620.0
2022-09-30 08:00:00,0.678,0.823,0.1449999999999999,-79.923611,32.780833,8665530,NOAA_NOS,IAN,2022,7680.0
2022-09-30 09:00:00,-0.211,0.303,0.514,-79.923611,32.780833,8665530,NOAA_NOS,IAN,2022,7740.0
2022-09-30 10:00:00,-0.86,0.382,1.242,-79.923611,32.780833,8665530,NOAA_NOS,IAN,2022,7800.0
2022-09-30 11:00:00,-0.595,1.023,1.618,-79.923611,32.780833,8665530,NOAA_NOS,IAN,2022,7860.0
2022-09-30 12:00:00,0.669,2.115,1.4460000000000002,-79.923611,32.780833,8665530,NOAA_NOS,IAN,2022,7920.0
2022-09-30 13:00:00,1.817,3.333,1.5160000000000002,-79.923611,32.780833,8665530,NOAA_NOS,IAN,2022,7980.0
2022-09-30 14:00:00,3.398,4.682,1.2840000000000005,-79.923611,32.780833,8665530,NOAA_NOS,IAN,2022,8040.0
2022-09-30 15:00:00,3.68,5.637,1.9569999999999996,-79.923611,32.780833,8665530,NOAA_NOS,IAN,2022,8100.0
2022-09-30 16:00:00,3.992,5.09,1.098,-79.923611,32.780833,8665530,NOAA_NOS,IAN,2022,8160.0
2022-09-30 17:00:00,3.667,3.342,-0.3249999999999997,-79.923611,32.780833,8665530,NOAA_NOS,IAN,2022,8220.0
2022-09-30 18:00:00,2.283,0.816,-1.467,-79.923611,32.780833,8665530,NOAA_NOS,IAN,2022,8280.0
2022-09-30 19:00:00,1.787,-1.541,-3.328,-79.923611,32.780833,8665530,NOAA_NOS,IAN,2022,8340.0
2022-09-30 20:00:00,1.036,-3.05,-4.086,-79.923611,32.780833,8665530,NOAA_NOS,IAN,2022,8400.0
2022-09-30 21:00:00,-0.155,-3.964,-3.809,-79.923611,32.780833,8665530,NOAA_NOS,IAN,2022,8460.0
2022-09-30 22:00:00,-1.103,-3.815,-2.712,-79.923611,32.780833,8665530,NOAA_NOS,IAN,2022,8520.0
2022-09-30 23:00:00,-1.671,-3.233,-1.562,-79.923611,32.780833,8665530,NOAA_NOS,IAN,2022,8580.0
2022-10-01 00:00:00,-1.08,-2.853,-1.773,-79.923611,32.780833,8665530,NOAA_NOS,IAN,2022,8640.0
2022-10-01 01:00:00,0.311,-1.937,-2.248,-79.923611,32.780833,8665530,NOAA_NOS,IAN,2022,8700.0
2022-10-01 02:00:00,1.407,-0.772,-2.1790000000000003,-79.923611,32.780833,8665530,NOAA_NOS,IAN,2022,8760.0
2022-10-01 03:00:00,2.411,0.578,-1.833,-79.923611,32.780833,8665530,NOAA_NOS,IAN,2022,8820.0
2022-10-01 04:00:00,2.781,1.337,-1.4440000000000002,-79.923611,32.780833,8665530,NOAA_NOS,IAN,2022,8880.0
2022-10-01 05:00:00,2.598,1.269,-1.329,-79.923611,32.780833,8665530,NOAA_NOS,IAN,2022,8940.0
2022-10-01 06:00:00,1.948,0.333,-1.615,-79.923611,32.780833,8665530,NOAA_NOS,IAN,2022,9000.0
2022-10-01 07:00:00,0.747,-0.947,-1.694,-79.923611,32.780833,8665530,NOAA_NOS,IAN,2022,9060.0
2022-10-01 08:00:00,-0.467,-2.026,-1.5589999999999995,-79.923611,32.780833,8665530,NOAA_NOS,IAN,2022,9120.0
2022-10-01 09:00:00,-1.49,-2.742,-1.252,-79.923611,32.780833,8665530,NOAA_NOS,IAN,2022,9180.0
2022-10-01 10:00:00,-1.881,-3.126,-1.245,-79.923611,32.780833,8665530,NOAA_NOS,IAN,2022,9240.0
2022-10-01 11:00:00,-1.536,-2.857,-1.3210000000000002,-79.923611,32.780833,8665530,NOAA_NOS,IAN,2022,9300.0
2022-10-01 12:00:00,-0.66,-1.793,-1.133,-79.923611,32.780833,8665530,NOAA_NOS,IAN,2022,9360.0
2022-10-01 13:00:00,0.6,-0.278,-0.878,-79.923611,32.780833,8665530,NOAA_NOS,IAN,2022,9420.0
2022-10-01 14:00:00,1.787,1.315,-0.472,-79.923611,32.780833,8665530,NOAA_NOS,IAN,2022,9480.0
2022-10-01 15:00:00,2.791,2.589,-0.2019999999999999,-79.923611,32.780833,8665530,NOAA_NOS,IAN,2022,9540.0
2022-10-01 16:00:00,3.398,3.174,-0.2240000000000002,-79.923611,32.780833,8665530,NOAA_NOS,IAN,2022,9600.0
2022-10-01 17:00:00,3.598,2.842,-0.7559999999999998,-79.923611,32.780833,8665530,NOAA_NOS,IAN,2022,9660.0
2022-10-01 18:00:00,3.339,1.949,-1.39,-79.923611,32.780833,8665530,NOAA_NOS,IAN,2022,9720.0
2022-10-01 19:00:00,2.526,0.657,-1.869,-79.923611,32.780833,8665530,NOAA_NOS,IAN,2022,9780.0
2022-10-01 20:00:00,1.364,-0.501,-1.865,-79.923611,32.780833,8665530,NOAA_NOS,IAN,2022,9840.0
2022-10-01 21:00:00,0.091,-1.585,-1.676,-79.923611,32.780833,8665530,NOAA_NOS,IAN,2022,9900.0
2022-10-01 22:00:00,-0.903,-2.307,-1.404,-79.923611,32.780833,8665530,NOAA_NOS,IAN,2022,9960.0
2022-10-01 23:00:00,-1.421,-2.346,-0.925,-79.923611,32.780833,8665530,NOAA_NOS,IAN,2022,10020.0
2022-09-25 01:00:00,4.487,2.454,-2.033,-80.9017,32.034612,8670870,NOAA_NOS,IAN,2022,60.0
2022-09-25 02:00:00,3.283,1.336,-1.947,-80.9017,32.034612,8670870,NOAA_NOS,IAN,2022,120.0
2022-09-25 03:00:00,1.761,0.05,-1.711,-80.9017,32.034612,8670870,NOAA_NOS,IAN,2022,180.0
2022-09-25 04:00:00,0.271,-1.465,-1.7360000000000002,-80.9017,32.034612,8670870,NOAA_NOS,IAN,2022,240.0
2022-09-25 05:00:00,-1.202,-2.595,-1.3930000000000002,-80.9017,32.034612,8670870,NOAA_NOS,IAN,2022,300.0
2022-09-25 06:00:00,-1.93,-3.12,-1.1900000000000002,-80.9017,32.034612,8670870,NOAA_NOS,IAN,2022,360.0
2022-09-25 07:00:00,-1.746,-2.689,-0.943,-80.9017,32.034612,8670870,NOAA_NOS,IAN,2022,420.0
2022-09-25 08:00:00,-0.568,-1.477,-0.909,-80.9017,32.034612,8670870,NOAA_NOS,IAN,2022,480.0
2022-09-25 09:00:00,0.55,0.107,-0.443,-80.9017,32.034612,8670870,NOAA_NOS,IAN,2022,540.0
2022-09-25 10:00:00,1.692,1.628,-0.064,-80.9017,32.034612,8670870,NOAA_NOS,IAN,2022,600.0
2022-09-25 11:00:00,3.172,2.721,-0.451,-80.9017,32.034612,8670870,NOAA_NOS,IAN,2022,660.0
2022-09-25 12:00:00,3.979,3.114,-0.8650000000000002,-80.9017,32.034612,8670870,NOAA_NOS,IAN,2022,720.0
2022-09-25 13:00:00,4.11,2.729,-1.3810000000000002,-80.9017,32.034612,8670870,NOAA_NOS,IAN,2022,780.0
2022-09-25 14:00:00,3.654,1.734,-1.92,-80.9017,32.034612,8670870,NOAA_NOS,IAN,2022,840.0
2022-09-25 15:00:00,2.381,0.217,-2.164,-80.9017,32.034612,8670870,NOAA_NOS,IAN,2022,900.0
2022-09-25 16:00:00,0.823,-1.165,-1.988,-80.9017,32.034612,8670870,NOAA_NOS,IAN,2022,960.0
2022-09-25 17:00:00,-0.867,-2.385,-1.5179999999999998,-80.9017,32.034612,8670870,NOAA_NOS,IAN,2022,1020.0
2022-09-25 18:00:00,-2.314,-3.171,-0.8569999999999998,-80.9017,32.034612,8670870,NOAA_NOS,IAN,2022,1080.0
2022-09-25 19:00:00,-2.826,-3.014,-0.1879999999999997,-80.9017,32.034612,8670870,NOAA_NOS,IAN,2022,1140.0
2022-09-25 20:00:00,-2.114,-1.96,0.1539999999999999,-80.9017,32.034612,8670870,NOAA_NOS,IAN,2022,1200.0
2022-09-25 21:00:00,-0.247,-0.392,-0.145,-80.9017,32.034612,8670870,NOAA_NOS,IAN,2022,1260.0
2022-09-25 22:00:00,1.886,1.341,-0.5449999999999999,-80.9017,32.034612,8670870,NOAA_NOS,IAN,2022,1320.0
2022-09-25 23:00:00,3.716,2.538,-1.1780000000000004,-80.9017,32.034612,8670870,NOAA_NOS,IAN,2022,1380.0
2022-09-26 00:00:00,4.746,3.171,-1.5750000000000006,-80.9017,32.034612,8670870,NOAA_NOS,IAN,2022,1440.0
2022-09-26 01:00:00,4.865,3.054,-1.8110000000000004,-80.9017,32.034612,8670870,NOAA_NOS,IAN,2022,1500.0
2022-09-26 02:00:00,4.241,2.194,-2.047,-80.9017,32.034612,8670870,NOAA_NOS,IAN,2022,1560.0
2022-09-26 03:00:00,2.647,0.84,-1.807,-80.9017,32.034612,8670870,NOAA_NOS,IAN,2022,1620.0
2022-09-26 04:00:00,1.019,-0.607,-1.626,-80.9017,32.034612,8670870,NOAA_NOS,IAN,2022,1680.0
2022-09-26 05:00:00,-0.641,-2.03,-1.3889999999999998,-80.9017,32.034612,8670870,NOAA_NOS,IAN,2022,1740.0
2022-09-26 06:00:00,-1.953,-3.055,-1.102,-80.9017,32.034612,8670870,NOAA_NOS,IAN,2022,1800.0
2022-09-26 07:00:00,-2.504,-3.295,-0.7909999999999999,-80.9017,32.034612,8670870,NOAA_NOS,IAN,2022,1860.0
2022-09-26 08:00:00,-1.878,-2.483,-0.6050000000000002,-80.9017,32.034612,8670870,NOAA_NOS,IAN,2022,1920.0
2022-09-26 09:00:00,-0.493,-0.945,-0.4519999999999999,-80.9017,32.034612,8670870,NOAA_NOS,IAN,2022,1980.0
2022-09-26 10:00:00,1.216,0.857,-0.359,-80.9017,32.034612,8670870,NOAA_NOS,IAN,2022,2040.0
2022-09-26 11:00:00,2.83,2.321,-0.5089999999999999,-80.9017,32.034612,8670870,NOAA_NOS,IAN,2022,2100.0
2022-09-26 12:00:00,3.769,3.228,-0.5409999999999999,-80.9017,32.034612,8670870,NOAA_NOS,IAN,2022,2160.0
2022-09-26 13:00:00,4.192,3.392,-0.8000000000000003,-80.9017,32.034612,8670870,NOAA_NOS,IAN,2022,2220.0
2022-09-26 14:00:00,3.913,2.755,-1.158,-80.9017,32.034612,8670870,NOAA_NOS,IAN,2022,2280.0
2022-09-26 15:00:00,2.867,1.522,-1.345,-80.9017,32.034612,8670870,NOAA_NOS,IAN,2022,2340.0
2022-09-26 16:00:00,1.584,0.129,-1.455,-80.9017,32.034612,8670870,NOAA_NOS,IAN,2022,2400.0
2022-09-26 17:00:00,0.065,-1.498,-1.563,-80.9017,32.034612,8670870,NOAA_NOS,IAN,2022,2460.0
2022-09-26 18:00:00,-1.572,-2.75,-1.178,-80.9017,32.034612,8670870,NOAA_NOS,IAN,2022,2520.0
2022-09-26 19:00:00,-2.645,-3.407,-0.762,-80.9017,32.034612,8670870,NOAA_NOS,IAN,2022,2580.0
2022-09-26 20:00:00,-2.652,-2.975,-0.3229999999999999,-80.9017,32.034612,8670870,NOAA_NOS,IAN,2022,2640.0
2022-09-26 21:00:00,-1.431,-1.663,-0.2319999999999999,-80.9017,32.034612,8670870,NOAA_NOS,IAN,2022,2700.0
2022-09-26 22:00:00,0.527,0.081,-0.446,-80.9017,32.034612,8670870,NOAA_NOS,IAN,2022,2760.0
2022-09-26 23:00:00,2.571,1.698,-0.8730000000000002,-80.9017,32.034612,8670870,NOAA_NOS,IAN,2022,2820.0
2022-09-27 00:00:00,3.966,2.836,-1.1300000000000003,-80.9017,32.034612,8670870,NOAA_NOS,IAN,2022,2880.0
2022-09-27 01:00:00,4.592,3.304,-1.2879999999999998,-80.9017,32.034612,8670870,NOAA_NOS,IAN,2022,2940.0
2022-09-27 02:00:00,4.363,2.902,-1.4610000000000003,-80.9017,32.034612,8670870,NOAA_NOS,IAN,2022,3000.0
2022-09-27 03:00:00,3.336,1.819,-1.517,-80.9017,32.034612,8670870,NOAA_NOS,IAN,2022,3060.0
2022-09-27 04:00:00,1.833,0.258,-1.575,-80.9017,32.034612,8670870,NOAA_NOS,IAN,2022,3120.0
2022-09-27 05:00:00,0.206,-1.234,-1.44,-80.9017,32.034612,8670870,NOAA_NOS,IAN,2022,3180.0
2022-09-27 06:00:00,-1.451,-2.585,-1.134,-80.9017,32.034612,8670870,NOAA_NOS,IAN,2022,3240.0
2022-09-27 07:00:00,-2.635,-3.46,-0.8250000000000002,-80.9017,32.034612,8670870,NOAA_NOS,IAN,2022,3300.0
2022-09-27 08:00:00,-3.049,-3.277,-0.2280000000000002,-80.9017,32.034612,8670870,NOAA_NOS,IAN,2022,3360.0
2022-09-27 09:00:00,-2.071,-2.11,-0.0389999999999997,-80.9017,32.034612,8670870,NOAA_NOS,IAN,2022,3420.0
2022-09-27 10:00:00,-0.26,-0.329,-0.069,-80.9017,32.034612,8670870,NOAA_NOS,IAN,2022,3480.0
2022-09-27 11:00:00,1.682,1.504,-0.1779999999999999,-80.9017,32.034612,8670870,NOAA_NOS,IAN,2022,3540.0
2022-09-27 12:00:00,3.287,2.895,-0.3919999999999999,-80.9017,32.034612,8670870,NOAA_NOS,IAN,2022,3600.0
2022-09-27 13:00:00,4.185,3.629,-0.5559999999999996,-80.9017,32.034612,8670870,NOAA_NOS,IAN,2022,3660.0
2022-09-27 14:00:00,4.379,3.541,-0.8379999999999996,-80.9017,32.034612,8670870,NOAA_NOS,IAN,2022,3720.0
2022-09-27 15:00:00,3.874,2.696,-1.178,-80.9017,32.034612,8670870,NOAA_NOS,IAN,2022,3780.0
2022-09-27 16:00:00,2.798,1.247,-1.551,-80.9017,32.034612,8670870,NOAA_NOS,IAN,2022,3840.0
2022-09-27 17:00:00,1.223,-0.366,-1.589,-80.9017,32.034612,8670870,NOAA_NOS,IAN,2022,3900.0
2022-09-27 18:00:00,-0.368,-1.939,-1.5710000000000002,-80.9017,32.034612,8670870,NOAA_NOS,IAN,2022,3960.0
2022-09-27 19:00:00,-1.933,-3.014,-1.0809999999999995,-80.9017,32.034612,8670870,NOAA_NOS,IAN,2022,4020.0
2022-09-27 20:00:00,-2.852,-3.47,-0.6180000000000003,-80.9017,32.034612,8670870,NOAA_NOS,IAN,2022,4080.0
2022-09-27 21:00:00,-2.488,-2.737,-0.2490000000000001,-80.9017,32.034612,8670870,NOAA_NOS,IAN,2022,4140.0
2022-09-27 22:00:00,-0.969,-1.207,-0.2380000000000001,-80.9017,32.034612,8670870,NOAA_NOS,IAN,2022,4200.0
2022-09-27 23:00:00,0.878,0.577,-0.301,-80.9017,32.034612,8670870,NOAA_NOS,IAN,2022,4260.0
2022-09-28 00:00:00,2.703,2.087,-0.6159999999999997,-80.9017,32.034612,8670870,NOAA_NOS,IAN,2022,4320.0
2022-09-28 01:00:00,3.939,3.019,-0.92,-80.9017,32.034612,8670870,NOAA_NOS,IAN,2022,4380.0
2022-09-28 02:00:00,4.294,3.238,-1.0559999999999996,-80.9017,32.034612,8670870,NOAA_NOS,IAN,2022,4440.0
2022-09-28 03:00:00,3.811,2.564,-1.247,-80.9017,32.034612,8670870,NOAA_NOS,IAN,2022,4500.0
2022-09-28 04:00:00,2.568,1.315,-1.253,-80.9017,32.034612,8670870,NOAA_NOS,IAN,2022,4560.0
2022-09-28 05:00:00,1.157,-0.282,-1.439,-80.9017,32.034612,8670870,NOAA_NOS,IAN,2022,4620.0
2022-09-28 06:00:00,-0.418,-1.882,-1.464,-80.9017,32.034612,8670870,NOAA_NOS,IAN,2022,4680.0
2022-09-28 07:00:00,-1.75,-3.016,-1.266,-80.9017,32.034612,8670870,NOAA_NOS,IAN,2022,4740.0
2022-09-28 08:00:00,-2.632,-3.585,-0.9529999999999998,-80.9017,32.034612,8670870,NOAA_NOS,IAN,2022,4800.0
2022-09-28 09:00:00,-2.14,-3.037,-0.8969999999999998,-80.9017,32.034612,8670870,NOAA_NOS,IAN,2022,4860.0
2022-09-28 10:00:00,-0.831,-1.586,-0.7550000000000001,-80.9017,32.034612,8670870,NOAA_NOS,IAN,2022,4920.0
2022-09-28 11:00:00,1.013,0.292,-0.7209999999999999,-80.9017,32.034612,8670870,NOAA_NOS,IAN,2022,4980.0
2022-09-28 12:00:00,2.863,2.034,-0.8290000000000002,-80.9017,32.034612,8670870,NOAA_NOS,IAN,2022,5040.0
2022-09-28 13:00:00,4.048,3.285,-0.7629999999999999,-80.9017,32.034612,8670870,NOAA_NOS,IAN,2022,5100.0
2022-09-28 14:00:00,4.842,3.827,-1.0149999999999997,-80.9017,32.034612,8670870,NOAA_NOS,IAN,2022,5160.0
2022-09-28 15:00:00,5.019,3.516,-1.503,-80.9017,32.034612,8670870,NOAA_NOS,IAN,2022,5220.0
2022-09-28 16:00:00,4.435,2.53,-1.905,-80.9017,32.034612,8670870,NOAA_NOS,IAN,2022,5280.0
2022-09-28 17:00:00,3.319,0.947,-2.372,-80.9017,32.034612,8670870,NOAA_NOS,IAN,2022,5340.0
2022-09-28 18:00:00,1.882,-0.649,-2.531,-80.9017,32.034612,8670870,NOAA_NOS,IAN,2022,5400.0
2022-09-28 19:00:00,0.426,-2.057,-2.483,-80.9017,32.034612,8670870,NOAA_NOS,IAN,2022,5460.0
2022-09-28 20:00:00,-1.044,-3.129,-2.085,-80.9017,32.034612,8670870,NOAA_NOS,IAN,2022,5520.0
2022-09-28 21:00:00,-1.963,-3.385,-1.4219999999999997,-80.9017,32.034612,8670870,NOAA_NOS,IAN,2022,5580.0
2022-09-28 22:00:00,-1.438,-2.416,-0.978,-80.9017,32.034612,8670870,NOAA_NOS,IAN,2022,5640.0
2022-09-28 23:00:00,0.019,-0.757,-0.776,-80.9017,32.034612,8670870,NOAA_NOS,IAN,2022,5700.0
2022-09-29 00:00:00,1.735,1.093,-0.6420000000000001,-80.9017,32.034612,8670870,NOAA_NOS,IAN,2022,5760.0
2022-09-29 01:00:00,3.231,2.588,-0.6429999999999998,-80.9017,32.034612,8670870,NOAA_NOS,IAN,2022,5820.0
2022-09-29 02:00:00,4.097,3.497,-0.6000000000000005,-80.9017,32.034612,8670870,NOAA_NOS,IAN,2022,5880.0
2022-09-29 03:00:00,4.494,3.707,-0.7869999999999999,-80.9017,32.034612,8670870,NOAA_NOS,IAN,2022,5940.0
2022-09-29 04:00:00,4.402,3.162,-1.2400000000000002,-80.9017,32.034612,8670870,NOAA_NOS,IAN,2022,6000.0
2022-09-29 05:00:00,3.726,2.209,-1.517,-80.9017,32.034612,8670870,NOAA_NOS,IAN,2022,6060.0
2022-09-29 06:00:00,2.483,1.017,-1.4660000000000002,-80.9017,32.034612,8670870,NOAA_NOS,IAN,2022,6120.0
2022-09-29 07:00:00,1.124,-0.114,-1.2380000000000002,-80.9017,32.034612,8670870,NOAA_NOS,IAN,2022,6180.0
2022-09-29 08:00:00,0.002,-1.095,-1.097,-80.9017,32.034612,8670870,NOAA_NOS,IAN,2022,6240.0
2022-09-29 09:00:00,-0.591,-1.468,-0.877,-80.9017,32.034612,8670870,NOAA_NOS,IAN,2022,6300.0
2022-09-29 10:00:00,-0.283,-0.975,-0.692,-80.9017,32.034612,8670870,NOAA_NOS,IAN,2022,6360.0
2022-09-29 11:00:00,0.593,0.575,-0.018,-80.9017,32.034612,8670870,NOAA_NOS,IAN,2022,6420.0
2022-09-29 12:00:00,1.807,2.558,0.7509999999999999,-80.9017,32.034612,8670870,NOAA_NOS,IAN,2022,6480.0
2022-09-29 13:00:00,3.27,4.309,1.039,-80.9017,32.034612,8670870,NOAA_NOS,IAN,2022,6540.0
2022-09-29 14:00:00,4.294,4.751,0.4570000000000007,-80.9017,32.034612,8670870,NOAA_NOS,IAN,2022,6600.0
2022-09-29 15:00:00,5.416,5.921,0.5049999999999999,-80.9017,32.034612,8670870,NOAA_NOS,IAN,2022,6660.0
2022-09-29 16:00:00,5.685,5.819,0.1340000000000003,-80.9017,32.034612,8670870,NOAA_NOS,IAN,2022,6720.0
2022-09-29 17:00:00,5.55,5.085,-0.4649999999999998,-80.9017,32.034612,8670870,NOAA_NOS,IAN,2022,6780.0
2022-09-29 18:00:00,4.641,3.839,-0.802,-80.9017,32.034612,8670870,NOAA_NOS,IAN,2022,6840.0
2022-09-29 19:00:00,3.287,2.479,-0.8079999999999998,-80.9017,32.034612,8670870,NOAA_NOS,IAN,2022,6900.0
2022-09-29 20:00:00,1.964,1.19,-0.774,-80.9017,32.034612,8670870,NOAA_NOS,IAN,2022,6960.0
2022-09-29 21:00:00,0.613,0.178,-0.435,-80.9017,32.034612,8670870,NOAA_NOS,IAN,2022,7020.0
2022-09-29 22:00:00,-0.286,-0.059,0.2269999999999999,-80.9017,32.034612,8670870,NOAA_NOS,IAN,2022,7080.0
2022-09-29 23:00:00,-0.227,0.391,0.618,-80.9017,32.034612,8670870,NOAA_NOS,IAN,2022,7140.0
2022-09-30 00:00:00,0.823,1.531,0.708,-80.9017,32.034612,8670870,NOAA_NOS,IAN,2022,7200.0
2022-09-30 01:00:00,2.096,2.983,0.887,-80.9017,32.034612,8670870,NOAA_NOS,IAN,2022,7260.0
2022-09-30 02:00:00,3.336,4.228,0.8919999999999999,-80.9017,32.034612,8670870,NOAA_NOS,IAN,2022,7320.0
2022-09-30 03:00:00,4.343,4.81,0.4669999999999996,-80.9017,32.034612,8670870,NOAA_NOS,IAN,2022,7380.0
2022-09-30 04:00:00,4.822,5.176,0.3540000000000001,-80.9017,32.034612,8670870,NOAA_NOS,IAN,2022,7440.0
2022-09-30 05:00:00,4.776,5.013,0.2370000000000001,-80.9017,32.034612,8670870,NOAA_NOS,IAN,2022,7500.0
2022-09-30 06:00:00,4.29,4.168,-0.1219999999999998,-80.9017,32.034612,8670870,NOAA_NOS,IAN,2022,7560.0
2022-09-30 07:00:00,3.3,2.916,-0.3839999999999999,-80.9017,32.034612,8670870,NOAA_NOS,IAN,2022,7620.0
2022-09-30 08:00:00,1.83,1.611,-0.219,-80.9017,32.034612,8670870,NOAA_NOS,IAN,2022,7680.0
2022-09-30 09:00:00,0.636,0.414,-0.222,-80.9017,32.034612,8670870,NOAA_NOS,IAN,2022,7740.0
2022-09-30 10:00:00,-0.313,-0.281,0.0319999999999999,-80.9017,32.034612,8670870,NOAA_NOS,IAN,2022,7800.0
2022-09-30 11:00:00,-0.45,-0.344,0.106,-80.9017,32.034612,8670870,NOAA_NOS,IAN,2022,7860.0
2022-09-30 12:00:00,-0.139,0.331,0.47,-80.9017,32.034612,8670870,NOAA_NOS,IAN,2022,7920.0
2022-09-30 13:00:00,0.964,1.439,0.4750000000000001,-80.9017,32.034612,8670870,NOAA_NOS,IAN,2022,7980.0
2022-09-30 14:00:00,2.591,2.644,0.0529999999999999,-80.9017,32.034612,8670870,NOAA_NOS,IAN,2022,8040.0
2022-09-30 15:00:00,3.897,3.477,-0.4199999999999999,-80.9017,32.034612,8670870,NOAA_NOS,IAN,2022,8100.0
2022-09-30 16:00:00,4.799,3.612,-1.1870000000000005,-80.9017,32.034612,8670870,NOAA_NOS,IAN,2022,8160.0
2022-09-30 17:00:00,5.058,3.175,-1.883,-80.9017,32.034612,8670870,NOAA_NOS,IAN,2022,8220.0
2022-09-30 18:00:00,4.415,2.043,-2.372,-80.9017,32.034612,8670870,NOAA_NOS,IAN,2022,8280.0
2022-09-30 19:00:00,3.047,0.423,-2.624,-80.9017,32.034612,8670870,NOAA_NOS,IAN,2022,8340.0
2022-09-30 20:00:00,1.443,-1.172,-2.615,-80.9017,32.034612,8670870,NOAA_NOS,IAN,2022,8400.0
2022-09-30 21:00:00,-0.496,-2.632,-2.136,-80.9017,32.034612,8670870,NOAA_NOS,IAN,2022,8460.0
2022-09-30 22:00:00,-1.881,-3.656,-1.775,-80.9017,32.034612,8670870,NOAA_NOS,IAN,2022,8520.0
2022-09-30 23:00:00,-2.366,-3.848,-1.4819999999999998,-80.9017,32.034612,8670870,NOAA_NOS,IAN,2022,8580.0
2022-10-01 00:00:00,-1.622,-2.956,-1.334,-80.9017,32.034612,8670870,NOAA_NOS,IAN,2022,8640.0
2022-10-01 01:00:00,-0.07,-1.541,-1.471,-80.9017,32.034612,8670870,NOAA_NOS,IAN,2022,8700.0
2022-10-01 02:00:00,1.436,-0.188,-1.624,-80.9017,32.034612,8670870,NOAA_NOS,IAN,2022,8760.0
2022-10-01 03:00:00,2.873,0.767,-2.1060000000000003,-80.9017,32.034612,8670870,NOAA_NOS,IAN,2022,8820.0
2022-10-01 04:00:00,3.687,1.599,-2.088,-80.9017,32.034612,8670870,NOAA_NOS,IAN,2022,8880.0
2022-10-01 05:00:00,3.667,1.879,-1.7879999999999998,-80.9017,32.034612,8670870,NOAA_NOS,IAN,2022,8940.0
2022-10-01 06:00:00,2.935,1.334,-1.601,-80.9017,32.034612,8670870,NOAA_NOS,IAN,2022,9000.0
2022-10-01 07:00:00,1.767,0.021,-1.746,-80.9017,32.034612,8670870,NOAA_NOS,IAN,2022,9060.0
2022-10-01 08:00:00,0.311,-1.513,-1.824,-80.9017,32.034612,8670870,NOAA_NOS,IAN,2022,9120.0
2022-10-01 09:00:00,-1.195,-2.936,-1.741,-80.9017,32.034612,8670870,NOAA_NOS,IAN,2022,9180.0
2022-10-01 10:00:00,-2.245,-4.055,-1.81,-80.9017,32.034612,8670870,NOAA_NOS,IAN,2022,9240.0
2022-10-01 11:00:00,-2.448,-4.04,-1.592,-80.9017,32.034612,8670870,NOAA_NOS,IAN,2022,9300.0
2022-10-01 12:00:00,-1.526,-2.892,-1.366,-80.9017,32.034612,8670870,NOAA_NOS,IAN,2022,9360.0
2022-10-01 13:00:00,0.075,-1.173,-1.248,-80.9017,32.034612,8670870,NOAA_NOS,IAN,2022,9420.0
2022-10-01 14:00:00,1.84,0.868,-0.972,-80.9017,32.034612,8670870,NOAA_NOS,IAN,2022,9480.0
2022-10-01 15:00:00,3.303,2.588,-0.7149999999999999,-80.9017,32.034612,8670870,NOAA_NOS,IAN,2022,9540.0
2022-10-01 16:00:00,4.199,3.538,-0.661,-80.9017,32.034612,8670870,NOAA_NOS,IAN,2022,9600.0
2022-10-01 17:00:00,4.556,3.627,-0.9290000000000004,-80.9017,32.034612,8670870,NOAA_NOS,IAN,2022,9660.0
2022-10-01 18:00:00,3.989,2.874,-1.1149999999999998,-80.9017,32.034612,8670870,NOAA_NOS,IAN,2022,9720.0
2022-10-01 19:00:00,3.001,1.566,-1.4349999999999998,-80.9017,32.034612,8670870,NOAA_NOS,IAN,2022,9780.0
2022-10-01 20:00:00,1.754,-0.039,-1.793,-80.9017,32.034612,8670870,NOAA_NOS,IAN,2022,9840.0
2022-10-01 21:00:00,0.252,-1.478,-1.73,-80.9017,32.034612,8670870,NOAA_NOS,IAN,2022,9900.0
2022-10-01 22:00:00,-1.13,-2.641,-1.511,-80.9017,32.034612,8670870,NOAA_NOS,IAN,2022,9960.0
2022-10-01 23:00:00,-1.966,-3.176,-1.2100000000000002,-80.9017,32.034612,8670870,NOAA_NOS,IAN,2022,10020.0
2022-09-25 01:00:00,4.367,2.863,-1.504,-81.466768,30.671389,8720030,NOAA_NOS,IAN,2022,60.0
2022-09-25 02:00:00,3.773,2.125,-1.648,-81.466768,30.671389,8720030,NOAA_NOS,IAN,2022,120.0
2022-09-25 03:00:00,2.451,0.717,-1.734,-81.466768,30.671389,8720030,NOAA_NOS,IAN,2022,180.0
2022-09-25 04:00:00,1.056,-1.005,-2.061,-81.466768,30.671389,8720030,NOAA_NOS,IAN,2022,240.0
2022-09-25 05:00:00,-0.335,-2.275,-1.94,-81.466768,30.671389,8720030,NOAA_NOS,IAN,2022,300.0
2022-09-25 06:00:00,-1.289,-2.858,-1.5690000000000002,-81.466768,30.671389,8720030,NOAA_NOS,IAN,2022,360.0
2022-09-25 07:00:00,-1.621,-2.767,-1.146,-81.466768,30.671389,8720030,NOAA_NOS,IAN,2022,420.0
2022-09-25 08:00:00,-1.096,-1.879,-0.7829999999999999,-81.466768,30.671389,8720030,NOAA_NOS,IAN,2022,480.0
2022-09-25 09:00:00,-0.098,-0.596,-0.498,-81.466768,30.671389,8720030,NOAA_NOS,IAN,2022,540.0
2022-09-25 10:00:00,1.148,0.817,-0.3309999999999999,-81.466768,30.671389,8720030,NOAA_NOS,IAN,2022,600.0
2022-09-25 11:00:00,2.31,2.11,-0.2000000000000001,-81.466768,30.671389,8720030,NOAA_NOS,IAN,2022,660.0
2022-09-25 12:00:00,3.159,2.76,-0.399,-81.466768,30.671389,8720030,NOAA_NOS,IAN,2022,720.0
2022-09-25 13:00:00,3.602,2.943,-0.6589999999999998,-81.466768,30.671389,8720030,NOAA_NOS,IAN,2022,780.0
2022-09-25 14:00:00,3.563,2.459,-1.104,-81.466768,30.671389,8720030,NOAA_NOS,IAN,2022,840.0
2022-09-25 15:00:00,2.812,1.195,-1.6169999999999998,-81.466768,30.671389,8720030,NOAA_NOS,IAN,2022,900.0
2022-09-25 16:00:00,1.503,-0.533,-2.036,-81.466768,30.671389,8720030,NOAA_NOS,IAN,2022,960.0
2022-09-25 17:00:00,-0.043,-2.117,-2.074,-81.466768,30.671389,8720030,NOAA_NOS,IAN,2022,1020.0
2022-09-25 18:00:00,-1.375,-2.877,-1.5019999999999998,-81.466768,30.671389,8720030,NOAA_NOS,IAN,2022,1080.0
2022-09-25 19:00:00,-2.116,-2.992,-0.8759999999999999,-81.466768,30.671389,8720030,NOAA_NOS,IAN,2022,1140.0
2022-09-25 20:00:00,-1.913,-2.274,-0.361,-81.466768,30.671389,8720030,NOAA_NOS,IAN,2022,1200.0
2022-09-25 21:00:00,-0.791,-1.033,-0.2419999999999998,-81.466768,30.671389,8720030,NOAA_NOS,IAN,2022,1260.0
2022-09-25 22:00:00,0.705,0.43,-0.2749999999999999,-81.466768,30.671389,8720030,NOAA_NOS,IAN,2022,1320.0
2022-09-25 23:00:00,2.283,1.88,-0.403,-81.466768,30.671389,8720030,NOAA_NOS,IAN,2022,1380.0
2022-09-26 00:00:00,3.455,2.706,-0.7490000000000001,-81.466768,30.671389,8720030,NOAA_NOS,IAN,2022,1440.0
2022-09-26 01:00:00,4.137,3.048,-1.0889999999999995,-81.466768,30.671389,8720030,NOAA_NOS,IAN,2022,1500.0
2022-09-26 02:00:00,4.15,2.822,-1.3280000000000003,-81.466768,30.671389,8720030,NOAA_NOS,IAN,2022,1560.0
2022-09-26 03:00:00,3.31,1.85,-1.46,-81.466768,30.671389,8720030,NOAA_NOS,IAN,2022,1620.0
2022-09-26 04:00:00,1.89,0.09,-1.7999999999999998,-81.466768,30.671389,8720030,NOAA_NOS,IAN,2022,1680.0
2022-09-26 05:00:00,0.249,-1.725,-1.974,-81.466768,30.671389,8720030,NOAA_NOS,IAN,2022,1740.0
2022-09-26 06:00:00,-1.28,-2.752,-1.4719999999999998,-81.466768,30.671389,8720030,NOAA_NOS,IAN,2022,1800.0
2022-09-26 07:00:00,-2.129,-3.116,-0.987,-81.466768,30.671389,8720030,NOAA_NOS,IAN,2022,1860.0
2022-09-26 08:00:00,-2.034,-2.668,-0.6340000000000003,-81.466768,30.671389,8720030,NOAA_NOS,IAN,2022,1920.0
2022-09-26 09:00:00,-0.955,-1.531,-0.576,-81.466768,30.671389,8720030,NOAA_NOS,IAN,2022,1980.0
2022-09-26 10:00:00,0.44,-0.041,-0.481,-81.466768,30.671389,8720030,NOAA_NOS,IAN,2022,2040.0
2022-09-26 11:00:00,1.765,1.517,-0.248,-81.466768,30.671389,8720030,NOAA_NOS,IAN,2022,2100.0
2022-09-26 12:00:00,2.746,2.609,-0.137,-81.466768,30.671389,8720030,NOAA_NOS,IAN,2022,2160.0
2022-09-26 13:00:00,3.373,3.152,-0.221,-81.466768,30.671389,8720030,NOAA_NOS,IAN,2022,2220.0
2022-09-26 14:00:00,3.638,3.2,-0.4379999999999997,-81.466768,30.671389,8720030,NOAA_NOS,IAN,2022,2280.0
2022-09-26 15:00:00,3.278,2.467,-0.8109999999999999,-81.466768,30.671389,8720030,NOAA_NOS,IAN,2022,2340.0
2022-09-26 16:00:00,2.195,0.969,-1.226,-81.466768,30.671389,8720030,NOAA_NOS,IAN,2022,2400.0
2022-09-26 17:00:00,0.643,-0.946,-1.589,-81.466768,30.671389,8720030,NOAA_NOS,IAN,2022,2460.0
2022-09-26 18:00:00,-0.804,-2.438,-1.634,-81.466768,30.671389,8720030,NOAA_NOS,IAN,2022,2520.0
2022-09-26 19:00:00,-1.814,-3.13,-1.3159999999999998,-81.466768,30.671389,8720030,NOAA_NOS,IAN,2022,2580.0
2022-09-26 20:00:00,-2.205,-3.044,-0.839,-81.466768,30.671389,8720030,NOAA_NOS,IAN,2022,2640.0
2022-09-26 21:00:00,-1.631,-2.101,-0.47,-81.466768,30.671389,8720030,NOAA_NOS,IAN,2022,2700.0
2022-09-26 22:00:00,-0.371,-0.719,-0.348,-81.466768,30.671389,8720030,NOAA_NOS,IAN,2022,2760.0
2022-09-26 23:00:00,1.099,0.834,-0.265,-81.466768,30.671389,8720030,NOAA_NOS,IAN,2022,2820.0
2022-09-27 00:00:00,2.49,2.263,-0.2270000000000003,-81.466768,30.671389,8720030,NOAA_NOS,IAN,2022,2880.0
2022-09-27 01:00:00,3.35,2.899,-0.451,-81.466768,30.671389,8720030,NOAA_NOS,IAN,2022,2940.0
2022-09-27 02:00:00,3.819,3.117,-0.702,-81.466768,30.671389,8720030,NOAA_NOS,IAN,2022,3000.0
2022-09-27 03:00:00,3.609,2.626,-0.983,-81.466768,30.671389,8720030,NOAA_NOS,IAN,2022,3060.0
2022-09-27 04:00:00,2.592,1.243,-1.349,-81.466768,30.671389,8720030,NOAA_NOS,IAN,2022,3120.0
2022-09-27 05:00:00,0.991,-0.561,-1.552,-81.466768,30.671389,8720030,NOAA_NOS,IAN,2022,3180.0
2022-09-27 06:00:00,-0.656,-2.328,-1.6719999999999997,-81.466768,30.671389,8720030,NOAA_NOS,IAN,2022,3240.0
2022-09-27 07:00:00,-2.034,-3.154,-1.12,-81.466768,30.671389,8720030,NOAA_NOS,IAN,2022,3300.0
2022-09-27 08:00:00,-2.625,-3.259,-0.6339999999999999,-81.466768,30.671389,8720030,NOAA_NOS,IAN,2022,3360.0
2022-09-27 09:00:00,-2.116,-2.446,-0.33,-81.466768,30.671389,8720030,NOAA_NOS,IAN,2022,3420.0
2022-09-27 10:00:00,-0.85,-1.065,-0.2149999999999999,-81.466768,30.671389,8720030,NOAA_NOS,IAN,2022,3480.0
2022-09-27 11:00:00,0.617,0.575,-0.042,-81.466768,30.671389,8720030,NOAA_NOS,IAN,2022,3540.0
2022-09-27 12:00:00,2.021,2.158,0.137,-81.466768,30.671389,8720030,NOAA_NOS,IAN,2022,3600.0
2022-09-27 13:00:00,3.097,3.021,-0.076,-81.466768,30.671389,8720030,NOAA_NOS,IAN,2022,3660.0
2022-09-27 14:00:00,3.717,3.497,-0.2200000000000002,-81.466768,30.671389,8720030,NOAA_NOS,IAN,2022,3720.0
2022-09-27 15:00:00,3.885,3.317,-0.5679999999999996,-81.466768,30.671389,8720030,NOAA_NOS,IAN,2022,3780.0
2022-09-27 16:00:00,3.281,2.318,-0.963,-81.466768,30.671389,8720030,NOAA_NOS,IAN,2022,3840.0
2022-09-27 17:00:00,1.998,0.61,-1.388,-81.466768,30.671389,8720030,NOAA_NOS,IAN,2022,3900.0
2022-09-27 18:00:00,0.436,-1.314,-1.75,-81.466768,30.671389,8720030,NOAA_NOS,IAN,2022,3960.0
2022-09-27 19:00:00,-1.024,-2.76,-1.7359999999999998,-81.466768,30.671389,8720030,NOAA_NOS,IAN,2022,4020.0
2022-09-27 20:00:00,-2.06,-3.274,-1.214,-81.466768,30.671389,8720030,NOAA_NOS,IAN,2022,4080.0
2022-09-27 21:00:00,-2.329,-2.932,-0.6029999999999998,-81.466768,30.671389,8720030,NOAA_NOS,IAN,2022,4140.0
2022-09-27 22:00:00,-1.358,-1.8,-0.4419999999999999,-81.466768,30.671389,8720030,NOAA_NOS,IAN,2022,4200.0
2022-09-27 23:00:00,0.118,-0.322,-0.44,-81.466768,30.671389,8720030,NOAA_NOS,IAN,2022,4260.0
2022-09-28 00:00:00,1.588,1.27,-0.318,-81.466768,30.671389,8720030,NOAA_NOS,IAN,2022,4320.0
2022-09-28 01:00:00,2.815,2.436,-0.379,-81.466768,30.671389,8720030,NOAA_NOS,IAN,2022,4380.0
2022-09-28 02:00:00,3.517,2.996,-0.5209999999999999,-81.466768,30.671389,8720030,NOAA_NOS,IAN,2022,4440.0
2022-09-28 03:00:00,3.806,3.018,-0.7880000000000003,-81.466768,30.671389,8720030,NOAA_NOS,IAN,2022,4500.0
2022-09-28 04:00:00,3.304,2.257,-1.0469999999999997,-81.466768,30.671389,8720030,NOAA_NOS,IAN,2022,4560.0
2022-09-28 05:00:00,2.175,0.711,-1.464,-81.466768,30.671389,8720030,NOAA_NOS,IAN,2022,4620.0
2022-09-28 06:00:00,0.663,-1.245,-1.908,-81.466768,30.671389,8720030,NOAA_NOS,IAN,2022,4680.0
2022-09-28 07:00:00,-0.82,-2.726,-1.906,-81.466768,30.671389,8720030,NOAA_NOS,IAN,2022,4740.0
2022-09-28 08:00:00,-1.736,-3.336,-1.6,-81.466768,30.671389,8720030,NOAA_NOS,IAN,2022,4800.0
2022-09-28 09:00:00,-1.69,-3.117,-1.427,-81.466768,30.671389,8720030,NOAA_NOS,IAN,2022,4860.0
2022-09-28 10:00:00,-0.781,-2.076,-1.295,-81.466768,30.671389,8720030,NOAA_NOS,IAN,2022,4920.0
2022-09-28 11:00:00,0.666,-0.557,-1.223,-81.466768,30.671389,8720030,NOAA_NOS,IAN,2022,4980.0
2022-09-28 12:00:00,2.185,1.159,-1.026,-81.466768,30.671389,8720030,NOAA_NOS,IAN,2022,5040.0
2022-09-28 13:00:00,3.438,2.524,-0.914,-81.466768,30.671389,8720030,NOAA_NOS,IAN,2022,5100.0
2022-09-28 14:00:00,4.386,3.316,-1.0700000000000005,-81.466768,30.671389,8720030,NOAA_NOS,IAN,2022,5160.0
2022-09-28 15:00:00,4.987,3.687,-1.3000000000000005,-81.466768,30.671389,8720030,NOAA_NOS,IAN,2022,5220.0
2022-09-28 16:00:00,5.138,3.293,-1.845,-81.466768,30.671389,8720030,NOAA_NOS,IAN,2022,5280.0
2022-09-28 17:00:00,4.508,2.143,-2.365,-81.466768,30.671389,8720030,NOAA_NOS,IAN,2022,5340.0
2022-09-28 18:00:00,3.291,0.195,-3.096,-81.466768,30.671389,8720030,NOAA_NOS,IAN,2022,5400.0
2022-09-28 19:00:00,2.129,-1.648,-3.777,-81.466768,30.671389,8720030,NOAA_NOS,IAN,2022,5460.0
2022-09-28 20:00:00,0.968,-2.807,-3.775,-81.466768,30.671389,8720030,NOAA_NOS,IAN,2022,5520.0
2022-09-28 21:00:00,0.135,-3.101,-3.236,-81.466768,30.671389,8720030,NOAA_NOS,IAN,2022,5580.0
2022-09-28 22:00:00,-0.233,-2.465,-2.232,-81.466768,30.671389,8720030,NOAA_NOS,IAN,2022,5640.0
2022-09-28 23:00:00,0.446,-1.057,-1.503,-81.466768,30.671389,8720030,NOAA_NOS,IAN,2022,5700.0
2022-09-29 00:00:00,1.673,0.629,-1.044,-81.466768,30.671389,8720030,NOAA_NOS,IAN,2022,5760.0
2022-09-29 01:00:00,2.848,2.371,-0.4769999999999998,-81.466768,30.671389,8720030,NOAA_NOS,IAN,2022,5820.0
2022-09-29 02:00:00,3.871,3.316,-0.5550000000000002,-81.466768,30.671389,8720030,NOAA_NOS,IAN,2022,5880.0
2022-09-29 03:00:00,4.698,4.173,-0.5250000000000004,-81.466768,30.671389,8720030,NOAA_NOS,IAN,2022,5940.0
2022-09-29 04:00:00,5.125,4.609,-0.516,-81.466768,30.671389,8720030,NOAA_NOS,IAN,2022,6000.0
2022-09-29 05:00:00,4.915,4.262,-0.6530000000000005,-81.466768,30.671389,8720030,NOAA_NOS,IAN,2022,6060.0
2022-09-29 06:00:00,4.108,3.217,-0.8909999999999996,-81.466768,30.671389,8720030,NOAA_NOS,IAN,2022,6120.0
2022-09-29 07:00:00,3.136,1.747,-1.389,-81.466768,30.671389,8720030,NOAA_NOS,IAN,2022,6180.0
2022-09-29 08:00:00,2.293,0.09,-2.2030000000000003,-81.466768,30.671389,8720030,NOAA_NOS,IAN,2022,6240.0
2022-09-29 09:00:00,1.329,-0.743,-2.072,-81.466768,30.671389,8720030,NOAA_NOS,IAN,2022,6300.0
2022-09-29 10:00:00,0.994,-0.386,-1.38,-81.466768,30.671389,8720030,NOAA_NOS,IAN,2022,6360.0
2022-09-29 11:00:00,1.371,0.974,-0.397,-81.466768,30.671389,8720030,NOAA_NOS,IAN,2022,6420.0
2022-09-29 12:00:00,2.362,2.44,0.0779999999999998,-81.466768,30.671389,8720030,NOAA_NOS,IAN,2022,6480.0
2022-09-29 13:00:00,3.501,3.591,0.0900000000000003,-81.466768,30.671389,8720030,NOAA_NOS,IAN,2022,6540.0
2022-09-29 14:00:00,4.577,4.98,0.4030000000000004,-81.466768,30.671389,8720030,NOAA_NOS,IAN,2022,6600.0
2022-09-29 15:00:00,5.617,6.157,0.54,-81.466768,30.671389,8720030,NOAA_NOS,IAN,2022,6660.0
2022-09-29 16:00:00,6.378,6.808,0.4299999999999997,-81.466768,30.671389,8720030,NOAA_NOS,IAN,2022,6720.0
2022-09-29 17:00:00,6.621,6.681,0.0599999999999996,-81.466768,30.671389,8720030,NOAA_NOS,IAN,2022,6780.0
2022-09-29 18:00:00,6.181,5.862,-0.3189999999999999,-81.466768,30.671389,8720030,NOAA_NOS,IAN,2022,6840.0
2022-09-29 19:00:00,5.23,4.705,-0.5250000000000004,-81.466768,30.671389,8720030,NOAA_NOS,IAN,2022,6900.0
2022-09-29 20:00:00,4.042,3.306,-0.7359999999999998,-81.466768,30.671389,8720030,NOAA_NOS,IAN,2022,6960.0
2022-09-29 21:00:00,2.825,2.341,-0.484,-81.466768,30.671389,8720030,NOAA_NOS,IAN,2022,7020.0
2022-09-29 22:00:00,1.991,1.498,-0.4930000000000001,-81.466768,30.671389,8720030,NOAA_NOS,IAN,2022,7080.0
2022-09-29 23:00:00,1.654,1.145,-0.5089999999999999,-81.466768,30.671389,8720030,NOAA_NOS,IAN,2022,7140.0
2022-09-30 00:00:00,1.854,1.52,-0.3340000000000001,-81.466768,30.671389,8720030,NOAA_NOS,IAN,2022,7200.0
2022-09-30 01:00:00,2.667,2.513,-0.1539999999999999,-81.466768,30.671389,8720030,NOAA_NOS,IAN,2022,7260.0
2022-09-30 02:00:00,3.727,3.472,-0.2549999999999999,-81.466768,30.671389,8720030,NOAA_NOS,IAN,2022,7320.0
2022-09-30 03:00:00,4.498,4.626,0.1280000000000001,-81.466768,30.671389,8720030,NOAA_NOS,IAN,2022,7380.0
2022-09-30 04:00:00,5.082,5.399,0.3170000000000001,-81.466768,30.671389,8720030,NOAA_NOS,IAN,2022,7440.0
2022-09-30 05:00:00,5.374,5.592,0.2179999999999999,-81.466768,30.671389,8720030,NOAA_NOS,IAN,2022,7500.0
2022-09-30 06:00:00,5.069,5.089,0.0200000000000004,-81.466768,30.671389,8720030,NOAA_NOS,IAN,2022,7560.0
2022-09-30 07:00:00,4.364,4.066,-0.298,-81.466768,30.671389,8720030,NOAA_NOS,IAN,2022,7620.0
2022-09-30 08:00:00,3.314,2.636,-0.6779999999999999,-81.466768,30.671389,8720030,NOAA_NOS,IAN,2022,7680.0
2022-09-30 09:00:00,2.123,1.105,-1.0180000000000002,-81.466768,30.671389,8720030,NOAA_NOS,IAN,2022,7740.0
2022-09-30 10:00:00,1.004,-0.425,-1.429,-81.466768,30.671389,8720030,NOAA_NOS,IAN,2022,7800.0
2022-09-30 11:00:00,0.23,-1.304,-1.534,-81.466768,30.671389,8720030,NOAA_NOS,IAN,2022,7860.0
2022-09-30 12:00:00,0.22,-0.76,-0.98,-81.466768,30.671389,8720030,NOAA_NOS,IAN,2022,7920.0
2022-09-30 13:00:00,1.106,0.596,-0.5100000000000001,-81.466768,30.671389,8720030,NOAA_NOS,IAN,2022,7980.0
2022-09-30 14:00:00,2.316,2.098,-0.2179999999999999,-81.466768,30.671389,8720030,NOAA_NOS,IAN,2022,8040.0
2022-09-30 15:00:00,3.491,3.2,-0.2909999999999999,-81.466768,30.671389,8720030,NOAA_NOS,IAN,2022,8100.0
2022-09-30 16:00:00,4.501,4.067,-0.4340000000000001,-81.466768,30.671389,8720030,NOAA_NOS,IAN,2022,8160.0
2022-09-30 17:00:00,5.082,4.51,-0.5720000000000001,-81.466768,30.671389,8720030,NOAA_NOS,IAN,2022,8220.0
2022-09-30 18:00:00,5.056,4.118,-0.9379999999999996,-81.466768,30.671389,8720030,NOAA_NOS,IAN,2022,8280.0
2022-09-30 19:00:00,4.058,2.953,-1.105,-81.466768,30.671389,8720030,NOAA_NOS,IAN,2022,8340.0
2022-09-30 20:00:00,2.625,1.15,-1.475,-81.466768,30.671389,8720030,NOAA_NOS,IAN,2022,8400.0
2022-09-30 21:00:00,1.03,-0.819,-1.849,-81.466768,30.671389,8720030,NOAA_NOS,IAN,2022,8460.0
2022-09-30 22:00:00,-0.413,-2.517,-2.104,-81.466768,30.671389,8720030,NOAA_NOS,IAN,2022,8520.0
2022-09-30 23:00:00,-1.184,-3.104,-1.92,-81.466768,30.671389,8720030,NOAA_NOS,IAN,2022,8580.0
2022-10-01 00:00:00,-1.076,-2.66,-1.584,-81.466768,30.671389,8720030,NOAA_NOS,IAN,2022,8640.0
2022-10-01 01:00:00,-0.112,-1.462,-1.35,-81.466768,30.671389,8720030,NOAA_NOS,IAN,2022,8700.0
2022-10-01 02:00:00,1.119,-0.053,-1.172,-81.466768,30.671389,8720030,NOAA_NOS,IAN,2022,8760.0
2022-10-01 03:00:00,2.29,1.154,-1.136,-81.466768,30.671389,8720030,NOAA_NOS,IAN,2022,8820.0
2022-10-01 04:00:00,3.13,1.945,-1.1849999999999998,-81.466768,30.671389,8720030,NOAA_NOS,IAN,2022,8880.0
2022-10-01 05:00:00,3.648,2.184,-1.464,-81.466768,30.671389,8720030,NOAA_NOS,IAN,2022,8940.0
2022-10-01 06:00:00,3.533,1.733,-1.7999999999999998,-81.466768,30.671389,8720030,NOAA_NOS,IAN,2022,9000.0
2022-10-01 07:00:00,2.717,0.558,-2.159,-81.466768,30.671389,8720030,NOAA_NOS,IAN,2022,9060.0
2022-10-01 08:00:00,1.273,-1.022,-2.295,-81.466768,30.671389,8720030,NOAA_NOS,IAN,2022,9120.0
2022-10-01 09:00:00,-0.292,-2.451,-2.1590000000000003,-81.466768,30.671389,8720030,NOAA_NOS,IAN,2022,9180.0
2022-10-01 10:00:00,-1.352,-3.462,-2.1100000000000003,-81.466768,30.671389,8720030,NOAA_NOS,IAN,2022,9240.0
2022-10-01 11:00:00,-1.86,-3.77,-1.91,-81.466768,30.671389,8720030,NOAA_NOS,IAN,2022,9300.0
2022-10-01 12:00:00,-1.529,-3.271,-1.742,-81.466768,30.671389,8720030,NOAA_NOS,IAN,2022,9360.0
2022-10-01 13:00:00,-0.469,-2.079,-1.6100000000000003,-81.466768,30.671389,8720030,NOAA_NOS,IAN,2022,9420.0
2022-10-01 14:00:00,0.82,-0.321,-1.141,-81.466768,30.671389,8720030,NOAA_NOS,IAN,2022,9480.0
2022-10-01 15:00:00,2.136,1.513,-0.6230000000000002,-81.466768,30.671389,8720030,NOAA_NOS,IAN,2022,9540.0
2022-10-01 16:00:00,3.219,2.729,-0.4899999999999997,-81.466768,30.671389,8720030,NOAA_NOS,IAN,2022,9600.0
2022-10-01 17:00:00,3.894,3.359,-0.5350000000000001,-81.466768,30.671389,8720030,NOAA_NOS,IAN,2022,9660.0
2022-10-01 18:00:00,4.104,3.411,-0.6930000000000001,-81.466768,30.671389,8720030,NOAA_NOS,IAN,2022,9720.0
2022-10-01 19:00:00,3.501,2.643,-0.8580000000000001,-81.466768,30.671389,8720030,NOAA_NOS,IAN,2022,9780.0
2022-10-01 20:00:00,2.215,1.103,-1.112,-81.466768,30.671389,8720030,NOAA_NOS,IAN,2022,9840.0
2022-10-01 21:00:00,0.817,-0.871,-1.688,-81.466768,30.671389,8720030,NOAA_NOS,IAN,2022,9900.0
2022-10-01 22:00:00,-0.449,-2.441,-1.992,-81.466768,30.671389,8720030,NOAA_NOS,IAN,2022,9960.0
2022-10-01 23:00:00,-1.401,-3.118,-1.717,-81.466768,30.671389,8720030,NOAA_NOS,IAN,2022,10020.0
2022-09-25 01:00:00,3.51,2.108,-1.4019999999999997,-81.427889,30.398167,8720218,NOAA_NOS,IAN,2022,60.0
2022-09-25 02:00:00,2.969,1.375,-1.594,-81.427889,30.398167,8720218,NOAA_NOS,IAN,2022,120.0
2022-09-25 03:00:00,1.785,0.318,-1.467,-81.427889,30.398167,8720218,NOAA_NOS,IAN,2022,180.0
2022-09-25 04:00:00,0.525,-0.645,-1.17,-81.427889,30.398167,8720218,NOAA_NOS,IAN,2022,240.0
2022-09-25 05:00:00,-0.417,-1.442,-1.025,-81.427889,30.398167,8720218,NOAA_NOS,IAN,2022,300.0
2022-09-25 06:00:00,-0.866,-1.942,-1.076,-81.427889,30.398167,8720218,NOAA_NOS,IAN,2022,360.0
2022-09-25 07:00:00,-0.971,-1.938,-0.967,-81.427889,30.398167,8720218,NOAA_NOS,IAN,2022,420.0
2022-09-25 08:00:00,-0.502,-1.386,-0.8839999999999999,-81.427889,30.398167,8720218,NOAA_NOS,IAN,2022,480.0
2022-09-25 09:00:00,0.384,-0.37,-0.754,-81.427889,30.398167,8720218,NOAA_NOS,IAN,2022,540.0
2022-09-25 10:00:00,1.378,0.865,-0.5129999999999999,-81.427889,30.398167,8720218,NOAA_NOS,IAN,2022,600.0
2022-09-25 11:00:00,2.238,1.838,-0.3999999999999999,-81.427889,30.398167,8720218,NOAA_NOS,IAN,2022,660.0
2022-09-25 12:00:00,2.766,2.397,-0.3690000000000002,-81.427889,30.398167,8720218,NOAA_NOS,IAN,2022,720.0
2022-09-25 13:00:00,3.104,2.24,-0.8639999999999999,-81.427889,30.398167,8720218,NOAA_NOS,IAN,2022,780.0
2022-09-25 14:00:00,2.999,1.725,-1.274,-81.427889,30.398167,8720218,NOAA_NOS,IAN,2022,840.0
2022-09-25 15:00:00,2.247,0.7,-1.547,-81.427889,30.398167,8720218,NOAA_NOS,IAN,2022,900.0
2022-09-25 16:00:00,0.955,-0.442,-1.397,-81.427889,30.398167,8720218,NOAA_NOS,IAN,2022,960.0
2022-09-25 17:00:00,-0.269,-1.323,-1.0539999999999998,-81.427889,30.398167,8720218,NOAA_NOS,IAN,2022,1020.0
2022-09-25 18:00:00,-1.027,-1.993,-0.9660000000000002,-81.427889,30.398167,8720218,NOAA_NOS,IAN,2022,1080.0
2022-09-25 19:00:00,-1.365,-2.062,-0.6969999999999998,-81.427889,30.398167,8720218,NOAA_NOS,IAN,2022,1140.0
2022-09-25 20:00:00,-1.053,-1.648,-0.595,-81.427889,30.398167,8720218,NOAA_NOS,IAN,2022,1200.0
2022-09-25 21:00:00,0.016,-0.714,-0.73,-81.427889,30.398167,8720218,NOAA_NOS,IAN,2022,1260.0
2022-09-25 22:00:00,1.247,0.544,-0.7030000000000001,-81.427889,30.398167,8720218,NOAA_NOS,IAN,2022,1320.0
2022-09-25 23:00:00,2.188,1.634,-0.5540000000000003,-81.427889,30.398167,8720218,NOAA_NOS,IAN,2022,1380.0
2022-09-26 00:00:00,2.923,2.436,-0.4870000000000001,-81.427889,30.398167,8720218,NOAA_NOS,IAN,2022,1440.0
2022-09-26 01:00:00,3.488,2.412,-1.076,-81.427889,30.398167,8720218,NOAA_NOS,IAN,2022,1500.0
2022-09-26 02:00:00,3.32,1.993,-1.3269999999999995,-81.427889,30.398167,8720218,NOAA_NOS,IAN,2022,1560.0
2022-09-26 03:00:00,2.592,1.06,-1.532,-81.427889,30.398167,8720218,NOAA_NOS,IAN,2022,1620.0
2022-09-26 04:00:00,1.145,-0.138,-1.283,-81.427889,30.398167,8720218,NOAA_NOS,IAN,2022,1680.0
2022-09-26 05:00:00,-0.243,-1.042,-0.799,-81.427889,30.398167,8720218,NOAA_NOS,IAN,2022,1740.0
2022-09-26 06:00:00,-1.115,-1.756,-0.641,-81.427889,30.398167,8720218,NOAA_NOS,IAN,2022,1800.0
2022-09-26 07:00:00,-1.476,-2.146,-0.6699999999999999,-81.427889,30.398167,8720218,NOAA_NOS,IAN,2022,1860.0
2022-09-26 08:00:00,-1.175,-1.883,-0.708,-81.427889,30.398167,8720218,NOAA_NOS,IAN,2022,1920.0
2022-09-26 09:00:00,-0.22,-1.076,-0.8560000000000001,-81.427889,30.398167,8720218,NOAA_NOS,IAN,2022,1980.0
2022-09-26 10:00:00,0.833,0.143,-0.69,-81.427889,30.398167,8720218,NOAA_NOS,IAN,2022,2040.0
2022-09-26 11:00:00,1.729,1.415,-0.314,-81.427889,30.398167,8720218,NOAA_NOS,IAN,2022,2100.0
2022-09-26 12:00:00,2.428,2.369,-0.0589999999999997,-81.427889,30.398167,8720218,NOAA_NOS,IAN,2022,2160.0
2022-09-26 13:00:00,3.005,2.609,-0.3959999999999999,-81.427889,30.398167,8720218,NOAA_NOS,IAN,2022,2220.0
2022-09-26 14:00:00,3.091,2.351,-0.7400000000000002,-81.427889,30.398167,8720218,NOAA_NOS,IAN,2022,2280.0
2022-09-26 15:00:00,2.736,1.543,-1.1930000000000005,-81.427889,30.398167,8720218,NOAA_NOS,IAN,2022,2340.0
2022-09-26 16:00:00,1.568,0.385,-1.183,-81.427889,30.398167,8720218,NOAA_NOS,IAN,2022,2400.0
2022-09-26 17:00:00,0.233,-0.667,-0.9,-81.427889,30.398167,8720218,NOAA_NOS,IAN,2022,2460.0
2022-09-26 18:00:00,-0.807,-1.486,-0.6789999999999999,-81.427889,30.398167,8720218,NOAA_NOS,IAN,2022,2520.0
2022-09-26 19:00:00,-1.345,-2.028,-0.683,-81.427889,30.398167,8720218,NOAA_NOS,IAN,2022,2580.0
2022-09-26 20:00:00,-1.434,-2.06,-0.6260000000000001,-81.427889,30.398167,8720218,NOAA_NOS,IAN,2022,2640.0
2022-09-26 21:00:00,-0.827,-1.487,-0.6600000000000001,-81.427889,30.398167,8720218,NOAA_NOS,IAN,2022,2700.0
2022-09-26 22:00:00,0.344,-0.417,-0.7609999999999999,-81.427889,30.398167,8720218,NOAA_NOS,IAN,2022,2760.0
2022-09-26 23:00:00,1.404,0.919,-0.4849999999999999,-81.427889,30.398167,8720218,NOAA_NOS,IAN,2022,2820.0
2022-09-27 00:00:00,2.198,1.933,-0.2649999999999999,-81.427889,30.398167,8720218,NOAA_NOS,IAN,2022,2880.0
2022-09-27 01:00:00,2.871,2.411,-0.4599999999999999,-81.427889,30.398167,8720218,NOAA_NOS,IAN,2022,2940.0
2022-09-27 02:00:00,3.176,2.37,-0.806,-81.427889,30.398167,8720218,NOAA_NOS,IAN,2022,3000.0
2022-09-27 03:00:00,2.976,1.743,-1.233,-81.427889,30.398167,8720218,NOAA_NOS,IAN,2022,3060.0
2022-09-27 04:00:00,1.896,0.68,-1.2159999999999995,-81.427889,30.398167,8720218,NOAA_NOS,IAN,2022,3120.0
2022-09-27 05:00:00,0.367,-0.559,-0.926,-81.427889,30.398167,8720218,NOAA_NOS,IAN,2022,3180.0
2022-09-27 06:00:00,-0.866,-1.414,-0.5479999999999999,-81.427889,30.398167,8720218,NOAA_NOS,IAN,2022,3240.0
2022-09-27 07:00:00,-1.598,-2.117,-0.5189999999999999,-81.427889,30.398167,8720218,NOAA_NOS,IAN,2022,3300.0
2022-09-27 08:00:00,-1.739,-2.206,-0.4669999999999998,-81.427889,30.398167,8720218,NOAA_NOS,IAN,2022,3360.0
2022-09-27 09:00:00,-1.22,-1.719,-0.4990000000000001,-81.427889,30.398167,8720218,NOAA_NOS,IAN,2022,3420.0
2022-09-27 10:00:00,-0.079,-0.679,-0.6000000000000001,-81.427889,30.398167,8720218,NOAA_NOS,IAN,2022,3480.0
2022-09-27 11:00:00,0.968,0.726,-0.242,-81.427889,30.398167,8720218,NOAA_NOS,IAN,2022,3540.0
2022-09-27 12:00:00,1.89,1.933,0.0430000000000001,-81.427889,30.398167,8720218,NOAA_NOS,IAN,2022,3600.0
2022-09-27 13:00:00,2.667,2.583,-0.0839999999999996,-81.427889,30.398167,8720218,NOAA_NOS,IAN,2022,3660.0
2022-09-27 14:00:00,3.133,2.805,-0.3279999999999998,-81.427889,30.398167,8720218,NOAA_NOS,IAN,2022,3720.0
2022-09-27 15:00:00,3.176,2.359,-0.8170000000000002,-81.427889,30.398167,8720218,NOAA_NOS,IAN,2022,3780.0
2022-09-27 16:00:00,2.582,1.233,-1.3489999999999998,-81.427889,30.398167,8720218,NOAA_NOS,IAN,2022,3840.0
2022-09-27 17:00:00,1.407,0.146,-1.261,-81.427889,30.398167,8720218,NOAA_NOS,IAN,2022,3900.0
2022-09-27 18:00:00,0.062,-0.869,-0.931,-81.427889,30.398167,8720218,NOAA_NOS,IAN,2022,3960.0
2022-09-27 19:00:00,-0.902,-1.618,-0.7160000000000001,-81.427889,30.398167,8720218,NOAA_NOS,IAN,2022,4020.0
2022-09-27 20:00:00,-1.585,-2.013,-0.4279999999999999,-81.427889,30.398167,8720218,NOAA_NOS,IAN,2022,4080.0
2022-09-27 21:00:00,-1.421,-1.948,-0.5269999999999999,-81.427889,30.398167,8720218,NOAA_NOS,IAN,2022,4140.0
2022-09-27 22:00:00,-0.522,-1.219,-0.6970000000000001,-81.427889,30.398167,8720218,NOAA_NOS,IAN,2022,4200.0
2022-09-27 23:00:00,0.577,-0.039,-0.616,-81.427889,30.398167,8720218,NOAA_NOS,IAN,2022,4260.0
2022-09-28 00:00:00,1.611,1.212,-0.399,-81.427889,30.398167,8720218,NOAA_NOS,IAN,2022,4320.0
2022-09-28 01:00:00,2.372,2.095,-0.2769999999999997,-81.427889,30.398167,8720218,NOAA_NOS,IAN,2022,4380.0
2022-09-28 02:00:00,2.93,2.412,-0.5180000000000002,-81.427889,30.398167,8720218,NOAA_NOS,IAN,2022,4440.0
2022-09-28 03:00:00,3.077,2.204,-0.8729999999999998,-81.427889,30.398167,8720218,NOAA_NOS,IAN,2022,4500.0
2022-09-28 04:00:00,2.703,1.359,-1.344,-81.427889,30.398167,8720218,NOAA_NOS,IAN,2022,4560.0
2022-09-28 05:00:00,1.581,0.194,-1.387,-81.427889,30.398167,8720218,NOAA_NOS,IAN,2022,4620.0
2022-09-28 06:00:00,0.131,-0.849,-0.98,-81.427889,30.398167,8720218,NOAA_NOS,IAN,2022,4680.0
2022-09-28 07:00:00,-0.787,-1.666,-0.8789999999999999,-81.427889,30.398167,8720218,NOAA_NOS,IAN,2022,4740.0
2022-09-28 08:00:00,-1.161,-2.182,-1.021,-81.427889,30.398167,8720218,NOAA_NOS,IAN,2022,4800.0
2022-09-28 09:00:00,-0.915,-2.128,-1.213,-81.427889,30.398167,8720218,NOAA_NOS,IAN,2022,4860.0
2022-09-28 10:00:00,-0.03,-1.46,-1.43,-81.427889,30.398167,8720218,NOAA_NOS,IAN,2022,4920.0
2022-09-28 11:00:00,1.086,-0.238,-1.324,-81.427889,30.398167,8720218,NOAA_NOS,IAN,2022,4980.0
2022-09-28 12:00:00,2.041,1.206,-0.835,-81.427889,30.398167,8720218,NOAA_NOS,IAN,2022,5040.0
2022-09-28 13:00:00,2.907,2.359,-0.548,-81.427889,30.398167,8720218,NOAA_NOS,IAN,2022,5100.0
2022-09-28 14:00:00,3.606,2.898,-0.7079999999999997,-81.427889,30.398167,8720218,NOAA_NOS,IAN,2022,5160.0
2022-09-28 15:00:00,4.127,2.883,-1.2439999999999998,-81.427889,30.398167,8720218,NOAA_NOS,IAN,2022,5220.0
2022-09-28 16:00:00,4.062,2.298,-1.7640000000000002,-81.427889,30.398167,8720218,NOAA_NOS,IAN,2022,5280.0
2022-09-28 17:00:00,3.14,1.227,-1.913,-81.427889,30.398167,8720218,NOAA_NOS,IAN,2022,5340.0
2022-09-28 18:00:00,2.096,-0.034,-2.13,-81.427889,30.398167,8720218,NOAA_NOS,IAN,2022,5400.0
2022-09-28 19:00:00,1.132,-0.948,-2.08,-81.427889,30.398167,8720218,NOAA_NOS,IAN,2022,5460.0
2022-09-28 20:00:00,0.335,-1.611,-1.946,-81.427889,30.398167,8720218,NOAA_NOS,IAN,2022,5520.0
2022-09-28 21:00:00,-0.056,-1.877,-1.821,-81.427889,30.398167,8720218,NOAA_NOS,IAN,2022,5580.0
2022-09-28 22:00:00,0.42,-1.493,-1.913,-81.427889,30.398167,8720218,NOAA_NOS,IAN,2022,5640.0
2022-09-28 23:00:00,1.112,-0.52,-1.632,-81.427889,30.398167,8720218,NOAA_NOS,IAN,2022,5700.0
2022-09-29 00:00:00,1.913,0.932,-0.981,-81.427889,30.398167,8720218,NOAA_NOS,IAN,2022,5760.0
2022-09-29 01:00:00,2.52,2.195,-0.3250000000000002,-81.427889,30.398167,8720218,NOAA_NOS,IAN,2022,5820.0
2022-09-29 02:00:00,3.392,3.229,-0.1629999999999998,-81.427889,30.398167,8720218,NOAA_NOS,IAN,2022,5880.0
2022-09-29 03:00:00,3.753,3.512,-0.2410000000000001,-81.427889,30.398167,8720218,NOAA_NOS,IAN,2022,5940.0
2022-09-29 04:00:00,3.881,3.587,-0.2939999999999996,-81.427889,30.398167,8720218,NOAA_NOS,IAN,2022,6000.0
2022-09-29 05:00:00,3.576,3.043,-0.5329999999999999,-81.427889,30.398167,8720218,NOAA_NOS,IAN,2022,6060.0
2022-09-29 06:00:00,3.219,2.019,-1.1999999999999995,-81.427889,30.398167,8720218,NOAA_NOS,IAN,2022,6120.0
2022-09-29 07:00:00,2.359,0.918,-1.4409999999999998,-81.427889,30.398167,8720218,NOAA_NOS,IAN,2022,6180.0
2022-09-29 08:00:00,1.385,0.105,-1.28,-81.427889,30.398167,8720218,NOAA_NOS,IAN,2022,6240.0
2022-09-29 09:00:00,1.102,-0.012,-1.114,-81.427889,30.398167,8720218,NOAA_NOS,IAN,2022,6300.0
2022-09-29 10:00:00,1.168,0.395,-0.7729999999999999,-81.427889,30.398167,8720218,NOAA_NOS,IAN,2022,6360.0
2022-09-29 11:00:00,1.886,1.305,-0.581,-81.427889,30.398167,8720218,NOAA_NOS,IAN,2022,6420.0
2022-09-29 12:00:00,2.244,2.769,0.5249999999999999,-81.427889,30.398167,8720218,NOAA_NOS,IAN,2022,6480.0
2022-09-29 13:00:00,3.051,3.575,0.524,-81.427889,30.398167,8720218,NOAA_NOS,IAN,2022,6540.0
2022-09-29 14:00:00,3.927,4.72,0.7929999999999997,-81.427889,30.398167,8720218,NOAA_NOS,IAN,2022,6600.0
2022-09-29 15:00:00,4.413,5.298,0.8849999999999998,-81.427889,30.398167,8720218,NOAA_NOS,IAN,2022,6660.0
2022-09-29 16:00:00,4.934,5.504,0.5699999999999994,-81.427889,30.398167,8720218,NOAA_NOS,IAN,2022,6720.0
2022-09-29 17:00:00,4.879,5.218,0.3390000000000004,-81.427889,30.398167,8720218,NOAA_NOS,IAN,2022,6780.0
2022-09-29 18:00:00,4.551,4.474,-0.0769999999999999,-81.427889,30.398167,8720218,NOAA_NOS,IAN,2022,6840.0
2022-09-29 19:00:00,3.862,3.563,-0.2989999999999999,-81.427889,30.398167,8720218,NOAA_NOS,IAN,2022,6900.0
2022-09-29 20:00:00,2.913,2.63,-0.2829999999999999,-81.427889,30.398167,8720218,NOAA_NOS,IAN,2022,6960.0
2022-09-29 21:00:00,2.116,1.96,-0.1560000000000001,-81.427889,30.398167,8720218,NOAA_NOS,IAN,2022,7020.0
2022-09-29 22:00:00,1.736,1.459,-0.2769999999999999,-81.427889,30.398167,8720218,NOAA_NOS,IAN,2022,7080.0
2022-09-29 23:00:00,1.916,1.433,-0.4829999999999999,-81.427889,30.398167,8720218,NOAA_NOS,IAN,2022,7140.0
2022-09-30 00:00:00,2.339,1.854,-0.4849999999999999,-81.427889,30.398167,8720218,NOAA_NOS,IAN,2022,7200.0
2022-09-30 01:00:00,3.031,2.707,-0.3240000000000003,-81.427889,30.398167,8720218,NOAA_NOS,IAN,2022,7260.0
2022-09-30 02:00:00,3.383,3.503,0.1200000000000001,-81.427889,30.398167,8720218,NOAA_NOS,IAN,2022,7320.0
2022-09-30 03:00:00,3.937,4.123,0.1860000000000004,-81.427889,30.398167,8720218,NOAA_NOS,IAN,2022,7380.0
2022-09-30 04:00:00,4.291,4.424,0.133,-81.427889,30.398167,8720218,NOAA_NOS,IAN,2022,7440.0
2022-09-30 05:00:00,4.291,4.328,0.0369999999999999,-81.427889,30.398167,8720218,NOAA_NOS,IAN,2022,7500.0
2022-09-30 06:00:00,4.157,3.814,-0.3429999999999999,-81.427889,30.398167,8720218,NOAA_NOS,IAN,2022,7560.0
2022-09-30 07:00:00,3.619,2.876,-0.7430000000000003,-81.427889,30.398167,8720218,NOAA_NOS,IAN,2022,7620.0
2022-09-30 08:00:00,2.628,1.843,-0.7850000000000001,-81.427889,30.398167,8720218,NOAA_NOS,IAN,2022,7680.0
2022-09-30 09:00:00,1.526,0.873,-0.653,-81.427889,30.398167,8720218,NOAA_NOS,IAN,2022,7740.0
2022-09-30 10:00:00,0.945,0.299,-0.6459999999999999,-81.427889,30.398167,8720218,NOAA_NOS,IAN,2022,7800.0
2022-09-30 11:00:00,0.673,0.043,-0.63,-81.427889,30.398167,8720218,NOAA_NOS,IAN,2022,7860.0
2022-09-30 12:00:00,1.227,0.403,-0.8240000000000001,-81.427889,30.398167,8720218,NOAA_NOS,IAN,2022,7920.0
2022-09-30 13:00:00,1.942,1.388,-0.554,-81.427889,30.398167,8720218,NOAA_NOS,IAN,2022,7980.0
2022-09-30 14:00:00,2.897,2.469,-0.4279999999999999,-81.427889,30.398167,8720218,NOAA_NOS,IAN,2022,8040.0
2022-09-30 15:00:00,3.734,3.442,-0.2919999999999998,-81.427889,30.398167,8720218,NOAA_NOS,IAN,2022,8100.0
2022-09-30 16:00:00,4.321,3.823,-0.4979999999999998,-81.427889,30.398167,8720218,NOAA_NOS,IAN,2022,8160.0
2022-09-30 17:00:00,4.698,3.857,-0.8410000000000002,-81.427889,30.398167,8720218,NOAA_NOS,IAN,2022,8220.0
2022-09-30 18:00:00,4.432,3.287,-1.1450000000000005,-81.427889,30.398167,8720218,NOAA_NOS,IAN,2022,8280.0
2022-09-30 19:00:00,3.392,2.214,-1.178,-81.427889,30.398167,8720218,NOAA_NOS,IAN,2022,8340.0
2022-09-30 20:00:00,1.939,1.155,-0.784,-81.427889,30.398167,8720218,NOAA_NOS,IAN,2022,8400.0
2022-09-30 21:00:00,0.591,0.082,-0.509,-81.427889,30.398167,8720218,NOAA_NOS,IAN,2022,8460.0
2022-09-30 22:00:00,-0.2,-0.789,-0.589,-81.427889,30.398167,8720218,NOAA_NOS,IAN,2022,8520.0
2022-09-30 23:00:00,-0.515,-1.152,-0.6369999999999999,-81.427889,30.398167,8720218,NOAA_NOS,IAN,2022,8580.0
2022-10-01 00:00:00,-0.144,-1.014,-0.87,-81.427889,30.398167,8720218,NOAA_NOS,IAN,2022,8640.0
2022-10-01 01:00:00,0.633,-0.43,-1.063,-81.427889,30.398167,8720218,NOAA_NOS,IAN,2022,8700.0
2022-10-01 02:00:00,1.529,0.407,-1.122,-81.427889,30.398167,8720218,NOAA_NOS,IAN,2022,8760.0
2022-10-01 03:00:00,2.438,1.244,-1.1940000000000002,-81.427889,30.398167,8720218,NOAA_NOS,IAN,2022,8820.0
2022-10-01 04:00:00,3.13,1.835,-1.295,-81.427889,30.398167,8720218,NOAA_NOS,IAN,2022,8880.0
2022-10-01 05:00:00,3.428,1.97,-1.458,-81.427889,30.398167,8720218,NOAA_NOS,IAN,2022,8940.0
2022-10-01 06:00:00,3.284,1.448,-1.836,-81.427889,30.398167,8720218,NOAA_NOS,IAN,2022,9000.0
2022-10-01 07:00:00,2.267,0.587,-1.68,-81.427889,30.398167,8720218,NOAA_NOS,IAN,2022,9060.0
2022-10-01 08:00:00,0.791,-0.355,-1.146,-81.427889,30.398167,8720218,NOAA_NOS,IAN,2022,9120.0
2022-10-01 09:00:00,-0.289,-1.196,-0.907,-81.427889,30.398167,8720218,NOAA_NOS,IAN,2022,9180.0
2022-10-01 10:00:00,-0.922,-1.742,-0.82,-81.427889,30.398167,8720218,NOAA_NOS,IAN,2022,9240.0
2022-10-01 11:00:00,-1.129,-2.061,-0.932,-81.427889,30.398167,8720218,NOAA_NOS,IAN,2022,9300.0
2022-10-01 12:00:00,-0.689,-1.914,-1.225,-81.427889,30.398167,8720218,NOAA_NOS,IAN,2022,9360.0
2022-10-01 13:00:00,0.233,-1.244,-1.477,-81.427889,30.398167,8720218,NOAA_NOS,IAN,2022,9420.0
2022-10-01 14:00:00,1.273,0.151,-1.122,-81.427889,30.398167,8720218,NOAA_NOS,IAN,2022,9480.0
2022-10-01 15:00:00,2.339,1.601,-0.738,-81.427889,30.398167,8720218,NOAA_NOS,IAN,2022,9540.0
2022-10-01 16:00:00,3.143,2.5,-0.6429999999999998,-81.427889,30.398167,8720218,NOAA_NOS,IAN,2022,9600.0
2022-10-01 17:00:00,3.602,2.89,-0.7119999999999997,-81.427889,30.398167,8720218,NOAA_NOS,IAN,2022,9660.0
2022-10-01 18:00:00,3.606,2.626,-0.98,-81.427889,30.398167,8720218,NOAA_NOS,IAN,2022,9720.0
2022-10-01 19:00:00,2.936,1.745,-1.1909999999999998,-81.427889,30.398167,8720218,NOAA_NOS,IAN,2022,9780.0
2022-10-01 20:00:00,1.693,0.609,-1.084,-81.427889,30.398167,8720218,NOAA_NOS,IAN,2022,9840.0
2022-10-01 21:00:00,0.636,-0.525,-1.161,-81.427889,30.398167,8720218,NOAA_NOS,IAN,2022,9900.0
2022-10-01 22:00:00,-0.318,-1.198,-0.8799999999999999,-81.427889,30.398167,8720218,NOAA_NOS,IAN,2022,9960.0
2022-10-01 23:00:00,-0.85,-1.607,-0.757,-81.427889,30.398167,8720218,NOAA_NOS,IAN,2022,10020.0
2022-09-25 01:00:00,3.127,1.59,-1.5369999999999997,-81.559166,30.387222,8720219,NOAA_NOS,IAN,2022,60.0
2022-09-25 02:00:00,3.074,1.557,-1.517,-81.559166,30.387222,8720219,NOAA_NOS,IAN,2022,120.0
2022-09-25 03:00:00,2.559,1.027,-1.5320000000000005,-81.559166,30.387222,8720219,NOAA_NOS,IAN,2022,180.0
2022-09-25 04:00:00,1.66,0.263,-1.3969999999999998,-81.559166,30.387222,8720219,NOAA_NOS,IAN,2022,240.0
2022-09-25 05:00:00,0.689,-0.371,-1.06,-81.559166,30.387222,8720219,NOAA_NOS,IAN,2022,300.0
2022-09-25 06:00:00,0.036,-0.765,-0.801,-81.559166,30.387222,8720219,NOAA_NOS,IAN,2022,360.0
2022-09-25 07:00:00,-0.315,-0.899,-0.5840000000000001,-81.559166,30.387222,8720219,NOAA_NOS,IAN,2022,420.0
2022-09-25 08:00:00,-0.446,-0.898,-0.452,-81.559166,30.387222,8720219,NOAA_NOS,IAN,2022,480.0
2022-09-25 09:00:00,-0.141,-0.645,-0.504,-81.559166,30.387222,8720219,NOAA_NOS,IAN,2022,540.0
2022-09-25 10:00:00,0.692,0.136,-0.5559999999999999,-81.559166,30.387222,8720219,NOAA_NOS,IAN,2022,600.0
2022-09-25 11:00:00,1.713,0.926,-0.787,-81.559166,30.387222,8720219,NOAA_NOS,IAN,2022,660.0
2022-09-25 12:00:00,2.448,1.414,-1.034,-81.559166,30.387222,8720219,NOAA_NOS,IAN,2022,720.0
2022-09-25 13:00:00,2.772,1.569,-1.2029999999999998,-81.559166,30.387222,8720219,NOAA_NOS,IAN,2022,780.0
2022-09-25 14:00:00,2.822,1.601,-1.221,-81.559166,30.387222,8720219,NOAA_NOS,IAN,2022,840.0
2022-09-25 15:00:00,2.618,1.262,-1.356,-81.559166,30.387222,8720219,NOAA_NOS,IAN,2022,900.0
2022-09-25 16:00:00,1.942,0.478,-1.464,-81.559166,30.387222,8720219,NOAA_NOS,IAN,2022,960.0
2022-09-25 17:00:00,0.856,-0.2,-1.056,-81.559166,30.387222,8720219,NOAA_NOS,IAN,2022,1020.0
2022-09-25 18:00:00,-0.079,-0.568,-0.4889999999999999,-81.559166,30.387222,8720219,NOAA_NOS,IAN,2022,1080.0
2022-09-25 19:00:00,-0.6,-0.871,-0.271,-81.559166,30.387222,8720219,NOAA_NOS,IAN,2022,1140.0
2022-09-25 20:00:00,-0.817,-0.932,-0.1150000000000001,-81.559166,30.387222,8720219,NOAA_NOS,IAN,2022,1200.0
2022-09-25 21:00:00,-0.554,-0.773,-0.2189999999999999,-81.559166,30.387222,8720219,NOAA_NOS,IAN,2022,1260.0
2022-09-25 22:00:00,0.328,-0.126,-0.454,-81.559166,30.387222,8720219,NOAA_NOS,IAN,2022,1320.0
2022-09-25 23:00:00,1.581,0.718,-0.863,-81.559166,30.387222,8720219,NOAA_NOS,IAN,2022,1380.0
2022-09-26 00:00:00,2.51,1.345,-1.1649999999999998,-81.559166,30.387222,8720219,NOAA_NOS,IAN,2022,1440.0
2022-09-26 01:00:00,2.907,1.589,-1.318,-81.559166,30.387222,8720219,NOAA_NOS,IAN,2022,1500.0
2022-09-26 02:00:00,3.058,1.696,-1.362,-81.559166,30.387222,8720219,NOAA_NOS,IAN,2022,1560.0
2022-09-26 03:00:00,2.894,1.515,-1.3790000000000002,-81.559166,30.387222,8720219,NOAA_NOS,IAN,2022,1620.0
2022-09-26 04:00:00,2.267,0.78,-1.487,-81.559166,30.387222,8720219,NOAA_NOS,IAN,2022,1680.0
2022-09-26 05:00:00,1.181,0.079,-1.102,-81.559166,30.387222,8720219,NOAA_NOS,IAN,2022,1740.0
2022-09-26 06:00:00,0.167,-0.499,-0.666,-81.559166,30.387222,8720219,NOAA_NOS,IAN,2022,1800.0
2022-09-26 07:00:00,-0.479,-0.785,-0.306,-81.559166,30.387222,8720219,NOAA_NOS,IAN,2022,1860.0
2022-09-26 08:00:00,-0.768,-0.905,-0.137,-81.559166,30.387222,8720219,NOAA_NOS,IAN,2022,1920.0
2022-09-26 09:00:00,-0.656,-0.833,-0.1769999999999999,-81.559166,30.387222,8720219,NOAA_NOS,IAN,2022,1980.0
2022-09-26 10:00:00,0.098,-0.376,-0.474,-81.559166,30.387222,8720219,NOAA_NOS,IAN,2022,2040.0
2022-09-26 11:00:00,1.194,0.553,-0.6409999999999999,-81.559166,30.387222,8720219,NOAA_NOS,IAN,2022,2100.0
2022-09-26 12:00:00,2.103,1.244,-0.8590000000000002,-81.559166,30.387222,8720219,NOAA_NOS,IAN,2022,2160.0
2022-09-26 13:00:00,2.615,1.597,-1.0180000000000002,-81.559166,30.387222,8720219,NOAA_NOS,IAN,2022,2220.0
2022-09-26 14:00:00,2.782,1.784,-0.998,-81.559166,30.387222,8720219,NOAA_NOS,IAN,2022,2280.0
2022-09-26 15:00:00,2.756,1.746,-1.0099999999999998,-81.559166,30.387222,8720219,NOAA_NOS,IAN,2022,2340.0
2022-09-26 16:00:00,2.369,1.2,-1.1690000000000005,-81.559166,30.387222,8720219,NOAA_NOS,IAN,2022,2400.0
2022-09-26 17:00:00,1.381,0.399,-0.982,-81.559166,30.387222,8720219,NOAA_NOS,IAN,2022,2460.0
2022-09-26 18:00:00,0.295,-0.215,-0.51,-81.559166,30.387222,8720219,NOAA_NOS,IAN,2022,2520.0
2022-09-26 19:00:00,-0.387,-0.584,-0.1969999999999999,-81.559166,30.387222,8720219,NOAA_NOS,IAN,2022,2580.0
2022-09-26 20:00:00,-0.784,-0.813,-0.0289999999999999,-81.559166,30.387222,8720219,NOAA_NOS,IAN,2022,2640.0
2022-09-26 21:00:00,-0.892,-0.833,0.059,-81.559166,30.387222,8720219,NOAA_NOS,IAN,2022,2700.0
2022-09-26 22:00:00,-0.433,-0.585,-0.1519999999999999,-81.559166,30.387222,8720219,NOAA_NOS,IAN,2022,2760.0
2022-09-26 23:00:00,0.636,0.163,-0.473,-81.559166,30.387222,8720219,NOAA_NOS,IAN,2022,2820.0
2022-09-27 00:00:00,1.778,0.979,-0.799,-81.559166,30.387222,8720219,NOAA_NOS,IAN,2022,2880.0
2022-09-27 01:00:00,2.536,1.485,-1.051,-81.559166,30.387222,8720219,NOAA_NOS,IAN,2022,2940.0
2022-09-27 02:00:00,2.805,1.7,-1.1050000000000002,-81.559166,30.387222,8720219,NOAA_NOS,IAN,2022,3000.0
2022-09-27 03:00:00,2.841,1.73,-1.1110000000000002,-81.559166,30.387222,8720219,NOAA_NOS,IAN,2022,3060.0
2022-09-27 04:00:00,2.559,1.342,-1.217,-81.559166,30.387222,8720219,NOAA_NOS,IAN,2022,3120.0
2022-09-27 05:00:00,1.67,0.541,-1.129,-81.559166,30.387222,8720219,NOAA_NOS,IAN,2022,3180.0
2022-09-27 06:00:00,0.538,-0.124,-0.662,-81.559166,30.387222,8720219,NOAA_NOS,IAN,2022,3240.0
2022-09-27 07:00:00,-0.344,-0.475,-0.131,-81.559166,30.387222,8720219,NOAA_NOS,IAN,2022,3300.0
2022-09-27 08:00:00,-0.846,-0.827,0.019,-81.559166,30.387222,8720219,NOAA_NOS,IAN,2022,3360.0
2022-09-27 09:00:00,-1.066,-0.896,0.17,-81.559166,30.387222,8720219,NOAA_NOS,IAN,2022,3420.0
2022-09-27 10:00:00,-0.745,-0.734,0.011,-81.559166,30.387222,8720219,NOAA_NOS,IAN,2022,3480.0
2022-09-27 11:00:00,0.217,-0.032,-0.249,-81.559166,30.387222,8720219,NOAA_NOS,IAN,2022,3540.0
2022-09-27 12:00:00,1.358,0.883,-0.4750000000000001,-81.559166,30.387222,8720219,NOAA_NOS,IAN,2022,3600.0
2022-09-27 13:00:00,2.228,1.482,-0.7460000000000002,-81.559166,30.387222,8720219,NOAA_NOS,IAN,2022,3660.0
2022-09-27 14:00:00,2.602,1.805,-0.7969999999999999,-81.559166,30.387222,8720219,NOAA_NOS,IAN,2022,3720.0
2022-09-27 15:00:00,2.733,1.95,-0.7830000000000001,-81.559166,30.387222,8720219,NOAA_NOS,IAN,2022,3780.0
2022-09-27 16:00:00,2.677,1.775,-0.902,-81.559166,30.387222,8720219,NOAA_NOS,IAN,2022,3840.0
2022-09-27 17:00:00,2.139,1.086,-1.0529999999999995,-81.559166,30.387222,8720219,NOAA_NOS,IAN,2022,3900.0
2022-09-27 18:00:00,1.152,0.305,-0.847,-81.559166,30.387222,8720219,NOAA_NOS,IAN,2022,3960.0
2022-09-27 19:00:00,0.102,-0.241,-0.3429999999999999,-81.559166,30.387222,8720219,NOAA_NOS,IAN,2022,4020.0
2022-09-27 20:00:00,-0.6,-0.459,0.1409999999999999,-81.559166,30.387222,8720219,NOAA_NOS,IAN,2022,4080.0
2022-09-27 21:00:00,-0.994,-0.705,0.289,-81.559166,30.387222,8720219,NOAA_NOS,IAN,2022,4140.0
2022-09-27 22:00:00,-0.932,-0.716,0.216,-81.559166,30.387222,8720219,NOAA_NOS,IAN,2022,4200.0
2022-09-27 23:00:00,-0.164,-0.406,-0.242,-81.559166,30.387222,8720219,NOAA_NOS,IAN,2022,4260.0
2022-09-28 00:00:00,0.971,0.467,-0.504,-81.559166,30.387222,8720219,NOAA_NOS,IAN,2022,4320.0
2022-09-28 01:00:00,1.985,1.18,-0.8050000000000002,-81.559166,30.387222,8720219,NOAA_NOS,IAN,2022,4380.0
2022-09-28 02:00:00,2.526,1.573,-0.9529999999999998,-81.559166,30.387222,8720219,NOAA_NOS,IAN,2022,4440.0
2022-09-28 03:00:00,2.671,1.741,-0.9299999999999996,-81.559166,30.387222,8720219,NOAA_NOS,IAN,2022,4500.0
2022-09-28 04:00:00,2.638,1.679,-0.959,-81.559166,30.387222,8720219,NOAA_NOS,IAN,2022,4560.0
2022-09-28 05:00:00,2.27,1.08,-1.19,-81.559166,30.387222,8720219,NOAA_NOS,IAN,2022,4620.0
2022-09-28 06:00:00,1.345,0.295,-1.05,-81.559166,30.387222,8720219,NOAA_NOS,IAN,2022,4680.0
2022-09-28 07:00:00,0.299,-0.288,-0.587,-81.559166,30.387222,8720219,NOAA_NOS,IAN,2022,4740.0
2022-09-28 08:00:00,-0.39,-0.695,-0.3049999999999999,-81.559166,30.387222,8720219,NOAA_NOS,IAN,2022,4800.0
2022-09-28 09:00:00,-0.669,-0.844,-0.1749999999999999,-81.559166,30.387222,8720219,NOAA_NOS,IAN,2022,4860.0
2022-09-28 10:00:00,-0.528,-0.855,-0.3269999999999999,-81.559166,30.387222,8720219,NOAA_NOS,IAN,2022,4920.0
2022-09-28 11:00:00,0.236,-0.547,-0.783,-81.559166,30.387222,8720219,NOAA_NOS,IAN,2022,4980.0
2022-09-28 12:00:00,1.342,0.333,-1.009,-81.559166,30.387222,8720219,NOAA_NOS,IAN,2022,5040.0
2022-09-28 13:00:00,2.359,1.169,-1.19,-81.559166,30.387222,8720219,NOAA_NOS,IAN,2022,5100.0
2022-09-28 14:00:00,2.769,1.657,-1.112,-81.559166,30.387222,8720219,NOAA_NOS,IAN,2022,5160.0
2022-09-28 15:00:00,3.1,1.954,-1.146,-81.559166,30.387222,8720219,NOAA_NOS,IAN,2022,5220.0
2022-09-28 16:00:00,3.363,2.057,-1.306,-81.559166,30.387222,8720219,NOAA_NOS,IAN,2022,5280.0
2022-09-28 17:00:00,3.314,1.798,-1.516,-81.559166,30.387222,8720219,NOAA_NOS,IAN,2022,5340.0
2022-09-28 18:00:00,2.815,1.01,-1.805,-81.559166,30.387222,8720219,NOAA_NOS,IAN,2022,5400.0
2022-09-28 19:00:00,1.978,0.263,-1.715,-81.559166,30.387222,8720219,NOAA_NOS,IAN,2022,5460.0
2022-09-28 20:00:00,1.066,-0.221,-1.287,-81.559166,30.387222,8720219,NOAA_NOS,IAN,2022,5520.0
2022-09-28 21:00:00,0.515,-0.344,-0.859,-81.559166,30.387222,8720219,NOAA_NOS,IAN,2022,5580.0
2022-09-28 22:00:00,0.256,-0.536,-0.792,-81.559166,30.387222,8720219,NOAA_NOS,IAN,2022,5640.0
2022-09-28 23:00:00,0.564,-0.385,-0.949,-81.559166,30.387222,8720219,NOAA_NOS,IAN,2022,5700.0
2022-09-29 00:00:00,1.217,0.247,-0.97,-81.559166,30.387222,8720219,NOAA_NOS,IAN,2022,5760.0
2022-09-29 01:00:00,2.031,0.994,-1.037,-81.559166,30.387222,8720219,NOAA_NOS,IAN,2022,5820.0
2022-09-29 02:00:00,2.552,1.515,-1.037,-81.559166,30.387222,8720219,NOAA_NOS,IAN,2022,5880.0
2022-09-29 03:00:00,2.923,1.937,-0.986,-81.559166,30.387222,8720219,NOAA_NOS,IAN,2022,5940.0
2022-09-29 04:00:00,3.255,2.33,-0.9249999999999998,-81.559166,30.387222,8720219,NOAA_NOS,IAN,2022,6000.0
2022-09-29 05:00:00,3.36,2.53,-0.8300000000000001,-81.559166,30.387222,8720219,NOAA_NOS,IAN,2022,6060.0
2022-09-29 06:00:00,3.136,2.436,-0.7000000000000002,-81.559166,30.387222,8720219,NOAA_NOS,IAN,2022,6120.0
2022-09-29 07:00:00,2.671,1.822,-0.8489999999999998,-81.559166,30.387222,8720219,NOAA_NOS,IAN,2022,6180.0
2022-09-29 08:00:00,2.008,1.087,-0.921,-81.559166,30.387222,8720219,NOAA_NOS,IAN,2022,6240.0
2022-09-29 09:00:00,1.342,0.666,-0.676,-81.559166,30.387222,8720219,NOAA_NOS,IAN,2022,6300.0
2022-09-29 10:00:00,0.997,0.638,-0.359,-81.559166,30.387222,8720219,NOAA_NOS,IAN,2022,6360.0
2022-09-29 11:00:00,1.148,0.758,-0.3899999999999999,-81.559166,30.387222,8720219,NOAA_NOS,IAN,2022,6420.0
2022-09-29 12:00:00,1.785,1.193,-0.5919999999999999,-81.559166,30.387222,8720219,NOAA_NOS,IAN,2022,6480.0
2022-09-29 13:00:00,2.329,1.559,-0.7700000000000002,-81.559166,30.387222,8720219,NOAA_NOS,IAN,2022,6540.0
2022-09-29 14:00:00,2.835,2.117,-0.718,-81.559166,30.387222,8720219,NOAA_NOS,IAN,2022,6600.0
2022-09-29 15:00:00,3.343,2.753,-0.5899999999999999,-81.559166,30.387222,8720219,NOAA_NOS,IAN,2022,6660.0
2022-09-29 16:00:00,3.789,3.36,-0.4290000000000002,-81.559166,30.387222,8720219,NOAA_NOS,IAN,2022,6720.0
2022-09-29 17:00:00,4.088,3.822,-0.266,-81.559166,30.387222,8720219,NOAA_NOS,IAN,2022,6780.0
2022-09-29 18:00:00,4.15,3.978,-0.1720000000000001,-81.559166,30.387222,8720219,NOAA_NOS,IAN,2022,6840.0
2022-09-29 19:00:00,3.927,3.778,-0.149,-81.559166,30.387222,8720219,NOAA_NOS,IAN,2022,6900.0
2022-09-29 20:00:00,3.333,3.111,-0.2219999999999999,-81.559166,30.387222,8720219,NOAA_NOS,IAN,2022,6960.0
2022-09-29 21:00:00,2.595,2.26,-0.3350000000000004,-81.559166,30.387222,8720219,NOAA_NOS,IAN,2022,7020.0
2022-09-29 22:00:00,1.932,1.553,-0.379,-81.559166,30.387222,8720219,NOAA_NOS,IAN,2022,7080.0
2022-09-29 23:00:00,1.663,1.15,-0.5130000000000001,-81.559166,30.387222,8720219,NOAA_NOS,IAN,2022,7140.0
2022-09-30 00:00:00,1.739,0.995,-0.7440000000000001,-81.559166,30.387222,8720219,NOAA_NOS,IAN,2022,7200.0
2022-09-30 01:00:00,2.178,1.193,-0.985,-81.559166,30.387222,8720219,NOAA_NOS,IAN,2022,7260.0
2022-09-30 02:00:00,2.789,1.529,-1.2600000000000002,-81.559166,30.387222,8720219,NOAA_NOS,IAN,2022,7320.0
2022-09-30 03:00:00,3.232,2.061,-1.1710000000000005,-81.559166,30.387222,8720219,NOAA_NOS,IAN,2022,7380.0
2022-09-30 04:00:00,3.593,2.594,-0.999,-81.559166,30.387222,8720219,NOAA_NOS,IAN,2022,7440.0
2022-09-30 05:00:00,3.885,3.071,-0.8139999999999996,-81.559166,30.387222,8720219,NOAA_NOS,IAN,2022,7500.0
2022-09-30 06:00:00,3.957,3.335,-0.6219999999999999,-81.559166,30.387222,8720219,NOAA_NOS,IAN,2022,7560.0
2022-09-30 07:00:00,3.819,3.238,-0.581,-81.559166,30.387222,8720219,NOAA_NOS,IAN,2022,7620.0
2022-09-30 08:00:00,3.343,2.699,-0.6440000000000001,-81.559166,30.387222,8720219,NOAA_NOS,IAN,2022,7680.0
2022-09-30 09:00:00,2.625,2.128,-0.4969999999999999,-81.559166,30.387222,8720219,NOAA_NOS,IAN,2022,7740.0
2022-09-30 10:00:00,2.06,1.709,-0.351,-81.559166,30.387222,8720219,NOAA_NOS,IAN,2022,7800.0
2022-09-30 11:00:00,1.683,1.413,-0.27,-81.559166,30.387222,8720219,NOAA_NOS,IAN,2022,7860.0
2022-09-30 12:00:00,1.43,1.271,-0.159,-81.559166,30.387222,8720219,NOAA_NOS,IAN,2022,7920.0
2022-09-30 13:00:00,1.588,1.275,-0.3130000000000001,-81.559166,30.387222,8720219,NOAA_NOS,IAN,2022,7980.0
2022-09-30 14:00:00,2.116,1.74,-0.3760000000000001,-81.559166,30.387222,8720219,NOAA_NOS,IAN,2022,8040.0
2022-09-30 15:00:00,3.022,2.458,-0.5639999999999996,-81.559166,30.387222,8720219,NOAA_NOS,IAN,2022,8100.0
2022-09-30 16:00:00,3.871,3.064,-0.8069999999999999,-81.559166,30.387222,8720219,NOAA_NOS,IAN,2022,8160.0
2022-09-30 17:00:00,4.357,3.452,-0.9050000000000002,-81.559166,30.387222,8720219,NOAA_NOS,IAN,2022,8220.0
2022-09-30 18:00:00,4.429,3.509,-0.9200000000000004,-81.559166,30.387222,8720219,NOAA_NOS,IAN,2022,8280.0
2022-09-30 19:00:00,4.094,3.137,-0.9570000000000004,-81.559166,30.387222,8720219,NOAA_NOS,IAN,2022,8340.0
2022-09-30 20:00:00,3.209,2.479,-0.73,-81.559166,30.387222,8720219,NOAA_NOS,IAN,2022,8400.0
2022-09-30 21:00:00,2.297,1.875,-0.4220000000000001,-81.559166,30.387222,8720219,NOAA_NOS,IAN,2022,8460.0
2022-09-30 22:00:00,1.617,1.332,-0.2849999999999999,-81.559166,30.387222,8720219,NOAA_NOS,IAN,2022,8520.0
2022-09-30 23:00:00,0.997,1.038,0.041,-81.559166,30.387222,8720219,NOAA_NOS,IAN,2022,8580.0
2022-10-01 00:00:00,0.62,0.813,0.1929999999999999,-81.559166,30.387222,8720219,NOAA_NOS,IAN,2022,8640.0
2022-10-01 01:00:00,0.65,0.817,0.1669999999999999,-81.559166,30.387222,8720219,NOAA_NOS,IAN,2022,8700.0
2022-10-01 02:00:00,1.076,0.893,-0.183,-81.559166,30.387222,8720219,NOAA_NOS,IAN,2022,8760.0
2022-10-01 03:00:00,1.841,1.143,-0.698,-81.559166,30.387222,8720219,NOAA_NOS,IAN,2022,8820.0
2022-10-01 04:00:00,2.733,1.6,-1.133,-81.559166,30.387222,8720219,NOAA_NOS,IAN,2022,8880.0
2022-10-01 05:00:00,3.356,2.02,-1.336,-81.559166,30.387222,8720219,NOAA_NOS,IAN,2022,8940.0
2022-10-01 06:00:00,3.543,2.11,-1.4330000000000005,-81.559166,30.387222,8720219,NOAA_NOS,IAN,2022,9000.0
2022-10-01 07:00:00,3.199,1.798,-1.4009999999999998,-81.559166,30.387222,8720219,NOAA_NOS,IAN,2022,9060.0
2022-10-01 08:00:00,2.352,1.263,-1.089,-81.559166,30.387222,8720219,NOAA_NOS,IAN,2022,9120.0
2022-10-01 09:00:00,1.522,0.845,-0.677,-81.559166,30.387222,8720219,NOAA_NOS,IAN,2022,9180.0
2022-10-01 10:00:00,0.797,0.454,-0.343,-81.559166,30.387222,8720219,NOAA_NOS,IAN,2022,9240.0
2022-10-01 11:00:00,0.269,0.061,-0.208,-81.559166,30.387222,8720219,NOAA_NOS,IAN,2022,9300.0
2022-10-01 12:00:00,-0.033,-0.167,-0.134,-81.559166,30.387222,8720219,NOAA_NOS,IAN,2022,9360.0
2022-10-01 13:00:00,0.112,-0.205,-0.317,-81.559166,30.387222,8720219,NOAA_NOS,IAN,2022,9420.0
2022-10-01 14:00:00,0.682,0.078,-0.6040000000000001,-81.559166,30.387222,8720219,NOAA_NOS,IAN,2022,9480.0
2022-10-01 15:00:00,1.69,0.858,-0.832,-81.559166,30.387222,8720219,NOAA_NOS,IAN,2022,9540.0
2022-10-01 16:00:00,2.684,1.707,-0.977,-81.559166,30.387222,8720219,NOAA_NOS,IAN,2022,9600.0
2022-10-01 17:00:00,3.323,2.247,-1.076,-81.559166,30.387222,8720219,NOAA_NOS,IAN,2022,9660.0
2022-10-01 18:00:00,3.556,2.435,-1.121,-81.559166,30.387222,8720219,NOAA_NOS,IAN,2022,9720.0
2022-10-01 19:00:00,3.386,2.29,-1.096,-81.559166,30.387222,8720219,NOAA_NOS,IAN,2022,9780.0
2022-10-01 20:00:00,2.703,1.692,-1.011,-81.559166,30.387222,8720219,NOAA_NOS,IAN,2022,9840.0
2022-10-01 21:00:00,1.808,0.934,-0.874,-81.559166,30.387222,8720219,NOAA_NOS,IAN,2022,9900.0
2022-10-01 22:00:00,1.043,0.461,-0.5819999999999999,-81.559166,30.387222,8720219,NOAA_NOS,IAN,2022,9960.0
2022-10-01 23:00:00,0.466,0.202,-0.264,-81.559166,30.387222,8720219,NOAA_NOS,IAN,2022,10020.0
2022-09-25 04:00:00,2.014,0.468,-1.5459999999999998,-81.659058,30.320499,8720226,NOAA_NOS,IAN,2022,240.0
2022-09-25 05:00:00,2.162,0.203,-1.959,-81.659058,30.320499,8720226,NOAA_NOS,IAN,2022,300.0
2022-09-25 06:00:00,2.221,0.053,-2.168,-81.659058,30.320499,8720226,NOAA_NOS,IAN,2022,360.0
2022-09-25 07:00:00,2.172,0.005,-2.1670000000000003,-81.659058,30.320499,8720226,NOAA_NOS,IAN,2022,420.0
2022-09-25 08:00:00,1.903,-0.02,-1.923,-81.659058,30.320499,8720226,NOAA_NOS,IAN,2022,480.0
2022-09-25 09:00:00,1.473,-0.022,-1.495,-81.659058,30.320499,8720226,NOAA_NOS,IAN,2022,540.0
2022-09-25 10:00:00,0.994,0.058,-0.936,-81.659058,30.320499,8720226,NOAA_NOS,IAN,2022,600.0
2022-09-25 11:00:00,0.63,0.355,-0.275,-81.659058,30.320499,8720226,NOAA_NOS,IAN,2022,660.0
2022-09-25 12:00:00,0.453,0.586,0.1329999999999999,-81.659058,30.320499,8720226,NOAA_NOS,IAN,2022,720.0
2022-09-25 13:00:00,0.433,0.692,0.2589999999999999,-81.659058,30.320499,8720226,NOAA_NOS,IAN,2022,780.0
2022-09-25 14:00:00,0.594,0.733,0.139,-81.659058,30.320499,8720226,NOAA_NOS,IAN,2022,840.0
2022-09-25 15:00:00,1.106,0.734,-0.3720000000000001,-81.659058,30.320499,8720226,NOAA_NOS,IAN,2022,900.0
2022-09-25 16:00:00,1.673,0.591,-1.082,-81.659058,30.320499,8720226,NOAA_NOS,IAN,2022,960.0
2022-09-25 17:00:00,1.926,0.288,-1.638,-81.659058,30.320499,8720226,NOAA_NOS,IAN,2022,1020.0
2022-09-25 18:00:00,2.021,0.102,-1.919,-81.659058,30.320499,8720226,NOAA_NOS,IAN,2022,1080.0
2022-09-25 19:00:00,2.044,0.032,-2.012,-81.659058,30.320499,8720226,NOAA_NOS,IAN,2022,1140.0
2022-09-25 20:00:00,1.916,0.002,-1.914,-81.659058,30.320499,8720226,NOAA_NOS,IAN,2022,1200.0
2022-09-25 21:00:00,1.565,-0.012,-1.577,-81.659058,30.320499,8720226,NOAA_NOS,IAN,2022,1260.0
2022-09-25 22:00:00,1.043,0.033,-1.01,-81.659058,30.320499,8720226,NOAA_NOS,IAN,2022,1320.0
2022-09-25 23:00:00,0.571,0.265,-0.3059999999999999,-81.659058,30.320499,8720226,NOAA_NOS,IAN,2022,1380.0
2022-09-26 00:00:00,0.292,0.552,0.26,-81.659058,30.320499,8720226,NOAA_NOS,IAN,2022,1440.0
2022-09-26 01:00:00,0.197,0.701,0.504,-81.659058,30.320499,8720226,NOAA_NOS,IAN,2022,1500.0
2022-09-26 02:00:00,0.315,0.754,0.439,-81.659058,30.320499,8720226,NOAA_NOS,IAN,2022,1560.0
2022-09-26 03:00:00,0.892,0.776,-0.1159999999999999,-81.659058,30.320499,8720226,NOAA_NOS,IAN,2022,1620.0
2022-09-26 04:00:00,1.644,0.704,-0.94,-81.659058,30.320499,8720226,NOAA_NOS,IAN,2022,1680.0
2022-09-26 05:00:00,1.962,0.408,-1.554,-81.659058,30.320499,8720226,NOAA_NOS,IAN,2022,1740.0
2022-09-26 06:00:00,2.087,0.187,-1.9,-81.659058,30.320499,8720226,NOAA_NOS,IAN,2022,1800.0
2022-09-26 07:00:00,2.139,0.093,-2.046,-81.659058,30.320499,8720226,NOAA_NOS,IAN,2022,1860.0
2022-09-26 08:00:00,2.051,0.04,-2.011,-81.659058,30.320499,8720226,NOAA_NOS,IAN,2022,1920.0
2022-09-26 09:00:00,1.696,0.016,-1.68,-81.659058,30.320499,8720226,NOAA_NOS,IAN,2022,1980.0
2022-09-26 10:00:00,1.165,0.036,-1.129,-81.659058,30.320499,8720226,NOAA_NOS,IAN,2022,2040.0
2022-09-26 11:00:00,0.633,0.185,-0.448,-81.659058,30.320499,8720226,NOAA_NOS,IAN,2022,2100.0
2022-09-26 12:00:00,0.295,0.511,0.216,-81.659058,30.320499,8720226,NOAA_NOS,IAN,2022,2160.0
2022-09-26 13:00:00,0.184,0.715,0.5309999999999999,-81.659058,30.320499,8720226,NOAA_NOS,IAN,2022,2220.0
2022-09-26 14:00:00,0.236,0.777,0.541,-81.659058,30.320499,8720226,NOAA_NOS,IAN,2022,2280.0
2022-09-26 15:00:00,0.702,0.831,0.129,-81.659058,30.320499,8720226,NOAA_NOS,IAN,2022,2340.0
2022-09-26 16:00:00,1.398,0.817,-0.581,-81.659058,30.320499,8720226,NOAA_NOS,IAN,2022,2400.0
2022-09-26 17:00:00,1.759,0.594,-1.165,-81.659058,30.320499,8720226,NOAA_NOS,IAN,2022,2460.0
2022-09-26 18:00:00,1.916,0.31,-1.606,-81.659058,30.320499,8720226,NOAA_NOS,IAN,2022,2520.0
2022-09-26 19:00:00,1.972,0.166,-1.806,-81.659058,30.320499,8720226,NOAA_NOS,IAN,2022,2580.0
2022-09-26 20:00:00,1.969,0.107,-1.862,-81.659058,30.320499,8720226,NOAA_NOS,IAN,2022,2640.0
2022-09-26 21:00:00,1.739,0.072,-1.667,-81.659058,30.320499,8720226,NOAA_NOS,IAN,2022,2700.0
2022-09-26 22:00:00,1.27,0.068,-1.202,-81.659058,30.320499,8720226,NOAA_NOS,IAN,2022,2760.0
2022-09-26 23:00:00,0.722,0.14,-0.582,-81.659058,30.320499,8720226,NOAA_NOS,IAN,2022,2820.0
2022-09-27 00:00:00,0.338,0.432,0.0939999999999999,-81.659058,30.320499,8720226,NOAA_NOS,IAN,2022,2880.0
2022-09-27 01:00:00,0.161,0.671,0.51,-81.659058,30.320499,8720226,NOAA_NOS,IAN,2022,2940.0
2022-09-27 02:00:00,0.125,0.784,0.659,-81.659058,30.320499,8720226,NOAA_NOS,IAN,2022,3000.0
2022-09-27 03:00:00,0.354,0.836,0.482,-81.659058,30.320499,8720226,NOAA_NOS,IAN,2022,3060.0
2022-09-27 04:00:00,1.073,0.837,-0.236,-81.659058,30.320499,8720226,NOAA_NOS,IAN,2022,3120.0
2022-09-27 05:00:00,1.686,0.677,-1.009,-81.659058,30.320499,8720226,NOAA_NOS,IAN,2022,3180.0
2022-09-27 06:00:00,1.916,0.36,-1.556,-81.659058,30.320499,8720226,NOAA_NOS,IAN,2022,3240.0
2022-09-27 07:00:00,2.011,0.189,-1.822,-81.659058,30.320499,8720226,NOAA_NOS,IAN,2022,3300.0
2022-09-27 08:00:00,2.031,0.116,-1.915,-81.659058,30.320499,8720226,NOAA_NOS,IAN,2022,3360.0
2022-09-27 09:00:00,1.844,0.077,-1.767,-81.659058,30.320499,8720226,NOAA_NOS,IAN,2022,3420.0
2022-09-27 10:00:00,1.358,0.06,-1.298,-81.659058,30.320499,8720226,NOAA_NOS,IAN,2022,3480.0
2022-09-27 11:00:00,0.771,0.109,-0.662,-81.659058,30.320499,8720226,NOAA_NOS,IAN,2022,3540.0
2022-09-27 12:00:00,0.282,0.361,0.079,-81.659058,30.320499,8720226,NOAA_NOS,IAN,2022,3600.0
2022-09-27 13:00:00,0.036,0.653,0.617,-81.659058,30.320499,8720226,NOAA_NOS,IAN,2022,3660.0
2022-09-27 14:00:00,-0.059,0.805,0.8640000000000001,-81.659058,30.320499,8720226,NOAA_NOS,IAN,2022,3720.0
2022-09-27 15:00:00,0.082,0.88,0.798,-81.659058,30.320499,8720226,NOAA_NOS,IAN,2022,3780.0
2022-09-27 16:00:00,0.65,0.925,0.275,-81.659058,30.320499,8720226,NOAA_NOS,IAN,2022,3840.0
2022-09-27 17:00:00,1.316,0.868,-0.448,-81.659058,30.320499,8720226,NOAA_NOS,IAN,2022,3900.0
2022-09-27 18:00:00,1.621,0.569,-1.052,-81.659058,30.320499,8720226,NOAA_NOS,IAN,2022,3960.0
2022-09-27 19:00:00,1.785,0.338,-1.4469999999999998,-81.659058,30.320499,8720226,NOAA_NOS,IAN,2022,4020.0
2022-09-27 20:00:00,1.857,0.225,-1.632,-81.659058,30.320499,8720226,NOAA_NOS,IAN,2022,4080.0
2022-09-27 21:00:00,1.804,0.188,-1.616,-81.659058,30.320499,8720226,NOAA_NOS,IAN,2022,4140.0
2022-09-27 22:00:00,1.529,0.151,-1.378,-81.659058,30.320499,8720226,NOAA_NOS,IAN,2022,4200.0
2022-09-27 23:00:00,1.047,0.151,-0.8959999999999999,-81.659058,30.320499,8720226,NOAA_NOS,IAN,2022,4260.0
2022-09-28 00:00:00,0.571,0.256,-0.3149999999999999,-81.659058,30.320499,8720226,NOAA_NOS,IAN,2022,4320.0
2022-09-28 01:00:00,0.174,0.577,0.4029999999999999,-81.659058,30.320499,8720226,NOAA_NOS,IAN,2022,4380.0
2022-09-28 02:00:00,-0.003,0.781,0.784,-81.659058,30.320499,8720226,NOAA_NOS,IAN,2022,4440.0
2022-09-28 03:00:00,0.016,0.851,0.835,-81.659058,30.320499,8720226,NOAA_NOS,IAN,2022,4500.0
2022-09-28 04:00:00,0.456,0.894,0.438,-81.659058,30.320499,8720226,NOAA_NOS,IAN,2022,4560.0
2022-09-28 05:00:00,1.198,0.864,-0.3339999999999999,-81.659058,30.320499,8720226,NOAA_NOS,IAN,2022,4620.0
2022-09-28 06:00:00,1.575,0.602,-0.973,-81.659058,30.320499,8720226,NOAA_NOS,IAN,2022,4680.0
2022-09-28 07:00:00,1.736,0.337,-1.399,-81.659058,30.320499,8720226,NOAA_NOS,IAN,2022,4740.0
2022-09-28 08:00:00,1.804,0.201,-1.603,-81.659058,30.320499,8720226,NOAA_NOS,IAN,2022,4800.0
2022-09-28 09:00:00,1.811,0.153,-1.658,-81.659058,30.320499,8720226,NOAA_NOS,IAN,2022,4860.0
2022-09-28 10:00:00,1.594,0.114,-1.48,-81.659058,30.320499,8720226,NOAA_NOS,IAN,2022,4920.0
2022-09-28 11:00:00,1.135,0.108,-1.027,-81.659058,30.320499,8720226,NOAA_NOS,IAN,2022,4980.0
2022-09-28 12:00:00,0.594,0.194,-0.3999999999999999,-81.659058,30.320499,8720226,NOAA_NOS,IAN,2022,5040.0
2022-09-28 13:00:00,0.22,0.535,0.315,-81.659058,30.320499,8720226,NOAA_NOS,IAN,2022,5100.0
2022-09-28 14:00:00,0.059,0.767,0.708,-81.659058,30.320499,8720226,NOAA_NOS,IAN,2022,5160.0
2022-09-28 15:00:00,0.138,0.876,0.738,-81.659058,30.320499,8720226,NOAA_NOS,IAN,2022,5220.0
2022-09-28 16:00:00,0.6,0.956,0.356,-81.659058,30.320499,8720226,NOAA_NOS,IAN,2022,5280.0
2022-09-28 17:00:00,1.263,0.99,-0.2729999999999999,-81.659058,30.320499,8720226,NOAA_NOS,IAN,2022,5340.0
2022-09-28 18:00:00,1.683,0.888,-0.795,-81.659058,30.320499,8720226,NOAA_NOS,IAN,2022,5400.0
2022-09-28 19:00:00,1.919,0.57,-1.3490000000000002,-81.659058,30.320499,8720226,NOAA_NOS,IAN,2022,5460.0
2022-09-28 20:00:00,2.031,0.359,-1.6720000000000002,-81.659058,30.320499,8720226,NOAA_NOS,IAN,2022,5520.0
2022-09-28 21:00:00,2.156,0.242,-1.914,-81.659058,30.320499,8720226,NOAA_NOS,IAN,2022,5580.0
2022-09-28 22:00:00,2.093,0.18,-1.913,-81.659058,30.320499,8720226,NOAA_NOS,IAN,2022,5640.0
2022-09-28 23:00:00,1.791,0.107,-1.684,-81.659058,30.320499,8720226,NOAA_NOS,IAN,2022,5700.0
2022-09-29 00:00:00,1.43,0.113,-1.317,-81.659058,30.320499,8720226,NOAA_NOS,IAN,2022,5760.0
2022-09-29 01:00:00,1.07,0.345,-0.7250000000000001,-81.659058,30.320499,8720226,NOAA_NOS,IAN,2022,5820.0
2022-09-29 02:00:00,0.696,0.478,-0.2179999999999999,-81.659058,30.320499,8720226,NOAA_NOS,IAN,2022,5880.0
2022-09-29 03:00:00,0.6,0.529,-0.0709999999999999,-81.659058,30.320499,8720226,NOAA_NOS,IAN,2022,5940.0
2022-09-29 04:00:00,0.764,0.626,-0.138,-81.659058,30.320499,8720226,NOAA_NOS,IAN,2022,6000.0
2022-09-29 05:00:00,1.234,0.736,-0.498,-81.659058,30.320499,8720226,NOAA_NOS,IAN,2022,6060.0
2022-09-29 06:00:00,1.703,0.827,-0.8760000000000001,-81.659058,30.320499,8720226,NOAA_NOS,IAN,2022,6120.0
2022-09-29 07:00:00,1.998,0.82,-1.178,-81.659058,30.320499,8720226,NOAA_NOS,IAN,2022,6180.0
2022-09-29 08:00:00,2.136,0.623,-1.513,-81.659058,30.320499,8720226,NOAA_NOS,IAN,2022,6240.0
2022-09-29 09:00:00,2.238,0.37,-1.868,-81.659058,30.320499,8720226,NOAA_NOS,IAN,2022,6300.0
2022-09-29 10:00:00,2.1,0.257,-1.843,-81.659058,30.320499,8720226,NOAA_NOS,IAN,2022,6360.0
2022-09-29 11:00:00,2.106,0.136,-1.97,-81.659058,30.320499,8720226,NOAA_NOS,IAN,2022,6420.0
2022-09-29 12:00:00,1.88,0.086,-1.7939999999999998,-81.659058,30.320499,8720226,NOAA_NOS,IAN,2022,6480.0
2022-09-29 13:00:00,1.552,0.118,-1.4340000000000002,-81.659058,30.320499,8720226,NOAA_NOS,IAN,2022,6540.0
2022-09-29 14:00:00,1.247,0.174,-1.0730000000000002,-81.659058,30.320499,8720226,NOAA_NOS,IAN,2022,6600.0
2022-09-29 15:00:00,1.122,0.302,-0.8200000000000001,-81.659058,30.320499,8720226,NOAA_NOS,IAN,2022,6660.0
2022-09-29 16:00:00,1.168,0.485,-0.6829999999999999,-81.659058,30.320499,8720226,NOAA_NOS,IAN,2022,6720.0
2022-09-29 17:00:00,1.522,0.671,-0.851,-81.659058,30.320499,8720226,NOAA_NOS,IAN,2022,6780.0
2022-09-29 18:00:00,1.831,0.814,-1.017,-81.659058,30.320499,8720226,NOAA_NOS,IAN,2022,6840.0
2022-09-29 19:00:00,1.949,0.875,-1.074,-81.659058,30.320499,8720226,NOAA_NOS,IAN,2022,6900.0
2022-09-29 20:00:00,2.119,0.699,-1.4200000000000004,-81.659058,30.320499,8720226,NOAA_NOS,IAN,2022,6960.0
2022-09-29 21:00:00,2.352,0.439,-1.913,-81.659058,30.320499,8720226,NOAA_NOS,IAN,2022,7020.0
2022-09-29 22:00:00,2.595,0.13,-2.4650000000000003,-81.659058,30.320499,8720226,NOAA_NOS,IAN,2022,7080.0
2022-09-29 23:00:00,2.769,-0.091,-2.8600000000000003,-81.659058,30.320499,8720226,NOAA_NOS,IAN,2022,7140.0
2022-09-30 00:00:00,2.805,-0.136,-2.9410000000000003,-81.659058,30.320499,8720226,NOAA_NOS,IAN,2022,7200.0
2022-09-30 01:00:00,2.441,0.003,-2.438,-81.659058,30.320499,8720226,NOAA_NOS,IAN,2022,7260.0
2022-09-30 02:00:00,2.087,0.304,-1.783,-81.659058,30.320499,8720226,NOAA_NOS,IAN,2022,7320.0
2022-09-30 03:00:00,1.788,0.722,-1.066,-81.659058,30.320499,8720226,NOAA_NOS,IAN,2022,7380.0
2022-09-30 04:00:00,1.624,1.232,-0.3920000000000001,-81.659058,30.320499,8720226,NOAA_NOS,IAN,2022,7440.0
2022-09-30 05:00:00,1.709,1.745,0.036,-81.659058,30.320499,8720226,NOAA_NOS,IAN,2022,7500.0
2022-09-30 06:00:00,2.057,2.205,0.1480000000000001,-81.659058,30.320499,8720226,NOAA_NOS,IAN,2022,7560.0
2022-09-30 07:00:00,2.556,2.543,-0.0129999999999999,-81.659058,30.320499,8720226,NOAA_NOS,IAN,2022,7620.0
2022-09-30 08:00:00,2.841,2.677,-0.1640000000000001,-81.659058,30.320499,8720226,NOAA_NOS,IAN,2022,7680.0
2022-09-30 09:00:00,3.074,2.558,-0.516,-81.659058,30.320499,8720226,NOAA_NOS,IAN,2022,7740.0
2022-09-30 10:00:00,3.274,2.439,-0.835,-81.659058,30.320499,8720226,NOAA_NOS,IAN,2022,7800.0
2022-09-30 11:00:00,3.383,2.32,-1.0630000000000002,-81.659058,30.320499,8720226,NOAA_NOS,IAN,2022,7860.0
2022-09-30 12:00:00,3.346,2.212,-1.134,-81.659058,30.320499,8720226,NOAA_NOS,IAN,2022,7920.0
2022-09-30 13:00:00,3.081,2.159,-0.9220000000000002,-81.659058,30.320499,8720226,NOAA_NOS,IAN,2022,7980.0
2022-09-30 14:00:00,2.694,2.197,-0.4969999999999999,-81.659058,30.320499,8720226,NOAA_NOS,IAN,2022,8040.0
2022-09-30 15:00:00,2.395,2.379,-0.016,-81.659058,30.320499,8720226,NOAA_NOS,IAN,2022,8100.0
2022-09-30 16:00:00,2.215,2.675,0.4599999999999999,-81.659058,30.320499,8720226,NOAA_NOS,IAN,2022,8160.0
2022-09-30 17:00:00,2.129,2.871,0.742,-81.659058,30.320499,8720226,NOAA_NOS,IAN,2022,8220.0
2022-09-30 18:00:00,2.172,2.953,0.7809999999999997,-81.659058,30.320499,8720226,NOAA_NOS,IAN,2022,8280.0
2022-09-30 19:00:00,2.464,2.933,0.4689999999999998,-81.659058,30.320499,8720226,NOAA_NOS,IAN,2022,8340.0
2022-09-30 20:00:00,3.035,2.733,-0.302,-81.659058,30.320499,8720226,NOAA_NOS,IAN,2022,8400.0
2022-09-30 21:00:00,3.448,2.45,-0.9979999999999998,-81.659058,30.320499,8720226,NOAA_NOS,IAN,2022,8460.0
2022-09-30 22:00:00,3.615,2.259,-1.3560000000000003,-81.659058,30.320499,8720226,NOAA_NOS,IAN,2022,8520.0
2022-09-30 23:00:00,3.606,2.145,-1.461,-81.659058,30.320499,8720226,NOAA_NOS,IAN,2022,8580.0
2022-10-01 00:00:00,3.392,2.063,-1.3289999999999995,-81.659058,30.320499,8720226,NOAA_NOS,IAN,2022,8640.0
2022-10-01 01:00:00,2.93,2.02,-0.91,-81.659058,30.320499,8720226,NOAA_NOS,IAN,2022,8700.0
2022-10-01 02:00:00,2.421,2.01,-0.411,-81.659058,30.320499,8720226,NOAA_NOS,IAN,2022,8760.0
2022-10-01 03:00:00,2.047,2.011,-0.036,-81.659058,30.320499,8720226,NOAA_NOS,IAN,2022,8820.0
2022-10-01 04:00:00,1.811,2.028,0.217,-81.659058,30.320499,8720226,NOAA_NOS,IAN,2022,8880.0
2022-10-01 05:00:00,1.693,2.113,0.4199999999999999,-81.659058,30.320499,8720226,NOAA_NOS,IAN,2022,8940.0
2022-10-01 06:00:00,1.722,2.184,0.4620000000000002,-81.659058,30.320499,8720226,NOAA_NOS,IAN,2022,9000.0
2022-10-01 07:00:00,1.939,2.117,0.1779999999999999,-81.659058,30.320499,8720226,NOAA_NOS,IAN,2022,9060.0
2022-10-01 08:00:00,2.346,1.954,-0.3920000000000001,-81.659058,30.320499,8720226,NOAA_NOS,IAN,2022,9120.0
2022-10-01 09:00:00,2.864,1.774,-1.09,-81.659058,30.320499,8720226,NOAA_NOS,IAN,2022,9180.0
2022-10-01 10:00:00,3.166,1.623,-1.543,-81.659058,30.320499,8720226,NOAA_NOS,IAN,2022,9240.0
2022-10-01 11:00:00,3.176,1.49,-1.6860000000000002,-81.659058,30.320499,8720226,NOAA_NOS,IAN,2022,9300.0
2022-10-01 12:00:00,2.923,1.383,-1.54,-81.659058,30.320499,8720226,NOAA_NOS,IAN,2022,9360.0
2022-10-01 13:00:00,2.415,1.302,-1.113,-81.659058,30.320499,8720226,NOAA_NOS,IAN,2022,9420.0
2022-10-01 14:00:00,1.913,1.27,-0.643,-81.659058,30.320499,8720226,NOAA_NOS,IAN,2022,9480.0
2022-10-01 15:00:00,1.549,1.28,-0.2689999999999999,-81.659058,30.320499,8720226,NOAA_NOS,IAN,2022,9540.0
2022-10-01 16:00:00,1.299,1.468,0.169,-81.659058,30.320499,8720226,NOAA_NOS,IAN,2022,9600.0
2022-10-01 17:00:00,1.165,1.731,0.5660000000000001,-81.659058,30.320499,8720226,NOAA_NOS,IAN,2022,9660.0
2022-10-01 18:00:00,1.211,1.846,0.635,-81.659058,30.320499,8720226,NOAA_NOS,IAN,2022,9720.0
2022-10-01 19:00:00,1.473,1.849,0.3759999999999999,-81.659058,30.320499,8720226,NOAA_NOS,IAN,2022,9780.0
2022-10-01 20:00:00,2.087,1.767,-0.3200000000000003,-81.659058,30.320499,8720226,NOAA_NOS,IAN,2022,9840.0
2022-10-01 21:00:00,2.621,1.504,-1.117,-81.659058,30.320499,8720226,NOAA_NOS,IAN,2022,9900.0
2022-10-01 22:00:00,2.844,1.247,-1.5969999999999998,-81.659058,30.320499,8720226,NOAA_NOS,IAN,2022,9960.0
2022-10-01 23:00:00,2.897,1.148,-1.749,-81.659058,30.320499,8720226,NOAA_NOS,IAN,2022,10020.0
2022-09-25 01:00:00,1.745,0.425,-1.32,-81.688438,30.192417,8720357,NOAA_NOS,IAN,2022,60.0
2022-09-25 02:00:00,1.906,0.457,-1.4489999999999998,-81.688438,30.192417,8720357,NOAA_NOS,IAN,2022,120.0
2022-09-25 03:00:00,1.978,0.485,-1.493,-81.688438,30.192417,8720357,NOAA_NOS,IAN,2022,180.0
2022-09-25 04:00:00,1.939,0.491,-1.448,-81.688438,30.192417,8720357,NOAA_NOS,IAN,2022,240.0
2022-09-25 05:00:00,1.785,0.412,-1.373,-81.688438,30.192417,8720357,NOAA_NOS,IAN,2022,300.0
2022-09-25 06:00:00,1.496,0.268,-1.228,-81.688438,30.192417,8720357,NOAA_NOS,IAN,2022,360.0
2022-09-25 07:00:00,1.27,0.194,-1.076,-81.688438,30.192417,8720357,NOAA_NOS,IAN,2022,420.0
2022-09-25 08:00:00,1.155,0.17,-0.985,-81.688438,30.192417,8720357,NOAA_NOS,IAN,2022,480.0
2022-09-25 09:00:00,1.086,0.159,-0.927,-81.688438,30.192417,8720357,NOAA_NOS,IAN,2022,540.0
2022-09-25 10:00:00,1.05,0.148,-0.902,-81.688438,30.192417,8720357,NOAA_NOS,IAN,2022,600.0
2022-09-25 11:00:00,1.05,0.157,-0.893,-81.688438,30.192417,8720357,NOAA_NOS,IAN,2022,660.0
2022-09-25 12:00:00,1.198,0.316,-0.8819999999999999,-81.688438,30.192417,8720357,NOAA_NOS,IAN,2022,720.0
2022-09-25 13:00:00,1.499,0.442,-1.0570000000000002,-81.688438,30.192417,8720357,NOAA_NOS,IAN,2022,780.0
2022-09-25 14:00:00,1.67,0.485,-1.185,-81.688438,30.192417,8720357,NOAA_NOS,IAN,2022,840.0
2022-09-25 15:00:00,1.772,0.518,-1.254,-81.688438,30.192417,8720357,NOAA_NOS,IAN,2022,900.0
2022-09-25 16:00:00,1.804,0.526,-1.278,-81.688438,30.192417,8720357,NOAA_NOS,IAN,2022,960.0
2022-09-25 17:00:00,1.722,0.479,-1.243,-81.688438,30.192417,8720357,NOAA_NOS,IAN,2022,1020.0
2022-09-25 18:00:00,1.48,0.329,-1.151,-81.688438,30.192417,8720357,NOAA_NOS,IAN,2022,1080.0
2022-09-25 19:00:00,1.184,0.227,-0.957,-81.688438,30.192417,8720357,NOAA_NOS,IAN,2022,1140.0
2022-09-25 20:00:00,1.017,0.197,-0.8199999999999998,-81.688438,30.192417,8720357,NOAA_NOS,IAN,2022,1200.0
2022-09-25 21:00:00,0.938,0.181,-0.7569999999999999,-81.688438,30.192417,8720357,NOAA_NOS,IAN,2022,1260.0
2022-09-25 22:00:00,0.922,0.172,-0.75,-81.688438,30.192417,8720357,NOAA_NOS,IAN,2022,1320.0
2022-09-25 23:00:00,0.906,0.167,-0.739,-81.688438,30.192417,8720357,NOAA_NOS,IAN,2022,1380.0
2022-09-26 00:00:00,1.05,0.265,-0.785,-81.688438,30.192417,8720357,NOAA_NOS,IAN,2022,1440.0
2022-09-26 01:00:00,1.417,0.436,-0.981,-81.688438,30.192417,8720357,NOAA_NOS,IAN,2022,1500.0
2022-09-26 02:00:00,1.699,0.501,-1.198,-81.688438,30.192417,8720357,NOAA_NOS,IAN,2022,1560.0
2022-09-26 03:00:00,1.808,0.537,-1.271,-81.688438,30.192417,8720357,NOAA_NOS,IAN,2022,1620.0
2022-09-26 04:00:00,1.854,0.557,-1.2970000000000002,-81.688438,30.192417,8720357,NOAA_NOS,IAN,2022,1680.0
2022-09-26 05:00:00,1.788,0.539,-1.249,-81.688438,30.192417,8720357,NOAA_NOS,IAN,2022,1740.0
2022-09-26 06:00:00,1.585,0.412,-1.173,-81.688438,30.192417,8720357,NOAA_NOS,IAN,2022,1800.0
2022-09-26 07:00:00,1.26,0.282,-0.978,-81.688438,30.192417,8720357,NOAA_NOS,IAN,2022,1860.0
2022-09-26 08:00:00,1.047,0.238,-0.8089999999999999,-81.688438,30.192417,8720357,NOAA_NOS,IAN,2022,1920.0
2022-09-26 09:00:00,0.958,0.214,-0.744,-81.688438,30.192417,8720357,NOAA_NOS,IAN,2022,1980.0
2022-09-26 10:00:00,0.909,0.204,-0.7050000000000001,-81.688438,30.192417,8720357,NOAA_NOS,IAN,2022,2040.0
2022-09-26 11:00:00,0.889,0.193,-0.696,-81.688438,30.192417,8720357,NOAA_NOS,IAN,2022,2100.0
2022-09-26 12:00:00,0.984,0.238,-0.746,-81.688438,30.192417,8720357,NOAA_NOS,IAN,2022,2160.0
2022-09-26 13:00:00,1.273,0.433,-0.8399999999999999,-81.688438,30.192417,8720357,NOAA_NOS,IAN,2022,2220.0
2022-09-26 14:00:00,1.532,0.527,-1.005,-81.688438,30.192417,8720357,NOAA_NOS,IAN,2022,2280.0
2022-09-26 15:00:00,1.686,0.564,-1.122,-81.688438,30.192417,8720357,NOAA_NOS,IAN,2022,2340.0
2022-09-26 16:00:00,1.739,0.597,-1.142,-81.688438,30.192417,8720357,NOAA_NOS,IAN,2022,2400.0
2022-09-26 17:00:00,1.703,0.601,-1.102,-81.688438,30.192417,8720357,NOAA_NOS,IAN,2022,2460.0
2022-09-26 18:00:00,1.552,0.519,-1.033,-81.688438,30.192417,8720357,NOAA_NOS,IAN,2022,2520.0
2022-09-26 19:00:00,1.243,0.373,-0.8700000000000001,-81.688438,30.192417,8720357,NOAA_NOS,IAN,2022,2580.0
2022-09-26 20:00:00,0.994,0.3,-0.694,-81.688438,30.192417,8720357,NOAA_NOS,IAN,2022,2640.0
2022-09-26 21:00:00,0.886,0.27,-0.616,-81.688438,30.192417,8720357,NOAA_NOS,IAN,2022,2700.0
2022-09-26 22:00:00,0.856,0.257,-0.599,-81.688438,30.192417,8720357,NOAA_NOS,IAN,2022,2760.0
2022-09-26 23:00:00,0.814,0.245,-0.569,-81.688438,30.192417,8720357,NOAA_NOS,IAN,2022,2820.0
2022-09-27 00:00:00,0.866,0.249,-0.617,-81.688438,30.192417,8720357,NOAA_NOS,IAN,2022,2880.0
2022-09-27 01:00:00,1.083,0.4,-0.6829999999999999,-81.688438,30.192417,8720357,NOAA_NOS,IAN,2022,2940.0
2022-09-27 02:00:00,1.427,0.536,-0.891,-81.688438,30.192417,8720357,NOAA_NOS,IAN,2022,3000.0
2022-09-27 03:00:00,1.637,0.58,-1.057,-81.688438,30.192417,8720357,NOAA_NOS,IAN,2022,3060.0
2022-09-27 04:00:00,1.732,0.617,-1.115,-81.688438,30.192417,8720357,NOAA_NOS,IAN,2022,3120.0
2022-09-27 05:00:00,1.732,0.624,-1.108,-81.688438,30.192417,8720357,NOAA_NOS,IAN,2022,3180.0
2022-09-27 06:00:00,1.614,0.568,-1.0460000000000005,-81.688438,30.192417,8720357,NOAA_NOS,IAN,2022,3240.0
2022-09-27 07:00:00,1.299,0.408,-0.891,-81.688438,30.192417,8720357,NOAA_NOS,IAN,2022,3300.0
2022-09-27 08:00:00,1.001,0.312,-0.6889999999999998,-81.688438,30.192417,8720357,NOAA_NOS,IAN,2022,3360.0
2022-09-27 09:00:00,0.84,0.28,-0.5599999999999999,-81.688438,30.192417,8720357,NOAA_NOS,IAN,2022,3420.0
2022-09-27 10:00:00,0.768,0.262,-0.506,-81.688438,30.192417,8720357,NOAA_NOS,IAN,2022,3480.0
2022-09-27 11:00:00,0.696,0.25,-0.4459999999999999,-81.688438,30.192417,8720357,NOAA_NOS,IAN,2022,3540.0
2022-09-27 12:00:00,0.653,0.245,-0.408,-81.688438,30.192417,8720357,NOAA_NOS,IAN,2022,3600.0
2022-09-27 13:00:00,0.787,0.359,-0.428,-81.688438,30.192417,8720357,NOAA_NOS,IAN,2022,3660.0
2022-09-27 14:00:00,1.155,0.529,-0.626,-81.688438,30.192417,8720357,NOAA_NOS,IAN,2022,3720.0
2022-09-27 15:00:00,1.404,0.595,-0.8089999999999999,-81.688438,30.192417,8720357,NOAA_NOS,IAN,2022,3780.0
2022-09-27 16:00:00,1.539,0.643,-0.8959999999999999,-81.688438,30.192417,8720357,NOAA_NOS,IAN,2022,3840.0
2022-09-27 17:00:00,1.591,0.67,-0.921,-81.688438,30.192417,8720357,NOAA_NOS,IAN,2022,3900.0
2022-09-27 18:00:00,1.549,0.667,-0.8819999999999999,-81.688438,30.192417,8720357,NOAA_NOS,IAN,2022,3960.0
2022-09-27 19:00:00,1.414,0.555,-0.8589999999999999,-81.688438,30.192417,8720357,NOAA_NOS,IAN,2022,4020.0
2022-09-27 20:00:00,1.125,0.418,-0.7070000000000001,-81.688438,30.192417,8720357,NOAA_NOS,IAN,2022,4080.0
2022-09-27 21:00:00,0.889,0.364,-0.525,-81.688438,30.192417,8720357,NOAA_NOS,IAN,2022,4140.0
2022-09-27 22:00:00,0.787,0.346,-0.441,-81.688438,30.192417,8720357,NOAA_NOS,IAN,2022,4200.0
2022-09-27 23:00:00,0.715,0.331,-0.3839999999999999,-81.688438,30.192417,8720357,NOAA_NOS,IAN,2022,4260.0
2022-09-28 00:00:00,0.692,0.319,-0.3729999999999999,-81.688438,30.192417,8720357,NOAA_NOS,IAN,2022,4320.0
2022-09-28 01:00:00,0.748,0.338,-0.41,-81.688438,30.192417,8720357,NOAA_NOS,IAN,2022,4380.0
2022-09-28 02:00:00,1.06,0.516,-0.544,-81.688438,30.192417,8720357,NOAA_NOS,IAN,2022,4440.0
2022-09-28 03:00:00,1.325,0.623,-0.702,-81.688438,30.192417,8720357,NOAA_NOS,IAN,2022,4500.0
2022-09-28 04:00:00,1.499,0.657,-0.8420000000000001,-81.688438,30.192417,8720357,NOAA_NOS,IAN,2022,4560.0
2022-09-28 05:00:00,1.585,0.686,-0.8989999999999999,-81.688438,30.192417,8720357,NOAA_NOS,IAN,2022,4620.0
2022-09-28 06:00:00,1.578,0.675,-0.903,-81.688438,30.192417,8720357,NOAA_NOS,IAN,2022,4680.0
2022-09-28 07:00:00,1.447,0.566,-0.8810000000000001,-81.688438,30.192417,8720357,NOAA_NOS,IAN,2022,4740.0
2022-09-28 08:00:00,1.158,0.415,-0.7429999999999999,-81.688438,30.192417,8720357,NOAA_NOS,IAN,2022,4800.0
2022-09-28 09:00:00,0.899,0.35,-0.549,-81.688438,30.192417,8720357,NOAA_NOS,IAN,2022,4860.0
2022-09-28 10:00:00,0.738,0.322,-0.416,-81.688438,30.192417,8720357,NOAA_NOS,IAN,2022,4920.0
2022-09-28 11:00:00,0.627,0.308,-0.319,-81.688438,30.192417,8720357,NOAA_NOS,IAN,2022,4980.0
2022-09-28 12:00:00,0.643,0.293,-0.35,-81.688438,30.192417,8720357,NOAA_NOS,IAN,2022,5040.0
2022-09-28 13:00:00,0.837,0.302,-0.5349999999999999,-81.688438,30.192417,8720357,NOAA_NOS,IAN,2022,5100.0
2022-09-28 14:00:00,1.276,0.483,-0.793,-81.688438,30.192417,8720357,NOAA_NOS,IAN,2022,5160.0
2022-09-28 15:00:00,1.526,0.608,-0.918,-81.688438,30.192417,8720357,NOAA_NOS,IAN,2022,5220.0
2022-09-28 16:00:00,1.67,0.66,-1.0099999999999998,-81.688438,30.192417,8720357,NOAA_NOS,IAN,2022,5280.0
2022-09-28 17:00:00,1.837,0.709,-1.128,-81.688438,30.192417,8720357,NOAA_NOS,IAN,2022,5340.0
2022-09-28 18:00:00,1.886,0.735,-1.1509999999999998,-81.688438,30.192417,8720357,NOAA_NOS,IAN,2022,5400.0
2022-09-28 19:00:00,1.906,0.725,-1.181,-81.688438,30.192417,8720357,NOAA_NOS,IAN,2022,5460.0
2022-09-28 20:00:00,1.801,0.614,-1.1869999999999998,-81.688438,30.192417,8720357,NOAA_NOS,IAN,2022,5520.0
2022-09-28 21:00:00,1.604,0.497,-1.1070000000000002,-81.688438,30.192417,8720357,NOAA_NOS,IAN,2022,5580.0
2022-09-28 22:00:00,1.385,0.447,-0.938,-81.688438,30.192417,8720357,NOAA_NOS,IAN,2022,5640.0
2022-09-28 23:00:00,1.142,0.421,-0.7209999999999999,-81.688438,30.192417,8720357,NOAA_NOS,IAN,2022,5700.0
2022-09-29 00:00:00,1.07,0.399,-0.671,-81.688438,30.192417,8720357,NOAA_NOS,IAN,2022,5760.0
2022-09-29 01:00:00,1.178,0.414,-0.764,-81.688438,30.192417,8720357,NOAA_NOS,IAN,2022,5820.0
2022-09-29 02:00:00,1.48,0.553,-0.927,-81.688438,30.192417,8720357,NOAA_NOS,IAN,2022,5880.0
2022-09-29 03:00:00,1.811,0.614,-1.197,-81.688438,30.192417,8720357,NOAA_NOS,IAN,2022,5940.0
2022-09-29 04:00:00,2.018,0.633,-1.3849999999999998,-81.688438,30.192417,8720357,NOAA_NOS,IAN,2022,6000.0
2022-09-29 05:00:00,2.1,0.67,-1.4300000000000002,-81.688438,30.192417,8720357,NOAA_NOS,IAN,2022,6060.0
2022-09-29 06:00:00,2.172,0.718,-1.4540000000000002,-81.688438,30.192417,8720357,NOAA_NOS,IAN,2022,6120.0
2022-09-29 07:00:00,2.218,0.793,-1.4249999999999998,-81.688438,30.192417,8720357,NOAA_NOS,IAN,2022,6180.0
2022-09-29 08:00:00,2.192,0.831,-1.3610000000000002,-81.688438,30.192417,8720357,NOAA_NOS,IAN,2022,6240.0
2022-09-29 09:00:00,2.077,0.804,-1.273,-81.688438,30.192417,8720357,NOAA_NOS,IAN,2022,6300.0
2022-09-29 10:00:00,1.929,0.692,-1.237,-81.688438,30.192417,8720357,NOAA_NOS,IAN,2022,6360.0
2022-09-29 11:00:00,1.716,0.644,-1.072,-81.688438,30.192417,8720357,NOAA_NOS,IAN,2022,6420.0
2022-09-29 12:00:00,1.624,0.538,-1.086,-81.688438,30.192417,8720357,NOAA_NOS,IAN,2022,6480.0
2022-09-29 13:00:00,1.677,0.501,-1.1760000000000002,-81.688438,30.192417,8720357,NOAA_NOS,IAN,2022,6540.0
2022-09-29 14:00:00,1.926,0.496,-1.43,-81.688438,30.192417,8720357,NOAA_NOS,IAN,2022,6600.0
2022-09-29 15:00:00,2.159,0.504,-1.6549999999999998,-81.688438,30.192417,8720357,NOAA_NOS,IAN,2022,6660.0
2022-09-29 16:00:00,2.254,0.536,-1.718,-81.688438,30.192417,8720357,NOAA_NOS,IAN,2022,6720.0
2022-09-29 17:00:00,2.444,0.59,-1.854,-81.688438,30.192417,8720357,NOAA_NOS,IAN,2022,6780.0
2022-09-29 18:00:00,2.648,0.636,-2.012,-81.688438,30.192417,8720357,NOAA_NOS,IAN,2022,6840.0
2022-09-29 19:00:00,2.835,0.645,-2.19,-81.688438,30.192417,8720357,NOAA_NOS,IAN,2022,6900.0
2022-09-29 20:00:00,2.936,0.651,-2.285,-81.688438,30.192417,8720357,NOAA_NOS,IAN,2022,6960.0
2022-09-29 21:00:00,2.881,0.647,-2.234,-81.688438,30.192417,8720357,NOAA_NOS,IAN,2022,7020.0
2022-09-29 22:00:00,2.73,0.618,-2.112,-81.688438,30.192417,8720357,NOAA_NOS,IAN,2022,7080.0
2022-09-29 23:00:00,2.49,0.598,-1.8920000000000003,-81.688438,30.192417,8720357,NOAA_NOS,IAN,2022,7140.0
2022-09-30 00:00:00,2.283,0.631,-1.652,-81.688438,30.192417,8720357,NOAA_NOS,IAN,2022,7200.0
2022-09-30 01:00:00,2.198,0.755,-1.443,-81.688438,30.192417,8720357,NOAA_NOS,IAN,2022,7260.0
2022-09-30 02:00:00,2.339,0.995,-1.344,-81.688438,30.192417,8720357,NOAA_NOS,IAN,2022,7320.0
2022-09-30 03:00:00,2.602,1.267,-1.335,-81.688438,30.192417,8720357,NOAA_NOS,IAN,2022,7380.0
2022-09-30 04:00:00,2.956,1.589,-1.367,-81.688438,30.192417,8720357,NOAA_NOS,IAN,2022,7440.0
2022-09-30 05:00:00,3.199,1.937,-1.2619999999999998,-81.688438,30.192417,8720357,NOAA_NOS,IAN,2022,7500.0
2022-09-30 06:00:00,3.36,2.281,-1.0789999999999995,-81.688438,30.192417,8720357,NOAA_NOS,IAN,2022,7560.0
2022-09-30 07:00:00,3.484,2.573,-0.911,-81.688438,30.192417,8720357,NOAA_NOS,IAN,2022,7620.0
2022-09-30 08:00:00,3.543,2.772,-0.7710000000000004,-81.688438,30.192417,8720357,NOAA_NOS,IAN,2022,7680.0
2022-09-30 09:00:00,3.471,2.851,-0.6200000000000001,-81.688438,30.192417,8720357,NOAA_NOS,IAN,2022,7740.0
2022-09-30 10:00:00,3.258,2.74,-0.5179999999999998,-81.688438,30.192417,8720357,NOAA_NOS,IAN,2022,7800.0
2022-09-30 11:00:00,3.054,2.606,-0.4479999999999999,-81.688438,30.192417,8720357,NOAA_NOS,IAN,2022,7860.0
2022-09-30 12:00:00,2.946,2.506,-0.4400000000000004,-81.688438,30.192417,8720357,NOAA_NOS,IAN,2022,7920.0
2022-09-30 13:00:00,2.887,2.437,-0.4500000000000002,-81.688438,30.192417,8720357,NOAA_NOS,IAN,2022,7980.0
2022-09-30 14:00:00,2.825,2.417,-0.4080000000000003,-81.688438,30.192417,8720357,NOAA_NOS,IAN,2022,8040.0
2022-09-30 15:00:00,2.789,2.432,-0.3570000000000002,-81.688438,30.192417,8720357,NOAA_NOS,IAN,2022,8100.0
2022-09-30 16:00:00,2.864,2.508,-0.3559999999999998,-81.688438,30.192417,8720357,NOAA_NOS,IAN,2022,8160.0
2022-09-30 17:00:00,3.084,2.656,-0.4279999999999999,-81.688438,30.192417,8720357,NOAA_NOS,IAN,2022,8220.0
2022-09-30 18:00:00,3.373,2.76,-0.6130000000000004,-81.688438,30.192417,8720357,NOAA_NOS,IAN,2022,8280.0
2022-09-30 19:00:00,3.54,2.796,-0.7440000000000002,-81.688438,30.192417,8720357,NOAA_NOS,IAN,2022,8340.0
2022-09-30 20:00:00,3.527,2.77,-0.7570000000000001,-81.688438,30.192417,8720357,NOAA_NOS,IAN,2022,8400.0
2022-09-30 21:00:00,3.34,2.639,-0.7010000000000001,-81.688438,30.192417,8720357,NOAA_NOS,IAN,2022,8460.0
2022-09-30 22:00:00,2.995,2.462,-0.5329999999999999,-81.688438,30.192417,8720357,NOAA_NOS,IAN,2022,8520.0
2022-09-30 23:00:00,2.743,2.352,-0.391,-81.688438,30.192417,8720357,NOAA_NOS,IAN,2022,8580.0
2022-10-01 00:00:00,2.657,2.299,-0.3580000000000001,-81.688438,30.192417,8720357,NOAA_NOS,IAN,2022,8640.0
2022-10-01 01:00:00,2.621,2.266,-0.355,-81.688438,30.192417,8720357,NOAA_NOS,IAN,2022,8700.0
2022-10-01 02:00:00,2.575,2.226,-0.3490000000000002,-81.688438,30.192417,8720357,NOAA_NOS,IAN,2022,8760.0
2022-10-01 03:00:00,2.549,2.174,-0.375,-81.688438,30.192417,8720357,NOAA_NOS,IAN,2022,8820.0
2022-10-01 04:00:00,2.546,2.128,-0.4179999999999997,-81.688438,30.192417,8720357,NOAA_NOS,IAN,2022,8880.0
2022-10-01 05:00:00,2.618,2.095,-0.5229999999999997,-81.688438,30.192417,8720357,NOAA_NOS,IAN,2022,8940.0
2022-10-01 06:00:00,2.822,2.099,-0.7229999999999999,-81.688438,30.192417,8720357,NOAA_NOS,IAN,2022,9000.0
2022-10-01 07:00:00,2.995,2.109,-0.8860000000000001,-81.688438,30.192417,8720357,NOAA_NOS,IAN,2022,9060.0
2022-10-01 08:00:00,3.012,2.041,-0.971,-81.688438,30.192417,8720357,NOAA_NOS,IAN,2022,9120.0
2022-10-01 09:00:00,2.792,1.923,-0.8689999999999998,-81.688438,30.192417,8720357,NOAA_NOS,IAN,2022,9180.0
2022-10-01 10:00:00,2.484,1.804,-0.6799999999999999,-81.688438,30.192417,8720357,NOAA_NOS,IAN,2022,9240.0
2022-10-01 11:00:00,2.251,1.706,-0.5449999999999999,-81.688438,30.192417,8720357,NOAA_NOS,IAN,2022,9300.0
2022-10-01 12:00:00,2.11,1.628,-0.482,-81.688438,30.192417,8720357,NOAA_NOS,IAN,2022,9360.0
2022-10-01 13:00:00,2.041,1.561,-0.48,-81.688438,30.192417,8720357,NOAA_NOS,IAN,2022,9420.0
2022-10-01 14:00:00,1.959,1.491,-0.4679999999999999,-81.688438,30.192417,8720357,NOAA_NOS,IAN,2022,9480.0
2022-10-01 15:00:00,1.89,1.436,-0.4539999999999999,-81.688438,30.192417,8720357,NOAA_NOS,IAN,2022,9540.0
2022-10-01 16:00:00,1.936,1.405,-0.5309999999999999,-81.688438,30.192417,8720357,NOAA_NOS,IAN,2022,9600.0
2022-10-01 17:00:00,2.126,1.469,-0.6569999999999998,-81.688438,30.192417,8720357,NOAA_NOS,IAN,2022,9660.0
2022-10-01 18:00:00,2.428,1.617,-0.8109999999999999,-81.688438,30.192417,8720357,NOAA_NOS,IAN,2022,9720.0
2022-10-01 19:00:00,2.621,1.681,-0.94,-81.688438,30.192417,8720357,NOAA_NOS,IAN,2022,9780.0
2022-10-01 20:00:00,2.697,1.696,-1.001,-81.688438,30.192417,8720357,NOAA_NOS,IAN,2022,9840.0
2022-10-01 21:00:00,2.602,1.647,-0.9549999999999998,-81.688438,30.192417,8720357,NOAA_NOS,IAN,2022,9900.0
2022-10-01 22:00:00,2.326,1.478,-0.8480000000000001,-81.688438,30.192417,8720357,NOAA_NOS,IAN,2022,9960.0
2022-10-01 23:00:00,2.037,1.337,-0.7,-81.688438,30.192417,8720357,NOAA_NOS,IAN,2022,10020.0
2022-09-25 01:00:00,2.651,1.242,-1.4089999999999998,-80.593527,28.415833,8721604,NOAA_NOS,IAN,2022,60.0
2022-09-25 02:00:00,2.01,0.561,-1.4489999999999998,-80.593527,28.415833,8721604,NOAA_NOS,IAN,2022,120.0
2022-09-25 03:00:00,1.422,-0.203,-1.625,-80.593527,28.415833,8721604,NOAA_NOS,IAN,2022,180.0
2022-09-25 04:00:00,0.455,-0.949,-1.404,-80.593527,28.415833,8721604,NOAA_NOS,IAN,2022,240.0
2022-09-25 05:00:00,-0.147,-1.508,-1.361,-80.593527,28.415833,8721604,NOAA_NOS,IAN,2022,300.0
2022-09-25 06:00:00,-0.286,-1.621,-1.335,-80.593527,28.415833,8721604,NOAA_NOS,IAN,2022,360.0
2022-09-25 07:00:00,0.036,-1.218,-1.254,-80.593527,28.415833,8721604,NOAA_NOS,IAN,2022,420.0
2022-09-25 08:00:00,0.341,-0.586,-0.927,-80.593527,28.415833,8721604,NOAA_NOS,IAN,2022,480.0
2022-09-25 09:00:00,1.217,0.092,-1.125,-80.593527,28.415833,8721604,NOAA_NOS,IAN,2022,540.0
2022-09-25 10:00:00,2.075,0.861,-1.2140000000000002,-80.593527,28.415833,8721604,NOAA_NOS,IAN,2022,600.0
2022-09-25 11:00:00,2.633,1.481,-1.152,-80.593527,28.415833,8721604,NOAA_NOS,IAN,2022,660.0
2022-09-25 12:00:00,2.89,1.654,-1.2360000000000002,-80.593527,28.415833,8721604,NOAA_NOS,IAN,2022,720.0
2022-09-25 13:00:00,2.59,1.343,-1.247,-80.593527,28.415833,8721604,NOAA_NOS,IAN,2022,780.0
2022-09-25 14:00:00,2.202,0.725,-1.477,-80.593527,28.415833,8721604,NOAA_NOS,IAN,2022,840.0
2022-09-25 15:00:00,1.444,-0.051,-1.495,-80.593527,28.415833,8721604,NOAA_NOS,IAN,2022,900.0
2022-09-25 16:00:00,0.433,-0.822,-1.255,-80.593527,28.415833,8721604,NOAA_NOS,IAN,2022,960.0
2022-09-25 17:00:00,-0.099,-1.466,-1.367,-80.593527,28.415833,8721604,NOAA_NOS,IAN,2022,1020.0
2022-09-25 18:00:00,-0.486,-1.749,-1.263,-80.593527,28.415833,8721604,NOAA_NOS,IAN,2022,1080.0
2022-09-25 19:00:00,-0.373,-1.489,-1.116,-80.593527,28.415833,8721604,NOAA_NOS,IAN,2022,1140.0
2022-09-25 20:00:00,0.455,-0.825,-1.28,-80.593527,28.415833,8721604,NOAA_NOS,IAN,2022,1200.0
2022-09-25 21:00:00,1.274,-0.127,-1.401,-80.593527,28.415833,8721604,NOAA_NOS,IAN,2022,1260.0
2022-09-25 22:00:00,1.797,0.648,-1.149,-80.593527,28.415833,8721604,NOAA_NOS,IAN,2022,1320.0
2022-09-25 23:00:00,2.733,1.405,-1.328,-80.593527,28.415833,8721604,NOAA_NOS,IAN,2022,1380.0
2022-09-26 00:00:00,3.195,1.752,-1.4429999999999998,-80.593527,28.415833,8721604,NOAA_NOS,IAN,2022,1440.0
2022-09-26 01:00:00,2.821,1.565,-1.2560000000000002,-80.593527,28.415833,8721604,NOAA_NOS,IAN,2022,1500.0
2022-09-26 02:00:00,2.476,0.999,-1.477,-80.593527,28.415833,8721604,NOAA_NOS,IAN,2022,1560.0
2022-09-26 03:00:00,1.875,0.244,-1.631,-80.593527,28.415833,8721604,NOAA_NOS,IAN,2022,1620.0
2022-09-26 04:00:00,0.816,-0.589,-1.4049999999999998,-80.593527,28.415833,8721604,NOAA_NOS,IAN,2022,1680.0
2022-09-26 05:00:00,-0.103,-1.329,-1.226,-80.593527,28.415833,8721604,NOAA_NOS,IAN,2022,1740.0
2022-09-26 06:00:00,-0.499,-1.754,-1.255,-80.593527,28.415833,8721604,NOAA_NOS,IAN,2022,1800.0
2022-09-26 07:00:00,-0.316,-1.643,-1.327,-80.593527,28.415833,8721604,NOAA_NOS,IAN,2022,1860.0
2022-09-26 08:00:00,0.228,-1.047,-1.275,-80.593527,28.415833,8721604,NOAA_NOS,IAN,2022,1920.0
2022-09-26 09:00:00,0.851,-0.335,-1.186,-80.593527,28.415833,8721604,NOAA_NOS,IAN,2022,1980.0
2022-09-26 10:00:00,1.466,0.472,-0.994,-80.593527,28.415833,8721604,NOAA_NOS,IAN,2022,2040.0
2022-09-26 11:00:00,2.437,1.321,-1.116,-80.593527,28.415833,8721604,NOAA_NOS,IAN,2022,2100.0
2022-09-26 12:00:00,3.16,1.853,-1.3070000000000002,-80.593527,28.415833,8721604,NOAA_NOS,IAN,2022,2160.0
2022-09-26 13:00:00,3.104,1.835,-1.269,-80.593527,28.415833,8721604,NOAA_NOS,IAN,2022,2220.0
2022-09-26 14:00:00,2.537,1.38,-1.157,-80.593527,28.415833,8721604,NOAA_NOS,IAN,2022,2280.0
2022-09-26 15:00:00,2.019,0.622,-1.3970000000000002,-80.593527,28.415833,8721604,NOAA_NOS,IAN,2022,2340.0
2022-09-26 16:00:00,1.147,-0.247,-1.394,-80.593527,28.415833,8721604,NOAA_NOS,IAN,2022,2400.0
2022-09-26 17:00:00,0.219,-1.076,-1.2950000000000002,-80.593527,28.415833,8721604,NOAA_NOS,IAN,2022,2460.0
2022-09-26 18:00:00,-0.377,-1.68,-1.303,-80.593527,28.415833,8721604,NOAA_NOS,IAN,2022,2520.0
2022-09-26 19:00:00,-0.325,-1.813,-1.488,-80.593527,28.415833,8721604,NOAA_NOS,IAN,2022,2580.0
2022-09-26 20:00:00,-0.164,-1.373,-1.209,-80.593527,28.415833,8721604,NOAA_NOS,IAN,2022,2640.0
2022-09-26 21:00:00,0.577,-0.68,-1.257,-80.593527,28.415833,8721604,NOAA_NOS,IAN,2022,2700.0
2022-09-26 22:00:00,1.213,0.069,-1.144,-80.593527,28.415833,8721604,NOAA_NOS,IAN,2022,2760.0
2022-09-26 23:00:00,2.136,0.887,-1.249,-80.593527,28.415833,8721604,NOAA_NOS,IAN,2022,2820.0
2022-09-27 00:00:00,2.498,1.568,-0.9300000000000002,-80.593527,28.415833,8721604,NOAA_NOS,IAN,2022,2880.0
2022-09-27 01:00:00,2.895,1.742,-1.153,-80.593527,28.415833,8721604,NOAA_NOS,IAN,2022,2940.0
2022-09-27 02:00:00,2.685,1.357,-1.328,-80.593527,28.415833,8721604,NOAA_NOS,IAN,2022,3000.0
2022-09-27 03:00:00,1.884,0.684,-1.1999999999999995,-80.593527,28.415833,8721604,NOAA_NOS,IAN,2022,3060.0
2022-09-27 04:00:00,1.047,-0.14,-1.1869999999999998,-80.593527,28.415833,8721604,NOAA_NOS,IAN,2022,3120.0
2022-09-27 05:00:00,0.324,-0.987,-1.311,-80.593527,28.415833,8721604,NOAA_NOS,IAN,2022,3180.0
2022-09-27 06:00:00,-0.63,-1.676,-1.0459999999999998,-80.593527,28.415833,8721604,NOAA_NOS,IAN,2022,3240.0
2022-09-27 07:00:00,-0.757,-1.933,-1.1760000000000002,-80.593527,28.415833,8721604,NOAA_NOS,IAN,2022,3300.0
2022-09-27 08:00:00,-0.578,-1.563,-0.985,-80.593527,28.415833,8721604,NOAA_NOS,IAN,2022,3360.0
2022-09-27 09:00:00,0.063,-0.832,-0.895,-80.593527,28.415833,8721604,NOAA_NOS,IAN,2022,3420.0
2022-09-27 10:00:00,0.882,0.009,-0.873,-80.593527,28.415833,8721604,NOAA_NOS,IAN,2022,3480.0
2022-09-27 11:00:00,1.653,0.916,-0.737,-80.593527,28.415833,8721604,NOAA_NOS,IAN,2022,3540.0
2022-09-27 12:00:00,2.598,1.741,-0.8569999999999998,-80.593527,28.415833,8721604,NOAA_NOS,IAN,2022,3600.0
2022-09-27 13:00:00,3.108,2.141,-0.967,-80.593527,28.415833,8721604,NOAA_NOS,IAN,2022,3660.0
2022-09-27 14:00:00,2.768,1.936,-0.8319999999999999,-80.593527,28.415833,8721604,NOAA_NOS,IAN,2022,3720.0
2022-09-27 15:00:00,2.546,1.352,-1.1939999999999995,-80.593527,28.415833,8721604,NOAA_NOS,IAN,2022,3780.0
2022-09-27 16:00:00,1.574,0.497,-1.077,-80.593527,28.415833,8721604,NOAA_NOS,IAN,2022,3840.0
2022-09-27 17:00:00,0.555,-0.437,-0.992,-80.593527,28.415833,8721604,NOAA_NOS,IAN,2022,3900.0
2022-09-27 18:00:00,-0.016,-1.256,-1.24,-80.593527,28.415833,8721604,NOAA_NOS,IAN,2022,3960.0
2022-09-27 19:00:00,-0.639,-1.795,-1.156,-80.593527,28.415833,8721604,NOAA_NOS,IAN,2022,4020.0
2022-09-27 20:00:00,-0.661,-1.737,-1.076,-80.593527,28.415833,8721604,NOAA_NOS,IAN,2022,4080.0
2022-09-27 21:00:00,-0.269,-1.176,-0.907,-80.593527,28.415833,8721604,NOAA_NOS,IAN,2022,4140.0
2022-09-27 22:00:00,0.572,-0.489,-1.061,-80.593527,28.415833,8721604,NOAA_NOS,IAN,2022,4200.0
2022-09-27 23:00:00,1.291,0.274,-1.017,-80.593527,28.415833,8721604,NOAA_NOS,IAN,2022,4260.0
2022-09-28 00:00:00,1.962,1.099,-0.863,-80.593527,28.415833,8721604,NOAA_NOS,IAN,2022,4320.0
2022-09-28 01:00:00,2.441,1.671,-0.7699999999999998,-80.593527,28.415833,8721604,NOAA_NOS,IAN,2022,4380.0
2022-09-28 02:00:00,2.511,1.624,-0.887,-80.593527,28.415833,8721604,NOAA_NOS,IAN,2022,4440.0
2022-09-28 03:00:00,2.089,1.131,-0.958,-80.593527,28.415833,8721604,NOAA_NOS,IAN,2022,4500.0
2022-09-28 04:00:00,1.413,0.392,-1.021,-80.593527,28.415833,8721604,NOAA_NOS,IAN,2022,4560.0
2022-09-28 05:00:00,0.707,-0.467,-1.174,-80.593527,28.415833,8721604,NOAA_NOS,IAN,2022,4620.0
2022-09-28 06:00:00,0.063,-1.294,-1.357,-80.593527,28.415833,8721604,NOAA_NOS,IAN,2022,4680.0
2022-09-28 07:00:00,-0.452,-1.876,-1.424,-80.593527,28.415833,8721604,NOAA_NOS,IAN,2022,4740.0
2022-09-28 08:00:00,-0.395,-1.906,-1.511,-80.593527,28.415833,8721604,NOAA_NOS,IAN,2022,4800.0
2022-09-28 09:00:00,0.154,-1.348,-1.502,-80.593527,28.415833,8721604,NOAA_NOS,IAN,2022,4860.0
2022-09-28 10:00:00,0.612,-0.54,-1.152,-80.593527,28.415833,8721604,NOAA_NOS,IAN,2022,4920.0
2022-09-28 11:00:00,1.13,0.351,-0.7789999999999999,-80.593527,28.415833,8721604,NOAA_NOS,IAN,2022,4980.0
2022-09-28 12:00:00,3.038,1.301,-1.737,-80.593527,28.415833,8721604,NOAA_NOS,IAN,2022,5040.0
2022-09-28 13:00:00,3.234,2.133,-1.101,-80.593527,28.415833,8721604,NOAA_NOS,IAN,2022,5100.0
2022-09-28 14:00:00,3.897,2.378,-1.5189999999999997,-80.593527,28.415833,8721604,NOAA_NOS,IAN,2022,5160.0
2022-09-28 15:00:00,3.622,2.081,-1.541,-80.593527,28.415833,8721604,NOAA_NOS,IAN,2022,5220.0
2022-09-28 16:00:00,3.348,1.416,-1.932,-80.593527,28.415833,8721604,NOAA_NOS,IAN,2022,5280.0
2022-09-28 17:00:00,2.184,0.582,-1.6020000000000003,-80.593527,28.415833,8721604,NOAA_NOS,IAN,2022,5340.0
2022-09-28 18:00:00,1.431,-0.29,-1.721,-80.593527,28.415833,8721604,NOAA_NOS,IAN,2022,5400.0
2022-09-28 19:00:00,0.803,-0.973,-1.776,-80.593527,28.415833,8721604,NOAA_NOS,IAN,2022,5460.0
2022-09-28 20:00:00,0.063,-1.185,-1.248,-80.593527,28.415833,8721604,NOAA_NOS,IAN,2022,5520.0
2022-09-28 21:00:00,0.546,-0.869,-1.415,-80.593527,28.415833,8721604,NOAA_NOS,IAN,2022,5580.0
2022-09-28 22:00:00,1.073,-0.246,-1.319,-80.593527,28.415833,8721604,NOAA_NOS,IAN,2022,5640.0
2022-09-28 23:00:00,1.736,0.521,-1.215,-80.593527,28.415833,8721604,NOAA_NOS,IAN,2022,5700.0
2022-09-29 00:00:00,2.437,1.4,-1.037,-80.593527,28.415833,8721604,NOAA_NOS,IAN,2022,5760.0
2022-09-29 01:00:00,3.274,2.458,-0.8159999999999998,-80.593527,28.415833,8721604,NOAA_NOS,IAN,2022,5820.0
2022-09-29 02:00:00,3.714,3.46,-0.254,-80.593527,28.415833,8721604,NOAA_NOS,IAN,2022,5880.0
2022-09-29 03:00:00,3.657,3.657,0.0,-80.593527,28.415833,8721604,NOAA_NOS,IAN,2022,5940.0
2022-09-29 04:00:00,3.513,3.124,-0.3889999999999998,-80.593527,28.415833,8721604,NOAA_NOS,IAN,2022,6000.0
2022-09-29 05:00:00,3.143,2.369,-0.7739999999999996,-80.593527,28.415833,8721604,NOAA_NOS,IAN,2022,6060.0
2022-09-29 06:00:00,2.529,1.479,-1.0499999999999998,-80.593527,28.415833,8721604,NOAA_NOS,IAN,2022,6120.0
2022-09-29 07:00:00,1.884,0.685,-1.1989999999999998,-80.593527,28.415833,8721604,NOAA_NOS,IAN,2022,6180.0
2022-09-29 08:00:00,1.06,0.203,-0.857,-80.593527,28.415833,8721604,NOAA_NOS,IAN,2022,6240.0
2022-09-29 09:00:00,1.069,-0.092,-1.161,-80.593527,28.415833,8721604,NOAA_NOS,IAN,2022,6300.0
2022-09-29 10:00:00,1.714,-0.167,-1.881,-80.593527,28.415833,8721604,NOAA_NOS,IAN,2022,6360.0
2022-09-29 11:00:00,1.892,0.263,-1.629,-80.593527,28.415833,8721604,NOAA_NOS,IAN,2022,6420.0
2022-09-29 12:00:00,2.738,1.014,-1.724,-80.593527,28.415833,8721604,NOAA_NOS,IAN,2022,6480.0
2022-09-29 13:00:00,3.335,1.552,-1.783,-80.593527,28.415833,8721604,NOAA_NOS,IAN,2022,6540.0
2022-09-29 14:00:00,4.088,1.869,-2.2190000000000003,-80.593527,28.415833,8721604,NOAA_NOS,IAN,2022,6600.0
2022-09-29 15:00:00,4.167,1.308,-2.859,-80.593527,28.415833,8721604,NOAA_NOS,IAN,2022,6660.0
2022-09-29 16:00:00,4.058,0.612,-3.446,-80.593527,28.415833,8721604,NOAA_NOS,IAN,2022,6720.0
2022-09-29 17:00:00,3.243,-0.337,-3.58,-80.593527,28.415833,8721604,NOAA_NOS,IAN,2022,6780.0
2022-09-29 18:00:00,2.128,-1.058,-3.186,-80.593527,28.415833,8721604,NOAA_NOS,IAN,2022,6840.0
2022-09-29 19:00:00,0.747,-1.804,-2.551,-80.593527,28.415833,8721604,NOAA_NOS,IAN,2022,6900.0
2022-09-29 20:00:00,0.463,-2.515,-2.978,-80.593527,28.415833,8721604,NOAA_NOS,IAN,2022,6960.0
2022-09-29 21:00:00,0.411,-2.888,-3.299,-80.593527,28.415833,8721604,NOAA_NOS,IAN,2022,7020.0
2022-09-29 22:00:00,0.603,-2.523,-3.1260000000000003,-80.593527,28.415833,8721604,NOAA_NOS,IAN,2022,7080.0
2022-09-29 23:00:00,0.856,-1.659,-2.515,-80.593527,28.415833,8721604,NOAA_NOS,IAN,2022,7140.0
2022-09-30 00:00:00,1.653,-0.788,-2.441,-80.593527,28.415833,8721604,NOAA_NOS,IAN,2022,7200.0
2022-09-30 01:00:00,2.507,0.202,-2.305,-80.593527,28.415833,8721604,NOAA_NOS,IAN,2022,7260.0
2022-09-30 02:00:00,3.152,1.056,-2.096,-80.593527,28.415833,8721604,NOAA_NOS,IAN,2022,7320.0
2022-09-30 03:00:00,3.522,1.532,-1.99,-80.593527,28.415833,8721604,NOAA_NOS,IAN,2022,7380.0
2022-09-30 04:00:00,3.304,1.459,-1.845,-80.593527,28.415833,8721604,NOAA_NOS,IAN,2022,7440.0
2022-09-30 05:00:00,3.078,0.951,-2.127,-80.593527,28.415833,8721604,NOAA_NOS,IAN,2022,7500.0
2022-09-30 06:00:00,2.328,0.201,-2.127,-80.593527,28.415833,8721604,NOAA_NOS,IAN,2022,7560.0
2022-09-30 07:00:00,1.574,-0.523,-2.097,-80.593527,28.415833,8721604,NOAA_NOS,IAN,2022,7620.0
2022-09-30 08:00:00,1.213,-1.14,-2.353,-80.593527,28.415833,8721604,NOAA_NOS,IAN,2022,7680.0
2022-09-30 09:00:00,0.903,-1.496,-2.399,-80.593527,28.415833,8721604,NOAA_NOS,IAN,2022,7740.0
2022-09-30 10:00:00,1.073,-1.288,-2.361,-80.593527,28.415833,8721604,NOAA_NOS,IAN,2022,7800.0
2022-09-30 11:00:00,1.627,-0.599,-2.226,-80.593527,28.415833,8721604,NOAA_NOS,IAN,2022,7860.0
2022-09-30 12:00:00,2.328,0.285,-2.043,-80.593527,28.415833,8721604,NOAA_NOS,IAN,2022,7920.0
2022-09-30 13:00:00,3.234,1.192,-2.042,-80.593527,28.415833,8721604,NOAA_NOS,IAN,2022,7980.0
2022-09-30 14:00:00,4.197,2.059,-2.138,-80.593527,28.415833,8721604,NOAA_NOS,IAN,2022,8040.0
2022-09-30 15:00:00,4.777,2.653,-2.124,-80.593527,28.415833,8721604,NOAA_NOS,IAN,2022,8100.0
2022-09-30 16:00:00,4.838,2.725,-2.113,-80.593527,28.415833,8721604,NOAA_NOS,IAN,2022,8160.0
2022-09-30 17:00:00,4.515,2.356,-2.159,-80.593527,28.415833,8721604,NOAA_NOS,IAN,2022,8220.0
2022-09-30 18:00:00,3.871,1.626,-2.245,-80.593527,28.415833,8721604,NOAA_NOS,IAN,2022,8280.0
2022-09-25 01:00:00,2.694,1.087,-1.607,-80.034167,26.612778,8722670,NOAA_NOS,IAN,2022,60.0
2022-09-25 02:00:00,2.192,0.604,-1.588,-80.034167,26.612778,8722670,NOAA_NOS,IAN,2022,120.0
2022-09-25 03:00:00,1.617,-0.013,-1.63,-80.034167,26.612778,8722670,NOAA_NOS,IAN,2022,180.0
2022-09-25 04:00:00,0.948,-0.654,-1.602,-80.034167,26.612778,8722670,NOAA_NOS,IAN,2022,240.0
2022-09-25 05:00:00,0.397,-1.138,-1.535,-80.034167,26.612778,8722670,NOAA_NOS,IAN,2022,300.0
2022-09-25 06:00:00,0.135,-1.299,-1.434,-80.034167,26.612778,8722670,NOAA_NOS,IAN,2022,360.0
2022-09-25 07:00:00,0.24,-1.124,-1.364,-80.034167,26.612778,8722670,NOAA_NOS,IAN,2022,420.0
2022-09-25 08:00:00,0.633,-0.655,-1.288,-80.034167,26.612778,8722670,NOAA_NOS,IAN,2022,480.0
2022-09-25 09:00:00,1.201,-0.035,-1.236,-80.034167,26.612778,8722670,NOAA_NOS,IAN,2022,540.0
2022-09-25 10:00:00,1.903,0.591,-1.312,-80.034167,26.612778,8722670,NOAA_NOS,IAN,2022,600.0
2022-09-25 11:00:00,2.487,1.097,-1.39,-80.034167,26.612778,8722670,NOAA_NOS,IAN,2022,660.0
2022-09-25 12:00:00,2.776,1.339,-1.4369999999999998,-80.034167,26.612778,8722670,NOAA_NOS,IAN,2022,720.0
2022-09-25 13:00:00,2.667,1.213,-1.4539999999999995,-80.034167,26.612778,8722670,NOAA_NOS,IAN,2022,780.0
2022-09-25 14:00:00,2.257,0.787,-1.4700000000000002,-80.034167,26.612778,8722670,NOAA_NOS,IAN,2022,840.0
2022-09-25 15:00:00,1.604,0.187,-1.417,-80.034167,26.612778,8722670,NOAA_NOS,IAN,2022,900.0
2022-09-25 16:00:00,0.912,-0.476,-1.388,-80.034167,26.612778,8722670,NOAA_NOS,IAN,2022,960.0
2022-09-25 17:00:00,0.322,-1.055,-1.377,-80.034167,26.612778,8722670,NOAA_NOS,IAN,2022,1020.0
2022-09-25 18:00:00,-0.01,-1.344,-1.334,-80.034167,26.612778,8722670,NOAA_NOS,IAN,2022,1080.0
2022-09-25 19:00:00,0.121,-1.271,-1.392,-80.034167,26.612778,8722670,NOAA_NOS,IAN,2022,1140.0
2022-09-25 20:00:00,0.597,-0.87,-1.467,-80.034167,26.612778,8722670,NOAA_NOS,IAN,2022,1200.0
2022-09-25 21:00:00,1.24,-0.257,-1.497,-80.034167,26.612778,8722670,NOAA_NOS,IAN,2022,1260.0
2022-09-25 22:00:00,1.962,0.405,-1.557,-80.034167,26.612778,8722670,NOAA_NOS,IAN,2022,1320.0
2022-09-25 23:00:00,2.516,0.987,-1.529,-80.034167,26.612778,8722670,NOAA_NOS,IAN,2022,1380.0
2022-09-26 00:00:00,2.877,1.337,-1.5399999999999998,-80.034167,26.612778,8722670,NOAA_NOS,IAN,2022,1440.0
2022-09-26 01:00:00,2.927,1.32,-1.607,-80.034167,26.612778,8722670,NOAA_NOS,IAN,2022,1500.0
2022-09-26 02:00:00,2.612,0.954,-1.658,-80.034167,26.612778,8722670,NOAA_NOS,IAN,2022,1560.0
2022-09-26 03:00:00,2.047,0.363,-1.6840000000000002,-80.034167,26.612778,8722670,NOAA_NOS,IAN,2022,1620.0
2022-09-26 04:00:00,1.348,-0.32,-1.668,-80.034167,26.612778,8722670,NOAA_NOS,IAN,2022,1680.0
2022-09-26 05:00:00,0.614,-0.976,-1.59,-80.034167,26.612778,8722670,NOAA_NOS,IAN,2022,1740.0
2022-09-26 06:00:00,0.125,-1.374,-1.499,-80.034167,26.612778,8722670,NOAA_NOS,IAN,2022,1800.0
2022-09-26 07:00:00,0.092,-1.397,-1.489,-80.034167,26.612778,8722670,NOAA_NOS,IAN,2022,1860.0
2022-09-26 08:00:00,0.377,-1.064,-1.441,-80.034167,26.612778,8722670,NOAA_NOS,IAN,2022,1920.0
2022-09-26 09:00:00,0.906,-0.461,-1.367,-80.034167,26.612778,8722670,NOAA_NOS,IAN,2022,1980.0
2022-09-26 10:00:00,1.677,0.249,-1.428,-80.034167,26.612778,8722670,NOAA_NOS,IAN,2022,2040.0
2022-09-26 11:00:00,2.333,0.921,-1.412,-80.034167,26.612778,8722670,NOAA_NOS,IAN,2022,2100.0
2022-09-26 12:00:00,2.799,1.395,-1.404,-80.034167,26.612778,8722670,NOAA_NOS,IAN,2022,2160.0
2022-09-26 13:00:00,3.022,1.522,-1.4999999999999998,-80.034167,26.612778,8722670,NOAA_NOS,IAN,2022,2220.0
2022-09-26 14:00:00,2.782,1.262,-1.52,-80.034167,26.612778,8722670,NOAA_NOS,IAN,2022,2280.0
2022-09-26 15:00:00,2.29,0.713,-1.577,-80.034167,26.612778,8722670,NOAA_NOS,IAN,2022,2340.0
2022-09-26 16:00:00,1.637,0.017,-1.62,-80.034167,26.612778,8722670,NOAA_NOS,IAN,2022,2400.0
2022-09-26 17:00:00,0.902,-0.703,-1.605,-80.034167,26.612778,8722670,NOAA_NOS,IAN,2022,2460.0
2022-09-26 18:00:00,0.285,-1.241,-1.526,-80.034167,26.612778,8722670,NOAA_NOS,IAN,2022,2520.0
2022-09-26 19:00:00,0.033,-1.421,-1.454,-80.034167,26.612778,8722670,NOAA_NOS,IAN,2022,2580.0
2022-09-26 20:00:00,0.197,-1.218,-1.415,-80.034167,26.612778,8722670,NOAA_NOS,IAN,2022,2640.0
2022-09-26 21:00:00,0.604,-0.706,-1.31,-80.034167,26.612778,8722670,NOAA_NOS,IAN,2022,2700.0
2022-09-26 22:00:00,1.266,-0.031,-1.297,-80.034167,26.612778,8722670,NOAA_NOS,IAN,2022,2760.0
2022-09-26 23:00:00,1.923,0.64,-1.283,-80.034167,26.612778,8722670,NOAA_NOS,IAN,2022,2820.0
2022-09-27 00:00:00,2.365,1.175,-1.1900000000000002,-80.034167,26.612778,8722670,NOAA_NOS,IAN,2022,2880.0
2022-09-27 01:00:00,2.694,1.406,-1.288,-80.034167,26.612778,8722670,NOAA_NOS,IAN,2022,2940.0
2022-09-27 02:00:00,2.598,1.238,-1.36,-80.034167,26.612778,8722670,NOAA_NOS,IAN,2022,3000.0
2022-09-27 03:00:00,2.208,0.739,-1.4690000000000003,-80.034167,26.612778,8722670,NOAA_NOS,IAN,2022,3060.0
2022-09-27 04:00:00,1.483,0.062,-1.421,-80.034167,26.612778,8722670,NOAA_NOS,IAN,2022,3120.0
2022-09-27 05:00:00,0.669,-0.675,-1.344,-80.034167,26.612778,8722670,NOAA_NOS,IAN,2022,3180.0
2022-09-27 06:00:00,0.066,-1.296,-1.362,-80.034167,26.612778,8722670,NOAA_NOS,IAN,2022,3240.0
2022-09-27 07:00:00,-0.276,-1.57,-1.294,-80.034167,26.612778,8722670,NOAA_NOS,IAN,2022,3300.0
2022-09-27 08:00:00,-0.184,-1.435,-1.251,-80.034167,26.612778,8722670,NOAA_NOS,IAN,2022,3360.0
2022-09-27 09:00:00,0.262,-0.937,-1.199,-80.034167,26.612778,8722670,NOAA_NOS,IAN,2022,3420.0
2022-09-27 10:00:00,0.965,-0.217,-1.182,-80.034167,26.612778,8722670,NOAA_NOS,IAN,2022,3480.0
2022-09-27 11:00:00,1.703,0.554,-1.149,-80.034167,26.612778,8722670,NOAA_NOS,IAN,2022,3540.0
2022-09-27 12:00:00,2.346,1.222,-1.124,-80.034167,26.612778,8722670,NOAA_NOS,IAN,2022,3600.0
2022-09-27 13:00:00,2.802,1.621,-1.181,-80.034167,26.612778,8722670,NOAA_NOS,IAN,2022,3660.0
2022-09-27 14:00:00,2.864,1.617,-1.247,-80.034167,26.612778,8722670,NOAA_NOS,IAN,2022,3720.0
2022-09-27 15:00:00,2.582,1.231,-1.3509999999999998,-80.034167,26.612778,8722670,NOAA_NOS,IAN,2022,3780.0
2022-09-27 16:00:00,2.034,0.597,-1.4369999999999998,-80.034167,26.612778,8722670,NOAA_NOS,IAN,2022,3840.0
2022-09-27 17:00:00,1.319,-0.148,-1.467,-80.034167,26.612778,8722670,NOAA_NOS,IAN,2022,3900.0
2022-09-27 18:00:00,0.551,-0.864,-1.415,-80.034167,26.612778,8722670,NOAA_NOS,IAN,2022,3960.0
2022-09-27 19:00:00,0.085,-1.312,-1.397,-80.034167,26.612778,8722670,NOAA_NOS,IAN,2022,4020.0
2022-09-27 20:00:00,-0.049,-1.361,-1.312,-80.034167,26.612778,8722670,NOAA_NOS,IAN,2022,4080.0
2022-09-27 21:00:00,0.213,-1.04,-1.253,-80.034167,26.612778,8722670,NOAA_NOS,IAN,2022,4140.0
2022-09-27 22:00:00,0.781,-0.447,-1.228,-80.034167,26.612778,8722670,NOAA_NOS,IAN,2022,4200.0
2022-09-27 23:00:00,1.457,0.248,-1.209,-80.034167,26.612778,8722670,NOAA_NOS,IAN,2022,4260.0
2022-09-28 00:00:00,2.126,0.905,-1.221,-80.034167,26.612778,8722670,NOAA_NOS,IAN,2022,4320.0
2022-09-28 01:00:00,2.503,1.367,-1.136,-80.034167,26.612778,8722670,NOAA_NOS,IAN,2022,4380.0
2022-09-28 02:00:00,2.717,1.462,-1.255,-80.034167,26.612778,8722670,NOAA_NOS,IAN,2022,4440.0
2022-09-28 03:00:00,2.448,1.15,-1.298,-80.034167,26.612778,8722670,NOAA_NOS,IAN,2022,4500.0
2022-09-28 04:00:00,1.811,0.553,-1.258,-80.034167,26.612778,8722670,NOAA_NOS,IAN,2022,4560.0
2022-09-28 05:00:00,1.148,-0.176,-1.3239999999999998,-80.034167,26.612778,8722670,NOAA_NOS,IAN,2022,4620.0
2022-09-28 06:00:00,0.423,-0.916,-1.339,-80.034167,26.612778,8722670,NOAA_NOS,IAN,2022,4680.0
2022-09-28 07:00:00,-0.079,-1.455,-1.376,-80.034167,26.612778,8722670,NOAA_NOS,IAN,2022,4740.0
2022-09-28 08:00:00,-0.279,-1.587,-1.3079999999999998,-80.034167,26.612778,8722670,NOAA_NOS,IAN,2022,4800.0
2022-09-28 09:00:00,2.612,-1.306,-3.918,-80.034167,26.612778,8722670,NOAA_NOS,IAN,2022,4860.0
2022-09-28 10:00:00,0.712,-0.701,-1.4129999999999998,-80.034167,26.612778,8722670,NOAA_NOS,IAN,2022,4920.0
2022-09-28 11:00:00,1.316,0.071,-1.245,-80.034167,26.612778,8722670,NOAA_NOS,IAN,2022,4980.0
2022-09-28 12:00:00,1.949,0.851,-1.098,-80.034167,26.612778,8722670,NOAA_NOS,IAN,2022,5040.0
2022-09-28 13:00:00,2.523,1.491,-1.032,-80.034167,26.612778,8722670,NOAA_NOS,IAN,2022,5100.0
2022-09-28 14:00:00,2.805,1.8,-1.005,-80.034167,26.612778,8722670,NOAA_NOS,IAN,2022,5160.0
2022-09-28 15:00:00,2.7,1.678,-1.0220000000000002,-80.034167,26.612778,8722670,NOAA_NOS,IAN,2022,5220.0
2022-09-28 16:00:00,2.234,1.197,-1.037,-80.034167,26.612778,8722670,NOAA_NOS,IAN,2022,5280.0
2022-09-28 17:00:00,1.578,0.508,-1.07,-80.034167,26.612778,8722670,NOAA_NOS,IAN,2022,5340.0
2022-09-28 18:00:00,0.722,-0.277,-0.999,-80.034167,26.612778,8722670,NOAA_NOS,IAN,2022,5400.0
2022-09-28 19:00:00,0.007,-0.963,-0.97,-80.034167,26.612778,8722670,NOAA_NOS,IAN,2022,5460.0
2022-09-28 20:00:00,-0.417,-1.317,-0.8999999999999999,-80.034167,26.612778,8722670,NOAA_NOS,IAN,2022,5520.0
2022-09-28 21:00:00,-0.282,-1.276,-0.994,-80.034167,26.612778,8722670,NOAA_NOS,IAN,2022,5580.0
2022-09-28 22:00:00,0.059,-0.875,-0.934,-80.034167,26.612778,8722670,NOAA_NOS,IAN,2022,5640.0
2022-09-28 23:00:00,0.427,-0.261,-0.688,-80.034167,26.612778,8722670,NOAA_NOS,IAN,2022,5700.0
2022-09-29 00:00:00,1.063,0.388,-0.6749999999999999,-80.034167,26.612778,8722670,NOAA_NOS,IAN,2022,5760.0
2022-09-29 01:00:00,1.617,0.965,-0.652,-80.034167,26.612778,8722670,NOAA_NOS,IAN,2022,5820.0
2022-09-29 02:00:00,1.988,1.287,-0.7010000000000001,-80.034167,26.612778,8722670,NOAA_NOS,IAN,2022,5880.0
2022-09-29 03:00:00,2.011,1.256,-0.7550000000000001,-80.034167,26.612778,8722670,NOAA_NOS,IAN,2022,5940.0
2022-09-29 04:00:00,1.762,0.881,-0.881,-80.034167,26.612778,8722670,NOAA_NOS,IAN,2022,6000.0
2022-09-29 05:00:00,1.152,0.256,-0.8959999999999999,-80.034167,26.612778,8722670,NOAA_NOS,IAN,2022,6060.0
2022-09-29 06:00:00,0.528,-0.447,-0.975,-80.034167,26.612778,8722670,NOAA_NOS,IAN,2022,6120.0
2022-09-29 07:00:00,-0.18,-1.111,-0.931,-80.034167,26.612778,8722670,NOAA_NOS,IAN,2022,6180.0
2022-09-29 08:00:00,-0.656,-1.569,-0.913,-80.034167,26.612778,8722670,NOAA_NOS,IAN,2022,6240.0
2022-09-29 09:00:00,-0.781,-1.63,-0.8489999999999999,-80.034167,26.612778,8722670,NOAA_NOS,IAN,2022,6300.0
2022-09-29 10:00:00,-0.479,-1.283,-0.8039999999999999,-80.034167,26.612778,8722670,NOAA_NOS,IAN,2022,6360.0
2022-09-29 11:00:00,0.056,-0.659,-0.7150000000000001,-80.034167,26.612778,8722670,NOAA_NOS,IAN,2022,6420.0
2022-09-29 12:00:00,0.843,0.117,-0.726,-80.034167,26.612778,8722670,NOAA_NOS,IAN,2022,6480.0
2022-09-29 13:00:00,1.512,0.873,-0.639,-80.034167,26.612778,8722670,NOAA_NOS,IAN,2022,6540.0
2022-09-29 14:00:00,2.142,1.451,-0.6909999999999998,-80.034167,26.612778,8722670,NOAA_NOS,IAN,2022,6600.0
2022-09-29 15:00:00,2.349,1.676,-0.6730000000000003,-80.034167,26.612778,8722670,NOAA_NOS,IAN,2022,6660.0
2022-09-29 16:00:00,2.234,1.486,-0.748,-80.034167,26.612778,8722670,NOAA_NOS,IAN,2022,6720.0
2022-09-29 17:00:00,1.778,0.949,-0.8290000000000001,-80.034167,26.612778,8722670,NOAA_NOS,IAN,2022,6780.0
2022-09-29 18:00:00,1.155,0.236,-0.919,-80.034167,26.612778,8722670,NOAA_NOS,IAN,2022,6840.0
2022-09-29 19:00:00,0.331,-0.499,-0.8300000000000001,-80.034167,26.612778,8722670,NOAA_NOS,IAN,2022,6900.0
2022-09-29 20:00:00,-0.233,-1.128,-0.8949999999999999,-80.034167,26.612778,8722670,NOAA_NOS,IAN,2022,6960.0
2022-09-29 21:00:00,-0.525,-1.452,-0.927,-80.034167,26.612778,8722670,NOAA_NOS,IAN,2022,7020.0
2022-09-29 22:00:00,-0.44,-1.376,-0.936,-80.034167,26.612778,8722670,NOAA_NOS,IAN,2022,7080.0
2022-09-29 23:00:00,-0.023,-0.946,-0.923,-80.034167,26.612778,8722670,NOAA_NOS,IAN,2022,7140.0
2022-09-30 00:00:00,0.469,-0.327,-0.796,-80.034167,26.612778,8722670,NOAA_NOS,IAN,2022,7200.0
2022-09-30 01:00:00,1.043,0.316,-0.7269999999999999,-80.034167,26.612778,8722670,NOAA_NOS,IAN,2022,7260.0
2022-09-30 02:00:00,1.568,0.834,-0.7340000000000001,-80.034167,26.612778,8722670,NOAA_NOS,IAN,2022,7320.0
2022-09-30 03:00:00,1.798,1.098,-0.7,-80.034167,26.612778,8722670,NOAA_NOS,IAN,2022,7380.0
2022-09-30 04:00:00,1.745,1.0,-0.7450000000000001,-80.034167,26.612778,8722670,NOAA_NOS,IAN,2022,7440.0
2022-09-30 05:00:00,1.362,0.552,-0.81,-80.034167,26.612778,8722670,NOAA_NOS,IAN,2022,7500.0
2022-09-30 06:00:00,0.712,-0.09,-0.8019999999999999,-80.034167,26.612778,8722670,NOAA_NOS,IAN,2022,7560.0
2022-09-30 07:00:00,0.056,-0.782,-0.8380000000000001,-80.034167,26.612778,8722670,NOAA_NOS,IAN,2022,7620.0
2022-09-30 08:00:00,-0.489,-1.378,-0.8889999999999999,-80.034167,26.612778,8722670,NOAA_NOS,IAN,2022,7680.0
2022-09-30 09:00:00,-0.82,-1.688,-0.868,-80.034167,26.612778,8722670,NOAA_NOS,IAN,2022,7740.0
2022-09-30 10:00:00,-0.787,-1.612,-0.8250000000000001,-80.034167,26.612778,8722670,NOAA_NOS,IAN,2022,7800.0
2022-09-30 11:00:00,-0.486,-1.163,-0.677,-80.034167,26.612778,8722670,NOAA_NOS,IAN,2022,7860.0
2022-09-30 12:00:00,0.19,-0.478,-0.6679999999999999,-80.034167,26.612778,8722670,NOAA_NOS,IAN,2022,7920.0
2022-09-30 13:00:00,0.955,0.279,-0.6759999999999999,-80.034167,26.612778,8722670,NOAA_NOS,IAN,2022,7980.0
2022-09-30 14:00:00,1.699,0.982,-0.7170000000000001,-80.034167,26.612778,8722670,NOAA_NOS,IAN,2022,8040.0
2022-09-30 15:00:00,2.411,1.461,-0.95,-80.034167,26.612778,8722670,NOAA_NOS,IAN,2022,8100.0
2022-09-30 16:00:00,2.743,1.609,-1.134,-80.034167,26.612778,8722670,NOAA_NOS,IAN,2022,8160.0
2022-09-30 17:00:00,2.608,1.4,-1.2080000000000002,-80.034167,26.612778,8722670,NOAA_NOS,IAN,2022,8220.0
2022-09-30 18:00:00,2.152,0.906,-1.246,-80.034167,26.612778,8722670,NOAA_NOS,IAN,2022,8280.0
2022-09-30 19:00:00,1.588,0.24,-1.348,-80.034167,26.612778,8722670,NOAA_NOS,IAN,2022,8340.0
2022-09-30 20:00:00,1.024,-0.478,-1.502,-80.034167,26.612778,8722670,NOAA_NOS,IAN,2022,8400.0
2022-09-30 21:00:00,0.568,-1.036,-1.604,-80.034167,26.612778,8722670,NOAA_NOS,IAN,2022,8460.0
2022-09-30 22:00:00,0.282,-1.268,-1.55,-80.034167,26.612778,8722670,NOAA_NOS,IAN,2022,8520.0
2022-09-30 23:00:00,0.292,-1.195,-1.487,-80.034167,26.612778,8722670,NOAA_NOS,IAN,2022,8580.0
2022-10-01 00:00:00,0.604,-0.821,-1.4249999999999998,-80.034167,26.612778,8722670,NOAA_NOS,IAN,2022,8640.0
2022-10-01 01:00:00,1.184,-0.227,-1.411,-80.034167,26.612778,8722670,NOAA_NOS,IAN,2022,8700.0
2022-10-01 02:00:00,1.729,0.344,-1.3850000000000002,-80.034167,26.612778,8722670,NOAA_NOS,IAN,2022,8760.0
2022-10-01 03:00:00,2.201,0.825,-1.376,-80.034167,26.612778,8722670,NOAA_NOS,IAN,2022,8820.0
2022-10-01 04:00:00,2.474,1.102,-1.372,-80.034167,26.612778,8722670,NOAA_NOS,IAN,2022,8880.0
2022-10-01 05:00:00,2.356,0.965,-1.391,-80.034167,26.612778,8722670,NOAA_NOS,IAN,2022,8940.0
2022-10-01 06:00:00,1.988,0.509,-1.479,-80.034167,26.612778,8722670,NOAA_NOS,IAN,2022,9000.0
2022-10-01 07:00:00,1.46,-0.12,-1.58,-80.034167,26.612778,8722670,NOAA_NOS,IAN,2022,9060.0
2022-10-01 08:00:00,0.791,-0.843,-1.634,-80.034167,26.612778,8722670,NOAA_NOS,IAN,2022,9120.0
2022-10-01 09:00:00,0.259,-1.479,-1.738,-80.034167,26.612778,8722670,NOAA_NOS,IAN,2022,9180.0
2022-10-01 10:00:00,-0.016,-1.783,-1.767,-80.034167,26.612778,8722670,NOAA_NOS,IAN,2022,9240.0
2022-10-01 11:00:00,0.052,-1.671,-1.723,-80.034167,26.612778,8722670,NOAA_NOS,IAN,2022,9300.0
2022-10-01 12:00:00,0.427,-1.173,-1.6,-80.034167,26.612778,8722670,NOAA_NOS,IAN,2022,9360.0
2022-10-01 13:00:00,1.063,-0.426,-1.489,-80.034167,26.612778,8722670,NOAA_NOS,IAN,2022,9420.0
2022-10-01 14:00:00,1.804,0.366,-1.4380000000000002,-80.034167,26.612778,8722670,NOAA_NOS,IAN,2022,9480.0
2022-10-01 15:00:00,2.474,1.062,-1.412,-80.034167,26.612778,8722670,NOAA_NOS,IAN,2022,9540.0
2022-10-01 16:00:00,2.89,1.526,-1.364,-80.034167,26.612778,8722670,NOAA_NOS,IAN,2022,9600.0
2022-10-01 17:00:00,3.061,1.572,-1.489,-80.034167,26.612778,8722670,NOAA_NOS,IAN,2022,9660.0
2022-10-01 18:00:00,2.864,1.255,-1.609,-80.034167,26.612778,8722670,NOAA_NOS,IAN,2022,9720.0
2022-10-01 19:00:00,2.392,0.699,-1.693,-80.034167,26.612778,8722670,NOAA_NOS,IAN,2022,9780.0
2022-10-01 20:00:00,1.811,0.005,-1.806,-80.034167,26.612778,8722670,NOAA_NOS,IAN,2022,9840.0
2022-10-01 21:00:00,1.243,-0.659,-1.902,-80.034167,26.612778,8722670,NOAA_NOS,IAN,2022,9900.0
2022-10-01 22:00:00,0.791,-1.072,-1.863,-80.034167,26.612778,8722670,NOAA_NOS,IAN,2022,9960.0
2022-10-01 23:00:00,0.597,-1.184,-1.781,-80.034167,26.612778,8722670,NOAA_NOS,IAN,2022,10020.0
2022-09-25 01:00:00,2.356,1.068,-1.2879999999999998,-80.116667,26.081667,8722956,NOAA_NOS,IAN,2022,60.0
2022-09-25 02:00:00,2.024,0.659,-1.365,-80.116667,26.081667,8722956,NOAA_NOS,IAN,2022,120.0
2022-09-25 03:00:00,1.398,0.099,-1.299,-80.116667,26.081667,8722956,NOAA_NOS,IAN,2022,180.0
2022-09-25 04:00:00,0.771,-0.523,-1.294,-80.116667,26.081667,8722956,NOAA_NOS,IAN,2022,240.0
2022-09-25 05:00:00,0.207,-1.019,-1.226,-80.116667,26.081667,8722956,NOAA_NOS,IAN,2022,300.0
2022-09-25 06:00:00,-0.105,-1.232,-1.127,-80.116667,26.081667,8722956,NOAA_NOS,IAN,2022,360.0
2022-09-25 07:00:00,-0.059,-1.129,-1.07,-80.116667,26.081667,8722956,NOAA_NOS,IAN,2022,420.0
2022-09-25 08:00:00,0.272,-0.725,-0.997,-80.116667,26.081667,8722956,NOAA_NOS,IAN,2022,480.0
2022-09-25 09:00:00,0.837,-0.141,-0.978,-80.116667,26.081667,8722956,NOAA_NOS,IAN,2022,540.0
2022-09-25 10:00:00,1.437,0.464,-0.973,-80.116667,26.081667,8722956,NOAA_NOS,IAN,2022,600.0
2022-09-25 11:00:00,2.07,0.963,-1.1069999999999998,-80.116667,26.081667,8722956,NOAA_NOS,IAN,2022,660.0
2022-09-25 12:00:00,2.487,1.259,-1.2280000000000002,-80.116667,26.081667,8722956,NOAA_NOS,IAN,2022,720.0
2022-09-25 13:00:00,2.556,1.212,-1.344,-80.116667,26.081667,8722956,NOAA_NOS,IAN,2022,780.0
2022-09-25 14:00:00,2.297,0.869,-1.4280000000000002,-80.116667,26.081667,8722956,NOAA_NOS,IAN,2022,840.0
2022-09-25 15:00:00,1.713,0.32,-1.393,-80.116667,26.081667,8722956,NOAA_NOS,IAN,2022,900.0
2022-09-25 16:00:00,0.971,-0.299,-1.27,-80.116667,26.081667,8722956,NOAA_NOS,IAN,2022,960.0
2022-09-25 17:00:00,0.335,-0.891,-1.226,-80.116667,26.081667,8722956,NOAA_NOS,IAN,2022,1020.0
2022-09-25 18:00:00,-0.135,-1.237,-1.102,-80.116667,26.081667,8722956,NOAA_NOS,IAN,2022,1080.0
2022-09-25 19:00:00,-0.144,-1.239,-1.0950000000000002,-80.116667,26.081667,8722956,NOAA_NOS,IAN,2022,1140.0
2022-09-25 20:00:00,0.213,-0.917,-1.13,-80.116667,26.081667,8722956,NOAA_NOS,IAN,2022,1200.0
2022-09-25 21:00:00,0.774,-0.358,-1.132,-80.116667,26.081667,8722956,NOAA_NOS,IAN,2022,1260.0
2022-09-25 22:00:00,1.591,0.269,-1.322,-80.116667,26.081667,8722956,NOAA_NOS,IAN,2022,1320.0
2022-09-25 23:00:00,2.129,0.839,-1.29,-80.116667,26.081667,8722956,NOAA_NOS,IAN,2022,1380.0
2022-09-26 00:00:00,2.569,1.221,-1.348,-80.116667,26.081667,8722956,NOAA_NOS,IAN,2022,1440.0
2022-09-26 01:00:00,2.736,1.271,-1.4650000000000003,-80.116667,26.081667,8722956,NOAA_NOS,IAN,2022,1500.0
2022-09-26 02:00:00,2.556,0.99,-1.566,-80.116667,26.081667,8722956,NOAA_NOS,IAN,2022,1560.0
2022-09-26 03:00:00,2.067,0.465,-1.602,-80.116667,26.081667,8722956,NOAA_NOS,IAN,2022,1620.0
2022-09-26 04:00:00,1.401,-0.176,-1.577,-80.116667,26.081667,8722956,NOAA_NOS,IAN,2022,1680.0
2022-09-26 05:00:00,0.679,-0.824,-1.503,-80.116667,26.081667,8722956,NOAA_NOS,IAN,2022,1740.0
2022-09-26 06:00:00,0.079,-1.269,-1.348,-80.116667,26.081667,8722956,NOAA_NOS,IAN,2022,1800.0
2022-09-26 07:00:00,-0.062,-1.365,-1.303,-80.116667,26.081667,8722956,NOAA_NOS,IAN,2022,1860.0
2022-09-26 08:00:00,0.19,-1.111,-1.301,-80.116667,26.081667,8722956,NOAA_NOS,IAN,2022,1920.0
2022-09-26 09:00:00,0.656,-0.572,-1.228,-80.116667,26.081667,8722956,NOAA_NOS,IAN,2022,1980.0
2022-09-26 10:00:00,1.365,0.092,-1.273,-80.116667,26.081667,8722956,NOAA_NOS,IAN,2022,2040.0
2022-09-26 11:00:00,2.064,0.756,-1.308,-80.116667,26.081667,8722956,NOAA_NOS,IAN,2022,2100.0
2022-09-26 12:00:00,2.546,1.252,-1.2939999999999998,-80.116667,26.081667,8722956,NOAA_NOS,IAN,2022,2160.0
2022-09-26 13:00:00,2.874,1.448,-1.4260000000000002,-80.116667,26.081667,8722956,NOAA_NOS,IAN,2022,2220.0
2022-09-26 14:00:00,2.785,1.271,-1.5140000000000002,-80.116667,26.081667,8722956,NOAA_NOS,IAN,2022,2280.0
2022-09-26 15:00:00,2.395,0.797,-1.598,-80.116667,26.081667,8722956,NOAA_NOS,IAN,2022,2340.0
2022-09-26 16:00:00,1.696,0.166,-1.53,-80.116667,26.081667,8722956,NOAA_NOS,IAN,2022,2400.0
2022-09-26 17:00:00,0.965,-0.537,-1.502,-80.116667,26.081667,8722956,NOAA_NOS,IAN,2022,2460.0
2022-09-26 18:00:00,0.305,-1.089,-1.394,-80.116667,26.081667,8722956,NOAA_NOS,IAN,2022,2520.0
2022-09-26 19:00:00,-0.095,-1.328,-1.233,-80.116667,26.081667,8722956,NOAA_NOS,IAN,2022,2580.0
2022-09-26 20:00:00,0.02,-1.2,-1.22,-80.116667,26.081667,8722956,NOAA_NOS,IAN,2022,2640.0
2022-09-26 21:00:00,0.394,-0.757,-1.151,-80.116667,26.081667,8722956,NOAA_NOS,IAN,2022,2700.0
2022-09-26 22:00:00,0.965,-0.121,-1.086,-80.116667,26.081667,8722956,NOAA_NOS,IAN,2022,2760.0
2022-09-26 23:00:00,1.594,0.526,-1.068,-80.116667,26.081667,8722956,NOAA_NOS,IAN,2022,2820.0
2022-09-27 00:00:00,2.149,1.053,-1.096,-80.116667,26.081667,8722956,NOAA_NOS,IAN,2022,2880.0
2022-09-27 01:00:00,2.477,1.336,-1.1409999999999998,-80.116667,26.081667,8722956,NOAA_NOS,IAN,2022,2940.0
2022-09-27 02:00:00,2.484,1.246,-1.238,-80.116667,26.081667,8722956,NOAA_NOS,IAN,2022,3000.0
2022-09-27 03:00:00,2.165,0.826,-1.339,-80.116667,26.081667,8722956,NOAA_NOS,IAN,2022,3060.0
2022-09-27 04:00:00,1.483,0.2,-1.283,-80.116667,26.081667,8722956,NOAA_NOS,IAN,2022,3120.0
2022-09-27 05:00:00,0.702,-0.514,-1.216,-80.116667,26.081667,8722956,NOAA_NOS,IAN,2022,3180.0
2022-09-27 06:00:00,0.059,-1.148,-1.207,-80.116667,26.081667,8722956,NOAA_NOS,IAN,2022,3240.0
2022-09-27 07:00:00,-0.374,-1.494,-1.12,-80.116667,26.081667,8722956,NOAA_NOS,IAN,2022,3300.0
2022-09-27 08:00:00,-0.413,-1.442,-1.029,-80.116667,26.081667,8722956,NOAA_NOS,IAN,2022,3360.0
2022-09-27 09:00:00,-0.062,-1.033,-0.971,-80.116667,26.081667,8722956,NOAA_NOS,IAN,2022,3420.0
2022-09-27 10:00:00,0.538,-0.368,-0.906,-80.116667,26.081667,8722956,NOAA_NOS,IAN,2022,3480.0
2022-09-27 11:00:00,1.309,0.364,-0.945,-80.116667,26.081667,8722956,NOAA_NOS,IAN,2022,3540.0
2022-09-27 12:00:00,2.031,1.01,-1.021,-80.116667,26.081667,8722956,NOAA_NOS,IAN,2022,3600.0
2022-09-27 13:00:00,2.47,1.451,-1.019,-80.116667,26.081667,8722956,NOAA_NOS,IAN,2022,3660.0
2022-09-27 14:00:00,2.677,1.525,-1.152,-80.116667,26.081667,8722956,NOAA_NOS,IAN,2022,3720.0
2022-09-27 15:00:00,2.53,1.24,-1.2899999999999998,-80.116667,26.081667,8722956,NOAA_NOS,IAN,2022,3780.0
2022-09-27 16:00:00,2.067,0.677,-1.39,-80.116667,26.081667,8722956,NOAA_NOS,IAN,2022,3840.0
2022-09-27 17:00:00,1.434,0.006,-1.428,-80.116667,26.081667,8722956,NOAA_NOS,IAN,2022,3900.0
2022-09-27 18:00:00,0.61,-0.691,-1.301,-80.116667,26.081667,8722956,NOAA_NOS,IAN,2022,3960.0
2022-09-27 19:00:00,0.115,-1.166,-1.281,-80.116667,26.081667,8722956,NOAA_NOS,IAN,2022,4020.0
2022-09-27 20:00:00,-0.131,-1.269,-1.138,-80.116667,26.081667,8722956,NOAA_NOS,IAN,2022,4080.0
2022-09-27 21:00:00,0.069,-1.011,-1.0799999999999998,-80.116667,26.081667,8722956,NOAA_NOS,IAN,2022,4140.0
2022-09-27 22:00:00,0.574,-0.465,-1.039,-80.116667,26.081667,8722956,NOAA_NOS,IAN,2022,4200.0
2022-09-27 23:00:00,1.243,0.203,-1.04,-80.116667,26.081667,8722956,NOAA_NOS,IAN,2022,4260.0
2022-09-28 00:00:00,1.936,0.842,-1.094,-80.116667,26.081667,8722956,NOAA_NOS,IAN,2022,4320.0
2022-09-28 01:00:00,2.372,1.326,-1.0459999999999998,-80.116667,26.081667,8722956,NOAA_NOS,IAN,2022,4380.0
2022-09-28 02:00:00,2.631,1.483,-1.1479999999999997,-80.116667,26.081667,8722956,NOAA_NOS,IAN,2022,4440.0
2022-09-28 03:00:00,2.566,1.252,-1.3139999999999998,-80.116667,26.081667,8722956,NOAA_NOS,IAN,2022,4500.0
2022-09-28 04:00:00,2.129,0.705,-1.424,-80.116667,26.081667,8722956,NOAA_NOS,IAN,2022,4560.0
2022-09-28 05:00:00,1.46,0.026,-1.434,-80.116667,26.081667,8722956,NOAA_NOS,IAN,2022,4620.0
2022-09-28 06:00:00,0.679,-0.711,-1.39,-80.116667,26.081667,8722956,NOAA_NOS,IAN,2022,4680.0
2022-09-28 07:00:00,0.102,-1.285,-1.387,-80.116667,26.081667,8722956,NOAA_NOS,IAN,2022,4740.0
2022-09-28 08:00:00,-0.279,-1.497,-1.218,-80.116667,26.081667,8722956,NOAA_NOS,IAN,2022,4800.0
2022-09-28 09:00:00,-0.098,-1.306,-1.208,-80.116667,26.081667,8722956,NOAA_NOS,IAN,2022,4860.0
2022-09-28 10:00:00,0.315,-0.795,-1.11,-80.116667,26.081667,8722956,NOAA_NOS,IAN,2022,4920.0
2022-09-28 11:00:00,0.968,-0.091,-1.059,-80.116667,26.081667,8722956,NOAA_NOS,IAN,2022,4980.0
2022-09-28 12:00:00,1.608,0.674,-0.934,-80.116667,26.081667,8722956,NOAA_NOS,IAN,2022,5040.0
2022-09-28 13:00:00,2.241,1.268,-0.973,-80.116667,26.081667,8722956,NOAA_NOS,IAN,2022,5100.0
2022-09-28 14:00:00,2.585,1.629,-0.956,-80.116667,26.081667,8722956,NOAA_NOS,IAN,2022,5160.0
2022-09-28 15:00:00,2.625,1.592,-1.033,-80.116667,26.081667,8722956,NOAA_NOS,IAN,2022,5220.0
2022-09-28 16:00:00,2.339,1.197,-1.142,-80.116667,26.081667,8722956,NOAA_NOS,IAN,2022,5280.0
2022-09-28 17:00:00,1.706,0.59,-1.116,-80.116667,26.081667,8722956,NOAA_NOS,IAN,2022,5340.0
2022-09-28 18:00:00,0.955,-0.138,-1.093,-80.116667,26.081667,8722956,NOAA_NOS,IAN,2022,5400.0
2022-09-28 19:00:00,0.24,-0.814,-1.0539999999999998,-80.116667,26.081667,8722956,NOAA_NOS,IAN,2022,5460.0
2022-09-28 20:00:00,-0.21,-1.219,-1.009,-80.116667,26.081667,8722956,NOAA_NOS,IAN,2022,5520.0
2022-09-28 21:00:00,-0.128,-1.245,-1.117,-80.116667,26.081667,8722956,NOAA_NOS,IAN,2022,5580.0
2022-09-28 22:00:00,0.164,-0.908,-1.072,-80.116667,26.081667,8722956,NOAA_NOS,IAN,2022,5640.0
2022-09-28 23:00:00,0.554,-0.331,-0.885,-80.116667,26.081667,8722956,NOAA_NOS,IAN,2022,5700.0
2022-09-29 00:00:00,1.138,0.297,-0.841,-80.116667,26.081667,8722956,NOAA_NOS,IAN,2022,5760.0
2022-09-29 01:00:00,1.64,0.853,-0.7869999999999999,-80.116667,26.081667,8722956,NOAA_NOS,IAN,2022,5820.0
2022-09-29 02:00:00,1.946,1.198,-0.748,-80.116667,26.081667,8722956,NOAA_NOS,IAN,2022,5880.0
2022-09-29 03:00:00,2.051,1.227,-0.8240000000000001,-80.116667,26.081667,8722956,NOAA_NOS,IAN,2022,5940.0
2022-09-29 04:00:00,1.814,0.925,-0.889,-80.116667,26.081667,8722956,NOAA_NOS,IAN,2022,6000.0
2022-09-29 05:00:00,1.24,0.352,-0.888,-80.116667,26.081667,8722956,NOAA_NOS,IAN,2022,6060.0
2022-09-29 06:00:00,0.581,-0.306,-0.887,-80.116667,26.081667,8722956,NOAA_NOS,IAN,2022,6120.0
2022-09-29 07:00:00,-0.075,-0.961,-0.886,-80.116667,26.081667,8722956,NOAA_NOS,IAN,2022,6180.0
2022-09-29 08:00:00,-0.568,-1.469,-0.901,-80.116667,26.081667,8722956,NOAA_NOS,IAN,2022,6240.0
2022-09-29 09:00:00,-0.751,-1.626,-0.8749999999999999,-80.116667,26.081667,8722956,NOAA_NOS,IAN,2022,6300.0
2022-09-29 10:00:00,-0.558,-1.374,-0.8160000000000001,-80.116667,26.081667,8722956,NOAA_NOS,IAN,2022,6360.0
2022-09-29 11:00:00,-0.089,-0.827,-0.738,-80.116667,26.081667,8722956,NOAA_NOS,IAN,2022,6420.0
2022-09-29 12:00:00,0.518,-0.112,-0.63,-80.116667,26.081667,8722956,NOAA_NOS,IAN,2022,6480.0
2022-09-29 13:00:00,1.142,0.652,-0.4899999999999999,-80.116667,26.081667,8722956,NOAA_NOS,IAN,2022,6540.0
2022-09-29 14:00:00,1.706,1.182,-0.524,-80.116667,26.081667,8722956,NOAA_NOS,IAN,2022,6600.0
2022-09-29 15:00:00,2.028,1.46,-0.5680000000000001,-80.116667,26.081667,8722956,NOAA_NOS,IAN,2022,6660.0
2022-09-29 16:00:00,1.995,1.362,-0.633,-80.116667,26.081667,8722956,NOAA_NOS,IAN,2022,6720.0
2022-09-29 17:00:00,1.69,0.921,-0.7689999999999999,-80.116667,26.081667,8722956,NOAA_NOS,IAN,2022,6780.0
2022-09-29 18:00:00,1.056,0.26,-0.796,-80.116667,26.081667,8722956,NOAA_NOS,IAN,2022,6840.0
2022-09-29 19:00:00,0.404,-0.412,-0.8160000000000001,-80.116667,26.081667,8722956,NOAA_NOS,IAN,2022,6900.0
2022-09-29 20:00:00,-0.092,-1.003,-0.911,-80.116667,26.081667,8722956,NOAA_NOS,IAN,2022,6960.0
2022-09-29 21:00:00,-0.39,-1.35,-0.96,-80.116667,26.081667,8722956,NOAA_NOS,IAN,2022,7020.0
2022-09-29 22:00:00,-0.374,-1.311,-0.937,-80.116667,26.081667,8722956,NOAA_NOS,IAN,2022,7080.0
2022-09-29 23:00:00,-0.082,-0.925,-0.8430000000000001,-80.116667,26.081667,8722956,NOAA_NOS,IAN,2022,7140.0
2022-09-30 00:00:00,0.344,-0.333,-0.677,-80.116667,26.081667,8722956,NOAA_NOS,IAN,2022,7200.0
2022-09-30 01:00:00,0.945,0.302,-0.643,-80.116667,26.081667,8722956,NOAA_NOS,IAN,2022,7260.0
2022-09-30 02:00:00,1.404,0.824,-0.58,-80.116667,26.081667,8722956,NOAA_NOS,IAN,2022,7320.0
2022-09-30 03:00:00,1.762,1.11,-0.6519999999999999,-80.116667,26.081667,8722956,NOAA_NOS,IAN,2022,7380.0
2022-09-30 04:00:00,1.729,1.068,-0.661,-80.116667,26.081667,8722956,NOAA_NOS,IAN,2022,7440.0
2022-09-30 05:00:00,1.368,0.683,-0.685,-80.116667,26.081667,8722956,NOAA_NOS,IAN,2022,7500.0
2022-09-30 06:00:00,0.83,0.089,-0.741,-80.116667,26.081667,8722956,NOAA_NOS,IAN,2022,7560.0
2022-09-30 07:00:00,0.246,-0.596,-0.842,-80.116667,26.081667,8722956,NOAA_NOS,IAN,2022,7620.0
2022-09-30 08:00:00,-0.341,-1.198,-0.857,-80.116667,26.081667,8722956,NOAA_NOS,IAN,2022,7680.0
2022-09-30 09:00:00,-0.741,-1.576,-0.8350000000000001,-80.116667,26.081667,8722956,NOAA_NOS,IAN,2022,7740.0
2022-09-30 10:00:00,-0.696,-1.578,-0.8820000000000001,-80.116667,26.081667,8722956,NOAA_NOS,IAN,2022,7800.0
2022-09-30 11:00:00,-0.446,-1.225,-0.7790000000000001,-80.116667,26.081667,8722956,NOAA_NOS,IAN,2022,7860.0
2022-09-30 12:00:00,0.049,-0.617,-0.666,-80.116667,26.081667,8722956,NOAA_NOS,IAN,2022,7920.0
2022-09-30 13:00:00,0.712,0.075,-0.637,-80.116667,26.081667,8722956,NOAA_NOS,IAN,2022,7980.0
2022-09-30 14:00:00,1.411,0.726,-0.685,-80.116667,26.081667,8722956,NOAA_NOS,IAN,2022,8040.0
2022-09-30 15:00:00,1.919,1.23,-0.6890000000000001,-80.116667,26.081667,8722956,NOAA_NOS,IAN,2022,8100.0
2022-09-30 16:00:00,2.178,1.428,-0.75,-80.116667,26.081667,8722956,NOAA_NOS,IAN,2022,8160.0
2022-09-30 17:00:00,2.054,1.294,-0.7599999999999998,-80.116667,26.081667,8722956,NOAA_NOS,IAN,2022,8220.0
2022-09-30 18:00:00,1.696,0.879,-0.817,-80.116667,26.081667,8722956,NOAA_NOS,IAN,2022,8280.0
2022-09-30 19:00:00,1.119,0.286,-0.833,-80.116667,26.081667,8722956,NOAA_NOS,IAN,2022,8340.0
2022-09-30 20:00:00,0.482,-0.361,-0.843,-80.116667,26.081667,8722956,NOAA_NOS,IAN,2022,8400.0
2022-09-30 21:00:00,-0.02,-0.9,-0.88,-80.116667,26.081667,8722956,NOAA_NOS,IAN,2022,8460.0
2022-09-30 22:00:00,-0.246,-1.144,-0.8979999999999999,-80.116667,26.081667,8722956,NOAA_NOS,IAN,2022,8520.0
2022-09-30 23:00:00,-0.167,-1.087,-0.92,-80.116667,26.081667,8722956,NOAA_NOS,IAN,2022,8580.0
2022-10-01 00:00:00,0.157,-0.752,-0.909,-80.116667,26.081667,8722956,NOAA_NOS,IAN,2022,8640.0
2022-10-01 01:00:00,0.699,-0.176,-0.875,-80.116667,26.081667,8722956,NOAA_NOS,IAN,2022,8700.0
2022-10-01 02:00:00,1.302,0.384,-0.918,-80.116667,26.081667,8722956,NOAA_NOS,IAN,2022,8760.0
2022-10-01 03:00:00,2.051,0.832,-1.2190000000000003,-80.116667,26.081667,8722956,NOAA_NOS,IAN,2022,8820.0
2022-10-01 04:00:00,2.523,1.138,-1.3850000000000002,-80.116667,26.081667,8722956,NOAA_NOS,IAN,2022,8880.0
2022-10-01 05:00:00,2.477,1.062,-1.4149999999999998,-80.116667,26.081667,8722956,NOAA_NOS,IAN,2022,8940.0
2022-10-01 06:00:00,2.156,0.661,-1.495,-80.116667,26.081667,8722956,NOAA_NOS,IAN,2022,9000.0
2022-10-01 07:00:00,1.614,0.081,-1.533,-80.116667,26.081667,8722956,NOAA_NOS,IAN,2022,9060.0
2022-10-01 08:00:00,1.001,-0.633,-1.634,-80.116667,26.081667,8722956,NOAA_NOS,IAN,2022,9120.0
2022-10-01 09:00:00,0.446,-1.288,-1.734,-80.116667,26.081667,8722956,NOAA_NOS,IAN,2022,9180.0
2022-10-01 10:00:00,0.043,-1.657,-1.7,-80.116667,26.081667,8722956,NOAA_NOS,IAN,2022,9240.0
2022-10-01 11:00:00,0.059,-1.632,-1.6909999999999998,-80.116667,26.081667,8722956,NOAA_NOS,IAN,2022,9300.0
2022-10-01 12:00:00,0.358,-1.246,-1.604,-80.116667,26.081667,8722956,NOAA_NOS,IAN,2022,9360.0
2022-10-01 13:00:00,0.853,-0.575,-1.428,-80.116667,26.081667,8722956,NOAA_NOS,IAN,2022,9420.0
2022-10-01 14:00:00,1.572,0.14,-1.432,-80.116667,26.081667,8722956,NOAA_NOS,IAN,2022,9480.0
2022-10-01 15:00:00,2.192,0.805,-1.387,-80.116667,26.081667,8722956,NOAA_NOS,IAN,2022,9540.0
2022-10-01 16:00:00,2.664,1.275,-1.3890000000000002,-80.116667,26.081667,8722956,NOAA_NOS,IAN,2022,9600.0
2022-10-01 17:00:00,2.871,1.37,-1.501,-80.116667,26.081667,8722956,NOAA_NOS,IAN,2022,9660.0
2022-10-01 18:00:00,2.753,1.127,-1.626,-80.116667,26.081667,8722956,NOAA_NOS,IAN,2022,9720.0
2022-10-01 19:00:00,2.375,0.65,-1.725,-80.116667,26.081667,8722956,NOAA_NOS,IAN,2022,9780.0
2022-10-01 20:00:00,1.795,0.036,-1.759,-80.116667,26.081667,8722956,NOAA_NOS,IAN,2022,9840.0
2022-10-01 21:00:00,1.247,-0.585,-1.832,-80.116667,26.081667,8722956,NOAA_NOS,IAN,2022,9900.0
2022-10-01 22:00:00,0.794,-0.965,-1.759,-80.116667,26.081667,8722956,NOAA_NOS,IAN,2022,9960.0
2022-10-01 23:00:00,0.623,-1.082,-1.705,-80.116667,26.081667,8722956,NOAA_NOS,IAN,2022,10020.0
2022-09-25 01:00:00,2.454,0.785,-1.669,-80.159,25.731155,8723214,NOAA_NOS,IAN,2022,60.0
2022-09-25 02:00:00,2.241,0.714,-1.527,-80.159,25.731155,8723214,NOAA_NOS,IAN,2022,120.0
2022-09-25 03:00:00,1.729,0.381,-1.348,-80.159,25.731155,8723214,NOAA_NOS,IAN,2022,180.0
2022-09-25 04:00:00,1.25,0.018,-1.232,-80.159,25.731155,8723214,NOAA_NOS,IAN,2022,240.0
2022-09-25 05:00:00,0.801,-0.209,-1.01,-80.159,25.731155,8723214,NOAA_NOS,IAN,2022,300.0
2022-09-25 06:00:00,0.394,-0.402,-0.796,-80.159,25.731155,8723214,NOAA_NOS,IAN,2022,360.0
2022-09-25 07:00:00,0.24,-0.532,-0.772,-80.159,25.731155,8723214,NOAA_NOS,IAN,2022,420.0
2022-09-25 08:00:00,0.331,-0.518,-0.849,-80.159,25.731155,8723214,NOAA_NOS,IAN,2022,480.0
2022-09-25 09:00:00,0.696,-0.325,-1.021,-80.159,25.731155,8723214,NOAA_NOS,IAN,2022,540.0
2022-09-25 10:00:00,1.198,0.038,-1.16,-80.159,25.731155,8723214,NOAA_NOS,IAN,2022,600.0
2022-09-25 11:00:00,1.673,0.401,-1.272,-80.159,25.731155,8723214,NOAA_NOS,IAN,2022,660.0
2022-09-25 12:00:00,2.126,0.669,-1.457,-80.159,25.731155,8723214,NOAA_NOS,IAN,2022,720.0
2022-09-25 13:00:00,2.405,0.85,-1.5549999999999995,-80.159,25.731155,8723214,NOAA_NOS,IAN,2022,780.0
2022-09-25 14:00:00,2.382,0.852,-1.5300000000000002,-80.159,25.731155,8723214,NOAA_NOS,IAN,2022,840.0
2022-09-25 15:00:00,1.923,0.582,-1.3410000000000002,-80.159,25.731155,8723214,NOAA_NOS,IAN,2022,900.0
2022-09-25 16:00:00,1.302,0.197,-1.105,-80.159,25.731155,8723214,NOAA_NOS,IAN,2022,960.0
2022-09-25 17:00:00,0.85,-0.096,-0.946,-80.159,25.731155,8723214,NOAA_NOS,IAN,2022,1020.0
2022-09-25 18:00:00,0.427,-0.305,-0.732,-80.159,25.731155,8723214,NOAA_NOS,IAN,2022,1080.0
2022-09-25 19:00:00,0.194,-0.475,-0.669,-80.159,25.731155,8723214,NOAA_NOS,IAN,2022,1140.0
2022-09-25 20:00:00,0.269,-0.524,-0.793,-80.159,25.731155,8723214,NOAA_NOS,IAN,2022,1200.0
2022-09-25 21:00:00,0.617,-0.408,-1.025,-80.159,25.731155,8723214,NOAA_NOS,IAN,2022,1260.0
2022-09-25 22:00:00,1.25,-0.078,-1.328,-80.159,25.731155,8723214,NOAA_NOS,IAN,2022,1320.0
2022-09-25 23:00:00,1.67,0.3,-1.37,-80.159,25.731155,8723214,NOAA_NOS,IAN,2022,1380.0
2022-09-26 00:00:00,2.133,0.598,-1.535,-80.159,25.731155,8723214,NOAA_NOS,IAN,2022,1440.0
2022-09-26 01:00:00,2.5,0.81,-1.69,-80.159,25.731155,8723214,NOAA_NOS,IAN,2022,1500.0
2022-09-26 02:00:00,2.559,0.86,-1.6990000000000005,-80.159,25.731155,8723214,NOAA_NOS,IAN,2022,1560.0
2022-09-26 03:00:00,2.205,0.653,-1.552,-80.159,25.731155,8723214,NOAA_NOS,IAN,2022,1620.0
2022-09-26 04:00:00,1.663,0.259,-1.404,-80.159,25.731155,8723214,NOAA_NOS,IAN,2022,1680.0
2022-09-26 05:00:00,1.175,-0.083,-1.258,-80.159,25.731155,8723214,NOAA_NOS,IAN,2022,1740.0
2022-09-26 06:00:00,0.65,-0.299,-0.949,-80.159,25.731155,8723214,NOAA_NOS,IAN,2022,1800.0
2022-09-26 07:00:00,0.361,-0.489,-0.85,-80.159,25.731155,8723214,NOAA_NOS,IAN,2022,1860.0
2022-09-26 08:00:00,0.381,-0.576,-0.957,-80.159,25.731155,8723214,NOAA_NOS,IAN,2022,1920.0
2022-09-26 09:00:00,0.597,-0.501,-1.098,-80.159,25.731155,8723214,NOAA_NOS,IAN,2022,1980.0
2022-09-26 10:00:00,1.168,-0.203,-1.371,-80.159,25.731155,8723214,NOAA_NOS,IAN,2022,2040.0
2022-09-26 11:00:00,1.67,0.197,-1.473,-80.159,25.731155,8723214,NOAA_NOS,IAN,2022,2100.0
2022-09-26 12:00:00,2.136,0.566,-1.5700000000000005,-80.159,25.731155,8723214,NOAA_NOS,IAN,2022,2160.0
2022-09-26 13:00:00,2.543,0.837,-1.7060000000000002,-80.159,25.731155,8723214,NOAA_NOS,IAN,2022,2220.0
2022-09-26 14:00:00,2.746,0.973,-1.773,-80.159,25.731155,8723214,NOAA_NOS,IAN,2022,2280.0
2022-09-26 15:00:00,2.598,0.885,-1.713,-80.159,25.731155,8723214,NOAA_NOS,IAN,2022,2340.0
2022-09-26 16:00:00,2.008,0.501,-1.507,-80.159,25.731155,8723214,NOAA_NOS,IAN,2022,2400.0
2022-09-26 17:00:00,1.49,0.098,-1.392,-80.159,25.731155,8723214,NOAA_NOS,IAN,2022,2460.0
2022-09-26 18:00:00,0.863,-0.15,-1.013,-80.159,25.731155,8723214,NOAA_NOS,IAN,2022,2520.0
2022-09-26 19:00:00,0.505,-0.359,-0.864,-80.159,25.731155,8723214,NOAA_NOS,IAN,2022,2580.0
2022-09-26 20:00:00,0.328,-0.499,-0.827,-80.159,25.731155,8723214,NOAA_NOS,IAN,2022,2640.0
2022-09-26 21:00:00,0.817,-0.489,-1.306,-80.159,25.731155,8723214,NOAA_NOS,IAN,2022,2700.0
2022-09-26 22:00:00,0.768,-0.286,-1.054,-80.159,25.731155,8723214,NOAA_NOS,IAN,2022,2760.0
2022-09-26 23:00:00,1.404,0.098,-1.3059999999999998,-80.159,25.731155,8723214,NOAA_NOS,IAN,2022,2820.0
2022-09-27 00:00:00,1.804,0.485,-1.319,-80.159,25.731155,8723214,NOAA_NOS,IAN,2022,2880.0
2022-09-27 01:00:00,2.244,0.759,-1.4850000000000003,-80.159,25.731155,8723214,NOAA_NOS,IAN,2022,2940.0
2022-09-27 02:00:00,2.451,0.919,-1.532,-80.159,25.731155,8723214,NOAA_NOS,IAN,2022,3000.0
2022-09-27 03:00:00,2.402,0.876,-1.5260000000000002,-80.159,25.731155,8723214,NOAA_NOS,IAN,2022,3060.0
2022-09-27 04:00:00,1.795,0.523,-1.2719999999999998,-80.159,25.731155,8723214,NOAA_NOS,IAN,2022,3120.0
2022-09-27 05:00:00,1.263,0.112,-1.1509999999999998,-80.159,25.731155,8723214,NOAA_NOS,IAN,2022,3180.0
2022-09-27 06:00:00,0.732,-0.173,-0.905,-80.159,25.731155,8723214,NOAA_NOS,IAN,2022,3240.0
2022-09-27 07:00:00,0.246,-0.401,-0.647,-80.159,25.731155,8723214,NOAA_NOS,IAN,2022,3300.0
2022-09-27 08:00:00,0.049,-0.569,-0.618,-80.159,25.731155,8723214,NOAA_NOS,IAN,2022,3360.0
2022-09-27 09:00:00,0.19,-0.6,-0.79,-80.159,25.731155,8723214,NOAA_NOS,IAN,2022,3420.0
2022-09-27 10:00:00,0.561,-0.453,-1.014,-80.159,25.731155,8723214,NOAA_NOS,IAN,2022,3480.0
2022-09-27 11:00:00,1.142,-0.073,-1.215,-80.159,25.731155,8723214,NOAA_NOS,IAN,2022,3540.0
2022-09-27 12:00:00,1.67,0.357,-1.313,-80.159,25.731155,8723214,NOAA_NOS,IAN,2022,3600.0
2022-09-27 13:00:00,2.178,0.703,-1.475,-80.159,25.731155,8723214,NOAA_NOS,IAN,2022,3660.0
2022-09-27 14:00:00,2.582,0.955,-1.6269999999999998,-80.159,25.731155,8723214,NOAA_NOS,IAN,2022,3720.0
2022-09-27 15:00:00,2.615,1.035,-1.5800000000000003,-80.159,25.731155,8723214,NOAA_NOS,IAN,2022,3780.0
2022-09-27 16:00:00,2.27,0.853,-1.417,-80.159,25.731155,8723214,NOAA_NOS,IAN,2022,3840.0
2022-09-27 17:00:00,1.873,0.44,-1.433,-80.159,25.731155,8723214,NOAA_NOS,IAN,2022,3900.0
2022-09-27 18:00:00,1.309,0.071,-1.238,-80.159,25.731155,8723214,NOAA_NOS,IAN,2022,3960.0
2022-09-27 19:00:00,0.804,-0.14,-0.944,-80.159,25.731155,8723214,NOAA_NOS,IAN,2022,4020.0
2022-09-27 20:00:00,0.518,-0.316,-0.8340000000000001,-80.159,25.731155,8723214,NOAA_NOS,IAN,2022,4080.0
2022-09-27 21:00:00,0.479,-0.39,-0.869,-80.159,25.731155,8723214,NOAA_NOS,IAN,2022,4140.0
2022-09-27 22:00:00,0.774,-0.286,-1.06,-80.159,25.731155,8723214,NOAA_NOS,IAN,2022,4200.0
2022-09-27 23:00:00,1.28,0.071,-1.209,-80.159,25.731155,8723214,NOAA_NOS,IAN,2022,4260.0
2022-09-28 00:00:00,1.9,0.527,-1.3729999999999998,-80.159,25.731155,8723214,NOAA_NOS,IAN,2022,4320.0
2022-09-28 01:00:00,2.346,0.903,-1.443,-80.159,25.731155,8723214,NOAA_NOS,IAN,2022,4380.0
2022-09-28 02:00:00,2.687,1.178,-1.509,-80.159,25.731155,8723214,NOAA_NOS,IAN,2022,4440.0
2022-09-28 03:00:00,2.789,1.293,-1.4960000000000002,-80.159,25.731155,8723214,NOAA_NOS,IAN,2022,4500.0
2022-09-28 04:00:00,2.526,1.124,-1.4019999999999997,-80.159,25.731155,8723214,NOAA_NOS,IAN,2022,4560.0
2022-09-28 05:00:00,2.057,0.806,-1.251,-80.159,25.731155,8723214,NOAA_NOS,IAN,2022,4620.0
2022-09-28 06:00:00,1.512,0.465,-1.047,-80.159,25.731155,8723214,NOAA_NOS,IAN,2022,4680.0
2022-09-28 07:00:00,1.155,0.21,-0.945,-80.159,25.731155,8723214,NOAA_NOS,IAN,2022,4740.0
2022-09-28 08:00:00,0.617,0.032,-0.585,-80.159,25.731155,8723214,NOAA_NOS,IAN,2022,4800.0
2022-09-28 09:00:00,0.492,-0.042,-0.534,-80.159,25.731155,8723214,NOAA_NOS,IAN,2022,4860.0
2022-09-28 10:00:00,0.643,0.021,-0.622,-80.159,25.731155,8723214,NOAA_NOS,IAN,2022,4920.0
2022-09-28 11:00:00,1.033,0.24,-0.7929999999999999,-80.159,25.731155,8723214,NOAA_NOS,IAN,2022,4980.0
2022-09-28 12:00:00,1.611,0.652,-0.959,-80.159,25.731155,8723214,NOAA_NOS,IAN,2022,5040.0
2022-09-28 13:00:00,2.133,1.132,-1.001,-80.159,25.731155,8723214,NOAA_NOS,IAN,2022,5100.0
2022-09-28 14:00:00,2.513,1.504,-1.009,-80.159,25.731155,8723214,NOAA_NOS,IAN,2022,5160.0
2022-09-28 15:00:00,2.687,1.661,-1.0259999999999998,-80.159,25.731155,8723214,NOAA_NOS,IAN,2022,5220.0
2022-09-28 16:00:00,2.539,1.632,-0.9070000000000004,-80.159,25.731155,8723214,NOAA_NOS,IAN,2022,5280.0
2022-09-28 17:00:00,2.169,1.433,-0.736,-80.159,25.731155,8723214,NOAA_NOS,IAN,2022,5340.0
2022-09-28 18:00:00,1.64,1.133,-0.5069999999999999,-80.159,25.731155,8723214,NOAA_NOS,IAN,2022,5400.0
2022-09-28 19:00:00,0.991,0.829,-0.162,-80.159,25.731155,8723214,NOAA_NOS,IAN,2022,5460.0
2022-09-28 20:00:00,0.492,0.544,0.052,-80.159,25.731155,8723214,NOAA_NOS,IAN,2022,5520.0
2022-09-28 21:00:00,0.22,0.344,0.1239999999999999,-80.159,25.731155,8723214,NOAA_NOS,IAN,2022,5580.0
2022-09-28 22:00:00,0.194,0.224,0.03,-80.159,25.731155,8723214,NOAA_NOS,IAN,2022,5640.0
2022-09-28 23:00:00,0.495,0.233,-0.262,-80.159,25.731155,8723214,NOAA_NOS,IAN,2022,5700.0
2022-09-29 00:00:00,1.047,0.388,-0.6589999999999999,-80.159,25.731155,8723214,NOAA_NOS,IAN,2022,5760.0
2022-09-29 01:00:00,1.48,0.714,-0.766,-80.159,25.731155,8723214,NOAA_NOS,IAN,2022,5820.0
2022-09-29 02:00:00,1.745,1.027,-0.7180000000000002,-80.159,25.731155,8723214,NOAA_NOS,IAN,2022,5880.0
2022-09-29 03:00:00,2.014,1.163,-0.8509999999999998,-80.159,25.731155,8723214,NOAA_NOS,IAN,2022,5940.0
2022-09-29 04:00:00,1.919,1.083,-0.8360000000000001,-80.159,25.731155,8723214,NOAA_NOS,IAN,2022,6000.0
2022-09-29 05:00:00,1.542,0.814,-0.7280000000000001,-80.159,25.731155,8723214,NOAA_NOS,IAN,2022,6060.0
2022-09-29 06:00:00,1.03,0.416,-0.6140000000000001,-80.159,25.731155,8723214,NOAA_NOS,IAN,2022,6120.0
2022-09-29 07:00:00,0.472,-0.051,-0.523,-80.159,25.731155,8723214,NOAA_NOS,IAN,2022,6180.0
2022-09-29 08:00:00,-0.026,-0.345,-0.3189999999999999,-80.159,25.731155,8723214,NOAA_NOS,IAN,2022,6240.0
2022-09-29 09:00:00,-0.354,-0.556,-0.202,-80.159,25.731155,8723214,NOAA_NOS,IAN,2022,6300.0
2022-09-29 10:00:00,-0.407,-0.673,-0.266,-80.159,25.731155,8723214,NOAA_NOS,IAN,2022,6360.0
2022-09-29 11:00:00,-0.164,-0.661,-0.497,-80.159,25.731155,8723214,NOAA_NOS,IAN,2022,6420.0
2022-09-29 12:00:00,0.305,-0.45,-0.755,-80.159,25.731155,8723214,NOAA_NOS,IAN,2022,6480.0
2022-09-29 13:00:00,0.86,-0.054,-0.914,-80.159,25.731155,8723214,NOAA_NOS,IAN,2022,6540.0
2022-09-29 14:00:00,1.309,0.334,-0.975,-80.159,25.731155,8723214,NOAA_NOS,IAN,2022,6600.0
2022-09-29 15:00:00,1.719,0.621,-1.098,-80.159,25.731155,8723214,NOAA_NOS,IAN,2022,6660.0
2022-09-29 16:00:00,1.952,0.775,-1.177,-80.159,25.731155,8723214,NOAA_NOS,IAN,2022,6720.0
2022-09-29 17:00:00,1.847,0.722,-1.125,-80.159,25.731155,8723214,NOAA_NOS,IAN,2022,6780.0
2022-09-29 18:00:00,1.391,0.381,-1.01,-80.159,25.731155,8723214,NOAA_NOS,IAN,2022,6840.0
2022-09-29 19:00:00,0.876,-0.029,-0.905,-80.159,25.731155,8723214,NOAA_NOS,IAN,2022,6900.0
2022-09-29 20:00:00,0.453,-0.365,-0.8180000000000001,-80.159,25.731155,8723214,NOAA_NOS,IAN,2022,6960.0
2022-09-29 21:00:00,0.128,-0.561,-0.6890000000000001,-80.159,25.731155,8723214,NOAA_NOS,IAN,2022,7020.0
2022-09-29 22:00:00,-0.046,-0.696,-0.6499999999999999,-80.159,25.731155,8723214,NOAA_NOS,IAN,2022,7080.0
2022-09-29 23:00:00,0.056,-0.698,-0.754,-80.159,25.731155,8723214,NOAA_NOS,IAN,2022,7140.0
2022-09-30 00:00:00,0.387,-0.494,-0.881,-80.159,25.731155,8723214,NOAA_NOS,IAN,2022,7200.0
2022-09-30 01:00:00,0.922,-0.125,-1.0470000000000002,-80.159,25.731155,8723214,NOAA_NOS,IAN,2022,7260.0
2022-09-30 02:00:00,1.348,0.235,-1.113,-80.159,25.731155,8723214,NOAA_NOS,IAN,2022,7320.0
2022-09-30 03:00:00,1.608,0.511,-1.097,-80.159,25.731155,8723214,NOAA_NOS,IAN,2022,7380.0
2022-09-30 04:00:00,1.831,0.691,-1.14,-80.159,25.731155,8723214,NOAA_NOS,IAN,2022,7440.0
2022-09-30 05:00:00,1.808,0.677,-1.131,-80.159,25.731155,8723214,NOAA_NOS,IAN,2022,7500.0
2022-09-30 06:00:00,1.335,0.381,-0.954,-80.159,25.731155,8723214,NOAA_NOS,IAN,2022,7560.0
2022-09-30 07:00:00,0.827,-0.015,-0.842,-80.159,25.731155,8723214,NOAA_NOS,IAN,2022,7620.0
2022-09-30 08:00:00,0.335,-0.317,-0.652,-80.159,25.731155,8723214,NOAA_NOS,IAN,2022,7680.0
2022-09-30 09:00:00,-0.023,-0.52,-0.497,-80.159,25.731155,8723214,NOAA_NOS,IAN,2022,7740.0
2022-09-30 10:00:00,-0.246,-0.685,-0.439,-80.159,25.731155,8723214,NOAA_NOS,IAN,2022,7800.0
2022-09-30 11:00:00,-0.18,-0.733,-0.5529999999999999,-80.159,25.731155,8723214,NOAA_NOS,IAN,2022,7860.0
2022-09-30 12:00:00,0.062,-0.621,-0.683,-80.159,25.731155,8723214,NOAA_NOS,IAN,2022,7920.0
2022-09-30 13:00:00,0.709,-0.299,-1.008,-80.159,25.731155,8723214,NOAA_NOS,IAN,2022,7980.0
2022-09-30 14:00:00,1.24,0.093,-1.147,-80.159,25.731155,8723214,NOAA_NOS,IAN,2022,8040.0
2022-09-30 15:00:00,1.709,0.447,-1.262,-80.159,25.731155,8723214,NOAA_NOS,IAN,2022,8100.0
2022-09-30 16:00:00,2.057,0.71,-1.347,-80.159,25.731155,8723214,NOAA_NOS,IAN,2022,8160.0
2022-09-30 17:00:00,2.333,0.855,-1.4780000000000002,-80.159,25.731155,8723214,NOAA_NOS,IAN,2022,8220.0
2022-09-30 18:00:00,2.283,0.799,-1.484,-80.159,25.731155,8723214,NOAA_NOS,IAN,2022,8280.0
2022-09-30 19:00:00,1.795,0.474,-1.321,-80.159,25.731155,8723214,NOAA_NOS,IAN,2022,8340.0
2022-09-30 20:00:00,1.204,0.098,-1.106,-80.159,25.731155,8723214,NOAA_NOS,IAN,2022,8400.0
2022-09-30 21:00:00,0.768,-0.155,-0.923,-80.159,25.731155,8723214,NOAA_NOS,IAN,2022,8460.0
2022-09-30 22:00:00,0.554,-0.339,-0.893,-80.159,25.731155,8723214,NOAA_NOS,IAN,2022,8520.0
2022-09-30 23:00:00,0.469,-0.468,-0.937,-80.159,25.731155,8723214,NOAA_NOS,IAN,2022,8580.0
2022-10-01 00:00:00,0.538,-0.468,-1.006,-80.159,25.731155,8723214,NOAA_NOS,IAN,2022,8640.0
2022-10-01 01:00:00,0.863,-0.273,-1.136,-80.159,25.731155,8723214,NOAA_NOS,IAN,2022,8700.0
2022-10-01 02:00:00,1.352,0.089,-1.263,-80.159,25.731155,8723214,NOAA_NOS,IAN,2022,8760.0
2022-10-01 03:00:00,1.667,0.428,-1.239,-80.159,25.731155,8723214,NOAA_NOS,IAN,2022,8820.0
2022-10-01 04:00:00,1.965,0.688,-1.277,-80.159,25.731155,8723214,NOAA_NOS,IAN,2022,8880.0
2022-10-01 05:00:00,2.188,0.837,-1.3510000000000002,-80.159,25.731155,8723214,NOAA_NOS,IAN,2022,8940.0
2022-10-01 06:00:00,1.965,0.779,-1.186,-80.159,25.731155,8723214,NOAA_NOS,IAN,2022,9000.0
2022-10-01 07:00:00,1.621,0.443,-1.178,-80.159,25.731155,8723214,NOAA_NOS,IAN,2022,9060.0
2022-10-01 08:00:00,1.096,0.048,-1.048,-80.159,25.731155,8723214,NOAA_NOS,IAN,2022,9120.0
2022-10-01 09:00:00,0.65,-0.242,-0.892,-80.159,25.731155,8723214,NOAA_NOS,IAN,2022,9180.0
2022-10-01 10:00:00,0.328,-0.474,-0.802,-80.159,25.731155,8723214,NOAA_NOS,IAN,2022,9240.0
2022-10-01 11:00:00,0.2,-0.643,-0.843,-80.159,25.731155,8723214,NOAA_NOS,IAN,2022,9300.0
2022-10-01 12:00:00,0.354,-0.682,-1.036,-80.159,25.731155,8723214,NOAA_NOS,IAN,2022,9360.0
2022-10-01 13:00:00,0.636,-0.565,-1.201,-80.159,25.731155,8723214,NOAA_NOS,IAN,2022,9420.0
2022-10-01 14:00:00,1.122,-0.244,-1.366,-80.159,25.731155,8723214,NOAA_NOS,IAN,2022,9480.0
2022-10-01 15:00:00,1.673,0.142,-1.531,-80.159,25.731155,8723214,NOAA_NOS,IAN,2022,9540.0
2022-10-01 16:00:00,2.192,0.488,-1.7040000000000002,-80.159,25.731155,8723214,NOAA_NOS,IAN,2022,9600.0
2022-10-01 17:00:00,2.638,0.71,-1.928,-80.159,25.731155,8723214,NOAA_NOS,IAN,2022,9660.0
2022-10-01 18:00:00,2.808,0.784,-2.024,-80.159,25.731155,8723214,NOAA_NOS,IAN,2022,9720.0
2022-10-01 19:00:00,2.612,0.649,-1.963,-80.159,25.731155,8723214,NOAA_NOS,IAN,2022,9780.0
2022-10-01 20:00:00,2.152,0.272,-1.88,-80.159,25.731155,8723214,NOAA_NOS,IAN,2022,9840.0
2022-10-01 21:00:00,1.696,-0.07,-1.766,-80.159,25.731155,8723214,NOAA_NOS,IAN,2022,9900.0
2022-10-01 22:00:00,1.322,-0.254,-1.576,-80.159,25.731155,8723214,NOAA_NOS,IAN,2022,9960.0
2022-10-01 23:00:00,1.05,-0.412,-1.462,-80.159,25.731155,8723214,NOAA_NOS,IAN,2022,10020.0
2022-09-25 01:00:00,1.191,-0.175,-1.366,-81.1065,24.7138,8723970,NOAA_NOS,IAN,2022,60.0
2022-09-25 02:00:00,1.135,-0.171,-1.306,-81.1065,24.7138,8723970,NOAA_NOS,IAN,2022,120.0
2022-09-25 03:00:00,1.106,-0.125,-1.231,-81.1065,24.7138,8723970,NOAA_NOS,IAN,2022,180.0
2022-09-25 04:00:00,1.243,0.242,-1.001,-81.1065,24.7138,8723970,NOAA_NOS,IAN,2022,240.0
2022-09-25 05:00:00,1.335,0.363,-0.972,-81.1065,24.7138,8723970,NOAA_NOS,IAN,2022,300.0
2022-09-25 06:00:00,1.293,0.431,-0.8619999999999999,-81.1065,24.7138,8723970,NOAA_NOS,IAN,2022,360.0
2022-09-25 07:00:00,1.309,0.518,-0.7909999999999999,-81.1065,24.7138,8723970,NOAA_NOS,IAN,2022,420.0
2022-09-25 08:00:00,1.273,0.441,-0.8319999999999999,-81.1065,24.7138,8723970,NOAA_NOS,IAN,2022,480.0
2022-09-25 09:00:00,1.115,0.112,-1.003,-81.1065,24.7138,8723970,NOAA_NOS,IAN,2022,540.0
2022-09-25 10:00:00,0.945,-0.256,-1.201,-81.1065,24.7138,8723970,NOAA_NOS,IAN,2022,600.0
2022-09-25 11:00:00,0.994,-0.228,-1.222,-81.1065,24.7138,8723970,NOAA_NOS,IAN,2022,660.0
2022-09-25 12:00:00,1.201,-0.091,-1.292,-81.1065,24.7138,8723970,NOAA_NOS,IAN,2022,720.0
2022-09-25 13:00:00,1.316,-0.012,-1.328,-81.1065,24.7138,8723970,NOAA_NOS,IAN,2022,780.0
2022-09-25 14:00:00,1.339,0.036,-1.303,-81.1065,24.7138,8723970,NOAA_NOS,IAN,2022,840.0
2022-09-25 15:00:00,1.381,0.143,-1.238,-81.1065,24.7138,8723970,NOAA_NOS,IAN,2022,900.0
2022-09-25 16:00:00,1.572,0.538,-1.034,-81.1065,24.7138,8723970,NOAA_NOS,IAN,2022,960.0
2022-09-25 17:00:00,1.654,0.645,-1.009,-81.1065,24.7138,8723970,NOAA_NOS,IAN,2022,1020.0
2022-09-25 18:00:00,1.558,0.693,-0.8650000000000001,-81.1065,24.7138,8723970,NOAA_NOS,IAN,2022,1080.0
2022-09-25 19:00:00,1.516,0.759,-0.757,-81.1065,24.7138,8723970,NOAA_NOS,IAN,2022,1140.0
2022-09-25 20:00:00,1.401,0.666,-0.735,-81.1065,24.7138,8723970,NOAA_NOS,IAN,2022,1200.0
2022-09-25 21:00:00,1.135,0.311,-0.8240000000000001,-81.1065,24.7138,8723970,NOAA_NOS,IAN,2022,1260.0
2022-09-25 22:00:00,0.919,-0.151,-1.07,-81.1065,24.7138,8723970,NOAA_NOS,IAN,2022,1320.0
2022-09-25 23:00:00,0.948,-0.286,-1.234,-81.1065,24.7138,8723970,NOAA_NOS,IAN,2022,1380.0
2022-09-26 00:00:00,1.102,-0.15,-1.252,-81.1065,24.7138,8723970,NOAA_NOS,IAN,2022,1440.0
2022-09-26 01:00:00,1.227,-0.079,-1.306,-81.1065,24.7138,8723970,NOAA_NOS,IAN,2022,1500.0
2022-09-26 02:00:00,1.296,-0.053,-1.349,-81.1065,24.7138,8723970,NOAA_NOS,IAN,2022,1560.0
2022-09-26 03:00:00,1.339,-0.042,-1.381,-81.1065,24.7138,8723970,NOAA_NOS,IAN,2022,1620.0
2022-09-26 04:00:00,1.398,0.187,-1.211,-81.1065,24.7138,8723970,NOAA_NOS,IAN,2022,1680.0
2022-09-26 05:00:00,1.621,0.461,-1.16,-81.1065,24.7138,8723970,NOAA_NOS,IAN,2022,1740.0
2022-09-26 06:00:00,1.532,0.481,-1.0510000000000002,-81.1065,24.7138,8723970,NOAA_NOS,IAN,2022,1800.0
2022-09-26 07:00:00,1.473,0.569,-0.904,-81.1065,24.7138,8723970,NOAA_NOS,IAN,2022,1860.0
2022-09-26 08:00:00,1.529,0.544,-0.985,-81.1065,24.7138,8723970,NOAA_NOS,IAN,2022,1920.0
2022-09-26 09:00:00,1.404,0.272,-1.132,-81.1065,24.7138,8723970,NOAA_NOS,IAN,2022,1980.0
2022-09-26 10:00:00,1.204,-0.185,-1.389,-81.1065,24.7138,8723970,NOAA_NOS,IAN,2022,2040.0
2022-09-26 11:00:00,1.138,-0.375,-1.513,-81.1065,24.7138,8723970,NOAA_NOS,IAN,2022,2100.0
2022-09-26 12:00:00,1.286,-0.217,-1.503,-81.1065,24.7138,8723970,NOAA_NOS,IAN,2022,2160.0
2022-09-26 13:00:00,1.391,-0.105,-1.496,-81.1065,24.7138,8723970,NOAA_NOS,IAN,2022,2220.0
2022-09-26 14:00:00,1.47,-0.03,-1.5,-81.1065,24.7138,8723970,NOAA_NOS,IAN,2022,2280.0
2022-09-26 15:00:00,1.519,0.013,-1.506,-81.1065,24.7138,8723970,NOAA_NOS,IAN,2022,2340.0
2022-09-26 16:00:00,1.555,0.2,-1.355,-81.1065,24.7138,8723970,NOAA_NOS,IAN,2022,2400.0
2022-09-26 17:00:00,1.716,0.606,-1.11,-81.1065,24.7138,8723970,NOAA_NOS,IAN,2022,2460.0
2022-09-26 18:00:00,1.818,0.622,-1.1960000000000002,-81.1065,24.7138,8723970,NOAA_NOS,IAN,2022,2520.0
2022-09-26 19:00:00,1.742,0.718,-1.024,-81.1065,24.7138,8723970,NOAA_NOS,IAN,2022,2580.0
2022-09-26 20:00:00,1.768,0.748,-1.02,-81.1065,24.7138,8723970,NOAA_NOS,IAN,2022,2640.0
2022-09-26 21:00:00,1.552,0.557,-0.995,-81.1065,24.7138,8723970,NOAA_NOS,IAN,2022,2700.0
2022-09-26 22:00:00,1.355,0.109,-1.246,-81.1065,24.7138,8723970,NOAA_NOS,IAN,2022,2760.0
2022-09-26 23:00:00,1.155,-0.226,-1.381,-81.1065,24.7138,8723970,NOAA_NOS,IAN,2022,2820.0
2022-09-27 00:00:00,1.227,-0.137,-1.364,-81.1065,24.7138,8723970,NOAA_NOS,IAN,2022,2880.0
2022-09-27 01:00:00,1.499,-0.028,-1.527,-81.1065,24.7138,8723970,NOAA_NOS,IAN,2022,2940.0
2022-09-27 02:00:00,1.467,0.029,-1.4380000000000002,-81.1065,24.7138,8723970,NOAA_NOS,IAN,2022,3000.0
2022-09-27 03:00:00,1.519,0.048,-1.471,-81.1065,24.7138,8723970,NOAA_NOS,IAN,2022,3060.0
2022-09-27 04:00:00,1.476,0.149,-1.327,-81.1065,24.7138,8723970,NOAA_NOS,IAN,2022,3120.0
2022-09-27 05:00:00,1.588,0.53,-1.058,-81.1065,24.7138,8723970,NOAA_NOS,IAN,2022,3180.0
2022-09-27 06:00:00,1.506,0.534,-0.972,-81.1065,24.7138,8723970,NOAA_NOS,IAN,2022,3240.0
2022-09-27 07:00:00,1.421,0.584,-0.8370000000000001,-81.1065,24.7138,8723970,NOAA_NOS,IAN,2022,3300.0
2022-09-27 08:00:00,1.335,0.577,-0.758,-81.1065,24.7138,8723970,NOAA_NOS,IAN,2022,3360.0
2022-09-27 09:00:00,1.181,0.342,-0.839,-81.1065,24.7138,8723970,NOAA_NOS,IAN,2022,3420.0
2022-09-27 10:00:00,0.85,-0.155,-1.005,-81.1065,24.7138,8723970,NOAA_NOS,IAN,2022,3480.0
2022-09-27 11:00:00,0.725,-0.54,-1.265,-81.1065,24.7138,8723970,NOAA_NOS,IAN,2022,3540.0
2022-09-27 12:00:00,0.83,-0.478,-1.3079999999999998,-81.1065,24.7138,8723970,NOAA_NOS,IAN,2022,3600.0
2022-09-27 13:00:00,0.988,-0.352,-1.34,-81.1065,24.7138,8723970,NOAA_NOS,IAN,2022,3660.0
2022-09-27 14:00:00,1.148,-0.262,-1.41,-81.1065,24.7138,8723970,NOAA_NOS,IAN,2022,3720.0
2022-09-27 15:00:00,1.138,-0.221,-1.359,-81.1065,24.7138,8723970,NOAA_NOS,IAN,2022,3780.0
2022-09-27 16:00:00,1.188,-0.244,-1.432,-81.1065,24.7138,8723970,NOAA_NOS,IAN,2022,3840.0
2022-09-27 17:00:00,1.142,-0.244,-1.386,-81.1065,24.7138,8723970,NOAA_NOS,IAN,2022,3900.0
2022-09-27 18:00:00,1.102,-0.01,-1.112,-81.1065,24.7138,8723970,NOAA_NOS,IAN,2022,3960.0
2022-09-27 19:00:00,1.135,0.143,-0.992,-81.1065,24.7138,8723970,NOAA_NOS,IAN,2022,4020.0
2022-09-27 20:00:00,1.135,-0.061,-1.196,-81.1065,24.7138,8723970,NOAA_NOS,IAN,2022,4080.0
2022-09-27 21:00:00,0.846,-0.374,-1.22,-81.1065,24.7138,8723970,NOAA_NOS,IAN,2022,4140.0
2022-09-27 22:00:00,0.797,-0.545,-1.342,-81.1065,24.7138,8723970,NOAA_NOS,IAN,2022,4200.0
2022-09-27 23:00:00,0.84,-0.537,-1.377,-81.1065,24.7138,8723970,NOAA_NOS,IAN,2022,4260.0
2022-09-28 00:00:00,0.997,-0.444,-1.441,-81.1065,24.7138,8723970,NOAA_NOS,IAN,2022,4320.0
2022-09-28 01:00:00,1.089,-0.308,-1.397,-81.1065,24.7138,8723970,NOAA_NOS,IAN,2022,4380.0
2022-09-28 02:00:00,1.22,-0.166,-1.386,-81.1065,24.7138,8723970,NOAA_NOS,IAN,2022,4440.0
2022-09-28 03:00:00,1.306,-0.093,-1.399,-81.1065,24.7138,8723970,NOAA_NOS,IAN,2022,4500.0
2022-09-28 04:00:00,1.322,-0.145,-1.467,-81.1065,24.7138,8723970,NOAA_NOS,IAN,2022,4560.0
2022-09-28 05:00:00,1.168,-0.372,-1.54,-81.1065,24.7138,8723970,NOAA_NOS,IAN,2022,4620.0
2022-09-28 06:00:00,0.925,-0.67,-1.5950000000000002,-81.1065,24.7138,8723970,NOAA_NOS,IAN,2022,4680.0
2022-09-28 07:00:00,0.591,-0.984,-1.575,-81.1065,24.7138,8723970,NOAA_NOS,IAN,2022,4740.0
2022-09-28 08:00:00,0.279,-1.264,-1.543,-81.1065,24.7138,8723970,NOAA_NOS,IAN,2022,4800.0
2022-09-28 09:00:00,0.039,-1.451,-1.49,-81.1065,24.7138,8723970,NOAA_NOS,IAN,2022,4860.0
2022-09-28 10:00:00,0.066,-1.479,-1.5450000000000002,-81.1065,24.7138,8723970,NOAA_NOS,IAN,2022,4920.0
2022-09-28 11:00:00,0.246,-1.349,-1.595,-81.1065,24.7138,8723970,NOAA_NOS,IAN,2022,4980.0
2022-09-28 12:00:00,0.535,-1.174,-1.709,-81.1065,24.7138,8723970,NOAA_NOS,IAN,2022,5040.0
2022-09-28 13:00:00,0.876,-0.862,-1.738,-81.1065,24.7138,8723970,NOAA_NOS,IAN,2022,5100.0
2022-09-28 14:00:00,1.214,-0.5,-1.714,-81.1065,24.7138,8723970,NOAA_NOS,IAN,2022,5160.0
2022-09-28 15:00:00,1.608,-0.107,-1.715,-81.1065,24.7138,8723970,NOAA_NOS,IAN,2022,5220.0
2022-09-28 16:00:00,2.077,0.31,-1.767,-81.1065,24.7138,8723970,NOAA_NOS,IAN,2022,5280.0
2022-09-28 17:00:00,2.343,0.731,-1.612,-81.1065,24.7138,8723970,NOAA_NOS,IAN,2022,5340.0
2022-09-28 18:00:00,2.395,1.04,-1.355,-81.1065,24.7138,8723970,NOAA_NOS,IAN,2022,5400.0
2022-09-28 19:00:00,2.451,1.14,-1.3110000000000002,-81.1065,24.7138,8723970,NOAA_NOS,IAN,2022,5460.0
2022-09-28 20:00:00,2.743,1.31,-1.4329999999999998,-81.1065,24.7138,8723970,NOAA_NOS,IAN,2022,5520.0
2022-09-28 21:00:00,2.579,1.434,-1.1450000000000002,-81.1065,24.7138,8723970,NOAA_NOS,IAN,2022,5580.0
2022-09-28 22:00:00,2.388,1.397,-0.991,-81.1065,24.7138,8723970,NOAA_NOS,IAN,2022,5640.0
2022-09-28 23:00:00,1.995,1.147,-0.8480000000000001,-81.1065,24.7138,8723970,NOAA_NOS,IAN,2022,5700.0
2022-09-29 00:00:00,1.617,0.772,-0.845,-81.1065,24.7138,8723970,NOAA_NOS,IAN,2022,5760.0
2022-09-29 01:00:00,1.365,0.482,-0.883,-81.1065,24.7138,8723970,NOAA_NOS,IAN,2022,5820.0
2022-09-29 02:00:00,1.388,0.432,-0.956,-81.1065,24.7138,8723970,NOAA_NOS,IAN,2022,5880.0
2022-09-29 03:00:00,1.411,0.462,-0.949,-81.1065,24.7138,8723970,NOAA_NOS,IAN,2022,5940.0
2022-09-29 04:00:00,1.427,0.498,-0.929,-81.1065,24.7138,8723970,NOAA_NOS,IAN,2022,6000.0
2022-09-29 05:00:00,1.506,0.789,-0.717,-81.1065,24.7138,8723970,NOAA_NOS,IAN,2022,6060.0
2022-09-29 06:00:00,1.772,1.203,-0.569,-81.1065,24.7138,8723970,NOAA_NOS,IAN,2022,6120.0
2022-09-29 07:00:00,1.837,1.351,-0.486,-81.1065,24.7138,8723970,NOAA_NOS,IAN,2022,6180.0
2022-09-29 08:00:00,1.87,1.611,-0.2590000000000001,-81.1065,24.7138,8723970,NOAA_NOS,IAN,2022,6240.0
2022-09-29 09:00:00,1.867,1.767,-0.1,-81.1065,24.7138,8723970,NOAA_NOS,IAN,2022,6300.0
2022-09-29 10:00:00,1.752,1.619,-0.133,-81.1065,24.7138,8723970,NOAA_NOS,IAN,2022,6360.0
2022-09-29 11:00:00,1.44,1.049,-0.391,-81.1065,24.7138,8723970,NOAA_NOS,IAN,2022,6420.0
2022-09-29 12:00:00,0.968,0.33,-0.6379999999999999,-81.1065,24.7138,8723970,NOAA_NOS,IAN,2022,6480.0
2022-09-29 13:00:00,0.577,-0.128,-0.705,-81.1065,24.7138,8723970,NOAA_NOS,IAN,2022,6540.0
2022-09-29 14:00:00,0.509,-0.26,-0.769,-81.1065,24.7138,8723970,NOAA_NOS,IAN,2022,6600.0
2022-09-29 15:00:00,0.62,-0.149,-0.769,-81.1065,24.7138,8723970,NOAA_NOS,IAN,2022,6660.0
2022-09-29 16:00:00,0.768,-0.114,-0.882,-81.1065,24.7138,8723970,NOAA_NOS,IAN,2022,6720.0
2022-09-29 17:00:00,0.886,-0.081,-0.967,-81.1065,24.7138,8723970,NOAA_NOS,IAN,2022,6780.0
2022-09-29 18:00:00,1.043,0.091,-0.952,-81.1065,24.7138,8723970,NOAA_NOS,IAN,2022,6840.0
2022-09-29 19:00:00,1.348,0.422,-0.9260000000000002,-81.1065,24.7138,8723970,NOAA_NOS,IAN,2022,6900.0
2022-09-29 20:00:00,1.414,0.437,-0.977,-81.1065,24.7138,8723970,NOAA_NOS,IAN,2022,6960.0
2022-09-29 21:00:00,1.486,0.516,-0.97,-81.1065,24.7138,8723970,NOAA_NOS,IAN,2022,7020.0
2022-09-29 22:00:00,1.526,0.535,-0.991,-81.1065,24.7138,8723970,NOAA_NOS,IAN,2022,7080.0
2022-09-29 23:00:00,1.509,0.401,-1.108,-81.1065,24.7138,8723970,NOAA_NOS,IAN,2022,7140.0
2022-09-30 00:00:00,1.411,0.093,-1.318,-81.1065,24.7138,8723970,NOAA_NOS,IAN,2022,7200.0
2022-09-30 01:00:00,1.332,-0.09,-1.4220000000000002,-81.1065,24.7138,8723970,NOAA_NOS,IAN,2022,7260.0
2022-09-30 02:00:00,1.27,0.05,-1.22,-81.1065,24.7138,8723970,NOAA_NOS,IAN,2022,7320.0
2022-09-30 03:00:00,1.407,0.162,-1.245,-81.1065,24.7138,8723970,NOAA_NOS,IAN,2022,7380.0
2022-09-30 04:00:00,1.476,0.233,-1.243,-81.1065,24.7138,8723970,NOAA_NOS,IAN,2022,7440.0
2022-09-30 05:00:00,1.46,0.351,-1.109,-81.1065,24.7138,8723970,NOAA_NOS,IAN,2022,7500.0
2022-09-30 06:00:00,1.516,0.675,-0.841,-81.1065,24.7138,8723970,NOAA_NOS,IAN,2022,7560.0
2022-09-30 07:00:00,1.568,0.82,-0.7480000000000001,-81.1065,24.7138,8723970,NOAA_NOS,IAN,2022,7620.0
2022-09-30 08:00:00,1.46,0.776,-0.6839999999999999,-81.1065,24.7138,8723970,NOAA_NOS,IAN,2022,7680.0
2022-09-30 09:00:00,1.421,0.769,-0.652,-81.1065,24.7138,8723970,NOAA_NOS,IAN,2022,7740.0
2022-09-30 10:00:00,1.342,0.606,-0.7360000000000001,-81.1065,24.7138,8723970,NOAA_NOS,IAN,2022,7800.0
2022-09-30 11:00:00,1.158,0.202,-0.956,-81.1065,24.7138,8723970,NOAA_NOS,IAN,2022,7860.0
2022-09-30 12:00:00,0.869,-0.326,-1.195,-81.1065,24.7138,8723970,NOAA_NOS,IAN,2022,7920.0
2022-09-30 13:00:00,0.587,-0.681,-1.268,-81.1065,24.7138,8723970,NOAA_NOS,IAN,2022,7980.0
2022-09-30 14:00:00,0.486,-0.714,-1.2,-81.1065,24.7138,8723970,NOAA_NOS,IAN,2022,8040.0
2022-09-30 15:00:00,0.587,-0.6,-1.1869999999999998,-81.1065,24.7138,8723970,NOAA_NOS,IAN,2022,8100.0
2022-09-30 16:00:00,0.728,-0.521,-1.249,-81.1065,24.7138,8723970,NOAA_NOS,IAN,2022,8160.0
2022-09-30 17:00:00,0.837,-0.455,-1.292,-81.1065,24.7138,8723970,NOAA_NOS,IAN,2022,8220.0
2022-09-30 18:00:00,0.876,-0.391,-1.267,-81.1065,24.7138,8723970,NOAA_NOS,IAN,2022,8280.0
2022-09-30 19:00:00,0.942,-0.2,-1.142,-81.1065,24.7138,8723970,NOAA_NOS,IAN,2022,8340.0
2022-09-30 20:00:00,1.253,0.164,-1.089,-81.1065,24.7138,8723970,NOAA_NOS,IAN,2022,8400.0
2022-09-30 21:00:00,1.362,0.223,-1.139,-81.1065,24.7138,8723970,NOAA_NOS,IAN,2022,8460.0
2022-09-30 22:00:00,1.375,0.252,-1.123,-81.1065,24.7138,8723970,NOAA_NOS,IAN,2022,8520.0
2022-09-30 23:00:00,1.434,0.279,-1.1549999999999998,-81.1065,24.7138,8723970,NOAA_NOS,IAN,2022,8580.0
2022-10-01 00:00:00,1.44,0.188,-1.252,-81.1065,24.7138,8723970,NOAA_NOS,IAN,2022,8640.0
2022-10-01 01:00:00,1.368,-0.011,-1.379,-81.1065,24.7138,8723970,NOAA_NOS,IAN,2022,8700.0
2022-10-01 02:00:00,1.263,-0.039,-1.3019999999999998,-81.1065,24.7138,8723970,NOAA_NOS,IAN,2022,8760.0
2022-10-01 03:00:00,1.289,0.141,-1.148,-81.1065,24.7138,8723970,NOAA_NOS,IAN,2022,8820.0
2022-10-01 04:00:00,1.378,0.26,-1.118,-81.1065,24.7138,8723970,NOAA_NOS,IAN,2022,8880.0
2022-10-01 05:00:00,1.463,0.421,-1.042,-81.1065,24.7138,8723970,NOAA_NOS,IAN,2022,8940.0
2022-10-01 06:00:00,1.535,0.714,-0.821,-81.1065,24.7138,8723970,NOAA_NOS,IAN,2022,9000.0
2022-10-01 07:00:00,1.696,1.001,-0.6950000000000001,-81.1065,24.7138,8723970,NOAA_NOS,IAN,2022,9060.0
2022-10-01 08:00:00,1.759,0.924,-0.8349999999999999,-81.1065,24.7138,8723970,NOAA_NOS,IAN,2022,9120.0
2022-10-01 09:00:00,1.624,0.867,-0.7570000000000001,-81.1065,24.7138,8723970,NOAA_NOS,IAN,2022,9180.0
2022-10-01 10:00:00,1.522,0.766,-0.756,-81.1065,24.7138,8723970,NOAA_NOS,IAN,2022,9240.0
2022-10-01 11:00:00,1.368,0.491,-0.8770000000000001,-81.1065,24.7138,8723970,NOAA_NOS,IAN,2022,9300.0
2022-10-01 12:00:00,1.132,0.02,-1.112,-81.1065,24.7138,8723970,NOAA_NOS,IAN,2022,9360.0
2022-10-01 13:00:00,0.823,-0.474,-1.297,-81.1065,24.7138,8723970,NOAA_NOS,IAN,2022,9420.0
2022-10-01 14:00:00,0.587,-0.757,-1.344,-81.1065,24.7138,8723970,NOAA_NOS,IAN,2022,9480.0
2022-10-01 15:00:00,0.528,-0.731,-1.259,-81.1065,24.7138,8723970,NOAA_NOS,IAN,2022,9540.0
2022-10-01 16:00:00,0.61,-0.645,-1.255,-81.1065,24.7138,8723970,NOAA_NOS,IAN,2022,9600.0
2022-10-01 17:00:00,0.673,-0.584,-1.257,-81.1065,24.7138,8723970,NOAA_NOS,IAN,2022,9660.0
2022-10-01 18:00:00,0.741,-0.538,-1.279,-81.1065,24.7138,8723970,NOAA_NOS,IAN,2022,9720.0
2022-10-01 19:00:00,0.781,-0.495,-1.276,-81.1065,24.7138,8723970,NOAA_NOS,IAN,2022,9780.0
2022-10-01 20:00:00,0.883,-0.34,-1.223,-81.1065,24.7138,8723970,NOAA_NOS,IAN,2022,9840.0
2022-10-01 21:00:00,1.207,-0.045,-1.252,-81.1065,24.7138,8723970,NOAA_NOS,IAN,2022,9900.0
2022-10-01 22:00:00,1.283,0.017,-1.266,-81.1065,24.7138,8723970,NOAA_NOS,IAN,2022,9960.0
2022-10-01 23:00:00,1.286,0.045,-1.241,-81.1065,24.7138,8723970,NOAA_NOS,IAN,2022,10020.0
2022-09-25 01:00:00,1.682,0.506,-1.176,-81.81291,24.55083,8724580,NOAA_NOS,IAN,2022,60.0
2022-09-25 02:00:00,1.767,0.546,-1.221,-81.81291,24.55083,8724580,NOAA_NOS,IAN,2022,120.0
2022-09-25 03:00:00,1.705,0.423,-1.282,-81.81291,24.55083,8724580,NOAA_NOS,IAN,2022,180.0
2022-09-25 04:00:00,1.521,0.121,-1.4,-81.81291,24.55083,8724580,NOAA_NOS,IAN,2022,240.0
2022-09-25 05:00:00,1.14,-0.199,-1.339,-81.81291,24.55083,8724580,NOAA_NOS,IAN,2022,300.0
2022-09-25 06:00:00,0.806,-0.512,-1.318,-81.81291,24.55083,8724580,NOAA_NOS,IAN,2022,360.0
2022-09-25 07:00:00,0.576,-0.703,-1.279,-81.81291,24.55083,8724580,NOAA_NOS,IAN,2022,420.0
2022-09-25 08:00:00,0.478,-0.693,-1.1709999999999998,-81.81291,24.55083,8724580,NOAA_NOS,IAN,2022,480.0
2022-09-25 09:00:00,0.57,-0.509,-1.079,-81.81291,24.55083,8724580,NOAA_NOS,IAN,2022,540.0
2022-09-25 10:00:00,0.881,-0.15,-1.031,-81.81291,24.55083,8724580,NOAA_NOS,IAN,2022,600.0
2022-09-25 11:00:00,1.222,0.204,-1.018,-81.81291,24.55083,8724580,NOAA_NOS,IAN,2022,660.0
2022-09-25 12:00:00,1.596,0.519,-1.077,-81.81291,24.55083,8724580,NOAA_NOS,IAN,2022,720.0
2022-09-25 13:00:00,1.869,0.773,-1.096,-81.81291,24.55083,8724580,NOAA_NOS,IAN,2022,780.0
2022-09-25 14:00:00,2.039,0.865,-1.1740000000000002,-81.81291,24.55083,8724580,NOAA_NOS,IAN,2022,840.0
2022-09-25 15:00:00,2.007,0.782,-1.225,-81.81291,24.55083,8724580,NOAA_NOS,IAN,2022,900.0
2022-09-25 16:00:00,1.682,0.457,-1.225,-81.81291,24.55083,8724580,NOAA_NOS,IAN,2022,960.0
2022-09-25 17:00:00,1.282,0.093,-1.189,-81.81291,24.55083,8724580,NOAA_NOS,IAN,2022,1020.0
2022-09-25 18:00:00,0.829,-0.291,-1.12,-81.81291,24.55083,8724580,NOAA_NOS,IAN,2022,1080.0
2022-09-25 19:00:00,0.586,-0.584,-1.17,-81.81291,24.55083,8724580,NOAA_NOS,IAN,2022,1140.0
2022-09-25 20:00:00,0.402,-0.684,-1.086,-81.81291,24.55083,8724580,NOAA_NOS,IAN,2022,1200.0
2022-09-25 21:00:00,0.461,-0.603,-1.064,-81.81291,24.55083,8724580,NOAA_NOS,IAN,2022,1260.0
2022-09-25 22:00:00,0.75,-0.298,-1.048,-81.81291,24.55083,8724580,NOAA_NOS,IAN,2022,1320.0
2022-09-25 23:00:00,1.039,0.042,-0.997,-81.81291,24.55083,8724580,NOAA_NOS,IAN,2022,1380.0
2022-09-26 00:00:00,1.383,0.338,-1.045,-81.81291,24.55083,8724580,NOAA_NOS,IAN,2022,1440.0
2022-09-26 01:00:00,1.692,0.588,-1.104,-81.81291,24.55083,8724580,NOAA_NOS,IAN,2022,1500.0
2022-09-26 02:00:00,1.957,0.701,-1.2560000000000002,-81.81291,24.55083,8724580,NOAA_NOS,IAN,2022,1560.0
2022-09-26 03:00:00,2.033,0.655,-1.378,-81.81291,24.55083,8724580,NOAA_NOS,IAN,2022,1620.0
2022-09-26 04:00:00,1.941,0.366,-1.5750000000000002,-81.81291,24.55083,8724580,NOAA_NOS,IAN,2022,1680.0
2022-09-26 05:00:00,1.564,-0.004,-1.568,-81.81291,24.55083,8724580,NOAA_NOS,IAN,2022,1740.0
2022-09-26 06:00:00,1.091,-0.388,-1.479,-81.81291,24.55083,8724580,NOAA_NOS,IAN,2022,1800.0
2022-09-26 07:00:00,0.803,-0.72,-1.523,-81.81291,24.55083,8724580,NOAA_NOS,IAN,2022,1860.0
2022-09-26 08:00:00,0.668,-0.855,-1.523,-81.81291,24.55083,8724580,NOAA_NOS,IAN,2022,1920.0
2022-09-26 09:00:00,0.73,-0.775,-1.505,-81.81291,24.55083,8724580,NOAA_NOS,IAN,2022,1980.0
2022-09-26 10:00:00,0.967,-0.468,-1.435,-81.81291,24.55083,8724580,NOAA_NOS,IAN,2022,2040.0
2022-09-26 11:00:00,1.259,-0.072,-1.331,-81.81291,24.55083,8724580,NOAA_NOS,IAN,2022,2100.0
2022-09-26 12:00:00,1.59,0.286,-1.304,-81.81291,24.55083,8724580,NOAA_NOS,IAN,2022,2160.0
2022-09-26 13:00:00,1.944,0.6,-1.344,-81.81291,24.55083,8724580,NOAA_NOS,IAN,2022,2220.0
2022-09-26 14:00:00,2.194,0.807,-1.387,-81.81291,24.55083,8724580,NOAA_NOS,IAN,2022,2280.0
2022-09-26 15:00:00,2.318,0.828,-1.4900000000000002,-81.81291,24.55083,8724580,NOAA_NOS,IAN,2022,2340.0
2022-09-26 16:00:00,2.358,0.637,-1.721,-81.81291,24.55083,8724580,NOAA_NOS,IAN,2022,2400.0
2022-09-26 17:00:00,1.993,0.284,-1.709,-81.81291,24.55083,8724580,NOAA_NOS,IAN,2022,2460.0
2022-09-26 18:00:00,1.57,-0.074,-1.644,-81.81291,24.55083,8724580,NOAA_NOS,IAN,2022,2520.0
2022-09-26 19:00:00,1.088,-0.418,-1.506,-81.81291,24.55083,8724580,NOAA_NOS,IAN,2022,2580.0
2022-09-26 20:00:00,0.829,-0.613,-1.442,-81.81291,24.55083,8724580,NOAA_NOS,IAN,2022,2640.0
2022-09-26 21:00:00,0.757,-0.584,-1.341,-81.81291,24.55083,8724580,NOAA_NOS,IAN,2022,2700.0
2022-09-26 22:00:00,0.901,-0.365,-1.266,-81.81291,24.55083,8724580,NOAA_NOS,IAN,2022,2760.0
2022-09-26 23:00:00,1.232,0.019,-1.213,-81.81291,24.55083,8724580,NOAA_NOS,IAN,2022,2820.0
2022-09-27 00:00:00,1.465,0.35,-1.1150000000000002,-81.81291,24.55083,8724580,NOAA_NOS,IAN,2022,2880.0
2022-09-27 01:00:00,1.734,0.637,-1.097,-81.81291,24.55083,8724580,NOAA_NOS,IAN,2022,2940.0
2022-09-27 02:00:00,2.003,0.83,-1.173,-81.81291,24.55083,8724580,NOAA_NOS,IAN,2022,3000.0
2022-09-27 03:00:00,2.082,0.851,-1.231,-81.81291,24.55083,8724580,NOAA_NOS,IAN,2022,3060.0
2022-09-27 04:00:00,2.118,0.662,-1.456,-81.81291,24.55083,8724580,NOAA_NOS,IAN,2022,3120.0
2022-09-27 05:00:00,1.734,0.251,-1.483,-81.81291,24.55083,8724580,NOAA_NOS,IAN,2022,3180.0
2022-09-27 06:00:00,1.2,-0.178,-1.378,-81.81291,24.55083,8724580,NOAA_NOS,IAN,2022,3240.0
2022-09-27 07:00:00,0.77,-0.604,-1.374,-81.81291,24.55083,8724580,NOAA_NOS,IAN,2022,3300.0
2022-09-27 08:00:00,0.36,-0.901,-1.261,-81.81291,24.55083,8724580,NOAA_NOS,IAN,2022,3360.0
2022-09-27 09:00:00,0.337,-0.97,-1.307,-81.81291,24.55083,8724580,NOAA_NOS,IAN,2022,3420.0
2022-09-27 10:00:00,0.406,-0.793,-1.199,-81.81291,24.55083,8724580,NOAA_NOS,IAN,2022,3480.0
2022-09-27 11:00:00,0.743,-0.385,-1.128,-81.81291,24.55083,8724580,NOAA_NOS,IAN,2022,3540.0
2022-09-27 12:00:00,1.127,-0.017,-1.144,-81.81291,24.55083,8724580,NOAA_NOS,IAN,2022,3600.0
2022-09-27 13:00:00,1.498,0.33,-1.168,-81.81291,24.55083,8724580,NOAA_NOS,IAN,2022,3660.0
2022-09-27 14:00:00,1.839,0.633,-1.206,-81.81291,24.55083,8724580,NOAA_NOS,IAN,2022,3720.0
2022-09-27 15:00:00,2.013,0.803,-1.21,-81.81291,24.55083,8724580,NOAA_NOS,IAN,2022,3780.0
2022-09-27 16:00:00,2.187,0.794,-1.3929999999999998,-81.81291,24.55083,8724580,NOAA_NOS,IAN,2022,3840.0
2022-09-27 17:00:00,2.053,0.627,-1.426,-81.81291,24.55083,8724580,NOAA_NOS,IAN,2022,3900.0
2022-09-27 18:00:00,1.826,0.392,-1.4340000000000002,-81.81291,24.55083,8724580,NOAA_NOS,IAN,2022,3960.0
2022-09-27 19:00:00,1.6,0.097,-1.503,-81.81291,24.55083,8724580,NOAA_NOS,IAN,2022,4020.0
2022-09-27 20:00:00,1.357,-0.081,-1.438,-81.81291,24.55083,8724580,NOAA_NOS,IAN,2022,4080.0
2022-09-27 21:00:00,1.262,0.019,-1.243,-81.81291,24.55083,8724580,NOAA_NOS,IAN,2022,4140.0
2022-09-27 22:00:00,1.531,0.343,-1.188,-81.81291,24.55083,8724580,NOAA_NOS,IAN,2022,4200.0
2022-09-27 23:00:00,1.921,0.794,-1.127,-81.81291,24.55083,8724580,NOAA_NOS,IAN,2022,4260.0
2022-09-28 00:00:00,2.308,1.25,-1.0579999999999998,-81.81291,24.55083,8724580,NOAA_NOS,IAN,2022,4320.0
2022-09-28 01:00:00,2.902,1.604,-1.298,-81.81291,24.55083,8724580,NOAA_NOS,IAN,2022,4380.0
2022-09-28 02:00:00,3.099,1.82,-1.279,-81.81291,24.55083,8724580,NOAA_NOS,IAN,2022,4440.0
2022-09-28 03:00:00,3.276,1.835,-1.4409999999999998,-81.81291,24.55083,8724580,NOAA_NOS,IAN,2022,4500.0
2022-09-28 04:00:00,3.109,1.617,-1.492,-81.81291,24.55083,8724580,NOAA_NOS,IAN,2022,4560.0
2022-09-28 05:00:00,2.85,1.192,-1.658,-81.81291,24.55083,8724580,NOAA_NOS,IAN,2022,4620.0
2022-09-28 06:00:00,2.427,0.683,-1.744,-81.81291,24.55083,8724580,NOAA_NOS,IAN,2022,4680.0
2022-09-28 07:00:00,1.839,0.197,-1.642,-81.81291,24.55083,8724580,NOAA_NOS,IAN,2022,4740.0
2022-09-28 08:00:00,1.298,-0.23,-1.528,-81.81291,24.55083,8724580,NOAA_NOS,IAN,2022,4800.0
2022-09-28 09:00:00,1.101,-0.484,-1.585,-81.81291,24.55083,8724580,NOAA_NOS,IAN,2022,4860.0
2022-09-28 10:00:00,0.96,-0.494,-1.454,-81.81291,24.55083,8724580,NOAA_NOS,IAN,2022,4920.0
2022-09-28 11:00:00,1.216,-0.313,-1.529,-81.81291,24.55083,8724580,NOAA_NOS,IAN,2022,4980.0
2022-09-28 12:00:00,1.327,-0.042,-1.369,-81.81291,24.55083,8724580,NOAA_NOS,IAN,2022,5040.0
2022-09-28 13:00:00,1.469,0.248,-1.221,-81.81291,24.55083,8724580,NOAA_NOS,IAN,2022,5100.0
2022-09-28 14:00:00,1.623,0.525,-1.098,-81.81291,24.55083,8724580,NOAA_NOS,IAN,2022,5160.0
2022-09-28 15:00:00,1.82,0.734,-1.086,-81.81291,24.55083,8724580,NOAA_NOS,IAN,2022,5220.0
2022-09-28 16:00:00,1.993,0.781,-1.2120000000000002,-81.81291,24.55083,8724580,NOAA_NOS,IAN,2022,5280.0
2022-09-28 17:00:00,1.806,0.564,-1.242,-81.81291,24.55083,8724580,NOAA_NOS,IAN,2022,5340.0
2022-09-28 18:00:00,1.554,0.289,-1.265,-81.81291,24.55083,8724580,NOAA_NOS,IAN,2022,5400.0
2022-09-28 19:00:00,1.203,-0.013,-1.216,-81.81291,24.55083,8724580,NOAA_NOS,IAN,2022,5460.0
2022-09-28 20:00:00,0.901,-0.283,-1.184,-81.81291,24.55083,8724580,NOAA_NOS,IAN,2022,5520.0
2022-09-28 21:00:00,0.871,-0.454,-1.325,-81.81291,24.55083,8724580,NOAA_NOS,IAN,2022,5580.0
2022-09-28 22:00:00,0.77,-0.413,-1.183,-81.81291,24.55083,8724580,NOAA_NOS,IAN,2022,5640.0
2022-09-28 23:00:00,0.96,-0.214,-1.174,-81.81291,24.55083,8724580,NOAA_NOS,IAN,2022,5700.0
2022-09-29 00:00:00,1.259,0.058,-1.2009999999999998,-81.81291,24.55083,8724580,NOAA_NOS,IAN,2022,5760.0
2022-09-29 01:00:00,1.498,0.432,-1.066,-81.81291,24.55083,8724580,NOAA_NOS,IAN,2022,5820.0
2022-09-29 02:00:00,1.764,0.755,-1.009,-81.81291,24.55083,8724580,NOAA_NOS,IAN,2022,5880.0
2022-09-29 03:00:00,2.013,1.007,-1.006,-81.81291,24.55083,8724580,NOAA_NOS,IAN,2022,5940.0
2022-09-29 04:00:00,2.161,1.086,-1.075,-81.81291,24.55083,8724580,NOAA_NOS,IAN,2022,6000.0
2022-09-29 05:00:00,1.993,0.956,-1.037,-81.81291,24.55083,8724580,NOAA_NOS,IAN,2022,6060.0
2022-09-29 06:00:00,1.423,0.592,-0.8310000000000001,-81.81291,24.55083,8724580,NOAA_NOS,IAN,2022,6120.0
2022-09-29 07:00:00,1.078,0.147,-0.931,-81.81291,24.55083,8724580,NOAA_NOS,IAN,2022,6180.0
2022-09-29 08:00:00,0.57,-0.354,-0.924,-81.81291,24.55083,8724580,NOAA_NOS,IAN,2022,6240.0
2022-09-29 09:00:00,0.163,-0.807,-0.97,-81.81291,24.55083,8724580,NOAA_NOS,IAN,2022,6300.0
2022-09-29 10:00:00,-0.152,-1.069,-0.917,-81.81291,24.55083,8724580,NOAA_NOS,IAN,2022,6360.0
2022-09-29 11:00:00,-0.224,-1.06,-0.8360000000000001,-81.81291,24.55083,8724580,NOAA_NOS,IAN,2022,6420.0
2022-09-29 12:00:00,-0.067,-0.861,-0.794,-81.81291,24.55083,8724580,NOAA_NOS,IAN,2022,6480.0
2022-09-29 13:00:00,0.251,-0.506,-0.757,-81.81291,24.55083,8724580,NOAA_NOS,IAN,2022,6540.0
2022-09-29 14:00:00,0.616,-0.203,-0.819,-81.81291,24.55083,8724580,NOAA_NOS,IAN,2022,6600.0
2022-09-29 15:00:00,0.848,0.052,-0.7959999999999999,-81.81291,24.55083,8724580,NOAA_NOS,IAN,2022,6660.0
2022-09-29 16:00:00,1.134,0.223,-0.911,-81.81291,24.55083,8724580,NOAA_NOS,IAN,2022,6720.0
2022-09-29 17:00:00,1.219,0.256,-0.963,-81.81291,24.55083,8724580,NOAA_NOS,IAN,2022,6780.0
2022-09-29 18:00:00,1.239,0.141,-1.098,-81.81291,24.55083,8724580,NOAA_NOS,IAN,2022,6840.0
2022-09-29 19:00:00,1.029,-0.097,-1.126,-81.81291,24.55083,8724580,NOAA_NOS,IAN,2022,6900.0
2022-09-29 20:00:00,0.793,-0.318,-1.111,-81.81291,24.55083,8724580,NOAA_NOS,IAN,2022,6960.0
2022-09-29 21:00:00,0.556,-0.516,-1.072,-81.81291,24.55083,8724580,NOAA_NOS,IAN,2022,7020.0
2022-09-29 22:00:00,0.514,-0.604,-1.118,-81.81291,24.55083,8724580,NOAA_NOS,IAN,2022,7080.0
2022-09-29 23:00:00,0.599,-0.488,-1.087,-81.81291,24.55083,8724580,NOAA_NOS,IAN,2022,7140.0
2022-09-30 00:00:00,0.878,-0.22,-1.098,-81.81291,24.55083,8724580,NOAA_NOS,IAN,2022,7200.0
2022-09-30 01:00:00,1.173,0.181,-0.992,-81.81291,24.55083,8724580,NOAA_NOS,IAN,2022,7260.0
2022-09-30 02:00:00,1.557,0.529,-1.028,-81.81291,24.55083,8724580,NOAA_NOS,IAN,2022,7320.0
2022-09-30 03:00:00,1.833,0.783,-1.0499999999999998,-81.81291,24.55083,8724580,NOAA_NOS,IAN,2022,7380.0
2022-09-30 04:00:00,1.974,0.919,-1.055,-81.81291,24.55083,8724580,NOAA_NOS,IAN,2022,7440.0
2022-09-30 05:00:00,1.951,0.898,-1.053,-81.81291,24.55083,8724580,NOAA_NOS,IAN,2022,7500.0
2022-09-30 06:00:00,1.846,0.635,-1.211,-81.81291,24.55083,8724580,NOAA_NOS,IAN,2022,7560.0
2022-09-30 07:00:00,1.383,0.214,-1.169,-81.81291,24.55083,8724580,NOAA_NOS,IAN,2022,7620.0
2022-09-30 08:00:00,0.937,-0.224,-1.161,-81.81291,24.55083,8724580,NOAA_NOS,IAN,2022,7680.0
2022-09-30 09:00:00,0.511,-0.648,-1.159,-81.81291,24.55083,8724580,NOAA_NOS,IAN,2022,7740.0
2022-09-30 10:00:00,0.094,-0.971,-1.065,-81.81291,24.55083,8724580,NOAA_NOS,IAN,2022,7800.0
2022-09-30 11:00:00,-0.067,-1.11,-1.043,-81.81291,24.55083,8724580,NOAA_NOS,IAN,2022,7860.0
2022-09-30 12:00:00,-0.113,-1.057,-0.944,-81.81291,24.55083,8724580,NOAA_NOS,IAN,2022,7920.0
2022-09-30 13:00:00,0.064,-0.785,-0.849,-81.81291,24.55083,8724580,NOAA_NOS,IAN,2022,7980.0
2022-09-30 14:00:00,0.356,-0.523,-0.879,-81.81291,24.55083,8724580,NOAA_NOS,IAN,2022,8040.0
2022-09-30 15:00:00,0.721,-0.286,-1.007,-81.81291,24.55083,8724580,NOAA_NOS,IAN,2022,8100.0
2022-09-30 16:00:00,1.026,-0.061,-1.087,-81.81291,24.55083,8724580,NOAA_NOS,IAN,2022,8160.0
2022-09-30 17:00:00,1.268,0.084,-1.184,-81.81291,24.55083,8724580,NOAA_NOS,IAN,2022,8220.0
2022-09-30 18:00:00,1.403,0.113,-1.29,-81.81291,24.55083,8724580,NOAA_NOS,IAN,2022,8280.0
2022-09-30 19:00:00,1.38,0.052,-1.3279999999999998,-81.81291,24.55083,8724580,NOAA_NOS,IAN,2022,8340.0
2022-09-30 20:00:00,1.295,-0.115,-1.41,-81.81291,24.55083,8724580,NOAA_NOS,IAN,2022,8400.0
2022-09-30 21:00:00,1.101,-0.289,-1.39,-81.81291,24.55083,8724580,NOAA_NOS,IAN,2022,8460.0
2022-09-30 22:00:00,0.96,-0.421,-1.381,-81.81291,24.55083,8724580,NOAA_NOS,IAN,2022,8520.0
2022-09-30 23:00:00,0.885,-0.403,-1.288,-81.81291,24.55083,8724580,NOAA_NOS,IAN,2022,8580.0
2022-10-01 00:00:00,0.967,-0.207,-1.174,-81.81291,24.55083,8724580,NOAA_NOS,IAN,2022,8640.0
2022-10-01 01:00:00,1.144,0.07,-1.0739999999999998,-81.81291,24.55083,8724580,NOAA_NOS,IAN,2022,8700.0
2022-10-01 02:00:00,1.393,0.422,-0.971,-81.81291,24.55083,8724580,NOAA_NOS,IAN,2022,8760.0
2022-10-01 03:00:00,1.639,0.744,-0.895,-81.81291,24.55083,8724580,NOAA_NOS,IAN,2022,8820.0
2022-10-01 04:00:00,1.859,0.951,-0.908,-81.81291,24.55083,8724580,NOAA_NOS,IAN,2022,8880.0
2022-10-01 05:00:00,2.023,1.066,-0.957,-81.81291,24.55083,8724580,NOAA_NOS,IAN,2022,8940.0
2022-10-01 06:00:00,2.0,1.014,-0.986,-81.81291,24.55083,8724580,NOAA_NOS,IAN,2022,9000.0
2022-10-01 07:00:00,1.806,0.706,-1.1,-81.81291,24.55083,8724580,NOAA_NOS,IAN,2022,9060.0
2022-10-01 08:00:00,1.432,0.284,-1.148,-81.81291,24.55083,8724580,NOAA_NOS,IAN,2022,9120.0
2022-10-01 09:00:00,1.003,-0.157,-1.16,-81.81291,24.55083,8724580,NOAA_NOS,IAN,2022,9180.0
2022-10-01 10:00:00,0.642,-0.582,-1.224,-81.81291,24.55083,8724580,NOAA_NOS,IAN,2022,9240.0
2022-10-01 11:00:00,0.356,-0.909,-1.265,-81.81291,24.55083,8724580,NOAA_NOS,IAN,2022,9300.0
2022-10-01 12:00:00,0.238,-1.044,-1.282,-81.81291,24.55083,8724580,NOAA_NOS,IAN,2022,9360.0
2022-10-01 13:00:00,0.261,-0.976,-1.237,-81.81291,24.55083,8724580,NOAA_NOS,IAN,2022,9420.0
2022-10-01 14:00:00,0.458,-0.736,-1.194,-81.81291,24.55083,8724580,NOAA_NOS,IAN,2022,9480.0
2022-10-01 15:00:00,0.638,-0.527,-1.165,-81.81291,24.55083,8724580,NOAA_NOS,IAN,2022,9540.0
2022-10-01 16:00:00,0.871,-0.349,-1.22,-81.81291,24.55083,8724580,NOAA_NOS,IAN,2022,9600.0
2022-10-01 17:00:00,1.052,-0.173,-1.225,-81.81291,24.55083,8724580,NOAA_NOS,IAN,2022,9660.0
2022-10-01 18:00:00,1.209,-0.073,-1.282,-81.81291,24.55083,8724580,NOAA_NOS,IAN,2022,9720.0
2022-10-01 19:00:00,1.301,-0.082,-1.383,-81.81291,24.55083,8724580,NOAA_NOS,IAN,2022,9780.0
2022-10-01 20:00:00,1.295,-0.128,-1.423,-81.81291,24.55083,8724580,NOAA_NOS,IAN,2022,9840.0
2022-10-01 21:00:00,1.147,-0.233,-1.38,-81.81291,24.55083,8724580,NOAA_NOS,IAN,2022,9900.0
2022-10-01 22:00:00,0.976,-0.338,-1.314,-81.81291,24.55083,8724580,NOAA_NOS,IAN,2022,9960.0
2022-10-01 23:00:00,0.852,-0.384,-1.236,-81.81291,24.55083,8724580,NOAA_NOS,IAN,2022,10020.0
2022-09-25 01:00:00,0.6,-0.149,-0.749,-81.8106,26.131667,8725110,NOAA_NOS,IAN,2022,60.0
2022-09-25 02:00:00,1.119,0.39,-0.729,-81.8106,26.131667,8725110,NOAA_NOS,IAN,2022,120.0
2022-09-25 03:00:00,1.627,0.707,-0.92,-81.8106,26.131667,8725110,NOAA_NOS,IAN,2022,180.0
2022-09-25 04:00:00,1.952,0.892,-1.06,-81.8106,26.131667,8725110,NOAA_NOS,IAN,2022,240.0
2022-09-25 05:00:00,2.057,0.941,-1.116,-81.8106,26.131667,8725110,NOAA_NOS,IAN,2022,300.0
2022-09-25 06:00:00,1.778,0.631,-1.147,-81.8106,26.131667,8725110,NOAA_NOS,IAN,2022,360.0
2022-09-25 07:00:00,1.358,0.049,-1.3090000000000002,-81.8106,26.131667,8725110,NOAA_NOS,IAN,2022,420.0
2022-09-25 08:00:00,0.827,-0.453,-1.28,-81.8106,26.131667,8725110,NOAA_NOS,IAN,2022,480.0
2022-09-25 09:00:00,0.394,-0.809,-1.203,-81.8106,26.131667,8725110,NOAA_NOS,IAN,2022,540.0
2022-09-25 10:00:00,0.118,-1.025,-1.1429999999999998,-81.8106,26.131667,8725110,NOAA_NOS,IAN,2022,600.0
2022-09-25 11:00:00,0.194,-1.058,-1.252,-81.8106,26.131667,8725110,NOAA_NOS,IAN,2022,660.0
2022-09-25 12:00:00,0.597,-0.678,-1.275,-81.8106,26.131667,8725110,NOAA_NOS,IAN,2022,720.0
2022-09-25 13:00:00,1.191,0.036,-1.155,-81.8106,26.131667,8725110,NOAA_NOS,IAN,2022,780.0
2022-09-25 14:00:00,1.614,0.644,-0.97,-81.8106,26.131667,8725110,NOAA_NOS,IAN,2022,840.0
2022-09-25 15:00:00,2.073,1.021,-1.052,-81.8106,26.131667,8725110,NOAA_NOS,IAN,2022,900.0
2022-09-25 16:00:00,2.27,1.243,-1.027,-81.8106,26.131667,8725110,NOAA_NOS,IAN,2022,960.0
2022-09-25 17:00:00,2.32,1.312,-1.0079999999999998,-81.8106,26.131667,8725110,NOAA_NOS,IAN,2022,1020.0
2022-09-25 18:00:00,2.001,1.047,-0.954,-81.8106,26.131667,8725110,NOAA_NOS,IAN,2022,1080.0
2022-09-25 19:00:00,1.581,0.405,-1.176,-81.8106,26.131667,8725110,NOAA_NOS,IAN,2022,1140.0
2022-09-25 20:00:00,0.974,-0.239,-1.213,-81.8106,26.131667,8725110,NOAA_NOS,IAN,2022,1200.0
2022-09-25 21:00:00,0.43,-0.755,-1.185,-81.8106,26.131667,8725110,NOAA_NOS,IAN,2022,1260.0
2022-09-25 22:00:00,-0.062,-1.111,-1.049,-81.8106,26.131667,8725110,NOAA_NOS,IAN,2022,1320.0
2022-09-25 23:00:00,-0.243,-1.288,-1.045,-81.8106,26.131667,8725110,NOAA_NOS,IAN,2022,1380.0
2022-09-26 00:00:00,0.069,-1.033,-1.102,-81.8106,26.131667,8725110,NOAA_NOS,IAN,2022,1440.0
2022-09-26 01:00:00,0.699,-0.347,-1.0459999999999998,-81.8106,26.131667,8725110,NOAA_NOS,IAN,2022,1500.0
2022-09-26 02:00:00,1.266,0.357,-0.909,-81.8106,26.131667,8725110,NOAA_NOS,IAN,2022,1560.0
2022-09-26 03:00:00,1.88,0.747,-1.133,-81.8106,26.131667,8725110,NOAA_NOS,IAN,2022,1620.0
2022-09-26 04:00:00,2.32,0.955,-1.3649999999999998,-81.8106,26.131667,8725110,NOAA_NOS,IAN,2022,1680.0
2022-09-26 05:00:00,2.516,1.041,-1.475,-81.8106,26.131667,8725110,NOAA_NOS,IAN,2022,1740.0
2022-09-26 06:00:00,2.438,0.892,-1.5460000000000005,-81.8106,26.131667,8725110,NOAA_NOS,IAN,2022,1800.0
2022-09-26 07:00:00,1.824,0.352,-1.472,-81.8106,26.131667,8725110,NOAA_NOS,IAN,2022,1860.0
2022-09-26 08:00:00,1.339,-0.295,-1.634,-81.8106,26.131667,8725110,NOAA_NOS,IAN,2022,1920.0
2022-09-26 09:00:00,0.794,-0.817,-1.611,-81.8106,26.131667,8725110,NOAA_NOS,IAN,2022,1980.0
2022-09-26 10:00:00,0.331,-1.169,-1.5,-81.8106,26.131667,8725110,NOAA_NOS,IAN,2022,2040.0
2022-09-26 11:00:00,-0.03,-1.371,-1.341,-81.8106,26.131667,8725110,NOAA_NOS,IAN,2022,2100.0
2022-09-26 12:00:00,0.148,-1.203,-1.351,-81.8106,26.131667,8725110,NOAA_NOS,IAN,2022,2160.0
2022-09-26 13:00:00,0.764,-0.529,-1.293,-81.8106,26.131667,8725110,NOAA_NOS,IAN,2022,2220.0
2022-09-26 14:00:00,1.549,0.271,-1.278,-81.8106,26.131667,8725110,NOAA_NOS,IAN,2022,2280.0
2022-09-26 15:00:00,2.024,0.786,-1.238,-81.8106,26.131667,8725110,NOAA_NOS,IAN,2022,2340.0
2022-09-26 16:00:00,2.516,1.088,-1.428,-81.8106,26.131667,8725110,NOAA_NOS,IAN,2022,2400.0
2022-09-26 17:00:00,2.7,1.256,-1.4440000000000002,-81.8106,26.131667,8725110,NOAA_NOS,IAN,2022,2460.0
2022-09-26 18:00:00,2.631,1.195,-1.4359999999999995,-81.8106,26.131667,8725110,NOAA_NOS,IAN,2022,2520.0
2022-09-26 19:00:00,2.264,0.747,-1.517,-81.8106,26.131667,8725110,NOAA_NOS,IAN,2022,2580.0
2022-09-26 20:00:00,1.542,0.087,-1.455,-81.8106,26.131667,8725110,NOAA_NOS,IAN,2022,2640.0
2022-09-26 21:00:00,1.263,-0.437,-1.7,-81.8106,26.131667,8725110,NOAA_NOS,IAN,2022,2700.0
2022-09-26 22:00:00,0.541,-0.808,-1.3490000000000002,-81.8106,26.131667,8725110,NOAA_NOS,IAN,2022,2760.0
2022-09-26 23:00:00,0.295,-1.05,-1.345,-81.8106,26.131667,8725110,NOAA_NOS,IAN,2022,2820.0
2022-09-27 00:00:00,-0.243,-1.017,-0.7739999999999999,-81.8106,26.131667,8725110,NOAA_NOS,IAN,2022,2880.0
2022-09-27 01:00:00,0.574,-0.522,-1.096,-81.8106,26.131667,8725110,NOAA_NOS,IAN,2022,2940.0
2022-09-27 02:00:00,1.247,0.244,-1.003,-81.8106,26.131667,8725110,NOAA_NOS,IAN,2022,3000.0
2022-09-27 03:00:00,1.932,0.755,-1.177,-81.8106,26.131667,8725110,NOAA_NOS,IAN,2022,3060.0
2022-09-27 04:00:00,2.29,1.032,-1.258,-81.8106,26.131667,8725110,NOAA_NOS,IAN,2022,3120.0
2022-09-27 05:00:00,2.402,1.123,-1.279,-81.8106,26.131667,8725110,NOAA_NOS,IAN,2022,3180.0
2022-09-27 06:00:00,2.024,1.065,-0.959,-81.8106,26.131667,8725110,NOAA_NOS,IAN,2022,3240.0
2022-09-27 07:00:00,1.759,0.648,-1.1109999999999998,-81.8106,26.131667,8725110,NOAA_NOS,IAN,2022,3300.0
2022-09-27 08:00:00,0.984,-0.06,-1.044,-81.8106,26.131667,8725110,NOAA_NOS,IAN,2022,3360.0
2022-09-27 09:00:00,0.433,-0.719,-1.152,-81.8106,26.131667,8725110,NOAA_NOS,IAN,2022,3420.0
2022-09-27 10:00:00,-0.207,-1.242,-1.035,-81.8106,26.131667,8725110,NOAA_NOS,IAN,2022,3480.0
2022-09-27 11:00:00,-0.62,-1.614,-0.994,-81.8106,26.131667,8725110,NOAA_NOS,IAN,2022,3540.0
2022-09-27 12:00:00,-0.594,-1.714,-1.12,-81.8106,26.131667,8725110,NOAA_NOS,IAN,2022,3600.0
2022-09-27 13:00:00,-0.236,-1.299,-1.063,-81.8106,26.131667,8725110,NOAA_NOS,IAN,2022,3660.0
2022-09-27 14:00:00,0.292,-0.49,-0.782,-81.8106,26.131667,8725110,NOAA_NOS,IAN,2022,3720.0
2022-09-27 15:00:00,0.541,0.142,-0.399,-81.8106,26.131667,8725110,NOAA_NOS,IAN,2022,3780.0
2022-09-27 16:00:00,0.889,0.501,-0.388,-81.8106,26.131667,8725110,NOAA_NOS,IAN,2022,3840.0
2022-09-27 17:00:00,0.955,0.716,-0.239,-81.8106,26.131667,8725110,NOAA_NOS,IAN,2022,3900.0
2022-09-27 18:00:00,1.001,0.819,-0.1819999999999999,-81.8106,26.131667,8725110,NOAA_NOS,IAN,2022,3960.0
2022-09-27 19:00:00,0.764,0.622,-0.142,-81.8106,26.131667,8725110,NOAA_NOS,IAN,2022,4020.0
2022-09-27 20:00:00,0.299,0.104,-0.195,-81.8106,26.131667,8725110,NOAA_NOS,IAN,2022,4080.0
2022-09-27 21:00:00,-0.118,-0.486,-0.368,-81.8106,26.131667,8725110,NOAA_NOS,IAN,2022,4140.0
2022-09-27 22:00:00,-0.236,-1.004,-0.768,-81.8106,26.131667,8725110,NOAA_NOS,IAN,2022,4200.0
2022-09-27 23:00:00,-0.778,-1.426,-0.6479999999999999,-81.8106,26.131667,8725110,NOAA_NOS,IAN,2022,4260.0
2022-09-28 00:00:00,-1.198,-1.662,-0.4639999999999999,-81.8106,26.131667,8725110,NOAA_NOS,IAN,2022,4320.0
2022-09-28 01:00:00,-0.81,-1.557,-0.7469999999999999,-81.8106,26.131667,8725110,NOAA_NOS,IAN,2022,4380.0
2022-09-28 02:00:00,-0.423,-1.118,-0.6950000000000001,-81.8106,26.131667,8725110,NOAA_NOS,IAN,2022,4440.0
2022-09-28 03:00:00,0.312,-0.607,-0.919,-81.8106,26.131667,8725110,NOAA_NOS,IAN,2022,4500.0
2022-09-28 04:00:00,0.604,-0.397,-1.001,-81.8106,26.131667,8725110,NOAA_NOS,IAN,2022,4560.0
2022-09-28 05:00:00,0.784,-0.537,-1.3210000000000002,-81.8106,26.131667,8725110,NOAA_NOS,IAN,2022,4620.0
2022-09-28 06:00:00,0.551,-0.719,-1.27,-81.8106,26.131667,8725110,NOAA_NOS,IAN,2022,4680.0
2022-09-28 07:00:00,0.502,-1.025,-1.527,-81.8106,26.131667,8725110,NOAA_NOS,IAN,2022,4740.0
2022-09-28 08:00:00,0.141,-1.467,-1.608,-81.8106,26.131667,8725110,NOAA_NOS,IAN,2022,4800.0
2022-09-28 09:00:00,-0.138,-1.893,-1.755,-81.8106,26.131667,8725110,NOAA_NOS,IAN,2022,4860.0
2022-09-28 10:00:00,-0.515,-2.104,-1.589,-81.8106,26.131667,8725110,NOAA_NOS,IAN,2022,4920.0
2022-09-28 11:00:00,0.469,-2.008,-2.477,-81.8106,26.131667,8725110,NOAA_NOS,IAN,2022,4980.0
2022-09-28 12:00:00,1.26,-1.33,-2.59,-81.8106,26.131667,8725110,NOAA_NOS,IAN,2022,5040.0
2022-09-28 13:00:00,1.864,0.025,-1.839,-81.8106,26.131667,8725110,NOAA_NOS,IAN,2022,5100.0
2022-09-28 14:00:00,3.812,2.046,-1.766,-81.8106,26.131667,8725110,NOAA_NOS,IAN,2022,5160.0
2022-09-28 15:00:00,4.659,4.262,-0.3970000000000002,-81.8106,26.131667,8725110,NOAA_NOS,IAN,2022,5220.0
2022-09-28 16:00:00,6.483,6.247,-0.2359999999999997,-81.8106,26.131667,8725110,NOAA_NOS,IAN,2022,5280.0
2022-09-28 17:00:00,7.244,7.48,0.2360000000000006,-81.8106,26.131667,8725110,NOAA_NOS,IAN,2022,5340.0
2022-09-25 01:00:00,0.623,0.124,-0.499,-81.871,26.648,8725520,NOAA_NOS,IAN,2022,60.0
2022-09-25 02:00:00,0.482,0.06,-0.422,-81.871,26.648,8725520,NOAA_NOS,IAN,2022,120.0
2022-09-25 03:00:00,0.374,0.007,-0.367,-81.871,26.648,8725520,NOAA_NOS,IAN,2022,180.0
2022-09-25 04:00:00,0.531,-0.004,-0.535,-81.871,26.648,8725520,NOAA_NOS,IAN,2022,240.0
2022-09-25 05:00:00,0.807,0.068,-0.7390000000000001,-81.871,26.648,8725520,NOAA_NOS,IAN,2022,300.0
2022-09-25 06:00:00,1.024,0.138,-0.886,-81.871,26.648,8725520,NOAA_NOS,IAN,2022,360.0
2022-09-25 07:00:00,1.293,0.208,-1.085,-81.871,26.648,8725520,NOAA_NOS,IAN,2022,420.0
2022-09-25 08:00:00,1.44,0.269,-1.1709999999999998,-81.871,26.648,8725520,NOAA_NOS,IAN,2022,480.0
2022-09-25 09:00:00,1.348,0.287,-1.0610000000000002,-81.871,26.648,8725520,NOAA_NOS,IAN,2022,540.0
2022-09-25 10:00:00,1.168,0.214,-0.954,-81.871,26.648,8725520,NOAA_NOS,IAN,2022,600.0
2022-09-25 11:00:00,0.988,0.144,-0.844,-81.871,26.648,8725520,NOAA_NOS,IAN,2022,660.0
2022-09-25 12:00:00,0.807,0.085,-0.7220000000000001,-81.871,26.648,8725520,NOAA_NOS,IAN,2022,720.0
2022-09-25 13:00:00,0.63,0.033,-0.597,-81.871,26.648,8725520,NOAA_NOS,IAN,2022,780.0
2022-09-25 14:00:00,0.554,-0.024,-0.5780000000000001,-81.871,26.648,8725520,NOAA_NOS,IAN,2022,840.0
2022-09-25 15:00:00,0.702,-0.066,-0.768,-81.871,26.648,8725520,NOAA_NOS,IAN,2022,900.0
2022-09-25 16:00:00,1.001,-0.02,-1.021,-81.871,26.648,8725520,NOAA_NOS,IAN,2022,960.0
2022-09-25 17:00:00,1.243,0.062,-1.181,-81.871,26.648,8725520,NOAA_NOS,IAN,2022,1020.0
2022-09-25 18:00:00,1.519,0.147,-1.372,-81.871,26.648,8725520,NOAA_NOS,IAN,2022,1080.0
2022-09-25 19:00:00,1.745,0.239,-1.5060000000000002,-81.871,26.648,8725520,NOAA_NOS,IAN,2022,1140.0
2022-09-25 20:00:00,1.886,0.33,-1.5559999999999998,-81.871,26.648,8725520,NOAA_NOS,IAN,2022,1200.0
2022-09-25 21:00:00,1.831,0.391,-1.44,-81.871,26.648,8725520,NOAA_NOS,IAN,2022,1260.0
2022-09-25 22:00:00,1.581,0.358,-1.223,-81.871,26.648,8725520,NOAA_NOS,IAN,2022,1320.0
2022-09-25 23:00:00,1.375,0.276,-1.099,-81.871,26.648,8725520,NOAA_NOS,IAN,2022,1380.0
2022-09-26 00:00:00,1.142,0.208,-0.934,-81.871,26.648,8725520,NOAA_NOS,IAN,2022,1440.0
2022-09-26 01:00:00,0.942,0.147,-0.7949999999999999,-81.871,26.648,8725520,NOAA_NOS,IAN,2022,1500.0
2022-09-26 02:00:00,0.764,0.088,-0.676,-81.871,26.648,8725520,NOAA_NOS,IAN,2022,1560.0
2022-09-26 03:00:00,0.646,0.03,-0.616,-81.871,26.648,8725520,NOAA_NOS,IAN,2022,1620.0
2022-09-26 04:00:00,0.807,0.005,-0.802,-81.871,26.648,8725520,NOAA_NOS,IAN,2022,1680.0
2022-09-26 05:00:00,1.109,0.077,-1.032,-81.871,26.648,8725520,NOAA_NOS,IAN,2022,1740.0
2022-09-26 06:00:00,1.348,0.154,-1.1940000000000002,-81.871,26.648,8725520,NOAA_NOS,IAN,2022,1800.0
2022-09-26 07:00:00,1.631,0.229,-1.402,-81.871,26.648,8725520,NOAA_NOS,IAN,2022,1860.0
2022-09-26 08:00:00,1.814,0.3,-1.514,-81.871,26.648,8725520,NOAA_NOS,IAN,2022,1920.0
2022-09-26 09:00:00,1.847,0.348,-1.499,-81.871,26.648,8725520,NOAA_NOS,IAN,2022,1980.0
2022-09-26 10:00:00,1.644,0.301,-1.343,-81.871,26.648,8725520,NOAA_NOS,IAN,2022,2040.0
2022-09-26 11:00:00,1.411,0.223,-1.188,-81.871,26.648,8725520,NOAA_NOS,IAN,2022,2100.0
2022-09-26 12:00:00,1.194,0.157,-1.037,-81.871,26.648,8725520,NOAA_NOS,IAN,2022,2160.0
2022-09-26 13:00:00,0.984,0.097,-0.887,-81.871,26.648,8725520,NOAA_NOS,IAN,2022,2220.0
2022-09-26 14:00:00,0.804,0.039,-0.765,-81.871,26.648,8725520,NOAA_NOS,IAN,2022,2280.0
2022-09-26 15:00:00,0.715,-0.019,-0.734,-81.871,26.648,8725520,NOAA_NOS,IAN,2022,2340.0
2022-09-26 16:00:00,0.958,-0.054,-1.012,-81.871,26.648,8725520,NOAA_NOS,IAN,2022,2400.0
2022-09-26 17:00:00,1.243,0.011,-1.2320000000000002,-81.871,26.648,8725520,NOAA_NOS,IAN,2022,2460.0
2022-09-26 18:00:00,1.506,0.093,-1.413,-81.871,26.648,8725520,NOAA_NOS,IAN,2022,2520.0
2022-09-26 19:00:00,1.827,0.176,-1.651,-81.871,26.648,8725520,NOAA_NOS,IAN,2022,2580.0
2022-09-26 20:00:00,2.034,0.264,-1.7699999999999998,-81.871,26.648,8725520,NOAA_NOS,IAN,2022,2640.0
2022-09-26 21:00:00,2.123,0.343,-1.7800000000000002,-81.871,26.648,8725520,NOAA_NOS,IAN,2022,2700.0
2022-09-26 22:00:00,1.975,0.367,-1.608,-81.871,26.648,8725520,NOAA_NOS,IAN,2022,2760.0
2022-09-26 23:00:00,1.703,0.292,-1.411,-81.871,26.648,8725520,NOAA_NOS,IAN,2022,2820.0
2022-09-27 00:00:00,1.532,0.217,-1.315,-81.871,26.648,8725520,NOAA_NOS,IAN,2022,2880.0
2022-09-27 01:00:00,1.322,0.157,-1.165,-81.871,26.648,8725520,NOAA_NOS,IAN,2022,2940.0
2022-09-27 02:00:00,1.138,0.101,-1.037,-81.871,26.648,8725520,NOAA_NOS,IAN,2022,3000.0
2022-09-27 03:00:00,0.984,0.043,-0.941,-81.871,26.648,8725520,NOAA_NOS,IAN,2022,3060.0
2022-09-27 04:00:00,1.004,0.006,-0.998,-81.871,26.648,8725520,NOAA_NOS,IAN,2022,3120.0
2022-09-27 05:00:00,1.306,0.07,-1.236,-81.871,26.648,8725520,NOAA_NOS,IAN,2022,3180.0
2022-09-27 06:00:00,1.545,0.154,-1.391,-81.871,26.648,8725520,NOAA_NOS,IAN,2022,3240.0
2022-09-27 07:00:00,1.759,0.234,-1.525,-81.871,26.648,8725520,NOAA_NOS,IAN,2022,3300.0
2022-09-27 08:00:00,1.896,0.314,-1.582,-81.871,26.648,8725520,NOAA_NOS,IAN,2022,3360.0
2022-09-27 09:00:00,1.821,0.38,-1.4409999999999998,-81.871,26.648,8725520,NOAA_NOS,IAN,2022,3420.0
2022-09-27 10:00:00,1.591,0.379,-1.212,-81.871,26.648,8725520,NOAA_NOS,IAN,2022,3480.0
2022-09-27 11:00:00,1.371,0.293,-1.078,-81.871,26.648,8725520,NOAA_NOS,IAN,2022,3540.0
2022-09-27 12:00:00,1.175,0.217,-0.958,-81.871,26.648,8725520,NOAA_NOS,IAN,2022,3600.0
2022-09-27 13:00:00,0.978,0.151,-0.827,-81.871,26.648,8725520,NOAA_NOS,IAN,2022,3660.0
2022-09-27 14:00:00,0.801,0.089,-0.7120000000000001,-81.871,26.648,8725520,NOAA_NOS,IAN,2022,3720.0
2022-09-27 15:00:00,0.63,0.022,-0.608,-81.871,26.648,8725520,NOAA_NOS,IAN,2022,3780.0
2022-09-27 16:00:00,0.502,-0.041,-0.543,-81.871,26.648,8725520,NOAA_NOS,IAN,2022,3840.0
2022-09-27 17:00:00,0.486,-0.081,-0.567,-81.871,26.648,8725520,NOAA_NOS,IAN,2022,3900.0
2022-09-27 18:00:00,0.597,-0.056,-0.653,-81.871,26.648,8725520,NOAA_NOS,IAN,2022,3960.0
2022-09-27 19:00:00,0.702,0.005,-0.697,-81.871,26.648,8725520,NOAA_NOS,IAN,2022,4020.0
2022-09-27 20:00:00,0.732,0.065,-0.667,-81.871,26.648,8725520,NOAA_NOS,IAN,2022,4080.0
2022-09-27 21:00:00,0.676,0.117,-0.559,-81.871,26.648,8725520,NOAA_NOS,IAN,2022,4140.0
2022-09-27 22:00:00,0.505,0.129,-0.376,-81.871,26.648,8725520,NOAA_NOS,IAN,2022,4200.0
2022-09-27 23:00:00,0.351,0.053,-0.298,-81.871,26.648,8725520,NOAA_NOS,IAN,2022,4260.0
2022-09-28 00:00:00,0.174,-0.03,-0.204,-81.871,26.648,8725520,NOAA_NOS,IAN,2022,4320.0
2022-09-28 01:00:00,0.046,-0.11,-0.156,-81.871,26.648,8725520,NOAA_NOS,IAN,2022,4380.0
2022-09-28 02:00:00,-0.095,-0.188,-0.093,-81.871,26.648,8725520,NOAA_NOS,IAN,2022,4440.0
2022-09-28 03:00:00,-0.171,-0.267,-0.096,-81.871,26.648,8725520,NOAA_NOS,IAN,2022,4500.0
2022-09-28 04:00:00,-0.266,-0.347,-0.0809999999999999,-81.871,26.648,8725520,NOAA_NOS,IAN,2022,4560.0
2022-09-28 05:00:00,-0.269,-0.422,-0.1529999999999999,-81.871,26.648,8725520,NOAA_NOS,IAN,2022,4620.0
2022-09-28 06:00:00,-0.266,-0.49,-0.2239999999999999,-81.871,26.648,8725520,NOAA_NOS,IAN,2022,4680.0
2022-09-28 07:00:00,-0.262,-0.554,-0.292,-81.871,26.648,8725520,NOAA_NOS,IAN,2022,4740.0
2022-09-28 08:00:00,-0.269,-0.619,-0.35,-81.871,26.648,8725520,NOAA_NOS,IAN,2022,4800.0
2022-09-28 09:00:00,-0.315,-0.694,-0.3789999999999999,-81.871,26.648,8725520,NOAA_NOS,IAN,2022,4860.0
2022-09-28 10:00:00,-0.358,-0.765,-0.407,-81.871,26.648,8725520,NOAA_NOS,IAN,2022,4920.0
2022-09-28 11:00:00,-0.2,-0.816,-0.6159999999999999,-81.871,26.648,8725520,NOAA_NOS,IAN,2022,4980.0
2022-09-28 12:00:00,-0.338,-0.854,-0.516,-81.871,26.648,8725520,NOAA_NOS,IAN,2022,5040.0
2022-09-28 13:00:00,-0.413,-0.867,-0.454,-81.871,26.648,8725520,NOAA_NOS,IAN,2022,5100.0
2022-09-28 14:00:00,-0.039,-0.864,-0.825,-81.871,26.648,8725520,NOAA_NOS,IAN,2022,5160.0
2022-09-28 15:00:00,0.404,-0.808,-1.2120000000000002,-81.871,26.648,8725520,NOAA_NOS,IAN,2022,5220.0
2022-09-28 16:00:00,0.83,-0.649,-1.479,-81.871,26.648,8725520,NOAA_NOS,IAN,2022,5280.0
2022-09-28 17:00:00,1.467,-0.315,-1.782,-81.871,26.648,8725520,NOAA_NOS,IAN,2022,5340.0
2022-09-28 18:00:00,2.405,0.272,-2.133,-81.871,26.648,8725520,NOAA_NOS,IAN,2022,5400.0
2022-09-28 19:00:00,3.73,1.767,-1.963,-81.871,26.648,8725520,NOAA_NOS,IAN,2022,5460.0
2022-09-28 20:00:00,5.541,4.928,-0.6130000000000004,-81.871,26.648,8725520,NOAA_NOS,IAN,2022,5520.0
2022-09-28 21:00:00,6.877,8.071,1.194,-81.871,26.648,8725520,NOAA_NOS,IAN,2022,5580.0
2022-09-28 22:00:00,7.696,10.067,2.3710000000000004,-81.871,26.648,8725520,NOAA_NOS,IAN,2022,5640.0
2022-09-28 23:00:00,7.846,10.938,3.0920000000000005,-81.871,26.648,8725520,NOAA_NOS,IAN,2022,5700.0
2022-09-29 00:00:00,7.258,10.999,3.741000000000001,-81.871,26.648,8725520,NOAA_NOS,IAN,2022,5760.0
2022-09-29 01:00:00,6.627,10.498,3.871,-81.871,26.648,8725520,NOAA_NOS,IAN,2022,5820.0
2022-09-29 02:00:00,6.277,10.129,3.852,-81.871,26.648,8725520,NOAA_NOS,IAN,2022,5880.0
2022-09-29 03:00:00,5.735,9.79,4.054999999999999,-81.871,26.648,8725520,NOAA_NOS,IAN,2022,5940.0
2022-09-29 04:00:00,5.397,9.456,4.058999999999999,-81.871,26.648,8725520,NOAA_NOS,IAN,2022,6000.0
2022-09-29 05:00:00,5.079,9.117,4.038000000000001,-81.871,26.648,8725520,NOAA_NOS,IAN,2022,6060.0
2022-09-29 06:00:00,4.826,8.794,3.968000000000001,-81.871,26.648,8725520,NOAA_NOS,IAN,2022,6120.0
2022-09-29 07:00:00,4.531,8.473,3.942000000000001,-81.871,26.648,8725520,NOAA_NOS,IAN,2022,6180.0
2022-09-29 08:00:00,4.281,8.155,3.874,-81.871,26.648,8725520,NOAA_NOS,IAN,2022,6240.0
2022-09-29 09:00:00,4.052,7.842,3.79,-81.871,26.648,8725520,NOAA_NOS,IAN,2022,6300.0
2022-09-29 10:00:00,3.806,7.533,3.727,-81.871,26.648,8725520,NOAA_NOS,IAN,2022,6360.0
2022-09-29 11:00:00,3.579,7.238,3.659,-81.871,26.648,8725520,NOAA_NOS,IAN,2022,6420.0
2022-09-29 12:00:00,3.32,6.97,3.65,-81.871,26.648,8725520,NOAA_NOS,IAN,2022,6480.0
2022-09-29 13:00:00,3.074,6.665,3.591,-81.871,26.648,8725520,NOAA_NOS,IAN,2022,6540.0
2022-09-29 14:00:00,2.828,6.35,3.522,-81.871,26.648,8725520,NOAA_NOS,IAN,2022,6600.0
2022-09-29 15:00:00,2.598,6.044,3.446,-81.871,26.648,8725520,NOAA_NOS,IAN,2022,6660.0
2022-09-29 16:00:00,2.349,5.731,3.382,-81.871,26.648,8725520,NOAA_NOS,IAN,2022,6720.0
2022-09-29 17:00:00,2.139,5.411,3.272,-81.871,26.648,8725520,NOAA_NOS,IAN,2022,6780.0
2022-09-29 18:00:00,2.001,5.094,3.0930000000000004,-81.871,26.648,8725520,NOAA_NOS,IAN,2022,6840.0
2022-09-29 19:00:00,1.847,4.792,2.945,-81.871,26.648,8725520,NOAA_NOS,IAN,2022,6900.0
2022-09-29 20:00:00,1.749,4.493,2.744,-81.871,26.648,8725520,NOAA_NOS,IAN,2022,6960.0
2022-09-29 21:00:00,1.667,4.207,2.54,-81.871,26.648,8725520,NOAA_NOS,IAN,2022,7020.0
2022-09-29 22:00:00,1.601,3.922,2.321,-81.871,26.648,8725520,NOAA_NOS,IAN,2022,7080.0
2022-09-29 23:00:00,1.532,3.658,2.126,-81.871,26.648,8725520,NOAA_NOS,IAN,2022,7140.0
2022-09-30 00:00:00,1.444,3.391,1.947,-81.871,26.648,8725520,NOAA_NOS,IAN,2022,7200.0
2022-09-30 01:00:00,1.339,3.139,1.7999999999999998,-81.871,26.648,8725520,NOAA_NOS,IAN,2022,7260.0
2022-09-30 02:00:00,1.191,2.898,1.707,-81.871,26.648,8725520,NOAA_NOS,IAN,2022,7320.0
2022-09-30 03:00:00,1.06,2.693,1.633,-81.871,26.648,8725520,NOAA_NOS,IAN,2022,7380.0
2022-09-30 04:00:00,0.932,2.486,1.5540000000000005,-81.871,26.648,8725520,NOAA_NOS,IAN,2022,7440.0
2022-09-30 05:00:00,0.82,2.302,1.4820000000000002,-81.871,26.648,8725520,NOAA_NOS,IAN,2022,7500.0
2022-09-30 06:00:00,0.768,2.134,1.366,-81.871,26.648,8725520,NOAA_NOS,IAN,2022,7560.0
2022-09-30 07:00:00,0.928,1.984,1.056,-81.871,26.648,8725520,NOAA_NOS,IAN,2022,7620.0
2022-09-30 08:00:00,1.24,1.853,0.613,-81.871,26.648,8725520,NOAA_NOS,IAN,2022,7680.0
2022-09-30 09:00:00,1.46,1.733,0.2730000000000001,-81.871,26.648,8725520,NOAA_NOS,IAN,2022,7740.0
2022-09-30 10:00:00,1.558,1.626,0.0679999999999998,-81.871,26.648,8725520,NOAA_NOS,IAN,2022,7800.0
2022-09-30 11:00:00,1.473,1.515,0.0419999999999998,-81.871,26.648,8725520,NOAA_NOS,IAN,2022,7860.0
2022-09-30 12:00:00,1.286,1.422,0.1359999999999999,-81.871,26.648,8725520,NOAA_NOS,IAN,2022,7920.0
2022-09-30 13:00:00,1.096,1.322,0.2259999999999999,-81.871,26.648,8725520,NOAA_NOS,IAN,2022,7980.0
2022-09-30 14:00:00,0.912,1.222,0.3099999999999999,-81.871,26.648,8725520,NOAA_NOS,IAN,2022,8040.0
2022-09-30 15:00:00,0.771,1.123,0.352,-81.871,26.648,8725520,NOAA_NOS,IAN,2022,8100.0
2022-09-30 16:00:00,0.607,1.028,0.421,-81.871,26.648,8725520,NOAA_NOS,IAN,2022,8160.0
2022-09-30 17:00:00,0.453,0.936,0.483,-81.871,26.648,8725520,NOAA_NOS,IAN,2022,8220.0
2022-09-30 18:00:00,0.308,0.848,0.54,-81.871,26.648,8725520,NOAA_NOS,IAN,2022,8280.0
2022-09-30 19:00:00,0.236,0.765,0.529,-81.871,26.648,8725520,NOAA_NOS,IAN,2022,8340.0
2022-09-30 20:00:00,0.299,0.692,0.3929999999999999,-81.871,26.648,8725520,NOAA_NOS,IAN,2022,8400.0
2022-09-30 21:00:00,0.531,0.63,0.0989999999999999,-81.871,26.648,8725520,NOAA_NOS,IAN,2022,8460.0
2022-09-30 22:00:00,0.837,0.579,-0.258,-81.871,26.648,8725520,NOAA_NOS,IAN,2022,8520.0
2022-09-30 23:00:00,1.109,0.543,-0.566,-81.871,26.648,8725520,NOAA_NOS,IAN,2022,8580.0
2022-10-01 00:00:00,1.28,0.519,-0.761,-81.871,26.648,8725520,NOAA_NOS,IAN,2022,8640.0
2022-10-01 01:00:00,1.312,0.489,-0.8230000000000001,-81.871,26.648,8725520,NOAA_NOS,IAN,2022,8700.0
2022-10-01 02:00:00,1.191,0.45,-0.7410000000000001,-81.871,26.648,8725520,NOAA_NOS,IAN,2022,8760.0
2022-10-01 03:00:00,1.056,0.415,-0.641,-81.871,26.648,8725520,NOAA_NOS,IAN,2022,8820.0
2022-10-01 04:00:00,0.951,0.395,-0.5559999999999999,-81.871,26.648,8725520,NOAA_NOS,IAN,2022,8880.0
2022-10-01 05:00:00,0.869,0.388,-0.481,-81.871,26.648,8725520,NOAA_NOS,IAN,2022,8940.0
2022-10-01 06:00:00,0.833,0.426,-0.407,-81.871,26.648,8725520,NOAA_NOS,IAN,2022,9000.0
2022-10-01 07:00:00,0.978,0.514,-0.4639999999999999,-81.871,26.648,8725520,NOAA_NOS,IAN,2022,9060.0
2022-10-01 08:00:00,1.273,0.613,-0.6599999999999999,-81.871,26.648,8725520,NOAA_NOS,IAN,2022,9120.0
2022-10-01 09:00:00,1.529,0.724,-0.8049999999999999,-81.871,26.648,8725520,NOAA_NOS,IAN,2022,9180.0
2022-10-01 10:00:00,1.726,0.83,-0.896,-81.871,26.648,8725520,NOAA_NOS,IAN,2022,9240.0
2022-10-01 11:00:00,1.798,0.893,-0.905,-81.871,26.648,8725520,NOAA_NOS,IAN,2022,9300.0
2022-10-01 12:00:00,1.686,0.891,-0.7949999999999999,-81.871,26.648,8725520,NOAA_NOS,IAN,2022,9360.0
2022-10-01 13:00:00,1.453,0.825,-0.6280000000000001,-81.871,26.648,8725520,NOAA_NOS,IAN,2022,9420.0
2022-10-01 14:00:00,1.234,0.755,-0.479,-81.871,26.648,8725520,NOAA_NOS,IAN,2022,9480.0
2022-10-01 15:00:00,1.043,0.686,-0.3569999999999999,-81.871,26.648,8725520,NOAA_NOS,IAN,2022,9540.0
2022-10-01 16:00:00,0.863,0.615,-0.248,-81.871,26.648,8725520,NOAA_NOS,IAN,2022,9600.0
2022-10-01 17:00:00,0.686,0.545,-0.141,-81.871,26.648,8725520,NOAA_NOS,IAN,2022,9660.0
2022-10-01 18:00:00,0.512,0.475,-0.037,-81.871,26.648,8725520,NOAA_NOS,IAN,2022,9720.0
2022-10-01 19:00:00,0.4,0.408,0.0079999999999999,-81.871,26.648,8725520,NOAA_NOS,IAN,2022,9780.0
2022-10-01 20:00:00,0.417,0.345,-0.072,-81.871,26.648,8725520,NOAA_NOS,IAN,2022,9840.0
2022-10-01 21:00:00,0.571,0.291,-0.2799999999999999,-81.871,26.648,8725520,NOAA_NOS,IAN,2022,9900.0
2022-10-01 22:00:00,0.837,0.242,-0.595,-81.871,26.648,8725520,NOAA_NOS,IAN,2022,9960.0
2022-10-01 23:00:00,1.06,0.202,-0.8580000000000001,-81.871,26.648,8725520,NOAA_NOS,IAN,2022,10020.0
2022-09-25 01:00:00,0.131,-0.664,-0.795,-82.5625,27.638333,8726384,NOAA_NOS,IAN,2022,60.0
2022-09-25 02:00:00,0.43,-0.333,-0.763,-82.5625,27.638333,8726384,NOAA_NOS,IAN,2022,120.0
2022-09-25 03:00:00,0.761,0.036,-0.725,-82.5625,27.638333,8726384,NOAA_NOS,IAN,2022,180.0
2022-09-25 04:00:00,1.079,0.343,-0.736,-82.5625,27.638333,8726384,NOAA_NOS,IAN,2022,240.0
2022-09-25 05:00:00,1.322,0.566,-0.7560000000000001,-82.5625,27.638333,8726384,NOAA_NOS,IAN,2022,300.0
2022-09-25 06:00:00,1.381,0.609,-0.772,-82.5625,27.638333,8726384,NOAA_NOS,IAN,2022,360.0
2022-09-25 07:00:00,1.237,0.397,-0.8400000000000001,-82.5625,27.638333,8726384,NOAA_NOS,IAN,2022,420.0
2022-09-25 08:00:00,1.007,0.085,-0.922,-82.5625,27.638333,8726384,NOAA_NOS,IAN,2022,480.0
2022-09-25 09:00:00,0.741,-0.236,-0.977,-82.5625,27.638333,8726384,NOAA_NOS,IAN,2022,540.0
2022-09-25 10:00:00,0.558,-0.502,-1.06,-82.5625,27.638333,8726384,NOAA_NOS,IAN,2022,600.0
2022-09-25 11:00:00,0.413,-0.669,-1.082,-82.5625,27.638333,8726384,NOAA_NOS,IAN,2022,660.0
2022-09-25 12:00:00,0.535,-0.637,-1.1720000000000002,-82.5625,27.638333,8726384,NOAA_NOS,IAN,2022,720.0
2022-09-25 13:00:00,0.794,-0.418,-1.212,-82.5625,27.638333,8726384,NOAA_NOS,IAN,2022,780.0
2022-09-25 14:00:00,1.096,-0.052,-1.148,-82.5625,27.638333,8726384,NOAA_NOS,IAN,2022,840.0
2022-09-25 15:00:00,1.444,0.327,-1.117,-82.5625,27.638333,8726384,NOAA_NOS,IAN,2022,900.0
2022-09-25 16:00:00,1.765,0.669,-1.096,-82.5625,27.638333,8726384,NOAA_NOS,IAN,2022,960.0
2022-09-25 17:00:00,1.991,0.907,-1.084,-82.5625,27.638333,8726384,NOAA_NOS,IAN,2022,1020.0
2022-09-25 18:00:00,1.962,0.972,-0.99,-82.5625,27.638333,8726384,NOAA_NOS,IAN,2022,1080.0
2022-09-25 19:00:00,1.732,0.783,-0.949,-82.5625,27.638333,8726384,NOAA_NOS,IAN,2022,1140.0
2022-09-25 20:00:00,1.391,0.432,-0.959,-82.5625,27.638333,8726384,NOAA_NOS,IAN,2022,1200.0
2022-09-25 21:00:00,1.03,0.045,-0.985,-82.5625,27.638333,8726384,NOAA_NOS,IAN,2022,1260.0
2022-09-25 22:00:00,0.633,-0.311,-0.944,-82.5625,27.638333,8726384,NOAA_NOS,IAN,2022,1320.0
2022-09-25 23:00:00,0.289,-0.593,-0.8819999999999999,-82.5625,27.638333,8726384,NOAA_NOS,IAN,2022,1380.0
2022-09-26 00:00:00,0.144,-0.716,-0.86,-82.5625,27.638333,8726384,NOAA_NOS,IAN,2022,1440.0
2022-09-26 01:00:00,0.253,-0.615,-0.868,-82.5625,27.638333,8726384,NOAA_NOS,IAN,2022,1500.0
2022-09-26 02:00:00,0.63,-0.3,-0.93,-82.5625,27.638333,8726384,NOAA_NOS,IAN,2022,1560.0
2022-09-26 03:00:00,0.981,0.055,-0.926,-82.5625,27.638333,8726384,NOAA_NOS,IAN,2022,1620.0
2022-09-26 04:00:00,1.329,0.381,-0.948,-82.5625,27.638333,8726384,NOAA_NOS,IAN,2022,1680.0
2022-09-26 05:00:00,1.647,0.633,-1.014,-82.5625,27.638333,8726384,NOAA_NOS,IAN,2022,1740.0
2022-09-26 06:00:00,1.814,0.736,-1.078,-82.5625,27.638333,8726384,NOAA_NOS,IAN,2022,1800.0
2022-09-26 07:00:00,1.752,0.597,-1.155,-82.5625,27.638333,8726384,NOAA_NOS,IAN,2022,1860.0
2022-09-26 08:00:00,1.43,0.268,-1.162,-82.5625,27.638333,8726384,NOAA_NOS,IAN,2022,1920.0
2022-09-26 09:00:00,1.145,-0.107,-1.252,-82.5625,27.638333,8726384,NOAA_NOS,IAN,2022,1980.0
2022-09-26 10:00:00,0.879,-0.493,-1.372,-82.5625,27.638333,8726384,NOAA_NOS,IAN,2022,2040.0
2022-09-26 11:00:00,0.545,-0.726,-1.271,-82.5625,27.638333,8726384,NOAA_NOS,IAN,2022,2100.0
2022-09-26 12:00:00,0.371,-0.845,-1.216,-82.5625,27.638333,8726384,NOAA_NOS,IAN,2022,2160.0
2022-09-26 13:00:00,0.61,-0.734,-1.344,-82.5625,27.638333,8726384,NOAA_NOS,IAN,2022,2220.0
2022-09-26 14:00:00,1.043,-0.407,-1.45,-82.5625,27.638333,8726384,NOAA_NOS,IAN,2022,2280.0
2022-09-26 15:00:00,1.398,-0.012,-1.41,-82.5625,27.638333,8726384,NOAA_NOS,IAN,2022,2340.0
2022-09-26 16:00:00,1.742,0.371,-1.371,-82.5625,27.638333,8726384,NOAA_NOS,IAN,2022,2400.0
2022-09-26 17:00:00,2.09,0.69,-1.4,-82.5625,27.638333,8726384,NOAA_NOS,IAN,2022,2460.0
2022-09-26 18:00:00,2.293,0.873,-1.4200000000000002,-82.5625,27.638333,8726384,NOAA_NOS,IAN,2022,2520.0
2022-09-26 19:00:00,2.306,0.844,-1.4620000000000002,-82.5625,27.638333,8726384,NOAA_NOS,IAN,2022,2580.0
2022-09-26 20:00:00,2.096,0.565,-1.531,-82.5625,27.638333,8726384,NOAA_NOS,IAN,2022,2640.0
2022-09-26 21:00:00,1.696,0.209,-1.487,-82.5625,27.638333,8726384,NOAA_NOS,IAN,2022,2700.0
2022-09-26 22:00:00,1.329,-0.131,-1.46,-82.5625,27.638333,8726384,NOAA_NOS,IAN,2022,2760.0
2022-09-26 23:00:00,1.07,-0.414,-1.484,-82.5625,27.638333,8726384,NOAA_NOS,IAN,2022,2820.0
2022-09-27 00:00:00,0.659,-0.575,-1.234,-82.5625,27.638333,8726384,NOAA_NOS,IAN,2022,2880.0
2022-09-27 01:00:00,0.531,-0.527,-1.058,-82.5625,27.638333,8726384,NOAA_NOS,IAN,2022,2940.0
2022-09-27 02:00:00,0.738,-0.26,-0.998,-82.5625,27.638333,8726384,NOAA_NOS,IAN,2022,3000.0
2022-09-27 03:00:00,1.168,0.085,-1.083,-82.5625,27.638333,8726384,NOAA_NOS,IAN,2022,3060.0
2022-09-27 04:00:00,1.572,0.437,-1.135,-82.5625,27.638333,8726384,NOAA_NOS,IAN,2022,3120.0
2022-09-27 05:00:00,1.781,0.723,-1.0579999999999998,-82.5625,27.638333,8726384,NOAA_NOS,IAN,2022,3180.0
2022-09-27 06:00:00,2.057,0.862,-1.1949999999999998,-82.5625,27.638333,8726384,NOAA_NOS,IAN,2022,3240.0
2022-09-27 07:00:00,2.096,0.787,-1.3090000000000002,-82.5625,27.638333,8726384,NOAA_NOS,IAN,2022,3300.0
2022-09-27 08:00:00,1.759,0.479,-1.2799999999999998,-82.5625,27.638333,8726384,NOAA_NOS,IAN,2022,3360.0
2022-09-27 09:00:00,1.427,0.08,-1.347,-82.5625,27.638333,8726384,NOAA_NOS,IAN,2022,3420.0
2022-09-27 10:00:00,1.086,-0.324,-1.41,-82.5625,27.638333,8726384,NOAA_NOS,IAN,2022,3480.0
2022-09-27 11:00:00,0.568,-0.7,-1.2679999999999998,-82.5625,27.638333,8726384,NOAA_NOS,IAN,2022,3540.0
2022-09-27 12:00:00,0.154,-0.953,-1.107,-82.5625,27.638333,8726384,NOAA_NOS,IAN,2022,3600.0
2022-09-27 13:00:00,0.151,-1.038,-1.189,-82.5625,27.638333,8726384,NOAA_NOS,IAN,2022,3660.0
2022-09-27 14:00:00,0.318,-0.869,-1.187,-82.5625,27.638333,8726384,NOAA_NOS,IAN,2022,3720.0
2022-09-27 15:00:00,0.807,-0.495,-1.302,-82.5625,27.638333,8726384,NOAA_NOS,IAN,2022,3780.0
2022-09-27 16:00:00,1.119,-0.102,-1.221,-82.5625,27.638333,8726384,NOAA_NOS,IAN,2022,3840.0
2022-09-27 17:00:00,1.401,0.244,-1.157,-82.5625,27.638333,8726384,NOAA_NOS,IAN,2022,3900.0
2022-09-27 18:00:00,1.611,0.513,-1.098,-82.5625,27.638333,8726384,NOAA_NOS,IAN,2022,3960.0
2022-09-27 19:00:00,1.759,0.637,-1.122,-82.5625,27.638333,8726384,NOAA_NOS,IAN,2022,4020.0
2022-09-27 20:00:00,1.411,0.516,-0.895,-82.5625,27.638333,8726384,NOAA_NOS,IAN,2022,4080.0
2022-09-27 21:00:00,1.07,0.215,-0.8550000000000001,-82.5625,27.638333,8726384,NOAA_NOS,IAN,2022,4140.0
2022-09-27 22:00:00,0.741,-0.105,-0.846,-82.5625,27.638333,8726384,NOAA_NOS,IAN,2022,4200.0
2022-09-27 23:00:00,0.427,-0.365,-0.792,-82.5625,27.638333,8726384,NOAA_NOS,IAN,2022,4260.0
2022-09-28 00:00:00,0.039,-0.571,-0.61,-82.5625,27.638333,8726384,NOAA_NOS,IAN,2022,4320.0
2022-09-28 01:00:00,-0.112,-0.65,-0.538,-82.5625,27.638333,8726384,NOAA_NOS,IAN,2022,4380.0
2022-09-28 02:00:00,-0.052,-0.545,-0.493,-82.5625,27.638333,8726384,NOAA_NOS,IAN,2022,4440.0
2022-09-28 03:00:00,-0.043,-0.302,-0.259,-82.5625,27.638333,8726384,NOAA_NOS,IAN,2022,4500.0
2022-09-28 04:00:00,0.207,-0.053,-0.26,-82.5625,27.638333,8726384,NOAA_NOS,IAN,2022,4560.0
2022-09-28 05:00:00,0.472,0.102,-0.37,-82.5625,27.638333,8726384,NOAA_NOS,IAN,2022,4620.0
2022-09-28 06:00:00,0.338,0.103,-0.235,-82.5625,27.638333,8726384,NOAA_NOS,IAN,2022,4680.0
2022-09-28 07:00:00,0.138,-0.125,-0.263,-82.5625,27.638333,8726384,NOAA_NOS,IAN,2022,4740.0
2022-09-28 08:00:00,-0.148,-0.548,-0.4,-82.5625,27.638333,8726384,NOAA_NOS,IAN,2022,4800.0
2022-09-28 09:00:00,-0.443,-1.077,-0.6339999999999999,-82.5625,27.638333,8726384,NOAA_NOS,IAN,2022,4860.0
2022-09-28 10:00:00,-1.014,-1.673,-0.659,-82.5625,27.638333,8726384,NOAA_NOS,IAN,2022,4920.0
2022-09-28 11:00:00,-1.611,-2.295,-0.6839999999999999,-82.5625,27.638333,8726384,NOAA_NOS,IAN,2022,4980.0
2022-09-28 12:00:00,-2.208,-2.894,-0.6859999999999999,-82.5625,27.638333,8726384,NOAA_NOS,IAN,2022,5040.0
2022-09-28 13:00:00,-2.884,-3.391,-0.5070000000000001,-82.5625,27.638333,8726384,NOAA_NOS,IAN,2022,5100.0
2022-09-28 14:00:00,-3.264,-3.869,-0.6050000000000004,-82.5625,27.638333,8726384,NOAA_NOS,IAN,2022,5160.0
2022-09-28 15:00:00,-3.396,-4.202,-0.806,-82.5625,27.638333,8726384,NOAA_NOS,IAN,2022,5220.0
2022-09-28 16:00:00,-3.419,-4.372,-0.9529999999999998,-82.5625,27.638333,8726384,NOAA_NOS,IAN,2022,5280.0
2022-09-28 17:00:00,-3.136,-4.52,-1.3839999999999997,-82.5625,27.638333,8726384,NOAA_NOS,IAN,2022,5340.0
2022-09-28 18:00:00,-3.15,-4.728,-1.5779999999999998,-82.5625,27.638333,8726384,NOAA_NOS,IAN,2022,5400.0
2022-09-28 19:00:00,-3.412,-4.916,-1.5040000000000004,-82.5625,27.638333,8726384,NOAA_NOS,IAN,2022,5460.0
2022-09-28 22:00:00,-3.501,-4.552,-1.0509999999999995,-82.5625,27.638333,8726384,NOAA_NOS,IAN,2022,5640.0
2022-09-28 23:00:00,-3.333,-3.825,-0.492,-82.5625,27.638333,8726384,NOAA_NOS,IAN,2022,5700.0
2022-09-29 00:00:00,-2.946,-3.138,-0.1919999999999997,-82.5625,27.638333,8726384,NOAA_NOS,IAN,2022,5760.0
2022-09-29 01:00:00,-2.552,-2.218,0.3340000000000001,-82.5625,27.638333,8726384,NOAA_NOS,IAN,2022,5820.0
2022-09-29 02:00:00,-2.549,-1.469,1.0799999999999998,-82.5625,27.638333,8726384,NOAA_NOS,IAN,2022,5880.0
2022-09-29 03:00:00,-2.421,-1.04,1.3809999999999998,-82.5625,27.638333,8726384,NOAA_NOS,IAN,2022,5940.0
2022-09-29 04:00:00,-1.46,-0.674,0.7859999999999999,-82.5625,27.638333,8726384,NOAA_NOS,IAN,2022,6000.0
2022-09-29 05:00:00,-0.945,-0.284,0.661,-82.5625,27.638333,8726384,NOAA_NOS,IAN,2022,6060.0
2022-09-29 06:00:00,-0.545,-0.01,0.535,-82.5625,27.638333,8726384,NOAA_NOS,IAN,2022,6120.0
2022-09-29 07:00:00,-0.348,0.191,0.5389999999999999,-82.5625,27.638333,8726384,NOAA_NOS,IAN,2022,6180.0
2022-09-29 08:00:00,-0.059,0.256,0.315,-82.5625,27.638333,8726384,NOAA_NOS,IAN,2022,6240.0
2022-09-29 09:00:00,0.118,0.201,0.083,-82.5625,27.638333,8726384,NOAA_NOS,IAN,2022,6300.0
2022-09-29 10:00:00,-0.092,0.072,0.1639999999999999,-82.5625,27.638333,8726384,NOAA_NOS,IAN,2022,6360.0
2022-09-29 11:00:00,-0.279,-0.132,0.147,-82.5625,27.638333,8726384,NOAA_NOS,IAN,2022,6420.0
2022-09-29 12:00:00,-0.482,-0.357,0.125,-82.5625,27.638333,8726384,NOAA_NOS,IAN,2022,6480.0
2022-09-29 13:00:00,-0.663,-0.516,0.147,-82.5625,27.638333,8726384,NOAA_NOS,IAN,2022,6540.0
2022-09-29 14:00:00,-0.666,-0.582,0.084,-82.5625,27.638333,8726384,NOAA_NOS,IAN,2022,6600.0
2022-09-29 15:00:00,-0.515,-0.529,-0.014,-82.5625,27.638333,8726384,NOAA_NOS,IAN,2022,6660.0
2022-09-29 16:00:00,-0.348,-0.361,-0.013,-82.5625,27.638333,8726384,NOAA_NOS,IAN,2022,6720.0
2022-09-29 17:00:00,-0.217,-0.136,0.0809999999999999,-82.5625,27.638333,8726384,NOAA_NOS,IAN,2022,6780.0
2022-09-29 18:00:00,0.026,0.102,0.076,-82.5625,27.638333,8726384,NOAA_NOS,IAN,2022,6840.0
2022-09-29 19:00:00,0.266,0.261,-0.005,-82.5625,27.638333,8726384,NOAA_NOS,IAN,2022,6900.0
2022-09-29 20:00:00,0.381,0.338,-0.0429999999999999,-82.5625,27.638333,8726384,NOAA_NOS,IAN,2022,6960.0
2022-09-29 21:00:00,0.505,0.343,-0.1619999999999999,-82.5625,27.638333,8726384,NOAA_NOS,IAN,2022,7020.0
2022-09-29 22:00:00,0.545,0.265,-0.28,-82.5625,27.638333,8726384,NOAA_NOS,IAN,2022,7080.0
2022-09-29 23:00:00,0.404,0.093,-0.311,-82.5625,27.638333,8726384,NOAA_NOS,IAN,2022,7140.0
2022-09-30 00:00:00,0.243,-0.043,-0.286,-82.5625,27.638333,8726384,NOAA_NOS,IAN,2022,7200.0
2022-09-30 01:00:00,0.19,-0.06,-0.25,-82.5625,27.638333,8726384,NOAA_NOS,IAN,2022,7260.0
2022-09-30 02:00:00,0.282,0.027,-0.2549999999999999,-82.5625,27.638333,8726384,NOAA_NOS,IAN,2022,7320.0
2022-09-30 03:00:00,0.387,0.194,-0.193,-82.5625,27.638333,8726384,NOAA_NOS,IAN,2022,7380.0
2022-09-30 04:00:00,0.584,0.415,-0.1689999999999999,-82.5625,27.638333,8726384,NOAA_NOS,IAN,2022,7440.0
2022-09-30 05:00:00,0.781,0.649,-0.132,-82.5625,27.638333,8726384,NOAA_NOS,IAN,2022,7500.0
2022-09-30 06:00:00,0.965,0.839,-0.126,-82.5625,27.638333,8726384,NOAA_NOS,IAN,2022,7560.0
2022-09-30 07:00:00,1.142,0.925,-0.2169999999999998,-82.5625,27.638333,8726384,NOAA_NOS,IAN,2022,7620.0
2022-09-30 08:00:00,1.161,0.87,-0.291,-82.5625,27.638333,8726384,NOAA_NOS,IAN,2022,7680.0
2022-09-30 09:00:00,1.053,0.678,-0.3749999999999999,-82.5625,27.638333,8726384,NOAA_NOS,IAN,2022,7740.0
2022-09-30 10:00:00,0.82,0.397,-0.4229999999999999,-82.5625,27.638333,8726384,NOAA_NOS,IAN,2022,7800.0
2022-09-30 11:00:00,0.525,0.033,-0.492,-82.5625,27.638333,8726384,NOAA_NOS,IAN,2022,7860.0
2022-09-30 12:00:00,0.118,-0.371,-0.489,-82.5625,27.638333,8726384,NOAA_NOS,IAN,2022,7920.0
2022-09-30 13:00:00,-0.338,-0.729,-0.3909999999999999,-82.5625,27.638333,8726384,NOAA_NOS,IAN,2022,7980.0
2022-09-30 14:00:00,-0.761,-1.016,-0.255,-82.5625,27.638333,8726384,NOAA_NOS,IAN,2022,8040.0
2022-09-30 15:00:00,-0.958,-1.224,-0.266,-82.5625,27.638333,8726384,NOAA_NOS,IAN,2022,8100.0
2022-09-30 16:00:00,-0.856,-1.283,-0.4269999999999999,-82.5625,27.638333,8726384,NOAA_NOS,IAN,2022,8160.0
2022-09-30 17:00:00,-0.643,-1.142,-0.4989999999999999,-82.5625,27.638333,8726384,NOAA_NOS,IAN,2022,8220.0
2022-09-30 18:00:00,-0.344,-0.914,-0.5700000000000001,-82.5625,27.638333,8726384,NOAA_NOS,IAN,2022,8280.0
2022-09-30 19:00:00,-0.003,-0.668,-0.665,-82.5625,27.638333,8726384,NOAA_NOS,IAN,2022,8340.0
2022-09-30 20:00:00,0.387,-0.437,-0.8240000000000001,-82.5625,27.638333,8726384,NOAA_NOS,IAN,2022,8400.0
2022-09-30 21:00:00,0.712,-0.225,-0.937,-82.5625,27.638333,8726384,NOAA_NOS,IAN,2022,8460.0
2022-09-30 22:00:00,0.955,-0.077,-1.032,-82.5625,27.638333,8726384,NOAA_NOS,IAN,2022,8520.0
2022-09-30 23:00:00,1.047,-0.014,-1.061,-82.5625,27.638333,8726384,NOAA_NOS,IAN,2022,8580.0
2022-10-01 00:00:00,1.03,0.041,-0.989,-82.5625,27.638333,8726384,NOAA_NOS,IAN,2022,8640.0
2022-10-01 01:00:00,1.01,0.142,-0.868,-82.5625,27.638333,8726384,NOAA_NOS,IAN,2022,8700.0
2022-10-01 02:00:00,0.984,0.276,-0.708,-82.5625,27.638333,8726384,NOAA_NOS,IAN,2022,8760.0
2022-10-01 03:00:00,1.093,0.453,-0.6399999999999999,-82.5625,27.638333,8726384,NOAA_NOS,IAN,2022,8820.0
2022-10-01 04:00:00,1.302,0.675,-0.627,-82.5625,27.638333,8726384,NOAA_NOS,IAN,2022,8880.0
2022-10-01 05:00:00,1.509,0.922,-0.5869999999999999,-82.5625,27.638333,8726384,NOAA_NOS,IAN,2022,8940.0
2022-10-01 06:00:00,1.677,1.148,-0.5290000000000001,-82.5625,27.638333,8726384,NOAA_NOS,IAN,2022,9000.0
2022-10-01 07:00:00,1.827,1.294,-0.5329999999999999,-82.5625,27.638333,8726384,NOAA_NOS,IAN,2022,9060.0
2022-10-01 08:00:00,1.923,1.306,-0.617,-82.5625,27.638333,8726384,NOAA_NOS,IAN,2022,9120.0
2022-10-01 09:00:00,1.837,1.165,-0.6719999999999999,-82.5625,27.638333,8726384,NOAA_NOS,IAN,2022,9180.0
2022-10-01 10:00:00,1.621,0.923,-0.698,-82.5625,27.638333,8726384,NOAA_NOS,IAN,2022,9240.0
2022-10-01 11:00:00,1.365,0.611,-0.754,-82.5625,27.638333,8726384,NOAA_NOS,IAN,2022,9300.0
2022-10-01 12:00:00,0.945,0.232,-0.713,-82.5625,27.638333,8726384,NOAA_NOS,IAN,2022,9360.0
2022-10-01 13:00:00,0.44,-0.163,-0.603,-82.5625,27.638333,8726384,NOAA_NOS,IAN,2022,9420.0
2022-10-01 14:00:00,-0.079,-0.508,-0.429,-82.5625,27.638333,8726384,NOAA_NOS,IAN,2022,9480.0
2022-10-01 15:00:00,-0.463,-0.817,-0.3539999999999999,-82.5625,27.638333,8726384,NOAA_NOS,IAN,2022,9540.0
2022-10-01 16:00:00,-0.646,-1.067,-0.4209999999999999,-82.5625,27.638333,8726384,NOAA_NOS,IAN,2022,9600.0
2022-10-01 17:00:00,-0.551,-1.197,-0.646,-82.5625,27.638333,8726384,NOAA_NOS,IAN,2022,9660.0
2022-10-01 18:00:00,-0.276,-1.177,-0.901,-82.5625,27.638333,8726384,NOAA_NOS,IAN,2022,9720.0
2022-10-01 19:00:00,-0.023,-1.044,-1.021,-82.5625,27.638333,8726384,NOAA_NOS,IAN,2022,9780.0
2022-10-01 20:00:00,0.289,-0.858,-1.147,-82.5625,27.638333,8726384,NOAA_NOS,IAN,2022,9840.0
2022-10-01 21:00:00,0.623,-0.644,-1.267,-82.5625,27.638333,8726384,NOAA_NOS,IAN,2022,9900.0
2022-10-01 22:00:00,0.935,-0.411,-1.346,-82.5625,27.638333,8726384,NOAA_NOS,IAN,2022,9960.0
2022-10-01 23:00:00,1.145,-0.216,-1.361,-82.5625,27.638333,8726384,NOAA_NOS,IAN,2022,10020.0
2022-09-25 01:00:00,-0.108,-0.859,-0.751,-82.6269,27.76061,8726520,NOAA_NOS,IAN,2022,60.0
2022-09-25 02:00:00,0.112,-0.608,-0.72,-82.6269,27.76061,8726520,NOAA_NOS,IAN,2022,120.0
2022-09-25 03:00:00,0.384,-0.288,-0.6719999999999999,-82.6269,27.76061,8726520,NOAA_NOS,IAN,2022,180.0
2022-09-25 04:00:00,0.771,0.076,-0.6950000000000001,-82.6269,27.76061,8726520,NOAA_NOS,IAN,2022,240.0
2022-09-25 05:00:00,1.129,0.412,-0.7170000000000001,-82.6269,27.76061,8726520,NOAA_NOS,IAN,2022,300.0
2022-09-25 06:00:00,1.342,0.601,-0.7410000000000001,-82.6269,27.76061,8726520,NOAA_NOS,IAN,2022,360.0
2022-09-25 07:00:00,1.365,0.589,-0.776,-82.6269,27.76061,8726520,NOAA_NOS,IAN,2022,420.0
2022-09-25 08:00:00,1.207,0.347,-0.8600000000000001,-82.6269,27.76061,8726520,NOAA_NOS,IAN,2022,480.0
2022-09-25 09:00:00,0.945,0.062,-0.883,-82.6269,27.76061,8726520,NOAA_NOS,IAN,2022,540.0
2022-09-25 10:00:00,0.653,-0.263,-0.916,-82.6269,27.76061,8726520,NOAA_NOS,IAN,2022,600.0
2022-09-25 11:00:00,0.417,-0.544,-0.961,-82.6269,27.76061,8726520,NOAA_NOS,IAN,2022,660.0
2022-09-25 12:00:00,0.315,-0.682,-0.997,-82.6269,27.76061,8726520,NOAA_NOS,IAN,2022,720.0
2022-09-25 13:00:00,0.479,-0.611,-1.09,-82.6269,27.76061,8726520,NOAA_NOS,IAN,2022,780.0
2022-09-25 14:00:00,0.741,-0.343,-1.084,-82.6269,27.76061,8726520,NOAA_NOS,IAN,2022,840.0
2022-09-25 15:00:00,1.079,-0.002,-1.081,-82.6269,27.76061,8726520,NOAA_NOS,IAN,2022,900.0
2022-09-25 16:00:00,1.506,0.397,-1.109,-82.6269,27.76061,8726520,NOAA_NOS,IAN,2022,960.0
2022-09-25 17:00:00,1.821,0.737,-1.084,-82.6269,27.76061,8726520,NOAA_NOS,IAN,2022,1020.0
2022-09-25 18:00:00,1.988,0.951,-1.037,-82.6269,27.76061,8726520,NOAA_NOS,IAN,2022,1080.0
2022-09-25 19:00:00,1.926,0.972,-0.954,-82.6269,27.76061,8726520,NOAA_NOS,IAN,2022,1140.0
2022-09-25 20:00:00,1.67,0.72,-0.95,-82.6269,27.76061,8726520,NOAA_NOS,IAN,2022,1200.0
2022-09-25 21:00:00,1.296,0.397,-0.899,-82.6269,27.76061,8726520,NOAA_NOS,IAN,2022,1260.0
2022-09-25 22:00:00,0.869,0.015,-0.854,-82.6269,27.76061,8726520,NOAA_NOS,IAN,2022,1320.0
2022-09-25 23:00:00,0.427,-0.353,-0.78,-82.6269,27.76061,8726520,NOAA_NOS,IAN,2022,1380.0
2022-09-26 00:00:00,0.102,-0.617,-0.719,-82.6269,27.76061,8726520,NOAA_NOS,IAN,2022,1440.0
2022-09-26 01:00:00,0.036,-0.728,-0.764,-82.6269,27.76061,8726520,NOAA_NOS,IAN,2022,1500.0
2022-09-26 02:00:00,0.23,-0.562,-0.792,-82.6269,27.76061,8726520,NOAA_NOS,IAN,2022,1560.0
2022-09-26 03:00:00,0.564,-0.251,-0.815,-82.6269,27.76061,8726520,NOAA_NOS,IAN,2022,1620.0
2022-09-26 04:00:00,0.997,0.092,-0.905,-82.6269,27.76061,8726520,NOAA_NOS,IAN,2022,1680.0
2022-09-26 05:00:00,1.421,0.45,-0.971,-82.6269,27.76061,8726520,NOAA_NOS,IAN,2022,1740.0
2022-09-26 06:00:00,1.722,0.684,-1.0379999999999998,-82.6269,27.76061,8726520,NOAA_NOS,IAN,2022,1800.0
2022-09-26 07:00:00,1.847,0.74,-1.107,-82.6269,27.76061,8726520,NOAA_NOS,IAN,2022,1860.0
2022-09-26 08:00:00,1.68,0.536,-1.144,-82.6269,27.76061,8726520,NOAA_NOS,IAN,2022,1920.0
2022-09-26 09:00:00,1.391,0.23,-1.161,-82.6269,27.76061,8726520,NOAA_NOS,IAN,2022,1980.0
2022-09-26 10:00:00,1.07,-0.125,-1.195,-82.6269,27.76061,8726520,NOAA_NOS,IAN,2022,2040.0
2022-09-26 11:00:00,0.686,-0.489,-1.175,-82.6269,27.76061,8726520,NOAA_NOS,IAN,2022,2100.0
2022-09-26 12:00:00,0.394,-0.745,-1.139,-82.6269,27.76061,8726520,NOAA_NOS,IAN,2022,2160.0
2022-09-26 13:00:00,0.325,-0.848,-1.173,-82.6269,27.76061,8726520,NOAA_NOS,IAN,2022,2220.0
2022-09-26 14:00:00,0.633,-0.678,-1.311,-82.6269,27.76061,8726520,NOAA_NOS,IAN,2022,2280.0
2022-09-26 15:00:00,0.965,-0.352,-1.317,-82.6269,27.76061,8726520,NOAA_NOS,IAN,2022,2340.0
2022-09-26 16:00:00,1.381,0.029,-1.352,-82.6269,27.76061,8726520,NOAA_NOS,IAN,2022,2400.0
2022-09-26 17:00:00,1.85,0.442,-1.408,-82.6269,27.76061,8726520,NOAA_NOS,IAN,2022,2460.0
2022-09-26 18:00:00,2.159,0.746,-1.4129999999999998,-82.6269,27.76061,8726520,NOAA_NOS,IAN,2022,2520.0
2022-09-26 19:00:00,2.329,0.898,-1.431,-82.6269,27.76061,8726520,NOAA_NOS,IAN,2022,2580.0
2022-09-26 20:00:00,2.293,0.81,-1.483,-82.6269,27.76061,8726520,NOAA_NOS,IAN,2022,2640.0
2022-09-26 21:00:00,2.001,0.511,-1.4899999999999998,-82.6269,27.76061,8726520,NOAA_NOS,IAN,2022,2700.0
2022-09-26 22:00:00,1.775,0.192,-1.583,-82.6269,27.76061,8726520,NOAA_NOS,IAN,2022,2760.0
2022-09-26 23:00:00,1.234,-0.169,-1.403,-82.6269,27.76061,8726520,NOAA_NOS,IAN,2022,2820.0
2022-09-27 00:00:00,0.814,-0.45,-1.264,-82.6269,27.76061,8726520,NOAA_NOS,IAN,2022,2880.0
2022-09-27 01:00:00,0.522,-0.587,-1.109,-82.6269,27.76061,8726520,NOAA_NOS,IAN,2022,2940.0
2022-09-27 02:00:00,0.407,-0.496,-0.903,-82.6269,27.76061,8726520,NOAA_NOS,IAN,2022,3000.0
2022-09-27 03:00:00,0.791,-0.208,-0.999,-82.6269,27.76061,8726520,NOAA_NOS,IAN,2022,3060.0
2022-09-27 04:00:00,1.168,0.131,-1.037,-82.6269,27.76061,8726520,NOAA_NOS,IAN,2022,3120.0
2022-09-27 05:00:00,1.572,0.504,-1.068,-82.6269,27.76061,8726520,NOAA_NOS,IAN,2022,3180.0
2022-09-27 06:00:00,1.896,0.777,-1.1189999999999998,-82.6269,27.76061,8726520,NOAA_NOS,IAN,2022,3240.0
2022-09-27 07:00:00,2.119,0.879,-1.2400000000000002,-82.6269,27.76061,8726520,NOAA_NOS,IAN,2022,3300.0
2022-09-27 08:00:00,1.975,0.737,-1.238,-82.6269,27.76061,8726520,NOAA_NOS,IAN,2022,3360.0
2022-09-27 09:00:00,1.686,0.425,-1.261,-82.6269,27.76061,8726520,NOAA_NOS,IAN,2022,3420.0
2022-09-27 10:00:00,1.417,0.055,-1.362,-82.6269,27.76061,8726520,NOAA_NOS,IAN,2022,3480.0
2022-09-27 11:00:00,0.892,-0.359,-1.251,-82.6269,27.76061,8726520,NOAA_NOS,IAN,2022,3540.0
2022-09-27 12:00:00,0.42,-0.714,-1.134,-82.6269,27.76061,8726520,NOAA_NOS,IAN,2022,3600.0
2022-09-27 13:00:00,0.112,-0.961,-1.073,-82.6269,27.76061,8726520,NOAA_NOS,IAN,2022,3660.0
2022-09-27 14:00:00,0.066,-1.036,-1.102,-82.6269,27.76061,8726520,NOAA_NOS,IAN,2022,3720.0
2022-09-27 15:00:00,0.354,-0.793,-1.147,-82.6269,27.76061,8726520,NOAA_NOS,IAN,2022,3780.0
2022-09-27 16:00:00,0.768,-0.451,-1.219,-82.6269,27.76061,8726520,NOAA_NOS,IAN,2022,3840.0
2022-09-27 17:00:00,1.086,-0.069,-1.155,-82.6269,27.76061,8726520,NOAA_NOS,IAN,2022,3900.0
2022-09-27 18:00:00,1.453,0.313,-1.14,-82.6269,27.76061,8726520,NOAA_NOS,IAN,2022,3960.0
2022-09-27 19:00:00,1.706,0.568,-1.138,-82.6269,27.76061,8726520,NOAA_NOS,IAN,2022,4020.0
2022-09-27 20:00:00,1.677,0.646,-1.031,-82.6269,27.76061,8726520,NOAA_NOS,IAN,2022,4080.0
2022-09-27 21:00:00,1.391,0.469,-0.922,-82.6269,27.76061,8726520,NOAA_NOS,IAN,2022,4140.0
2022-09-27 22:00:00,1.109,0.195,-0.914,-82.6269,27.76061,8726520,NOAA_NOS,IAN,2022,4200.0
2022-09-27 23:00:00,0.692,-0.103,-0.7949999999999999,-82.6269,27.76061,8726520,NOAA_NOS,IAN,2022,4260.0
2022-09-28 00:00:00,0.246,-0.399,-0.645,-82.6269,27.76061,8726520,NOAA_NOS,IAN,2022,4320.0
2022-09-28 01:00:00,-0.089,-0.591,-0.502,-82.6269,27.76061,8726520,NOAA_NOS,IAN,2022,4380.0
2022-09-28 02:00:00,-0.177,-0.643,-0.466,-82.6269,27.76061,8726520,NOAA_NOS,IAN,2022,4440.0
2022-09-28 03:00:00,-0.236,-0.491,-0.255,-82.6269,27.76061,8726520,NOAA_NOS,IAN,2022,4500.0
2022-09-28 04:00:00,-0.171,-0.246,-0.0749999999999999,-82.6269,27.76061,8726520,NOAA_NOS,IAN,2022,4560.0
2022-09-28 05:00:00,0.121,0.005,-0.1159999999999999,-82.6269,27.76061,8726520,NOAA_NOS,IAN,2022,4620.0
2022-09-28 06:00:00,0.246,0.186,-0.06,-82.6269,27.76061,8726520,NOAA_NOS,IAN,2022,4680.0
2022-09-28 07:00:00,0.148,0.118,-0.03,-82.6269,27.76061,8726520,NOAA_NOS,IAN,2022,4740.0
2022-09-28 08:00:00,0.036,-0.153,-0.189,-82.6269,27.76061,8726520,NOAA_NOS,IAN,2022,4800.0
2022-09-28 09:00:00,-0.269,-0.505,-0.236,-82.6269,27.76061,8726520,NOAA_NOS,IAN,2022,4860.0
2022-09-28 10:00:00,-0.653,-0.962,-0.3089999999999999,-82.6269,27.76061,8726520,NOAA_NOS,IAN,2022,4920.0
2022-09-28 11:00:00,-1.234,-1.461,-0.2270000000000001,-82.6269,27.76061,8726520,NOAA_NOS,IAN,2022,4980.0
2022-09-28 12:00:00,-1.759,-1.983,-0.2240000000000002,-82.6269,27.76061,8726520,NOAA_NOS,IAN,2022,5040.0
2022-09-28 13:00:00,-2.224,-2.511,-0.2869999999999999,-82.6269,27.76061,8726520,NOAA_NOS,IAN,2022,5100.0
2022-09-28 14:00:00,-2.963,-3.01,-0.0469999999999997,-82.6269,27.76061,8726520,NOAA_NOS,IAN,2022,5160.0
2022-09-28 15:00:00,-3.392,-3.456,-0.064,-82.6269,27.76061,8726520,NOAA_NOS,IAN,2022,5220.0
2022-09-28 16:00:00,-3.675,-3.827,-0.1520000000000001,-82.6269,27.76061,8726520,NOAA_NOS,IAN,2022,5280.0
2022-09-28 17:00:00,-3.911,-4.119,-0.2079999999999997,-82.6269,27.76061,8726520,NOAA_NOS,IAN,2022,5340.0
2022-09-28 18:00:00,-3.967,-4.402,-0.435,-82.6269,27.76061,8726520,NOAA_NOS,IAN,2022,5400.0
2022-09-28 19:00:00,-4.173,-4.709,-0.5359999999999996,-82.6269,27.76061,8726520,NOAA_NOS,IAN,2022,5460.0
2022-09-28 20:00:00,-4.311,-5.161,-0.8499999999999996,-82.6269,27.76061,8726520,NOAA_NOS,IAN,2022,5520.0
2022-09-28 21:00:00,-4.724,-5.638,-0.9139999999999996,-82.6269,27.76061,8726520,NOAA_NOS,IAN,2022,5580.0
2022-09-28 22:00:00,-4.843,-6.188,-1.3449999999999998,-82.6269,27.76061,8726520,NOAA_NOS,IAN,2022,5640.0
2022-09-28 23:00:00,-5.121,-6.548,-1.4269999999999996,-82.6269,27.76061,8726520,NOAA_NOS,IAN,2022,5700.0
2022-09-29 00:00:00,-4.902,-6.34,-1.4379999999999995,-82.6269,27.76061,8726520,NOAA_NOS,IAN,2022,5760.0
2022-09-29 01:00:00,-4.626,-5.925,-1.2989999999999997,-82.6269,27.76061,8726520,NOAA_NOS,IAN,2022,5820.0
2022-09-29 02:00:00,-4.462,-5.539,-1.077,-82.6269,27.76061,8726520,NOAA_NOS,IAN,2022,5880.0
2022-09-29 03:00:00,-4.15,-5.103,-0.9529999999999994,-82.6269,27.76061,8726520,NOAA_NOS,IAN,2022,5940.0
2022-09-29 04:00:00,-3.684,-4.387,-0.7029999999999994,-82.6269,27.76061,8726520,NOAA_NOS,IAN,2022,6000.0
2022-09-29 05:00:00,-2.766,-3.505,-0.7389999999999999,-82.6269,27.76061,8726520,NOAA_NOS,IAN,2022,6060.0
2022-09-29 06:00:00,-2.238,-2.639,-0.4009999999999998,-82.6269,27.76061,8726520,NOAA_NOS,IAN,2022,6120.0
2022-09-29 07:00:00,-1.785,-1.965,-0.1800000000000001,-82.6269,27.76061,8726520,NOAA_NOS,IAN,2022,6180.0
2022-09-29 08:00:00,-1.079,-1.439,-0.3600000000000001,-82.6269,27.76061,8726520,NOAA_NOS,IAN,2022,6240.0
2022-09-29 09:00:00,-0.705,-1.082,-0.3770000000000001,-82.6269,27.76061,8726520,NOAA_NOS,IAN,2022,6300.0
2022-09-29 10:00:00,-0.673,-0.889,-0.2159999999999999,-82.6269,27.76061,8726520,NOAA_NOS,IAN,2022,6360.0
2022-09-29 11:00:00,-0.745,-0.877,-0.132,-82.6269,27.76061,8726520,NOAA_NOS,IAN,2022,6420.0
2022-09-29 12:00:00,-0.948,-1.007,-0.0589999999999999,-82.6269,27.76061,8726520,NOAA_NOS,IAN,2022,6480.0
2022-09-29 13:00:00,-1.083,-1.15,-0.0669999999999999,-82.6269,27.76061,8726520,NOAA_NOS,IAN,2022,6540.0
2022-09-29 14:00:00,-1.165,-1.227,-0.062,-82.6269,27.76061,8726520,NOAA_NOS,IAN,2022,6600.0
2022-09-29 15:00:00,-1.158,-1.206,-0.048,-82.6269,27.76061,8726520,NOAA_NOS,IAN,2022,6660.0
2022-09-29 16:00:00,-0.974,-1.047,-0.0729999999999999,-82.6269,27.76061,8726520,NOAA_NOS,IAN,2022,6720.0
2022-09-29 17:00:00,-0.784,-0.804,-0.02,-82.6269,27.76061,8726520,NOAA_NOS,IAN,2022,6780.0
2022-09-29 18:00:00,-0.535,-0.528,0.007,-82.6269,27.76061,8726520,NOAA_NOS,IAN,2022,6840.0
2022-09-29 19:00:00,-0.318,-0.224,0.094,-82.6269,27.76061,8726520,NOAA_NOS,IAN,2022,6900.0
2022-09-29 20:00:00,-0.082,0.01,0.092,-82.6269,27.76061,8726520,NOAA_NOS,IAN,2022,6960.0
2022-09-29 21:00:00,0.043,0.156,0.113,-82.6269,27.76061,8726520,NOAA_NOS,IAN,2022,7020.0
2022-09-29 22:00:00,0.184,0.206,0.0219999999999999,-82.6269,27.76061,8726520,NOAA_NOS,IAN,2022,7080.0
2022-09-29 23:00:00,0.161,0.125,-0.036,-82.6269,27.76061,8726520,NOAA_NOS,IAN,2022,7140.0
2022-09-30 00:00:00,0.013,-0.001,-0.0139999999999999,-82.6269,27.76061,8726520,NOAA_NOS,IAN,2022,7200.0
2022-09-30 01:00:00,-0.059,-0.073,-0.0139999999999999,-82.6269,27.76061,8726520,NOAA_NOS,IAN,2022,7260.0
2022-09-30 02:00:00,-0.135,-0.075,0.06,-82.6269,27.76061,8726520,NOAA_NOS,IAN,2022,7320.0
2022-09-30 03:00:00,-0.089,0.051,0.1399999999999999,-82.6269,27.76061,8726520,NOAA_NOS,IAN,2022,7380.0
2022-09-30 04:00:00,0.066,0.245,0.179,-82.6269,27.76061,8726520,NOAA_NOS,IAN,2022,7440.0
2022-09-30 05:00:00,0.272,0.478,0.2059999999999999,-82.6269,27.76061,8726520,NOAA_NOS,IAN,2022,7500.0
2022-09-30 06:00:00,0.525,0.728,0.2029999999999999,-82.6269,27.76061,8726520,NOAA_NOS,IAN,2022,7560.0
2022-09-30 07:00:00,0.794,0.902,0.1079999999999999,-82.6269,27.76061,8726520,NOAA_NOS,IAN,2022,7620.0
2022-09-30 08:00:00,0.974,0.972,-0.002,-82.6269,27.76061,8726520,NOAA_NOS,IAN,2022,7680.0
2022-09-30 09:00:00,0.994,0.866,-0.128,-82.6269,27.76061,8726520,NOAA_NOS,IAN,2022,7740.0
2022-09-30 10:00:00,0.866,0.645,-0.2209999999999999,-82.6269,27.76061,8726520,NOAA_NOS,IAN,2022,7800.0
2022-09-30 11:00:00,0.587,0.329,-0.2579999999999999,-82.6269,27.76061,8726520,NOAA_NOS,IAN,2022,7860.0
2022-09-30 12:00:00,0.197,-0.057,-0.254,-82.6269,27.76061,8726520,NOAA_NOS,IAN,2022,7920.0
2022-09-30 13:00:00,-0.262,-0.432,-0.1699999999999999,-82.6269,27.76061,8726520,NOAA_NOS,IAN,2022,7980.0
2022-09-30 14:00:00,-0.719,-0.78,-0.061,-82.6269,27.76061,8726520,NOAA_NOS,IAN,2022,8040.0
2022-09-30 15:00:00,-1.047,-1.072,-0.0250000000000001,-82.6269,27.76061,8726520,NOAA_NOS,IAN,2022,8100.0
2022-09-30 16:00:00,-1.132,-1.268,-0.1360000000000001,-82.6269,27.76061,8726520,NOAA_NOS,IAN,2022,8160.0
2022-09-30 17:00:00,-0.974,-1.291,-0.3169999999999999,-82.6269,27.76061,8726520,NOAA_NOS,IAN,2022,8220.0
2022-09-30 18:00:00,-0.719,-1.12,-0.4010000000000001,-82.6269,27.76061,8726520,NOAA_NOS,IAN,2022,8280.0
2022-09-30 19:00:00,-0.367,-0.899,-0.532,-82.6269,27.76061,8726520,NOAA_NOS,IAN,2022,8340.0
2022-09-30 20:00:00,0.046,-0.631,-0.677,-82.6269,27.76061,8726520,NOAA_NOS,IAN,2022,8400.0
2022-09-30 21:00:00,0.407,-0.361,-0.768,-82.6269,27.76061,8726520,NOAA_NOS,IAN,2022,8460.0
2022-09-30 22:00:00,0.735,-0.154,-0.889,-82.6269,27.76061,8726520,NOAA_NOS,IAN,2022,8520.0
2022-09-30 23:00:00,0.932,-0.016,-0.948,-82.6269,27.76061,8726520,NOAA_NOS,IAN,2022,8580.0
2022-10-01 00:00:00,0.994,0.069,-0.925,-82.6269,27.76061,8726520,NOAA_NOS,IAN,2022,8640.0
2022-10-01 01:00:00,0.988,0.135,-0.853,-82.6269,27.76061,8726520,NOAA_NOS,IAN,2022,8700.0
2022-10-01 02:00:00,0.938,0.235,-0.703,-82.6269,27.76061,8726520,NOAA_NOS,IAN,2022,8760.0
2022-10-01 03:00:00,0.932,0.382,-0.55,-82.6269,27.76061,8726520,NOAA_NOS,IAN,2022,8820.0
2022-10-01 04:00:00,1.07,0.575,-0.4950000000000001,-82.6269,27.76061,8726520,NOAA_NOS,IAN,2022,8880.0
2022-10-01 05:00:00,1.273,0.799,-0.4739999999999998,-82.6269,27.76061,8726520,NOAA_NOS,IAN,2022,8940.0
2022-10-01 06:00:00,1.48,1.036,-0.4439999999999999,-82.6269,27.76061,8726520,NOAA_NOS,IAN,2022,9000.0
2022-10-01 07:00:00,1.683,1.249,-0.4339999999999999,-82.6269,27.76061,8726520,NOAA_NOS,IAN,2022,9060.0
2022-10-01 08:00:00,1.857,1.371,-0.486,-82.6269,27.76061,8726520,NOAA_NOS,IAN,2022,9120.0
2022-10-01 09:00:00,1.886,1.335,-0.5509999999999999,-82.6269,27.76061,8726520,NOAA_NOS,IAN,2022,9180.0
2022-10-01 10:00:00,1.778,1.147,-0.631,-82.6269,27.76061,8726520,NOAA_NOS,IAN,2022,9240.0
2022-10-01 11:00:00,1.562,0.877,-0.685,-82.6269,27.76061,8726520,NOAA_NOS,IAN,2022,9300.0
2022-10-01 12:00:00,1.171,0.517,-0.654,-82.6269,27.76061,8726520,NOAA_NOS,IAN,2022,9360.0
2022-10-01 13:00:00,0.663,0.149,-0.514,-82.6269,27.76061,8726520,NOAA_NOS,IAN,2022,9420.0
2022-10-01 14:00:00,0.135,-0.216,-0.351,-82.6269,27.76061,8726520,NOAA_NOS,IAN,2022,9480.0
2022-10-01 15:00:00,-0.344,-0.57,-0.2259999999999999,-82.6269,27.76061,8726520,NOAA_NOS,IAN,2022,9540.0
2022-10-01 16:00:00,-0.669,-0.885,-0.2159999999999999,-82.6269,27.76061,8726520,NOAA_NOS,IAN,2022,9600.0
2022-10-01 17:00:00,-0.781,-1.121,-0.3399999999999999,-82.6269,27.76061,8726520,NOAA_NOS,IAN,2022,9660.0
2022-10-01 18:00:00,-0.597,-1.232,-0.635,-82.6269,27.76061,8726520,NOAA_NOS,IAN,2022,9720.0
2022-10-01 19:00:00,-0.338,-1.194,-0.8559999999999999,-82.6269,27.76061,8726520,NOAA_NOS,IAN,2022,9780.0
2022-10-01 20:00:00,0.013,-1.033,-1.0459999999999998,-82.6269,27.76061,8726520,NOAA_NOS,IAN,2022,9840.0
2022-10-01 21:00:00,0.423,-0.831,-1.254,-82.6269,27.76061,8726520,NOAA_NOS,IAN,2022,9900.0
2022-10-01 22:00:00,0.771,-0.581,-1.352,-82.6269,27.76061,8726520,NOAA_NOS,IAN,2022,9960.0
2022-10-01 23:00:00,1.04,-0.338,-1.378,-82.6269,27.76061,8726520,NOAA_NOS,IAN,2022,10020.0
2022-09-25 01:00:00,-0.292,-0.914,-0.6220000000000001,-82.552778,27.857778,8726607,NOAA_NOS,IAN,2022,60.0
2022-09-25 02:00:00,-0.217,-0.836,-0.619,-82.552778,27.857778,8726607,NOAA_NOS,IAN,2022,120.0
2022-09-25 03:00:00,0.095,-0.555,-0.65,-82.552778,27.857778,8726607,NOAA_NOS,IAN,2022,180.0
2022-09-25 04:00:00,0.489,-0.184,-0.673,-82.552778,27.857778,8726607,NOAA_NOS,IAN,2022,240.0
2022-09-25 05:00:00,0.955,0.224,-0.731,-82.552778,27.857778,8726607,NOAA_NOS,IAN,2022,300.0
2022-09-25 06:00:00,1.296,0.525,-0.771,-82.552778,27.857778,8726607,NOAA_NOS,IAN,2022,360.0
2022-09-25 07:00:00,1.496,0.694,-0.802,-82.552778,27.857778,8726607,NOAA_NOS,IAN,2022,420.0
2022-09-25 08:00:00,1.46,0.596,-0.864,-82.552778,27.857778,8726607,NOAA_NOS,IAN,2022,480.0
2022-09-25 09:00:00,1.188,0.323,-0.865,-82.552778,27.857778,8726607,NOAA_NOS,IAN,2022,540.0
2022-09-25 10:00:00,0.801,-0.041,-0.8420000000000001,-82.552778,27.857778,8726607,NOAA_NOS,IAN,2022,600.0
2022-09-25 11:00:00,0.436,-0.398,-0.8340000000000001,-82.552778,27.857778,8726607,NOAA_NOS,IAN,2022,660.0
2022-09-25 12:00:00,0.223,-0.653,-0.876,-82.552778,27.857778,8726607,NOAA_NOS,IAN,2022,720.0
2022-09-25 13:00:00,0.233,-0.75,-0.983,-82.552778,27.857778,8726607,NOAA_NOS,IAN,2022,780.0
2022-09-25 14:00:00,0.463,-0.588,-1.051,-82.552778,27.857778,8726607,NOAA_NOS,IAN,2022,840.0
2022-09-25 15:00:00,0.82,-0.265,-1.085,-82.552778,27.857778,8726607,NOAA_NOS,IAN,2022,900.0
2022-09-25 16:00:00,1.293,0.147,-1.146,-82.552778,27.857778,8726607,NOAA_NOS,IAN,2022,960.0
2022-09-25 17:00:00,1.699,0.552,-1.147,-82.552778,27.857778,8726607,NOAA_NOS,IAN,2022,1020.0
2022-09-25 18:00:00,2.028,0.875,-1.153,-82.552778,27.857778,8726607,NOAA_NOS,IAN,2022,1080.0
2022-09-25 19:00:00,2.129,1.068,-1.061,-82.552778,27.857778,8726607,NOAA_NOS,IAN,2022,1140.0
2022-09-25 20:00:00,1.975,0.983,-0.992,-82.552778,27.857778,8726607,NOAA_NOS,IAN,2022,1200.0
2022-09-25 21:00:00,1.572,0.686,-0.886,-82.552778,27.857778,8726607,NOAA_NOS,IAN,2022,1260.0
2022-09-25 22:00:00,1.056,0.287,-0.7690000000000001,-82.552778,27.857778,8726607,NOAA_NOS,IAN,2022,1320.0
2022-09-25 23:00:00,0.568,-0.137,-0.705,-82.552778,27.857778,8726607,NOAA_NOS,IAN,2022,1380.0
2022-09-26 00:00:00,0.161,-0.484,-0.645,-82.552778,27.857778,8726607,NOAA_NOS,IAN,2022,1440.0
2022-09-26 01:00:00,-0.089,-0.726,-0.637,-82.552778,27.857778,8726607,NOAA_NOS,IAN,2022,1500.0
2022-09-26 02:00:00,-0.066,-0.761,-0.6950000000000001,-82.552778,27.857778,8726607,NOAA_NOS,IAN,2022,1560.0
2022-09-26 03:00:00,0.223,-0.52,-0.743,-82.552778,27.857778,8726607,NOAA_NOS,IAN,2022,1620.0
2022-09-26 04:00:00,0.669,-0.172,-0.841,-82.552778,27.857778,8726607,NOAA_NOS,IAN,2022,1680.0
2022-09-26 05:00:00,1.184,0.243,-0.941,-82.552778,27.857778,8726607,NOAA_NOS,IAN,2022,1740.0
2022-09-26 06:00:00,1.604,0.573,-1.031,-82.552778,27.857778,8726607,NOAA_NOS,IAN,2022,1800.0
2022-09-26 07:00:00,1.886,0.788,-1.098,-82.552778,27.857778,8726607,NOAA_NOS,IAN,2022,1860.0
2022-09-26 08:00:00,1.942,0.771,-1.1709999999999998,-82.552778,27.857778,8726607,NOAA_NOS,IAN,2022,1920.0
2022-09-26 09:00:00,1.713,0.513,-1.2000000000000002,-82.552778,27.857778,8726607,NOAA_NOS,IAN,2022,1980.0
2022-09-26 10:00:00,1.306,0.147,-1.159,-82.552778,27.857778,8726607,NOAA_NOS,IAN,2022,2040.0
2022-09-26 11:00:00,0.82,-0.275,-1.095,-82.552778,27.857778,8726607,NOAA_NOS,IAN,2022,2100.0
2022-09-26 12:00:00,0.443,-0.614,-1.057,-82.552778,27.857778,8726607,NOAA_NOS,IAN,2022,2160.0
2022-09-26 13:00:00,0.22,-0.848,-1.068,-82.552778,27.857778,8726607,NOAA_NOS,IAN,2022,2220.0
2022-09-26 14:00:00,0.302,-0.878,-1.18,-82.552778,27.857778,8726607,NOAA_NOS,IAN,2022,2280.0
2022-09-26 15:00:00,0.653,-0.63,-1.283,-82.552778,27.857778,8726607,NOAA_NOS,IAN,2022,2340.0
2022-09-26 16:00:00,1.079,-0.258,-1.337,-82.552778,27.857778,8726607,NOAA_NOS,IAN,2022,2400.0
2022-09-26 17:00:00,1.637,0.187,-1.45,-82.552778,27.857778,8726607,NOAA_NOS,IAN,2022,2460.0
2022-09-26 18:00:00,2.08,0.575,-1.505,-82.552778,27.857778,8726607,NOAA_NOS,IAN,2022,2520.0
2022-09-26 19:00:00,2.395,0.865,-1.53,-82.552778,27.857778,8726607,NOAA_NOS,IAN,2022,2580.0
2022-09-26 20:00:00,2.516,0.975,-1.541,-82.552778,27.857778,8726607,NOAA_NOS,IAN,2022,2640.0
2022-09-26 21:00:00,2.375,0.794,-1.581,-82.552778,27.857778,8726607,NOAA_NOS,IAN,2022,2700.0
2022-09-26 22:00:00,1.909,0.467,-1.442,-82.552778,27.857778,8726607,NOAA_NOS,IAN,2022,2760.0
2022-09-26 23:00:00,1.407,0.058,-1.349,-82.552778,27.857778,8726607,NOAA_NOS,IAN,2022,2820.0
2022-09-27 00:00:00,0.883,-0.305,-1.188,-82.552778,27.857778,8726607,NOAA_NOS,IAN,2022,2880.0
2022-09-27 01:00:00,0.614,-0.566,-1.18,-82.552778,27.857778,8726607,NOAA_NOS,IAN,2022,2940.0
2022-09-27 02:00:00,0.367,-0.653,-1.02,-82.552778,27.857778,8726607,NOAA_NOS,IAN,2022,3000.0
2022-09-27 03:00:00,0.518,-0.463,-0.981,-82.552778,27.857778,8726607,NOAA_NOS,IAN,2022,3060.0
2022-09-27 04:00:00,0.856,-0.133,-0.989,-82.552778,27.857778,8726607,NOAA_NOS,IAN,2022,3120.0
2022-09-27 05:00:00,1.289,0.275,-1.0139999999999998,-82.552778,27.857778,8726607,NOAA_NOS,IAN,2022,3180.0
2022-09-27 06:00:00,1.713,0.641,-1.072,-82.552778,27.857778,8726607,NOAA_NOS,IAN,2022,3240.0
2022-09-27 07:00:00,2.103,0.891,-1.2120000000000002,-82.552778,27.857778,8726607,NOAA_NOS,IAN,2022,3300.0
2022-09-27 08:00:00,2.215,0.944,-1.271,-82.552778,27.857778,8726607,NOAA_NOS,IAN,2022,3360.0
2022-09-27 09:00:00,2.047,0.717,-1.33,-82.552778,27.857778,8726607,NOAA_NOS,IAN,2022,3420.0
2022-09-27 10:00:00,1.686,0.353,-1.333,-82.552778,27.857778,8726607,NOAA_NOS,IAN,2022,3480.0
2022-09-27 11:00:00,1.155,-0.101,-1.256,-82.552778,27.857778,8726607,NOAA_NOS,IAN,2022,3540.0
2022-09-27 12:00:00,0.617,-0.502,-1.119,-82.552778,27.857778,8726607,NOAA_NOS,IAN,2022,3600.0
2022-09-27 13:00:00,0.207,-0.841,-1.048,-82.552778,27.857778,8726607,NOAA_NOS,IAN,2022,3660.0
2022-09-27 14:00:00,-0.013,-1.062,-1.0490000000000002,-82.552778,27.857778,8726607,NOAA_NOS,IAN,2022,3720.0
2022-09-27 15:00:00,0.02,-1.029,-1.049,-82.552778,27.857778,8726607,NOAA_NOS,IAN,2022,3780.0
2022-09-27 16:00:00,0.407,-0.741,-1.148,-82.552778,27.857778,8726607,NOAA_NOS,IAN,2022,3840.0
2022-09-27 17:00:00,0.794,-0.365,-1.159,-82.552778,27.857778,8726607,NOAA_NOS,IAN,2022,3900.0
2022-09-27 18:00:00,1.286,0.073,-1.213,-82.552778,27.857778,8726607,NOAA_NOS,IAN,2022,3960.0
2022-09-27 19:00:00,1.617,0.416,-1.201,-82.552778,27.857778,8726607,NOAA_NOS,IAN,2022,4020.0
2022-09-27 20:00:00,1.847,0.652,-1.1949999999999998,-82.552778,27.857778,8726607,NOAA_NOS,IAN,2022,4080.0
2022-09-27 21:00:00,1.69,0.658,-1.032,-82.552778,27.857778,8726607,NOAA_NOS,IAN,2022,4140.0
2022-09-27 22:00:00,1.368,0.433,-0.935,-82.552778,27.857778,8726607,NOAA_NOS,IAN,2022,4200.0
2022-09-27 23:00:00,0.853,0.102,-0.751,-82.552778,27.857778,8726607,NOAA_NOS,IAN,2022,4260.0
2022-09-28 00:00:00,0.377,-0.284,-0.661,-82.552778,27.857778,8726607,NOAA_NOS,IAN,2022,4320.0
2022-09-28 01:00:00,-0.069,-0.572,-0.5029999999999999,-82.552778,27.857778,8726607,NOAA_NOS,IAN,2022,4380.0
2022-09-28 02:00:00,-0.312,-0.757,-0.445,-82.552778,27.857778,8726607,NOAA_NOS,IAN,2022,4440.0
2022-09-28 03:00:00,-0.459,-0.761,-0.302,-82.552778,27.857778,8726607,NOAA_NOS,IAN,2022,4500.0
2022-09-28 04:00:00,-0.492,-0.553,-0.061,-82.552778,27.857778,8726607,NOAA_NOS,IAN,2022,4560.0
2022-09-28 05:00:00,-0.213,-0.286,-0.0729999999999999,-82.552778,27.857778,8726607,NOAA_NOS,IAN,2022,4620.0
2022-09-28 06:00:00,0.01,-0.026,-0.036,-82.552778,27.857778,8726607,NOAA_NOS,IAN,2022,4680.0
2022-09-28 07:00:00,0.138,0.049,-0.089,-82.552778,27.857778,8726607,NOAA_NOS,IAN,2022,4740.0
2022-09-28 08:00:00,0.115,-0.112,-0.227,-82.552778,27.857778,8726607,NOAA_NOS,IAN,2022,4800.0
2022-09-28 09:00:00,-0.138,-0.454,-0.316,-82.552778,27.857778,8726607,NOAA_NOS,IAN,2022,4860.0
2022-09-28 10:00:00,-0.531,-0.931,-0.4,-82.552778,27.857778,8726607,NOAA_NOS,IAN,2022,4920.0
2022-09-28 11:00:00,-1.03,-1.464,-0.4339999999999999,-82.552778,27.857778,8726607,NOAA_NOS,IAN,2022,4980.0
2022-09-28 12:00:00,-1.611,-2.017,-0.4059999999999999,-82.552778,27.857778,8726607,NOAA_NOS,IAN,2022,5040.0
2022-09-28 13:00:00,-2.234,-2.57,-0.3359999999999998,-82.552778,27.857778,8726607,NOAA_NOS,IAN,2022,5100.0
2022-09-28 14:00:00,-2.919,-3.119,-0.2000000000000001,-82.552778,27.857778,8726607,NOAA_NOS,IAN,2022,5160.0
2022-09-28 15:00:00,-3.516,-3.659,-0.1429999999999998,-82.552778,27.857778,8726607,NOAA_NOS,IAN,2022,5220.0
2022-09-28 16:00:00,-3.96,-4.172,-0.2119999999999997,-82.552778,27.857778,8726607,NOAA_NOS,IAN,2022,5280.0
2022-09-29 06:00:00,-2.795,-4.3,-1.505,-82.552778,27.857778,8726607,NOAA_NOS,IAN,2022,6120.0
2022-09-29 07:00:00,-2.388,-3.339,-0.951,-82.552778,27.857778,8726607,NOAA_NOS,IAN,2022,6180.0
2022-09-29 08:00:00,-1.788,-2.61,-0.8219999999999998,-82.552778,27.857778,8726607,NOAA_NOS,IAN,2022,6240.0
2022-09-29 09:00:00,-1.237,-2.073,-0.8359999999999999,-82.552778,27.857778,8726607,NOAA_NOS,IAN,2022,6300.0
2022-09-29 10:00:00,-0.922,-1.68,-0.7579999999999999,-82.552778,27.857778,8726607,NOAA_NOS,IAN,2022,6360.0
2022-09-29 11:00:00,-0.814,-1.464,-0.65,-82.552778,27.857778,8726607,NOAA_NOS,IAN,2022,6420.0
2022-09-29 12:00:00,-0.787,-1.376,-0.5889999999999999,-82.552778,27.857778,8726607,NOAA_NOS,IAN,2022,6480.0
2022-09-29 13:00:00,-0.955,-1.344,-0.3890000000000001,-82.552778,27.857778,8726607,NOAA_NOS,IAN,2022,6540.0
2022-09-29 14:00:00,-1.115,-1.319,-0.2039999999999999,-82.552778,27.857778,8726607,NOAA_NOS,IAN,2022,6600.0
2022-09-29 15:00:00,-1.227,-1.289,-0.0619999999999998,-82.552778,27.857778,8726607,NOAA_NOS,IAN,2022,6660.0
2022-09-29 16:00:00,-1.171,-1.183,-0.012,-82.552778,27.857778,8726607,NOAA_NOS,IAN,2022,6720.0
2022-09-29 17:00:00,-1.014,-0.983,0.031,-82.552778,27.857778,8726607,NOAA_NOS,IAN,2022,6780.0
2022-09-29 18:00:00,-0.755,-0.727,0.028,-82.552778,27.857778,8726607,NOAA_NOS,IAN,2022,6840.0
2022-09-29 19:00:00,-0.486,-0.446,0.0399999999999999,-82.552778,27.857778,8726607,NOAA_NOS,IAN,2022,6900.0
2022-09-29 20:00:00,-0.21,-0.182,0.0279999999999999,-82.552778,27.857778,8726607,NOAA_NOS,IAN,2022,6960.0
2022-09-29 21:00:00,0.003,0.036,0.0329999999999999,-82.552778,27.857778,8726607,NOAA_NOS,IAN,2022,7020.0
2022-09-29 22:00:00,0.148,0.186,0.038,-82.552778,27.857778,8726607,NOAA_NOS,IAN,2022,7080.0
2022-09-29 23:00:00,0.194,0.222,0.0279999999999999,-82.552778,27.857778,8726607,NOAA_NOS,IAN,2022,7140.0
2022-09-30 00:00:00,0.138,0.138,0.0,-82.552778,27.857778,8726607,NOAA_NOS,IAN,2022,7200.0
2022-09-30 01:00:00,0.036,0.011,-0.0249999999999999,-82.552778,27.857778,8726607,NOAA_NOS,IAN,2022,7260.0
2022-09-30 02:00:00,-0.144,-0.105,0.0389999999999999,-82.552778,27.857778,8726607,NOAA_NOS,IAN,2022,7320.0
2022-09-30 03:00:00,-0.23,-0.092,0.138,-82.552778,27.857778,8726607,NOAA_NOS,IAN,2022,7380.0
2022-09-30 04:00:00,-0.174,0.069,0.243,-82.552778,27.857778,8726607,NOAA_NOS,IAN,2022,7440.0
2022-09-30 05:00:00,0.016,0.322,0.306,-82.552778,27.857778,8726607,NOAA_NOS,IAN,2022,7500.0
2022-09-30 06:00:00,0.322,0.626,0.304,-82.552778,27.857778,8726607,NOAA_NOS,IAN,2022,7560.0
2022-09-30 07:00:00,0.659,0.874,0.2149999999999999,-82.552778,27.857778,8726607,NOAA_NOS,IAN,2022,7620.0
2022-09-30 08:00:00,0.942,1.047,0.1049999999999999,-82.552778,27.857778,8726607,NOAA_NOS,IAN,2022,7680.0
2022-09-30 09:00:00,1.122,1.049,-0.0730000000000001,-82.552778,27.857778,8726607,NOAA_NOS,IAN,2022,7740.0
2022-09-30 10:00:00,1.099,0.853,-0.246,-82.552778,27.857778,8726607,NOAA_NOS,IAN,2022,7800.0
2022-09-30 11:00:00,0.846,0.543,-0.3029999999999999,-82.552778,27.857778,8726607,NOAA_NOS,IAN,2022,7860.0
2022-09-30 12:00:00,0.387,0.151,-0.236,-82.552778,27.857778,8726607,NOAA_NOS,IAN,2022,7920.0
2022-09-30 13:00:00,-0.102,-0.237,-0.135,-82.552778,27.857778,8726607,NOAA_NOS,IAN,2022,7980.0
2022-09-30 14:00:00,-0.564,-0.606,-0.042,-82.552778,27.857778,8726607,NOAA_NOS,IAN,2022,8040.0
2022-09-30 15:00:00,-0.961,-0.935,0.0259999999999999,-82.552778,27.857778,8726607,NOAA_NOS,IAN,2022,8100.0
2022-09-30 16:00:00,-1.201,-1.202,-0.0009999999999998,-82.552778,27.857778,8726607,NOAA_NOS,IAN,2022,8160.0
2022-09-30 17:00:00,-1.194,-1.353,-0.159,-82.552778,27.857778,8726607,NOAA_NOS,IAN,2022,8220.0
2022-09-30 18:00:00,-1.004,-1.299,-0.2949999999999999,-82.552778,27.857778,8726607,NOAA_NOS,IAN,2022,8280.0
2022-09-30 19:00:00,-0.64,-1.096,-0.456,-82.552778,27.857778,8726607,NOAA_NOS,IAN,2022,8340.0
2022-09-30 20:00:00,-0.171,-0.814,-0.6429999999999999,-82.552778,27.857778,8726607,NOAA_NOS,IAN,2022,8400.0
2022-09-30 21:00:00,0.289,-0.498,-0.7869999999999999,-82.552778,27.857778,8726607,NOAA_NOS,IAN,2022,8460.0
2022-09-30 22:00:00,0.689,-0.237,-0.926,-82.552778,27.857778,8726607,NOAA_NOS,IAN,2022,8520.0
2022-09-30 23:00:00,1.004,-0.023,-1.027,-82.552778,27.857778,8726607,NOAA_NOS,IAN,2022,8580.0
2022-10-01 00:00:00,1.168,0.114,-1.0539999999999998,-82.552778,27.857778,8726607,NOAA_NOS,IAN,2022,8640.0
2022-10-01 01:00:00,1.161,0.192,-0.969,-82.552778,27.857778,8726607,NOAA_NOS,IAN,2022,8700.0
2022-10-01 02:00:00,1.063,0.252,-0.8109999999999999,-82.552778,27.857778,8726607,NOAA_NOS,IAN,2022,8760.0
2022-10-01 03:00:00,0.919,0.34,-0.579,-82.552778,27.857778,8726607,NOAA_NOS,IAN,2022,8820.0
2022-10-01 04:00:00,0.902,0.491,-0.411,-82.552778,27.857778,8726607,NOAA_NOS,IAN,2022,8880.0
2022-10-01 05:00:00,1.053,0.709,-0.344,-82.552778,27.857778,8726607,NOAA_NOS,IAN,2022,8940.0
2022-10-01 06:00:00,1.312,0.964,-0.3480000000000001,-82.552778,27.857778,8726607,NOAA_NOS,IAN,2022,9000.0
2022-10-01 07:00:00,1.598,1.219,-0.379,-82.552778,27.857778,8726607,NOAA_NOS,IAN,2022,9060.0
2022-10-01 08:00:00,1.886,1.417,-0.4689999999999998,-82.552778,27.857778,8726607,NOAA_NOS,IAN,2022,9120.0
2022-10-01 09:00:00,2.021,1.488,-0.5329999999999999,-82.552778,27.857778,8726607,NOAA_NOS,IAN,2022,9180.0
2022-10-01 10:00:00,1.995,1.361,-0.6340000000000001,-82.552778,27.857778,8726607,NOAA_NOS,IAN,2022,9240.0
2022-10-01 11:00:00,1.742,1.096,-0.6459999999999999,-82.552778,27.857778,8726607,NOAA_NOS,IAN,2022,9300.0
2022-10-01 12:00:00,1.345,0.737,-0.608,-82.552778,27.857778,8726607,NOAA_NOS,IAN,2022,9360.0
2022-10-01 13:00:00,0.827,0.356,-0.471,-82.552778,27.857778,8726607,NOAA_NOS,IAN,2022,9420.0
2022-10-01 14:00:00,0.295,-0.028,-0.323,-82.552778,27.857778,8726607,NOAA_NOS,IAN,2022,9480.0
2022-10-01 15:00:00,-0.21,-0.399,-0.189,-82.552778,27.857778,8726607,NOAA_NOS,IAN,2022,9540.0
2022-10-01 16:00:00,-0.653,-0.737,-0.0839999999999999,-82.552778,27.857778,8726607,NOAA_NOS,IAN,2022,9600.0
2022-10-01 17:00:00,-0.846,-1.027,-0.1809999999999999,-82.552778,27.857778,8726607,NOAA_NOS,IAN,2022,9660.0
2022-10-01 18:00:00,-0.833,-1.232,-0.399,-82.552778,27.857778,8726607,NOAA_NOS,IAN,2022,9720.0
2022-10-01 19:00:00,-0.633,-1.303,-0.6699999999999999,-82.552778,27.857778,8726607,NOAA_NOS,IAN,2022,9780.0
2022-10-01 20:00:00,-0.223,-1.207,-0.984,-82.552778,27.857778,8726607,NOAA_NOS,IAN,2022,9840.0
2022-10-01 21:00:00,0.276,-0.999,-1.275,-82.552778,27.857778,8726607,NOAA_NOS,IAN,2022,9900.0
2022-10-01 22:00:00,0.682,-0.729,-1.411,-82.552778,27.857778,8726607,NOAA_NOS,IAN,2022,9960.0
2022-10-01 23:00:00,1.06,-0.449,-1.509,-82.552778,27.857778,8726607,NOAA_NOS,IAN,2022,10020.0
2022-09-25 01:00:00,-0.404,-1.076,-0.672,-82.421389,27.923056,8726674,NOAA_NOS,IAN,2022,60.0
2022-09-25 02:00:00,-0.22,-0.959,-0.739,-82.421389,27.923056,8726674,NOAA_NOS,IAN,2022,120.0
2022-09-25 03:00:00,0.315,-0.408,-0.723,-82.421389,27.923056,8726674,NOAA_NOS,IAN,2022,180.0
2022-09-25 04:00:00,0.833,0.111,-0.722,-82.421389,27.923056,8726674,NOAA_NOS,IAN,2022,240.0
2022-09-25 05:00:00,1.175,0.402,-0.773,-82.421389,27.923056,8726674,NOAA_NOS,IAN,2022,300.0
2022-09-25 06:00:00,1.506,0.698,-0.808,-82.421389,27.923056,8726674,NOAA_NOS,IAN,2022,360.0
2022-09-25 07:00:00,1.627,0.818,-0.809,-82.421389,27.923056,8726674,NOAA_NOS,IAN,2022,420.0
2022-09-25 08:00:00,1.391,0.602,-0.789,-82.421389,27.923056,8726674,NOAA_NOS,IAN,2022,480.0
2022-09-25 09:00:00,0.984,0.083,-0.901,-82.421389,27.923056,8726674,NOAA_NOS,IAN,2022,540.0
2022-09-25 10:00:00,0.617,-0.286,-0.903,-82.421389,27.923056,8726674,NOAA_NOS,IAN,2022,600.0
2022-09-25 11:00:00,0.377,-0.524,-0.901,-82.421389,27.923056,8726674,NOAA_NOS,IAN,2022,660.0
2022-09-25 12:00:00,0.19,-0.789,-0.979,-82.421389,27.923056,8726674,NOAA_NOS,IAN,2022,720.0
2022-09-25 13:00:00,0.203,-0.883,-1.086,-82.421389,27.923056,8726674,NOAA_NOS,IAN,2022,780.0
2022-09-25 14:00:00,0.623,-0.597,-1.22,-82.421389,27.923056,8726674,NOAA_NOS,IAN,2022,840.0
2022-09-25 15:00:00,1.161,-0.038,-1.199,-82.421389,27.923056,8726674,NOAA_NOS,IAN,2022,900.0
2022-09-25 16:00:00,1.552,0.363,-1.189,-82.421389,27.923056,8726674,NOAA_NOS,IAN,2022,960.0
2022-09-25 17:00:00,1.913,0.735,-1.178,-82.421389,27.923056,8726674,NOAA_NOS,IAN,2022,1020.0
2022-09-25 18:00:00,2.172,1.061,-1.1110000000000002,-82.421389,27.923056,8726674,NOAA_NOS,IAN,2022,1080.0
2022-09-25 19:00:00,2.208,1.178,-1.0300000000000002,-82.421389,27.923056,8726674,NOAA_NOS,IAN,2022,1140.0
2022-09-25 20:00:00,1.916,0.999,-0.917,-82.421389,27.923056,8726674,NOAA_NOS,IAN,2022,1200.0
2022-09-25 21:00:00,1.404,0.465,-0.9389999999999998,-82.421389,27.923056,8726674,NOAA_NOS,IAN,2022,1260.0
2022-09-25 22:00:00,0.932,0.023,-0.909,-82.421389,27.923056,8726674,NOAA_NOS,IAN,2022,1320.0
2022-09-25 23:00:00,0.502,-0.294,-0.796,-82.421389,27.923056,8726674,NOAA_NOS,IAN,2022,1380.0
2022-09-26 00:00:00,0.128,-0.648,-0.776,-82.421389,27.923056,8726674,NOAA_NOS,IAN,2022,1440.0
2022-09-26 01:00:00,-0.141,-0.894,-0.753,-82.421389,27.923056,8726674,NOAA_NOS,IAN,2022,1500.0
2022-09-26 02:00:00,-0.075,-0.885,-0.81,-82.421389,27.923056,8726674,NOAA_NOS,IAN,2022,1560.0
2022-09-26 03:00:00,0.509,-0.472,-0.981,-82.421389,27.923056,8726674,NOAA_NOS,IAN,2022,1620.0
2022-09-26 04:00:00,1.106,0.128,-0.978,-82.421389,27.923056,8726674,NOAA_NOS,IAN,2022,1680.0
2022-09-26 05:00:00,1.526,0.447,-1.079,-82.421389,27.923056,8726674,NOAA_NOS,IAN,2022,1740.0
2022-09-26 06:00:00,1.831,0.742,-1.089,-82.421389,27.923056,8726674,NOAA_NOS,IAN,2022,1800.0
2022-09-26 07:00:00,2.021,0.927,-1.094,-82.421389,27.923056,8726674,NOAA_NOS,IAN,2022,1860.0
2022-09-26 08:00:00,1.965,0.815,-1.15,-82.421389,27.923056,8726674,NOAA_NOS,IAN,2022,1920.0
2022-09-26 09:00:00,1.545,0.349,-1.196,-82.421389,27.923056,8726674,NOAA_NOS,IAN,2022,1980.0
2022-09-26 10:00:00,1.037,-0.145,-1.182,-82.421389,27.923056,8726674,NOAA_NOS,IAN,2022,2040.0
2022-09-26 11:00:00,0.748,-0.432,-1.18,-82.421389,27.923056,8726674,NOAA_NOS,IAN,2022,2100.0
2022-09-26 12:00:00,0.423,-0.771,-1.194,-82.421389,27.923056,8726674,NOAA_NOS,IAN,2022,2160.0
2022-09-26 13:00:00,0.092,-1.017,-1.109,-82.421389,27.923056,8726674,NOAA_NOS,IAN,2022,2220.0
2022-09-26 14:00:00,0.207,-1.011,-1.218,-82.421389,27.923056,8726674,NOAA_NOS,IAN,2022,2280.0
2022-09-26 15:00:00,0.971,-0.591,-1.5619999999999998,-82.421389,27.923056,8726674,NOAA_NOS,IAN,2022,2340.0
2022-09-26 16:00:00,1.637,0.024,-1.613,-82.421389,27.923056,8726674,NOAA_NOS,IAN,2022,2400.0
2022-09-26 17:00:00,1.926,0.401,-1.525,-82.421389,27.923056,8726674,NOAA_NOS,IAN,2022,2460.0
2022-09-26 18:00:00,2.254,0.775,-1.479,-82.421389,27.923056,8726674,NOAA_NOS,IAN,2022,2520.0
2022-09-26 19:00:00,2.592,1.052,-1.54,-82.421389,27.923056,8726674,NOAA_NOS,IAN,2022,2580.0
2022-09-26 20:00:00,2.589,1.058,-1.531,-82.421389,27.923056,8726674,NOAA_NOS,IAN,2022,2640.0
2022-09-26 21:00:00,2.267,0.728,-1.539,-82.421389,27.923056,8726674,NOAA_NOS,IAN,2022,2700.0
2022-09-26 22:00:00,1.729,0.173,-1.556,-82.421389,27.923056,8726674,NOAA_NOS,IAN,2022,2760.0
2022-09-26 23:00:00,1.266,-0.158,-1.424,-82.421389,27.923056,8726674,NOAA_NOS,IAN,2022,2820.0
2022-09-27 00:00:00,0.745,-0.445,-1.19,-82.421389,27.923056,8726674,NOAA_NOS,IAN,2022,2880.0
2022-09-27 01:00:00,0.466,-0.729,-1.195,-82.421389,27.923056,8726674,NOAA_NOS,IAN,2022,2940.0
2022-09-27 02:00:00,0.364,-0.779,-1.143,-82.421389,27.923056,8726674,NOAA_NOS,IAN,2022,3000.0
2022-09-27 03:00:00,0.459,-0.463,-0.922,-82.421389,27.923056,8726674,NOAA_NOS,IAN,2022,3060.0
2022-09-27 04:00:00,1.148,0.126,-1.0219999999999998,-82.421389,27.923056,8726674,NOAA_NOS,IAN,2022,3120.0
2022-09-27 05:00:00,1.795,0.501,-1.294,-82.421389,27.923056,8726674,NOAA_NOS,IAN,2022,3180.0
2022-09-27 06:00:00,2.034,0.816,-1.218,-82.421389,27.923056,8726674,NOAA_NOS,IAN,2022,3240.0
2022-09-27 07:00:00,2.11,1.05,-1.0599999999999998,-82.421389,27.923056,8726674,NOAA_NOS,IAN,2022,3300.0
2022-09-27 08:00:00,2.336,0.994,-1.342,-82.421389,27.923056,8726674,NOAA_NOS,IAN,2022,3360.0
2022-09-27 09:00:00,2.011,0.606,-1.4050000000000002,-82.421389,27.923056,8726674,NOAA_NOS,IAN,2022,3420.0
2022-09-27 10:00:00,1.391,0.069,-1.322,-82.421389,27.923056,8726674,NOAA_NOS,IAN,2022,3480.0
2022-09-27 11:00:00,1.05,-0.291,-1.341,-82.421389,27.923056,8726674,NOAA_NOS,IAN,2022,3540.0
2022-09-27 12:00:00,0.594,-0.674,-1.268,-82.421389,27.923056,8726674,NOAA_NOS,IAN,2022,3600.0
2022-09-27 13:00:00,0.036,-1.035,-1.071,-82.421389,27.923056,8726674,NOAA_NOS,IAN,2022,3660.0
2022-09-27 14:00:00,-0.256,-1.239,-0.983,-82.421389,27.923056,8726674,NOAA_NOS,IAN,2022,3720.0
2022-09-27 15:00:00,0.01,-1.184,-1.194,-82.421389,27.923056,8726674,NOAA_NOS,IAN,2022,3780.0
2022-09-27 16:00:00,0.686,-0.68,-1.366,-82.421389,27.923056,8726674,NOAA_NOS,IAN,2022,3840.0
2022-09-27 17:00:00,1.348,-0.067,-1.415,-82.421389,27.923056,8726674,NOAA_NOS,IAN,2022,3900.0
2022-09-27 18:00:00,1.483,0.256,-1.227,-82.421389,27.923056,8726674,NOAA_NOS,IAN,2022,3960.0
2022-09-27 19:00:00,1.739,0.586,-1.153,-82.421389,27.923056,8726674,NOAA_NOS,IAN,2022,4020.0
2022-09-27 20:00:00,1.85,0.778,-1.072,-82.421389,27.923056,8726674,NOAA_NOS,IAN,2022,4080.0
2022-09-27 21:00:00,1.759,0.69,-1.069,-82.421389,27.923056,8726674,NOAA_NOS,IAN,2022,4140.0
2022-09-27 22:00:00,0.974,0.239,-0.735,-82.421389,27.923056,8726674,NOAA_NOS,IAN,2022,4200.0
2022-09-27 23:00:00,0.554,-0.25,-0.804,-82.421389,27.923056,8726674,NOAA_NOS,IAN,2022,4260.0
2022-09-28 00:00:00,0.262,-0.486,-0.748,-82.421389,27.923056,8726674,NOAA_NOS,IAN,2022,4320.0
2022-09-28 01:00:00,-0.18,-0.757,-0.577,-82.421389,27.923056,8726674,NOAA_NOS,IAN,2022,4380.0
2022-09-28 02:00:00,-0.587,-0.953,-0.366,-82.421389,27.923056,8726674,NOAA_NOS,IAN,2022,4440.0
2022-09-28 03:00:00,-0.63,-0.924,-0.294,-82.421389,27.923056,8726674,NOAA_NOS,IAN,2022,4500.0
2022-09-28 04:00:00,-0.384,-0.578,-0.1939999999999999,-82.421389,27.923056,8726674,NOAA_NOS,IAN,2022,4560.0
2022-09-28 05:00:00,-0.223,-0.159,0.064,-82.421389,27.923056,8726674,NOAA_NOS,IAN,2022,4620.0
2022-09-28 06:00:00,0.22,-0.041,-0.261,-82.421389,27.923056,8726674,NOAA_NOS,IAN,2022,4680.0
2022-09-28 07:00:00,0.246,-0.063,-0.309,-82.421389,27.923056,8726674,NOAA_NOS,IAN,2022,4740.0
2022-09-28 08:00:00,-0.121,-0.382,-0.261,-82.421389,27.923056,8726674,NOAA_NOS,IAN,2022,4800.0
2022-09-28 09:00:00,-0.446,-0.912,-0.466,-82.421389,27.923056,8726674,NOAA_NOS,IAN,2022,4860.0
2022-09-28 10:00:00,-0.728,-1.447,-0.7190000000000001,-82.421389,27.923056,8726674,NOAA_NOS,IAN,2022,4920.0
2022-09-28 11:00:00,-1.257,-2.022,-0.7649999999999999,-82.421389,27.923056,8726674,NOAA_NOS,IAN,2022,4980.0
2022-09-28 12:00:00,-1.949,-2.737,-0.788,-82.421389,27.923056,8726674,NOAA_NOS,IAN,2022,5040.0
2022-09-28 13:00:00,-2.835,-3.422,-0.5870000000000002,-82.421389,27.923056,8726674,NOAA_NOS,IAN,2022,5100.0
2022-09-28 14:00:00,-3.638,-4.074,-0.4359999999999999,-82.421389,27.923056,8726674,NOAA_NOS,IAN,2022,5160.0
2022-09-28 15:00:00,-4.229,-4.823,-0.5940000000000003,-82.421389,27.923056,8726674,NOAA_NOS,IAN,2022,5220.0
2022-09-28 16:00:00,-4.787,-5.457,-0.6699999999999999,-82.421389,27.923056,8726674,NOAA_NOS,IAN,2022,5280.0
2022-09-28 17:00:00,-5.384,-5.888,-0.5039999999999996,-82.421389,27.923056,8726674,NOAA_NOS,IAN,2022,5340.0
2022-09-28 18:00:00,-5.676,-6.37,-0.694,-82.421389,27.923056,8726674,NOAA_NOS,IAN,2022,5400.0
2022-09-28 19:00:00,-5.732,-6.756,-1.024,-82.421389,27.923056,8726674,NOAA_NOS,IAN,2022,5460.0
2022-09-28 20:00:00,-5.961,-6.954,-0.9929999999999994,-82.421389,27.923056,8726674,NOAA_NOS,IAN,2022,5520.0
2022-09-28 21:00:00,-6.424,-7.075,-0.6509999999999998,-82.421389,27.923056,8726674,NOAA_NOS,IAN,2022,5580.0
2022-09-28 22:00:00,-6.818,-7.212,-0.3940000000000001,-82.421389,27.923056,8726674,NOAA_NOS,IAN,2022,5640.0
2022-09-28 23:00:00,-6.985,-7.315,-0.33,-82.421389,27.923056,8726674,NOAA_NOS,IAN,2022,5700.0
2022-09-29 00:00:00,-7.054,-7.399,-0.3449999999999997,-82.421389,27.923056,8726674,NOAA_NOS,IAN,2022,5760.0
2022-09-29 01:00:00,-6.804,-7.591,-0.7869999999999999,-82.421389,27.923056,8726674,NOAA_NOS,IAN,2022,5820.0
2022-09-29 02:00:00,-6.26,-7.75,-1.4900000000000002,-82.421389,27.923056,8726674,NOAA_NOS,IAN,2022,5880.0
2022-09-29 03:00:00,-5.413,-7.799,-2.386,-82.421389,27.923056,8726674,NOAA_NOS,IAN,2022,5940.0
2022-09-29 04:00:00,-4.81,-7.802,-2.992,-82.421389,27.923056,8726674,NOAA_NOS,IAN,2022,6000.0
2022-09-29 05:00:00,-4.423,-7.801,-3.378,-82.421389,27.923056,8726674,NOAA_NOS,IAN,2022,6060.0
2022-09-29 06:00:00,-2.694,-7.708,-5.014,-82.421389,27.923056,8726674,NOAA_NOS,IAN,2022,6120.0
2022-09-29 07:00:00,-1.083,-4.978,-3.895,-82.421389,27.923056,8726674,NOAA_NOS,IAN,2022,6180.0
2022-09-29 08:00:00,-0.86,-2.764,-1.904,-82.421389,27.923056,8726674,NOAA_NOS,IAN,2022,6240.0
2022-09-29 09:00:00,-0.627,-1.576,-0.949,-82.421389,27.923056,8726674,NOAA_NOS,IAN,2022,6300.0
2022-09-29 10:00:00,-0.292,-0.894,-0.6020000000000001,-82.421389,27.923056,8726674,NOAA_NOS,IAN,2022,6360.0
2022-09-29 11:00:00,-0.253,-0.725,-0.472,-82.421389,27.923056,8726674,NOAA_NOS,IAN,2022,6420.0
2022-09-29 12:00:00,-0.62,-0.721,-0.1009999999999999,-82.421389,27.923056,8726674,NOAA_NOS,IAN,2022,6480.0
2022-09-29 13:00:00,-0.935,-0.937,-0.002,-82.421389,27.923056,8726674,NOAA_NOS,IAN,2022,6540.0
2022-09-29 14:00:00,-1.155,-1.134,0.0210000000000001,-82.421389,27.923056,8726674,NOAA_NOS,IAN,2022,6600.0
2022-09-29 15:00:00,-1.201,-1.16,0.0410000000000001,-82.421389,27.923056,8726674,NOAA_NOS,IAN,2022,6660.0
2022-09-29 16:00:00,-1.017,-1.032,-0.0150000000000001,-82.421389,27.923056,8726674,NOAA_NOS,IAN,2022,6720.0
2022-09-29 17:00:00,-0.728,-0.773,-0.045,-82.421389,27.923056,8726674,NOAA_NOS,IAN,2022,6780.0
2022-09-29 18:00:00,-0.449,-0.435,0.014,-82.421389,27.923056,8726674,NOAA_NOS,IAN,2022,6840.0
2022-09-29 19:00:00,-0.259,-0.122,0.137,-82.421389,27.923056,8726674,NOAA_NOS,IAN,2022,6900.0
2022-09-29 20:00:00,0.026,0.16,0.134,-82.421389,27.923056,8726674,NOAA_NOS,IAN,2022,6960.0
2022-09-29 21:00:00,0.259,0.332,0.073,-82.421389,27.923056,8726674,NOAA_NOS,IAN,2022,7020.0
2022-09-29 22:00:00,0.289,0.359,0.07,-82.421389,27.923056,8726674,NOAA_NOS,IAN,2022,7080.0
2022-09-29 23:00:00,0.266,0.306,0.0399999999999999,-82.421389,27.923056,8726674,NOAA_NOS,IAN,2022,7140.0
2022-09-30 00:00:00,0.171,0.112,-0.059,-82.421389,27.923056,8726674,NOAA_NOS,IAN,2022,7200.0
2022-09-30 01:00:00,-0.043,-0.159,-0.116,-82.421389,27.923056,8726674,NOAA_NOS,IAN,2022,7260.0
2022-09-30 02:00:00,-0.171,-0.173,-0.0019999999999999,-82.421389,27.923056,8726674,NOAA_NOS,IAN,2022,7320.0
2022-09-30 03:00:00,-0.249,-0.031,0.218,-82.421389,27.923056,8726674,NOAA_NOS,IAN,2022,7380.0
2022-09-30 04:00:00,-0.075,0.215,0.29,-82.421389,27.923056,8726674,NOAA_NOS,IAN,2022,7440.0
2022-09-30 05:00:00,0.312,0.481,0.1689999999999999,-82.421389,27.923056,8726674,NOAA_NOS,IAN,2022,7500.0
2022-09-30 06:00:00,0.669,0.703,0.0339999999999999,-82.421389,27.923056,8726674,NOAA_NOS,IAN,2022,7560.0
2022-09-30 07:00:00,0.879,0.99,0.1109999999999999,-82.421389,27.923056,8726674,NOAA_NOS,IAN,2022,7620.0
2022-09-30 08:00:00,1.112,1.126,0.0139999999999997,-82.421389,27.923056,8726674,NOAA_NOS,IAN,2022,7680.0
2022-09-30 09:00:00,1.296,1.05,-0.246,-82.421389,27.923056,8726674,NOAA_NOS,IAN,2022,7740.0
2022-09-30 10:00:00,1.178,0.749,-0.4289999999999999,-82.421389,27.923056,8726674,NOAA_NOS,IAN,2022,7800.0
2022-09-30 11:00:00,0.804,0.391,-0.413,-82.421389,27.923056,8726674,NOAA_NOS,IAN,2022,7860.0
2022-09-30 12:00:00,0.325,0.073,-0.252,-82.421389,27.923056,8726674,NOAA_NOS,IAN,2022,7920.0
2022-09-30 13:00:00,-0.138,-0.339,-0.201,-82.421389,27.923056,8726674,NOAA_NOS,IAN,2022,7980.0
2022-09-30 14:00:00,-0.6,-0.737,-0.137,-82.421389,27.923056,8726674,NOAA_NOS,IAN,2022,8040.0
2022-09-30 15:00:00,-1.001,-1.072,-0.0710000000000001,-82.421389,27.923056,8726674,NOAA_NOS,IAN,2022,8100.0
2022-09-30 16:00:00,-1.26,-1.317,-0.0569999999999999,-82.421389,27.923056,8726674,NOAA_NOS,IAN,2022,8160.0
2022-09-30 17:00:00,-1.148,-1.467,-0.3190000000000002,-82.421389,27.923056,8726674,NOAA_NOS,IAN,2022,8220.0
2022-09-30 18:00:00,-0.663,-1.372,-0.7090000000000001,-82.421389,27.923056,8726674,NOAA_NOS,IAN,2022,8280.0
2022-09-30 19:00:00,-0.194,-0.958,-0.764,-82.421389,27.923056,8726674,NOAA_NOS,IAN,2022,8340.0
2022-09-30 20:00:00,0.171,-0.58,-0.751,-82.421389,27.923056,8726674,NOAA_NOS,IAN,2022,8400.0
2022-09-30 21:00:00,0.604,-0.383,-0.987,-82.421389,27.923056,8726674,NOAA_NOS,IAN,2022,8460.0
2022-09-30 22:00:00,0.988,-0.131,-1.119,-82.421389,27.923056,8726674,NOAA_NOS,IAN,2022,8520.0
2022-09-30 23:00:00,1.23,0.072,-1.158,-82.421389,27.923056,8726674,NOAA_NOS,IAN,2022,8580.0
2022-10-01 00:00:00,1.316,0.147,-1.169,-82.421389,27.923056,8726674,NOAA_NOS,IAN,2022,8640.0
2022-10-01 01:00:00,1.158,0.126,-1.032,-82.421389,27.923056,8726674,NOAA_NOS,IAN,2022,8700.0
2022-10-01 02:00:00,0.994,0.188,-0.806,-82.421389,27.923056,8726674,NOAA_NOS,IAN,2022,8760.0
2022-10-01 03:00:00,0.932,0.405,-0.527,-82.421389,27.923056,8726674,NOAA_NOS,IAN,2022,8820.0
2022-10-01 04:00:00,1.02,0.616,-0.404,-82.421389,27.923056,8726674,NOAA_NOS,IAN,2022,8880.0
2022-10-01 05:00:00,1.266,0.795,-0.471,-82.421389,27.923056,8726674,NOAA_NOS,IAN,2022,8940.0
2022-10-01 06:00:00,1.572,1.023,-0.5490000000000002,-82.421389,27.923056,8726674,NOAA_NOS,IAN,2022,9000.0
2022-10-01 07:00:00,1.781,1.299,-0.482,-82.421389,27.923056,8726674,NOAA_NOS,IAN,2022,9060.0
2022-10-01 08:00:00,1.916,1.517,-0.399,-82.421389,27.923056,8726674,NOAA_NOS,IAN,2022,9120.0
2022-10-01 09:00:00,2.057,1.539,-0.518,-82.421389,27.923056,8726674,NOAA_NOS,IAN,2022,9180.0
2022-10-01 10:00:00,2.011,1.32,-0.6910000000000001,-82.421389,27.923056,8726674,NOAA_NOS,IAN,2022,9240.0
2022-10-01 11:00:00,1.716,0.954,-0.762,-82.421389,27.923056,8726674,NOAA_NOS,IAN,2022,9300.0
2022-10-01 12:00:00,1.286,0.683,-0.603,-82.421389,27.923056,8726674,NOAA_NOS,IAN,2022,9360.0
2022-10-01 13:00:00,0.82,0.336,-0.4839999999999999,-82.421389,27.923056,8726674,NOAA_NOS,IAN,2022,9420.0
2022-10-01 14:00:00,0.233,-0.116,-0.349,-82.421389,27.923056,8726674,NOAA_NOS,IAN,2022,9480.0
2022-10-01 15:00:00,-0.315,-0.523,-0.208,-82.421389,27.923056,8726674,NOAA_NOS,IAN,2022,9540.0
2022-10-01 16:00:00,-0.709,-0.866,-0.157,-82.421389,27.923056,8726674,NOAA_NOS,IAN,2022,9600.0
2022-10-01 17:00:00,-0.925,-1.146,-0.2209999999999998,-82.421389,27.923056,8726674,NOAA_NOS,IAN,2022,9660.0
2022-10-01 18:00:00,-0.817,-1.354,-0.5370000000000001,-82.421389,27.923056,8726674,NOAA_NOS,IAN,2022,9720.0
2022-10-01 19:00:00,-0.341,-1.386,-1.045,-82.421389,27.923056,8726674,NOAA_NOS,IAN,2022,9780.0
2022-10-01 20:00:00,0.167,-1.167,-1.334,-82.421389,27.923056,8726674,NOAA_NOS,IAN,2022,9840.0
2022-10-01 21:00:00,0.581,-0.826,-1.407,-82.421389,27.923056,8726674,NOAA_NOS,IAN,2022,9900.0
2022-10-01 22:00:00,0.974,-0.599,-1.573,-82.421389,27.923056,8726674,NOAA_NOS,IAN,2022,9960.0
2022-10-01 23:00:00,1.273,-0.384,-1.657,-82.421389,27.923056,8726674,NOAA_NOS,IAN,2022,10020.0
2022-09-25 01:00:00,0.758,-0.152,-0.91,-82.833,27.978306,8726724,NOAA_NOS,IAN,2022,60.0
2022-09-25 02:00:00,1.348,0.397,-0.951,-82.833,27.978306,8726724,NOAA_NOS,IAN,2022,120.0
2022-09-25 03:00:00,1.634,0.793,-0.8409999999999999,-82.833,27.978306,8726724,NOAA_NOS,IAN,2022,180.0
2022-09-25 04:00:00,1.732,0.956,-0.776,-82.833,27.978306,8726724,NOAA_NOS,IAN,2022,240.0
2022-09-25 05:00:00,1.611,0.861,-0.75,-82.833,27.978306,8726724,NOAA_NOS,IAN,2022,300.0
2022-09-25 06:00:00,1.286,0.489,-0.797,-82.833,27.978306,8726724,NOAA_NOS,IAN,2022,360.0
2022-09-25 07:00:00,0.804,-0.066,-0.8700000000000001,-82.833,27.978306,8726724,NOAA_NOS,IAN,2022,420.0
2022-09-25 08:00:00,0.417,-0.607,-1.024,-82.833,27.978306,8726724,NOAA_NOS,IAN,2022,480.0
2022-09-25 09:00:00,0.102,-0.96,-1.062,-82.833,27.978306,8726724,NOAA_NOS,IAN,2022,540.0
2022-09-25 10:00:00,0.308,-1.062,-1.37,-82.833,27.978306,8726724,NOAA_NOS,IAN,2022,600.0
2022-09-25 11:00:00,0.469,-0.864,-1.333,-82.833,27.978306,8726724,NOAA_NOS,IAN,2022,660.0
2022-09-25 12:00:00,0.906,-0.45,-1.356,-82.833,27.978306,8726724,NOAA_NOS,IAN,2022,720.0
2022-09-25 13:00:00,1.375,0.146,-1.229,-82.833,27.978306,8726724,NOAA_NOS,IAN,2022,780.0
2022-09-25 14:00:00,1.9,0.681,-1.219,-82.833,27.978306,8726724,NOAA_NOS,IAN,2022,840.0
2022-09-25 15:00:00,2.234,1.119,-1.115,-82.833,27.978306,8726724,NOAA_NOS,IAN,2022,900.0
2022-09-25 16:00:00,2.352,1.301,-1.051,-82.833,27.978306,8726724,NOAA_NOS,IAN,2022,960.0
2022-09-25 17:00:00,2.228,1.232,-0.9960000000000002,-82.833,27.978306,8726724,NOAA_NOS,IAN,2022,1020.0
2022-09-25 18:00:00,1.709,0.871,-0.8380000000000001,-82.833,27.978306,8726724,NOAA_NOS,IAN,2022,1080.0
2022-09-25 19:00:00,1.224,0.273,-0.951,-82.833,27.978306,8726724,NOAA_NOS,IAN,2022,1140.0
2022-09-25 20:00:00,0.62,-0.379,-0.999,-82.833,27.978306,8726724,NOAA_NOS,IAN,2022,1200.0
2022-09-25 21:00:00,0.148,-0.905,-1.053,-82.833,27.978306,8726724,NOAA_NOS,IAN,2022,1260.0
2022-09-25 22:00:00,-0.19,-1.166,-0.976,-82.833,27.978306,8726724,NOAA_NOS,IAN,2022,1320.0
2022-09-25 23:00:00,-0.108,-1.129,-1.021,-82.833,27.978306,8726724,NOAA_NOS,IAN,2022,1380.0
2022-09-26 00:00:00,0.233,-0.793,-1.026,-82.833,27.978306,8726724,NOAA_NOS,IAN,2022,1440.0
2022-09-26 01:00:00,0.85,-0.221,-1.071,-82.833,27.978306,8726724,NOAA_NOS,IAN,2022,1500.0
2022-09-26 02:00:00,1.375,0.353,-1.022,-82.833,27.978306,8726724,NOAA_NOS,IAN,2022,1560.0
2022-09-26 03:00:00,1.932,0.812,-1.12,-82.833,27.978306,8726724,NOAA_NOS,IAN,2022,1620.0
2022-09-26 04:00:00,2.241,1.049,-1.1920000000000002,-82.833,27.978306,8726724,NOAA_NOS,IAN,2022,1680.0
2022-09-26 05:00:00,2.146,1.019,-1.127,-82.833,27.978306,8726724,NOAA_NOS,IAN,2022,1740.0
2022-09-26 06:00:00,1.929,0.742,-1.187,-82.833,27.978306,8726724,NOAA_NOS,IAN,2022,1800.0
2022-09-26 07:00:00,1.362,0.188,-1.1740000000000002,-82.833,27.978306,8726724,NOAA_NOS,IAN,2022,1860.0
2022-09-26 08:00:00,0.863,-0.448,-1.311,-82.833,27.978306,8726724,NOAA_NOS,IAN,2022,1920.0
2022-09-26 09:00:00,0.338,-0.989,-1.327,-82.833,27.978306,8726724,NOAA_NOS,IAN,2022,1980.0
2022-09-26 10:00:00,0.016,-1.274,-1.29,-82.833,27.978306,8726724,NOAA_NOS,IAN,2022,2040.0
2022-09-26 11:00:00,0.105,-1.252,-1.357,-82.833,27.978306,8726724,NOAA_NOS,IAN,2022,2100.0
2022-09-26 12:00:00,0.509,-0.927,-1.436,-82.833,27.978306,8726724,NOAA_NOS,IAN,2022,2160.0
2022-09-26 13:00:00,1.175,-0.344,-1.519,-82.833,27.978306,8726724,NOAA_NOS,IAN,2022,2220.0
2022-09-26 14:00:00,1.791,0.288,-1.503,-82.833,27.978306,8726724,NOAA_NOS,IAN,2022,2280.0
2022-09-26 15:00:00,2.28,0.829,-1.4509999999999998,-82.833,27.978306,8726724,NOAA_NOS,IAN,2022,2340.0
2022-09-26 16:00:00,2.625,1.184,-1.441,-82.833,27.978306,8726724,NOAA_NOS,IAN,2022,2400.0
2022-09-26 17:00:00,2.654,1.249,-1.4049999999999998,-82.833,27.978306,8726724,NOAA_NOS,IAN,2022,2460.0
2022-09-26 18:00:00,2.47,1.065,-1.4050000000000002,-82.833,27.978306,8726724,NOAA_NOS,IAN,2022,2520.0
2022-09-26 19:00:00,2.041,0.571,-1.47,-82.833,27.978306,8726724,NOAA_NOS,IAN,2022,2580.0
2022-09-26 20:00:00,1.473,-0.045,-1.518,-82.833,27.978306,8726724,NOAA_NOS,IAN,2022,2640.0
2022-09-26 21:00:00,0.666,-0.603,-1.269,-82.833,27.978306,8726724,NOAA_NOS,IAN,2022,2700.0
2022-09-26 22:00:00,0.348,-0.949,-1.297,-82.833,27.978306,8726724,NOAA_NOS,IAN,2022,2760.0
2022-09-26 23:00:00,0.187,-1.004,-1.191,-82.833,27.978306,8726724,NOAA_NOS,IAN,2022,2820.0
2022-09-27 00:00:00,0.443,-0.767,-1.21,-82.833,27.978306,8726724,NOAA_NOS,IAN,2022,2880.0
2022-09-27 01:00:00,0.915,-0.261,-1.1760000000000002,-82.833,27.978306,8726724,NOAA_NOS,IAN,2022,2940.0
2022-09-27 02:00:00,1.526,0.324,-1.202,-82.833,27.978306,8726724,NOAA_NOS,IAN,2022,3000.0
2022-09-27 03:00:00,2.07,0.831,-1.239,-82.833,27.978306,8726724,NOAA_NOS,IAN,2022,3060.0
2022-09-27 04:00:00,2.339,1.157,-1.182,-82.833,27.978306,8726724,NOAA_NOS,IAN,2022,3120.0
2022-09-27 05:00:00,2.405,1.198,-1.207,-82.833,27.978306,8726724,NOAA_NOS,IAN,2022,3180.0
2022-09-27 06:00:00,2.211,0.972,-1.239,-82.833,27.978306,8726724,NOAA_NOS,IAN,2022,3240.0
2022-09-27 07:00:00,1.795,0.472,-1.323,-82.833,27.978306,8726724,NOAA_NOS,IAN,2022,3300.0
2022-09-27 08:00:00,1.184,-0.205,-1.389,-82.833,27.978306,8726724,NOAA_NOS,IAN,2022,3360.0
2022-09-27 09:00:00,0.669,-0.893,-1.562,-82.833,27.978306,8726724,NOAA_NOS,IAN,2022,3420.0
2022-09-27 10:00:00,0.072,-1.381,-1.453,-82.833,27.978306,8726724,NOAA_NOS,IAN,2022,3480.0
2022-09-27 11:00:00,-0.423,-1.566,-1.143,-82.833,27.978306,8726724,NOAA_NOS,IAN,2022,3540.0
2022-09-27 12:00:00,-0.436,-1.424,-0.988,-82.833,27.978306,8726724,NOAA_NOS,IAN,2022,3600.0
2022-09-27 13:00:00,0.253,-0.982,-1.235,-82.833,27.978306,8726724,NOAA_NOS,IAN,2022,3660.0
2022-09-27 14:00:00,0.919,-0.333,-1.252,-82.833,27.978306,8726724,NOAA_NOS,IAN,2022,3720.0
2022-09-27 15:00:00,1.791,0.288,-1.503,-82.833,27.978306,8726724,NOAA_NOS,IAN,2022,3780.0
2022-09-27 16:00:00,1.903,0.772,-1.131,-82.833,27.978306,8726724,NOAA_NOS,IAN,2022,3840.0
2022-09-27 17:00:00,2.28,1.016,-1.2639999999999998,-82.833,27.978306,8726724,NOAA_NOS,IAN,2022,3900.0
2022-09-27 18:00:00,2.054,1.006,-1.0479999999999998,-82.833,27.978306,8726724,NOAA_NOS,IAN,2022,3960.0
2022-09-27 19:00:00,1.923,0.731,-1.1920000000000002,-82.833,27.978306,8726724,NOAA_NOS,IAN,2022,4020.0
2022-09-27 20:00:00,1.056,0.212,-0.8440000000000001,-82.833,27.978306,8726724,NOAA_NOS,IAN,2022,4080.0
2022-09-27 21:00:00,0.541,-0.337,-0.8780000000000001,-82.833,27.978306,8726724,NOAA_NOS,IAN,2022,4140.0
2022-09-27 22:00:00,-0.02,-0.723,-0.703,-82.833,27.978306,8726724,NOAA_NOS,IAN,2022,4200.0
2022-09-27 23:00:00,0.085,-0.88,-0.965,-82.833,27.978306,8726724,NOAA_NOS,IAN,2022,4260.0
2022-09-28 00:00:00,-0.636,-0.79,-0.154,-82.833,27.978306,8726724,NOAA_NOS,IAN,2022,4320.0
2022-09-28 01:00:00,-0.039,-0.468,-0.429,-82.833,27.978306,8726724,NOAA_NOS,IAN,2022,4380.0
2022-09-28 02:00:00,0.312,0.014,-0.298,-82.833,27.978306,8726724,NOAA_NOS,IAN,2022,4440.0
2022-09-28 03:00:00,1.02,0.449,-0.571,-82.833,27.978306,8726724,NOAA_NOS,IAN,2022,4500.0
2022-09-28 04:00:00,1.247,0.736,-0.5110000000000001,-82.833,27.978306,8726724,NOAA_NOS,IAN,2022,4560.0
2022-09-28 05:00:00,1.447,0.779,-0.668,-82.833,27.978306,8726724,NOAA_NOS,IAN,2022,4620.0
2022-09-28 06:00:00,0.948,0.503,-0.4449999999999999,-82.833,27.978306,8726724,NOAA_NOS,IAN,2022,4680.0
2022-09-28 07:00:00,0.627,-0.067,-0.694,-82.833,27.978306,8726724,NOAA_NOS,IAN,2022,4740.0
2022-09-28 08:00:00,-0.545,-0.875,-0.3299999999999999,-82.833,27.978306,8726724,NOAA_NOS,IAN,2022,4800.0
2022-09-28 09:00:00,-1.033,-1.811,-0.778,-82.833,27.978306,8726724,NOAA_NOS,IAN,2022,4860.0
2022-09-28 10:00:00,-2.11,-2.74,-0.6300000000000003,-82.833,27.978306,8726724,NOAA_NOS,IAN,2022,4920.0
2022-09-28 11:00:00,-2.989,-3.459,-0.4700000000000002,-82.833,27.978306,8726724,NOAA_NOS,IAN,2022,4980.0
2022-09-28 12:00:00,-3.366,-3.926,-0.56,-82.833,27.978306,8726724,NOAA_NOS,IAN,2022,5040.0
2022-09-28 13:00:00,-3.346,-4.039,-0.6929999999999996,-82.833,27.978306,8726724,NOAA_NOS,IAN,2022,5100.0
2022-09-28 14:00:00,-3.13,-3.768,-0.6379999999999999,-82.833,27.978306,8726724,NOAA_NOS,IAN,2022,5160.0
2022-09-28 15:00:00,-2.556,-3.358,-0.802,-82.833,27.978306,8726724,NOAA_NOS,IAN,2022,5220.0
2022-09-28 16:00:00,-2.136,-3.024,-0.8879999999999999,-82.833,27.978306,8726724,NOAA_NOS,IAN,2022,5280.0
2022-09-28 17:00:00,-1.778,-2.964,-1.186,-82.833,27.978306,8726724,NOAA_NOS,IAN,2022,5340.0
2022-09-28 18:00:00,-2.26,-2.991,-0.7310000000000003,-82.833,27.978306,8726724,NOAA_NOS,IAN,2022,5400.0
2022-09-28 19:00:00,-2.388,-3.193,-0.8050000000000002,-82.833,27.978306,8726724,NOAA_NOS,IAN,2022,5460.0
2022-09-28 20:00:00,-2.585,-3.449,-0.8639999999999999,-82.833,27.978306,8726724,NOAA_NOS,IAN,2022,5520.0
2022-09-28 21:00:00,-2.995,-3.563,-0.5680000000000001,-82.833,27.978306,8726724,NOAA_NOS,IAN,2022,5580.0
2022-09-28 22:00:00,-2.844,-3.466,-0.6220000000000003,-82.833,27.978306,8726724,NOAA_NOS,IAN,2022,5640.0
2022-09-28 23:00:00,-2.592,-2.89,-0.298,-82.833,27.978306,8726724,NOAA_NOS,IAN,2022,5700.0
2022-09-29 00:00:00,-2.116,-2.168,-0.052,-82.833,27.978306,8726724,NOAA_NOS,IAN,2022,5760.0
2022-09-29 01:00:00,-1.877,-1.499,0.3779999999999999,-82.833,27.978306,8726724,NOAA_NOS,IAN,2022,5820.0
2022-09-29 02:00:00,-1.588,-1.168,0.4200000000000001,-82.833,27.978306,8726724,NOAA_NOS,IAN,2022,5880.0
2022-09-29 03:00:00,-1.283,-0.741,0.5419999999999999,-82.833,27.978306,8726724,NOAA_NOS,IAN,2022,5940.0
2022-09-29 04:00:00,-0.892,-0.101,0.791,-82.833,27.978306,8726724,NOAA_NOS,IAN,2022,6000.0
2022-09-29 05:00:00,-0.279,0.404,0.683,-82.833,27.978306,8726724,NOAA_NOS,IAN,2022,6060.0
2022-09-29 06:00:00,-0.052,0.627,0.679,-82.833,27.978306,8726724,NOAA_NOS,IAN,2022,6120.0
2022-09-29 07:00:00,-0.066,0.615,0.681,-82.833,27.978306,8726724,NOAA_NOS,IAN,2022,6180.0
2022-09-29 08:00:00,-0.125,0.401,0.526,-82.833,27.978306,8726724,NOAA_NOS,IAN,2022,6240.0
2022-09-29 09:00:00,-0.446,0.041,0.487,-82.833,27.978306,8726724,NOAA_NOS,IAN,2022,6300.0
2022-09-29 10:00:00,-1.122,-0.396,0.7260000000000001,-82.833,27.978306,8726724,NOAA_NOS,IAN,2022,6360.0
2022-09-29 11:00:00,-1.453,-0.812,0.641,-82.833,27.978306,8726724,NOAA_NOS,IAN,2022,6420.0
2022-09-29 12:00:00,-1.585,-1.08,0.5049999999999999,-82.833,27.978306,8726724,NOAA_NOS,IAN,2022,6480.0
2022-09-29 13:00:00,-1.539,-1.165,0.3739999999999999,-82.833,27.978306,8726724,NOAA_NOS,IAN,2022,6540.0
2022-09-29 14:00:00,-1.227,-1.016,0.211,-82.833,27.978306,8726724,NOAA_NOS,IAN,2022,6600.0
2022-09-29 15:00:00,-0.768,-0.691,0.077,-82.833,27.978306,8726724,NOAA_NOS,IAN,2022,6660.0
2022-09-29 16:00:00,-0.361,-0.357,0.004,-82.833,27.978306,8726724,NOAA_NOS,IAN,2022,6720.0
2022-09-29 17:00:00,-0.135,-0.091,0.044,-82.833,27.978306,8726724,NOAA_NOS,IAN,2022,6780.0
2022-09-29 18:00:00,0.141,0.144,0.003,-82.833,27.978306,8726724,NOAA_NOS,IAN,2022,6840.0
2022-09-29 19:00:00,0.217,0.264,0.047,-82.833,27.978306,8726724,NOAA_NOS,IAN,2022,6900.0
2022-09-29 20:00:00,0.44,0.271,-0.1689999999999999,-82.833,27.978306,8726724,NOAA_NOS,IAN,2022,6960.0
2022-09-29 21:00:00,0.381,0.183,-0.198,-82.833,27.978306,8726724,NOAA_NOS,IAN,2022,7020.0
2022-09-29 22:00:00,0.233,-0.005,-0.238,-82.833,27.978306,8726724,NOAA_NOS,IAN,2022,7080.0
2022-09-29 23:00:00,0.092,-0.185,-0.277,-82.833,27.978306,8726724,NOAA_NOS,IAN,2022,7140.0
2022-09-30 00:00:00,-0.059,-0.198,-0.139,-82.833,27.978306,8726724,NOAA_NOS,IAN,2022,7200.0
2022-09-30 01:00:00,0.033,-0.052,-0.0849999999999999,-82.833,27.978306,8726724,NOAA_NOS,IAN,2022,7260.0
2022-09-30 02:00:00,0.121,0.22,0.099,-82.833,27.978306,8726724,NOAA_NOS,IAN,2022,7320.0
2022-09-30 03:00:00,0.574,0.548,-0.0259999999999999,-82.833,27.978306,8726724,NOAA_NOS,IAN,2022,7380.0
2022-09-30 04:00:00,1.024,0.819,-0.205,-82.833,27.978306,8726724,NOAA_NOS,IAN,2022,7440.0
2022-09-30 05:00:00,1.227,0.981,-0.2460000000000001,-82.833,27.978306,8726724,NOAA_NOS,IAN,2022,7500.0
2022-09-30 06:00:00,1.404,1.017,-0.387,-82.833,27.978306,8726724,NOAA_NOS,IAN,2022,7560.0
2022-09-30 07:00:00,1.339,0.891,-0.4479999999999999,-82.833,27.978306,8726724,NOAA_NOS,IAN,2022,7620.0
2022-09-30 08:00:00,1.093,0.602,-0.491,-82.833,27.978306,8726724,NOAA_NOS,IAN,2022,7680.0
2022-09-30 09:00:00,0.692,0.211,-0.481,-82.833,27.978306,8726724,NOAA_NOS,IAN,2022,7740.0
2022-09-30 10:00:00,0.135,-0.292,-0.427,-82.833,27.978306,8726724,NOAA_NOS,IAN,2022,7800.0
2022-09-30 11:00:00,-0.43,-0.814,-0.3839999999999999,-82.833,27.978306,8726724,NOAA_NOS,IAN,2022,7860.0
2022-09-30 12:00:00,-0.942,-1.241,-0.2990000000000001,-82.833,27.978306,8726724,NOAA_NOS,IAN,2022,7920.0
2022-09-30 13:00:00,-1.115,-1.475,-0.3600000000000001,-82.833,27.978306,8726724,NOAA_NOS,IAN,2022,7980.0
2022-09-30 14:00:00,-1.093,-1.528,-0.435,-82.833,27.978306,8726724,NOAA_NOS,IAN,2022,8040.0
2022-09-30 15:00:00,-0.823,-1.378,-0.5549999999999999,-82.833,27.978306,8726724,NOAA_NOS,IAN,2022,8100.0
2022-09-30 16:00:00,-0.417,-1.076,-0.659,-82.833,27.978306,8726724,NOAA_NOS,IAN,2022,8160.0
2022-09-30 17:00:00,-0.069,-0.746,-0.677,-82.833,27.978306,8726724,NOAA_NOS,IAN,2022,8220.0
2022-09-30 18:00:00,0.21,-0.446,-0.656,-82.833,27.978306,8726724,NOAA_NOS,IAN,2022,8280.0
2022-09-30 19:00:00,0.554,-0.197,-0.7510000000000001,-82.833,27.978306,8726724,NOAA_NOS,IAN,2022,8340.0
2022-09-30 20:00:00,0.853,-0.035,-0.888,-82.833,27.978306,8726724,NOAA_NOS,IAN,2022,8400.0
2022-09-30 21:00:00,0.965,0.024,-0.941,-82.833,27.978306,8726724,NOAA_NOS,IAN,2022,8460.0
2022-09-30 22:00:00,0.899,-0.019,-0.918,-82.833,27.978306,8726724,NOAA_NOS,IAN,2022,8520.0
2022-09-30 23:00:00,0.689,-0.11,-0.7989999999999999,-82.833,27.978306,8726724,NOAA_NOS,IAN,2022,8580.0
2022-10-01 00:00:00,0.63,-0.093,-0.723,-82.833,27.978306,8726724,NOAA_NOS,IAN,2022,8640.0
2022-10-01 01:00:00,0.597,0.041,-0.5559999999999999,-82.833,27.978306,8726724,NOAA_NOS,IAN,2022,8700.0
2022-10-01 02:00:00,0.791,0.271,-0.52,-82.833,27.978306,8726724,NOAA_NOS,IAN,2022,8760.0
2022-10-01 03:00:00,1.198,0.556,-0.6419999999999999,-82.833,27.978306,8726724,NOAA_NOS,IAN,2022,8820.0
2022-10-01 04:00:00,1.542,0.895,-0.647,-82.833,27.978306,8726724,NOAA_NOS,IAN,2022,8880.0
2022-10-01 05:00:00,1.864,1.206,-0.6580000000000001,-82.833,27.978306,8726724,NOAA_NOS,IAN,2022,8940.0
2022-10-01 06:00:00,1.995,1.384,-0.6110000000000002,-82.833,27.978306,8726724,NOAA_NOS,IAN,2022,9000.0
2022-10-01 07:00:00,1.923,1.372,-0.5509999999999999,-82.833,27.978306,8726724,NOAA_NOS,IAN,2022,9060.0
2022-10-01 08:00:00,1.824,1.116,-0.708,-82.833,27.978306,8726724,NOAA_NOS,IAN,2022,9120.0
2022-10-01 09:00:00,1.588,0.752,-0.8360000000000001,-82.833,27.978306,8726724,NOAA_NOS,IAN,2022,9180.0
2022-10-01 10:00:00,1.217,0.339,-0.8780000000000001,-82.833,27.978306,8726724,NOAA_NOS,IAN,2022,9240.0
2022-10-01 11:00:00,0.666,-0.139,-0.805,-82.833,27.978306,8726724,NOAA_NOS,IAN,2022,9300.0
2022-10-01 12:00:00,0.095,-0.594,-0.689,-82.833,27.978306,8726724,NOAA_NOS,IAN,2022,9360.0
2022-10-01 13:00:00,-0.407,-0.989,-0.5820000000000001,-82.833,27.978306,8726724,NOAA_NOS,IAN,2022,9420.0
2022-10-01 14:00:00,-0.702,-1.265,-0.563,-82.833,27.978306,8726724,NOAA_NOS,IAN,2022,9480.0
2022-10-01 15:00:00,-0.663,-1.357,-0.694,-82.833,27.978306,8726724,NOAA_NOS,IAN,2022,9540.0
2022-10-01 16:00:00,-0.377,-1.302,-0.925,-82.833,27.978306,8726724,NOAA_NOS,IAN,2022,9600.0
2022-10-01 17:00:00,0.023,-1.144,-1.1669999999999998,-82.833,27.978306,8726724,NOAA_NOS,IAN,2022,9660.0
2022-10-01 18:00:00,0.377,-0.9,-1.277,-82.833,27.978306,8726724,NOAA_NOS,IAN,2022,9720.0
2022-10-01 19:00:00,0.65,-0.645,-1.295,-82.833,27.978306,8726724,NOAA_NOS,IAN,2022,9780.0
2022-10-01 20:00:00,0.912,-0.393,-1.3050000000000002,-82.833,27.978306,8726724,NOAA_NOS,IAN,2022,9840.0
2022-10-01 21:00:00,1.047,-0.16,-1.207,-82.833,27.978306,8726724,NOAA_NOS,IAN,2022,9900.0
2022-10-01 22:00:00,1.165,-0.011,-1.176,-82.833,27.978306,8726724,NOAA_NOS,IAN,2022,9960.0
2022-10-01 23:00:00,1.027,0.017,-1.01,-82.833,27.978306,8726724,NOAA_NOS,IAN,2022,10020.0
2022-09-25 01:00:00,-0.722,-2.018,-1.2959999999999998,-83.0317,29.1306,8727520,NOAA_NOS,IAN,2022,60.0
2022-09-25 02:00:00,-0.167,-1.56,-1.393,-83.0317,29.1306,8727520,NOAA_NOS,IAN,2022,120.0
2022-09-25 03:00:00,0.509,-0.679,-1.1880000000000002,-83.0317,29.1306,8727520,NOAA_NOS,IAN,2022,180.0
2022-09-25 04:00:00,1.263,0.348,-0.915,-83.0317,29.1306,8727520,NOAA_NOS,IAN,2022,240.0
2022-09-25 05:00:00,1.919,1.185,-0.734,-83.0317,29.1306,8727520,NOAA_NOS,IAN,2022,300.0
2022-09-25 06:00:00,2.26,1.647,-0.6129999999999998,-83.0317,29.1306,8727520,NOAA_NOS,IAN,2022,360.0
2022-09-25 07:00:00,2.139,1.601,-0.5379999999999998,-83.0317,29.1306,8727520,NOAA_NOS,IAN,2022,420.0
2022-09-25 08:00:00,1.67,1.165,-0.5049999999999999,-83.0317,29.1306,8727520,NOAA_NOS,IAN,2022,480.0
2022-09-25 09:00:00,0.997,0.41,-0.587,-83.0317,29.1306,8727520,NOAA_NOS,IAN,2022,540.0
2022-09-25 10:00:00,0.335,-0.358,-0.6930000000000001,-83.0317,29.1306,8727520,NOAA_NOS,IAN,2022,600.0
2022-09-25 11:00:00,-0.266,-1.054,-0.788,-83.0317,29.1306,8727520,NOAA_NOS,IAN,2022,660.0
2022-09-25 12:00:00,-0.541,-1.602,-1.061,-83.0317,29.1306,8727520,NOAA_NOS,IAN,2022,720.0
2022-09-25 13:00:00,-0.344,-1.699,-1.355,-83.0317,29.1306,8727520,NOAA_NOS,IAN,2022,780.0
2022-09-25 14:00:00,0.22,-1.227,-1.447,-83.0317,29.1306,8727520,NOAA_NOS,IAN,2022,840.0
2022-09-25 15:00:00,0.984,-0.343,-1.327,-83.0317,29.1306,8727520,NOAA_NOS,IAN,2022,900.0
2022-09-25 16:00:00,1.88,0.671,-1.209,-83.0317,29.1306,8727520,NOAA_NOS,IAN,2022,960.0
2022-09-25 17:00:00,2.552,1.512,-1.04,-83.0317,29.1306,8727520,NOAA_NOS,IAN,2022,1020.0
2022-09-25 18:00:00,2.93,2.0,-0.9300000000000002,-83.0317,29.1306,8727520,NOAA_NOS,IAN,2022,1080.0
2022-09-25 19:00:00,2.74,1.979,-0.7610000000000001,-83.0317,29.1306,8727520,NOAA_NOS,IAN,2022,1140.0
2022-09-25 20:00:00,2.156,1.504,-0.6520000000000001,-83.0317,29.1306,8727520,NOAA_NOS,IAN,2022,1200.0
2022-09-25 21:00:00,1.342,0.72,-0.6220000000000001,-83.0317,29.1306,8727520,NOAA_NOS,IAN,2022,1260.0
2022-09-25 22:00:00,0.495,-0.111,-0.606,-83.0317,29.1306,8727520,NOAA_NOS,IAN,2022,1320.0
2022-09-25 23:00:00,-0.23,-0.887,-0.657,-83.0317,29.1306,8727520,NOAA_NOS,IAN,2022,1380.0
2022-09-26 00:00:00,-0.794,-1.535,-0.7409999999999999,-83.0317,29.1306,8727520,NOAA_NOS,IAN,2022,1440.0
2022-09-26 01:00:00,-0.774,-1.919,-1.145,-83.0317,29.1306,8727520,NOAA_NOS,IAN,2022,1500.0
2022-09-26 02:00:00,-0.243,-1.65,-1.407,-83.0317,29.1306,8727520,NOAA_NOS,IAN,2022,1560.0
2022-09-26 03:00:00,0.44,-0.91,-1.35,-83.0317,29.1306,8727520,NOAA_NOS,IAN,2022,1620.0
2022-09-26 04:00:00,1.424,0.112,-1.3119999999999998,-83.0317,29.1306,8727520,NOAA_NOS,IAN,2022,1680.0
2022-09-26 05:00:00,2.297,1.041,-1.2560000000000002,-83.0317,29.1306,8727520,NOAA_NOS,IAN,2022,1740.0
2022-09-26 06:00:00,2.887,1.656,-1.231,-83.0317,29.1306,8727520,NOAA_NOS,IAN,2022,1800.0
2022-09-26 07:00:00,2.881,1.783,-1.098,-83.0317,29.1306,8727520,NOAA_NOS,IAN,2022,1860.0
2022-09-26 08:00:00,2.365,1.448,-0.9170000000000004,-83.0317,29.1306,8727520,NOAA_NOS,IAN,2022,1920.0
2022-09-26 09:00:00,1.637,0.731,-0.906,-83.0317,29.1306,8727520,NOAA_NOS,IAN,2022,1980.0
2022-09-26 10:00:00,0.846,-0.087,-0.933,-83.0317,29.1306,8727520,NOAA_NOS,IAN,2022,2040.0
2022-09-26 11:00:00,0.098,-0.866,-0.964,-83.0317,29.1306,8727520,NOAA_NOS,IAN,2022,2100.0
2022-09-26 12:00:00,-0.502,-1.534,-1.032,-83.0317,29.1306,8727520,NOAA_NOS,IAN,2022,2160.0
2022-09-26 13:00:00,-0.666,-1.987,-1.3210000000000002,-83.0317,29.1306,8727520,NOAA_NOS,IAN,2022,2220.0
2022-09-26 14:00:00,-0.18,-1.794,-1.614,-83.0317,29.1306,8727520,NOAA_NOS,IAN,2022,2280.0
2022-09-26 15:00:00,0.495,-1.099,-1.594,-83.0317,29.1306,8727520,NOAA_NOS,IAN,2022,2340.0
2022-09-26 16:00:00,1.378,-0.032,-1.41,-83.0317,29.1306,8727520,NOAA_NOS,IAN,2022,2400.0
2022-09-26 17:00:00,2.375,0.986,-1.389,-83.0317,29.1306,8727520,NOAA_NOS,IAN,2022,2460.0
2022-09-26 18:00:00,3.097,1.73,-1.367,-83.0317,29.1306,8727520,NOAA_NOS,IAN,2022,2520.0
2022-09-26 19:00:00,3.291,2.021,-1.27,-83.0317,29.1306,8727520,NOAA_NOS,IAN,2022,2580.0
2022-09-26 20:00:00,2.913,1.801,-1.112,-83.0317,29.1306,8727520,NOAA_NOS,IAN,2022,2640.0
2022-09-26 21:00:00,2.244,1.175,-1.0690000000000002,-83.0317,29.1306,8727520,NOAA_NOS,IAN,2022,2700.0
2022-09-26 22:00:00,1.381,0.343,-1.038,-83.0317,29.1306,8727520,NOAA_NOS,IAN,2022,2760.0
2022-09-26 23:00:00,0.476,-0.452,-0.928,-83.0317,29.1306,8727520,NOAA_NOS,IAN,2022,2820.0
2022-09-27 00:00:00,-0.269,-1.159,-0.89,-83.0317,29.1306,8727520,NOAA_NOS,IAN,2022,2880.0
2022-09-27 01:00:00,-0.561,-1.671,-1.11,-83.0317,29.1306,8727520,NOAA_NOS,IAN,2022,2940.0
2022-09-27 02:00:00,-0.184,-1.635,-1.451,-83.0317,29.1306,8727520,NOAA_NOS,IAN,2022,3000.0
2022-09-27 03:00:00,0.397,-1.048,-1.445,-83.0317,29.1306,8727520,NOAA_NOS,IAN,2022,3060.0
2022-09-27 04:00:00,1.549,-0.073,-1.622,-83.0317,29.1306,8727520,NOAA_NOS,IAN,2022,3120.0
2022-09-27 05:00:00,2.415,0.917,-1.498,-83.0317,29.1306,8727520,NOAA_NOS,IAN,2022,3180.0
2022-09-27 06:00:00,3.035,1.655,-1.38,-83.0317,29.1306,8727520,NOAA_NOS,IAN,2022,3240.0
2022-09-27 07:00:00,3.153,1.949,-1.204,-83.0317,29.1306,8727520,NOAA_NOS,IAN,2022,3300.0
2022-09-27 08:00:00,2.818,1.72,-1.098,-83.0317,29.1306,8727520,NOAA_NOS,IAN,2022,3360.0
2022-09-27 09:00:00,2.096,1.07,-1.026,-83.0317,29.1306,8727520,NOAA_NOS,IAN,2022,3420.0
2022-09-27 10:00:00,1.22,0.211,-1.009,-83.0317,29.1306,8727520,NOAA_NOS,IAN,2022,3480.0
2022-09-27 11:00:00,0.276,-0.622,-0.898,-83.0317,29.1306,8727520,NOAA_NOS,IAN,2022,3540.0
2022-09-27 12:00:00,-0.525,-1.382,-0.8569999999999999,-83.0317,29.1306,8727520,NOAA_NOS,IAN,2022,3600.0
2022-09-27 13:00:00,-1.122,-1.998,-0.8759999999999999,-83.0317,29.1306,8727520,NOAA_NOS,IAN,2022,3660.0
2022-09-27 14:00:00,-1.211,-2.28,-1.0689999999999995,-83.0317,29.1306,8727520,NOAA_NOS,IAN,2022,3720.0
2022-09-27 15:00:00,-0.538,-1.859,-1.321,-83.0317,29.1306,8727520,NOAA_NOS,IAN,2022,3780.0
2022-09-27 16:00:00,0.272,-0.978,-1.25,-83.0317,29.1306,8727520,NOAA_NOS,IAN,2022,3840.0
2022-09-27 17:00:00,1.302,0.141,-1.161,-83.0317,29.1306,8727520,NOAA_NOS,IAN,2022,3900.0
2022-09-27 18:00:00,2.293,1.093,-1.2000000000000002,-83.0317,29.1306,8727520,NOAA_NOS,IAN,2022,3960.0
2022-09-27 19:00:00,2.851,1.693,-1.158,-83.0317,29.1306,8727520,NOAA_NOS,IAN,2022,4020.0
2022-09-27 20:00:00,2.749,1.799,-0.9500000000000002,-83.0317,29.1306,8727520,NOAA_NOS,IAN,2022,4080.0
2022-09-27 21:00:00,2.234,1.464,-0.77,-83.0317,29.1306,8727520,NOAA_NOS,IAN,2022,4140.0
2022-09-27 22:00:00,1.447,0.763,-0.684,-83.0317,29.1306,8727520,NOAA_NOS,IAN,2022,4200.0
2022-09-27 23:00:00,0.623,-0.018,-0.641,-83.0317,29.1306,8727520,NOAA_NOS,IAN,2022,4260.0
2022-09-28 00:00:00,-0.226,-0.741,-0.515,-83.0317,29.1306,8727520,NOAA_NOS,IAN,2022,4320.0
2022-09-28 01:00:00,-0.906,-1.33,-0.424,-83.0317,29.1306,8727520,NOAA_NOS,IAN,2022,4380.0
2022-09-28 02:00:00,-1.253,-1.588,-0.3350000000000002,-83.0317,29.1306,8727520,NOAA_NOS,IAN,2022,4440.0
2022-09-28 03:00:00,-0.971,-1.223,-0.2520000000000001,-83.0317,29.1306,8727520,NOAA_NOS,IAN,2022,4500.0
2022-09-28 04:00:00,-0.614,-0.455,0.1589999999999999,-83.0317,29.1306,8727520,NOAA_NOS,IAN,2022,4560.0
2022-09-28 05:00:00,0.108,0.468,0.36,-83.0317,29.1306,8727520,NOAA_NOS,IAN,2022,4620.0
2022-09-28 06:00:00,0.705,1.23,0.525,-83.0317,29.1306,8727520,NOAA_NOS,IAN,2022,4680.0
2022-09-28 07:00:00,1.148,1.591,0.443,-83.0317,29.1306,8727520,NOAA_NOS,IAN,2022,4740.0
2022-09-28 08:00:00,0.817,1.41,0.593,-83.0317,29.1306,8727520,NOAA_NOS,IAN,2022,4800.0
2022-09-28 09:00:00,0.23,0.807,0.5770000000000001,-83.0317,29.1306,8727520,NOAA_NOS,IAN,2022,4860.0
2022-09-28 10:00:00,-0.591,-0.055,0.5359999999999999,-83.0317,29.1306,8727520,NOAA_NOS,IAN,2022,4920.0
2022-09-28 11:00:00,-1.407,-0.922,0.485,-83.0317,29.1306,8727520,NOAA_NOS,IAN,2022,4980.0
2022-09-28 12:00:00,-2.405,-1.735,0.6699999999999997,-83.0317,29.1306,8727520,NOAA_NOS,IAN,2022,5040.0
2022-09-28 13:00:00,-3.248,-2.509,0.7390000000000003,-83.0317,29.1306,8727520,NOAA_NOS,IAN,2022,5100.0
2022-09-28 14:00:00,-3.858,-3.089,0.7690000000000001,-83.0317,29.1306,8727520,NOAA_NOS,IAN,2022,5160.0
2022-09-28 15:00:00,-4.232,-3.563,0.669,-83.0317,29.1306,8727520,NOAA_NOS,IAN,2022,5220.0
2022-09-28 16:00:00,-4.4,-3.92,0.4800000000000004,-83.0317,29.1306,8727520,NOAA_NOS,IAN,2022,5280.0
2022-09-28 17:00:00,-4.081,-3.869,0.2120000000000002,-83.0317,29.1306,8727520,NOAA_NOS,IAN,2022,5340.0
2022-09-28 18:00:00,-3.333,-3.366,-0.0329999999999999,-83.0317,29.1306,8727520,NOAA_NOS,IAN,2022,5400.0
2022-09-28 19:00:00,-2.835,-2.813,0.0219999999999997,-83.0317,29.1306,8727520,NOAA_NOS,IAN,2022,5460.0
2022-09-28 20:00:00,-2.723,-2.759,-0.036,-83.0317,29.1306,8727520,NOAA_NOS,IAN,2022,5520.0
2022-09-28 21:00:00,-3.166,-2.95,0.2159999999999997,-83.0317,29.1306,8727520,NOAA_NOS,IAN,2022,5580.0
2022-09-28 22:00:00,-3.665,-3.529,0.1360000000000001,-83.0317,29.1306,8727520,NOAA_NOS,IAN,2022,5640.0
2022-09-28 23:00:00,-4.249,-4.126,0.1229999999999993,-83.0317,29.1306,8727520,NOAA_NOS,IAN,2022,5700.0
2022-09-29 00:00:00,-4.856,-4.708,0.1479999999999997,-83.0317,29.1306,8727520,NOAA_NOS,IAN,2022,5760.0
2022-09-29 01:00:00,-5.279,-5.043,0.2359999999999997,-83.0317,29.1306,8727520,NOAA_NOS,IAN,2022,5820.0
2022-09-29 02:00:00,-5.535,-5.28,0.2549999999999999,-83.0317,29.1306,8727520,NOAA_NOS,IAN,2022,5880.0
2022-09-29 03:00:00,-5.591,-5.374,0.2170000000000005,-83.0317,29.1306,8727520,NOAA_NOS,IAN,2022,5940.0
2022-09-29 04:00:00,-4.826,-5.431,-0.6050000000000004,-83.0317,29.1306,8727520,NOAA_NOS,IAN,2022,6000.0
2022-09-29 05:00:00,-4.39,-5.465,-1.0750000000000002,-83.0317,29.1306,8727520,NOAA_NOS,IAN,2022,6060.0
2022-09-29 06:00:00,-4.029,-5.468,-1.439,-83.0317,29.1306,8727520,NOAA_NOS,IAN,2022,6120.0
2022-09-29 07:00:00,-3.576,-5.323,-1.7470000000000003,-83.0317,29.1306,8727520,NOAA_NOS,IAN,2022,6180.0
2022-09-29 08:00:00,-3.117,-4.558,-1.4409999999999998,-83.0317,29.1306,8727520,NOAA_NOS,IAN,2022,6240.0
2022-09-29 09:00:00,-2.717,-4.043,-1.326,-83.0317,29.1306,8727520,NOAA_NOS,IAN,2022,6300.0
2022-09-29 10:00:00,-2.661,-3.618,-0.957,-83.0317,29.1306,8727520,NOAA_NOS,IAN,2022,6360.0
2022-09-29 11:00:00,-2.894,-3.437,-0.5429999999999997,-83.0317,29.1306,8727520,NOAA_NOS,IAN,2022,6420.0
2022-09-29 12:00:00,-3.156,-3.456,-0.2999999999999998,-83.0317,29.1306,8727520,NOAA_NOS,IAN,2022,6480.0
2022-09-29 13:00:00,-3.438,-3.612,-0.1739999999999999,-83.0317,29.1306,8727520,NOAA_NOS,IAN,2022,6540.0
2022-09-29 14:00:00,-3.747,-3.911,-0.1640000000000001,-83.0317,29.1306,8727520,NOAA_NOS,IAN,2022,6600.0
2022-09-29 15:00:00,-3.825,-4.01,-0.1849999999999996,-83.0317,29.1306,8727520,NOAA_NOS,IAN,2022,6660.0
2022-09-29 16:00:00,-3.638,-4.022,-0.3840000000000003,-83.0317,29.1306,8727520,NOAA_NOS,IAN,2022,6720.0
2022-09-29 17:00:00,-3.051,-3.876,-0.8249999999999997,-83.0317,29.1306,8727520,NOAA_NOS,IAN,2022,6780.0
2022-09-29 18:00:00,-2.418,-3.445,-1.0269999999999997,-83.0317,29.1306,8727520,NOAA_NOS,IAN,2022,6840.0
2022-09-29 19:00:00,-1.64,-2.819,-1.179,-83.0317,29.1306,8727520,NOAA_NOS,IAN,2022,6900.0
2022-09-29 20:00:00,-1.037,-2.202,-1.165,-83.0317,29.1306,8727520,NOAA_NOS,IAN,2022,6960.0
2022-09-29 21:00:00,-0.656,-1.435,-0.779,-83.0317,29.1306,8727520,NOAA_NOS,IAN,2022,7020.0
2022-09-29 22:00:00,-0.358,-0.779,-0.421,-83.0317,29.1306,8727520,NOAA_NOS,IAN,2022,7080.0
2022-09-29 23:00:00,-0.226,-0.35,-0.1239999999999999,-83.0317,29.1306,8727520,NOAA_NOS,IAN,2022,7140.0
2022-09-30 00:00:00,-0.407,-0.18,0.2269999999999999,-83.0317,29.1306,8727520,NOAA_NOS,IAN,2022,7200.0
2022-09-30 01:00:00,-0.646,-0.213,0.433,-83.0317,29.1306,8727520,NOAA_NOS,IAN,2022,7260.0
2022-09-30 02:00:00,-0.85,-0.304,0.546,-83.0317,29.1306,8727520,NOAA_NOS,IAN,2022,7320.0
2022-09-30 03:00:00,-0.981,-0.287,0.694,-83.0317,29.1306,8727520,NOAA_NOS,IAN,2022,7380.0
2022-09-30 04:00:00,-0.843,-0.085,0.758,-83.0317,29.1306,8727520,NOAA_NOS,IAN,2022,7440.0
2022-09-30 05:00:00,-0.469,0.252,0.721,-83.0317,29.1306,8727520,NOAA_NOS,IAN,2022,7500.0
2022-09-30 06:00:00,0.072,0.718,0.646,-83.0317,29.1306,8727520,NOAA_NOS,IAN,2022,7560.0
2022-09-30 07:00:00,0.666,1.145,0.479,-83.0317,29.1306,8727520,NOAA_NOS,IAN,2022,7620.0
2022-09-30 08:00:00,1.063,1.326,0.2630000000000001,-83.0317,29.1306,8727520,NOAA_NOS,IAN,2022,7680.0
2022-09-30 09:00:00,1.234,1.207,-0.0269999999999999,-83.0317,29.1306,8727520,NOAA_NOS,IAN,2022,7740.0
2022-09-30 10:00:00,1.04,0.809,-0.2309999999999999,-83.0317,29.1306,8727520,NOAA_NOS,IAN,2022,7800.0
2022-09-30 11:00:00,0.548,0.265,-0.283,-83.0317,29.1306,8727520,NOAA_NOS,IAN,2022,7860.0
2022-09-30 12:00:00,-0.102,-0.332,-0.23,-83.0317,29.1306,8727520,NOAA_NOS,IAN,2022,7920.0
2022-09-30 13:00:00,-0.804,-0.935,-0.131,-83.0317,29.1306,8727520,NOAA_NOS,IAN,2022,7980.0
2022-09-30 14:00:00,-1.43,-1.474,-0.044,-83.0317,29.1306,8727520,NOAA_NOS,IAN,2022,8040.0
2022-09-30 15:00:00,-1.886,-1.899,-0.0130000000000001,-83.0317,29.1306,8727520,NOAA_NOS,IAN,2022,8100.0
2022-09-30 16:00:00,-1.982,-2.075,-0.0930000000000002,-83.0317,29.1306,8727520,NOAA_NOS,IAN,2022,8160.0
2022-09-30 17:00:00,-1.647,-1.881,-0.2339999999999999,-83.0317,29.1306,8727520,NOAA_NOS,IAN,2022,8220.0
2022-09-30 18:00:00,-1.122,-1.413,-0.2909999999999999,-83.0317,29.1306,8727520,NOAA_NOS,IAN,2022,8280.0
2022-09-30 19:00:00,-0.397,-0.808,-0.411,-83.0317,29.1306,8727520,NOAA_NOS,IAN,2022,8340.0
2022-09-30 20:00:00,0.269,-0.227,-0.496,-83.0317,29.1306,8727520,NOAA_NOS,IAN,2022,8400.0
2022-09-30 21:00:00,0.82,0.223,-0.597,-83.0317,29.1306,8727520,NOAA_NOS,IAN,2022,8460.0
2022-09-30 22:00:00,1.214,0.467,-0.7469999999999999,-83.0317,29.1306,8727520,NOAA_NOS,IAN,2022,8520.0
2022-09-30 23:00:00,1.296,0.479,-0.8170000000000001,-83.0317,29.1306,8727520,NOAA_NOS,IAN,2022,8580.0
2022-10-01 00:00:00,1.027,0.322,-0.7049999999999998,-83.0317,29.1306,8727520,NOAA_NOS,IAN,2022,8640.0
2022-10-01 01:00:00,0.627,0.023,-0.604,-83.0317,29.1306,8727520,NOAA_NOS,IAN,2022,8700.0
2022-10-01 02:00:00,0.315,-0.195,-0.51,-83.0317,29.1306,8727520,NOAA_NOS,IAN,2022,8760.0
2022-10-01 03:00:00,0.151,-0.251,-0.402,-83.0317,29.1306,8727520,NOAA_NOS,IAN,2022,8820.0
2022-10-01 04:00:00,0.249,-0.064,-0.313,-83.0317,29.1306,8727520,NOAA_NOS,IAN,2022,8880.0
2022-10-01 05:00:00,0.568,0.379,-0.1889999999999999,-83.0317,29.1306,8727520,NOAA_NOS,IAN,2022,8940.0
2022-10-01 06:00:00,1.093,0.967,-0.126,-83.0317,29.1306,8727520,NOAA_NOS,IAN,2022,9000.0
2022-10-01 07:00:00,1.722,1.482,-0.24,-83.0317,29.1306,8727520,NOAA_NOS,IAN,2022,9060.0
2022-10-01 08:00:00,2.208,1.799,-0.4090000000000002,-83.0317,29.1306,8727520,NOAA_NOS,IAN,2022,9120.0
2022-10-01 09:00:00,2.408,1.809,-0.599,-83.0317,29.1306,8727520,NOAA_NOS,IAN,2022,9180.0
2022-10-01 10:00:00,2.221,1.513,-0.7080000000000002,-83.0317,29.1306,8727520,NOAA_NOS,IAN,2022,9240.0
2022-10-01 11:00:00,1.732,0.988,-0.744,-83.0317,29.1306,8727520,NOAA_NOS,IAN,2022,9300.0
2022-10-01 12:00:00,1.079,0.361,-0.718,-83.0317,29.1306,8727520,NOAA_NOS,IAN,2022,9360.0
2022-10-01 13:00:00,0.322,-0.271,-0.593,-83.0317,29.1306,8727520,NOAA_NOS,IAN,2022,9420.0
2022-10-01 14:00:00,-0.377,-0.827,-0.4499999999999999,-83.0317,29.1306,8727520,NOAA_NOS,IAN,2022,9480.0
2022-10-01 15:00:00,-0.974,-1.318,-0.3440000000000001,-83.0317,29.1306,8727520,NOAA_NOS,IAN,2022,9540.0
2022-10-01 16:00:00,-1.329,-1.707,-0.3780000000000001,-83.0317,29.1306,8727520,NOAA_NOS,IAN,2022,9600.0
2022-10-01 17:00:00,-1.312,-1.895,-0.583,-83.0317,29.1306,8727520,NOAA_NOS,IAN,2022,9660.0
2022-10-01 18:00:00,-0.863,-1.757,-0.8939999999999999,-83.0317,29.1306,8727520,NOAA_NOS,IAN,2022,9720.0
2022-10-01 19:00:00,-0.266,-1.393,-1.127,-83.0317,29.1306,8727520,NOAA_NOS,IAN,2022,9780.0
2022-10-01 20:00:00,0.42,-0.909,-1.329,-83.0317,29.1306,8727520,NOAA_NOS,IAN,2022,9840.0
2022-10-01 21:00:00,1.073,-0.418,-1.491,-83.0317,29.1306,8727520,NOAA_NOS,IAN,2022,9900.0
2022-10-01 22:00:00,1.555,0.01,-1.545,-83.0317,29.1306,8727520,NOAA_NOS,IAN,2022,9960.0
2022-10-01 23:00:00,1.775,0.325,-1.45,-83.0317,29.1306,8727520,NOAA_NOS,IAN,2022,10020.0
2022-09-25 01:00:00,0.516,-0.378,-0.894,-84.980556,29.724444,8728690,NOAA_NOS,IAN,2022,60.0
2022-09-25 02:00:00,0.347,-0.568,-0.915,-84.980556,29.724444,8728690,NOAA_NOS,IAN,2022,120.0
2022-09-25 03:00:00,0.373,-0.665,-1.038,-84.980556,29.724444,8728690,NOAA_NOS,IAN,2022,180.0
2022-09-25 04:00:00,0.543,-0.637,-1.1800000000000002,-84.980556,29.724444,8728690,NOAA_NOS,IAN,2022,240.0
2022-09-25 05:00:00,0.826,-0.483,-1.309,-84.980556,29.724444,8728690,NOAA_NOS,IAN,2022,300.0
2022-09-25 06:00:00,1.155,-0.216,-1.371,-84.980556,29.724444,8728690,NOAA_NOS,IAN,2022,360.0
2022-09-25 07:00:00,1.495,0.054,-1.441,-84.980556,29.724444,8728690,NOAA_NOS,IAN,2022,420.0
2022-09-25 08:00:00,1.621,0.3,-1.321,-84.980556,29.724444,8728690,NOAA_NOS,IAN,2022,480.0
2022-09-25 09:00:00,1.604,0.442,-1.162,-84.980556,29.724444,8728690,NOAA_NOS,IAN,2022,540.0
2022-09-25 10:00:00,1.415,0.422,-0.993,-84.980556,29.724444,8728690,NOAA_NOS,IAN,2022,600.0
2022-09-25 11:00:00,1.165,0.271,-0.894,-84.980556,29.724444,8728690,NOAA_NOS,IAN,2022,660.0
2022-09-25 12:00:00,0.902,0.051,-0.851,-84.980556,29.724444,8728690,NOAA_NOS,IAN,2022,720.0
2022-09-25 13:00:00,0.689,-0.148,-0.837,-84.980556,29.724444,8728690,NOAA_NOS,IAN,2022,780.0
2022-09-25 14:00:00,0.593,-0.295,-0.8879999999999999,-84.980556,29.724444,8728690,NOAA_NOS,IAN,2022,840.0
2022-09-25 15:00:00,0.646,-0.338,-0.984,-84.980556,29.724444,8728690,NOAA_NOS,IAN,2022,900.0
2022-09-25 16:00:00,0.862,-0.284,-1.146,-84.980556,29.724444,8728690,NOAA_NOS,IAN,2022,960.0
2022-09-25 17:00:00,1.152,-0.099,-1.251,-84.980556,29.724444,8728690,NOAA_NOS,IAN,2022,1020.0
2022-09-25 18:00:00,1.488,0.154,-1.334,-84.980556,29.724444,8728690,NOAA_NOS,IAN,2022,1080.0
2022-09-25 19:00:00,1.681,0.422,-1.259,-84.980556,29.724444,8728690,NOAA_NOS,IAN,2022,1140.0
2022-09-25 20:00:00,1.731,0.629,-1.102,-84.980556,29.724444,8728690,NOAA_NOS,IAN,2022,1200.0
2022-09-25 21:00:00,1.634,0.69,-0.944,-84.980556,29.724444,8728690,NOAA_NOS,IAN,2022,1260.0
2022-09-25 22:00:00,1.448,0.613,-0.835,-84.980556,29.724444,8728690,NOAA_NOS,IAN,2022,1320.0
2022-09-25 23:00:00,1.165,0.405,-0.76,-84.980556,29.724444,8728690,NOAA_NOS,IAN,2022,1380.0
2022-09-26 00:00:00,0.876,0.141,-0.735,-84.980556,29.724444,8728690,NOAA_NOS,IAN,2022,1440.0
2022-09-26 01:00:00,0.63,-0.118,-0.748,-84.980556,29.724444,8728690,NOAA_NOS,IAN,2022,1500.0
2022-09-26 02:00:00,0.52,-0.338,-0.8580000000000001,-84.980556,29.724444,8728690,NOAA_NOS,IAN,2022,1560.0
2022-09-26 03:00:00,0.536,-0.482,-1.018,-84.980556,29.724444,8728690,NOAA_NOS,IAN,2022,1620.0
2022-09-26 04:00:00,0.646,-0.504,-1.15,-84.980556,29.724444,8728690,NOAA_NOS,IAN,2022,1680.0
2022-09-26 05:00:00,0.879,-0.415,-1.294,-84.980556,29.724444,8728690,NOAA_NOS,IAN,2022,1740.0
2022-09-26 06:00:00,1.255,-0.177,-1.432,-84.980556,29.724444,8728690,NOAA_NOS,IAN,2022,1800.0
2022-09-26 07:00:00,1.571,0.065,-1.506,-84.980556,29.724444,8728690,NOAA_NOS,IAN,2022,1860.0
2022-09-26 08:00:00,1.774,0.31,-1.464,-84.980556,29.724444,8728690,NOAA_NOS,IAN,2022,1920.0
2022-09-26 09:00:00,1.774,0.439,-1.335,-84.980556,29.724444,8728690,NOAA_NOS,IAN,2022,1980.0
2022-09-26 10:00:00,1.634,0.422,-1.212,-84.980556,29.724444,8728690,NOAA_NOS,IAN,2022,2040.0
2022-09-26 11:00:00,1.378,0.273,-1.105,-84.980556,29.724444,8728690,NOAA_NOS,IAN,2022,2100.0
2022-09-26 12:00:00,1.085,0.036,-1.049,-84.980556,29.724444,8728690,NOAA_NOS,IAN,2022,2160.0
2022-09-26 13:00:00,0.813,-0.188,-1.001,-84.980556,29.724444,8728690,NOAA_NOS,IAN,2022,2220.0
2022-09-26 14:00:00,0.646,-0.384,-1.03,-84.980556,29.724444,8728690,NOAA_NOS,IAN,2022,2280.0
2022-09-26 15:00:00,0.616,-0.497,-1.113,-84.980556,29.724444,8728690,NOAA_NOS,IAN,2022,2340.0
2022-09-26 16:00:00,0.753,-0.492,-1.245,-84.980556,29.724444,8728690,NOAA_NOS,IAN,2022,2400.0
2022-09-26 17:00:00,0.956,-0.386,-1.342,-84.980556,29.724444,8728690,NOAA_NOS,IAN,2022,2460.0
2022-09-26 18:00:00,1.308,-0.128,-1.436,-84.980556,29.724444,8728690,NOAA_NOS,IAN,2022,2520.0
2022-09-26 19:00:00,1.678,0.147,-1.531,-84.980556,29.724444,8728690,NOAA_NOS,IAN,2022,2580.0
2022-09-26 20:00:00,1.917,0.435,-1.482,-84.980556,29.724444,8728690,NOAA_NOS,IAN,2022,2640.0
2022-09-26 21:00:00,1.99,0.64,-1.35,-84.980556,29.724444,8728690,NOAA_NOS,IAN,2022,2700.0
2022-09-26 22:00:00,1.827,0.683,-1.144,-84.980556,29.724444,8728690,NOAA_NOS,IAN,2022,2760.0
2022-09-26 23:00:00,1.621,0.582,-1.039,-84.980556,29.724444,8728690,NOAA_NOS,IAN,2022,2820.0
2022-09-27 00:00:00,1.328,0.344,-0.984,-84.980556,29.724444,8728690,NOAA_NOS,IAN,2022,2880.0
2022-09-27 01:00:00,1.022,0.112,-0.91,-84.980556,29.724444,8728690,NOAA_NOS,IAN,2022,2940.0
2022-09-27 02:00:00,0.779,-0.117,-0.896,-84.980556,29.724444,8728690,NOAA_NOS,IAN,2022,3000.0
2022-09-27 03:00:00,0.709,-0.28,-0.989,-84.980556,29.724444,8728690,NOAA_NOS,IAN,2022,3060.0
2022-09-27 04:00:00,0.709,-0.335,-1.044,-84.980556,29.724444,8728690,NOAA_NOS,IAN,2022,3120.0
2022-09-27 05:00:00,0.889,-0.282,-1.171,-84.980556,29.724444,8728690,NOAA_NOS,IAN,2022,3180.0
2022-09-27 06:00:00,1.195,-0.095,-1.29,-84.980556,29.724444,8728690,NOAA_NOS,IAN,2022,3240.0
2022-09-27 07:00:00,1.515,0.131,-1.384,-84.980556,29.724444,8728690,NOAA_NOS,IAN,2022,3300.0
2022-09-27 08:00:00,1.661,0.367,-1.294,-84.980556,29.724444,8728690,NOAA_NOS,IAN,2022,3360.0
2022-09-27 09:00:00,1.644,0.495,-1.149,-84.980556,29.724444,8728690,NOAA_NOS,IAN,2022,3420.0
2022-09-27 10:00:00,1.538,0.481,-1.057,-84.980556,29.724444,8728690,NOAA_NOS,IAN,2022,3480.0
2022-09-27 11:00:00,1.322,0.332,-0.99,-84.980556,29.724444,8728690,NOAA_NOS,IAN,2022,3540.0
2022-09-27 12:00:00,1.032,0.064,-0.968,-84.980556,29.724444,8728690,NOAA_NOS,IAN,2022,3600.0
2022-09-27 13:00:00,0.65,-0.199,-0.849,-84.980556,29.724444,8728690,NOAA_NOS,IAN,2022,3660.0
2022-09-27 14:00:00,0.363,-0.449,-0.812,-84.980556,29.724444,8728690,NOAA_NOS,IAN,2022,3720.0
2022-09-27 15:00:00,0.177,-0.644,-0.821,-84.980556,29.724444,8728690,NOAA_NOS,IAN,2022,3780.0
2022-09-27 16:00:00,0.184,-0.736,-0.92,-84.980556,29.724444,8728690,NOAA_NOS,IAN,2022,3840.0
2022-09-27 17:00:00,0.383,-0.707,-1.09,-84.980556,29.724444,8728690,NOAA_NOS,IAN,2022,3900.0
2022-09-27 18:00:00,0.666,-0.547,-1.213,-84.980556,29.724444,8728690,NOAA_NOS,IAN,2022,3960.0
2022-09-27 19:00:00,1.062,-0.248,-1.31,-84.980556,29.724444,8728690,NOAA_NOS,IAN,2022,4020.0
2022-09-27 20:00:00,1.431,0.065,-1.366,-84.980556,29.724444,8728690,NOAA_NOS,IAN,2022,4080.0
2022-09-27 21:00:00,1.578,0.372,-1.206,-84.980556,29.724444,8728690,NOAA_NOS,IAN,2022,4140.0
2022-09-27 22:00:00,1.618,0.595,-1.023,-84.980556,29.724444,8728690,NOAA_NOS,IAN,2022,4200.0
2022-09-27 23:00:00,1.475,0.667,-0.808,-84.980556,29.724444,8728690,NOAA_NOS,IAN,2022,4260.0
2022-09-28 00:00:00,1.312,0.573,-0.7390000000000001,-84.980556,29.724444,8728690,NOAA_NOS,IAN,2022,4320.0
2022-09-28 01:00:00,1.032,0.345,-0.687,-84.980556,29.724444,8728690,NOAA_NOS,IAN,2022,4380.0
2022-09-28 02:00:00,0.769,0.137,-0.632,-84.980556,29.724444,8728690,NOAA_NOS,IAN,2022,4440.0
2022-09-28 03:00:00,0.54,-0.045,-0.5850000000000001,-84.980556,29.724444,8728690,NOAA_NOS,IAN,2022,4500.0
2022-09-28 04:00:00,0.44,-0.149,-0.589,-84.980556,29.724444,8728690,NOAA_NOS,IAN,2022,4560.0
2022-09-28 05:00:00,0.506,-0.139,-0.645,-84.980556,29.724444,8728690,NOAA_NOS,IAN,2022,4620.0
2022-09-28 06:00:00,0.59,-0.022,-0.612,-84.980556,29.724444,8728690,NOAA_NOS,IAN,2022,4680.0
2022-09-28 07:00:00,0.689,0.169,-0.5199999999999999,-84.980556,29.724444,8728690,NOAA_NOS,IAN,2022,4740.0
2022-09-28 08:00:00,0.733,0.358,-0.375,-84.980556,29.724444,8728690,NOAA_NOS,IAN,2022,4800.0
2022-09-28 09:00:00,0.699,0.454,-0.2449999999999999,-84.980556,29.724444,8728690,NOAA_NOS,IAN,2022,4860.0
2022-09-28 10:00:00,0.536,0.43,-0.106,-84.980556,29.724444,8728690,NOAA_NOS,IAN,2022,4920.0
2022-09-28 11:00:00,0.33,0.269,-0.061,-84.980556,29.724444,8728690,NOAA_NOS,IAN,2022,4980.0
2022-09-28 12:00:00,0.014,-0.033,-0.047,-84.980556,29.724444,8728690,NOAA_NOS,IAN,2022,5040.0
2022-09-28 13:00:00,-0.428,-0.339,0.0889999999999999,-84.980556,29.724444,8728690,NOAA_NOS,IAN,2022,5100.0
2022-09-28 14:00:00,-0.771,-0.65,0.121,-84.980556,29.724444,8728690,NOAA_NOS,IAN,2022,5160.0
2022-09-28 15:00:00,-1.057,-0.929,0.1279999999999999,-84.980556,29.724444,8728690,NOAA_NOS,IAN,2022,5220.0
2022-09-28 16:00:00,-1.307,-1.163,0.1439999999999999,-84.980556,29.724444,8728690,NOAA_NOS,IAN,2022,5280.0
2022-09-28 17:00:00,-1.466,-1.342,0.1239999999999998,-84.980556,29.724444,8728690,NOAA_NOS,IAN,2022,5340.0
2022-09-28 18:00:00,-1.579,-1.449,0.1299999999999999,-84.980556,29.724444,8728690,NOAA_NOS,IAN,2022,5400.0
2022-09-28 19:00:00,-1.559,-1.469,0.0899999999999998,-84.980556,29.724444,8728690,NOAA_NOS,IAN,2022,5460.0
2022-09-28 20:00:00,-1.556,-1.384,0.1720000000000001,-84.980556,29.724444,8728690,NOAA_NOS,IAN,2022,5520.0
2022-09-28 21:00:00,-1.433,-1.228,0.205,-84.980556,29.724444,8728690,NOAA_NOS,IAN,2022,5580.0
2022-09-28 22:00:00,-1.347,-1.164,0.183,-84.980556,29.724444,8728690,NOAA_NOS,IAN,2022,5640.0
2022-09-28 23:00:00,-1.34,-1.204,0.1360000000000001,-84.980556,29.724444,8728690,NOAA_NOS,IAN,2022,5700.0
2022-09-29 00:00:00,-1.42,-1.235,0.1849999999999998,-84.980556,29.724444,8728690,NOAA_NOS,IAN,2022,5760.0
2022-09-29 01:00:00,-1.579,-1.373,0.2059999999999999,-84.980556,29.724444,8728690,NOAA_NOS,IAN,2022,5820.0
2022-09-29 02:00:00,-1.726,-1.541,0.185,-84.980556,29.724444,8728690,NOAA_NOS,IAN,2022,5880.0
2022-09-29 03:00:00,-1.812,-1.637,0.175,-84.980556,29.724444,8728690,NOAA_NOS,IAN,2022,5940.0
2022-09-29 04:00:00,-1.895,-1.768,0.127,-84.980556,29.724444,8728690,NOAA_NOS,IAN,2022,6000.0
2022-09-29 05:00:00,-1.949,-1.866,0.0829999999999999,-84.980556,29.724444,8728690,NOAA_NOS,IAN,2022,6060.0
2022-09-29 06:00:00,-1.922,-2.014,-0.0919999999999998,-84.980556,29.724444,8728690,NOAA_NOS,IAN,2022,6120.0
2022-09-29 07:00:00,-1.889,-2.007,-0.1180000000000001,-84.980556,29.724444,8728690,NOAA_NOS,IAN,2022,6180.0
2022-09-29 08:00:00,-1.786,-1.898,-0.1119999999999998,-84.980556,29.724444,8728690,NOAA_NOS,IAN,2022,6240.0
2022-09-29 09:00:00,-1.669,-1.762,-0.0929999999999999,-84.980556,29.724444,8728690,NOAA_NOS,IAN,2022,6300.0
2022-09-29 10:00:00,-1.629,-1.747,-0.1180000000000001,-84.980556,29.724444,8728690,NOAA_NOS,IAN,2022,6360.0
2022-09-29 11:00:00,-1.689,-1.803,-0.1139999999999998,-84.980556,29.724444,8728690,NOAA_NOS,IAN,2022,6420.0
2022-09-29 12:00:00,-1.829,-1.95,-0.121,-84.980556,29.724444,8728690,NOAA_NOS,IAN,2022,6480.0
2022-09-29 13:00:00,-1.955,-2.293,-0.3380000000000001,-84.980556,29.724444,8728690,NOAA_NOS,IAN,2022,6540.0
2022-09-29 14:00:00,-2.078,-2.164,-0.0860000000000003,-84.980556,29.724444,8728690,NOAA_NOS,IAN,2022,6600.0
2022-09-29 15:00:00,-2.155,-2.15,0.0049999999999998,-84.980556,29.724444,8728690,NOAA_NOS,IAN,2022,6660.0
2022-09-29 16:00:00,-2.211,-2.242,-0.0310000000000001,-84.980556,29.724444,8728690,NOAA_NOS,IAN,2022,6720.0
2022-09-29 17:00:00,-2.202,-2.419,-0.217,-84.980556,29.724444,8728690,NOAA_NOS,IAN,2022,6780.0
2022-09-29 18:00:00,-2.158,-2.635,-0.4769999999999998,-84.980556,29.724444,8728690,NOAA_NOS,IAN,2022,6840.0
2022-09-29 19:00:00,-2.065,-2.472,-0.407,-84.980556,29.724444,8728690,NOAA_NOS,IAN,2022,6900.0
2022-09-29 20:00:00,-1.806,-2.22,-0.4140000000000001,-84.980556,29.724444,8728690,NOAA_NOS,IAN,2022,6960.0
2022-09-29 21:00:00,-1.486,-1.987,-0.5010000000000001,-84.980556,29.724444,8728690,NOAA_NOS,IAN,2022,7020.0
2022-09-29 22:00:00,-1.267,-1.725,-0.4580000000000002,-84.980556,29.724444,8728690,NOAA_NOS,IAN,2022,7080.0
2022-09-29 23:00:00,-0.951,-1.442,-0.491,-84.980556,29.724444,8728690,NOAA_NOS,IAN,2022,7140.0
2022-09-30 00:00:00,-0.655,-1.146,-0.4909999999999999,-84.980556,29.724444,8728690,NOAA_NOS,IAN,2022,7200.0
2022-09-30 01:00:00,-0.445,-0.84,-0.3949999999999999,-84.980556,29.724444,8728690,NOAA_NOS,IAN,2022,7260.0
2022-09-30 02:00:00,-0.339,-0.539,-0.2,-84.980556,29.724444,8728690,NOAA_NOS,IAN,2022,7320.0
2022-09-30 03:00:00,-0.202,-0.252,-0.0499999999999999,-84.980556,29.724444,8728690,NOAA_NOS,IAN,2022,7380.0
2022-09-30 04:00:00,-0.106,0.004,0.11,-84.980556,29.724444,8728690,NOAA_NOS,IAN,2022,7440.0
2022-09-30 05:00:00,-0.032,0.211,0.243,-84.980556,29.724444,8728690,NOAA_NOS,IAN,2022,7500.0
2022-09-30 06:00:00,0.094,0.379,0.285,-84.980556,29.724444,8728690,NOAA_NOS,IAN,2022,7560.0
2022-09-30 07:00:00,0.254,0.513,0.259,-84.980556,29.724444,8728690,NOAA_NOS,IAN,2022,7620.0
2022-09-30 08:00:00,0.423,0.592,0.1689999999999999,-84.980556,29.724444,8728690,NOAA_NOS,IAN,2022,7680.0
2022-09-30 09:00:00,0.54,0.593,0.0529999999999999,-84.980556,29.724444,8728690,NOAA_NOS,IAN,2022,7740.0
2022-09-30 10:00:00,0.58,0.539,-0.0409999999999999,-84.980556,29.724444,8728690,NOAA_NOS,IAN,2022,7800.0
2022-09-30 11:00:00,0.473,0.432,-0.0409999999999999,-84.980556,29.724444,8728690,NOAA_NOS,IAN,2022,7860.0
2022-09-30 12:00:00,0.297,0.258,-0.0389999999999999,-84.980556,29.724444,8728690,NOAA_NOS,IAN,2022,7920.0
2022-09-30 13:00:00,0.057,0.018,-0.039,-84.980556,29.724444,8728690,NOAA_NOS,IAN,2022,7980.0
2022-09-30 14:00:00,-0.259,-0.233,0.0259999999999999,-84.980556,29.724444,8728690,NOAA_NOS,IAN,2022,8040.0
2022-09-30 15:00:00,-0.555,-0.48,0.075,-84.980556,29.724444,8728690,NOAA_NOS,IAN,2022,8100.0
2022-09-30 16:00:00,-0.778,-0.716,0.062,-84.980556,29.724444,8728690,NOAA_NOS,IAN,2022,8160.0
2022-09-30 17:00:00,-0.977,-0.92,0.0569999999999999,-84.980556,29.724444,8728690,NOAA_NOS,IAN,2022,8220.0
2022-09-30 18:00:00,-1.08,-1.067,0.0130000000000001,-84.980556,29.724444,8728690,NOAA_NOS,IAN,2022,8280.0
2022-09-30 19:00:00,-1.097,-1.126,-0.0289999999999999,-84.980556,29.724444,8728690,NOAA_NOS,IAN,2022,8340.0
2022-09-30 20:00:00,-0.934,-1.068,-0.134,-84.980556,29.724444,8728690,NOAA_NOS,IAN,2022,8400.0
2022-09-30 21:00:00,-0.684,-0.893,-0.2089999999999999,-84.980556,29.724444,8728690,NOAA_NOS,IAN,2022,8460.0
2022-09-30 22:00:00,-0.348,-0.649,-0.301,-84.980556,29.724444,8728690,NOAA_NOS,IAN,2022,8520.0
2022-09-30 23:00:00,-0.036,-0.393,-0.357,-84.980556,29.724444,8728690,NOAA_NOS,IAN,2022,8580.0
2022-10-01 00:00:00,0.274,-0.146,-0.42,-84.980556,29.724444,8728690,NOAA_NOS,IAN,2022,8640.0
2022-10-01 01:00:00,0.5,0.072,-0.428,-84.980556,29.724444,8728690,NOAA_NOS,IAN,2022,8700.0
2022-10-01 02:00:00,0.696,0.25,-0.4459999999999999,-84.980556,29.724444,8728690,NOAA_NOS,IAN,2022,8760.0
2022-10-01 03:00:00,0.779,0.375,-0.404,-84.980556,29.724444,8728690,NOAA_NOS,IAN,2022,8820.0
2022-10-01 04:00:00,0.746,0.417,-0.329,-84.980556,29.724444,8728690,NOAA_NOS,IAN,2022,8880.0
2022-10-01 05:00:00,0.726,0.416,-0.31,-84.980556,29.724444,8728690,NOAA_NOS,IAN,2022,8940.0
2022-10-01 06:00:00,0.769,0.416,-0.353,-84.980556,29.724444,8728690,NOAA_NOS,IAN,2022,9000.0
2022-10-01 07:00:00,0.926,0.462,-0.464,-84.980556,29.724444,8728690,NOAA_NOS,IAN,2022,9060.0
2022-10-01 08:00:00,1.155,0.582,-0.5730000000000001,-84.980556,29.724444,8728690,NOAA_NOS,IAN,2022,9120.0
2022-10-01 09:00:00,1.325,0.691,-0.634,-84.980556,29.724444,8728690,NOAA_NOS,IAN,2022,9180.0
2022-10-01 10:00:00,1.401,0.758,-0.643,-84.980556,29.724444,8728690,NOAA_NOS,IAN,2022,9240.0
2022-10-01 11:00:00,1.375,0.719,-0.656,-84.980556,29.724444,8728690,NOAA_NOS,IAN,2022,9300.0
2022-10-01 12:00:00,1.275,0.594,-0.6809999999999999,-84.980556,29.724444,8728690,NOAA_NOS,IAN,2022,9360.0
2022-10-01 13:00:00,1.095,0.356,-0.739,-84.980556,29.724444,8728690,NOAA_NOS,IAN,2022,9420.0
2022-10-01 14:00:00,0.833,0.066,-0.7669999999999999,-84.980556,29.724444,8728690,NOAA_NOS,IAN,2022,9480.0
2022-10-01 15:00:00,0.493,-0.234,-0.727,-84.980556,29.724444,8728690,NOAA_NOS,IAN,2022,9540.0
2022-10-01 16:00:00,0.157,-0.525,-0.682,-84.980556,29.724444,8728690,NOAA_NOS,IAN,2022,9600.0
2022-10-01 17:00:00,-0.119,-0.791,-0.672,-84.980556,29.724444,8728690,NOAA_NOS,IAN,2022,9660.0
2022-10-01 18:00:00,-0.302,-1.016,-0.714,-84.980556,29.724444,8728690,NOAA_NOS,IAN,2022,9720.0
2022-10-01 19:00:00,-0.398,-1.185,-0.787,-84.980556,29.724444,8728690,NOAA_NOS,IAN,2022,9780.0
2022-10-01 20:00:00,-0.345,-1.281,-0.936,-84.980556,29.724444,8728690,NOAA_NOS,IAN,2022,9840.0
2022-10-01 21:00:00,-0.182,-1.225,-1.043,-84.980556,29.724444,8728690,NOAA_NOS,IAN,2022,9900.0
2022-10-01 22:00:00,0.034,-1.008,-1.042,-84.980556,29.724444,8728690,NOAA_NOS,IAN,2022,9960.0
2022-10-01 23:00:00,0.38,-0.751,-1.131,-84.980556,29.724444,8728690,NOAA_NOS,IAN,2022,10020.0
2022-09-25 01:00:00,0.817,-0.235,-1.052,-85.7,30.15228,8729108,NOAA_NOS,IAN,2022,60.0
2022-09-25 02:00:00,0.889,-0.214,-1.103,-85.7,30.15228,8729108,NOAA_NOS,IAN,2022,120.0
2022-09-25 03:00:00,0.997,-0.186,-1.183,-85.7,30.15228,8729108,NOAA_NOS,IAN,2022,180.0
2022-09-25 04:00:00,1.037,-0.137,-1.174,-85.7,30.15228,8729108,NOAA_NOS,IAN,2022,240.0
2022-09-25 05:00:00,1.014,-0.099,-1.113,-85.7,30.15228,8729108,NOAA_NOS,IAN,2022,300.0
2022-09-25 06:00:00,1.014,-0.097,-1.111,-85.7,30.15228,8729108,NOAA_NOS,IAN,2022,360.0
2022-09-25 07:00:00,0.981,-0.117,-1.098,-85.7,30.15228,8729108,NOAA_NOS,IAN,2022,420.0
2022-09-25 08:00:00,0.945,-0.131,-1.076,-85.7,30.15228,8729108,NOAA_NOS,IAN,2022,480.0
2022-09-25 09:00:00,0.869,-0.145,-1.014,-85.7,30.15228,8729108,NOAA_NOS,IAN,2022,540.0
2022-09-25 10:00:00,0.876,-0.147,-1.023,-85.7,30.15228,8729108,NOAA_NOS,IAN,2022,600.0
2022-09-25 11:00:00,0.971,-0.096,-1.067,-85.7,30.15228,8729108,NOAA_NOS,IAN,2022,660.0
2022-09-25 12:00:00,1.076,-0.04,-1.116,-85.7,30.15228,8729108,NOAA_NOS,IAN,2022,720.0
2022-09-25 13:00:00,1.178,0.051,-1.127,-85.7,30.15228,8729108,NOAA_NOS,IAN,2022,780.0
2022-09-25 14:00:00,1.25,0.139,-1.111,-85.7,30.15228,8729108,NOAA_NOS,IAN,2022,840.0
2022-09-25 15:00:00,1.302,0.222,-1.08,-85.7,30.15228,8729108,NOAA_NOS,IAN,2022,900.0
2022-09-25 16:00:00,1.329,0.29,-1.039,-85.7,30.15228,8729108,NOAA_NOS,IAN,2022,960.0
2022-09-25 17:00:00,1.25,0.323,-0.927,-85.7,30.15228,8729108,NOAA_NOS,IAN,2022,1020.0
2022-09-25 18:00:00,1.142,0.295,-0.847,-85.7,30.15228,8729108,NOAA_NOS,IAN,2022,1080.0
2022-09-25 19:00:00,1.066,0.234,-0.8320000000000001,-85.7,30.15228,8729108,NOAA_NOS,IAN,2022,1140.0
2022-09-25 20:00:00,0.965,0.181,-0.784,-85.7,30.15228,8729108,NOAA_NOS,IAN,2022,1200.0
2022-09-25 21:00:00,0.837,0.089,-0.748,-85.7,30.15228,8729108,NOAA_NOS,IAN,2022,1260.0
2022-09-25 22:00:00,0.741,0.008,-0.733,-85.7,30.15228,8729108,NOAA_NOS,IAN,2022,1320.0
2022-09-25 23:00:00,0.745,-0.051,-0.796,-85.7,30.15228,8729108,NOAA_NOS,IAN,2022,1380.0
2022-09-26 00:00:00,0.883,-0.069,-0.952,-85.7,30.15228,8729108,NOAA_NOS,IAN,2022,1440.0
2022-09-26 01:00:00,0.981,-0.05,-1.031,-85.7,30.15228,8729108,NOAA_NOS,IAN,2022,1500.0
2022-09-26 02:00:00,1.05,-0.037,-1.087,-85.7,30.15228,8729108,NOAA_NOS,IAN,2022,1560.0
2022-09-26 03:00:00,1.112,-0.001,-1.113,-85.7,30.15228,8729108,NOAA_NOS,IAN,2022,1620.0
2022-09-26 04:00:00,1.25,0.038,-1.212,-85.7,30.15228,8729108,NOAA_NOS,IAN,2022,1680.0
2022-09-26 05:00:00,1.302,0.06,-1.242,-85.7,30.15228,8729108,NOAA_NOS,IAN,2022,1740.0
2022-09-26 06:00:00,1.26,0.032,-1.228,-85.7,30.15228,8729108,NOAA_NOS,IAN,2022,1800.0
2022-09-26 07:00:00,1.178,-0.036,-1.214,-85.7,30.15228,8729108,NOAA_NOS,IAN,2022,1860.0
2022-09-26 08:00:00,1.115,-0.085,-1.2,-85.7,30.15228,8729108,NOAA_NOS,IAN,2022,1920.0
2022-09-26 09:00:00,1.076,-0.158,-1.234,-85.7,30.15228,8729108,NOAA_NOS,IAN,2022,1980.0
2022-09-26 10:00:00,1.027,-0.216,-1.243,-85.7,30.15228,8729108,NOAA_NOS,IAN,2022,2040.0
2022-09-26 11:00:00,1.04,-0.241,-1.281,-85.7,30.15228,8729108,NOAA_NOS,IAN,2022,2100.0
2022-09-26 12:00:00,1.155,-0.207,-1.362,-85.7,30.15228,8729108,NOAA_NOS,IAN,2022,2160.0
2022-09-26 13:00:00,1.28,-0.151,-1.431,-85.7,30.15228,8729108,NOAA_NOS,IAN,2022,2220.0
2022-09-26 14:00:00,1.27,-0.091,-1.361,-85.7,30.15228,8729108,NOAA_NOS,IAN,2022,2280.0
2022-09-26 15:00:00,1.319,0.001,-1.318,-85.7,30.15228,8729108,NOAA_NOS,IAN,2022,2340.0
2022-09-26 16:00:00,1.45,0.084,-1.366,-85.7,30.15228,8729108,NOAA_NOS,IAN,2022,2400.0
2022-09-26 17:00:00,1.47,0.152,-1.318,-85.7,30.15228,8729108,NOAA_NOS,IAN,2022,2460.0
2022-09-26 18:00:00,1.44,0.188,-1.252,-85.7,30.15228,8729108,NOAA_NOS,IAN,2022,2520.0
2022-09-26 19:00:00,1.325,0.176,-1.149,-85.7,30.15228,8729108,NOAA_NOS,IAN,2022,2580.0
2022-09-26 20:00:00,1.194,0.14,-1.0539999999999998,-85.7,30.15228,8729108,NOAA_NOS,IAN,2022,2640.0
2022-09-26 21:00:00,1.099,0.11,-0.989,-85.7,30.15228,8729108,NOAA_NOS,IAN,2022,2700.0
2022-09-26 22:00:00,1.07,0.062,-1.008,-85.7,30.15228,8729108,NOAA_NOS,IAN,2022,2760.0
2022-09-26 23:00:00,1.047,0.037,-1.01,-85.7,30.15228,8729108,NOAA_NOS,IAN,2022,2820.0
2022-09-27 00:00:00,1.076,0.055,-1.021,-85.7,30.15228,8729108,NOAA_NOS,IAN,2022,2880.0
2022-09-27 01:00:00,1.165,0.099,-1.066,-85.7,30.15228,8729108,NOAA_NOS,IAN,2022,2940.0
2022-09-27 02:00:00,1.273,0.146,-1.127,-85.7,30.15228,8729108,NOAA_NOS,IAN,2022,3000.0
2022-09-27 03:00:00,1.234,0.204,-1.03,-85.7,30.15228,8729108,NOAA_NOS,IAN,2022,3060.0
2022-09-27 04:00:00,1.178,0.248,-0.93,-85.7,30.15228,8729108,NOAA_NOS,IAN,2022,3120.0
2022-09-27 05:00:00,1.211,0.252,-0.959,-85.7,30.15228,8729108,NOAA_NOS,IAN,2022,3180.0
2022-09-27 06:00:00,1.119,0.208,-0.911,-85.7,30.15228,8729108,NOAA_NOS,IAN,2022,3240.0
2022-09-27 07:00:00,0.925,0.14,-0.785,-85.7,30.15228,8729108,NOAA_NOS,IAN,2022,3300.0
2022-09-27 08:00:00,0.758,0.038,-0.72,-85.7,30.15228,8729108,NOAA_NOS,IAN,2022,3360.0
2022-09-27 09:00:00,0.643,-0.076,-0.719,-85.7,30.15228,8729108,NOAA_NOS,IAN,2022,3420.0
2022-09-27 10:00:00,0.528,-0.182,-0.71,-85.7,30.15228,8729108,NOAA_NOS,IAN,2022,3480.0
2022-09-27 11:00:00,0.407,-0.272,-0.679,-85.7,30.15228,8729108,NOAA_NOS,IAN,2022,3540.0
2022-09-27 12:00:00,0.466,-0.34,-0.806,-85.7,30.15228,8729108,NOAA_NOS,IAN,2022,3600.0
2022-09-27 13:00:00,0.561,-0.361,-0.922,-85.7,30.15228,8729108,NOAA_NOS,IAN,2022,3660.0
2022-09-27 14:00:00,0.607,-0.334,-0.941,-85.7,30.15228,8729108,NOAA_NOS,IAN,2022,3720.0
2022-09-27 15:00:00,0.709,-0.296,-1.005,-85.7,30.15228,8729108,NOAA_NOS,IAN,2022,3780.0
2022-09-27 16:00:00,0.82,-0.237,-1.057,-85.7,30.15228,8729108,NOAA_NOS,IAN,2022,3840.0
2022-09-27 17:00:00,0.922,-0.152,-1.074,-85.7,30.15228,8729108,NOAA_NOS,IAN,2022,3900.0
2022-09-27 18:00:00,0.968,-0.068,-1.036,-85.7,30.15228,8729108,NOAA_NOS,IAN,2022,3960.0
2022-09-27 19:00:00,1.027,-0.004,-1.031,-85.7,30.15228,8729108,NOAA_NOS,IAN,2022,4020.0
2022-09-27 20:00:00,0.978,0.035,-0.943,-85.7,30.15228,8729108,NOAA_NOS,IAN,2022,4080.0
2022-09-27 21:00:00,0.932,0.075,-0.8570000000000001,-85.7,30.15228,8729108,NOAA_NOS,IAN,2022,4140.0
2022-09-27 22:00:00,0.994,0.116,-0.878,-85.7,30.15228,8729108,NOAA_NOS,IAN,2022,4200.0
2022-09-27 23:00:00,0.988,0.169,-0.819,-85.7,30.15228,8729108,NOAA_NOS,IAN,2022,4260.0
2022-09-28 00:00:00,1.014,0.222,-0.792,-85.7,30.15228,8729108,NOAA_NOS,IAN,2022,4320.0
2022-09-28 01:00:00,1.073,0.292,-0.7809999999999999,-85.7,30.15228,8729108,NOAA_NOS,IAN,2022,4380.0
2022-09-28 02:00:00,1.23,0.373,-0.857,-85.7,30.15228,8729108,NOAA_NOS,IAN,2022,4440.0
2022-09-28 03:00:00,1.211,0.435,-0.776,-85.7,30.15228,8729108,NOAA_NOS,IAN,2022,4500.0
2022-09-28 04:00:00,1.198,0.475,-0.723,-85.7,30.15228,8729108,NOAA_NOS,IAN,2022,4560.0
2022-09-28 05:00:00,1.109,0.473,-0.636,-85.7,30.15228,8729108,NOAA_NOS,IAN,2022,4620.0
2022-09-28 06:00:00,0.971,0.424,-0.5469999999999999,-85.7,30.15228,8729108,NOAA_NOS,IAN,2022,4680.0
2022-09-28 07:00:00,0.758,0.35,-0.408,-85.7,30.15228,8729108,NOAA_NOS,IAN,2022,4740.0
2022-09-28 08:00:00,0.581,0.218,-0.363,-85.7,30.15228,8729108,NOAA_NOS,IAN,2022,4800.0
2022-09-28 09:00:00,0.361,0.071,-0.29,-85.7,30.15228,8729108,NOAA_NOS,IAN,2022,4860.0
2022-09-28 10:00:00,0.059,-0.074,-0.133,-85.7,30.15228,8729108,NOAA_NOS,IAN,2022,4920.0
2022-09-28 11:00:00,-0.171,-0.215,-0.0439999999999999,-85.7,30.15228,8729108,NOAA_NOS,IAN,2022,4980.0
2022-09-28 12:00:00,-0.331,-0.353,-0.0219999999999999,-85.7,30.15228,8729108,NOAA_NOS,IAN,2022,5040.0
2022-09-28 13:00:00,-0.479,-0.471,0.008,-85.7,30.15228,8729108,NOAA_NOS,IAN,2022,5100.0
2022-09-28 14:00:00,-0.568,-0.555,0.0129999999999999,-85.7,30.15228,8729108,NOAA_NOS,IAN,2022,5160.0
2022-09-28 15:00:00,-0.653,-0.618,0.035,-85.7,30.15228,8729108,NOAA_NOS,IAN,2022,5220.0
2022-09-28 16:00:00,-0.548,-0.658,-0.1099999999999999,-85.7,30.15228,8729108,NOAA_NOS,IAN,2022,5280.0
2022-09-28 17:00:00,-0.446,-0.663,-0.217,-85.7,30.15228,8729108,NOAA_NOS,IAN,2022,5340.0
2022-09-28 18:00:00,-0.492,-0.63,-0.138,-85.7,30.15228,8729108,NOAA_NOS,IAN,2022,5400.0
2022-09-28 19:00:00,-0.367,-0.585,-0.2179999999999999,-85.7,30.15228,8729108,NOAA_NOS,IAN,2022,5460.0
2022-09-28 20:00:00,-0.443,-0.551,-0.108,-85.7,30.15228,8729108,NOAA_NOS,IAN,2022,5520.0
2022-09-28 21:00:00,-0.535,-0.529,0.006,-85.7,30.15228,8729108,NOAA_NOS,IAN,2022,5580.0
2022-09-28 22:00:00,-0.509,-0.485,0.024,-85.7,30.15228,8729108,NOAA_NOS,IAN,2022,5640.0
2022-09-28 23:00:00,-0.528,-0.429,0.099,-85.7,30.15228,8729108,NOAA_NOS,IAN,2022,5700.0
2022-09-29 00:00:00,-0.518,-0.376,0.142,-85.7,30.15228,8729108,NOAA_NOS,IAN,2022,5760.0
2022-09-29 01:00:00,-0.433,-0.328,0.1049999999999999,-85.7,30.15228,8729108,NOAA_NOS,IAN,2022,5820.0
2022-09-29 02:00:00,-0.44,-0.261,0.179,-85.7,30.15228,8729108,NOAA_NOS,IAN,2022,5880.0
2022-09-29 03:00:00,-0.404,-0.187,0.217,-85.7,30.15228,8729108,NOAA_NOS,IAN,2022,5940.0
2022-09-29 04:00:00,-0.364,-0.137,0.2269999999999999,-85.7,30.15228,8729108,NOAA_NOS,IAN,2022,6000.0
2022-09-29 05:00:00,-0.387,-0.115,0.272,-85.7,30.15228,8729108,NOAA_NOS,IAN,2022,6060.0
2022-09-29 06:00:00,-0.404,-0.133,0.271,-85.7,30.15228,8729108,NOAA_NOS,IAN,2022,6120.0
2022-09-29 07:00:00,-0.564,-0.204,0.36,-85.7,30.15228,8729108,NOAA_NOS,IAN,2022,6180.0
2022-09-29 08:00:00,-0.702,-0.3,0.4019999999999999,-85.7,30.15228,8729108,NOAA_NOS,IAN,2022,6240.0
2022-09-29 09:00:00,-0.958,-0.444,0.514,-85.7,30.15228,8729108,NOAA_NOS,IAN,2022,6300.0
2022-09-29 10:00:00,-1.181,-0.616,0.5650000000000001,-85.7,30.15228,8729108,NOAA_NOS,IAN,2022,6360.0
2022-09-29 11:00:00,-1.388,-0.782,0.6059999999999999,-85.7,30.15228,8729108,NOAA_NOS,IAN,2022,6420.0
2022-09-29 12:00:00,-1.598,-0.937,0.661,-85.7,30.15228,8729108,NOAA_NOS,IAN,2022,6480.0
2022-09-29 13:00:00,-1.722,-1.087,0.635,-85.7,30.15228,8729108,NOAA_NOS,IAN,2022,6540.0
2022-09-29 14:00:00,-1.732,-1.224,0.508,-85.7,30.15228,8729108,NOAA_NOS,IAN,2022,6600.0
2022-09-29 15:00:00,-1.683,-1.333,0.3500000000000001,-85.7,30.15228,8729108,NOAA_NOS,IAN,2022,6660.0
2022-09-29 16:00:00,-1.598,-1.416,0.1820000000000001,-85.7,30.15228,8729108,NOAA_NOS,IAN,2022,6720.0
2022-09-29 17:00:00,-1.499,-1.462,0.0370000000000001,-85.7,30.15228,8729108,NOAA_NOS,IAN,2022,6780.0
2022-09-29 18:00:00,-1.332,-1.46,-0.1279999999999999,-85.7,30.15228,8729108,NOAA_NOS,IAN,2022,6840.0
2022-09-29 19:00:00,-1.155,-1.41,-0.2549999999999999,-85.7,30.15228,8729108,NOAA_NOS,IAN,2022,6900.0
2022-09-29 20:00:00,-0.997,-1.342,-0.3450000000000001,-85.7,30.15228,8729108,NOAA_NOS,IAN,2022,6960.0
2022-09-29 21:00:00,-0.912,-1.241,-0.329,-85.7,30.15228,8729108,NOAA_NOS,IAN,2022,7020.0
2022-09-29 22:00:00,-0.794,-1.128,-0.3339999999999998,-85.7,30.15228,8729108,NOAA_NOS,IAN,2022,7080.0
2022-09-29 23:00:00,-0.604,-0.997,-0.393,-85.7,30.15228,8729108,NOAA_NOS,IAN,2022,7140.0
2022-09-30 00:00:00,-0.463,-0.837,-0.3739999999999999,-85.7,30.15228,8729108,NOAA_NOS,IAN,2022,7200.0
2022-09-30 01:00:00,-0.302,-0.678,-0.376,-85.7,30.15228,8729108,NOAA_NOS,IAN,2022,7260.0
2022-09-30 02:00:00,-0.141,-0.507,-0.366,-85.7,30.15228,8729108,NOAA_NOS,IAN,2022,7320.0
2022-09-30 03:00:00,0.102,-0.328,-0.43,-85.7,30.15228,8729108,NOAA_NOS,IAN,2022,7380.0
2022-09-30 04:00:00,0.305,-0.154,-0.4589999999999999,-85.7,30.15228,8729108,NOAA_NOS,IAN,2022,7440.0
2022-09-30 05:00:00,0.44,0.003,-0.437,-85.7,30.15228,8729108,NOAA_NOS,IAN,2022,7500.0
2022-09-30 06:00:00,0.574,0.128,-0.4459999999999999,-85.7,30.15228,8729108,NOAA_NOS,IAN,2022,7560.0
2022-09-30 07:00:00,0.65,0.22,-0.43,-85.7,30.15228,8729108,NOAA_NOS,IAN,2022,7620.0
2022-09-30 08:00:00,0.62,0.267,-0.353,-85.7,30.15228,8729108,NOAA_NOS,IAN,2022,7680.0
2022-09-30 09:00:00,0.466,0.223,-0.243,-85.7,30.15228,8729108,NOAA_NOS,IAN,2022,7740.0
2022-09-30 10:00:00,0.246,0.137,-0.1089999999999999,-85.7,30.15228,8729108,NOAA_NOS,IAN,2022,7800.0
2022-09-30 11:00:00,0.102,0.038,-0.064,-85.7,30.15228,8729108,NOAA_NOS,IAN,2022,7860.0
2022-09-30 12:00:00,-0.128,-0.109,0.019,-85.7,30.15228,8729108,NOAA_NOS,IAN,2022,7920.0
2022-09-30 13:00:00,-0.341,-0.249,0.092,-85.7,30.15228,8729108,NOAA_NOS,IAN,2022,7980.0
2022-09-30 14:00:00,-0.551,-0.379,0.172,-85.7,30.15228,8729108,NOAA_NOS,IAN,2022,8040.0
2022-09-30 15:00:00,-0.643,-0.492,0.151,-85.7,30.15228,8729108,NOAA_NOS,IAN,2022,8100.0
2022-09-30 16:00:00,-0.666,-0.583,0.083,-85.7,30.15228,8729108,NOAA_NOS,IAN,2022,8160.0
2022-09-30 17:00:00,-0.633,-0.646,-0.013,-85.7,30.15228,8729108,NOAA_NOS,IAN,2022,8220.0
2022-09-30 18:00:00,-0.568,-0.678,-0.1100000000000001,-85.7,30.15228,8729108,NOAA_NOS,IAN,2022,8280.0
2022-09-30 19:00:00,-0.463,-0.666,-0.203,-85.7,30.15228,8729108,NOAA_NOS,IAN,2022,8340.0
2022-09-30 20:00:00,-0.351,-0.596,-0.245,-85.7,30.15228,8729108,NOAA_NOS,IAN,2022,8400.0
2022-09-30 21:00:00,-0.249,-0.515,-0.266,-85.7,30.15228,8729108,NOAA_NOS,IAN,2022,8460.0
2022-09-30 22:00:00,-0.154,-0.4,-0.246,-85.7,30.15228,8729108,NOAA_NOS,IAN,2022,8520.0
2022-09-30 23:00:00,-0.056,-0.268,-0.212,-85.7,30.15228,8729108,NOAA_NOS,IAN,2022,8580.0
2022-10-01 00:00:00,0.125,-0.118,-0.243,-85.7,30.15228,8729108,NOAA_NOS,IAN,2022,8640.0
2022-10-01 01:00:00,0.285,0.047,-0.238,-85.7,30.15228,8729108,NOAA_NOS,IAN,2022,8700.0
2022-10-01 02:00:00,0.446,0.213,-0.233,-85.7,30.15228,8729108,NOAA_NOS,IAN,2022,8760.0
2022-10-01 03:00:00,0.594,0.39,-0.2039999999999999,-85.7,30.15228,8729108,NOAA_NOS,IAN,2022,8820.0
2022-10-01 04:00:00,0.735,0.555,-0.1799999999999999,-85.7,30.15228,8729108,NOAA_NOS,IAN,2022,8880.0
2022-10-01 05:00:00,0.873,0.695,-0.178,-85.7,30.15228,8729108,NOAA_NOS,IAN,2022,8940.0
2022-10-01 06:00:00,0.951,0.807,-0.1439999999999999,-85.7,30.15228,8729108,NOAA_NOS,IAN,2022,9000.0
2022-10-01 07:00:00,0.955,0.861,-0.0939999999999999,-85.7,30.15228,8729108,NOAA_NOS,IAN,2022,9060.0
2022-10-01 08:00:00,0.886,0.85,-0.036,-85.7,30.15228,8729108,NOAA_NOS,IAN,2022,9120.0
2022-10-01 09:00:00,0.751,0.796,0.045,-85.7,30.15228,8729108,NOAA_NOS,IAN,2022,9180.0
2022-10-01 10:00:00,0.577,0.698,0.121,-85.7,30.15228,8729108,NOAA_NOS,IAN,2022,9240.0
2022-10-01 11:00:00,0.404,0.525,0.121,-85.7,30.15228,8729108,NOAA_NOS,IAN,2022,9300.0
2022-10-01 12:00:00,0.2,0.346,0.1459999999999999,-85.7,30.15228,8729108,NOAA_NOS,IAN,2022,9360.0
2022-10-01 13:00:00,-0.01,0.166,0.176,-85.7,30.15228,8729108,NOAA_NOS,IAN,2022,9420.0
2022-10-01 14:00:00,-0.164,-0.023,0.141,-85.7,30.15228,8729108,NOAA_NOS,IAN,2022,9480.0
2022-10-01 15:00:00,-0.312,-0.224,0.088,-85.7,30.15228,8729108,NOAA_NOS,IAN,2022,9540.0
2022-10-01 16:00:00,-0.384,-0.408,-0.0239999999999999,-85.7,30.15228,8729108,NOAA_NOS,IAN,2022,9600.0
2022-10-01 17:00:00,-0.371,-0.563,-0.1919999999999999,-85.7,30.15228,8729108,NOAA_NOS,IAN,2022,9660.0
2022-10-01 18:00:00,-0.335,-0.708,-0.3729999999999999,-85.7,30.15228,8729108,NOAA_NOS,IAN,2022,9720.0
2022-10-01 19:00:00,-0.236,-0.831,-0.595,-85.7,30.15228,8729108,NOAA_NOS,IAN,2022,9780.0
2022-10-01 20:00:00,-0.108,-0.914,-0.806,-85.7,30.15228,8729108,NOAA_NOS,IAN,2022,9840.0
2022-10-01 21:00:00,0.082,-0.921,-1.003,-85.7,30.15228,8729108,NOAA_NOS,IAN,2022,9900.0
2022-10-01 22:00:00,0.289,-0.841,-1.13,-85.7,30.15228,8729108,NOAA_NOS,IAN,2022,9960.0
2022-10-01 23:00:00,0.453,-0.784,-1.237,-85.7,30.15228,8729108,NOAA_NOS,IAN,2022,10020.0
2022-09-25 01:00:00,0.902,-0.14,-1.042,-85.878304,30.213301,8729210,NOAA_NOS,IAN,2022,60.0
2022-09-25 02:00:00,1.024,-0.112,-1.136,-85.878304,30.213301,8729210,NOAA_NOS,IAN,2022,120.0
2022-09-25 03:00:00,1.043,-0.088,-1.131,-85.878304,30.213301,8729210,NOAA_NOS,IAN,2022,180.0
2022-09-25 04:00:00,0.991,-0.076,-1.067,-85.878304,30.213301,8729210,NOAA_NOS,IAN,2022,240.0
2022-09-25 05:00:00,0.912,-0.11,-1.022,-85.878304,30.213301,8729210,NOAA_NOS,IAN,2022,300.0
2022-09-25 06:00:00,0.935,-0.182,-1.117,-85.878304,30.213301,8729210,NOAA_NOS,IAN,2022,360.0
2022-09-25 07:00:00,0.948,-0.226,-1.174,-85.878304,30.213301,8729210,NOAA_NOS,IAN,2022,420.0
2022-09-25 08:00:00,0.883,-0.198,-1.081,-85.878304,30.213301,8729210,NOAA_NOS,IAN,2022,480.0
2022-09-25 09:00:00,0.833,-0.128,-0.961,-85.878304,30.213301,8729210,NOAA_NOS,IAN,2022,540.0
2022-09-25 10:00:00,0.945,-0.023,-0.968,-85.878304,30.213301,8729210,NOAA_NOS,IAN,2022,600.0
2022-09-25 11:00:00,1.115,0.094,-1.021,-85.878304,30.213301,8729210,NOAA_NOS,IAN,2022,660.0
2022-09-25 12:00:00,1.25,0.213,-1.037,-85.878304,30.213301,8729210,NOAA_NOS,IAN,2022,720.0
2022-09-25 13:00:00,1.365,0.284,-1.081,-85.878304,30.213301,8729210,NOAA_NOS,IAN,2022,780.0
2022-09-25 14:00:00,1.348,0.32,-1.028,-85.878304,30.213301,8729210,NOAA_NOS,IAN,2022,840.0
2022-09-25 15:00:00,1.302,0.335,-0.967,-85.878304,30.213301,8729210,NOAA_NOS,IAN,2022,900.0
2022-09-25 16:00:00,1.28,0.339,-0.941,-85.878304,30.213301,8729210,NOAA_NOS,IAN,2022,960.0
2022-09-25 17:00:00,1.191,0.269,-0.922,-85.878304,30.213301,8729210,NOAA_NOS,IAN,2022,1020.0
2022-09-25 18:00:00,0.997,0.12,-0.877,-85.878304,30.213301,8729210,NOAA_NOS,IAN,2022,1080.0
2022-09-25 19:00:00,0.958,-0.019,-0.977,-85.878304,30.213301,8729210,NOAA_NOS,IAN,2022,1140.0
2022-09-25 20:00:00,0.873,-0.088,-0.961,-85.878304,30.213301,8729210,NOAA_NOS,IAN,2022,1200.0
2022-09-25 21:00:00,0.801,-0.099,-0.9,-85.878304,30.213301,8729210,NOAA_NOS,IAN,2022,1260.0
2022-09-25 22:00:00,0.748,-0.083,-0.831,-85.878304,30.213301,8729210,NOAA_NOS,IAN,2022,1320.0
2022-09-25 23:00:00,0.928,-0.052,-0.98,-85.878304,30.213301,8729210,NOAA_NOS,IAN,2022,1380.0
2022-09-26 00:00:00,1.033,0.01,-1.023,-85.878304,30.213301,8729210,NOAA_NOS,IAN,2022,1440.0
2022-09-26 01:00:00,1.122,0.05,-1.072,-85.878304,30.213301,8729210,NOAA_NOS,IAN,2022,1500.0
2022-09-26 02:00:00,1.129,0.06,-1.069,-85.878304,30.213301,8729210,NOAA_NOS,IAN,2022,1560.0
2022-09-26 03:00:00,1.132,0.051,-1.081,-85.878304,30.213301,8729210,NOAA_NOS,IAN,2022,1620.0
2022-09-26 04:00:00,1.211,0.04,-1.171,-85.878304,30.213301,8729210,NOAA_NOS,IAN,2022,1680.0
2022-09-26 05:00:00,1.263,0.009,-1.254,-85.878304,30.213301,8729210,NOAA_NOS,IAN,2022,1740.0
2022-09-26 06:00:00,1.191,-0.111,-1.302,-85.878304,30.213301,8729210,NOAA_NOS,IAN,2022,1800.0
2022-09-26 07:00:00,1.096,-0.25,-1.346,-85.878304,30.213301,8729210,NOAA_NOS,IAN,2022,1860.0
2022-09-26 08:00:00,1.056,-0.316,-1.372,-85.878304,30.213301,8729210,NOAA_NOS,IAN,2022,1920.0
2022-09-26 09:00:00,1.01,-0.291,-1.301,-85.878304,30.213301,8729210,NOAA_NOS,IAN,2022,1980.0
2022-09-26 10:00:00,1.063,-0.227,-1.29,-85.878304,30.213301,8729210,NOAA_NOS,IAN,2022,2040.0
2022-09-26 11:00:00,1.158,-0.148,-1.3059999999999998,-85.878304,30.213301,8729210,NOAA_NOS,IAN,2022,2100.0
2022-09-26 12:00:00,1.329,-0.038,-1.367,-85.878304,30.213301,8729210,NOAA_NOS,IAN,2022,2160.0
2022-09-26 13:00:00,1.467,0.074,-1.393,-85.878304,30.213301,8729210,NOAA_NOS,IAN,2022,2220.0
2022-09-26 14:00:00,1.371,0.136,-1.235,-85.878304,30.213301,8729210,NOAA_NOS,IAN,2022,2280.0
2022-09-26 15:00:00,1.365,0.175,-1.19,-85.878304,30.213301,8729210,NOAA_NOS,IAN,2022,2340.0
2022-09-26 16:00:00,1.453,0.203,-1.25,-85.878304,30.213301,8729210,NOAA_NOS,IAN,2022,2400.0
2022-09-26 17:00:00,1.542,0.208,-1.334,-85.878304,30.213301,8729210,NOAA_NOS,IAN,2022,2460.0
2022-09-26 18:00:00,1.345,0.149,-1.196,-85.878304,30.213301,8729210,NOAA_NOS,IAN,2022,2520.0
2022-09-26 19:00:00,1.25,0.042,-1.208,-85.878304,30.213301,8729210,NOAA_NOS,IAN,2022,2580.0
2022-09-26 20:00:00,1.076,-0.02,-1.096,-85.878304,30.213301,8729210,NOAA_NOS,IAN,2022,2640.0
2022-09-26 21:00:00,1.024,-0.022,-1.046,-85.878304,30.213301,8729210,NOAA_NOS,IAN,2022,2700.0
2022-09-26 22:00:00,1.142,0.042,-1.1,-85.878304,30.213301,8729210,NOAA_NOS,IAN,2022,2760.0
2022-09-26 23:00:00,1.22,0.117,-1.103,-85.878304,30.213301,8729210,NOAA_NOS,IAN,2022,2820.0
2022-09-27 00:00:00,1.234,0.195,-1.039,-85.878304,30.213301,8729210,NOAA_NOS,IAN,2022,2880.0
2022-09-27 01:00:00,1.283,0.26,-1.023,-85.878304,30.213301,8729210,NOAA_NOS,IAN,2022,2940.0
2022-09-27 02:00:00,1.325,0.283,-1.042,-85.878304,30.213301,8729210,NOAA_NOS,IAN,2022,3000.0
2022-09-27 03:00:00,1.181,0.268,-0.913,-85.878304,30.213301,8729210,NOAA_NOS,IAN,2022,3060.0
2022-09-27 04:00:00,1.125,0.221,-0.904,-85.878304,30.213301,8729210,NOAA_NOS,IAN,2022,3120.0
2022-09-27 05:00:00,1.096,0.15,-0.946,-85.878304,30.213301,8729210,NOAA_NOS,IAN,2022,3180.0
2022-09-27 06:00:00,1.099,0.028,-1.071,-85.878304,30.213301,8729210,NOAA_NOS,IAN,2022,3240.0
2022-09-27 07:00:00,0.804,-0.154,-0.958,-85.878304,30.213301,8729210,NOAA_NOS,IAN,2022,3300.0
2022-09-27 08:00:00,0.604,-0.325,-0.929,-85.878304,30.213301,8729210,NOAA_NOS,IAN,2022,3360.0
2022-09-27 09:00:00,0.594,-0.425,-1.019,-85.878304,30.213301,8729210,NOAA_NOS,IAN,2022,3420.0
2022-09-27 10:00:00,0.463,-0.436,-0.899,-85.878304,30.213301,8729210,NOAA_NOS,IAN,2022,3480.0
2022-09-27 11:00:00,0.515,-0.41,-0.925,-85.878304,30.213301,8729210,NOAA_NOS,IAN,2022,3540.0
2022-09-27 12:00:00,0.659,-0.359,-1.018,-85.878304,30.213301,8729210,NOAA_NOS,IAN,2022,3600.0
2022-09-27 13:00:00,0.778,-0.269,-1.0470000000000002,-85.878304,30.213301,8729210,NOAA_NOS,IAN,2022,3660.0
2022-09-27 14:00:00,0.745,-0.185,-0.93,-85.878304,30.213301,8729210,NOAA_NOS,IAN,2022,3720.0
2022-09-27 15:00:00,0.86,-0.109,-0.969,-85.878304,30.213301,8729210,NOAA_NOS,IAN,2022,3780.0
2022-09-27 16:00:00,0.942,-0.054,-0.996,-85.878304,30.213301,8729210,NOAA_NOS,IAN,2022,3840.0
2022-09-27 17:00:00,1.01,0.013,-0.997,-85.878304,30.213301,8729210,NOAA_NOS,IAN,2022,3900.0
2022-09-27 18:00:00,1.079,0.063,-1.016,-85.878304,30.213301,8729210,NOAA_NOS,IAN,2022,3960.0
2022-09-27 19:00:00,1.115,0.063,-1.052,-85.878304,30.213301,8729210,NOAA_NOS,IAN,2022,4020.0
2022-09-27 20:00:00,0.971,0.033,-0.938,-85.878304,30.213301,8729210,NOAA_NOS,IAN,2022,4080.0
2022-09-27 21:00:00,1.047,0.062,-0.985,-85.878304,30.213301,8729210,NOAA_NOS,IAN,2022,4140.0
2022-09-27 22:00:00,1.07,0.155,-0.915,-85.878304,30.213301,8729210,NOAA_NOS,IAN,2022,4200.0
2022-09-27 23:00:00,1.152,0.282,-0.8699999999999999,-85.878304,30.213301,8729210,NOAA_NOS,IAN,2022,4260.0
2022-09-28 00:00:00,1.161,0.392,-0.769,-85.878304,30.213301,8729210,NOAA_NOS,IAN,2022,4320.0
2022-09-28 01:00:00,1.296,0.486,-0.81,-85.878304,30.213301,8729210,NOAA_NOS,IAN,2022,4380.0
2022-09-28 02:00:00,1.28,0.529,-0.751,-85.878304,30.213301,8729210,NOAA_NOS,IAN,2022,4440.0
2022-09-28 03:00:00,1.276,0.509,-0.767,-85.878304,30.213301,8729210,NOAA_NOS,IAN,2022,4500.0
2022-09-28 04:00:00,1.152,0.445,-0.7069999999999999,-85.878304,30.213301,8729210,NOAA_NOS,IAN,2022,4560.0
2022-09-28 05:00:00,1.125,0.351,-0.774,-85.878304,30.213301,8729210,NOAA_NOS,IAN,2022,4620.0
2022-09-28 06:00:00,0.879,0.221,-0.658,-85.878304,30.213301,8729210,NOAA_NOS,IAN,2022,4680.0
2022-09-28 07:00:00,0.561,0.012,-0.549,-85.878304,30.213301,8729210,NOAA_NOS,IAN,2022,4740.0
2022-09-28 08:00:00,0.512,-0.256,-0.768,-85.878304,30.213301,8729210,NOAA_NOS,IAN,2022,4800.0
2022-09-28 09:00:00,0.138,-0.482,-0.62,-85.878304,30.213301,8729210,NOAA_NOS,IAN,2022,4860.0
2022-09-28 10:00:00,-0.112,-0.597,-0.485,-85.878304,30.213301,8729210,NOAA_NOS,IAN,2022,4920.0
2022-09-28 11:00:00,-0.285,-0.663,-0.378,-85.878304,30.213301,8729210,NOAA_NOS,IAN,2022,4980.0
2022-09-28 12:00:00,-0.377,-0.713,-0.3359999999999999,-85.878304,30.213301,8729210,NOAA_NOS,IAN,2022,5040.0
2022-09-28 13:00:00,-0.315,-0.718,-0.4029999999999999,-85.878304,30.213301,8729210,NOAA_NOS,IAN,2022,5100.0
2022-09-28 14:00:00,-0.489,-0.671,-0.182,-85.878304,30.213301,8729210,NOAA_NOS,IAN,2022,5160.0
2022-09-28 15:00:00,-0.387,-0.626,-0.239,-85.878304,30.213301,8729210,NOAA_NOS,IAN,2022,5220.0
2022-09-28 16:00:00,-0.213,-0.603,-0.39,-85.878304,30.213301,8729210,NOAA_NOS,IAN,2022,5280.0
2022-09-28 17:00:00,-0.112,-0.563,-0.4509999999999999,-85.878304,30.213301,8729210,NOAA_NOS,IAN,2022,5340.0
2022-09-28 18:00:00,-0.236,-0.487,-0.251,-85.878304,30.213301,8729210,NOAA_NOS,IAN,2022,5400.0
2022-09-28 19:00:00,-0.23,-0.434,-0.204,-85.878304,30.213301,8729210,NOAA_NOS,IAN,2022,5460.0
2022-09-28 20:00:00,-0.335,-0.491,-0.1559999999999999,-85.878304,30.213301,8729210,NOAA_NOS,IAN,2022,5520.0
2022-09-28 21:00:00,-0.41,-0.514,-0.104,-85.878304,30.213301,8729210,NOAA_NOS,IAN,2022,5580.0
2022-09-28 22:00:00,-0.318,-0.418,-0.0999999999999999,-85.878304,30.213301,8729210,NOAA_NOS,IAN,2022,5640.0
2022-09-28 23:00:00,-0.249,-0.259,-0.01,-85.878304,30.213301,8729210,NOAA_NOS,IAN,2022,5700.0
2022-09-29 00:00:00,-0.131,-0.136,-0.005,-85.878304,30.213301,8729210,NOAA_NOS,IAN,2022,5760.0
2022-09-29 01:00:00,-0.115,-0.064,0.051,-85.878304,30.213301,8729210,NOAA_NOS,IAN,2022,5820.0
2022-09-29 02:00:00,-0.194,-0.013,0.181,-85.878304,30.213301,8729210,NOAA_NOS,IAN,2022,5880.0
2022-09-29 03:00:00,-0.21,0.011,0.221,-85.878304,30.213301,8729210,NOAA_NOS,IAN,2022,5940.0
2022-09-29 04:00:00,-0.203,-0.017,0.186,-85.878304,30.213301,8729210,NOAA_NOS,IAN,2022,6000.0
2022-09-29 05:00:00,-0.135,-0.076,0.059,-85.878304,30.213301,8729210,NOAA_NOS,IAN,2022,6060.0
2022-09-29 06:00:00,-0.299,-0.202,0.0969999999999999,-85.878304,30.213301,8729210,NOAA_NOS,IAN,2022,6120.0
2022-09-29 07:00:00,-0.561,-0.419,0.142,-85.878304,30.213301,8729210,NOAA_NOS,IAN,2022,6180.0
2022-09-29 08:00:00,-0.82,-0.713,0.1069999999999999,-85.878304,30.213301,8729210,NOAA_NOS,IAN,2022,6240.0
2022-09-29 09:00:00,-1.093,-1.05,0.0429999999999999,-85.878304,30.213301,8729210,NOAA_NOS,IAN,2022,6300.0
2022-09-29 10:00:00,-1.322,-1.328,-0.006,-85.878304,30.213301,8729210,NOAA_NOS,IAN,2022,6360.0
2022-09-29 11:00:00,-1.549,-1.459,0.0899999999999998,-85.878304,30.213301,8729210,NOAA_NOS,IAN,2022,6420.0
2022-09-29 12:00:00,-1.591,-1.495,0.0959999999999998,-85.878304,30.213301,8729210,NOAA_NOS,IAN,2022,6480.0
2022-09-29 13:00:00,-1.526,-1.539,-0.0129999999999999,-85.878304,30.213301,8729210,NOAA_NOS,IAN,2022,6540.0
2022-09-29 14:00:00,-1.476,-1.566,-0.09,-85.878304,30.213301,8729210,NOAA_NOS,IAN,2022,6600.0
2022-09-29 15:00:00,-1.388,-1.551,-0.163,-85.878304,30.213301,8729210,NOAA_NOS,IAN,2022,6660.0
2022-09-29 16:00:00,-1.365,-1.491,-0.1260000000000001,-85.878304,30.213301,8729210,NOAA_NOS,IAN,2022,6720.0
2022-09-29 17:00:00,-1.158,-1.403,-0.2450000000000001,-85.878304,30.213301,8729210,NOAA_NOS,IAN,2022,6780.0
2022-09-29 18:00:00,-1.083,-1.292,-0.209,-85.878304,30.213301,8729210,NOAA_NOS,IAN,2022,6840.0
2022-09-29 19:00:00,-0.879,-1.143,-0.264,-85.878304,30.213301,8729210,NOAA_NOS,IAN,2022,6900.0
2022-09-29 20:00:00,-0.781,-0.995,-0.2139999999999999,-85.878304,30.213301,8729210,NOAA_NOS,IAN,2022,6960.0
2022-09-29 21:00:00,-0.659,-0.89,-0.2309999999999999,-85.878304,30.213301,8729210,NOAA_NOS,IAN,2022,7020.0
2022-09-29 22:00:00,-0.535,-0.773,-0.238,-85.878304,30.213301,8729210,NOAA_NOS,IAN,2022,7080.0
2022-09-29 23:00:00,-0.312,-0.557,-0.245,-85.878304,30.213301,8729210,NOAA_NOS,IAN,2022,7140.0
2022-09-30 00:00:00,-0.135,-0.276,-0.141,-85.878304,30.213301,8729210,NOAA_NOS,IAN,2022,7200.0
2022-09-30 01:00:00,0.049,-0.021,-0.07,-85.878304,30.213301,8729210,NOAA_NOS,IAN,2022,7260.0
2022-09-30 02:00:00,0.305,0.183,-0.122,-85.878304,30.213301,8729210,NOAA_NOS,IAN,2022,7320.0
2022-09-30 03:00:00,0.522,0.346,-0.176,-85.878304,30.213301,8729210,NOAA_NOS,IAN,2022,7380.0
2022-09-30 04:00:00,0.659,0.448,-0.211,-85.878304,30.213301,8729210,NOAA_NOS,IAN,2022,7440.0
2022-09-30 05:00:00,0.699,0.453,-0.2459999999999999,-85.878304,30.213301,8729210,NOAA_NOS,IAN,2022,7500.0
2022-09-30 06:00:00,0.709,0.378,-0.3309999999999999,-85.878304,30.213301,8729210,NOAA_NOS,IAN,2022,7560.0
2022-09-30 07:00:00,0.702,0.271,-0.4309999999999999,-85.878304,30.213301,8729210,NOAA_NOS,IAN,2022,7620.0
2022-09-30 08:00:00,0.61,0.141,-0.469,-85.878304,30.213301,8729210,NOAA_NOS,IAN,2022,7680.0
2022-09-30 09:00:00,0.312,-0.063,-0.375,-85.878304,30.213301,8729210,NOAA_NOS,IAN,2022,7740.0
2022-09-30 10:00:00,0.033,-0.319,-0.352,-85.878304,30.213301,8729210,NOAA_NOS,IAN,2022,7800.0
2022-09-30 11:00:00,-0.22,-0.519,-0.299,-85.878304,30.213301,8729210,NOAA_NOS,IAN,2022,7860.0
2022-09-30 12:00:00,-0.269,-0.629,-0.36,-85.878304,30.213301,8729210,NOAA_NOS,IAN,2022,7920.0
2022-09-30 13:00:00,-0.371,-0.686,-0.315,-85.878304,30.213301,8729210,NOAA_NOS,IAN,2022,7980.0
2022-09-30 14:00:00,-0.515,-0.733,-0.2179999999999999,-85.878304,30.213301,8729210,NOAA_NOS,IAN,2022,8040.0
2022-09-30 15:00:00,-0.535,-0.765,-0.2299999999999999,-85.878304,30.213301,8729210,NOAA_NOS,IAN,2022,8100.0
2022-09-30 16:00:00,-0.456,-0.748,-0.292,-85.878304,30.213301,8729210,NOAA_NOS,IAN,2022,8160.0
2022-09-30 17:00:00,-0.41,-0.685,-0.2750000000000001,-85.878304,30.213301,8729210,NOAA_NOS,IAN,2022,8220.0
2022-09-30 18:00:00,-0.322,-0.623,-0.301,-85.878304,30.213301,8729210,NOAA_NOS,IAN,2022,8280.0
2022-09-30 19:00:00,-0.253,-0.51,-0.257,-85.878304,30.213301,8729210,NOAA_NOS,IAN,2022,8340.0
2022-09-30 20:00:00,-0.151,-0.326,-0.175,-85.878304,30.213301,8729210,NOAA_NOS,IAN,2022,8400.0
2022-09-30 21:00:00,-0.039,-0.143,-0.1039999999999999,-85.878304,30.213301,8729210,NOAA_NOS,IAN,2022,8460.0
2022-09-30 22:00:00,0.01,0.011,0.0009999999999999,-85.878304,30.213301,8729210,NOAA_NOS,IAN,2022,8520.0
2022-09-30 23:00:00,0.24,0.165,-0.0749999999999999,-85.878304,30.213301,8729210,NOAA_NOS,IAN,2022,8580.0
2022-10-01 00:00:00,0.387,0.375,-0.012,-85.878304,30.213301,8729210,NOAA_NOS,IAN,2022,8640.0
2022-10-01 01:00:00,0.561,0.617,0.0559999999999999,-85.878304,30.213301,8729210,NOAA_NOS,IAN,2022,8700.0
2022-10-01 02:00:00,0.722,0.841,0.119,-85.878304,30.213301,8729210,NOAA_NOS,IAN,2022,8760.0
2022-10-01 03:00:00,0.85,1.033,0.1829999999999999,-85.878304,30.213301,8729210,NOAA_NOS,IAN,2022,8820.0
2022-10-01 04:00:00,0.935,1.118,0.183,-85.878304,30.213301,8729210,NOAA_NOS,IAN,2022,8880.0
2022-10-01 05:00:00,0.981,1.088,0.1070000000000001,-85.878304,30.213301,8729210,NOAA_NOS,IAN,2022,8940.0
2022-10-01 06:00:00,0.974,0.978,0.004,-85.878304,30.213301,8729210,NOAA_NOS,IAN,2022,9000.0
2022-10-01 07:00:00,0.886,0.815,-0.071,-85.878304,30.213301,8729210,NOAA_NOS,IAN,2022,9060.0
2022-10-01 08:00:00,0.745,0.676,-0.0689999999999999,-85.878304,30.213301,8729210,NOAA_NOS,IAN,2022,9120.0
2022-10-01 09:00:00,0.548,0.523,-0.025,-85.878304,30.213301,8729210,NOAA_NOS,IAN,2022,9180.0
2022-10-01 10:00:00,0.335,0.245,-0.09,-85.878304,30.213301,8729210,NOAA_NOS,IAN,2022,9240.0
2022-10-01 11:00:00,0.115,-0.098,-0.213,-85.878304,30.213301,8729210,NOAA_NOS,IAN,2022,9300.0
2022-10-01 12:00:00,-0.082,-0.404,-0.322,-85.878304,30.213301,8729210,NOAA_NOS,IAN,2022,9360.0
2022-10-01 13:00:00,-0.157,-0.617,-0.4599999999999999,-85.878304,30.213301,8729210,NOAA_NOS,IAN,2022,9420.0
2022-10-01 14:00:00,-0.269,-0.81,-0.541,-85.878304,30.213301,8729210,NOAA_NOS,IAN,2022,9480.0
2022-10-01 15:00:00,-0.335,-1.043,-0.708,-85.878304,30.213301,8729210,NOAA_NOS,IAN,2022,9540.0
2022-10-01 16:00:00,-0.328,-1.16,-0.8319999999999999,-85.878304,30.213301,8729210,NOAA_NOS,IAN,2022,9600.0
2022-10-01 17:00:00,-0.312,-1.156,-0.8439999999999999,-85.878304,30.213301,8729210,NOAA_NOS,IAN,2022,9660.0
2022-10-01 18:00:00,-0.23,-1.129,-0.899,-85.878304,30.213301,8729210,NOAA_NOS,IAN,2022,9720.0
2022-10-01 19:00:00,-0.085,-1.1,-1.015,-85.878304,30.213301,8729210,NOAA_NOS,IAN,2022,9780.0
2022-10-01 20:00:00,0.085,-0.978,-1.063,-85.878304,30.213301,8729210,NOAA_NOS,IAN,2022,9840.0
2022-10-01 21:00:00,0.292,-0.746,-1.038,-85.878304,30.213301,8729210,NOAA_NOS,IAN,2022,9900.0
2022-10-01 22:00:00,0.525,-0.511,-1.036,-85.878304,30.213301,8729210,NOAA_NOS,IAN,2022,9960.0
2022-10-01 23:00:00,0.623,-0.336,-0.959,-85.878304,30.213301,8729210,NOAA_NOS,IAN,2022,10020.0
2022-09-25 01:00:00,0.817,-0.317,-1.134,-87.211194,30.386914,8729840,NOAA_NOS,IAN,2022,60.0
2022-09-25 02:00:00,0.879,-0.267,-1.146,-87.211194,30.386914,8729840,NOAA_NOS,IAN,2022,120.0
2022-09-25 03:00:00,0.938,-0.207,-1.145,-87.211194,30.386914,8729840,NOAA_NOS,IAN,2022,180.0
2022-09-25 04:00:00,1.0,-0.134,-1.134,-87.211194,30.386914,8729840,NOAA_NOS,IAN,2022,240.0
2022-09-25 05:00:00,1.072,-0.072,-1.144,-87.211194,30.386914,8729840,NOAA_NOS,IAN,2022,300.0
2022-09-25 06:00:00,1.125,-0.052,-1.177,-87.211194,30.386914,8729840,NOAA_NOS,IAN,2022,360.0
2022-09-25 07:00:00,1.148,-0.058,-1.206,-87.211194,30.386914,8729840,NOAA_NOS,IAN,2022,420.0
2022-09-25 08:00:00,1.154,-0.094,-1.248,-87.211194,30.386914,8729840,NOAA_NOS,IAN,2022,480.0
2022-09-25 09:00:00,1.105,-0.134,-1.239,-87.211194,30.386914,8729840,NOAA_NOS,IAN,2022,540.0
2022-09-25 10:00:00,1.056,-0.155,-1.211,-87.211194,30.386914,8729840,NOAA_NOS,IAN,2022,600.0
2022-09-25 11:00:00,1.03,-0.136,-1.166,-87.211194,30.386914,8729840,NOAA_NOS,IAN,2022,660.0
2022-09-25 12:00:00,1.069,-0.067,-1.136,-87.211194,30.386914,8729840,NOAA_NOS,IAN,2022,720.0
2022-09-25 13:00:00,1.141,0.026,-1.115,-87.211194,30.386914,8729840,NOAA_NOS,IAN,2022,780.0
2022-09-25 14:00:00,1.154,0.14,-1.0139999999999998,-87.211194,30.386914,8729840,NOAA_NOS,IAN,2022,840.0
2022-09-25 15:00:00,1.217,0.253,-0.964,-87.211194,30.386914,8729840,NOAA_NOS,IAN,2022,900.0
2022-09-25 16:00:00,1.305,0.338,-0.967,-87.211194,30.386914,8729840,NOAA_NOS,IAN,2022,960.0
2022-09-25 17:00:00,1.355,0.388,-0.967,-87.211194,30.386914,8729840,NOAA_NOS,IAN,2022,1020.0
2022-09-25 18:00:00,1.325,0.371,-0.954,-87.211194,30.386914,8729840,NOAA_NOS,IAN,2022,1080.0
2022-09-25 19:00:00,1.276,0.294,-0.982,-87.211194,30.386914,8729840,NOAA_NOS,IAN,2022,1140.0
2022-09-25 20:00:00,1.217,0.193,-1.024,-87.211194,30.386914,8729840,NOAA_NOS,IAN,2022,1200.0
2022-09-25 21:00:00,1.095,0.078,-1.017,-87.211194,30.386914,8729840,NOAA_NOS,IAN,2022,1260.0
2022-09-25 22:00:00,0.987,-0.029,-1.016,-87.211194,30.386914,8729840,NOAA_NOS,IAN,2022,1320.0
2022-09-25 23:00:00,0.931,-0.105,-1.036,-87.211194,30.386914,8729840,NOAA_NOS,IAN,2022,1380.0
2022-09-26 00:00:00,0.935,-0.136,-1.0710000000000002,-87.211194,30.386914,8729840,NOAA_NOS,IAN,2022,1440.0
2022-09-26 01:00:00,0.954,-0.126,-1.08,-87.211194,30.386914,8729840,NOAA_NOS,IAN,2022,1500.0
2022-09-26 02:00:00,1.017,-0.08,-1.097,-87.211194,30.386914,8729840,NOAA_NOS,IAN,2022,1560.0
2022-09-26 03:00:00,1.095,-0.016,-1.111,-87.211194,30.386914,8729840,NOAA_NOS,IAN,2022,1620.0
2022-09-26 04:00:00,1.184,0.038,-1.146,-87.211194,30.386914,8729840,NOAA_NOS,IAN,2022,1680.0
2022-09-26 05:00:00,1.266,0.086,-1.18,-87.211194,30.386914,8729840,NOAA_NOS,IAN,2022,1740.0
2022-09-26 06:00:00,1.312,0.083,-1.229,-87.211194,30.386914,8729840,NOAA_NOS,IAN,2022,1800.0
2022-09-26 07:00:00,1.315,0.02,-1.295,-87.211194,30.386914,8729840,NOAA_NOS,IAN,2022,1860.0
2022-09-26 08:00:00,1.266,-0.064,-1.33,-87.211194,30.386914,8729840,NOAA_NOS,IAN,2022,1920.0
2022-09-26 09:00:00,1.21,-0.164,-1.374,-87.211194,30.386914,8729840,NOAA_NOS,IAN,2022,1980.0
2022-09-26 10:00:00,1.161,-0.244,-1.405,-87.211194,30.386914,8729840,NOAA_NOS,IAN,2022,2040.0
2022-09-26 11:00:00,1.125,-0.291,-1.416,-87.211194,30.386914,8729840,NOAA_NOS,IAN,2022,2100.0
2022-09-26 12:00:00,1.099,-0.279,-1.378,-87.211194,30.386914,8729840,NOAA_NOS,IAN,2022,2160.0
2022-09-26 13:00:00,1.154,-0.214,-1.368,-87.211194,30.386914,8729840,NOAA_NOS,IAN,2022,2220.0
2022-09-26 14:00:00,1.194,-0.121,-1.315,-87.211194,30.386914,8729840,NOAA_NOS,IAN,2022,2280.0
2022-09-26 15:00:00,1.269,-0.0,-1.269,-87.211194,30.386914,8729840,NOAA_NOS,IAN,2022,2340.0
2022-09-26 16:00:00,1.348,0.106,-1.242,-87.211194,30.386914,8729840,NOAA_NOS,IAN,2022,2400.0
2022-09-26 17:00:00,1.443,0.196,-1.247,-87.211194,30.386914,8729840,NOAA_NOS,IAN,2022,2460.0
2022-09-26 18:00:00,1.512,0.252,-1.26,-87.211194,30.386914,8729840,NOAA_NOS,IAN,2022,2520.0
2022-09-26 19:00:00,1.483,0.247,-1.2360000000000002,-87.211194,30.386914,8729840,NOAA_NOS,IAN,2022,2580.0
2022-09-26 20:00:00,1.424,0.197,-1.227,-87.211194,30.386914,8729840,NOAA_NOS,IAN,2022,2640.0
2022-09-26 21:00:00,1.368,0.131,-1.237,-87.211194,30.386914,8729840,NOAA_NOS,IAN,2022,2700.0
2022-09-26 22:00:00,1.282,0.061,-1.221,-87.211194,30.386914,8729840,NOAA_NOS,IAN,2022,2760.0
2022-09-26 23:00:00,1.22,0.011,-1.209,-87.211194,30.386914,8729840,NOAA_NOS,IAN,2022,2820.0
2022-09-27 00:00:00,1.197,0.005,-1.1920000000000002,-87.211194,30.386914,8729840,NOAA_NOS,IAN,2022,2880.0
2022-09-27 01:00:00,1.207,0.047,-1.16,-87.211194,30.386914,8729840,NOAA_NOS,IAN,2022,2940.0
2022-09-27 02:00:00,1.223,0.108,-1.115,-87.211194,30.386914,8729840,NOAA_NOS,IAN,2022,3000.0
2022-09-27 03:00:00,1.23,0.195,-1.035,-87.211194,30.386914,8729840,NOAA_NOS,IAN,2022,3060.0
2022-09-27 04:00:00,1.296,0.263,-1.033,-87.211194,30.386914,8729840,NOAA_NOS,IAN,2022,3120.0
2022-09-27 05:00:00,1.266,0.293,-0.973,-87.211194,30.386914,8729840,NOAA_NOS,IAN,2022,3180.0
2022-09-27 06:00:00,1.171,0.276,-0.895,-87.211194,30.386914,8729840,NOAA_NOS,IAN,2022,3240.0
2022-09-27 07:00:00,1.092,0.186,-0.906,-87.211194,30.386914,8729840,NOAA_NOS,IAN,2022,3300.0
2022-09-27 08:00:00,0.974,0.057,-0.917,-87.211194,30.386914,8729840,NOAA_NOS,IAN,2022,3360.0
2022-09-27 09:00:00,0.82,-0.093,-0.913,-87.211194,30.386914,8729840,NOAA_NOS,IAN,2022,3420.0
2022-09-27 10:00:00,0.695,-0.237,-0.932,-87.211194,30.386914,8729840,NOAA_NOS,IAN,2022,3480.0
2022-09-27 11:00:00,0.623,-0.353,-0.976,-87.211194,30.386914,8729840,NOAA_NOS,IAN,2022,3540.0
2022-09-27 12:00:00,0.557,-0.432,-0.989,-87.211194,30.386914,8729840,NOAA_NOS,IAN,2022,3600.0
2022-09-27 13:00:00,0.593,-0.453,-1.046,-87.211194,30.386914,8729840,NOAA_NOS,IAN,2022,3660.0
2022-09-27 14:00:00,0.659,-0.425,-1.084,-87.211194,30.386914,8729840,NOAA_NOS,IAN,2022,3720.0
2022-09-27 15:00:00,0.728,-0.351,-1.079,-87.211194,30.386914,8729840,NOAA_NOS,IAN,2022,3780.0
2022-09-27 16:00:00,0.78,-0.252,-1.032,-87.211194,30.386914,8729840,NOAA_NOS,IAN,2022,3840.0
2022-09-27 17:00:00,0.895,-0.143,-1.038,-87.211194,30.386914,8729840,NOAA_NOS,IAN,2022,3900.0
2022-09-27 18:00:00,0.981,-0.034,-1.015,-87.211194,30.386914,8729840,NOAA_NOS,IAN,2022,3960.0
2022-09-27 19:00:00,1.063,0.047,-1.016,-87.211194,30.386914,8729840,NOAA_NOS,IAN,2022,4020.0
2022-09-27 20:00:00,1.089,0.103,-0.986,-87.211194,30.386914,8729840,NOAA_NOS,IAN,2022,4080.0
2022-09-27 21:00:00,1.089,0.136,-0.953,-87.211194,30.386914,8729840,NOAA_NOS,IAN,2022,4140.0
2022-09-27 22:00:00,1.095,0.158,-0.937,-87.211194,30.386914,8729840,NOAA_NOS,IAN,2022,4200.0
2022-09-27 23:00:00,1.109,0.19,-0.919,-87.211194,30.386914,8729840,NOAA_NOS,IAN,2022,4260.0
2022-09-28 00:00:00,1.082,0.233,-0.8490000000000001,-87.211194,30.386914,8729840,NOAA_NOS,IAN,2022,4320.0
2022-09-28 01:00:00,1.118,0.306,-0.812,-87.211194,30.386914,8729840,NOAA_NOS,IAN,2022,4380.0
2022-09-28 02:00:00,1.171,0.387,-0.784,-87.211194,30.386914,8729840,NOAA_NOS,IAN,2022,4440.0
2022-09-28 03:00:00,1.23,0.47,-0.76,-87.211194,30.386914,8729840,NOAA_NOS,IAN,2022,4500.0
2022-09-28 04:00:00,1.315,0.535,-0.7799999999999999,-87.211194,30.386914,8729840,NOAA_NOS,IAN,2022,4560.0
2022-09-28 05:00:00,1.358,0.549,-0.809,-87.211194,30.386914,8729840,NOAA_NOS,IAN,2022,4620.0
2022-09-28 06:00:00,1.345,0.508,-0.837,-87.211194,30.386914,8729840,NOAA_NOS,IAN,2022,4680.0
2022-09-28 07:00:00,1.259,0.409,-0.8499999999999999,-87.211194,30.386914,8729840,NOAA_NOS,IAN,2022,4740.0
2022-09-28 08:00:00,1.151,0.247,-0.904,-87.211194,30.386914,8729840,NOAA_NOS,IAN,2022,4800.0
2022-09-28 09:00:00,0.974,0.06,-0.914,-87.211194,30.386914,8729840,NOAA_NOS,IAN,2022,4860.0
2022-09-28 10:00:00,0.81,-0.128,-0.938,-87.211194,30.386914,8729840,NOAA_NOS,IAN,2022,4920.0
2022-09-28 11:00:00,0.649,-0.306,-0.955,-87.211194,30.386914,8729840,NOAA_NOS,IAN,2022,4980.0
2022-09-28 12:00:00,0.479,-0.458,-0.937,-87.211194,30.386914,8729840,NOAA_NOS,IAN,2022,5040.0
2022-09-28 13:00:00,0.334,-0.568,-0.902,-87.211194,30.386914,8729840,NOAA_NOS,IAN,2022,5100.0
2022-09-28 14:00:00,0.272,-0.643,-0.915,-87.211194,30.386914,8729840,NOAA_NOS,IAN,2022,5160.0
2022-09-28 15:00:00,0.167,-0.671,-0.8380000000000001,-87.211194,30.386914,8729840,NOAA_NOS,IAN,2022,5220.0
2022-09-28 16:00:00,0.124,-0.647,-0.771,-87.211194,30.386914,8729840,NOAA_NOS,IAN,2022,5280.0
2022-09-28 17:00:00,0.124,-0.594,-0.718,-87.211194,30.386914,8729840,NOAA_NOS,IAN,2022,5340.0
2022-09-28 18:00:00,0.147,-0.51,-0.657,-87.211194,30.386914,8729840,NOAA_NOS,IAN,2022,5400.0
2022-09-28 19:00:00,0.226,-0.404,-0.63,-87.211194,30.386914,8729840,NOAA_NOS,IAN,2022,5460.0
2022-09-28 20:00:00,0.275,-0.318,-0.593,-87.211194,30.386914,8729840,NOAA_NOS,IAN,2022,5520.0
2022-09-28 21:00:00,0.331,-0.247,-0.5780000000000001,-87.211194,30.386914,8729840,NOAA_NOS,IAN,2022,5580.0
2022-09-28 22:00:00,0.285,-0.168,-0.4529999999999999,-87.211194,30.386914,8729840,NOAA_NOS,IAN,2022,5640.0
2022-09-28 23:00:00,0.292,-0.084,-0.376,-87.211194,30.386914,8729840,NOAA_NOS,IAN,2022,5700.0
2022-09-29 00:00:00,0.315,0.007,-0.308,-87.211194,30.386914,8729840,NOAA_NOS,IAN,2022,5760.0
2022-09-29 01:00:00,0.347,0.107,-0.24,-87.211194,30.386914,8729840,NOAA_NOS,IAN,2022,5820.0
2022-09-29 02:00:00,0.42,0.204,-0.216,-87.211194,30.386914,8729840,NOAA_NOS,IAN,2022,5880.0
2022-09-29 03:00:00,0.475,0.29,-0.185,-87.211194,30.386914,8729840,NOAA_NOS,IAN,2022,5940.0
2022-09-29 04:00:00,0.564,0.357,-0.2069999999999999,-87.211194,30.386914,8729840,NOAA_NOS,IAN,2022,6000.0
2022-09-29 05:00:00,0.551,0.389,-0.162,-87.211194,30.386914,8729840,NOAA_NOS,IAN,2022,6060.0
2022-09-29 06:00:00,0.492,0.355,-0.137,-87.211194,30.386914,8729840,NOAA_NOS,IAN,2022,6120.0
2022-09-29 07:00:00,0.413,0.26,-0.1529999999999999,-87.211194,30.386914,8729840,NOAA_NOS,IAN,2022,6180.0
2022-09-29 08:00:00,0.249,0.118,-0.131,-87.211194,30.386914,8729840,NOAA_NOS,IAN,2022,6240.0
2022-09-29 09:00:00,0.059,-0.086,-0.145,-87.211194,30.386914,8729840,NOAA_NOS,IAN,2022,6300.0
2022-09-29 10:00:00,-0.099,-0.314,-0.215,-87.211194,30.386914,8729840,NOAA_NOS,IAN,2022,6360.0
2022-09-29 11:00:00,-0.276,-0.535,-0.259,-87.211194,30.386914,8729840,NOAA_NOS,IAN,2022,6420.0
2022-09-29 12:00:00,-0.499,-0.741,-0.242,-87.211194,30.386914,8729840,NOAA_NOS,IAN,2022,6480.0
2022-09-29 13:00:00,-0.673,-0.919,-0.246,-87.211194,30.386914,8729840,NOAA_NOS,IAN,2022,6540.0
2022-09-29 14:00:00,-0.778,-1.068,-0.29,-87.211194,30.386914,8729840,NOAA_NOS,IAN,2022,6600.0
2022-09-29 15:00:00,-0.893,-1.188,-0.2949999999999999,-87.211194,30.386914,8729840,NOAA_NOS,IAN,2022,6660.0
2022-09-29 16:00:00,-0.985,-1.275,-0.2899999999999999,-87.211194,30.386914,8729840,NOAA_NOS,IAN,2022,6720.0
2022-09-29 17:00:00,-1.047,-1.312,-0.2650000000000001,-87.211194,30.386914,8729840,NOAA_NOS,IAN,2022,6780.0
2022-09-29 18:00:00,-0.981,-1.298,-0.317,-87.211194,30.386914,8729840,NOAA_NOS,IAN,2022,6840.0
2022-09-29 19:00:00,-0.903,-1.234,-0.3309999999999999,-87.211194,30.386914,8729840,NOAA_NOS,IAN,2022,6900.0
2022-09-29 20:00:00,-0.794,-1.132,-0.3379999999999998,-87.211194,30.386914,8729840,NOAA_NOS,IAN,2022,6960.0
2022-09-29 21:00:00,-0.68,-1.013,-0.3329999999999998,-87.211194,30.386914,8729840,NOAA_NOS,IAN,2022,7020.0
2022-09-29 22:00:00,-0.558,-0.878,-0.3199999999999999,-87.211194,30.386914,8729840,NOAA_NOS,IAN,2022,7080.0
2022-09-29 23:00:00,-0.41,-0.73,-0.32,-87.211194,30.386914,8729840,NOAA_NOS,IAN,2022,7140.0
2022-09-30 00:00:00,-0.309,-0.561,-0.252,-87.211194,30.386914,8729840,NOAA_NOS,IAN,2022,7200.0
2022-09-30 01:00:00,-0.168,-0.384,-0.216,-87.211194,30.386914,8729840,NOAA_NOS,IAN,2022,7260.0
2022-09-30 02:00:00,-0.03,-0.199,-0.169,-87.211194,30.386914,8729840,NOAA_NOS,IAN,2022,7320.0
2022-09-30 03:00:00,0.137,-0.018,-0.155,-87.211194,30.386914,8729840,NOAA_NOS,IAN,2022,7380.0
2022-09-30 04:00:00,0.338,0.145,-0.193,-87.211194,30.386914,8729840,NOAA_NOS,IAN,2022,7440.0
2022-09-30 05:00:00,0.482,0.282,-0.2,-87.211194,30.386914,8729840,NOAA_NOS,IAN,2022,7500.0
2022-09-30 06:00:00,0.593,0.376,-0.2169999999999999,-87.211194,30.386914,8729840,NOAA_NOS,IAN,2022,7560.0
2022-09-30 07:00:00,0.718,0.408,-0.31,-87.211194,30.386914,8729840,NOAA_NOS,IAN,2022,7620.0
2022-09-30 08:00:00,0.774,0.365,-0.409,-87.211194,30.386914,8729840,NOAA_NOS,IAN,2022,7680.0
2022-09-30 09:00:00,0.721,0.252,-0.469,-87.211194,30.386914,8729840,NOAA_NOS,IAN,2022,7740.0
2022-09-30 10:00:00,0.59,0.086,-0.504,-87.211194,30.386914,8729840,NOAA_NOS,IAN,2022,7800.0
2022-09-30 11:00:00,0.443,-0.117,-0.56,-87.211194,30.386914,8729840,NOAA_NOS,IAN,2022,7860.0
2022-09-30 12:00:00,0.292,-0.315,-0.607,-87.211194,30.386914,8729840,NOAA_NOS,IAN,2022,7920.0
2022-09-30 13:00:00,0.131,-0.503,-0.634,-87.211194,30.386914,8729840,NOAA_NOS,IAN,2022,7980.0
2022-09-30 14:00:00,-0.069,-0.666,-0.597,-87.211194,30.386914,8729840,NOAA_NOS,IAN,2022,8040.0
2022-09-30 15:00:00,-0.223,-0.799,-0.5760000000000001,-87.211194,30.386914,8729840,NOAA_NOS,IAN,2022,8100.0
2022-09-30 16:00:00,-0.381,-0.903,-0.522,-87.211194,30.386914,8729840,NOAA_NOS,IAN,2022,8160.0
2022-09-30 17:00:00,-0.483,-0.961,-0.478,-87.211194,30.386914,8729840,NOAA_NOS,IAN,2022,8220.0
2022-09-30 18:00:00,-0.476,-0.971,-0.495,-87.211194,30.386914,8729840,NOAA_NOS,IAN,2022,8280.0
2022-09-30 19:00:00,-0.424,-0.921,-0.497,-87.211194,30.386914,8729840,NOAA_NOS,IAN,2022,8340.0
2022-09-30 20:00:00,-0.312,-0.819,-0.5069999999999999,-87.211194,30.386914,8729840,NOAA_NOS,IAN,2022,8400.0
2022-09-30 21:00:00,-0.201,-0.676,-0.475,-87.211194,30.386914,8729840,NOAA_NOS,IAN,2022,8460.0
2022-09-30 22:00:00,-0.089,-0.503,-0.414,-87.211194,30.386914,8729840,NOAA_NOS,IAN,2022,8520.0
2022-09-30 23:00:00,0.049,-0.321,-0.37,-87.211194,30.386914,8729840,NOAA_NOS,IAN,2022,8580.0
2022-10-01 00:00:00,0.187,-0.124,-0.311,-87.211194,30.386914,8729840,NOAA_NOS,IAN,2022,8640.0
2022-10-01 01:00:00,0.324,0.086,-0.238,-87.211194,30.386914,8729840,NOAA_NOS,IAN,2022,8700.0
2022-10-01 02:00:00,0.472,0.296,-0.176,-87.211194,30.386914,8729840,NOAA_NOS,IAN,2022,8760.0
2022-10-01 03:00:00,0.633,0.516,-0.1169999999999999,-87.211194,30.386914,8729840,NOAA_NOS,IAN,2022,8820.0
2022-10-01 04:00:00,0.797,0.72,-0.077,-87.211194,30.386914,8729840,NOAA_NOS,IAN,2022,8880.0
2022-10-01 05:00:00,0.908,0.894,-0.014,-87.211194,30.386914,8729840,NOAA_NOS,IAN,2022,8940.0
2022-10-01 06:00:00,1.023,1.031,0.008,-87.211194,30.386914,8729840,NOAA_NOS,IAN,2022,9000.0
2022-10-01 07:00:00,1.092,1.095,0.0029999999999998,-87.211194,30.386914,8729840,NOAA_NOS,IAN,2022,9060.0
2022-10-01 08:00:00,1.122,1.084,-0.038,-87.211194,30.386914,8729840,NOAA_NOS,IAN,2022,9120.0
2022-10-01 09:00:00,1.056,0.999,-0.057,-87.211194,30.386914,8729840,NOAA_NOS,IAN,2022,9180.0
2022-10-01 10:00:00,0.928,0.844,-0.084,-87.211194,30.386914,8729840,NOAA_NOS,IAN,2022,9240.0
2022-10-01 11:00:00,0.787,0.63,-0.157,-87.211194,30.386914,8729840,NOAA_NOS,IAN,2022,9300.0
2022-10-01 12:00:00,0.603,0.389,-0.2139999999999999,-87.211194,30.386914,8729840,NOAA_NOS,IAN,2022,9360.0
2022-10-01 13:00:00,0.42,0.149,-0.271,-87.211194,30.386914,8729840,NOAA_NOS,IAN,2022,9420.0
2022-10-01 14:00:00,0.206,-0.075,-0.2809999999999999,-87.211194,30.386914,8729840,NOAA_NOS,IAN,2022,9480.0
2022-10-01 15:00:00,-0.004,-0.295,-0.291,-87.211194,30.386914,8729840,NOAA_NOS,IAN,2022,9540.0
2022-10-01 16:00:00,-0.178,-0.501,-0.323,-87.211194,30.386914,8729840,NOAA_NOS,IAN,2022,9600.0
2022-10-01 17:00:00,-0.309,-0.685,-0.376,-87.211194,30.386914,8729840,NOAA_NOS,IAN,2022,9660.0
2022-10-01 18:00:00,-0.424,-0.831,-0.407,-87.211194,30.386914,8729840,NOAA_NOS,IAN,2022,9720.0
2022-10-01 19:00:00,-0.453,-0.929,-0.476,-87.211194,30.386914,8729840,NOAA_NOS,IAN,2022,9780.0
2022-10-01 20:00:00,-0.47,-0.982,-0.512,-87.211194,30.386914,8729840,NOAA_NOS,IAN,2022,9840.0
2022-10-01 21:00:00,-0.424,-0.95,-0.526,-87.211194,30.386914,8729840,NOAA_NOS,IAN,2022,9900.0
2022-10-01 22:00:00,-0.292,-0.84,-0.548,-87.211194,30.386914,8729840,NOAA_NOS,IAN,2022,9960.0
2022-10-01 23:00:00,-0.141,-0.698,-0.5569999999999999,-87.211194,30.386914,8729840,NOAA_NOS,IAN,2022,10020.0
2022-09-25 01:00:00,0.787,-0.25,-1.037,-88.0732,30.25,8735180,NOAA_NOS,IAN,2022,60.0
2022-09-25 02:00:00,0.83,-0.218,-1.048,-88.0732,30.25,8735180,NOAA_NOS,IAN,2022,120.0
2022-09-25 03:00:00,0.942,-0.171,-1.113,-88.0732,30.25,8735180,NOAA_NOS,IAN,2022,180.0
2022-09-25 04:00:00,1.01,-0.129,-1.139,-88.0732,30.25,8735180,NOAA_NOS,IAN,2022,240.0
2022-09-25 05:00:00,1.093,-0.094,-1.187,-88.0732,30.25,8735180,NOAA_NOS,IAN,2022,300.0
2022-09-25 06:00:00,1.158,-0.087,-1.245,-88.0732,30.25,8735180,NOAA_NOS,IAN,2022,360.0
2022-09-25 07:00:00,1.175,-0.095,-1.27,-88.0732,30.25,8735180,NOAA_NOS,IAN,2022,420.0
2022-09-25 08:00:00,1.138,-0.106,-1.244,-88.0732,30.25,8735180,NOAA_NOS,IAN,2022,480.0
2022-09-25 09:00:00,1.112,-0.122,-1.234,-88.0732,30.25,8735180,NOAA_NOS,IAN,2022,540.0
2022-09-25 10:00:00,1.073,-0.108,-1.181,-88.0732,30.25,8735180,NOAA_NOS,IAN,2022,600.0
2022-09-25 11:00:00,1.083,-0.058,-1.141,-88.0732,30.25,8735180,NOAA_NOS,IAN,2022,660.0
2022-09-25 12:00:00,1.145,0.014,-1.131,-88.0732,30.25,8735180,NOAA_NOS,IAN,2022,720.0
2022-09-25 13:00:00,1.165,0.096,-1.069,-88.0732,30.25,8735180,NOAA_NOS,IAN,2022,780.0
2022-09-25 14:00:00,1.188,0.183,-1.005,-88.0732,30.25,8735180,NOAA_NOS,IAN,2022,840.0
2022-09-25 15:00:00,1.263,0.256,-1.007,-88.0732,30.25,8735180,NOAA_NOS,IAN,2022,900.0
2022-09-25 16:00:00,1.263,0.31,-0.9529999999999998,-88.0732,30.25,8735180,NOAA_NOS,IAN,2022,960.0
2022-09-25 17:00:00,1.286,0.33,-0.956,-88.0732,30.25,8735180,NOAA_NOS,IAN,2022,1020.0
2022-09-25 18:00:00,1.293,0.293,-1.0,-88.0732,30.25,8735180,NOAA_NOS,IAN,2022,1080.0
2022-09-25 19:00:00,1.191,0.225,-0.966,-88.0732,30.25,8735180,NOAA_NOS,IAN,2022,1140.0
2022-09-25 20:00:00,1.109,0.126,-0.983,-88.0732,30.25,8735180,NOAA_NOS,IAN,2022,1200.0
2022-09-25 21:00:00,0.994,0.032,-0.962,-88.0732,30.25,8735180,NOAA_NOS,IAN,2022,1260.0
2022-09-25 22:00:00,0.951,-0.035,-0.986,-88.0732,30.25,8735180,NOAA_NOS,IAN,2022,1320.0
2022-09-25 23:00:00,0.886,-0.073,-0.959,-88.0732,30.25,8735180,NOAA_NOS,IAN,2022,1380.0
2022-09-26 00:00:00,0.925,-0.078,-1.003,-88.0732,30.25,8735180,NOAA_NOS,IAN,2022,1440.0
2022-09-26 01:00:00,0.981,-0.067,-1.048,-88.0732,30.25,8735180,NOAA_NOS,IAN,2022,1500.0
2022-09-26 02:00:00,1.03,-0.041,-1.071,-88.0732,30.25,8735180,NOAA_NOS,IAN,2022,1560.0
2022-09-26 03:00:00,1.109,-0.005,-1.114,-88.0732,30.25,8735180,NOAA_NOS,IAN,2022,1620.0
2022-09-26 04:00:00,1.204,0.024,-1.18,-88.0732,30.25,8735180,NOAA_NOS,IAN,2022,1680.0
2022-09-26 05:00:00,1.253,0.039,-1.214,-88.0732,30.25,8735180,NOAA_NOS,IAN,2022,1740.0
2022-09-26 06:00:00,1.27,0.022,-1.248,-88.0732,30.25,8735180,NOAA_NOS,IAN,2022,1800.0
2022-09-26 07:00:00,1.299,-0.026,-1.325,-88.0732,30.25,8735180,NOAA_NOS,IAN,2022,1860.0
2022-09-26 08:00:00,1.283,-0.106,-1.389,-88.0732,30.25,8735180,NOAA_NOS,IAN,2022,1920.0
2022-09-26 09:00:00,1.207,-0.177,-1.384,-88.0732,30.25,8735180,NOAA_NOS,IAN,2022,1980.0
2022-09-26 10:00:00,1.178,-0.23,-1.408,-88.0732,30.25,8735180,NOAA_NOS,IAN,2022,2040.0
2022-09-26 11:00:00,1.152,-0.229,-1.381,-88.0732,30.25,8735180,NOAA_NOS,IAN,2022,2100.0
2022-09-26 12:00:00,1.224,-0.186,-1.41,-88.0732,30.25,8735180,NOAA_NOS,IAN,2022,2160.0
2022-09-26 13:00:00,1.148,-0.133,-1.281,-88.0732,30.25,8735180,NOAA_NOS,IAN,2022,2220.0
2022-09-26 14:00:00,1.214,-0.05,-1.264,-88.0732,30.25,8735180,NOAA_NOS,IAN,2022,2280.0
2022-09-26 15:00:00,1.188,0.038,-1.15,-88.0732,30.25,8735180,NOAA_NOS,IAN,2022,2340.0
2022-09-26 16:00:00,1.306,0.116,-1.19,-88.0732,30.25,8735180,NOAA_NOS,IAN,2022,2400.0
2022-09-26 17:00:00,1.404,0.169,-1.235,-88.0732,30.25,8735180,NOAA_NOS,IAN,2022,2460.0
2022-09-26 18:00:00,1.434,0.203,-1.231,-88.0732,30.25,8735180,NOAA_NOS,IAN,2022,2520.0
2022-09-26 19:00:00,1.493,0.184,-1.3090000000000002,-88.0732,30.25,8735180,NOAA_NOS,IAN,2022,2580.0
2022-09-26 20:00:00,1.394,0.15,-1.244,-88.0732,30.25,8735180,NOAA_NOS,IAN,2022,2640.0
2022-09-26 21:00:00,1.319,0.095,-1.224,-88.0732,30.25,8735180,NOAA_NOS,IAN,2022,2700.0
2022-09-26 22:00:00,1.237,0.053,-1.1840000000000002,-88.0732,30.25,8735180,NOAA_NOS,IAN,2022,2760.0
2022-09-26 23:00:00,1.24,0.045,-1.195,-88.0732,30.25,8735180,NOAA_NOS,IAN,2022,2820.0
2022-09-27 00:00:00,1.247,0.072,-1.175,-88.0732,30.25,8735180,NOAA_NOS,IAN,2022,2880.0
2022-09-27 01:00:00,1.27,0.109,-1.161,-88.0732,30.25,8735180,NOAA_NOS,IAN,2022,2940.0
2022-09-27 02:00:00,1.27,0.155,-1.115,-88.0732,30.25,8735180,NOAA_NOS,IAN,2022,3000.0
2022-09-27 03:00:00,1.119,0.202,-0.917,-88.0732,30.25,8735180,NOAA_NOS,IAN,2022,3060.0
2022-09-27 04:00:00,1.224,0.233,-0.991,-88.0732,30.25,8735180,NOAA_NOS,IAN,2022,3120.0
2022-09-27 05:00:00,1.099,0.226,-0.873,-88.0732,30.25,8735180,NOAA_NOS,IAN,2022,3180.0
2022-09-27 06:00:00,0.955,0.19,-0.7649999999999999,-88.0732,30.25,8735180,NOAA_NOS,IAN,2022,3240.0
2022-09-27 07:00:00,0.866,0.111,-0.755,-88.0732,30.25,8735180,NOAA_NOS,IAN,2022,3300.0
2022-09-27 08:00:00,0.725,-0.02,-0.745,-88.0732,30.25,8735180,NOAA_NOS,IAN,2022,3360.0
2022-09-27 09:00:00,0.679,-0.157,-0.8360000000000001,-88.0732,30.25,8735180,NOAA_NOS,IAN,2022,3420.0
2022-09-27 10:00:00,0.574,-0.271,-0.845,-88.0732,30.25,8735180,NOAA_NOS,IAN,2022,3480.0
2022-09-27 11:00:00,0.535,-0.351,-0.886,-88.0732,30.25,8735180,NOAA_NOS,IAN,2022,3540.0
2022-09-27 12:00:00,0.495,-0.383,-0.878,-88.0732,30.25,8735180,NOAA_NOS,IAN,2022,3600.0
2022-09-27 13:00:00,0.548,-0.37,-0.918,-88.0732,30.25,8735180,NOAA_NOS,IAN,2022,3660.0
2022-09-27 14:00:00,0.617,-0.341,-0.958,-88.0732,30.25,8735180,NOAA_NOS,IAN,2022,3720.0
2022-09-27 15:00:00,0.682,-0.28,-0.962,-88.0732,30.25,8735180,NOAA_NOS,IAN,2022,3780.0
2022-09-27 16:00:00,0.732,-0.198,-0.93,-88.0732,30.25,8735180,NOAA_NOS,IAN,2022,3840.0
2022-09-27 17:00:00,0.869,-0.115,-0.984,-88.0732,30.25,8735180,NOAA_NOS,IAN,2022,3900.0
2022-09-27 18:00:00,0.994,-0.031,-1.025,-88.0732,30.25,8735180,NOAA_NOS,IAN,2022,3960.0
2022-09-27 19:00:00,1.119,0.037,-1.082,-88.0732,30.25,8735180,NOAA_NOS,IAN,2022,4020.0
2022-09-27 20:00:00,1.115,0.078,-1.037,-88.0732,30.25,8735180,NOAA_NOS,IAN,2022,4080.0
2022-09-27 21:00:00,1.014,0.112,-0.902,-88.0732,30.25,8735180,NOAA_NOS,IAN,2022,4140.0
2022-09-27 22:00:00,1.001,0.151,-0.8499999999999999,-88.0732,30.25,8735180,NOAA_NOS,IAN,2022,4200.0
2022-09-27 23:00:00,0.942,0.194,-0.748,-88.0732,30.25,8735180,NOAA_NOS,IAN,2022,4260.0
2022-09-28 00:00:00,0.978,0.272,-0.706,-88.0732,30.25,8735180,NOAA_NOS,IAN,2022,4320.0
2022-09-28 01:00:00,1.05,0.355,-0.6950000000000001,-88.0732,30.25,8735180,NOAA_NOS,IAN,2022,4380.0
2022-09-28 02:00:00,1.06,0.436,-0.6240000000000001,-88.0732,30.25,8735180,NOAA_NOS,IAN,2022,4440.0
2022-09-28 03:00:00,1.07,0.48,-0.5900000000000001,-88.0732,30.25,8735180,NOAA_NOS,IAN,2022,4500.0
2022-09-28 04:00:00,1.28,0.503,-0.777,-88.0732,30.25,8735180,NOAA_NOS,IAN,2022,4560.0
2022-09-28 05:00:00,1.227,0.478,-0.7490000000000001,-88.0732,30.25,8735180,NOAA_NOS,IAN,2022,4620.0
2022-09-28 06:00:00,1.096,0.427,-0.669,-88.0732,30.25,8735180,NOAA_NOS,IAN,2022,4680.0
2022-09-28 07:00:00,1.07,0.318,-0.752,-88.0732,30.25,8735180,NOAA_NOS,IAN,2022,4740.0
2022-09-28 08:00:00,1.056,0.152,-0.904,-88.0732,30.25,8735180,NOAA_NOS,IAN,2022,4800.0
2022-09-28 09:00:00,0.948,-0.037,-0.985,-88.0732,30.25,8735180,NOAA_NOS,IAN,2022,4860.0
2022-09-28 10:00:00,0.774,-0.208,-0.982,-88.0732,30.25,8735180,NOAA_NOS,IAN,2022,4920.0
2022-09-28 11:00:00,0.594,-0.356,-0.95,-88.0732,30.25,8735180,NOAA_NOS,IAN,2022,4980.0
2022-09-28 12:00:00,0.574,-0.465,-1.039,-88.0732,30.25,8735180,NOAA_NOS,IAN,2022,5040.0
2022-09-28 13:00:00,0.453,-0.527,-0.98,-88.0732,30.25,8735180,NOAA_NOS,IAN,2022,5100.0
2022-09-28 14:00:00,0.344,-0.552,-0.896,-88.0732,30.25,8735180,NOAA_NOS,IAN,2022,5160.0
2022-09-28 15:00:00,0.338,-0.553,-0.891,-88.0732,30.25,8735180,NOAA_NOS,IAN,2022,5220.0
2022-09-28 16:00:00,0.292,-0.532,-0.8240000000000001,-88.0732,30.25,8735180,NOAA_NOS,IAN,2022,5280.0
2022-09-28 17:00:00,0.404,-0.489,-0.893,-88.0732,30.25,8735180,NOAA_NOS,IAN,2022,5340.0
2022-09-28 18:00:00,0.522,-0.417,-0.939,-88.0732,30.25,8735180,NOAA_NOS,IAN,2022,5400.0
2022-09-28 19:00:00,0.584,-0.324,-0.908,-88.0732,30.25,8735180,NOAA_NOS,IAN,2022,5460.0
2022-09-28 20:00:00,0.479,-0.251,-0.73,-88.0732,30.25,8735180,NOAA_NOS,IAN,2022,5520.0
2022-09-28 21:00:00,0.463,-0.188,-0.651,-88.0732,30.25,8735180,NOAA_NOS,IAN,2022,5580.0
2022-09-28 22:00:00,0.463,-0.097,-0.56,-88.0732,30.25,8735180,NOAA_NOS,IAN,2022,5640.0
2022-09-28 23:00:00,0.453,0.013,-0.44,-88.0732,30.25,8735180,NOAA_NOS,IAN,2022,5700.0
2022-09-29 00:00:00,0.568,0.119,-0.4489999999999999,-88.0732,30.25,8735180,NOAA_NOS,IAN,2022,5760.0
2022-09-29 01:00:00,0.577,0.257,-0.3199999999999999,-88.0732,30.25,8735180,NOAA_NOS,IAN,2022,5820.0
2022-09-29 02:00:00,0.65,0.359,-0.291,-88.0732,30.25,8735180,NOAA_NOS,IAN,2022,5880.0
2022-09-29 03:00:00,0.646,0.418,-0.228,-88.0732,30.25,8735180,NOAA_NOS,IAN,2022,5940.0
2022-09-29 04:00:00,0.564,0.455,-0.1089999999999999,-88.0732,30.25,8735180,NOAA_NOS,IAN,2022,6000.0
2022-09-29 05:00:00,0.581,0.453,-0.1279999999999999,-88.0732,30.25,8735180,NOAA_NOS,IAN,2022,6060.0
2022-09-29 06:00:00,0.44,0.403,-0.0369999999999999,-88.0732,30.25,8735180,NOAA_NOS,IAN,2022,6120.0
2022-09-29 07:00:00,0.246,0.297,0.0509999999999999,-88.0732,30.25,8735180,NOAA_NOS,IAN,2022,6180.0
2022-09-29 08:00:00,0.289,0.128,-0.1609999999999999,-88.0732,30.25,8735180,NOAA_NOS,IAN,2022,6240.0
2022-09-29 09:00:00,0.046,-0.092,-0.138,-88.0732,30.25,8735180,NOAA_NOS,IAN,2022,6300.0
2022-09-29 10:00:00,-0.089,-0.329,-0.24,-88.0732,30.25,8735180,NOAA_NOS,IAN,2022,6360.0
2022-09-29 11:00:00,-0.315,-0.54,-0.225,-88.0732,30.25,8735180,NOAA_NOS,IAN,2022,6420.0
2022-09-29 12:00:00,-0.42,-0.708,-0.288,-88.0732,30.25,8735180,NOAA_NOS,IAN,2022,6480.0
2022-09-29 13:00:00,-0.538,-0.848,-0.3099999999999999,-88.0732,30.25,8735180,NOAA_NOS,IAN,2022,6540.0
2022-09-29 14:00:00,-0.627,-0.96,-0.3329999999999999,-88.0732,30.25,8735180,NOAA_NOS,IAN,2022,6600.0
2022-09-29 15:00:00,-0.741,-1.05,-0.309,-88.0732,30.25,8735180,NOAA_NOS,IAN,2022,6660.0
2022-09-29 16:00:00,-0.856,-1.123,-0.267,-88.0732,30.25,8735180,NOAA_NOS,IAN,2022,6720.0
2022-09-29 17:00:00,-0.902,-1.142,-0.2399999999999998,-88.0732,30.25,8735180,NOAA_NOS,IAN,2022,6780.0
2022-09-29 18:00:00,-0.791,-1.116,-0.325,-88.0732,30.25,8735180,NOAA_NOS,IAN,2022,6840.0
2022-09-29 19:00:00,-0.705,-1.081,-0.376,-88.0732,30.25,8735180,NOAA_NOS,IAN,2022,6900.0
2022-09-29 20:00:00,-0.581,-0.993,-0.412,-88.0732,30.25,8735180,NOAA_NOS,IAN,2022,6960.0
2022-09-29 21:00:00,-0.561,-0.888,-0.3269999999999999,-88.0732,30.25,8735180,NOAA_NOS,IAN,2022,7020.0
2022-09-29 22:00:00,-0.453,-0.779,-0.326,-88.0732,30.25,8735180,NOAA_NOS,IAN,2022,7080.0
2022-09-29 23:00:00,-0.43,-0.637,-0.207,-88.0732,30.25,8735180,NOAA_NOS,IAN,2022,7140.0
2022-09-30 00:00:00,-0.272,-0.469,-0.1969999999999999,-88.0732,30.25,8735180,NOAA_NOS,IAN,2022,7200.0
2022-09-30 01:00:00,-0.125,-0.292,-0.1669999999999999,-88.0732,30.25,8735180,NOAA_NOS,IAN,2022,7260.0
2022-09-30 02:00:00,-0.026,-0.105,-0.079,-88.0732,30.25,8735180,NOAA_NOS,IAN,2022,7320.0
2022-09-30 03:00:00,0.154,0.067,-0.087,-88.0732,30.25,8735180,NOAA_NOS,IAN,2022,7380.0
2022-09-30 04:00:00,0.308,0.196,-0.1119999999999999,-88.0732,30.25,8735180,NOAA_NOS,IAN,2022,7440.0
2022-09-30 05:00:00,0.413,0.284,-0.129,-88.0732,30.25,8735180,NOAA_NOS,IAN,2022,7500.0
2022-09-30 06:00:00,0.597,0.324,-0.2729999999999999,-88.0732,30.25,8735180,NOAA_NOS,IAN,2022,7560.0
2022-09-30 07:00:00,0.712,0.296,-0.416,-88.0732,30.25,8735180,NOAA_NOS,IAN,2022,7620.0
2022-09-30 08:00:00,0.751,0.233,-0.518,-88.0732,30.25,8735180,NOAA_NOS,IAN,2022,7680.0
2022-09-30 09:00:00,0.689,0.11,-0.579,-88.0732,30.25,8735180,NOAA_NOS,IAN,2022,7740.0
2022-09-30 10:00:00,0.489,-0.072,-0.5609999999999999,-88.0732,30.25,8735180,NOAA_NOS,IAN,2022,7800.0
2022-09-30 11:00:00,0.312,-0.269,-0.581,-88.0732,30.25,8735180,NOAA_NOS,IAN,2022,7860.0
2022-09-30 12:00:00,0.223,-0.455,-0.678,-88.0732,30.25,8735180,NOAA_NOS,IAN,2022,7920.0
2022-09-30 13:00:00,0.079,-0.619,-0.698,-88.0732,30.25,8735180,NOAA_NOS,IAN,2022,7980.0
2022-09-30 14:00:00,-0.089,-0.748,-0.659,-88.0732,30.25,8735180,NOAA_NOS,IAN,2022,8040.0
2022-09-30 15:00:00,-0.246,-0.845,-0.599,-88.0732,30.25,8735180,NOAA_NOS,IAN,2022,8100.0
2022-09-30 16:00:00,-0.358,-0.922,-0.5640000000000001,-88.0732,30.25,8735180,NOAA_NOS,IAN,2022,8160.0
2022-09-30 17:00:00,-0.456,-0.961,-0.5049999999999999,-88.0732,30.25,8735180,NOAA_NOS,IAN,2022,8220.0
2022-09-30 18:00:00,-0.443,-0.949,-0.506,-88.0732,30.25,8735180,NOAA_NOS,IAN,2022,8280.0
2022-09-30 19:00:00,-0.344,-0.901,-0.557,-88.0732,30.25,8735180,NOAA_NOS,IAN,2022,8340.0
2022-09-30 20:00:00,-0.289,-0.805,-0.516,-88.0732,30.25,8735180,NOAA_NOS,IAN,2022,8400.0
2022-09-30 21:00:00,-0.194,-0.654,-0.46,-88.0732,30.25,8735180,NOAA_NOS,IAN,2022,8460.0
2022-09-30 22:00:00,-0.131,-0.485,-0.354,-88.0732,30.25,8735180,NOAA_NOS,IAN,2022,8520.0
2022-09-30 23:00:00,0.066,-0.299,-0.365,-88.0732,30.25,8735180,NOAA_NOS,IAN,2022,8580.0
2022-10-01 00:00:00,0.256,-0.095,-0.351,-88.0732,30.25,8735180,NOAA_NOS,IAN,2022,8640.0
2022-10-01 01:00:00,0.4,0.12,-0.28,-88.0732,30.25,8735180,NOAA_NOS,IAN,2022,8700.0
2022-10-01 02:00:00,0.528,0.341,-0.187,-88.0732,30.25,8735180,NOAA_NOS,IAN,2022,8760.0
2022-10-01 03:00:00,0.692,0.568,-0.124,-88.0732,30.25,8735180,NOAA_NOS,IAN,2022,8820.0
2022-10-01 04:00:00,0.866,0.767,-0.0989999999999999,-88.0732,30.25,8735180,NOAA_NOS,IAN,2022,8880.0
2022-10-01 05:00:00,1.024,0.903,-0.121,-88.0732,30.25,8735180,NOAA_NOS,IAN,2022,8940.0
2022-10-01 06:00:00,1.106,0.981,-0.1250000000000001,-88.0732,30.25,8735180,NOAA_NOS,IAN,2022,9000.0
2022-10-01 07:00:00,1.122,0.984,-0.1380000000000001,-88.0732,30.25,8735180,NOAA_NOS,IAN,2022,9060.0
2022-10-01 08:00:00,1.115,0.927,-0.1879999999999999,-88.0732,30.25,8735180,NOAA_NOS,IAN,2022,9120.0
2022-10-01 09:00:00,0.991,0.854,-0.137,-88.0732,30.25,8735180,NOAA_NOS,IAN,2022,9180.0
2022-10-01 10:00:00,0.807,0.694,-0.1130000000000001,-88.0732,30.25,8735180,NOAA_NOS,IAN,2022,9240.0
2022-10-01 11:00:00,0.663,0.478,-0.185,-88.0732,30.25,8735180,NOAA_NOS,IAN,2022,9300.0
2022-10-01 12:00:00,0.472,0.244,-0.2279999999999999,-88.0732,30.25,8735180,NOAA_NOS,IAN,2022,9360.0
2022-10-01 13:00:00,0.24,0.01,-0.2299999999999999,-88.0732,30.25,8735180,NOAA_NOS,IAN,2022,9420.0
2022-10-01 14:00:00,0.072,-0.204,-0.2759999999999999,-88.0732,30.25,8735180,NOAA_NOS,IAN,2022,9480.0
2022-10-01 15:00:00,-0.128,-0.394,-0.266,-88.0732,30.25,8735180,NOAA_NOS,IAN,2022,9540.0
2022-10-01 16:00:00,-0.289,-0.563,-0.2739999999999999,-88.0732,30.25,8735180,NOAA_NOS,IAN,2022,9600.0
2022-10-01 17:00:00,-0.417,-0.703,-0.286,-88.0732,30.25,8735180,NOAA_NOS,IAN,2022,9660.0
2022-10-01 18:00:00,-0.436,-0.806,-0.37,-88.0732,30.25,8735180,NOAA_NOS,IAN,2022,9720.0
2022-10-01 19:00:00,-0.466,-0.858,-0.3919999999999999,-88.0732,30.25,8735180,NOAA_NOS,IAN,2022,9780.0
2022-10-01 20:00:00,-0.456,-0.847,-0.3909999999999999,-88.0732,30.25,8735180,NOAA_NOS,IAN,2022,9840.0
2022-10-01 21:00:00,-0.39,-0.78,-0.39,-88.0732,30.25,8735180,NOAA_NOS,IAN,2022,9900.0
2022-10-01 22:00:00,-0.253,-0.67,-0.417,-88.0732,30.25,8735180,NOAA_NOS,IAN,2022,9960.0
2022-10-01 23:00:00,-0.082,-0.509,-0.427,-88.0732,30.25,8735180,NOAA_NOS,IAN,2022,10020.0
2022-09-25 01:00:00,0.617,-0.411,-1.028,-88.088,30.565167,8735391,NOAA_NOS,IAN,2022,60.0
2022-09-25 02:00:00,0.594,-0.395,-0.989,-88.088,30.565167,8735391,NOAA_NOS,IAN,2022,120.0
2022-09-25 03:00:00,0.778,-0.309,-1.087,-88.088,30.565167,8735391,NOAA_NOS,IAN,2022,180.0
2022-09-25 04:00:00,0.965,-0.196,-1.161,-88.088,30.565167,8735391,NOAA_NOS,IAN,2022,240.0
2022-09-25 05:00:00,1.204,-0.088,-1.292,-88.088,30.565167,8735391,NOAA_NOS,IAN,2022,300.0
2022-09-25 06:00:00,1.339,-0.007,-1.346,-88.088,30.565167,8735391,NOAA_NOS,IAN,2022,360.0
2022-09-25 07:00:00,1.404,0.035,-1.369,-88.088,30.565167,8735391,NOAA_NOS,IAN,2022,420.0
2022-09-25 08:00:00,1.417,0.022,-1.395,-88.088,30.565167,8735391,NOAA_NOS,IAN,2022,480.0
2022-09-25 09:00:00,1.26,-0.048,-1.308,-88.088,30.565167,8735391,NOAA_NOS,IAN,2022,540.0
2022-09-25 10:00:00,1.194,-0.138,-1.332,-88.088,30.565167,8735391,NOAA_NOS,IAN,2022,600.0
2022-09-25 11:00:00,1.007,-0.211,-1.218,-88.088,30.565167,8735391,NOAA_NOS,IAN,2022,660.0
2022-09-25 12:00:00,0.997,-0.215,-1.212,-88.088,30.565167,8735391,NOAA_NOS,IAN,2022,720.0
2022-09-25 13:00:00,0.974,-0.133,-1.107,-88.088,30.565167,8735391,NOAA_NOS,IAN,2022,780.0
2022-09-25 14:00:00,0.945,0.016,-0.929,-88.088,30.565167,8735391,NOAA_NOS,IAN,2022,840.0
2022-09-25 15:00:00,1.119,0.169,-0.95,-88.088,30.565167,8735391,NOAA_NOS,IAN,2022,900.0
2022-09-25 16:00:00,1.24,0.307,-0.933,-88.088,30.565167,8735391,NOAA_NOS,IAN,2022,960.0
2022-09-25 17:00:00,1.332,0.41,-0.9220000000000002,-88.088,30.565167,8735391,NOAA_NOS,IAN,2022,1020.0
2022-09-25 18:00:00,1.345,0.469,-0.876,-88.088,30.565167,8735391,NOAA_NOS,IAN,2022,1080.0
2022-09-25 19:00:00,1.339,0.462,-0.877,-88.088,30.565167,8735391,NOAA_NOS,IAN,2022,1140.0
2022-09-25 20:00:00,1.207,0.364,-0.8430000000000001,-88.088,30.565167,8735391,NOAA_NOS,IAN,2022,1200.0
2022-09-25 21:00:00,1.066,0.213,-0.8530000000000001,-88.088,30.565167,8735391,NOAA_NOS,IAN,2022,1260.0
2022-09-25 22:00:00,0.932,0.052,-0.88,-88.088,30.565167,8735391,NOAA_NOS,IAN,2022,1320.0
2022-09-25 23:00:00,0.853,-0.088,-0.941,-88.088,30.565167,8735391,NOAA_NOS,IAN,2022,1380.0
2022-09-26 00:00:00,0.735,-0.185,-0.92,-88.088,30.565167,8735391,NOAA_NOS,IAN,2022,1440.0
2022-09-26 01:00:00,0.696,-0.232,-0.928,-88.088,30.565167,8735391,NOAA_NOS,IAN,2022,1500.0
2022-09-26 02:00:00,0.778,-0.205,-0.983,-88.088,30.565167,8735391,NOAA_NOS,IAN,2022,1560.0
2022-09-26 03:00:00,0.991,-0.114,-1.105,-88.088,30.565167,8735391,NOAA_NOS,IAN,2022,1620.0
2022-09-26 04:00:00,1.224,-0.001,-1.225,-88.088,30.565167,8735391,NOAA_NOS,IAN,2022,1680.0
2022-09-26 05:00:00,1.434,0.095,-1.339,-88.088,30.565167,8735391,NOAA_NOS,IAN,2022,1740.0
2022-09-26 06:00:00,1.496,0.147,-1.349,-88.088,30.565167,8735391,NOAA_NOS,IAN,2022,1800.0
2022-09-26 07:00:00,1.493,0.155,-1.338,-88.088,30.565167,8735391,NOAA_NOS,IAN,2022,1860.0
2022-09-26 08:00:00,1.539,0.092,-1.4469999999999998,-88.088,30.565167,8735391,NOAA_NOS,IAN,2022,1920.0
2022-09-26 09:00:00,1.46,-0.022,-1.482,-88.088,30.565167,8735391,NOAA_NOS,IAN,2022,1980.0
2022-09-26 10:00:00,1.289,-0.161,-1.45,-88.088,30.565167,8735391,NOAA_NOS,IAN,2022,2040.0
2022-09-26 11:00:00,1.056,-0.287,-1.343,-88.088,30.565167,8735391,NOAA_NOS,IAN,2022,2100.0
2022-09-26 12:00:00,0.968,-0.369,-1.337,-88.088,30.565167,8735391,NOAA_NOS,IAN,2022,2160.0
2022-09-26 13:00:00,0.869,-0.379,-1.248,-88.088,30.565167,8735391,NOAA_NOS,IAN,2022,2220.0
2022-09-26 14:00:00,0.922,-0.289,-1.211,-88.088,30.565167,8735391,NOAA_NOS,IAN,2022,2280.0
2022-09-26 15:00:00,1.001,-0.14,-1.141,-88.088,30.565167,8735391,NOAA_NOS,IAN,2022,2340.0
2022-09-26 16:00:00,1.043,0.02,-1.023,-88.088,30.565167,8735391,NOAA_NOS,IAN,2022,2400.0
2022-09-26 17:00:00,1.125,0.159,-0.966,-88.088,30.565167,8735391,NOAA_NOS,IAN,2022,2460.0
2022-09-26 18:00:00,1.296,0.263,-1.033,-88.088,30.565167,8735391,NOAA_NOS,IAN,2022,2520.0
2022-09-26 19:00:00,1.398,0.33,-1.0679999999999998,-88.088,30.565167,8735391,NOAA_NOS,IAN,2022,2580.0
2022-09-26 20:00:00,1.542,0.337,-1.205,-88.088,30.565167,8735391,NOAA_NOS,IAN,2022,2640.0
2022-09-26 21:00:00,1.572,0.265,-1.307,-88.088,30.565167,8735391,NOAA_NOS,IAN,2022,2700.0
2022-09-26 22:00:00,1.437,0.142,-1.2950000000000002,-88.088,30.565167,8735391,NOAA_NOS,IAN,2022,2760.0
2022-09-26 23:00:00,1.132,0.017,-1.115,-88.088,30.565167,8735391,NOAA_NOS,IAN,2022,2820.0
2022-09-27 00:00:00,0.912,-0.075,-0.987,-88.088,30.565167,8735391,NOAA_NOS,IAN,2022,2880.0
2022-09-27 01:00:00,0.699,-0.098,-0.7969999999999999,-88.088,30.565167,8735391,NOAA_NOS,IAN,2022,2940.0
2022-09-27 02:00:00,0.636,-0.037,-0.673,-88.088,30.565167,8735391,NOAA_NOS,IAN,2022,3000.0
2022-09-27 03:00:00,0.63,0.091,-0.539,-88.088,30.565167,8735391,NOAA_NOS,IAN,2022,3060.0
2022-09-27 04:00:00,0.568,0.227,-0.3409999999999999,-88.088,30.565167,8735391,NOAA_NOS,IAN,2022,3120.0
2022-09-27 05:00:00,0.436,0.331,-0.1049999999999999,-88.088,30.565167,8735391,NOAA_NOS,IAN,2022,3180.0
2022-09-27 06:00:00,0.397,0.378,-0.019,-88.088,30.565167,8735391,NOAA_NOS,IAN,2022,3240.0
2022-09-27 07:00:00,0.361,0.349,-0.012,-88.088,30.565167,8735391,NOAA_NOS,IAN,2022,3300.0
2022-09-27 08:00:00,0.269,0.243,-0.026,-88.088,30.565167,8735391,NOAA_NOS,IAN,2022,3360.0
2022-09-27 09:00:00,0.148,0.09,-0.0579999999999999,-88.088,30.565167,8735391,NOAA_NOS,IAN,2022,3420.0
2022-09-27 10:00:00,0.115,-0.082,-0.197,-88.088,30.565167,8735391,NOAA_NOS,IAN,2022,3480.0
2022-09-27 11:00:00,-0.026,-0.246,-0.22,-88.088,30.565167,8735391,NOAA_NOS,IAN,2022,3540.0
2022-09-27 12:00:00,0.026,-0.39,-0.416,-88.088,30.565167,8735391,NOAA_NOS,IAN,2022,3600.0
2022-09-27 13:00:00,-0.01,-0.498,-0.488,-88.088,30.565167,8735391,NOAA_NOS,IAN,2022,3660.0
2022-09-27 14:00:00,0.016,-0.548,-0.5640000000000001,-88.088,30.565167,8735391,NOAA_NOS,IAN,2022,3720.0
2022-09-27 15:00:00,0.171,-0.507,-0.678,-88.088,30.565167,8735391,NOAA_NOS,IAN,2022,3780.0
2022-09-27 16:00:00,0.335,-0.391,-0.726,-88.088,30.565167,8735391,NOAA_NOS,IAN,2022,3840.0
2022-09-27 17:00:00,0.509,-0.248,-0.757,-88.088,30.565167,8735391,NOAA_NOS,IAN,2022,3900.0
2022-09-27 18:00:00,0.581,-0.11,-0.691,-88.088,30.565167,8735391,NOAA_NOS,IAN,2022,3960.0
2022-09-27 19:00:00,0.65,0.006,-0.644,-88.088,30.565167,8735391,NOAA_NOS,IAN,2022,4020.0
2022-09-27 20:00:00,0.594,0.108,-0.486,-88.088,30.565167,8735391,NOAA_NOS,IAN,2022,4080.0
2022-09-27 21:00:00,0.548,0.177,-0.371,-88.088,30.565167,8735391,NOAA_NOS,IAN,2022,4140.0
2022-09-27 22:00:00,0.502,0.207,-0.295,-88.088,30.565167,8735391,NOAA_NOS,IAN,2022,4200.0
2022-09-27 23:00:00,0.466,0.197,-0.269,-88.088,30.565167,8735391,NOAA_NOS,IAN,2022,4260.0
2022-09-28 00:00:00,0.387,0.174,-0.213,-88.088,30.565167,8735391,NOAA_NOS,IAN,2022,4320.0
2022-09-28 01:00:00,0.246,0.191,-0.0549999999999999,-88.088,30.565167,8735391,NOAA_NOS,IAN,2022,4380.0
2022-09-28 02:00:00,0.272,0.27,-0.002,-88.088,30.565167,8735391,NOAA_NOS,IAN,2022,4440.0
2022-09-28 03:00:00,0.41,0.398,-0.0119999999999999,-88.088,30.565167,8735391,NOAA_NOS,IAN,2022,4500.0
2022-09-28 04:00:00,0.423,0.524,0.101,-88.088,30.565167,8735391,NOAA_NOS,IAN,2022,4560.0
2022-09-28 05:00:00,0.492,0.619,0.127,-88.088,30.565167,8735391,NOAA_NOS,IAN,2022,4620.0
2022-09-28 06:00:00,0.561,0.646,0.0849999999999999,-88.088,30.565167,8735391,NOAA_NOS,IAN,2022,4680.0
2022-09-28 07:00:00,0.663,0.578,-0.085,-88.088,30.565167,8735391,NOAA_NOS,IAN,2022,4740.0
2022-09-28 08:00:00,0.627,0.441,-0.186,-88.088,30.565167,8735391,NOAA_NOS,IAN,2022,4800.0
2022-09-28 09:00:00,0.492,0.266,-0.2259999999999999,-88.088,30.565167,8735391,NOAA_NOS,IAN,2022,4860.0
2022-09-28 10:00:00,0.394,0.078,-0.316,-88.088,30.565167,8735391,NOAA_NOS,IAN,2022,4920.0
2022-09-28 11:00:00,0.2,-0.111,-0.311,-88.088,30.565167,8735391,NOAA_NOS,IAN,2022,4980.0
2022-09-28 12:00:00,0.059,-0.294,-0.353,-88.088,30.565167,8735391,NOAA_NOS,IAN,2022,5040.0
2022-09-28 13:00:00,-0.21,-0.461,-0.251,-88.088,30.565167,8735391,NOAA_NOS,IAN,2022,5100.0
2022-09-28 14:00:00,-0.358,-0.597,-0.239,-88.088,30.565167,8735391,NOAA_NOS,IAN,2022,5160.0
2022-09-28 15:00:00,-0.472,-0.685,-0.213,-88.088,30.565167,8735391,NOAA_NOS,IAN,2022,5220.0
2022-09-28 16:00:00,-0.591,-0.712,-0.121,-88.088,30.565167,8735391,NOAA_NOS,IAN,2022,5280.0
2022-09-28 17:00:00,-0.633,-0.667,-0.034,-88.088,30.565167,8735391,NOAA_NOS,IAN,2022,5340.0
2022-09-28 18:00:00,-0.581,-0.568,0.013,-88.088,30.565167,8735391,NOAA_NOS,IAN,2022,5400.0
2022-09-28 19:00:00,-0.476,-0.455,0.0209999999999999,-88.088,30.565167,8735391,NOAA_NOS,IAN,2022,5460.0
2022-09-28 20:00:00,-0.282,-0.341,-0.059,-88.088,30.565167,8735391,NOAA_NOS,IAN,2022,5520.0
2022-09-28 21:00:00,-0.151,-0.236,-0.0849999999999999,-88.088,30.565167,8735391,NOAA_NOS,IAN,2022,5580.0
2022-09-28 22:00:00,-0.164,-0.149,0.015,-88.088,30.565167,8735391,NOAA_NOS,IAN,2022,5640.0
2022-09-28 23:00:00,-0.243,-0.087,0.156,-88.088,30.565167,8735391,NOAA_NOS,IAN,2022,5700.0
2022-09-29 00:00:00,-0.23,-0.04,0.19,-88.088,30.565167,8735391,NOAA_NOS,IAN,2022,5760.0
2022-09-29 01:00:00,-0.295,0.021,0.316,-88.088,30.565167,8735391,NOAA_NOS,IAN,2022,5820.0
2022-09-29 02:00:00,-0.256,0.12,0.376,-88.088,30.565167,8735391,NOAA_NOS,IAN,2022,5880.0
2022-09-29 03:00:00,-0.23,0.239,0.469,-88.088,30.565167,8735391,NOAA_NOS,IAN,2022,5940.0
2022-09-29 04:00:00,-0.19,0.365,0.5549999999999999,-88.088,30.565167,8735391,NOAA_NOS,IAN,2022,6000.0
2022-09-29 05:00:00,-0.207,0.449,0.656,-88.088,30.565167,8735391,NOAA_NOS,IAN,2022,6060.0
2022-09-29 06:00:00,-0.292,0.482,0.774,-88.088,30.565167,8735391,NOAA_NOS,IAN,2022,6120.0
2022-09-29 07:00:00,-0.335,0.441,0.776,-88.088,30.565167,8735391,NOAA_NOS,IAN,2022,6180.0
2022-09-29 08:00:00,-0.335,0.331,0.666,-88.088,30.565167,8735391,NOAA_NOS,IAN,2022,6240.0
2022-09-29 09:00:00,-0.433,0.173,0.606,-88.088,30.565167,8735391,NOAA_NOS,IAN,2022,6300.0
2022-09-29 10:00:00,-0.525,-0.015,0.51,-88.088,30.565167,8735391,NOAA_NOS,IAN,2022,6360.0
2022-09-29 11:00:00,-0.751,-0.22,0.531,-88.088,30.565167,8735391,NOAA_NOS,IAN,2022,6420.0
2022-09-29 12:00:00,-0.932,-0.433,0.499,-88.088,30.565167,8735391,NOAA_NOS,IAN,2022,6480.0
2022-09-29 13:00:00,-1.191,-0.641,0.55,-88.088,30.565167,8735391,NOAA_NOS,IAN,2022,6540.0
2022-09-29 14:00:00,-1.394,-0.834,0.5599999999999999,-88.088,30.565167,8735391,NOAA_NOS,IAN,2022,6600.0
2022-09-29 15:00:00,-1.604,-0.996,0.6080000000000001,-88.088,30.565167,8735391,NOAA_NOS,IAN,2022,6660.0
2022-09-29 16:00:00,-1.673,-1.128,0.5450000000000002,-88.088,30.565167,8735391,NOAA_NOS,IAN,2022,6720.0
2022-09-29 17:00:00,-1.663,-1.231,0.4319999999999999,-88.088,30.565167,8735391,NOAA_NOS,IAN,2022,6780.0
2022-09-29 18:00:00,-1.647,-1.302,0.345,-88.088,30.565167,8735391,NOAA_NOS,IAN,2022,6840.0
2022-09-29 19:00:00,-1.65,-1.321,0.3289999999999999,-88.088,30.565167,8735391,NOAA_NOS,IAN,2022,6900.0
2022-09-29 20:00:00,-1.483,-1.27,0.213,-88.088,30.565167,8735391,NOAA_NOS,IAN,2022,6960.0
2022-09-29 21:00:00,-1.404,-1.156,0.248,-88.088,30.565167,8735391,NOAA_NOS,IAN,2022,7020.0
2022-09-29 22:00:00,-1.237,-1.01,0.2270000000000001,-88.088,30.565167,8735391,NOAA_NOS,IAN,2022,7080.0
2022-09-29 23:00:00,-1.158,-0.86,0.2979999999999999,-88.088,30.565167,8735391,NOAA_NOS,IAN,2022,7140.0
2022-09-30 00:00:00,-1.099,-0.714,0.385,-88.088,30.565167,8735391,NOAA_NOS,IAN,2022,7200.0
2022-09-30 01:00:00,-1.024,-0.56,0.4639999999999999,-88.088,30.565167,8735391,NOAA_NOS,IAN,2022,7260.0
2022-09-30 02:00:00,-0.82,-0.397,0.4229999999999999,-88.088,30.565167,8735391,NOAA_NOS,IAN,2022,7320.0
2022-09-30 03:00:00,-0.558,-0.216,0.3420000000000001,-88.088,30.565167,8735391,NOAA_NOS,IAN,2022,7380.0
2022-09-30 04:00:00,-0.289,-0.028,0.2609999999999999,-88.088,30.565167,8735391,NOAA_NOS,IAN,2022,7440.0
2022-09-30 05:00:00,0.059,0.167,0.108,-88.088,30.565167,8735391,NOAA_NOS,IAN,2022,7500.0
2022-09-30 06:00:00,0.299,0.335,0.036,-88.088,30.565167,8735391,NOAA_NOS,IAN,2022,7560.0
2022-09-30 07:00:00,0.43,0.459,0.029,-88.088,30.565167,8735391,NOAA_NOS,IAN,2022,7620.0
2022-09-30 08:00:00,0.679,0.507,-0.172,-88.088,30.565167,8735391,NOAA_NOS,IAN,2022,7680.0
2022-09-30 09:00:00,0.686,0.438,-0.248,-88.088,30.565167,8735391,NOAA_NOS,IAN,2022,7740.0
2022-09-30 10:00:00,0.682,0.281,-0.401,-88.088,30.565167,8735391,NOAA_NOS,IAN,2022,7800.0
2022-09-30 11:00:00,0.548,0.087,-0.4610000000000001,-88.088,30.565167,8735391,NOAA_NOS,IAN,2022,7860.0
2022-09-30 12:00:00,0.318,-0.114,-0.432,-88.088,30.565167,8735391,NOAA_NOS,IAN,2022,7920.0
2022-09-30 13:00:00,0.023,-0.313,-0.336,-88.088,30.565167,8735391,NOAA_NOS,IAN,2022,7980.0
2022-09-30 14:00:00,-0.299,-0.508,-0.209,-88.088,30.565167,8735391,NOAA_NOS,IAN,2022,8040.0
2022-09-30 15:00:00,-0.531,-0.688,-0.1569999999999999,-88.088,30.565167,8735391,NOAA_NOS,IAN,2022,8100.0
2022-09-30 16:00:00,-0.659,-0.844,-0.1849999999999999,-88.088,30.565167,8735391,NOAA_NOS,IAN,2022,8160.0
2022-09-30 17:00:00,-0.791,-0.967,-0.1759999999999999,-88.088,30.565167,8735391,NOAA_NOS,IAN,2022,8220.0
2022-09-30 18:00:00,-0.899,-1.057,-0.1579999999999999,-88.088,30.565167,8735391,NOAA_NOS,IAN,2022,8280.0
2022-09-30 19:00:00,-0.958,-1.101,-0.143,-88.088,30.565167,8735391,NOAA_NOS,IAN,2022,8340.0
2022-09-30 20:00:00,-0.876,-1.077,-0.2009999999999999,-88.088,30.565167,8735391,NOAA_NOS,IAN,2022,8400.0
2022-09-30 21:00:00,-0.705,-0.975,-0.27,-88.088,30.565167,8735391,NOAA_NOS,IAN,2022,8460.0
2022-09-30 22:00:00,-0.446,-0.818,-0.3719999999999999,-88.088,30.565167,8735391,NOAA_NOS,IAN,2022,8520.0
2022-09-30 23:00:00,-0.243,-0.639,-0.396,-88.088,30.565167,8735391,NOAA_NOS,IAN,2022,8580.0
2022-10-01 00:00:00,-0.036,-0.447,-0.411,-88.088,30.565167,8735391,NOAA_NOS,IAN,2022,8640.0
2022-10-01 01:00:00,0.144,-0.251,-0.395,-88.088,30.565167,8735391,NOAA_NOS,IAN,2022,8700.0
2022-10-01 02:00:00,0.384,-0.044,-0.428,-88.088,30.565167,8735391,NOAA_NOS,IAN,2022,8760.0
2022-10-01 03:00:00,0.581,0.173,-0.408,-88.088,30.565167,8735391,NOAA_NOS,IAN,2022,8820.0
2022-10-01 04:00:00,0.774,0.405,-0.369,-88.088,30.565167,8735391,NOAA_NOS,IAN,2022,8880.0
2022-10-01 05:00:00,0.902,0.649,-0.253,-88.088,30.565167,8735391,NOAA_NOS,IAN,2022,8940.0
2022-10-01 06:00:00,1.063,0.883,-0.1799999999999999,-88.088,30.565167,8735391,NOAA_NOS,IAN,2022,9000.0
2022-10-01 07:00:00,1.194,1.077,-0.1169999999999999,-88.088,30.565167,8735391,NOAA_NOS,IAN,2022,9060.0
2022-10-01 08:00:00,1.22,1.189,-0.0309999999999999,-88.088,30.565167,8735391,NOAA_NOS,IAN,2022,9120.0
2022-10-01 09:00:00,1.165,1.175,0.01,-88.088,30.565167,8735391,NOAA_NOS,IAN,2022,9180.0
2022-10-01 10:00:00,0.988,1.028,0.04,-88.088,30.565167,8735391,NOAA_NOS,IAN,2022,9240.0
2022-10-01 11:00:00,0.719,0.832,0.1129999999999999,-88.088,30.565167,8735391,NOAA_NOS,IAN,2022,9300.0
2022-10-01 12:00:00,0.505,0.617,0.1119999999999999,-88.088,30.565167,8735391,NOAA_NOS,IAN,2022,9360.0
2022-10-01 13:00:00,0.236,0.405,0.169,-88.088,30.565167,8735391,NOAA_NOS,IAN,2022,9420.0
2022-10-01 14:00:00,0.003,0.188,0.185,-88.088,30.565167,8735391,NOAA_NOS,IAN,2022,9480.0
2022-10-01 15:00:00,-0.279,-0.023,0.256,-88.088,30.565167,8735391,NOAA_NOS,IAN,2022,9540.0
2022-10-01 16:00:00,-0.44,-0.233,0.207,-88.088,30.565167,8735391,NOAA_NOS,IAN,2022,9600.0
2022-10-01 17:00:00,-0.617,-0.437,0.18,-88.088,30.565167,8735391,NOAA_NOS,IAN,2022,9660.0
2022-10-01 18:00:00,-0.722,-0.621,0.1009999999999999,-88.088,30.565167,8735391,NOAA_NOS,IAN,2022,9720.0
2022-10-01 19:00:00,-0.817,-0.785,0.0319999999999999,-88.088,30.565167,8735391,NOAA_NOS,IAN,2022,9780.0
2022-10-01 20:00:00,-0.817,-0.918,-0.101,-88.088,30.565167,8735391,NOAA_NOS,IAN,2022,9840.0
2022-10-01 21:00:00,-0.814,-1.005,-0.1909999999999999,-88.088,30.565167,8735391,NOAA_NOS,IAN,2022,9900.0
2022-10-01 22:00:00,-0.751,-1.007,-0.2559999999999999,-88.088,30.565167,8735391,NOAA_NOS,IAN,2022,9960.0
2022-10-01 23:00:00,-0.489,-0.901,-0.412,-88.088,30.565167,8735391,NOAA_NOS,IAN,2022,10020.0
2022-09-25 01:00:00,0.541,-0.427,-0.968,-88.055419,30.648306,8736897,NOAA_NOS,IAN,2022,60.0
2022-09-25 02:00:00,0.587,-0.409,-0.996,-88.055419,30.648306,8736897,NOAA_NOS,IAN,2022,120.0
2022-09-25 03:00:00,0.741,-0.312,-1.053,-88.055419,30.648306,8736897,NOAA_NOS,IAN,2022,180.0
2022-09-25 04:00:00,0.961,-0.191,-1.152,-88.055419,30.648306,8736897,NOAA_NOS,IAN,2022,240.0
2022-09-25 05:00:00,1.194,-0.075,-1.269,-88.055419,30.648306,8736897,NOAA_NOS,IAN,2022,300.0
2022-09-25 06:00:00,1.316,0.005,-1.3110000000000002,-88.055419,30.648306,8736897,NOAA_NOS,IAN,2022,360.0
2022-09-25 07:00:00,1.378,0.044,-1.334,-88.055419,30.648306,8736897,NOAA_NOS,IAN,2022,420.0
2022-09-25 08:00:00,1.339,0.032,-1.307,-88.055419,30.648306,8736897,NOAA_NOS,IAN,2022,480.0
2022-09-25 09:00:00,0.981,-0.044,-1.025,-88.055419,30.648306,8736897,NOAA_NOS,IAN,2022,540.0
2022-09-25 10:00:00,1.119,-0.145,-1.264,-88.055419,30.648306,8736897,NOAA_NOS,IAN,2022,600.0
2022-09-25 11:00:00,0.997,-0.223,-1.22,-88.055419,30.648306,8736897,NOAA_NOS,IAN,2022,660.0
2022-09-25 12:00:00,0.876,-0.239,-1.115,-88.055419,30.648306,8736897,NOAA_NOS,IAN,2022,720.0
2022-09-25 13:00:00,0.84,-0.141,-0.981,-88.055419,30.648306,8736897,NOAA_NOS,IAN,2022,780.0
2022-09-25 14:00:00,0.945,0.016,-0.929,-88.055419,30.648306,8736897,NOAA_NOS,IAN,2022,840.0
2022-09-25 15:00:00,1.089,0.182,-0.907,-88.055419,30.648306,8736897,NOAA_NOS,IAN,2022,900.0
2022-09-25 16:00:00,1.24,0.322,-0.918,-88.055419,30.648306,8736897,NOAA_NOS,IAN,2022,960.0
2022-09-25 17:00:00,1.434,0.421,-1.013,-88.055419,30.648306,8736897,NOAA_NOS,IAN,2022,1020.0
2022-09-25 18:00:00,1.486,0.48,-1.006,-88.055419,30.648306,8736897,NOAA_NOS,IAN,2022,1080.0
2022-09-25 19:00:00,1.457,0.477,-0.98,-88.055419,30.648306,8736897,NOAA_NOS,IAN,2022,1140.0
2022-09-25 20:00:00,1.512,0.372,-1.14,-88.055419,30.648306,8736897,NOAA_NOS,IAN,2022,1200.0
2022-09-25 21:00:00,1.191,0.212,-0.979,-88.055419,30.648306,8736897,NOAA_NOS,IAN,2022,1260.0
2022-09-25 22:00:00,1.027,0.043,-0.984,-88.055419,30.648306,8736897,NOAA_NOS,IAN,2022,1320.0
2022-09-25 23:00:00,0.856,-0.102,-0.958,-88.055419,30.648306,8736897,NOAA_NOS,IAN,2022,1380.0
2022-09-26 00:00:00,0.725,-0.199,-0.924,-88.055419,30.648306,8736897,NOAA_NOS,IAN,2022,1440.0
2022-09-26 01:00:00,0.656,-0.247,-0.903,-88.055419,30.648306,8736897,NOAA_NOS,IAN,2022,1500.0
2022-09-26 02:00:00,0.758,-0.22,-0.978,-88.055419,30.648306,8736897,NOAA_NOS,IAN,2022,1560.0
2022-09-26 03:00:00,0.958,-0.114,-1.072,-88.055419,30.648306,8736897,NOAA_NOS,IAN,2022,1620.0
2022-09-26 04:00:00,1.178,0.007,-1.171,-88.055419,30.648306,8736897,NOAA_NOS,IAN,2022,1680.0
2022-09-26 05:00:00,1.44,0.108,-1.332,-88.055419,30.648306,8736897,NOAA_NOS,IAN,2022,1740.0
2022-09-26 06:00:00,1.522,0.161,-1.361,-88.055419,30.648306,8736897,NOAA_NOS,IAN,2022,1800.0
2022-09-26 07:00:00,1.509,0.162,-1.347,-88.055419,30.648306,8736897,NOAA_NOS,IAN,2022,1860.0
2022-09-26 08:00:00,1.519,0.103,-1.416,-88.055419,30.648306,8736897,NOAA_NOS,IAN,2022,1920.0
2022-09-26 09:00:00,1.411,-0.022,-1.433,-88.055419,30.648306,8736897,NOAA_NOS,IAN,2022,1980.0
2022-09-26 10:00:00,1.339,-0.17,-1.509,-88.055419,30.648306,8736897,NOAA_NOS,IAN,2022,2040.0
2022-09-26 11:00:00,0.997,-0.298,-1.295,-88.055419,30.648306,8736897,NOAA_NOS,IAN,2022,2100.0
2022-09-26 12:00:00,0.889,-0.389,-1.278,-88.055419,30.648306,8736897,NOAA_NOS,IAN,2022,2160.0
2022-09-26 13:00:00,0.755,-0.4,-1.155,-88.055419,30.648306,8736897,NOAA_NOS,IAN,2022,2220.0
2022-09-26 14:00:00,0.866,-0.3,-1.166,-88.055419,30.648306,8736897,NOAA_NOS,IAN,2022,2280.0
2022-09-26 15:00:00,0.955,-0.138,-1.093,-88.055419,30.648306,8736897,NOAA_NOS,IAN,2022,2340.0
2022-09-26 16:00:00,1.093,0.032,-1.061,-88.055419,30.648306,8736897,NOAA_NOS,IAN,2022,2400.0
2022-09-26 17:00:00,1.188,0.173,-1.015,-88.055419,30.648306,8736897,NOAA_NOS,IAN,2022,2460.0
2022-09-26 18:00:00,1.378,0.275,-1.1029999999999998,-88.055419,30.648306,8736897,NOAA_NOS,IAN,2022,2520.0
2022-09-26 19:00:00,1.526,0.338,-1.188,-88.055419,30.648306,8736897,NOAA_NOS,IAN,2022,2580.0
2022-09-26 20:00:00,1.614,0.352,-1.262,-88.055419,30.648306,8736897,NOAA_NOS,IAN,2022,2640.0
2022-09-26 21:00:00,1.604,0.271,-1.3330000000000002,-88.055419,30.648306,8736897,NOAA_NOS,IAN,2022,2700.0
2022-09-26 22:00:00,1.411,0.141,-1.27,-88.055419,30.648306,8736897,NOAA_NOS,IAN,2022,2760.0
2022-09-26 23:00:00,1.188,0.006,-1.182,-88.055419,30.648306,8736897,NOAA_NOS,IAN,2022,2820.0
2022-09-27 00:00:00,0.889,-0.092,-0.981,-88.055419,30.648306,8736897,NOAA_NOS,IAN,2022,2880.0
2022-09-27 01:00:00,0.719,-0.117,-0.836,-88.055419,30.648306,8736897,NOAA_NOS,IAN,2022,2940.0
2022-09-27 02:00:00,0.594,-0.047,-0.641,-88.055419,30.648306,8736897,NOAA_NOS,IAN,2022,3000.0
2022-09-27 03:00:00,0.587,0.092,-0.495,-88.055419,30.648306,8736897,NOAA_NOS,IAN,2022,3060.0
2022-09-27 04:00:00,0.541,0.239,-0.302,-88.055419,30.648306,8736897,NOAA_NOS,IAN,2022,3120.0
2022-09-27 05:00:00,0.446,0.347,-0.099,-88.055419,30.648306,8736897,NOAA_NOS,IAN,2022,3180.0
2022-09-27 06:00:00,0.325,0.394,0.069,-88.055419,30.648306,8736897,NOAA_NOS,IAN,2022,3240.0
2022-09-27 07:00:00,0.266,0.363,0.0969999999999999,-88.055419,30.648306,8736897,NOAA_NOS,IAN,2022,3300.0
2022-09-27 08:00:00,0.285,0.25,-0.0349999999999999,-88.055419,30.648306,8736897,NOAA_NOS,IAN,2022,3360.0
2022-09-27 09:00:00,0.164,0.087,-0.077,-88.055419,30.648306,8736897,NOAA_NOS,IAN,2022,3420.0
2022-09-27 10:00:00,0.023,-0.089,-0.1119999999999999,-88.055419,30.648306,8736897,NOAA_NOS,IAN,2022,3480.0
2022-09-27 11:00:00,-0.003,-0.257,-0.254,-88.055419,30.648306,8736897,NOAA_NOS,IAN,2022,3540.0
2022-09-27 12:00:00,0.046,-0.402,-0.448,-88.055419,30.648306,8736897,NOAA_NOS,IAN,2022,3600.0
2022-09-27 13:00:00,-0.108,-0.513,-0.405,-88.055419,30.648306,8736897,NOAA_NOS,IAN,2022,3660.0
2022-09-27 14:00:00,-0.075,-0.566,-0.4909999999999999,-88.055419,30.648306,8736897,NOAA_NOS,IAN,2022,3720.0
2022-09-27 15:00:00,0.157,-0.524,-0.681,-88.055419,30.648306,8736897,NOAA_NOS,IAN,2022,3780.0
2022-09-27 16:00:00,0.354,-0.393,-0.747,-88.055419,30.648306,8736897,NOAA_NOS,IAN,2022,3840.0
2022-09-27 17:00:00,0.495,-0.241,-0.736,-88.055419,30.648306,8736897,NOAA_NOS,IAN,2022,3900.0
2022-09-27 18:00:00,0.535,-0.099,-0.634,-88.055419,30.648306,8736897,NOAA_NOS,IAN,2022,3960.0
2022-09-27 19:00:00,0.64,0.016,-0.624,-88.055419,30.648306,8736897,NOAA_NOS,IAN,2022,4020.0
2022-09-27 20:00:00,0.558,0.112,-0.446,-88.055419,30.648306,8736897,NOAA_NOS,IAN,2022,4080.0
2022-09-27 21:00:00,0.502,0.186,-0.316,-88.055419,30.648306,8736897,NOAA_NOS,IAN,2022,4140.0
2022-09-27 22:00:00,0.545,0.213,-0.3320000000000001,-88.055419,30.648306,8736897,NOAA_NOS,IAN,2022,4200.0
2022-09-27 23:00:00,0.433,0.2,-0.2329999999999999,-88.055419,30.648306,8736897,NOAA_NOS,IAN,2022,4260.0
2022-09-28 00:00:00,0.377,0.17,-0.207,-88.055419,30.648306,8736897,NOAA_NOS,IAN,2022,4320.0
2022-09-28 01:00:00,0.203,0.173,-0.03,-88.055419,30.648306,8736897,NOAA_NOS,IAN,2022,4380.0
2022-09-28 02:00:00,0.276,0.262,-0.014,-88.055419,30.648306,8736897,NOAA_NOS,IAN,2022,4440.0
2022-09-28 03:00:00,0.354,0.395,0.041,-88.055419,30.648306,8736897,NOAA_NOS,IAN,2022,4500.0
2022-09-28 04:00:00,0.384,0.537,0.153,-88.055419,30.648306,8736897,NOAA_NOS,IAN,2022,4560.0
2022-09-28 05:00:00,0.476,0.632,0.156,-88.055419,30.648306,8736897,NOAA_NOS,IAN,2022,4620.0
2022-09-28 06:00:00,0.627,0.662,0.035,-88.055419,30.648306,8736897,NOAA_NOS,IAN,2022,4680.0
2022-09-28 07:00:00,0.682,0.592,-0.09,-88.055419,30.648306,8736897,NOAA_NOS,IAN,2022,4740.0
2022-09-28 08:00:00,0.676,0.443,-0.233,-88.055419,30.648306,8736897,NOAA_NOS,IAN,2022,4800.0
2022-09-28 09:00:00,0.538,0.262,-0.276,-88.055419,30.648306,8736897,NOAA_NOS,IAN,2022,4860.0
2022-09-28 10:00:00,0.377,0.07,-0.307,-88.055419,30.648306,8736897,NOAA_NOS,IAN,2022,4920.0
2022-09-28 11:00:00,0.236,-0.12,-0.356,-88.055419,30.648306,8736897,NOAA_NOS,IAN,2022,4980.0
2022-09-28 12:00:00,0.056,-0.305,-0.361,-88.055419,30.648306,8736897,NOAA_NOS,IAN,2022,5040.0
2022-09-28 13:00:00,-0.2,-0.475,-0.2749999999999999,-88.055419,30.648306,8736897,NOAA_NOS,IAN,2022,5100.0
2022-09-28 14:00:00,-0.413,-0.614,-0.201,-88.055419,30.648306,8736897,NOAA_NOS,IAN,2022,5160.0
2022-09-28 15:00:00,-0.564,-0.704,-0.14,-88.055419,30.648306,8736897,NOAA_NOS,IAN,2022,5220.0
2022-09-28 16:00:00,-0.804,-0.733,0.071,-88.055419,30.648306,8736897,NOAA_NOS,IAN,2022,5280.0
2022-09-28 17:00:00,-0.761,-0.677,0.0839999999999999,-88.055419,30.648306,8736897,NOAA_NOS,IAN,2022,5340.0
2022-09-28 18:00:00,-0.804,-0.572,0.2320000000000001,-88.055419,30.648306,8736897,NOAA_NOS,IAN,2022,5400.0
2022-09-28 19:00:00,-0.643,-0.451,0.192,-88.055419,30.648306,8736897,NOAA_NOS,IAN,2022,5460.0
2022-09-28 20:00:00,-0.446,-0.339,0.1069999999999999,-88.055419,30.648306,8736897,NOAA_NOS,IAN,2022,5520.0
2022-09-28 21:00:00,-0.331,-0.237,0.094,-88.055419,30.648306,8736897,NOAA_NOS,IAN,2022,5580.0
2022-09-28 22:00:00,-0.256,-0.152,0.104,-88.055419,30.648306,8736897,NOAA_NOS,IAN,2022,5640.0
2022-09-28 23:00:00,-0.325,-0.1,0.225,-88.055419,30.648306,8736897,NOAA_NOS,IAN,2022,5700.0
2022-09-29 00:00:00,-0.266,-0.062,0.204,-88.055419,30.648306,8736897,NOAA_NOS,IAN,2022,5760.0
2022-09-29 01:00:00,-0.325,-0.007,0.318,-88.055419,30.648306,8736897,NOAA_NOS,IAN,2022,5820.0
2022-09-29 02:00:00,-0.318,0.082,0.4,-88.055419,30.648306,8736897,NOAA_NOS,IAN,2022,5880.0
2022-09-29 03:00:00,-0.272,0.215,0.487,-88.055419,30.648306,8736897,NOAA_NOS,IAN,2022,5940.0
2022-09-29 04:00:00,-0.174,0.339,0.513,-88.055419,30.648306,8736897,NOAA_NOS,IAN,2022,6000.0
2022-09-29 05:00:00,-0.269,0.433,0.702,-88.055419,30.648306,8736897,NOAA_NOS,IAN,2022,6060.0
2022-09-29 06:00:00,-0.354,0.469,0.823,-88.055419,30.648306,8736897,NOAA_NOS,IAN,2022,6120.0
2022-09-29 07:00:00,-0.312,0.43,0.742,-88.055419,30.648306,8736897,NOAA_NOS,IAN,2022,6180.0
2022-09-29 08:00:00,-0.371,0.316,0.687,-88.055419,30.648306,8736897,NOAA_NOS,IAN,2022,6240.0
2022-09-29 09:00:00,-0.479,0.153,0.632,-88.055419,30.648306,8736897,NOAA_NOS,IAN,2022,6300.0
2022-09-29 10:00:00,-0.571,-0.038,0.5329999999999999,-88.055419,30.648306,8736897,NOAA_NOS,IAN,2022,6360.0
2022-09-29 11:00:00,-0.784,-0.244,0.54,-88.055419,30.648306,8736897,NOAA_NOS,IAN,2022,6420.0
2022-09-29 12:00:00,-0.942,-0.456,0.4859999999999999,-88.055419,30.648306,8736897,NOAA_NOS,IAN,2022,6480.0
2022-09-29 13:00:00,-1.188,-0.667,0.5209999999999999,-88.055419,30.648306,8736897,NOAA_NOS,IAN,2022,6540.0
2022-09-29 14:00:00,-1.381,-0.86,0.521,-88.055419,30.648306,8736897,NOAA_NOS,IAN,2022,6600.0
2022-09-29 15:00:00,-1.765,-1.02,0.7449999999999999,-88.055419,30.648306,8736897,NOAA_NOS,IAN,2022,6660.0
2022-09-29 16:00:00,-1.709,-1.154,0.5550000000000002,-88.055419,30.648306,8736897,NOAA_NOS,IAN,2022,6720.0
2022-09-29 17:00:00,-1.736,-1.255,0.4810000000000001,-88.055419,30.648306,8736897,NOAA_NOS,IAN,2022,6780.0
2022-09-29 18:00:00,-1.696,-1.327,0.369,-88.055419,30.648306,8736897,NOAA_NOS,IAN,2022,6840.0
2022-09-29 19:00:00,-1.703,-1.347,0.3560000000000001,-88.055419,30.648306,8736897,NOAA_NOS,IAN,2022,6900.0
2022-09-29 20:00:00,-1.627,-1.292,0.3349999999999999,-88.055419,30.648306,8736897,NOAA_NOS,IAN,2022,6960.0
2022-09-29 21:00:00,-1.512,-1.165,0.347,-88.055419,30.648306,8736897,NOAA_NOS,IAN,2022,7020.0
2022-09-29 22:00:00,-1.345,-1.008,0.3369999999999999,-88.055419,30.648306,8736897,NOAA_NOS,IAN,2022,7080.0
2022-09-29 23:00:00,-1.23,-0.849,0.381,-88.055419,30.648306,8736897,NOAA_NOS,IAN,2022,7140.0
2022-09-30 00:00:00,-1.178,-0.705,0.473,-88.055419,30.648306,8736897,NOAA_NOS,IAN,2022,7200.0
2022-09-30 01:00:00,-1.04,-0.557,0.483,-88.055419,30.648306,8736897,NOAA_NOS,IAN,2022,7260.0
2022-09-30 02:00:00,-0.827,-0.388,0.4389999999999999,-88.055419,30.648306,8736897,NOAA_NOS,IAN,2022,7320.0
2022-09-30 03:00:00,-0.577,-0.21,0.367,-88.055419,30.648306,8736897,NOAA_NOS,IAN,2022,7380.0
2022-09-30 04:00:00,-0.299,-0.015,0.284,-88.055419,30.648306,8736897,NOAA_NOS,IAN,2022,7440.0
2022-09-30 05:00:00,-0.033,0.182,0.215,-88.055419,30.648306,8736897,NOAA_NOS,IAN,2022,7500.0
2022-09-30 06:00:00,0.246,0.353,0.1069999999999999,-88.055419,30.648306,8736897,NOAA_NOS,IAN,2022,7560.0
2022-09-30 07:00:00,0.476,0.48,0.004,-88.055419,30.648306,8736897,NOAA_NOS,IAN,2022,7620.0
2022-09-30 08:00:00,0.646,0.53,-0.1159999999999999,-88.055419,30.648306,8736897,NOAA_NOS,IAN,2022,7680.0
2022-09-30 09:00:00,0.794,0.46,-0.334,-88.055419,30.648306,8736897,NOAA_NOS,IAN,2022,7740.0
2022-09-30 10:00:00,0.682,0.287,-0.3950000000000001,-88.055419,30.648306,8736897,NOAA_NOS,IAN,2022,7800.0
2022-09-30 11:00:00,0.617,0.082,-0.535,-88.055419,30.648306,8736897,NOAA_NOS,IAN,2022,7860.0
2022-09-30 12:00:00,0.407,-0.123,-0.53,-88.055419,30.648306,8736897,NOAA_NOS,IAN,2022,7920.0
2022-09-30 13:00:00,0.069,-0.323,-0.392,-88.055419,30.648306,8736897,NOAA_NOS,IAN,2022,7980.0
2022-09-30 14:00:00,-0.253,-0.52,-0.267,-88.055419,30.648306,8736897,NOAA_NOS,IAN,2022,8040.0
2022-09-30 15:00:00,-0.476,-0.7,-0.2239999999999999,-88.055419,30.648306,8736897,NOAA_NOS,IAN,2022,8100.0
2022-09-30 16:00:00,-0.64,-0.859,-0.2189999999999999,-88.055419,30.648306,8736897,NOAA_NOS,IAN,2022,8160.0
2022-09-30 17:00:00,-0.787,-0.986,-0.1989999999999999,-88.055419,30.648306,8736897,NOAA_NOS,IAN,2022,8220.0
2022-09-30 18:00:00,-0.942,-1.076,-0.1340000000000001,-88.055419,30.648306,8736897,NOAA_NOS,IAN,2022,8280.0
2022-09-30 19:00:00,-0.978,-1.124,-0.1460000000000001,-88.055419,30.648306,8736897,NOAA_NOS,IAN,2022,8340.0
2022-09-30 20:00:00,-0.942,-1.099,-0.157,-88.055419,30.648306,8736897,NOAA_NOS,IAN,2022,8400.0
2022-09-30 21:00:00,-0.735,-0.988,-0.253,-88.055419,30.648306,8736897,NOAA_NOS,IAN,2022,8460.0
2022-09-30 22:00:00,-0.476,-0.825,-0.349,-88.055419,30.648306,8736897,NOAA_NOS,IAN,2022,8520.0
2022-09-30 23:00:00,-0.276,-0.636,-0.36,-88.055419,30.648306,8736897,NOAA_NOS,IAN,2022,8580.0
2022-10-01 00:00:00,-0.154,-0.444,-0.29,-88.055419,30.648306,8736897,NOAA_NOS,IAN,2022,8640.0
2022-10-01 01:00:00,0.092,-0.245,-0.3369999999999999,-88.055419,30.648306,8736897,NOAA_NOS,IAN,2022,8700.0
2022-10-01 02:00:00,0.331,-0.036,-0.367,-88.055419,30.648306,8736897,NOAA_NOS,IAN,2022,8760.0
2022-10-01 03:00:00,0.554,0.184,-0.37,-88.055419,30.648306,8736897,NOAA_NOS,IAN,2022,8820.0
2022-10-01 04:00:00,0.712,0.418,-0.294,-88.055419,30.648306,8736897,NOAA_NOS,IAN,2022,8880.0
2022-10-01 05:00:00,0.856,0.666,-0.1899999999999999,-88.055419,30.648306,8736897,NOAA_NOS,IAN,2022,8940.0
2022-10-01 06:00:00,1.01,0.904,-0.1059999999999999,-88.055419,30.648306,8736897,NOAA_NOS,IAN,2022,9000.0
2022-10-01 07:00:00,1.152,1.101,-0.0509999999999999,-88.055419,30.648306,8736897,NOAA_NOS,IAN,2022,9060.0
2022-10-01 08:00:00,1.125,1.22,0.0949999999999999,-88.055419,30.648306,8736897,NOAA_NOS,IAN,2022,9120.0
2022-10-01 09:00:00,1.089,1.203,0.1140000000000001,-88.055419,30.648306,8736897,NOAA_NOS,IAN,2022,9180.0
2022-10-01 10:00:00,0.974,1.046,0.072,-88.055419,30.648306,8736897,NOAA_NOS,IAN,2022,9240.0
2022-10-01 11:00:00,0.807,0.848,0.0409999999999999,-88.055419,30.648306,8736897,NOAA_NOS,IAN,2022,9300.0
2022-10-01 12:00:00,0.535,0.618,0.0829999999999999,-88.055419,30.648306,8736897,NOAA_NOS,IAN,2022,9360.0
2022-10-01 13:00:00,0.282,0.403,0.121,-88.055419,30.648306,8736897,NOAA_NOS,IAN,2022,9420.0
2022-10-01 14:00:00,0.059,0.188,0.129,-88.055419,30.648306,8736897,NOAA_NOS,IAN,2022,9480.0
2022-10-01 15:00:00,-0.22,-0.022,0.198,-88.055419,30.648306,8736897,NOAA_NOS,IAN,2022,9540.0
2022-10-01 16:00:00,-0.459,-0.238,0.221,-88.055419,30.648306,8736897,NOAA_NOS,IAN,2022,9600.0
2022-10-01 17:00:00,-0.597,-0.445,0.1519999999999999,-88.055419,30.648306,8736897,NOAA_NOS,IAN,2022,9660.0
2022-10-01 18:00:00,-0.735,-0.634,0.1009999999999999,-88.055419,30.648306,8736897,NOAA_NOS,IAN,2022,9720.0
2022-10-01 19:00:00,-0.82,-0.798,0.0219999999999999,-88.055419,30.648306,8736897,NOAA_NOS,IAN,2022,9780.0
2022-10-01 20:00:00,-0.817,-0.937,-0.1200000000000001,-88.055419,30.648306,8736897,NOAA_NOS,IAN,2022,9840.0
2022-10-01 21:00:00,-0.797,-1.025,-0.2279999999999998,-88.055419,30.648306,8736897,NOAA_NOS,IAN,2022,9900.0
2022-10-01 22:00:00,-0.705,-1.033,-0.3279999999999999,-88.055419,30.648306,8736897,NOAA_NOS,IAN,2022,9960.0
2022-10-01 23:00:00,-0.564,-0.915,-0.3510000000000001,-88.055419,30.648306,8736897,NOAA_NOS,IAN,2022,10020.0
2022-09-25 01:00:00,0.364,-0.438,-0.802,-88.039302,30.70461,8737048,NOAA_NOS,IAN,2022,60.0
2022-09-25 02:00:00,0.423,-0.434,-0.857,-88.039302,30.70461,8737048,NOAA_NOS,IAN,2022,120.0
2022-09-25 03:00:00,0.512,-0.339,-0.851,-88.039302,30.70461,8737048,NOAA_NOS,IAN,2022,180.0
2022-09-25 04:00:00,0.732,-0.204,-0.936,-88.039302,30.70461,8737048,NOAA_NOS,IAN,2022,240.0
2022-09-25 05:00:00,0.945,-0.076,-1.021,-88.039302,30.70461,8737048,NOAA_NOS,IAN,2022,300.0
2022-09-25 06:00:00,1.099,0.012,-1.087,-88.039302,30.70461,8737048,NOAA_NOS,IAN,2022,360.0
2022-09-25 07:00:00,1.171,0.053,-1.118,-88.039302,30.70461,8737048,NOAA_NOS,IAN,2022,420.0
2022-09-25 08:00:00,1.152,0.046,-1.106,-88.039302,30.70461,8737048,NOAA_NOS,IAN,2022,480.0
2022-09-25 09:00:00,1.188,-0.026,-1.214,-88.039302,30.70461,8737048,NOAA_NOS,IAN,2022,540.0
2022-09-25 10:00:00,0.978,-0.134,-1.112,-88.039302,30.70461,8737048,NOAA_NOS,IAN,2022,600.0
2022-09-25 11:00:00,0.85,-0.227,-1.077,-88.039302,30.70461,8737048,NOAA_NOS,IAN,2022,660.0
2022-09-25 12:00:00,0.738,-0.265,-1.003,-88.039302,30.70461,8737048,NOAA_NOS,IAN,2022,720.0
2022-09-25 13:00:00,0.676,-0.177,-0.853,-88.039302,30.70461,8737048,NOAA_NOS,IAN,2022,780.0
2022-09-25 14:00:00,0.696,-0.011,-0.707,-88.039302,30.70461,8737048,NOAA_NOS,IAN,2022,840.0
2022-09-25 15:00:00,0.866,0.173,-0.6930000000000001,-88.039302,30.70461,8737048,NOAA_NOS,IAN,2022,900.0
2022-09-25 16:00:00,1.063,0.322,-0.7409999999999999,-88.039302,30.70461,8737048,NOAA_NOS,IAN,2022,960.0
2022-09-25 17:00:00,1.201,0.425,-0.776,-88.039302,30.70461,8737048,NOAA_NOS,IAN,2022,1020.0
2022-09-25 18:00:00,1.293,0.487,-0.8059999999999999,-88.039302,30.70461,8737048,NOAA_NOS,IAN,2022,1080.0
2022-09-25 19:00:00,1.289,0.494,-0.7949999999999999,-88.039302,30.70461,8737048,NOAA_NOS,IAN,2022,1140.0
2022-09-25 20:00:00,1.273,0.405,-0.8679999999999999,-88.039302,30.70461,8737048,NOAA_NOS,IAN,2022,1200.0
2022-09-25 21:00:00,1.066,0.239,-0.8270000000000001,-88.039302,30.70461,8737048,NOAA_NOS,IAN,2022,1260.0
2022-09-25 22:00:00,0.919,0.061,-0.8580000000000001,-88.039302,30.70461,8737048,NOAA_NOS,IAN,2022,1320.0
2022-09-25 23:00:00,0.751,-0.099,-0.85,-88.039302,30.70461,8737048,NOAA_NOS,IAN,2022,1380.0
2022-09-26 00:00:00,0.581,-0.206,-0.7869999999999999,-88.039302,30.70461,8737048,NOAA_NOS,IAN,2022,1440.0
2022-09-26 01:00:00,0.509,-0.258,-0.767,-88.039302,30.70461,8737048,NOAA_NOS,IAN,2022,1500.0
2022-09-26 02:00:00,0.564,-0.242,-0.8059999999999999,-88.039302,30.70461,8737048,NOAA_NOS,IAN,2022,1560.0
2022-09-26 03:00:00,0.748,-0.136,-0.884,-88.039302,30.70461,8737048,NOAA_NOS,IAN,2022,1620.0
2022-09-26 04:00:00,0.988,-0.004,-0.992,-88.039302,30.70461,8737048,NOAA_NOS,IAN,2022,1680.0
2022-09-26 05:00:00,1.207,0.111,-1.096,-88.039302,30.70461,8737048,NOAA_NOS,IAN,2022,1740.0
2022-09-26 06:00:00,1.325,0.176,-1.149,-88.039302,30.70461,8737048,NOAA_NOS,IAN,2022,1800.0
2022-09-26 07:00:00,1.371,0.175,-1.196,-88.039302,30.70461,8737048,NOAA_NOS,IAN,2022,1860.0
2022-09-26 08:00:00,1.375,0.122,-1.253,-88.039302,30.70461,8737048,NOAA_NOS,IAN,2022,1920.0
2022-09-26 09:00:00,1.28,-0.001,-1.281,-88.039302,30.70461,8737048,NOAA_NOS,IAN,2022,1980.0
2022-09-26 10:00:00,1.161,-0.152,-1.313,-88.039302,30.70461,8737048,NOAA_NOS,IAN,2022,2040.0
2022-09-26 11:00:00,0.935,-0.293,-1.228,-88.039302,30.70461,8737048,NOAA_NOS,IAN,2022,2100.0
2022-09-26 12:00:00,0.748,-0.397,-1.145,-88.039302,30.70461,8737048,NOAA_NOS,IAN,2022,2160.0
2022-09-26 13:00:00,0.6,-0.423,-1.023,-88.039302,30.70461,8737048,NOAA_NOS,IAN,2022,2220.0
2022-09-26 14:00:00,0.656,-0.337,-0.993,-88.039302,30.70461,8737048,NOAA_NOS,IAN,2022,2280.0
2022-09-26 15:00:00,0.778,-0.165,-0.943,-88.039302,30.70461,8737048,NOAA_NOS,IAN,2022,2340.0
2022-09-26 16:00:00,0.899,0.019,-0.88,-88.039302,30.70461,8737048,NOAA_NOS,IAN,2022,2400.0
2022-09-26 17:00:00,1.001,0.172,-0.829,-88.039302,30.70461,8737048,NOAA_NOS,IAN,2022,2460.0
2022-09-26 18:00:00,1.155,0.279,-0.876,-88.039302,30.70461,8737048,NOAA_NOS,IAN,2022,2520.0
2022-09-26 19:00:00,1.316,0.343,-0.973,-88.039302,30.70461,8737048,NOAA_NOS,IAN,2022,2580.0
2022-09-26 20:00:00,1.411,0.366,-1.045,-88.039302,30.70461,8737048,NOAA_NOS,IAN,2022,2640.0
2022-09-26 21:00:00,1.421,0.299,-1.122,-88.039302,30.70461,8737048,NOAA_NOS,IAN,2022,2700.0
2022-09-26 22:00:00,1.289,0.165,-1.124,-88.039302,30.70461,8737048,NOAA_NOS,IAN,2022,2760.0
2022-09-26 23:00:00,1.079,0.016,-1.063,-88.039302,30.70461,8737048,NOAA_NOS,IAN,2022,2820.0
2022-09-27 00:00:00,0.817,-0.1,-0.917,-88.039302,30.70461,8737048,NOAA_NOS,IAN,2022,2880.0
2022-09-27 01:00:00,0.571,-0.141,-0.712,-88.039302,30.70461,8737048,NOAA_NOS,IAN,2022,2940.0
2022-09-27 02:00:00,0.446,-0.078,-0.524,-88.039302,30.70461,8737048,NOAA_NOS,IAN,2022,3000.0
2022-09-27 03:00:00,0.427,0.069,-0.358,-88.039302,30.70461,8737048,NOAA_NOS,IAN,2022,3060.0
2022-09-27 04:00:00,0.4,0.231,-0.169,-88.039302,30.70461,8737048,NOAA_NOS,IAN,2022,3120.0
2022-09-27 05:00:00,0.351,0.353,0.002,-88.039302,30.70461,8737048,NOAA_NOS,IAN,2022,3180.0
2022-09-27 06:00:00,0.213,0.411,0.1979999999999999,-88.039302,30.70461,8737048,NOAA_NOS,IAN,2022,3240.0
2022-09-27 07:00:00,0.21,0.387,0.177,-88.039302,30.70461,8737048,NOAA_NOS,IAN,2022,3300.0
2022-09-27 08:00:00,0.141,0.276,0.135,-88.039302,30.70461,8737048,NOAA_NOS,IAN,2022,3360.0
2022-09-27 09:00:00,0.062,0.114,0.052,-88.039302,30.70461,8737048,NOAA_NOS,IAN,2022,3420.0
2022-09-27 10:00:00,-0.069,-0.072,-0.0029999999999999,-88.039302,30.70461,8737048,NOAA_NOS,IAN,2022,3480.0
2022-09-27 11:00:00,-0.121,-0.245,-0.124,-88.039302,30.70461,8737048,NOAA_NOS,IAN,2022,3540.0
2022-09-27 12:00:00,-0.187,-0.396,-0.209,-88.039302,30.70461,8737048,NOAA_NOS,IAN,2022,3600.0
2022-09-27 13:00:00,-0.246,-0.513,-0.267,-88.039302,30.70461,8737048,NOAA_NOS,IAN,2022,3660.0
2022-09-27 14:00:00,-0.246,-0.58,-0.3339999999999999,-88.039302,30.70461,8737048,NOAA_NOS,IAN,2022,3720.0
2022-09-27 15:00:00,-0.085,-0.556,-0.471,-88.039302,30.70461,8737048,NOAA_NOS,IAN,2022,3780.0
2022-09-27 16:00:00,0.154,-0.425,-0.579,-88.039302,30.70461,8737048,NOAA_NOS,IAN,2022,3840.0
2022-09-27 17:00:00,0.295,-0.259,-0.554,-88.039302,30.70461,8737048,NOAA_NOS,IAN,2022,3900.0
2022-09-27 18:00:00,0.338,-0.104,-0.442,-88.039302,30.70461,8737048,NOAA_NOS,IAN,2022,3960.0
2022-09-27 19:00:00,0.407,0.017,-0.3899999999999999,-88.039302,30.70461,8737048,NOAA_NOS,IAN,2022,4020.0
2022-09-27 20:00:00,0.367,0.107,-0.26,-88.039302,30.70461,8737048,NOAA_NOS,IAN,2022,4080.0
2022-09-27 21:00:00,0.348,0.186,-0.1619999999999999,-88.039302,30.70461,8737048,NOAA_NOS,IAN,2022,4140.0
2022-09-27 22:00:00,0.318,0.223,-0.095,-88.039302,30.70461,8737048,NOAA_NOS,IAN,2022,4200.0
2022-09-27 23:00:00,0.249,0.214,-0.035,-88.039302,30.70461,8737048,NOAA_NOS,IAN,2022,4260.0
2022-09-28 00:00:00,0.203,0.173,-0.03,-88.039302,30.70461,8737048,NOAA_NOS,IAN,2022,4320.0
2022-09-28 01:00:00,0.056,0.153,0.097,-88.039302,30.70461,8737048,NOAA_NOS,IAN,2022,4380.0
2022-09-28 02:00:00,0.079,0.231,0.152,-88.039302,30.70461,8737048,NOAA_NOS,IAN,2022,4440.0
2022-09-28 03:00:00,0.174,0.375,0.201,-88.039302,30.70461,8737048,NOAA_NOS,IAN,2022,4500.0
2022-09-28 04:00:00,0.223,0.53,0.307,-88.039302,30.70461,8737048,NOAA_NOS,IAN,2022,4560.0
2022-09-28 05:00:00,0.243,0.64,0.397,-88.039302,30.70461,8737048,NOAA_NOS,IAN,2022,4620.0
2022-09-28 06:00:00,0.341,0.682,0.341,-88.039302,30.70461,8737048,NOAA_NOS,IAN,2022,4680.0
2022-09-28 07:00:00,0.472,0.624,0.152,-88.039302,30.70461,8737048,NOAA_NOS,IAN,2022,4740.0
2022-09-28 08:00:00,0.482,0.471,-0.011,-88.039302,30.70461,8737048,NOAA_NOS,IAN,2022,4800.0
2022-09-28 09:00:00,0.39,0.284,-0.106,-88.039302,30.70461,8737048,NOAA_NOS,IAN,2022,4860.0
2022-09-28 10:00:00,0.243,0.091,-0.152,-88.039302,30.70461,8737048,NOAA_NOS,IAN,2022,4920.0
2022-09-28 11:00:00,0.102,-0.101,-0.203,-88.039302,30.70461,8737048,NOAA_NOS,IAN,2022,4980.0
2022-09-28 12:00:00,-0.072,-0.288,-0.2159999999999999,-88.039302,30.70461,8737048,NOAA_NOS,IAN,2022,5040.0
2022-09-28 13:00:00,-0.335,-0.461,-0.126,-88.039302,30.70461,8737048,NOAA_NOS,IAN,2022,5100.0
2022-09-28 14:00:00,-0.574,-0.608,-0.034,-88.039302,30.70461,8737048,NOAA_NOS,IAN,2022,5160.0
2022-09-28 15:00:00,-0.705,-0.717,-0.012,-88.039302,30.70461,8737048,NOAA_NOS,IAN,2022,5220.0
2022-09-28 16:00:00,-0.896,-0.753,0.143,-88.039302,30.70461,8737048,NOAA_NOS,IAN,2022,5280.0
2022-09-28 17:00:00,-0.942,-0.703,0.239,-88.039302,30.70461,8737048,NOAA_NOS,IAN,2022,5340.0
2022-09-28 18:00:00,-0.925,-0.591,0.3340000000000001,-88.039302,30.70461,8737048,NOAA_NOS,IAN,2022,5400.0
2022-09-28 19:00:00,-0.791,-0.461,0.33,-88.039302,30.70461,8737048,NOAA_NOS,IAN,2022,5460.0
2022-09-28 20:00:00,-0.663,-0.343,0.32,-88.039302,30.70461,8737048,NOAA_NOS,IAN,2022,5520.0
2022-09-28 21:00:00,-0.495,-0.244,0.251,-88.039302,30.70461,8737048,NOAA_NOS,IAN,2022,5580.0
2022-09-28 22:00:00,-0.44,-0.158,0.282,-88.039302,30.70461,8737048,NOAA_NOS,IAN,2022,5640.0
2022-09-28 23:00:00,-0.472,-0.102,0.37,-88.039302,30.70461,8737048,NOAA_NOS,IAN,2022,5700.0
2022-09-29 00:00:00,-0.469,-0.067,0.4019999999999999,-88.039302,30.70461,8737048,NOAA_NOS,IAN,2022,5760.0
2022-09-29 01:00:00,-0.459,-0.028,0.431,-88.039302,30.70461,8737048,NOAA_NOS,IAN,2022,5820.0
2022-09-29 02:00:00,-0.482,0.047,0.529,-88.039302,30.70461,8737048,NOAA_NOS,IAN,2022,5880.0
2022-09-29 03:00:00,-0.443,0.185,0.628,-88.039302,30.70461,8737048,NOAA_NOS,IAN,2022,5940.0
2022-09-29 04:00:00,-0.354,0.32,0.6739999999999999,-88.039302,30.70461,8737048,NOAA_NOS,IAN,2022,6000.0
2022-09-29 05:00:00,-0.423,0.43,0.853,-88.039302,30.70461,8737048,NOAA_NOS,IAN,2022,6060.0
2022-09-29 06:00:00,-0.482,0.475,0.957,-88.039302,30.70461,8737048,NOAA_NOS,IAN,2022,6120.0
2022-09-29 07:00:00,-0.512,0.448,0.96,-88.039302,30.70461,8737048,NOAA_NOS,IAN,2022,6180.0
2022-09-29 08:00:00,-0.512,0.337,0.849,-88.039302,30.70461,8737048,NOAA_NOS,IAN,2022,6240.0
2022-09-29 09:00:00,-0.64,0.17,0.81,-88.039302,30.70461,8737048,NOAA_NOS,IAN,2022,6300.0
2022-09-29 10:00:00,-0.738,-0.019,0.719,-88.039302,30.70461,8737048,NOAA_NOS,IAN,2022,6360.0
2022-09-29 11:00:00,-0.902,-0.225,0.677,-88.039302,30.70461,8737048,NOAA_NOS,IAN,2022,6420.0
2022-09-29 12:00:00,-1.102,-0.438,0.6640000000000001,-88.039302,30.70461,8737048,NOAA_NOS,IAN,2022,6480.0
2022-09-29 13:00:00,-1.322,-0.649,0.673,-88.039302,30.70461,8737048,NOAA_NOS,IAN,2022,6540.0
2022-09-29 14:00:00,-1.535,-0.837,0.698,-88.039302,30.70461,8737048,NOAA_NOS,IAN,2022,6600.0
2022-09-29 15:00:00,-1.745,-1.014,0.7310000000000001,-88.039302,30.70461,8737048,NOAA_NOS,IAN,2022,6660.0
2022-09-29 16:00:00,-1.919,-1.159,0.76,-88.039302,30.70461,8737048,NOAA_NOS,IAN,2022,6720.0
2022-09-29 17:00:00,-1.903,-1.26,0.643,-88.039302,30.70461,8737048,NOAA_NOS,IAN,2022,6780.0
2022-09-29 18:00:00,-1.844,-1.334,0.51,-88.039302,30.70461,8737048,NOAA_NOS,IAN,2022,6840.0
2022-09-29 19:00:00,-1.827,-1.365,0.4619999999999999,-88.039302,30.70461,8737048,NOAA_NOS,IAN,2022,6900.0
2022-09-29 20:00:00,-1.775,-1.324,0.4509999999999998,-88.039302,30.70461,8737048,NOAA_NOS,IAN,2022,6960.0
2022-09-29 21:00:00,-1.673,-1.194,0.4790000000000001,-88.039302,30.70461,8737048,NOAA_NOS,IAN,2022,7020.0
2022-09-29 22:00:00,-1.522,-1.03,0.492,-88.039302,30.70461,8737048,NOAA_NOS,IAN,2022,7080.0
2022-09-29 23:00:00,-1.398,-0.861,0.5369999999999999,-88.039302,30.70461,8737048,NOAA_NOS,IAN,2022,7140.0
2022-09-30 00:00:00,-1.306,-0.713,0.5930000000000001,-88.039302,30.70461,8737048,NOAA_NOS,IAN,2022,7200.0
2022-09-30 01:00:00,-1.253,-0.575,0.6779999999999999,-88.039302,30.70461,8737048,NOAA_NOS,IAN,2022,7260.0
2022-09-30 02:00:00,-1.047,-0.411,0.6359999999999999,-88.039302,30.70461,8737048,NOAA_NOS,IAN,2022,7320.0
2022-09-30 03:00:00,-0.814,-0.233,0.581,-88.039302,30.70461,8737048,NOAA_NOS,IAN,2022,7380.0
2022-09-30 04:00:00,-0.535,-0.037,0.498,-88.039302,30.70461,8737048,NOAA_NOS,IAN,2022,7440.0
2022-09-30 05:00:00,-0.246,0.162,0.408,-88.039302,30.70461,8737048,NOAA_NOS,IAN,2022,7500.0
2022-09-30 06:00:00,0.013,0.342,0.329,-88.039302,30.70461,8737048,NOAA_NOS,IAN,2022,7560.0
2022-09-30 07:00:00,0.256,0.481,0.2249999999999999,-88.039302,30.70461,8737048,NOAA_NOS,IAN,2022,7620.0
2022-09-30 08:00:00,0.394,0.549,0.155,-88.039302,30.70461,8737048,NOAA_NOS,IAN,2022,7680.0
2022-09-30 09:00:00,0.535,0.501,-0.034,-88.039302,30.70461,8737048,NOAA_NOS,IAN,2022,7740.0
2022-09-30 10:00:00,0.535,0.326,-0.209,-88.039302,30.70461,8737048,NOAA_NOS,IAN,2022,7800.0
2022-09-30 11:00:00,0.43,0.113,-0.317,-88.039302,30.70461,8737048,NOAA_NOS,IAN,2022,7860.0
2022-09-30 12:00:00,0.236,-0.103,-0.3389999999999999,-88.039302,30.70461,8737048,NOAA_NOS,IAN,2022,7920.0
2022-09-30 13:00:00,-0.062,-0.305,-0.243,-88.039302,30.70461,8737048,NOAA_NOS,IAN,2022,7980.0
2022-09-30 14:00:00,-0.374,-0.499,-0.125,-88.039302,30.70461,8737048,NOAA_NOS,IAN,2022,8040.0
2022-09-30 15:00:00,-0.633,-0.681,-0.048,-88.039302,30.70461,8737048,NOAA_NOS,IAN,2022,8100.0
2022-09-30 16:00:00,-0.817,-0.848,-0.031,-88.039302,30.70461,8737048,NOAA_NOS,IAN,2022,8160.0
2022-09-30 17:00:00,-0.978,-0.981,-0.003,-88.039302,30.70461,8737048,NOAA_NOS,IAN,2022,8220.0
2022-09-30 18:00:00,-1.106,-1.084,0.022,-88.039302,30.70461,8737048,NOAA_NOS,IAN,2022,8280.0
2022-09-30 19:00:00,-1.198,-1.137,0.0609999999999999,-88.039302,30.70461,8737048,NOAA_NOS,IAN,2022,8340.0
2022-09-30 20:00:00,-1.132,-1.125,0.0069999999999998,-88.039302,30.70461,8737048,NOAA_NOS,IAN,2022,8400.0
2022-09-30 21:00:00,-0.961,-1.019,-0.0579999999999999,-88.039302,30.70461,8737048,NOAA_NOS,IAN,2022,8460.0
2022-09-30 22:00:00,-0.679,-0.855,-0.1759999999999999,-88.039302,30.70461,8737048,NOAA_NOS,IAN,2022,8520.0
2022-09-30 23:00:00,-0.459,-0.657,-0.198,-88.039302,30.70461,8737048,NOAA_NOS,IAN,2022,8580.0
2022-10-01 00:00:00,-0.308,-0.467,-0.159,-88.039302,30.70461,8737048,NOAA_NOS,IAN,2022,8640.0
2022-10-01 01:00:00,-0.105,-0.268,-0.163,-88.039302,30.70461,8737048,NOAA_NOS,IAN,2022,8700.0
2022-10-01 02:00:00,0.112,-0.062,-0.174,-88.039302,30.70461,8737048,NOAA_NOS,IAN,2022,8760.0
2022-10-01 03:00:00,0.328,0.154,-0.174,-88.039302,30.70461,8737048,NOAA_NOS,IAN,2022,8820.0
2022-10-01 04:00:00,0.482,0.384,-0.0979999999999999,-88.039302,30.70461,8737048,NOAA_NOS,IAN,2022,8880.0
2022-10-01 05:00:00,0.643,0.63,-0.013,-88.039302,30.70461,8737048,NOAA_NOS,IAN,2022,8940.0
2022-10-01 06:00:00,0.774,0.874,0.0999999999999999,-88.039302,30.70461,8737048,NOAA_NOS,IAN,2022,9000.0
2022-10-01 07:00:00,0.922,1.082,0.16,-88.039302,30.70461,8737048,NOAA_NOS,IAN,2022,9060.0
2022-10-01 08:00:00,0.955,1.22,0.265,-88.039302,30.70461,8737048,NOAA_NOS,IAN,2022,9120.0
2022-10-01 09:00:00,0.951,1.229,0.2780000000000001,-88.039302,30.70461,8737048,NOAA_NOS,IAN,2022,9180.0
2022-10-01 10:00:00,0.833,1.092,0.2590000000000001,-88.039302,30.70461,8737048,NOAA_NOS,IAN,2022,9240.0
2022-10-01 11:00:00,0.659,0.88,0.2209999999999999,-88.039302,30.70461,8737048,NOAA_NOS,IAN,2022,9300.0
2022-10-01 12:00:00,0.371,0.647,0.276,-88.039302,30.70461,8737048,NOAA_NOS,IAN,2022,9360.0
2022-10-01 13:00:00,0.098,0.421,0.3229999999999999,-88.039302,30.70461,8737048,NOAA_NOS,IAN,2022,9420.0
2022-10-01 14:00:00,-0.164,0.21,0.374,-88.039302,30.70461,8737048,NOAA_NOS,IAN,2022,9480.0
2022-10-01 15:00:00,-0.377,0.0,0.377,-88.039302,30.70461,8737048,NOAA_NOS,IAN,2022,9540.0
2022-10-01 16:00:00,-0.614,-0.216,0.398,-88.039302,30.70461,8737048,NOAA_NOS,IAN,2022,9600.0
2022-10-01 17:00:00,-0.748,-0.427,0.321,-88.039302,30.70461,8737048,NOAA_NOS,IAN,2022,9660.0
2022-10-01 18:00:00,-0.902,-0.62,0.282,-88.039302,30.70461,8737048,NOAA_NOS,IAN,2022,9720.0
2022-10-01 19:00:00,-0.974,-0.801,0.1729999999999999,-88.039302,30.70461,8737048,NOAA_NOS,IAN,2022,9780.0
2022-10-01 20:00:00,-0.991,-0.934,0.0569999999999999,-88.039302,30.70461,8737048,NOAA_NOS,IAN,2022,9840.0
2022-10-01 21:00:00,-0.951,-1.031,-0.0799999999999999,-88.039302,30.70461,8737048,NOAA_NOS,IAN,2022,9900.0
2022-10-01 22:00:00,-0.889,-1.066,-0.177,-88.039302,30.70461,8737048,NOAA_NOS,IAN,2022,9960.0
2022-10-01 23:00:00,-0.781,-0.973,-0.1919999999999999,-88.039302,30.70461,8737048,NOAA_NOS,IAN,2022,10020.0
2022-09-25 01:00:00,0.577,-0.401,-0.978,-89.3241,30.325,8747437,NOAA_NOS,IAN,2022,60.0
2022-09-25 02:00:00,0.568,-0.371,-0.939,-89.3241,30.325,8747437,NOAA_NOS,IAN,2022,120.0
2022-09-25 03:00:00,0.696,-0.262,-0.958,-89.3241,30.325,8747437,NOAA_NOS,IAN,2022,180.0
2022-09-25 04:00:00,0.909,-0.104,-1.013,-89.3241,30.325,8747437,NOAA_NOS,IAN,2022,240.0
2022-09-25 05:00:00,1.122,0.022,-1.1,-89.3241,30.325,8747437,NOAA_NOS,IAN,2022,300.0
2022-09-25 06:00:00,1.299,0.092,-1.207,-89.3241,30.325,8747437,NOAA_NOS,IAN,2022,360.0
2022-09-25 07:00:00,1.332,0.099,-1.233,-89.3241,30.325,8747437,NOAA_NOS,IAN,2022,420.0
2022-09-25 08:00:00,1.253,0.021,-1.232,-89.3241,30.325,8747437,NOAA_NOS,IAN,2022,480.0
2022-09-25 09:00:00,1.132,-0.095,-1.227,-89.3241,30.325,8747437,NOAA_NOS,IAN,2022,540.0
2022-09-25 10:00:00,1.037,-0.176,-1.213,-89.3241,30.325,8747437,NOAA_NOS,IAN,2022,600.0
2022-09-25 11:00:00,0.978,-0.214,-1.192,-89.3241,30.325,8747437,NOAA_NOS,IAN,2022,660.0
2022-09-25 12:00:00,0.925,-0.211,-1.136,-89.3241,30.325,8747437,NOAA_NOS,IAN,2022,720.0
2022-09-25 13:00:00,0.925,-0.132,-1.057,-89.3241,30.325,8747437,NOAA_NOS,IAN,2022,780.0
2022-09-25 14:00:00,0.968,0.05,-0.918,-89.3241,30.325,8747437,NOAA_NOS,IAN,2022,840.0
2022-09-25 15:00:00,1.122,0.237,-0.8850000000000001,-89.3241,30.325,8747437,NOAA_NOS,IAN,2022,900.0
2022-09-25 16:00:00,1.306,0.351,-0.955,-89.3241,30.325,8747437,NOAA_NOS,IAN,2022,960.0
2022-09-25 17:00:00,1.394,0.414,-0.98,-89.3241,30.325,8747437,NOAA_NOS,IAN,2022,1020.0
2022-09-25 18:00:00,1.352,0.431,-0.921,-89.3241,30.325,8747437,NOAA_NOS,IAN,2022,1080.0
2022-09-25 19:00:00,1.283,0.4,-0.8829999999999999,-89.3241,30.325,8747437,NOAA_NOS,IAN,2022,1140.0
2022-09-25 20:00:00,1.142,0.319,-0.823,-89.3241,30.325,8747437,NOAA_NOS,IAN,2022,1200.0
2022-09-25 21:00:00,1.014,0.169,-0.845,-89.3241,30.325,8747437,NOAA_NOS,IAN,2022,1260.0
2022-09-25 22:00:00,0.889,-0.008,-0.897,-89.3241,30.325,8747437,NOAA_NOS,IAN,2022,1320.0
2022-09-25 23:00:00,0.797,-0.14,-0.937,-89.3241,30.325,8747437,NOAA_NOS,IAN,2022,1380.0
2022-09-26 00:00:00,0.696,-0.228,-0.924,-89.3241,30.325,8747437,NOAA_NOS,IAN,2022,1440.0
2022-09-26 01:00:00,0.63,-0.259,-0.889,-89.3241,30.325,8747437,NOAA_NOS,IAN,2022,1500.0
2022-09-26 02:00:00,0.673,-0.204,-0.877,-89.3241,30.325,8747437,NOAA_NOS,IAN,2022,1560.0
2022-09-26 03:00:00,0.82,-0.074,-0.8939999999999999,-89.3241,30.325,8747437,NOAA_NOS,IAN,2022,1620.0
2022-09-26 04:00:00,1.066,0.067,-0.999,-89.3241,30.325,8747437,NOAA_NOS,IAN,2022,1680.0
2022-09-26 05:00:00,1.247,0.15,-1.0970000000000002,-89.3241,30.325,8747437,NOAA_NOS,IAN,2022,1740.0
2022-09-26 06:00:00,1.299,0.17,-1.129,-89.3241,30.325,8747437,NOAA_NOS,IAN,2022,1800.0
2022-09-26 07:00:00,1.28,0.139,-1.141,-89.3241,30.325,8747437,NOAA_NOS,IAN,2022,1860.0
2022-09-26 08:00:00,1.211,0.06,-1.151,-89.3241,30.325,8747437,NOAA_NOS,IAN,2022,1920.0
2022-09-26 09:00:00,1.148,-0.062,-1.21,-89.3241,30.325,8747437,NOAA_NOS,IAN,2022,1980.0
2022-09-26 10:00:00,1.04,-0.178,-1.218,-89.3241,30.325,8747437,NOAA_NOS,IAN,2022,2040.0
2022-09-26 11:00:00,0.873,-0.266,-1.139,-89.3241,30.325,8747437,NOAA_NOS,IAN,2022,2100.0
2022-09-26 12:00:00,0.689,-0.338,-1.027,-89.3241,30.325,8747437,NOAA_NOS,IAN,2022,2160.0
2022-09-26 13:00:00,0.587,-0.368,-0.955,-89.3241,30.325,8747437,NOAA_NOS,IAN,2022,2220.0
2022-09-26 14:00:00,0.659,-0.297,-0.956,-89.3241,30.325,8747437,NOAA_NOS,IAN,2022,2280.0
2022-09-26 15:00:00,0.883,-0.094,-0.977,-89.3241,30.325,8747437,NOAA_NOS,IAN,2022,2340.0
2022-09-26 16:00:00,1.119,0.109,-1.01,-89.3241,30.325,8747437,NOAA_NOS,IAN,2022,2400.0
2022-09-26 17:00:00,1.224,0.236,-0.988,-89.3241,30.325,8747437,NOAA_NOS,IAN,2022,2460.0
2022-09-26 18:00:00,1.266,0.311,-0.955,-89.3241,30.325,8747437,NOAA_NOS,IAN,2022,2520.0
2022-09-26 19:00:00,1.316,0.336,-0.98,-89.3241,30.325,8747437,NOAA_NOS,IAN,2022,2580.0
2022-09-26 20:00:00,1.411,0.304,-1.107,-89.3241,30.325,8747437,NOAA_NOS,IAN,2022,2640.0
2022-09-26 21:00:00,1.558,0.223,-1.335,-89.3241,30.325,8747437,NOAA_NOS,IAN,2022,2700.0
2022-09-26 22:00:00,1.519,0.094,-1.4249999999999998,-89.3241,30.325,8747437,NOAA_NOS,IAN,2022,2760.0
2022-09-26 23:00:00,1.339,-0.039,-1.378,-89.3241,30.325,8747437,NOAA_NOS,IAN,2022,2820.0
2022-09-27 00:00:00,1.03,-0.119,-1.149,-89.3241,30.325,8747437,NOAA_NOS,IAN,2022,2880.0
2022-09-27 01:00:00,0.814,-0.135,-0.949,-89.3241,30.325,8747437,NOAA_NOS,IAN,2022,2940.0
2022-09-27 02:00:00,0.761,-0.054,-0.8150000000000001,-89.3241,30.325,8747437,NOAA_NOS,IAN,2022,3000.0
2022-09-27 03:00:00,0.886,0.128,-0.758,-89.3241,30.325,8747437,NOAA_NOS,IAN,2022,3060.0
2022-09-27 04:00:00,0.994,0.285,-0.7090000000000001,-89.3241,30.325,8747437,NOAA_NOS,IAN,2022,3120.0
2022-09-27 05:00:00,0.991,0.355,-0.636,-89.3241,30.325,8747437,NOAA_NOS,IAN,2022,3180.0
2022-09-27 06:00:00,0.919,0.362,-0.557,-89.3241,30.325,8747437,NOAA_NOS,IAN,2022,3240.0
2022-09-27 07:00:00,0.912,0.308,-0.6040000000000001,-89.3241,30.325,8747437,NOAA_NOS,IAN,2022,3300.0
2022-09-27 08:00:00,0.856,0.188,-0.6679999999999999,-89.3241,30.325,8747437,NOAA_NOS,IAN,2022,3360.0
2022-09-27 09:00:00,0.883,0.023,-0.86,-89.3241,30.325,8747437,NOAA_NOS,IAN,2022,3420.0
2022-09-27 10:00:00,0.961,-0.124,-1.085,-89.3241,30.325,8747437,NOAA_NOS,IAN,2022,3480.0
2022-09-27 11:00:00,0.984,-0.252,-1.236,-89.3241,30.325,8747437,NOAA_NOS,IAN,2022,3540.0
2022-09-27 12:00:00,0.876,-0.378,-1.254,-89.3241,30.325,8747437,NOAA_NOS,IAN,2022,3600.0
2022-09-27 13:00:00,0.784,-0.477,-1.261,-89.3241,30.325,8747437,NOAA_NOS,IAN,2022,3660.0
2022-09-27 14:00:00,0.761,-0.529,-1.29,-89.3241,30.325,8747437,NOAA_NOS,IAN,2022,3720.0
2022-09-27 15:00:00,0.919,-0.496,-1.415,-89.3241,30.325,8747437,NOAA_NOS,IAN,2022,3780.0
2022-09-27 16:00:00,1.102,-0.341,-1.443,-89.3241,30.325,8747437,NOAA_NOS,IAN,2022,3840.0
2022-09-27 17:00:00,1.171,-0.135,-1.306,-89.3241,30.325,8747437,NOAA_NOS,IAN,2022,3900.0
2022-09-27 18:00:00,1.214,0.023,-1.191,-89.3241,30.325,8747437,NOAA_NOS,IAN,2022,3960.0
2022-09-27 19:00:00,1.217,0.125,-1.092,-89.3241,30.325,8747437,NOAA_NOS,IAN,2022,4020.0
2022-09-27 20:00:00,1.188,0.183,-1.005,-89.3241,30.325,8747437,NOAA_NOS,IAN,2022,4080.0
2022-09-27 21:00:00,1.099,0.193,-0.906,-89.3241,30.325,8747437,NOAA_NOS,IAN,2022,4140.0
2022-09-27 22:00:00,1.073,0.178,-0.895,-89.3241,30.325,8747437,NOAA_NOS,IAN,2022,4200.0
2022-09-27 23:00:00,0.988,0.154,-0.834,-89.3241,30.325,8747437,NOAA_NOS,IAN,2022,4260.0
2022-09-28 00:00:00,0.945,0.116,-0.829,-89.3241,30.325,8747437,NOAA_NOS,IAN,2022,4320.0
2022-09-28 01:00:00,0.974,0.123,-0.851,-89.3241,30.325,8747437,NOAA_NOS,IAN,2022,4380.0
2022-09-28 02:00:00,0.984,0.222,-0.762,-89.3241,30.325,8747437,NOAA_NOS,IAN,2022,4440.0
2022-09-28 03:00:00,0.991,0.354,-0.637,-89.3241,30.325,8747437,NOAA_NOS,IAN,2022,4500.0
2022-09-28 04:00:00,1.089,0.483,-0.606,-89.3241,30.325,8747437,NOAA_NOS,IAN,2022,4560.0
2022-09-28 05:00:00,1.211,0.582,-0.6290000000000001,-89.3241,30.325,8747437,NOAA_NOS,IAN,2022,4620.0
2022-09-28 06:00:00,1.299,0.614,-0.6849999999999999,-89.3241,30.325,8747437,NOAA_NOS,IAN,2022,4680.0
2022-09-28 07:00:00,1.371,0.538,-0.833,-89.3241,30.325,8747437,NOAA_NOS,IAN,2022,4740.0
2022-09-28 08:00:00,1.434,0.374,-1.06,-89.3241,30.325,8747437,NOAA_NOS,IAN,2022,4800.0
2022-09-28 09:00:00,1.309,0.183,-1.126,-89.3241,30.325,8747437,NOAA_NOS,IAN,2022,4860.0
2022-09-28 10:00:00,1.175,0.007,-1.168,-89.3241,30.325,8747437,NOAA_NOS,IAN,2022,4920.0
2022-09-28 11:00:00,1.083,-0.157,-1.24,-89.3241,30.325,8747437,NOAA_NOS,IAN,2022,4980.0
2022-09-28 12:00:00,0.902,-0.316,-1.218,-89.3241,30.325,8747437,NOAA_NOS,IAN,2022,5040.0
2022-09-28 13:00:00,0.738,-0.449,-1.187,-89.3241,30.325,8747437,NOAA_NOS,IAN,2022,5100.0
2022-09-28 14:00:00,0.633,-0.559,-1.1920000000000002,-89.3241,30.325,8747437,NOAA_NOS,IAN,2022,5160.0
2022-09-28 15:00:00,0.666,-0.641,-1.307,-89.3241,30.325,8747437,NOAA_NOS,IAN,2022,5220.0
2022-09-28 16:00:00,0.83,-0.658,-1.488,-89.3241,30.325,8747437,NOAA_NOS,IAN,2022,5280.0
2022-09-28 17:00:00,0.833,-0.581,-1.414,-89.3241,30.325,8747437,NOAA_NOS,IAN,2022,5340.0
2022-09-28 18:00:00,0.853,-0.431,-1.284,-89.3241,30.325,8747437,NOAA_NOS,IAN,2022,5400.0
2022-09-28 19:00:00,0.915,-0.271,-1.186,-89.3241,30.325,8747437,NOAA_NOS,IAN,2022,5460.0
2022-09-28 20:00:00,0.912,-0.14,-1.052,-89.3241,30.325,8747437,NOAA_NOS,IAN,2022,5520.0
2022-09-28 21:00:00,0.948,-0.04,-0.988,-89.3241,30.325,8747437,NOAA_NOS,IAN,2022,5580.0
2022-09-28 22:00:00,1.004,0.016,-0.988,-89.3241,30.325,8747437,NOAA_NOS,IAN,2022,5640.0
2022-09-28 23:00:00,0.896,0.02,-0.876,-89.3241,30.325,8747437,NOAA_NOS,IAN,2022,5700.0
2022-09-29 00:00:00,0.764,0.002,-0.762,-89.3241,30.325,8747437,NOAA_NOS,IAN,2022,5760.0
2022-09-29 01:00:00,0.817,0.017,-0.7999999999999999,-89.3241,30.325,8747437,NOAA_NOS,IAN,2022,5820.0
2022-09-29 02:00:00,0.873,0.118,-0.755,-89.3241,30.325,8747437,NOAA_NOS,IAN,2022,5880.0
2022-09-29 03:00:00,0.873,0.271,-0.602,-89.3241,30.325,8747437,NOAA_NOS,IAN,2022,5940.0
2022-09-29 04:00:00,0.804,0.428,-0.376,-89.3241,30.325,8747437,NOAA_NOS,IAN,2022,6000.0
2022-09-29 05:00:00,0.64,0.554,-0.0859999999999999,-89.3241,30.325,8747437,NOAA_NOS,IAN,2022,6060.0
2022-09-29 06:00:00,0.505,0.602,0.0969999999999999,-89.3241,30.325,8747437,NOAA_NOS,IAN,2022,6120.0
2022-09-29 07:00:00,0.433,0.542,0.109,-89.3241,30.325,8747437,NOAA_NOS,IAN,2022,6180.0
2022-09-29 08:00:00,0.466,0.399,-0.067,-89.3241,30.325,8747437,NOAA_NOS,IAN,2022,6240.0
2022-09-29 09:00:00,0.666,0.219,-0.447,-89.3241,30.325,8747437,NOAA_NOS,IAN,2022,6300.0
2022-09-29 10:00:00,0.768,0.039,-0.729,-89.3241,30.325,8747437,NOAA_NOS,IAN,2022,6360.0
2022-09-29 11:00:00,0.61,-0.143,-0.753,-89.3241,30.325,8747437,NOAA_NOS,IAN,2022,6420.0
2022-09-29 12:00:00,0.331,-0.327,-0.658,-89.3241,30.325,8747437,NOAA_NOS,IAN,2022,6480.0
2022-09-29 13:00:00,0.007,-0.499,-0.506,-89.3241,30.325,8747437,NOAA_NOS,IAN,2022,6540.0
2022-09-29 14:00:00,-0.292,-0.66,-0.368,-89.3241,30.325,8747437,NOAA_NOS,IAN,2022,6600.0
2022-09-29 15:00:00,-0.528,-0.813,-0.2849999999999999,-89.3241,30.325,8747437,NOAA_NOS,IAN,2022,6660.0
2022-09-29 16:00:00,-0.676,-0.927,-0.251,-89.3241,30.325,8747437,NOAA_NOS,IAN,2022,6720.0
2022-09-29 17:00:00,-0.751,-0.999,-0.248,-89.3241,30.325,8747437,NOAA_NOS,IAN,2022,6780.0
2022-09-29 18:00:00,-0.866,-1.023,-0.1569999999999999,-89.3241,30.325,8747437,NOAA_NOS,IAN,2022,6840.0
2022-09-29 19:00:00,-0.869,-1.01,-0.141,-89.3241,30.325,8747437,NOAA_NOS,IAN,2022,6900.0
2022-09-29 20:00:00,-0.778,-0.96,-0.1819999999999999,-89.3241,30.325,8747437,NOAA_NOS,IAN,2022,6960.0
2022-09-29 21:00:00,-0.604,-0.859,-0.255,-89.3241,30.325,8747437,NOAA_NOS,IAN,2022,7020.0
2022-09-29 22:00:00,-0.449,-0.7,-0.2509999999999999,-89.3241,30.325,8747437,NOAA_NOS,IAN,2022,7080.0
2022-09-29 23:00:00,-0.4,-0.531,-0.131,-89.3241,30.325,8747437,NOAA_NOS,IAN,2022,7140.0
2022-09-30 00:00:00,-0.335,-0.397,-0.062,-89.3241,30.325,8747437,NOAA_NOS,IAN,2022,7200.0
2022-09-30 01:00:00,-0.2,-0.294,-0.0939999999999999,-89.3241,30.325,8747437,NOAA_NOS,IAN,2022,7260.0
2022-09-30 02:00:00,-0.033,-0.194,-0.161,-89.3241,30.325,8747437,NOAA_NOS,IAN,2022,7320.0
2022-09-30 03:00:00,0.154,-0.073,-0.2269999999999999,-89.3241,30.325,8747437,NOAA_NOS,IAN,2022,7380.0
2022-09-30 04:00:00,0.348,0.071,-0.2769999999999999,-89.3241,30.325,8747437,NOAA_NOS,IAN,2022,7440.0
2022-09-30 05:00:00,0.538,0.231,-0.307,-89.3241,30.325,8747437,NOAA_NOS,IAN,2022,7500.0
2022-09-30 06:00:00,0.751,0.381,-0.37,-89.3241,30.325,8747437,NOAA_NOS,IAN,2022,7560.0
2022-09-30 07:00:00,0.896,0.485,-0.411,-89.3241,30.325,8747437,NOAA_NOS,IAN,2022,7620.0
2022-09-30 08:00:00,1.001,0.495,-0.5059999999999999,-89.3241,30.325,8747437,NOAA_NOS,IAN,2022,7680.0
2022-09-30 09:00:00,1.04,0.391,-0.649,-89.3241,30.325,8747437,NOAA_NOS,IAN,2022,7740.0
2022-09-30 10:00:00,1.01,0.195,-0.815,-89.3241,30.325,8747437,NOAA_NOS,IAN,2022,7800.0
2022-09-30 11:00:00,0.735,-0.034,-0.769,-89.3241,30.325,8747437,NOAA_NOS,IAN,2022,7860.0
2022-09-30 12:00:00,0.446,-0.223,-0.669,-89.3241,30.325,8747437,NOAA_NOS,IAN,2022,7920.0
2022-09-30 13:00:00,0.151,-0.399,-0.55,-89.3241,30.325,8747437,NOAA_NOS,IAN,2022,7980.0
2022-09-30 14:00:00,-0.092,-0.566,-0.474,-89.3241,30.325,8747437,NOAA_NOS,IAN,2022,8040.0
2022-09-30 15:00:00,-0.262,-0.712,-0.4499999999999999,-89.3241,30.325,8747437,NOAA_NOS,IAN,2022,8100.0
2022-09-30 16:00:00,-0.384,-0.845,-0.4609999999999999,-89.3241,30.325,8747437,NOAA_NOS,IAN,2022,8160.0
2022-09-30 17:00:00,-0.492,-0.954,-0.4619999999999999,-89.3241,30.325,8747437,NOAA_NOS,IAN,2022,8220.0
2022-09-30 18:00:00,-0.604,-1.02,-0.416,-89.3241,30.325,8747437,NOAA_NOS,IAN,2022,8280.0
2022-09-30 19:00:00,-0.617,-1.031,-0.4139999999999999,-89.3241,30.325,8747437,NOAA_NOS,IAN,2022,8340.0
2022-09-30 20:00:00,-0.564,-0.985,-0.421,-89.3241,30.325,8747437,NOAA_NOS,IAN,2022,8400.0
2022-09-30 21:00:00,-0.377,-0.884,-0.507,-89.3241,30.325,8747437,NOAA_NOS,IAN,2022,8460.0
2022-09-30 22:00:00,-0.161,-0.709,-0.5479999999999999,-89.3241,30.325,8747437,NOAA_NOS,IAN,2022,8520.0
2022-09-30 23:00:00,0.095,-0.489,-0.584,-89.3241,30.325,8747437,NOAA_NOS,IAN,2022,8580.0
2022-10-01 00:00:00,0.184,-0.28,-0.464,-89.3241,30.325,8747437,NOAA_NOS,IAN,2022,8640.0
2022-10-01 01:00:00,0.331,-0.095,-0.426,-89.3241,30.325,8747437,NOAA_NOS,IAN,2022,8700.0
2022-10-01 02:00:00,0.482,0.065,-0.417,-89.3241,30.325,8747437,NOAA_NOS,IAN,2022,8760.0
2022-10-01 03:00:00,0.633,0.215,-0.418,-89.3241,30.325,8747437,NOAA_NOS,IAN,2022,8820.0
2022-10-01 04:00:00,0.837,0.379,-0.4579999999999999,-89.3241,30.325,8747437,NOAA_NOS,IAN,2022,8880.0
2022-10-01 05:00:00,1.014,0.565,-0.449,-89.3241,30.325,8747437,NOAA_NOS,IAN,2022,8940.0
2022-10-01 06:00:00,1.138,0.761,-0.3769999999999999,-89.3241,30.325,8747437,NOAA_NOS,IAN,2022,9000.0
2022-10-01 07:00:00,1.191,0.93,-0.261,-89.3241,30.325,8747437,NOAA_NOS,IAN,2022,9060.0
2022-10-01 08:00:00,1.217,1.034,-0.183,-89.3241,30.325,8747437,NOAA_NOS,IAN,2022,9120.0
2022-10-01 09:00:00,1.181,1.016,-0.165,-89.3241,30.325,8747437,NOAA_NOS,IAN,2022,9180.0
2022-10-01 10:00:00,1.024,0.854,-0.17,-89.3241,30.325,8747437,NOAA_NOS,IAN,2022,9240.0
2022-10-01 11:00:00,0.814,0.584,-0.2299999999999999,-89.3241,30.325,8747437,NOAA_NOS,IAN,2022,9300.0
2022-10-01 12:00:00,0.61,0.32,-0.29,-89.3241,30.325,8747437,NOAA_NOS,IAN,2022,9360.0
2022-10-01 13:00:00,0.358,0.107,-0.251,-89.3241,30.325,8747437,NOAA_NOS,IAN,2022,9420.0
2022-10-01 14:00:00,0.102,-0.083,-0.185,-89.3241,30.325,8747437,NOAA_NOS,IAN,2022,9480.0
2022-10-01 15:00:00,-0.167,-0.256,-0.089,-89.3241,30.325,8747437,NOAA_NOS,IAN,2022,9540.0
2022-10-01 16:00:00,-0.374,-0.41,-0.0359999999999999,-89.3241,30.325,8747437,NOAA_NOS,IAN,2022,9600.0
2022-10-01 17:00:00,-0.558,-0.559,-0.001,-89.3241,30.325,8747437,NOAA_NOS,IAN,2022,9660.0
2022-10-01 18:00:00,-0.719,-0.701,0.018,-89.3241,30.325,8747437,NOAA_NOS,IAN,2022,9720.0
2022-10-01 19:00:00,-0.817,-0.819,-0.002,-89.3241,30.325,8747437,NOAA_NOS,IAN,2022,9780.0
2022-10-01 20:00:00,-0.883,-0.904,-0.021,-89.3241,30.325,8747437,NOAA_NOS,IAN,2022,9840.0
2022-10-01 21:00:00,-0.801,-0.945,-0.1439999999999999,-89.3241,30.325,8747437,NOAA_NOS,IAN,2022,9900.0
2022-10-01 22:00:00,-0.692,-0.922,-0.2300000000000001,-89.3241,30.325,8747437,NOAA_NOS,IAN,2022,9960.0
2022-10-01 23:00:00,-0.509,-0.78,-0.271,-89.3241,30.325,8747437,NOAA_NOS,IAN,2022,10020.0
2022-09-25 01:00:00,-0.354,-0.241,0.1129999999999999,-89.258306,29.178306,8760721,NOAA_NOS,IAN,2022,60.0
2022-09-25 02:00:00,-0.269,-0.208,0.061,-89.258306,29.178306,8760721,NOAA_NOS,IAN,2022,120.0
2022-09-25 03:00:00,-0.24,-0.165,0.0749999999999999,-89.258306,29.178306,8760721,NOAA_NOS,IAN,2022,180.0
2022-09-25 04:00:00,-0.131,-0.118,0.013,-89.258306,29.178306,8760721,NOAA_NOS,IAN,2022,240.0
2022-09-25 05:00:00,-0.085,-0.088,-0.0029999999999999,-89.258306,29.178306,8760721,NOAA_NOS,IAN,2022,300.0
2022-09-25 06:00:00,-0.052,-0.09,-0.038,-89.258306,29.178306,8760721,NOAA_NOS,IAN,2022,360.0
2022-09-25 07:00:00,-0.016,-0.112,-0.096,-89.258306,29.178306,8760721,NOAA_NOS,IAN,2022,420.0
2022-09-25 08:00:00,0.013,-0.121,-0.134,-89.258306,29.178306,8760721,NOAA_NOS,IAN,2022,480.0
2022-09-25 09:00:00,0.02,-0.113,-0.133,-89.258306,29.178306,8760721,NOAA_NOS,IAN,2022,540.0
2022-09-25 10:00:00,0.013,-0.067,-0.08,-89.258306,29.178306,8760721,NOAA_NOS,IAN,2022,600.0
2022-09-25 11:00:00,0.02,0.003,-0.017,-89.258306,29.178306,8760721,NOAA_NOS,IAN,2022,660.0
2022-09-25 12:00:00,0.069,0.086,0.0169999999999999,-89.258306,29.178306,8760721,NOAA_NOS,IAN,2022,720.0
2022-09-25 13:00:00,0.135,0.153,0.0179999999999999,-89.258306,29.178306,8760721,NOAA_NOS,IAN,2022,780.0
2022-09-25 14:00:00,0.161,0.213,0.0519999999999999,-89.258306,29.178306,8760721,NOAA_NOS,IAN,2022,840.0
2022-09-25 15:00:00,0.157,0.262,0.105,-89.258306,29.178306,8760721,NOAA_NOS,IAN,2022,900.0
2022-09-25 16:00:00,0.141,0.3,0.159,-89.258306,29.178306,8760721,NOAA_NOS,IAN,2022,960.0
2022-09-25 17:00:00,0.108,0.302,0.194,-89.258306,29.178306,8760721,NOAA_NOS,IAN,2022,1020.0
2022-09-25 18:00:00,0.059,0.246,0.187,-89.258306,29.178306,8760721,NOAA_NOS,IAN,2022,1080.0
2022-09-25 19:00:00,-0.007,0.157,0.164,-89.258306,29.178306,8760721,NOAA_NOS,IAN,2022,1140.0
2022-09-25 20:00:00,-0.049,0.072,0.121,-89.258306,29.178306,8760721,NOAA_NOS,IAN,2022,1200.0
2022-09-25 21:00:00,-0.157,-0.005,0.152,-89.258306,29.178306,8760721,NOAA_NOS,IAN,2022,1260.0
2022-09-25 22:00:00,-0.262,-0.06,0.202,-89.258306,29.178306,8760721,NOAA_NOS,IAN,2022,1320.0
2022-09-25 23:00:00,-0.276,-0.079,0.197,-89.258306,29.178306,8760721,NOAA_NOS,IAN,2022,1380.0
2022-09-26 00:00:00,-0.207,-0.062,0.145,-89.258306,29.178306,8760721,NOAA_NOS,IAN,2022,1440.0
2022-09-26 01:00:00,-0.115,-0.036,0.079,-89.258306,29.178306,8760721,NOAA_NOS,IAN,2022,1500.0
2022-09-26 02:00:00,-0.069,-0.021,0.048,-89.258306,29.178306,8760721,NOAA_NOS,IAN,2022,1560.0
2022-09-26 03:00:00,0.016,-0.012,-0.028,-89.258306,29.178306,8760721,NOAA_NOS,IAN,2022,1620.0
2022-09-26 04:00:00,0.059,0.001,-0.0579999999999999,-89.258306,29.178306,8760721,NOAA_NOS,IAN,2022,1680.0
2022-09-26 05:00:00,0.092,0.007,-0.0849999999999999,-89.258306,29.178306,8760721,NOAA_NOS,IAN,2022,1740.0
2022-09-26 06:00:00,0.118,-0.023,-0.141,-89.258306,29.178306,8760721,NOAA_NOS,IAN,2022,1800.0
2022-09-26 07:00:00,0.128,-0.089,-0.217,-89.258306,29.178306,8760721,NOAA_NOS,IAN,2022,1860.0
2022-09-26 08:00:00,0.079,-0.154,-0.2329999999999999,-89.258306,29.178306,8760721,NOAA_NOS,IAN,2022,1920.0
2022-09-26 09:00:00,0.049,-0.204,-0.253,-89.258306,29.178306,8760721,NOAA_NOS,IAN,2022,1980.0
2022-09-26 10:00:00,0.026,-0.228,-0.254,-89.258306,29.178306,8760721,NOAA_NOS,IAN,2022,2040.0
2022-09-26 11:00:00,0.072,-0.207,-0.2789999999999999,-89.258306,29.178306,8760721,NOAA_NOS,IAN,2022,2100.0
2022-09-26 12:00:00,0.128,-0.137,-0.265,-89.258306,29.178306,8760721,NOAA_NOS,IAN,2022,2160.0
2022-09-26 13:00:00,0.154,-0.059,-0.213,-89.258306,29.178306,8760721,NOAA_NOS,IAN,2022,2220.0
2022-09-26 14:00:00,0.2,0.01,-0.19,-89.258306,29.178306,8760721,NOAA_NOS,IAN,2022,2280.0
2022-09-26 15:00:00,0.226,0.073,-0.153,-89.258306,29.178306,8760721,NOAA_NOS,IAN,2022,2340.0
2022-09-26 16:00:00,0.246,0.132,-0.1139999999999999,-89.258306,29.178306,8760721,NOAA_NOS,IAN,2022,2400.0
2022-09-26 17:00:00,0.285,0.181,-0.1039999999999999,-89.258306,29.178306,8760721,NOAA_NOS,IAN,2022,2460.0
2022-09-26 18:00:00,0.279,0.198,-0.081,-89.258306,29.178306,8760721,NOAA_NOS,IAN,2022,2520.0
2022-09-26 19:00:00,0.266,0.166,-0.1,-89.258306,29.178306,8760721,NOAA_NOS,IAN,2022,2580.0
2022-09-26 20:00:00,0.249,0.112,-0.137,-89.258306,29.178306,8760721,NOAA_NOS,IAN,2022,2640.0
2022-09-26 21:00:00,0.135,0.076,-0.059,-89.258306,29.178306,8760721,NOAA_NOS,IAN,2022,2700.0
2022-09-26 22:00:00,0.033,0.063,0.03,-89.258306,29.178306,8760721,NOAA_NOS,IAN,2022,2760.0
2022-09-26 23:00:00,-0.007,0.079,0.086,-89.258306,29.178306,8760721,NOAA_NOS,IAN,2022,2820.0
2022-09-27 00:00:00,0.125,0.125,0.0,-89.258306,29.178306,8760721,NOAA_NOS,IAN,2022,2880.0
2022-09-27 01:00:00,0.167,0.17,0.003,-89.258306,29.178306,8760721,NOAA_NOS,IAN,2022,2940.0
2022-09-27 02:00:00,0.305,0.199,-0.1059999999999999,-89.258306,29.178306,8760721,NOAA_NOS,IAN,2022,3000.0
2022-09-27 03:00:00,0.184,0.208,0.0239999999999999,-89.258306,29.178306,8760721,NOAA_NOS,IAN,2022,3060.0
2022-09-27 04:00:00,0.177,0.196,0.019,-89.258306,29.178306,8760721,NOAA_NOS,IAN,2022,3120.0
2022-09-27 05:00:00,0.135,0.165,0.03,-89.258306,29.178306,8760721,NOAA_NOS,IAN,2022,3180.0
2022-09-27 06:00:00,0.43,0.106,-0.324,-89.258306,29.178306,8760721,NOAA_NOS,IAN,2022,3240.0
2022-09-27 07:00:00,0.443,0.014,-0.429,-89.258306,29.178306,8760721,NOAA_NOS,IAN,2022,3300.0
2022-09-27 08:00:00,0.367,-0.101,-0.4679999999999999,-89.258306,29.178306,8760721,NOAA_NOS,IAN,2022,3360.0
2022-09-27 09:00:00,0.302,-0.218,-0.52,-89.258306,29.178306,8760721,NOAA_NOS,IAN,2022,3420.0
2022-09-27 10:00:00,0.243,-0.318,-0.5609999999999999,-89.258306,29.178306,8760721,NOAA_NOS,IAN,2022,3480.0
2022-09-27 11:00:00,0.22,-0.391,-0.611,-89.258306,29.178306,8760721,NOAA_NOS,IAN,2022,3540.0
2022-09-27 12:00:00,0.197,-0.409,-0.606,-89.258306,29.178306,8760721,NOAA_NOS,IAN,2022,3600.0
2022-09-27 13:00:00,0.19,-0.373,-0.563,-89.258306,29.178306,8760721,NOAA_NOS,IAN,2022,3660.0
2022-09-27 14:00:00,0.194,-0.309,-0.503,-89.258306,29.178306,8760721,NOAA_NOS,IAN,2022,3720.0
2022-09-27 15:00:00,0.249,-0.241,-0.49,-89.258306,29.178306,8760721,NOAA_NOS,IAN,2022,3780.0
2022-09-27 16:00:00,0.253,-0.166,-0.419,-89.258306,29.178306,8760721,NOAA_NOS,IAN,2022,3840.0
2022-09-27 17:00:00,0.171,-0.077,-0.248,-89.258306,29.178306,8760721,NOAA_NOS,IAN,2022,3900.0
2022-09-27 18:00:00,0.348,0.013,-0.3349999999999999,-89.258306,29.178306,8760721,NOAA_NOS,IAN,2022,3960.0
2022-09-27 19:00:00,0.397,0.083,-0.314,-89.258306,29.178306,8760721,NOAA_NOS,IAN,2022,4020.0
2022-09-27 20:00:00,0.413,0.125,-0.288,-89.258306,29.178306,8760721,NOAA_NOS,IAN,2022,4080.0
2022-09-27 21:00:00,0.41,0.157,-0.253,-89.258306,29.178306,8760721,NOAA_NOS,IAN,2022,4140.0
2022-09-27 22:00:00,0.413,0.199,-0.2139999999999999,-89.258306,29.178306,8760721,NOAA_NOS,IAN,2022,4200.0
2022-09-27 23:00:00,0.456,0.25,-0.206,-89.258306,29.178306,8760721,NOAA_NOS,IAN,2022,4260.0
2022-09-28 00:00:00,0.538,0.318,-0.22,-89.258306,29.178306,8760721,NOAA_NOS,IAN,2022,4320.0
2022-09-28 01:00:00,0.653,0.393,-0.26,-89.258306,29.178306,8760721,NOAA_NOS,IAN,2022,4380.0
2022-09-28 02:00:00,0.735,0.452,-0.283,-89.258306,29.178306,8760721,NOAA_NOS,IAN,2022,4440.0
2022-09-28 03:00:00,0.83,0.475,-0.355,-89.258306,29.178306,8760721,NOAA_NOS,IAN,2022,4500.0
2022-09-28 04:00:00,0.896,0.46,-0.436,-89.258306,29.178306,8760721,NOAA_NOS,IAN,2022,4560.0
2022-09-28 05:00:00,0.965,0.406,-0.5589999999999999,-89.258306,29.178306,8760721,NOAA_NOS,IAN,2022,4620.0
2022-09-28 06:00:00,1.01,0.326,-0.6839999999999999,-89.258306,29.178306,8760721,NOAA_NOS,IAN,2022,4680.0
2022-09-28 07:00:00,0.984,0.209,-0.775,-89.258306,29.178306,8760721,NOAA_NOS,IAN,2022,4740.0
2022-09-28 08:00:00,0.932,0.057,-0.875,-89.258306,29.178306,8760721,NOAA_NOS,IAN,2022,4800.0
2022-09-28 09:00:00,0.856,-0.105,-0.961,-89.258306,29.178306,8760721,NOAA_NOS,IAN,2022,4860.0
2022-09-28 10:00:00,0.784,-0.259,-1.043,-89.258306,29.178306,8760721,NOAA_NOS,IAN,2022,4920.0
2022-09-28 11:00:00,0.702,-0.396,-1.098,-89.258306,29.178306,8760721,NOAA_NOS,IAN,2022,4980.0
2022-09-28 12:00:00,0.676,-0.496,-1.1720000000000002,-89.258306,29.178306,8760721,NOAA_NOS,IAN,2022,5040.0
2022-09-28 13:00:00,0.646,-0.535,-1.181,-89.258306,29.178306,8760721,NOAA_NOS,IAN,2022,5100.0
2022-09-28 14:00:00,0.636,-0.533,-1.169,-89.258306,29.178306,8760721,NOAA_NOS,IAN,2022,5160.0
2022-09-28 15:00:00,0.676,-0.499,-1.175,-89.258306,29.178306,8760721,NOAA_NOS,IAN,2022,5220.0
2022-09-28 16:00:00,0.607,-0.446,-1.053,-89.258306,29.178306,8760721,NOAA_NOS,IAN,2022,5280.0
2022-09-28 17:00:00,0.617,-0.367,-0.984,-89.258306,29.178306,8760721,NOAA_NOS,IAN,2022,5340.0
2022-09-28 18:00:00,0.64,-0.268,-0.908,-89.258306,29.178306,8760721,NOAA_NOS,IAN,2022,5400.0
2022-09-28 19:00:00,0.715,-0.157,-0.872,-89.258306,29.178306,8760721,NOAA_NOS,IAN,2022,5460.0
2022-09-28 20:00:00,0.715,-0.065,-0.78,-89.258306,29.178306,8760721,NOAA_NOS,IAN,2022,5520.0
2022-09-28 21:00:00,0.696,0.018,-0.6779999999999999,-89.258306,29.178306,8760721,NOAA_NOS,IAN,2022,5580.0
2022-09-28 22:00:00,0.65,0.115,-0.535,-89.258306,29.178306,8760721,NOAA_NOS,IAN,2022,5640.0
2022-09-28 23:00:00,0.722,0.23,-0.492,-89.258306,29.178306,8760721,NOAA_NOS,IAN,2022,5700.0
2022-09-29 00:00:00,0.814,0.351,-0.4629999999999999,-89.258306,29.178306,8760721,NOAA_NOS,IAN,2022,5760.0
2022-09-29 01:00:00,0.889,0.48,-0.409,-89.258306,29.178306,8760721,NOAA_NOS,IAN,2022,5820.0
2022-09-29 02:00:00,0.958,0.6,-0.358,-89.258306,29.178306,8760721,NOAA_NOS,IAN,2022,5880.0
2022-09-29 03:00:00,1.007,0.67,-0.3369999999999998,-89.258306,29.178306,8760721,NOAA_NOS,IAN,2022,5940.0
2022-09-29 04:00:00,0.994,0.692,-0.302,-89.258306,29.178306,8760721,NOAA_NOS,IAN,2022,6000.0
2022-09-29 05:00:00,0.965,0.679,-0.2859999999999999,-89.258306,29.178306,8760721,NOAA_NOS,IAN,2022,6060.0
2022-09-29 06:00:00,0.906,0.626,-0.28,-89.258306,29.178306,8760721,NOAA_NOS,IAN,2022,6120.0
2022-09-29 07:00:00,0.948,0.527,-0.4209999999999999,-89.258306,29.178306,8760721,NOAA_NOS,IAN,2022,6180.0
2022-09-29 08:00:00,0.85,0.362,-0.488,-89.258306,29.178306,8760721,NOAA_NOS,IAN,2022,6240.0
2022-09-29 09:00:00,0.63,0.156,-0.474,-89.258306,29.178306,8760721,NOAA_NOS,IAN,2022,6300.0
2022-09-29 10:00:00,0.44,-0.069,-0.509,-89.258306,29.178306,8760721,NOAA_NOS,IAN,2022,6360.0
2022-09-29 11:00:00,0.246,-0.278,-0.524,-89.258306,29.178306,8760721,NOAA_NOS,IAN,2022,6420.0
2022-09-29 12:00:00,0.039,-0.464,-0.503,-89.258306,29.178306,8760721,NOAA_NOS,IAN,2022,6480.0
2022-09-29 13:00:00,-0.102,-0.608,-0.506,-89.258306,29.178306,8760721,NOAA_NOS,IAN,2022,6540.0
2022-09-29 14:00:00,-0.246,-0.713,-0.4669999999999999,-89.258306,29.178306,8760721,NOAA_NOS,IAN,2022,6600.0
2022-09-29 15:00:00,-0.354,-0.773,-0.419,-89.258306,29.178306,8760721,NOAA_NOS,IAN,2022,6660.0
2022-09-29 16:00:00,-0.417,-0.795,-0.378,-89.258306,29.178306,8760721,NOAA_NOS,IAN,2022,6720.0
2022-09-29 17:00:00,-0.574,-0.773,-0.199,-89.258306,29.178306,8760721,NOAA_NOS,IAN,2022,6780.0
2022-09-29 18:00:00,-0.594,-0.697,-0.1029999999999999,-89.258306,29.178306,8760721,NOAA_NOS,IAN,2022,6840.0
2022-09-29 19:00:00,-0.584,-0.581,0.003,-89.258306,29.178306,8760721,NOAA_NOS,IAN,2022,6900.0
2022-09-29 20:00:00,-0.571,-0.458,0.1129999999999999,-89.258306,29.178306,8760721,NOAA_NOS,IAN,2022,6960.0
2022-09-29 21:00:00,-0.561,-0.343,0.218,-89.258306,29.178306,8760721,NOAA_NOS,IAN,2022,7020.0
2022-09-29 22:00:00,-0.522,-0.24,0.282,-89.258306,29.178306,8760721,NOAA_NOS,IAN,2022,7080.0
2022-09-29 23:00:00,-0.407,-0.119,0.288,-89.258306,29.178306,8760721,NOAA_NOS,IAN,2022,7140.0
2022-09-30 00:00:00,-0.292,0.014,0.306,-89.258306,29.178306,8760721,NOAA_NOS,IAN,2022,7200.0
2022-09-30 01:00:00,-0.125,0.157,0.282,-89.258306,29.178306,8760721,NOAA_NOS,IAN,2022,7260.0
2022-09-30 02:00:00,0.102,0.302,0.2,-89.258306,29.178306,8760721,NOAA_NOS,IAN,2022,7320.0
2022-09-30 03:00:00,0.135,0.437,0.302,-89.258306,29.178306,8760721,NOAA_NOS,IAN,2022,7380.0
2022-09-30 04:00:00,0.325,0.531,0.206,-89.258306,29.178306,8760721,NOAA_NOS,IAN,2022,7440.0
2022-09-30 05:00:00,0.325,0.572,0.2469999999999999,-89.258306,29.178306,8760721,NOAA_NOS,IAN,2022,7500.0
2022-09-30 06:00:00,0.394,0.554,0.16,-89.258306,29.178306,8760721,NOAA_NOS,IAN,2022,7560.0
2022-09-30 07:00:00,0.341,0.478,0.1369999999999999,-89.258306,29.178306,8760721,NOAA_NOS,IAN,2022,7620.0
2022-09-30 08:00:00,0.24,0.35,0.1099999999999999,-89.258306,29.178306,8760721,NOAA_NOS,IAN,2022,7680.0
2022-09-30 09:00:00,0.079,0.172,0.0929999999999999,-89.258306,29.178306,8760721,NOAA_NOS,IAN,2022,7740.0
2022-09-30 10:00:00,-0.135,-0.036,0.099,-89.258306,29.178306,8760721,NOAA_NOS,IAN,2022,7800.0
2022-09-30 11:00:00,-0.348,-0.252,0.0959999999999999,-89.258306,29.178306,8760721,NOAA_NOS,IAN,2022,7860.0
2022-09-30 12:00:00,-0.551,-0.461,0.09,-89.258306,29.178306,8760721,NOAA_NOS,IAN,2022,7920.0
2022-09-30 13:00:00,-0.745,-0.649,0.0959999999999999,-89.258306,29.178306,8760721,NOAA_NOS,IAN,2022,7980.0
2022-09-30 14:00:00,-0.879,-0.801,0.0779999999999999,-89.258306,29.178306,8760721,NOAA_NOS,IAN,2022,8040.0
2022-09-30 15:00:00,-0.997,-0.911,0.0859999999999999,-89.258306,29.178306,8760721,NOAA_NOS,IAN,2022,8100.0
2022-09-30 16:00:00,-1.115,-0.981,0.134,-89.258306,29.178306,8760721,NOAA_NOS,IAN,2022,8160.0
2022-09-30 17:00:00,-1.178,-1.008,0.1699999999999999,-89.258306,29.178306,8760721,NOAA_NOS,IAN,2022,8220.0
2022-09-30 18:00:00,-1.145,-0.998,0.147,-89.258306,29.178306,8760721,NOAA_NOS,IAN,2022,8280.0
2022-09-30 19:00:00,-1.093,-0.91,0.1829999999999999,-89.258306,29.178306,8760721,NOAA_NOS,IAN,2022,8340.0
2022-09-30 20:00:00,-0.997,-0.763,0.2339999999999999,-89.258306,29.178306,8760721,NOAA_NOS,IAN,2022,8400.0
2022-09-30 21:00:00,-0.889,-0.59,0.299,-89.258306,29.178306,8760721,NOAA_NOS,IAN,2022,8460.0
2022-09-30 22:00:00,-0.853,-0.416,0.437,-89.258306,29.178306,8760721,NOAA_NOS,IAN,2022,8520.0
2022-09-30 23:00:00,-0.719,-0.243,0.476,-89.258306,29.178306,8760721,NOAA_NOS,IAN,2022,8580.0
2022-10-01 00:00:00,-0.482,-0.05,0.432,-89.258306,29.178306,8760721,NOAA_NOS,IAN,2022,8640.0
2022-10-01 01:00:00,-0.322,0.148,0.47,-89.258306,29.178306,8760721,NOAA_NOS,IAN,2022,8700.0
2022-10-01 02:00:00,-0.066,0.346,0.412,-89.258306,29.178306,8760721,NOAA_NOS,IAN,2022,8760.0
2022-10-01 03:00:00,0.105,0.542,0.437,-89.258306,29.178306,8760721,NOAA_NOS,IAN,2022,8820.0
2022-10-01 04:00:00,0.226,0.711,0.485,-89.258306,29.178306,8760721,NOAA_NOS,IAN,2022,8880.0
2022-10-01 05:00:00,0.289,0.828,0.5389999999999999,-89.258306,29.178306,8760721,NOAA_NOS,IAN,2022,8940.0
2022-10-01 06:00:00,0.354,0.867,0.513,-89.258306,29.178306,8760721,NOAA_NOS,IAN,2022,9000.0
2022-10-01 07:00:00,0.338,0.813,0.4749999999999999,-89.258306,29.178306,8760721,NOAA_NOS,IAN,2022,9060.0
2022-10-01 08:00:00,0.308,0.693,0.3849999999999999,-89.258306,29.178306,8760721,NOAA_NOS,IAN,2022,9120.0
2022-10-01 09:00:00,0.213,0.551,0.3380000000000001,-89.258306,29.178306,8760721,NOAA_NOS,IAN,2022,9180.0
2022-10-01 10:00:00,0.056,0.37,0.314,-89.258306,29.178306,8760721,NOAA_NOS,IAN,2022,9240.0
2022-10-01 11:00:00,-0.092,0.156,0.248,-89.258306,29.178306,8760721,NOAA_NOS,IAN,2022,9300.0
2022-10-01 12:00:00,-0.243,-0.073,0.1699999999999999,-89.258306,29.178306,8760721,NOAA_NOS,IAN,2022,9360.0
2022-10-01 13:00:00,-0.502,-0.303,0.199,-89.258306,29.178306,8760721,NOAA_NOS,IAN,2022,9420.0
2022-10-01 14:00:00,-0.676,-0.53,0.146,-89.258306,29.178306,8760721,NOAA_NOS,IAN,2022,9480.0
2022-10-01 15:00:00,-0.814,-0.725,0.0889999999999999,-89.258306,29.178306,8760721,NOAA_NOS,IAN,2022,9540.0
2022-10-01 16:00:00,-0.961,-0.879,0.0819999999999999,-89.258306,29.178306,8760721,NOAA_NOS,IAN,2022,9600.0
2022-10-01 17:00:00,-1.079,-0.988,0.0909999999999999,-89.258306,29.178306,8760721,NOAA_NOS,IAN,2022,9660.0
2022-10-01 18:00:00,-1.152,-1.05,0.1019999999999998,-89.258306,29.178306,8760721,NOAA_NOS,IAN,2022,9720.0
2022-10-01 19:00:00,-1.158,-1.06,0.0979999999999998,-89.258306,29.178306,8760721,NOAA_NOS,IAN,2022,9780.0
2022-10-01 20:00:00,-1.135,-0.983,0.152,-89.258306,29.178306,8760721,NOAA_NOS,IAN,2022,9840.0
2022-10-01 21:00:00,-1.04,-0.829,0.211,-89.258306,29.178306,8760721,NOAA_NOS,IAN,2022,9900.0
2022-10-01 22:00:00,-0.948,-0.631,0.3169999999999999,-89.258306,29.178306,8760721,NOAA_NOS,IAN,2022,9960.0
2022-10-01 23:00:00,-0.774,-0.419,0.355,-89.258306,29.178306,8760721,NOAA_NOS,IAN,2022,10020.0
2022-09-25 01:00:00,1.027,-0.219,-1.246,-89.4075,28.932222,8760922,NOAA_NOS,IAN,2022,60.0
2022-09-25 02:00:00,1.135,-0.185,-1.32,-89.4075,28.932222,8760922,NOAA_NOS,IAN,2022,120.0
2022-09-25 03:00:00,1.171,-0.149,-1.32,-89.4075,28.932222,8760922,NOAA_NOS,IAN,2022,180.0
2022-09-25 04:00:00,1.194,-0.129,-1.323,-89.4075,28.932222,8760922,NOAA_NOS,IAN,2022,240.0
2022-09-25 05:00:00,1.214,-0.122,-1.336,-89.4075,28.932222,8760922,NOAA_NOS,IAN,2022,300.0
2022-09-25 06:00:00,1.273,-0.126,-1.399,-89.4075,28.932222,8760922,NOAA_NOS,IAN,2022,360.0
2022-09-25 07:00:00,1.312,-0.117,-1.429,-89.4075,28.932222,8760922,NOAA_NOS,IAN,2022,420.0
2022-09-25 08:00:00,1.302,-0.107,-1.409,-89.4075,28.932222,8760922,NOAA_NOS,IAN,2022,480.0
2022-09-25 09:00:00,1.375,-0.063,-1.438,-89.4075,28.932222,8760922,NOAA_NOS,IAN,2022,540.0
2022-09-25 10:00:00,1.424,-0.0,-1.424,-89.4075,28.932222,8760922,NOAA_NOS,IAN,2022,600.0
2022-09-25 11:00:00,1.476,0.079,-1.397,-89.4075,28.932222,8760922,NOAA_NOS,IAN,2022,660.0
2022-09-25 12:00:00,1.562,0.142,-1.4200000000000002,-89.4075,28.932222,8760922,NOAA_NOS,IAN,2022,720.0
2022-09-25 13:00:00,1.654,0.197,-1.457,-89.4075,28.932222,8760922,NOAA_NOS,IAN,2022,780.0
2022-09-25 14:00:00,1.627,0.241,-1.386,-89.4075,28.932222,8760922,NOAA_NOS,IAN,2022,840.0
2022-09-25 15:00:00,1.634,0.273,-1.3609999999999998,-89.4075,28.932222,8760922,NOAA_NOS,IAN,2022,900.0
2022-09-25 16:00:00,1.594,0.271,-1.323,-89.4075,28.932222,8760922,NOAA_NOS,IAN,2022,960.0
2022-09-25 17:00:00,1.463,0.231,-1.232,-89.4075,28.932222,8760922,NOAA_NOS,IAN,2022,1020.0
2022-09-25 18:00:00,1.463,0.165,-1.298,-89.4075,28.932222,8760922,NOAA_NOS,IAN,2022,1080.0
2022-09-25 19:00:00,1.306,0.098,-1.208,-89.4075,28.932222,8760922,NOAA_NOS,IAN,2022,1140.0
2022-09-25 20:00:00,1.306,0.03,-1.276,-89.4075,28.932222,8760922,NOAA_NOS,IAN,2022,1200.0
2022-09-25 21:00:00,1.142,-0.017,-1.1589999999999998,-89.4075,28.932222,8760922,NOAA_NOS,IAN,2022,1260.0
2022-09-25 22:00:00,1.158,-0.04,-1.198,-89.4075,28.932222,8760922,NOAA_NOS,IAN,2022,1320.0
2022-09-25 23:00:00,1.22,-0.038,-1.258,-89.4075,28.932222,8760922,NOAA_NOS,IAN,2022,1380.0
2022-09-26 00:00:00,1.329,-0.032,-1.361,-89.4075,28.932222,8760922,NOAA_NOS,IAN,2022,1440.0
2022-09-26 01:00:00,1.378,-0.028,-1.406,-89.4075,28.932222,8760922,NOAA_NOS,IAN,2022,1500.0
2022-09-26 02:00:00,1.407,-0.022,-1.429,-89.4075,28.932222,8760922,NOAA_NOS,IAN,2022,1560.0
2022-09-26 03:00:00,1.493,-0.014,-1.507,-89.4075,28.932222,8760922,NOAA_NOS,IAN,2022,1620.0
2022-09-26 04:00:00,1.49,-0.016,-1.506,-89.4075,28.932222,8760922,NOAA_NOS,IAN,2022,1680.0
2022-09-26 05:00:00,1.555,-0.046,-1.601,-89.4075,28.932222,8760922,NOAA_NOS,IAN,2022,1740.0
2022-09-26 06:00:00,1.572,-0.099,-1.671,-89.4075,28.932222,8760922,NOAA_NOS,IAN,2022,1800.0
2022-09-26 07:00:00,1.621,-0.146,-1.767,-89.4075,28.932222,8760922,NOAA_NOS,IAN,2022,1860.0
2022-09-26 08:00:00,1.535,-0.186,-1.721,-89.4075,28.932222,8760922,NOAA_NOS,IAN,2022,1920.0
2022-09-26 09:00:00,1.499,-0.201,-1.7000000000000002,-89.4075,28.932222,8760922,NOAA_NOS,IAN,2022,1980.0
2022-09-26 10:00:00,1.506,-0.184,-1.69,-89.4075,28.932222,8760922,NOAA_NOS,IAN,2022,2040.0
2022-09-26 11:00:00,1.552,-0.131,-1.683,-89.4075,28.932222,8760922,NOAA_NOS,IAN,2022,2100.0
2022-09-26 12:00:00,1.64,-0.068,-1.708,-89.4075,28.932222,8760922,NOAA_NOS,IAN,2022,2160.0
2022-09-26 13:00:00,1.667,-0.008,-1.675,-89.4075,28.932222,8760922,NOAA_NOS,IAN,2022,2220.0
2022-09-26 14:00:00,1.719,0.05,-1.669,-89.4075,28.932222,8760922,NOAA_NOS,IAN,2022,2280.0
2022-09-26 15:00:00,1.703,0.103,-1.6,-89.4075,28.932222,8760922,NOAA_NOS,IAN,2022,2340.0
2022-09-26 16:00:00,1.722,0.146,-1.576,-89.4075,28.932222,8760922,NOAA_NOS,IAN,2022,2400.0
2022-09-26 17:00:00,1.699,0.159,-1.54,-89.4075,28.932222,8760922,NOAA_NOS,IAN,2022,2460.0
2022-09-26 18:00:00,1.66,0.146,-1.514,-89.4075,28.932222,8760922,NOAA_NOS,IAN,2022,2520.0
2022-09-26 19:00:00,1.581,0.123,-1.458,-89.4075,28.932222,8760922,NOAA_NOS,IAN,2022,2580.0
2022-09-26 20:00:00,1.473,0.101,-1.372,-89.4075,28.932222,8760922,NOAA_NOS,IAN,2022,2640.0
2022-09-26 21:00:00,1.44,0.092,-1.348,-89.4075,28.932222,8760922,NOAA_NOS,IAN,2022,2700.0
2022-09-26 22:00:00,1.365,0.103,-1.262,-89.4075,28.932222,8760922,NOAA_NOS,IAN,2022,2760.0
2022-09-26 23:00:00,1.483,0.136,-1.347,-89.4075,28.932222,8760922,NOAA_NOS,IAN,2022,2820.0
2022-09-27 00:00:00,1.578,0.172,-1.406,-89.4075,28.932222,8760922,NOAA_NOS,IAN,2022,2880.0
2022-09-27 01:00:00,1.526,0.195,-1.331,-89.4075,28.932222,8760922,NOAA_NOS,IAN,2022,2940.0
2022-09-27 02:00:00,1.568,0.201,-1.367,-89.4075,28.932222,8760922,NOAA_NOS,IAN,2022,3000.0
2022-09-27 03:00:00,1.463,0.186,-1.277,-89.4075,28.932222,8760922,NOAA_NOS,IAN,2022,3060.0
2022-09-27 04:00:00,1.509,0.156,-1.353,-89.4075,28.932222,8760922,NOAA_NOS,IAN,2022,3120.0
2022-09-27 05:00:00,1.516,0.098,-1.418,-89.4075,28.932222,8760922,NOAA_NOS,IAN,2022,3180.0
2022-09-27 06:00:00,1.417,0.003,-1.414,-89.4075,28.932222,8760922,NOAA_NOS,IAN,2022,3240.0
2022-09-27 07:00:00,1.302,-0.108,-1.41,-89.4075,28.932222,8760922,NOAA_NOS,IAN,2022,3300.0
2022-09-27 08:00:00,1.23,-0.217,-1.447,-89.4075,28.932222,8760922,NOAA_NOS,IAN,2022,3360.0
2022-09-27 09:00:00,1.148,-0.303,-1.4509999999999998,-89.4075,28.932222,8760922,NOAA_NOS,IAN,2022,3420.0
2022-09-27 10:00:00,1.096,-0.362,-1.4580000000000002,-89.4075,28.932222,8760922,NOAA_NOS,IAN,2022,3480.0
2022-09-27 11:00:00,1.02,-0.378,-1.398,-89.4075,28.932222,8760922,NOAA_NOS,IAN,2022,3540.0
2022-09-27 12:00:00,1.142,-0.359,-1.501,-89.4075,28.932222,8760922,NOAA_NOS,IAN,2022,3600.0
2022-09-27 13:00:00,1.253,-0.316,-1.569,-89.4075,28.932222,8760922,NOAA_NOS,IAN,2022,3660.0
2022-09-27 14:00:00,1.273,-0.263,-1.536,-89.4075,28.932222,8760922,NOAA_NOS,IAN,2022,3720.0
2022-09-27 15:00:00,1.362,-0.195,-1.5570000000000002,-89.4075,28.932222,8760922,NOAA_NOS,IAN,2022,3780.0
2022-09-27 16:00:00,1.394,-0.112,-1.506,-89.4075,28.932222,8760922,NOAA_NOS,IAN,2022,3840.0
2022-09-27 17:00:00,1.516,-0.027,-1.543,-89.4075,28.932222,8760922,NOAA_NOS,IAN,2022,3900.0
2022-09-27 18:00:00,1.535,0.038,-1.497,-89.4075,28.932222,8760922,NOAA_NOS,IAN,2022,3960.0
2022-09-27 19:00:00,1.614,0.087,-1.527,-89.4075,28.932222,8760922,NOAA_NOS,IAN,2022,4020.0
2022-09-27 20:00:00,1.663,0.138,-1.525,-89.4075,28.932222,8760922,NOAA_NOS,IAN,2022,4080.0
2022-09-27 21:00:00,1.752,0.194,-1.558,-89.4075,28.932222,8760922,NOAA_NOS,IAN,2022,4140.0
2022-09-27 22:00:00,1.768,0.252,-1.516,-89.4075,28.932222,8760922,NOAA_NOS,IAN,2022,4200.0
2022-09-27 23:00:00,1.798,0.323,-1.475,-89.4075,28.932222,8760922,NOAA_NOS,IAN,2022,4260.0
2022-09-28 00:00:00,1.939,0.396,-1.543,-89.4075,28.932222,8760922,NOAA_NOS,IAN,2022,4320.0
2022-09-28 01:00:00,1.982,0.449,-1.533,-89.4075,28.932222,8760922,NOAA_NOS,IAN,2022,4380.0
2022-09-28 02:00:00,2.021,0.466,-1.555,-89.4075,28.932222,8760922,NOAA_NOS,IAN,2022,4440.0
2022-09-28 03:00:00,2.073,0.449,-1.624,-89.4075,28.932222,8760922,NOAA_NOS,IAN,2022,4500.0
2022-09-28 04:00:00,2.057,0.4,-1.657,-89.4075,28.932222,8760922,NOAA_NOS,IAN,2022,4560.0
2022-09-28 05:00:00,2.028,0.323,-1.705,-89.4075,28.932222,8760922,NOAA_NOS,IAN,2022,4620.0
2022-09-28 06:00:00,1.929,0.199,-1.73,-89.4075,28.932222,8760922,NOAA_NOS,IAN,2022,4680.0
2022-09-28 07:00:00,1.827,0.036,-1.791,-89.4075,28.932222,8760922,NOAA_NOS,IAN,2022,4740.0
2022-09-28 08:00:00,1.755,-0.139,-1.894,-89.4075,28.932222,8760922,NOAA_NOS,IAN,2022,4800.0
2022-09-28 09:00:00,1.578,-0.298,-1.876,-89.4075,28.932222,8760922,NOAA_NOS,IAN,2022,4860.0
2022-09-28 10:00:00,1.463,-0.438,-1.901,-89.4075,28.932222,8760922,NOAA_NOS,IAN,2022,4920.0
2022-09-28 11:00:00,1.348,-0.541,-1.889,-89.4075,28.932222,8760922,NOAA_NOS,IAN,2022,4980.0
2022-09-28 12:00:00,1.309,-0.588,-1.897,-89.4075,28.932222,8760922,NOAA_NOS,IAN,2022,5040.0
2022-09-28 13:00:00,1.26,-0.595,-1.855,-89.4075,28.932222,8760922,NOAA_NOS,IAN,2022,5100.0
2022-09-28 14:00:00,1.335,-0.573,-1.908,-89.4075,28.932222,8760922,NOAA_NOS,IAN,2022,5160.0
2022-09-28 15:00:00,1.375,-0.537,-1.912,-89.4075,28.932222,8760922,NOAA_NOS,IAN,2022,5220.0
2022-09-28 16:00:00,1.44,-0.467,-1.907,-89.4075,28.932222,8760922,NOAA_NOS,IAN,2022,5280.0
2022-09-28 17:00:00,1.532,-0.362,-1.894,-89.4075,28.932222,8760922,NOAA_NOS,IAN,2022,5340.0
2022-09-28 18:00:00,1.67,-0.257,-1.927,-89.4075,28.932222,8760922,NOAA_NOS,IAN,2022,5400.0
2022-09-28 19:00:00,1.729,-0.171,-1.9,-89.4075,28.932222,8760922,NOAA_NOS,IAN,2022,5460.0
2022-09-28 20:00:00,1.818,-0.072,-1.89,-89.4075,28.932222,8760922,NOAA_NOS,IAN,2022,5520.0
2022-09-28 21:00:00,1.906,0.05,-1.856,-89.4075,28.932222,8760922,NOAA_NOS,IAN,2022,5580.0
2022-09-28 22:00:00,2.041,0.185,-1.856,-89.4075,28.932222,8760922,NOAA_NOS,IAN,2022,5640.0
2022-09-28 23:00:00,2.159,0.326,-1.833,-89.4075,28.932222,8760922,NOAA_NOS,IAN,2022,5700.0
2022-09-29 00:00:00,2.241,0.458,-1.783,-89.4075,28.932222,8760922,NOAA_NOS,IAN,2022,5760.0
2022-09-29 01:00:00,2.333,0.58,-1.753,-89.4075,28.932222,8760922,NOAA_NOS,IAN,2022,5820.0
2022-09-29 02:00:00,2.31,0.64,-1.67,-89.4075,28.932222,8760922,NOAA_NOS,IAN,2022,5880.0
2022-09-29 03:00:00,2.3,0.658,-1.642,-89.4075,28.932222,8760922,NOAA_NOS,IAN,2022,5940.0
2022-09-29 04:00:00,2.251,0.642,-1.609,-89.4075,28.932222,8760922,NOAA_NOS,IAN,2022,6000.0
2022-09-29 05:00:00,2.198,0.581,-1.617,-89.4075,28.932222,8760922,NOAA_NOS,IAN,2022,6060.0
2022-09-29 06:00:00,2.051,0.48,-1.5710000000000002,-89.4075,28.932222,8760922,NOAA_NOS,IAN,2022,6120.0
2022-09-29 07:00:00,1.9,0.31,-1.59,-89.4075,28.932222,8760922,NOAA_NOS,IAN,2022,6180.0
2022-09-29 08:00:00,1.66,0.096,-1.5639999999999998,-89.4075,28.932222,8760922,NOAA_NOS,IAN,2022,6240.0
2022-09-29 09:00:00,1.555,-0.134,-1.689,-89.4075,28.932222,8760922,NOAA_NOS,IAN,2022,6300.0
2022-09-29 10:00:00,1.309,-0.335,-1.644,-89.4075,28.932222,8760922,NOAA_NOS,IAN,2022,6360.0
2022-09-29 11:00:00,1.066,-0.502,-1.568,-89.4075,28.932222,8760922,NOAA_NOS,IAN,2022,6420.0
2022-09-29 12:00:00,0.869,-0.634,-1.503,-89.4075,28.932222,8760922,NOAA_NOS,IAN,2022,6480.0
2022-09-29 13:00:00,0.814,-0.716,-1.5299999999999998,-89.4075,28.932222,8760922,NOAA_NOS,IAN,2022,6540.0
2022-09-29 14:00:00,0.623,-0.764,-1.387,-89.4075,28.932222,8760922,NOAA_NOS,IAN,2022,6600.0
2022-09-29 15:00:00,0.699,-0.776,-1.475,-89.4075,28.932222,8760922,NOAA_NOS,IAN,2022,6660.0
2022-09-29 16:00:00,0.705,-0.753,-1.458,-89.4075,28.932222,8760922,NOAA_NOS,IAN,2022,6720.0
2022-09-29 17:00:00,0.738,-0.687,-1.425,-89.4075,28.932222,8760922,NOAA_NOS,IAN,2022,6780.0
2022-09-29 18:00:00,0.781,-0.573,-1.354,-89.4075,28.932222,8760922,NOAA_NOS,IAN,2022,6840.0
2022-09-29 19:00:00,0.82,-0.445,-1.265,-89.4075,28.932222,8760922,NOAA_NOS,IAN,2022,6900.0
2022-09-29 20:00:00,0.863,-0.318,-1.181,-89.4075,28.932222,8760922,NOAA_NOS,IAN,2022,6960.0
2022-09-29 21:00:00,0.968,-0.186,-1.154,-89.4075,28.932222,8760922,NOAA_NOS,IAN,2022,7020.0
2022-09-29 22:00:00,1.089,-0.031,-1.12,-89.4075,28.932222,8760922,NOAA_NOS,IAN,2022,7080.0
2022-09-29 23:00:00,1.23,0.129,-1.101,-89.4075,28.932222,8760922,NOAA_NOS,IAN,2022,7140.0
2022-09-30 00:00:00,1.388,0.285,-1.103,-89.4075,28.932222,8760922,NOAA_NOS,IAN,2022,7200.0
2022-09-30 01:00:00,1.473,0.437,-1.036,-89.4075,28.932222,8760922,NOAA_NOS,IAN,2022,7260.0
2022-09-30 02:00:00,1.608,0.565,-1.043,-89.4075,28.932222,8760922,NOAA_NOS,IAN,2022,7320.0
2022-09-30 03:00:00,1.663,0.644,-1.019,-89.4075,28.932222,8760922,NOAA_NOS,IAN,2022,7380.0
2022-09-30 04:00:00,1.719,0.66,-1.0590000000000002,-89.4075,28.932222,8760922,NOAA_NOS,IAN,2022,7440.0
2022-09-30 05:00:00,1.706,0.62,-1.086,-89.4075,28.932222,8760922,NOAA_NOS,IAN,2022,7500.0
2022-09-30 06:00:00,1.657,0.534,-1.123,-89.4075,28.932222,8760922,NOAA_NOS,IAN,2022,7560.0
2022-09-30 07:00:00,1.506,0.402,-1.104,-89.4075,28.932222,8760922,NOAA_NOS,IAN,2022,7620.0
2022-09-30 08:00:00,1.329,0.216,-1.113,-89.4075,28.932222,8760922,NOAA_NOS,IAN,2022,7680.0
2022-09-30 09:00:00,1.076,-0.005,-1.081,-89.4075,28.932222,8760922,NOAA_NOS,IAN,2022,7740.0
2022-09-30 10:00:00,0.883,-0.232,-1.115,-89.4075,28.932222,8760922,NOAA_NOS,IAN,2022,7800.0
2022-09-30 11:00:00,0.62,-0.446,-1.066,-89.4075,28.932222,8760922,NOAA_NOS,IAN,2022,7860.0
2022-09-30 12:00:00,0.397,-0.634,-1.031,-89.4075,28.932222,8760922,NOAA_NOS,IAN,2022,7920.0
2022-09-30 13:00:00,0.266,-0.788,-1.054,-89.4075,28.932222,8760922,NOAA_NOS,IAN,2022,7980.0
2022-09-30 14:00:00,0.121,-0.898,-1.019,-89.4075,28.932222,8760922,NOAA_NOS,IAN,2022,8040.0
2022-09-30 15:00:00,0.066,-0.96,-1.026,-89.4075,28.932222,8760922,NOAA_NOS,IAN,2022,8100.0
2022-09-30 16:00:00,0.052,-0.982,-1.034,-89.4075,28.932222,8760922,NOAA_NOS,IAN,2022,8160.0
2022-09-30 17:00:00,0.056,-0.967,-1.023,-89.4075,28.932222,8760922,NOAA_NOS,IAN,2022,8220.0
2022-09-30 18:00:00,0.167,-0.889,-1.056,-89.4075,28.932222,8760922,NOAA_NOS,IAN,2022,8280.0
2022-09-30 19:00:00,0.259,-0.757,-1.016,-89.4075,28.932222,8760922,NOAA_NOS,IAN,2022,8340.0
2022-09-30 20:00:00,0.341,-0.593,-0.934,-89.4075,28.932222,8760922,NOAA_NOS,IAN,2022,8400.0
2022-09-30 21:00:00,0.423,-0.415,-0.838,-89.4075,28.932222,8760922,NOAA_NOS,IAN,2022,8460.0
2022-09-30 22:00:00,0.682,-0.217,-0.899,-89.4075,28.932222,8760922,NOAA_NOS,IAN,2022,8520.0
2022-09-30 23:00:00,0.948,-0.003,-0.951,-89.4075,28.932222,8760922,NOAA_NOS,IAN,2022,8580.0
2022-10-01 00:00:00,1.152,0.205,-0.947,-89.4075,28.932222,8760922,NOAA_NOS,IAN,2022,8640.0
2022-10-01 01:00:00,1.375,0.406,-0.969,-89.4075,28.932222,8760922,NOAA_NOS,IAN,2022,8700.0
2022-10-01 02:00:00,1.542,0.597,-0.945,-89.4075,28.932222,8760922,NOAA_NOS,IAN,2022,8760.0
2022-10-01 03:00:00,1.683,0.745,-0.938,-89.4075,28.932222,8760922,NOAA_NOS,IAN,2022,8820.0
2022-10-01 04:00:00,1.752,0.828,-0.924,-89.4075,28.932222,8760922,NOAA_NOS,IAN,2022,8880.0
2022-10-01 05:00:00,1.709,0.834,-0.8750000000000001,-89.4075,28.932222,8760922,NOAA_NOS,IAN,2022,8940.0
2022-10-01 06:00:00,1.841,0.774,-1.067,-89.4075,28.932222,8760922,NOAA_NOS,IAN,2022,9000.0
2022-10-01 07:00:00,1.663,0.675,-0.988,-89.4075,28.932222,8760922,NOAA_NOS,IAN,2022,9060.0
2022-10-01 08:00:00,1.657,0.535,-1.122,-89.4075,28.932222,8760922,NOAA_NOS,IAN,2022,9120.0
2022-10-01 09:00:00,1.476,0.337,-1.139,-89.4075,28.932222,8760922,NOAA_NOS,IAN,2022,9180.0
2022-10-01 10:00:00,1.24,0.103,-1.137,-89.4075,28.932222,8760922,NOAA_NOS,IAN,2022,9240.0
2022-10-01 11:00:00,1.063,-0.153,-1.216,-89.4075,28.932222,8760922,NOAA_NOS,IAN,2022,9300.0
2022-10-01 12:00:00,0.833,-0.407,-1.24,-89.4075,28.932222,8760922,NOAA_NOS,IAN,2022,9360.0
2022-10-01 13:00:00,0.568,-0.64,-1.208,-89.4075,28.932222,8760922,NOAA_NOS,IAN,2022,9420.0
2022-10-01 14:00:00,0.463,-0.843,-1.306,-89.4075,28.932222,8760922,NOAA_NOS,IAN,2022,9480.0
2022-10-01 15:00:00,0.351,-0.99,-1.341,-89.4075,28.932222,8760922,NOAA_NOS,IAN,2022,9540.0
2022-10-01 16:00:00,0.279,-1.084,-1.363,-89.4075,28.932222,8760922,NOAA_NOS,IAN,2022,9600.0
2022-10-01 17:00:00,0.2,-1.129,-1.329,-89.4075,28.932222,8760922,NOAA_NOS,IAN,2022,9660.0
2022-10-01 18:00:00,0.246,-1.116,-1.362,-89.4075,28.932222,8760922,NOAA_NOS,IAN,2022,9720.0
2022-10-01 19:00:00,0.289,-1.025,-1.3139999999999998,-89.4075,28.932222,8760922,NOAA_NOS,IAN,2022,9780.0
2022-10-01 20:00:00,0.407,-0.867,-1.274,-89.4075,28.932222,8760922,NOAA_NOS,IAN,2022,9840.0
2022-10-01 21:00:00,0.564,-0.681,-1.245,-89.4075,28.932222,8760922,NOAA_NOS,IAN,2022,9900.0
2022-10-01 22:00:00,0.719,-0.471,-1.19,-89.4075,28.932222,8760922,NOAA_NOS,IAN,2022,9960.0
2022-10-01 23:00:00,0.922,-0.226,-1.148,-89.4075,28.932222,8760922,NOAA_NOS,IAN,2022,10020.0
2022-09-25 01:00:00,0.676,-0.086,-0.762,-89.678981,29.870579,8761305,NOAA_NOS,IAN,2022,60.0
2022-09-25 02:00:00,0.561,-0.14,-0.7010000000000001,-89.678981,29.870579,8761305,NOAA_NOS,IAN,2022,120.0
2022-09-25 03:00:00,0.509,-0.157,-0.666,-89.678981,29.870579,8761305,NOAA_NOS,IAN,2022,180.0
2022-09-25 04:00:00,0.512,-0.167,-0.679,-89.678981,29.870579,8761305,NOAA_NOS,IAN,2022,240.0
2022-09-25 05:00:00,0.587,-0.156,-0.743,-89.678981,29.870579,8761305,NOAA_NOS,IAN,2022,300.0
2022-09-25 06:00:00,0.741,-0.093,-0.834,-89.678981,29.870579,8761305,NOAA_NOS,IAN,2022,360.0
2022-09-25 07:00:00,0.945,0.001,-0.944,-89.678981,29.870579,8761305,NOAA_NOS,IAN,2022,420.0
2022-09-25 08:00:00,1.148,0.08,-1.0679999999999998,-89.678981,29.870579,8761305,NOAA_NOS,IAN,2022,480.0
2022-09-25 09:00:00,1.28,0.136,-1.144,-89.678981,29.870579,8761305,NOAA_NOS,IAN,2022,540.0
2022-09-25 10:00:00,1.299,0.14,-1.1589999999999998,-89.678981,29.870579,8761305,NOAA_NOS,IAN,2022,600.0
2022-09-25 11:00:00,1.257,0.057,-1.2,-89.678981,29.870579,8761305,NOAA_NOS,IAN,2022,660.0
2022-09-25 12:00:00,1.158,-0.038,-1.196,-89.678981,29.870579,8761305,NOAA_NOS,IAN,2022,720.0
2022-09-25 13:00:00,1.066,-0.107,-1.173,-89.678981,29.870579,8761305,NOAA_NOS,IAN,2022,780.0
2022-09-25 14:00:00,0.968,-0.158,-1.126,-89.678981,29.870579,8761305,NOAA_NOS,IAN,2022,840.0
2022-09-25 15:00:00,0.906,-0.152,-1.058,-89.678981,29.870579,8761305,NOAA_NOS,IAN,2022,900.0
2022-09-25 16:00:00,0.919,-0.066,-0.985,-89.678981,29.870579,8761305,NOAA_NOS,IAN,2022,960.0
2022-09-25 17:00:00,0.974,0.075,-0.899,-89.678981,29.870579,8761305,NOAA_NOS,IAN,2022,1020.0
2022-09-25 18:00:00,1.083,0.166,-0.917,-89.678981,29.870579,8761305,NOAA_NOS,IAN,2022,1080.0
2022-09-25 19:00:00,1.22,0.255,-0.965,-89.678981,29.870579,8761305,NOAA_NOS,IAN,2022,1140.0
2022-09-25 20:00:00,1.322,0.286,-1.036,-89.678981,29.870579,8761305,NOAA_NOS,IAN,2022,1200.0
2022-09-25 21:00:00,1.368,0.277,-1.0910000000000002,-89.678981,29.870579,8761305,NOAA_NOS,IAN,2022,1260.0
2022-09-25 22:00:00,1.263,0.264,-0.999,-89.678981,29.870579,8761305,NOAA_NOS,IAN,2022,1320.0
2022-09-25 23:00:00,1.122,0.198,-0.9240000000000002,-89.678981,29.870579,8761305,NOAA_NOS,IAN,2022,1380.0
2022-09-26 00:00:00,0.928,0.071,-0.8570000000000001,-89.678981,29.870579,8761305,NOAA_NOS,IAN,2022,1440.0
2022-09-26 01:00:00,0.722,-0.028,-0.75,-89.678981,29.870579,8761305,NOAA_NOS,IAN,2022,1500.0
2022-09-26 02:00:00,0.551,-0.109,-0.66,-89.678981,29.870579,8761305,NOAA_NOS,IAN,2022,1560.0
2022-09-26 03:00:00,0.456,-0.168,-0.624,-89.678981,29.870579,8761305,NOAA_NOS,IAN,2022,1620.0
2022-09-26 04:00:00,0.446,-0.156,-0.602,-89.678981,29.870579,8761305,NOAA_NOS,IAN,2022,1680.0
2022-09-26 05:00:00,0.528,-0.101,-0.629,-89.678981,29.870579,8761305,NOAA_NOS,IAN,2022,1740.0
2022-09-26 06:00:00,0.692,0.002,-0.69,-89.678981,29.870579,8761305,NOAA_NOS,IAN,2022,1800.0
2022-09-26 07:00:00,0.899,0.101,-0.798,-89.678981,29.870579,8761305,NOAA_NOS,IAN,2022,1860.0
2022-09-26 08:00:00,1.076,0.166,-0.91,-89.678981,29.870579,8761305,NOAA_NOS,IAN,2022,1920.0
2022-09-26 09:00:00,1.178,0.197,-0.981,-89.678981,29.870579,8761305,NOAA_NOS,IAN,2022,1980.0
2022-09-26 10:00:00,1.211,0.154,-1.0570000000000002,-89.678981,29.870579,8761305,NOAA_NOS,IAN,2022,2040.0
2022-09-26 11:00:00,1.178,0.051,-1.127,-89.678981,29.870579,8761305,NOAA_NOS,IAN,2022,2100.0
2022-09-26 12:00:00,1.056,-0.046,-1.102,-89.678981,29.870579,8761305,NOAA_NOS,IAN,2022,2160.0
2022-09-26 13:00:00,0.922,-0.136,-1.058,-89.678981,29.870579,8761305,NOAA_NOS,IAN,2022,2220.0
2022-09-26 14:00:00,0.787,-0.205,-0.992,-89.678981,29.870579,8761305,NOAA_NOS,IAN,2022,2280.0
2022-09-26 15:00:00,0.705,-0.215,-0.92,-89.678981,29.870579,8761305,NOAA_NOS,IAN,2022,2340.0
2022-09-26 16:00:00,0.656,-0.21,-0.866,-89.678981,29.870579,8761305,NOAA_NOS,IAN,2022,2400.0
2022-09-26 17:00:00,0.689,-0.157,-0.846,-89.678981,29.870579,8761305,NOAA_NOS,IAN,2022,2460.0
2022-09-26 18:00:00,0.84,-0.002,-0.842,-89.678981,29.870579,8761305,NOAA_NOS,IAN,2022,2520.0
2022-09-26 19:00:00,1.01,0.104,-0.906,-89.678981,29.870579,8761305,NOAA_NOS,IAN,2022,2580.0
2022-09-26 20:00:00,1.207,0.188,-1.019,-89.678981,29.870579,8761305,NOAA_NOS,IAN,2022,2640.0
2022-09-26 21:00:00,1.381,0.238,-1.143,-89.678981,29.870579,8761305,NOAA_NOS,IAN,2022,2700.0
2022-09-26 22:00:00,1.506,0.23,-1.276,-89.678981,29.870579,8761305,NOAA_NOS,IAN,2022,2760.0
2022-09-26 23:00:00,1.552,0.202,-1.35,-89.678981,29.870579,8761305,NOAA_NOS,IAN,2022,2820.0
2022-09-27 00:00:00,1.591,0.134,-1.457,-89.678981,29.870579,8761305,NOAA_NOS,IAN,2022,2880.0
2022-09-27 01:00:00,1.742,0.02,-1.722,-89.678981,29.870579,8761305,NOAA_NOS,IAN,2022,2940.0
2022-09-27 02:00:00,1.677,-0.064,-1.741,-89.678981,29.870579,8761305,NOAA_NOS,IAN,2022,3000.0
2022-09-27 03:00:00,1.48,-0.12,-1.6,-89.678981,29.870579,8761305,NOAA_NOS,IAN,2022,3060.0
2022-09-27 04:00:00,1.457,-0.13,-1.5870000000000002,-89.678981,29.870579,8761305,NOAA_NOS,IAN,2022,3120.0
2022-09-27 05:00:00,1.591,-0.024,-1.615,-89.678981,29.870579,8761305,NOAA_NOS,IAN,2022,3180.0
2022-09-27 06:00:00,1.673,0.118,-1.5550000000000002,-89.678981,29.870579,8761305,NOAA_NOS,IAN,2022,3240.0
2022-09-27 07:00:00,1.854,0.205,-1.649,-89.678981,29.870579,8761305,NOAA_NOS,IAN,2022,3300.0
2022-09-27 08:00:00,1.873,0.281,-1.592,-89.678981,29.870579,8761305,NOAA_NOS,IAN,2022,3360.0
2022-09-27 09:00:00,1.88,0.28,-1.6,-89.678981,29.870579,8761305,NOAA_NOS,IAN,2022,3420.0
2022-09-27 10:00:00,1.913,0.224,-1.689,-89.678981,29.870579,8761305,NOAA_NOS,IAN,2022,3480.0
2022-09-27 11:00:00,1.929,0.125,-1.804,-89.678981,29.870579,8761305,NOAA_NOS,IAN,2022,3540.0
2022-09-27 12:00:00,1.929,0.008,-1.921,-89.678981,29.870579,8761305,NOAA_NOS,IAN,2022,3600.0
2022-09-27 13:00:00,1.867,-0.096,-1.963,-89.678981,29.870579,8761305,NOAA_NOS,IAN,2022,3660.0
2022-09-27 14:00:00,1.798,-0.174,-1.972,-89.678981,29.870579,8761305,NOAA_NOS,IAN,2022,3720.0
2022-09-27 15:00:00,1.703,-0.215,-1.918,-89.678981,29.870579,8761305,NOAA_NOS,IAN,2022,3780.0
2022-09-27 16:00:00,1.654,-0.239,-1.893,-89.678981,29.870579,8761305,NOAA_NOS,IAN,2022,3840.0
2022-09-27 17:00:00,1.581,-0.256,-1.837,-89.678981,29.870579,8761305,NOAA_NOS,IAN,2022,3900.0
2022-09-27 18:00:00,1.549,-0.239,-1.7879999999999998,-89.678981,29.870579,8761305,NOAA_NOS,IAN,2022,3960.0
2022-09-27 19:00:00,1.526,-0.155,-1.681,-89.678981,29.870579,8761305,NOAA_NOS,IAN,2022,4020.0
2022-09-27 20:00:00,1.657,-0.034,-1.691,-89.678981,29.870579,8761305,NOAA_NOS,IAN,2022,4080.0
2022-09-27 21:00:00,1.69,0.056,-1.634,-89.678981,29.870579,8761305,NOAA_NOS,IAN,2022,4140.0
2022-09-27 22:00:00,1.857,0.145,-1.712,-89.678981,29.870579,8761305,NOAA_NOS,IAN,2022,4200.0
2022-09-27 23:00:00,1.886,0.179,-1.707,-89.678981,29.870579,8761305,NOAA_NOS,IAN,2022,4260.0
2022-09-28 00:00:00,1.978,0.163,-1.815,-89.678981,29.870579,8761305,NOAA_NOS,IAN,2022,4320.0
2022-09-28 01:00:00,1.909,0.143,-1.766,-89.678981,29.870579,8761305,NOAA_NOS,IAN,2022,4380.0
2022-09-28 02:00:00,1.824,0.107,-1.717,-89.678981,29.870579,8761305,NOAA_NOS,IAN,2022,4440.0
2022-09-28 03:00:00,1.857,0.07,-1.787,-89.678981,29.870579,8761305,NOAA_NOS,IAN,2022,4500.0
2022-09-28 04:00:00,1.85,0.095,-1.755,-89.678981,29.870579,8761305,NOAA_NOS,IAN,2022,4560.0
2022-09-28 05:00:00,1.88,0.15,-1.73,-89.678981,29.870579,8761305,NOAA_NOS,IAN,2022,4620.0
2022-09-28 06:00:00,1.955,0.22,-1.735,-89.678981,29.870579,8761305,NOAA_NOS,IAN,2022,4680.0
2022-09-28 07:00:00,2.008,0.287,-1.721,-89.678981,29.870579,8761305,NOAA_NOS,IAN,2022,4740.0
2022-09-28 08:00:00,2.129,0.342,-1.787,-89.678981,29.870579,8761305,NOAA_NOS,IAN,2022,4800.0
2022-09-28 09:00:00,2.241,0.369,-1.872,-89.678981,29.870579,8761305,NOAA_NOS,IAN,2022,4860.0
2022-09-28 10:00:00,2.352,0.351,-2.001,-89.678981,29.870579,8761305,NOAA_NOS,IAN,2022,4920.0
2022-09-28 11:00:00,2.497,0.262,-2.235,-89.678981,29.870579,8761305,NOAA_NOS,IAN,2022,4980.0
2022-09-28 12:00:00,2.559,0.132,-2.427,-89.678981,29.870579,8761305,NOAA_NOS,IAN,2022,5040.0
2022-09-28 13:00:00,2.411,0.028,-2.383,-89.678981,29.870579,8761305,NOAA_NOS,IAN,2022,5100.0
2022-09-28 14:00:00,2.316,-0.074,-2.39,-89.678981,29.870579,8761305,NOAA_NOS,IAN,2022,5160.0
2022-09-28 15:00:00,2.152,-0.139,-2.2910000000000004,-89.678981,29.870579,8761305,NOAA_NOS,IAN,2022,5220.0
2022-09-28 16:00:00,1.896,-0.171,-2.067,-89.678981,29.870579,8761305,NOAA_NOS,IAN,2022,5280.0
2022-09-28 17:00:00,1.85,-0.21,-2.06,-89.678981,29.870579,8761305,NOAA_NOS,IAN,2022,5340.0
2022-09-28 18:00:00,1.982,-0.244,-2.226,-89.678981,29.870579,8761305,NOAA_NOS,IAN,2022,5400.0
2022-09-28 19:00:00,1.867,-0.257,-2.124,-89.678981,29.870579,8761305,NOAA_NOS,IAN,2022,5460.0
2022-09-28 20:00:00,2.034,-0.251,-2.285,-89.678981,29.870579,8761305,NOAA_NOS,IAN,2022,5520.0
2022-09-28 21:00:00,2.175,-0.205,-2.38,-89.678981,29.870579,8761305,NOAA_NOS,IAN,2022,5580.0
2022-09-28 22:00:00,2.244,-0.121,-2.365,-89.678981,29.870579,8761305,NOAA_NOS,IAN,2022,5640.0
2022-09-28 23:00:00,2.297,-0.024,-2.321,-89.678981,29.870579,8761305,NOAA_NOS,IAN,2022,5700.0
2022-09-29 00:00:00,2.257,0.053,-2.204,-89.678981,29.870579,8761305,NOAA_NOS,IAN,2022,5760.0
2022-09-29 01:00:00,2.093,0.112,-1.981,-89.678981,29.870579,8761305,NOAA_NOS,IAN,2022,5820.0
2022-09-29 02:00:00,1.929,0.131,-1.798,-89.678981,29.870579,8761305,NOAA_NOS,IAN,2022,5880.0
2022-09-29 03:00:00,1.844,0.121,-1.723,-89.678981,29.870579,8761305,NOAA_NOS,IAN,2022,5940.0
2022-09-29 04:00:00,1.739,0.13,-1.609,-89.678981,29.870579,8761305,NOAA_NOS,IAN,2022,6000.0
2022-09-29 05:00:00,1.759,0.179,-1.5799999999999998,-89.678981,29.870579,8761305,NOAA_NOS,IAN,2022,6060.0
2022-09-29 06:00:00,1.798,0.24,-1.558,-89.678981,29.870579,8761305,NOAA_NOS,IAN,2022,6120.0
2022-09-29 07:00:00,1.824,0.305,-1.519,-89.678981,29.870579,8761305,NOAA_NOS,IAN,2022,6180.0
2022-09-29 08:00:00,1.867,0.356,-1.511,-89.678981,29.870579,8761305,NOAA_NOS,IAN,2022,6240.0
2022-09-29 09:00:00,1.89,0.384,-1.5059999999999998,-89.678981,29.870579,8761305,NOAA_NOS,IAN,2022,6300.0
2022-09-29 10:00:00,1.824,0.375,-1.449,-89.678981,29.870579,8761305,NOAA_NOS,IAN,2022,6360.0
2022-09-29 11:00:00,1.867,0.31,-1.557,-89.678981,29.870579,8761305,NOAA_NOS,IAN,2022,6420.0
2022-09-29 12:00:00,1.818,0.186,-1.632,-89.678981,29.870579,8761305,NOAA_NOS,IAN,2022,6480.0
2022-09-29 13:00:00,1.791,0.062,-1.729,-89.678981,29.870579,8761305,NOAA_NOS,IAN,2022,6540.0
2022-09-29 14:00:00,1.575,-0.049,-1.624,-89.678981,29.870579,8761305,NOAA_NOS,IAN,2022,6600.0
2022-09-29 15:00:00,1.348,-0.14,-1.488,-89.678981,29.870579,8761305,NOAA_NOS,IAN,2022,6660.0
2022-09-29 16:00:00,1.076,-0.194,-1.27,-89.678981,29.870579,8761305,NOAA_NOS,IAN,2022,6720.0
2022-09-29 17:00:00,0.86,-0.243,-1.103,-89.678981,29.870579,8761305,NOAA_NOS,IAN,2022,6780.0
2022-09-29 18:00:00,0.656,-0.3,-0.956,-89.678981,29.870579,8761305,NOAA_NOS,IAN,2022,6840.0
2022-09-29 19:00:00,0.581,-0.348,-0.929,-89.678981,29.870579,8761305,NOAA_NOS,IAN,2022,6900.0
2022-09-29 20:00:00,0.436,-0.393,-0.829,-89.678981,29.870579,8761305,NOAA_NOS,IAN,2022,6960.0
2022-09-29 21:00:00,0.328,-0.434,-0.762,-89.678981,29.870579,8761305,NOAA_NOS,IAN,2022,7020.0
2022-09-29 22:00:00,0.292,-0.465,-0.757,-89.678981,29.870579,8761305,NOAA_NOS,IAN,2022,7080.0
2022-09-29 23:00:00,0.361,-0.484,-0.845,-89.678981,29.870579,8761305,NOAA_NOS,IAN,2022,7140.0
2022-09-30 00:00:00,0.417,-0.479,-0.8959999999999999,-89.678981,29.870579,8761305,NOAA_NOS,IAN,2022,7200.0
2022-09-30 01:00:00,0.39,-0.439,-0.829,-89.678981,29.870579,8761305,NOAA_NOS,IAN,2022,7260.0
2022-09-30 02:00:00,0.525,-0.371,-0.896,-89.678981,29.870579,8761305,NOAA_NOS,IAN,2022,7320.0
2022-09-30 03:00:00,0.587,-0.289,-0.8759999999999999,-89.678981,29.870579,8761305,NOAA_NOS,IAN,2022,7380.0
2022-09-30 04:00:00,0.6,-0.2,-0.8,-89.678981,29.870579,8761305,NOAA_NOS,IAN,2022,7440.0
2022-09-30 05:00:00,0.768,-0.118,-0.886,-89.678981,29.870579,8761305,NOAA_NOS,IAN,2022,7500.0
2022-09-30 06:00:00,0.951,-0.034,-0.985,-89.678981,29.870579,8761305,NOAA_NOS,IAN,2022,7560.0
2022-09-30 07:00:00,1.102,0.04,-1.062,-89.678981,29.870579,8761305,NOAA_NOS,IAN,2022,7620.0
2022-09-30 08:00:00,1.309,0.099,-1.21,-89.678981,29.870579,8761305,NOAA_NOS,IAN,2022,7680.0
2022-09-30 09:00:00,1.401,0.145,-1.256,-89.678981,29.870579,8761305,NOAA_NOS,IAN,2022,7740.0
2022-09-30 10:00:00,1.483,0.182,-1.3010000000000002,-89.678981,29.870579,8761305,NOAA_NOS,IAN,2022,7800.0
2022-09-30 11:00:00,1.453,0.193,-1.26,-89.678981,29.870579,8761305,NOAA_NOS,IAN,2022,7860.0
2022-09-30 12:00:00,1.388,0.152,-1.236,-89.678981,29.870579,8761305,NOAA_NOS,IAN,2022,7920.0
2022-09-30 13:00:00,1.385,0.044,-1.341,-89.678981,29.870579,8761305,NOAA_NOS,IAN,2022,7980.0
2022-09-30 14:00:00,1.181,-0.097,-1.278,-89.678981,29.870579,8761305,NOAA_NOS,IAN,2022,8040.0
2022-09-30 15:00:00,0.896,-0.21,-1.106,-89.678981,29.870579,8761305,NOAA_NOS,IAN,2022,8100.0
2022-09-30 16:00:00,0.62,-0.314,-0.934,-89.678981,29.870579,8761305,NOAA_NOS,IAN,2022,8160.0
2022-09-30 17:00:00,0.315,-0.378,-0.6930000000000001,-89.678981,29.870579,8761305,NOAA_NOS,IAN,2022,8220.0
2022-09-30 18:00:00,0.043,-0.417,-0.4599999999999999,-89.678981,29.870579,8761305,NOAA_NOS,IAN,2022,8280.0
2022-09-30 19:00:00,-0.197,-0.463,-0.266,-89.678981,29.870579,8761305,NOAA_NOS,IAN,2022,8340.0
2022-09-30 20:00:00,-0.322,-0.502,-0.18,-89.678981,29.870579,8761305,NOAA_NOS,IAN,2022,8400.0
2022-09-30 21:00:00,-0.374,-0.538,-0.164,-89.678981,29.870579,8761305,NOAA_NOS,IAN,2022,8460.0
2022-09-30 22:00:00,-0.341,-0.566,-0.2249999999999999,-89.678981,29.870579,8761305,NOAA_NOS,IAN,2022,8520.0
2022-09-30 23:00:00,-0.289,-0.581,-0.292,-89.678981,29.870579,8761305,NOAA_NOS,IAN,2022,8580.0
2022-10-01 00:00:00,-0.167,-0.567,-0.3999999999999999,-89.678981,29.870579,8761305,NOAA_NOS,IAN,2022,8640.0
2022-10-01 01:00:00,0.016,-0.492,-0.508,-89.678981,29.870579,8761305,NOAA_NOS,IAN,2022,8700.0
2022-10-01 02:00:00,0.24,-0.35,-0.59,-89.678981,29.870579,8761305,NOAA_NOS,IAN,2022,8760.0
2022-10-01 03:00:00,0.505,-0.233,-0.738,-89.678981,29.870579,8761305,NOAA_NOS,IAN,2022,8820.0
2022-10-01 04:00:00,0.761,-0.12,-0.881,-89.678981,29.870579,8761305,NOAA_NOS,IAN,2022,8880.0
2022-10-01 05:00:00,0.945,-0.02,-0.965,-89.678981,29.870579,8761305,NOAA_NOS,IAN,2022,8940.0
2022-10-01 06:00:00,1.099,0.048,-1.051,-89.678981,29.870579,8761305,NOAA_NOS,IAN,2022,9000.0
2022-10-01 07:00:00,1.207,0.107,-1.1,-89.678981,29.870579,8761305,NOAA_NOS,IAN,2022,9060.0
2022-10-01 08:00:00,1.296,0.182,-1.114,-89.678981,29.870579,8761305,NOAA_NOS,IAN,2022,9120.0
2022-10-01 09:00:00,1.316,0.258,-1.058,-89.678981,29.870579,8761305,NOAA_NOS,IAN,2022,9180.0
2022-10-01 10:00:00,1.355,0.334,-1.021,-89.678981,29.870579,8761305,NOAA_NOS,IAN,2022,9240.0
2022-10-01 11:00:00,1.375,0.398,-0.977,-89.678981,29.870579,8761305,NOAA_NOS,IAN,2022,9300.0
2022-10-01 12:00:00,1.276,0.434,-0.8420000000000001,-89.678981,29.870579,8761305,NOAA_NOS,IAN,2022,9360.0
2022-10-01 13:00:00,1.188,0.408,-0.78,-89.678981,29.870579,8761305,NOAA_NOS,IAN,2022,9420.0
2022-10-01 14:00:00,1.033,0.293,-0.74,-89.678981,29.870579,8761305,NOAA_NOS,IAN,2022,9480.0
2022-10-01 15:00:00,0.781,0.146,-0.635,-89.678981,29.870579,8761305,NOAA_NOS,IAN,2022,9540.0
2022-10-01 16:00:00,0.538,0.019,-0.519,-89.678981,29.870579,8761305,NOAA_NOS,IAN,2022,9600.0
2022-10-01 17:00:00,0.253,-0.111,-0.364,-89.678981,29.870579,8761305,NOAA_NOS,IAN,2022,9660.0
2022-10-01 18:00:00,-0.046,-0.215,-0.1689999999999999,-89.678981,29.870579,8761305,NOAA_NOS,IAN,2022,9720.0
2022-10-01 19:00:00,-0.354,-0.274,0.0799999999999999,-89.678981,29.870579,8761305,NOAA_NOS,IAN,2022,9780.0
2022-10-01 20:00:00,-0.568,-0.323,0.2449999999999999,-89.678981,29.870579,8761305,NOAA_NOS,IAN,2022,9840.0
2022-10-01 21:00:00,-0.574,-0.368,0.2059999999999999,-89.678981,29.870579,8761305,NOAA_NOS,IAN,2022,9900.0
2022-10-01 22:00:00,-0.535,-0.407,0.128,-89.678981,29.870579,8761305,NOAA_NOS,IAN,2022,9960.0
2022-10-01 23:00:00,-0.525,-0.445,0.08,-89.678981,29.870579,8761305,NOAA_NOS,IAN,2022,10020.0
2022-09-25 01:00:00,0.312,-0.231,-0.543,-89.94894,29.263,8761724,NOAA_NOS,IAN,2022,60.0
2022-09-25 02:00:00,0.387,-0.212,-0.599,-89.94894,29.263,8761724,NOAA_NOS,IAN,2022,120.0
2022-09-25 03:00:00,0.44,-0.169,-0.609,-89.94894,29.263,8761724,NOAA_NOS,IAN,2022,180.0
2022-09-25 04:00:00,0.499,-0.135,-0.634,-89.94894,29.263,8761724,NOAA_NOS,IAN,2022,240.0
2022-09-25 05:00:00,0.571,-0.127,-0.698,-89.94894,29.263,8761724,NOAA_NOS,IAN,2022,300.0
2022-09-25 06:00:00,0.617,-0.125,-0.742,-89.94894,29.263,8761724,NOAA_NOS,IAN,2022,360.0
2022-09-25 07:00:00,0.636,-0.112,-0.748,-89.94894,29.263,8761724,NOAA_NOS,IAN,2022,420.0
2022-09-25 08:00:00,0.656,-0.088,-0.744,-89.94894,29.263,8761724,NOAA_NOS,IAN,2022,480.0
2022-09-25 09:00:00,0.604,-0.076,-0.6799999999999999,-89.94894,29.263,8761724,NOAA_NOS,IAN,2022,540.0
2022-09-25 10:00:00,0.679,-0.024,-0.7030000000000001,-89.94894,29.263,8761724,NOAA_NOS,IAN,2022,600.0
2022-09-25 11:00:00,0.689,0.052,-0.6369999999999999,-89.94894,29.263,8761724,NOAA_NOS,IAN,2022,660.0
2022-09-25 12:00:00,0.735,0.125,-0.61,-89.94894,29.263,8761724,NOAA_NOS,IAN,2022,720.0
2022-09-25 13:00:00,0.781,0.158,-0.623,-89.94894,29.263,8761724,NOAA_NOS,IAN,2022,780.0
2022-09-25 14:00:00,0.81,0.195,-0.615,-89.94894,29.263,8761724,NOAA_NOS,IAN,2022,840.0
2022-09-25 15:00:00,0.814,0.238,-0.576,-89.94894,29.263,8761724,NOAA_NOS,IAN,2022,900.0
2022-09-25 16:00:00,0.866,0.264,-0.602,-89.94894,29.263,8761724,NOAA_NOS,IAN,2022,960.0
2022-09-25 17:00:00,0.843,0.245,-0.598,-89.94894,29.263,8761724,NOAA_NOS,IAN,2022,1020.0
2022-09-25 18:00:00,0.807,0.192,-0.615,-89.94894,29.263,8761724,NOAA_NOS,IAN,2022,1080.0
2022-09-25 19:00:00,0.781,0.134,-0.647,-89.94894,29.263,8761724,NOAA_NOS,IAN,2022,1140.0
2022-09-25 20:00:00,0.715,0.078,-0.637,-89.94894,29.263,8761724,NOAA_NOS,IAN,2022,1200.0
2022-09-25 21:00:00,0.653,0.016,-0.637,-89.94894,29.263,8761724,NOAA_NOS,IAN,2022,1260.0
2022-09-25 22:00:00,0.604,-0.029,-0.633,-89.94894,29.263,8761724,NOAA_NOS,IAN,2022,1320.0
2022-09-25 23:00:00,0.581,-0.035,-0.616,-89.94894,29.263,8761724,NOAA_NOS,IAN,2022,1380.0
2022-09-26 00:00:00,0.62,-0.021,-0.641,-89.94894,29.263,8761724,NOAA_NOS,IAN,2022,1440.0
2022-09-26 01:00:00,0.663,-0.032,-0.6950000000000001,-89.94894,29.263,8761724,NOAA_NOS,IAN,2022,1500.0
2022-09-26 02:00:00,0.722,-0.044,-0.766,-89.94894,29.263,8761724,NOAA_NOS,IAN,2022,1560.0
2022-09-26 03:00:00,0.787,-0.037,-0.8240000000000001,-89.94894,29.263,8761724,NOAA_NOS,IAN,2022,1620.0
2022-09-26 04:00:00,0.837,-0.027,-0.864,-89.94894,29.263,8761724,NOAA_NOS,IAN,2022,1680.0
2022-09-26 05:00:00,0.876,-0.031,-0.907,-89.94894,29.263,8761724,NOAA_NOS,IAN,2022,1740.0
2022-09-26 06:00:00,0.896,-0.074,-0.97,-89.94894,29.263,8761724,NOAA_NOS,IAN,2022,1800.0
2022-09-26 07:00:00,0.906,-0.128,-1.034,-89.94894,29.263,8761724,NOAA_NOS,IAN,2022,1860.0
2022-09-26 08:00:00,0.902,-0.158,-1.06,-89.94894,29.263,8761724,NOAA_NOS,IAN,2022,1920.0
2022-09-26 09:00:00,0.856,-0.178,-1.034,-89.94894,29.263,8761724,NOAA_NOS,IAN,2022,1980.0
2022-09-26 10:00:00,0.843,-0.19,-1.033,-89.94894,29.263,8761724,NOAA_NOS,IAN,2022,2040.0
2022-09-26 11:00:00,0.85,-0.158,-1.008,-89.94894,29.263,8761724,NOAA_NOS,IAN,2022,2100.0
2022-09-26 12:00:00,0.869,-0.088,-0.957,-89.94894,29.263,8761724,NOAA_NOS,IAN,2022,2160.0
2022-09-26 13:00:00,0.896,-0.036,-0.932,-89.94894,29.263,8761724,NOAA_NOS,IAN,2022,2220.0
2022-09-26 14:00:00,0.879,0.006,-0.873,-89.94894,29.263,8761724,NOAA_NOS,IAN,2022,2280.0
2022-09-26 15:00:00,0.909,0.061,-0.8480000000000001,-89.94894,29.263,8761724,NOAA_NOS,IAN,2022,2340.0
2022-09-26 16:00:00,0.951,0.116,-0.835,-89.94894,29.263,8761724,NOAA_NOS,IAN,2022,2400.0
2022-09-26 17:00:00,0.971,0.142,-0.829,-89.94894,29.263,8761724,NOAA_NOS,IAN,2022,2460.0
2022-09-26 18:00:00,0.978,0.146,-0.832,-89.94894,29.263,8761724,NOAA_NOS,IAN,2022,2520.0
2022-09-26 19:00:00,0.988,0.127,-0.861,-89.94894,29.263,8761724,NOAA_NOS,IAN,2022,2580.0
2022-09-26 20:00:00,0.981,0.118,-0.863,-89.94894,29.263,8761724,NOAA_NOS,IAN,2022,2640.0
2022-09-26 21:00:00,0.922,0.111,-0.811,-89.94894,29.263,8761724,NOAA_NOS,IAN,2022,2700.0
2022-09-26 22:00:00,0.797,0.105,-0.6920000000000001,-89.94894,29.263,8761724,NOAA_NOS,IAN,2022,2760.0
2022-09-26 23:00:00,0.837,0.121,-0.716,-89.94894,29.263,8761724,NOAA_NOS,IAN,2022,2820.0
2022-09-27 00:00:00,0.86,0.155,-0.705,-89.94894,29.263,8761724,NOAA_NOS,IAN,2022,2880.0
2022-09-27 01:00:00,0.715,0.186,-0.5289999999999999,-89.94894,29.263,8761724,NOAA_NOS,IAN,2022,2940.0
2022-09-27 02:00:00,1.02,0.188,-0.8320000000000001,-89.94894,29.263,8761724,NOAA_NOS,IAN,2022,3000.0
2022-09-27 03:00:00,0.791,0.18,-0.611,-89.94894,29.263,8761724,NOAA_NOS,IAN,2022,3060.0
2022-09-27 04:00:00,0.784,0.161,-0.623,-89.94894,29.263,8761724,NOAA_NOS,IAN,2022,3120.0
2022-09-27 05:00:00,0.83,0.122,-0.708,-89.94894,29.263,8761724,NOAA_NOS,IAN,2022,3180.0
2022-09-27 06:00:00,0.823,0.054,-0.7689999999999999,-89.94894,29.263,8761724,NOAA_NOS,IAN,2022,3240.0
2022-09-27 07:00:00,0.689,-0.059,-0.748,-89.94894,29.263,8761724,NOAA_NOS,IAN,2022,3300.0
2022-09-27 08:00:00,0.577,-0.171,-0.748,-89.94894,29.263,8761724,NOAA_NOS,IAN,2022,3360.0
2022-09-27 09:00:00,0.472,-0.251,-0.723,-89.94894,29.263,8761724,NOAA_NOS,IAN,2022,3420.0
2022-09-27 10:00:00,0.41,-0.312,-0.722,-89.94894,29.263,8761724,NOAA_NOS,IAN,2022,3480.0
2022-09-27 11:00:00,0.358,-0.361,-0.719,-89.94894,29.263,8761724,NOAA_NOS,IAN,2022,3540.0
2022-09-27 12:00:00,0.338,-0.357,-0.6950000000000001,-89.94894,29.263,8761724,NOAA_NOS,IAN,2022,3600.0
2022-09-27 13:00:00,0.417,-0.314,-0.731,-89.94894,29.263,8761724,NOAA_NOS,IAN,2022,3660.0
2022-09-27 14:00:00,0.427,-0.28,-0.7070000000000001,-89.94894,29.263,8761724,NOAA_NOS,IAN,2022,3720.0
2022-09-27 15:00:00,0.479,-0.241,-0.72,-89.94894,29.263,8761724,NOAA_NOS,IAN,2022,3780.0
2022-09-27 16:00:00,0.512,-0.171,-0.683,-89.94894,29.263,8761724,NOAA_NOS,IAN,2022,3840.0
2022-09-27 17:00:00,0.574,-0.072,-0.6459999999999999,-89.94894,29.263,8761724,NOAA_NOS,IAN,2022,3900.0
2022-09-27 18:00:00,0.656,0.015,-0.641,-89.94894,29.263,8761724,NOAA_NOS,IAN,2022,3960.0
2022-09-27 19:00:00,0.755,0.065,-0.69,-89.94894,29.263,8761724,NOAA_NOS,IAN,2022,4020.0
2022-09-27 20:00:00,0.761,0.108,-0.653,-89.94894,29.263,8761724,NOAA_NOS,IAN,2022,4080.0
2022-09-27 21:00:00,0.804,0.172,-0.6320000000000001,-89.94894,29.263,8761724,NOAA_NOS,IAN,2022,4140.0
2022-09-27 22:00:00,0.833,0.235,-0.598,-89.94894,29.263,8761724,NOAA_NOS,IAN,2022,4200.0
2022-09-27 23:00:00,0.909,0.282,-0.627,-89.94894,29.263,8761724,NOAA_NOS,IAN,2022,4260.0
2022-09-28 00:00:00,0.928,0.347,-0.5810000000000001,-89.94894,29.263,8761724,NOAA_NOS,IAN,2022,4320.0
2022-09-28 01:00:00,1.01,0.421,-0.589,-89.94894,29.263,8761724,NOAA_NOS,IAN,2022,4380.0
2022-09-28 02:00:00,1.04,0.451,-0.589,-89.94894,29.263,8761724,NOAA_NOS,IAN,2022,4440.0
2022-09-28 03:00:00,1.056,0.432,-0.6240000000000001,-89.94894,29.263,8761724,NOAA_NOS,IAN,2022,4500.0
2022-09-28 04:00:00,1.115,0.398,-0.717,-89.94894,29.263,8761724,NOAA_NOS,IAN,2022,4560.0
2022-09-28 05:00:00,1.053,0.349,-0.704,-89.94894,29.263,8761724,NOAA_NOS,IAN,2022,4620.0
2022-09-28 06:00:00,1.027,0.264,-0.7629999999999999,-89.94894,29.263,8761724,NOAA_NOS,IAN,2022,4680.0
2022-09-28 07:00:00,0.951,0.127,-0.824,-89.94894,29.263,8761724,NOAA_NOS,IAN,2022,4740.0
2022-09-28 08:00:00,0.935,-0.064,-0.999,-89.94894,29.263,8761724,NOAA_NOS,IAN,2022,4800.0
2022-09-28 09:00:00,0.843,-0.217,-1.06,-89.94894,29.263,8761724,NOAA_NOS,IAN,2022,4860.0
2022-09-28 10:00:00,0.679,-0.33,-1.009,-89.94894,29.263,8761724,NOAA_NOS,IAN,2022,4920.0
2022-09-28 11:00:00,0.515,-0.452,-0.967,-89.94894,29.263,8761724,NOAA_NOS,IAN,2022,4980.0
2022-09-28 12:00:00,0.427,-0.538,-0.965,-89.94894,29.263,8761724,NOAA_NOS,IAN,2022,5040.0
2022-09-28 13:00:00,0.39,-0.541,-0.931,-89.94894,29.263,8761724,NOAA_NOS,IAN,2022,5100.0
2022-09-28 14:00:00,0.344,-0.521,-0.865,-89.94894,29.263,8761724,NOAA_NOS,IAN,2022,5160.0
2022-09-28 15:00:00,0.354,-0.509,-0.863,-89.94894,29.263,8761724,NOAA_NOS,IAN,2022,5220.0
2022-09-28 16:00:00,0.381,-0.476,-0.857,-89.94894,29.263,8761724,NOAA_NOS,IAN,2022,5280.0
2022-09-28 17:00:00,0.427,-0.383,-0.81,-89.94894,29.263,8761724,NOAA_NOS,IAN,2022,5340.0
2022-09-28 18:00:00,0.479,-0.266,-0.745,-89.94894,29.263,8761724,NOAA_NOS,IAN,2022,5400.0
2022-09-28 19:00:00,0.63,-0.175,-0.8049999999999999,-89.94894,29.263,8761724,NOAA_NOS,IAN,2022,5460.0
2022-09-28 20:00:00,0.686,-0.105,-0.791,-89.94894,29.263,8761724,NOAA_NOS,IAN,2022,5520.0
2022-09-28 21:00:00,0.781,-0.001,-0.782,-89.94894,29.263,8761724,NOAA_NOS,IAN,2022,5580.0
2022-09-28 22:00:00,0.984,0.131,-0.853,-89.94894,29.263,8761724,NOAA_NOS,IAN,2022,5640.0
2022-09-28 23:00:00,1.063,0.284,-0.7789999999999999,-89.94894,29.263,8761724,NOAA_NOS,IAN,2022,5700.0
2022-09-29 00:00:00,1.093,0.386,-0.707,-89.94894,29.263,8761724,NOAA_NOS,IAN,2022,5760.0
2022-09-29 01:00:00,1.184,0.506,-0.6779999999999999,-89.94894,29.263,8761724,NOAA_NOS,IAN,2022,5820.0
2022-09-29 02:00:00,1.263,0.607,-0.6559999999999999,-89.94894,29.263,8761724,NOAA_NOS,IAN,2022,5880.0
2022-09-29 03:00:00,1.243,0.619,-0.6240000000000001,-89.94894,29.263,8761724,NOAA_NOS,IAN,2022,5940.0
2022-09-29 04:00:00,1.204,0.592,-0.612,-89.94894,29.263,8761724,NOAA_NOS,IAN,2022,6000.0
2022-09-29 05:00:00,1.161,0.569,-0.5920000000000001,-89.94894,29.263,8761724,NOAA_NOS,IAN,2022,6060.0
2022-09-29 06:00:00,1.158,0.506,-0.6519999999999999,-89.94894,29.263,8761724,NOAA_NOS,IAN,2022,6120.0
2022-09-29 07:00:00,1.053,0.386,-0.6669999999999999,-89.94894,29.263,8761724,NOAA_NOS,IAN,2022,6180.0
2022-09-29 08:00:00,0.988,0.192,-0.796,-89.94894,29.263,8761724,NOAA_NOS,IAN,2022,6240.0
2022-09-29 09:00:00,0.83,-0.061,-0.891,-89.94894,29.263,8761724,NOAA_NOS,IAN,2022,6300.0
2022-09-29 10:00:00,0.659,-0.254,-0.913,-89.94894,29.263,8761724,NOAA_NOS,IAN,2022,6360.0
2022-09-29 11:00:00,0.456,-0.401,-0.857,-89.94894,29.263,8761724,NOAA_NOS,IAN,2022,6420.0
2022-09-29 12:00:00,0.266,-0.529,-0.795,-89.94894,29.263,8761724,NOAA_NOS,IAN,2022,6480.0
2022-09-29 13:00:00,0.138,-0.648,-0.786,-89.94894,29.263,8761724,NOAA_NOS,IAN,2022,6540.0
2022-09-29 14:00:00,0.049,-0.698,-0.747,-89.94894,29.263,8761724,NOAA_NOS,IAN,2022,6600.0
2022-09-29 15:00:00,-0.075,-0.714,-0.639,-89.94894,29.263,8761724,NOAA_NOS,IAN,2022,6660.0
2022-09-29 16:00:00,-0.144,-0.724,-0.58,-89.94894,29.263,8761724,NOAA_NOS,IAN,2022,6720.0
2022-09-29 17:00:00,-0.138,-0.691,-0.5529999999999999,-89.94894,29.263,8761724,NOAA_NOS,IAN,2022,6780.0
2022-09-29 18:00:00,-0.108,-0.594,-0.486,-89.94894,29.263,8761724,NOAA_NOS,IAN,2022,6840.0
2022-09-29 19:00:00,-0.043,-0.456,-0.413,-89.94894,29.263,8761724,NOAA_NOS,IAN,2022,6900.0
2022-09-29 20:00:00,0.023,-0.328,-0.351,-89.94894,29.263,8761724,NOAA_NOS,IAN,2022,6960.0
2022-09-29 21:00:00,0.085,-0.222,-0.307,-89.94894,29.263,8761724,NOAA_NOS,IAN,2022,7020.0
2022-09-29 22:00:00,0.203,-0.08,-0.283,-89.94894,29.263,8761724,NOAA_NOS,IAN,2022,7080.0
2022-09-29 23:00:00,0.315,0.093,-0.222,-89.94894,29.263,8761724,NOAA_NOS,IAN,2022,7140.0
2022-09-30 00:00:00,0.387,0.231,-0.156,-89.94894,29.263,8761724,NOAA_NOS,IAN,2022,7200.0
2022-09-30 01:00:00,0.531,0.36,-0.171,-89.94894,29.263,8761724,NOAA_NOS,IAN,2022,7260.0
2022-09-30 02:00:00,0.656,0.493,-0.163,-89.94894,29.263,8761724,NOAA_NOS,IAN,2022,7320.0
2022-09-30 03:00:00,0.738,0.603,-0.135,-89.94894,29.263,8761724,NOAA_NOS,IAN,2022,7380.0
2022-09-30 04:00:00,0.787,0.637,-0.15,-89.94894,29.263,8761724,NOAA_NOS,IAN,2022,7440.0
2022-09-30 05:00:00,0.843,0.61,-0.2329999999999999,-89.94894,29.263,8761724,NOAA_NOS,IAN,2022,7500.0
2022-09-30 06:00:00,0.863,0.55,-0.3129999999999999,-89.94894,29.263,8761724,NOAA_NOS,IAN,2022,7560.0
2022-09-30 07:00:00,0.827,0.461,-0.3659999999999999,-89.94894,29.263,8761724,NOAA_NOS,IAN,2022,7620.0
2022-09-30 08:00:00,0.738,0.324,-0.414,-89.94894,29.263,8761724,NOAA_NOS,IAN,2022,7680.0
2022-09-30 09:00:00,0.581,0.123,-0.4579999999999999,-89.94894,29.263,8761724,NOAA_NOS,IAN,2022,7740.0
2022-09-30 10:00:00,0.354,-0.127,-0.481,-89.94894,29.263,8761724,NOAA_NOS,IAN,2022,7800.0
2022-09-30 11:00:00,0.118,-0.317,-0.435,-89.94894,29.263,8761724,NOAA_NOS,IAN,2022,7860.0
2022-09-30 12:00:00,-0.095,-0.49,-0.395,-89.94894,29.263,8761724,NOAA_NOS,IAN,2022,7920.0
2022-09-30 13:00:00,-0.279,-0.662,-0.383,-89.94894,29.263,8761724,NOAA_NOS,IAN,2022,7980.0
2022-09-30 14:00:00,-0.41,-0.788,-0.378,-89.94894,29.263,8761724,NOAA_NOS,IAN,2022,8040.0
2022-09-30 15:00:00,-0.522,-0.851,-0.3289999999999999,-89.94894,29.263,8761724,NOAA_NOS,IAN,2022,8100.0
2022-09-30 16:00:00,-0.62,-0.893,-0.273,-89.94894,29.263,8761724,NOAA_NOS,IAN,2022,8160.0
2022-09-30 17:00:00,-0.669,-0.913,-0.244,-89.94894,29.263,8761724,NOAA_NOS,IAN,2022,8220.0
2022-09-30 18:00:00,-0.62,-0.881,-0.261,-89.94894,29.263,8761724,NOAA_NOS,IAN,2022,8280.0
2022-09-30 19:00:00,-0.548,-0.769,-0.2209999999999999,-89.94894,29.263,8761724,NOAA_NOS,IAN,2022,8340.0
2022-09-30 20:00:00,-0.456,-0.603,-0.1469999999999999,-89.94894,29.263,8761724,NOAA_NOS,IAN,2022,8400.0
2022-09-30 21:00:00,-0.322,-0.439,-0.1169999999999999,-89.94894,29.263,8761724,NOAA_NOS,IAN,2022,8460.0
2022-09-30 22:00:00,-0.197,-0.279,-0.082,-89.94894,29.263,8761724,NOAA_NOS,IAN,2022,8520.0
2022-09-30 23:00:00,-0.02,-0.069,-0.049,-89.94894,29.263,8761724,NOAA_NOS,IAN,2022,8580.0
2022-10-01 00:00:00,0.161,0.129,-0.032,-89.94894,29.263,8761724,NOAA_NOS,IAN,2022,8640.0
2022-10-01 01:00:00,0.305,0.313,0.008,-89.94894,29.263,8761724,NOAA_NOS,IAN,2022,8700.0
2022-10-01 02:00:00,0.472,0.477,0.005,-89.94894,29.263,8761724,NOAA_NOS,IAN,2022,8760.0
2022-10-01 03:00:00,0.633,0.649,0.016,-89.94894,29.263,8761724,NOAA_NOS,IAN,2022,8820.0
2022-10-01 04:00:00,0.751,0.759,0.008,-89.94894,29.263,8761724,NOAA_NOS,IAN,2022,8880.0
2022-10-01 05:00:00,0.866,0.782,-0.0839999999999999,-89.94894,29.263,8761724,NOAA_NOS,IAN,2022,8940.0
2022-10-01 06:00:00,0.896,0.746,-0.15,-89.94894,29.263,8761724,NOAA_NOS,IAN,2022,9000.0
2022-10-01 07:00:00,0.922,0.667,-0.255,-89.94894,29.263,8761724,NOAA_NOS,IAN,2022,9060.0
2022-10-01 08:00:00,0.892,0.568,-0.324,-89.94894,29.263,8761724,NOAA_NOS,IAN,2022,9120.0
2022-10-01 09:00:00,0.807,0.428,-0.379,-89.94894,29.263,8761724,NOAA_NOS,IAN,2022,9180.0
2022-10-01 10:00:00,0.656,0.21,-0.446,-89.94894,29.263,8761724,NOAA_NOS,IAN,2022,9240.0
2022-10-01 11:00:00,0.466,-0.067,-0.533,-89.94894,29.263,8761724,NOAA_NOS,IAN,2022,9300.0
2022-10-01 12:00:00,0.249,-0.297,-0.546,-89.94894,29.263,8761724,NOAA_NOS,IAN,2022,9360.0
2022-10-01 13:00:00,0.03,-0.514,-0.544,-89.94894,29.263,8761724,NOAA_NOS,IAN,2022,9420.0
2022-10-01 14:00:00,-0.144,-0.72,-0.576,-89.94894,29.263,8761724,NOAA_NOS,IAN,2022,9480.0
2022-10-01 15:00:00,-0.276,-0.878,-0.602,-89.94894,29.263,8761724,NOAA_NOS,IAN,2022,9540.0
2022-10-01 16:00:00,-0.367,-0.978,-0.611,-89.94894,29.263,8761724,NOAA_NOS,IAN,2022,9600.0
2022-10-01 17:00:00,-0.427,-1.05,-0.623,-89.94894,29.263,8761724,NOAA_NOS,IAN,2022,9660.0
2022-10-01 18:00:00,-0.489,-1.075,-0.586,-89.94894,29.263,8761724,NOAA_NOS,IAN,2022,9720.0
2022-10-01 19:00:00,-0.41,-1.04,-0.6300000000000001,-89.94894,29.263,8761724,NOAA_NOS,IAN,2022,9780.0
2022-10-01 20:00:00,-0.331,-0.902,-0.571,-89.94894,29.263,8761724,NOAA_NOS,IAN,2022,9840.0
2022-10-01 21:00:00,-0.171,-0.709,-0.5379999999999999,-89.94894,29.263,8761724,NOAA_NOS,IAN,2022,9900.0
2022-10-01 22:00:00,0.0,-0.532,-0.532,-89.94894,29.263,8761724,NOAA_NOS,IAN,2022,9960.0
2022-10-01 23:00:00,0.141,-0.342,-0.483,-89.94894,29.263,8761724,NOAA_NOS,IAN,2022,10020.0
2022-09-25 01:00:00,1.07,0.184,-0.8860000000000001,-90.113333,30.027222,8761927,NOAA_NOS,IAN,2022,60.0
2022-09-25 02:00:00,1.02,0.167,-0.853,-90.113333,30.027222,8761927,NOAA_NOS,IAN,2022,120.0
2022-09-25 03:00:00,0.991,0.143,-0.848,-90.113333,30.027222,8761927,NOAA_NOS,IAN,2022,180.0
2022-09-25 04:00:00,0.932,0.111,-0.8210000000000001,-90.113333,30.027222,8761927,NOAA_NOS,IAN,2022,240.0
2022-09-25 05:00:00,0.866,0.085,-0.781,-90.113333,30.027222,8761927,NOAA_NOS,IAN,2022,300.0
2022-09-25 06:00:00,0.843,0.061,-0.782,-90.113333,30.027222,8761927,NOAA_NOS,IAN,2022,360.0
2022-09-25 07:00:00,0.814,0.036,-0.7779999999999999,-90.113333,30.027222,8761927,NOAA_NOS,IAN,2022,420.0
2022-09-25 08:00:00,0.81,0.019,-0.791,-90.113333,30.027222,8761927,NOAA_NOS,IAN,2022,480.0
2022-09-25 09:00:00,0.797,0.009,-0.788,-90.113333,30.027222,8761927,NOAA_NOS,IAN,2022,540.0
2022-09-25 10:00:00,0.791,0.011,-0.78,-90.113333,30.027222,8761927,NOAA_NOS,IAN,2022,600.0
2022-09-25 11:00:00,0.837,0.019,-0.818,-90.113333,30.027222,8761927,NOAA_NOS,IAN,2022,660.0
2022-09-25 12:00:00,0.873,0.025,-0.848,-90.113333,30.027222,8761927,NOAA_NOS,IAN,2022,720.0
2022-09-25 13:00:00,0.919,0.031,-0.888,-90.113333,30.027222,8761927,NOAA_NOS,IAN,2022,780.0
2022-09-25 14:00:00,0.951,0.025,-0.926,-90.113333,30.027222,8761927,NOAA_NOS,IAN,2022,840.0
2022-09-25 15:00:00,0.932,0.008,-0.924,-90.113333,30.027222,8761927,NOAA_NOS,IAN,2022,900.0
2022-09-25 16:00:00,0.942,-0.009,-0.951,-90.113333,30.027222,8761927,NOAA_NOS,IAN,2022,960.0
2022-09-25 17:00:00,0.919,-0.027,-0.946,-90.113333,30.027222,8761927,NOAA_NOS,IAN,2022,1020.0
2022-09-25 18:00:00,0.902,-0.031,-0.933,-90.113333,30.027222,8761927,NOAA_NOS,IAN,2022,1080.0
2022-09-25 19:00:00,0.879,-0.024,-0.903,-90.113333,30.027222,8761927,NOAA_NOS,IAN,2022,1140.0
2022-09-25 20:00:00,0.876,-0.007,-0.883,-90.113333,30.027222,8761927,NOAA_NOS,IAN,2022,1200.0
2022-09-25 21:00:00,0.915,0.021,-0.894,-90.113333,30.027222,8761927,NOAA_NOS,IAN,2022,1260.0
2022-09-25 22:00:00,0.915,0.053,-0.862,-90.113333,30.027222,8761927,NOAA_NOS,IAN,2022,1320.0
2022-09-25 23:00:00,0.958,0.075,-0.883,-90.113333,30.027222,8761927,NOAA_NOS,IAN,2022,1380.0
2022-09-26 00:00:00,0.958,0.096,-0.862,-90.113333,30.027222,8761927,NOAA_NOS,IAN,2022,1440.0
2022-09-26 01:00:00,0.945,0.111,-0.834,-90.113333,30.027222,8761927,NOAA_NOS,IAN,2022,1500.0
2022-09-26 02:00:00,0.919,0.113,-0.806,-90.113333,30.027222,8761927,NOAA_NOS,IAN,2022,1560.0
2022-09-26 03:00:00,0.958,0.101,-0.857,-90.113333,30.027222,8761927,NOAA_NOS,IAN,2022,1620.0
2022-09-26 04:00:00,0.823,0.079,-0.744,-90.113333,30.027222,8761927,NOAA_NOS,IAN,2022,1680.0
2022-09-26 05:00:00,0.804,0.053,-0.751,-90.113333,30.027222,8761927,NOAA_NOS,IAN,2022,1740.0
2022-09-26 06:00:00,0.748,0.029,-0.719,-90.113333,30.027222,8761927,NOAA_NOS,IAN,2022,1800.0
2022-09-26 07:00:00,0.735,0.015,-0.72,-90.113333,30.027222,8761927,NOAA_NOS,IAN,2022,1860.0
2022-09-26 08:00:00,0.732,0.006,-0.726,-90.113333,30.027222,8761927,NOAA_NOS,IAN,2022,1920.0
2022-09-26 09:00:00,0.656,0.01,-0.646,-90.113333,30.027222,8761927,NOAA_NOS,IAN,2022,1980.0
2022-09-26 10:00:00,0.705,0.023,-0.6819999999999999,-90.113333,30.027222,8761927,NOAA_NOS,IAN,2022,2040.0
2022-09-26 11:00:00,0.774,0.04,-0.734,-90.113333,30.027222,8761927,NOAA_NOS,IAN,2022,2100.0
2022-09-26 12:00:00,0.748,0.058,-0.69,-90.113333,30.027222,8761927,NOAA_NOS,IAN,2022,2160.0
2022-09-26 13:00:00,0.768,0.058,-0.71,-90.113333,30.027222,8761927,NOAA_NOS,IAN,2022,2220.0
2022-09-26 14:00:00,0.833,0.046,-0.7869999999999999,-90.113333,30.027222,8761927,NOAA_NOS,IAN,2022,2280.0
2022-09-26 15:00:00,0.732,0.032,-0.7,-90.113333,30.027222,8761927,NOAA_NOS,IAN,2022,2340.0
2022-09-26 16:00:00,0.751,0.005,-0.746,-90.113333,30.027222,8761927,NOAA_NOS,IAN,2022,2400.0
2022-09-26 17:00:00,0.722,-0.023,-0.745,-90.113333,30.027222,8761927,NOAA_NOS,IAN,2022,2460.0
2022-09-26 18:00:00,0.669,-0.041,-0.7100000000000001,-90.113333,30.027222,8761927,NOAA_NOS,IAN,2022,2520.0
2022-09-26 19:00:00,0.689,-0.053,-0.742,-90.113333,30.027222,8761927,NOAA_NOS,IAN,2022,2580.0
2022-09-26 20:00:00,0.679,-0.054,-0.7330000000000001,-90.113333,30.027222,8761927,NOAA_NOS,IAN,2022,2640.0
2022-09-26 21:00:00,0.663,-0.04,-0.7030000000000001,-90.113333,30.027222,8761927,NOAA_NOS,IAN,2022,2700.0
2022-09-26 22:00:00,0.787,-0.018,-0.805,-90.113333,30.027222,8761927,NOAA_NOS,IAN,2022,2760.0
2022-09-26 23:00:00,0.948,0.013,-0.935,-90.113333,30.027222,8761927,NOAA_NOS,IAN,2022,2820.0
2022-09-27 00:00:00,0.942,0.04,-0.902,-90.113333,30.027222,8761927,NOAA_NOS,IAN,2022,2880.0
2022-09-27 01:00:00,1.089,0.053,-1.036,-90.113333,30.027222,8761927,NOAA_NOS,IAN,2022,2940.0
2022-09-27 02:00:00,1.093,0.069,-1.024,-90.113333,30.027222,8761927,NOAA_NOS,IAN,2022,3000.0
2022-09-27 03:00:00,1.086,0.072,-1.014,-90.113333,30.027222,8761927,NOAA_NOS,IAN,2022,3060.0
2022-09-27 04:00:00,1.198,0.059,-1.139,-90.113333,30.027222,8761927,NOAA_NOS,IAN,2022,3120.0
2022-09-27 05:00:00,1.148,0.042,-1.106,-90.113333,30.027222,8761927,NOAA_NOS,IAN,2022,3180.0
2022-09-27 06:00:00,1.106,0.026,-1.08,-90.113333,30.027222,8761927,NOAA_NOS,IAN,2022,3240.0
2022-09-27 07:00:00,1.27,0.018,-1.252,-90.113333,30.027222,8761927,NOAA_NOS,IAN,2022,3300.0
2022-09-27 08:00:00,1.211,0.028,-1.183,-90.113333,30.027222,8761927,NOAA_NOS,IAN,2022,3360.0
2022-09-27 09:00:00,1.106,0.045,-1.0610000000000002,-90.113333,30.027222,8761927,NOAA_NOS,IAN,2022,3420.0
2022-09-27 10:00:00,1.148,0.068,-1.0799999999999998,-90.113333,30.027222,8761927,NOAA_NOS,IAN,2022,3480.0
2022-09-27 11:00:00,1.188,0.097,-1.091,-90.113333,30.027222,8761927,NOAA_NOS,IAN,2022,3540.0
2022-09-27 12:00:00,1.26,0.111,-1.149,-90.113333,30.027222,8761927,NOAA_NOS,IAN,2022,3600.0
2022-09-27 13:00:00,1.175,0.114,-1.061,-90.113333,30.027222,8761927,NOAA_NOS,IAN,2022,3660.0
2022-09-27 14:00:00,1.22,0.109,-1.111,-90.113333,30.027222,8761927,NOAA_NOS,IAN,2022,3720.0
2022-09-27 15:00:00,1.319,0.09,-1.229,-90.113333,30.027222,8761927,NOAA_NOS,IAN,2022,3780.0
2022-09-27 16:00:00,1.319,0.062,-1.257,-90.113333,30.027222,8761927,NOAA_NOS,IAN,2022,3840.0
2022-09-27 17:00:00,1.335,0.031,-1.304,-90.113333,30.027222,8761927,NOAA_NOS,IAN,2022,3900.0
2022-09-27 18:00:00,1.289,0.006,-1.283,-90.113333,30.027222,8761927,NOAA_NOS,IAN,2022,3960.0
2022-09-27 19:00:00,1.444,-0.019,-1.463,-90.113333,30.027222,8761927,NOAA_NOS,IAN,2022,4020.0
2022-09-27 20:00:00,1.394,-0.042,-1.436,-90.113333,30.027222,8761927,NOAA_NOS,IAN,2022,4080.0
2022-09-27 21:00:00,1.371,-0.059,-1.43,-90.113333,30.027222,8761927,NOAA_NOS,IAN,2022,4140.0
2022-09-27 22:00:00,1.47,-0.061,-1.531,-90.113333,30.027222,8761927,NOAA_NOS,IAN,2022,4200.0
2022-09-27 23:00:00,1.401,-0.05,-1.451,-90.113333,30.027222,8761927,NOAA_NOS,IAN,2022,4260.0
2022-09-28 00:00:00,1.522,-0.034,-1.556,-90.113333,30.027222,8761927,NOAA_NOS,IAN,2022,4320.0
2022-09-28 01:00:00,1.503,-0.01,-1.513,-90.113333,30.027222,8761927,NOAA_NOS,IAN,2022,4380.0
2022-09-28 02:00:00,1.516,0.017,-1.499,-90.113333,30.027222,8761927,NOAA_NOS,IAN,2022,4440.0
2022-09-28 03:00:00,1.503,0.031,-1.472,-90.113333,30.027222,8761927,NOAA_NOS,IAN,2022,4500.0
2022-09-28 04:00:00,1.549,0.047,-1.502,-90.113333,30.027222,8761927,NOAA_NOS,IAN,2022,4560.0
2022-09-28 05:00:00,1.558,0.061,-1.497,-90.113333,30.027222,8761927,NOAA_NOS,IAN,2022,4620.0
2022-09-28 06:00:00,1.542,0.072,-1.47,-90.113333,30.027222,8761927,NOAA_NOS,IAN,2022,4680.0
2022-09-28 07:00:00,1.608,0.087,-1.521,-90.113333,30.027222,8761927,NOAA_NOS,IAN,2022,4740.0
2022-09-28 08:00:00,1.36,0.107,-1.253,-90.113333,30.027222,8761927,NOAA_NOS,IAN,2022,4800.0
2022-09-28 09:00:00,1.415,0.129,-1.286,-90.113333,30.027222,8761927,NOAA_NOS,IAN,2022,4860.0
2022-09-28 10:00:00,1.397,0.156,-1.241,-90.113333,30.027222,8761927,NOAA_NOS,IAN,2022,4920.0
2022-09-28 11:00:00,1.485,0.178,-1.3070000000000002,-90.113333,30.027222,8761927,NOAA_NOS,IAN,2022,4980.0
2022-09-28 12:00:00,1.582,0.198,-1.384,-90.113333,30.027222,8761927,NOAA_NOS,IAN,2022,5040.0
2022-09-28 13:00:00,1.545,0.209,-1.336,-90.113333,30.027222,8761927,NOAA_NOS,IAN,2022,5100.0
2022-09-28 14:00:00,1.596,0.204,-1.392,-90.113333,30.027222,8761927,NOAA_NOS,IAN,2022,5160.0
2022-09-28 15:00:00,1.55,0.188,-1.362,-90.113333,30.027222,8761927,NOAA_NOS,IAN,2022,5220.0
2022-09-28 16:00:00,1.592,0.163,-1.429,-90.113333,30.027222,8761927,NOAA_NOS,IAN,2022,5280.0
2022-09-28 17:00:00,1.675,0.129,-1.546,-90.113333,30.027222,8761927,NOAA_NOS,IAN,2022,5340.0
2022-09-28 18:00:00,1.619,0.101,-1.518,-90.113333,30.027222,8761927,NOAA_NOS,IAN,2022,5400.0
2022-09-28 19:00:00,1.754,0.074,-1.68,-90.113333,30.027222,8761927,NOAA_NOS,IAN,2022,5460.0
2022-09-28 20:00:00,1.758,0.043,-1.715,-90.113333,30.027222,8761927,NOAA_NOS,IAN,2022,5520.0
2022-09-28 21:00:00,1.721,0.016,-1.705,-90.113333,30.027222,8761927,NOAA_NOS,IAN,2022,5580.0
2022-09-28 22:00:00,1.656,-0.009,-1.6649999999999998,-90.113333,30.027222,8761927,NOAA_NOS,IAN,2022,5640.0
2022-09-28 23:00:00,1.73,-0.029,-1.759,-90.113333,30.027222,8761927,NOAA_NOS,IAN,2022,5700.0
2022-09-29 00:00:00,1.684,-0.041,-1.725,-90.113333,30.027222,8761927,NOAA_NOS,IAN,2022,5760.0
2022-09-29 01:00:00,1.554,-0.046,-1.6,-90.113333,30.027222,8761927,NOAA_NOS,IAN,2022,5820.0
2022-09-29 02:00:00,1.642,-0.043,-1.6849999999999998,-90.113333,30.027222,8761927,NOAA_NOS,IAN,2022,5880.0
2022-09-29 03:00:00,1.647,-0.03,-1.677,-90.113333,30.027222,8761927,NOAA_NOS,IAN,2022,5940.0
2022-09-29 04:00:00,1.564,-0.017,-1.581,-90.113333,30.027222,8761927,NOAA_NOS,IAN,2022,6000.0
2022-09-29 05:00:00,1.652,-0.0,-1.652,-90.113333,30.027222,8761927,NOAA_NOS,IAN,2022,6060.0
2022-09-29 06:00:00,1.48,0.017,-1.463,-90.113333,30.027222,8761927,NOAA_NOS,IAN,2022,6120.0
2022-09-29 07:00:00,1.601,0.033,-1.568,-90.113333,30.027222,8761927,NOAA_NOS,IAN,2022,6180.0
2022-09-29 08:00:00,1.531,0.054,-1.477,-90.113333,30.027222,8761927,NOAA_NOS,IAN,2022,6240.0
2022-09-29 09:00:00,1.411,0.078,-1.333,-90.113333,30.027222,8761927,NOAA_NOS,IAN,2022,6300.0
2022-09-29 10:00:00,1.397,0.102,-1.295,-90.113333,30.027222,8761927,NOAA_NOS,IAN,2022,6360.0
2022-09-29 11:00:00,1.392,0.127,-1.265,-90.113333,30.027222,8761927,NOAA_NOS,IAN,2022,6420.0
2022-09-29 12:00:00,1.314,0.148,-1.166,-90.113333,30.027222,8761927,NOAA_NOS,IAN,2022,6480.0
2022-09-29 13:00:00,1.434,0.162,-1.272,-90.113333,30.027222,8761927,NOAA_NOS,IAN,2022,6540.0
2022-09-29 14:00:00,1.388,0.162,-1.226,-90.113333,30.027222,8761927,NOAA_NOS,IAN,2022,6600.0
2022-09-29 15:00:00,1.327,0.149,-1.178,-90.113333,30.027222,8761927,NOAA_NOS,IAN,2022,6660.0
2022-09-29 16:00:00,1.369,0.127,-1.242,-90.113333,30.027222,8761927,NOAA_NOS,IAN,2022,6720.0
2022-09-29 17:00:00,1.3,0.095,-1.205,-90.113333,30.027222,8761927,NOAA_NOS,IAN,2022,6780.0
2022-09-29 18:00:00,1.272,0.061,-1.211,-90.113333,30.027222,8761927,NOAA_NOS,IAN,2022,6840.0
2022-09-29 19:00:00,1.304,0.033,-1.271,-90.113333,30.027222,8761927,NOAA_NOS,IAN,2022,6900.0
2022-09-29 20:00:00,1.184,0.0,-1.184,-90.113333,30.027222,8761927,NOAA_NOS,IAN,2022,6960.0
2022-09-29 21:00:00,1.147,-0.033,-1.18,-90.113333,30.027222,8761927,NOAA_NOS,IAN,2022,7020.0
2022-09-29 22:00:00,1.068,-0.067,-1.135,-90.113333,30.027222,8761927,NOAA_NOS,IAN,2022,7080.0
2022-09-29 23:00:00,1.105,-0.099,-1.204,-90.113333,30.027222,8761927,NOAA_NOS,IAN,2022,7140.0
2022-09-30 00:00:00,1.003,-0.131,-1.134,-90.113333,30.027222,8761927,NOAA_NOS,IAN,2022,7200.0
2022-09-30 01:00:00,0.864,-0.162,-1.026,-90.113333,30.027222,8761927,NOAA_NOS,IAN,2022,7260.0
2022-09-30 02:00:00,0.823,-0.191,-1.014,-90.113333,30.027222,8761927,NOAA_NOS,IAN,2022,7320.0
2022-09-30 03:00:00,0.748,-0.214,-0.962,-90.113333,30.027222,8761927,NOAA_NOS,IAN,2022,7380.0
2022-09-30 04:00:00,0.711,-0.232,-0.943,-90.113333,30.027222,8761927,NOAA_NOS,IAN,2022,7440.0
2022-09-30 05:00:00,0.772,-0.243,-1.015,-90.113333,30.027222,8761927,NOAA_NOS,IAN,2022,7500.0
2022-09-30 06:00:00,0.6,-0.244,-0.844,-90.113333,30.027222,8761927,NOAA_NOS,IAN,2022,7560.0
2022-09-30 07:00:00,0.637,-0.232,-0.869,-90.113333,30.027222,8761927,NOAA_NOS,IAN,2022,7620.0
2022-09-30 08:00:00,0.605,-0.213,-0.818,-90.113333,30.027222,8761927,NOAA_NOS,IAN,2022,7680.0
2022-09-30 09:00:00,0.693,-0.185,-0.8779999999999999,-90.113333,30.027222,8761927,NOAA_NOS,IAN,2022,7740.0
2022-09-30 10:00:00,0.804,-0.151,-0.955,-90.113333,30.027222,8761927,NOAA_NOS,IAN,2022,7800.0
2022-09-30 11:00:00,0.818,-0.125,-0.943,-90.113333,30.027222,8761927,NOAA_NOS,IAN,2022,7860.0
2022-09-30 12:00:00,0.92,-0.095,-1.015,-90.113333,30.027222,8761927,NOAA_NOS,IAN,2022,7920.0
2022-09-30 13:00:00,0.924,-0.068,-0.992,-90.113333,30.027222,8761927,NOAA_NOS,IAN,2022,7980.0
2022-09-30 14:00:00,0.855,-0.046,-0.901,-90.113333,30.027222,8761927,NOAA_NOS,IAN,2022,8040.0
2022-09-30 15:00:00,0.827,-0.035,-0.862,-90.113333,30.027222,8761927,NOAA_NOS,IAN,2022,8100.0
2022-09-30 16:00:00,0.863,-0.037,-0.9,-90.113333,30.027222,8761927,NOAA_NOS,IAN,2022,8160.0
2022-09-30 17:00:00,0.814,-0.055,-0.869,-90.113333,30.027222,8761927,NOAA_NOS,IAN,2022,8220.0
2022-09-30 18:00:00,0.807,-0.077,-0.884,-90.113333,30.027222,8761927,NOAA_NOS,IAN,2022,8280.0
2022-09-30 19:00:00,0.755,-0.112,-0.867,-90.113333,30.027222,8761927,NOAA_NOS,IAN,2022,8340.0
2022-09-30 20:00:00,0.633,-0.143,-0.776,-90.113333,30.027222,8761927,NOAA_NOS,IAN,2022,8400.0
2022-09-30 21:00:00,0.614,-0.168,-0.782,-90.113333,30.027222,8761927,NOAA_NOS,IAN,2022,8460.0
2022-09-30 22:00:00,0.54,-0.2,-0.74,-90.113333,30.027222,8761927,NOAA_NOS,IAN,2022,8520.0
2022-09-30 23:00:00,0.494,-0.23,-0.724,-90.113333,30.027222,8761927,NOAA_NOS,IAN,2022,8580.0
2022-10-01 00:00:00,0.443,-0.26,-0.7030000000000001,-90.113333,30.027222,8761927,NOAA_NOS,IAN,2022,8640.0
2022-10-01 01:00:00,0.341,-0.286,-0.627,-90.113333,30.027222,8761927,NOAA_NOS,IAN,2022,8700.0
2022-10-01 02:00:00,0.341,-0.307,-0.648,-90.113333,30.027222,8761927,NOAA_NOS,IAN,2022,8760.0
2022-10-01 03:00:00,0.294,-0.325,-0.619,-90.113333,30.027222,8761927,NOAA_NOS,IAN,2022,8820.0
2022-10-01 04:00:00,0.313,-0.336,-0.649,-90.113333,30.027222,8761927,NOAA_NOS,IAN,2022,8880.0
2022-10-01 05:00:00,0.29,-0.332,-0.622,-90.113333,30.027222,8761927,NOAA_NOS,IAN,2022,8940.0
2022-10-01 06:00:00,0.308,-0.315,-0.623,-90.113333,30.027222,8761927,NOAA_NOS,IAN,2022,9000.0
2022-10-01 07:00:00,0.341,-0.289,-0.63,-90.113333,30.027222,8761927,NOAA_NOS,IAN,2022,9060.0
2022-10-01 08:00:00,0.406,-0.247,-0.653,-90.113333,30.027222,8761927,NOAA_NOS,IAN,2022,9120.0
2022-10-01 09:00:00,0.475,-0.215,-0.69,-90.113333,30.027222,8761927,NOAA_NOS,IAN,2022,9180.0
2022-10-01 10:00:00,0.54,-0.181,-0.7210000000000001,-90.113333,30.027222,8761927,NOAA_NOS,IAN,2022,9240.0
2022-10-01 11:00:00,0.54,-0.139,-0.679,-90.113333,30.027222,8761927,NOAA_NOS,IAN,2022,9300.0
2022-10-01 12:00:00,0.623,-0.098,-0.721,-90.113333,30.027222,8761927,NOAA_NOS,IAN,2022,9360.0
2022-10-01 13:00:00,0.66,-0.061,-0.7210000000000001,-90.113333,30.027222,8761927,NOAA_NOS,IAN,2022,9420.0
2022-10-01 14:00:00,0.656,-0.036,-0.6920000000000001,-90.113333,30.027222,8761927,NOAA_NOS,IAN,2022,9480.0
2022-10-01 15:00:00,0.665,-0.001,-0.666,-90.113333,30.027222,8761927,NOAA_NOS,IAN,2022,9540.0
2022-10-01 16:00:00,0.679,0.029,-0.65,-90.113333,30.027222,8761927,NOAA_NOS,IAN,2022,9600.0
2022-10-01 17:00:00,0.646,0.041,-0.605,-90.113333,30.027222,8761927,NOAA_NOS,IAN,2022,9660.0
2022-10-01 18:00:00,0.633,0.04,-0.593,-90.113333,30.027222,8761927,NOAA_NOS,IAN,2022,9720.0
2022-10-01 19:00:00,0.582,0.026,-0.5559999999999999,-90.113333,30.027222,8761927,NOAA_NOS,IAN,2022,9780.0
2022-10-01 20:00:00,0.517,0.005,-0.512,-90.113333,30.027222,8761927,NOAA_NOS,IAN,2022,9840.0
2022-10-01 21:00:00,0.461,-0.027,-0.488,-90.113333,30.027222,8761927,NOAA_NOS,IAN,2022,9900.0
2022-10-01 22:00:00,0.406,-0.063,-0.469,-90.113333,30.027222,8761927,NOAA_NOS,IAN,2022,9960.0
2022-10-01 23:00:00,0.373,-0.089,-0.4619999999999999,-90.113333,30.027222,8761927,NOAA_NOS,IAN,2022,10020.0
2022-09-25 01:00:00,-4.032,-0.055,3.977,-90.137257,29.9329,8761955,NOAA_NOS,IAN,2022,60.0
2022-09-25 02:00:00,-4.111,-0.09,4.021,-90.137257,29.9329,8761955,NOAA_NOS,IAN,2022,120.0
2022-09-25 03:00:00,-4.199,-0.103,4.096,-90.137257,29.9329,8761955,NOAA_NOS,IAN,2022,180.0
2022-09-25 04:00:00,-4.206,-0.098,4.1080000000000005,-90.137257,29.9329,8761955,NOAA_NOS,IAN,2022,240.0
2022-09-25 05:00:00,-4.183,-0.087,4.096,-90.137257,29.9329,8761955,NOAA_NOS,IAN,2022,300.0
2022-09-25 06:00:00,-4.15,-0.076,4.074000000000001,-90.137257,29.9329,8761955,NOAA_NOS,IAN,2022,360.0
2022-09-25 07:00:00,-4.075,-0.063,4.0120000000000005,-90.137257,29.9329,8761955,NOAA_NOS,IAN,2022,420.0
2022-09-25 08:00:00,-3.999,-0.057,3.942,-90.137257,29.9329,8761955,NOAA_NOS,IAN,2022,480.0
2022-09-25 09:00:00,-3.957,-0.07,3.887,-90.137257,29.9329,8761955,NOAA_NOS,IAN,2022,540.0
2022-09-25 10:00:00,-3.907,-0.103,3.804,-90.137257,29.9329,8761955,NOAA_NOS,IAN,2022,600.0
2022-09-25 11:00:00,-3.885,-0.141,3.744,-90.137257,29.9329,8761955,NOAA_NOS,IAN,2022,660.0
2022-09-25 12:00:00,-3.871,-0.164,3.707,-90.137257,29.9329,8761955,NOAA_NOS,IAN,2022,720.0
2022-09-25 13:00:00,-3.924,-0.164,3.76,-90.137257,29.9329,8761955,NOAA_NOS,IAN,2022,780.0
2022-09-25 14:00:00,-3.976,-0.13,3.846,-90.137257,29.9329,8761955,NOAA_NOS,IAN,2022,840.0
2022-09-25 15:00:00,-3.976,-0.07,3.906,-90.137257,29.9329,8761955,NOAA_NOS,IAN,2022,900.0
2022-09-25 16:00:00,-3.996,-0.006,3.99,-90.137257,29.9329,8761955,NOAA_NOS,IAN,2022,960.0
2022-09-25 17:00:00,-3.921,0.057,3.978,-90.137257,29.9329,8761955,NOAA_NOS,IAN,2022,1020.0
2022-09-25 18:00:00,-3.878,0.119,3.997,-90.137257,29.9329,8761955,NOAA_NOS,IAN,2022,1080.0
2022-09-25 19:00:00,-3.855,0.173,4.028,-90.137257,29.9329,8761955,NOAA_NOS,IAN,2022,1140.0
2022-09-25 20:00:00,-3.816,0.208,4.024,-90.137257,29.9329,8761955,NOAA_NOS,IAN,2022,1200.0
2022-09-25 21:00:00,-3.871,0.204,4.075,-90.137257,29.9329,8761955,NOAA_NOS,IAN,2022,1260.0
2022-09-25 22:00:00,-3.881,0.159,4.04,-90.137257,29.9329,8761955,NOAA_NOS,IAN,2022,1320.0
2022-09-25 23:00:00,-3.947,0.103,4.05,-90.137257,29.9329,8761955,NOAA_NOS,IAN,2022,1380.0
2022-09-26 00:00:00,-3.95,0.056,4.006,-90.137257,29.9329,8761955,NOAA_NOS,IAN,2022,1440.0
2022-09-26 01:00:00,-4.055,0.01,4.065,-90.137257,29.9329,8761955,NOAA_NOS,IAN,2022,1500.0
2022-09-26 02:00:00,-4.104,-0.011,4.093,-90.137257,29.9329,8761955,NOAA_NOS,IAN,2022,1560.0
2022-09-26 03:00:00,-4.114,-0.003,4.111,-90.137257,29.9329,8761955,NOAA_NOS,IAN,2022,1620.0
2022-09-26 04:00:00,-4.124,0.02,4.143999999999999,-90.137257,29.9329,8761955,NOAA_NOS,IAN,2022,1680.0
2022-09-26 05:00:00,-4.075,0.046,4.121,-90.137257,29.9329,8761955,NOAA_NOS,IAN,2022,1740.0
2022-09-26 06:00:00,-4.039,0.063,4.101999999999999,-90.137257,29.9329,8761955,NOAA_NOS,IAN,2022,1800.0
2022-09-26 07:00:00,-3.993,0.07,4.063,-90.137257,29.9329,8761955,NOAA_NOS,IAN,2022,1860.0
2022-09-26 08:00:00,-3.924,0.071,3.995,-90.137257,29.9329,8761955,NOAA_NOS,IAN,2022,1920.0
2022-09-26 09:00:00,-3.868,0.043,3.911,-90.137257,29.9329,8761955,NOAA_NOS,IAN,2022,1980.0
2022-09-26 10:00:00,-3.835,-0.011,3.824,-90.137257,29.9329,8761955,NOAA_NOS,IAN,2022,2040.0
2022-09-26 11:00:00,-3.819,-0.082,3.737,-90.137257,29.9329,8761955,NOAA_NOS,IAN,2022,2100.0
2022-09-26 12:00:00,-3.858,-0.143,3.715,-90.137257,29.9329,8761955,NOAA_NOS,IAN,2022,2160.0
2022-09-26 13:00:00,-3.894,-0.191,3.703,-90.137257,29.9329,8761955,NOAA_NOS,IAN,2022,2220.0
2022-09-26 14:00:00,-3.98,-0.209,3.771,-90.137257,29.9329,8761955,NOAA_NOS,IAN,2022,2280.0
2022-09-26 15:00:00,-3.921,-0.184,3.737,-90.137257,29.9329,8761955,NOAA_NOS,IAN,2022,2340.0
2022-09-26 16:00:00,-3.871,-0.129,3.742,-90.137257,29.9329,8761955,NOAA_NOS,IAN,2022,2400.0
2022-09-26 17:00:00,-3.862,-0.067,3.795,-90.137257,29.9329,8761955,NOAA_NOS,IAN,2022,2460.0
2022-09-26 18:00:00,-3.839,-0.008,3.831,-90.137257,29.9329,8761955,NOAA_NOS,IAN,2022,2520.0
2022-09-26 19:00:00,-3.786,0.048,3.834,-90.137257,29.9329,8761955,NOAA_NOS,IAN,2022,2580.0
2022-09-26 20:00:00,-3.77,0.088,3.858,-90.137257,29.9329,8761955,NOAA_NOS,IAN,2022,2640.0
2022-09-26 21:00:00,-3.74,0.111,3.851,-90.137257,29.9329,8761955,NOAA_NOS,IAN,2022,2700.0
2022-09-26 22:00:00,-3.701,0.102,3.803,-90.137257,29.9329,8761955,NOAA_NOS,IAN,2022,2760.0
2022-09-26 23:00:00,-3.629,0.066,3.695,-90.137257,29.9329,8761955,NOAA_NOS,IAN,2022,2820.0
2022-09-27 00:00:00,-3.701,0.033,3.734,-90.137257,29.9329,8761955,NOAA_NOS,IAN,2022,2880.0
2022-09-27 01:00:00,-3.75,0.015,3.765,-90.137257,29.9329,8761955,NOAA_NOS,IAN,2022,2940.0
2022-09-27 02:00:00,-3.812,0.02,3.832,-90.137257,29.9329,8761955,NOAA_NOS,IAN,2022,3000.0
2022-09-27 03:00:00,-3.809,0.057,3.866,-90.137257,29.9329,8761955,NOAA_NOS,IAN,2022,3060.0
2022-09-27 04:00:00,-3.517,0.111,3.628,-90.137257,29.9329,8761955,NOAA_NOS,IAN,2022,3120.0
2022-09-27 05:00:00,-3.77,0.16,3.93,-90.137257,29.9329,8761955,NOAA_NOS,IAN,2022,3180.0
2022-09-27 06:00:00,-3.914,0.202,4.1160000000000005,-90.137257,29.9329,8761955,NOAA_NOS,IAN,2022,3240.0
2022-09-27 07:00:00,-3.822,0.223,4.045,-90.137257,29.9329,8761955,NOAA_NOS,IAN,2022,3300.0
2022-09-27 08:00:00,-3.514,0.223,3.737,-90.137257,29.9329,8761955,NOAA_NOS,IAN,2022,3360.0
2022-09-27 09:00:00,-3.415,0.187,3.602,-90.137257,29.9329,8761955,NOAA_NOS,IAN,2022,3420.0
2022-09-27 10:00:00,-3.314,0.122,3.436,-90.137257,29.9329,8761955,NOAA_NOS,IAN,2022,3480.0
2022-09-27 11:00:00,-3.264,0.034,3.298,-90.137257,29.9329,8761955,NOAA_NOS,IAN,2022,3540.0
2022-09-27 12:00:00,-3.337,-0.057,3.28,-90.137257,29.9329,8761955,NOAA_NOS,IAN,2022,3600.0
2022-09-27 13:00:00,-3.425,-0.141,3.284,-90.137257,29.9329,8761955,NOAA_NOS,IAN,2022,3660.0
2022-09-27 14:00:00,-3.514,-0.208,3.306,-90.137257,29.9329,8761955,NOAA_NOS,IAN,2022,3720.0
2022-09-27 15:00:00,-3.543,-0.25,3.293,-90.137257,29.9329,8761955,NOAA_NOS,IAN,2022,3780.0
2022-09-27 16:00:00,-3.596,-0.259,3.337,-90.137257,29.9329,8761955,NOAA_NOS,IAN,2022,3840.0
2022-09-27 17:00:00,-3.583,-0.234,3.349,-90.137257,29.9329,8761955,NOAA_NOS,IAN,2022,3900.0
2022-09-27 18:00:00,-3.599,-0.2,3.399,-90.137257,29.9329,8761955,NOAA_NOS,IAN,2022,3960.0
2022-09-27 19:00:00,-3.56,-0.164,3.396,-90.137257,29.9329,8761955,NOAA_NOS,IAN,2022,4020.0
2022-09-27 20:00:00,-3.583,-0.116,3.467,-90.137257,29.9329,8761955,NOAA_NOS,IAN,2022,4080.0
2022-09-27 21:00:00,-3.537,-0.067,3.47,-90.137257,29.9329,8761955,NOAA_NOS,IAN,2022,4140.0
2022-09-27 22:00:00,-3.461,-0.026,3.435,-90.137257,29.9329,8761955,NOAA_NOS,IAN,2022,4200.0
2022-09-27 23:00:00,-3.481,-0.003,3.478,-90.137257,29.9329,8761955,NOAA_NOS,IAN,2022,4260.0
2022-09-28 00:00:00,-3.442,0.008,3.45,-90.137257,29.9329,8761955,NOAA_NOS,IAN,2022,4320.0
2022-09-28 01:00:00,-3.474,0.023,3.4970000000000003,-90.137257,29.9329,8761955,NOAA_NOS,IAN,2022,4380.0
2022-09-28 02:00:00,-3.415,0.053,3.468,-90.137257,29.9329,8761955,NOAA_NOS,IAN,2022,4440.0
2022-09-28 03:00:00,-3.376,0.099,3.475,-90.137257,29.9329,8761955,NOAA_NOS,IAN,2022,4500.0
2022-09-28 04:00:00,-3.32,0.191,3.511,-90.137257,29.9329,8761955,NOAA_NOS,IAN,2022,4560.0
2022-09-28 05:00:00,-3.228,0.237,3.4650000000000003,-90.137257,29.9329,8761955,NOAA_NOS,IAN,2022,4620.0
2022-09-28 06:00:00,-3.107,0.295,3.402,-90.137257,29.9329,8761955,NOAA_NOS,IAN,2022,4680.0
2022-09-28 07:00:00,-3.005,0.337,3.342,-90.137257,29.9329,8761955,NOAA_NOS,IAN,2022,4740.0
2022-09-28 08:00:00,-2.897,0.352,3.249,-90.137257,29.9329,8761955,NOAA_NOS,IAN,2022,4800.0
2022-09-28 09:00:00,-2.782,0.335,3.117,-90.137257,29.9329,8761955,NOAA_NOS,IAN,2022,4860.0
2022-09-28 10:00:00,-2.723,0.291,3.014,-90.137257,29.9329,8761955,NOAA_NOS,IAN,2022,4920.0
2022-09-28 11:00:00,-2.7,0.206,2.906,-90.137257,29.9329,8761955,NOAA_NOS,IAN,2022,4980.0
2022-09-28 12:00:00,-2.677,0.102,2.779,-90.137257,29.9329,8761955,NOAA_NOS,IAN,2022,5040.0
2022-09-28 13:00:00,-2.7,-0.001,2.6990000000000003,-90.137257,29.9329,8761955,NOAA_NOS,IAN,2022,5100.0
2022-09-28 14:00:00,-2.743,-0.095,2.648,-90.137257,29.9329,8761955,NOAA_NOS,IAN,2022,5160.0
2022-09-28 15:00:00,-2.769,-0.178,2.591,-90.137257,29.9329,8761955,NOAA_NOS,IAN,2022,5220.0
2022-09-28 16:00:00,-2.828,-0.23,2.598,-90.137257,29.9329,8761955,NOAA_NOS,IAN,2022,5280.0
2022-09-28 17:00:00,-2.769,-0.266,2.503,-90.137257,29.9329,8761955,NOAA_NOS,IAN,2022,5340.0
2022-09-28 18:00:00,-2.792,-0.285,2.507,-90.137257,29.9329,8761955,NOAA_NOS,IAN,2022,5400.0
2022-09-28 19:00:00,-2.861,-0.292,2.5690000000000004,-90.137257,29.9329,8761955,NOAA_NOS,IAN,2022,5460.0
2022-09-28 20:00:00,-2.887,-0.276,2.611,-90.137257,29.9329,8761955,NOAA_NOS,IAN,2022,5520.0
2022-09-28 21:00:00,-2.949,-0.254,2.695,-90.137257,29.9329,8761955,NOAA_NOS,IAN,2022,5580.0
2022-09-28 22:00:00,-2.959,-0.209,2.75,-90.137257,29.9329,8761955,NOAA_NOS,IAN,2022,5640.0
2022-09-28 23:00:00,-2.976,-0.165,2.811,-90.137257,29.9329,8761955,NOAA_NOS,IAN,2022,5700.0
2022-09-29 00:00:00,-3.041,-0.127,2.914,-90.137257,29.9329,8761955,NOAA_NOS,IAN,2022,5760.0
2022-09-29 01:00:00,-3.071,-0.084,2.987,-90.137257,29.9329,8761955,NOAA_NOS,IAN,2022,5820.0
2022-09-29 02:00:00,-3.094,-0.024,3.07,-90.137257,29.9329,8761955,NOAA_NOS,IAN,2022,5880.0
2022-09-29 03:00:00,-3.097,0.042,3.139,-90.137257,29.9329,8761955,NOAA_NOS,IAN,2022,5940.0
2022-09-29 04:00:00,-3.1,0.123,3.223,-90.137257,29.9329,8761955,NOAA_NOS,IAN,2022,6000.0
2022-09-29 05:00:00,-2.995,0.22,3.2150000000000003,-90.137257,29.9329,8761955,NOAA_NOS,IAN,2022,6060.0
2022-09-29 06:00:00,-2.933,0.303,3.236,-90.137257,29.9329,8761955,NOAA_NOS,IAN,2022,6120.0
2022-09-29 07:00:00,-2.907,0.366,3.273,-90.137257,29.9329,8761955,NOAA_NOS,IAN,2022,6180.0
2022-09-29 08:00:00,-2.897,0.409,3.306,-90.137257,29.9329,8761955,NOAA_NOS,IAN,2022,6240.0
2022-09-29 09:00:00,-2.867,0.433,3.3,-90.137257,29.9329,8761955,NOAA_NOS,IAN,2022,6300.0
2022-09-29 10:00:00,-2.828,0.429,3.257,-90.137257,29.9329,8761955,NOAA_NOS,IAN,2022,6360.0
2022-09-29 11:00:00,-2.89,0.375,3.265,-90.137257,29.9329,8761955,NOAA_NOS,IAN,2022,6420.0
2022-09-29 12:00:00,-2.992,0.278,3.27,-90.137257,29.9329,8761955,NOAA_NOS,IAN,2022,6480.0
2022-09-29 13:00:00,-3.143,0.151,3.294,-90.137257,29.9329,8761955,NOAA_NOS,IAN,2022,6540.0
2022-09-29 14:00:00,-3.353,0.026,3.379,-90.137257,29.9329,8761955,NOAA_NOS,IAN,2022,6600.0
2022-09-29 15:00:00,-3.566,-0.093,3.473,-90.137257,29.9329,8761955,NOAA_NOS,IAN,2022,6660.0
2022-09-29 16:00:00,-3.74,-0.194,3.5460000000000003,-90.137257,29.9329,8761955,NOAA_NOS,IAN,2022,6720.0
2022-09-29 17:00:00,-3.911,-0.298,3.613,-90.137257,29.9329,8761955,NOAA_NOS,IAN,2022,6780.0
2022-09-29 18:00:00,-4.045,-0.367,3.678,-90.137257,29.9329,8761955,NOAA_NOS,IAN,2022,6840.0
2022-09-29 19:00:00,-4.213,-0.424,3.789,-90.137257,29.9329,8761955,NOAA_NOS,IAN,2022,6900.0
2022-09-29 20:00:00,-4.334,-0.462,3.872,-90.137257,29.9329,8761955,NOAA_NOS,IAN,2022,6960.0
2022-09-29 21:00:00,-4.491,-0.49,4.001,-90.137257,29.9329,8761955,NOAA_NOS,IAN,2022,7020.0
2022-09-29 22:00:00,-4.583,-0.473,4.11,-90.137257,29.9329,8761955,NOAA_NOS,IAN,2022,7080.0
2022-09-29 23:00:00,-4.639,-0.45,4.189,-90.137257,29.9329,8761955,NOAA_NOS,IAN,2022,7140.0
2022-09-30 00:00:00,-4.633,-0.404,4.229,-90.137257,29.9329,8761955,NOAA_NOS,IAN,2022,7200.0
2022-09-30 01:00:00,-4.623,-0.358,4.265000000000001,-90.137257,29.9329,8761955,NOAA_NOS,IAN,2022,7260.0
2022-09-30 02:00:00,-4.57,-0.296,4.274,-90.137257,29.9329,8761955,NOAA_NOS,IAN,2022,7320.0
2022-09-30 03:00:00,-4.442,-0.225,4.2170000000000005,-90.137257,29.9329,8761955,NOAA_NOS,IAN,2022,7380.0
2022-09-30 04:00:00,-4.327,-0.142,4.185,-90.137257,29.9329,8761955,NOAA_NOS,IAN,2022,7440.0
2022-09-30 05:00:00,-4.065,-0.058,4.007000000000001,-90.137257,29.9329,8761955,NOAA_NOS,IAN,2022,7500.0
2022-09-30 06:00:00,-3.944,0.035,3.979,-90.137257,29.9329,8761955,NOAA_NOS,IAN,2022,7560.0
2022-09-30 07:00:00,-3.822,0.12,3.942,-90.137257,29.9329,8761955,NOAA_NOS,IAN,2022,7620.0
2022-09-30 08:00:00,-3.73,0.194,3.924,-90.137257,29.9329,8761955,NOAA_NOS,IAN,2022,7680.0
2022-09-30 09:00:00,-3.704,0.246,3.95,-90.137257,29.9329,8761955,NOAA_NOS,IAN,2022,7740.0
2022-09-30 10:00:00,-3.75,0.27,4.02,-90.137257,29.9329,8761955,NOAA_NOS,IAN,2022,7800.0
2022-09-30 11:00:00,-3.78,0.251,4.031,-90.137257,29.9329,8761955,NOAA_NOS,IAN,2022,7860.0
2022-09-30 12:00:00,-3.871,0.195,4.066,-90.137257,29.9329,8761955,NOAA_NOS,IAN,2022,7920.0
2022-09-30 13:00:00,-4.016,0.097,4.113,-90.137257,29.9329,8761955,NOAA_NOS,IAN,2022,7980.0
2022-09-30 14:00:00,-4.219,-0.026,4.1930000000000005,-90.137257,29.9329,8761955,NOAA_NOS,IAN,2022,8040.0
2022-09-30 15:00:00,-4.4,-0.147,4.253,-90.137257,29.9329,8761955,NOAA_NOS,IAN,2022,8100.0
2022-09-30 16:00:00,-4.541,-0.261,4.28,-90.137257,29.9329,8761955,NOAA_NOS,IAN,2022,8160.0
2022-09-30 17:00:00,-4.672,-0.375,4.297,-90.137257,29.9329,8761955,NOAA_NOS,IAN,2022,8220.0
2022-09-30 18:00:00,-4.81,-0.456,4.353999999999999,-90.137257,29.9329,8761955,NOAA_NOS,IAN,2022,8280.0
2022-09-30 19:00:00,-4.934,-0.527,4.407,-90.137257,29.9329,8761955,NOAA_NOS,IAN,2022,8340.0
2022-09-30 20:00:00,-5.023,-0.594,4.428999999999999,-90.137257,29.9329,8761955,NOAA_NOS,IAN,2022,8400.0
2022-09-30 21:00:00,-5.121,-0.653,4.468,-90.137257,29.9329,8761955,NOAA_NOS,IAN,2022,8460.0
2022-09-30 22:00:00,-5.151,-0.676,4.475,-90.137257,29.9329,8761955,NOAA_NOS,IAN,2022,8520.0
2022-09-30 23:00:00,-5.141,-0.653,4.488,-90.137257,29.9329,8761955,NOAA_NOS,IAN,2022,8580.0
2022-10-01 00:00:00,-5.072,-0.605,4.4670000000000005,-90.137257,29.9329,8761955,NOAA_NOS,IAN,2022,8640.0
2022-10-01 01:00:00,-4.987,-0.528,4.459,-90.137257,29.9329,8761955,NOAA_NOS,IAN,2022,8700.0
2022-10-01 02:00:00,-4.905,-0.427,4.478000000000001,-90.137257,29.9329,8761955,NOAA_NOS,IAN,2022,8760.0
2022-10-01 03:00:00,-4.767,-0.319,4.448,-90.137257,29.9329,8761955,NOAA_NOS,IAN,2022,8820.0
2022-10-01 04:00:00,-4.587,-0.208,4.379,-90.137257,29.9329,8761955,NOAA_NOS,IAN,2022,8880.0
2022-10-01 05:00:00,-4.406,-0.094,4.311999999999999,-90.137257,29.9329,8761955,NOAA_NOS,IAN,2022,8940.0
2022-10-01 06:00:00,-4.232,0.032,4.264,-90.137257,29.9329,8761955,NOAA_NOS,IAN,2022,9000.0
2022-10-01 07:00:00,-4.104,0.151,4.255,-90.137257,29.9329,8761955,NOAA_NOS,IAN,2022,9060.0
2022-10-01 08:00:00,-3.95,0.267,4.2170000000000005,-90.137257,29.9329,8761955,NOAA_NOS,IAN,2022,9120.0
2022-10-01 09:00:00,-3.819,0.353,4.172,-90.137257,29.9329,8761955,NOAA_NOS,IAN,2022,9180.0
2022-10-01 10:00:00,-3.806,0.412,4.218,-90.137257,29.9329,8761955,NOAA_NOS,IAN,2022,9240.0
2022-10-01 11:00:00,-3.832,0.418,4.25,-90.137257,29.9329,8761955,NOAA_NOS,IAN,2022,9300.0
2022-10-01 12:00:00,-3.871,0.4,4.271,-90.137257,29.9329,8761955,NOAA_NOS,IAN,2022,9360.0
2022-10-01 13:00:00,-3.967,0.349,4.316,-90.137257,29.9329,8761955,NOAA_NOS,IAN,2022,9420.0
2022-10-01 14:00:00,-4.098,0.258,4.356,-90.137257,29.9329,8761955,NOAA_NOS,IAN,2022,9480.0
2022-10-01 15:00:00,-4.281,0.136,4.417,-90.137257,29.9329,8761955,NOAA_NOS,IAN,2022,9540.0
2022-10-01 16:00:00,-4.442,0.009,4.4510000000000005,-90.137257,29.9329,8761955,NOAA_NOS,IAN,2022,9600.0
2022-10-01 17:00:00,-4.603,-0.113,4.489999999999999,-90.137257,29.9329,8761955,NOAA_NOS,IAN,2022,9660.0
2022-10-01 18:00:00,-4.774,-0.246,4.5280000000000005,-90.137257,29.9329,8761955,NOAA_NOS,IAN,2022,9720.0
2022-10-01 19:00:00,-4.908,-0.362,4.546,-90.137257,29.9329,8761955,NOAA_NOS,IAN,2022,9780.0
2022-10-01 20:00:00,-5.01,-0.453,4.557,-90.137257,29.9329,8761955,NOAA_NOS,IAN,2022,9840.0
2022-10-01 21:00:00,-5.174,-0.523,4.651000000000001,-90.137257,29.9329,8761955,NOAA_NOS,IAN,2022,9900.0
2022-10-01 22:00:00,-5.233,-0.612,4.621,-90.137257,29.9329,8761955,NOAA_NOS,IAN,2022,9960.0
2022-10-01 23:00:00,-5.259,-0.66,4.599,-90.137257,29.9329,8761955,NOAA_NOS,IAN,2022,10020.0
2022-09-25 01:00:00,-0.82,-0.211,0.609,-91.237611,29.6675,8764044,NOAA_NOS,IAN,2022,60.0
2022-09-25 02:00:00,-0.935,-0.334,0.601,-91.237611,29.6675,8764044,NOAA_NOS,IAN,2022,120.0
2022-09-25 03:00:00,-1.024,-0.458,0.5660000000000001,-91.237611,29.6675,8764044,NOAA_NOS,IAN,2022,180.0
2022-09-25 04:00:00,-1.086,-0.512,0.5740000000000001,-91.237611,29.6675,8764044,NOAA_NOS,IAN,2022,240.0
2022-09-25 05:00:00,-1.115,-0.467,0.6479999999999999,-91.237611,29.6675,8764044,NOAA_NOS,IAN,2022,300.0
2022-09-25 06:00:00,-1.086,-0.302,0.784,-91.237611,29.6675,8764044,NOAA_NOS,IAN,2022,360.0
2022-09-25 07:00:00,-0.974,-0.127,0.847,-91.237611,29.6675,8764044,NOAA_NOS,IAN,2022,420.0
2022-09-25 08:00:00,-0.755,0.04,0.795,-91.237611,29.6675,8764044,NOAA_NOS,IAN,2022,480.0
2022-09-25 09:00:00,-0.545,0.186,0.7310000000000001,-91.237611,29.6675,8764044,NOAA_NOS,IAN,2022,540.0
2022-09-25 10:00:00,-0.374,0.282,0.6559999999999999,-91.237611,29.6675,8764044,NOAA_NOS,IAN,2022,600.0
2022-09-25 11:00:00,-0.282,0.293,0.575,-91.237611,29.6675,8764044,NOAA_NOS,IAN,2022,660.0
2022-09-25 12:00:00,-0.308,0.18,0.488,-91.237611,29.6675,8764044,NOAA_NOS,IAN,2022,720.0
2022-09-25 13:00:00,-0.459,0.026,0.485,-91.237611,29.6675,8764044,NOAA_NOS,IAN,2022,780.0
2022-09-25 14:00:00,-0.65,-0.092,0.558,-91.237611,29.6675,8764044,NOAA_NOS,IAN,2022,840.0
2022-09-25 15:00:00,-0.83,-0.164,0.6659999999999999,-91.237611,29.6675,8764044,NOAA_NOS,IAN,2022,900.0
2022-09-25 16:00:00,-0.915,-0.159,0.756,-91.237611,29.6675,8764044,NOAA_NOS,IAN,2022,960.0
2022-09-25 17:00:00,-0.856,-0.056,0.7999999999999999,-91.237611,29.6675,8764044,NOAA_NOS,IAN,2022,1020.0
2022-09-25 18:00:00,-0.863,0.07,0.933,-91.237611,29.6675,8764044,NOAA_NOS,IAN,2022,1080.0
2022-09-25 19:00:00,-0.758,0.202,0.96,-91.237611,29.6675,8764044,NOAA_NOS,IAN,2022,1140.0
2022-09-25 20:00:00,-0.62,0.336,0.956,-91.237611,29.6675,8764044,NOAA_NOS,IAN,2022,1200.0
2022-09-25 21:00:00,-0.502,0.456,0.958,-91.237611,29.6675,8764044,NOAA_NOS,IAN,2022,1260.0
2022-09-25 22:00:00,-0.394,0.51,0.904,-91.237611,29.6675,8764044,NOAA_NOS,IAN,2022,1320.0
2022-09-25 23:00:00,-0.413,0.408,0.821,-91.237611,29.6675,8764044,NOAA_NOS,IAN,2022,1380.0
2022-09-26 00:00:00,-0.486,0.214,0.7,-91.237611,29.6675,8764044,NOAA_NOS,IAN,2022,1440.0
2022-09-26 01:00:00,-0.633,0.039,0.672,-91.237611,29.6675,8764044,NOAA_NOS,IAN,2022,1500.0
2022-09-26 02:00:00,-0.732,-0.097,0.635,-91.237611,29.6675,8764044,NOAA_NOS,IAN,2022,1560.0
2022-09-26 03:00:00,-0.801,-0.231,0.5700000000000001,-91.237611,29.6675,8764044,NOAA_NOS,IAN,2022,1620.0
2022-09-26 04:00:00,-0.86,-0.324,0.536,-91.237611,29.6675,8764044,NOAA_NOS,IAN,2022,1680.0
2022-09-26 05:00:00,-0.814,-0.361,0.4529999999999999,-91.237611,29.6675,8764044,NOAA_NOS,IAN,2022,1740.0
2022-09-26 06:00:00,-0.751,-0.283,0.468,-91.237611,29.6675,8764044,NOAA_NOS,IAN,2022,1800.0
2022-09-26 07:00:00,-0.617,-0.134,0.483,-91.237611,29.6675,8764044,NOAA_NOS,IAN,2022,1860.0
2022-09-26 08:00:00,-0.423,0.022,0.445,-91.237611,29.6675,8764044,NOAA_NOS,IAN,2022,1920.0
2022-09-26 09:00:00,-0.22,0.166,0.386,-91.237611,29.6675,8764044,NOAA_NOS,IAN,2022,1980.0
2022-09-26 10:00:00,-0.062,0.26,0.322,-91.237611,29.6675,8764044,NOAA_NOS,IAN,2022,2040.0
2022-09-26 11:00:00,0.03,0.264,0.234,-91.237611,29.6675,8764044,NOAA_NOS,IAN,2022,2100.0
2022-09-26 12:00:00,0.03,0.124,0.094,-91.237611,29.6675,8764044,NOAA_NOS,IAN,2022,2160.0
2022-09-26 13:00:00,-0.138,-0.041,0.097,-91.237611,29.6675,8764044,NOAA_NOS,IAN,2022,2220.0
2022-09-26 14:00:00,-0.348,-0.186,0.1619999999999999,-91.237611,29.6675,8764044,NOAA_NOS,IAN,2022,2280.0
2022-09-26 15:00:00,-0.486,-0.298,0.188,-91.237611,29.6675,8764044,NOAA_NOS,IAN,2022,2340.0
2022-09-26 16:00:00,-0.558,-0.367,0.191,-91.237611,29.6675,8764044,NOAA_NOS,IAN,2022,2400.0
2022-09-26 17:00:00,-0.61,-0.331,0.2789999999999999,-91.237611,29.6675,8764044,NOAA_NOS,IAN,2022,2460.0
2022-09-26 18:00:00,-0.653,-0.17,0.483,-91.237611,29.6675,8764044,NOAA_NOS,IAN,2022,2520.0
2022-09-26 19:00:00,-0.705,0.001,0.706,-91.237611,29.6675,8764044,NOAA_NOS,IAN,2022,2580.0
2022-09-26 20:00:00,-0.653,0.17,0.8230000000000001,-91.237611,29.6675,8764044,NOAA_NOS,IAN,2022,2640.0
2022-09-26 21:00:00,-0.502,0.33,0.8320000000000001,-91.237611,29.6675,8764044,NOAA_NOS,IAN,2022,2700.0
2022-09-26 22:00:00,-0.266,0.464,0.73,-91.237611,29.6675,8764044,NOAA_NOS,IAN,2022,2760.0
2022-09-26 23:00:00,-0.154,0.524,0.678,-91.237611,29.6675,8764044,NOAA_NOS,IAN,2022,2820.0
2022-09-27 00:00:00,-0.128,0.43,0.558,-91.237611,29.6675,8764044,NOAA_NOS,IAN,2022,2880.0
2022-09-27 01:00:00,-0.269,0.235,0.504,-91.237611,29.6675,8764044,NOAA_NOS,IAN,2022,2940.0
2022-09-27 02:00:00,-0.397,0.067,0.464,-91.237611,29.6675,8764044,NOAA_NOS,IAN,2022,3000.0
2022-09-27 03:00:00,-0.564,-0.056,0.5079999999999999,-91.237611,29.6675,8764044,NOAA_NOS,IAN,2022,3060.0
2022-09-27 04:00:00,-0.738,-0.13,0.608,-91.237611,29.6675,8764044,NOAA_NOS,IAN,2022,3120.0
2022-09-27 05:00:00,-0.902,-0.131,0.771,-91.237611,29.6675,8764044,NOAA_NOS,IAN,2022,3180.0
2022-09-27 06:00:00,-1.056,-0.059,0.997,-91.237611,29.6675,8764044,NOAA_NOS,IAN,2022,3240.0
2022-09-27 07:00:00,-1.165,0.036,1.201,-91.237611,29.6675,8764044,NOAA_NOS,IAN,2022,3300.0
2022-09-27 08:00:00,-1.257,0.124,1.3809999999999998,-91.237611,29.6675,8764044,NOAA_NOS,IAN,2022,3360.0
2022-09-27 09:00:00,-1.22,0.201,1.421,-91.237611,29.6675,8764044,NOAA_NOS,IAN,2022,3420.0
2022-09-27 10:00:00,-1.165,0.234,1.399,-91.237611,29.6675,8764044,NOAA_NOS,IAN,2022,3480.0
2022-09-27 11:00:00,-1.066,0.169,1.235,-91.237611,29.6675,8764044,NOAA_NOS,IAN,2022,3540.0
2022-09-27 12:00:00,-0.997,0.012,1.009,-91.237611,29.6675,8764044,NOAA_NOS,IAN,2022,3600.0
2022-09-27 13:00:00,-1.06,-0.148,0.912,-91.237611,29.6675,8764044,NOAA_NOS,IAN,2022,3660.0
2022-09-27 14:00:00,-1.168,-0.295,0.873,-91.237611,29.6675,8764044,NOAA_NOS,IAN,2022,3720.0
2022-09-27 15:00:00,-1.253,-0.438,0.815,-91.237611,29.6675,8764044,NOAA_NOS,IAN,2022,3780.0
2022-09-27 16:00:00,-1.348,-0.548,0.8,-91.237611,29.6675,8764044,NOAA_NOS,IAN,2022,3840.0
2022-09-27 17:00:00,-1.362,-0.605,0.7570000000000001,-91.237611,29.6675,8764044,NOAA_NOS,IAN,2022,3900.0
2022-09-27 18:00:00,-1.388,-0.522,0.8659999999999999,-91.237611,29.6675,8764044,NOAA_NOS,IAN,2022,3960.0
2022-09-27 19:00:00,-1.394,-0.328,1.0659999999999998,-91.237611,29.6675,8764044,NOAA_NOS,IAN,2022,4020.0
2022-09-27 20:00:00,-1.296,-0.137,1.159,-91.237611,29.6675,8764044,NOAA_NOS,IAN,2022,4080.0
2022-09-27 21:00:00,-1.106,0.057,1.163,-91.237611,29.6675,8764044,NOAA_NOS,IAN,2022,4140.0
2022-09-27 22:00:00,-0.883,0.251,1.134,-91.237611,29.6675,8764044,NOAA_NOS,IAN,2022,4200.0
2022-09-27 23:00:00,-0.64,0.429,1.069,-91.237611,29.6675,8764044,NOAA_NOS,IAN,2022,4260.0
2022-09-28 00:00:00,-0.466,0.551,1.017,-91.237611,29.6675,8764044,NOAA_NOS,IAN,2022,4320.0
2022-09-28 01:00:00,-0.308,0.568,0.8759999999999999,-91.237611,29.6675,8764044,NOAA_NOS,IAN,2022,4380.0
2022-09-28 02:00:00,-0.318,0.447,0.765,-91.237611,29.6675,8764044,NOAA_NOS,IAN,2022,4440.0
2022-09-28 03:00:00,-0.413,0.279,0.692,-91.237611,29.6675,8764044,NOAA_NOS,IAN,2022,4500.0
2022-09-28 04:00:00,-0.653,0.165,0.8180000000000001,-91.237611,29.6675,8764044,NOAA_NOS,IAN,2022,4560.0
2022-09-28 05:00:00,-0.856,0.125,0.981,-91.237611,29.6675,8764044,NOAA_NOS,IAN,2022,4620.0
2022-09-28 06:00:00,-0.994,0.149,1.143,-91.237611,29.6675,8764044,NOAA_NOS,IAN,2022,4680.0
2022-09-28 07:00:00,-1.073,0.194,1.267,-91.237611,29.6675,8764044,NOAA_NOS,IAN,2022,4740.0
2022-09-28 08:00:00,-1.119,0.213,1.332,-91.237611,29.6675,8764044,NOAA_NOS,IAN,2022,4800.0
2022-09-28 09:00:00,-1.093,0.221,1.314,-91.237611,29.6675,8764044,NOAA_NOS,IAN,2022,4860.0
2022-09-28 10:00:00,-0.997,0.213,1.21,-91.237611,29.6675,8764044,NOAA_NOS,IAN,2022,4920.0
2022-09-28 11:00:00,-0.902,0.136,1.038,-91.237611,29.6675,8764044,NOAA_NOS,IAN,2022,4980.0
2022-09-28 12:00:00,-0.85,-0.003,0.847,-91.237611,29.6675,8764044,NOAA_NOS,IAN,2022,5040.0
2022-09-28 13:00:00,-0.883,-0.162,0.721,-91.237611,29.6675,8764044,NOAA_NOS,IAN,2022,5100.0
2022-09-28 14:00:00,-1.007,-0.316,0.6909999999999998,-91.237611,29.6675,8764044,NOAA_NOS,IAN,2022,5160.0
2022-09-28 15:00:00,-1.138,-0.471,0.6669999999999999,-91.237611,29.6675,8764044,NOAA_NOS,IAN,2022,5220.0
2022-09-28 16:00:00,-1.263,-0.615,0.6479999999999999,-91.237611,29.6675,8764044,NOAA_NOS,IAN,2022,5280.0
2022-09-28 17:00:00,-1.391,-0.741,0.65,-91.237611,29.6675,8764044,NOAA_NOS,IAN,2022,5340.0
2022-09-28 18:00:00,-1.503,-0.801,0.7019999999999998,-91.237611,29.6675,8764044,NOAA_NOS,IAN,2022,5400.0
2022-09-28 19:00:00,-1.552,-0.727,0.8250000000000001,-91.237611,29.6675,8764044,NOAA_NOS,IAN,2022,5460.0
2022-09-28 20:00:00,-1.47,-0.516,0.954,-91.237611,29.6675,8764044,NOAA_NOS,IAN,2022,5520.0
2022-09-28 21:00:00,-1.23,-0.31,0.92,-91.237611,29.6675,8764044,NOAA_NOS,IAN,2022,5580.0
2022-09-28 22:00:00,-0.899,-0.104,0.795,-91.237611,29.6675,8764044,NOAA_NOS,IAN,2022,5640.0
2022-09-28 23:00:00,-0.554,0.112,0.666,-91.237611,29.6675,8764044,NOAA_NOS,IAN,2022,5700.0
2022-09-29 00:00:00,-0.325,0.307,0.632,-91.237611,29.6675,8764044,NOAA_NOS,IAN,2022,5760.0
2022-09-29 01:00:00,-0.2,0.457,0.657,-91.237611,29.6675,8764044,NOAA_NOS,IAN,2022,5820.0
2022-09-29 02:00:00,-0.24,0.535,0.775,-91.237611,29.6675,8764044,NOAA_NOS,IAN,2022,5880.0
2022-09-29 03:00:00,-0.344,0.54,0.884,-91.237611,29.6675,8764044,NOAA_NOS,IAN,2022,5940.0
2022-09-29 04:00:00,-0.531,0.487,1.018,-91.237611,29.6675,8764044,NOAA_NOS,IAN,2022,6000.0
2022-09-29 05:00:00,-0.689,0.475,1.164,-91.237611,29.6675,8764044,NOAA_NOS,IAN,2022,6060.0
2022-09-29 06:00:00,-0.761,0.52,1.281,-91.237611,29.6675,8764044,NOAA_NOS,IAN,2022,6120.0
2022-09-29 07:00:00,-0.801,0.558,1.359,-91.237611,29.6675,8764044,NOAA_NOS,IAN,2022,6180.0
2022-09-29 08:00:00,-0.787,0.509,1.296,-91.237611,29.6675,8764044,NOAA_NOS,IAN,2022,6240.0
2022-09-29 09:00:00,-0.778,0.409,1.187,-91.237611,29.6675,8764044,NOAA_NOS,IAN,2022,6300.0
2022-09-29 10:00:00,-0.722,0.306,1.028,-91.237611,29.6675,8764044,NOAA_NOS,IAN,2022,6360.0
2022-09-29 11:00:00,-0.682,0.206,0.888,-91.237611,29.6675,8764044,NOAA_NOS,IAN,2022,6420.0
2022-09-29 12:00:00,-0.653,0.089,0.742,-91.237611,29.6675,8764044,NOAA_NOS,IAN,2022,6480.0
2022-09-29 13:00:00,-0.741,-0.059,0.6819999999999999,-91.237611,29.6675,8764044,NOAA_NOS,IAN,2022,6540.0
2022-09-29 14:00:00,-0.843,-0.234,0.609,-91.237611,29.6675,8764044,NOAA_NOS,IAN,2022,6600.0
2022-09-29 15:00:00,-0.961,-0.393,0.568,-91.237611,29.6675,8764044,NOAA_NOS,IAN,2022,6660.0
2022-09-29 16:00:00,-1.07,-0.562,0.508,-91.237611,29.6675,8764044,NOAA_NOS,IAN,2022,6720.0
2022-09-29 17:00:00,-1.194,-0.704,0.49,-91.237611,29.6675,8764044,NOAA_NOS,IAN,2022,6780.0
2022-09-29 18:00:00,-1.306,-0.825,0.4810000000000001,-91.237611,29.6675,8764044,NOAA_NOS,IAN,2022,6840.0
2022-09-29 19:00:00,-1.371,-0.896,0.475,-91.237611,29.6675,8764044,NOAA_NOS,IAN,2022,6900.0
2022-09-29 20:00:00,-1.358,-0.875,0.4830000000000001,-91.237611,29.6675,8764044,NOAA_NOS,IAN,2022,6960.0
2022-09-29 21:00:00,-1.283,-0.68,0.6029999999999999,-91.237611,29.6675,8764044,NOAA_NOS,IAN,2022,7020.0
2022-09-29 22:00:00,-1.086,-0.455,0.631,-91.237611,29.6675,8764044,NOAA_NOS,IAN,2022,7080.0
2022-09-29 23:00:00,-0.899,-0.232,0.667,-91.237611,29.6675,8764044,NOAA_NOS,IAN,2022,7140.0
2022-09-30 00:00:00,-0.741,-0.004,0.737,-91.237611,29.6675,8764044,NOAA_NOS,IAN,2022,7200.0
2022-09-30 01:00:00,-0.614,0.217,0.831,-91.237611,29.6675,8764044,NOAA_NOS,IAN,2022,7260.0
2022-09-30 02:00:00,-0.528,0.388,0.916,-91.237611,29.6675,8764044,NOAA_NOS,IAN,2022,7320.0
2022-09-30 03:00:00,-0.518,0.486,1.004,-91.237611,29.6675,8764044,NOAA_NOS,IAN,2022,7380.0
2022-09-30 04:00:00,-0.541,0.519,1.06,-91.237611,29.6675,8764044,NOAA_NOS,IAN,2022,7440.0
2022-09-30 05:00:00,-0.682,0.528,1.21,-91.237611,29.6675,8764044,NOAA_NOS,IAN,2022,7500.0
2022-09-30 06:00:00,-0.794,0.554,1.348,-91.237611,29.6675,8764044,NOAA_NOS,IAN,2022,7560.0
2022-09-30 07:00:00,-0.853,0.614,1.467,-91.237611,29.6675,8764044,NOAA_NOS,IAN,2022,7620.0
2022-09-30 08:00:00,-0.853,0.637,1.49,-91.237611,29.6675,8764044,NOAA_NOS,IAN,2022,7680.0
2022-09-30 09:00:00,-0.814,0.573,1.387,-91.237611,29.6675,8764044,NOAA_NOS,IAN,2022,7740.0
2022-09-30 10:00:00,-0.761,0.443,1.204,-91.237611,29.6675,8764044,NOAA_NOS,IAN,2022,7800.0
2022-09-30 11:00:00,-0.65,0.314,0.964,-91.237611,29.6675,8764044,NOAA_NOS,IAN,2022,7860.0
2022-09-30 12:00:00,-0.65,0.188,0.8380000000000001,-91.237611,29.6675,8764044,NOAA_NOS,IAN,2022,7920.0
2022-09-30 13:00:00,-0.735,0.044,0.779,-91.237611,29.6675,8764044,NOAA_NOS,IAN,2022,7980.0
2022-09-30 14:00:00,-0.86,-0.112,0.748,-91.237611,29.6675,8764044,NOAA_NOS,IAN,2022,8040.0
2022-09-30 15:00:00,-1.02,-0.296,0.724,-91.237611,29.6675,8764044,NOAA_NOS,IAN,2022,8100.0
2022-09-30 16:00:00,-1.145,-0.477,0.668,-91.237611,29.6675,8764044,NOAA_NOS,IAN,2022,8160.0
2022-09-30 17:00:00,-1.306,-0.638,0.668,-91.237611,29.6675,8764044,NOAA_NOS,IAN,2022,8220.0
2022-09-30 18:00:00,-1.499,-0.792,0.7070000000000001,-91.237611,29.6675,8764044,NOAA_NOS,IAN,2022,8280.0
2022-09-30 19:00:00,-1.614,-0.912,0.7020000000000001,-91.237611,29.6675,8764044,NOAA_NOS,IAN,2022,8340.0
2022-09-30 20:00:00,-1.732,-0.985,0.747,-91.237611,29.6675,8764044,NOAA_NOS,IAN,2022,8400.0
2022-09-30 21:00:00,-1.791,-0.961,0.83,-91.237611,29.6675,8764044,NOAA_NOS,IAN,2022,8460.0
2022-09-30 22:00:00,-1.703,-0.774,0.929,-91.237611,29.6675,8764044,NOAA_NOS,IAN,2022,8520.0
2022-09-30 23:00:00,-1.558,-0.567,0.991,-91.237611,29.6675,8764044,NOAA_NOS,IAN,2022,8580.0
2022-10-01 00:00:00,-1.371,-0.363,1.008,-91.237611,29.6675,8764044,NOAA_NOS,IAN,2022,8640.0
2022-10-01 01:00:00,-1.099,-0.138,0.961,-91.237611,29.6675,8764044,NOAA_NOS,IAN,2022,8700.0
2022-10-01 02:00:00,-0.833,0.097,0.93,-91.237611,29.6675,8764044,NOAA_NOS,IAN,2022,8760.0
2022-10-01 03:00:00,-0.679,0.324,1.003,-91.237611,29.6675,8764044,NOAA_NOS,IAN,2022,8820.0
2022-10-01 04:00:00,-0.581,0.519,1.1,-91.237611,29.6675,8764044,NOAA_NOS,IAN,2022,8880.0
2022-10-01 05:00:00,-0.584,0.666,1.25,-91.237611,29.6675,8764044,NOAA_NOS,IAN,2022,8940.0
2022-10-01 06:00:00,-0.659,0.762,1.421,-91.237611,29.6675,8764044,NOAA_NOS,IAN,2022,9000.0
2022-10-01 07:00:00,-0.719,0.814,1.533,-91.237611,29.6675,8764044,NOAA_NOS,IAN,2022,9060.0
2022-10-01 08:00:00,-0.774,0.829,1.603,-91.237611,29.6675,8764044,NOAA_NOS,IAN,2022,9120.0
2022-10-01 09:00:00,-0.797,0.779,1.576,-91.237611,29.6675,8764044,NOAA_NOS,IAN,2022,9180.0
2022-10-01 10:00:00,-0.807,0.641,1.448,-91.237611,29.6675,8764044,NOAA_NOS,IAN,2022,9240.0
2022-10-01 11:00:00,-0.833,0.483,1.3159999999999998,-91.237611,29.6675,8764044,NOAA_NOS,IAN,2022,9300.0
2022-10-01 12:00:00,-0.866,0.335,1.201,-91.237611,29.6675,8764044,NOAA_NOS,IAN,2022,9360.0
2022-10-01 13:00:00,-0.948,0.198,1.146,-91.237611,29.6675,8764044,NOAA_NOS,IAN,2022,9420.0
2022-10-01 14:00:00,-1.056,0.053,1.109,-91.237611,29.6675,8764044,NOAA_NOS,IAN,2022,9480.0
2022-10-01 15:00:00,-1.161,-0.099,1.062,-91.237611,29.6675,8764044,NOAA_NOS,IAN,2022,9540.0
2022-10-01 16:00:00,-1.257,-0.286,0.971,-91.237611,29.6675,8764044,NOAA_NOS,IAN,2022,9600.0
2022-10-01 17:00:00,-1.375,-0.467,0.908,-91.237611,29.6675,8764044,NOAA_NOS,IAN,2022,9660.0
2022-10-01 18:00:00,-1.526,-0.642,0.884,-91.237611,29.6675,8764044,NOAA_NOS,IAN,2022,9720.0
2022-10-01 19:00:00,-1.667,-0.811,0.856,-91.237611,29.6675,8764044,NOAA_NOS,IAN,2022,9780.0
2022-10-01 20:00:00,-1.801,-0.957,0.844,-91.237611,29.6675,8764044,NOAA_NOS,IAN,2022,9840.0
2022-10-01 21:00:00,-1.844,-1.067,0.7770000000000001,-91.237611,29.6675,8764044,NOAA_NOS,IAN,2022,9900.0
2022-10-01 22:00:00,-1.798,-1.113,0.685,-91.237611,29.6675,8764044,NOAA_NOS,IAN,2022,9960.0
2022-10-01 23:00:00,-1.64,-1.005,0.635,-91.237611,29.6675,8764044,NOAA_NOS,IAN,2022,10020.0
2022-09-25 01:00:00,0.285,-0.254,-0.5389999999999999,-91.338097,29.449966,8764227,NOAA_NOS,IAN,2022,60.0
2022-09-25 02:00:00,0.226,-0.382,-0.608,-91.338097,29.449966,8764227,NOAA_NOS,IAN,2022,120.0
2022-09-25 03:00:00,0.194,-0.458,-0.652,-91.338097,29.449966,8764227,NOAA_NOS,IAN,2022,180.0
2022-09-25 04:00:00,0.187,-0.468,-0.655,-91.338097,29.449966,8764227,NOAA_NOS,IAN,2022,240.0
2022-09-25 05:00:00,0.472,-0.364,-0.836,-91.338097,29.449966,8764227,NOAA_NOS,IAN,2022,300.0
2022-09-25 06:00:00,0.784,-0.239,-1.023,-91.338097,29.449966,8764227,NOAA_NOS,IAN,2022,360.0
2022-09-25 07:00:00,1.043,-0.072,-1.115,-91.338097,29.449966,8764227,NOAA_NOS,IAN,2022,420.0
2022-09-25 08:00:00,1.289,0.086,-1.2029999999999998,-91.338097,29.449966,8764227,NOAA_NOS,IAN,2022,480.0
2022-09-25 09:00:00,1.358,0.21,-1.148,-91.338097,29.449966,8764227,NOAA_NOS,IAN,2022,540.0
2022-09-25 10:00:00,1.283,0.258,-1.025,-91.338097,29.449966,8764227,NOAA_NOS,IAN,2022,600.0
2022-09-25 11:00:00,1.171,0.203,-0.968,-91.338097,29.449966,8764227,NOAA_NOS,IAN,2022,660.0
2022-09-25 12:00:00,0.928,0.1,-0.8280000000000001,-91.338097,29.449966,8764227,NOAA_NOS,IAN,2022,720.0
2022-09-25 13:00:00,0.65,-0.008,-0.658,-91.338097,29.449966,8764227,NOAA_NOS,IAN,2022,780.0
2022-09-25 14:00:00,0.446,-0.101,-0.547,-91.338097,29.449966,8764227,NOAA_NOS,IAN,2022,840.0
2022-09-25 15:00:00,0.449,-0.14,-0.589,-91.338097,29.449966,8764227,NOAA_NOS,IAN,2022,900.0
2022-09-25 16:00:00,0.558,-0.08,-0.638,-91.338097,29.449966,8764227,NOAA_NOS,IAN,2022,960.0
2022-09-25 17:00:00,0.741,0.004,-0.737,-91.338097,29.449966,8764227,NOAA_NOS,IAN,2022,1020.0
2022-09-25 18:00:00,0.994,0.125,-0.869,-91.338097,29.449966,8764227,NOAA_NOS,IAN,2022,1080.0
2022-09-25 19:00:00,1.188,0.261,-0.927,-91.338097,29.449966,8764227,NOAA_NOS,IAN,2022,1140.0
2022-09-25 20:00:00,1.263,0.39,-0.8729999999999999,-91.338097,29.449966,8764227,NOAA_NOS,IAN,2022,1200.0
2022-09-25 21:00:00,1.296,0.461,-0.835,-91.338097,29.449966,8764227,NOAA_NOS,IAN,2022,1260.0
2022-09-25 22:00:00,1.171,0.417,-0.754,-91.338097,29.449966,8764227,NOAA_NOS,IAN,2022,1320.0
2022-09-25 23:00:00,1.001,0.29,-0.7109999999999999,-91.338097,29.449966,8764227,NOAA_NOS,IAN,2022,1380.0
2022-09-26 00:00:00,0.751,0.158,-0.593,-91.338097,29.449966,8764227,NOAA_NOS,IAN,2022,1440.0
2022-09-26 01:00:00,0.646,0.001,-0.645,-91.338097,29.449966,8764227,NOAA_NOS,IAN,2022,1500.0
2022-09-26 02:00:00,0.577,-0.146,-0.723,-91.338097,29.449966,8764227,NOAA_NOS,IAN,2022,1560.0
2022-09-26 03:00:00,0.604,-0.258,-0.862,-91.338097,29.449966,8764227,NOAA_NOS,IAN,2022,1620.0
2022-09-26 04:00:00,0.758,-0.32,-1.078,-91.338097,29.449966,8764227,NOAA_NOS,IAN,2022,1680.0
2022-09-26 05:00:00,0.971,-0.302,-1.273,-91.338097,29.449966,8764227,NOAA_NOS,IAN,2022,1740.0
2022-09-26 06:00:00,1.204,-0.2,-1.404,-91.338097,29.449966,8764227,NOAA_NOS,IAN,2022,1800.0
2022-09-26 07:00:00,1.421,-0.077,-1.498,-91.338097,29.449966,8764227,NOAA_NOS,IAN,2022,1860.0
2022-09-26 08:00:00,1.562,0.067,-1.495,-91.338097,29.449966,8764227,NOAA_NOS,IAN,2022,1920.0
2022-09-26 09:00:00,1.67,0.188,-1.482,-91.338097,29.449966,8764227,NOAA_NOS,IAN,2022,1980.0
2022-09-26 10:00:00,1.706,0.233,-1.473,-91.338097,29.449966,8764227,NOAA_NOS,IAN,2022,2040.0
2022-09-26 11:00:00,1.604,0.158,-1.4460000000000002,-91.338097,29.449966,8764227,NOAA_NOS,IAN,2022,2100.0
2022-09-26 12:00:00,1.352,0.042,-1.31,-91.338097,29.449966,8764227,NOAA_NOS,IAN,2022,2160.0
2022-09-26 13:00:00,1.05,-0.088,-1.138,-91.338097,29.449966,8764227,NOAA_NOS,IAN,2022,2220.0
2022-09-26 14:00:00,0.827,-0.219,-1.046,-91.338097,29.449966,8764227,NOAA_NOS,IAN,2022,2280.0
2022-09-26 15:00:00,0.801,-0.312,-1.113,-91.338097,29.449966,8764227,NOAA_NOS,IAN,2022,2340.0
2022-09-26 16:00:00,0.686,-0.318,-1.004,-91.338097,29.449966,8764227,NOAA_NOS,IAN,2022,2400.0
2022-09-26 17:00:00,0.738,-0.22,-0.958,-91.338097,29.449966,8764227,NOAA_NOS,IAN,2022,2460.0
2022-09-26 18:00:00,0.846,-0.099,-0.945,-91.338097,29.449966,8764227,NOAA_NOS,IAN,2022,2520.0
2022-09-26 19:00:00,1.093,0.064,-1.029,-91.338097,29.449966,8764227,NOAA_NOS,IAN,2022,2580.0
2022-09-26 20:00:00,1.286,0.239,-1.0470000000000002,-91.338097,29.449966,8764227,NOAA_NOS,IAN,2022,2640.0
2022-09-26 21:00:00,1.463,0.389,-1.074,-91.338097,29.449966,8764227,NOAA_NOS,IAN,2022,2700.0
2022-09-26 22:00:00,1.46,0.472,-0.988,-91.338097,29.449966,8764227,NOAA_NOS,IAN,2022,2760.0
2022-09-26 23:00:00,1.345,0.434,-0.911,-91.338097,29.449966,8764227,NOAA_NOS,IAN,2022,2820.0
2022-09-27 00:00:00,1.257,0.309,-0.948,-91.338097,29.449966,8764227,NOAA_NOS,IAN,2022,2880.0
2022-09-27 01:00:00,1.037,0.184,-0.853,-91.338097,29.449966,8764227,NOAA_NOS,IAN,2022,2940.0
2022-09-27 02:00:00,0.719,0.045,-0.6739999999999999,-91.338097,29.449966,8764227,NOAA_NOS,IAN,2022,3000.0
2022-09-27 03:00:00,0.427,-0.067,-0.494,-91.338097,29.449966,8764227,NOAA_NOS,IAN,2022,3060.0
2022-09-27 04:00:00,0.148,-0.105,-0.253,-91.338097,29.449966,8764227,NOAA_NOS,IAN,2022,3120.0
2022-09-27 05:00:00,-0.115,-0.073,0.042,-91.338097,29.449966,8764227,NOAA_NOS,IAN,2022,3180.0
2022-09-27 06:00:00,-0.128,-0.013,0.115,-91.338097,29.449966,8764227,NOAA_NOS,IAN,2022,3240.0
2022-09-27 07:00:00,-0.007,0.062,0.069,-91.338097,29.449966,8764227,NOAA_NOS,IAN,2022,3300.0
2022-09-27 08:00:00,0.328,0.15,-0.178,-91.338097,29.449966,8764227,NOAA_NOS,IAN,2022,3360.0
2022-09-27 09:00:00,0.364,0.2,-0.1639999999999999,-91.338097,29.449966,8764227,NOAA_NOS,IAN,2022,3420.0
2022-09-27 10:00:00,0.607,0.181,-0.426,-91.338097,29.449966,8764227,NOAA_NOS,IAN,2022,3480.0
2022-09-27 11:00:00,0.587,0.072,-0.515,-91.338097,29.449966,8764227,NOAA_NOS,IAN,2022,3540.0
2022-09-27 12:00:00,0.315,-0.06,-0.375,-91.338097,29.449966,8764227,NOAA_NOS,IAN,2022,3600.0
2022-09-27 13:00:00,0.082,-0.202,-0.284,-91.338097,29.449966,8764227,NOAA_NOS,IAN,2022,3660.0
2022-09-27 14:00:00,-0.112,-0.344,-0.2319999999999999,-91.338097,29.449966,8764227,NOAA_NOS,IAN,2022,3720.0
2022-09-27 15:00:00,-0.246,-0.475,-0.2289999999999999,-91.338097,29.449966,8764227,NOAA_NOS,IAN,2022,3780.0
2022-09-27 16:00:00,-0.151,-0.549,-0.398,-91.338097,29.449966,8764227,NOAA_NOS,IAN,2022,3840.0
2022-09-27 17:00:00,0.003,-0.538,-0.541,-91.338097,29.449966,8764227,NOAA_NOS,IAN,2022,3900.0
2022-09-27 18:00:00,0.131,-0.411,-0.542,-91.338097,29.449966,8764227,NOAA_NOS,IAN,2022,3960.0
2022-09-27 19:00:00,0.43,-0.267,-0.6970000000000001,-91.338097,29.449966,8764227,NOAA_NOS,IAN,2022,4020.0
2022-09-27 20:00:00,0.768,-0.062,-0.8300000000000001,-91.338097,29.449966,8764227,NOAA_NOS,IAN,2022,4080.0
2022-09-27 21:00:00,0.945,0.148,-0.7969999999999999,-91.338097,29.449966,8764227,NOAA_NOS,IAN,2022,4140.0
2022-09-27 22:00:00,1.204,0.333,-0.871,-91.338097,29.449966,8764227,NOAA_NOS,IAN,2022,4200.0
2022-09-27 23:00:00,1.411,0.477,-0.934,-91.338097,29.449966,8764227,NOAA_NOS,IAN,2022,4260.0
2022-09-28 00:00:00,1.434,0.525,-0.909,-91.338097,29.449966,8764227,NOAA_NOS,IAN,2022,4320.0
2022-09-28 01:00:00,1.296,0.465,-0.831,-91.338097,29.449966,8764227,NOAA_NOS,IAN,2022,4380.0
2022-09-28 02:00:00,1.073,0.362,-0.711,-91.338097,29.449966,8764227,NOAA_NOS,IAN,2022,4440.0
2022-09-28 03:00:00,0.787,0.264,-0.523,-91.338097,29.449966,8764227,NOAA_NOS,IAN,2022,4500.0
2022-09-28 04:00:00,0.574,0.187,-0.3869999999999999,-91.338097,29.449966,8764227,NOAA_NOS,IAN,2022,4560.0
2022-09-28 05:00:00,0.449,0.163,-0.286,-91.338097,29.449966,8764227,NOAA_NOS,IAN,2022,4620.0
2022-09-28 06:00:00,0.384,0.178,-0.206,-91.338097,29.449966,8764227,NOAA_NOS,IAN,2022,4680.0
2022-09-28 07:00:00,0.39,0.197,-0.193,-91.338097,29.449966,8764227,NOAA_NOS,IAN,2022,4740.0
2022-09-28 08:00:00,0.614,0.216,-0.398,-91.338097,29.449966,8764227,NOAA_NOS,IAN,2022,4800.0
2022-09-28 09:00:00,0.781,0.216,-0.5650000000000001,-91.338097,29.449966,8764227,NOAA_NOS,IAN,2022,4860.0
2022-09-28 10:00:00,0.81,0.165,-0.645,-91.338097,29.449966,8764227,NOAA_NOS,IAN,2022,4920.0
2022-09-28 11:00:00,0.85,0.062,-0.788,-91.338097,29.449966,8764227,NOAA_NOS,IAN,2022,4980.0
2022-09-28 12:00:00,0.705,-0.077,-0.7819999999999999,-91.338097,29.449966,8764227,NOAA_NOS,IAN,2022,5040.0
2022-09-28 13:00:00,0.42,-0.224,-0.644,-91.338097,29.449966,8764227,NOAA_NOS,IAN,2022,5100.0
2022-09-28 14:00:00,0.066,-0.377,-0.443,-91.338097,29.449966,8764227,NOAA_NOS,IAN,2022,5160.0
2022-09-28 15:00:00,-0.203,-0.53,-0.327,-91.338097,29.449966,8764227,NOAA_NOS,IAN,2022,5220.0
2022-09-28 16:00:00,-0.394,-0.665,-0.271,-91.338097,29.449966,8764227,NOAA_NOS,IAN,2022,5280.0
2022-09-28 17:00:00,-0.433,-0.738,-0.305,-91.338097,29.449966,8764227,NOAA_NOS,IAN,2022,5340.0
2022-09-28 18:00:00,-0.131,-0.713,-0.582,-91.338097,29.449966,8764227,NOAA_NOS,IAN,2022,5400.0
2022-09-28 19:00:00,0.308,-0.614,-0.922,-91.338097,29.449966,8764227,NOAA_NOS,IAN,2022,5460.0
2022-09-28 20:00:00,0.755,-0.46,-1.215,-91.338097,29.449966,8764227,NOAA_NOS,IAN,2022,5520.0
2022-09-28 21:00:00,1.109,-0.248,-1.357,-91.338097,29.449966,8764227,NOAA_NOS,IAN,2022,5580.0
2022-09-28 22:00:00,1.427,-0.009,-1.436,-91.338097,29.449966,8764227,NOAA_NOS,IAN,2022,5640.0
2022-09-28 23:00:00,1.535,0.202,-1.333,-91.338097,29.449966,8764227,NOAA_NOS,IAN,2022,5700.0
2022-09-29 00:00:00,1.509,0.367,-1.142,-91.338097,29.449966,8764227,NOAA_NOS,IAN,2022,5760.0
2022-09-29 01:00:00,1.342,0.471,-0.8710000000000001,-91.338097,29.449966,8764227,NOAA_NOS,IAN,2022,5820.0
2022-09-29 02:00:00,1.129,0.51,-0.619,-91.338097,29.449966,8764227,NOAA_NOS,IAN,2022,5880.0
2022-09-29 03:00:00,1.037,0.496,-0.5409999999999999,-91.338097,29.449966,8764227,NOAA_NOS,IAN,2022,5940.0
2022-09-29 04:00:00,0.968,0.497,-0.471,-91.338097,29.449966,8764227,NOAA_NOS,IAN,2022,6000.0
2022-09-29 05:00:00,0.833,0.523,-0.3099999999999999,-91.338097,29.449966,8764227,NOAA_NOS,IAN,2022,6060.0
2022-09-29 06:00:00,0.879,0.536,-0.3429999999999999,-91.338097,29.449966,8764227,NOAA_NOS,IAN,2022,6120.0
2022-09-29 07:00:00,0.978,0.507,-0.471,-91.338097,29.449966,8764227,NOAA_NOS,IAN,2022,6180.0
2022-09-29 08:00:00,0.843,0.46,-0.3829999999999999,-91.338097,29.449966,8764227,NOAA_NOS,IAN,2022,6240.0
2022-09-29 09:00:00,0.919,0.383,-0.536,-91.338097,29.449966,8764227,NOAA_NOS,IAN,2022,6300.0
2022-09-29 10:00:00,0.968,0.284,-0.6839999999999999,-91.338097,29.449966,8764227,NOAA_NOS,IAN,2022,6360.0
2022-09-29 11:00:00,0.948,0.167,-0.7809999999999999,-91.338097,29.449966,8764227,NOAA_NOS,IAN,2022,6420.0
2022-09-29 12:00:00,0.804,0.027,-0.777,-91.338097,29.449966,8764227,NOAA_NOS,IAN,2022,6480.0
2022-09-29 13:00:00,0.564,-0.131,-0.695,-91.338097,29.449966,8764227,NOAA_NOS,IAN,2022,6540.0
2022-09-29 14:00:00,0.308,-0.3,-0.608,-91.338097,29.449966,8764227,NOAA_NOS,IAN,2022,6600.0
2022-09-29 15:00:00,0.03,-0.464,-0.494,-91.338097,29.449966,8764227,NOAA_NOS,IAN,2022,6660.0
2022-09-29 16:00:00,-0.161,-0.615,-0.4539999999999999,-91.338097,29.449966,8764227,NOAA_NOS,IAN,2022,6720.0
2022-09-29 17:00:00,-0.217,-0.752,-0.535,-91.338097,29.449966,8764227,NOAA_NOS,IAN,2022,6780.0
2022-09-29 18:00:00,0.0,-0.82,-0.82,-91.338097,29.449966,8764227,NOAA_NOS,IAN,2022,6840.0
2022-09-29 19:00:00,0.226,-0.823,-1.049,-91.338097,29.449966,8764227,NOAA_NOS,IAN,2022,6900.0
2022-09-29 20:00:00,0.469,-0.779,-1.248,-91.338097,29.449966,8764227,NOAA_NOS,IAN,2022,6960.0
2022-09-29 21:00:00,0.728,-0.606,-1.334,-91.338097,29.449966,8764227,NOAA_NOS,IAN,2022,7020.0
2022-09-29 22:00:00,0.955,-0.4,-1.355,-91.338097,29.449966,8764227,NOAA_NOS,IAN,2022,7080.0
2022-09-29 23:00:00,1.07,-0.137,-1.207,-91.338097,29.449966,8764227,NOAA_NOS,IAN,2022,7140.0
2022-09-30 00:00:00,1.142,0.091,-1.051,-91.338097,29.449966,8764227,NOAA_NOS,IAN,2022,7200.0
2022-09-30 01:00:00,1.224,0.284,-0.94,-91.338097,29.449966,8764227,NOAA_NOS,IAN,2022,7260.0
2022-09-30 02:00:00,1.152,0.409,-0.7429999999999999,-91.338097,29.449966,8764227,NOAA_NOS,IAN,2022,7320.0
2022-09-30 03:00:00,1.073,0.474,-0.599,-91.338097,29.449966,8764227,NOAA_NOS,IAN,2022,7380.0
2022-09-30 04:00:00,0.899,0.511,-0.388,-91.338097,29.449966,8764227,NOAA_NOS,IAN,2022,7440.0
2022-09-30 05:00:00,0.745,0.543,-0.2019999999999999,-91.338097,29.449966,8764227,NOAA_NOS,IAN,2022,7500.0
2022-09-30 06:00:00,0.771,0.594,-0.177,-91.338097,29.449966,8764227,NOAA_NOS,IAN,2022,7560.0
2022-09-30 07:00:00,0.879,0.612,-0.267,-91.338097,29.449966,8764227,NOAA_NOS,IAN,2022,7620.0
2022-09-30 08:00:00,0.919,0.578,-0.3410000000000001,-91.338097,29.449966,8764227,NOAA_NOS,IAN,2022,7680.0
2022-09-30 09:00:00,1.02,0.504,-0.516,-91.338097,29.449966,8764227,NOAA_NOS,IAN,2022,7740.0
2022-09-30 10:00:00,1.115,0.407,-0.708,-91.338097,29.449966,8764227,NOAA_NOS,IAN,2022,7800.0
2022-09-30 11:00:00,1.063,0.28,-0.7829999999999999,-91.338097,29.449966,8764227,NOAA_NOS,IAN,2022,7860.0
2022-09-30 12:00:00,0.856,0.135,-0.721,-91.338097,29.449966,8764227,NOAA_NOS,IAN,2022,7920.0
2022-09-30 13:00:00,0.551,-0.026,-0.5770000000000001,-91.338097,29.449966,8764227,NOAA_NOS,IAN,2022,7980.0
2022-09-30 14:00:00,0.19,-0.196,-0.386,-91.338097,29.449966,8764227,NOAA_NOS,IAN,2022,8040.0
2022-09-30 15:00:00,-0.131,-0.366,-0.235,-91.338097,29.449966,8764227,NOAA_NOS,IAN,2022,8100.0
2022-09-30 16:00:00,-0.387,-0.536,-0.149,-91.338097,29.449966,8764227,NOAA_NOS,IAN,2022,8160.0
2022-09-30 17:00:00,-0.61,-0.711,-0.1009999999999999,-91.338097,29.449966,8764227,NOAA_NOS,IAN,2022,8220.0
2022-09-30 18:00:00,-0.764,-0.818,-0.0539999999999999,-91.338097,29.449966,8764227,NOAA_NOS,IAN,2022,8280.0
2022-09-30 19:00:00,-0.732,-0.819,-0.0869999999999999,-91.338097,29.449966,8764227,NOAA_NOS,IAN,2022,8340.0
2022-09-30 20:00:00,-0.489,-0.818,-0.3289999999999999,-91.338097,29.449966,8764227,NOAA_NOS,IAN,2022,8400.0
2022-09-30 21:00:00,-0.167,-0.819,-0.6519999999999999,-91.338097,29.449966,8764227,NOAA_NOS,IAN,2022,8460.0
2022-09-30 22:00:00,0.121,-0.704,-0.825,-91.338097,29.449966,8764227,NOAA_NOS,IAN,2022,8520.0
2022-09-30 23:00:00,0.492,-0.53,-1.022,-91.338097,29.449966,8764227,NOAA_NOS,IAN,2022,8580.0
2022-10-01 00:00:00,0.82,-0.288,-1.108,-91.338097,29.449966,8764227,NOAA_NOS,IAN,2022,8640.0
2022-10-01 01:00:00,1.007,-0.03,-1.037,-91.338097,29.449966,8764227,NOAA_NOS,IAN,2022,8700.0
2022-10-01 02:00:00,1.086,0.206,-0.8800000000000001,-91.338097,29.449966,8764227,NOAA_NOS,IAN,2022,8760.0
2022-10-01 03:00:00,1.05,0.412,-0.6380000000000001,-91.338097,29.449966,8764227,NOAA_NOS,IAN,2022,8820.0
2022-10-01 04:00:00,1.01,0.579,-0.431,-91.338097,29.449966,8764227,NOAA_NOS,IAN,2022,8880.0
2022-10-01 05:00:00,0.968,0.697,-0.271,-91.338097,29.449966,8764227,NOAA_NOS,IAN,2022,8940.0
2022-10-01 06:00:00,0.961,0.772,-0.1889999999999999,-91.338097,29.449966,8764227,NOAA_NOS,IAN,2022,9000.0
2022-10-01 07:00:00,0.925,0.808,-0.1169999999999999,-91.338097,29.449966,8764227,NOAA_NOS,IAN,2022,9060.0
2022-10-01 08:00:00,0.873,0.784,-0.0889999999999999,-91.338097,29.449966,8764227,NOAA_NOS,IAN,2022,9120.0
2022-10-01 09:00:00,0.823,0.695,-0.128,-91.338097,29.449966,8764227,NOAA_NOS,IAN,2022,9180.0
2022-10-01 10:00:00,0.797,0.579,-0.218,-91.338097,29.449966,8764227,NOAA_NOS,IAN,2022,9240.0
2022-10-01 11:00:00,0.738,0.444,-0.294,-91.338097,29.449966,8764227,NOAA_NOS,IAN,2022,9300.0
2022-10-01 12:00:00,0.623,0.299,-0.324,-91.338097,29.449966,8764227,NOAA_NOS,IAN,2022,9360.0
2022-10-01 13:00:00,0.397,0.147,-0.25,-91.338097,29.449966,8764227,NOAA_NOS,IAN,2022,9420.0
2022-10-01 14:00:00,0.098,-0.014,-0.112,-91.338097,29.449966,8764227,NOAA_NOS,IAN,2022,9480.0
2022-10-01 15:00:00,-0.2,-0.188,0.012,-91.338097,29.449966,8764227,NOAA_NOS,IAN,2022,9540.0
2022-10-01 16:00:00,-0.486,-0.362,0.124,-91.338097,29.449966,8764227,NOAA_NOS,IAN,2022,9600.0
2022-10-01 17:00:00,-0.709,-0.537,0.1719999999999999,-91.338097,29.449966,8764227,NOAA_NOS,IAN,2022,9660.0
2022-10-01 18:00:00,-0.768,-0.726,0.042,-91.338097,29.449966,8764227,NOAA_NOS,IAN,2022,9720.0
2022-10-01 19:00:00,-0.751,-0.819,-0.0679999999999999,-91.338097,29.449966,8764227,NOAA_NOS,IAN,2022,9780.0
2022-10-01 20:00:00,-0.61,-0.817,-0.2069999999999999,-91.338097,29.449966,8764227,NOAA_NOS,IAN,2022,9840.0
2022-10-01 21:00:00,-0.259,-0.817,-0.5579999999999999,-91.338097,29.449966,8764227,NOAA_NOS,IAN,2022,9900.0
2022-10-01 22:00:00,0.098,-0.817,-0.915,-91.338097,29.449966,8764227,NOAA_NOS,IAN,2022,9960.0
2022-10-01 23:00:00,0.44,-0.817,-1.257,-91.338097,29.449966,8764227,NOAA_NOS,IAN,2022,10020.0
2022-09-25 01:00:00,0.361,-0.426,-0.7869999999999999,-91.3839,29.37306,8764314,NOAA_NOS,IAN,2022,60.0
2022-09-25 02:00:00,0.335,-0.473,-0.808,-91.3839,29.37306,8764314,NOAA_NOS,IAN,2022,120.0
2022-09-25 03:00:00,0.358,-0.45,-0.808,-91.3839,29.37306,8764314,NOAA_NOS,IAN,2022,180.0
2022-09-25 04:00:00,0.538,-0.37,-0.908,-91.3839,29.37306,8764314,NOAA_NOS,IAN,2022,240.0
2022-09-25 05:00:00,0.823,-0.242,-1.065,-91.3839,29.37306,8764314,NOAA_NOS,IAN,2022,300.0
2022-09-25 06:00:00,1.063,-0.079,-1.142,-91.3839,29.37306,8764314,NOAA_NOS,IAN,2022,360.0
2022-09-25 07:00:00,1.335,0.082,-1.253,-91.3839,29.37306,8764314,NOAA_NOS,IAN,2022,420.0
2022-09-25 08:00:00,1.516,0.19,-1.326,-91.3839,29.37306,8764314,NOAA_NOS,IAN,2022,480.0
2022-09-25 09:00:00,1.444,0.231,-1.213,-91.3839,29.37306,8764314,NOAA_NOS,IAN,2022,540.0
2022-09-25 10:00:00,1.381,0.195,-1.186,-91.3839,29.37306,8764314,NOAA_NOS,IAN,2022,600.0
2022-09-25 11:00:00,1.165,0.113,-1.052,-91.3839,29.37306,8764314,NOAA_NOS,IAN,2022,660.0
2022-09-25 12:00:00,0.883,0.007,-0.876,-91.3839,29.37306,8764314,NOAA_NOS,IAN,2022,720.0
2022-09-25 13:00:00,0.643,-0.083,-0.726,-91.3839,29.37306,8764314,NOAA_NOS,IAN,2022,780.0
2022-09-25 14:00:00,0.656,-0.116,-0.772,-91.3839,29.37306,8764314,NOAA_NOS,IAN,2022,840.0
2022-09-25 15:00:00,0.705,-0.072,-0.7769999999999999,-91.3839,29.37306,8764314,NOAA_NOS,IAN,2022,900.0
2022-09-25 16:00:00,0.856,-0.007,-0.863,-91.3839,29.37306,8764314,NOAA_NOS,IAN,2022,960.0
2022-09-25 17:00:00,1.063,0.104,-0.959,-91.3839,29.37306,8764314,NOAA_NOS,IAN,2022,1020.0
2022-09-25 18:00:00,1.243,0.243,-1.0,-91.3839,29.37306,8764314,NOAA_NOS,IAN,2022,1080.0
2022-09-25 19:00:00,1.365,0.374,-0.991,-91.3839,29.37306,8764314,NOAA_NOS,IAN,2022,1140.0
2022-09-25 20:00:00,1.391,0.441,-0.95,-91.3839,29.37306,8764314,NOAA_NOS,IAN,2022,1200.0
2022-09-25 21:00:00,1.371,0.408,-0.963,-91.3839,29.37306,8764314,NOAA_NOS,IAN,2022,1260.0
2022-09-25 22:00:00,1.201,0.305,-0.8960000000000001,-91.3839,29.37306,8764314,NOAA_NOS,IAN,2022,1320.0
2022-09-25 23:00:00,0.951,0.161,-0.7899999999999999,-91.3839,29.37306,8764314,NOAA_NOS,IAN,2022,1380.0
2022-09-26 00:00:00,0.768,-0.016,-0.784,-91.3839,29.37306,8764314,NOAA_NOS,IAN,2022,1440.0
2022-09-26 01:00:00,0.748,-0.171,-0.919,-91.3839,29.37306,8764314,NOAA_NOS,IAN,2022,1500.0
2022-09-26 02:00:00,0.715,-0.277,-0.992,-91.3839,29.37306,8764314,NOAA_NOS,IAN,2022,1560.0
2022-09-26 03:00:00,0.84,-0.307,-1.147,-91.3839,29.37306,8764314,NOAA_NOS,IAN,2022,1620.0
2022-09-26 04:00:00,0.938,-0.284,-1.222,-91.3839,29.37306,8764314,NOAA_NOS,IAN,2022,1680.0
2022-09-26 05:00:00,1.168,-0.211,-1.379,-91.3839,29.37306,8764314,NOAA_NOS,IAN,2022,1740.0
2022-09-26 06:00:00,1.398,-0.092,-1.49,-91.3839,29.37306,8764314,NOAA_NOS,IAN,2022,1800.0
2022-09-26 07:00:00,1.637,0.053,-1.584,-91.3839,29.37306,8764314,NOAA_NOS,IAN,2022,1860.0
2022-09-26 08:00:00,1.798,0.164,-1.634,-91.3839,29.37306,8764314,NOAA_NOS,IAN,2022,1920.0
2022-09-26 09:00:00,1.824,0.206,-1.618,-91.3839,29.37306,8764314,NOAA_NOS,IAN,2022,1980.0
2022-09-26 10:00:00,1.745,0.149,-1.596,-91.3839,29.37306,8764314,NOAA_NOS,IAN,2022,2040.0
2022-09-26 11:00:00,1.539,0.049,-1.49,-91.3839,29.37306,8764314,NOAA_NOS,IAN,2022,2100.0
2022-09-26 12:00:00,1.273,-0.091,-1.364,-91.3839,29.37306,8764314,NOAA_NOS,IAN,2022,2160.0
2022-09-26 13:00:00,1.089,-0.233,-1.322,-91.3839,29.37306,8764314,NOAA_NOS,IAN,2022,2220.0
2022-09-26 14:00:00,0.955,-0.312,-1.267,-91.3839,29.37306,8764314,NOAA_NOS,IAN,2022,2280.0
2022-09-26 15:00:00,0.869,-0.298,-1.167,-91.3839,29.37306,8764314,NOAA_NOS,IAN,2022,2340.0
2022-09-26 16:00:00,0.909,-0.22,-1.129,-91.3839,29.37306,8764314,NOAA_NOS,IAN,2022,2400.0
2022-09-26 17:00:00,0.978,-0.105,-1.083,-91.3839,29.37306,8764314,NOAA_NOS,IAN,2022,2460.0
2022-09-26 18:00:00,1.155,0.059,-1.096,-91.3839,29.37306,8764314,NOAA_NOS,IAN,2022,2520.0
2022-09-26 19:00:00,1.342,0.236,-1.106,-91.3839,29.37306,8764314,NOAA_NOS,IAN,2022,2580.0
2022-09-26 20:00:00,1.532,0.381,-1.151,-91.3839,29.37306,8764314,NOAA_NOS,IAN,2022,2640.0
2022-09-26 21:00:00,1.637,0.452,-1.185,-91.3839,29.37306,8764314,NOAA_NOS,IAN,2022,2700.0
2022-09-26 22:00:00,1.686,0.425,-1.261,-91.3839,29.37306,8764314,NOAA_NOS,IAN,2022,2760.0
2022-09-26 23:00:00,1.217,0.329,-0.8880000000000001,-91.3839,29.37306,8764314,NOAA_NOS,IAN,2022,2820.0
2022-09-27 00:00:00,1.243,0.195,-1.048,-91.3839,29.37306,8764314,NOAA_NOS,IAN,2022,2880.0
2022-09-27 01:00:00,0.988,0.049,-0.939,-91.3839,29.37306,8764314,NOAA_NOS,IAN,2022,2940.0
2022-09-27 02:00:00,0.712,-0.05,-0.762,-91.3839,29.37306,8764314,NOAA_NOS,IAN,2022,3000.0
2022-09-27 03:00:00,0.42,-0.079,-0.499,-91.3839,29.37306,8764314,NOAA_NOS,IAN,2022,3060.0
2022-09-27 04:00:00,-0.056,-0.062,-0.0059999999999999,-91.3839,29.37306,8764314,NOAA_NOS,IAN,2022,3120.0
2022-09-27 05:00:00,0.115,-0.022,-0.137,-91.3839,29.37306,8764314,NOAA_NOS,IAN,2022,3180.0
2022-09-27 06:00:00,0.223,0.037,-0.186,-91.3839,29.37306,8764314,NOAA_NOS,IAN,2022,3240.0
2022-09-27 07:00:00,0.472,0.12,-0.352,-91.3839,29.37306,8764314,NOAA_NOS,IAN,2022,3300.0
2022-09-27 08:00:00,0.446,0.175,-0.271,-91.3839,29.37306,8764314,NOAA_NOS,IAN,2022,3360.0
2022-09-27 09:00:00,0.768,0.171,-0.597,-91.3839,29.37306,8764314,NOAA_NOS,IAN,2022,3420.0
2022-09-27 10:00:00,0.764,0.078,-0.686,-91.3839,29.37306,8764314,NOAA_NOS,IAN,2022,3480.0
2022-09-27 11:00:00,0.571,-0.062,-0.633,-91.3839,29.37306,8764314,NOAA_NOS,IAN,2022,3540.0
2022-09-27 12:00:00,0.341,-0.239,-0.5800000000000001,-91.3839,29.37306,8764314,NOAA_NOS,IAN,2022,3600.0
2022-09-27 13:00:00,0.121,-0.4,-0.521,-91.3839,29.37306,8764314,NOAA_NOS,IAN,2022,3660.0
2022-09-27 14:00:00,0.03,-0.527,-0.557,-91.3839,29.37306,8764314,NOAA_NOS,IAN,2022,3720.0
2022-09-27 15:00:00,0.121,-0.57,-0.691,-91.3839,29.37306,8764314,NOAA_NOS,IAN,2022,3780.0
2022-09-27 16:00:00,0.285,-0.515,-0.8,-91.3839,29.37306,8764314,NOAA_NOS,IAN,2022,3840.0
2022-09-27 17:00:00,0.423,-0.41,-0.833,-91.3839,29.37306,8764314,NOAA_NOS,IAN,2022,3900.0
2022-09-27 18:00:00,0.617,-0.252,-0.869,-91.3839,29.37306,8764314,NOAA_NOS,IAN,2022,3960.0
2022-09-27 19:00:00,0.879,-0.048,-0.927,-91.3839,29.37306,8764314,NOAA_NOS,IAN,2022,4020.0
2022-09-27 20:00:00,1.161,0.168,-0.993,-91.3839,29.37306,8764314,NOAA_NOS,IAN,2022,4080.0
2022-09-27 21:00:00,1.421,0.354,-1.0670000000000002,-91.3839,29.37306,8764314,NOAA_NOS,IAN,2022,4140.0
2022-09-27 22:00:00,1.65,0.472,-1.178,-91.3839,29.37306,8764314,NOAA_NOS,IAN,2022,4200.0
2022-09-27 23:00:00,1.677,0.509,-1.168,-91.3839,29.37306,8764314,NOAA_NOS,IAN,2022,4260.0
2022-09-28 00:00:00,1.549,0.47,-1.079,-91.3839,29.37306,8764314,NOAA_NOS,IAN,2022,4320.0
2022-09-28 01:00:00,1.348,0.389,-0.959,-91.3839,29.37306,8764314,NOAA_NOS,IAN,2022,4380.0
2022-09-28 02:00:00,1.129,0.294,-0.835,-91.3839,29.37306,8764314,NOAA_NOS,IAN,2022,4440.0
2022-09-28 03:00:00,0.837,0.224,-0.613,-91.3839,29.37306,8764314,NOAA_NOS,IAN,2022,4500.0
2022-09-28 04:00:00,0.673,0.194,-0.479,-91.3839,29.37306,8764314,NOAA_NOS,IAN,2022,4560.0
2022-09-28 05:00:00,0.548,0.191,-0.357,-91.3839,29.37306,8764314,NOAA_NOS,IAN,2022,4620.0
2022-09-28 06:00:00,0.581,0.194,-0.3869999999999999,-91.3839,29.37306,8764314,NOAA_NOS,IAN,2022,4680.0
2022-09-28 07:00:00,0.715,0.202,-0.5129999999999999,-91.3839,29.37306,8764314,NOAA_NOS,IAN,2022,4740.0
2022-09-28 08:00:00,0.925,0.211,-0.7140000000000001,-91.3839,29.37306,8764314,NOAA_NOS,IAN,2022,4800.0
2022-09-28 09:00:00,1.056,0.183,-0.873,-91.3839,29.37306,8764314,NOAA_NOS,IAN,2022,4860.0
2022-09-28 10:00:00,1.079,0.08,-0.999,-91.3839,29.37306,8764314,NOAA_NOS,IAN,2022,4920.0
2022-09-28 11:00:00,1.004,-0.082,-1.086,-91.3839,29.37306,8764314,NOAA_NOS,IAN,2022,4980.0
2022-09-28 12:00:00,0.755,-0.272,-1.027,-91.3839,29.37306,8764314,NOAA_NOS,IAN,2022,5040.0
2022-09-28 13:00:00,0.4,-0.457,-0.857,-91.3839,29.37306,8764314,NOAA_NOS,IAN,2022,5100.0
2022-09-28 14:00:00,0.144,-0.629,-0.773,-91.3839,29.37306,8764314,NOAA_NOS,IAN,2022,5160.0
2022-09-28 15:00:00,-0.102,-0.751,-0.649,-91.3839,29.37306,8764314,NOAA_NOS,IAN,2022,5220.0
2022-09-28 16:00:00,-0.141,-0.787,-0.646,-91.3839,29.37306,8764314,NOAA_NOS,IAN,2022,5280.0
2022-09-28 17:00:00,0.141,-0.729,-0.87,-91.3839,29.37306,8764314,NOAA_NOS,IAN,2022,5340.0
2022-09-28 18:00:00,0.453,-0.602,-1.055,-91.3839,29.37306,8764314,NOAA_NOS,IAN,2022,5400.0
2022-09-28 19:00:00,0.866,-0.433,-1.299,-91.3839,29.37306,8764314,NOAA_NOS,IAN,2022,5460.0
2022-09-28 20:00:00,1.257,-0.209,-1.466,-91.3839,29.37306,8764314,NOAA_NOS,IAN,2022,5520.0
2022-09-28 21:00:00,1.686,0.026,-1.66,-91.3839,29.37306,8764314,NOAA_NOS,IAN,2022,5580.0
2022-09-28 22:00:00,1.867,0.239,-1.628,-91.3839,29.37306,8764314,NOAA_NOS,IAN,2022,5640.0
2022-09-28 23:00:00,1.765,0.38,-1.3849999999999998,-91.3839,29.37306,8764314,NOAA_NOS,IAN,2022,5700.0
2022-09-29 00:00:00,1.644,0.458,-1.186,-91.3839,29.37306,8764314,NOAA_NOS,IAN,2022,5760.0
2022-09-29 01:00:00,1.444,0.498,-0.946,-91.3839,29.37306,8764314,NOAA_NOS,IAN,2022,5820.0
2022-09-29 02:00:00,1.293,0.497,-0.7959999999999999,-91.3839,29.37306,8764314,NOAA_NOS,IAN,2022,5880.0
2022-09-29 03:00:00,1.204,0.507,-0.697,-91.3839,29.37306,8764314,NOAA_NOS,IAN,2022,5940.0
2022-09-29 04:00:00,1.125,0.52,-0.605,-91.3839,29.37306,8764314,NOAA_NOS,IAN,2022,6000.0
2022-09-29 05:00:00,1.129,0.541,-0.588,-91.3839,29.37306,8764314,NOAA_NOS,IAN,2022,6060.0
2022-09-29 06:00:00,1.188,0.519,-0.6689999999999999,-91.3839,29.37306,8764314,NOAA_NOS,IAN,2022,6120.0
2022-09-29 07:00:00,1.309,0.48,-0.829,-91.3839,29.37306,8764314,NOAA_NOS,IAN,2022,6180.0
2022-09-29 08:00:00,1.339,0.409,-0.93,-91.3839,29.37306,8764314,NOAA_NOS,IAN,2022,6240.0
2022-09-29 09:00:00,1.342,0.317,-1.025,-91.3839,29.37306,8764314,NOAA_NOS,IAN,2022,6300.0
2022-09-29 10:00:00,1.257,0.197,-1.0599999999999998,-91.3839,29.37306,8764314,NOAA_NOS,IAN,2022,6360.0
2022-09-29 11:00:00,1.224,0.022,-1.202,-91.3839,29.37306,8764314,NOAA_NOS,IAN,2022,6420.0
2022-09-29 12:00:00,0.981,-0.186,-1.167,-91.3839,29.37306,8764314,NOAA_NOS,IAN,2022,6480.0
2022-09-29 13:00:00,0.715,-0.397,-1.112,-91.3839,29.37306,8764314,NOAA_NOS,IAN,2022,6540.0
2022-09-29 14:00:00,0.328,-0.587,-0.915,-91.3839,29.37306,8764314,NOAA_NOS,IAN,2022,6600.0
2022-09-29 15:00:00,0.085,-0.741,-0.826,-91.3839,29.37306,8764314,NOAA_NOS,IAN,2022,6660.0
2022-09-29 16:00:00,0.023,-0.847,-0.87,-91.3839,29.37306,8764314,NOAA_NOS,IAN,2022,6720.0
2022-09-29 17:00:00,0.164,-0.897,-1.061,-91.3839,29.37306,8764314,NOAA_NOS,IAN,2022,6780.0
2022-09-29 18:00:00,0.371,-0.874,-1.245,-91.3839,29.37306,8764314,NOAA_NOS,IAN,2022,6840.0
2022-09-29 19:00:00,0.541,-0.752,-1.293,-91.3839,29.37306,8764314,NOAA_NOS,IAN,2022,6900.0
2022-09-29 20:00:00,0.889,-0.572,-1.461,-91.3839,29.37306,8764314,NOAA_NOS,IAN,2022,6960.0
2022-09-29 21:00:00,1.115,-0.341,-1.456,-91.3839,29.37306,8764314,NOAA_NOS,IAN,2022,7020.0
2022-09-29 22:00:00,1.293,-0.081,-1.374,-91.3839,29.37306,8764314,NOAA_NOS,IAN,2022,7080.0
2022-09-29 23:00:00,1.371,0.153,-1.218,-91.3839,29.37306,8764314,NOAA_NOS,IAN,2022,7140.0
2022-09-30 00:00:00,1.388,0.315,-1.073,-91.3839,29.37306,8764314,NOAA_NOS,IAN,2022,7200.0
2022-09-30 01:00:00,1.385,0.401,-0.984,-91.3839,29.37306,8764314,NOAA_NOS,IAN,2022,7260.0
2022-09-30 02:00:00,1.312,0.457,-0.855,-91.3839,29.37306,8764314,NOAA_NOS,IAN,2022,7320.0
2022-09-30 03:00:00,1.175,0.495,-0.68,-91.3839,29.37306,8764314,NOAA_NOS,IAN,2022,7380.0
2022-09-30 04:00:00,0.994,0.53,-0.4639999999999999,-91.3839,29.37306,8764314,NOAA_NOS,IAN,2022,7440.0
2022-09-30 05:00:00,0.961,0.579,-0.382,-91.3839,29.37306,8764314,NOAA_NOS,IAN,2022,7500.0
2022-09-30 06:00:00,1.027,0.605,-0.4219999999999999,-91.3839,29.37306,8764314,NOAA_NOS,IAN,2022,7560.0
2022-09-30 07:00:00,1.109,0.59,-0.519,-91.3839,29.37306,8764314,NOAA_NOS,IAN,2022,7620.0
2022-09-30 08:00:00,1.198,0.525,-0.6729999999999999,-91.3839,29.37306,8764314,NOAA_NOS,IAN,2022,7680.0
2022-09-30 09:00:00,1.316,0.432,-0.8840000000000001,-91.3839,29.37306,8764314,NOAA_NOS,IAN,2022,7740.0
2022-09-30 10:00:00,1.309,0.305,-1.004,-91.3839,29.37306,8764314,NOAA_NOS,IAN,2022,7800.0
2022-09-30 11:00:00,1.152,0.144,-1.008,-91.3839,29.37306,8764314,NOAA_NOS,IAN,2022,7860.0
2022-09-30 12:00:00,0.791,-0.057,-0.8480000000000001,-91.3839,29.37306,8764314,NOAA_NOS,IAN,2022,7920.0
2022-09-30 13:00:00,0.4,-0.279,-0.679,-91.3839,29.37306,8764314,NOAA_NOS,IAN,2022,7980.0
2022-09-30 14:00:00,-0.016,-0.497,-0.481,-91.3839,29.37306,8764314,NOAA_NOS,IAN,2022,8040.0
2022-09-30 15:00:00,-0.381,-0.692,-0.3109999999999999,-91.3839,29.37306,8764314,NOAA_NOS,IAN,2022,8100.0
2022-09-30 16:00:00,-0.584,-0.853,-0.269,-91.3839,29.37306,8764314,NOAA_NOS,IAN,2022,8160.0
2022-09-30 17:00:00,-0.722,-0.959,-0.237,-91.3839,29.37306,8764314,NOAA_NOS,IAN,2022,8220.0
2022-09-30 18:00:00,-0.699,-1.001,-0.3019999999999999,-91.3839,29.37306,8764314,NOAA_NOS,IAN,2022,8280.0
2022-09-30 19:00:00,-0.417,-0.969,-0.552,-91.3839,29.37306,8764314,NOAA_NOS,IAN,2022,8340.0
2022-09-30 20:00:00,-0.167,-0.853,-0.6859999999999999,-91.3839,29.37306,8764314,NOAA_NOS,IAN,2022,8400.0
2022-09-30 21:00:00,0.141,-0.693,-0.834,-91.3839,29.37306,8764314,NOAA_NOS,IAN,2022,8460.0
2022-09-30 22:00:00,0.499,-0.485,-0.984,-91.3839,29.37306,8764314,NOAA_NOS,IAN,2022,8520.0
2022-09-30 23:00:00,0.866,-0.23,-1.096,-91.3839,29.37306,8764314,NOAA_NOS,IAN,2022,8580.0
2022-10-01 00:00:00,1.122,0.034,-1.088,-91.3839,29.37306,8764314,NOAA_NOS,IAN,2022,8640.0
2022-10-01 01:00:00,1.26,0.269,-0.991,-91.3839,29.37306,8764314,NOAA_NOS,IAN,2022,8700.0
2022-10-01 02:00:00,1.263,0.451,-0.8119999999999998,-91.3839,29.37306,8764314,NOAA_NOS,IAN,2022,8760.0
2022-10-01 03:00:00,1.214,0.588,-0.626,-91.3839,29.37306,8764314,NOAA_NOS,IAN,2022,8820.0
2022-10-01 04:00:00,1.188,0.688,-0.5,-91.3839,29.37306,8764314,NOAA_NOS,IAN,2022,8880.0
2022-10-01 05:00:00,1.145,0.757,-0.388,-91.3839,29.37306,8764314,NOAA_NOS,IAN,2022,8940.0
2022-10-01 06:00:00,1.142,0.798,-0.3439999999999998,-91.3839,29.37306,8764314,NOAA_NOS,IAN,2022,9000.0
2022-10-01 07:00:00,1.093,0.794,-0.2989999999999999,-91.3839,29.37306,8764314,NOAA_NOS,IAN,2022,9060.0
2022-10-01 08:00:00,1.05,0.73,-0.32,-91.3839,29.37306,8764314,NOAA_NOS,IAN,2022,9120.0
2022-10-01 09:00:00,1.037,0.613,-0.4239999999999999,-91.3839,29.37306,8764314,NOAA_NOS,IAN,2022,9180.0
2022-10-01 10:00:00,0.968,0.469,-0.499,-91.3839,29.37306,8764314,NOAA_NOS,IAN,2022,9240.0
2022-10-01 11:00:00,0.869,0.314,-0.5549999999999999,-91.3839,29.37306,8764314,NOAA_NOS,IAN,2022,9300.0
2022-10-01 12:00:00,0.64,0.141,-0.499,-91.3839,29.37306,8764314,NOAA_NOS,IAN,2022,9360.0
2022-10-01 13:00:00,0.318,-0.06,-0.378,-91.3839,29.37306,8764314,NOAA_NOS,IAN,2022,9420.0
2022-10-01 14:00:00,-0.03,-0.281,-0.251,-91.3839,29.37306,8764314,NOAA_NOS,IAN,2022,9480.0
2022-10-01 15:00:00,-0.407,-0.507,-0.1,-91.3839,29.37306,8764314,NOAA_NOS,IAN,2022,9540.0
2022-10-01 16:00:00,-0.62,-0.718,-0.0979999999999999,-91.3839,29.37306,8764314,NOAA_NOS,IAN,2022,9600.0
2022-10-01 17:00:00,-0.728,-0.903,-0.175,-91.3839,29.37306,8764314,NOAA_NOS,IAN,2022,9660.0
2022-10-01 18:00:00,-0.751,-1.047,-0.2959999999999999,-91.3839,29.37306,8764314,NOAA_NOS,IAN,2022,9720.0
2022-10-01 19:00:00,-0.577,-1.135,-0.558,-91.3839,29.37306,8764314,NOAA_NOS,IAN,2022,9780.0
2022-10-01 20:00:00,-0.315,-1.136,-0.821,-91.3839,29.37306,8764314,NOAA_NOS,IAN,2022,9840.0
2022-10-01 21:00:00,0.062,-1.045,-1.107,-91.3839,29.37306,8764314,NOAA_NOS,IAN,2022,9900.0
2022-10-01 22:00:00,0.394,-0.875,-1.269,-91.3839,29.37306,8764314,NOAA_NOS,IAN,2022,9960.0
2022-10-01 23:00:00,0.764,-0.65,-1.414,-91.3839,29.37306,8764314,NOAA_NOS,IAN,2022,10020.0
2022-09-25 01:00:00,0.089,-0.693,-0.7819999999999999,-92.305194,29.551694,8766072,NOAA_NOS,IAN,2022,60.0
2022-09-25 02:00:00,0.062,-0.723,-0.7849999999999999,-92.305194,29.551694,8766072,NOAA_NOS,IAN,2022,120.0
2022-09-25 03:00:00,0.19,-0.607,-0.7969999999999999,-92.305194,29.551694,8766072,NOAA_NOS,IAN,2022,180.0
2022-09-25 04:00:00,0.413,-0.403,-0.8160000000000001,-92.305194,29.551694,8766072,NOAA_NOS,IAN,2022,240.0
2022-09-25 05:00:00,0.719,-0.13,-0.849,-92.305194,29.551694,8766072,NOAA_NOS,IAN,2022,300.0
2022-09-25 06:00:00,1.119,0.145,-0.974,-92.305194,29.551694,8766072,NOAA_NOS,IAN,2022,360.0
2022-09-25 07:00:00,1.234,0.332,-0.902,-92.305194,29.551694,8766072,NOAA_NOS,IAN,2022,420.0
2022-09-25 08:00:00,1.46,0.396,-1.064,-92.305194,29.551694,8766072,NOAA_NOS,IAN,2022,480.0
2022-09-25 09:00:00,1.24,0.384,-0.856,-92.305194,29.551694,8766072,NOAA_NOS,IAN,2022,540.0
2022-09-25 10:00:00,0.827,0.274,-0.5529999999999999,-92.305194,29.551694,8766072,NOAA_NOS,IAN,2022,600.0
2022-09-25 11:00:00,0.899,0.097,-0.802,-92.305194,29.551694,8766072,NOAA_NOS,IAN,2022,660.0
2022-09-25 12:00:00,0.413,-0.076,-0.489,-92.305194,29.551694,8766072,NOAA_NOS,IAN,2022,720.0
2022-09-25 13:00:00,0.322,-0.231,-0.553,-92.305194,29.551694,8766072,NOAA_NOS,IAN,2022,780.0
2022-09-25 14:00:00,0.42,-0.256,-0.6759999999999999,-92.305194,29.551694,8766072,NOAA_NOS,IAN,2022,840.0
2022-09-25 15:00:00,0.466,-0.199,-0.665,-92.305194,29.551694,8766072,NOAA_NOS,IAN,2022,900.0
2022-09-25 16:00:00,0.686,-0.032,-0.7180000000000001,-92.305194,29.551694,8766072,NOAA_NOS,IAN,2022,960.0
2022-09-25 17:00:00,0.787,0.175,-0.6120000000000001,-92.305194,29.551694,8766072,NOAA_NOS,IAN,2022,1020.0
2022-09-25 18:00:00,1.371,0.4,-0.971,-92.305194,29.551694,8766072,NOAA_NOS,IAN,2022,1080.0
2022-09-25 19:00:00,1.227,0.521,-0.7060000000000001,-92.305194,29.551694,8766072,NOAA_NOS,IAN,2022,1140.0
2022-09-25 20:00:00,1.115,0.552,-0.563,-92.305194,29.551694,8766072,NOAA_NOS,IAN,2022,1200.0
2022-09-25 21:00:00,1.083,0.468,-0.615,-92.305194,29.551694,8766072,NOAA_NOS,IAN,2022,1260.0
2022-09-25 22:00:00,0.997,0.296,-0.7010000000000001,-92.305194,29.551694,8766072,NOAA_NOS,IAN,2022,1320.0
2022-09-25 23:00:00,0.692,0.052,-0.6399999999999999,-92.305194,29.551694,8766072,NOAA_NOS,IAN,2022,1380.0
2022-09-26 00:00:00,0.617,-0.196,-0.813,-92.305194,29.551694,8766072,NOAA_NOS,IAN,2022,1440.0
2022-09-26 01:00:00,0.676,-0.422,-1.098,-92.305194,29.551694,8766072,NOAA_NOS,IAN,2022,1500.0
2022-09-26 02:00:00,0.24,-0.531,-0.771,-92.305194,29.551694,8766072,NOAA_NOS,IAN,2022,1560.0
2022-09-26 03:00:00,0.65,-0.536,-1.186,-92.305194,29.551694,8766072,NOAA_NOS,IAN,2022,1620.0
2022-09-26 04:00:00,0.804,-0.423,-1.227,-92.305194,29.551694,8766072,NOAA_NOS,IAN,2022,1680.0
2022-09-26 05:00:00,0.978,-0.209,-1.187,-92.305194,29.551694,8766072,NOAA_NOS,IAN,2022,1740.0
2022-09-26 06:00:00,1.28,0.058,-1.222,-92.305194,29.551694,8766072,NOAA_NOS,IAN,2022,1800.0
2022-09-26 07:00:00,1.49,0.263,-1.227,-92.305194,29.551694,8766072,NOAA_NOS,IAN,2022,1860.0
2022-09-26 08:00:00,1.562,0.355,-1.207,-92.305194,29.551694,8766072,NOAA_NOS,IAN,2022,1920.0
2022-09-26 09:00:00,1.696,0.323,-1.373,-92.305194,29.551694,8766072,NOAA_NOS,IAN,2022,1980.0
2022-09-26 10:00:00,1.417,0.214,-1.203,-92.305194,29.551694,8766072,NOAA_NOS,IAN,2022,2040.0
2022-09-26 11:00:00,1.211,0.018,-1.193,-92.305194,29.551694,8766072,NOAA_NOS,IAN,2022,2100.0
2022-09-26 12:00:00,0.791,-0.194,-0.985,-92.305194,29.551694,8766072,NOAA_NOS,IAN,2022,2160.0
2022-09-26 13:00:00,0.715,-0.393,-1.108,-92.305194,29.551694,8766072,NOAA_NOS,IAN,2022,2220.0
2022-09-26 14:00:00,0.607,-0.493,-1.1,-92.305194,29.551694,8766072,NOAA_NOS,IAN,2022,2280.0
2022-09-26 15:00:00,0.61,-0.478,-1.088,-92.305194,29.551694,8766072,NOAA_NOS,IAN,2022,2340.0
2022-09-26 16:00:00,0.784,-0.32,-1.104,-92.305194,29.551694,8766072,NOAA_NOS,IAN,2022,2400.0
2022-09-26 17:00:00,0.965,-0.073,-1.038,-92.305194,29.551694,8766072,NOAA_NOS,IAN,2022,2460.0
2022-09-26 18:00:00,1.122,0.242,-0.8800000000000001,-92.305194,29.551694,8766072,NOAA_NOS,IAN,2022,2520.0
2022-09-26 19:00:00,1.257,0.494,-0.7629999999999999,-92.305194,29.551694,8766072,NOAA_NOS,IAN,2022,2580.0
2022-09-26 20:00:00,1.391,0.611,-0.78,-92.305194,29.551694,8766072,NOAA_NOS,IAN,2022,2640.0
2022-09-26 21:00:00,1.473,0.611,-0.8620000000000001,-92.305194,29.551694,8766072,NOAA_NOS,IAN,2022,2700.0
2022-09-26 22:00:00,1.325,0.509,-0.816,-92.305194,29.551694,8766072,NOAA_NOS,IAN,2022,2760.0
2022-09-26 23:00:00,1.033,0.314,-0.7189999999999999,-92.305194,29.551694,8766072,NOAA_NOS,IAN,2022,2820.0
2022-09-27 00:00:00,0.774,0.104,-0.67,-92.305194,29.551694,8766072,NOAA_NOS,IAN,2022,2880.0
2022-09-27 01:00:00,0.331,-0.098,-0.429,-92.305194,29.551694,8766072,NOAA_NOS,IAN,2022,2940.0
2022-09-27 02:00:00,0.236,-0.236,-0.472,-92.305194,29.551694,8766072,NOAA_NOS,IAN,2022,3000.0
2022-09-27 03:00:00,-0.154,-0.267,-0.113,-92.305194,29.551694,8766072,NOAA_NOS,IAN,2022,3060.0
2022-09-27 04:00:00,0.341,-0.22,-0.561,-92.305194,29.551694,8766072,NOAA_NOS,IAN,2022,3120.0
2022-09-27 05:00:00,-0.344,-0.088,0.256,-92.305194,29.551694,8766072,NOAA_NOS,IAN,2022,3180.0
2022-09-27 06:00:00,0.22,0.096,-0.124,-92.305194,29.551694,8766072,NOAA_NOS,IAN,2022,3240.0
2022-09-27 07:00:00,0.735,0.232,-0.503,-92.305194,29.551694,8766072,NOAA_NOS,IAN,2022,3300.0
2022-09-27 08:00:00,0.873,0.286,-0.587,-92.305194,29.551694,8766072,NOAA_NOS,IAN,2022,3360.0
2022-09-27 09:00:00,1.161,0.219,-0.942,-92.305194,29.551694,8766072,NOAA_NOS,IAN,2022,3420.0
2022-09-27 10:00:00,0.915,0.064,-0.851,-92.305194,29.551694,8766072,NOAA_NOS,IAN,2022,3480.0
2022-09-27 11:00:00,0.958,-0.157,-1.115,-92.305194,29.551694,8766072,NOAA_NOS,IAN,2022,3540.0
2022-09-27 12:00:00,0.82,-0.396,-1.216,-92.305194,29.551694,8766072,NOAA_NOS,IAN,2022,3600.0
2022-09-27 13:00:00,0.187,-0.604,-0.7909999999999999,-92.305194,29.551694,8766072,NOAA_NOS,IAN,2022,3660.0
2022-09-27 14:00:00,0.131,-0.756,-0.887,-92.305194,29.551694,8766072,NOAA_NOS,IAN,2022,3720.0
2022-09-27 15:00:00,0.105,-0.808,-0.913,-92.305194,29.551694,8766072,NOAA_NOS,IAN,2022,3780.0
2022-09-27 16:00:00,0.148,-0.694,-0.842,-92.305194,29.551694,8766072,NOAA_NOS,IAN,2022,3840.0
2022-09-27 17:00:00,0.41,-0.438,-0.848,-92.305194,29.551694,8766072,NOAA_NOS,IAN,2022,3900.0
2022-09-27 18:00:00,0.604,-0.116,-0.72,-92.305194,29.551694,8766072,NOAA_NOS,IAN,2022,3960.0
2022-09-27 19:00:00,0.81,0.241,-0.5690000000000001,-92.305194,29.551694,8766072,NOAA_NOS,IAN,2022,4020.0
2022-09-27 20:00:00,1.293,0.531,-0.7619999999999999,-92.305194,29.551694,8766072,NOAA_NOS,IAN,2022,4080.0
2022-09-27 21:00:00,1.608,0.685,-0.923,-92.305194,29.551694,8766072,NOAA_NOS,IAN,2022,4140.0
2022-09-27 22:00:00,1.535,0.739,-0.7959999999999999,-92.305194,29.551694,8766072,NOAA_NOS,IAN,2022,4200.0
2022-09-27 23:00:00,1.811,0.669,-1.142,-92.305194,29.551694,8766072,NOAA_NOS,IAN,2022,4260.0
2022-09-28 00:00:00,1.568,0.53,-1.038,-92.305194,29.551694,8766072,NOAA_NOS,IAN,2022,4320.0
2022-09-28 01:00:00,1.371,0.352,-1.019,-92.305194,29.551694,8766072,NOAA_NOS,IAN,2022,4380.0
2022-09-28 02:00:00,0.876,0.168,-0.708,-92.305194,29.551694,8766072,NOAA_NOS,IAN,2022,4440.0
2022-09-28 03:00:00,0.574,0.025,-0.5489999999999999,-92.305194,29.551694,8766072,NOAA_NOS,IAN,2022,4500.0
2022-09-28 04:00:00,0.584,-0.005,-0.589,-92.305194,29.551694,8766072,NOAA_NOS,IAN,2022,4560.0
2022-09-28 05:00:00,0.728,0.05,-0.6779999999999999,-92.305194,29.551694,8766072,NOAA_NOS,IAN,2022,4620.0
2022-09-28 06:00:00,0.748,0.16,-0.588,-92.305194,29.551694,8766072,NOAA_NOS,IAN,2022,4680.0
2022-09-28 07:00:00,1.089,0.243,-0.846,-92.305194,29.551694,8766072,NOAA_NOS,IAN,2022,4740.0
2022-09-28 08:00:00,1.24,0.289,-0.951,-92.305194,29.551694,8766072,NOAA_NOS,IAN,2022,4800.0
2022-09-28 09:00:00,1.43,0.229,-1.2009999999999998,-92.305194,29.551694,8766072,NOAA_NOS,IAN,2022,4860.0
2022-09-28 10:00:00,1.043,0.06,-0.983,-92.305194,29.551694,8766072,NOAA_NOS,IAN,2022,4920.0
2022-09-28 11:00:00,0.932,-0.19,-1.122,-92.305194,29.551694,8766072,NOAA_NOS,IAN,2022,4980.0
2022-09-28 12:00:00,0.476,-0.462,-0.938,-92.305194,29.551694,8766072,NOAA_NOS,IAN,2022,5040.0
2022-09-28 13:00:00,0.262,-0.745,-1.007,-92.305194,29.551694,8766072,NOAA_NOS,IAN,2022,5100.0
2022-09-28 14:00:00,0.233,-0.968,-1.201,-92.305194,29.551694,8766072,NOAA_NOS,IAN,2022,5160.0
2022-09-28 15:00:00,-0.095,-1.11,-1.015,-92.305194,29.551694,8766072,NOAA_NOS,IAN,2022,5220.0
2022-09-28 16:00:00,-0.423,-1.098,-0.675,-92.305194,29.551694,8766072,NOAA_NOS,IAN,2022,5280.0
2022-09-28 17:00:00,0.246,-0.896,-1.142,-92.305194,29.551694,8766072,NOAA_NOS,IAN,2022,5340.0
2022-09-28 18:00:00,0.738,-0.591,-1.329,-92.305194,29.551694,8766072,NOAA_NOS,IAN,2022,5400.0
2022-09-28 19:00:00,1.02,-0.234,-1.254,-92.305194,29.551694,8766072,NOAA_NOS,IAN,2022,5460.0
2022-09-28 20:00:00,1.519,0.158,-1.361,-92.305194,29.551694,8766072,NOAA_NOS,IAN,2022,5520.0
2022-09-28 21:00:00,2.041,0.462,-1.579,-92.305194,29.551694,8766072,NOAA_NOS,IAN,2022,5580.0
2022-09-28 22:00:00,1.988,0.641,-1.347,-92.305194,29.551694,8766072,NOAA_NOS,IAN,2022,5640.0
2022-09-28 23:00:00,1.841,0.694,-1.147,-92.305194,29.551694,8766072,NOAA_NOS,IAN,2022,5700.0
2022-09-29 00:00:00,1.499,0.66,-0.8390000000000001,-92.305194,29.551694,8766072,NOAA_NOS,IAN,2022,5760.0
2022-09-29 01:00:00,1.637,0.598,-1.039,-92.305194,29.551694,8766072,NOAA_NOS,IAN,2022,5820.0
2022-09-29 02:00:00,1.07,0.489,-0.5810000000000001,-92.305194,29.551694,8766072,NOAA_NOS,IAN,2022,5880.0
2022-09-29 03:00:00,1.181,0.388,-0.793,-92.305194,29.551694,8766072,NOAA_NOS,IAN,2022,5940.0
2022-09-29 04:00:00,1.066,0.322,-0.744,-92.305194,29.551694,8766072,NOAA_NOS,IAN,2022,6000.0
2022-09-29 05:00:00,1.06,0.352,-0.7080000000000001,-92.305194,29.551694,8766072,NOAA_NOS,IAN,2022,6060.0
2022-09-29 06:00:00,1.135,0.384,-0.751,-92.305194,29.551694,8766072,NOAA_NOS,IAN,2022,6120.0
2022-09-29 07:00:00,1.352,0.398,-0.954,-92.305194,29.551694,8766072,NOAA_NOS,IAN,2022,6180.0
2022-09-29 08:00:00,1.611,0.398,-1.213,-92.305194,29.551694,8766072,NOAA_NOS,IAN,2022,6240.0
2022-09-29 09:00:00,1.752,0.267,-1.485,-92.305194,29.551694,8766072,NOAA_NOS,IAN,2022,6300.0
2022-09-29 10:00:00,1.545,0.11,-1.4349999999999998,-92.305194,29.551694,8766072,NOAA_NOS,IAN,2022,6360.0
2022-09-29 11:00:00,1.155,-0.122,-1.277,-92.305194,29.551694,8766072,NOAA_NOS,IAN,2022,6420.0
2022-09-29 12:00:00,1.089,-0.399,-1.488,-92.305194,29.551694,8766072,NOAA_NOS,IAN,2022,6480.0
2022-09-29 13:00:00,0.469,-0.697,-1.166,-92.305194,29.551694,8766072,NOAA_NOS,IAN,2022,6540.0
2022-09-29 14:00:00,0.449,-0.949,-1.398,-92.305194,29.551694,8766072,NOAA_NOS,IAN,2022,6600.0
2022-09-29 15:00:00,-0.479,-1.189,-0.7100000000000001,-92.305194,29.551694,8766072,NOAA_NOS,IAN,2022,6660.0
2022-09-29 16:00:00,0.082,-1.333,-1.415,-92.305194,29.551694,8766072,NOAA_NOS,IAN,2022,6720.0
2022-09-29 17:00:00,0.21,-1.241,-1.451,-92.305194,29.551694,8766072,NOAA_NOS,IAN,2022,6780.0
2022-09-29 18:00:00,0.21,-1.018,-1.228,-92.305194,29.551694,8766072,NOAA_NOS,IAN,2022,6840.0
2022-09-29 19:00:00,0.482,-0.685,-1.167,-92.305194,29.551694,8766072,NOAA_NOS,IAN,2022,6900.0
2022-09-29 20:00:00,0.781,-0.27,-1.0510000000000002,-92.305194,29.551694,8766072,NOAA_NOS,IAN,2022,6960.0
2022-09-29 21:00:00,1.073,0.111,-0.962,-92.305194,29.551694,8766072,NOAA_NOS,IAN,2022,7020.0
2022-09-29 22:00:00,1.309,0.384,-0.925,-92.305194,29.551694,8766072,NOAA_NOS,IAN,2022,7080.0
2022-09-29 23:00:00,1.368,0.562,-0.806,-92.305194,29.551694,8766072,NOAA_NOS,IAN,2022,7140.0
2022-09-30 00:00:00,1.214,0.629,-0.585,-92.305194,29.551694,8766072,NOAA_NOS,IAN,2022,7200.0
2022-09-30 01:00:00,1.365,0.641,-0.724,-92.305194,29.551694,8766072,NOAA_NOS,IAN,2022,7260.0
2022-09-30 02:00:00,1.394,0.614,-0.7799999999999999,-92.305194,29.551694,8766072,NOAA_NOS,IAN,2022,7320.0
2022-09-30 03:00:00,1.115,0.562,-0.5529999999999999,-92.305194,29.551694,8766072,NOAA_NOS,IAN,2022,7380.0
2022-09-30 04:00:00,1.047,0.437,-0.6099999999999999,-92.305194,29.551694,8766072,NOAA_NOS,IAN,2022,7440.0
2022-09-30 05:00:00,1.05,0.385,-0.665,-92.305194,29.551694,8766072,NOAA_NOS,IAN,2022,7500.0
2022-09-30 06:00:00,1.056,0.422,-0.6340000000000001,-92.305194,29.551694,8766072,NOAA_NOS,IAN,2022,7560.0
2022-09-30 07:00:00,1.076,0.451,-0.625,-92.305194,29.551694,8766072,NOAA_NOS,IAN,2022,7620.0
2022-09-30 08:00:00,1.158,0.452,-0.706,-92.305194,29.551694,8766072,NOAA_NOS,IAN,2022,7680.0
2022-09-30 09:00:00,1.512,0.414,-1.098,-92.305194,29.551694,8766072,NOAA_NOS,IAN,2022,7740.0
2022-09-30 10:00:00,1.562,0.266,-1.296,-92.305194,29.551694,8766072,NOAA_NOS,IAN,2022,7800.0
2022-09-30 11:00:00,1.119,0.007,-1.112,-92.305194,29.551694,8766072,NOAA_NOS,IAN,2022,7860.0
2022-09-30 12:00:00,0.738,-0.299,-1.037,-92.305194,29.551694,8766072,NOAA_NOS,IAN,2022,7920.0
2022-09-30 13:00:00,0.354,-0.634,-0.988,-92.305194,29.551694,8766072,NOAA_NOS,IAN,2022,7980.0
2022-09-30 14:00:00,-0.052,-0.951,-0.8989999999999999,-92.305194,29.551694,8766072,NOAA_NOS,IAN,2022,8040.0
2022-09-30 15:00:00,-0.472,-1.194,-0.722,-92.305194,29.551694,8766072,NOAA_NOS,IAN,2022,8100.0
2022-09-30 16:00:00,-0.686,-1.338,-0.652,-92.305194,29.551694,8766072,NOAA_NOS,IAN,2022,8160.0
2022-09-30 17:00:00,-1.65,-1.388,0.262,-92.305194,29.551694,8766072,NOAA_NOS,IAN,2022,8220.0
2022-09-30 18:00:00,-0.24,-1.292,-1.052,-92.305194,29.551694,8766072,NOAA_NOS,IAN,2022,8280.0
2022-09-30 19:00:00,-0.459,-1.07,-0.611,-92.305194,29.551694,8766072,NOAA_NOS,IAN,2022,8340.0
2022-09-30 20:00:00,-0.148,-0.8,-0.652,-92.305194,29.551694,8766072,NOAA_NOS,IAN,2022,8400.0
2022-09-30 21:00:00,0.407,-0.448,-0.855,-92.305194,29.551694,8766072,NOAA_NOS,IAN,2022,8460.0
2022-09-30 22:00:00,0.814,-0.074,-0.8879999999999999,-92.305194,29.551694,8766072,NOAA_NOS,IAN,2022,8520.0
2022-09-30 23:00:00,1.119,0.254,-0.865,-92.305194,29.551694,8766072,NOAA_NOS,IAN,2022,8580.0
2022-10-01 00:00:00,1.165,0.518,-0.647,-92.305194,29.551694,8766072,NOAA_NOS,IAN,2022,8640.0
2022-10-01 01:00:00,1.224,0.7,-0.524,-92.305194,29.551694,8766072,NOAA_NOS,IAN,2022,8700.0
2022-10-01 02:00:00,1.168,0.805,-0.3629999999999999,-92.305194,29.551694,8766072,NOAA_NOS,IAN,2022,8760.0
2022-10-01 03:00:00,1.112,0.86,-0.2520000000000001,-92.305194,29.551694,8766072,NOAA_NOS,IAN,2022,8820.0
2022-10-01 04:00:00,0.948,0.848,-0.0999999999999999,-92.305194,29.551694,8766072,NOAA_NOS,IAN,2022,8880.0
2022-10-01 05:00:00,0.879,0.772,-0.1069999999999999,-92.305194,29.551694,8766072,NOAA_NOS,IAN,2022,8940.0
2022-10-01 06:00:00,0.84,0.697,-0.143,-92.305194,29.551694,8766072,NOAA_NOS,IAN,2022,9000.0
2022-10-01 07:00:00,0.886,0.637,-0.249,-92.305194,29.551694,8766072,NOAA_NOS,IAN,2022,9060.0
2022-10-01 08:00:00,0.961,0.56,-0.4009999999999999,-92.305194,29.551694,8766072,NOAA_NOS,IAN,2022,9120.0
2022-10-01 09:00:00,0.951,0.466,-0.4849999999999999,-92.305194,29.551694,8766072,NOAA_NOS,IAN,2022,9180.0
2022-10-01 10:00:00,0.978,0.354,-0.624,-92.305194,29.551694,8766072,NOAA_NOS,IAN,2022,9240.0
2022-10-01 11:00:00,0.679,0.184,-0.495,-92.305194,29.551694,8766072,NOAA_NOS,IAN,2022,9300.0
2022-10-01 12:00:00,0.381,-0.058,-0.439,-92.305194,29.551694,8766072,NOAA_NOS,IAN,2022,9360.0
2022-10-01 13:00:00,0.226,-0.367,-0.593,-92.305194,29.551694,8766072,NOAA_NOS,IAN,2022,9420.0
2022-10-01 14:00:00,-0.236,-0.69,-0.4539999999999999,-92.305194,29.551694,8766072,NOAA_NOS,IAN,2022,9480.0
2022-10-01 15:00:00,-0.528,-1.01,-0.482,-92.305194,29.551694,8766072,NOAA_NOS,IAN,2022,9540.0
2022-10-01 16:00:00,-0.65,-1.296,-0.646,-92.305194,29.551694,8766072,NOAA_NOS,IAN,2022,9600.0
2022-10-01 17:00:00,-0.945,-1.507,-0.5619999999999999,-92.305194,29.551694,8766072,NOAA_NOS,IAN,2022,9660.0
2022-10-01 18:00:00,-0.951,-1.585,-0.634,-92.305194,29.551694,8766072,NOAA_NOS,IAN,2022,9720.0
2022-10-01 19:00:00,-0.81,-1.516,-0.706,-92.305194,29.551694,8766072,NOAA_NOS,IAN,2022,9780.0
2022-10-01 20:00:00,-0.299,-1.325,-1.026,-92.305194,29.551694,8766072,NOAA_NOS,IAN,2022,9840.0
2022-10-01 21:00:00,-0.01,-1.055,-1.045,-92.305194,29.551694,8766072,NOAA_NOS,IAN,2022,9900.0
2022-10-01 22:00:00,0.482,-0.663,-1.145,-92.305194,29.551694,8766072,NOAA_NOS,IAN,2022,9960.0
2022-10-01 23:00:00,0.646,-0.236,-0.882,-92.305194,29.551694,8766072,NOAA_NOS,IAN,2022,10020.0
2022-09-25 01:00:00,0.043,-0.744,-0.787,-93.342889,29.768167,8768094,NOAA_NOS,IAN,2022,60.0
2022-09-25 02:00:00,0.033,-0.838,-0.871,-93.342889,29.768167,8768094,NOAA_NOS,IAN,2022,120.0
2022-09-25 03:00:00,0.148,-0.791,-0.939,-93.342889,29.768167,8768094,NOAA_NOS,IAN,2022,180.0
2022-09-25 04:00:00,0.41,-0.59,-1.0,-93.342889,29.768167,8768094,NOAA_NOS,IAN,2022,240.0
2022-09-25 05:00:00,0.768,-0.294,-1.062,-93.342889,29.768167,8768094,NOAA_NOS,IAN,2022,300.0
2022-09-25 06:00:00,1.07,0.002,-1.068,-93.342889,29.768167,8768094,NOAA_NOS,IAN,2022,360.0
2022-09-25 07:00:00,1.276,0.289,-0.987,-93.342889,29.768167,8768094,NOAA_NOS,IAN,2022,420.0
2022-09-25 08:00:00,1.309,0.516,-0.7929999999999999,-93.342889,29.768167,8768094,NOAA_NOS,IAN,2022,480.0
2022-09-25 09:00:00,1.257,0.575,-0.6819999999999999,-93.342889,29.768167,8768094,NOAA_NOS,IAN,2022,540.0
2022-09-25 10:00:00,1.188,0.489,-0.699,-93.342889,29.768167,8768094,NOAA_NOS,IAN,2022,600.0
2022-09-25 11:00:00,1.056,0.285,-0.7710000000000001,-93.342889,29.768167,8768094,NOAA_NOS,IAN,2022,660.0
2022-09-25 12:00:00,0.748,0.021,-0.727,-93.342889,29.768167,8768094,NOAA_NOS,IAN,2022,720.0
2022-09-25 13:00:00,0.449,-0.205,-0.654,-93.342889,29.768167,8768094,NOAA_NOS,IAN,2022,780.0
2022-09-25 14:00:00,0.43,-0.367,-0.7969999999999999,-93.342889,29.768167,8768094,NOAA_NOS,IAN,2022,840.0
2022-09-25 15:00:00,0.404,-0.364,-0.768,-93.342889,29.768167,8768094,NOAA_NOS,IAN,2022,900.0
2022-09-25 16:00:00,0.673,-0.237,-0.91,-93.342889,29.768167,8768094,NOAA_NOS,IAN,2022,960.0
2022-09-25 17:00:00,0.827,0.01,-0.817,-93.342889,29.768167,8768094,NOAA_NOS,IAN,2022,1020.0
2022-09-25 18:00:00,1.056,0.252,-0.804,-93.342889,29.768167,8768094,NOAA_NOS,IAN,2022,1080.0
2022-09-25 19:00:00,1.089,0.506,-0.583,-93.342889,29.768167,8768094,NOAA_NOS,IAN,2022,1140.0
2022-09-25 20:00:00,1.178,0.648,-0.5299999999999999,-93.342889,29.768167,8768094,NOAA_NOS,IAN,2022,1200.0
2022-09-25 21:00:00,1.155,0.658,-0.497,-93.342889,29.768167,8768094,NOAA_NOS,IAN,2022,1260.0
2022-09-25 22:00:00,1.083,0.508,-0.575,-93.342889,29.768167,8768094,NOAA_NOS,IAN,2022,1320.0
2022-09-25 23:00:00,0.945,0.269,-0.6759999999999999,-93.342889,29.768167,8768094,NOAA_NOS,IAN,2022,1380.0
2022-09-26 00:00:00,0.646,-0.031,-0.677,-93.342889,29.768167,8768094,NOAA_NOS,IAN,2022,1440.0
2022-09-26 01:00:00,0.499,-0.367,-0.866,-93.342889,29.768167,8768094,NOAA_NOS,IAN,2022,1500.0
2022-09-26 02:00:00,0.348,-0.626,-0.974,-93.342889,29.768167,8768094,NOAA_NOS,IAN,2022,1560.0
2022-09-26 03:00:00,0.354,-0.698,-1.052,-93.342889,29.768167,8768094,NOAA_NOS,IAN,2022,1620.0
2022-09-26 04:00:00,0.525,-0.613,-1.138,-93.342889,29.768167,8768094,NOAA_NOS,IAN,2022,1680.0
2022-09-26 05:00:00,0.866,-0.378,-1.244,-93.342889,29.768167,8768094,NOAA_NOS,IAN,2022,1740.0
2022-09-26 06:00:00,1.198,-0.097,-1.295,-93.342889,29.768167,8768094,NOAA_NOS,IAN,2022,1800.0
2022-09-26 07:00:00,1.319,0.147,-1.172,-93.342889,29.768167,8768094,NOAA_NOS,IAN,2022,1860.0
2022-09-26 08:00:00,1.381,0.383,-0.998,-93.342889,29.768167,8768094,NOAA_NOS,IAN,2022,1920.0
2022-09-26 09:00:00,1.404,0.501,-0.903,-93.342889,29.768167,8768094,NOAA_NOS,IAN,2022,1980.0
2022-09-26 10:00:00,1.355,0.454,-0.901,-93.342889,29.768167,8768094,NOAA_NOS,IAN,2022,2040.0
2022-09-26 11:00:00,1.24,0.268,-0.972,-93.342889,29.768167,8768094,NOAA_NOS,IAN,2022,2100.0
2022-09-26 12:00:00,1.125,-0.018,-1.143,-93.342889,29.768167,8768094,NOAA_NOS,IAN,2022,2160.0
2022-09-26 13:00:00,0.774,-0.323,-1.097,-93.342889,29.768167,8768094,NOAA_NOS,IAN,2022,2220.0
2022-09-26 14:00:00,0.63,-0.581,-1.211,-93.342889,29.768167,8768094,NOAA_NOS,IAN,2022,2280.0
2022-09-26 15:00:00,0.531,-0.645,-1.1760000000000002,-93.342889,29.768167,8768094,NOAA_NOS,IAN,2022,2340.0
2022-09-26 16:00:00,0.571,-0.525,-1.096,-93.342889,29.768167,8768094,NOAA_NOS,IAN,2022,2400.0
2022-09-26 17:00:00,0.778,-0.25,-1.028,-93.342889,29.768167,8768094,NOAA_NOS,IAN,2022,2460.0
2022-09-26 18:00:00,1.122,0.068,-1.054,-93.342889,29.768167,8768094,NOAA_NOS,IAN,2022,2520.0
2022-09-26 19:00:00,1.217,0.369,-0.8480000000000001,-93.342889,29.768167,8768094,NOAA_NOS,IAN,2022,2580.0
2022-09-26 20:00:00,1.348,0.631,-0.7170000000000001,-93.342889,29.768167,8768094,NOAA_NOS,IAN,2022,2640.0
2022-09-26 21:00:00,1.48,0.766,-0.714,-93.342889,29.768167,8768094,NOAA_NOS,IAN,2022,2700.0
2022-09-26 22:00:00,1.496,0.724,-0.772,-93.342889,29.768167,8768094,NOAA_NOS,IAN,2022,2760.0
2022-09-26 23:00:00,1.319,0.543,-0.7759999999999999,-93.342889,29.768167,8768094,NOAA_NOS,IAN,2022,2820.0
2022-09-27 00:00:00,1.05,0.281,-0.769,-93.342889,29.768167,8768094,NOAA_NOS,IAN,2022,2880.0
2022-09-27 01:00:00,0.778,0.014,-0.764,-93.342889,29.768167,8768094,NOAA_NOS,IAN,2022,2940.0
2022-09-27 02:00:00,0.374,-0.277,-0.651,-93.342889,29.768167,8768094,NOAA_NOS,IAN,2022,3000.0
2022-09-27 03:00:00,0.115,-0.424,-0.539,-93.342889,29.768167,8768094,NOAA_NOS,IAN,2022,3060.0
2022-09-27 04:00:00,0.194,-0.421,-0.615,-93.342889,29.768167,8768094,NOAA_NOS,IAN,2022,3120.0
2022-09-27 05:00:00,0.308,-0.253,-0.5609999999999999,-93.342889,29.768167,8768094,NOAA_NOS,IAN,2022,3180.0
2022-09-27 06:00:00,0.427,-0.039,-0.4659999999999999,-93.342889,29.768167,8768094,NOAA_NOS,IAN,2022,3240.0
2022-09-27 07:00:00,0.768,0.151,-0.617,-93.342889,29.768167,8768094,NOAA_NOS,IAN,2022,3300.0
2022-09-27 08:00:00,1.017,0.294,-0.7229999999999999,-93.342889,29.768167,8768094,NOAA_NOS,IAN,2022,3360.0
2022-09-27 09:00:00,1.161,0.363,-0.798,-93.342889,29.768167,8768094,NOAA_NOS,IAN,2022,3420.0
2022-09-27 10:00:00,1.122,0.282,-0.8400000000000001,-93.342889,29.768167,8768094,NOAA_NOS,IAN,2022,3480.0
2022-09-27 11:00:00,1.168,0.088,-1.0799999999999998,-93.342889,29.768167,8768094,NOAA_NOS,IAN,2022,3540.0
2022-09-27 12:00:00,1.243,-0.177,-1.4200000000000002,-93.342889,29.768167,8768094,NOAA_NOS,IAN,2022,3600.0
2022-09-27 13:00:00,0.817,-0.502,-1.319,-93.342889,29.768167,8768094,NOAA_NOS,IAN,2022,3660.0
2022-09-27 14:00:00,0.486,-0.784,-1.27,-93.342889,29.768167,8768094,NOAA_NOS,IAN,2022,3720.0
2022-09-27 15:00:00,0.184,-0.91,-1.094,-93.342889,29.768167,8768094,NOAA_NOS,IAN,2022,3780.0
2022-09-27 16:00:00,0.308,-0.869,-1.177,-93.342889,29.768167,8768094,NOAA_NOS,IAN,2022,3840.0
2022-09-27 17:00:00,0.433,-0.64,-1.073,-93.342889,29.768167,8768094,NOAA_NOS,IAN,2022,3900.0
2022-09-27 18:00:00,0.715,-0.296,-1.011,-93.342889,29.768167,8768094,NOAA_NOS,IAN,2022,3960.0
2022-09-27 19:00:00,1.161,0.057,-1.104,-93.342889,29.768167,8768094,NOAA_NOS,IAN,2022,4020.0
2022-09-27 20:00:00,1.388,0.428,-0.96,-93.342889,29.768167,8768094,NOAA_NOS,IAN,2022,4080.0
2022-09-27 21:00:00,1.532,0.746,-0.786,-93.342889,29.768167,8768094,NOAA_NOS,IAN,2022,4140.0
2022-09-27 22:00:00,1.709,0.9,-0.809,-93.342889,29.768167,8768094,NOAA_NOS,IAN,2022,4200.0
2022-09-27 23:00:00,1.775,0.879,-0.8959999999999999,-93.342889,29.768167,8768094,NOAA_NOS,IAN,2022,4260.0
2022-09-28 00:00:00,1.601,0.72,-0.881,-93.342889,29.768167,8768094,NOAA_NOS,IAN,2022,4320.0
2022-09-28 01:00:00,1.391,0.48,-0.911,-93.342889,29.768167,8768094,NOAA_NOS,IAN,2022,4380.0
2022-09-28 02:00:00,1.135,0.212,-0.923,-93.342889,29.768167,8768094,NOAA_NOS,IAN,2022,4440.0
2022-09-28 03:00:00,0.771,-0.003,-0.774,-93.342889,29.768167,8768094,NOAA_NOS,IAN,2022,4500.0
2022-09-28 04:00:00,0.568,-0.137,-0.705,-93.342889,29.768167,8768094,NOAA_NOS,IAN,2022,4560.0
2022-09-28 05:00:00,0.663,-0.13,-0.793,-93.342889,29.768167,8768094,NOAA_NOS,IAN,2022,4620.0
2022-09-28 06:00:00,0.978,-0.005,-0.983,-93.342889,29.768167,8768094,NOAA_NOS,IAN,2022,4680.0
2022-09-28 07:00:00,1.24,0.155,-1.085,-93.342889,29.768167,8768094,NOAA_NOS,IAN,2022,4740.0
2022-09-28 08:00:00,1.67,0.264,-1.406,-93.342889,29.768167,8768094,NOAA_NOS,IAN,2022,4800.0
2022-09-28 09:00:00,1.68,0.32,-1.36,-93.342889,29.768167,8768094,NOAA_NOS,IAN,2022,4860.0
2022-09-28 10:00:00,1.608,0.251,-1.3570000000000002,-93.342889,29.768167,8768094,NOAA_NOS,IAN,2022,4920.0
2022-09-28 11:00:00,1.457,0.054,-1.403,-93.342889,29.768167,8768094,NOAA_NOS,IAN,2022,4980.0
2022-09-28 12:00:00,1.227,-0.226,-1.453,-93.342889,29.768167,8768094,NOAA_NOS,IAN,2022,5040.0
2022-09-28 13:00:00,0.846,-0.561,-1.407,-93.342889,29.768167,8768094,NOAA_NOS,IAN,2022,5100.0
2022-09-28 14:00:00,0.623,-0.899,-1.522,-93.342889,29.768167,8768094,NOAA_NOS,IAN,2022,5160.0
2022-09-28 15:00:00,0.328,-1.137,-1.465,-93.342889,29.768167,8768094,NOAA_NOS,IAN,2022,5220.0
2022-09-28 16:00:00,0.335,-1.217,-1.552,-93.342889,29.768167,8768094,NOAA_NOS,IAN,2022,5280.0
2022-09-28 17:00:00,0.587,-1.088,-1.675,-93.342889,29.768167,8768094,NOAA_NOS,IAN,2022,5340.0
2022-09-28 18:00:00,0.902,-0.793,-1.695,-93.342889,29.768167,8768094,NOAA_NOS,IAN,2022,5400.0
2022-09-28 19:00:00,1.247,-0.393,-1.64,-93.342889,29.768167,8768094,NOAA_NOS,IAN,2022,5460.0
2022-09-28 20:00:00,1.634,-0.002,-1.636,-93.342889,29.768167,8768094,NOAA_NOS,IAN,2022,5520.0
2022-09-28 21:00:00,1.795,0.412,-1.383,-93.342889,29.768167,8768094,NOAA_NOS,IAN,2022,5580.0
2022-09-28 22:00:00,1.962,0.738,-1.224,-93.342889,29.768167,8768094,NOAA_NOS,IAN,2022,5640.0
2022-09-28 23:00:00,1.969,0.871,-1.098,-93.342889,29.768167,8768094,NOAA_NOS,IAN,2022,5700.0
2022-09-29 00:00:00,1.929,0.83,-1.0990000000000002,-93.342889,29.768167,8768094,NOAA_NOS,IAN,2022,5760.0
2022-09-29 01:00:00,1.788,0.716,-1.072,-93.342889,29.768167,8768094,NOAA_NOS,IAN,2022,5820.0
2022-09-29 02:00:00,1.608,0.545,-1.0630000000000002,-93.342889,29.768167,8768094,NOAA_NOS,IAN,2022,5880.0
2022-09-29 03:00:00,1.417,0.344,-1.073,-93.342889,29.768167,8768094,NOAA_NOS,IAN,2022,5940.0
2022-09-29 04:00:00,1.289,0.252,-1.037,-93.342889,29.768167,8768094,NOAA_NOS,IAN,2022,6000.0
2022-09-29 05:00:00,1.109,0.251,-0.858,-93.342889,29.768167,8768094,NOAA_NOS,IAN,2022,6060.0
2022-09-29 06:00:00,1.217,0.283,-0.9340000000000002,-93.342889,29.768167,8768094,NOAA_NOS,IAN,2022,6120.0
2022-09-29 07:00:00,1.542,0.319,-1.223,-93.342889,29.768167,8768094,NOAA_NOS,IAN,2022,6180.0
2022-09-29 08:00:00,1.663,0.333,-1.33,-93.342889,29.768167,8768094,NOAA_NOS,IAN,2022,6240.0
2022-09-29 09:00:00,1.686,0.305,-1.381,-93.342889,29.768167,8768094,NOAA_NOS,IAN,2022,6300.0
2022-09-29 10:00:00,1.66,0.24,-1.42,-93.342889,29.768167,8768094,NOAA_NOS,IAN,2022,6360.0
2022-09-29 11:00:00,1.568,0.096,-1.472,-93.342889,29.768167,8768094,NOAA_NOS,IAN,2022,6420.0
2022-09-29 12:00:00,1.407,-0.166,-1.573,-93.342889,29.768167,8768094,NOAA_NOS,IAN,2022,6480.0
2022-09-29 13:00:00,1.102,-0.493,-1.5950000000000002,-93.342889,29.768167,8768094,NOAA_NOS,IAN,2022,6540.0
2022-09-29 14:00:00,0.866,-0.835,-1.701,-93.342889,29.768167,8768094,NOAA_NOS,IAN,2022,6600.0
2022-09-29 15:00:00,0.528,-1.14,-1.668,-93.342889,29.768167,8768094,NOAA_NOS,IAN,2022,6660.0
2022-09-29 16:00:00,0.44,-1.377,-1.817,-93.342889,29.768167,8768094,NOAA_NOS,IAN,2022,6720.0
2022-09-29 17:00:00,0.374,-1.399,-1.773,-93.342889,29.768167,8768094,NOAA_NOS,IAN,2022,6780.0
2022-09-29 18:00:00,0.456,-1.172,-1.628,-93.342889,29.768167,8768094,NOAA_NOS,IAN,2022,6840.0
2022-09-29 19:00:00,0.538,-0.817,-1.355,-93.342889,29.768167,8768094,NOAA_NOS,IAN,2022,6900.0
2022-09-29 20:00:00,0.925,-0.396,-1.3210000000000002,-93.342889,29.768167,8768094,NOAA_NOS,IAN,2022,6960.0
2022-09-29 21:00:00,1.322,-0.016,-1.338,-93.342889,29.768167,8768094,NOAA_NOS,IAN,2022,7020.0
2022-09-29 22:00:00,1.483,0.345,-1.138,-93.342889,29.768167,8768094,NOAA_NOS,IAN,2022,7080.0
2022-09-29 23:00:00,1.568,0.643,-0.925,-93.342889,29.768167,8768094,NOAA_NOS,IAN,2022,7140.0
2022-09-30 00:00:00,1.634,0.8,-0.8339999999999999,-93.342889,29.768167,8768094,NOAA_NOS,IAN,2022,7200.0
2022-09-30 01:00:00,1.657,0.798,-0.859,-93.342889,29.768167,8768094,NOAA_NOS,IAN,2022,7260.0
2022-09-30 02:00:00,1.611,0.708,-0.903,-93.342889,29.768167,8768094,NOAA_NOS,IAN,2022,7320.0
2022-09-30 03:00:00,1.421,0.576,-0.8450000000000001,-93.342889,29.768167,8768094,NOAA_NOS,IAN,2022,7380.0
2022-09-30 04:00:00,1.28,0.418,-0.8620000000000001,-93.342889,29.768167,8768094,NOAA_NOS,IAN,2022,7440.0
2022-09-30 05:00:00,1.253,0.31,-0.9429999999999998,-93.342889,29.768167,8768094,NOAA_NOS,IAN,2022,7500.0
2022-09-30 06:00:00,1.24,0.306,-0.934,-93.342889,29.768167,8768094,NOAA_NOS,IAN,2022,7560.0
2022-09-30 07:00:00,1.28,0.352,-0.928,-93.342889,29.768167,8768094,NOAA_NOS,IAN,2022,7620.0
2022-09-30 08:00:00,1.486,0.415,-1.071,-93.342889,29.768167,8768094,NOAA_NOS,IAN,2022,7680.0
2022-09-30 09:00:00,1.624,0.432,-1.1920000000000002,-93.342889,29.768167,8768094,NOAA_NOS,IAN,2022,7740.0
2022-09-30 10:00:00,1.693,0.339,-1.354,-93.342889,29.768167,8768094,NOAA_NOS,IAN,2022,7800.0
2022-09-30 11:00:00,1.467,0.179,-1.288,-93.342889,29.768167,8768094,NOAA_NOS,IAN,2022,7860.0
2022-09-30 12:00:00,1.22,-0.103,-1.323,-93.342889,29.768167,8768094,NOAA_NOS,IAN,2022,7920.0
2022-09-30 13:00:00,0.925,-0.445,-1.37,-93.342889,29.768167,8768094,NOAA_NOS,IAN,2022,7980.0
2022-09-30 14:00:00,0.518,-0.777,-1.295,-93.342889,29.768167,8768094,NOAA_NOS,IAN,2022,8040.0
2022-09-30 15:00:00,0.046,-1.048,-1.094,-93.342889,29.768167,8768094,NOAA_NOS,IAN,2022,8100.0
2022-09-30 16:00:00,-0.44,-1.307,-0.867,-93.342889,29.768167,8768094,NOAA_NOS,IAN,2022,8160.0
2022-09-30 17:00:00,-0.715,-1.457,-0.7420000000000001,-93.342889,29.768167,8768094,NOAA_NOS,IAN,2022,8220.0
2022-09-30 18:00:00,-0.679,-1.427,-0.748,-93.342889,29.768167,8768094,NOAA_NOS,IAN,2022,8280.0
2022-09-30 19:00:00,-0.456,-1.224,-0.768,-93.342889,29.768167,8768094,NOAA_NOS,IAN,2022,8340.0
2022-09-30 20:00:00,-0.026,-0.912,-0.886,-93.342889,29.768167,8768094,NOAA_NOS,IAN,2022,8400.0
2022-09-30 21:00:00,0.446,-0.537,-0.983,-93.342889,29.768167,8768094,NOAA_NOS,IAN,2022,8460.0
2022-09-30 22:00:00,0.889,-0.152,-1.041,-93.342889,29.768167,8768094,NOAA_NOS,IAN,2022,8520.0
2022-09-30 23:00:00,1.066,0.235,-0.8310000000000001,-93.342889,29.768167,8768094,NOAA_NOS,IAN,2022,8580.0
2022-10-01 00:00:00,1.142,0.554,-0.5879999999999999,-93.342889,29.768167,8768094,NOAA_NOS,IAN,2022,8640.0
2022-10-01 01:00:00,1.165,0.766,-0.399,-93.342889,29.768167,8768094,NOAA_NOS,IAN,2022,8700.0
2022-10-01 02:00:00,1.211,0.88,-0.331,-93.342889,29.768167,8768094,NOAA_NOS,IAN,2022,8760.0
2022-10-01 03:00:00,1.168,0.909,-0.2589999999999999,-93.342889,29.768167,8768094,NOAA_NOS,IAN,2022,8820.0
2022-10-01 04:00:00,1.083,0.858,-0.2249999999999999,-93.342889,29.768167,8768094,NOAA_NOS,IAN,2022,8880.0
2022-10-01 05:00:00,1.083,0.757,-0.3259999999999999,-93.342889,29.768167,8768094,NOAA_NOS,IAN,2022,8940.0
2022-10-01 06:00:00,1.079,0.658,-0.4209999999999999,-93.342889,29.768167,8768094,NOAA_NOS,IAN,2022,9000.0
2022-10-01 07:00:00,1.125,0.597,-0.528,-93.342889,29.768167,8768094,NOAA_NOS,IAN,2022,9060.0
2022-10-01 08:00:00,1.178,0.536,-0.6419999999999999,-93.342889,29.768167,8768094,NOAA_NOS,IAN,2022,9120.0
2022-10-01 09:00:00,1.129,0.465,-0.6639999999999999,-93.342889,29.768167,8768094,NOAA_NOS,IAN,2022,9180.0
2022-10-01 10:00:00,1.142,0.383,-0.7589999999999999,-93.342889,29.768167,8768094,NOAA_NOS,IAN,2022,9240.0
2022-10-01 11:00:00,1.027,0.254,-0.7729999999999999,-93.342889,29.768167,8768094,NOAA_NOS,IAN,2022,9300.0
2022-10-01 12:00:00,0.823,0.056,-0.7669999999999999,-93.342889,29.768167,8768094,NOAA_NOS,IAN,2022,9360.0
2022-10-01 13:00:00,0.561,-0.221,-0.782,-93.342889,29.768167,8768094,NOAA_NOS,IAN,2022,9420.0
2022-10-01 14:00:00,0.249,-0.534,-0.783,-93.342889,29.768167,8768094,NOAA_NOS,IAN,2022,9480.0
2022-10-01 15:00:00,-0.026,-0.844,-0.818,-93.342889,29.768167,8768094,NOAA_NOS,IAN,2022,9540.0
2022-10-01 16:00:00,-0.302,-1.122,-0.8200000000000001,-93.342889,29.768167,8768094,NOAA_NOS,IAN,2022,9600.0
2022-10-01 17:00:00,-0.6,-1.41,-0.8099999999999999,-93.342889,29.768167,8768094,NOAA_NOS,IAN,2022,9660.0
2022-10-01 18:00:00,-0.692,-1.593,-0.901,-93.342889,29.768167,8768094,NOAA_NOS,IAN,2022,9720.0
2022-10-01 19:00:00,-0.669,-1.61,-0.941,-93.342889,29.768167,8768094,NOAA_NOS,IAN,2022,9780.0
2022-10-01 20:00:00,-0.41,-1.452,-1.042,-93.342889,29.768167,8768094,NOAA_NOS,IAN,2022,9840.0
2022-10-01 21:00:00,-0.089,-1.139,-1.05,-93.342889,29.768167,8768094,NOAA_NOS,IAN,2022,9900.0
2022-10-01 22:00:00,0.335,-0.773,-1.108,-93.342889,29.768167,8768094,NOAA_NOS,IAN,2022,9960.0
2022-10-01 23:00:00,0.591,-0.35,-0.941,-93.342889,29.768167,8768094,NOAA_NOS,IAN,2022,10020.0
2022-09-25 01:00:00,0.577,-0.037,-0.614,-93.931,29.867083,8770475,TCOON,IAN,2022,60.0
2022-09-25 02:00:00,0.354,-0.133,-0.487,-93.931,29.867083,8770475,TCOON,IAN,2022,120.0
2022-09-25 03:00:00,0.282,-0.201,-0.483,-93.931,29.867083,8770475,TCOON,IAN,2022,180.0
2022-09-25 04:00:00,0.197,-0.234,-0.431,-93.931,29.867083,8770475,TCOON,IAN,2022,240.0
2022-09-25 05:00:00,0.223,-0.213,-0.436,-93.931,29.867083,8770475,TCOON,IAN,2022,300.0
2022-09-25 06:00:00,0.341,-0.15,-0.491,-93.931,29.867083,8770475,TCOON,IAN,2022,360.0
2022-09-25 07:00:00,0.413,-0.069,-0.482,-93.931,29.867083,8770475,TCOON,IAN,2022,420.0
2022-09-25 08:00:00,0.604,0.0,-0.604,-93.931,29.867083,8770475,TCOON,IAN,2022,480.0
2022-09-25 09:00:00,0.774,0.105,-0.669,-93.931,29.867083,8770475,TCOON,IAN,2022,540.0
2022-09-25 10:00:00,0.771,0.159,-0.612,-93.931,29.867083,8770475,TCOON,IAN,2022,600.0
2022-09-25 11:00:00,0.817,0.156,-0.6609999999999999,-93.931,29.867083,8770475,TCOON,IAN,2022,660.0
2022-09-25 12:00:00,0.801,0.099,-0.7020000000000001,-93.931,29.867083,8770475,TCOON,IAN,2022,720.0
2022-09-25 13:00:00,0.758,0.038,-0.72,-93.931,29.867083,8770475,TCOON,IAN,2022,780.0
2022-09-25 14:00:00,0.653,0.01,-0.643,-93.931,29.867083,8770475,TCOON,IAN,2022,840.0
2022-09-25 15:00:00,0.492,-0.063,-0.5549999999999999,-93.931,29.867083,8770475,TCOON,IAN,2022,900.0
2022-09-25 16:00:00,0.433,-0.084,-0.517,-93.931,29.867083,8770475,TCOON,IAN,2022,960.0
2022-09-25 17:00:00,0.371,-0.073,-0.444,-93.931,29.867083,8770475,TCOON,IAN,2022,1020.0
2022-09-25 18:00:00,0.469,-0.003,-0.472,-93.931,29.867083,8770475,TCOON,IAN,2022,1080.0
2022-09-25 19:00:00,0.558,0.055,-0.503,-93.931,29.867083,8770475,TCOON,IAN,2022,1140.0
2022-09-25 20:00:00,0.636,0.143,-0.493,-93.931,29.867083,8770475,TCOON,IAN,2022,1200.0
2022-09-25 21:00:00,0.673,0.226,-0.447,-93.931,29.867083,8770475,TCOON,IAN,2022,1260.0
2022-09-25 22:00:00,0.748,0.26,-0.488,-93.931,29.867083,8770475,TCOON,IAN,2022,1320.0
2022-09-25 23:00:00,0.751,0.241,-0.51,-93.931,29.867083,8770475,TCOON,IAN,2022,1380.0
2022-09-26 00:00:00,0.774,0.168,-0.606,-93.931,29.867083,8770475,TCOON,IAN,2022,1440.0
2022-09-26 01:00:00,0.676,0.085,-0.5910000000000001,-93.931,29.867083,8770475,TCOON,IAN,2022,1500.0
2022-09-26 02:00:00,0.6,0.014,-0.586,-93.931,29.867083,8770475,TCOON,IAN,2022,1560.0
2022-09-26 03:00:00,0.502,-0.094,-0.596,-93.931,29.867083,8770475,TCOON,IAN,2022,1620.0
2022-09-26 04:00:00,0.43,-0.145,-0.575,-93.931,29.867083,8770475,TCOON,IAN,2022,1680.0
2022-09-26 05:00:00,0.456,-0.164,-0.62,-93.931,29.867083,8770475,TCOON,IAN,2022,1740.0
2022-09-26 06:00:00,0.528,-0.122,-0.65,-93.931,29.867083,8770475,TCOON,IAN,2022,1800.0
2022-09-26 07:00:00,0.479,-0.065,-0.544,-93.931,29.867083,8770475,TCOON,IAN,2022,1860.0
2022-09-26 08:00:00,0.732,0.002,-0.73,-93.931,29.867083,8770475,TCOON,IAN,2022,1920.0
2022-09-26 09:00:00,0.83,0.069,-0.7609999999999999,-93.931,29.867083,8770475,TCOON,IAN,2022,1980.0
2022-09-26 10:00:00,0.925,0.148,-0.777,-93.931,29.867083,8770475,TCOON,IAN,2022,2040.0
2022-09-26 11:00:00,0.958,0.155,-0.8029999999999999,-93.931,29.867083,8770475,TCOON,IAN,2022,2100.0
2022-09-26 12:00:00,0.902,0.103,-0.799,-93.931,29.867083,8770475,TCOON,IAN,2022,2160.0
2022-09-26 13:00:00,0.909,0.012,-0.897,-93.931,29.867083,8770475,TCOON,IAN,2022,2220.0
2022-09-26 14:00:00,0.81,-0.035,-0.8450000000000001,-93.931,29.867083,8770475,TCOON,IAN,2022,2280.0
2022-09-26 15:00:00,0.627,-0.128,-0.755,-93.931,29.867083,8770475,TCOON,IAN,2022,2340.0
2022-09-26 16:00:00,0.65,-0.177,-0.827,-93.931,29.867083,8770475,TCOON,IAN,2022,2400.0
2022-09-26 17:00:00,0.571,-0.177,-0.748,-93.931,29.867083,8770475,TCOON,IAN,2022,2460.0
2022-09-26 18:00:00,0.541,-0.119,-0.66,-93.931,29.867083,8770475,TCOON,IAN,2022,2520.0
2022-09-26 19:00:00,0.568,-0.035,-0.603,-93.931,29.867083,8770475,TCOON,IAN,2022,2580.0
2022-09-26 20:00:00,0.659,0.039,-0.62,-93.931,29.867083,8770475,TCOON,IAN,2022,2640.0
2022-09-26 21:00:00,0.823,0.165,-0.6579999999999999,-93.931,29.867083,8770475,TCOON,IAN,2022,2700.0
2022-09-26 22:00:00,0.866,0.243,-0.623,-93.931,29.867083,8770475,TCOON,IAN,2022,2760.0
2022-09-26 23:00:00,0.958,0.268,-0.69,-93.931,29.867083,8770475,TCOON,IAN,2022,2820.0
2022-09-27 00:00:00,0.951,0.234,-0.717,-93.931,29.867083,8770475,TCOON,IAN,2022,2880.0
2022-09-27 01:00:00,0.863,0.16,-0.703,-93.931,29.867083,8770475,TCOON,IAN,2022,2940.0
2022-09-27 02:00:00,0.748,0.094,-0.654,-93.931,29.867083,8770475,TCOON,IAN,2022,3000.0
2022-09-27 03:00:00,0.554,0.043,-0.511,-93.931,29.867083,8770475,TCOON,IAN,2022,3060.0
2022-09-27 04:00:00,0.397,-0.035,-0.432,-93.931,29.867083,8770475,TCOON,IAN,2022,3120.0
2022-09-27 05:00:00,0.299,-0.062,-0.361,-93.931,29.867083,8770475,TCOON,IAN,2022,3180.0
2022-09-27 06:00:00,0.318,-0.045,-0.363,-93.931,29.867083,8770475,TCOON,IAN,2022,3240.0
2022-09-27 07:00:00,0.427,0.003,-0.424,-93.931,29.867083,8770475,TCOON,IAN,2022,3300.0
2022-09-27 08:00:00,0.413,0.039,-0.374,-93.931,29.867083,8770475,TCOON,IAN,2022,3360.0
2022-09-27 09:00:00,0.509,0.076,-0.433,-93.931,29.867083,8770475,TCOON,IAN,2022,3420.0
2022-09-27 10:00:00,0.614,0.127,-0.487,-93.931,29.867083,8770475,TCOON,IAN,2022,3480.0
2022-09-27 11:00:00,0.633,0.124,-0.509,-93.931,29.867083,8770475,TCOON,IAN,2022,3540.0
2022-09-27 12:00:00,0.768,0.06,-0.708,-93.931,29.867083,8770475,TCOON,IAN,2022,3600.0
2022-09-27 13:00:00,0.758,-0.01,-0.768,-93.931,29.867083,8770475,TCOON,IAN,2022,3660.0
2022-09-27 14:00:00,0.889,-0.102,-0.991,-93.931,29.867083,8770475,TCOON,IAN,2022,3720.0
2022-09-27 15:00:00,0.745,-0.201,-0.946,-93.931,29.867083,8770475,TCOON,IAN,2022,3780.0
2022-09-27 16:00:00,0.505,-0.279,-0.784,-93.931,29.867083,8770475,TCOON,IAN,2022,3840.0
2022-09-27 17:00:00,0.292,-0.307,-0.599,-93.931,29.867083,8770475,TCOON,IAN,2022,3900.0
2022-09-27 18:00:00,0.433,-0.285,-0.718,-93.931,29.867083,8770475,TCOON,IAN,2022,3960.0
2022-09-27 19:00:00,0.531,-0.195,-0.726,-93.931,29.867083,8770475,TCOON,IAN,2022,4020.0
2022-09-27 20:00:00,0.446,-0.094,-0.54,-93.931,29.867083,8770475,TCOON,IAN,2022,4080.0
2022-09-27 21:00:00,0.725,0.009,-0.716,-93.931,29.867083,8770475,TCOON,IAN,2022,4140.0
2022-09-27 22:00:00,0.928,0.16,-0.768,-93.931,29.867083,8770475,TCOON,IAN,2022,4200.0
2022-09-27 23:00:00,1.014,0.247,-0.767,-93.931,29.867083,8770475,TCOON,IAN,2022,4260.0
2022-09-28 00:00:00,1.089,0.277,-0.8119999999999999,-93.931,29.867083,8770475,TCOON,IAN,2022,4320.0
2022-09-28 01:00:00,1.204,0.261,-0.943,-93.931,29.867083,8770475,TCOON,IAN,2022,4380.0
2022-09-28 02:00:00,1.135,0.199,-0.936,-93.931,29.867083,8770475,TCOON,IAN,2022,4440.0
2022-09-28 03:00:00,1.184,0.126,-1.0579999999999998,-93.931,29.867083,8770475,TCOON,IAN,2022,4500.0
2022-09-28 04:00:00,1.004,0.122,-0.882,-93.931,29.867083,8770475,TCOON,IAN,2022,4560.0
2022-09-28 05:00:00,0.827,0.082,-0.745,-93.931,29.867083,8770475,TCOON,IAN,2022,4620.0
2022-09-28 06:00:00,0.85,0.058,-0.7919999999999999,-93.931,29.867083,8770475,TCOON,IAN,2022,4680.0
2022-09-28 07:00:00,0.856,0.081,-0.775,-93.931,29.867083,8770475,TCOON,IAN,2022,4740.0
2022-09-28 08:00:00,0.938,0.106,-0.832,-93.931,29.867083,8770475,TCOON,IAN,2022,4800.0
2022-09-28 09:00:00,1.05,0.134,-0.916,-93.931,29.867083,8770475,TCOON,IAN,2022,4860.0
2022-09-28 10:00:00,1.05,0.146,-0.904,-93.931,29.867083,8770475,TCOON,IAN,2022,4920.0
2022-09-28 11:00:00,1.135,0.147,-0.988,-93.931,29.867083,8770475,TCOON,IAN,2022,4980.0
2022-09-28 12:00:00,1.22,0.094,-1.126,-93.931,29.867083,8770475,TCOON,IAN,2022,5040.0
2022-09-28 13:00:00,1.161,0.027,-1.134,-93.931,29.867083,8770475,TCOON,IAN,2022,5100.0
2022-09-28 14:00:00,1.07,-0.105,-1.175,-93.931,29.867083,8770475,TCOON,IAN,2022,5160.0
2022-09-28 15:00:00,0.879,-0.226,-1.105,-93.931,29.867083,8770475,TCOON,IAN,2022,5220.0
2022-09-28 16:00:00,0.666,-0.328,-0.994,-93.931,29.867083,8770475,TCOON,IAN,2022,5280.0
2022-09-28 17:00:00,0.623,-0.394,-1.017,-93.931,29.867083,8770475,TCOON,IAN,2022,5340.0
2022-09-28 18:00:00,0.597,-0.408,-1.005,-93.931,29.867083,8770475,TCOON,IAN,2022,5400.0
2022-09-28 19:00:00,0.656,-0.359,-1.015,-93.931,29.867083,8770475,TCOON,IAN,2022,5460.0
2022-09-28 20:00:00,0.725,-0.261,-0.986,-93.931,29.867083,8770475,TCOON,IAN,2022,5520.0
2022-09-28 21:00:00,0.961,-0.149,-1.11,-93.931,29.867083,8770475,TCOON,IAN,2022,5580.0
2022-09-28 22:00:00,1.194,-0.035,-1.229,-93.931,29.867083,8770475,TCOON,IAN,2022,5640.0
2022-09-28 23:00:00,1.332,0.121,-1.211,-93.931,29.867083,8770475,TCOON,IAN,2022,5700.0
2022-09-29 00:00:00,1.296,0.198,-1.098,-93.931,29.867083,8770475,TCOON,IAN,2022,5760.0
2022-09-29 01:00:00,1.486,0.232,-1.254,-93.931,29.867083,8770475,TCOON,IAN,2022,5820.0
2022-09-29 02:00:00,1.506,0.219,-1.287,-93.931,29.867083,8770475,TCOON,IAN,2022,5880.0
2022-09-29 03:00:00,1.434,0.186,-1.248,-93.931,29.867083,8770475,TCOON,IAN,2022,5940.0
2022-09-29 04:00:00,1.424,0.172,-1.252,-93.931,29.867083,8770475,TCOON,IAN,2022,6000.0
2022-09-29 05:00:00,1.355,0.186,-1.169,-93.931,29.867083,8770475,TCOON,IAN,2022,6060.0
2022-09-29 06:00:00,1.26,0.185,-1.075,-93.931,29.867083,8770475,TCOON,IAN,2022,6120.0
2022-09-29 07:00:00,1.276,0.211,-1.065,-93.931,29.867083,8770475,TCOON,IAN,2022,6180.0
2022-09-29 08:00:00,1.299,0.234,-1.065,-93.931,29.867083,8770475,TCOON,IAN,2022,6240.0
2022-09-29 09:00:00,1.421,0.245,-1.1760000000000002,-93.931,29.867083,8770475,TCOON,IAN,2022,6300.0
2022-09-29 10:00:00,1.385,0.261,-1.124,-93.931,29.867083,8770475,TCOON,IAN,2022,6360.0
2022-09-29 11:00:00,1.381,0.245,-1.136,-93.931,29.867083,8770475,TCOON,IAN,2022,6420.0
2022-09-29 12:00:00,1.348,0.198,-1.15,-93.931,29.867083,8770475,TCOON,IAN,2022,6480.0
2022-09-29 13:00:00,1.309,0.117,-1.192,-93.931,29.867083,8770475,TCOON,IAN,2022,6540.0
2022-09-29 14:00:00,1.22,-0.009,-1.229,-93.931,29.867083,8770475,TCOON,IAN,2022,6600.0
2022-09-29 15:00:00,1.096,-0.134,-1.23,-93.931,29.867083,8770475,TCOON,IAN,2022,6660.0
2022-09-29 16:00:00,0.735,-0.27,-1.005,-93.931,29.867083,8770475,TCOON,IAN,2022,6720.0
2022-09-29 17:00:00,0.735,-0.363,-1.098,-93.931,29.867083,8770475,TCOON,IAN,2022,6780.0
2022-09-29 18:00:00,0.577,-0.415,-0.992,-93.931,29.867083,8770475,TCOON,IAN,2022,6840.0
2022-09-29 19:00:00,0.509,-0.418,-0.927,-93.931,29.867083,8770475,TCOON,IAN,2022,6900.0
2022-09-29 20:00:00,0.581,-0.365,-0.946,-93.931,29.867083,8770475,TCOON,IAN,2022,6960.0
2022-09-29 21:00:00,0.607,-0.26,-0.867,-93.931,29.867083,8770475,TCOON,IAN,2022,7020.0
2022-09-29 22:00:00,0.781,-0.159,-0.94,-93.931,29.867083,8770475,TCOON,IAN,2022,7080.0
2022-09-29 23:00:00,0.86,-0.046,-0.906,-93.931,29.867083,8770475,TCOON,IAN,2022,7140.0
2022-09-30 00:00:00,1.014,0.1,-0.914,-93.931,29.867083,8770475,TCOON,IAN,2022,7200.0
2022-09-30 01:00:00,1.148,0.174,-0.974,-93.931,29.867083,8770475,TCOON,IAN,2022,7260.0
2022-09-30 02:00:00,1.198,0.208,-0.99,-93.931,29.867083,8770475,TCOON,IAN,2022,7320.0
2022-09-30 03:00:00,1.273,0.214,-1.059,-93.931,29.867083,8770475,TCOON,IAN,2022,7380.0
2022-09-30 04:00:00,1.099,0.195,-0.904,-93.931,29.867083,8770475,TCOON,IAN,2022,7440.0
2022-09-30 05:00:00,1.214,0.19,-1.024,-93.931,29.867083,8770475,TCOON,IAN,2022,7500.0
2022-09-30 06:00:00,1.24,0.199,-1.041,-93.931,29.867083,8770475,TCOON,IAN,2022,7560.0
2022-09-30 07:00:00,1.207,0.216,-0.991,-93.931,29.867083,8770475,TCOON,IAN,2022,7620.0
2022-09-30 08:00:00,1.194,0.246,-0.948,-93.931,29.867083,8770475,TCOON,IAN,2022,7680.0
2022-09-30 09:00:00,1.102,0.28,-0.8220000000000001,-93.931,29.867083,8770475,TCOON,IAN,2022,7740.0
2022-09-30 10:00:00,1.253,0.288,-0.965,-93.931,29.867083,8770475,TCOON,IAN,2022,7800.0
2022-09-30 11:00:00,1.273,0.271,-1.0019999999999998,-93.931,29.867083,8770475,TCOON,IAN,2022,7860.0
2022-09-30 12:00:00,1.234,0.233,-1.001,-93.931,29.867083,8770475,TCOON,IAN,2022,7920.0
2022-09-30 13:00:00,1.198,0.157,-1.041,-93.931,29.867083,8770475,TCOON,IAN,2022,7980.0
2022-09-30 14:00:00,1.063,0.036,-1.027,-93.931,29.867083,8770475,TCOON,IAN,2022,8040.0
2022-09-30 15:00:00,0.873,-0.073,-0.946,-93.931,29.867083,8770475,TCOON,IAN,2022,8100.0
2022-09-30 16:00:00,0.518,-0.215,-0.733,-93.931,29.867083,8770475,TCOON,IAN,2022,8160.0
2022-09-30 17:00:00,0.217,-0.333,-0.55,-93.931,29.867083,8770475,TCOON,IAN,2022,8220.0
2022-09-30 18:00:00,0.056,-0.418,-0.474,-93.931,29.867083,8770475,TCOON,IAN,2022,8280.0
2022-09-30 19:00:00,-0.059,-0.463,-0.404,-93.931,29.867083,8770475,TCOON,IAN,2022,8340.0
2022-09-30 20:00:00,-0.043,-0.463,-0.42,-93.931,29.867083,8770475,TCOON,IAN,2022,8400.0
2022-09-30 21:00:00,0.023,-0.416,-0.439,-93.931,29.867083,8770475,TCOON,IAN,2022,8460.0
2022-09-30 22:00:00,0.095,-0.332,-0.427,-93.931,29.867083,8770475,TCOON,IAN,2022,8520.0
2022-09-30 23:00:00,0.207,-0.218,-0.425,-93.931,29.867083,8770475,TCOON,IAN,2022,8580.0
2022-10-01 00:00:00,0.354,-0.124,-0.478,-93.931,29.867083,8770475,TCOON,IAN,2022,8640.0
2022-10-01 01:00:00,0.614,0.023,-0.591,-93.931,29.867083,8770475,TCOON,IAN,2022,8700.0
2022-10-01 02:00:00,0.679,0.126,-0.553,-93.931,29.867083,8770475,TCOON,IAN,2022,8760.0
2022-10-01 03:00:00,0.712,0.197,-0.5149999999999999,-93.931,29.867083,8770475,TCOON,IAN,2022,8820.0
2022-10-01 04:00:00,0.814,0.244,-0.57,-93.931,29.867083,8770475,TCOON,IAN,2022,8880.0
2022-10-01 05:00:00,0.83,0.266,-0.564,-93.931,29.867083,8770475,TCOON,IAN,2022,8940.0
2022-10-01 06:00:00,0.85,0.278,-0.572,-93.931,29.867083,8770475,TCOON,IAN,2022,9000.0
2022-10-01 07:00:00,0.909,0.292,-0.617,-93.931,29.867083,8770475,TCOON,IAN,2022,9060.0
2022-10-01 08:00:00,1.014,0.305,-0.7090000000000001,-93.931,29.867083,8770475,TCOON,IAN,2022,9120.0
2022-10-01 09:00:00,0.984,0.313,-0.671,-93.931,29.867083,8770475,TCOON,IAN,2022,9180.0
2022-10-01 10:00:00,0.945,0.316,-0.629,-93.931,29.867083,8770475,TCOON,IAN,2022,9240.0
2022-10-01 11:00:00,0.922,0.305,-0.617,-93.931,29.867083,8770475,TCOON,IAN,2022,9300.0
2022-10-01 12:00:00,0.925,0.275,-0.65,-93.931,29.867083,8770475,TCOON,IAN,2022,9360.0
2022-10-01 13:00:00,0.82,0.221,-0.599,-93.931,29.867083,8770475,TCOON,IAN,2022,9420.0
2022-10-01 14:00:00,0.758,0.119,-0.639,-93.931,29.867083,8770475,TCOON,IAN,2022,9480.0
2022-10-01 15:00:00,0.545,0.01,-0.535,-93.931,29.867083,8770475,TCOON,IAN,2022,9540.0
2022-10-01 16:00:00,0.164,-0.105,-0.269,-93.931,29.867083,8770475,TCOON,IAN,2022,9600.0
2022-10-01 17:00:00,-0.003,-0.242,-0.239,-93.931,29.867083,8770475,TCOON,IAN,2022,9660.0
2022-10-01 18:00:00,-0.102,-0.365,-0.263,-93.931,29.867083,8770475,TCOON,IAN,2022,9720.0
2022-10-01 19:00:00,-0.289,-0.464,-0.175,-93.931,29.867083,8770475,TCOON,IAN,2022,9780.0
2022-10-01 20:00:00,-0.331,-0.529,-0.198,-93.931,29.867083,8770475,TCOON,IAN,2022,9840.0
2022-10-01 21:00:00,-0.174,-0.536,-0.362,-93.931,29.867083,8770475,TCOON,IAN,2022,9900.0
2022-10-01 22:00:00,-0.21,-0.503,-0.293,-93.931,29.867083,8770475,TCOON,IAN,2022,9960.0
2022-10-01 23:00:00,-0.259,-0.43,-0.1709999999999999,-93.931,29.867083,8770475,TCOON,IAN,2022,10020.0
2022-09-25 01:00:00,0.915,0.149,-0.766,-93.881699,29.980777,8770520,TCOON,IAN,2022,60.0
2022-09-25 02:00:00,0.732,0.089,-0.643,-93.881699,29.980777,8770520,TCOON,IAN,2022,120.0
2022-09-25 03:00:00,0.558,0.021,-0.537,-93.881699,29.980777,8770520,TCOON,IAN,2022,180.0
2022-09-25 04:00:00,0.423,-0.041,-0.4639999999999999,-93.881699,29.980777,8770520,TCOON,IAN,2022,240.0
2022-09-25 05:00:00,0.295,-0.094,-0.389,-93.881699,29.980777,8770520,TCOON,IAN,2022,300.0
2022-09-25 06:00:00,0.21,-0.137,-0.347,-93.881699,29.980777,8770520,TCOON,IAN,2022,360.0
2022-09-25 07:00:00,0.2,-0.16,-0.36,-93.881699,29.980777,8770520,TCOON,IAN,2022,420.0
2022-09-25 08:00:00,0.276,-0.15,-0.426,-93.881699,29.980777,8770520,TCOON,IAN,2022,480.0
2022-09-25 09:00:00,0.436,-0.089,-0.525,-93.881699,29.980777,8770520,TCOON,IAN,2022,540.0
2022-09-25 10:00:00,0.581,-0.028,-0.609,-93.881699,29.980777,8770520,TCOON,IAN,2022,600.0
2022-09-25 11:00:00,0.722,0.037,-0.6849999999999999,-93.881699,29.980777,8770520,TCOON,IAN,2022,660.0
2022-09-25 12:00:00,0.853,0.081,-0.772,-93.881699,29.980777,8770520,TCOON,IAN,2022,720.0
2022-09-25 13:00:00,0.856,0.097,-0.759,-93.881699,29.980777,8770520,TCOON,IAN,2022,780.0
2022-09-25 14:00:00,0.84,0.091,-0.749,-93.881699,29.980777,8770520,TCOON,IAN,2022,840.0
2022-09-25 15:00:00,0.84,0.062,-0.778,-93.881699,29.980777,8770520,TCOON,IAN,2022,900.0
2022-09-25 16:00:00,0.558,0.015,-0.543,-93.881699,29.980777,8770520,TCOON,IAN,2022,960.0
2022-09-25 17:00:00,0.482,-0.032,-0.514,-93.881699,29.980777,8770520,TCOON,IAN,2022,1020.0
2022-09-25 18:00:00,0.4,-0.058,-0.458,-93.881699,29.980777,8770520,TCOON,IAN,2022,1080.0
2022-09-25 19:00:00,0.39,-0.056,-0.446,-93.881699,29.980777,8770520,TCOON,IAN,2022,1140.0
2022-09-25 20:00:00,0.443,-0.018,-0.461,-93.881699,29.980777,8770520,TCOON,IAN,2022,1200.0
2022-09-25 21:00:00,0.538,0.04,-0.498,-93.881699,29.980777,8770520,TCOON,IAN,2022,1260.0
2022-09-25 22:00:00,0.656,0.102,-0.554,-93.881699,29.980777,8770520,TCOON,IAN,2022,1320.0
2022-09-25 23:00:00,0.778,0.153,-0.625,-93.881699,29.980777,8770520,TCOON,IAN,2022,1380.0
2022-09-26 00:00:00,0.807,0.194,-0.613,-93.881699,29.980777,8770520,TCOON,IAN,2022,1440.0
2022-09-26 01:00:00,0.84,0.21,-0.63,-93.881699,29.980777,8770520,TCOON,IAN,2022,1500.0
2022-09-26 02:00:00,0.807,0.173,-0.6340000000000001,-93.881699,29.980777,8770520,TCOON,IAN,2022,1560.0
2022-09-26 03:00:00,0.712,0.115,-0.597,-93.881699,29.980777,8770520,TCOON,IAN,2022,1620.0
2022-09-26 04:00:00,0.607,0.051,-0.5559999999999999,-93.881699,29.980777,8770520,TCOON,IAN,2022,1680.0
2022-09-26 05:00:00,0.518,-0.012,-0.53,-93.881699,29.980777,8770520,TCOON,IAN,2022,1740.0
2022-09-26 06:00:00,0.39,-0.057,-0.447,-93.881699,29.980777,8770520,TCOON,IAN,2022,1800.0
2022-09-26 07:00:00,0.413,-0.09,-0.503,-93.881699,29.980777,8770520,TCOON,IAN,2022,1860.0
2022-09-26 08:00:00,0.453,-0.1,-0.553,-93.881699,29.980777,8770520,TCOON,IAN,2022,1920.0
2022-09-26 09:00:00,0.551,-0.077,-0.628,-93.881699,29.980777,8770520,TCOON,IAN,2022,1980.0
2022-09-26 10:00:00,0.745,-0.018,-0.763,-93.881699,29.980777,8770520,TCOON,IAN,2022,2040.0
2022-09-26 11:00:00,0.83,0.04,-0.7899999999999999,-93.881699,29.980777,8770520,TCOON,IAN,2022,2100.0
2022-09-26 12:00:00,0.915,0.09,-0.8250000000000001,-93.881699,29.980777,8770520,TCOON,IAN,2022,2160.0
2022-09-26 13:00:00,0.997,0.108,-0.889,-93.881699,29.980777,8770520,TCOON,IAN,2022,2220.0
2022-09-26 14:00:00,0.938,0.088,-0.85,-93.881699,29.980777,8770520,TCOON,IAN,2022,2280.0
2022-09-26 15:00:00,0.86,0.042,-0.818,-93.881699,29.980777,8770520,TCOON,IAN,2022,2340.0
2022-09-26 16:00:00,0.751,-0.013,-0.764,-93.881699,29.980777,8770520,TCOON,IAN,2022,2400.0
2022-09-26 17:00:00,0.646,-0.068,-0.714,-93.881699,29.980777,8770520,TCOON,IAN,2022,2460.0
2022-09-26 18:00:00,0.525,-0.111,-0.636,-93.881699,29.980777,8770520,TCOON,IAN,2022,2520.0
2022-09-26 19:00:00,0.499,-0.128,-0.627,-93.881699,29.980777,8770520,TCOON,IAN,2022,2580.0
2022-09-26 20:00:00,0.492,-0.112,-0.604,-93.881699,29.980777,8770520,TCOON,IAN,2022,2640.0
2022-09-26 21:00:00,0.617,-0.056,-0.673,-93.881699,29.980777,8770520,TCOON,IAN,2022,2700.0
2022-09-26 22:00:00,0.656,0.01,-0.646,-93.881699,29.980777,8770520,TCOON,IAN,2022,2760.0
2022-09-26 23:00:00,0.768,0.082,-0.686,-93.881699,29.980777,8770520,TCOON,IAN,2022,2820.0
2022-09-27 00:00:00,0.846,0.137,-0.709,-93.881699,29.980777,8770520,TCOON,IAN,2022,2880.0
2022-09-27 01:00:00,0.948,0.178,-0.77,-93.881699,29.980777,8770520,TCOON,IAN,2022,2940.0
2022-09-27 02:00:00,0.909,0.197,-0.712,-93.881699,29.980777,8770520,TCOON,IAN,2022,3000.0
2022-09-27 03:00:00,0.846,0.169,-0.6769999999999999,-93.881699,29.980777,8770520,TCOON,IAN,2022,3060.0
2022-09-27 04:00:00,0.696,0.12,-0.576,-93.881699,29.980777,8770520,TCOON,IAN,2022,3120.0
2022-09-27 05:00:00,0.561,0.062,-0.499,-93.881699,29.980777,8770520,TCOON,IAN,2022,3180.0
2022-09-27 06:00:00,0.433,0.012,-0.421,-93.881699,29.980777,8770520,TCOON,IAN,2022,3240.0
2022-09-27 07:00:00,0.302,-0.017,-0.319,-93.881699,29.980777,8770520,TCOON,IAN,2022,3300.0
2022-09-27 08:00:00,0.246,-0.027,-0.273,-93.881699,29.980777,8770520,TCOON,IAN,2022,3360.0
2022-09-27 09:00:00,0.256,-0.01,-0.266,-93.881699,29.980777,8770520,TCOON,IAN,2022,3420.0
2022-09-27 10:00:00,0.308,0.025,-0.283,-93.881699,29.980777,8770520,TCOON,IAN,2022,3480.0
2022-09-27 11:00:00,0.407,0.068,-0.3389999999999999,-93.881699,29.980777,8770520,TCOON,IAN,2022,3540.0
2022-09-27 12:00:00,0.61,0.104,-0.506,-93.881699,29.980777,8770520,TCOON,IAN,2022,3600.0
2022-09-27 13:00:00,0.676,0.109,-0.5670000000000001,-93.881699,29.980777,8770520,TCOON,IAN,2022,3660.0
2022-09-27 14:00:00,0.833,0.074,-0.759,-93.881699,29.980777,8770520,TCOON,IAN,2022,3720.0
2022-09-27 15:00:00,0.801,0.009,-0.792,-93.881699,29.980777,8770520,TCOON,IAN,2022,3780.0
2022-09-27 16:00:00,0.689,-0.057,-0.746,-93.881699,29.980777,8770520,TCOON,IAN,2022,3840.0
2022-09-27 17:00:00,0.604,-0.118,-0.722,-93.881699,29.980777,8770520,TCOON,IAN,2022,3900.0
2022-09-27 18:00:00,0.472,-0.169,-0.641,-93.881699,29.980777,8770520,TCOON,IAN,2022,3960.0
2022-09-27 19:00:00,0.41,-0.209,-0.619,-93.881699,29.980777,8770520,TCOON,IAN,2022,4020.0
2022-09-27 20:00:00,0.42,-0.227,-0.647,-93.881699,29.980777,8770520,TCOON,IAN,2022,4080.0
2022-09-27 21:00:00,0.482,-0.197,-0.679,-93.881699,29.980777,8770520,TCOON,IAN,2022,4140.0
2022-09-27 22:00:00,0.564,-0.124,-0.688,-93.881699,29.980777,8770520,TCOON,IAN,2022,4200.0
2022-09-27 23:00:00,0.784,-0.046,-0.8300000000000001,-93.881699,29.980777,8770520,TCOON,IAN,2022,4260.0
2022-09-28 00:00:00,0.919,0.033,-0.886,-93.881699,29.980777,8770520,TCOON,IAN,2022,4320.0
2022-09-28 01:00:00,1.155,0.099,-1.056,-93.881699,29.980777,8770520,TCOON,IAN,2022,4380.0
2022-09-28 02:00:00,1.201,0.146,-1.0550000000000002,-93.881699,29.980777,8770520,TCOON,IAN,2022,4440.0
2022-09-28 03:00:00,1.201,0.182,-1.019,-93.881699,29.980777,8770520,TCOON,IAN,2022,4500.0
2022-09-28 04:00:00,1.178,0.191,-0.987,-93.881699,29.980777,8770520,TCOON,IAN,2022,4560.0
2022-09-28 05:00:00,1.099,0.167,-0.932,-93.881699,29.980777,8770520,TCOON,IAN,2022,4620.0
2022-09-28 06:00:00,0.942,0.125,-0.817,-93.881699,29.980777,8770520,TCOON,IAN,2022,4680.0
2022-09-28 07:00:00,0.856,0.091,-0.765,-93.881699,29.980777,8770520,TCOON,IAN,2022,4740.0
2022-09-28 08:00:00,0.81,0.068,-0.742,-93.881699,29.980777,8770520,TCOON,IAN,2022,4800.0
2022-09-28 09:00:00,0.791,0.074,-0.7170000000000001,-93.881699,29.980777,8770520,TCOON,IAN,2022,4860.0
2022-09-28 10:00:00,0.86,0.095,-0.765,-93.881699,29.980777,8770520,TCOON,IAN,2022,4920.0
2022-09-28 11:00:00,0.915,0.122,-0.793,-93.881699,29.980777,8770520,TCOON,IAN,2022,4980.0
2022-09-28 12:00:00,1.066,0.143,-0.923,-93.881699,29.980777,8770520,TCOON,IAN,2022,5040.0
2022-09-28 13:00:00,1.122,0.143,-0.979,-93.881699,29.980777,8770520,TCOON,IAN,2022,5100.0
2022-09-28 14:00:00,1.168,0.098,-1.0699999999999998,-93.881699,29.980777,8770520,TCOON,IAN,2022,5160.0
2022-09-28 15:00:00,1.115,0.036,-1.079,-93.881699,29.980777,8770520,TCOON,IAN,2022,5220.0
2022-09-28 16:00:00,0.978,-0.041,-1.019,-93.881699,29.980777,8770520,TCOON,IAN,2022,5280.0
2022-09-28 17:00:00,0.869,-0.112,-0.981,-93.881699,29.980777,8770520,TCOON,IAN,2022,5340.0
2022-09-28 18:00:00,0.745,-0.176,-0.921,-93.881699,29.980777,8770520,TCOON,IAN,2022,5400.0
2022-09-28 19:00:00,0.305,-0.237,-0.542,-93.881699,29.980777,8770520,TCOON,IAN,2022,5460.0
2022-09-28 20:00:00,0.636,-0.281,-0.917,-93.881699,29.980777,8770520,TCOON,IAN,2022,5520.0
2022-09-28 21:00:00,0.676,-0.299,-0.975,-93.881699,29.980777,8770520,TCOON,IAN,2022,5580.0
2022-09-28 22:00:00,0.814,-0.263,-1.077,-93.881699,29.980777,8770520,TCOON,IAN,2022,5640.0
2022-09-28 23:00:00,0.997,-0.184,-1.181,-93.881699,29.980777,8770520,TCOON,IAN,2022,5700.0
2022-09-29 00:00:00,1.168,-0.105,-1.273,-93.881699,29.980777,8770520,TCOON,IAN,2022,5760.0
2022-09-29 01:00:00,1.306,-0.025,-1.331,-93.881699,29.980777,8770520,TCOON,IAN,2022,5820.0
2022-09-29 02:00:00,1.463,0.039,-1.4240000000000002,-93.881699,29.980777,8770520,TCOON,IAN,2022,5880.0
2022-09-29 03:00:00,1.512,0.094,-1.418,-93.881699,29.980777,8770520,TCOON,IAN,2022,5940.0
2022-09-29 04:00:00,1.496,0.133,-1.363,-93.881699,29.980777,8770520,TCOON,IAN,2022,6000.0
2022-09-29 05:00:00,1.444,0.166,-1.278,-93.881699,29.980777,8770520,TCOON,IAN,2022,6060.0
2022-09-29 06:00:00,1.365,0.184,-1.181,-93.881699,29.980777,8770520,TCOON,IAN,2022,6120.0
2022-09-29 07:00:00,1.276,0.194,-1.082,-93.881699,29.980777,8770520,TCOON,IAN,2022,6180.0
2022-09-29 08:00:00,1.237,0.209,-1.028,-93.881699,29.980777,8770520,TCOON,IAN,2022,6240.0
2022-09-29 09:00:00,1.227,0.226,-1.001,-93.881699,29.980777,8770520,TCOON,IAN,2022,6300.0
2022-09-29 10:00:00,1.191,0.244,-0.947,-93.881699,29.980777,8770520,TCOON,IAN,2022,6360.0
2022-09-29 11:00:00,1.22,0.259,-0.961,-93.881699,29.980777,8770520,TCOON,IAN,2022,6420.0
2022-09-29 12:00:00,1.24,0.264,-0.976,-93.881699,29.980777,8770520,TCOON,IAN,2022,6480.0
2022-09-29 13:00:00,1.342,0.243,-1.0990000000000002,-93.881699,29.980777,8770520,TCOON,IAN,2022,6540.0
2022-09-29 14:00:00,1.24,0.194,-1.046,-93.881699,29.980777,8770520,TCOON,IAN,2022,6600.0
2022-09-29 15:00:00,1.237,0.132,-1.105,-93.881699,29.980777,8770520,TCOON,IAN,2022,6660.0
2022-09-29 16:00:00,1.076,0.057,-1.019,-93.881699,29.980777,8770520,TCOON,IAN,2022,6720.0
2022-09-29 17:00:00,0.945,-0.019,-0.964,-93.881699,29.980777,8770520,TCOON,IAN,2022,6780.0
2022-09-29 18:00:00,0.781,-0.093,-0.874,-93.881699,29.980777,8770520,TCOON,IAN,2022,6840.0
2022-09-29 19:00:00,0.712,-0.169,-0.881,-93.881699,29.980777,8770520,TCOON,IAN,2022,6900.0
2022-09-29 20:00:00,0.607,-0.23,-0.837,-93.881699,29.980777,8770520,TCOON,IAN,2022,6960.0
2022-09-29 21:00:00,0.535,-0.278,-0.8130000000000001,-93.881699,29.980777,8770520,TCOON,IAN,2022,7020.0
2022-09-29 22:00:00,0.404,-0.293,-0.6970000000000001,-93.881699,29.980777,8770520,TCOON,IAN,2022,7080.0
2022-09-29 23:00:00,0.607,-0.262,-0.869,-93.881699,29.980777,8770520,TCOON,IAN,2022,7140.0
2022-09-30 00:00:00,0.705,-0.188,-0.893,-93.881699,29.980777,8770520,TCOON,IAN,2022,7200.0
2022-09-30 01:00:00,0.873,-0.112,-0.985,-93.881699,29.980777,8770520,TCOON,IAN,2022,7260.0
2022-09-30 02:00:00,1.053,-0.033,-1.086,-93.881699,29.980777,8770520,TCOON,IAN,2022,7320.0
2022-09-30 03:00:00,1.171,0.031,-1.14,-93.881699,29.980777,8770520,TCOON,IAN,2022,7380.0
2022-09-30 04:00:00,1.243,0.088,-1.155,-93.881699,29.980777,8770520,TCOON,IAN,2022,7440.0
2022-09-30 05:00:00,1.26,0.128,-1.132,-93.881699,29.980777,8770520,TCOON,IAN,2022,7500.0
2022-09-30 06:00:00,1.286,0.166,-1.12,-93.881699,29.980777,8770520,TCOON,IAN,2022,7560.0
2022-09-30 07:00:00,1.227,0.192,-1.035,-93.881699,29.980777,8770520,TCOON,IAN,2022,7620.0
2022-09-30 08:00:00,1.181,0.21,-0.971,-93.881699,29.980777,8770520,TCOON,IAN,2022,7680.0
2022-09-30 09:00:00,1.129,0.233,-0.896,-93.881699,29.980777,8770520,TCOON,IAN,2022,7740.0
2022-09-30 10:00:00,1.129,0.26,-0.869,-93.881699,29.980777,8770520,TCOON,IAN,2022,7800.0
2022-09-30 11:00:00,1.158,0.284,-0.8739999999999999,-93.881699,29.980777,8770520,TCOON,IAN,2022,7860.0
2022-09-30 12:00:00,1.152,0.296,-0.8559999999999999,-93.881699,29.980777,8770520,TCOON,IAN,2022,7920.0
2022-09-30 13:00:00,1.188,0.279,-0.909,-93.881699,29.980777,8770520,TCOON,IAN,2022,7980.0
2022-09-30 14:00:00,1.165,0.23,-0.935,-93.881699,29.980777,8770520,TCOON,IAN,2022,8040.0
2022-09-30 15:00:00,1.102,0.169,-0.933,-93.881699,29.980777,8770520,TCOON,IAN,2022,8100.0
2022-09-30 16:00:00,0.938,0.097,-0.841,-93.881699,29.980777,8770520,TCOON,IAN,2022,8160.0
2022-09-30 17:00:00,0.787,0.025,-0.762,-93.881699,29.980777,8770520,TCOON,IAN,2022,8220.0
2022-09-30 18:00:00,0.568,-0.056,-0.624,-93.881699,29.980777,8770520,TCOON,IAN,2022,8280.0
2022-09-30 19:00:00,0.394,-0.136,-0.53,-93.881699,29.980777,8770520,TCOON,IAN,2022,8340.0
2022-09-30 20:00:00,0.276,-0.209,-0.485,-93.881699,29.980777,8770520,TCOON,IAN,2022,8400.0
2022-09-30 21:00:00,0.141,-0.273,-0.414,-93.881699,29.980777,8770520,TCOON,IAN,2022,8460.0
2022-09-30 22:00:00,0.062,-0.317,-0.379,-93.881699,29.980777,8770520,TCOON,IAN,2022,8520.0
2022-09-30 23:00:00,0.016,-0.338,-0.354,-93.881699,29.980777,8770520,TCOON,IAN,2022,8580.0
2022-10-01 00:00:00,0.062,-0.319,-0.381,-93.881699,29.980777,8770520,TCOON,IAN,2022,8640.0
2022-10-01 01:00:00,0.24,-0.25,-0.49,-93.881699,29.980777,8770520,TCOON,IAN,2022,8700.0
2022-10-01 02:00:00,0.417,-0.177,-0.594,-93.881699,29.980777,8770520,TCOON,IAN,2022,8760.0
2022-10-01 03:00:00,0.6,-0.094,-0.694,-93.881699,29.980777,8770520,TCOON,IAN,2022,8820.0
2022-10-01 04:00:00,0.764,-0.022,-0.786,-93.881699,29.980777,8770520,TCOON,IAN,2022,8880.0
2022-10-01 05:00:00,0.899,0.046,-0.853,-93.881699,29.980777,8770520,TCOON,IAN,2022,8940.0
2022-10-01 06:00:00,0.928,0.112,-0.8160000000000001,-93.881699,29.980777,8770520,TCOON,IAN,2022,9000.0
2022-10-01 07:00:00,0.961,0.168,-0.7929999999999999,-93.881699,29.980777,8770520,TCOON,IAN,2022,9060.0
2022-10-01 08:00:00,0.938,0.219,-0.719,-93.881699,29.980777,8770520,TCOON,IAN,2022,9120.0
2022-10-01 09:00:00,0.938,0.256,-0.6819999999999999,-93.881699,29.980777,8770520,TCOON,IAN,2022,9180.0
2022-10-01 10:00:00,0.915,0.287,-0.6280000000000001,-93.881699,29.980777,8770520,TCOON,IAN,2022,9240.0
2022-10-01 11:00:00,0.902,0.312,-0.5900000000000001,-93.881699,29.980777,8770520,TCOON,IAN,2022,9300.0
2022-10-01 12:00:00,0.876,0.324,-0.552,-93.881699,29.980777,8770520,TCOON,IAN,2022,9360.0
2022-10-01 13:00:00,0.85,0.315,-0.5349999999999999,-93.881699,29.980777,8770520,TCOON,IAN,2022,9420.0
2022-10-01 14:00:00,0.81,0.272,-0.538,-93.881699,29.980777,8770520,TCOON,IAN,2022,9480.0
2022-10-01 15:00:00,0.696,0.219,-0.477,-93.881699,29.980777,8770520,TCOON,IAN,2022,9540.0
2022-10-01 16:00:00,0.558,0.155,-0.403,-93.881699,29.980777,8770520,TCOON,IAN,2022,9600.0
2022-10-01 17:00:00,0.427,0.086,-0.3409999999999999,-93.881699,29.980777,8770520,TCOON,IAN,2022,9660.0
2022-10-01 18:00:00,0.22,0.01,-0.21,-93.881699,29.980777,8770520,TCOON,IAN,2022,9720.0
2022-10-01 19:00:00,0.148,-0.072,-0.2199999999999999,-93.881699,29.980777,8770520,TCOON,IAN,2022,9780.0
2022-10-01 20:00:00,-0.02,-0.155,-0.135,-93.881699,29.980777,8770520,TCOON,IAN,2022,9840.0
2022-10-01 21:00:00,-0.138,-0.234,-0.096,-93.881699,29.980777,8770520,TCOON,IAN,2022,9900.0
2022-10-01 22:00:00,-0.282,-0.302,-0.02,-93.881699,29.980777,8770520,TCOON,IAN,2022,9960.0
2022-10-01 23:00:00,-0.226,-0.355,-0.1289999999999999,-93.881699,29.980777,8770520,TCOON,IAN,2022,10020.0
2022-09-25 01:00:00,0.774,0.233,-0.541,-94.985,29.681815,8770613,NOAA_NOS,IAN,2022,60.0
2022-09-25 02:00:00,0.702,0.165,-0.5369999999999999,-94.985,29.681815,8770613,NOAA_NOS,IAN,2022,120.0
2022-09-25 03:00:00,0.62,0.086,-0.534,-94.985,29.681815,8770613,NOAA_NOS,IAN,2022,180.0
2022-09-25 04:00:00,0.42,-0.021,-0.441,-94.985,29.681815,8770613,NOAA_NOS,IAN,2022,240.0
2022-09-25 05:00:00,0.22,-0.126,-0.346,-94.985,29.681815,8770613,NOAA_NOS,IAN,2022,300.0
2022-09-25 06:00:00,-0.003,-0.209,-0.206,-94.985,29.681815,8770613,NOAA_NOS,IAN,2022,360.0
2022-09-25 07:00:00,-0.003,-0.273,-0.27,-94.985,29.681815,8770613,NOAA_NOS,IAN,2022,420.0
2022-09-25 08:00:00,-0.007,-0.304,-0.297,-94.985,29.681815,8770613,NOAA_NOS,IAN,2022,480.0
2022-09-25 09:00:00,0.138,-0.279,-0.417,-94.985,29.681815,8770613,NOAA_NOS,IAN,2022,540.0
2022-09-25 10:00:00,0.226,-0.208,-0.434,-94.985,29.681815,8770613,NOAA_NOS,IAN,2022,600.0
2022-09-25 11:00:00,0.404,-0.13,-0.534,-94.985,29.681815,8770613,NOAA_NOS,IAN,2022,660.0
2022-09-25 12:00:00,0.607,-0.026,-0.633,-94.985,29.681815,8770613,NOAA_NOS,IAN,2022,720.0
2022-09-25 13:00:00,0.741,0.06,-0.681,-94.985,29.681815,8770613,NOAA_NOS,IAN,2022,780.0
2022-09-25 14:00:00,0.732,0.11,-0.622,-94.985,29.681815,8770613,NOAA_NOS,IAN,2022,840.0
2022-09-25 15:00:00,0.81,0.128,-0.682,-94.985,29.681815,8770613,NOAA_NOS,IAN,2022,900.0
2022-09-25 16:00:00,0.709,0.109,-0.6,-94.985,29.681815,8770613,NOAA_NOS,IAN,2022,960.0
2022-09-25 17:00:00,0.591,0.069,-0.522,-94.985,29.681815,8770613,NOAA_NOS,IAN,2022,1020.0
2022-09-25 18:00:00,0.466,0.014,-0.452,-94.985,29.681815,8770613,NOAA_NOS,IAN,2022,1080.0
2022-09-25 19:00:00,0.328,-0.035,-0.363,-94.985,29.681815,8770613,NOAA_NOS,IAN,2022,1140.0
2022-09-25 20:00:00,0.302,-0.054,-0.356,-94.985,29.681815,8770613,NOAA_NOS,IAN,2022,1200.0
2022-09-25 21:00:00,0.315,-0.022,-0.337,-94.985,29.681815,8770613,NOAA_NOS,IAN,2022,1260.0
2022-09-25 22:00:00,0.407,0.043,-0.364,-94.985,29.681815,8770613,NOAA_NOS,IAN,2022,1320.0
2022-09-25 23:00:00,0.512,0.12,-0.392,-94.985,29.681815,8770613,NOAA_NOS,IAN,2022,1380.0
2022-09-26 00:00:00,0.581,0.21,-0.371,-94.985,29.681815,8770613,NOAA_NOS,IAN,2022,1440.0
2022-09-26 01:00:00,0.735,0.269,-0.4659999999999999,-94.985,29.681815,8770613,NOAA_NOS,IAN,2022,1500.0
2022-09-26 02:00:00,0.758,0.283,-0.475,-94.985,29.681815,8770613,NOAA_NOS,IAN,2022,1560.0
2022-09-26 03:00:00,0.719,0.237,-0.482,-94.985,29.681815,8770613,NOAA_NOS,IAN,2022,1620.0
2022-09-26 04:00:00,0.63,0.168,-0.4619999999999999,-94.985,29.681815,8770613,NOAA_NOS,IAN,2022,1680.0
2022-09-26 05:00:00,0.472,0.075,-0.3969999999999999,-94.985,29.681815,8770613,NOAA_NOS,IAN,2022,1740.0
2022-09-26 06:00:00,0.285,-0.029,-0.314,-94.985,29.681815,8770613,NOAA_NOS,IAN,2022,1800.0
2022-09-26 07:00:00,0.177,-0.111,-0.288,-94.985,29.681815,8770613,NOAA_NOS,IAN,2022,1860.0
2022-09-26 08:00:00,0.148,-0.169,-0.317,-94.985,29.681815,8770613,NOAA_NOS,IAN,2022,1920.0
2022-09-26 09:00:00,0.2,-0.194,-0.394,-94.985,29.681815,8770613,NOAA_NOS,IAN,2022,1980.0
2022-09-26 10:00:00,0.253,-0.163,-0.416,-94.985,29.681815,8770613,NOAA_NOS,IAN,2022,2040.0
2022-09-26 11:00:00,0.456,-0.105,-0.561,-94.985,29.681815,8770613,NOAA_NOS,IAN,2022,2100.0
2022-09-26 12:00:00,0.64,-0.034,-0.674,-94.985,29.681815,8770613,NOAA_NOS,IAN,2022,2160.0
2022-09-26 13:00:00,0.797,0.048,-0.749,-94.985,29.681815,8770613,NOAA_NOS,IAN,2022,2220.0
2022-09-26 14:00:00,0.778,0.096,-0.682,-94.985,29.681815,8770613,NOAA_NOS,IAN,2022,2280.0
2022-09-26 15:00:00,0.879,0.098,-0.781,-94.985,29.681815,8770613,NOAA_NOS,IAN,2022,2340.0
2022-09-26 16:00:00,0.709,0.054,-0.6549999999999999,-94.985,29.681815,8770613,NOAA_NOS,IAN,2022,2400.0
2022-09-26 17:00:00,0.722,-0.008,-0.73,-94.985,29.681815,8770613,NOAA_NOS,IAN,2022,2460.0
2022-09-26 18:00:00,0.561,-0.085,-0.646,-94.985,29.681815,8770613,NOAA_NOS,IAN,2022,2520.0
2022-09-26 19:00:00,0.413,-0.156,-0.569,-94.985,29.681815,8770613,NOAA_NOS,IAN,2022,2580.0
2022-09-26 20:00:00,0.322,-0.191,-0.513,-94.985,29.681815,8770613,NOAA_NOS,IAN,2022,2640.0
2022-09-26 21:00:00,0.299,-0.179,-0.478,-94.985,29.681815,8770613,NOAA_NOS,IAN,2022,2700.0
2022-09-26 22:00:00,0.344,-0.105,-0.4489999999999999,-94.985,29.681815,8770613,NOAA_NOS,IAN,2022,2760.0
2022-09-26 23:00:00,0.417,-0.026,-0.443,-94.985,29.681815,8770613,NOAA_NOS,IAN,2022,2820.0
2022-09-27 00:00:00,0.61,0.081,-0.529,-94.985,29.681815,8770613,NOAA_NOS,IAN,2022,2880.0
2022-09-27 01:00:00,0.764,0.181,-0.583,-94.985,29.681815,8770613,NOAA_NOS,IAN,2022,2940.0
2022-09-27 02:00:00,0.896,0.245,-0.651,-94.985,29.681815,8770613,NOAA_NOS,IAN,2022,3000.0
2022-09-27 03:00:00,0.922,0.274,-0.648,-94.985,29.681815,8770613,NOAA_NOS,IAN,2022,3060.0
2022-09-27 04:00:00,0.833,0.255,-0.578,-94.985,29.681815,8770613,NOAA_NOS,IAN,2022,3120.0
2022-09-27 05:00:00,0.712,0.199,-0.5129999999999999,-94.985,29.681815,8770613,NOAA_NOS,IAN,2022,3180.0
2022-09-27 06:00:00,0.548,0.128,-0.42,-94.985,29.681815,8770613,NOAA_NOS,IAN,2022,3240.0
2022-09-27 07:00:00,0.354,0.043,-0.311,-94.985,29.681815,8770613,NOAA_NOS,IAN,2022,3300.0
2022-09-27 08:00:00,0.243,-0.024,-0.267,-94.985,29.681815,8770613,NOAA_NOS,IAN,2022,3360.0
2022-09-27 09:00:00,0.141,-0.065,-0.206,-94.985,29.681815,8770613,NOAA_NOS,IAN,2022,3420.0
2022-09-27 10:00:00,0.075,-0.071,-0.146,-94.985,29.681815,8770613,NOAA_NOS,IAN,2022,3480.0
2022-09-27 11:00:00,0.24,-0.041,-0.2809999999999999,-94.985,29.681815,8770613,NOAA_NOS,IAN,2022,3540.0
2022-09-27 12:00:00,0.348,-0.003,-0.351,-94.985,29.681815,8770613,NOAA_NOS,IAN,2022,3600.0
2022-09-27 13:00:00,0.61,0.04,-0.57,-94.985,29.681815,8770613,NOAA_NOS,IAN,2022,3660.0
2022-09-27 14:00:00,0.666,0.062,-0.6040000000000001,-94.985,29.681815,8770613,NOAA_NOS,IAN,2022,3720.0
2022-09-27 15:00:00,0.866,0.021,-0.845,-94.985,29.681815,8770613,NOAA_NOS,IAN,2022,3780.0
2022-09-27 16:00:00,0.801,-0.048,-0.8490000000000001,-94.985,29.681815,8770613,NOAA_NOS,IAN,2022,3840.0
2022-09-27 17:00:00,0.712,-0.138,-0.85,-94.985,29.681815,8770613,NOAA_NOS,IAN,2022,3900.0
2022-09-27 18:00:00,0.643,-0.24,-0.883,-94.985,29.681815,8770613,NOAA_NOS,IAN,2022,3960.0
2022-09-27 19:00:00,0.577,-0.321,-0.8979999999999999,-94.985,29.681815,8770613,NOAA_NOS,IAN,2022,4020.0
2022-09-27 20:00:00,0.433,-0.373,-0.806,-94.985,29.681815,8770613,NOAA_NOS,IAN,2022,4080.0
2022-09-27 21:00:00,0.479,-0.384,-0.863,-94.985,29.681815,8770613,NOAA_NOS,IAN,2022,4140.0
2022-09-27 22:00:00,0.417,-0.32,-0.737,-94.985,29.681815,8770613,NOAA_NOS,IAN,2022,4200.0
2022-09-27 23:00:00,0.659,-0.234,-0.893,-94.985,29.681815,8770613,NOAA_NOS,IAN,2022,4260.0
2022-09-28 00:00:00,0.869,-0.121,-0.99,-94.985,29.681815,8770613,NOAA_NOS,IAN,2022,4320.0
2022-09-28 01:00:00,1.056,0.01,-1.046,-94.985,29.681815,8770613,NOAA_NOS,IAN,2022,4380.0
2022-09-28 02:00:00,1.414,0.119,-1.295,-94.985,29.681815,8770613,NOAA_NOS,IAN,2022,4440.0
2022-09-28 03:00:00,1.503,0.206,-1.297,-94.985,29.681815,8770613,NOAA_NOS,IAN,2022,4500.0
2022-09-28 04:00:00,1.473,0.262,-1.211,-94.985,29.681815,8770613,NOAA_NOS,IAN,2022,4560.0
2022-09-28 05:00:00,1.47,0.287,-1.183,-94.985,29.681815,8770613,NOAA_NOS,IAN,2022,4620.0
2022-09-28 06:00:00,1.476,0.278,-1.198,-94.985,29.681815,8770613,NOAA_NOS,IAN,2022,4680.0
2022-09-28 07:00:00,1.368,0.244,-1.124,-94.985,29.681815,8770613,NOAA_NOS,IAN,2022,4740.0
2022-09-28 08:00:00,1.178,0.192,-0.986,-94.985,29.681815,8770613,NOAA_NOS,IAN,2022,4800.0
2022-09-28 09:00:00,1.115,0.136,-0.979,-94.985,29.681815,8770613,NOAA_NOS,IAN,2022,4860.0
2022-09-28 10:00:00,1.066,0.097,-0.969,-94.985,29.681815,8770613,NOAA_NOS,IAN,2022,4920.0
2022-09-28 11:00:00,0.981,0.079,-0.902,-94.985,29.681815,8770613,NOAA_NOS,IAN,2022,4980.0
2022-09-28 12:00:00,1.201,0.076,-1.125,-94.985,29.681815,8770613,NOAA_NOS,IAN,2022,5040.0
2022-09-28 13:00:00,1.234,0.067,-1.167,-94.985,29.681815,8770613,NOAA_NOS,IAN,2022,5100.0
2022-09-28 14:00:00,1.319,0.037,-1.282,-94.985,29.681815,8770613,NOAA_NOS,IAN,2022,5160.0
2022-09-28 15:00:00,1.339,-0.019,-1.358,-94.985,29.681815,8770613,NOAA_NOS,IAN,2022,5220.0
2022-09-28 16:00:00,1.257,-0.106,-1.363,-94.985,29.681815,8770613,NOAA_NOS,IAN,2022,5280.0
2022-09-28 17:00:00,1.066,-0.213,-1.279,-94.985,29.681815,8770613,NOAA_NOS,IAN,2022,5340.0
2022-09-28 18:00:00,0.984,-0.322,-1.306,-94.985,29.681815,8770613,NOAA_NOS,IAN,2022,5400.0
2022-09-28 19:00:00,0.669,-0.416,-1.085,-94.985,29.681815,8770613,NOAA_NOS,IAN,2022,5460.0
2022-09-28 20:00:00,0.574,-0.495,-1.069,-94.985,29.681815,8770613,NOAA_NOS,IAN,2022,5520.0
2022-09-28 21:00:00,0.63,-0.547,-1.177,-94.985,29.681815,8770613,NOAA_NOS,IAN,2022,5580.0
2022-09-28 22:00:00,0.663,-0.546,-1.209,-94.985,29.681815,8770613,NOAA_NOS,IAN,2022,5640.0
2022-09-28 23:00:00,0.827,-0.46,-1.287,-94.985,29.681815,8770613,NOAA_NOS,IAN,2022,5700.0
2022-09-29 00:00:00,1.099,-0.37,-1.469,-94.985,29.681815,8770613,NOAA_NOS,IAN,2022,5760.0
2022-09-29 01:00:00,1.276,-0.242,-1.518,-94.985,29.681815,8770613,NOAA_NOS,IAN,2022,5820.0
2022-09-29 02:00:00,1.506,-0.104,-1.61,-94.985,29.681815,8770613,NOAA_NOS,IAN,2022,5880.0
2022-09-29 03:00:00,1.663,0.009,-1.654,-94.985,29.681815,8770613,NOAA_NOS,IAN,2022,5940.0
2022-09-29 04:00:00,1.736,0.107,-1.629,-94.985,29.681815,8770613,NOAA_NOS,IAN,2022,6000.0
2022-09-29 05:00:00,1.768,0.185,-1.583,-94.985,29.681815,8770613,NOAA_NOS,IAN,2022,6060.0
2022-09-29 06:00:00,1.827,0.243,-1.584,-94.985,29.681815,8770613,NOAA_NOS,IAN,2022,6120.0
2022-09-29 07:00:00,1.795,0.285,-1.51,-94.985,29.681815,8770613,NOAA_NOS,IAN,2022,6180.0
2022-09-29 08:00:00,1.749,0.313,-1.4360000000000002,-94.985,29.681815,8770613,NOAA_NOS,IAN,2022,6240.0
2022-09-29 09:00:00,1.66,0.323,-1.337,-94.985,29.681815,8770613,NOAA_NOS,IAN,2022,6300.0
2022-09-29 10:00:00,1.677,0.321,-1.356,-94.985,29.681815,8770613,NOAA_NOS,IAN,2022,6360.0
2022-09-29 11:00:00,1.637,0.315,-1.322,-94.985,29.681815,8770613,NOAA_NOS,IAN,2022,6420.0
2022-09-29 12:00:00,1.555,0.303,-1.252,-94.985,29.681815,8770613,NOAA_NOS,IAN,2022,6480.0
2022-09-29 13:00:00,1.522,0.271,-1.251,-94.985,29.681815,8770613,NOAA_NOS,IAN,2022,6540.0
2022-09-29 14:00:00,1.467,0.217,-1.25,-94.985,29.681815,8770613,NOAA_NOS,IAN,2022,6600.0
2022-09-29 15:00:00,1.47,0.141,-1.329,-94.985,29.681815,8770613,NOAA_NOS,IAN,2022,6660.0
2022-09-29 16:00:00,1.289,0.04,-1.249,-94.985,29.681815,8770613,NOAA_NOS,IAN,2022,6720.0
2022-09-29 17:00:00,1.07,-0.078,-1.148,-94.985,29.681815,8770613,NOAA_NOS,IAN,2022,6780.0
2022-09-29 18:00:00,0.965,-0.196,-1.161,-94.985,29.681815,8770613,NOAA_NOS,IAN,2022,6840.0
2022-09-29 19:00:00,0.85,-0.31,-1.16,-94.985,29.681815,8770613,NOAA_NOS,IAN,2022,6900.0
2022-09-29 20:00:00,0.587,-0.412,-0.999,-94.985,29.681815,8770613,NOAA_NOS,IAN,2022,6960.0
2022-09-29 21:00:00,0.538,-0.496,-1.034,-94.985,29.681815,8770613,NOAA_NOS,IAN,2022,7020.0
2022-09-29 22:00:00,0.41,-0.556,-0.966,-94.985,29.681815,8770613,NOAA_NOS,IAN,2022,7080.0
2022-09-29 23:00:00,0.42,-0.562,-0.982,-94.985,29.681815,8770613,NOAA_NOS,IAN,2022,7140.0
2022-09-30 00:00:00,0.571,-0.479,-1.0499999999999998,-94.985,29.681815,8770613,NOAA_NOS,IAN,2022,7200.0
2022-09-30 01:00:00,0.797,-0.389,-1.186,-94.985,29.681815,8770613,NOAA_NOS,IAN,2022,7260.0
2022-09-30 02:00:00,1.043,-0.264,-1.307,-94.985,29.681815,8770613,NOAA_NOS,IAN,2022,7320.0
2022-09-30 03:00:00,1.253,-0.124,-1.3769999999999998,-94.985,29.681815,8770613,NOAA_NOS,IAN,2022,7380.0
2022-09-30 04:00:00,1.476,-0.011,-1.487,-94.985,29.681815,8770613,NOAA_NOS,IAN,2022,7440.0
2022-09-30 05:00:00,1.644,0.088,-1.5559999999999998,-94.985,29.681815,8770613,NOAA_NOS,IAN,2022,7500.0
2022-09-30 06:00:00,1.85,0.168,-1.6820000000000002,-94.985,29.681815,8770613,NOAA_NOS,IAN,2022,7560.0
2022-09-30 07:00:00,1.781,0.235,-1.5459999999999998,-94.985,29.681815,8770613,NOAA_NOS,IAN,2022,7620.0
2022-09-30 08:00:00,1.736,0.29,-1.446,-94.985,29.681815,8770613,NOAA_NOS,IAN,2022,7680.0
2022-09-30 09:00:00,1.736,0.333,-1.403,-94.985,29.681815,8770613,NOAA_NOS,IAN,2022,7740.0
2022-09-30 10:00:00,1.627,0.362,-1.265,-94.985,29.681815,8770613,NOAA_NOS,IAN,2022,7800.0
2022-09-30 11:00:00,1.414,0.376,-1.0379999999999998,-94.985,29.681815,8770613,NOAA_NOS,IAN,2022,7860.0
2022-09-30 12:00:00,1.335,0.375,-0.96,-94.985,29.681815,8770613,NOAA_NOS,IAN,2022,7920.0
2022-09-30 13:00:00,1.211,0.35,-0.8610000000000001,-94.985,29.681815,8770613,NOAA_NOS,IAN,2022,7980.0
2022-09-30 14:00:00,1.207,0.295,-0.912,-94.985,29.681815,8770613,NOAA_NOS,IAN,2022,8040.0
2022-09-30 15:00:00,1.093,0.217,-0.876,-94.985,29.681815,8770613,NOAA_NOS,IAN,2022,8100.0
2022-09-30 16:00:00,0.958,0.118,-0.84,-94.985,29.681815,8770613,NOAA_NOS,IAN,2022,8160.0
2022-09-30 17:00:00,0.801,0.004,-0.797,-94.985,29.681815,8770613,NOAA_NOS,IAN,2022,8220.0
2022-09-30 18:00:00,0.558,-0.12,-0.678,-94.985,29.681815,8770613,NOAA_NOS,IAN,2022,8280.0
2022-09-30 19:00:00,0.335,-0.242,-0.577,-94.985,29.681815,8770613,NOAA_NOS,IAN,2022,8340.0
2022-09-30 20:00:00,0.236,-0.361,-0.597,-94.985,29.681815,8770613,NOAA_NOS,IAN,2022,8400.0
2022-09-30 21:00:00,0.069,-0.468,-0.537,-94.985,29.681815,8770613,NOAA_NOS,IAN,2022,8460.0
2022-09-30 22:00:00,-0.108,-0.556,-0.448,-94.985,29.681815,8770613,NOAA_NOS,IAN,2022,8520.0
2022-09-30 23:00:00,-0.23,-0.615,-0.385,-94.985,29.681815,8770613,NOAA_NOS,IAN,2022,8580.0
2022-10-01 00:00:00,-0.184,-0.623,-0.439,-94.985,29.681815,8770613,NOAA_NOS,IAN,2022,8640.0
2022-10-01 01:00:00,0.003,-0.546,-0.549,-94.985,29.681815,8770613,NOAA_NOS,IAN,2022,8700.0
2022-10-01 02:00:00,0.131,-0.458,-0.589,-94.985,29.681815,8770613,NOAA_NOS,IAN,2022,8760.0
2022-10-01 03:00:00,0.427,-0.336,-0.763,-94.985,29.681815,8770613,NOAA_NOS,IAN,2022,8820.0
2022-10-01 04:00:00,0.63,-0.194,-0.8240000000000001,-94.985,29.681815,8770613,NOAA_NOS,IAN,2022,8880.0
2022-10-01 05:00:00,0.823,-0.071,-0.8939999999999999,-94.985,29.681815,8770613,NOAA_NOS,IAN,2022,8940.0
2022-10-01 06:00:00,0.915,0.046,-0.869,-94.985,29.681815,8770613,NOAA_NOS,IAN,2022,9000.0
2022-10-01 07:00:00,1.083,0.151,-0.932,-94.985,29.681815,8770613,NOAA_NOS,IAN,2022,9060.0
2022-10-01 08:00:00,1.184,0.244,-0.94,-94.985,29.681815,8770613,NOAA_NOS,IAN,2022,9120.0
2022-10-01 09:00:00,1.142,0.324,-0.8179999999999998,-94.985,29.681815,8770613,NOAA_NOS,IAN,2022,9180.0
2022-10-01 10:00:00,1.168,0.387,-0.7809999999999999,-94.985,29.681815,8770613,NOAA_NOS,IAN,2022,9240.0
2022-10-01 11:00:00,1.099,0.431,-0.6679999999999999,-94.985,29.681815,8770613,NOAA_NOS,IAN,2022,9300.0
2022-10-01 12:00:00,1.148,0.451,-0.6969999999999998,-94.985,29.681815,8770613,NOAA_NOS,IAN,2022,9360.0
2022-10-01 13:00:00,1.079,0.441,-0.6379999999999999,-94.985,29.681815,8770613,NOAA_NOS,IAN,2022,9420.0
2022-10-01 14:00:00,0.935,0.395,-0.54,-94.985,29.681815,8770613,NOAA_NOS,IAN,2022,9480.0
2022-10-01 15:00:00,0.853,0.321,-0.532,-94.985,29.681815,8770613,NOAA_NOS,IAN,2022,9540.0
2022-10-01 16:00:00,0.663,0.224,-0.439,-94.985,29.681815,8770613,NOAA_NOS,IAN,2022,9600.0
2022-10-01 17:00:00,0.525,0.112,-0.413,-94.985,29.681815,8770613,NOAA_NOS,IAN,2022,9660.0
2022-10-01 18:00:00,0.266,-0.006,-0.272,-94.985,29.681815,8770613,NOAA_NOS,IAN,2022,9720.0
2022-10-01 19:00:00,0.131,-0.131,-0.262,-94.985,29.681815,8770613,NOAA_NOS,IAN,2022,9780.0
2022-10-01 20:00:00,-0.112,-0.257,-0.145,-94.985,29.681815,8770613,NOAA_NOS,IAN,2022,9840.0
2022-10-01 21:00:00,-0.299,-0.38,-0.081,-94.985,29.681815,8770613,NOAA_NOS,IAN,2022,9900.0
2022-10-01 22:00:00,-0.453,-0.494,-0.0409999999999999,-94.985,29.681815,8770613,NOAA_NOS,IAN,2022,9960.0
2022-10-01 23:00:00,-0.509,-0.593,-0.0839999999999999,-94.985,29.681815,8770613,NOAA_NOS,IAN,2022,10020.0
2022-09-25 01:00:00,0.039,-0.716,-0.755,-93.83978,29.689389,8770822,TCOON,IAN,2022,60.0
2022-09-25 02:00:00,-0.148,-0.845,-0.697,-93.83978,29.689389,8770822,TCOON,IAN,2022,120.0
2022-09-25 03:00:00,-0.171,-0.821,-0.6499999999999999,-93.83978,29.689389,8770822,TCOON,IAN,2022,180.0
2022-09-25 04:00:00,0.112,-0.664,-0.776,-93.83978,29.689389,8770822,TCOON,IAN,2022,240.0
2022-09-25 05:00:00,0.538,-0.366,-0.904,-93.83978,29.689389,8770822,TCOON,IAN,2022,300.0
2022-09-25 06:00:00,0.833,-0.037,-0.87,-93.83978,29.689389,8770822,TCOON,IAN,2022,360.0
2022-09-25 07:00:00,1.184,0.263,-0.921,-93.83978,29.689389,8770822,TCOON,IAN,2022,420.0
2022-09-25 08:00:00,1.299,0.511,-0.7879999999999999,-93.83978,29.689389,8770822,TCOON,IAN,2022,480.0
2022-09-25 09:00:00,1.217,0.634,-0.5830000000000001,-93.83978,29.689389,8770822,TCOON,IAN,2022,540.0
2022-09-25 10:00:00,1.224,0.566,-0.658,-93.83978,29.689389,8770822,TCOON,IAN,2022,600.0
2022-09-25 11:00:00,1.03,0.336,-0.694,-93.83978,29.689389,8770822,TCOON,IAN,2022,660.0
2022-09-25 12:00:00,0.351,0.035,-0.3159999999999999,-93.83978,29.689389,8770822,TCOON,IAN,2022,720.0
2022-09-25 13:00:00,0.525,-0.195,-0.72,-93.83978,29.689389,8770822,TCOON,IAN,2022,780.0
2022-09-25 14:00:00,0.358,-0.342,-0.7,-93.83978,29.689389,8770822,TCOON,IAN,2022,840.0
2022-09-25 15:00:00,0.318,-0.391,-0.7090000000000001,-93.83978,29.689389,8770822,TCOON,IAN,2022,900.0
2022-09-25 16:00:00,0.509,-0.298,-0.8069999999999999,-93.83978,29.689389,8770822,TCOON,IAN,2022,960.0
2022-09-25 17:00:00,0.64,-0.05,-0.6900000000000001,-93.83978,29.689389,8770822,TCOON,IAN,2022,1020.0
2022-09-25 18:00:00,0.856,0.218,-0.638,-93.83978,29.689389,8770822,TCOON,IAN,2022,1080.0
2022-09-25 19:00:00,0.981,0.469,-0.512,-93.83978,29.689389,8770822,TCOON,IAN,2022,1140.0
2022-09-25 20:00:00,1.161,0.648,-0.513,-93.83978,29.689389,8770822,TCOON,IAN,2022,1200.0
2022-09-25 21:00:00,1.217,0.708,-0.5090000000000001,-93.83978,29.689389,8770822,TCOON,IAN,2022,1260.0
2022-09-25 22:00:00,1.115,0.588,-0.527,-93.83978,29.689389,8770822,TCOON,IAN,2022,1320.0
2022-09-25 23:00:00,0.981,0.315,-0.6659999999999999,-93.83978,29.689389,8770822,TCOON,IAN,2022,1380.0
2022-09-26 00:00:00,0.745,-0.032,-0.777,-93.83978,29.689389,8770822,TCOON,IAN,2022,1440.0
2022-09-26 01:00:00,0.427,-0.353,-0.78,-93.83978,29.689389,8770822,TCOON,IAN,2022,1500.0
2022-09-26 02:00:00,0.256,-0.606,-0.862,-93.83978,29.689389,8770822,TCOON,IAN,2022,1560.0
2022-09-26 03:00:00,0.256,-0.736,-0.992,-93.83978,29.689389,8770822,TCOON,IAN,2022,1620.0
2022-09-26 04:00:00,0.348,-0.681,-1.029,-93.83978,29.689389,8770822,TCOON,IAN,2022,1680.0
2022-09-26 05:00:00,0.673,-0.458,-1.131,-93.83978,29.689389,8770822,TCOON,IAN,2022,1740.0
2022-09-26 06:00:00,0.879,-0.169,-1.048,-93.83978,29.689389,8770822,TCOON,IAN,2022,1800.0
2022-09-26 07:00:00,1.168,0.117,-1.051,-93.83978,29.689389,8770822,TCOON,IAN,2022,1860.0
2022-09-26 08:00:00,1.362,0.362,-1.0,-93.83978,29.689389,8770822,TCOON,IAN,2022,1920.0
2022-09-26 09:00:00,1.496,0.523,-0.973,-93.83978,29.689389,8770822,TCOON,IAN,2022,1980.0
2022-09-26 10:00:00,1.345,0.529,-0.816,-93.83978,29.689389,8770822,TCOON,IAN,2022,2040.0
2022-09-26 11:00:00,1.188,0.334,-0.8539999999999999,-93.83978,29.689389,8770822,TCOON,IAN,2022,2100.0
2022-09-26 12:00:00,0.912,0.01,-0.902,-93.83978,29.689389,8770822,TCOON,IAN,2022,2160.0
2022-09-26 13:00:00,0.804,-0.318,-1.122,-93.83978,29.689389,8770822,TCOON,IAN,2022,2220.0
2022-09-26 14:00:00,0.666,-0.536,-1.202,-93.83978,29.689389,8770822,TCOON,IAN,2022,2280.0
2022-09-26 15:00:00,0.469,-0.649,-1.118,-93.83978,29.689389,8770822,TCOON,IAN,2022,2340.0
2022-09-26 16:00:00,0.374,-0.577,-0.951,-93.83978,29.689389,8770822,TCOON,IAN,2022,2400.0
2022-09-26 17:00:00,0.686,-0.333,-1.019,-93.83978,29.689389,8770822,TCOON,IAN,2022,2460.0
2022-09-26 18:00:00,0.817,0.01,-0.8069999999999999,-93.83978,29.689389,8770822,TCOON,IAN,2022,2520.0
2022-09-26 19:00:00,1.181,0.318,-0.863,-93.83978,29.689389,8770822,TCOON,IAN,2022,2580.0
2022-09-26 20:00:00,1.394,0.603,-0.7909999999999999,-93.83978,29.689389,8770822,TCOON,IAN,2022,2640.0
2022-09-26 21:00:00,1.594,0.796,-0.798,-93.83978,29.689389,8770822,TCOON,IAN,2022,2700.0
2022-09-26 22:00:00,1.532,0.805,-0.727,-93.83978,29.689389,8770822,TCOON,IAN,2022,2760.0
2022-09-26 23:00:00,1.421,0.633,-0.788,-93.83978,29.689389,8770822,TCOON,IAN,2022,2820.0
2022-09-27 00:00:00,1.178,0.334,-0.8439999999999999,-93.83978,29.689389,8770822,TCOON,IAN,2022,2880.0
2022-09-27 01:00:00,0.778,-0.005,-0.783,-93.83978,29.689389,8770822,TCOON,IAN,2022,2940.0
2022-09-27 02:00:00,0.472,-0.259,-0.731,-93.83978,29.689389,8770822,TCOON,IAN,2022,3000.0
2022-09-27 03:00:00,0.144,-0.42,-0.564,-93.83978,29.689389,8770822,TCOON,IAN,2022,3060.0
2022-09-27 04:00:00,0.036,-0.463,-0.499,-93.83978,29.689389,8770822,TCOON,IAN,2022,3120.0
2022-09-27 05:00:00,0.18,-0.336,-0.516,-93.83978,29.689389,8770822,TCOON,IAN,2022,3180.0
2022-09-27 06:00:00,0.407,-0.105,-0.512,-93.83978,29.689389,8770822,TCOON,IAN,2022,3240.0
2022-09-27 07:00:00,0.535,0.116,-0.419,-93.83978,29.689389,8770822,TCOON,IAN,2022,3300.0
2022-09-27 08:00:00,1.063,0.271,-0.7919999999999999,-93.83978,29.689389,8770822,TCOON,IAN,2022,3360.0
2022-09-27 09:00:00,1.145,0.366,-0.779,-93.83978,29.689389,8770822,TCOON,IAN,2022,3420.0
2022-09-27 10:00:00,1.302,0.348,-0.954,-93.83978,29.689389,8770822,TCOON,IAN,2022,3480.0
2022-09-27 11:00:00,1.355,0.161,-1.194,-93.83978,29.689389,8770822,TCOON,IAN,2022,3540.0
2022-09-27 12:00:00,1.148,-0.149,-1.297,-93.83978,29.689389,8770822,TCOON,IAN,2022,3600.0
2022-09-27 13:00:00,1.07,-0.481,-1.5510000000000002,-93.83978,29.689389,8770822,TCOON,IAN,2022,3660.0
2022-09-27 14:00:00,0.656,-0.746,-1.402,-93.83978,29.689389,8770822,TCOON,IAN,2022,3720.0
2022-09-27 15:00:00,0.322,-0.912,-1.234,-93.83978,29.689389,8770822,TCOON,IAN,2022,3780.0
2022-09-27 16:00:00,0.213,-0.895,-1.108,-93.83978,29.689389,8770822,TCOON,IAN,2022,3840.0
2022-09-27 17:00:00,0.351,-0.732,-1.083,-93.83978,29.689389,8770822,TCOON,IAN,2022,3900.0
2022-09-27 18:00:00,0.65,-0.369,-1.019,-93.83978,29.689389,8770822,TCOON,IAN,2022,3960.0
2022-09-27 19:00:00,1.014,0.013,-1.001,-93.83978,29.689389,8770822,TCOON,IAN,2022,4020.0
2022-09-27 20:00:00,1.342,0.386,-0.956,-93.83978,29.689389,8770822,TCOON,IAN,2022,4080.0
2022-09-27 21:00:00,1.696,0.734,-0.962,-93.83978,29.689389,8770822,TCOON,IAN,2022,4140.0
2022-09-27 22:00:00,1.906,0.952,-0.954,-93.83978,29.689389,8770822,TCOON,IAN,2022,4200.0
2022-09-27 23:00:00,1.929,0.971,-0.958,-93.83978,29.689389,8770822,TCOON,IAN,2022,4260.0
2022-09-28 00:00:00,1.706,0.811,-0.8949999999999999,-93.83978,29.689389,8770822,TCOON,IAN,2022,4320.0
2022-09-28 01:00:00,1.509,0.522,-0.987,-93.83978,29.689389,8770822,TCOON,IAN,2022,4380.0
2022-09-28 02:00:00,1.312,0.221,-1.091,-93.83978,29.689389,8770822,TCOON,IAN,2022,4440.0
2022-09-28 03:00:00,1.017,-0.008,-1.025,-93.83978,29.689389,8770822,TCOON,IAN,2022,4500.0
2022-09-28 04:00:00,0.787,-0.133,-0.92,-93.83978,29.689389,8770822,TCOON,IAN,2022,4560.0
2022-09-28 05:00:00,0.827,-0.17,-0.997,-93.83978,29.689389,8770822,TCOON,IAN,2022,4620.0
2022-09-28 06:00:00,1.001,-0.073,-1.0739999999999998,-93.83978,29.689389,8770822,TCOON,IAN,2022,4680.0
2022-09-28 07:00:00,1.299,0.094,-1.2049999999999998,-93.83978,29.689389,8770822,TCOON,IAN,2022,4740.0
2022-09-28 08:00:00,1.604,0.242,-1.362,-93.83978,29.689389,8770822,TCOON,IAN,2022,4800.0
2022-09-28 09:00:00,1.765,0.314,-1.4509999999999998,-93.83978,29.689389,8770822,TCOON,IAN,2022,4860.0
2022-09-28 10:00:00,1.732,0.276,-1.456,-93.83978,29.689389,8770822,TCOON,IAN,2022,4920.0
2022-09-28 11:00:00,1.699,0.106,-1.593,-93.83978,29.689389,8770822,TCOON,IAN,2022,4980.0
2022-09-28 12:00:00,1.404,-0.162,-1.5659999999999998,-93.83978,29.689389,8770822,TCOON,IAN,2022,5040.0
2022-09-28 13:00:00,1.178,-0.518,-1.696,-93.83978,29.689389,8770822,TCOON,IAN,2022,5100.0
2022-09-28 14:00:00,0.833,-0.871,-1.704,-93.83978,29.689389,8770822,TCOON,IAN,2022,5160.0
2022-09-28 15:00:00,0.561,-1.134,-1.6949999999999998,-93.83978,29.689389,8770822,TCOON,IAN,2022,5220.0
2022-09-28 16:00:00,0.404,-1.226,-1.63,-93.83978,29.689389,8770822,TCOON,IAN,2022,5280.0
2022-09-28 17:00:00,0.433,-1.137,-1.57,-93.83978,29.689389,8770822,TCOON,IAN,2022,5340.0
2022-09-28 18:00:00,0.784,-0.863,-1.647,-93.83978,29.689389,8770822,TCOON,IAN,2022,5400.0
2022-09-28 19:00:00,1.214,-0.461,-1.675,-93.83978,29.689389,8770822,TCOON,IAN,2022,5460.0
2022-09-28 20:00:00,1.69,-0.038,-1.728,-93.83978,29.689389,8770822,TCOON,IAN,2022,5520.0
2022-09-28 21:00:00,1.946,0.376,-1.5699999999999998,-93.83978,29.689389,8770822,TCOON,IAN,2022,5580.0
2022-09-28 22:00:00,2.218,0.742,-1.476,-93.83978,29.689389,8770822,TCOON,IAN,2022,5640.0
2022-09-28 23:00:00,2.215,0.935,-1.2799999999999998,-93.83978,29.689389,8770822,TCOON,IAN,2022,5700.0
2022-09-29 00:00:00,2.034,0.927,-1.1069999999999998,-93.83978,29.689389,8770822,TCOON,IAN,2022,5760.0
2022-09-29 01:00:00,1.87,0.789,-1.081,-93.83978,29.689389,8770822,TCOON,IAN,2022,5820.0
2022-09-29 02:00:00,1.68,0.571,-1.109,-93.83978,29.689389,8770822,TCOON,IAN,2022,5880.0
2022-09-29 03:00:00,1.581,0.367,-1.214,-93.83978,29.689389,8770822,TCOON,IAN,2022,5940.0
2022-09-29 04:00:00,1.394,0.281,-1.113,-93.83978,29.689389,8770822,TCOON,IAN,2022,6000.0
2022-09-29 05:00:00,1.407,0.224,-1.183,-93.83978,29.689389,8770822,TCOON,IAN,2022,6060.0
2022-09-29 06:00:00,1.424,0.219,-1.2049999999999998,-93.83978,29.689389,8770822,TCOON,IAN,2022,6120.0
2022-09-29 07:00:00,1.608,0.258,-1.35,-93.83978,29.689389,8770822,TCOON,IAN,2022,6180.0
2022-09-29 08:00:00,1.693,0.296,-1.397,-93.83978,29.689389,8770822,TCOON,IAN,2022,6240.0
2022-09-29 09:00:00,1.857,0.302,-1.555,-93.83978,29.689389,8770822,TCOON,IAN,2022,6300.0
2022-09-29 10:00:00,1.886,0.271,-1.6149999999999998,-93.83978,29.689389,8770822,TCOON,IAN,2022,6360.0
2022-09-29 11:00:00,1.827,0.133,-1.694,-93.83978,29.689389,8770822,TCOON,IAN,2022,6420.0
2022-09-29 12:00:00,1.66,-0.125,-1.785,-93.83978,29.689389,8770822,TCOON,IAN,2022,6480.0
2022-09-29 13:00:00,1.463,-0.447,-1.91,-93.83978,29.689389,8770822,TCOON,IAN,2022,6540.0
2022-09-29 14:00:00,1.086,-0.784,-1.87,-93.83978,29.689389,8770822,TCOON,IAN,2022,6600.0
2022-09-29 15:00:00,0.715,-1.164,-1.879,-93.83978,29.689389,8770822,TCOON,IAN,2022,6660.0
2022-09-29 16:00:00,0.469,-1.368,-1.837,-93.83978,29.689389,8770822,TCOON,IAN,2022,6720.0
2022-09-29 17:00:00,0.308,-1.384,-1.692,-93.83978,29.689389,8770822,TCOON,IAN,2022,6780.0
2022-09-29 18:00:00,0.305,-1.224,-1.529,-93.83978,29.689389,8770822,TCOON,IAN,2022,6840.0
2022-09-29 19:00:00,0.561,-0.911,-1.472,-93.83978,29.689389,8770822,TCOON,IAN,2022,6900.0
2022-09-29 20:00:00,0.886,-0.481,-1.367,-93.83978,29.689389,8770822,TCOON,IAN,2022,6960.0
2022-09-29 21:00:00,1.312,-0.061,-1.373,-93.83978,29.689389,8770822,TCOON,IAN,2022,7020.0
2022-09-29 22:00:00,1.608,0.312,-1.296,-93.83978,29.689389,8770822,TCOON,IAN,2022,7080.0
2022-09-29 23:00:00,1.795,0.684,-1.1109999999999998,-93.83978,29.689389,8770822,TCOON,IAN,2022,7140.0
2022-09-30 00:00:00,1.929,0.869,-1.06,-93.83978,29.689389,8770822,TCOON,IAN,2022,7200.0
2022-09-30 01:00:00,1.775,0.866,-0.909,-93.83978,29.689389,8770822,TCOON,IAN,2022,7260.0
2022-09-30 02:00:00,1.801,0.767,-1.0339999999999998,-93.83978,29.689389,8770822,TCOON,IAN,2022,7320.0
2022-09-30 03:00:00,1.68,0.598,-1.082,-93.83978,29.689389,8770822,TCOON,IAN,2022,7380.0
2022-09-30 04:00:00,1.486,0.434,-1.052,-93.83978,29.689389,8770822,TCOON,IAN,2022,7440.0
2022-09-30 05:00:00,1.263,0.335,-0.928,-93.83978,29.689389,8770822,TCOON,IAN,2022,7500.0
2022-09-30 06:00:00,1.319,0.3,-1.019,-93.83978,29.689389,8770822,TCOON,IAN,2022,7560.0
2022-09-30 07:00:00,1.391,0.309,-1.082,-93.83978,29.689389,8770822,TCOON,IAN,2022,7620.0
2022-09-30 08:00:00,1.48,0.366,-1.114,-93.83978,29.689389,8770822,TCOON,IAN,2022,7680.0
2022-09-30 09:00:00,1.663,0.385,-1.278,-93.83978,29.689389,8770822,TCOON,IAN,2022,7740.0
2022-09-30 10:00:00,1.601,0.32,-1.281,-93.83978,29.689389,8770822,TCOON,IAN,2022,7800.0
2022-09-30 11:00:00,1.509,0.173,-1.336,-93.83978,29.689389,8770822,TCOON,IAN,2022,7860.0
2022-09-30 12:00:00,1.362,-0.064,-1.4260000000000002,-93.83978,29.689389,8770822,TCOON,IAN,2022,7920.0
2022-09-30 13:00:00,1.125,-0.385,-1.51,-93.83978,29.689389,8770822,TCOON,IAN,2022,7980.0
2022-09-30 14:00:00,0.758,-0.71,-1.468,-93.83978,29.689389,8770822,TCOON,IAN,2022,8040.0
2022-09-30 15:00:00,0.148,-1.055,-1.2029999999999998,-93.83978,29.689389,8770822,TCOON,IAN,2022,8100.0
2022-09-30 16:00:00,-0.515,-1.346,-0.8310000000000001,-93.83978,29.689389,8770822,TCOON,IAN,2022,8160.0
2022-09-30 17:00:00,-0.876,-1.489,-0.6130000000000001,-93.83978,29.689389,8770822,TCOON,IAN,2022,8220.0
2022-09-30 18:00:00,-0.906,-1.464,-0.5579999999999999,-93.83978,29.689389,8770822,TCOON,IAN,2022,8280.0
2022-09-30 19:00:00,-0.515,-1.285,-0.7699999999999999,-93.83978,29.689389,8770822,TCOON,IAN,2022,8340.0
2022-09-30 20:00:00,-0.157,-0.978,-0.821,-93.83978,29.689389,8770822,TCOON,IAN,2022,8400.0
2022-09-30 21:00:00,0.331,-0.592,-0.923,-93.83978,29.689389,8770822,TCOON,IAN,2022,8460.0
2022-09-30 22:00:00,0.84,-0.176,-1.016,-93.83978,29.689389,8770822,TCOON,IAN,2022,8520.0
2022-09-30 23:00:00,1.211,0.207,-1.004,-93.83978,29.689389,8770822,TCOON,IAN,2022,8580.0
2022-10-01 00:00:00,1.394,0.559,-0.8349999999999999,-93.83978,29.689389,8770822,TCOON,IAN,2022,8640.0
2022-10-01 01:00:00,1.329,0.815,-0.514,-93.83978,29.689389,8770822,TCOON,IAN,2022,8700.0
2022-10-01 02:00:00,1.247,0.927,-0.32,-93.83978,29.689389,8770822,TCOON,IAN,2022,8760.0
2022-10-01 03:00:00,1.129,0.94,-0.189,-93.83978,29.689389,8770822,TCOON,IAN,2022,8820.0
2022-10-01 04:00:00,1.096,0.882,-0.214,-93.83978,29.689389,8770822,TCOON,IAN,2022,8880.0
2022-10-01 05:00:00,1.109,0.78,-0.3289999999999999,-93.83978,29.689389,8770822,TCOON,IAN,2022,8940.0
2022-10-01 06:00:00,1.096,0.687,-0.409,-93.83978,29.689389,8770822,TCOON,IAN,2022,9000.0
2022-10-01 07:00:00,1.096,0.602,-0.4940000000000001,-93.83978,29.689389,8770822,TCOON,IAN,2022,9060.0
2022-10-01 08:00:00,1.066,0.519,-0.547,-93.83978,29.689389,8770822,TCOON,IAN,2022,9120.0
2022-10-01 09:00:00,1.188,0.446,-0.742,-93.83978,29.689389,8770822,TCOON,IAN,2022,9180.0
2022-10-01 10:00:00,1.152,0.349,-0.8029999999999999,-93.83978,29.689389,8770822,TCOON,IAN,2022,9240.0
2022-10-01 11:00:00,1.073,0.223,-0.85,-93.83978,29.689389,8770822,TCOON,IAN,2022,9300.0
2022-10-01 12:00:00,0.922,0.036,-0.886,-93.83978,29.689389,8770822,TCOON,IAN,2022,9360.0
2022-10-01 13:00:00,0.669,-0.212,-0.881,-93.83978,29.689389,8770822,TCOON,IAN,2022,9420.0
2022-10-01 14:00:00,0.367,-0.505,-0.872,-93.83978,29.689389,8770822,TCOON,IAN,2022,9480.0
2022-10-01 15:00:00,-0.089,-0.772,-0.683,-93.83978,29.689389,8770822,TCOON,IAN,2022,9540.0
2022-10-01 16:00:00,-0.551,-1.129,-0.578,-93.83978,29.689389,8770822,TCOON,IAN,2022,9600.0
2022-10-01 17:00:00,-0.784,-1.436,-0.6519999999999999,-93.83978,29.689389,8770822,TCOON,IAN,2022,9660.0
2022-10-01 18:00:00,-0.942,-1.605,-0.663,-93.83978,29.689389,8770822,TCOON,IAN,2022,9720.0
2022-10-01 19:00:00,-0.909,-1.646,-0.7369999999999999,-93.83978,29.689389,8770822,TCOON,IAN,2022,9780.0
2022-10-01 20:00:00,-0.771,-1.491,-0.7200000000000001,-93.83978,29.689389,8770822,TCOON,IAN,2022,9840.0
2022-10-01 21:00:00,-0.223,-1.197,-0.974,-93.83978,29.689389,8770822,TCOON,IAN,2022,9900.0
2022-10-01 22:00:00,0.276,-0.832,-1.108,-93.83978,29.689389,8770822,TCOON,IAN,2022,9960.0
2022-10-01 23:00:00,0.666,-0.403,-1.069,-93.83978,29.689389,8770822,TCOON,IAN,2022,10020.0
2022-09-25 01:00:00,0.919,0.12,-0.799,-94.914538,29.48,8771013,NOAA_NOS,IAN,2022,60.0
2022-09-25 02:00:00,0.794,0.058,-0.736,-94.914538,29.48,8771013,NOAA_NOS,IAN,2022,120.0
2022-09-25 03:00:00,0.653,-0.022,-0.675,-94.914538,29.48,8771013,NOAA_NOS,IAN,2022,180.0
2022-09-25 04:00:00,0.554,-0.102,-0.656,-94.914538,29.48,8771013,NOAA_NOS,IAN,2022,240.0
2022-09-25 05:00:00,0.42,-0.176,-0.596,-94.914538,29.48,8771013,NOAA_NOS,IAN,2022,300.0
2022-09-25 06:00:00,0.377,-0.228,-0.605,-94.914538,29.48,8771013,NOAA_NOS,IAN,2022,360.0
2022-09-25 07:00:00,0.348,-0.24,-0.588,-94.914538,29.48,8771013,NOAA_NOS,IAN,2022,420.0
2022-09-25 08:00:00,0.528,-0.206,-0.734,-94.914538,29.48,8771013,NOAA_NOS,IAN,2022,480.0
2022-09-25 09:00:00,0.597,-0.154,-0.751,-94.914538,29.48,8771013,NOAA_NOS,IAN,2022,540.0
2022-09-25 10:00:00,0.755,-0.095,-0.85,-94.914538,29.48,8771013,NOAA_NOS,IAN,2022,600.0
2022-09-25 11:00:00,0.883,-0.037,-0.92,-94.914538,29.48,8771013,NOAA_NOS,IAN,2022,660.0
2022-09-25 12:00:00,0.951,0.013,-0.938,-94.914538,29.48,8771013,NOAA_NOS,IAN,2022,720.0
2022-09-25 13:00:00,1.017,0.049,-0.968,-94.914538,29.48,8771013,NOAA_NOS,IAN,2022,780.0
2022-09-25 14:00:00,1.02,0.063,-0.957,-94.914538,29.48,8771013,NOAA_NOS,IAN,2022,840.0
2022-09-25 15:00:00,0.974,0.058,-0.916,-94.914538,29.48,8771013,NOAA_NOS,IAN,2022,900.0
2022-09-25 16:00:00,0.909,0.046,-0.863,-94.914538,29.48,8771013,NOAA_NOS,IAN,2022,960.0
2022-09-25 17:00:00,0.843,0.026,-0.817,-94.914538,29.48,8771013,NOAA_NOS,IAN,2022,1020.0
2022-09-25 18:00:00,0.758,0.006,-0.752,-94.914538,29.48,8771013,NOAA_NOS,IAN,2022,1080.0
2022-09-25 19:00:00,0.705,0.002,-0.703,-94.914538,29.48,8771013,NOAA_NOS,IAN,2022,1140.0
2022-09-25 20:00:00,0.748,0.031,-0.717,-94.914538,29.48,8771013,NOAA_NOS,IAN,2022,1200.0
2022-09-25 21:00:00,0.65,0.077,-0.5730000000000001,-94.914538,29.48,8771013,NOAA_NOS,IAN,2022,1260.0
2022-09-25 22:00:00,0.745,0.13,-0.615,-94.914538,29.48,8771013,NOAA_NOS,IAN,2022,1320.0
2022-09-25 23:00:00,0.81,0.174,-0.6360000000000001,-94.914538,29.48,8771013,NOAA_NOS,IAN,2022,1380.0
2022-09-26 00:00:00,0.82,0.206,-0.614,-94.914538,29.48,8771013,NOAA_NOS,IAN,2022,1440.0
2022-09-26 01:00:00,0.902,0.211,-0.6910000000000001,-94.914538,29.48,8771013,NOAA_NOS,IAN,2022,1500.0
2022-09-26 02:00:00,0.827,0.179,-0.6479999999999999,-94.914538,29.48,8771013,NOAA_NOS,IAN,2022,1560.0
2022-09-26 03:00:00,0.909,0.129,-0.78,-94.914538,29.48,8771013,NOAA_NOS,IAN,2022,1620.0
2022-09-26 04:00:00,0.768,0.065,-0.7030000000000001,-94.914538,29.48,8771013,NOAA_NOS,IAN,2022,1680.0
2022-09-26 05:00:00,0.719,-0.005,-0.724,-94.914538,29.48,8771013,NOAA_NOS,IAN,2022,1740.0
2022-09-26 06:00:00,0.64,-0.072,-0.712,-94.914538,29.48,8771013,NOAA_NOS,IAN,2022,1800.0
2022-09-26 07:00:00,0.633,-0.121,-0.754,-94.914538,29.48,8771013,NOAA_NOS,IAN,2022,1860.0
2022-09-26 08:00:00,0.801,-0.129,-0.93,-94.914538,29.48,8771013,NOAA_NOS,IAN,2022,1920.0
2022-09-26 09:00:00,0.791,-0.098,-0.889,-94.914538,29.48,8771013,NOAA_NOS,IAN,2022,1980.0
2022-09-26 10:00:00,0.892,-0.062,-0.954,-94.914538,29.48,8771013,NOAA_NOS,IAN,2022,2040.0
2022-09-26 11:00:00,0.945,-0.021,-0.966,-94.914538,29.48,8771013,NOAA_NOS,IAN,2022,2100.0
2022-09-26 12:00:00,1.083,0.012,-1.071,-94.914538,29.48,8771013,NOAA_NOS,IAN,2022,2160.0
2022-09-26 13:00:00,1.07,0.029,-1.041,-94.914538,29.48,8771013,NOAA_NOS,IAN,2022,2220.0
2022-09-26 14:00:00,1.089,0.03,-1.059,-94.914538,29.48,8771013,NOAA_NOS,IAN,2022,2280.0
2022-09-26 15:00:00,1.079,0.005,-1.074,-94.914538,29.48,8771013,NOAA_NOS,IAN,2022,2340.0
2022-09-26 16:00:00,1.027,-0.031,-1.0579999999999998,-94.914538,29.48,8771013,NOAA_NOS,IAN,2022,2400.0
2022-09-26 17:00:00,0.938,-0.072,-1.01,-94.914538,29.48,8771013,NOAA_NOS,IAN,2022,2460.0
2022-09-26 18:00:00,0.883,-0.11,-0.993,-94.914538,29.48,8771013,NOAA_NOS,IAN,2022,2520.0
2022-09-26 19:00:00,0.81,-0.131,-0.941,-94.914538,29.48,8771013,NOAA_NOS,IAN,2022,2580.0
2022-09-26 20:00:00,0.869,-0.112,-0.981,-94.914538,29.48,8771013,NOAA_NOS,IAN,2022,2640.0
2022-09-26 21:00:00,0.945,-0.053,-0.998,-94.914538,29.48,8771013,NOAA_NOS,IAN,2022,2700.0
2022-09-26 22:00:00,0.988,0.014,-0.974,-94.914538,29.48,8771013,NOAA_NOS,IAN,2022,2760.0
2022-09-26 23:00:00,1.04,0.084,-0.956,-94.914538,29.48,8771013,NOAA_NOS,IAN,2022,2820.0
2022-09-27 00:00:00,1.161,0.141,-1.02,-94.914538,29.48,8771013,NOAA_NOS,IAN,2022,2880.0
2022-09-27 01:00:00,1.257,0.186,-1.071,-94.914538,29.48,8771013,NOAA_NOS,IAN,2022,2940.0
2022-09-27 02:00:00,1.171,0.204,-0.967,-94.914538,29.48,8771013,NOAA_NOS,IAN,2022,3000.0
2022-09-27 03:00:00,1.322,0.19,-1.132,-94.914538,29.48,8771013,NOAA_NOS,IAN,2022,3060.0
2022-09-27 04:00:00,1.129,0.16,-0.969,-94.914538,29.48,8771013,NOAA_NOS,IAN,2022,3120.0
2022-09-27 05:00:00,1.043,0.12,-0.923,-94.914538,29.48,8771013,NOAA_NOS,IAN,2022,3180.0
2022-09-27 06:00:00,0.879,0.071,-0.808,-94.914538,29.48,8771013,NOAA_NOS,IAN,2022,3240.0
2022-09-27 07:00:00,0.732,0.022,-0.71,-94.914538,29.48,8771013,NOAA_NOS,IAN,2022,3300.0
2022-09-27 08:00:00,0.738,-0.011,-0.749,-94.914538,29.48,8771013,NOAA_NOS,IAN,2022,3360.0
2022-09-27 09:00:00,0.712,-0.014,-0.726,-94.914538,29.48,8771013,NOAA_NOS,IAN,2022,3420.0
2022-09-27 10:00:00,0.784,0.001,-0.783,-94.914538,29.48,8771013,NOAA_NOS,IAN,2022,3480.0
2022-09-27 11:00:00,0.82,0.011,-0.8089999999999999,-94.914538,29.48,8771013,NOAA_NOS,IAN,2022,3540.0
2022-09-27 12:00:00,0.948,0.014,-0.934,-94.914538,29.48,8771013,NOAA_NOS,IAN,2022,3600.0
2022-09-27 13:00:00,1.109,-0.003,-1.112,-94.914538,29.48,8771013,NOAA_NOS,IAN,2022,3660.0
2022-09-27 14:00:00,1.181,-0.04,-1.221,-94.914538,29.48,8771013,NOAA_NOS,IAN,2022,3720.0
2022-09-27 15:00:00,1.112,-0.084,-1.1960000000000002,-94.914538,29.48,8771013,NOAA_NOS,IAN,2022,3780.0
2022-09-27 16:00:00,1.024,-0.151,-1.175,-94.914538,29.48,8771013,NOAA_NOS,IAN,2022,3840.0
2022-09-27 17:00:00,0.919,-0.222,-1.141,-94.914538,29.48,8771013,NOAA_NOS,IAN,2022,3900.0
2022-09-27 18:00:00,0.886,-0.281,-1.167,-94.914538,29.48,8771013,NOAA_NOS,IAN,2022,3960.0
2022-09-27 19:00:00,0.863,-0.318,-1.181,-94.914538,29.48,8771013,NOAA_NOS,IAN,2022,4020.0
2022-09-27 20:00:00,0.823,-0.314,-1.137,-94.914538,29.48,8771013,NOAA_NOS,IAN,2022,4080.0
2022-09-27 21:00:00,0.997,-0.246,-1.243,-94.914538,29.48,8771013,NOAA_NOS,IAN,2022,4140.0
2022-09-27 22:00:00,1.119,-0.17,-1.289,-94.914538,29.48,8771013,NOAA_NOS,IAN,2022,4200.0
2022-09-27 23:00:00,1.224,-0.075,-1.299,-94.914538,29.48,8771013,NOAA_NOS,IAN,2022,4260.0
2022-09-28 00:00:00,1.365,0.015,-1.35,-94.914538,29.48,8771013,NOAA_NOS,IAN,2022,4320.0
2022-09-28 01:00:00,1.493,0.098,-1.395,-94.914538,29.48,8771013,NOAA_NOS,IAN,2022,4380.0
2022-09-28 02:00:00,1.604,0.161,-1.443,-94.914538,29.48,8771013,NOAA_NOS,IAN,2022,4440.0
2022-09-28 03:00:00,1.69,0.2,-1.49,-94.914538,29.48,8771013,NOAA_NOS,IAN,2022,4500.0
2022-09-28 04:00:00,1.749,0.218,-1.531,-94.914538,29.48,8771013,NOAA_NOS,IAN,2022,4560.0
2022-09-28 05:00:00,1.778,0.224,-1.554,-94.914538,29.48,8771013,NOAA_NOS,IAN,2022,4620.0
2022-09-28 06:00:00,1.634,0.221,-1.4129999999999998,-94.914538,29.48,8771013,NOAA_NOS,IAN,2022,4680.0
2022-09-28 07:00:00,1.588,0.2,-1.388,-94.914538,29.48,8771013,NOAA_NOS,IAN,2022,4740.0
2022-09-28 08:00:00,1.503,0.168,-1.335,-94.914538,29.48,8771013,NOAA_NOS,IAN,2022,4800.0
2022-09-28 09:00:00,1.503,0.14,-1.363,-94.914538,29.48,8771013,NOAA_NOS,IAN,2022,4860.0
2022-09-28 10:00:00,1.621,0.122,-1.499,-94.914538,29.48,8771013,NOAA_NOS,IAN,2022,4920.0
2022-09-28 11:00:00,1.627,0.106,-1.521,-94.914538,29.48,8771013,NOAA_NOS,IAN,2022,4980.0
2022-09-28 12:00:00,1.677,0.073,-1.604,-94.914538,29.48,8771013,NOAA_NOS,IAN,2022,5040.0
2022-09-28 13:00:00,1.634,0.019,-1.615,-94.914538,29.48,8771013,NOAA_NOS,IAN,2022,5100.0
2022-09-28 14:00:00,1.578,-0.047,-1.625,-94.914538,29.48,8771013,NOAA_NOS,IAN,2022,5160.0
2022-09-28 15:00:00,1.555,-0.125,-1.68,-94.914538,29.48,8771013,NOAA_NOS,IAN,2022,5220.0
2022-09-28 16:00:00,1.381,-0.216,-1.597,-94.914538,29.48,8771013,NOAA_NOS,IAN,2022,5280.0
2022-09-28 17:00:00,1.355,-0.316,-1.671,-94.914538,29.48,8771013,NOAA_NOS,IAN,2022,5340.0
2022-09-28 18:00:00,1.152,-0.402,-1.5539999999999998,-94.914538,29.48,8771013,NOAA_NOS,IAN,2022,5400.0
2022-09-28 19:00:00,1.115,-0.464,-1.579,-94.914538,29.48,8771013,NOAA_NOS,IAN,2022,5460.0
2022-09-28 20:00:00,1.096,-0.491,-1.5870000000000002,-94.914538,29.48,8771013,NOAA_NOS,IAN,2022,5520.0
2022-09-28 21:00:00,1.086,-0.465,-1.5510000000000002,-94.914538,29.48,8771013,NOAA_NOS,IAN,2022,5580.0
2022-09-28 22:00:00,1.283,-0.378,-1.661,-94.914538,29.48,8771013,NOAA_NOS,IAN,2022,5640.0
2022-09-28 23:00:00,1.414,-0.292,-1.706,-94.914538,29.48,8771013,NOAA_NOS,IAN,2022,5700.0
2022-09-29 00:00:00,1.516,-0.191,-1.707,-94.914538,29.48,8771013,NOAA_NOS,IAN,2022,5760.0
2022-09-29 01:00:00,1.716,-0.092,-1.808,-94.914538,29.48,8771013,NOAA_NOS,IAN,2022,5820.0
2022-09-29 02:00:00,1.886,0.001,-1.885,-94.914538,29.48,8771013,NOAA_NOS,IAN,2022,5880.0
2022-09-29 03:00:00,1.978,0.081,-1.897,-94.914538,29.48,8771013,NOAA_NOS,IAN,2022,5940.0
2022-09-29 04:00:00,2.051,0.14,-1.911,-94.914538,29.48,8771013,NOAA_NOS,IAN,2022,6000.0
2022-09-29 05:00:00,2.126,0.188,-1.938,-94.914538,29.48,8771013,NOAA_NOS,IAN,2022,6060.0
2022-09-29 06:00:00,2.067,0.232,-1.835,-94.914538,29.48,8771013,NOAA_NOS,IAN,2022,6120.0
2022-09-29 07:00:00,2.136,0.272,-1.864,-94.914538,29.48,8771013,NOAA_NOS,IAN,2022,6180.0
2022-09-29 08:00:00,2.021,0.296,-1.725,-94.914538,29.48,8771013,NOAA_NOS,IAN,2022,6240.0
2022-09-29 09:00:00,2.044,0.308,-1.736,-94.914538,29.48,8771013,NOAA_NOS,IAN,2022,6300.0
2022-09-29 10:00:00,1.949,0.312,-1.637,-94.914538,29.48,8771013,NOAA_NOS,IAN,2022,6360.0
2022-09-29 11:00:00,2.001,0.307,-1.694,-94.914538,29.48,8771013,NOAA_NOS,IAN,2022,6420.0
2022-09-29 12:00:00,1.988,0.275,-1.713,-94.914538,29.48,8771013,NOAA_NOS,IAN,2022,6480.0
2022-09-29 13:00:00,1.906,0.213,-1.6929999999999998,-94.914538,29.48,8771013,NOAA_NOS,IAN,2022,6540.0
2022-09-29 14:00:00,1.808,0.126,-1.682,-94.914538,29.48,8771013,NOAA_NOS,IAN,2022,6600.0
2022-09-29 15:00:00,1.716,0.024,-1.692,-94.914538,29.48,8771013,NOAA_NOS,IAN,2022,6660.0
2022-09-29 16:00:00,1.509,-0.085,-1.594,-94.914538,29.48,8771013,NOAA_NOS,IAN,2022,6720.0
2022-09-29 17:00:00,1.316,-0.201,-1.517,-94.914538,29.48,8771013,NOAA_NOS,IAN,2022,6780.0
2022-09-29 18:00:00,1.148,-0.309,-1.457,-94.914538,29.48,8771013,NOAA_NOS,IAN,2022,6840.0
2022-09-29 19:00:00,1.063,-0.401,-1.464,-94.914538,29.48,8771013,NOAA_NOS,IAN,2022,6900.0
2022-09-29 20:00:00,0.948,-0.468,-1.416,-94.914538,29.48,8771013,NOAA_NOS,IAN,2022,6960.0
2022-09-29 21:00:00,0.873,-0.502,-1.375,-94.914538,29.48,8771013,NOAA_NOS,IAN,2022,7020.0
2022-09-29 22:00:00,0.896,-0.481,-1.377,-94.914538,29.48,8771013,NOAA_NOS,IAN,2022,7080.0
2022-09-29 23:00:00,1.043,-0.39,-1.4329999999999998,-94.914538,29.48,8771013,NOAA_NOS,IAN,2022,7140.0
2022-09-30 00:00:00,1.191,-0.308,-1.499,-94.914538,29.48,8771013,NOAA_NOS,IAN,2022,7200.0
2022-09-30 01:00:00,1.355,-0.209,-1.564,-94.914538,29.48,8771013,NOAA_NOS,IAN,2022,7260.0
2022-09-30 02:00:00,1.512,-0.113,-1.625,-94.914538,29.48,8771013,NOAA_NOS,IAN,2022,7320.0
2022-09-30 03:00:00,1.683,-0.021,-1.704,-94.914538,29.48,8771013,NOAA_NOS,IAN,2022,7380.0
2022-09-30 04:00:00,1.923,0.06,-1.863,-94.914538,29.48,8771013,NOAA_NOS,IAN,2022,7440.0
2022-09-30 05:00:00,2.07,0.125,-1.945,-94.914538,29.48,8771013,NOAA_NOS,IAN,2022,7500.0
2022-09-30 06:00:00,2.07,0.181,-1.889,-94.914538,29.48,8771013,NOAA_NOS,IAN,2022,7560.0
2022-09-30 07:00:00,2.005,0.236,-1.769,-94.914538,29.48,8771013,NOAA_NOS,IAN,2022,7620.0
2022-09-30 08:00:00,1.962,0.286,-1.676,-94.914538,29.48,8771013,NOAA_NOS,IAN,2022,7680.0
2022-09-30 09:00:00,1.949,0.322,-1.627,-94.914538,29.48,8771013,NOAA_NOS,IAN,2022,7740.0
2022-09-30 10:00:00,1.877,0.34,-1.537,-94.914538,29.48,8771013,NOAA_NOS,IAN,2022,7800.0
2022-09-30 11:00:00,1.808,0.347,-1.461,-94.914538,29.48,8771013,NOAA_NOS,IAN,2022,7860.0
2022-09-30 12:00:00,1.696,0.331,-1.365,-94.914538,29.48,8771013,NOAA_NOS,IAN,2022,7920.0
2022-09-30 13:00:00,1.65,0.286,-1.364,-94.914538,29.48,8771013,NOAA_NOS,IAN,2022,7980.0
2022-09-30 14:00:00,1.496,0.21,-1.286,-94.914538,29.48,8771013,NOAA_NOS,IAN,2022,8040.0
2022-09-30 15:00:00,1.319,0.11,-1.209,-94.914538,29.48,8771013,NOAA_NOS,IAN,2022,8100.0
2022-09-30 16:00:00,1.102,-0.007,-1.109,-94.914538,29.48,8771013,NOAA_NOS,IAN,2022,8160.0
2022-09-30 17:00:00,0.919,-0.131,-1.05,-94.914538,29.48,8771013,NOAA_NOS,IAN,2022,8220.0
2022-09-30 18:00:00,0.732,-0.256,-0.988,-94.914538,29.48,8771013,NOAA_NOS,IAN,2022,8280.0
2022-09-30 19:00:00,0.568,-0.369,-0.937,-94.914538,29.48,8771013,NOAA_NOS,IAN,2022,8340.0
2022-09-30 20:00:00,0.407,-0.463,-0.87,-94.914538,29.48,8771013,NOAA_NOS,IAN,2022,8400.0
2022-09-30 21:00:00,0.315,-0.53,-0.845,-94.914538,29.48,8771013,NOAA_NOS,IAN,2022,8460.0
2022-09-30 22:00:00,0.243,-0.562,-0.805,-94.914538,29.48,8771013,NOAA_NOS,IAN,2022,8520.0
2022-09-30 23:00:00,0.243,-0.539,-0.782,-94.914538,29.48,8771013,NOAA_NOS,IAN,2022,8580.0
2022-10-01 00:00:00,0.364,-0.458,-0.8220000000000001,-94.914538,29.48,8771013,NOAA_NOS,IAN,2022,8640.0
2022-10-01 01:00:00,0.495,-0.378,-0.873,-94.914538,29.48,8771013,NOAA_NOS,IAN,2022,8700.0
2022-10-01 02:00:00,0.63,-0.275,-0.905,-94.914538,29.48,8771013,NOAA_NOS,IAN,2022,8760.0
2022-10-01 03:00:00,0.82,-0.169,-0.989,-94.914538,29.48,8771013,NOAA_NOS,IAN,2022,8820.0
2022-10-01 04:00:00,1.037,-0.062,-1.099,-94.914538,29.48,8771013,NOAA_NOS,IAN,2022,8880.0
2022-10-01 05:00:00,1.119,0.042,-1.077,-94.914538,29.48,8771013,NOAA_NOS,IAN,2022,8940.0
2022-10-01 06:00:00,1.286,0.128,-1.158,-94.914538,29.48,8771013,NOAA_NOS,IAN,2022,9000.0
2022-10-01 07:00:00,1.345,0.204,-1.141,-94.914538,29.48,8771013,NOAA_NOS,IAN,2022,9060.0
2022-10-01 08:00:00,1.434,0.274,-1.16,-94.914538,29.48,8771013,NOAA_NOS,IAN,2022,9120.0
2022-10-01 09:00:00,1.434,0.333,-1.101,-94.914538,29.48,8771013,NOAA_NOS,IAN,2022,9180.0
2022-10-01 10:00:00,1.424,0.376,-1.048,-94.914538,29.48,8771013,NOAA_NOS,IAN,2022,9240.0
2022-10-01 11:00:00,1.473,0.4,-1.073,-94.914538,29.48,8771013,NOAA_NOS,IAN,2022,9300.0
2022-10-01 12:00:00,1.391,0.401,-0.99,-94.914538,29.48,8771013,NOAA_NOS,IAN,2022,9360.0
2022-10-01 13:00:00,1.325,0.369,-0.956,-94.914538,29.48,8771013,NOAA_NOS,IAN,2022,9420.0
2022-10-01 14:00:00,1.224,0.307,-0.917,-94.914538,29.48,8771013,NOAA_NOS,IAN,2022,9480.0
2022-10-01 15:00:00,1.03,0.22,-0.81,-94.914538,29.48,8771013,NOAA_NOS,IAN,2022,9540.0
2022-10-01 16:00:00,0.85,0.112,-0.738,-94.914538,29.48,8771013,NOAA_NOS,IAN,2022,9600.0
2022-10-01 17:00:00,0.715,-0.014,-0.729,-94.914538,29.48,8771013,NOAA_NOS,IAN,2022,9660.0
2022-10-01 18:00:00,0.446,-0.146,-0.592,-94.914538,29.48,8771013,NOAA_NOS,IAN,2022,9720.0
2022-10-01 19:00:00,0.256,-0.276,-0.532,-94.914538,29.48,8771013,NOAA_NOS,IAN,2022,9780.0
2022-10-01 20:00:00,0.125,-0.396,-0.521,-94.914538,29.48,8771013,NOAA_NOS,IAN,2022,9840.0
2022-10-01 21:00:00,0.023,-0.498,-0.521,-94.914538,29.48,8771013,NOAA_NOS,IAN,2022,9900.0
2022-10-01 22:00:00,-0.115,-0.58,-0.4649999999999999,-94.914538,29.48,8771013,NOAA_NOS,IAN,2022,9960.0
2022-10-01 23:00:00,-0.118,-0.627,-0.509,-94.914538,29.48,8771013,NOAA_NOS,IAN,2022,10020.0
2022-09-25 01:00:00,0.22,-0.365,-0.585,-94.7248,29.3573,8771341,TCOON,IAN,2022,60.0
2022-09-25 02:00:00,-0.033,-0.504,-0.471,-94.7248,29.3573,8771341,TCOON,IAN,2022,120.0
2022-09-25 03:00:00,0.003,-0.564,-0.567,-94.7248,29.3573,8771341,TCOON,IAN,2022,180.0
2022-09-25 04:00:00,0.125,-0.539,-0.664,-94.7248,29.3573,8771341,TCOON,IAN,2022,240.0
2022-09-25 05:00:00,0.348,-0.431,-0.7789999999999999,-94.7248,29.3573,8771341,TCOON,IAN,2022,300.0
2022-09-25 06:00:00,0.712,-0.239,-0.951,-94.7248,29.3573,8771341,TCOON,IAN,2022,360.0
2022-09-25 07:00:00,0.909,-0.001,-0.91,-94.7248,29.3573,8771341,TCOON,IAN,2022,420.0
2022-09-25 08:00:00,1.06,0.2,-0.8600000000000001,-94.7248,29.3573,8771341,TCOON,IAN,2022,480.0
2022-09-25 09:00:00,1.22,0.329,-0.891,-94.7248,29.3573,8771341,TCOON,IAN,2022,540.0
2022-09-25 10:00:00,1.237,0.36,-0.8770000000000001,-94.7248,29.3573,8771341,TCOON,IAN,2022,600.0
2022-09-25 11:00:00,1.053,0.296,-0.7569999999999999,-94.7248,29.3573,8771341,TCOON,IAN,2022,660.0
2022-09-25 12:00:00,0.909,0.164,-0.745,-94.7248,29.3573,8771341,TCOON,IAN,2022,720.0
2022-09-25 13:00:00,0.755,0.01,-0.745,-94.7248,29.3573,8771341,TCOON,IAN,2022,780.0
2022-09-25 14:00:00,0.696,-0.116,-0.8119999999999999,-94.7248,29.3573,8771341,TCOON,IAN,2022,840.0
2022-09-25 15:00:00,0.584,-0.171,-0.755,-94.7248,29.3573,8771341,TCOON,IAN,2022,900.0
2022-09-25 16:00:00,0.427,-0.169,-0.596,-94.7248,29.3573,8771341,TCOON,IAN,2022,960.0
2022-09-25 17:00:00,0.446,-0.095,-0.541,-94.7248,29.3573,8771341,TCOON,IAN,2022,1020.0
2022-09-25 18:00:00,0.499,0.04,-0.459,-94.7248,29.3573,8771341,TCOON,IAN,2022,1080.0
2022-09-25 19:00:00,0.738,0.223,-0.515,-94.7248,29.3573,8771341,TCOON,IAN,2022,1140.0
2022-09-25 20:00:00,0.879,0.375,-0.504,-94.7248,29.3573,8771341,TCOON,IAN,2022,1200.0
2022-09-25 21:00:00,1.007,0.466,-0.5409999999999999,-94.7248,29.3573,8771341,TCOON,IAN,2022,1260.0
2022-09-25 22:00:00,1.05,0.447,-0.603,-94.7248,29.3573,8771341,TCOON,IAN,2022,1320.0
2022-09-25 23:00:00,0.919,0.336,-0.583,-94.7248,29.3573,8771341,TCOON,IAN,2022,1380.0
2022-09-26 00:00:00,0.741,0.141,-0.6,-94.7248,29.3573,8771341,TCOON,IAN,2022,1440.0
2022-09-26 01:00:00,0.551,-0.076,-0.627,-94.7248,29.3573,8771341,TCOON,IAN,2022,1500.0
2022-09-26 02:00:00,0.43,-0.254,-0.6839999999999999,-94.7248,29.3573,8771341,TCOON,IAN,2022,1560.0
2022-09-26 03:00:00,0.331,-0.381,-0.712,-94.7248,29.3573,8771341,TCOON,IAN,2022,1620.0
2022-09-26 04:00:00,0.39,-0.428,-0.8180000000000001,-94.7248,29.3573,8771341,TCOON,IAN,2022,1680.0
2022-09-26 05:00:00,0.499,-0.395,-0.894,-94.7248,29.3573,8771341,TCOON,IAN,2022,1740.0
2022-09-26 06:00:00,0.719,-0.286,-1.005,-94.7248,29.3573,8771341,TCOON,IAN,2022,1800.0
2022-09-26 07:00:00,1.02,-0.095,-1.115,-94.7248,29.3573,8771341,TCOON,IAN,2022,1860.0
2022-09-26 08:00:00,1.161,0.111,-1.05,-94.7248,29.3573,8771341,TCOON,IAN,2022,1920.0
2022-09-26 09:00:00,1.339,0.249,-1.09,-94.7248,29.3573,8771341,TCOON,IAN,2022,1980.0
2022-09-26 10:00:00,1.335,0.301,-1.034,-94.7248,29.3573,8771341,TCOON,IAN,2022,2040.0
2022-09-26 11:00:00,1.283,0.242,-1.041,-94.7248,29.3573,8771341,TCOON,IAN,2022,2100.0
2022-09-26 12:00:00,1.07,0.102,-0.968,-94.7248,29.3573,8771341,TCOON,IAN,2022,2160.0
2022-09-26 13:00:00,0.958,-0.076,-1.034,-94.7248,29.3573,8771341,TCOON,IAN,2022,2220.0
2022-09-26 14:00:00,0.83,-0.24,-1.0699999999999998,-94.7248,29.3573,8771341,TCOON,IAN,2022,2280.0
2022-09-26 15:00:00,0.768,-0.334,-1.102,-94.7248,29.3573,8771341,TCOON,IAN,2022,2340.0
2022-09-26 16:00:00,0.653,-0.355,-1.008,-94.7248,29.3573,8771341,TCOON,IAN,2022,2400.0
2022-09-26 17:00:00,0.571,-0.296,-0.867,-94.7248,29.3573,8771341,TCOON,IAN,2022,2460.0
2022-09-26 18:00:00,0.725,-0.16,-0.885,-94.7248,29.3573,8771341,TCOON,IAN,2022,2520.0
2022-09-26 19:00:00,0.909,0.047,-0.862,-94.7248,29.3573,8771341,TCOON,IAN,2022,2580.0
2022-09-26 20:00:00,1.175,0.28,-0.895,-94.7248,29.3573,8771341,TCOON,IAN,2022,2640.0
2022-09-26 21:00:00,1.421,0.456,-0.965,-94.7248,29.3573,8771341,TCOON,IAN,2022,2700.0
2022-09-26 22:00:00,1.558,0.543,-1.015,-94.7248,29.3573,8771341,TCOON,IAN,2022,2760.0
2022-09-26 23:00:00,1.457,0.506,-0.951,-94.7248,29.3573,8771341,TCOON,IAN,2022,2820.0
2022-09-27 00:00:00,1.283,0.379,-0.904,-94.7248,29.3573,8771341,TCOON,IAN,2022,2880.0
2022-09-27 01:00:00,1.083,0.192,-0.891,-94.7248,29.3573,8771341,TCOON,IAN,2022,2940.0
2022-09-27 02:00:00,0.758,-0.004,-0.762,-94.7248,29.3573,8771341,TCOON,IAN,2022,3000.0
2022-09-27 03:00:00,0.633,-0.142,-0.775,-94.7248,29.3573,8771341,TCOON,IAN,2022,3060.0
2022-09-27 04:00:00,0.463,-0.211,-0.674,-94.7248,29.3573,8771341,TCOON,IAN,2022,3120.0
2022-09-27 05:00:00,0.427,-0.215,-0.642,-94.7248,29.3573,8771341,TCOON,IAN,2022,3180.0
2022-09-27 06:00:00,0.535,-0.171,-0.7060000000000001,-94.7248,29.3573,8771341,TCOON,IAN,2022,3240.0
2022-09-27 07:00:00,0.781,-0.068,-0.849,-94.7248,29.3573,8771341,TCOON,IAN,2022,3300.0
2022-09-27 08:00:00,0.932,0.078,-0.8540000000000001,-94.7248,29.3573,8771341,TCOON,IAN,2022,3360.0
2022-09-27 09:00:00,1.211,0.188,-1.023,-94.7248,29.3573,8771341,TCOON,IAN,2022,3420.0
2022-09-27 10:00:00,1.299,0.202,-1.097,-94.7248,29.3573,8771341,TCOON,IAN,2022,3480.0
2022-09-27 11:00:00,1.362,0.121,-1.241,-94.7248,29.3573,8771341,TCOON,IAN,2022,3540.0
2022-09-27 12:00:00,1.322,-0.04,-1.362,-94.7248,29.3573,8771341,TCOON,IAN,2022,3600.0
2022-09-27 13:00:00,1.224,-0.245,-1.469,-94.7248,29.3573,8771341,TCOON,IAN,2022,3660.0
2022-09-27 14:00:00,1.01,-0.435,-1.445,-94.7248,29.3573,8771341,TCOON,IAN,2022,3720.0
2022-09-27 15:00:00,0.853,-0.578,-1.431,-94.7248,29.3573,8771341,TCOON,IAN,2022,3780.0
2022-09-27 16:00:00,0.623,-0.626,-1.249,-94.7248,29.3573,8771341,TCOON,IAN,2022,3840.0
2022-09-27 17:00:00,0.636,-0.578,-1.214,-94.7248,29.3573,8771341,TCOON,IAN,2022,3900.0
2022-09-27 18:00:00,0.65,-0.443,-1.093,-94.7248,29.3573,8771341,TCOON,IAN,2022,3960.0
2022-09-27 19:00:00,0.896,-0.229,-1.125,-94.7248,29.3573,8771341,TCOON,IAN,2022,4020.0
2022-09-27 20:00:00,1.184,0.066,-1.118,-94.7248,29.3573,8771341,TCOON,IAN,2022,4080.0
2022-09-27 21:00:00,1.575,0.335,-1.24,-94.7248,29.3573,8771341,TCOON,IAN,2022,4140.0
2022-09-27 22:00:00,1.873,0.553,-1.3199999999999998,-94.7248,29.3573,8771341,TCOON,IAN,2022,4200.0
2022-09-27 23:00:00,1.923,0.639,-1.284,-94.7248,29.3573,8771341,TCOON,IAN,2022,4260.0
2022-09-28 00:00:00,1.985,0.622,-1.363,-94.7248,29.3573,8771341,TCOON,IAN,2022,4320.0
2022-09-28 01:00:00,1.706,0.513,-1.193,-94.7248,29.3573,8771341,TCOON,IAN,2022,4380.0
2022-09-28 02:00:00,1.434,0.347,-1.087,-94.7248,29.3573,8771341,TCOON,IAN,2022,4440.0
2022-09-28 03:00:00,1.352,0.18,-1.1720000000000002,-94.7248,29.3573,8771341,TCOON,IAN,2022,4500.0
2022-09-28 04:00:00,1.365,0.06,-1.305,-94.7248,29.3573,8771341,TCOON,IAN,2022,4560.0
2022-09-28 05:00:00,1.398,0.009,-1.389,-94.7248,29.3573,8771341,TCOON,IAN,2022,4620.0
2022-09-28 06:00:00,1.316,0.005,-1.3110000000000002,-94.7248,29.3573,8771341,TCOON,IAN,2022,4680.0
2022-09-28 07:00:00,1.371,0.024,-1.347,-94.7248,29.3573,8771341,TCOON,IAN,2022,4740.0
2022-09-28 08:00:00,1.663,0.085,-1.578,-94.7248,29.3573,8771341,TCOON,IAN,2022,4800.0
2022-09-28 09:00:00,1.818,0.156,-1.662,-94.7248,29.3573,8771341,TCOON,IAN,2022,4860.0
2022-09-28 10:00:00,1.926,0.179,-1.747,-94.7248,29.3573,8771341,TCOON,IAN,2022,4920.0
2022-09-28 11:00:00,1.903,0.097,-1.806,-94.7248,29.3573,8771341,TCOON,IAN,2022,4980.0
2022-09-28 12:00:00,1.709,-0.066,-1.775,-94.7248,29.3573,8771341,TCOON,IAN,2022,5040.0
2022-09-28 13:00:00,1.444,-0.297,-1.741,-94.7248,29.3573,8771341,TCOON,IAN,2022,5100.0
2022-09-28 14:00:00,1.289,-0.535,-1.824,-94.7248,29.3573,8771341,TCOON,IAN,2022,5160.0
2022-09-28 15:00:00,0.883,-0.743,-1.626,-94.7248,29.3573,8771341,TCOON,IAN,2022,5220.0
2022-09-28 16:00:00,0.758,-0.875,-1.633,-94.7248,29.3573,8771341,TCOON,IAN,2022,5280.0
2022-09-28 17:00:00,0.797,-0.879,-1.6760000000000002,-94.7248,29.3573,8771341,TCOON,IAN,2022,5340.0
2022-09-28 18:00:00,0.915,-0.781,-1.6960000000000002,-94.7248,29.3573,8771341,TCOON,IAN,2022,5400.0
2022-09-28 19:00:00,1.115,-0.601,-1.716,-94.7248,29.3573,8771341,TCOON,IAN,2022,5460.0
2022-09-28 20:00:00,1.342,-0.327,-1.669,-94.7248,29.3573,8771341,TCOON,IAN,2022,5520.0
2022-09-28 21:00:00,1.709,0.018,-1.691,-94.7248,29.3573,8771341,TCOON,IAN,2022,5580.0
2022-09-28 22:00:00,2.047,0.307,-1.7400000000000002,-94.7248,29.3573,8771341,TCOON,IAN,2022,5640.0
2022-09-28 23:00:00,2.333,0.508,-1.825,-94.7248,29.3573,8771341,TCOON,IAN,2022,5700.0
2022-09-29 00:00:00,2.218,0.608,-1.61,-94.7248,29.3573,8771341,TCOON,IAN,2022,5760.0
2022-09-29 01:00:00,2.133,0.609,-1.524,-94.7248,29.3573,8771341,TCOON,IAN,2022,5820.0
2022-09-29 02:00:00,2.005,0.542,-1.463,-94.7248,29.3573,8771341,TCOON,IAN,2022,5880.0
2022-09-29 03:00:00,1.834,0.441,-1.393,-94.7248,29.3573,8771341,TCOON,IAN,2022,5940.0
2022-09-29 04:00:00,1.824,0.338,-1.486,-94.7248,29.3573,8771341,TCOON,IAN,2022,6000.0
2022-09-29 05:00:00,1.752,0.27,-1.482,-94.7248,29.3573,8771341,TCOON,IAN,2022,6060.0
2022-09-29 06:00:00,1.88,0.241,-1.6389999999999998,-94.7248,29.3573,8771341,TCOON,IAN,2022,6120.0
2022-09-29 07:00:00,1.834,0.218,-1.616,-94.7248,29.3573,8771341,TCOON,IAN,2022,6180.0
2022-09-29 08:00:00,1.969,0.229,-1.74,-94.7248,29.3573,8771341,TCOON,IAN,2022,6240.0
2022-09-29 09:00:00,2.041,0.258,-1.783,-94.7248,29.3573,8771341,TCOON,IAN,2022,6300.0
2022-09-29 10:00:00,1.985,0.265,-1.7200000000000002,-94.7248,29.3573,8771341,TCOON,IAN,2022,6360.0
2022-09-29 11:00:00,2.021,0.179,-1.842,-94.7248,29.3573,8771341,TCOON,IAN,2022,6420.0
2022-09-29 12:00:00,1.86,0.01,-1.85,-94.7248,29.3573,8771341,TCOON,IAN,2022,6480.0
2022-09-29 13:00:00,1.631,-0.236,-1.867,-94.7248,29.3573,8771341,TCOON,IAN,2022,6540.0
2022-09-29 14:00:00,1.47,-0.5,-1.97,-94.7248,29.3573,8771341,TCOON,IAN,2022,6600.0
2022-09-29 15:00:00,1.194,-0.731,-1.925,-94.7248,29.3573,8771341,TCOON,IAN,2022,6660.0
2022-09-29 16:00:00,0.928,-0.907,-1.835,-94.7248,29.3573,8771341,TCOON,IAN,2022,6720.0
2022-09-29 17:00:00,0.692,-0.984,-1.676,-94.7248,29.3573,8771341,TCOON,IAN,2022,6780.0
2022-09-29 18:00:00,0.65,-0.958,-1.608,-94.7248,29.3573,8771341,TCOON,IAN,2022,6840.0
2022-09-29 19:00:00,0.738,-0.847,-1.585,-94.7248,29.3573,8771341,TCOON,IAN,2022,6900.0
2022-09-29 20:00:00,0.991,-0.656,-1.647,-94.7248,29.3573,8771341,TCOON,IAN,2022,6960.0
2022-09-29 21:00:00,1.299,-0.367,-1.666,-94.7248,29.3573,8771341,TCOON,IAN,2022,7020.0
2022-09-29 22:00:00,1.647,-0.0,-1.647,-94.7248,29.3573,8771341,TCOON,IAN,2022,7080.0
2022-09-29 23:00:00,1.824,0.286,-1.538,-94.7248,29.3573,8771341,TCOON,IAN,2022,7140.0
2022-09-30 00:00:00,2.031,0.485,-1.5460000000000005,-94.7248,29.3573,8771341,TCOON,IAN,2022,7200.0
2022-09-30 01:00:00,2.083,0.582,-1.5010000000000003,-94.7248,29.3573,8771341,TCOON,IAN,2022,7260.0
2022-09-30 02:00:00,2.057,0.582,-1.475,-94.7248,29.3573,8771341,TCOON,IAN,2022,7320.0
2022-09-30 03:00:00,1.982,0.526,-1.456,-94.7248,29.3573,8771341,TCOON,IAN,2022,7380.0
2022-09-30 04:00:00,1.955,0.443,-1.512,-94.7248,29.3573,8771341,TCOON,IAN,2022,7440.0
2022-09-30 05:00:00,1.906,0.375,-1.531,-94.7248,29.3573,8771341,TCOON,IAN,2022,7500.0
2022-09-30 06:00:00,1.89,0.34,-1.5499999999999998,-94.7248,29.3573,8771341,TCOON,IAN,2022,7560.0
2022-09-30 07:00:00,1.719,0.327,-1.392,-94.7248,29.3573,8771341,TCOON,IAN,2022,7620.0
2022-09-30 08:00:00,1.693,0.31,-1.383,-94.7248,29.3573,8771341,TCOON,IAN,2022,7680.0
2022-09-30 09:00:00,1.686,0.281,-1.4049999999999998,-94.7248,29.3573,8771341,TCOON,IAN,2022,7740.0
2022-09-30 10:00:00,1.68,0.259,-1.4209999999999998,-94.7248,29.3573,8771341,TCOON,IAN,2022,7800.0
2022-09-30 11:00:00,1.654,0.197,-1.457,-94.7248,29.3573,8771341,TCOON,IAN,2022,7860.0
2022-09-30 12:00:00,1.545,0.072,-1.473,-94.7248,29.3573,8771341,TCOON,IAN,2022,7920.0
2022-09-30 13:00:00,1.371,-0.135,-1.506,-94.7248,29.3573,8771341,TCOON,IAN,2022,7980.0
2022-09-30 14:00:00,1.053,-0.383,-1.436,-94.7248,29.3573,8771341,TCOON,IAN,2022,8040.0
2022-09-30 15:00:00,0.499,-0.652,-1.151,-94.7248,29.3573,8771341,TCOON,IAN,2022,8100.0
2022-09-30 16:00:00,0.01,-0.891,-0.901,-94.7248,29.3573,8771341,TCOON,IAN,2022,8160.0
2022-09-30 17:00:00,-0.331,-1.06,-0.7290000000000001,-94.7248,29.3573,8771341,TCOON,IAN,2022,8220.0
2022-09-30 18:00:00,-0.43,-1.124,-0.6940000000000002,-94.7248,29.3573,8771341,TCOON,IAN,2022,8280.0
2022-09-30 19:00:00,-0.548,-1.073,-0.5249999999999999,-94.7248,29.3573,8771341,TCOON,IAN,2022,8340.0
2022-09-30 20:00:00,-0.417,-0.934,-0.5170000000000001,-94.7248,29.3573,8771341,TCOON,IAN,2022,8400.0
2022-09-30 21:00:00,0.102,-0.722,-0.824,-94.7248,29.3573,8771341,TCOON,IAN,2022,8460.0
2022-09-30 22:00:00,0.64,-0.424,-1.064,-94.7248,29.3573,8771341,TCOON,IAN,2022,8520.0
2022-09-30 23:00:00,0.997,-0.09,-1.087,-94.7248,29.3573,8771341,TCOON,IAN,2022,8580.0
2022-10-01 00:00:00,1.25,0.193,-1.057,-94.7248,29.3573,8771341,TCOON,IAN,2022,8640.0
2022-10-01 01:00:00,1.339,0.424,-0.915,-94.7248,29.3573,8771341,TCOON,IAN,2022,8700.0
2022-10-01 02:00:00,1.48,0.586,-0.894,-94.7248,29.3573,8771341,TCOON,IAN,2022,8760.0
2022-10-01 03:00:00,1.467,0.654,-0.8130000000000001,-94.7248,29.3573,8771341,TCOON,IAN,2022,8820.0
2022-10-01 04:00:00,1.332,0.667,-0.665,-94.7248,29.3573,8771341,TCOON,IAN,2022,8880.0
2022-10-01 05:00:00,1.289,0.632,-0.6569999999999999,-94.7248,29.3573,8771341,TCOON,IAN,2022,8940.0
2022-10-01 06:00:00,1.322,0.593,-0.7290000000000001,-94.7248,29.3573,8771341,TCOON,IAN,2022,9000.0
2022-10-01 07:00:00,1.309,0.551,-0.7579999999999999,-94.7248,29.3573,8771341,TCOON,IAN,2022,9060.0
2022-10-01 08:00:00,1.25,0.495,-0.755,-94.7248,29.3573,8771341,TCOON,IAN,2022,9120.0
2022-10-01 09:00:00,1.263,0.425,-0.8379999999999999,-94.7248,29.3573,8771341,TCOON,IAN,2022,9180.0
2022-10-01 10:00:00,1.266,0.344,-0.922,-94.7248,29.3573,8771341,TCOON,IAN,2022,9240.0
2022-10-01 11:00:00,1.171,0.254,-0.917,-94.7248,29.3573,8771341,TCOON,IAN,2022,9300.0
2022-10-01 12:00:00,1.027,0.131,-0.8959999999999999,-94.7248,29.3573,8771341,TCOON,IAN,2022,9360.0
2022-10-01 13:00:00,0.856,-0.035,-0.891,-94.7248,29.3573,8771341,TCOON,IAN,2022,9420.0
2022-10-01 14:00:00,0.597,-0.242,-0.839,-94.7248,29.3573,8771341,TCOON,IAN,2022,9480.0
2022-10-01 15:00:00,0.315,-0.479,-0.794,-94.7248,29.3573,8771341,TCOON,IAN,2022,9540.0
2022-10-01 16:00:00,-0.108,-0.736,-0.628,-94.7248,29.3573,8771341,TCOON,IAN,2022,9600.0
2022-10-01 17:00:00,-0.518,-0.974,-0.4559999999999999,-94.7248,29.3573,8771341,TCOON,IAN,2022,9660.0
2022-10-01 18:00:00,-0.794,-1.142,-0.3479999999999998,-94.7248,29.3573,8771341,TCOON,IAN,2022,9720.0
2022-10-01 19:00:00,-0.899,-1.221,-0.322,-94.7248,29.3573,8771341,TCOON,IAN,2022,9780.0
2022-10-01 20:00:00,-0.869,-1.194,-0.3249999999999999,-94.7248,29.3573,8771341,TCOON,IAN,2022,9840.0
2022-10-01 21:00:00,-0.515,-1.101,-0.586,-94.7248,29.3573,8771341,TCOON,IAN,2022,9900.0
2022-10-01 22:00:00,-0.02,-0.905,-0.885,-94.7248,29.3573,8771341,TCOON,IAN,2022,9960.0
2022-10-01 23:00:00,0.354,-0.602,-0.956,-94.7248,29.3573,8771341,TCOON,IAN,2022,10020.0
2022-09-25 01:00:00,-0.02,-0.72,-0.7,-93.720001,29.469,8771367,NOAA_NOS,IAN,2022,60.0
2022-09-25 02:00:00,-0.125,-0.843,-0.718,-93.720001,29.469,8771367,NOAA_NOS,IAN,2022,120.0
2022-09-25 03:00:00,-0.003,-0.801,-0.798,-93.720001,29.469,8771367,NOAA_NOS,IAN,2022,180.0
2022-09-25 04:00:00,0.269,-0.616,-0.885,-93.720001,29.469,8771367,NOAA_NOS,IAN,2022,240.0
2022-09-25 05:00:00,0.656,-0.334,-0.99,-93.720001,29.469,8771367,NOAA_NOS,IAN,2022,300.0
2022-09-25 06:00:00,1.099,-0.015,-1.114,-93.720001,29.469,8771367,NOAA_NOS,IAN,2022,360.0
2022-09-25 07:00:00,1.43,0.28,-1.15,-93.720001,29.469,8771367,NOAA_NOS,IAN,2022,420.0
2022-09-25 08:00:00,1.565,0.496,-1.069,-93.720001,29.469,8771367,NOAA_NOS,IAN,2022,480.0
2022-09-25 09:00:00,1.585,0.593,-0.992,-93.720001,29.469,8771367,NOAA_NOS,IAN,2022,540.0
2022-09-25 10:00:00,1.421,0.514,-0.907,-93.720001,29.469,8771367,NOAA_NOS,IAN,2022,600.0
2022-09-25 11:00:00,1.129,0.292,-0.837,-93.720001,29.469,8771367,NOAA_NOS,IAN,2022,660.0
2022-09-25 12:00:00,0.774,0.03,-0.744,-93.720001,29.469,8771367,NOAA_NOS,IAN,2022,720.0
2022-09-25 13:00:00,0.476,-0.198,-0.6739999999999999,-93.720001,29.469,8771367,NOAA_NOS,IAN,2022,780.0
2022-09-25 14:00:00,0.276,-0.332,-0.6080000000000001,-93.720001,29.469,8771367,NOAA_NOS,IAN,2022,840.0
2022-09-25 15:00:00,0.446,-0.356,-0.802,-93.720001,29.469,8771367,NOAA_NOS,IAN,2022,900.0
2022-09-25 16:00:00,0.604,-0.239,-0.843,-93.720001,29.469,8771367,NOAA_NOS,IAN,2022,960.0
2022-09-25 17:00:00,0.83,-0.018,-0.848,-93.720001,29.469,8771367,NOAA_NOS,IAN,2022,1020.0
2022-09-25 18:00:00,1.05,0.251,-0.799,-93.720001,29.469,8771367,NOAA_NOS,IAN,2022,1080.0
2022-09-25 19:00:00,1.283,0.482,-0.8009999999999999,-93.720001,29.469,8771367,NOAA_NOS,IAN,2022,1140.0
2022-09-25 20:00:00,1.371,0.636,-0.735,-93.720001,29.469,8771367,NOAA_NOS,IAN,2022,1200.0
2022-09-25 21:00:00,1.365,0.66,-0.705,-93.720001,29.469,8771367,NOAA_NOS,IAN,2022,1260.0
2022-09-25 22:00:00,1.145,0.532,-0.613,-93.720001,29.469,8771367,NOAA_NOS,IAN,2022,1320.0
2022-09-25 23:00:00,0.942,0.265,-0.6769999999999999,-93.720001,29.469,8771367,NOAA_NOS,IAN,2022,1380.0
2022-09-26 00:00:00,0.636,-0.06,-0.696,-93.720001,29.469,8771367,NOAA_NOS,IAN,2022,1440.0
2022-09-26 01:00:00,0.413,-0.372,-0.7849999999999999,-93.720001,29.469,8771367,NOAA_NOS,IAN,2022,1500.0
2022-09-26 02:00:00,0.259,-0.602,-0.861,-93.720001,29.469,8771367,NOAA_NOS,IAN,2022,1560.0
2022-09-26 03:00:00,0.295,-0.699,-0.994,-93.720001,29.469,8771367,NOAA_NOS,IAN,2022,1620.0
2022-09-26 04:00:00,0.476,-0.627,-1.103,-93.720001,29.469,8771367,NOAA_NOS,IAN,2022,1680.0
2022-09-26 05:00:00,0.837,-0.417,-1.254,-93.720001,29.469,8771367,NOAA_NOS,IAN,2022,1740.0
2022-09-26 06:00:00,1.125,-0.144,-1.269,-93.720001,29.469,8771367,NOAA_NOS,IAN,2022,1800.0
2022-09-26 07:00:00,1.447,0.132,-1.315,-93.720001,29.469,8771367,NOAA_NOS,IAN,2022,1860.0
2022-09-26 08:00:00,1.699,0.362,-1.3370000000000002,-93.720001,29.469,8771367,NOAA_NOS,IAN,2022,1920.0
2022-09-26 09:00:00,1.775,0.491,-1.2839999999999998,-93.720001,29.469,8771367,NOAA_NOS,IAN,2022,1980.0
2022-09-26 10:00:00,1.677,0.471,-1.206,-93.720001,29.469,8771367,NOAA_NOS,IAN,2022,2040.0
2022-09-26 11:00:00,1.355,0.272,-1.083,-93.720001,29.469,8771367,NOAA_NOS,IAN,2022,2100.0
2022-09-26 12:00:00,1.001,-0.028,-1.029,-93.720001,29.469,8771367,NOAA_NOS,IAN,2022,2160.0
2022-09-26 13:00:00,0.669,-0.327,-0.996,-93.720001,29.469,8771367,NOAA_NOS,IAN,2022,2220.0
2022-09-26 14:00:00,0.505,-0.537,-1.042,-93.720001,29.469,8771367,NOAA_NOS,IAN,2022,2280.0
2022-09-26 15:00:00,0.459,-0.609,-1.068,-93.720001,29.469,8771367,NOAA_NOS,IAN,2022,2340.0
2022-09-26 16:00:00,0.587,-0.516,-1.103,-93.720001,29.469,8771367,NOAA_NOS,IAN,2022,2400.0
2022-09-26 17:00:00,0.833,-0.273,-1.106,-93.720001,29.469,8771367,NOAA_NOS,IAN,2022,2460.0
2022-09-26 18:00:00,1.129,0.041,-1.088,-93.720001,29.469,8771367,NOAA_NOS,IAN,2022,2520.0
2022-09-26 19:00:00,1.362,0.355,-1.007,-93.720001,29.469,8771367,NOAA_NOS,IAN,2022,2580.0
2022-09-26 20:00:00,1.621,0.611,-1.01,-93.720001,29.469,8771367,NOAA_NOS,IAN,2022,2640.0
2022-09-26 21:00:00,1.772,0.76,-1.012,-93.720001,29.469,8771367,NOAA_NOS,IAN,2022,2700.0
2022-09-26 22:00:00,1.657,0.756,-0.901,-93.720001,29.469,8771367,NOAA_NOS,IAN,2022,2760.0
2022-09-26 23:00:00,1.516,0.58,-0.936,-93.720001,29.469,8771367,NOAA_NOS,IAN,2022,2820.0
2022-09-27 00:00:00,1.171,0.296,-0.875,-93.720001,29.469,8771367,NOAA_NOS,IAN,2022,2880.0
2022-09-27 01:00:00,0.676,-0.013,-0.6890000000000001,-93.720001,29.469,8771367,NOAA_NOS,IAN,2022,2940.0
2022-09-27 02:00:00,0.285,-0.261,-0.546,-93.720001,29.469,8771367,NOAA_NOS,IAN,2022,3000.0
2022-09-27 03:00:00,0.085,-0.405,-0.49,-93.720001,29.469,8771367,NOAA_NOS,IAN,2022,3060.0
2022-09-27 04:00:00,-0.039,-0.418,-0.379,-93.720001,29.469,8771367,NOAA_NOS,IAN,2022,3120.0
2022-09-27 05:00:00,0.092,-0.292,-0.384,-93.720001,29.469,8771367,NOAA_NOS,IAN,2022,3180.0
2022-09-27 06:00:00,0.41,-0.085,-0.495,-93.720001,29.469,8771367,NOAA_NOS,IAN,2022,3240.0
2022-09-27 07:00:00,0.607,0.123,-0.484,-93.720001,29.469,8771367,NOAA_NOS,IAN,2022,3300.0
2022-09-27 08:00:00,0.928,0.269,-0.659,-93.720001,29.469,8771367,NOAA_NOS,IAN,2022,3360.0
2022-09-27 09:00:00,1.178,0.336,-0.8419999999999999,-93.720001,29.469,8771367,NOAA_NOS,IAN,2022,3420.0
2022-09-27 10:00:00,1.316,0.291,-1.025,-93.720001,29.469,8771367,NOAA_NOS,IAN,2022,3480.0
2022-09-27 11:00:00,1.253,0.102,-1.1509999999999998,-93.720001,29.469,8771367,NOAA_NOS,IAN,2022,3540.0
2022-09-27 12:00:00,1.122,-0.199,-1.3210000000000002,-93.720001,29.469,8771367,NOAA_NOS,IAN,2022,3600.0
2022-09-27 13:00:00,0.728,-0.521,-1.249,-93.720001,29.469,8771367,NOAA_NOS,IAN,2022,3660.0
2022-09-27 14:00:00,0.354,-0.779,-1.133,-93.720001,29.469,8771367,NOAA_NOS,IAN,2022,3720.0
2022-09-27 15:00:00,-0.003,-0.906,-0.903,-93.720001,29.469,8771367,NOAA_NOS,IAN,2022,3780.0
2022-09-27 16:00:00,0.01,-0.864,-0.874,-93.720001,29.469,8771367,NOAA_NOS,IAN,2022,3840.0
2022-09-27 17:00:00,0.325,-0.654,-0.979,-93.720001,29.469,8771367,NOAA_NOS,IAN,2022,3900.0
2022-09-27 18:00:00,1.168,-0.325,-1.493,-93.720001,29.469,8771367,NOAA_NOS,IAN,2022,3960.0
2022-09-27 19:00:00,1.339,0.056,-1.283,-93.720001,29.469,8771367,NOAA_NOS,IAN,2022,4020.0
2022-09-27 20:00:00,1.263,0.43,-0.833,-93.720001,29.469,8771367,NOAA_NOS,IAN,2022,4080.0
2022-09-27 21:00:00,2.08,0.732,-1.348,-93.720001,29.469,8771367,NOAA_NOS,IAN,2022,4140.0
2022-09-27 22:00:00,2.126,0.918,-1.2079999999999995,-93.720001,29.469,8771367,NOAA_NOS,IAN,2022,4200.0
2022-09-27 23:00:00,2.195,0.922,-1.2729999999999997,-93.720001,29.469,8771367,NOAA_NOS,IAN,2022,4260.0
2022-09-28 00:00:00,1.637,0.761,-0.876,-93.720001,29.469,8771367,NOAA_NOS,IAN,2022,4320.0
2022-09-28 01:00:00,1.388,0.496,-0.8919999999999999,-93.720001,29.469,8771367,NOAA_NOS,IAN,2022,4380.0
2022-09-28 02:00:00,0.974,0.222,-0.752,-93.720001,29.469,8771367,NOAA_NOS,IAN,2022,4440.0
2022-09-28 03:00:00,0.771,0.002,-0.769,-93.720001,29.469,8771367,NOAA_NOS,IAN,2022,4500.0
2022-09-28 04:00:00,0.545,-0.12,-0.665,-93.720001,29.469,8771367,NOAA_NOS,IAN,2022,4560.0
2022-09-28 05:00:00,0.932,-0.134,-1.066,-93.720001,29.469,8771367,NOAA_NOS,IAN,2022,4620.0
2022-09-28 06:00:00,0.883,-0.044,-0.927,-93.720001,29.469,8771367,NOAA_NOS,IAN,2022,4680.0
2022-09-28 07:00:00,0.994,0.105,-0.889,-93.720001,29.469,8771367,NOAA_NOS,IAN,2022,4740.0
2022-09-28 08:00:00,1.581,0.237,-1.344,-93.720001,29.469,8771367,NOAA_NOS,IAN,2022,4800.0
2022-09-28 09:00:00,1.545,0.28,-1.265,-93.720001,29.469,8771367,NOAA_NOS,IAN,2022,4860.0
2022-09-28 10:00:00,1.345,0.221,-1.124,-93.720001,29.469,8771367,NOAA_NOS,IAN,2022,4920.0
2022-09-28 11:00:00,1.604,0.049,-1.5550000000000002,-93.720001,29.469,8771367,NOAA_NOS,IAN,2022,4980.0
2022-09-28 12:00:00,1.099,-0.232,-1.331,-93.720001,29.469,8771367,NOAA_NOS,IAN,2022,5040.0
2022-09-28 13:00:00,0.988,-0.592,-1.58,-93.720001,29.469,8771367,NOAA_NOS,IAN,2022,5100.0
2022-09-28 14:00:00,0.374,-0.923,-1.2970000000000002,-93.720001,29.469,8771367,NOAA_NOS,IAN,2022,5160.0
2022-09-28 15:00:00,-0.413,-1.157,-0.744,-93.720001,29.469,8771367,NOAA_NOS,IAN,2022,5220.0
2022-09-28 16:00:00,0.069,-1.227,-1.296,-93.720001,29.469,8771367,NOAA_NOS,IAN,2022,5280.0
2022-09-28 17:00:00,0.272,-1.104,-1.376,-93.720001,29.469,8771367,NOAA_NOS,IAN,2022,5340.0
2022-09-28 18:00:00,0.249,-0.825,-1.0739999999999998,-93.720001,29.469,8771367,NOAA_NOS,IAN,2022,5400.0
2022-09-28 19:00:00,0.889,-0.426,-1.315,-93.720001,29.469,8771367,NOAA_NOS,IAN,2022,5460.0
2022-09-28 20:00:00,1.631,0.003,-1.628,-93.720001,29.469,8771367,NOAA_NOS,IAN,2022,5520.0
2022-09-28 21:00:00,2.142,0.406,-1.7359999999999998,-93.720001,29.469,8771367,NOAA_NOS,IAN,2022,5580.0
2022-09-28 22:00:00,2.26,0.725,-1.5349999999999997,-93.720001,29.469,8771367,NOAA_NOS,IAN,2022,5640.0
2022-09-28 23:00:00,2.228,0.901,-1.3270000000000002,-93.720001,29.469,8771367,NOAA_NOS,IAN,2022,5700.0
2022-09-29 00:00:00,2.041,0.899,-1.142,-93.720001,29.469,8771367,NOAA_NOS,IAN,2022,5760.0
2022-09-29 01:00:00,1.995,0.756,-1.239,-93.720001,29.469,8771367,NOAA_NOS,IAN,2022,5820.0
2022-09-29 02:00:00,1.476,0.559,-0.917,-93.720001,29.469,8771367,NOAA_NOS,IAN,2022,5880.0
2022-09-29 03:00:00,1.578,0.4,-1.178,-93.720001,29.469,8771367,NOAA_NOS,IAN,2022,5940.0
2022-09-29 04:00:00,1.148,0.291,-0.857,-93.720001,29.469,8771367,NOAA_NOS,IAN,2022,6000.0
2022-09-29 05:00:00,1.076,0.251,-0.8250000000000001,-93.720001,29.469,8771367,NOAA_NOS,IAN,2022,6060.0
2022-09-29 06:00:00,1.066,0.25,-0.8160000000000001,-93.720001,29.469,8771367,NOAA_NOS,IAN,2022,6120.0
2022-09-29 07:00:00,1.401,0.267,-1.134,-93.720001,29.469,8771367,NOAA_NOS,IAN,2022,6180.0
2022-09-29 08:00:00,1.854,0.294,-1.56,-93.720001,29.469,8771367,NOAA_NOS,IAN,2022,6240.0
2022-09-29 09:00:00,1.677,0.286,-1.391,-93.720001,29.469,8771367,NOAA_NOS,IAN,2022,6300.0
2022-09-29 10:00:00,1.345,0.223,-1.122,-93.720001,29.469,8771367,NOAA_NOS,IAN,2022,6360.0
2022-09-29 11:00:00,1.827,0.067,-1.76,-93.720001,29.469,8771367,NOAA_NOS,IAN,2022,6420.0
2022-09-29 12:00:00,0.935,-0.175,-1.11,-93.720001,29.469,8771367,NOAA_NOS,IAN,2022,6480.0
2022-09-29 13:00:00,1.263,-0.52,-1.783,-93.720001,29.469,8771367,NOAA_NOS,IAN,2022,6540.0
2022-09-29 14:00:00,0.712,-0.888,-1.6,-93.720001,29.469,8771367,NOAA_NOS,IAN,2022,6600.0
2022-09-29 15:00:00,-0.039,-1.21,-1.171,-93.720001,29.469,8771367,NOAA_NOS,IAN,2022,6660.0
2022-09-29 16:00:00,0.423,-1.389,-1.812,-93.720001,29.469,8771367,NOAA_NOS,IAN,2022,6720.0
2022-09-29 17:00:00,0.22,-1.378,-1.598,-93.720001,29.469,8771367,NOAA_NOS,IAN,2022,6780.0
2022-09-29 18:00:00,-0.121,-1.196,-1.075,-93.720001,29.469,8771367,NOAA_NOS,IAN,2022,6840.0
2022-09-29 19:00:00,0.351,-0.861,-1.212,-93.720001,29.469,8771367,NOAA_NOS,IAN,2022,6900.0
2022-09-29 20:00:00,0.85,-0.45,-1.3,-93.720001,29.469,8771367,NOAA_NOS,IAN,2022,6960.0
2022-09-29 21:00:00,1.05,-0.028,-1.078,-93.720001,29.469,8771367,NOAA_NOS,IAN,2022,7020.0
2022-09-29 22:00:00,1.598,0.359,-1.239,-93.720001,29.469,8771367,NOAA_NOS,IAN,2022,7080.0
2022-09-29 23:00:00,1.955,0.672,-1.283,-93.720001,29.469,8771367,NOAA_NOS,IAN,2022,7140.0
2022-09-30 00:00:00,2.054,0.848,-1.206,-93.720001,29.469,8771367,NOAA_NOS,IAN,2022,7200.0
2022-09-30 01:00:00,1.929,0.854,-1.0750000000000002,-93.720001,29.469,8771367,NOAA_NOS,IAN,2022,7260.0
2022-09-30 02:00:00,1.926,0.751,-1.1749999999999998,-93.720001,29.469,8771367,NOAA_NOS,IAN,2022,7320.0
2022-09-30 03:00:00,1.49,0.598,-0.892,-93.720001,29.469,8771367,NOAA_NOS,IAN,2022,7380.0
2022-09-30 04:00:00,1.03,0.456,-0.5740000000000001,-93.720001,29.469,8771367,NOAA_NOS,IAN,2022,7440.0
2022-09-30 05:00:00,1.079,0.365,-0.714,-93.720001,29.469,8771367,NOAA_NOS,IAN,2022,7500.0
2022-09-30 06:00:00,1.066,0.326,-0.74,-93.720001,29.469,8771367,NOAA_NOS,IAN,2022,7560.0
2022-09-30 07:00:00,1.132,0.345,-0.7869999999999999,-93.720001,29.469,8771367,NOAA_NOS,IAN,2022,7620.0
2022-09-30 08:00:00,1.158,0.376,-0.7819999999999999,-93.720001,29.469,8771367,NOAA_NOS,IAN,2022,7680.0
2022-09-30 09:00:00,1.637,0.373,-1.264,-93.720001,29.469,8771367,NOAA_NOS,IAN,2022,7740.0
2022-09-30 10:00:00,1.617,0.293,-1.324,-93.720001,29.469,8771367,NOAA_NOS,IAN,2022,7800.0
2022-09-30 11:00:00,1.332,0.117,-1.215,-93.720001,29.469,8771367,NOAA_NOS,IAN,2022,7860.0
2022-09-30 12:00:00,1.171,-0.128,-1.299,-93.720001,29.469,8771367,NOAA_NOS,IAN,2022,7920.0
2022-09-30 13:00:00,0.82,-0.444,-1.264,-93.720001,29.469,8771367,NOAA_NOS,IAN,2022,7980.0
2022-09-30 14:00:00,0.289,-0.791,-1.08,-93.720001,29.469,8771367,NOAA_NOS,IAN,2022,8040.0
2022-09-30 15:00:00,-0.24,-1.126,-0.8859999999999999,-93.720001,29.469,8771367,NOAA_NOS,IAN,2022,8100.0
2022-09-30 16:00:00,-0.735,-1.383,-0.648,-93.720001,29.469,8771367,NOAA_NOS,IAN,2022,8160.0
2022-09-30 17:00:00,-1.007,-1.51,-0.5030000000000001,-93.720001,29.469,8771367,NOAA_NOS,IAN,2022,8220.0
2022-09-30 18:00:00,-0.892,-1.467,-0.5750000000000001,-93.720001,29.469,8771367,NOAA_NOS,IAN,2022,8280.0
2022-09-30 19:00:00,-0.581,-1.269,-0.688,-93.720001,29.469,8771367,NOAA_NOS,IAN,2022,8340.0
2022-09-30 20:00:00,-0.141,-0.952,-0.8109999999999999,-93.720001,29.469,8771367,NOAA_NOS,IAN,2022,8400.0
2022-09-30 21:00:00,0.217,-0.558,-0.775,-93.720001,29.469,8771367,NOAA_NOS,IAN,2022,8460.0
2022-09-30 22:00:00,0.722,-0.145,-0.867,-93.720001,29.469,8771367,NOAA_NOS,IAN,2022,8520.0
2022-09-30 23:00:00,1.253,0.242,-1.011,-93.720001,29.469,8771367,NOAA_NOS,IAN,2022,8580.0
2022-10-01 00:00:00,1.529,0.58,-0.949,-93.720001,29.469,8771367,NOAA_NOS,IAN,2022,8640.0
2022-10-01 01:00:00,1.614,0.817,-0.7970000000000002,-93.720001,29.469,8771367,NOAA_NOS,IAN,2022,8700.0
2022-10-01 02:00:00,1.529,0.926,-0.6029999999999999,-93.720001,29.469,8771367,NOAA_NOS,IAN,2022,8760.0
2022-10-01 03:00:00,1.325,0.939,-0.386,-93.720001,29.469,8771367,NOAA_NOS,IAN,2022,8820.0
2022-10-01 04:00:00,1.204,0.884,-0.3199999999999999,-93.720001,29.469,8771367,NOAA_NOS,IAN,2022,8880.0
2022-10-01 05:00:00,1.099,0.792,-0.3069999999999999,-93.720001,29.469,8771367,NOAA_NOS,IAN,2022,8940.0
2022-10-01 06:00:00,1.047,0.7,-0.347,-93.720001,29.469,8771367,NOAA_NOS,IAN,2022,9000.0
2022-10-01 07:00:00,0.997,0.61,-0.387,-93.720001,29.469,8771367,NOAA_NOS,IAN,2022,9060.0
2022-10-01 08:00:00,1.112,0.532,-0.5800000000000001,-93.720001,29.469,8771367,NOAA_NOS,IAN,2022,9120.0
2022-10-01 09:00:00,1.109,0.445,-0.6639999999999999,-93.720001,29.469,8771367,NOAA_NOS,IAN,2022,9180.0
2022-10-01 10:00:00,1.017,0.341,-0.6759999999999999,-93.720001,29.469,8771367,NOAA_NOS,IAN,2022,9240.0
2022-10-01 11:00:00,0.919,0.192,-0.7270000000000001,-93.720001,29.469,8771367,NOAA_NOS,IAN,2022,9300.0
2022-10-01 12:00:00,0.712,-0.01,-0.722,-93.720001,29.469,8771367,NOAA_NOS,IAN,2022,9360.0
2022-10-01 13:00:00,0.354,-0.262,-0.616,-93.720001,29.469,8771367,NOAA_NOS,IAN,2022,9420.0
2022-10-01 14:00:00,0.003,-0.559,-0.562,-93.720001,29.469,8771367,NOAA_NOS,IAN,2022,9480.0
2022-10-01 15:00:00,-0.371,-0.885,-0.514,-93.720001,29.469,8771367,NOAA_NOS,IAN,2022,9540.0
2022-10-01 16:00:00,-0.732,-1.211,-0.4790000000000001,-93.720001,29.469,8771367,NOAA_NOS,IAN,2022,9600.0
2022-10-01 17:00:00,-0.965,-1.482,-0.517,-93.720001,29.469,8771367,NOAA_NOS,IAN,2022,9660.0
2022-10-01 18:00:00,-0.984,-1.65,-0.6659999999999999,-93.720001,29.469,8771367,NOAA_NOS,IAN,2022,9720.0
2022-10-01 19:00:00,-0.925,-1.65,-0.7249999999999999,-93.720001,29.469,8771367,NOAA_NOS,IAN,2022,9780.0
2022-10-01 20:00:00,-0.719,-1.479,-0.7600000000000001,-93.720001,29.469,8771367,NOAA_NOS,IAN,2022,9840.0
2022-10-01 21:00:00,-0.39,-1.181,-0.791,-93.720001,29.469,8771367,NOAA_NOS,IAN,2022,9900.0
2022-10-01 22:00:00,0.046,-0.79,-0.8360000000000001,-93.720001,29.469,8771367,NOAA_NOS,IAN,2022,9960.0
2022-10-01 23:00:00,0.502,-0.364,-0.866,-93.720001,29.469,8771367,NOAA_NOS,IAN,2022,10020.0
2022-09-25 01:00:00,0.463,-0.172,-0.635,-94.793306,29.310924,8771450,NOAA_NOS,IAN,2022,60.0
2022-09-25 02:00:00,0.262,-0.313,-0.575,-94.793306,29.310924,8771450,NOAA_NOS,IAN,2022,120.0
2022-09-25 03:00:00,0.21,-0.406,-0.616,-94.793306,29.310924,8771450,NOAA_NOS,IAN,2022,180.0
2022-09-25 04:00:00,0.266,-0.435,-0.7010000000000001,-94.793306,29.310924,8771450,NOAA_NOS,IAN,2022,240.0
2022-09-25 05:00:00,0.394,-0.398,-0.792,-94.793306,29.310924,8771450,NOAA_NOS,IAN,2022,300.0
2022-09-25 06:00:00,0.61,-0.294,-0.904,-94.793306,29.310924,8771450,NOAA_NOS,IAN,2022,360.0
2022-09-25 07:00:00,0.837,-0.13,-0.967,-94.793306,29.310924,8771450,NOAA_NOS,IAN,2022,420.0
2022-09-25 08:00:00,0.971,0.036,-0.935,-94.793306,29.310924,8771450,NOAA_NOS,IAN,2022,480.0
2022-09-25 09:00:00,1.178,0.164,-1.014,-94.793306,29.310924,8771450,NOAA_NOS,IAN,2022,540.0
2022-09-25 10:00:00,1.211,0.238,-0.973,-94.793306,29.310924,8771450,NOAA_NOS,IAN,2022,600.0
2022-09-25 11:00:00,1.207,0.237,-0.97,-94.793306,29.310924,8771450,NOAA_NOS,IAN,2022,660.0
2022-09-25 12:00:00,1.053,0.162,-0.8909999999999999,-94.793306,29.310924,8771450,NOAA_NOS,IAN,2022,720.0
2022-09-25 13:00:00,0.951,0.056,-0.8949999999999999,-94.793306,29.310924,8771450,NOAA_NOS,IAN,2022,780.0
2022-09-25 14:00:00,0.84,-0.04,-0.88,-94.793306,29.310924,8771450,NOAA_NOS,IAN,2022,840.0
2022-09-25 15:00:00,0.781,-0.095,-0.876,-94.793306,29.310924,8771450,NOAA_NOS,IAN,2022,900.0
2022-09-25 16:00:00,0.715,-0.114,-0.829,-94.793306,29.310924,8771450,NOAA_NOS,IAN,2022,960.0
2022-09-25 17:00:00,0.722,-0.087,-0.8089999999999999,-94.793306,29.310924,8771450,NOAA_NOS,IAN,2022,1020.0
2022-09-25 18:00:00,0.804,-0.011,-0.8150000000000001,-94.793306,29.310924,8771450,NOAA_NOS,IAN,2022,1080.0
2022-09-25 19:00:00,0.899,0.111,-0.788,-94.793306,29.310924,8771450,NOAA_NOS,IAN,2022,1140.0
2022-09-25 20:00:00,0.896,0.234,-0.662,-94.793306,29.310924,8771450,NOAA_NOS,IAN,2022,1200.0
2022-09-25 21:00:00,1.014,0.338,-0.6759999999999999,-94.793306,29.310924,8771450,NOAA_NOS,IAN,2022,1260.0
2022-09-25 22:00:00,0.994,0.375,-0.619,-94.793306,29.310924,8771450,NOAA_NOS,IAN,2022,1320.0
2022-09-25 23:00:00,0.968,0.331,-0.637,-94.793306,29.310924,8771450,NOAA_NOS,IAN,2022,1380.0
2022-09-26 00:00:00,0.853,0.213,-0.64,-94.793306,29.310924,8771450,NOAA_NOS,IAN,2022,1440.0
2022-09-26 01:00:00,0.748,0.059,-0.6890000000000001,-94.793306,29.310924,8771450,NOAA_NOS,IAN,2022,1500.0
2022-09-26 02:00:00,0.653,-0.08,-0.733,-94.793306,29.310924,8771450,NOAA_NOS,IAN,2022,1560.0
2022-09-26 03:00:00,0.568,-0.207,-0.7749999999999999,-94.793306,29.310924,8771450,NOAA_NOS,IAN,2022,1620.0
2022-09-26 04:00:00,0.541,-0.286,-0.827,-94.793306,29.310924,8771450,NOAA_NOS,IAN,2022,1680.0
2022-09-26 05:00:00,0.584,-0.306,-0.8899999999999999,-94.793306,29.310924,8771450,NOAA_NOS,IAN,2022,1740.0
2022-09-26 06:00:00,0.735,-0.262,-0.997,-94.793306,29.310924,8771450,NOAA_NOS,IAN,2022,1800.0
2022-09-26 07:00:00,0.971,-0.156,-1.127,-94.793306,29.310924,8771450,NOAA_NOS,IAN,2022,1860.0
2022-09-26 08:00:00,1.125,-0.009,-1.134,-94.793306,29.310924,8771450,NOAA_NOS,IAN,2022,1920.0
2022-09-26 09:00:00,1.26,0.117,-1.143,-94.793306,29.310924,8771450,NOAA_NOS,IAN,2022,1980.0
2022-09-26 10:00:00,1.352,0.196,-1.156,-94.793306,29.310924,8771450,NOAA_NOS,IAN,2022,2040.0
2022-09-26 11:00:00,1.378,0.201,-1.1769999999999998,-94.793306,29.310924,8771450,NOAA_NOS,IAN,2022,2100.0
2022-09-26 12:00:00,1.26,0.125,-1.135,-94.793306,29.310924,8771450,NOAA_NOS,IAN,2022,2160.0
2022-09-26 13:00:00,1.106,-0.007,-1.113,-94.793306,29.310924,8771450,NOAA_NOS,IAN,2022,2220.0
2022-09-26 14:00:00,0.984,-0.13,-1.114,-94.793306,29.310924,8771450,NOAA_NOS,IAN,2022,2280.0
2022-09-26 15:00:00,0.971,-0.217,-1.188,-94.793306,29.310924,8771450,NOAA_NOS,IAN,2022,2340.0
2022-09-26 16:00:00,0.879,-0.267,-1.146,-94.793306,29.310924,8771450,NOAA_NOS,IAN,2022,2400.0
2022-09-26 17:00:00,0.823,-0.259,-1.082,-94.793306,29.310924,8771450,NOAA_NOS,IAN,2022,2460.0
2022-09-26 18:00:00,0.915,-0.188,-1.103,-94.793306,29.310924,8771450,NOAA_NOS,IAN,2022,2520.0
2022-09-26 19:00:00,1.04,-0.061,-1.101,-94.793306,29.310924,8771450,NOAA_NOS,IAN,2022,2580.0
2022-09-26 20:00:00,1.257,0.105,-1.152,-94.793306,29.310924,8771450,NOAA_NOS,IAN,2022,2640.0
2022-09-26 21:00:00,1.385,0.262,-1.123,-94.793306,29.310924,8771450,NOAA_NOS,IAN,2022,2700.0
2022-09-26 22:00:00,1.493,0.381,-1.112,-94.793306,29.310924,8771450,NOAA_NOS,IAN,2022,2760.0
2022-09-26 23:00:00,1.467,0.413,-1.054,-94.793306,29.310924,8771450,NOAA_NOS,IAN,2022,2820.0
2022-09-27 00:00:00,1.355,0.357,-0.998,-94.793306,29.310924,8771450,NOAA_NOS,IAN,2022,2880.0
2022-09-27 01:00:00,1.23,0.239,-0.991,-94.793306,29.310924,8771450,NOAA_NOS,IAN,2022,2940.0
2022-09-27 02:00:00,1.089,0.101,-0.988,-94.793306,29.310924,8771450,NOAA_NOS,IAN,2022,3000.0
2022-09-27 03:00:00,0.919,-0.013,-0.932,-94.793306,29.310924,8771450,NOAA_NOS,IAN,2022,3060.0
2022-09-27 04:00:00,0.801,-0.09,-0.891,-94.793306,29.310924,8771450,NOAA_NOS,IAN,2022,3120.0
2022-09-27 05:00:00,0.692,-0.128,-0.82,-94.793306,29.310924,8771450,NOAA_NOS,IAN,2022,3180.0
2022-09-27 06:00:00,0.725,-0.12,-0.845,-94.793306,29.310924,8771450,NOAA_NOS,IAN,2022,3240.0
2022-09-27 07:00:00,0.807,-0.071,-0.878,-94.793306,29.310924,8771450,NOAA_NOS,IAN,2022,3300.0
2022-09-27 08:00:00,0.915,0.017,-0.898,-94.793306,29.310924,8771450,NOAA_NOS,IAN,2022,3360.0
2022-09-27 09:00:00,1.168,0.103,-1.065,-94.793306,29.310924,8771450,NOAA_NOS,IAN,2022,3420.0
2022-09-27 10:00:00,1.276,0.147,-1.129,-94.793306,29.310924,8771450,NOAA_NOS,IAN,2022,3480.0
2022-09-27 11:00:00,1.407,0.122,-1.285,-94.793306,29.310924,8771450,NOAA_NOS,IAN,2022,3540.0
2022-09-27 12:00:00,1.348,0.023,-1.3250000000000002,-94.793306,29.310924,8771450,NOAA_NOS,IAN,2022,3600.0
2022-09-27 13:00:00,1.283,-0.125,-1.408,-94.793306,29.310924,8771450,NOAA_NOS,IAN,2022,3660.0
2022-09-27 14:00:00,1.171,-0.271,-1.4420000000000002,-94.793306,29.310924,8771450,NOAA_NOS,IAN,2022,3720.0
2022-09-27 15:00:00,1.04,-0.407,-1.447,-94.793306,29.310924,8771450,NOAA_NOS,IAN,2022,3780.0
2022-09-27 16:00:00,0.889,-0.493,-1.382,-94.793306,29.310924,8771450,NOAA_NOS,IAN,2022,3840.0
2022-09-27 17:00:00,0.846,-0.507,-1.353,-94.793306,29.310924,8771450,NOAA_NOS,IAN,2022,3900.0
2022-09-27 18:00:00,0.965,-0.444,-1.409,-94.793306,29.310924,8771450,NOAA_NOS,IAN,2022,3960.0
2022-09-27 19:00:00,1.07,-0.314,-1.384,-94.793306,29.310924,8771450,NOAA_NOS,IAN,2022,4020.0
2022-09-27 20:00:00,1.289,-0.115,-1.404,-94.793306,29.310924,8771450,NOAA_NOS,IAN,2022,4080.0
2022-09-27 21:00:00,1.585,0.092,-1.493,-94.793306,29.310924,8771450,NOAA_NOS,IAN,2022,4140.0
2022-09-27 22:00:00,1.795,0.294,-1.501,-94.793306,29.310924,8771450,NOAA_NOS,IAN,2022,4200.0
2022-09-27 23:00:00,1.886,0.426,-1.46,-94.793306,29.310924,8771450,NOAA_NOS,IAN,2022,4260.0
2022-09-28 00:00:00,1.906,0.473,-1.4329999999999998,-94.793306,29.310924,8771450,NOAA_NOS,IAN,2022,4320.0
2022-09-28 01:00:00,1.798,0.43,-1.368,-94.793306,29.310924,8771450,NOAA_NOS,IAN,2022,4380.0
2022-09-28 02:00:00,1.634,0.337,-1.297,-94.793306,29.310924,8771450,NOAA_NOS,IAN,2022,4440.0
2022-09-28 03:00:00,1.539,0.221,-1.3179999999999998,-94.793306,29.310924,8771450,NOAA_NOS,IAN,2022,4500.0
2022-09-28 04:00:00,1.529,0.128,-1.4009999999999998,-94.793306,29.310924,8771450,NOAA_NOS,IAN,2022,4560.0
2022-09-28 05:00:00,1.591,0.082,-1.509,-94.793306,29.310924,8771450,NOAA_NOS,IAN,2022,4620.0
2022-09-28 06:00:00,1.509,0.067,-1.442,-94.793306,29.310924,8771450,NOAA_NOS,IAN,2022,4680.0
2022-09-28 07:00:00,1.49,0.071,-1.419,-94.793306,29.310924,8771450,NOAA_NOS,IAN,2022,4740.0
2022-09-28 08:00:00,1.624,0.098,-1.526,-94.793306,29.310924,8771450,NOAA_NOS,IAN,2022,4800.0
2022-09-28 09:00:00,1.739,0.133,-1.606,-94.793306,29.310924,8771450,NOAA_NOS,IAN,2022,4860.0
2022-09-28 10:00:00,1.88,0.158,-1.722,-94.793306,29.310924,8771450,NOAA_NOS,IAN,2022,4920.0
2022-09-28 11:00:00,1.841,0.128,-1.713,-94.793306,29.310924,8771450,NOAA_NOS,IAN,2022,4980.0
2022-09-28 12:00:00,1.759,0.026,-1.733,-94.793306,29.310924,8771450,NOAA_NOS,IAN,2022,5040.0
2022-09-28 13:00:00,1.581,-0.137,-1.718,-94.793306,29.310924,8771450,NOAA_NOS,IAN,2022,5100.0
2022-09-28 14:00:00,1.371,-0.326,-1.697,-94.793306,29.310924,8771450,NOAA_NOS,IAN,2022,5160.0
2022-09-28 15:00:00,1.178,-0.514,-1.692,-94.793306,29.310924,8771450,NOAA_NOS,IAN,2022,5220.0
2022-09-28 16:00:00,1.109,-0.664,-1.773,-94.793306,29.310924,8771450,NOAA_NOS,IAN,2022,5280.0
2022-09-28 17:00:00,1.047,-0.736,-1.783,-94.793306,29.310924,8771450,NOAA_NOS,IAN,2022,5340.0
2022-09-28 18:00:00,1.119,-0.721,-1.84,-94.793306,29.310924,8771450,NOAA_NOS,IAN,2022,5400.0
2022-09-28 19:00:00,1.24,-0.623,-1.863,-94.793306,29.310924,8771450,NOAA_NOS,IAN,2022,5460.0
2022-09-28 20:00:00,1.43,-0.447,-1.877,-94.793306,29.310924,8771450,NOAA_NOS,IAN,2022,5520.0
2022-09-28 21:00:00,1.644,-0.201,-1.845,-94.793306,29.310924,8771450,NOAA_NOS,IAN,2022,5580.0
2022-09-28 22:00:00,1.903,0.037,-1.866,-94.793306,29.310924,8771450,NOAA_NOS,IAN,2022,5640.0
2022-09-28 23:00:00,2.087,0.24,-1.847,-94.793306,29.310924,8771450,NOAA_NOS,IAN,2022,5700.0
2022-09-29 00:00:00,2.11,0.372,-1.738,-94.793306,29.310924,8771450,NOAA_NOS,IAN,2022,5760.0
2022-09-29 01:00:00,2.192,0.43,-1.7620000000000002,-94.793306,29.310924,8771450,NOAA_NOS,IAN,2022,5820.0
2022-09-29 02:00:00,2.09,0.414,-1.676,-94.793306,29.310924,8771450,NOAA_NOS,IAN,2022,5880.0
2022-09-29 03:00:00,1.972,0.359,-1.613,-94.793306,29.310924,8771450,NOAA_NOS,IAN,2022,5940.0
2022-09-29 04:00:00,1.995,0.301,-1.6940000000000002,-94.793306,29.310924,8771450,NOAA_NOS,IAN,2022,6000.0
2022-09-29 05:00:00,1.952,0.258,-1.694,-94.793306,29.310924,8771450,NOAA_NOS,IAN,2022,6060.0
2022-09-29 06:00:00,1.975,0.246,-1.729,-94.793306,29.310924,8771450,NOAA_NOS,IAN,2022,6120.0
2022-09-29 07:00:00,2.001,0.248,-1.753,-94.793306,29.310924,8771450,NOAA_NOS,IAN,2022,6180.0
2022-09-29 08:00:00,2.021,0.25,-1.771,-94.793306,29.310924,8771450,NOAA_NOS,IAN,2022,6240.0
2022-09-29 09:00:00,2.041,0.266,-1.775,-94.793306,29.310924,8771450,NOAA_NOS,IAN,2022,6300.0
2022-09-29 10:00:00,2.037,0.284,-1.753,-94.793306,29.310924,8771450,NOAA_NOS,IAN,2022,6360.0
2022-09-29 11:00:00,2.1,0.246,-1.854,-94.793306,29.310924,8771450,NOAA_NOS,IAN,2022,6420.0
2022-09-29 12:00:00,2.037,0.142,-1.895,-94.793306,29.310924,8771450,NOAA_NOS,IAN,2022,6480.0
2022-09-29 13:00:00,1.795,-0.026,-1.821,-94.793306,29.310924,8771450,NOAA_NOS,IAN,2022,6540.0
2022-09-29 14:00:00,1.604,-0.237,-1.841,-94.793306,29.310924,8771450,NOAA_NOS,IAN,2022,6600.0
2022-09-29 15:00:00,1.414,-0.451,-1.865,-94.793306,29.310924,8771450,NOAA_NOS,IAN,2022,6660.0
2022-09-29 16:00:00,1.165,-0.63,-1.795,-94.793306,29.310924,8771450,NOAA_NOS,IAN,2022,6720.0
2022-09-29 17:00:00,0.945,-0.749,-1.694,-94.793306,29.310924,8771450,NOAA_NOS,IAN,2022,6780.0
2022-09-29 18:00:00,0.912,-0.813,-1.725,-94.793306,29.310924,8771450,NOAA_NOS,IAN,2022,6840.0
2022-09-29 19:00:00,0.945,-0.768,-1.713,-94.793306,29.310924,8771450,NOAA_NOS,IAN,2022,6900.0
2022-09-29 20:00:00,1.027,-0.663,-1.69,-94.793306,29.310924,8771450,NOAA_NOS,IAN,2022,6960.0
2022-09-29 21:00:00,1.211,-0.482,-1.693,-94.793306,29.310924,8771450,NOAA_NOS,IAN,2022,7020.0
2022-09-29 22:00:00,1.394,-0.225,-1.619,-94.793306,29.310924,8771450,NOAA_NOS,IAN,2022,7080.0
2022-09-29 23:00:00,1.601,0.02,-1.581,-94.793306,29.310924,8771450,NOAA_NOS,IAN,2022,7140.0
2022-09-30 00:00:00,1.814,0.221,-1.593,-94.793306,29.310924,8771450,NOAA_NOS,IAN,2022,7200.0
2022-09-30 01:00:00,2.005,0.349,-1.656,-94.793306,29.310924,8771450,NOAA_NOS,IAN,2022,7260.0
2022-09-30 02:00:00,2.057,0.405,-1.652,-94.793306,29.310924,8771450,NOAA_NOS,IAN,2022,7320.0
2022-09-30 03:00:00,2.014,0.394,-1.6199999999999997,-94.793306,29.310924,8771450,NOAA_NOS,IAN,2022,7380.0
2022-09-30 04:00:00,2.047,0.351,-1.6960000000000002,-94.793306,29.310924,8771450,NOAA_NOS,IAN,2022,7440.0
2022-09-30 05:00:00,2.083,0.312,-1.771,-94.793306,29.310924,8771450,NOAA_NOS,IAN,2022,7500.0
2022-09-30 06:00:00,2.064,0.294,-1.77,-94.793306,29.310924,8771450,NOAA_NOS,IAN,2022,7560.0
2022-09-30 07:00:00,1.926,0.301,-1.625,-94.793306,29.310924,8771450,NOAA_NOS,IAN,2022,7620.0
2022-09-30 08:00:00,1.827,0.312,-1.515,-94.793306,29.310924,8771450,NOAA_NOS,IAN,2022,7680.0
2022-09-30 09:00:00,1.827,0.307,-1.52,-94.793306,29.310924,8771450,NOAA_NOS,IAN,2022,7740.0
2022-09-30 10:00:00,1.811,0.294,-1.517,-94.793306,29.310924,8771450,NOAA_NOS,IAN,2022,7800.0
2022-09-30 11:00:00,1.798,0.262,-1.536,-94.793306,29.310924,8771450,NOAA_NOS,IAN,2022,7860.0
2022-09-30 12:00:00,1.686,0.183,-1.503,-94.793306,29.310924,8771450,NOAA_NOS,IAN,2022,7920.0
2022-09-30 13:00:00,1.591,0.048,-1.543,-94.793306,29.310924,8771450,NOAA_NOS,IAN,2022,7980.0
2022-09-30 14:00:00,1.26,-0.136,-1.396,-94.793306,29.310924,8771450,NOAA_NOS,IAN,2022,8040.0
2022-09-30 15:00:00,0.853,-0.352,-1.205,-94.793306,29.310924,8771450,NOAA_NOS,IAN,2022,8100.0
2022-09-30 16:00:00,0.427,-0.568,-0.995,-94.793306,29.310924,8771450,NOAA_NOS,IAN,2022,8160.0
2022-09-30 17:00:00,0.157,-0.752,-0.909,-94.793306,29.310924,8771450,NOAA_NOS,IAN,2022,8220.0
2022-09-30 18:00:00,0.01,-0.873,-0.883,-94.793306,29.310924,8771450,NOAA_NOS,IAN,2022,8280.0
2022-09-30 19:00:00,-0.036,-0.908,-0.872,-94.793306,29.310924,8771450,NOAA_NOS,IAN,2022,8340.0
2022-09-30 20:00:00,-0.007,-0.857,-0.85,-94.793306,29.310924,8771450,NOAA_NOS,IAN,2022,8400.0
2022-09-30 21:00:00,0.243,-0.735,-0.978,-94.793306,29.310924,8771450,NOAA_NOS,IAN,2022,8460.0
2022-09-30 22:00:00,0.502,-0.541,-1.043,-94.793306,29.310924,8771450,NOAA_NOS,IAN,2022,8520.0
2022-09-30 23:00:00,0.689,-0.294,-0.983,-94.793306,29.310924,8771450,NOAA_NOS,IAN,2022,8580.0
2022-10-01 00:00:00,0.902,-0.064,-0.966,-94.793306,29.310924,8771450,NOAA_NOS,IAN,2022,8640.0
2022-10-01 01:00:00,1.148,0.145,-1.003,-94.793306,29.310924,8771450,NOAA_NOS,IAN,2022,8700.0
2022-10-01 02:00:00,1.332,0.311,-1.021,-94.793306,29.310924,8771450,NOAA_NOS,IAN,2022,8760.0
2022-10-01 03:00:00,1.391,0.413,-0.978,-94.793306,29.310924,8771450,NOAA_NOS,IAN,2022,8820.0
2022-10-01 04:00:00,1.345,0.463,-0.8819999999999999,-94.793306,29.310924,8771450,NOAA_NOS,IAN,2022,8880.0
2022-10-01 05:00:00,1.339,0.467,-0.8719999999999999,-94.793306,29.310924,8771450,NOAA_NOS,IAN,2022,8940.0
2022-10-01 06:00:00,1.421,0.462,-0.959,-94.793306,29.310924,8771450,NOAA_NOS,IAN,2022,9000.0
2022-10-01 07:00:00,1.421,0.455,-0.966,-94.793306,29.310924,8771450,NOAA_NOS,IAN,2022,9060.0
2022-10-01 08:00:00,1.411,0.442,-0.969,-94.793306,29.310924,8771450,NOAA_NOS,IAN,2022,9120.0
2022-10-01 09:00:00,1.388,0.416,-0.972,-94.793306,29.310924,8771450,NOAA_NOS,IAN,2022,9180.0
2022-10-01 10:00:00,1.427,0.376,-1.0510000000000002,-94.793306,29.310924,8771450,NOAA_NOS,IAN,2022,9240.0
2022-10-01 11:00:00,1.398,0.327,-1.071,-94.793306,29.310924,8771450,NOAA_NOS,IAN,2022,9300.0
2022-10-01 12:00:00,1.247,0.253,-0.994,-94.793306,29.310924,8771450,NOAA_NOS,IAN,2022,9360.0
2022-10-01 13:00:00,1.06,0.135,-0.925,-94.793306,29.310924,8771450,NOAA_NOS,IAN,2022,9420.0
2022-10-01 14:00:00,0.823,-0.021,-0.844,-94.793306,29.310924,8771450,NOAA_NOS,IAN,2022,9480.0
2022-10-01 15:00:00,0.568,-0.206,-0.7739999999999999,-94.793306,29.310924,8771450,NOAA_NOS,IAN,2022,9540.0
2022-10-01 16:00:00,0.217,-0.414,-0.631,-94.793306,29.310924,8771450,NOAA_NOS,IAN,2022,9600.0
2022-10-01 17:00:00,-0.02,-0.626,-0.606,-94.793306,29.310924,8771450,NOAA_NOS,IAN,2022,9660.0
2022-10-01 18:00:00,-0.246,-0.833,-0.587,-94.793306,29.310924,8771450,NOAA_NOS,IAN,2022,9720.0
2022-10-01 19:00:00,-0.377,-0.941,-0.564,-94.793306,29.310924,8771450,NOAA_NOS,IAN,2022,9780.0
2022-10-01 20:00:00,-0.4,-0.994,-0.594,-94.793306,29.310924,8771450,NOAA_NOS,IAN,2022,9840.0
2022-10-01 21:00:00,-0.256,-0.975,-0.719,-94.793306,29.310924,8771450,NOAA_NOS,IAN,2022,9900.0
2022-10-01 22:00:00,-0.105,-0.883,-0.778,-94.793306,29.310924,8771450,NOAA_NOS,IAN,2022,9960.0
2022-10-01 23:00:00,0.128,-0.7,-0.828,-94.793306,29.310924,8771450,NOAA_NOS,IAN,2022,10020.0
2022-09-25 01:00:00,0.633,-0.076,-0.709,-94.897083,29.302583,8771486,TCOON,IAN,2022,60.0
2022-09-25 02:00:00,0.427,-0.221,-0.648,-94.897083,29.302583,8771486,TCOON,IAN,2022,120.0
2022-09-25 03:00:00,0.24,-0.337,-0.577,-94.897083,29.302583,8771486,TCOON,IAN,2022,180.0
2022-09-25 04:00:00,0.259,-0.397,-0.656,-94.897083,29.302583,8771486,TCOON,IAN,2022,240.0
2022-09-25 05:00:00,0.302,-0.399,-0.7010000000000001,-94.897083,29.302583,8771486,TCOON,IAN,2022,300.0
2022-09-25 06:00:00,0.44,-0.338,-0.778,-94.897083,29.302583,8771486,TCOON,IAN,2022,360.0
2022-09-25 07:00:00,0.663,-0.211,-0.874,-94.897083,29.302583,8771486,TCOON,IAN,2022,420.0
2022-09-25 08:00:00,0.801,-0.054,-0.8550000000000001,-94.897083,29.302583,8771486,TCOON,IAN,2022,480.0
2022-09-25 09:00:00,0.932,0.089,-0.8430000000000001,-94.897083,29.302583,8771486,TCOON,IAN,2022,540.0
2022-09-25 10:00:00,1.066,0.203,-0.863,-94.897083,29.302583,8771486,TCOON,IAN,2022,600.0
2022-09-25 11:00:00,1.089,0.23,-0.859,-94.897083,29.302583,8771486,TCOON,IAN,2022,660.0
2022-09-25 12:00:00,1.033,0.182,-0.851,-94.897083,29.302583,8771486,TCOON,IAN,2022,720.0
2022-09-25 13:00:00,0.922,0.093,-0.8290000000000001,-94.897083,29.302583,8771486,TCOON,IAN,2022,780.0
2022-09-25 14:00:00,0.804,0.01,-0.794,-94.897083,29.302583,8771486,TCOON,IAN,2022,840.0
2022-09-25 15:00:00,0.725,-0.064,-0.7889999999999999,-94.897083,29.302583,8771486,TCOON,IAN,2022,900.0
2022-09-25 16:00:00,0.646,-0.107,-0.753,-94.897083,29.302583,8771486,TCOON,IAN,2022,960.0
2022-09-25 17:00:00,0.587,-0.101,-0.688,-94.897083,29.302583,8771486,TCOON,IAN,2022,1020.0
2022-09-25 18:00:00,0.614,-0.047,-0.661,-94.897083,29.302583,8771486,TCOON,IAN,2022,1080.0
2022-09-25 19:00:00,0.761,0.039,-0.722,-94.897083,29.302583,8771486,TCOON,IAN,2022,1140.0
2022-09-25 20:00:00,0.886,0.162,-0.724,-94.897083,29.302583,8771486,TCOON,IAN,2022,1200.0
2022-09-25 21:00:00,0.922,0.283,-0.639,-94.897083,29.302583,8771486,TCOON,IAN,2022,1260.0
2022-09-25 22:00:00,0.978,0.359,-0.619,-94.897083,29.302583,8771486,TCOON,IAN,2022,1320.0
2022-09-25 23:00:00,0.991,0.352,-0.639,-94.897083,29.302583,8771486,TCOON,IAN,2022,1380.0
2022-09-26 00:00:00,0.948,0.271,-0.6769999999999999,-94.897083,29.302583,8771486,TCOON,IAN,2022,1440.0
2022-09-26 01:00:00,0.738,0.146,-0.592,-94.897083,29.302583,8771486,TCOON,IAN,2022,1500.0
2022-09-26 02:00:00,0.673,0.004,-0.669,-94.897083,29.302583,8771486,TCOON,IAN,2022,1560.0
2022-09-26 03:00:00,0.581,-0.126,-0.707,-94.897083,29.302583,8771486,TCOON,IAN,2022,1620.0
2022-09-26 04:00:00,0.522,-0.23,-0.752,-94.897083,29.302583,8771486,TCOON,IAN,2022,1680.0
2022-09-26 05:00:00,0.518,-0.281,-0.799,-94.897083,29.302583,8771486,TCOON,IAN,2022,1740.0
2022-09-26 06:00:00,0.584,-0.269,-0.853,-94.897083,29.302583,8771486,TCOON,IAN,2022,1800.0
2022-09-26 07:00:00,0.728,-0.204,-0.932,-94.897083,29.302583,8771486,TCOON,IAN,2022,1860.0
2022-09-26 08:00:00,0.912,-0.085,-0.997,-94.897083,29.302583,8771486,TCOON,IAN,2022,1920.0
2022-09-26 09:00:00,1.033,0.05,-0.983,-94.897083,29.302583,8771486,TCOON,IAN,2022,1980.0
2022-09-26 10:00:00,1.135,0.162,-0.973,-94.897083,29.302583,8771486,TCOON,IAN,2022,2040.0
2022-09-26 11:00:00,1.198,0.203,-0.995,-94.897083,29.302583,8771486,TCOON,IAN,2022,2100.0
2022-09-26 12:00:00,1.194,0.159,-1.035,-94.897083,29.302583,8771486,TCOON,IAN,2022,2160.0
2022-09-26 13:00:00,1.106,0.053,-1.0530000000000002,-94.897083,29.302583,8771486,TCOON,IAN,2022,2220.0
2022-09-26 14:00:00,0.968,-0.06,-1.028,-94.897083,29.302583,8771486,TCOON,IAN,2022,2280.0
2022-09-26 15:00:00,0.876,-0.168,-1.044,-94.897083,29.302583,8771486,TCOON,IAN,2022,2340.0
2022-09-26 16:00:00,0.837,-0.238,-1.075,-94.897083,29.302583,8771486,TCOON,IAN,2022,2400.0
2022-09-26 17:00:00,0.774,-0.261,-1.035,-94.897083,29.302583,8771486,TCOON,IAN,2022,2460.0
2022-09-26 18:00:00,0.738,-0.222,-0.96,-94.897083,29.302583,8771486,TCOON,IAN,2022,2520.0
2022-09-26 19:00:00,0.86,-0.127,-0.987,-94.897083,29.302583,8771486,TCOON,IAN,2022,2580.0
2022-09-26 20:00:00,1.073,0.004,-1.069,-94.897083,29.302583,8771486,TCOON,IAN,2022,2640.0
2022-09-26 21:00:00,1.237,0.166,-1.0710000000000002,-94.897083,29.302583,8771486,TCOON,IAN,2022,2700.0
2022-09-26 22:00:00,1.358,0.312,-1.046,-94.897083,29.302583,8771486,TCOON,IAN,2022,2760.0
2022-09-26 23:00:00,1.391,0.39,-1.001,-94.897083,29.302583,8771486,TCOON,IAN,2022,2820.0
2022-09-27 00:00:00,1.358,0.371,-0.987,-94.897083,29.302583,8771486,TCOON,IAN,2022,2880.0
2022-09-27 01:00:00,1.329,0.283,-1.046,-94.897083,29.302583,8771486,TCOON,IAN,2022,2940.0
2022-09-27 02:00:00,1.28,0.167,-1.113,-94.897083,29.302583,8771486,TCOON,IAN,2022,3000.0
2022-09-27 03:00:00,1.142,0.053,-1.089,-94.897083,29.302583,8771486,TCOON,IAN,2022,3060.0
2022-09-27 04:00:00,1.024,-0.043,-1.067,-94.897083,29.302583,8771486,TCOON,IAN,2022,3120.0
2022-09-27 05:00:00,0.883,-0.104,-0.987,-94.897083,29.302583,8771486,TCOON,IAN,2022,3180.0
2022-09-27 06:00:00,0.817,-0.115,-0.932,-94.897083,29.302583,8771486,TCOON,IAN,2022,3240.0
2022-09-27 07:00:00,0.833,-0.087,-0.92,-94.897083,29.302583,8771486,TCOON,IAN,2022,3300.0
2022-09-27 08:00:00,0.925,-0.032,-0.957,-94.897083,29.302583,8771486,TCOON,IAN,2022,3360.0
2022-09-27 09:00:00,1.047,0.05,-0.997,-94.897083,29.302583,8771486,TCOON,IAN,2022,3420.0
2022-09-27 10:00:00,1.178,0.129,-1.049,-94.897083,29.302583,8771486,TCOON,IAN,2022,3480.0
2022-09-27 11:00:00,1.23,0.15,-1.08,-94.897083,29.302583,8771486,TCOON,IAN,2022,3540.0
2022-09-27 12:00:00,1.296,0.081,-1.215,-94.897083,29.302583,8771486,TCOON,IAN,2022,3600.0
2022-09-27 13:00:00,1.299,-0.039,-1.338,-94.897083,29.302583,8771486,TCOON,IAN,2022,3660.0
2022-09-27 14:00:00,1.234,-0.186,-1.42,-94.897083,29.302583,8771486,TCOON,IAN,2022,3720.0
2022-09-27 15:00:00,1.099,-0.322,-1.421,-94.897083,29.302583,8771486,TCOON,IAN,2022,3780.0
2022-09-27 16:00:00,0.997,-0.435,-1.432,-94.897083,29.302583,8771486,TCOON,IAN,2022,3840.0
2022-09-27 17:00:00,0.837,-0.487,-1.3239999999999998,-94.897083,29.302583,8771486,TCOON,IAN,2022,3900.0
2022-09-27 18:00:00,0.866,-0.466,-1.332,-94.897083,29.302583,8771486,TCOON,IAN,2022,3960.0
2022-09-27 19:00:00,0.935,-0.373,-1.308,-94.897083,29.302583,8771486,TCOON,IAN,2022,4020.0
2022-09-27 20:00:00,1.122,-0.226,-1.348,-94.897083,29.302583,8771486,TCOON,IAN,2022,4080.0
2022-09-27 21:00:00,1.329,-0.037,-1.366,-94.897083,29.302583,8771486,TCOON,IAN,2022,4140.0
2022-09-27 22:00:00,1.545,0.162,-1.383,-94.897083,29.302583,8771486,TCOON,IAN,2022,4200.0
2022-09-27 23:00:00,1.716,0.35,-1.366,-94.897083,29.302583,8771486,TCOON,IAN,2022,4260.0
2022-09-28 00:00:00,1.736,0.421,-1.315,-94.897083,29.302583,8771486,TCOON,IAN,2022,4320.0
2022-09-28 01:00:00,1.755,0.414,-1.341,-94.897083,29.302583,8771486,TCOON,IAN,2022,4380.0
2022-09-28 02:00:00,1.716,0.351,-1.365,-94.897083,29.302583,8771486,TCOON,IAN,2022,4440.0
2022-09-28 03:00:00,1.575,0.262,-1.313,-94.897083,29.302583,8771486,TCOON,IAN,2022,4500.0
2022-09-28 04:00:00,1.565,0.178,-1.387,-94.897083,29.302583,8771486,TCOON,IAN,2022,4560.0
2022-09-28 05:00:00,1.598,0.108,-1.49,-94.897083,29.302583,8771486,TCOON,IAN,2022,4620.0
2022-09-28 06:00:00,1.621,0.075,-1.546,-94.897083,29.302583,8771486,TCOON,IAN,2022,4680.0
2022-09-28 07:00:00,1.496,0.076,-1.42,-94.897083,29.302583,8771486,TCOON,IAN,2022,4740.0
2022-09-28 08:00:00,1.516,0.086,-1.43,-94.897083,29.302583,8771486,TCOON,IAN,2022,4800.0
2022-09-28 09:00:00,1.624,0.108,-1.516,-94.897083,29.302583,8771486,TCOON,IAN,2022,4860.0
2022-09-28 10:00:00,1.752,0.14,-1.612,-94.897083,29.302583,8771486,TCOON,IAN,2022,4920.0
2022-09-28 11:00:00,1.85,0.155,-1.695,-94.897083,29.302583,8771486,TCOON,IAN,2022,4980.0
2022-09-28 12:00:00,1.795,0.092,-1.7029999999999998,-94.897083,29.302583,8771486,TCOON,IAN,2022,5040.0
2022-09-28 13:00:00,1.693,-0.037,-1.73,-94.897083,29.302583,8771486,TCOON,IAN,2022,5100.0
2022-09-28 14:00:00,1.476,-0.208,-1.684,-94.897083,29.302583,8771486,TCOON,IAN,2022,5160.0
2022-09-28 15:00:00,1.352,-0.388,-1.7400000000000002,-94.897083,29.302583,8771486,TCOON,IAN,2022,5220.0
2022-09-28 16:00:00,1.227,-0.548,-1.775,-94.897083,29.302583,8771486,TCOON,IAN,2022,5280.0
2022-09-28 17:00:00,1.066,-0.665,-1.731,-94.897083,29.302583,8771486,TCOON,IAN,2022,5340.0
2022-09-28 18:00:00,1.073,-0.708,-1.781,-94.897083,29.302583,8771486,TCOON,IAN,2022,5400.0
2022-09-28 19:00:00,1.115,-0.65,-1.765,-94.897083,29.302583,8771486,TCOON,IAN,2022,5460.0
2022-09-28 20:00:00,1.276,-0.524,-1.8,-94.897083,29.302583,8771486,TCOON,IAN,2022,5520.0
2022-09-28 21:00:00,1.483,-0.329,-1.812,-94.897083,29.302583,8771486,TCOON,IAN,2022,5580.0
2022-09-28 22:00:00,1.69,-0.109,-1.799,-94.897083,29.302583,8771486,TCOON,IAN,2022,5640.0
2022-09-28 23:00:00,1.883,0.102,-1.781,-94.897083,29.302583,8771486,TCOON,IAN,2022,5700.0
2022-09-29 00:00:00,1.939,0.271,-1.668,-94.897083,29.302583,8771486,TCOON,IAN,2022,5760.0
2022-09-29 01:00:00,1.991,0.36,-1.6310000000000002,-94.897083,29.302583,8771486,TCOON,IAN,2022,5820.0
2022-09-29 02:00:00,2.064,0.373,-1.691,-94.897083,29.302583,8771486,TCOON,IAN,2022,5880.0
2022-09-29 03:00:00,2.031,0.341,-1.6900000000000002,-94.897083,29.302583,8771486,TCOON,IAN,2022,5940.0
2022-09-29 04:00:00,1.985,0.3,-1.685,-94.897083,29.302583,8771486,TCOON,IAN,2022,6000.0
2022-09-29 05:00:00,2.014,0.264,-1.7499999999999998,-94.897083,29.302583,8771486,TCOON,IAN,2022,6060.0
2022-09-29 06:00:00,1.969,0.254,-1.715,-94.897083,29.302583,8771486,TCOON,IAN,2022,6120.0
2022-09-29 07:00:00,1.991,0.262,-1.729,-94.897083,29.302583,8771486,TCOON,IAN,2022,6180.0
2022-09-29 08:00:00,1.995,0.254,-1.741,-94.897083,29.302583,8771486,TCOON,IAN,2022,6240.0
2022-09-29 09:00:00,1.998,0.256,-1.742,-94.897083,29.302583,8771486,TCOON,IAN,2022,6300.0
2022-09-29 10:00:00,2.005,0.278,-1.727,-94.897083,29.302583,8771486,TCOON,IAN,2022,6360.0
2022-09-29 11:00:00,2.051,0.277,-1.774,-94.897083,29.302583,8771486,TCOON,IAN,2022,6420.0
2022-09-29 12:00:00,2.113,0.208,-1.905,-94.897083,29.302583,8771486,TCOON,IAN,2022,6480.0
2022-09-29 13:00:00,1.946,0.086,-1.86,-94.897083,29.302583,8771486,TCOON,IAN,2022,6540.0
2022-09-29 14:00:00,1.729,-0.096,-1.825,-94.897083,29.302583,8771486,TCOON,IAN,2022,6600.0
2022-09-29 15:00:00,1.526,-0.3,-1.826,-94.897083,29.302583,8771486,TCOON,IAN,2022,6660.0
2022-09-29 16:00:00,1.368,-0.481,-1.849,-94.897083,29.302583,8771486,TCOON,IAN,2022,6720.0
2022-09-29 17:00:00,1.06,-0.626,-1.686,-94.897083,29.302583,8771486,TCOON,IAN,2022,6780.0
2022-09-29 18:00:00,0.965,-0.72,-1.685,-94.897083,29.302583,8771486,TCOON,IAN,2022,6840.0
2022-09-29 19:00:00,0.906,-0.743,-1.649,-94.897083,29.302583,8771486,TCOON,IAN,2022,6900.0
2022-09-29 20:00:00,1.017,-0.686,-1.7029999999999998,-94.897083,29.302583,8771486,TCOON,IAN,2022,6960.0
2022-09-29 21:00:00,1.112,-0.564,-1.6760000000000002,-94.897083,29.302583,8771486,TCOON,IAN,2022,7020.0
2022-09-29 22:00:00,1.276,-0.358,-1.634,-94.897083,29.302583,8771486,TCOON,IAN,2022,7080.0
2022-09-29 23:00:00,1.463,-0.125,-1.588,-94.897083,29.302583,8771486,TCOON,IAN,2022,7140.0
2022-09-30 00:00:00,1.601,0.087,-1.514,-94.897083,29.302583,8771486,TCOON,IAN,2022,7200.0
2022-09-30 01:00:00,1.781,0.251,-1.5299999999999998,-94.897083,29.302583,8771486,TCOON,IAN,2022,7260.0
2022-09-30 02:00:00,1.873,0.349,-1.524,-94.897083,29.302583,8771486,TCOON,IAN,2022,7320.0
2022-09-30 03:00:00,1.952,0.351,-1.601,-94.897083,29.302583,8771486,TCOON,IAN,2022,7380.0
2022-09-30 04:00:00,1.988,0.324,-1.664,-94.897083,29.302583,8771486,TCOON,IAN,2022,7440.0
2022-09-30 05:00:00,2.047,0.295,-1.7520000000000002,-94.897083,29.302583,8771486,TCOON,IAN,2022,7500.0
2022-09-30 06:00:00,2.087,0.283,-1.8040000000000005,-94.897083,29.302583,8771486,TCOON,IAN,2022,7560.0
2022-09-30 07:00:00,2.021,0.296,-1.725,-94.897083,29.302583,8771486,TCOON,IAN,2022,7620.0
2022-09-30 08:00:00,1.893,0.319,-1.574,-94.897083,29.302583,8771486,TCOON,IAN,2022,7680.0
2022-09-30 09:00:00,1.867,0.326,-1.541,-94.897083,29.302583,8771486,TCOON,IAN,2022,7740.0
2022-09-30 10:00:00,1.864,0.31,-1.554,-94.897083,29.302583,8771486,TCOON,IAN,2022,7800.0
2022-09-30 11:00:00,1.847,0.283,-1.564,-94.897083,29.302583,8771486,TCOON,IAN,2022,7860.0
2022-09-30 12:00:00,1.775,0.229,-1.5459999999999998,-94.897083,29.302583,8771486,TCOON,IAN,2022,7920.0
2022-09-30 13:00:00,1.68,0.133,-1.547,-94.897083,29.302583,8771486,TCOON,IAN,2022,7980.0
2022-09-30 14:00:00,1.444,-0.013,-1.457,-94.897083,29.302583,8771486,TCOON,IAN,2022,8040.0
2022-09-30 15:00:00,1.142,-0.196,-1.338,-94.897083,29.302583,8771486,TCOON,IAN,2022,8100.0
2022-09-30 16:00:00,0.768,-0.397,-1.165,-94.897083,29.302583,8771486,TCOON,IAN,2022,8160.0
2022-09-30 17:00:00,0.43,-0.583,-1.013,-94.897083,29.302583,8771486,TCOON,IAN,2022,8220.0
2022-09-30 18:00:00,0.246,-0.735,-0.981,-94.897083,29.302583,8771486,TCOON,IAN,2022,8280.0
2022-09-30 19:00:00,0.121,-0.837,-0.958,-94.897083,29.302583,8771486,TCOON,IAN,2022,8340.0
2022-09-30 20:00:00,0.115,-0.842,-0.957,-94.897083,29.302583,8771486,TCOON,IAN,2022,8400.0
2022-09-30 21:00:00,0.213,-0.76,-0.973,-94.897083,29.302583,8771486,TCOON,IAN,2022,8460.0
2022-09-30 22:00:00,0.44,-0.617,-1.057,-94.897083,29.302583,8771486,TCOON,IAN,2022,8520.0
2022-09-30 23:00:00,0.653,-0.415,-1.068,-94.897083,29.302583,8771486,TCOON,IAN,2022,8580.0
2022-10-01 00:00:00,0.784,-0.201,-0.985,-94.897083,29.302583,8771486,TCOON,IAN,2022,8640.0
2022-10-01 01:00:00,0.965,0.002,-0.963,-94.897083,29.302583,8771486,TCOON,IAN,2022,8700.0
2022-10-01 02:00:00,1.138,0.182,-0.956,-94.897083,29.302583,8771486,TCOON,IAN,2022,8760.0
2022-10-01 03:00:00,1.234,0.31,-0.924,-94.897083,29.302583,8771486,TCOON,IAN,2022,8820.0
2022-10-01 04:00:00,1.27,0.378,-0.892,-94.897083,29.302583,8771486,TCOON,IAN,2022,8880.0
2022-10-01 05:00:00,1.312,0.404,-0.908,-94.897083,29.302583,8771486,TCOON,IAN,2022,8940.0
2022-10-01 06:00:00,1.375,0.413,-0.962,-94.897083,29.302583,8771486,TCOON,IAN,2022,9000.0
2022-10-01 07:00:00,1.407,0.419,-0.988,-94.897083,29.302583,8771486,TCOON,IAN,2022,9060.0
2022-10-01 08:00:00,1.44,0.427,-1.013,-94.897083,29.302583,8771486,TCOON,IAN,2022,9120.0
2022-10-01 09:00:00,1.375,0.424,-0.951,-94.897083,29.302583,8771486,TCOON,IAN,2022,9180.0
2022-10-01 10:00:00,1.404,0.402,-1.0019999999999998,-94.897083,29.302583,8771486,TCOON,IAN,2022,9240.0
2022-10-01 11:00:00,1.44,0.368,-1.072,-94.897083,29.302583,8771486,TCOON,IAN,2022,9300.0
2022-10-01 12:00:00,1.375,0.305,-1.07,-94.897083,29.302583,8771486,TCOON,IAN,2022,9360.0
2022-10-01 13:00:00,1.175,0.205,-0.97,-94.897083,29.302583,8771486,TCOON,IAN,2022,9420.0
2022-10-01 14:00:00,0.991,0.08,-0.911,-94.897083,29.302583,8771486,TCOON,IAN,2022,9480.0
2022-10-01 15:00:00,0.764,-0.072,-0.836,-94.897083,29.302583,8771486,TCOON,IAN,2022,9540.0
2022-10-01 16:00:00,0.518,-0.248,-0.766,-94.897083,29.302583,8771486,TCOON,IAN,2022,9600.0
2022-10-01 17:00:00,0.194,-0.439,-0.633,-94.897083,29.302583,8771486,TCOON,IAN,2022,9660.0
2022-10-01 18:00:00,-0.039,-0.627,-0.588,-94.897083,29.302583,8771486,TCOON,IAN,2022,9720.0
2022-10-01 19:00:00,-0.233,-0.788,-0.555,-94.897083,29.302583,8771486,TCOON,IAN,2022,9780.0
2022-10-01 20:00:00,-0.236,-0.901,-0.665,-94.897083,29.302583,8771486,TCOON,IAN,2022,9840.0
2022-10-01 21:00:00,-0.262,-0.925,-0.663,-94.897083,29.302583,8771486,TCOON,IAN,2022,9900.0
2022-10-01 22:00:00,-0.075,-0.884,-0.809,-94.897083,29.302583,8771486,TCOON,IAN,2022,9960.0
2022-10-01 23:00:00,0.138,-0.771,-0.909,-94.897083,29.302583,8771486,TCOON,IAN,2022,10020.0
2022-09-25 01:00:00,0.377,-0.022,-0.399,-95.113306,29.095,8771972,TCOON,IAN,2022,60.0
2022-09-25 02:00:00,0.292,-0.101,-0.393,-95.113306,29.095,8771972,TCOON,IAN,2022,120.0
2022-09-25 03:00:00,0.272,-0.177,-0.449,-95.113306,29.095,8771972,TCOON,IAN,2022,180.0
2022-09-25 04:00:00,0.262,-0.228,-0.49,-95.113306,29.095,8771972,TCOON,IAN,2022,240.0
2022-09-25 05:00:00,0.443,-0.247,-0.69,-95.113306,29.095,8771972,TCOON,IAN,2022,300.0
2022-09-25 06:00:00,0.568,-0.213,-0.7809999999999999,-95.113306,29.095,8771972,TCOON,IAN,2022,360.0
2022-09-25 07:00:00,0.669,-0.134,-0.803,-95.113306,29.095,8771972,TCOON,IAN,2022,420.0
2022-09-25 08:00:00,0.794,-0.052,-0.8460000000000001,-95.113306,29.095,8771972,TCOON,IAN,2022,480.0
2022-09-25 09:00:00,0.869,0.012,-0.857,-95.113306,29.095,8771972,TCOON,IAN,2022,540.0
2022-09-25 10:00:00,0.942,0.058,-0.8839999999999999,-95.113306,29.095,8771972,TCOON,IAN,2022,600.0
2022-09-25 11:00:00,0.846,0.092,-0.754,-95.113306,29.095,8771972,TCOON,IAN,2022,660.0
2022-09-25 12:00:00,0.82,0.1,-0.72,-95.113306,29.095,8771972,TCOON,IAN,2022,720.0
2022-09-25 13:00:00,0.745,0.088,-0.657,-95.113306,29.095,8771972,TCOON,IAN,2022,780.0
2022-09-25 14:00:00,0.64,0.044,-0.596,-95.113306,29.095,8771972,TCOON,IAN,2022,840.0
2022-09-25 15:00:00,0.577,0.007,-0.57,-95.113306,29.095,8771972,TCOON,IAN,2022,900.0
2022-09-25 16:00:00,0.591,-0.027,-0.618,-95.113306,29.095,8771972,TCOON,IAN,2022,960.0
2022-09-25 17:00:00,0.594,-0.035,-0.629,-95.113306,29.095,8771972,TCOON,IAN,2022,1020.0
2022-09-25 18:00:00,0.715,-0.003,-0.718,-95.113306,29.095,8771972,TCOON,IAN,2022,1080.0
2022-09-25 19:00:00,0.719,0.061,-0.6579999999999999,-95.113306,29.095,8771972,TCOON,IAN,2022,1140.0
2022-09-25 20:00:00,0.787,0.13,-0.657,-95.113306,29.095,8771972,TCOON,IAN,2022,1200.0
2022-09-25 21:00:00,0.856,0.185,-0.671,-95.113306,29.095,8771972,TCOON,IAN,2022,1260.0
2022-09-25 22:00:00,0.869,0.217,-0.652,-95.113306,29.095,8771972,TCOON,IAN,2022,1320.0
2022-09-25 23:00:00,0.823,0.221,-0.602,-95.113306,29.095,8771972,TCOON,IAN,2022,1380.0
2022-09-26 00:00:00,0.732,0.189,-0.5429999999999999,-95.113306,29.095,8771972,TCOON,IAN,2022,1440.0
2022-09-26 01:00:00,0.558,0.128,-0.43,-95.113306,29.095,8771972,TCOON,IAN,2022,1500.0
2022-09-26 02:00:00,0.531,0.055,-0.476,-95.113306,29.095,8771972,TCOON,IAN,2022,1560.0
2022-09-26 03:00:00,0.472,-0.016,-0.488,-95.113306,29.095,8771972,TCOON,IAN,2022,1620.0
2022-09-26 04:00:00,0.443,-0.085,-0.528,-95.113306,29.095,8771972,TCOON,IAN,2022,1680.0
2022-09-26 05:00:00,0.528,-0.135,-0.663,-95.113306,29.095,8771972,TCOON,IAN,2022,1740.0
2022-09-26 06:00:00,0.663,-0.151,-0.8140000000000001,-95.113306,29.095,8771972,TCOON,IAN,2022,1800.0
2022-09-26 07:00:00,0.774,-0.117,-0.891,-95.113306,29.095,8771972,TCOON,IAN,2022,1860.0
2022-09-26 08:00:00,0.853,-0.048,-0.901,-95.113306,29.095,8771972,TCOON,IAN,2022,1920.0
2022-09-26 09:00:00,0.912,0.013,-0.899,-95.113306,29.095,8771972,TCOON,IAN,2022,1980.0
2022-09-26 10:00:00,1.017,0.045,-0.972,-95.113306,29.095,8771972,TCOON,IAN,2022,2040.0
2022-09-26 11:00:00,0.994,0.064,-0.93,-95.113306,29.095,8771972,TCOON,IAN,2022,2100.0
2022-09-26 12:00:00,0.935,0.061,-0.8740000000000001,-95.113306,29.095,8771972,TCOON,IAN,2022,2160.0
2022-09-26 13:00:00,0.82,0.028,-0.7919999999999999,-95.113306,29.095,8771972,TCOON,IAN,2022,2220.0
2022-09-26 14:00:00,0.725,-0.019,-0.744,-95.113306,29.095,8771972,TCOON,IAN,2022,2280.0
2022-09-26 15:00:00,0.676,-0.073,-0.749,-95.113306,29.095,8771972,TCOON,IAN,2022,2340.0
2022-09-26 16:00:00,0.604,-0.122,-0.726,-95.113306,29.095,8771972,TCOON,IAN,2022,2400.0
2022-09-26 17:00:00,0.673,-0.146,-0.8190000000000001,-95.113306,29.095,8771972,TCOON,IAN,2022,2460.0
2022-09-26 18:00:00,0.827,-0.131,-0.958,-95.113306,29.095,8771972,TCOON,IAN,2022,2520.0
2022-09-26 19:00:00,0.928,-0.062,-0.99,-95.113306,29.095,8771972,TCOON,IAN,2022,2580.0
2022-09-26 20:00:00,1.02,0.028,-0.992,-95.113306,29.095,8771972,TCOON,IAN,2022,2640.0
2022-09-26 21:00:00,1.161,0.118,-1.043,-95.113306,29.095,8771972,TCOON,IAN,2022,2700.0
2022-09-26 22:00:00,1.273,0.175,-1.098,-95.113306,29.095,8771972,TCOON,IAN,2022,2760.0
2022-09-26 23:00:00,1.243,0.215,-1.028,-95.113306,29.095,8771972,TCOON,IAN,2022,2820.0
2022-09-27 00:00:00,1.204,0.23,-0.974,-95.113306,29.095,8771972,TCOON,IAN,2022,2880.0
2022-09-27 01:00:00,0.968,0.218,-0.75,-95.113306,29.095,8771972,TCOON,IAN,2022,2940.0
2022-09-27 02:00:00,0.915,0.167,-0.748,-95.113306,29.095,8771972,TCOON,IAN,2022,3000.0
2022-09-27 03:00:00,0.86,0.114,-0.746,-95.113306,29.095,8771972,TCOON,IAN,2022,3060.0
2022-09-27 04:00:00,0.748,0.051,-0.697,-95.113306,29.095,8771972,TCOON,IAN,2022,3120.0
2022-09-27 05:00:00,0.748,0.0,-0.748,-95.113306,29.095,8771972,TCOON,IAN,2022,3180.0
2022-09-27 06:00:00,0.938,-0.039,-0.977,-95.113306,29.095,8771972,TCOON,IAN,2022,3240.0
2022-09-27 07:00:00,0.876,-0.045,-0.921,-95.113306,29.095,8771972,TCOON,IAN,2022,3300.0
2022-09-27 08:00:00,1.079,-0.015,-1.094,-95.113306,29.095,8771972,TCOON,IAN,2022,3360.0
2022-09-27 09:00:00,1.184,0.031,-1.153,-95.113306,29.095,8771972,TCOON,IAN,2022,3420.0
2022-09-27 10:00:00,1.25,0.048,-1.202,-95.113306,29.095,8771972,TCOON,IAN,2022,3480.0
2022-09-27 11:00:00,1.257,0.041,-1.216,-95.113306,29.095,8771972,TCOON,IAN,2022,3540.0
2022-09-27 12:00:00,1.27,0.001,-1.269,-95.113306,29.095,8771972,TCOON,IAN,2022,3600.0
2022-09-27 13:00:00,1.079,-0.056,-1.135,-95.113306,29.095,8771972,TCOON,IAN,2022,3660.0
2022-09-27 14:00:00,1.04,-0.128,-1.168,-95.113306,29.095,8771972,TCOON,IAN,2022,3720.0
2022-09-27 15:00:00,0.951,-0.201,-1.152,-95.113306,29.095,8771972,TCOON,IAN,2022,3780.0
2022-09-27 16:00:00,0.873,-0.273,-1.146,-95.113306,29.095,8771972,TCOON,IAN,2022,3840.0
2022-09-27 17:00:00,0.932,-0.305,-1.237,-95.113306,29.095,8771972,TCOON,IAN,2022,3900.0
2022-09-27 18:00:00,0.942,-0.301,-1.243,-95.113306,29.095,8771972,TCOON,IAN,2022,3960.0
2022-09-27 19:00:00,1.083,-0.241,-1.3239999999999998,-95.113306,29.095,8771972,TCOON,IAN,2022,4020.0
2022-09-27 20:00:00,1.358,-0.134,-1.492,-95.113306,29.095,8771972,TCOON,IAN,2022,4080.0
2022-09-27 21:00:00,1.542,-0.003,-1.545,-95.113306,29.095,8771972,TCOON,IAN,2022,4140.0
2022-09-27 22:00:00,1.627,0.101,-1.526,-95.113306,29.095,8771972,TCOON,IAN,2022,4200.0
2022-09-27 23:00:00,1.706,0.172,-1.534,-95.113306,29.095,8771972,TCOON,IAN,2022,4260.0
2022-09-28 00:00:00,1.745,0.217,-1.528,-95.113306,29.095,8771972,TCOON,IAN,2022,4320.0
2022-09-28 01:00:00,1.624,0.251,-1.3730000000000002,-95.113306,29.095,8771972,TCOON,IAN,2022,4380.0
2022-09-28 02:00:00,1.591,0.266,-1.325,-95.113306,29.095,8771972,TCOON,IAN,2022,4440.0
2022-09-28 03:00:00,1.476,0.253,-1.223,-95.113306,29.095,8771972,TCOON,IAN,2022,4500.0
2022-09-28 04:00:00,1.476,0.213,-1.263,-95.113306,29.095,8771972,TCOON,IAN,2022,4560.0
2022-09-28 05:00:00,1.444,0.175,-1.269,-95.113306,29.095,8771972,TCOON,IAN,2022,4620.0
2022-09-28 06:00:00,1.463,0.128,-1.335,-95.113306,29.095,8771972,TCOON,IAN,2022,4680.0
2022-09-28 07:00:00,1.47,0.096,-1.374,-95.113306,29.095,8771972,TCOON,IAN,2022,4740.0
2022-09-28 08:00:00,1.578,0.078,-1.5,-95.113306,29.095,8771972,TCOON,IAN,2022,4800.0
2022-09-28 09:00:00,1.706,0.085,-1.621,-95.113306,29.095,8771972,TCOON,IAN,2022,4860.0
2022-09-28 10:00:00,1.739,0.083,-1.656,-95.113306,29.095,8771972,TCOON,IAN,2022,4920.0
2022-09-28 11:00:00,1.755,0.06,-1.6949999999999998,-95.113306,29.095,8771972,TCOON,IAN,2022,4980.0
2022-09-28 12:00:00,1.65,0.002,-1.648,-95.113306,29.095,8771972,TCOON,IAN,2022,5040.0
2022-09-28 13:00:00,1.467,-0.079,-1.546,-95.113306,29.095,8771972,TCOON,IAN,2022,5100.0
2022-09-28 14:00:00,1.309,-0.162,-1.471,-95.113306,29.095,8771972,TCOON,IAN,2022,5160.0
2022-09-28 15:00:00,1.184,-0.254,-1.438,-95.113306,29.095,8771972,TCOON,IAN,2022,5220.0
2022-09-28 16:00:00,1.096,-0.349,-1.445,-95.113306,29.095,8771972,TCOON,IAN,2022,5280.0
2022-09-28 17:00:00,1.093,-0.411,-1.504,-95.113306,29.095,8771972,TCOON,IAN,2022,5340.0
2022-09-28 18:00:00,1.22,-0.438,-1.658,-95.113306,29.095,8771972,TCOON,IAN,2022,5400.0
2022-09-28 19:00:00,1.345,-0.421,-1.766,-95.113306,29.095,8771972,TCOON,IAN,2022,5460.0
2022-09-28 20:00:00,1.457,-0.336,-1.793,-95.113306,29.095,8771972,TCOON,IAN,2022,5520.0
2022-09-28 21:00:00,1.67,-0.207,-1.877,-95.113306,29.095,8771972,TCOON,IAN,2022,5580.0
2022-09-28 22:00:00,1.883,-0.073,-1.956,-95.113306,29.095,8771972,TCOON,IAN,2022,5640.0
2022-09-28 23:00:00,1.926,0.036,-1.89,-95.113306,29.095,8771972,TCOON,IAN,2022,5700.0
2022-09-29 00:00:00,2.034,0.127,-1.907,-95.113306,29.095,8771972,TCOON,IAN,2022,5760.0
2022-09-29 01:00:00,2.031,0.183,-1.848,-95.113306,29.095,8771972,TCOON,IAN,2022,5820.0
2022-09-29 02:00:00,1.988,0.232,-1.756,-95.113306,29.095,8771972,TCOON,IAN,2022,5880.0
2022-09-29 03:00:00,1.978,0.273,-1.705,-95.113306,29.095,8771972,TCOON,IAN,2022,5940.0
2022-09-29 04:00:00,1.86,0.284,-1.576,-95.113306,29.095,8771972,TCOON,IAN,2022,6000.0
2022-09-29 05:00:00,1.818,0.293,-1.525,-95.113306,29.095,8771972,TCOON,IAN,2022,6060.0
2022-09-29 06:00:00,1.778,0.291,-1.487,-95.113306,29.095,8771972,TCOON,IAN,2022,6120.0
2022-09-29 07:00:00,1.801,0.278,-1.523,-95.113306,29.095,8771972,TCOON,IAN,2022,6180.0
2022-09-29 08:00:00,1.831,0.251,-1.58,-95.113306,29.095,8771972,TCOON,IAN,2022,6240.0
2022-09-29 09:00:00,1.929,0.244,-1.685,-95.113306,29.095,8771972,TCOON,IAN,2022,6300.0
2022-09-29 10:00:00,1.972,0.232,-1.74,-95.113306,29.095,8771972,TCOON,IAN,2022,6360.0
2022-09-29 11:00:00,1.946,0.186,-1.76,-95.113306,29.095,8771972,TCOON,IAN,2022,6420.0
2022-09-29 12:00:00,1.893,0.111,-1.782,-95.113306,29.095,8771972,TCOON,IAN,2022,6480.0
2022-09-29 13:00:00,1.647,0.027,-1.62,-95.113306,29.095,8771972,TCOON,IAN,2022,6540.0
2022-09-29 14:00:00,1.509,-0.068,-1.577,-95.113306,29.095,8771972,TCOON,IAN,2022,6600.0
2022-09-29 15:00:00,1.316,-0.171,-1.487,-95.113306,29.095,8771972,TCOON,IAN,2022,6660.0
2022-09-29 16:00:00,1.194,-0.273,-1.467,-95.113306,29.095,8771972,TCOON,IAN,2022,6720.0
2022-09-29 17:00:00,1.05,-0.366,-1.416,-95.113306,29.095,8771972,TCOON,IAN,2022,6780.0
2022-09-29 18:00:00,1.043,-0.429,-1.472,-95.113306,29.095,8771972,TCOON,IAN,2022,6840.0
2022-09-29 19:00:00,1.07,-0.457,-1.527,-95.113306,29.095,8771972,TCOON,IAN,2022,6900.0
2022-09-29 20:00:00,1.214,-0.438,-1.652,-95.113306,29.095,8771972,TCOON,IAN,2022,6960.0
2022-09-29 21:00:00,1.391,-0.351,-1.742,-95.113306,29.095,8771972,TCOON,IAN,2022,7020.0
2022-09-29 22:00:00,1.552,-0.221,-1.773,-95.113306,29.095,8771972,TCOON,IAN,2022,7080.0
2022-09-29 23:00:00,1.726,-0.084,-1.81,-95.113306,29.095,8771972,TCOON,IAN,2022,7140.0
2022-09-30 00:00:00,1.798,0.021,-1.777,-95.113306,29.095,8771972,TCOON,IAN,2022,7200.0
2022-09-30 01:00:00,1.916,0.115,-1.801,-95.113306,29.095,8771972,TCOON,IAN,2022,7260.0
2022-09-30 02:00:00,1.959,0.172,-1.787,-95.113306,29.095,8771972,TCOON,IAN,2022,7320.0
2022-09-30 03:00:00,1.965,0.218,-1.747,-95.113306,29.095,8771972,TCOON,IAN,2022,7380.0
2022-09-30 04:00:00,1.939,0.257,-1.682,-95.113306,29.095,8771972,TCOON,IAN,2022,7440.0
2022-09-30 05:00:00,1.985,0.287,-1.6980000000000002,-95.113306,29.095,8771972,TCOON,IAN,2022,7500.0
2022-09-30 06:00:00,2.018,0.307,-1.711,-95.113306,29.095,8771972,TCOON,IAN,2022,7560.0
2022-09-30 07:00:00,1.975,0.322,-1.653,-95.113306,29.095,8771972,TCOON,IAN,2022,7620.0
2022-09-30 08:00:00,1.709,0.316,-1.393,-95.113306,29.095,8771972,TCOON,IAN,2022,7680.0
2022-09-30 09:00:00,1.706,0.288,-1.418,-95.113306,29.095,8771972,TCOON,IAN,2022,7740.0
2022-09-30 10:00:00,1.736,0.255,-1.481,-95.113306,29.095,8771972,TCOON,IAN,2022,7800.0
2022-09-30 11:00:00,1.647,0.216,-1.431,-95.113306,29.095,8771972,TCOON,IAN,2022,7860.0
2022-09-30 12:00:00,1.555,0.154,-1.401,-95.113306,29.095,8771972,TCOON,IAN,2022,7920.0
2022-09-30 13:00:00,1.342,0.064,-1.278,-95.113306,29.095,8771972,TCOON,IAN,2022,7980.0
2022-09-30 14:00:00,1.05,-0.039,-1.089,-95.113306,29.095,8771972,TCOON,IAN,2022,8040.0
2022-09-30 15:00:00,0.784,-0.151,-0.935,-95.113306,29.095,8771972,TCOON,IAN,2022,8100.0
2022-09-30 16:00:00,0.515,-0.269,-0.784,-95.113306,29.095,8771972,TCOON,IAN,2022,8160.0
2022-09-30 17:00:00,0.351,-0.379,-0.73,-95.113306,29.095,8771972,TCOON,IAN,2022,8220.0
2022-09-30 18:00:00,0.262,-0.47,-0.732,-95.113306,29.095,8771972,TCOON,IAN,2022,8280.0
2022-09-30 19:00:00,0.19,-0.531,-0.7210000000000001,-95.113306,29.095,8771972,TCOON,IAN,2022,8340.0
2022-09-30 20:00:00,0.253,-0.559,-0.812,-95.113306,29.095,8771972,TCOON,IAN,2022,8400.0
2022-09-30 21:00:00,0.417,-0.531,-0.948,-95.113306,29.095,8771972,TCOON,IAN,2022,8460.0
2022-09-30 22:00:00,0.682,-0.429,-1.111,-95.113306,29.095,8771972,TCOON,IAN,2022,8520.0
2022-09-30 23:00:00,0.925,-0.298,-1.223,-95.113306,29.095,8771972,TCOON,IAN,2022,8580.0
2022-10-01 00:00:00,1.066,-0.158,-1.224,-95.113306,29.095,8771972,TCOON,IAN,2022,8640.0
2022-10-01 01:00:00,1.181,-0.033,-1.214,-95.113306,29.095,8771972,TCOON,IAN,2022,8700.0
2022-10-01 02:00:00,1.299,0.083,-1.216,-95.113306,29.095,8771972,TCOON,IAN,2022,8760.0
2022-10-01 03:00:00,1.348,0.161,-1.187,-95.113306,29.095,8771972,TCOON,IAN,2022,8820.0
2022-10-01 04:00:00,1.355,0.224,-1.131,-95.113306,29.095,8771972,TCOON,IAN,2022,8880.0
2022-10-01 05:00:00,1.329,0.28,-1.049,-95.113306,29.095,8771972,TCOON,IAN,2022,8940.0
2022-10-01 06:00:00,1.299,0.322,-0.977,-95.113306,29.095,8771972,TCOON,IAN,2022,9000.0
2022-10-01 07:00:00,1.289,0.362,-0.927,-95.113306,29.095,8771972,TCOON,IAN,2022,9060.0
2022-10-01 08:00:00,1.257,0.391,-0.8659999999999999,-95.113306,29.095,8771972,TCOON,IAN,2022,9120.0
2022-10-01 09:00:00,1.237,0.394,-0.8430000000000001,-95.113306,29.095,8771972,TCOON,IAN,2022,9180.0
2022-10-01 10:00:00,1.181,0.37,-0.811,-95.113306,29.095,8771972,TCOON,IAN,2022,9240.0
2022-10-01 11:00:00,1.109,0.321,-0.788,-95.113306,29.095,8771972,TCOON,IAN,2022,9300.0
2022-10-01 12:00:00,0.984,0.26,-0.724,-95.113306,29.095,8771972,TCOON,IAN,2022,9360.0
2022-10-01 13:00:00,0.807,0.169,-0.638,-95.113306,29.095,8771972,TCOON,IAN,2022,9420.0
2022-10-01 14:00:00,0.548,0.07,-0.478,-95.113306,29.095,8771972,TCOON,IAN,2022,9480.0
2022-10-01 15:00:00,0.381,-0.052,-0.433,-95.113306,29.095,8771972,TCOON,IAN,2022,9540.0
2022-10-01 16:00:00,0.161,-0.174,-0.3349999999999999,-95.113306,29.095,8771972,TCOON,IAN,2022,9600.0
2022-10-01 17:00:00,-0.082,-0.295,-0.2129999999999999,-95.113306,29.095,8771972,TCOON,IAN,2022,9660.0
2022-10-01 18:00:00,-0.171,-0.41,-0.2389999999999999,-95.113306,29.095,8771972,TCOON,IAN,2022,9720.0
2022-10-01 19:00:00,-0.246,-0.502,-0.256,-95.113306,29.095,8771972,TCOON,IAN,2022,9780.0
2022-10-01 20:00:00,-0.262,-0.573,-0.3109999999999999,-95.113306,29.095,8771972,TCOON,IAN,2022,9840.0
2022-10-01 21:00:00,-0.075,-0.628,-0.553,-95.113306,29.095,8771972,TCOON,IAN,2022,9900.0
2022-10-01 22:00:00,0.079,-0.615,-0.694,-95.113306,29.095,8771972,TCOON,IAN,2022,9960.0
2022-10-01 23:00:00,0.305,-0.52,-0.825,-95.113306,29.095,8771972,TCOON,IAN,2022,10020.0
2022-09-25 01:00:00,0.226,-0.484,-0.71,-95.294197,28.935699,8772471,TCOON,IAN,2022,60.0
2022-09-25 02:00:00,0.164,-0.58,-0.744,-95.294197,28.935699,8772471,TCOON,IAN,2022,120.0
2022-09-25 03:00:00,0.276,-0.59,-0.866,-95.294197,28.935699,8772471,TCOON,IAN,2022,180.0
2022-09-25 04:00:00,0.351,-0.518,-0.869,-95.294197,28.935699,8772471,TCOON,IAN,2022,240.0
2022-09-25 05:00:00,0.554,-0.372,-0.926,-95.294197,28.935699,8772471,TCOON,IAN,2022,300.0
2022-09-25 06:00:00,0.758,-0.15,-0.908,-95.294197,28.935699,8772471,TCOON,IAN,2022,360.0
2022-09-25 07:00:00,1.047,0.08,-0.967,-95.294197,28.935699,8772471,TCOON,IAN,2022,420.0
2022-09-25 08:00:00,1.168,0.259,-0.909,-95.294197,28.935699,8772471,TCOON,IAN,2022,480.0
2022-09-25 09:00:00,1.286,0.344,-0.942,-95.294197,28.935699,8772471,TCOON,IAN,2022,540.0
2022-09-25 10:00:00,1.194,0.346,-0.848,-95.294197,28.935699,8772471,TCOON,IAN,2022,600.0
2022-09-25 11:00:00,1.115,0.267,-0.848,-95.294197,28.935699,8772471,TCOON,IAN,2022,660.0
2022-09-25 12:00:00,0.955,0.153,-0.8019999999999999,-95.294197,28.935699,8772471,TCOON,IAN,2022,720.0
2022-09-25 13:00:00,0.814,0.028,-0.7859999999999999,-95.294197,28.935699,8772471,TCOON,IAN,2022,780.0
2022-09-25 14:00:00,0.719,-0.084,-0.8029999999999999,-95.294197,28.935699,8772471,TCOON,IAN,2022,840.0
2022-09-25 15:00:00,0.63,-0.144,-0.774,-95.294197,28.935699,8772471,TCOON,IAN,2022,900.0
2022-09-25 16:00:00,0.656,-0.108,-0.764,-95.294197,28.935699,8772471,TCOON,IAN,2022,960.0
2022-09-25 17:00:00,0.666,-0.023,-0.6890000000000001,-95.294197,28.935699,8772471,TCOON,IAN,2022,1020.0
2022-09-25 18:00:00,0.889,0.138,-0.751,-95.294197,28.935699,8772471,TCOON,IAN,2022,1080.0
2022-09-25 19:00:00,0.994,0.283,-0.7110000000000001,-95.294197,28.935699,8772471,TCOON,IAN,2022,1140.0
2022-09-25 20:00:00,1.07,0.412,-0.6580000000000001,-95.294197,28.935699,8772471,TCOON,IAN,2022,1200.0
2022-09-25 21:00:00,1.138,0.436,-0.702,-95.294197,28.935699,8772471,TCOON,IAN,2022,1260.0
2022-09-25 22:00:00,1.02,0.38,-0.64,-95.294197,28.935699,8772471,TCOON,IAN,2022,1320.0
2022-09-25 23:00:00,0.899,0.216,-0.683,-95.294197,28.935699,8772471,TCOON,IAN,2022,1380.0
2022-09-26 00:00:00,0.653,0.028,-0.625,-95.294197,28.935699,8772471,TCOON,IAN,2022,1440.0
2022-09-26 01:00:00,0.6,-0.174,-0.774,-95.294197,28.935699,8772471,TCOON,IAN,2022,1500.0
2022-09-26 02:00:00,0.443,-0.335,-0.778,-95.294197,28.935699,8772471,TCOON,IAN,2022,1560.0
2022-09-26 03:00:00,0.446,-0.438,-0.884,-95.294197,28.935699,8772471,TCOON,IAN,2022,1620.0
2022-09-26 04:00:00,0.554,-0.441,-0.995,-95.294197,28.935699,8772471,TCOON,IAN,2022,1680.0
2022-09-26 05:00:00,0.656,-0.382,-1.038,-95.294197,28.935699,8772471,TCOON,IAN,2022,1740.0
2022-09-26 06:00:00,0.922,-0.231,-1.153,-95.294197,28.935699,8772471,TCOON,IAN,2022,1800.0
2022-09-26 07:00:00,1.106,-0.046,-1.152,-95.294197,28.935699,8772471,TCOON,IAN,2022,1860.0
2022-09-26 08:00:00,1.299,0.14,-1.1589999999999998,-95.294197,28.935699,8772471,TCOON,IAN,2022,1920.0
2022-09-26 09:00:00,1.378,0.236,-1.142,-95.294197,28.935699,8772471,TCOON,IAN,2022,1980.0
2022-09-26 10:00:00,1.427,0.243,-1.1840000000000002,-95.294197,28.935699,8772471,TCOON,IAN,2022,2040.0
2022-09-26 11:00:00,1.302,0.15,-1.152,-95.294197,28.935699,8772471,TCOON,IAN,2022,2100.0
2022-09-26 12:00:00,1.066,0.019,-1.0470000000000002,-95.294197,28.935699,8772471,TCOON,IAN,2022,2160.0
2022-09-26 13:00:00,0.928,-0.117,-1.0450000000000002,-95.294197,28.935699,8772471,TCOON,IAN,2022,2220.0
2022-09-26 14:00:00,0.738,-0.232,-0.97,-95.294197,28.935699,8772471,TCOON,IAN,2022,2280.0
2022-09-26 15:00:00,0.699,-0.309,-1.008,-95.294197,28.935699,8772471,TCOON,IAN,2022,2340.0
2022-09-26 16:00:00,0.682,-0.301,-0.983,-95.294197,28.935699,8772471,TCOON,IAN,2022,2400.0
2022-09-26 17:00:00,0.804,-0.211,-1.015,-95.294197,28.935699,8772471,TCOON,IAN,2022,2460.0
2022-09-26 18:00:00,1.079,-0.048,-1.127,-95.294197,28.935699,8772471,TCOON,IAN,2022,2520.0
2022-09-26 19:00:00,1.214,0.162,-1.052,-95.294197,28.935699,8772471,TCOON,IAN,2022,2580.0
2022-09-26 20:00:00,1.483,0.372,-1.1110000000000002,-95.294197,28.935699,8772471,TCOON,IAN,2022,2640.0
2022-09-26 21:00:00,1.532,0.511,-1.021,-95.294197,28.935699,8772471,TCOON,IAN,2022,2700.0
2022-09-26 22:00:00,1.496,0.545,-0.951,-95.294197,28.935699,8772471,TCOON,IAN,2022,2760.0
2022-09-26 23:00:00,1.424,0.47,-0.954,-95.294197,28.935699,8772471,TCOON,IAN,2022,2820.0
2022-09-27 00:00:00,1.161,0.331,-0.8300000000000001,-95.294197,28.935699,8772471,TCOON,IAN,2022,2880.0
2022-09-27 01:00:00,0.981,0.157,-0.824,-95.294197,28.935699,8772471,TCOON,IAN,2022,2940.0
2022-09-27 02:00:00,0.928,-0.019,-0.947,-95.294197,28.935699,8772471,TCOON,IAN,2022,3000.0
2022-09-27 03:00:00,0.794,-0.159,-0.953,-95.294197,28.935699,8772471,TCOON,IAN,2022,3060.0
2022-09-27 04:00:00,0.712,-0.234,-0.946,-95.294197,28.935699,8772471,TCOON,IAN,2022,3120.0
2022-09-27 05:00:00,0.768,-0.232,-1.0,-95.294197,28.935699,8772471,TCOON,IAN,2022,3180.0
2022-09-27 06:00:00,0.837,-0.169,-1.006,-95.294197,28.935699,8772471,TCOON,IAN,2022,3240.0
2022-09-27 07:00:00,0.955,-0.06,-1.015,-95.294197,28.935699,8772471,TCOON,IAN,2022,3300.0
2022-09-27 08:00:00,1.106,0.061,-1.0450000000000002,-95.294197,28.935699,8772471,TCOON,IAN,2022,3360.0
2022-09-27 09:00:00,1.365,0.132,-1.233,-95.294197,28.935699,8772471,TCOON,IAN,2022,3420.0
2022-09-27 10:00:00,1.411,0.113,-1.298,-95.294197,28.935699,8772471,TCOON,IAN,2022,3480.0
2022-09-27 11:00:00,1.394,-0.005,-1.3989999999999998,-95.294197,28.935699,8772471,TCOON,IAN,2022,3540.0
2022-09-27 12:00:00,1.23,-0.177,-1.407,-95.294197,28.935699,8772471,TCOON,IAN,2022,3600.0
2022-09-27 13:00:00,0.938,-0.366,-1.3039999999999998,-95.294197,28.935699,8772471,TCOON,IAN,2022,3660.0
2022-09-27 14:00:00,0.902,-0.511,-1.413,-95.294197,28.935699,8772471,TCOON,IAN,2022,3720.0
2022-09-27 15:00:00,0.896,-0.604,-1.5,-95.294197,28.935699,8772471,TCOON,IAN,2022,3780.0
2022-09-27 16:00:00,0.81,-0.599,-1.409,-95.294197,28.935699,8772471,TCOON,IAN,2022,3840.0
2022-09-27 17:00:00,0.778,-0.498,-1.276,-95.294197,28.935699,8772471,TCOON,IAN,2022,3900.0
2022-09-27 18:00:00,0.886,-0.314,-1.2,-95.294197,28.935699,8772471,TCOON,IAN,2022,3960.0
2022-09-27 19:00:00,1.148,-0.061,-1.209,-95.294197,28.935699,8772471,TCOON,IAN,2022,4020.0
2022-09-27 20:00:00,1.519,0.237,-1.282,-95.294197,28.935699,8772471,TCOON,IAN,2022,4080.0
2022-09-27 21:00:00,1.755,0.499,-1.2559999999999998,-95.294197,28.935699,8772471,TCOON,IAN,2022,4140.0
2022-09-27 22:00:00,1.982,0.657,-1.325,-95.294197,28.935699,8772471,TCOON,IAN,2022,4200.0
2022-09-27 23:00:00,1.985,0.706,-1.279,-95.294197,28.935699,8772471,TCOON,IAN,2022,4260.0
2022-09-28 00:00:00,1.864,0.653,-1.211,-95.294197,28.935699,8772471,TCOON,IAN,2022,4320.0
2022-09-28 01:00:00,1.716,0.54,-1.176,-95.294197,28.935699,8772471,TCOON,IAN,2022,4380.0
2022-09-28 02:00:00,1.588,0.388,-1.2000000000000002,-95.294197,28.935699,8772471,TCOON,IAN,2022,4440.0
2022-09-28 03:00:00,1.532,0.219,-1.313,-95.294197,28.935699,8772471,TCOON,IAN,2022,4500.0
2022-09-28 04:00:00,1.447,0.084,-1.363,-95.294197,28.935699,8772471,TCOON,IAN,2022,4560.0
2022-09-28 05:00:00,1.483,0.005,-1.4780000000000002,-95.294197,28.935699,8772471,TCOON,IAN,2022,4620.0
2022-09-28 06:00:00,1.542,-0.026,-1.568,-95.294197,28.935699,8772471,TCOON,IAN,2022,4680.0
2022-09-28 07:00:00,1.529,-0.009,-1.5379999999999998,-95.294197,28.935699,8772471,TCOON,IAN,2022,4740.0
2022-09-28 08:00:00,1.516,0.038,-1.478,-95.294197,28.935699,8772471,TCOON,IAN,2022,4800.0
2022-09-28 09:00:00,1.667,0.067,-1.6,-95.294197,28.935699,8772471,TCOON,IAN,2022,4860.0
2022-09-28 11:00:00,1.627,-0.08,-1.707,-95.294197,28.935699,8772471,TCOON,IAN,2022,4980.0
2022-09-28 12:00:00,1.47,-0.27,-1.74,-95.294197,28.935699,8772471,TCOON,IAN,2022,5040.0
2022-09-28 13:00:00,1.132,-0.503,-1.6349999999999998,-95.294197,28.935699,8772471,TCOON,IAN,2022,5100.0
2022-09-28 14:00:00,0.797,-0.713,-1.51,-95.294197,28.935699,8772471,TCOON,IAN,2022,5160.0
2022-09-28 15:00:00,0.722,-0.861,-1.583,-95.294197,28.935699,8772471,TCOON,IAN,2022,5220.0
2022-09-28 16:00:00,0.633,-0.913,-1.546,-95.294197,28.935699,8772471,TCOON,IAN,2022,5280.0
2022-09-28 17:00:00,0.738,-0.852,-1.59,-95.294197,28.935699,8772471,TCOON,IAN,2022,5340.0
2022-09-28 18:00:00,0.955,-0.697,-1.652,-95.294197,28.935699,8772471,TCOON,IAN,2022,5400.0
2022-09-28 19:00:00,1.276,-0.465,-1.741,-95.294197,28.935699,8772471,TCOON,IAN,2022,5460.0
2022-09-28 20:00:00,1.503,-0.132,-1.6349999999999998,-95.294197,28.935699,8772471,TCOON,IAN,2022,5520.0
2022-09-28 21:00:00,1.804,0.204,-1.6,-95.294197,28.935699,8772471,TCOON,IAN,2022,5580.0
2022-09-28 22:00:00,2.051,0.473,-1.5780000000000003,-95.294197,28.935699,8772471,TCOON,IAN,2022,5640.0
2022-09-28 23:00:00,2.293,0.642,-1.6510000000000002,-95.294197,28.935699,8772471,TCOON,IAN,2022,5700.0
2022-09-29 00:00:00,2.293,0.723,-1.5700000000000005,-95.294197,28.935699,8772471,TCOON,IAN,2022,5760.0
2022-09-29 01:00:00,2.198,0.729,-1.469,-95.294197,28.935699,8772471,TCOON,IAN,2022,5820.0
2022-09-29 02:00:00,2.077,0.691,-1.386,-95.294197,28.935699,8772471,TCOON,IAN,2022,5880.0
2022-09-29 03:00:00,1.972,0.593,-1.379,-95.294197,28.935699,8772471,TCOON,IAN,2022,5940.0
2022-09-29 04:00:00,1.801,0.446,-1.355,-95.294197,28.935699,8772471,TCOON,IAN,2022,6000.0
2022-09-29 05:00:00,1.814,0.313,-1.501,-95.294197,28.935699,8772471,TCOON,IAN,2022,6060.0
2022-09-29 06:00:00,1.755,0.24,-1.515,-95.294197,28.935699,8772471,TCOON,IAN,2022,6120.0
2022-09-29 07:00:00,1.834,0.197,-1.637,-95.294197,28.935699,8772471,TCOON,IAN,2022,6180.0
2022-09-29 08:00:00,1.795,0.174,-1.621,-95.294197,28.935699,8772471,TCOON,IAN,2022,6240.0
2022-09-29 09:00:00,1.824,0.179,-1.645,-95.294197,28.935699,8772471,TCOON,IAN,2022,6300.0
2022-09-29 10:00:00,1.837,0.127,-1.71,-95.294197,28.935699,8772471,TCOON,IAN,2022,6360.0
2022-09-29 11:00:00,1.768,-0.039,-1.807,-95.294197,28.935699,8772471,TCOON,IAN,2022,6420.0
2022-09-29 12:00:00,1.529,-0.274,-1.803,-95.294197,28.935699,8772471,TCOON,IAN,2022,6480.0
2022-09-29 13:00:00,1.283,-0.533,-1.816,-95.294197,28.935699,8772471,TCOON,IAN,2022,6540.0
2022-09-29 14:00:00,1.001,-0.78,-1.781,-95.294197,28.935699,8772471,TCOON,IAN,2022,6600.0
2022-09-29 15:00:00,0.807,-0.954,-1.761,-95.294197,28.935699,8772471,TCOON,IAN,2022,6660.0
2022-09-29 16:00:00,0.751,-1.048,-1.799,-95.294197,28.935699,8772471,TCOON,IAN,2022,6720.0
2022-09-29 17:00:00,0.679,-1.056,-1.735,-95.294197,28.935699,8772471,TCOON,IAN,2022,6780.0
2022-09-29 18:00:00,0.748,-0.986,-1.734,-95.294197,28.935699,8772471,TCOON,IAN,2022,6840.0
2022-09-29 19:00:00,0.899,-0.787,-1.686,-95.294197,28.935699,8772471,TCOON,IAN,2022,6900.0
2022-09-29 20:00:00,1.152,-0.524,-1.676,-95.294197,28.935699,8772471,TCOON,IAN,2022,6960.0
2022-09-29 21:00:00,1.529,-0.181,-1.71,-95.294197,28.935699,8772471,TCOON,IAN,2022,7020.0
2022-09-29 22:00:00,1.824,0.171,-1.653,-95.294197,28.935699,8772471,TCOON,IAN,2022,7080.0
2022-09-29 23:00:00,2.1,0.463,-1.637,-95.294197,28.935699,8772471,TCOON,IAN,2022,7140.0
2022-09-30 00:00:00,2.215,0.643,-1.5719999999999998,-95.294197,28.935699,8772471,TCOON,IAN,2022,7200.0
2022-09-30 01:00:00,2.395,0.731,-1.664,-95.294197,28.935699,8772471,TCOON,IAN,2022,7260.0
2022-09-30 02:00:00,2.346,0.727,-1.6190000000000002,-95.294197,28.935699,8772471,TCOON,IAN,2022,7320.0
2022-09-30 03:00:00,2.238,0.665,-1.573,-95.294197,28.935699,8772471,TCOON,IAN,2022,7380.0
2022-09-30 04:00:00,2.106,0.613,-1.493,-95.294197,28.935699,8772471,TCOON,IAN,2022,7440.0
2022-09-30 05:00:00,2.129,0.511,-1.618,-95.294197,28.935699,8772471,TCOON,IAN,2022,7500.0
2022-09-30 06:00:00,2.054,0.432,-1.622,-95.294197,28.935699,8772471,TCOON,IAN,2022,7560.0
2022-09-30 07:00:00,1.9,0.362,-1.5379999999999998,-95.294197,28.935699,8772471,TCOON,IAN,2022,7620.0
2022-09-30 08:00:00,1.634,0.282,-1.352,-95.294197,28.935699,8772471,TCOON,IAN,2022,7680.0
2022-09-30 09:00:00,1.552,0.195,-1.357,-95.294197,28.935699,8772471,TCOON,IAN,2022,7740.0
2022-09-30 10:00:00,1.66,0.11,-1.5499999999999998,-95.294197,28.935699,8772471,TCOON,IAN,2022,7800.0
2022-09-30 11:00:00,1.568,-0.009,-1.577,-95.294197,28.935699,8772471,TCOON,IAN,2022,7860.0
2022-09-30 12:00:00,1.388,-0.189,-1.577,-95.294197,28.935699,8772471,TCOON,IAN,2022,7920.0
2022-09-30 13:00:00,1.086,-0.423,-1.509,-95.294197,28.935699,8772471,TCOON,IAN,2022,7980.0
2022-09-30 14:00:00,0.696,-0.692,-1.388,-95.294197,28.935699,8772471,TCOON,IAN,2022,8040.0
2022-09-30 15:00:00,0.358,-0.951,-1.309,-95.294197,28.935699,8772471,TCOON,IAN,2022,8100.0
2022-09-30 16:00:00,0.121,-1.147,-1.268,-95.294197,28.935699,8772471,TCOON,IAN,2022,8160.0
2022-09-30 17:00:00,0.016,-1.247,-1.263,-95.294197,28.935699,8772471,TCOON,IAN,2022,8220.0
2022-09-30 18:00:00,-0.105,-1.237,-1.132,-95.294197,28.935699,8772471,TCOON,IAN,2022,8280.0
2022-09-30 19:00:00,0.023,-1.124,-1.147,-95.294197,28.935699,8772471,TCOON,IAN,2022,8340.0
2022-09-30 20:00:00,0.217,-0.908,-1.125,-95.294197,28.935699,8772471,TCOON,IAN,2022,8400.0
2022-09-30 21:00:00,0.489,-0.608,-1.097,-95.294197,28.935699,8772471,TCOON,IAN,2022,8460.0
2022-09-30 22:00:00,0.948,-0.247,-1.1949999999999998,-95.294197,28.935699,8772471,TCOON,IAN,2022,8520.0
2022-09-30 23:00:00,1.224,0.111,-1.113,-95.294197,28.935699,8772471,TCOON,IAN,2022,8580.0
2022-10-01 00:00:00,1.486,0.423,-1.063,-95.294197,28.935699,8772471,TCOON,IAN,2022,8640.0
2022-10-01 01:00:00,1.65,0.637,-1.013,-95.294197,28.935699,8772471,TCOON,IAN,2022,8700.0
2022-10-01 02:00:00,1.788,0.776,-1.012,-95.294197,28.935699,8772471,TCOON,IAN,2022,8760.0
2022-10-01 03:00:00,1.762,0.854,-0.908,-95.294197,28.935699,8772471,TCOON,IAN,2022,8820.0
2022-10-01 04:00:00,1.772,0.854,-0.918,-95.294197,28.935699,8772471,TCOON,IAN,2022,8880.0
2022-10-01 05:00:00,1.647,0.813,-0.8340000000000001,-95.294197,28.935699,8772471,TCOON,IAN,2022,8940.0
2022-10-01 06:00:00,1.565,0.732,-0.833,-95.294197,28.935699,8772471,TCOON,IAN,2022,9000.0
2022-10-01 07:00:00,1.476,0.645,-0.831,-95.294197,28.935699,8772471,TCOON,IAN,2022,9060.0
2022-10-01 08:00:00,1.421,0.536,-0.885,-95.294197,28.935699,8772471,TCOON,IAN,2022,9120.0
2022-10-01 09:00:00,1.358,0.396,-0.962,-95.294197,28.935699,8772471,TCOON,IAN,2022,9180.0
2022-10-01 10:00:00,1.253,0.251,-1.0019999999999998,-95.294197,28.935699,8772471,TCOON,IAN,2022,9240.0
2022-10-01 11:00:00,1.135,0.087,-1.048,-95.294197,28.935699,8772471,TCOON,IAN,2022,9300.0
2022-10-01 12:00:00,0.886,-0.095,-0.981,-95.294197,28.935699,8772471,TCOON,IAN,2022,9360.0
2022-10-01 13:00:00,0.673,-0.32,-0.993,-95.294197,28.935699,8772471,TCOON,IAN,2022,9420.0
2022-10-01 14:00:00,0.374,-0.575,-0.949,-95.294197,28.935699,8772471,TCOON,IAN,2022,9480.0
2022-10-01 15:00:00,0.079,-0.861,-0.94,-95.294197,28.935699,8772471,TCOON,IAN,2022,9540.0
2022-10-01 16:00:00,-0.121,-1.097,-0.976,-95.294197,28.935699,8772471,TCOON,IAN,2022,9600.0
2022-10-01 17:00:00,-0.367,-1.284,-0.917,-95.294197,28.935699,8772471,TCOON,IAN,2022,9660.0
2022-10-01 18:00:00,-0.472,-1.377,-0.905,-95.294197,28.935699,8772471,TCOON,IAN,2022,9720.0
2022-10-01 19:00:00,-0.417,-1.371,-0.954,-95.294197,28.935699,8772471,TCOON,IAN,2022,9780.0
2022-10-01 20:00:00,-0.371,-1.288,-0.917,-95.294197,28.935699,8772471,TCOON,IAN,2022,9840.0
2022-10-01 21:00:00,-0.128,-1.093,-0.965,-95.294197,28.935699,8772471,TCOON,IAN,2022,9900.0
2022-10-01 22:00:00,0.21,-0.796,-1.006,-95.294197,28.935699,8772471,TCOON,IAN,2022,9960.0
2022-10-01 23:00:00,0.518,-0.407,-0.925,-95.294197,28.935699,8772471,TCOON,IAN,2022,10020.0
2022-09-25 01:00:00,0.459,-0.464,-0.923,-95.611401,28.764743,8772985,TCOON,IAN,2022,60.0
2022-09-25 02:00:00,0.387,-0.547,-0.934,-95.611401,28.764743,8772985,TCOON,IAN,2022,120.0
2022-09-25 03:00:00,0.276,-0.558,-0.8340000000000001,-95.611401,28.764743,8772985,TCOON,IAN,2022,180.0
2022-09-25 04:00:00,0.42,-0.477,-0.897,-95.611401,28.764743,8772985,TCOON,IAN,2022,240.0
2022-09-25 05:00:00,0.433,-0.319,-0.752,-95.611401,28.764743,8772985,TCOON,IAN,2022,300.0
2022-09-25 06:00:00,0.551,-0.117,-0.668,-95.611401,28.764743,8772985,TCOON,IAN,2022,360.0
2022-09-25 07:00:00,0.653,0.067,-0.5860000000000001,-95.611401,28.764743,8772985,TCOON,IAN,2022,420.0
2022-09-25 08:00:00,0.725,0.221,-0.504,-95.611401,28.764743,8772985,TCOON,IAN,2022,480.0
2022-09-25 09:00:00,0.784,0.304,-0.48,-95.611401,28.764743,8772985,TCOON,IAN,2022,540.0
2022-09-25 10:00:00,0.771,0.303,-0.468,-95.611401,28.764743,8772985,TCOON,IAN,2022,600.0
2022-09-25 11:00:00,0.764,0.225,-0.539,-95.611401,28.764743,8772985,TCOON,IAN,2022,660.0
2022-09-25 12:00:00,0.728,0.133,-0.595,-95.611401,28.764743,8772985,TCOON,IAN,2022,720.0
2022-09-25 13:00:00,0.587,0.034,-0.5529999999999999,-95.611401,28.764743,8772985,TCOON,IAN,2022,780.0
2022-09-25 14:00:00,0.541,-0.048,-0.5890000000000001,-95.611401,28.764743,8772985,TCOON,IAN,2022,840.0
2022-09-25 15:00:00,0.512,-0.096,-0.608,-95.611401,28.764743,8772985,TCOON,IAN,2022,900.0
2022-09-25 16:00:00,0.476,-0.071,-0.5469999999999999,-95.611401,28.764743,8772985,TCOON,IAN,2022,960.0
2022-09-25 17:00:00,0.472,0.019,-0.4529999999999999,-95.611401,28.764743,8772985,TCOON,IAN,2022,1020.0
2022-09-25 18:00:00,0.502,0.166,-0.3359999999999999,-95.611401,28.764743,8772985,TCOON,IAN,2022,1080.0
2022-09-25 19:00:00,0.509,0.295,-0.214,-95.611401,28.764743,8772985,TCOON,IAN,2022,1140.0
2022-09-25 20:00:00,0.673,0.375,-0.298,-95.611401,28.764743,8772985,TCOON,IAN,2022,1200.0
2022-09-25 21:00:00,0.689,0.39,-0.2989999999999999,-95.611401,28.764743,8772985,TCOON,IAN,2022,1260.0
2022-09-25 22:00:00,0.702,0.327,-0.3749999999999999,-95.611401,28.764743,8772985,TCOON,IAN,2022,1320.0
2022-09-25 23:00:00,0.699,0.173,-0.526,-95.611401,28.764743,8772985,TCOON,IAN,2022,1380.0
2022-09-26 00:00:00,0.515,-0.002,-0.517,-95.611401,28.764743,8772985,TCOON,IAN,2022,1440.0
2022-09-26 01:00:00,0.531,-0.174,-0.7050000000000001,-95.611401,28.764743,8772985,TCOON,IAN,2022,1500.0
2022-09-26 02:00:00,0.423,-0.308,-0.731,-95.611401,28.764743,8772985,TCOON,IAN,2022,1560.0
2022-09-26 03:00:00,0.43,-0.403,-0.833,-95.611401,28.764743,8772985,TCOON,IAN,2022,1620.0
2022-09-26 04:00:00,0.417,-0.413,-0.83,-95.611401,28.764743,8772985,TCOON,IAN,2022,1680.0
2022-09-26 05:00:00,0.502,-0.334,-0.8360000000000001,-95.611401,28.764743,8772985,TCOON,IAN,2022,1740.0
2022-09-26 06:00:00,0.545,-0.187,-0.732,-95.611401,28.764743,8772985,TCOON,IAN,2022,1800.0
2022-09-26 07:00:00,0.663,-0.029,-0.6920000000000001,-95.611401,28.764743,8772985,TCOON,IAN,2022,1860.0
2022-09-26 08:00:00,0.781,0.107,-0.674,-95.611401,28.764743,8772985,TCOON,IAN,2022,1920.0
2022-09-26 09:00:00,0.791,0.19,-0.601,-95.611401,28.764743,8772985,TCOON,IAN,2022,1980.0
2022-09-26 10:00:00,0.82,0.184,-0.6359999999999999,-95.611401,28.764743,8772985,TCOON,IAN,2022,2040.0
2022-09-26 11:00:00,0.794,0.104,-0.6900000000000001,-95.611401,28.764743,8772985,TCOON,IAN,2022,2100.0
2022-09-26 12:00:00,0.735,-0.018,-0.753,-95.611401,28.764743,8772985,TCOON,IAN,2022,2160.0
2022-09-26 13:00:00,0.712,-0.117,-0.829,-95.611401,28.764743,8772985,TCOON,IAN,2022,2220.0
2022-09-26 14:00:00,0.6,-0.212,-0.8119999999999999,-95.611401,28.764743,8772985,TCOON,IAN,2022,2280.0
2022-09-26 15:00:00,0.512,-0.259,-0.771,-95.611401,28.764743,8772985,TCOON,IAN,2022,2340.0
2022-09-26 16:00:00,0.568,-0.252,-0.82,-95.611401,28.764743,8772985,TCOON,IAN,2022,2400.0
2022-09-26 17:00:00,0.597,-0.162,-0.759,-95.611401,28.764743,8772985,TCOON,IAN,2022,2460.0
2022-09-26 18:00:00,0.666,-0.01,-0.676,-95.611401,28.764743,8772985,TCOON,IAN,2022,2520.0
2022-09-26 19:00:00,0.705,0.195,-0.51,-95.611401,28.764743,8772985,TCOON,IAN,2022,2580.0
2022-09-26 20:00:00,0.81,0.356,-0.454,-95.611401,28.764743,8772985,TCOON,IAN,2022,2640.0
2022-09-26 21:00:00,0.879,0.467,-0.412,-95.611401,28.764743,8772985,TCOON,IAN,2022,2700.0
2022-09-26 22:00:00,0.938,0.493,-0.4449999999999999,-95.611401,28.764743,8772985,TCOON,IAN,2022,2760.0
2022-09-26 23:00:00,1.02,0.433,-0.587,-95.611401,28.764743,8772985,TCOON,IAN,2022,2820.0
2022-09-27 00:00:00,0.866,0.29,-0.5760000000000001,-95.611401,28.764743,8772985,TCOON,IAN,2022,2880.0
2022-09-27 01:00:00,0.774,0.148,-0.626,-95.611401,28.764743,8772985,TCOON,IAN,2022,2940.0
2022-09-27 02:00:00,0.709,0.0,-0.709,-95.611401,28.764743,8772985,TCOON,IAN,2022,3000.0
2022-09-27 03:00:00,0.538,-0.117,-0.655,-95.611401,28.764743,8772985,TCOON,IAN,2022,3060.0
2022-09-27 04:00:00,0.436,-0.205,-0.641,-95.611401,28.764743,8772985,TCOON,IAN,2022,3120.0
2022-09-27 05:00:00,0.65,-0.207,-0.857,-95.611401,28.764743,8772985,TCOON,IAN,2022,3180.0
2022-09-27 06:00:00,0.591,-0.143,-0.734,-95.611401,28.764743,8772985,TCOON,IAN,2022,3240.0
2022-09-27 07:00:00,0.591,-0.042,-0.633,-95.611401,28.764743,8772985,TCOON,IAN,2022,3300.0
2022-09-27 08:00:00,0.728,0.047,-0.6809999999999999,-95.611401,28.764743,8772985,TCOON,IAN,2022,3360.0
2022-09-27 09:00:00,0.869,0.078,-0.791,-95.611401,28.764743,8772985,TCOON,IAN,2022,3420.0
2022-09-27 10:00:00,0.784,0.049,-0.735,-95.611401,28.764743,8772985,TCOON,IAN,2022,3480.0
2022-09-27 11:00:00,0.873,-0.055,-0.928,-95.611401,28.764743,8772985,TCOON,IAN,2022,3540.0
2022-09-27 12:00:00,0.837,-0.212,-1.049,-95.611401,28.764743,8772985,TCOON,IAN,2022,3600.0
2022-09-27 13:00:00,0.712,-0.384,-1.096,-95.611401,28.764743,8772985,TCOON,IAN,2022,3660.0
2022-09-27 14:00:00,0.673,-0.497,-1.17,-95.611401,28.764743,8772985,TCOON,IAN,2022,3720.0
2022-09-27 15:00:00,0.659,-0.564,-1.223,-95.611401,28.764743,8772985,TCOON,IAN,2022,3780.0
2022-09-27 16:00:00,0.623,-0.547,-1.17,-95.611401,28.764743,8772985,TCOON,IAN,2022,3840.0
2022-09-27 17:00:00,0.686,-0.449,-1.135,-95.611401,28.764743,8772985,TCOON,IAN,2022,3900.0
2022-09-27 18:00:00,0.738,-0.261,-0.999,-95.611401,28.764743,8772985,TCOON,IAN,2022,3960.0
2022-09-27 19:00:00,0.797,-0.011,-0.808,-95.611401,28.764743,8772985,TCOON,IAN,2022,4020.0
2022-09-27 20:00:00,0.974,0.258,-0.716,-95.611401,28.764743,8772985,TCOON,IAN,2022,4080.0
2022-09-27 21:00:00,1.07,0.478,-0.5920000000000001,-95.611401,28.764743,8772985,TCOON,IAN,2022,4140.0
2022-09-27 22:00:00,1.276,0.62,-0.656,-95.611401,28.764743,8772985,TCOON,IAN,2022,4200.0
2022-09-27 23:00:00,1.358,0.663,-0.6950000000000001,-95.611401,28.764743,8772985,TCOON,IAN,2022,4260.0
2022-09-28 00:00:00,1.26,0.613,-0.647,-95.611401,28.764743,8772985,TCOON,IAN,2022,4320.0
2022-09-28 01:00:00,1.352,0.503,-0.8490000000000001,-95.611401,28.764743,8772985,TCOON,IAN,2022,4380.0
2022-09-28 02:00:00,1.207,0.381,-0.8260000000000001,-95.611401,28.764743,8772985,TCOON,IAN,2022,4440.0
2022-09-28 03:00:00,1.253,0.239,-1.0139999999999998,-95.611401,28.764743,8772985,TCOON,IAN,2022,4500.0
2022-09-28 04:00:00,1.191,0.122,-1.069,-95.611401,28.764743,8772985,TCOON,IAN,2022,4560.0
2022-09-28 05:00:00,1.165,0.022,-1.143,-95.611401,28.764743,8772985,TCOON,IAN,2022,4620.0
2022-09-28 06:00:00,1.138,-0.014,-1.152,-95.611401,28.764743,8772985,TCOON,IAN,2022,4680.0
2022-09-28 07:00:00,1.27,-0.002,-1.272,-95.611401,28.764743,8772985,TCOON,IAN,2022,4740.0
2022-09-28 08:00:00,1.201,0.037,-1.164,-95.611401,28.764743,8772985,TCOON,IAN,2022,4800.0
2022-09-28 09:00:00,1.053,0.025,-1.028,-95.611401,28.764743,8772985,TCOON,IAN,2022,4860.0
2022-09-28 10:00:00,1.148,-0.046,-1.194,-95.611401,28.764743,8772985,TCOON,IAN,2022,4920.0
2022-09-28 11:00:00,1.22,-0.163,-1.383,-95.611401,28.764743,8772985,TCOON,IAN,2022,4980.0
2022-09-28 12:00:00,1.158,-0.334,-1.492,-95.611401,28.764743,8772985,TCOON,IAN,2022,5040.0
2022-09-28 13:00:00,1.112,-0.542,-1.654,-95.611401,28.764743,8772985,TCOON,IAN,2022,5100.0
2022-09-28 14:00:00,0.935,-0.731,-1.666,-95.611401,28.764743,8772985,TCOON,IAN,2022,5160.0
2022-09-28 15:00:00,0.899,-0.85,-1.749,-95.611401,28.764743,8772985,TCOON,IAN,2022,5220.0
2022-09-28 16:00:00,0.886,-0.874,-1.76,-95.611401,28.764743,8772985,TCOON,IAN,2022,5280.0
2022-09-28 17:00:00,0.889,-0.809,-1.698,-95.611401,28.764743,8772985,TCOON,IAN,2022,5340.0
2022-09-28 18:00:00,0.906,-0.654,-1.56,-95.611401,28.764743,8772985,TCOON,IAN,2022,5400.0
2022-09-28 19:00:00,1.047,-0.414,-1.461,-95.611401,28.764743,8772985,TCOON,IAN,2022,5460.0
2022-09-28 20:00:00,1.28,-0.1,-1.38,-95.611401,28.764743,8772985,TCOON,IAN,2022,5520.0
2022-09-28 21:00:00,1.302,0.203,-1.099,-95.611401,28.764743,8772985,TCOON,IAN,2022,5580.0
2022-09-28 22:00:00,1.421,0.434,-0.987,-95.611401,28.764743,8772985,TCOON,IAN,2022,5640.0
2022-09-28 23:00:00,1.617,0.595,-1.022,-95.611401,28.764743,8772985,TCOON,IAN,2022,5700.0
2022-09-29 00:00:00,1.611,0.687,-0.924,-95.611401,28.764743,8772985,TCOON,IAN,2022,5760.0
2022-09-29 01:00:00,1.65,0.691,-0.959,-95.611401,28.764743,8772985,TCOON,IAN,2022,5820.0
2022-09-29 02:00:00,1.66,0.669,-0.991,-95.611401,28.764743,8772985,TCOON,IAN,2022,5880.0
2022-09-29 03:00:00,1.512,0.592,-0.92,-95.611401,28.764743,8772985,TCOON,IAN,2022,5940.0
2022-09-29 04:00:00,1.654,0.459,-1.1949999999999998,-95.611401,28.764743,8772985,TCOON,IAN,2022,6000.0
2022-09-29 05:00:00,1.69,0.326,-1.364,-95.611401,28.764743,8772985,TCOON,IAN,2022,6060.0
2022-09-29 06:00:00,1.555,0.237,-1.318,-95.611401,28.764743,8772985,TCOON,IAN,2022,6120.0
2022-09-29 07:00:00,1.575,0.187,-1.388,-95.611401,28.764743,8772985,TCOON,IAN,2022,6180.0
2022-09-29 08:00:00,1.529,0.172,-1.357,-95.611401,28.764743,8772985,TCOON,IAN,2022,6240.0
2022-09-29 09:00:00,1.591,0.165,-1.426,-95.611401,28.764743,8772985,TCOON,IAN,2022,6300.0
2022-09-29 10:00:00,1.545,0.065,-1.48,-95.611401,28.764743,8772985,TCOON,IAN,2022,6360.0
2022-09-29 11:00:00,1.493,-0.118,-1.6110000000000002,-95.611401,28.764743,8772985,TCOON,IAN,2022,6420.0
2022-09-29 12:00:00,1.447,-0.345,-1.792,-95.611401,28.764743,8772985,TCOON,IAN,2022,6480.0
2022-09-29 13:00:00,1.417,-0.585,-2.002,-95.611401,28.764743,8772985,TCOON,IAN,2022,6540.0
2022-09-29 14:00:00,1.273,-0.806,-2.079,-95.611401,28.764743,8772985,TCOON,IAN,2022,6600.0
2022-09-29 15:00:00,1.181,-0.955,-2.136,-95.611401,28.764743,8772985,TCOON,IAN,2022,6660.0
2022-09-29 16:00:00,1.161,-1.018,-2.1790000000000003,-95.611401,28.764743,8772985,TCOON,IAN,2022,6720.0
2022-09-29 17:00:00,1.148,-1.03,-2.178,-95.611401,28.764743,8772985,TCOON,IAN,2022,6780.0
2022-09-29 18:00:00,1.063,-0.934,-1.997,-95.611401,28.764743,8772985,TCOON,IAN,2022,6840.0
2022-09-29 19:00:00,1.158,-0.742,-1.9,-95.611401,28.764743,8772985,TCOON,IAN,2022,6900.0
2022-09-29 20:00:00,1.227,-0.47,-1.697,-95.611401,28.764743,8772985,TCOON,IAN,2022,6960.0
2022-09-29 21:00:00,1.322,-0.154,-1.476,-95.611401,28.764743,8772985,TCOON,IAN,2022,7020.0
2022-09-29 22:00:00,1.493,0.167,-1.326,-95.611401,28.764743,8772985,TCOON,IAN,2022,7080.0
2022-09-29 23:00:00,1.608,0.425,-1.183,-95.611401,28.764743,8772985,TCOON,IAN,2022,7140.0
2022-09-30 00:00:00,1.617,0.606,-1.011,-95.611401,28.764743,8772985,TCOON,IAN,2022,7200.0
2022-09-30 01:00:00,1.686,0.698,-0.988,-95.611401,28.764743,8772985,TCOON,IAN,2022,7260.0
2022-09-30 02:00:00,1.755,0.701,-1.0539999999999998,-95.611401,28.764743,8772985,TCOON,IAN,2022,7320.0
2022-09-30 03:00:00,1.791,0.666,-1.125,-95.611401,28.764743,8772985,TCOON,IAN,2022,7380.0
2022-09-30 04:00:00,1.716,0.618,-1.098,-95.611401,28.764743,8772985,TCOON,IAN,2022,7440.0
2022-09-30 05:00:00,1.772,0.537,-1.235,-95.611401,28.764743,8772985,TCOON,IAN,2022,7500.0
2022-09-30 06:00:00,1.732,0.453,-1.279,-95.611401,28.764743,8772985,TCOON,IAN,2022,7560.0
2022-09-30 07:00:00,1.736,0.363,-1.373,-95.611401,28.764743,8772985,TCOON,IAN,2022,7620.0
2022-09-30 08:00:00,1.598,0.28,-1.318,-95.611401,28.764743,8772985,TCOON,IAN,2022,7680.0
2022-09-30 09:00:00,1.467,0.18,-1.287,-95.611401,28.764743,8772985,TCOON,IAN,2022,7740.0
2022-09-30 10:00:00,1.483,0.089,-1.394,-95.611401,28.764743,8772985,TCOON,IAN,2022,7800.0
2022-09-30 11:00:00,1.388,-0.059,-1.4469999999999998,-95.611401,28.764743,8772985,TCOON,IAN,2022,7860.0
2022-09-30 12:00:00,1.289,-0.255,-1.544,-95.611401,28.764743,8772985,TCOON,IAN,2022,7920.0
2022-09-30 13:00:00,1.158,-0.483,-1.641,-95.611401,28.764743,8772985,TCOON,IAN,2022,7980.0
2022-09-30 14:00:00,1.073,-0.722,-1.795,-95.611401,28.764743,8772985,TCOON,IAN,2022,8040.0
2022-09-30 15:00:00,0.886,-0.967,-1.853,-95.611401,28.764743,8772985,TCOON,IAN,2022,8100.0
2022-09-30 16:00:00,0.814,-1.142,-1.956,-95.611401,28.764743,8772985,TCOON,IAN,2022,8160.0
2022-09-30 17:00:00,0.715,-1.209,-1.924,-95.611401,28.764743,8772985,TCOON,IAN,2022,8220.0
2022-09-30 18:00:00,0.643,-1.188,-1.831,-95.611401,28.764743,8772985,TCOON,IAN,2022,8280.0
2022-09-30 19:00:00,0.594,-1.08,-1.674,-95.611401,28.764743,8772985,TCOON,IAN,2022,8340.0
2022-09-30 20:00:00,0.604,-0.862,-1.466,-95.611401,28.764743,8772985,TCOON,IAN,2022,8400.0
2022-09-30 21:00:00,0.627,-0.562,-1.189,-95.611401,28.764743,8772985,TCOON,IAN,2022,8460.0
2022-09-30 22:00:00,0.807,-0.216,-1.023,-95.611401,28.764743,8772985,TCOON,IAN,2022,8520.0
2022-09-30 23:00:00,0.961,0.129,-0.832,-95.611401,28.764743,8772985,TCOON,IAN,2022,8580.0
2022-10-01 00:00:00,1.07,0.413,-0.657,-95.611401,28.764743,8772985,TCOON,IAN,2022,8640.0
2022-10-01 01:00:00,1.158,0.627,-0.5309999999999999,-95.611401,28.764743,8772985,TCOON,IAN,2022,8700.0
2022-10-01 02:00:00,1.234,0.769,-0.4649999999999999,-95.611401,28.764743,8772985,TCOON,IAN,2022,8760.0
2022-10-01 03:00:00,1.266,0.832,-0.434,-95.611401,28.764743,8772985,TCOON,IAN,2022,8820.0
2022-10-01 04:00:00,1.378,0.844,-0.5339999999999999,-95.611401,28.764743,8772985,TCOON,IAN,2022,8880.0
2022-10-01 05:00:00,1.365,0.81,-0.5549999999999999,-95.611401,28.764743,8772985,TCOON,IAN,2022,8940.0
2022-10-01 06:00:00,1.312,0.747,-0.5650000000000001,-95.611401,28.764743,8772985,TCOON,IAN,2022,9000.0
2022-10-01 07:00:00,1.273,0.649,-0.6239999999999999,-95.611401,28.764743,8772985,TCOON,IAN,2022,9060.0
2022-10-01 08:00:00,1.194,0.531,-0.6629999999999999,-95.611401,28.764743,8772985,TCOON,IAN,2022,9120.0
2022-10-01 09:00:00,1.184,0.387,-0.7969999999999999,-95.611401,28.764743,8772985,TCOON,IAN,2022,9180.0
2022-10-01 10:00:00,1.102,0.233,-0.8690000000000001,-95.611401,28.764743,8772985,TCOON,IAN,2022,9240.0
2022-10-01 11:00:00,1.047,0.064,-0.983,-95.611401,28.764743,8772985,TCOON,IAN,2022,9300.0
2022-10-01 12:00:00,0.886,-0.133,-1.019,-95.611401,28.764743,8772985,TCOON,IAN,2022,9360.0
2022-10-01 13:00:00,0.768,-0.37,-1.138,-95.611401,28.764743,8772985,TCOON,IAN,2022,9420.0
2022-10-01 14:00:00,0.64,-0.632,-1.272,-95.611401,28.764743,8772985,TCOON,IAN,2022,9480.0
2022-10-01 15:00:00,0.525,-0.905,-1.4300000000000002,-95.611401,28.764743,8772985,TCOON,IAN,2022,9540.0
2022-10-01 16:00:00,0.43,-1.121,-1.551,-95.611401,28.764743,8772985,TCOON,IAN,2022,9600.0
2022-10-01 17:00:00,0.249,-1.281,-1.5299999999999998,-95.611401,28.764743,8772985,TCOON,IAN,2022,9660.0
2022-10-01 18:00:00,0.187,-1.345,-1.532,-95.611401,28.764743,8772985,TCOON,IAN,2022,9720.0
2022-10-01 19:00:00,0.089,-1.329,-1.418,-95.611401,28.764743,8772985,TCOON,IAN,2022,9780.0
2022-10-01 20:00:00,0.052,-1.25,-1.302,-95.611401,28.764743,8772985,TCOON,IAN,2022,9840.0
2022-10-01 21:00:00,0.01,-1.037,-1.047,-95.611401,28.764743,8772985,TCOON,IAN,2022,9900.0
2022-10-01 22:00:00,0.154,-0.73,-0.884,-95.611401,28.764743,8772985,TCOON,IAN,2022,9960.0
2022-10-01 23:00:00,0.312,-0.357,-0.669,-95.611401,28.764743,8772985,TCOON,IAN,2022,10020.0
2022-09-25 01:00:00,0.892,0.053,-0.839,-96.712402,28.4069,8773037,TCOON,IAN,2022,60.0
2022-09-25 02:00:00,0.886,0.054,-0.832,-96.712402,28.4069,8773037,TCOON,IAN,2022,120.0
2022-09-25 03:00:00,0.843,0.054,-0.7889999999999999,-96.712402,28.4069,8773037,TCOON,IAN,2022,180.0
2022-09-25 04:00:00,0.863,0.051,-0.8119999999999999,-96.712402,28.4069,8773037,TCOON,IAN,2022,240.0
2022-09-25 05:00:00,0.846,0.047,-0.7989999999999999,-96.712402,28.4069,8773037,TCOON,IAN,2022,300.0
2022-09-25 06:00:00,0.837,0.042,-0.7949999999999999,-96.712402,28.4069,8773037,TCOON,IAN,2022,360.0
2022-09-25 07:00:00,0.774,0.036,-0.738,-96.712402,28.4069,8773037,TCOON,IAN,2022,420.0
2022-09-25 08:00:00,0.715,0.032,-0.6829999999999999,-96.712402,28.4069,8773037,TCOON,IAN,2022,480.0
2022-09-25 09:00:00,0.719,0.031,-0.688,-96.712402,28.4069,8773037,TCOON,IAN,2022,540.0
2022-09-25 10:00:00,0.676,0.029,-0.647,-96.712402,28.4069,8773037,TCOON,IAN,2022,600.0
2022-09-25 11:00:00,0.551,0.027,-0.524,-96.712402,28.4069,8773037,TCOON,IAN,2022,660.0
2022-09-25 12:00:00,0.879,0.023,-0.856,-96.712402,28.4069,8773037,TCOON,IAN,2022,720.0
2022-09-25 13:00:00,0.686,0.021,-0.665,-96.712402,28.4069,8773037,TCOON,IAN,2022,780.0
2022-09-25 14:00:00,0.771,0.018,-0.753,-96.712402,28.4069,8773037,TCOON,IAN,2022,840.0
2022-09-25 15:00:00,0.643,0.015,-0.628,-96.712402,28.4069,8773037,TCOON,IAN,2022,900.0
2022-09-25 16:00:00,0.636,0.014,-0.622,-96.712402,28.4069,8773037,TCOON,IAN,2022,960.0
2022-09-25 17:00:00,0.607,0.015,-0.592,-96.712402,28.4069,8773037,TCOON,IAN,2022,1020.0
2022-09-25 18:00:00,0.623,0.017,-0.606,-96.712402,28.4069,8773037,TCOON,IAN,2022,1080.0
2022-09-25 19:00:00,0.623,0.019,-0.604,-96.712402,28.4069,8773037,TCOON,IAN,2022,1140.0
2022-09-25 20:00:00,0.63,0.022,-0.608,-96.712402,28.4069,8773037,TCOON,IAN,2022,1200.0
2022-09-25 21:00:00,0.643,0.026,-0.617,-96.712402,28.4069,8773037,TCOON,IAN,2022,1260.0
2022-09-25 22:00:00,0.636,0.031,-0.605,-96.712402,28.4069,8773037,TCOON,IAN,2022,1320.0
2022-09-25 23:00:00,0.646,0.035,-0.611,-96.712402,28.4069,8773037,TCOON,IAN,2022,1380.0
2022-09-26 00:00:00,0.6,0.04,-0.5599999999999999,-96.712402,28.4069,8773037,TCOON,IAN,2022,1440.0
2022-09-26 01:00:00,0.6,0.042,-0.5579999999999999,-96.712402,28.4069,8773037,TCOON,IAN,2022,1500.0
2022-09-26 02:00:00,0.604,0.045,-0.5589999999999999,-96.712402,28.4069,8773037,TCOON,IAN,2022,1560.0
2022-09-26 03:00:00,0.584,0.046,-0.5379999999999999,-96.712402,28.4069,8773037,TCOON,IAN,2022,1620.0
2022-09-26 04:00:00,0.535,0.047,-0.488,-96.712402,28.4069,8773037,TCOON,IAN,2022,1680.0
2022-09-26 05:00:00,0.545,0.049,-0.496,-96.712402,28.4069,8773037,TCOON,IAN,2022,1740.0
2022-09-26 06:00:00,0.551,0.049,-0.502,-96.712402,28.4069,8773037,TCOON,IAN,2022,1800.0
2022-09-26 07:00:00,0.538,0.047,-0.491,-96.712402,28.4069,8773037,TCOON,IAN,2022,1860.0
2022-09-26 08:00:00,0.446,0.042,-0.404,-96.712402,28.4069,8773037,TCOON,IAN,2022,1920.0
2022-09-26 09:00:00,0.41,0.038,-0.372,-96.712402,28.4069,8773037,TCOON,IAN,2022,1980.0
2022-09-26 10:00:00,0.407,0.035,-0.372,-96.712402,28.4069,8773037,TCOON,IAN,2022,2040.0
2022-09-26 11:00:00,0.381,0.035,-0.346,-96.712402,28.4069,8773037,TCOON,IAN,2022,2100.0
2022-09-26 12:00:00,0.381,0.033,-0.348,-96.712402,28.4069,8773037,TCOON,IAN,2022,2160.0
2022-09-26 13:00:00,0.377,0.03,-0.347,-96.712402,28.4069,8773037,TCOON,IAN,2022,2220.0
2022-09-26 14:00:00,0.351,0.027,-0.3239999999999999,-96.712402,28.4069,8773037,TCOON,IAN,2022,2280.0
2022-09-26 15:00:00,0.453,0.023,-0.43,-96.712402,28.4069,8773037,TCOON,IAN,2022,2340.0
2022-09-26 16:00:00,0.551,0.019,-0.532,-96.712402,28.4069,8773037,TCOON,IAN,2022,2400.0
2022-09-26 17:00:00,0.574,0.014,-0.5599999999999999,-96.712402,28.4069,8773037,TCOON,IAN,2022,2460.0
2022-09-26 18:00:00,0.535,0.011,-0.524,-96.712402,28.4069,8773037,TCOON,IAN,2022,2520.0
2022-09-26 19:00:00,0.505,0.008,-0.497,-96.712402,28.4069,8773037,TCOON,IAN,2022,2580.0
2022-09-26 20:00:00,0.469,0.007,-0.4619999999999999,-96.712402,28.4069,8773037,TCOON,IAN,2022,2640.0
2022-09-26 21:00:00,0.482,0.006,-0.476,-96.712402,28.4069,8773037,TCOON,IAN,2022,2700.0
2022-09-26 22:00:00,0.535,0.006,-0.529,-96.712402,28.4069,8773037,TCOON,IAN,2022,2760.0
2022-09-26 23:00:00,0.574,0.006,-0.568,-96.712402,28.4069,8773037,TCOON,IAN,2022,2820.0
2022-09-27 00:00:00,0.587,0.008,-0.579,-96.712402,28.4069,8773037,TCOON,IAN,2022,2880.0
2022-09-27 01:00:00,0.623,0.012,-0.611,-96.712402,28.4069,8773037,TCOON,IAN,2022,2940.0
2022-09-27 02:00:00,0.584,0.017,-0.567,-96.712402,28.4069,8773037,TCOON,IAN,2022,3000.0
2022-09-27 03:00:00,0.568,0.021,-0.5469999999999999,-96.712402,28.4069,8773037,TCOON,IAN,2022,3060.0
2022-09-27 04:00:00,0.505,0.023,-0.482,-96.712402,28.4069,8773037,TCOON,IAN,2022,3120.0
2022-09-27 05:00:00,0.548,0.024,-0.524,-96.712402,28.4069,8773037,TCOON,IAN,2022,3180.0
2022-09-27 06:00:00,0.42,0.027,-0.3929999999999999,-96.712402,28.4069,8773037,TCOON,IAN,2022,3240.0
2022-09-27 07:00:00,0.574,0.031,-0.5429999999999999,-96.712402,28.4069,8773037,TCOON,IAN,2022,3300.0
2022-09-27 08:00:00,0.509,0.033,-0.476,-96.712402,28.4069,8773037,TCOON,IAN,2022,3360.0
2022-09-27 09:00:00,0.548,0.035,-0.513,-96.712402,28.4069,8773037,TCOON,IAN,2022,3420.0
2022-09-27 10:00:00,0.502,0.036,-0.466,-96.712402,28.4069,8773037,TCOON,IAN,2022,3480.0
2022-09-27 11:00:00,0.594,0.038,-0.5559999999999999,-96.712402,28.4069,8773037,TCOON,IAN,2022,3540.0
2022-09-27 12:00:00,0.568,0.037,-0.5309999999999999,-96.712402,28.4069,8773037,TCOON,IAN,2022,3600.0
2022-09-27 13:00:00,0.594,0.032,-0.5619999999999999,-96.712402,28.4069,8773037,TCOON,IAN,2022,3660.0
2022-09-27 14:00:00,0.591,0.027,-0.564,-96.712402,28.4069,8773037,TCOON,IAN,2022,3720.0
2022-09-27 15:00:00,0.545,0.021,-0.524,-96.712402,28.4069,8773037,TCOON,IAN,2022,3780.0
2022-09-27 16:00:00,0.591,0.015,-0.576,-96.712402,28.4069,8773037,TCOON,IAN,2022,3840.0
2022-09-27 17:00:00,0.564,0.01,-0.5539999999999999,-96.712402,28.4069,8773037,TCOON,IAN,2022,3900.0
2022-09-27 18:00:00,0.646,0.004,-0.642,-96.712402,28.4069,8773037,TCOON,IAN,2022,3960.0
2022-09-27 19:00:00,0.682,-0.001,-0.683,-96.712402,28.4069,8773037,TCOON,IAN,2022,4020.0
2022-09-27 20:00:00,0.705,-0.005,-0.71,-96.712402,28.4069,8773037,TCOON,IAN,2022,4080.0
2022-09-27 21:00:00,0.705,-0.009,-0.714,-96.712402,28.4069,8773037,TCOON,IAN,2022,4140.0
2022-09-27 22:00:00,0.751,-0.012,-0.763,-96.712402,28.4069,8773037,TCOON,IAN,2022,4200.0
2022-09-27 23:00:00,0.755,-0.015,-0.77,-96.712402,28.4069,8773037,TCOON,IAN,2022,4260.0
2022-09-28 00:00:00,0.778,-0.017,-0.795,-96.712402,28.4069,8773037,TCOON,IAN,2022,4320.0
2022-09-28 01:00:00,0.761,-0.018,-0.779,-96.712402,28.4069,8773037,TCOON,IAN,2022,4380.0
2022-09-28 02:00:00,0.751,-0.018,-0.769,-96.712402,28.4069,8773037,TCOON,IAN,2022,4440.0
2022-09-28 03:00:00,0.755,-0.014,-0.769,-96.712402,28.4069,8773037,TCOON,IAN,2022,4500.0
2022-09-28 04:00:00,0.764,-0.007,-0.771,-96.712402,28.4069,8773037,TCOON,IAN,2022,4560.0
2022-09-28 05:00:00,0.781,-0.003,-0.784,-96.712402,28.4069,8773037,TCOON,IAN,2022,4620.0
2022-09-28 06:00:00,0.784,0.002,-0.782,-96.712402,28.4069,8773037,TCOON,IAN,2022,4680.0
2022-09-28 07:00:00,0.817,0.005,-0.8119999999999999,-96.712402,28.4069,8773037,TCOON,IAN,2022,4740.0
2022-09-28 08:00:00,0.801,0.01,-0.791,-96.712402,28.4069,8773037,TCOON,IAN,2022,4800.0
2022-09-28 09:00:00,0.761,0.016,-0.745,-96.712402,28.4069,8773037,TCOON,IAN,2022,4860.0
2022-09-28 10:00:00,0.781,0.021,-0.76,-96.712402,28.4069,8773037,TCOON,IAN,2022,4920.0
2022-09-28 11:00:00,0.791,0.027,-0.764,-96.712402,28.4069,8773037,TCOON,IAN,2022,4980.0
2022-09-28 12:00:00,0.784,0.031,-0.753,-96.712402,28.4069,8773037,TCOON,IAN,2022,5040.0
2022-09-28 13:00:00,0.781,0.034,-0.747,-96.712402,28.4069,8773037,TCOON,IAN,2022,5100.0
2022-09-28 14:00:00,0.83,0.035,-0.7949999999999999,-96.712402,28.4069,8773037,TCOON,IAN,2022,5160.0
2022-09-28 15:00:00,0.869,0.033,-0.836,-96.712402,28.4069,8773037,TCOON,IAN,2022,5220.0
2022-09-28 16:00:00,0.909,0.026,-0.883,-96.712402,28.4069,8773037,TCOON,IAN,2022,5280.0
2022-09-28 17:00:00,0.948,0.018,-0.93,-96.712402,28.4069,8773037,TCOON,IAN,2022,5340.0
2022-09-28 18:00:00,0.961,0.01,-0.951,-96.712402,28.4069,8773037,TCOON,IAN,2022,5400.0
2022-09-28 19:00:00,0.974,0.004,-0.97,-96.712402,28.4069,8773037,TCOON,IAN,2022,5460.0
2022-09-28 20:00:00,1.007,-0.001,-1.0079999999999998,-96.712402,28.4069,8773037,TCOON,IAN,2022,5520.0
2022-09-28 21:00:00,0.932,-0.005,-0.937,-96.712402,28.4069,8773037,TCOON,IAN,2022,5580.0
2022-09-28 22:00:00,0.981,-0.01,-0.991,-96.712402,28.4069,8773037,TCOON,IAN,2022,5640.0
2022-09-28 23:00:00,0.988,-0.014,-1.002,-96.712402,28.4069,8773037,TCOON,IAN,2022,5700.0
2022-09-29 00:00:00,0.961,-0.017,-0.978,-96.712402,28.4069,8773037,TCOON,IAN,2022,5760.0
2022-09-29 01:00:00,0.955,-0.021,-0.976,-96.712402,28.4069,8773037,TCOON,IAN,2022,5820.0
2022-09-29 02:00:00,0.968,-0.025,-0.993,-96.712402,28.4069,8773037,TCOON,IAN,2022,5880.0
2022-09-29 03:00:00,0.968,-0.027,-0.995,-96.712402,28.4069,8773037,TCOON,IAN,2022,5940.0
2022-09-29 04:00:00,0.994,-0.027,-1.021,-96.712402,28.4069,8773037,TCOON,IAN,2022,6000.0
2022-09-29 05:00:00,1.014,-0.021,-1.035,-96.712402,28.4069,8773037,TCOON,IAN,2022,6060.0
2022-09-29 06:00:00,1.043,-0.014,-1.057,-96.712402,28.4069,8773037,TCOON,IAN,2022,6120.0
2022-09-29 07:00:00,1.047,-0.009,-1.0559999999999998,-96.712402,28.4069,8773037,TCOON,IAN,2022,6180.0
2022-09-29 08:00:00,1.056,-0.002,-1.058,-96.712402,28.4069,8773037,TCOON,IAN,2022,6240.0
2022-09-29 09:00:00,1.083,0.002,-1.081,-96.712402,28.4069,8773037,TCOON,IAN,2022,6300.0
2022-09-29 10:00:00,1.099,0.009,-1.09,-96.712402,28.4069,8773037,TCOON,IAN,2022,6360.0
2022-09-29 11:00:00,1.125,0.017,-1.108,-96.712402,28.4069,8773037,TCOON,IAN,2022,6420.0
2022-09-29 12:00:00,1.145,0.023,-1.122,-96.712402,28.4069,8773037,TCOON,IAN,2022,6480.0
2022-09-29 13:00:00,1.122,0.029,-1.0930000000000002,-96.712402,28.4069,8773037,TCOON,IAN,2022,6540.0
2022-09-29 14:00:00,1.109,0.034,-1.075,-96.712402,28.4069,8773037,TCOON,IAN,2022,6600.0
2022-09-29 15:00:00,1.122,0.037,-1.0850000000000002,-96.712402,28.4069,8773037,TCOON,IAN,2022,6660.0
2022-09-29 16:00:00,1.148,0.037,-1.111,-96.712402,28.4069,8773037,TCOON,IAN,2022,6720.0
2022-09-29 17:00:00,1.145,0.033,-1.112,-96.712402,28.4069,8773037,TCOON,IAN,2022,6780.0
2022-09-29 18:00:00,1.161,0.028,-1.133,-96.712402,28.4069,8773037,TCOON,IAN,2022,6840.0
2022-09-29 19:00:00,1.158,0.02,-1.138,-96.712402,28.4069,8773037,TCOON,IAN,2022,6900.0
2022-09-29 20:00:00,1.158,0.012,-1.146,-96.712402,28.4069,8773037,TCOON,IAN,2022,6960.0
2022-09-29 21:00:00,1.132,0.007,-1.125,-96.712402,28.4069,8773037,TCOON,IAN,2022,7020.0
2022-09-29 22:00:00,1.043,0.003,-1.04,-96.712402,28.4069,8773037,TCOON,IAN,2022,7080.0
2022-09-29 23:00:00,1.03,-0.001,-1.031,-96.712402,28.4069,8773037,TCOON,IAN,2022,7140.0
2022-09-30 00:00:00,1.004,-0.005,-1.009,-96.712402,28.4069,8773037,TCOON,IAN,2022,7200.0
2022-09-30 01:00:00,1.047,-0.009,-1.0559999999999998,-96.712402,28.4069,8773037,TCOON,IAN,2022,7260.0
2022-09-30 02:00:00,1.007,-0.013,-1.0199999999999998,-96.712402,28.4069,8773037,TCOON,IAN,2022,7320.0
2022-09-30 03:00:00,1.05,-0.016,-1.066,-96.712402,28.4069,8773037,TCOON,IAN,2022,7380.0
2022-09-30 04:00:00,1.056,-0.018,-1.074,-96.712402,28.4069,8773037,TCOON,IAN,2022,7440.0
2022-09-30 05:00:00,1.093,-0.017,-1.11,-96.712402,28.4069,8773037,TCOON,IAN,2022,7500.0
2022-09-30 06:00:00,1.109,-0.012,-1.121,-96.712402,28.4069,8773037,TCOON,IAN,2022,7560.0
2022-09-30 07:00:00,1.148,-0.004,-1.152,-96.712402,28.4069,8773037,TCOON,IAN,2022,7620.0
2022-09-30 08:00:00,1.188,0.002,-1.186,-96.712402,28.4069,8773037,TCOON,IAN,2022,7680.0
2022-09-30 09:00:00,1.184,0.009,-1.175,-96.712402,28.4069,8773037,TCOON,IAN,2022,7740.0
2022-09-30 10:00:00,1.161,0.014,-1.147,-96.712402,28.4069,8773037,TCOON,IAN,2022,7800.0
2022-09-30 11:00:00,1.204,0.021,-1.183,-96.712402,28.4069,8773037,TCOON,IAN,2022,7860.0
2022-09-30 12:00:00,1.237,0.029,-1.2080000000000002,-96.712402,28.4069,8773037,TCOON,IAN,2022,7920.0
2022-09-30 13:00:00,1.263,0.034,-1.229,-96.712402,28.4069,8773037,TCOON,IAN,2022,7980.0
2022-09-30 14:00:00,1.306,0.039,-1.267,-96.712402,28.4069,8773037,TCOON,IAN,2022,8040.0
2022-09-30 15:00:00,1.316,0.043,-1.273,-96.712402,28.4069,8773037,TCOON,IAN,2022,8100.0
2022-09-30 16:00:00,1.352,0.046,-1.306,-96.712402,28.4069,8773037,TCOON,IAN,2022,8160.0
2022-09-30 17:00:00,1.362,0.045,-1.3170000000000002,-96.712402,28.4069,8773037,TCOON,IAN,2022,8220.0
2022-09-30 18:00:00,1.322,0.04,-1.282,-96.712402,28.4069,8773037,TCOON,IAN,2022,8280.0
2022-09-30 19:00:00,1.257,0.033,-1.224,-96.712402,28.4069,8773037,TCOON,IAN,2022,8340.0
2022-09-30 20:00:00,1.253,0.025,-1.228,-96.712402,28.4069,8773037,TCOON,IAN,2022,8400.0
2022-09-30 21:00:00,1.201,0.017,-1.1840000000000002,-96.712402,28.4069,8773037,TCOON,IAN,2022,8460.0
2022-09-30 22:00:00,1.129,0.012,-1.117,-96.712402,28.4069,8773037,TCOON,IAN,2022,8520.0
2022-09-30 23:00:00,1.099,0.007,-1.092,-96.712402,28.4069,8773037,TCOON,IAN,2022,8580.0
2022-10-01 00:00:00,1.056,0.002,-1.054,-96.712402,28.4069,8773037,TCOON,IAN,2022,8640.0
2022-10-01 01:00:00,1.027,-0.003,-1.0299999999999998,-96.712402,28.4069,8773037,TCOON,IAN,2022,8700.0
2022-10-01 02:00:00,1.01,-0.009,-1.019,-96.712402,28.4069,8773037,TCOON,IAN,2022,8760.0
2022-10-01 03:00:00,1.053,-0.014,-1.067,-96.712402,28.4069,8773037,TCOON,IAN,2022,8820.0
2022-10-01 04:00:00,1.04,-0.019,-1.059,-96.712402,28.4069,8773037,TCOON,IAN,2022,8880.0
2022-10-01 05:00:00,1.043,-0.021,-1.0639999999999998,-96.712402,28.4069,8773037,TCOON,IAN,2022,8940.0
2022-10-01 06:00:00,1.024,-0.021,-1.045,-96.712402,28.4069,8773037,TCOON,IAN,2022,9000.0
2022-10-01 07:00:00,1.04,-0.016,-1.056,-96.712402,28.4069,8773037,TCOON,IAN,2022,9060.0
2022-10-01 08:00:00,1.053,-0.007,-1.0599999999999998,-96.712402,28.4069,8773037,TCOON,IAN,2022,9120.0
2022-10-01 09:00:00,1.06,-0.0,-1.06,-96.712402,28.4069,8773037,TCOON,IAN,2022,9180.0
2022-10-01 10:00:00,1.076,0.007,-1.0690000000000002,-96.712402,28.4069,8773037,TCOON,IAN,2022,9240.0
2022-10-01 11:00:00,1.086,0.013,-1.0730000000000002,-96.712402,28.4069,8773037,TCOON,IAN,2022,9300.0
2022-10-01 12:00:00,1.066,0.018,-1.048,-96.712402,28.4069,8773037,TCOON,IAN,2022,9360.0
2022-10-01 13:00:00,1.05,0.025,-1.025,-96.712402,28.4069,8773037,TCOON,IAN,2022,9420.0
2022-10-01 14:00:00,1.043,0.032,-1.011,-96.712402,28.4069,8773037,TCOON,IAN,2022,9480.0
2022-10-01 15:00:00,1.063,0.037,-1.026,-96.712402,28.4069,8773037,TCOON,IAN,2022,9540.0
2022-10-01 16:00:00,1.063,0.042,-1.021,-96.712402,28.4069,8773037,TCOON,IAN,2022,9600.0
2022-10-01 17:00:00,1.099,0.043,-1.056,-96.712402,28.4069,8773037,TCOON,IAN,2022,9660.0
2022-10-01 18:00:00,1.05,0.043,-1.007,-96.712402,28.4069,8773037,TCOON,IAN,2022,9720.0
2022-10-01 19:00:00,1.027,0.038,-0.989,-96.712402,28.4069,8773037,TCOON,IAN,2022,9780.0
2022-10-01 20:00:00,1.004,0.029,-0.975,-96.712402,28.4069,8773037,TCOON,IAN,2022,9840.0
2022-10-01 21:00:00,0.974,0.02,-0.954,-96.712402,28.4069,8773037,TCOON,IAN,2022,9900.0
2022-10-01 22:00:00,0.955,0.013,-0.942,-96.712402,28.4069,8773037,TCOON,IAN,2022,9960.0
2022-10-01 23:00:00,0.932,0.008,-0.924,-96.712402,28.4069,8773037,TCOON,IAN,2022,10020.0
2022-09-25 01:00:00,0.899,0.115,-0.784,-96.60739,28.6406,8773259,TCOON,IAN,2022,60.0
2022-09-25 02:00:00,0.791,0.051,-0.74,-96.60739,28.6406,8773259,TCOON,IAN,2022,120.0
2022-09-25 03:00:00,0.679,-0.016,-0.6950000000000001,-96.60739,28.6406,8773259,TCOON,IAN,2022,180.0
2022-09-25 04:00:00,0.584,-0.079,-0.6629999999999999,-96.60739,28.6406,8773259,TCOON,IAN,2022,240.0
2022-09-25 05:00:00,0.492,-0.136,-0.628,-96.60739,28.6406,8773259,TCOON,IAN,2022,300.0
2022-09-25 06:00:00,0.423,-0.18,-0.603,-96.60739,28.6406,8773259,TCOON,IAN,2022,360.0
2022-09-25 07:00:00,0.377,-0.203,-0.5800000000000001,-96.60739,28.6406,8773259,TCOON,IAN,2022,420.0
2022-09-25 08:00:00,0.377,-0.198,-0.575,-96.60739,28.6406,8773259,TCOON,IAN,2022,480.0
2022-09-25 09:00:00,0.443,-0.158,-0.601,-96.60739,28.6406,8773259,TCOON,IAN,2022,540.0
2022-09-25 10:00:00,0.525,-0.101,-0.626,-96.60739,28.6406,8773259,TCOON,IAN,2022,600.0
2022-09-25 11:00:00,0.627,-0.04,-0.667,-96.60739,28.6406,8773259,TCOON,IAN,2022,660.0
2022-09-25 12:00:00,0.682,0.011,-0.671,-96.60739,28.6406,8773259,TCOON,IAN,2022,720.0
2022-09-25 13:00:00,0.751,0.048,-0.703,-96.60739,28.6406,8773259,TCOON,IAN,2022,780.0
2022-09-25 14:00:00,0.804,0.066,-0.738,-96.60739,28.6406,8773259,TCOON,IAN,2022,840.0
2022-09-25 15:00:00,0.761,0.066,-0.6950000000000001,-96.60739,28.6406,8773259,TCOON,IAN,2022,900.0
2022-09-25 16:00:00,0.64,0.051,-0.589,-96.60739,28.6406,8773259,TCOON,IAN,2022,960.0
2022-09-25 17:00:00,0.528,0.029,-0.499,-96.60739,28.6406,8773259,TCOON,IAN,2022,1020.0
2022-09-25 18:00:00,0.486,0.008,-0.478,-96.60739,28.6406,8773259,TCOON,IAN,2022,1080.0
2022-09-25 19:00:00,0.449,0.003,-0.446,-96.60739,28.6406,8773259,TCOON,IAN,2022,1140.0
2022-09-25 20:00:00,0.459,0.029,-0.43,-96.60739,28.6406,8773259,TCOON,IAN,2022,1200.0
2022-09-25 21:00:00,0.476,0.078,-0.3979999999999999,-96.60739,28.6406,8773259,TCOON,IAN,2022,1260.0
2022-09-25 22:00:00,0.564,0.135,-0.4289999999999999,-96.60739,28.6406,8773259,TCOON,IAN,2022,1320.0
2022-09-25 23:00:00,0.692,0.182,-0.51,-96.60739,28.6406,8773259,TCOON,IAN,2022,1380.0
2022-09-26 00:00:00,0.755,0.21,-0.545,-96.60739,28.6406,8773259,TCOON,IAN,2022,1440.0
2022-09-26 01:00:00,0.748,0.212,-0.536,-96.60739,28.6406,8773259,TCOON,IAN,2022,1500.0
2022-09-26 02:00:00,0.702,0.179,-0.5229999999999999,-96.60739,28.6406,8773259,TCOON,IAN,2022,1560.0
2022-09-26 03:00:00,0.633,0.124,-0.509,-96.60739,28.6406,8773259,TCOON,IAN,2022,1620.0
2022-09-26 04:00:00,0.525,0.058,-0.467,-96.60739,28.6406,8773259,TCOON,IAN,2022,1680.0
2022-09-26 05:00:00,0.43,-0.004,-0.434,-96.60739,28.6406,8773259,TCOON,IAN,2022,1740.0
2022-09-26 06:00:00,0.344,-0.058,-0.4019999999999999,-96.60739,28.6406,8773259,TCOON,IAN,2022,1800.0
2022-09-26 07:00:00,0.295,-0.095,-0.39,-96.60739,28.6406,8773259,TCOON,IAN,2022,1860.0
2022-09-26 08:00:00,0.289,-0.111,-0.3999999999999999,-96.60739,28.6406,8773259,TCOON,IAN,2022,1920.0
2022-09-26 09:00:00,0.351,-0.103,-0.4539999999999999,-96.60739,28.6406,8773259,TCOON,IAN,2022,1980.0
2022-09-26 10:00:00,0.469,-0.07,-0.5389999999999999,-96.60739,28.6406,8773259,TCOON,IAN,2022,2040.0
2022-09-26 11:00:00,0.558,-0.027,-0.5850000000000001,-96.60739,28.6406,8773259,TCOON,IAN,2022,2100.0
2022-09-26 12:00:00,0.65,0.012,-0.638,-96.60739,28.6406,8773259,TCOON,IAN,2022,2160.0
2022-09-26 13:00:00,0.699,0.036,-0.6629999999999999,-96.60739,28.6406,8773259,TCOON,IAN,2022,2220.0
2022-09-26 14:00:00,0.686,0.036,-0.65,-96.60739,28.6406,8773259,TCOON,IAN,2022,2280.0
2022-09-26 15:00:00,0.712,0.008,-0.704,-96.60739,28.6406,8773259,TCOON,IAN,2022,2340.0
2022-09-26 16:00:00,0.591,-0.032,-0.623,-96.60739,28.6406,8773259,TCOON,IAN,2022,2400.0
2022-09-26 17:00:00,0.476,-0.075,-0.5509999999999999,-96.60739,28.6406,8773259,TCOON,IAN,2022,2460.0
2022-09-26 18:00:00,0.446,-0.11,-0.556,-96.60739,28.6406,8773259,TCOON,IAN,2022,2520.0
2022-09-26 19:00:00,0.381,-0.128,-0.509,-96.60739,28.6406,8773259,TCOON,IAN,2022,2580.0
2022-09-26 20:00:00,0.381,-0.115,-0.496,-96.60739,28.6406,8773259,TCOON,IAN,2022,2640.0
2022-09-26 21:00:00,0.423,-0.066,-0.489,-96.60739,28.6406,8773259,TCOON,IAN,2022,2700.0
2022-09-26 22:00:00,0.541,0.001,-0.54,-96.60739,28.6406,8773259,TCOON,IAN,2022,2760.0
2022-09-26 23:00:00,0.686,0.07,-0.6160000000000001,-96.60739,28.6406,8773259,TCOON,IAN,2022,2820.0
2022-09-27 00:00:00,0.807,0.129,-0.678,-96.60739,28.6406,8773259,TCOON,IAN,2022,2880.0
2022-09-27 01:00:00,0.912,0.17,-0.742,-96.60739,28.6406,8773259,TCOON,IAN,2022,2940.0
2022-09-27 02:00:00,0.965,0.191,-0.774,-96.60739,28.6406,8773259,TCOON,IAN,2022,3000.0
2022-09-27 03:00:00,0.955,0.188,-0.7669999999999999,-96.60739,28.6406,8773259,TCOON,IAN,2022,3060.0
2022-09-27 04:00:00,0.804,0.161,-0.643,-96.60739,28.6406,8773259,TCOON,IAN,2022,3120.0
2022-09-27 05:00:00,0.751,0.116,-0.635,-96.60739,28.6406,8773259,TCOON,IAN,2022,3180.0
2022-09-27 06:00:00,0.643,0.067,-0.5760000000000001,-96.60739,28.6406,8773259,TCOON,IAN,2022,3240.0
2022-09-27 07:00:00,0.538,0.023,-0.515,-96.60739,28.6406,8773259,TCOON,IAN,2022,3300.0
2022-09-27 08:00:00,0.528,-0.007,-0.535,-96.60739,28.6406,8773259,TCOON,IAN,2022,3360.0
2022-09-27 09:00:00,0.469,-0.02,-0.489,-96.60739,28.6406,8773259,TCOON,IAN,2022,3420.0
2022-09-27 10:00:00,0.495,-0.015,-0.51,-96.60739,28.6406,8773259,TCOON,IAN,2022,3480.0
2022-09-27 11:00:00,0.564,-0.0,-0.564,-96.60739,28.6406,8773259,TCOON,IAN,2022,3540.0
2022-09-27 12:00:00,0.6,0.008,-0.592,-96.60739,28.6406,8773259,TCOON,IAN,2022,3600.0
2022-09-27 13:00:00,0.633,-0.005,-0.638,-96.60739,28.6406,8773259,TCOON,IAN,2022,3660.0
2022-09-27 14:00:00,0.63,-0.043,-0.673,-96.60739,28.6406,8773259,TCOON,IAN,2022,3720.0
2022-09-27 15:00:00,0.568,-0.099,-0.6669999999999999,-96.60739,28.6406,8773259,TCOON,IAN,2022,3780.0
2022-09-27 16:00:00,0.525,-0.159,-0.684,-96.60739,28.6406,8773259,TCOON,IAN,2022,3840.0
2022-09-27 17:00:00,0.472,-0.214,-0.6859999999999999,-96.60739,28.6406,8773259,TCOON,IAN,2022,3900.0
2022-09-27 18:00:00,0.407,-0.262,-0.669,-96.60739,28.6406,8773259,TCOON,IAN,2022,3960.0
2022-09-27 19:00:00,0.417,-0.294,-0.711,-96.60739,28.6406,8773259,TCOON,IAN,2022,4020.0
2022-09-27 20:00:00,0.528,-0.299,-0.827,-96.60739,28.6406,8773259,TCOON,IAN,2022,4080.0
2022-09-27 21:00:00,0.709,-0.261,-0.97,-96.60739,28.6406,8773259,TCOON,IAN,2022,4140.0
2022-09-27 22:00:00,0.846,-0.188,-1.034,-96.60739,28.6406,8773259,TCOON,IAN,2022,4200.0
2022-09-27 23:00:00,0.961,-0.101,-1.062,-96.60739,28.6406,8773259,TCOON,IAN,2022,4260.0
2022-09-28 00:00:00,1.05,-0.019,-1.069,-96.60739,28.6406,8773259,TCOON,IAN,2022,4320.0
2022-09-28 01:00:00,1.109,0.055,-1.054,-96.60739,28.6406,8773259,TCOON,IAN,2022,4380.0
2022-09-28 02:00:00,1.165,0.116,-1.049,-96.60739,28.6406,8773259,TCOON,IAN,2022,4440.0
2022-09-28 03:00:00,1.204,0.162,-1.042,-96.60739,28.6406,8773259,TCOON,IAN,2022,4500.0
2022-09-28 04:00:00,1.26,0.192,-1.068,-96.60739,28.6406,8773259,TCOON,IAN,2022,4560.0
2022-09-28 05:00:00,1.293,0.206,-1.087,-96.60739,28.6406,8773259,TCOON,IAN,2022,4620.0
2022-09-28 06:00:00,1.312,0.205,-1.107,-96.60739,28.6406,8773259,TCOON,IAN,2022,4680.0
2022-09-28 07:00:00,1.243,0.188,-1.0550000000000002,-96.60739,28.6406,8773259,TCOON,IAN,2022,4740.0
2022-09-28 08:00:00,1.168,0.162,-1.006,-96.60739,28.6406,8773259,TCOON,IAN,2022,4800.0
2022-09-28 09:00:00,1.129,0.136,-0.993,-96.60739,28.6406,8773259,TCOON,IAN,2022,4860.0
2022-09-28 11:00:00,1.112,0.098,-1.014,-96.60739,28.6406,8773259,TCOON,IAN,2022,4980.0
2022-09-28 12:00:00,1.096,0.074,-1.022,-96.60739,28.6406,8773259,TCOON,IAN,2022,5040.0
2022-09-28 13:00:00,1.043,0.035,-1.008,-96.60739,28.6406,8773259,TCOON,IAN,2022,5100.0
2022-09-28 14:00:00,1.014,-0.019,-1.033,-96.60739,28.6406,8773259,TCOON,IAN,2022,5160.0
2022-09-28 15:00:00,1.001,-0.082,-1.083,-96.60739,28.6406,8773259,TCOON,IAN,2022,5220.0
2022-09-28 16:00:00,0.978,-0.149,-1.127,-96.60739,28.6406,8773259,TCOON,IAN,2022,5280.0
2022-09-28 17:00:00,0.879,-0.218,-1.097,-96.60739,28.6406,8773259,TCOON,IAN,2022,5340.0
2022-09-28 18:00:00,0.728,-0.282,-1.01,-96.60739,28.6406,8773259,TCOON,IAN,2022,5400.0
2022-09-28 19:00:00,0.709,-0.337,-1.046,-96.60739,28.6406,8773259,TCOON,IAN,2022,5460.0
2022-09-28 20:00:00,0.676,-0.377,-1.053,-96.60739,28.6406,8773259,TCOON,IAN,2022,5520.0
2022-09-28 21:00:00,0.722,-0.387,-1.109,-96.60739,28.6406,8773259,TCOON,IAN,2022,5580.0
2022-09-28 22:00:00,0.791,-0.352,-1.143,-96.60739,28.6406,8773259,TCOON,IAN,2022,5640.0
2022-09-28 23:00:00,0.883,-0.278,-1.161,-96.60739,28.6406,8773259,TCOON,IAN,2022,5700.0
2022-09-29 00:00:00,1.017,-0.19,-1.207,-96.60739,28.6406,8773259,TCOON,IAN,2022,5760.0
2022-09-29 01:00:00,1.142,-0.1,-1.242,-96.60739,28.6406,8773259,TCOON,IAN,2022,5820.0
2022-09-29 02:00:00,1.237,-0.019,-1.256,-96.60739,28.6406,8773259,TCOON,IAN,2022,5880.0
2022-09-29 03:00:00,1.322,0.054,-1.268,-96.60739,28.6406,8773259,TCOON,IAN,2022,5940.0
2022-09-29 04:00:00,1.371,0.117,-1.254,-96.60739,28.6406,8773259,TCOON,IAN,2022,6000.0
2022-09-29 05:00:00,1.421,0.17,-1.251,-96.60739,28.6406,8773259,TCOON,IAN,2022,6060.0
2022-09-29 06:00:00,1.46,0.212,-1.248,-96.60739,28.6406,8773259,TCOON,IAN,2022,6120.0
2022-09-29 07:00:00,1.48,0.241,-1.239,-96.60739,28.6406,8773259,TCOON,IAN,2022,6180.0
2022-09-29 08:00:00,1.467,0.258,-1.209,-96.60739,28.6406,8773259,TCOON,IAN,2022,6240.0
2022-09-29 09:00:00,1.444,0.264,-1.18,-96.60739,28.6406,8773259,TCOON,IAN,2022,6300.0
2022-09-29 10:00:00,1.401,0.266,-1.135,-96.60739,28.6406,8773259,TCOON,IAN,2022,6360.0
2022-09-29 11:00:00,1.385,0.264,-1.121,-96.60739,28.6406,8773259,TCOON,IAN,2022,6420.0
2022-09-29 12:00:00,1.352,0.244,-1.108,-96.60739,28.6406,8773259,TCOON,IAN,2022,6480.0
2022-09-29 13:00:00,1.263,0.196,-1.067,-96.60739,28.6406,8773259,TCOON,IAN,2022,6540.0
2022-09-29 14:00:00,1.138,0.126,-1.012,-96.60739,28.6406,8773259,TCOON,IAN,2022,6600.0
2022-09-29 15:00:00,1.027,0.048,-0.979,-96.60739,28.6406,8773259,TCOON,IAN,2022,6660.0
2022-09-29 16:00:00,0.915,-0.032,-0.947,-96.60739,28.6406,8773259,TCOON,IAN,2022,6720.0
2022-09-29 17:00:00,0.814,-0.111,-0.925,-96.60739,28.6406,8773259,TCOON,IAN,2022,6780.0
2022-09-29 18:00:00,0.705,-0.185,-0.8899999999999999,-96.60739,28.6406,8773259,TCOON,IAN,2022,6840.0
2022-09-29 19:00:00,0.617,-0.257,-0.874,-96.60739,28.6406,8773259,TCOON,IAN,2022,6900.0
2022-09-29 20:00:00,0.614,-0.319,-0.933,-96.60739,28.6406,8773259,TCOON,IAN,2022,6960.0
2022-09-29 21:00:00,0.591,-0.365,-0.956,-96.60739,28.6406,8773259,TCOON,IAN,2022,7020.0
2022-09-29 22:00:00,0.63,-0.383,-1.013,-96.60739,28.6406,8773259,TCOON,IAN,2022,7080.0
2022-09-29 23:00:00,0.725,-0.356,-1.081,-96.60739,28.6406,8773259,TCOON,IAN,2022,7140.0
2022-09-30 00:00:00,0.879,-0.288,-1.167,-96.60739,28.6406,8773259,TCOON,IAN,2022,7200.0
2022-09-30 01:00:00,1.017,-0.199,-1.216,-96.60739,28.6406,8773259,TCOON,IAN,2022,7260.0
2022-09-30 02:00:00,1.191,-0.108,-1.2990000000000002,-96.60739,28.6406,8773259,TCOON,IAN,2022,7320.0
2022-09-30 03:00:00,1.339,-0.025,-1.364,-96.60739,28.6406,8773259,TCOON,IAN,2022,7380.0
2022-09-30 04:00:00,1.463,0.051,-1.412,-96.60739,28.6406,8773259,TCOON,IAN,2022,7440.0
2022-09-30 05:00:00,1.568,0.117,-1.451,-96.60739,28.6406,8773259,TCOON,IAN,2022,7500.0
2022-09-30 06:00:00,1.65,0.174,-1.476,-96.60739,28.6406,8773259,TCOON,IAN,2022,7560.0
2022-09-30 07:00:00,1.709,0.222,-1.487,-96.60739,28.6406,8773259,TCOON,IAN,2022,7620.0
2022-09-30 08:00:00,1.778,0.262,-1.516,-96.60739,28.6406,8773259,TCOON,IAN,2022,7680.0
2022-09-30 09:00:00,1.837,0.291,-1.546,-96.60739,28.6406,8773259,TCOON,IAN,2022,7740.0
2022-09-30 10:00:00,1.877,0.308,-1.569,-96.60739,28.6406,8773259,TCOON,IAN,2022,7800.0
2022-09-30 11:00:00,1.841,0.308,-1.533,-96.60739,28.6406,8773259,TCOON,IAN,2022,7860.0
2022-09-30 12:00:00,1.732,0.286,-1.446,-96.60739,28.6406,8773259,TCOON,IAN,2022,7920.0
2022-09-30 13:00:00,1.591,0.241,-1.35,-96.60739,28.6406,8773259,TCOON,IAN,2022,7980.0
2022-09-30 14:00:00,1.46,0.175,-1.285,-96.60739,28.6406,8773259,TCOON,IAN,2022,8040.0
2022-09-30 15:00:00,1.322,0.099,-1.223,-96.60739,28.6406,8773259,TCOON,IAN,2022,8100.0
2022-09-30 16:00:00,1.161,0.018,-1.143,-96.60739,28.6406,8773259,TCOON,IAN,2022,8160.0
2022-09-30 17:00:00,0.991,-0.064,-1.055,-96.60739,28.6406,8773259,TCOON,IAN,2022,8220.0
2022-09-30 18:00:00,0.801,-0.147,-0.948,-96.60739,28.6406,8773259,TCOON,IAN,2022,8280.0
2022-09-30 19:00:00,0.702,-0.23,-0.932,-96.60739,28.6406,8773259,TCOON,IAN,2022,8340.0
2022-09-30 20:00:00,0.614,-0.305,-0.919,-96.60739,28.6406,8773259,TCOON,IAN,2022,8400.0
2022-09-30 21:00:00,0.515,-0.371,-0.886,-96.60739,28.6406,8773259,TCOON,IAN,2022,8460.0
2022-09-30 22:00:00,0.479,-0.423,-0.902,-96.60739,28.6406,8773259,TCOON,IAN,2022,8520.0
2022-09-30 23:00:00,0.44,-0.45,-0.89,-96.60739,28.6406,8773259,TCOON,IAN,2022,8580.0
2022-10-01 00:00:00,0.512,-0.433,-0.945,-96.60739,28.6406,8773259,TCOON,IAN,2022,8640.0
2022-10-01 01:00:00,0.63,-0.368,-0.998,-96.60739,28.6406,8773259,TCOON,IAN,2022,8700.0
2022-10-01 02:00:00,0.791,-0.276,-1.0670000000000002,-96.60739,28.6406,8773259,TCOON,IAN,2022,8760.0
2022-10-01 03:00:00,0.951,-0.181,-1.132,-96.60739,28.6406,8773259,TCOON,IAN,2022,8820.0
2022-10-01 04:00:00,1.076,-0.089,-1.165,-96.60739,28.6406,8773259,TCOON,IAN,2022,8880.0
2022-10-01 05:00:00,1.198,-0.003,-1.2009999999999998,-96.60739,28.6406,8773259,TCOON,IAN,2022,8940.0
2022-10-01 06:00:00,1.293,0.077,-1.216,-96.60739,28.6406,8773259,TCOON,IAN,2022,9000.0
2022-10-01 07:00:00,1.365,0.15,-1.215,-96.60739,28.6406,8773259,TCOON,IAN,2022,9060.0
2022-10-01 08:00:00,1.404,0.214,-1.19,-96.60739,28.6406,8773259,TCOON,IAN,2022,9120.0
2022-10-01 09:00:00,1.411,0.269,-1.142,-96.60739,28.6406,8773259,TCOON,IAN,2022,9180.0
2022-10-01 10:00:00,1.378,0.309,-1.069,-96.60739,28.6406,8773259,TCOON,IAN,2022,9240.0
2022-10-01 11:00:00,1.316,0.332,-0.984,-96.60739,28.6406,8773259,TCOON,IAN,2022,9300.0
2022-10-01 12:00:00,1.27,0.331,-0.939,-96.60739,28.6406,8773259,TCOON,IAN,2022,9360.0
2022-10-01 13:00:00,1.181,0.3,-0.881,-96.60739,28.6406,8773259,TCOON,IAN,2022,9420.0
2022-10-01 14:00:00,1.06,0.244,-0.8160000000000001,-96.60739,28.6406,8773259,TCOON,IAN,2022,9480.0
2022-10-01 15:00:00,0.935,0.171,-0.764,-96.60739,28.6406,8773259,TCOON,IAN,2022,9540.0
2022-10-01 16:00:00,0.81,0.089,-0.7210000000000001,-96.60739,28.6406,8773259,TCOON,IAN,2022,9600.0
2022-10-01 17:00:00,0.643,0.002,-0.641,-96.60739,28.6406,8773259,TCOON,IAN,2022,9660.0
2022-10-01 18:00:00,0.505,-0.085,-0.59,-96.60739,28.6406,8773259,TCOON,IAN,2022,9720.0
2022-10-01 19:00:00,0.364,-0.172,-0.536,-96.60739,28.6406,8773259,TCOON,IAN,2022,9780.0
2022-10-01 20:00:00,0.335,-0.256,-0.591,-96.60739,28.6406,8773259,TCOON,IAN,2022,9840.0
2022-10-01 21:00:00,0.246,-0.338,-0.5840000000000001,-96.60739,28.6406,8773259,TCOON,IAN,2022,9900.0
2022-10-01 22:00:00,0.223,-0.411,-0.634,-96.60739,28.6406,8773259,TCOON,IAN,2022,9960.0
2022-10-01 23:00:00,0.128,-0.471,-0.599,-96.60739,28.6406,8773259,TCOON,IAN,2022,10020.0
2022-09-25 01:00:00,0.696,0.046,-0.6499999999999999,-96.395556,28.445861,8773701,TCOON,IAN,2022,60.0
2022-09-25 02:00:00,0.604,-0.005,-0.609,-96.395556,28.445861,8773701,TCOON,IAN,2022,120.0
2022-09-25 03:00:00,0.558,-0.056,-0.6140000000000001,-96.395556,28.445861,8773701,TCOON,IAN,2022,180.0
2022-09-25 04:00:00,0.515,-0.098,-0.613,-96.395556,28.445861,8773701,TCOON,IAN,2022,240.0
2022-09-25 05:00:00,0.466,-0.125,-0.591,-96.395556,28.445861,8773701,TCOON,IAN,2022,300.0
2022-09-25 06:00:00,0.472,-0.136,-0.608,-96.395556,28.445861,8773701,TCOON,IAN,2022,360.0
2022-09-25 07:00:00,0.551,-0.127,-0.678,-96.395556,28.445861,8773701,TCOON,IAN,2022,420.0
2022-09-25 08:00:00,0.617,-0.112,-0.729,-96.395556,28.445861,8773701,TCOON,IAN,2022,480.0
2022-09-25 09:00:00,0.669,-0.086,-0.755,-96.395556,28.445861,8773701,TCOON,IAN,2022,540.0
2022-09-25 10:00:00,0.741,-0.058,-0.799,-96.395556,28.445861,8773701,TCOON,IAN,2022,600.0
2022-09-25 11:00:00,0.758,-0.029,-0.787,-96.395556,28.445861,8773701,TCOON,IAN,2022,660.0
2022-09-25 12:00:00,0.82,-0.004,-0.824,-96.395556,28.445861,8773701,TCOON,IAN,2022,720.0
2022-09-25 13:00:00,0.781,0.016,-0.765,-96.395556,28.445861,8773701,TCOON,IAN,2022,780.0
2022-09-25 14:00:00,0.768,0.029,-0.739,-96.395556,28.445861,8773701,TCOON,IAN,2022,840.0
2022-09-25 15:00:00,0.715,0.031,-0.6839999999999999,-96.395556,28.445861,8773701,TCOON,IAN,2022,900.0
2022-09-25 16:00:00,0.643,0.034,-0.609,-96.395556,28.445861,8773701,TCOON,IAN,2022,960.0
2022-09-25 17:00:00,0.636,0.038,-0.598,-96.395556,28.445861,8773701,TCOON,IAN,2022,1020.0
2022-09-25 18:00:00,0.558,0.057,-0.501,-96.395556,28.445861,8773701,TCOON,IAN,2022,1080.0
2022-09-25 19:00:00,0.604,0.074,-0.53,-96.395556,28.445861,8773701,TCOON,IAN,2022,1140.0
2022-09-25 20:00:00,0.574,0.095,-0.479,-96.395556,28.445861,8773701,TCOON,IAN,2022,1200.0
2022-09-25 21:00:00,0.614,0.115,-0.499,-96.395556,28.445861,8773701,TCOON,IAN,2022,1260.0
2022-09-25 22:00:00,0.61,0.136,-0.474,-96.395556,28.445861,8773701,TCOON,IAN,2022,1320.0
2022-09-25 23:00:00,0.614,0.146,-0.4679999999999999,-96.395556,28.445861,8773701,TCOON,IAN,2022,1380.0
2022-09-26 00:00:00,0.636,0.141,-0.495,-96.395556,28.445861,8773701,TCOON,IAN,2022,1440.0
2022-09-26 01:00:00,0.581,0.127,-0.4539999999999999,-96.395556,28.445861,8773701,TCOON,IAN,2022,1500.0
2022-09-26 02:00:00,0.577,0.101,-0.476,-96.395556,28.445861,8773701,TCOON,IAN,2022,1560.0
2022-09-26 03:00:00,0.531,0.063,-0.468,-96.395556,28.445861,8773701,TCOON,IAN,2022,1620.0
2022-09-26 04:00:00,0.502,0.021,-0.481,-96.395556,28.445861,8773701,TCOON,IAN,2022,1680.0
2022-09-26 05:00:00,0.495,-0.015,-0.51,-96.395556,28.445861,8773701,TCOON,IAN,2022,1740.0
2022-09-26 06:00:00,0.499,-0.038,-0.537,-96.395556,28.445861,8773701,TCOON,IAN,2022,1800.0
2022-09-26 07:00:00,0.607,-0.052,-0.659,-96.395556,28.445861,8773701,TCOON,IAN,2022,1860.0
2022-09-26 08:00:00,0.633,-0.048,-0.681,-96.395556,28.445861,8773701,TCOON,IAN,2022,1920.0
2022-09-26 09:00:00,0.696,-0.046,-0.742,-96.395556,28.445861,8773701,TCOON,IAN,2022,1980.0
2022-09-26 10:00:00,0.761,-0.033,-0.794,-96.395556,28.445861,8773701,TCOON,IAN,2022,2040.0
2022-09-26 11:00:00,0.863,-0.026,-0.889,-96.395556,28.445861,8773701,TCOON,IAN,2022,2100.0
2022-09-26 12:00:00,0.892,-0.018,-0.91,-96.395556,28.445861,8773701,TCOON,IAN,2022,2160.0
2022-09-26 13:00:00,0.912,-0.023,-0.935,-96.395556,28.445861,8773701,TCOON,IAN,2022,2220.0
2022-09-26 14:00:00,0.837,-0.024,-0.861,-96.395556,28.445861,8773701,TCOON,IAN,2022,2280.0
2022-09-26 15:00:00,0.719,-0.037,-0.756,-96.395556,28.445861,8773701,TCOON,IAN,2022,2340.0
2022-09-26 16:00:00,0.682,-0.05,-0.7320000000000001,-96.395556,28.445861,8773701,TCOON,IAN,2022,2400.0
2022-09-26 17:00:00,0.643,-0.067,-0.71,-96.395556,28.445861,8773701,TCOON,IAN,2022,2460.0
2022-09-26 18:00:00,0.65,-0.065,-0.7150000000000001,-96.395556,28.445861,8773701,TCOON,IAN,2022,2520.0
2022-09-26 19:00:00,0.702,-0.043,-0.745,-96.395556,28.445861,8773701,TCOON,IAN,2022,2580.0
2022-09-26 20:00:00,0.794,-0.019,-0.8130000000000001,-96.395556,28.445861,8773701,TCOON,IAN,2022,2640.0
2022-09-26 21:00:00,0.856,0.012,-0.844,-96.395556,28.445861,8773701,TCOON,IAN,2022,2700.0
2022-09-26 22:00:00,0.902,0.051,-0.851,-96.395556,28.445861,8773701,TCOON,IAN,2022,2760.0
2022-09-26 23:00:00,0.958,0.086,-0.872,-96.395556,28.445861,8773701,TCOON,IAN,2022,2820.0
2022-09-27 00:00:00,1.001,0.113,-0.8879999999999999,-96.395556,28.445861,8773701,TCOON,IAN,2022,2880.0
2022-09-27 01:00:00,0.938,0.131,-0.8069999999999999,-96.395556,28.445861,8773701,TCOON,IAN,2022,2940.0
2022-09-27 02:00:00,0.909,0.136,-0.773,-96.395556,28.445861,8773701,TCOON,IAN,2022,3000.0
2022-09-27 03:00:00,0.853,0.125,-0.728,-96.395556,28.445861,8773701,TCOON,IAN,2022,3060.0
2022-09-27 04:00:00,0.745,0.107,-0.638,-96.395556,28.445861,8773701,TCOON,IAN,2022,3120.0
2022-09-27 05:00:00,0.919,0.084,-0.8350000000000001,-96.395556,28.445861,8773701,TCOON,IAN,2022,3180.0
2022-09-27 06:00:00,0.827,0.059,-0.768,-96.395556,28.445861,8773701,TCOON,IAN,2022,3240.0
2022-09-27 07:00:00,0.732,0.042,-0.69,-96.395556,28.445861,8773701,TCOON,IAN,2022,3300.0
2022-09-27 08:00:00,0.807,0.028,-0.779,-96.395556,28.445861,8773701,TCOON,IAN,2022,3360.0
2022-09-27 09:00:00,0.804,0.012,-0.792,-96.395556,28.445861,8773701,TCOON,IAN,2022,3420.0
2022-09-27 10:00:00,0.794,-0.002,-0.796,-96.395556,28.445861,8773701,TCOON,IAN,2022,3480.0
2022-09-27 11:00:00,0.827,-0.023,-0.85,-96.395556,28.445861,8773701,TCOON,IAN,2022,3540.0
2022-09-27 12:00:00,0.741,-0.051,-0.792,-96.395556,28.445861,8773701,TCOON,IAN,2022,3600.0
2022-09-27 13:00:00,0.722,-0.077,-0.7989999999999999,-96.395556,28.445861,8773701,TCOON,IAN,2022,3660.0
2022-09-27 14:00:00,0.751,-0.111,-0.862,-96.395556,28.445861,8773701,TCOON,IAN,2022,3720.0
2022-09-27 15:00:00,0.702,-0.15,-0.852,-96.395556,28.445861,8773701,TCOON,IAN,2022,3780.0
2022-09-27 16:00:00,0.659,-0.186,-0.845,-96.395556,28.445861,8773701,TCOON,IAN,2022,3840.0
2022-09-27 17:00:00,0.587,-0.217,-0.8039999999999999,-96.395556,28.445861,8773701,TCOON,IAN,2022,3900.0
2022-09-27 18:00:00,0.679,-0.231,-0.91,-96.395556,28.445861,8773701,TCOON,IAN,2022,3960.0
2022-09-27 19:00:00,0.679,-0.211,-0.89,-96.395556,28.445861,8773701,TCOON,IAN,2022,4020.0
2022-09-27 20:00:00,0.787,-0.178,-0.965,-96.395556,28.445861,8773701,TCOON,IAN,2022,4080.0
2022-09-27 21:00:00,0.86,-0.137,-0.997,-96.395556,28.445861,8773701,TCOON,IAN,2022,4140.0
2022-09-27 22:00:00,0.928,-0.085,-1.013,-96.395556,28.445861,8773701,TCOON,IAN,2022,4200.0
2022-09-27 23:00:00,1.043,-0.024,-1.067,-96.395556,28.445861,8773701,TCOON,IAN,2022,4260.0
2022-09-28 00:00:00,1.086,0.027,-1.0590000000000002,-96.395556,28.445861,8773701,TCOON,IAN,2022,4320.0
2022-09-28 01:00:00,1.161,0.072,-1.089,-96.395556,28.445861,8773701,TCOON,IAN,2022,4380.0
2022-09-28 02:00:00,1.234,0.115,-1.119,-96.395556,28.445861,8773701,TCOON,IAN,2022,4440.0
2022-09-28 03:00:00,1.309,0.146,-1.163,-96.395556,28.445861,8773701,TCOON,IAN,2022,4500.0
2022-09-28 04:00:00,1.339,0.164,-1.175,-96.395556,28.445861,8773701,TCOON,IAN,2022,4560.0
2022-09-28 05:00:00,1.319,0.17,-1.149,-96.395556,28.445861,8773701,TCOON,IAN,2022,4620.0
2022-09-28 06:00:00,1.309,0.166,-1.143,-96.395556,28.445861,8773701,TCOON,IAN,2022,4680.0
2022-09-28 07:00:00,1.312,0.164,-1.148,-96.395556,28.445861,8773701,TCOON,IAN,2022,4740.0
2022-09-28 08:00:00,1.362,0.156,-1.2060000000000002,-96.395556,28.445861,8773701,TCOON,IAN,2022,4800.0
2022-09-28 09:00:00,1.375,0.134,-1.241,-96.395556,28.445861,8773701,TCOON,IAN,2022,4860.0
2022-09-28 10:00:00,1.302,0.101,-1.201,-96.395556,28.445861,8773701,TCOON,IAN,2022,4920.0
2022-09-28 11:00:00,1.266,0.063,-1.203,-96.395556,28.445861,8773701,TCOON,IAN,2022,4980.0
2022-09-28 12:00:00,1.188,0.015,-1.173,-96.395556,28.445861,8773701,TCOON,IAN,2022,5040.0
2022-09-28 13:00:00,1.178,-0.036,-1.214,-96.395556,28.445861,8773701,TCOON,IAN,2022,5100.0
2022-09-28 14:00:00,1.03,-0.091,-1.121,-96.395556,28.445861,8773701,TCOON,IAN,2022,5160.0
2022-09-28 15:00:00,0.938,-0.15,-1.088,-96.395556,28.445861,8773701,TCOON,IAN,2022,5220.0
2022-09-28 16:00:00,0.771,-0.208,-0.979,-96.395556,28.445861,8773701,TCOON,IAN,2022,5280.0
2022-09-28 17:00:00,0.728,-0.258,-0.986,-96.395556,28.445861,8773701,TCOON,IAN,2022,5340.0
2022-09-28 18:00:00,0.705,-0.295,-1.0,-96.395556,28.445861,8773701,TCOON,IAN,2022,5400.0
2022-09-28 19:00:00,0.751,-0.311,-1.062,-96.395556,28.445861,8773701,TCOON,IAN,2022,5460.0
2022-09-28 20:00:00,0.758,-0.291,-1.049,-96.395556,28.445861,8773701,TCOON,IAN,2022,5520.0
2022-09-28 21:00:00,0.866,-0.26,-1.126,-96.395556,28.445861,8773701,TCOON,IAN,2022,5580.0
2022-09-28 22:00:00,0.988,-0.216,-1.204,-96.395556,28.445861,8773701,TCOON,IAN,2022,5640.0
2022-09-28 23:00:00,1.073,-0.161,-1.234,-96.395556,28.445861,8773701,TCOON,IAN,2022,5700.0
2022-09-29 00:00:00,1.224,-0.092,-1.316,-96.395556,28.445861,8773701,TCOON,IAN,2022,5760.0
2022-09-29 01:00:00,1.299,-0.029,-1.3279999999999998,-96.395556,28.445861,8773701,TCOON,IAN,2022,5820.0
2022-09-29 02:00:00,1.394,0.032,-1.362,-96.395556,28.445861,8773701,TCOON,IAN,2022,5880.0
2022-09-29 03:00:00,1.47,0.09,-1.38,-96.395556,28.445861,8773701,TCOON,IAN,2022,5940.0
2022-09-29 04:00:00,1.516,0.138,-1.378,-96.395556,28.445861,8773701,TCOON,IAN,2022,6000.0
2022-09-29 05:00:00,1.552,0.172,-1.38,-96.395556,28.445861,8773701,TCOON,IAN,2022,6060.0
2022-09-29 06:00:00,1.555,0.204,-1.351,-96.395556,28.445861,8773701,TCOON,IAN,2022,6120.0
2022-09-29 07:00:00,1.578,0.223,-1.355,-96.395556,28.445861,8773701,TCOON,IAN,2022,6180.0
2022-09-29 08:00:00,1.565,0.243,-1.322,-96.395556,28.445861,8773701,TCOON,IAN,2022,6240.0
2022-09-29 09:00:00,1.572,0.256,-1.316,-96.395556,28.445861,8773701,TCOON,IAN,2022,6300.0
2022-09-29 10:00:00,1.512,0.238,-1.274,-96.395556,28.445861,8773701,TCOON,IAN,2022,6360.0
2022-09-29 11:00:00,1.47,0.197,-1.273,-96.395556,28.445861,8773701,TCOON,IAN,2022,6420.0
2022-09-29 12:00:00,1.375,0.157,-1.218,-96.395556,28.445861,8773701,TCOON,IAN,2022,6480.0
2022-09-29 13:00:00,1.293,0.097,-1.196,-96.395556,28.445861,8773701,TCOON,IAN,2022,6540.0
2022-09-29 14:00:00,1.158,0.029,-1.129,-96.395556,28.445861,8773701,TCOON,IAN,2022,6600.0
2022-09-29 15:00:00,1.073,-0.036,-1.109,-96.395556,28.445861,8773701,TCOON,IAN,2022,6660.0
2022-09-29 16:00:00,0.968,-0.108,-1.076,-96.395556,28.445861,8773701,TCOON,IAN,2022,6720.0
2022-09-29 17:00:00,0.879,-0.18,-1.059,-96.395556,28.445861,8773701,TCOON,IAN,2022,6780.0
2022-09-29 18:00:00,0.794,-0.236,-1.03,-96.395556,28.445861,8773701,TCOON,IAN,2022,6840.0
2022-09-29 19:00:00,0.741,-0.278,-1.019,-96.395556,28.445861,8773701,TCOON,IAN,2022,6900.0
2022-09-29 20:00:00,0.774,-0.301,-1.075,-96.395556,28.445861,8773701,TCOON,IAN,2022,6960.0
2022-09-29 21:00:00,0.82,-0.287,-1.107,-96.395556,28.445861,8773701,TCOON,IAN,2022,7020.0
2022-09-29 22:00:00,0.945,-0.262,-1.207,-96.395556,28.445861,8773701,TCOON,IAN,2022,7080.0
2022-09-29 23:00:00,1.076,-0.216,-1.292,-96.395556,28.445861,8773701,TCOON,IAN,2022,7140.0
2022-09-30 00:00:00,1.194,-0.163,-1.357,-96.395556,28.445861,8773701,TCOON,IAN,2022,7200.0
2022-09-30 01:00:00,1.339,-0.096,-1.435,-96.395556,28.445861,8773701,TCOON,IAN,2022,7260.0
2022-09-30 02:00:00,1.447,-0.03,-1.477,-96.395556,28.445861,8773701,TCOON,IAN,2022,7320.0
2022-09-30 03:00:00,1.558,0.029,-1.529,-96.395556,28.445861,8773701,TCOON,IAN,2022,7380.0
2022-09-30 04:00:00,1.654,0.091,-1.563,-96.395556,28.445861,8773701,TCOON,IAN,2022,7440.0
2022-09-30 05:00:00,1.732,0.144,-1.588,-96.395556,28.445861,8773701,TCOON,IAN,2022,7500.0
2022-09-30 06:00:00,1.765,0.189,-1.5759999999999998,-96.395556,28.445861,8773701,TCOON,IAN,2022,7560.0
2022-09-30 07:00:00,1.801,0.224,-1.577,-96.395556,28.445861,8773701,TCOON,IAN,2022,7620.0
2022-09-30 08:00:00,1.886,0.249,-1.637,-96.395556,28.445861,8773701,TCOON,IAN,2022,7680.0
2022-09-30 09:00:00,1.86,0.264,-1.596,-96.395556,28.445861,8773701,TCOON,IAN,2022,7740.0
2022-09-30 10:00:00,1.765,0.265,-1.5,-96.395556,28.445861,8773701,TCOON,IAN,2022,7800.0
2022-09-30 11:00:00,1.699,0.238,-1.461,-96.395556,28.445861,8773701,TCOON,IAN,2022,7860.0
2022-09-30 12:00:00,1.562,0.2,-1.362,-96.395556,28.445861,8773701,TCOON,IAN,2022,7920.0
2022-09-30 13:00:00,1.437,0.148,-1.289,-96.395556,28.445861,8773701,TCOON,IAN,2022,7980.0
2022-09-30 14:00:00,1.312,0.077,-1.235,-96.395556,28.445861,8773701,TCOON,IAN,2022,8040.0
2022-09-30 15:00:00,1.158,0.001,-1.157,-96.395556,28.445861,8773701,TCOON,IAN,2022,8100.0
2022-09-30 17:00:00,0.863,-0.156,-1.019,-96.395556,28.445861,8773701,TCOON,IAN,2022,8220.0
2022-09-30 18:00:00,0.741,-0.229,-0.97,-96.395556,28.445861,8773701,TCOON,IAN,2022,8280.0
2022-09-30 19:00:00,0.643,-0.29,-0.933,-96.395556,28.445861,8773701,TCOON,IAN,2022,8340.0
2022-09-30 20:00:00,0.584,-0.337,-0.921,-96.395556,28.445861,8773701,TCOON,IAN,2022,8400.0
2022-09-30 21:00:00,0.541,-0.365,-0.906,-96.395556,28.445861,8773701,TCOON,IAN,2022,8460.0
2022-09-30 22:00:00,0.591,-0.36,-0.951,-96.395556,28.445861,8773701,TCOON,IAN,2022,8520.0
2022-09-30 23:00:00,0.673,-0.324,-0.997,-96.395556,28.445861,8773701,TCOON,IAN,2022,8580.0
2022-10-01 00:00:00,0.778,-0.28,-1.058,-96.395556,28.445861,8773701,TCOON,IAN,2022,8640.0
2022-10-01 01:00:00,0.915,-0.221,-1.136,-96.395556,28.445861,8773701,TCOON,IAN,2022,8700.0
2022-10-01 02:00:00,1.024,-0.147,-1.171,-96.395556,28.445861,8773701,TCOON,IAN,2022,8760.0
2022-10-01 03:00:00,1.115,-0.074,-1.189,-96.395556,28.445861,8773701,TCOON,IAN,2022,8820.0
2022-10-01 04:00:00,1.224,-0.003,-1.227,-96.395556,28.445861,8773701,TCOON,IAN,2022,8880.0
2022-10-01 05:00:00,1.296,0.067,-1.229,-96.395556,28.445861,8773701,TCOON,IAN,2022,8940.0
2022-10-01 06:00:00,1.362,0.132,-1.23,-96.395556,28.445861,8773701,TCOON,IAN,2022,9000.0
2022-10-01 07:00:00,1.407,0.185,-1.222,-96.395556,28.445861,8773701,TCOON,IAN,2022,9060.0
2022-10-01 08:00:00,1.407,0.228,-1.179,-96.395556,28.445861,8773701,TCOON,IAN,2022,9120.0
2022-10-01 09:00:00,1.401,0.259,-1.142,-96.395556,28.445861,8773701,TCOON,IAN,2022,9180.0
2022-10-01 10:00:00,1.365,0.278,-1.087,-96.395556,28.445861,8773701,TCOON,IAN,2022,9240.0
2022-10-01 11:00:00,1.319,0.27,-1.049,-96.395556,28.445861,8773701,TCOON,IAN,2022,9300.0
2022-10-01 12:00:00,1.234,0.245,-0.989,-96.395556,28.445861,8773701,TCOON,IAN,2022,9360.0
2022-10-01 13:00:00,1.109,0.202,-0.907,-96.395556,28.445861,8773701,TCOON,IAN,2022,9420.0
2022-10-01 14:00:00,0.994,0.143,-0.851,-96.395556,28.445861,8773701,TCOON,IAN,2022,9480.0
2022-10-01 15:00:00,0.85,0.063,-0.7869999999999999,-96.395556,28.445861,8773701,TCOON,IAN,2022,9540.0
2022-10-01 16:00:00,0.669,-0.018,-0.687,-96.395556,28.445861,8773701,TCOON,IAN,2022,9600.0
2022-10-01 17:00:00,0.518,-0.101,-0.619,-96.395556,28.445861,8773701,TCOON,IAN,2022,9660.0
2022-10-01 18:00:00,0.358,-0.188,-0.546,-96.395556,28.445861,8773701,TCOON,IAN,2022,9720.0
2022-10-01 19:00:00,0.266,-0.264,-0.53,-96.395556,28.445861,8773701,TCOON,IAN,2022,9780.0
2022-10-01 20:00:00,0.18,-0.333,-0.513,-96.395556,28.445861,8773701,TCOON,IAN,2022,9840.0
2022-10-01 21:00:00,0.138,-0.388,-0.526,-96.395556,28.445861,8773701,TCOON,IAN,2022,9900.0
2022-10-01 22:00:00,0.128,-0.421,-0.5489999999999999,-96.395556,28.445861,8773701,TCOON,IAN,2022,9960.0
2022-10-01 23:00:00,0.161,-0.425,-0.586,-96.395556,28.445861,8773701,TCOON,IAN,2022,10020.0
2022-09-25 01:00:00,0.417,-0.213,-0.63,-96.330101,28.426901,8773767,NOAA_NOS,IAN,2022,60.0
2022-09-25 02:00:00,0.285,-0.283,-0.568,-96.330101,28.426901,8773767,NOAA_NOS,IAN,2022,120.0
2022-09-25 03:00:00,0.384,-0.313,-0.6970000000000001,-96.330101,28.426901,8773767,NOAA_NOS,IAN,2022,180.0
2022-09-25 04:00:00,0.495,-0.289,-0.784,-96.330101,28.426901,8773767,NOAA_NOS,IAN,2022,240.0
2022-09-25 05:00:00,0.725,-0.216,-0.941,-96.330101,28.426901,8773767,NOAA_NOS,IAN,2022,300.0
2022-09-25 06:00:00,0.814,-0.123,-0.937,-96.330101,28.426901,8773767,NOAA_NOS,IAN,2022,360.0
2022-09-25 07:00:00,0.912,-0.036,-0.948,-96.330101,28.426901,8773767,NOAA_NOS,IAN,2022,420.0
2022-09-25 08:00:00,0.974,0.041,-0.933,-96.330101,28.426901,8773767,NOAA_NOS,IAN,2022,480.0
2022-09-25 09:00:00,0.945,0.103,-0.842,-96.330101,28.426901,8773767,NOAA_NOS,IAN,2022,540.0
2022-09-25 10:00:00,1.027,0.118,-0.909,-96.330101,28.426901,8773767,NOAA_NOS,IAN,2022,600.0
2022-09-25 11:00:00,1.033,0.097,-0.936,-96.330101,28.426901,8773767,NOAA_NOS,IAN,2022,660.0
2022-09-25 12:00:00,1.083,0.06,-1.023,-96.330101,28.426901,8773767,NOAA_NOS,IAN,2022,720.0
2022-09-25 13:00:00,1.017,0.031,-0.986,-96.330101,28.426901,8773767,NOAA_NOS,IAN,2022,780.0
2022-09-25 14:00:00,0.82,0.003,-0.817,-96.330101,28.426901,8773767,NOAA_NOS,IAN,2022,840.0
2022-09-25 15:00:00,0.686,-0.014,-0.7000000000000001,-96.330101,28.426901,8773767,NOAA_NOS,IAN,2022,900.0
2022-09-25 16:00:00,0.728,-0.004,-0.732,-96.330101,28.426901,8773767,NOAA_NOS,IAN,2022,960.0
2022-09-25 17:00:00,0.764,0.042,-0.722,-96.330101,28.426901,8773767,NOAA_NOS,IAN,2022,1020.0
2022-09-25 18:00:00,0.83,0.118,-0.712,-96.330101,28.426901,8773767,NOAA_NOS,IAN,2022,1080.0
2022-09-25 19:00:00,0.968,0.194,-0.774,-96.330101,28.426901,8773767,NOAA_NOS,IAN,2022,1140.0
2022-09-25 20:00:00,0.968,0.242,-0.726,-96.330101,28.426901,8773767,NOAA_NOS,IAN,2022,1200.0
2022-09-25 21:00:00,1.004,0.252,-0.752,-96.330101,28.426901,8773767,NOAA_NOS,IAN,2022,1260.0
2022-09-25 22:00:00,0.853,0.223,-0.63,-96.330101,28.426901,8773767,NOAA_NOS,IAN,2022,1320.0
2022-09-25 23:00:00,0.837,0.153,-0.6839999999999999,-96.330101,28.426901,8773767,NOAA_NOS,IAN,2022,1380.0
2022-09-26 00:00:00,0.817,0.067,-0.75,-96.330101,28.426901,8773767,NOAA_NOS,IAN,2022,1440.0
2022-09-26 01:00:00,0.679,-0.022,-0.7010000000000001,-96.330101,28.426901,8773767,NOAA_NOS,IAN,2022,1500.0
2022-09-26 02:00:00,0.623,-0.108,-0.731,-96.330101,28.426901,8773767,NOAA_NOS,IAN,2022,1560.0
2022-09-26 03:00:00,0.548,-0.171,-0.7190000000000001,-96.330101,28.426901,8773767,NOAA_NOS,IAN,2022,1620.0
2022-09-26 04:00:00,0.607,-0.195,-0.802,-96.330101,28.426901,8773767,NOAA_NOS,IAN,2022,1680.0
2022-09-26 05:00:00,0.807,-0.175,-0.982,-96.330101,28.426901,8773767,NOAA_NOS,IAN,2022,1740.0
2022-09-26 06:00:00,0.876,-0.106,-0.982,-96.330101,28.426901,8773767,NOAA_NOS,IAN,2022,1800.0
2022-09-26 07:00:00,0.971,-0.038,-1.009,-96.330101,28.426901,8773767,NOAA_NOS,IAN,2022,1860.0
2022-09-26 08:00:00,1.033,0.019,-1.014,-96.330101,28.426901,8773767,NOAA_NOS,IAN,2022,1920.0
2022-09-26 09:00:00,0.971,0.05,-0.921,-96.330101,28.426901,8773767,NOAA_NOS,IAN,2022,1980.0
2022-09-26 10:00:00,1.024,0.061,-0.963,-96.330101,28.426901,8773767,NOAA_NOS,IAN,2022,2040.0
2022-09-26 11:00:00,1.079,0.026,-1.053,-96.330101,28.426901,8773767,NOAA_NOS,IAN,2022,2100.0
2022-09-26 12:00:00,1.122,-0.022,-1.144,-96.330101,28.426901,8773767,NOAA_NOS,IAN,2022,2160.0
2022-09-26 13:00:00,1.093,-0.077,-1.17,-96.330101,28.426901,8773767,NOAA_NOS,IAN,2022,2220.0
2022-09-26 14:00:00,0.866,-0.114,-0.98,-96.330101,28.426901,8773767,NOAA_NOS,IAN,2022,2280.0
2022-09-26 15:00:00,0.738,-0.144,-0.882,-96.330101,28.426901,8773767,NOAA_NOS,IAN,2022,2340.0
2022-09-26 16:00:00,0.856,-0.141,-0.997,-96.330101,28.426901,8773767,NOAA_NOS,IAN,2022,2400.0
2022-09-26 17:00:00,0.86,-0.109,-0.969,-96.330101,28.426901,8773767,NOAA_NOS,IAN,2022,2460.0
2022-09-26 18:00:00,1.076,-0.024,-1.1,-96.330101,28.426901,8773767,NOAA_NOS,IAN,2022,2520.0
2022-09-26 19:00:00,1.191,0.083,-1.108,-96.330101,28.426901,8773767,NOAA_NOS,IAN,2022,2580.0
2022-09-26 20:00:00,1.152,0.178,-0.974,-96.330101,28.426901,8773767,NOAA_NOS,IAN,2022,2640.0
2022-09-26 21:00:00,1.171,0.241,-0.93,-96.330101,28.426901,8773767,NOAA_NOS,IAN,2022,2700.0
2022-09-26 22:00:00,1.194,0.271,-0.923,-96.330101,28.426901,8773767,NOAA_NOS,IAN,2022,2760.0
2022-09-26 23:00:00,1.161,0.255,-0.906,-96.330101,28.426901,8773767,NOAA_NOS,IAN,2022,2820.0
2022-09-27 00:00:00,1.201,0.202,-0.999,-96.330101,28.426901,8773767,NOAA_NOS,IAN,2022,2880.0
2022-09-27 01:00:00,1.079,0.14,-0.939,-96.330101,28.426901,8773767,NOAA_NOS,IAN,2022,2940.0
2022-09-27 02:00:00,0.853,0.08,-0.773,-96.330101,28.426901,8773767,NOAA_NOS,IAN,2022,3000.0
2022-09-27 03:00:00,0.935,0.015,-0.92,-96.330101,28.426901,8773767,NOAA_NOS,IAN,2022,3060.0
2022-09-27 04:00:00,0.801,-0.037,-0.8380000000000001,-96.330101,28.426901,8773767,NOAA_NOS,IAN,2022,3120.0
2022-09-27 05:00:00,0.922,-0.061,-0.983,-96.330101,28.426901,8773767,NOAA_NOS,IAN,2022,3180.0
2022-09-27 06:00:00,0.932,-0.044,-0.976,-96.330101,28.426901,8773767,NOAA_NOS,IAN,2022,3240.0
2022-09-27 07:00:00,0.892,0.002,-0.89,-96.330101,28.426901,8773767,NOAA_NOS,IAN,2022,3300.0
2022-09-27 08:00:00,1.066,0.033,-1.033,-96.330101,28.426901,8773767,NOAA_NOS,IAN,2022,3360.0
2022-09-27 09:00:00,1.04,0.027,-1.013,-96.330101,28.426901,8773767,NOAA_NOS,IAN,2022,3420.0
2022-09-27 10:00:00,1.001,-0.001,-1.0019999999999998,-96.330101,28.426901,8773767,NOAA_NOS,IAN,2022,3480.0
2022-09-27 11:00:00,1.03,-0.06,-1.09,-96.330101,28.426901,8773767,NOAA_NOS,IAN,2022,3540.0
2022-09-27 12:00:00,0.909,-0.147,-1.056,-96.330101,28.426901,8773767,NOAA_NOS,IAN,2022,3600.0
2022-09-27 13:00:00,0.823,-0.242,-1.065,-96.330101,28.426901,8773767,NOAA_NOS,IAN,2022,3660.0
2022-09-27 14:00:00,0.81,-0.316,-1.126,-96.330101,28.426901,8773767,NOAA_NOS,IAN,2022,3720.0
2022-09-27 15:00:00,0.869,-0.365,-1.234,-96.330101,28.426901,8773767,NOAA_NOS,IAN,2022,3780.0
2022-09-27 16:00:00,0.761,-0.367,-1.128,-96.330101,28.426901,8773767,NOAA_NOS,IAN,2022,3840.0
2022-09-27 17:00:00,0.82,-0.33,-1.15,-96.330101,28.426901,8773767,NOAA_NOS,IAN,2022,3900.0
2022-09-27 18:00:00,1.004,-0.237,-1.241,-96.330101,28.426901,8773767,NOAA_NOS,IAN,2022,3960.0
2022-09-27 19:00:00,0.994,-0.1,-1.094,-96.330101,28.426901,8773767,NOAA_NOS,IAN,2022,4020.0
2022-09-27 20:00:00,1.086,0.055,-1.031,-96.330101,28.426901,8773767,NOAA_NOS,IAN,2022,4080.0
2022-09-27 21:00:00,1.132,0.181,-0.9509999999999998,-96.330101,28.426901,8773767,NOAA_NOS,IAN,2022,4140.0
2022-09-27 22:00:00,1.145,0.273,-0.872,-96.330101,28.426901,8773767,NOAA_NOS,IAN,2022,4200.0
2022-09-27 23:00:00,1.253,0.328,-0.9249999999999998,-96.330101,28.426901,8773767,NOAA_NOS,IAN,2022,4260.0
2022-09-28 00:00:00,1.322,0.326,-0.996,-96.330101,28.426901,8773767,NOAA_NOS,IAN,2022,4320.0
2022-09-28 01:00:00,1.414,0.29,-1.124,-96.330101,28.426901,8773767,NOAA_NOS,IAN,2022,4380.0
2022-09-28 02:00:00,1.509,0.254,-1.255,-96.330101,28.426901,8773767,NOAA_NOS,IAN,2022,4440.0
2022-09-28 03:00:00,1.542,0.215,-1.327,-96.330101,28.426901,8773767,NOAA_NOS,IAN,2022,4500.0
2022-09-28 04:00:00,1.493,0.168,-1.3250000000000002,-96.330101,28.426901,8773767,NOAA_NOS,IAN,2022,4560.0
2022-09-28 05:00:00,1.476,0.123,-1.353,-96.330101,28.426901,8773767,NOAA_NOS,IAN,2022,4620.0
2022-09-28 06:00:00,1.565,0.091,-1.474,-96.330101,28.426901,8773767,NOAA_NOS,IAN,2022,4680.0
2022-09-28 07:00:00,1.598,0.094,-1.504,-96.330101,28.426901,8773767,NOAA_NOS,IAN,2022,4740.0
2022-09-28 08:00:00,1.568,0.103,-1.465,-96.330101,28.426901,8773767,NOAA_NOS,IAN,2022,4800.0
2022-09-28 09:00:00,1.522,0.077,-1.445,-96.330101,28.426901,8773767,NOAA_NOS,IAN,2022,4860.0
2022-09-28 10:00:00,1.394,0.011,-1.383,-96.330101,28.426901,8773767,NOAA_NOS,IAN,2022,4920.0
2022-09-28 11:00:00,1.309,-0.075,-1.384,-96.330101,28.426901,8773767,NOAA_NOS,IAN,2022,4980.0
2022-09-28 12:00:00,1.194,-0.19,-1.384,-96.330101,28.426901,8773767,NOAA_NOS,IAN,2022,5040.0
2022-09-28 13:00:00,1.024,-0.311,-1.335,-96.330101,28.426901,8773767,NOAA_NOS,IAN,2022,5100.0
2022-09-28 14:00:00,0.725,-0.421,-1.146,-96.330101,28.426901,8773767,NOAA_NOS,IAN,2022,5160.0
2022-09-28 15:00:00,0.702,-0.504,-1.206,-96.330101,28.426901,8773767,NOAA_NOS,IAN,2022,5220.0
2022-09-28 16:00:00,0.614,-0.545,-1.159,-96.330101,28.426901,8773767,NOAA_NOS,IAN,2022,5280.0
2022-09-28 17:00:00,0.761,-0.531,-1.292,-96.330101,28.426901,8773767,NOAA_NOS,IAN,2022,5340.0
2022-09-28 18:00:00,0.919,-0.465,-1.384,-96.330101,28.426901,8773767,NOAA_NOS,IAN,2022,5400.0
2022-09-28 19:00:00,1.073,-0.349,-1.422,-96.330101,28.426901,8773767,NOAA_NOS,IAN,2022,5460.0
2022-09-28 20:00:00,1.099,-0.183,-1.282,-96.330101,28.426901,8773767,NOAA_NOS,IAN,2022,5520.0
2022-09-28 21:00:00,1.161,-0.018,-1.179,-96.330101,28.426901,8773767,NOAA_NOS,IAN,2022,5580.0
2022-09-28 22:00:00,1.227,0.12,-1.1070000000000002,-96.330101,28.426901,8773767,NOAA_NOS,IAN,2022,5640.0
2022-09-28 23:00:00,1.332,0.229,-1.103,-96.330101,28.426901,8773767,NOAA_NOS,IAN,2022,5700.0
2022-09-29 00:00:00,1.417,0.316,-1.101,-96.330101,28.426901,8773767,NOAA_NOS,IAN,2022,5760.0
2022-09-29 01:00:00,1.529,0.348,-1.181,-96.330101,28.426901,8773767,NOAA_NOS,IAN,2022,5820.0
2022-09-29 02:00:00,1.575,0.366,-1.209,-96.330101,28.426901,8773767,NOAA_NOS,IAN,2022,5880.0
2022-09-29 03:00:00,1.683,0.359,-1.324,-96.330101,28.426901,8773767,NOAA_NOS,IAN,2022,5940.0
2022-09-29 04:00:00,1.722,0.336,-1.386,-96.330101,28.426901,8773767,NOAA_NOS,IAN,2022,6000.0
2022-09-29 05:00:00,1.791,0.288,-1.503,-96.330101,28.426901,8773767,NOAA_NOS,IAN,2022,6060.0
2022-09-29 06:00:00,1.814,0.251,-1.5630000000000002,-96.330101,28.426901,8773767,NOAA_NOS,IAN,2022,6120.0
2022-09-29 07:00:00,1.821,0.224,-1.597,-96.330101,28.426901,8773767,NOAA_NOS,IAN,2022,6180.0
2022-09-29 08:00:00,1.798,0.234,-1.564,-96.330101,28.426901,8773767,NOAA_NOS,IAN,2022,6240.0
2022-09-29 09:00:00,1.788,0.231,-1.557,-96.330101,28.426901,8773767,NOAA_NOS,IAN,2022,6300.0
2022-09-29 10:00:00,1.604,0.158,-1.4460000000000002,-96.330101,28.426901,8773767,NOAA_NOS,IAN,2022,6360.0
2022-09-29 11:00:00,1.447,0.028,-1.419,-96.330101,28.426901,8773767,NOAA_NOS,IAN,2022,6420.0
2022-09-29 12:00:00,1.26,-0.109,-1.369,-96.330101,28.426901,8773767,NOAA_NOS,IAN,2022,6480.0
2022-09-29 13:00:00,0.974,-0.259,-1.233,-96.330101,28.426901,8773767,NOAA_NOS,IAN,2022,6540.0
2022-09-29 14:00:00,0.764,-0.396,-1.16,-96.330101,28.426901,8773767,NOAA_NOS,IAN,2022,6600.0
2022-09-29 15:00:00,0.656,-0.488,-1.144,-96.330101,28.426901,8773767,NOAA_NOS,IAN,2022,6660.0
2022-09-29 16:00:00,0.571,-0.563,-1.134,-96.330101,28.426901,8773767,NOAA_NOS,IAN,2022,6720.0
2022-09-29 17:00:00,0.636,-0.6,-1.236,-96.330101,28.426901,8773767,NOAA_NOS,IAN,2022,6780.0
2022-09-29 18:00:00,0.787,-0.571,-1.358,-96.330101,28.426901,8773767,NOAA_NOS,IAN,2022,6840.0
2022-09-29 19:00:00,0.925,-0.495,-1.42,-96.330101,28.426901,8773767,NOAA_NOS,IAN,2022,6900.0
2022-09-29 20:00:00,1.194,-0.374,-1.568,-96.330101,28.426901,8773767,NOAA_NOS,IAN,2022,6960.0
2022-09-29 21:00:00,1.365,-0.204,-1.569,-96.330101,28.426901,8773767,NOAA_NOS,IAN,2022,7020.0
2022-09-29 22:00:00,1.339,-0.036,-1.375,-96.330101,28.426901,8773767,NOAA_NOS,IAN,2022,7080.0
2022-09-29 23:00:00,1.401,0.117,-1.284,-96.330101,28.426901,8773767,NOAA_NOS,IAN,2022,7140.0
2022-09-30 00:00:00,1.506,0.236,-1.27,-96.330101,28.426901,8773767,NOAA_NOS,IAN,2022,7200.0
2022-09-30 01:00:00,1.663,0.32,-1.343,-96.330101,28.426901,8773767,NOAA_NOS,IAN,2022,7260.0
2022-09-30 02:00:00,1.755,0.36,-1.395,-96.330101,28.426901,8773767,NOAA_NOS,IAN,2022,7320.0
2022-09-30 03:00:00,1.903,0.371,-1.532,-96.330101,28.426901,8773767,NOAA_NOS,IAN,2022,7380.0
2022-09-30 04:00:00,2.001,0.384,-1.617,-96.330101,28.426901,8773767,NOAA_NOS,IAN,2022,7440.0
2022-09-30 05:00:00,2.014,0.376,-1.638,-96.330101,28.426901,8773767,NOAA_NOS,IAN,2022,7500.0
2022-09-30 06:00:00,1.955,0.36,-1.5950000000000002,-96.330101,28.426901,8773767,NOAA_NOS,IAN,2022,7560.0
2022-09-30 07:00:00,2.021,0.327,-1.694,-96.330101,28.426901,8773767,NOAA_NOS,IAN,2022,7620.0
2022-09-30 08:00:00,1.995,0.284,-1.711,-96.330101,28.426901,8773767,NOAA_NOS,IAN,2022,7680.0
2022-09-30 09:00:00,1.923,0.248,-1.675,-96.330101,28.426901,8773767,NOAA_NOS,IAN,2022,7740.0
2022-09-30 10:00:00,1.693,0.196,-1.497,-96.330101,28.426901,8773767,NOAA_NOS,IAN,2022,7800.0
2022-09-30 11:00:00,1.486,0.091,-1.395,-96.330101,28.426901,8773767,NOAA_NOS,IAN,2022,7860.0
2022-09-30 12:00:00,1.329,-0.044,-1.373,-96.330101,28.426901,8773767,NOAA_NOS,IAN,2022,7920.0
2022-09-30 13:00:00,1.04,-0.184,-1.224,-96.330101,28.426901,8773767,NOAA_NOS,IAN,2022,7980.0
2022-09-30 14:00:00,0.712,-0.342,-1.054,-96.330101,28.426901,8773767,NOAA_NOS,IAN,2022,8040.0
2022-09-30 15:00:00,0.492,-0.486,-0.978,-96.330101,28.426901,8773767,NOAA_NOS,IAN,2022,8100.0
2022-09-30 16:00:00,0.276,-0.6,-0.876,-96.330101,28.426901,8773767,NOAA_NOS,IAN,2022,8160.0
2022-09-30 17:00:00,0.171,-0.675,-0.8460000000000001,-96.330101,28.426901,8773767,NOAA_NOS,IAN,2022,8220.0
2022-09-30 18:00:00,0.151,-0.702,-0.853,-96.330101,28.426901,8773767,NOAA_NOS,IAN,2022,8280.0
2022-09-30 19:00:00,0.259,-0.672,-0.931,-96.330101,28.426901,8773767,NOAA_NOS,IAN,2022,8340.0
2022-09-30 20:00:00,0.512,-0.593,-1.105,-96.330101,28.426901,8773767,NOAA_NOS,IAN,2022,8400.0
2022-09-30 21:00:00,0.745,-0.461,-1.206,-96.330101,28.426901,8773767,NOAA_NOS,IAN,2022,8460.0
2022-09-30 22:00:00,1.02,-0.281,-1.3010000000000002,-96.330101,28.426901,8773767,NOAA_NOS,IAN,2022,8520.0
2022-09-30 23:00:00,1.152,-0.096,-1.248,-96.330101,28.426901,8773767,NOAA_NOS,IAN,2022,8580.0
2022-10-01 00:00:00,1.152,0.08,-1.0719999999999998,-96.330101,28.426901,8773767,NOAA_NOS,IAN,2022,8640.0
2022-10-01 01:00:00,1.201,0.224,-0.977,-96.330101,28.426901,8773767,NOAA_NOS,IAN,2022,8700.0
2022-10-01 02:00:00,1.299,0.331,-0.968,-96.330101,28.426901,8773767,NOAA_NOS,IAN,2022,8760.0
2022-10-01 03:00:00,1.362,0.396,-0.966,-96.330101,28.426901,8773767,NOAA_NOS,IAN,2022,8820.0
2022-10-01 04:00:00,1.486,0.435,-1.051,-96.330101,28.426901,8773767,NOAA_NOS,IAN,2022,8880.0
2022-10-01 05:00:00,1.545,0.459,-1.086,-96.330101,28.426901,8773767,NOAA_NOS,IAN,2022,8940.0
2022-10-01 06:00:00,1.611,0.463,-1.148,-96.330101,28.426901,8773767,NOAA_NOS,IAN,2022,9000.0
2022-10-01 07:00:00,1.604,0.444,-1.16,-96.330101,28.426901,8773767,NOAA_NOS,IAN,2022,9060.0
2022-10-01 08:00:00,1.585,0.397,-1.188,-96.330101,28.426901,8773767,NOAA_NOS,IAN,2022,9120.0
2022-10-01 09:00:00,1.565,0.338,-1.227,-96.330101,28.426901,8773767,NOAA_NOS,IAN,2022,9180.0
2022-10-01 10:00:00,1.43,0.275,-1.1549999999999998,-96.330101,28.426901,8773767,NOAA_NOS,IAN,2022,9240.0
2022-10-01 11:00:00,1.181,0.182,-0.999,-96.330101,28.426901,8773767,NOAA_NOS,IAN,2022,9300.0
2022-10-01 12:00:00,0.935,0.051,-0.884,-96.330101,28.426901,8773767,NOAA_NOS,IAN,2022,9360.0
2022-10-01 13:00:00,0.633,-0.1,-0.733,-96.330101,28.426901,8773767,NOAA_NOS,IAN,2022,9420.0
2022-10-01 14:00:00,0.397,-0.264,-0.661,-96.330101,28.426901,8773767,NOAA_NOS,IAN,2022,9480.0
2022-10-01 15:00:00,0.148,-0.441,-0.589,-96.330101,28.426901,8773767,NOAA_NOS,IAN,2022,9540.0
2022-10-01 16:00:00,-0.102,-0.579,-0.477,-96.330101,28.426901,8773767,NOAA_NOS,IAN,2022,9600.0
2022-10-01 17:00:00,-0.272,-0.688,-0.4159999999999999,-96.330101,28.426901,8773767,NOAA_NOS,IAN,2022,9660.0
2022-10-01 18:00:00,-0.338,-0.76,-0.422,-96.330101,28.426901,8773767,NOAA_NOS,IAN,2022,9720.0
2022-10-01 19:00:00,-0.266,-0.797,-0.531,-96.330101,28.426901,8773767,NOAA_NOS,IAN,2022,9780.0
2022-10-01 20:00:00,-0.128,-0.784,-0.656,-96.330101,28.426901,8773767,NOAA_NOS,IAN,2022,9840.0
2022-10-01 21:00:00,0.049,-0.712,-0.761,-96.330101,28.426901,8773767,NOAA_NOS,IAN,2022,9900.0
2022-10-01 22:00:00,0.318,-0.568,-0.8859999999999999,-96.330101,28.426901,8773767,NOAA_NOS,IAN,2022,9960.0
2022-10-01 23:00:00,0.551,-0.388,-0.939,-96.330101,28.426901,8773767,NOAA_NOS,IAN,2022,10020.0
2022-09-25 01:00:00,0.794,0.07,-0.724,-97.046079,28.0217,8774770,NOAA_NOS,IAN,2022,60.0
2022-09-25 02:00:00,0.751,0.051,-0.7,-97.046079,28.0217,8774770,NOAA_NOS,IAN,2022,120.0
2022-09-25 03:00:00,0.735,0.032,-0.703,-97.046079,28.0217,8774770,NOAA_NOS,IAN,2022,180.0
2022-09-25 04:00:00,0.702,0.008,-0.694,-97.046079,28.0217,8774770,NOAA_NOS,IAN,2022,240.0
2022-09-25 05:00:00,0.676,-0.015,-0.6910000000000001,-97.046079,28.0217,8774770,NOAA_NOS,IAN,2022,300.0
2022-09-25 06:00:00,0.653,-0.032,-0.685,-97.046079,28.0217,8774770,NOAA_NOS,IAN,2022,360.0
2022-09-25 07:00:00,0.65,-0.04,-0.6900000000000001,-97.046079,28.0217,8774770,NOAA_NOS,IAN,2022,420.0
2022-09-25 08:00:00,0.673,-0.036,-0.7090000000000001,-97.046079,28.0217,8774770,NOAA_NOS,IAN,2022,480.0
2022-09-25 09:00:00,0.709,-0.015,-0.724,-97.046079,28.0217,8774770,NOAA_NOS,IAN,2022,540.0
2022-09-25 10:00:00,0.741,-0.001,-0.742,-97.046079,28.0217,8774770,NOAA_NOS,IAN,2022,600.0
2022-09-25 11:00:00,0.725,0.006,-0.719,-97.046079,28.0217,8774770,NOAA_NOS,IAN,2022,660.0
2022-09-25 12:00:00,0.781,0.009,-0.772,-97.046079,28.0217,8774770,NOAA_NOS,IAN,2022,720.0
2022-09-25 13:00:00,0.728,0.013,-0.715,-97.046079,28.0217,8774770,NOAA_NOS,IAN,2022,780.0
2022-09-25 14:00:00,0.669,0.018,-0.651,-97.046079,28.0217,8774770,NOAA_NOS,IAN,2022,840.0
2022-09-25 15:00:00,0.702,0.02,-0.6819999999999999,-97.046079,28.0217,8774770,NOAA_NOS,IAN,2022,900.0
2022-09-25 16:00:00,0.65,0.018,-0.632,-97.046079,28.0217,8774770,NOAA_NOS,IAN,2022,960.0
2022-09-25 17:00:00,0.673,0.021,-0.652,-97.046079,28.0217,8774770,NOAA_NOS,IAN,2022,1020.0
2022-09-25 18:00:00,0.646,0.029,-0.617,-97.046079,28.0217,8774770,NOAA_NOS,IAN,2022,1080.0
2022-09-25 19:00:00,0.62,0.05,-0.57,-97.046079,28.0217,8774770,NOAA_NOS,IAN,2022,1140.0
2022-09-25 20:00:00,0.594,0.07,-0.524,-97.046079,28.0217,8774770,NOAA_NOS,IAN,2022,1200.0
2022-09-25 21:00:00,0.597,0.082,-0.515,-97.046079,28.0217,8774770,NOAA_NOS,IAN,2022,1260.0
2022-09-25 22:00:00,0.591,0.092,-0.499,-97.046079,28.0217,8774770,NOAA_NOS,IAN,2022,1320.0
2022-09-25 23:00:00,0.541,0.099,-0.442,-97.046079,28.0217,8774770,NOAA_NOS,IAN,2022,1380.0
2022-09-26 00:00:00,0.568,0.103,-0.4649999999999999,-97.046079,28.0217,8774770,NOAA_NOS,IAN,2022,1440.0
2022-09-26 01:00:00,0.577,0.098,-0.479,-97.046079,28.0217,8774770,NOAA_NOS,IAN,2022,1500.0
2022-09-26 02:00:00,0.574,0.077,-0.4969999999999999,-97.046079,28.0217,8774770,NOAA_NOS,IAN,2022,1560.0
2022-09-26 03:00:00,0.541,0.06,-0.481,-97.046079,28.0217,8774770,NOAA_NOS,IAN,2022,1620.0
2022-09-26 04:00:00,0.538,0.044,-0.494,-97.046079,28.0217,8774770,NOAA_NOS,IAN,2022,1680.0
2022-09-26 05:00:00,0.531,0.029,-0.502,-97.046079,28.0217,8774770,NOAA_NOS,IAN,2022,1740.0
2022-09-26 06:00:00,0.535,0.014,-0.521,-97.046079,28.0217,8774770,NOAA_NOS,IAN,2022,1800.0
2022-09-26 07:00:00,0.522,0.002,-0.52,-97.046079,28.0217,8774770,NOAA_NOS,IAN,2022,1860.0
2022-09-26 08:00:00,0.528,-0.004,-0.532,-97.046079,28.0217,8774770,NOAA_NOS,IAN,2022,1920.0
2022-09-26 09:00:00,0.574,0.002,-0.572,-97.046079,28.0217,8774770,NOAA_NOS,IAN,2022,1980.0
2022-09-26 10:00:00,0.607,0.012,-0.595,-97.046079,28.0217,8774770,NOAA_NOS,IAN,2022,2040.0
2022-09-26 11:00:00,0.617,0.015,-0.602,-97.046079,28.0217,8774770,NOAA_NOS,IAN,2022,2100.0
2022-09-26 12:00:00,0.656,0.01,-0.646,-97.046079,28.0217,8774770,NOAA_NOS,IAN,2022,2160.0
2022-09-26 13:00:00,0.666,0.001,-0.665,-97.046079,28.0217,8774770,NOAA_NOS,IAN,2022,2220.0
2022-09-26 14:00:00,0.682,-0.013,-0.6950000000000001,-97.046079,28.0217,8774770,NOAA_NOS,IAN,2022,2280.0
2022-09-26 15:00:00,0.633,-0.024,-0.657,-97.046079,28.0217,8774770,NOAA_NOS,IAN,2022,2340.0
2022-09-26 16:00:00,0.584,-0.028,-0.612,-97.046079,28.0217,8774770,NOAA_NOS,IAN,2022,2400.0
2022-09-26 17:00:00,0.541,-0.033,-0.5740000000000001,-97.046079,28.0217,8774770,NOAA_NOS,IAN,2022,2460.0
2022-09-26 18:00:00,0.558,-0.036,-0.5940000000000001,-97.046079,28.0217,8774770,NOAA_NOS,IAN,2022,2520.0
2022-09-26 19:00:00,0.614,-0.035,-0.649,-97.046079,28.0217,8774770,NOAA_NOS,IAN,2022,2580.0
2022-09-26 20:00:00,0.656,-0.014,-0.67,-97.046079,28.0217,8774770,NOAA_NOS,IAN,2022,2640.0
2022-09-26 21:00:00,0.702,0.008,-0.694,-97.046079,28.0217,8774770,NOAA_NOS,IAN,2022,2700.0
2022-09-26 22:00:00,0.669,0.026,-0.643,-97.046079,28.0217,8774770,NOAA_NOS,IAN,2022,2760.0
2022-09-26 23:00:00,0.719,0.042,-0.6769999999999999,-97.046079,28.0217,8774770,NOAA_NOS,IAN,2022,2820.0
2022-09-27 00:00:00,0.745,0.055,-0.69,-97.046079,28.0217,8774770,NOAA_NOS,IAN,2022,2880.0
2022-09-27 01:00:00,0.758,0.068,-0.69,-97.046079,28.0217,8774770,NOAA_NOS,IAN,2022,2940.0
2022-09-27 02:00:00,0.758,0.077,-0.681,-97.046079,28.0217,8774770,NOAA_NOS,IAN,2022,3000.0
2022-09-27 03:00:00,0.755,0.077,-0.678,-97.046079,28.0217,8774770,NOAA_NOS,IAN,2022,3060.0
2022-09-27 04:00:00,0.732,0.065,-0.667,-97.046079,28.0217,8774770,NOAA_NOS,IAN,2022,3120.0
2022-09-27 05:00:00,0.728,0.051,-0.6769999999999999,-97.046079,28.0217,8774770,NOAA_NOS,IAN,2022,3180.0
2022-09-27 06:00:00,0.728,0.044,-0.6839999999999999,-97.046079,28.0217,8774770,NOAA_NOS,IAN,2022,3240.0
2022-09-27 07:00:00,0.719,0.04,-0.6789999999999999,-97.046079,28.0217,8774770,NOAA_NOS,IAN,2022,3300.0
2022-09-27 08:00:00,0.656,0.037,-0.619,-97.046079,28.0217,8774770,NOAA_NOS,IAN,2022,3360.0
2022-09-27 09:00:00,0.643,0.033,-0.61,-97.046079,28.0217,8774770,NOAA_NOS,IAN,2022,3420.0
2022-09-27 10:00:00,0.63,0.03,-0.6,-97.046079,28.0217,8774770,NOAA_NOS,IAN,2022,3480.0
2022-09-27 11:00:00,0.659,0.018,-0.641,-97.046079,28.0217,8774770,NOAA_NOS,IAN,2022,3540.0
2022-09-27 12:00:00,0.627,-0.004,-0.631,-97.046079,28.0217,8774770,NOAA_NOS,IAN,2022,3600.0
2022-09-27 13:00:00,0.6,-0.028,-0.628,-97.046079,28.0217,8774770,NOAA_NOS,IAN,2022,3660.0
2022-09-27 14:00:00,0.551,-0.046,-0.5970000000000001,-97.046079,28.0217,8774770,NOAA_NOS,IAN,2022,3720.0
2022-09-27 15:00:00,0.522,-0.062,-0.5840000000000001,-97.046079,28.0217,8774770,NOAA_NOS,IAN,2022,3780.0
2022-09-27 16:00:00,0.518,-0.081,-0.599,-97.046079,28.0217,8774770,NOAA_NOS,IAN,2022,3840.0
2022-09-27 17:00:00,0.509,-0.102,-0.611,-97.046079,28.0217,8774770,NOAA_NOS,IAN,2022,3900.0
2022-09-27 18:00:00,0.492,-0.12,-0.612,-97.046079,28.0217,8774770,NOAA_NOS,IAN,2022,3960.0
2022-09-27 19:00:00,0.492,-0.13,-0.622,-97.046079,28.0217,8774770,NOAA_NOS,IAN,2022,4020.0
2022-09-27 20:00:00,0.561,-0.121,-0.682,-97.046079,28.0217,8774770,NOAA_NOS,IAN,2022,4080.0
2022-09-27 21:00:00,0.61,-0.085,-0.695,-97.046079,28.0217,8774770,NOAA_NOS,IAN,2022,4140.0
2022-09-27 22:00:00,0.646,-0.058,-0.7040000000000001,-97.046079,28.0217,8774770,NOAA_NOS,IAN,2022,4200.0
2022-09-27 23:00:00,0.699,-0.034,-0.733,-97.046079,28.0217,8774770,NOAA_NOS,IAN,2022,4260.0
2022-09-28 00:00:00,0.755,-0.014,-0.769,-97.046079,28.0217,8774770,NOAA_NOS,IAN,2022,4320.0
2022-09-28 01:00:00,0.784,0.009,-0.775,-97.046079,28.0217,8774770,NOAA_NOS,IAN,2022,4380.0
2022-09-28 02:00:00,0.827,0.032,-0.7949999999999999,-97.046079,28.0217,8774770,NOAA_NOS,IAN,2022,4440.0
2022-09-28 03:00:00,0.873,0.05,-0.823,-97.046079,28.0217,8774770,NOAA_NOS,IAN,2022,4500.0
2022-09-28 04:00:00,0.925,0.065,-0.8600000000000001,-97.046079,28.0217,8774770,NOAA_NOS,IAN,2022,4560.0
2022-09-28 05:00:00,0.958,0.077,-0.881,-97.046079,28.0217,8774770,NOAA_NOS,IAN,2022,4620.0
2022-09-28 06:00:00,0.988,0.084,-0.904,-97.046079,28.0217,8774770,NOAA_NOS,IAN,2022,4680.0
2022-09-28 07:00:00,1.02,0.086,-0.934,-97.046079,28.0217,8774770,NOAA_NOS,IAN,2022,4740.0
2022-09-28 08:00:00,1.05,0.087,-0.963,-97.046079,28.0217,8774770,NOAA_NOS,IAN,2022,4800.0
2022-09-28 09:00:00,1.102,0.092,-1.01,-97.046079,28.0217,8774770,NOAA_NOS,IAN,2022,4860.0
2022-09-28 10:00:00,1.115,0.094,-1.021,-97.046079,28.0217,8774770,NOAA_NOS,IAN,2022,4920.0
2022-09-28 11:00:00,1.122,0.081,-1.041,-97.046079,28.0217,8774770,NOAA_NOS,IAN,2022,4980.0
2022-09-28 12:00:00,1.066,0.055,-1.011,-97.046079,28.0217,8774770,NOAA_NOS,IAN,2022,5040.0
2022-09-28 13:00:00,1.017,0.025,-0.992,-97.046079,28.0217,8774770,NOAA_NOS,IAN,2022,5100.0
2022-09-28 14:00:00,0.958,-0.003,-0.961,-97.046079,28.0217,8774770,NOAA_NOS,IAN,2022,5160.0
2022-09-28 15:00:00,0.922,-0.029,-0.951,-97.046079,28.0217,8774770,NOAA_NOS,IAN,2022,5220.0
2022-09-28 16:00:00,0.922,-0.058,-0.98,-97.046079,28.0217,8774770,NOAA_NOS,IAN,2022,5280.0
2022-09-28 17:00:00,0.883,-0.088,-0.971,-97.046079,28.0217,8774770,NOAA_NOS,IAN,2022,5340.0
2022-09-28 18:00:00,0.853,-0.117,-0.97,-97.046079,28.0217,8774770,NOAA_NOS,IAN,2022,5400.0
2022-09-28 19:00:00,0.814,-0.14,-0.954,-97.046079,28.0217,8774770,NOAA_NOS,IAN,2022,5460.0
2022-09-28 20:00:00,0.771,-0.155,-0.926,-97.046079,28.0217,8774770,NOAA_NOS,IAN,2022,5520.0
2022-09-28 21:00:00,0.817,-0.153,-0.97,-97.046079,28.0217,8774770,NOAA_NOS,IAN,2022,5580.0
2022-09-28 22:00:00,0.869,-0.12,-0.989,-97.046079,28.0217,8774770,NOAA_NOS,IAN,2022,5640.0
2022-09-28 23:00:00,0.974,-0.088,-1.062,-97.046079,28.0217,8774770,NOAA_NOS,IAN,2022,5700.0
2022-09-29 00:00:00,1.004,-0.065,-1.069,-97.046079,28.0217,8774770,NOAA_NOS,IAN,2022,5760.0
2022-09-29 01:00:00,1.027,-0.044,-1.071,-97.046079,28.0217,8774770,NOAA_NOS,IAN,2022,5820.0
2022-09-29 02:00:00,1.043,-0.021,-1.0639999999999998,-97.046079,28.0217,8774770,NOAA_NOS,IAN,2022,5880.0
2022-09-29 03:00:00,1.096,0.009,-1.0870000000000002,-97.046079,28.0217,8774770,NOAA_NOS,IAN,2022,5940.0
2022-09-29 04:00:00,1.138,0.035,-1.103,-97.046079,28.0217,8774770,NOAA_NOS,IAN,2022,6000.0
2022-09-29 05:00:00,1.184,0.059,-1.125,-97.046079,28.0217,8774770,NOAA_NOS,IAN,2022,6060.0
2022-09-29 06:00:00,1.207,0.08,-1.127,-97.046079,28.0217,8774770,NOAA_NOS,IAN,2022,6120.0
2022-09-29 07:00:00,1.23,0.096,-1.134,-97.046079,28.0217,8774770,NOAA_NOS,IAN,2022,6180.0
2022-09-29 08:00:00,1.24,0.11,-1.13,-97.046079,28.0217,8774770,NOAA_NOS,IAN,2022,6240.0
2022-09-29 09:00:00,1.273,0.124,-1.149,-97.046079,28.0217,8774770,NOAA_NOS,IAN,2022,6300.0
2022-09-29 10:00:00,1.289,0.138,-1.1509999999999998,-97.046079,28.0217,8774770,NOAA_NOS,IAN,2022,6360.0
2022-09-29 11:00:00,1.28,0.142,-1.138,-97.046079,28.0217,8774770,NOAA_NOS,IAN,2022,6420.0
2022-09-29 12:00:00,1.263,0.123,-1.14,-97.046079,28.0217,8774770,NOAA_NOS,IAN,2022,6480.0
2022-09-29 13:00:00,1.214,0.087,-1.127,-97.046079,28.0217,8774770,NOAA_NOS,IAN,2022,6540.0
2022-09-29 14:00:00,1.175,0.06,-1.115,-97.046079,28.0217,8774770,NOAA_NOS,IAN,2022,6600.0
2022-09-29 15:00:00,1.125,0.034,-1.091,-97.046079,28.0217,8774770,NOAA_NOS,IAN,2022,6660.0
2022-09-29 16:00:00,1.083,0.006,-1.077,-97.046079,28.0217,8774770,NOAA_NOS,IAN,2022,6720.0
2022-09-29 17:00:00,1.06,-0.027,-1.087,-97.046079,28.0217,8774770,NOAA_NOS,IAN,2022,6780.0
2022-09-29 18:00:00,1.014,-0.06,-1.074,-97.046079,28.0217,8774770,NOAA_NOS,IAN,2022,6840.0
2022-09-29 19:00:00,0.984,-0.091,-1.075,-97.046079,28.0217,8774770,NOAA_NOS,IAN,2022,6900.0
2022-09-29 20:00:00,0.948,-0.117,-1.065,-97.046079,28.0217,8774770,NOAA_NOS,IAN,2022,6960.0
2022-09-29 21:00:00,0.919,-0.134,-1.053,-97.046079,28.0217,8774770,NOAA_NOS,IAN,2022,7020.0
2022-09-29 22:00:00,0.925,-0.136,-1.061,-97.046079,28.0217,8774770,NOAA_NOS,IAN,2022,7080.0
2022-09-29 23:00:00,0.981,-0.109,-1.09,-97.046079,28.0217,8774770,NOAA_NOS,IAN,2022,7140.0
2022-09-30 00:00:00,1.05,-0.072,-1.122,-97.046079,28.0217,8774770,NOAA_NOS,IAN,2022,7200.0
2022-09-30 02:00:00,1.106,-0.027,-1.133,-97.046079,28.0217,8774770,NOAA_NOS,IAN,2022,7320.0
2022-09-30 03:00:00,1.135,-0.006,-1.141,-97.046079,28.0217,8774770,NOAA_NOS,IAN,2022,7380.0
2022-09-30 04:00:00,1.175,0.022,-1.153,-97.046079,28.0217,8774770,NOAA_NOS,IAN,2022,7440.0
2022-09-30 05:00:00,1.247,0.051,-1.1960000000000002,-97.046079,28.0217,8774770,NOAA_NOS,IAN,2022,7500.0
2022-09-30 06:00:00,1.293,0.076,-1.217,-97.046079,28.0217,8774770,NOAA_NOS,IAN,2022,7560.0
2022-09-30 07:00:00,1.329,0.101,-1.228,-97.046079,28.0217,8774770,NOAA_NOS,IAN,2022,7620.0
2022-09-30 08:00:00,1.358,0.122,-1.2360000000000002,-97.046079,28.0217,8774770,NOAA_NOS,IAN,2022,7680.0
2022-09-30 09:00:00,1.398,0.139,-1.259,-97.046079,28.0217,8774770,NOAA_NOS,IAN,2022,7740.0
2022-09-30 10:00:00,1.411,0.152,-1.259,-97.046079,28.0217,8774770,NOAA_NOS,IAN,2022,7800.0
2022-09-30 11:00:00,1.453,0.157,-1.296,-97.046079,28.0217,8774770,NOAA_NOS,IAN,2022,7860.0
2022-09-30 12:00:00,1.421,0.147,-1.274,-97.046079,28.0217,8774770,NOAA_NOS,IAN,2022,7920.0
2022-09-30 13:00:00,1.362,0.117,-1.245,-97.046079,28.0217,8774770,NOAA_NOS,IAN,2022,7980.0
2022-09-30 14:00:00,1.302,0.092,-1.21,-97.046079,28.0217,8774770,NOAA_NOS,IAN,2022,8040.0
2022-09-30 15:00:00,1.28,0.065,-1.215,-97.046079,28.0217,8774770,NOAA_NOS,IAN,2022,8100.0
2022-09-30 16:00:00,1.247,0.035,-1.2120000000000002,-97.046079,28.0217,8774770,NOAA_NOS,IAN,2022,8160.0
2022-09-30 17:00:00,1.23,0.0,-1.23,-97.046079,28.0217,8774770,NOAA_NOS,IAN,2022,8220.0
2022-09-30 18:00:00,1.181,-0.037,-1.218,-97.046079,28.0217,8774770,NOAA_NOS,IAN,2022,8280.0
2022-09-30 19:00:00,1.129,-0.073,-1.202,-97.046079,28.0217,8774770,NOAA_NOS,IAN,2022,8340.0
2022-09-30 20:00:00,1.089,-0.106,-1.195,-97.046079,28.0217,8774770,NOAA_NOS,IAN,2022,8400.0
2022-09-30 21:00:00,1.047,-0.134,-1.181,-97.046079,28.0217,8774770,NOAA_NOS,IAN,2022,8460.0
2022-09-30 22:00:00,1.007,-0.153,-1.16,-97.046079,28.0217,8774770,NOAA_NOS,IAN,2022,8520.0
2022-09-30 23:00:00,0.981,-0.16,-1.141,-97.046079,28.0217,8774770,NOAA_NOS,IAN,2022,8580.0
2022-10-01 00:00:00,1.017,-0.137,-1.154,-97.046079,28.0217,8774770,NOAA_NOS,IAN,2022,8640.0
2022-10-01 01:00:00,1.033,-0.096,-1.129,-97.046079,28.0217,8774770,NOAA_NOS,IAN,2022,8700.0
2022-10-01 02:00:00,1.083,-0.068,-1.151,-97.046079,28.0217,8774770,NOAA_NOS,IAN,2022,8760.0
2022-10-01 03:00:00,1.132,-0.042,-1.174,-97.046079,28.0217,8774770,NOAA_NOS,IAN,2022,8820.0
2022-10-01 04:00:00,1.135,-0.019,-1.154,-97.046079,28.0217,8774770,NOAA_NOS,IAN,2022,8880.0
2022-10-01 05:00:00,1.158,0.012,-1.146,-97.046079,28.0217,8774770,NOAA_NOS,IAN,2022,8940.0
2022-10-01 06:00:00,1.188,0.045,-1.143,-97.046079,28.0217,8774770,NOAA_NOS,IAN,2022,9000.0
2022-10-01 07:00:00,1.227,0.075,-1.152,-97.046079,28.0217,8774770,NOAA_NOS,IAN,2022,9060.0
2022-10-01 08:00:00,1.257,0.103,-1.154,-97.046079,28.0217,8774770,NOAA_NOS,IAN,2022,9120.0
2022-10-01 09:00:00,1.289,0.128,-1.161,-97.046079,28.0217,8774770,NOAA_NOS,IAN,2022,9180.0
2022-10-01 10:00:00,1.309,0.147,-1.162,-97.046079,28.0217,8774770,NOAA_NOS,IAN,2022,9240.0
2022-10-01 11:00:00,1.296,0.159,-1.137,-97.046079,28.0217,8774770,NOAA_NOS,IAN,2022,9300.0
2022-10-01 12:00:00,1.283,0.161,-1.122,-97.046079,28.0217,8774770,NOAA_NOS,IAN,2022,9360.0
2022-10-01 13:00:00,1.234,0.141,-1.093,-97.046079,28.0217,8774770,NOAA_NOS,IAN,2022,9420.0
2022-10-01 14:00:00,1.184,0.109,-1.075,-97.046079,28.0217,8774770,NOAA_NOS,IAN,2022,9480.0
2022-10-01 15:00:00,1.129,0.083,-1.046,-97.046079,28.0217,8774770,NOAA_NOS,IAN,2022,9540.0
2022-10-01 16:00:00,1.099,0.055,-1.044,-97.046079,28.0217,8774770,NOAA_NOS,IAN,2022,9600.0
2022-10-01 17:00:00,1.03,0.023,-1.007,-97.046079,28.0217,8774770,NOAA_NOS,IAN,2022,9660.0
2022-10-01 18:00:00,0.968,-0.016,-0.984,-97.046079,28.0217,8774770,NOAA_NOS,IAN,2022,9720.0
2022-10-01 19:00:00,0.915,-0.055,-0.97,-97.046079,28.0217,8774770,NOAA_NOS,IAN,2022,9780.0
2022-10-01 20:00:00,0.866,-0.092,-0.958,-97.046079,28.0217,8774770,NOAA_NOS,IAN,2022,9840.0
2022-10-01 21:00:00,0.814,-0.128,-0.942,-97.046079,28.0217,8774770,NOAA_NOS,IAN,2022,9900.0
2022-10-01 22:00:00,0.748,-0.158,-0.906,-97.046079,28.0217,8774770,NOAA_NOS,IAN,2022,9960.0
2022-10-01 23:00:00,0.725,-0.182,-0.907,-97.046079,28.0217,8774770,NOAA_NOS,IAN,2022,10020.0
2022-09-25 01:00:00,0.873,0.084,-0.789,-97.520833,27.846111,8775222,TCOON,IAN,2022,60.0
2022-09-25 02:00:00,0.827,0.023,-0.8039999999999999,-97.520833,27.846111,8775222,TCOON,IAN,2022,120.0
2022-09-25 03:00:00,0.797,-0.031,-0.8280000000000001,-97.520833,27.846111,8775222,TCOON,IAN,2022,180.0
2022-09-25 04:00:00,0.656,-0.083,-0.739,-97.520833,27.846111,8775222,TCOON,IAN,2022,240.0
2022-09-25 05:00:00,0.617,-0.128,-0.745,-97.520833,27.846111,8775222,TCOON,IAN,2022,300.0
2022-09-25 06:00:00,0.554,-0.152,-0.7060000000000001,-97.520833,27.846111,8775222,TCOON,IAN,2022,360.0
2022-09-25 07:00:00,0.571,-0.163,-0.734,-97.520833,27.846111,8775222,TCOON,IAN,2022,420.0
2022-09-25 08:00:00,0.577,-0.148,-0.725,-97.520833,27.846111,8775222,TCOON,IAN,2022,480.0
2022-09-25 09:00:00,0.558,-0.096,-0.654,-97.520833,27.846111,8775222,TCOON,IAN,2022,540.0
2022-09-25 10:00:00,0.663,-0.048,-0.7110000000000001,-97.520833,27.846111,8775222,TCOON,IAN,2022,600.0
2022-09-25 11:00:00,0.781,-0.003,-0.784,-97.520833,27.846111,8775222,TCOON,IAN,2022,660.0
2022-09-25 12:00:00,0.758,0.038,-0.72,-97.520833,27.846111,8775222,TCOON,IAN,2022,720.0
2022-09-25 13:00:00,0.741,0.058,-0.6829999999999999,-97.520833,27.846111,8775222,TCOON,IAN,2022,780.0
2022-09-25 14:00:00,0.784,0.065,-0.7190000000000001,-97.520833,27.846111,8775222,TCOON,IAN,2022,840.0
2022-09-25 15:00:00,0.692,0.061,-0.631,-97.520833,27.846111,8775222,TCOON,IAN,2022,900.0
2022-09-25 16:00:00,0.663,0.037,-0.626,-97.520833,27.846111,8775222,TCOON,IAN,2022,960.0
2022-09-25 17:00:00,0.719,0.02,-0.699,-97.520833,27.846111,8775222,TCOON,IAN,2022,1020.0
2022-09-25 18:00:00,0.623,0.013,-0.61,-97.520833,27.846111,8775222,TCOON,IAN,2022,1080.0
2022-09-25 19:00:00,0.528,0.017,-0.511,-97.520833,27.846111,8775222,TCOON,IAN,2022,1140.0
2022-09-25 20:00:00,0.84,0.058,-0.7819999999999999,-97.520833,27.846111,8775222,TCOON,IAN,2022,1200.0
2022-09-25 21:00:00,0.568,0.101,-0.4669999999999999,-97.520833,27.846111,8775222,TCOON,IAN,2022,1260.0
2022-09-25 22:00:00,0.774,0.14,-0.634,-97.520833,27.846111,8775222,TCOON,IAN,2022,1320.0
2022-09-25 23:00:00,0.623,0.172,-0.451,-97.520833,27.846111,8775222,TCOON,IAN,2022,1380.0
2022-09-26 00:00:00,0.774,0.184,-0.5900000000000001,-97.520833,27.846111,8775222,TCOON,IAN,2022,1440.0
2022-09-26 01:00:00,0.656,0.174,-0.482,-97.520833,27.846111,8775222,TCOON,IAN,2022,1500.0
2022-09-26 02:00:00,0.646,0.135,-0.511,-97.520833,27.846111,8775222,TCOON,IAN,2022,1560.0
2022-09-26 03:00:00,0.715,0.08,-0.635,-97.520833,27.846111,8775222,TCOON,IAN,2022,1620.0
2022-09-26 04:00:00,0.482,0.025,-0.4569999999999999,-97.520833,27.846111,8775222,TCOON,IAN,2022,1680.0
2022-09-26 05:00:00,0.538,-0.021,-0.559,-97.520833,27.846111,8775222,TCOON,IAN,2022,1740.0
2022-09-26 06:00:00,0.453,-0.059,-0.512,-97.520833,27.846111,8775222,TCOON,IAN,2022,1800.0
2022-09-26 07:00:00,0.456,-0.085,-0.541,-97.520833,27.846111,8775222,TCOON,IAN,2022,1860.0
2022-09-26 08:00:00,0.509,-0.088,-0.597,-97.520833,27.846111,8775222,TCOON,IAN,2022,1920.0
2022-09-26 09:00:00,0.515,-0.071,-0.586,-97.520833,27.846111,8775222,TCOON,IAN,2022,1980.0
2022-09-26 10:00:00,0.646,-0.033,-0.679,-97.520833,27.846111,8775222,TCOON,IAN,2022,2040.0
2022-09-26 11:00:00,0.669,-0.0,-0.669,-97.520833,27.846111,8775222,TCOON,IAN,2022,2100.0
2022-09-26 12:00:00,0.732,0.024,-0.708,-97.520833,27.846111,8775222,TCOON,IAN,2022,2160.0
2022-09-26 13:00:00,0.774,0.035,-0.739,-97.520833,27.846111,8775222,TCOON,IAN,2022,2220.0
2022-09-26 14:00:00,0.705,0.027,-0.6779999999999999,-97.520833,27.846111,8775222,TCOON,IAN,2022,2280.0
2022-09-26 15:00:00,0.764,-0.011,-0.775,-97.520833,27.846111,8775222,TCOON,IAN,2022,2340.0
2022-09-26 16:00:00,0.709,-0.04,-0.749,-97.520833,27.846111,8775222,TCOON,IAN,2022,2400.0
2022-09-26 17:00:00,0.699,-0.075,-0.7739999999999999,-97.520833,27.846111,8775222,TCOON,IAN,2022,2460.0
2022-09-26 18:00:00,0.646,-0.095,-0.741,-97.520833,27.846111,8775222,TCOON,IAN,2022,2520.0
2022-09-26 19:00:00,0.62,-0.096,-0.716,-97.520833,27.846111,8775222,TCOON,IAN,2022,2580.0
2022-09-26 20:00:00,0.692,-0.072,-0.7639999999999999,-97.520833,27.846111,8775222,TCOON,IAN,2022,2640.0
2022-09-26 21:00:00,0.689,-0.015,-0.704,-97.520833,27.846111,8775222,TCOON,IAN,2022,2700.0
2022-09-26 22:00:00,0.791,0.042,-0.749,-97.520833,27.846111,8775222,TCOON,IAN,2022,2760.0
2022-09-26 23:00:00,0.794,0.089,-0.7050000000000001,-97.520833,27.846111,8775222,TCOON,IAN,2022,2820.0
2022-09-27 00:00:00,1.093,0.133,-0.96,-97.520833,27.846111,8775222,TCOON,IAN,2022,2880.0
2022-09-27 01:00:00,0.82,0.158,-0.6619999999999999,-97.520833,27.846111,8775222,TCOON,IAN,2022,2940.0
2022-09-27 02:00:00,0.915,0.167,-0.748,-97.520833,27.846111,8775222,TCOON,IAN,2022,3000.0
2022-09-27 03:00:00,0.915,0.159,-0.756,-97.520833,27.846111,8775222,TCOON,IAN,2022,3060.0
2022-09-27 04:00:00,0.741,0.125,-0.616,-97.520833,27.846111,8775222,TCOON,IAN,2022,3120.0
2022-09-27 05:00:00,0.751,0.08,-0.671,-97.520833,27.846111,8775222,TCOON,IAN,2022,3180.0
2022-09-27 06:00:00,0.587,0.043,-0.5439999999999999,-97.520833,27.846111,8775222,TCOON,IAN,2022,3240.0
2022-09-27 07:00:00,0.594,0.01,-0.584,-97.520833,27.846111,8775222,TCOON,IAN,2022,3300.0
2022-09-27 08:00:00,0.709,-0.007,-0.716,-97.520833,27.846111,8775222,TCOON,IAN,2022,3360.0
2022-09-27 09:00:00,0.558,-0.009,-0.5670000000000001,-97.520833,27.846111,8775222,TCOON,IAN,2022,3420.0
2022-09-27 10:00:00,0.846,-0.002,-0.848,-97.520833,27.846111,8775222,TCOON,IAN,2022,3480.0
2022-09-27 11:00:00,0.686,0.012,-0.674,-97.520833,27.846111,8775222,TCOON,IAN,2022,3540.0
2022-09-27 12:00:00,0.715,0.009,-0.706,-97.520833,27.846111,8775222,TCOON,IAN,2022,3600.0
2022-09-27 13:00:00,0.823,-0.019,-0.842,-97.520833,27.846111,8775222,TCOON,IAN,2022,3660.0
2022-09-27 14:00:00,0.748,-0.059,-0.8069999999999999,-97.520833,27.846111,8775222,TCOON,IAN,2022,3720.0
2022-09-27 15:00:00,0.748,-0.107,-0.855,-97.520833,27.846111,8775222,TCOON,IAN,2022,3780.0
2022-09-27 16:00:00,0.712,-0.156,-0.868,-97.520833,27.846111,8775222,TCOON,IAN,2022,3840.0
2022-09-27 17:00:00,0.699,-0.204,-0.903,-97.520833,27.846111,8775222,TCOON,IAN,2022,3900.0
2022-09-27 18:00:00,0.692,-0.231,-0.923,-97.520833,27.846111,8775222,TCOON,IAN,2022,3960.0
2022-09-27 19:00:00,0.709,-0.249,-0.958,-97.520833,27.846111,8775222,TCOON,IAN,2022,4020.0
2022-09-27 20:00:00,0.653,-0.241,-0.894,-97.520833,27.846111,8775222,TCOON,IAN,2022,4080.0
2022-09-27 21:00:00,0.853,-0.179,-1.032,-97.520833,27.846111,8775222,TCOON,IAN,2022,4140.0
2022-09-27 22:00:00,0.876,-0.118,-0.994,-97.520833,27.846111,8775222,TCOON,IAN,2022,4200.0
2022-09-27 23:00:00,0.928,-0.038,-0.966,-97.520833,27.846111,8775222,TCOON,IAN,2022,4260.0
2022-09-28 00:00:00,0.978,0.026,-0.952,-97.520833,27.846111,8775222,TCOON,IAN,2022,4320.0
2022-09-28 01:00:00,1.102,0.079,-1.023,-97.520833,27.846111,8775222,TCOON,IAN,2022,4380.0
2022-09-28 02:00:00,1.122,0.131,-0.991,-97.520833,27.846111,8775222,TCOON,IAN,2022,4440.0
2022-09-28 03:00:00,1.135,0.159,-0.976,-97.520833,27.846111,8775222,TCOON,IAN,2022,4500.0
2022-09-28 04:00:00,1.181,0.173,-1.008,-97.520833,27.846111,8775222,TCOON,IAN,2022,4560.0
2022-09-28 05:00:00,1.198,0.185,-1.013,-97.520833,27.846111,8775222,TCOON,IAN,2022,4620.0
2022-09-28 06:00:00,1.175,0.174,-1.001,-97.520833,27.846111,8775222,TCOON,IAN,2022,4680.0
2022-09-28 07:00:00,1.155,0.152,-1.003,-97.520833,27.846111,8775222,TCOON,IAN,2022,4740.0
2022-09-28 08:00:00,1.152,0.132,-1.02,-97.520833,27.846111,8775222,TCOON,IAN,2022,4800.0
2022-09-28 09:00:00,1.161,0.11,-1.051,-97.520833,27.846111,8775222,TCOON,IAN,2022,4860.0
2022-09-28 10:00:00,1.168,0.093,-1.075,-97.520833,27.846111,8775222,TCOON,IAN,2022,4920.0
2022-09-28 11:00:00,1.148,0.079,-1.069,-97.520833,27.846111,8775222,TCOON,IAN,2022,4980.0
2022-09-28 12:00:00,1.191,0.046,-1.145,-97.520833,27.846111,8775222,TCOON,IAN,2022,5040.0
2022-09-28 13:00:00,1.037,0.003,-1.034,-97.520833,27.846111,8775222,TCOON,IAN,2022,5100.0
2022-09-28 14:00:00,1.056,-0.049,-1.105,-97.520833,27.846111,8775222,TCOON,IAN,2022,5160.0
2022-09-28 15:00:00,0.958,-0.111,-1.069,-97.520833,27.846111,8775222,TCOON,IAN,2022,5220.0
2022-09-28 16:00:00,0.981,-0.169,-1.15,-97.520833,27.846111,8775222,TCOON,IAN,2022,5280.0
2022-09-28 17:00:00,0.84,-0.228,-1.068,-97.520833,27.846111,8775222,TCOON,IAN,2022,5340.0
2022-09-28 18:00:00,0.935,-0.281,-1.2160000000000002,-97.520833,27.846111,8775222,TCOON,IAN,2022,5400.0
2022-09-28 19:00:00,0.791,-0.317,-1.108,-97.520833,27.846111,8775222,TCOON,IAN,2022,5460.0
2022-09-28 20:00:00,0.915,-0.342,-1.257,-97.520833,27.846111,8775222,TCOON,IAN,2022,5520.0
2022-09-28 21:00:00,1.007,-0.33,-1.337,-97.520833,27.846111,8775222,TCOON,IAN,2022,5580.0
2022-09-28 22:00:00,0.991,-0.268,-1.259,-97.520833,27.846111,8775222,TCOON,IAN,2022,5640.0
2022-09-28 23:00:00,1.024,-0.203,-1.227,-97.520833,27.846111,8775222,TCOON,IAN,2022,5700.0
2022-09-29 00:00:00,1.099,-0.123,-1.222,-97.520833,27.846111,8775222,TCOON,IAN,2022,5760.0
2022-09-29 01:00:00,1.148,-0.043,-1.1909999999999998,-97.520833,27.846111,8775222,TCOON,IAN,2022,5820.0
2022-09-29 02:00:00,1.293,0.012,-1.281,-97.520833,27.846111,8775222,TCOON,IAN,2022,5880.0
2022-09-29 03:00:00,1.296,0.079,-1.217,-97.520833,27.846111,8775222,TCOON,IAN,2022,5940.0
2022-09-29 04:00:00,1.332,0.126,-1.206,-97.520833,27.846111,8775222,TCOON,IAN,2022,6000.0
2022-09-29 05:00:00,1.375,0.16,-1.215,-97.520833,27.846111,8775222,TCOON,IAN,2022,6060.0
2022-09-29 06:00:00,1.417,0.199,-1.218,-97.520833,27.846111,8775222,TCOON,IAN,2022,6120.0
2022-09-29 07:00:00,1.411,0.217,-1.194,-97.520833,27.846111,8775222,TCOON,IAN,2022,6180.0
2022-09-29 08:00:00,1.348,0.221,-1.127,-97.520833,27.846111,8775222,TCOON,IAN,2022,6240.0
2022-09-29 09:00:00,1.407,0.231,-1.176,-97.520833,27.846111,8775222,TCOON,IAN,2022,6300.0
2022-09-29 10:00:00,1.381,0.231,-1.15,-97.520833,27.846111,8775222,TCOON,IAN,2022,6360.0
2022-09-29 11:00:00,1.358,0.222,-1.136,-97.520833,27.846111,8775222,TCOON,IAN,2022,6420.0
2022-09-29 12:00:00,1.309,0.197,-1.112,-97.520833,27.846111,8775222,TCOON,IAN,2022,6480.0
2022-09-29 13:00:00,1.27,0.137,-1.133,-97.520833,27.846111,8775222,TCOON,IAN,2022,6540.0
2022-09-29 14:00:00,1.175,0.069,-1.106,-97.520833,27.846111,8775222,TCOON,IAN,2022,6600.0
2022-09-29 15:00:00,1.099,0.002,-1.097,-97.520833,27.846111,8775222,TCOON,IAN,2022,6660.0
2022-09-29 16:00:00,0.955,-0.072,-1.027,-97.520833,27.846111,8775222,TCOON,IAN,2022,6720.0
2022-09-29 17:00:00,0.915,-0.143,-1.058,-97.520833,27.846111,8775222,TCOON,IAN,2022,6780.0
2022-09-29 18:00:00,0.896,-0.204,-1.1,-97.520833,27.846111,8775222,TCOON,IAN,2022,6840.0
2022-09-29 19:00:00,0.745,-0.265,-1.01,-97.520833,27.846111,8775222,TCOON,IAN,2022,6900.0
2022-09-29 20:00:00,0.86,-0.31,-1.17,-97.520833,27.846111,8775222,TCOON,IAN,2022,6960.0
2022-09-29 21:00:00,0.758,-0.327,-1.085,-97.520833,27.846111,8775222,TCOON,IAN,2022,7020.0
2022-09-29 22:00:00,0.801,-0.327,-1.128,-97.520833,27.846111,8775222,TCOON,IAN,2022,7080.0
2022-09-29 23:00:00,0.876,-0.278,-1.154,-97.520833,27.846111,8775222,TCOON,IAN,2022,7140.0
2022-09-30 00:00:00,0.948,-0.201,-1.149,-97.520833,27.846111,8775222,TCOON,IAN,2022,7200.0
2022-09-30 01:00:00,1.115,-0.125,-1.24,-97.520833,27.846111,8775222,TCOON,IAN,2022,7260.0
2022-09-30 02:00:00,1.194,-0.046,-1.24,-97.520833,27.846111,8775222,TCOON,IAN,2022,7320.0
2022-09-30 03:00:00,1.28,0.019,-1.261,-97.520833,27.846111,8775222,TCOON,IAN,2022,7380.0
2022-09-30 04:00:00,1.339,0.085,-1.254,-97.520833,27.846111,8775222,TCOON,IAN,2022,7440.0
2022-09-30 05:00:00,1.417,0.133,-1.284,-97.520833,27.846111,8775222,TCOON,IAN,2022,7500.0
2022-09-30 06:00:00,1.437,0.179,-1.258,-97.520833,27.846111,8775222,TCOON,IAN,2022,7560.0
2022-09-30 07:00:00,1.512,0.222,-1.29,-97.520833,27.846111,8775222,TCOON,IAN,2022,7620.0
2022-09-30 08:00:00,1.522,0.251,-1.271,-97.520833,27.846111,8775222,TCOON,IAN,2022,7680.0
2022-09-30 09:00:00,1.555,0.269,-1.286,-97.520833,27.846111,8775222,TCOON,IAN,2022,7740.0
2022-09-30 10:00:00,1.565,0.279,-1.286,-97.520833,27.846111,8775222,TCOON,IAN,2022,7800.0
2022-09-30 11:00:00,1.601,0.273,-1.3279999999999998,-97.520833,27.846111,8775222,TCOON,IAN,2022,7860.0
2022-09-30 12:00:00,1.545,0.244,-1.301,-97.520833,27.846111,8775222,TCOON,IAN,2022,7920.0
2022-09-30 13:00:00,1.414,0.194,-1.22,-97.520833,27.846111,8775222,TCOON,IAN,2022,7980.0
2022-09-30 14:00:00,1.499,0.129,-1.37,-97.520833,27.846111,8775222,TCOON,IAN,2022,8040.0
2022-09-30 15:00:00,1.381,0.057,-1.324,-97.520833,27.846111,8775222,TCOON,IAN,2022,8100.0
2022-09-30 16:00:00,1.201,-0.017,-1.218,-97.520833,27.846111,8775222,TCOON,IAN,2022,8160.0
2022-09-30 17:00:00,1.175,-0.093,-1.268,-97.520833,27.846111,8775222,TCOON,IAN,2022,8220.0
2022-09-30 18:00:00,1.06,-0.168,-1.228,-97.520833,27.846111,8775222,TCOON,IAN,2022,8280.0
2022-09-30 19:00:00,0.971,-0.235,-1.206,-97.520833,27.846111,8775222,TCOON,IAN,2022,8340.0
2022-09-30 20:00:00,0.915,-0.294,-1.209,-97.520833,27.846111,8775222,TCOON,IAN,2022,8400.0
2022-09-30 21:00:00,0.846,-0.341,-1.187,-97.520833,27.846111,8775222,TCOON,IAN,2022,8460.0
2022-09-30 22:00:00,0.84,-0.372,-1.212,-97.520833,27.846111,8775222,TCOON,IAN,2022,8520.0
2022-09-30 23:00:00,0.85,-0.374,-1.224,-97.520833,27.846111,8775222,TCOON,IAN,2022,8580.0
2022-10-01 00:00:00,0.883,-0.332,-1.215,-97.520833,27.846111,8775222,TCOON,IAN,2022,8640.0
2022-10-01 01:00:00,0.935,-0.251,-1.186,-97.520833,27.846111,8775222,TCOON,IAN,2022,8700.0
2022-10-01 02:00:00,1.076,-0.173,-1.249,-97.520833,27.846111,8775222,TCOON,IAN,2022,8760.0
2022-10-01 03:00:00,1.181,-0.096,-1.277,-97.520833,27.846111,8775222,TCOON,IAN,2022,8820.0
2022-10-01 04:00:00,1.283,-0.014,-1.297,-97.520833,27.846111,8775222,TCOON,IAN,2022,8880.0
2022-10-01 05:00:00,1.345,0.059,-1.286,-97.520833,27.846111,8775222,TCOON,IAN,2022,8940.0
2022-10-01 06:00:00,1.388,0.118,-1.27,-97.520833,27.846111,8775222,TCOON,IAN,2022,9000.0
2022-10-01 07:00:00,1.457,0.184,-1.273,-97.520833,27.846111,8775222,TCOON,IAN,2022,9060.0
2022-10-01 08:00:00,1.473,0.235,-1.238,-97.520833,27.846111,8775222,TCOON,IAN,2022,9120.0
2022-10-01 09:00:00,1.46,0.267,-1.193,-97.520833,27.846111,8775222,TCOON,IAN,2022,9180.0
2022-10-01 10:00:00,1.506,0.299,-1.207,-97.520833,27.846111,8775222,TCOON,IAN,2022,9240.0
2022-10-01 11:00:00,1.46,0.31,-1.15,-97.520833,27.846111,8775222,TCOON,IAN,2022,9300.0
2022-10-01 12:00:00,1.43,0.295,-1.135,-97.520833,27.846111,8775222,TCOON,IAN,2022,9360.0
2022-10-01 13:00:00,1.404,0.26,-1.144,-97.520833,27.846111,8775222,TCOON,IAN,2022,9420.0
2022-10-01 14:00:00,1.25,0.195,-1.055,-97.520833,27.846111,8775222,TCOON,IAN,2022,9480.0
2022-10-01 15:00:00,1.135,0.12,-1.015,-97.520833,27.846111,8775222,TCOON,IAN,2022,9540.0
2022-10-01 16:00:00,1.004,0.046,-0.958,-97.520833,27.846111,8775222,TCOON,IAN,2022,9600.0
2022-10-01 17:00:00,0.974,-0.035,-1.009,-97.520833,27.846111,8775222,TCOON,IAN,2022,9660.0
2022-10-01 18:00:00,0.928,-0.117,-1.0450000000000002,-97.520833,27.846111,8775222,TCOON,IAN,2022,9720.0
2022-10-01 19:00:00,0.741,-0.19,-0.931,-97.520833,27.846111,8775222,TCOON,IAN,2022,9780.0
2022-10-01 20:00:00,0.764,-0.272,-1.036,-97.520833,27.846111,8775222,TCOON,IAN,2022,9840.0
2022-10-01 21:00:00,0.636,-0.331,-0.967,-97.520833,27.846111,8775222,TCOON,IAN,2022,9900.0
2022-10-01 22:00:00,0.545,-0.377,-0.922,-97.520833,27.846111,8775222,TCOON,IAN,2022,9960.0
2022-10-01 23:00:00,0.495,-0.423,-0.918,-97.520833,27.846111,8775222,TCOON,IAN,2022,10020.0
2022-09-25 01:00:00,0.522,-0.306,-0.8280000000000001,-97.072502,27.839701,8775237,TCOON,IAN,2022,60.0
2022-09-25 02:00:00,0.446,-0.393,-0.839,-97.072502,27.839701,8775237,TCOON,IAN,2022,120.0
2022-09-25 03:00:00,0.476,-0.412,-0.8879999999999999,-97.072502,27.839701,8775237,TCOON,IAN,2022,180.0
2022-09-25 04:00:00,0.531,-0.354,-0.885,-97.072502,27.839701,8775237,TCOON,IAN,2022,240.0
2022-09-25 05:00:00,0.659,-0.242,-0.901,-97.072502,27.839701,8775237,TCOON,IAN,2022,300.0
2022-09-25 06:00:00,0.876,-0.111,-0.987,-97.072502,27.839701,8775237,TCOON,IAN,2022,360.0
2022-09-25 07:00:00,0.909,0.007,-0.902,-97.072502,27.839701,8775237,TCOON,IAN,2022,420.0
2022-09-25 08:00:00,0.988,0.1,-0.888,-97.072502,27.839701,8775237,TCOON,IAN,2022,480.0
2022-09-25 09:00:00,0.965,0.163,-0.8019999999999999,-97.072502,27.839701,8775237,TCOON,IAN,2022,540.0
2022-09-25 10:00:00,0.965,0.175,-0.79,-97.072502,27.839701,8775237,TCOON,IAN,2022,600.0
2022-09-25 11:00:00,0.902,0.145,-0.757,-97.072502,27.839701,8775237,TCOON,IAN,2022,660.0
2022-09-25 12:00:00,0.843,0.08,-0.763,-97.072502,27.839701,8775237,TCOON,IAN,2022,720.0
2022-09-25 13:00:00,0.794,0.021,-0.773,-97.072502,27.839701,8775237,TCOON,IAN,2022,780.0
2022-09-25 14:00:00,0.679,-0.018,-0.6970000000000001,-97.072502,27.839701,8775237,TCOON,IAN,2022,840.0
2022-09-25 15:00:00,0.709,-0.03,-0.739,-97.072502,27.839701,8775237,TCOON,IAN,2022,900.0
2022-09-25 16:00:00,0.696,-0.011,-0.707,-97.072502,27.839701,8775237,TCOON,IAN,2022,960.0
2022-09-25 17:00:00,0.384,0.046,-0.338,-97.072502,27.839701,8775237,TCOON,IAN,2022,1020.0
2022-09-25 18:00:00,0.869,0.132,-0.737,-97.072502,27.839701,8775237,TCOON,IAN,2022,1080.0
2022-09-25 19:00:00,0.791,0.228,-0.5630000000000001,-97.072502,27.839701,8775237,TCOON,IAN,2022,1140.0
2022-09-25 20:00:00,0.906,0.298,-0.6080000000000001,-97.072502,27.839701,8775237,TCOON,IAN,2022,1200.0
2022-09-25 21:00:00,0.915,0.305,-0.6100000000000001,-97.072502,27.839701,8775237,TCOON,IAN,2022,1260.0
2022-09-25 22:00:00,0.643,0.249,-0.394,-97.072502,27.839701,8775237,TCOON,IAN,2022,1320.0
2022-09-25 23:00:00,0.738,0.148,-0.59,-97.072502,27.839701,8775237,TCOON,IAN,2022,1380.0
2022-09-26 00:00:00,0.679,0.047,-0.632,-97.072502,27.839701,8775237,TCOON,IAN,2022,1440.0
2022-09-26 01:00:00,0.581,-0.066,-0.647,-97.072502,27.839701,8775237,TCOON,IAN,2022,1500.0
2022-09-26 02:00:00,0.531,-0.185,-0.716,-97.072502,27.839701,8775237,TCOON,IAN,2022,1560.0
2022-09-26 03:00:00,0.522,-0.262,-0.784,-97.072502,27.839701,8775237,TCOON,IAN,2022,1620.0
2022-09-26 04:00:00,0.548,-0.274,-0.8220000000000001,-97.072502,27.839701,8775237,TCOON,IAN,2022,1680.0
2022-09-26 05:00:00,0.673,-0.226,-0.899,-97.072502,27.839701,8775237,TCOON,IAN,2022,1740.0
2022-09-26 06:00:00,0.768,-0.13,-0.898,-97.072502,27.839701,8775237,TCOON,IAN,2022,1800.0
2022-09-26 07:00:00,0.843,-0.024,-0.867,-97.072502,27.839701,8775237,TCOON,IAN,2022,1860.0
2022-09-26 08:00:00,0.938,0.057,-0.8809999999999999,-97.072502,27.839701,8775237,TCOON,IAN,2022,1920.0
2022-09-26 09:00:00,0.938,0.087,-0.851,-97.072502,27.839701,8775237,TCOON,IAN,2022,1980.0
2022-09-26 10:00:00,0.922,0.085,-0.8370000000000001,-97.072502,27.839701,8775237,TCOON,IAN,2022,2040.0
2022-09-26 11:00:00,0.919,0.04,-0.879,-97.072502,27.839701,8775237,TCOON,IAN,2022,2100.0
2022-09-26 12:00:00,1.047,-0.018,-1.065,-97.072502,27.839701,8775237,TCOON,IAN,2022,2160.0
2022-09-26 13:00:00,0.83,-0.095,-0.925,-97.072502,27.839701,8775237,TCOON,IAN,2022,2220.0
2022-09-26 14:00:00,0.741,-0.15,-0.891,-97.072502,27.839701,8775237,TCOON,IAN,2022,2280.0
2022-09-26 15:00:00,0.755,-0.189,-0.944,-97.072502,27.839701,8775237,TCOON,IAN,2022,2340.0
2022-09-26 16:00:00,0.682,-0.173,-0.855,-97.072502,27.839701,8775237,TCOON,IAN,2022,2400.0
2022-09-26 17:00:00,0.771,-0.113,-0.884,-97.072502,27.839701,8775237,TCOON,IAN,2022,2460.0
2022-09-26 18:00:00,0.965,-0.005,-0.97,-97.072502,27.839701,8775237,TCOON,IAN,2022,2520.0
2022-09-26 19:00:00,1.03,0.115,-0.915,-97.072502,27.839701,8775237,TCOON,IAN,2022,2580.0
2022-09-26 20:00:00,1.184,0.245,-0.939,-97.072502,27.839701,8775237,TCOON,IAN,2022,2640.0
2022-09-26 21:00:00,1.181,0.33,-0.851,-97.072502,27.839701,8775237,TCOON,IAN,2022,2700.0
2022-09-26 22:00:00,1.204,0.35,-0.854,-97.072502,27.839701,8775237,TCOON,IAN,2022,2760.0
2022-09-26 23:00:00,1.03,0.303,-0.7270000000000001,-97.072502,27.839701,8775237,TCOON,IAN,2022,2820.0
2022-09-27 00:00:00,0.984,0.231,-0.753,-97.072502,27.839701,8775237,TCOON,IAN,2022,2880.0
2022-09-27 01:00:00,0.883,0.141,-0.742,-97.072502,27.839701,8775237,TCOON,IAN,2022,2940.0
2022-09-27 02:00:00,0.942,0.049,-0.8929999999999999,-97.072502,27.839701,8775237,TCOON,IAN,2022,3000.0
2022-09-27 03:00:00,0.732,-0.027,-0.759,-97.072502,27.839701,8775237,TCOON,IAN,2022,3060.0
2022-09-27 04:00:00,0.866,-0.086,-0.952,-97.072502,27.839701,8775237,TCOON,IAN,2022,3120.0
2022-09-27 05:00:00,0.696,-0.104,-0.7999999999999999,-97.072502,27.839701,8775237,TCOON,IAN,2022,3180.0
2022-09-27 06:00:00,0.883,-0.073,-0.956,-97.072502,27.839701,8775237,TCOON,IAN,2022,3240.0
2022-09-27 07:00:00,0.902,-0.011,-0.913,-97.072502,27.839701,8775237,TCOON,IAN,2022,3300.0
2022-09-27 08:00:00,0.932,0.039,-0.893,-97.072502,27.839701,8775237,TCOON,IAN,2022,3360.0
2022-09-27 09:00:00,0.988,0.051,-0.937,-97.072502,27.839701,8775237,TCOON,IAN,2022,3420.0
2022-09-27 10:00:00,0.991,0.006,-0.985,-97.072502,27.839701,8775237,TCOON,IAN,2022,3480.0
2022-09-27 11:00:00,0.879,-0.071,-0.95,-97.072502,27.839701,8775237,TCOON,IAN,2022,3540.0
2022-09-27 12:00:00,0.823,-0.173,-0.996,-97.072502,27.839701,8775237,TCOON,IAN,2022,3600.0
2022-09-27 13:00:00,0.699,-0.284,-0.983,-97.072502,27.839701,8775237,TCOON,IAN,2022,3660.0
2022-09-27 14:00:00,0.83,-0.387,-1.217,-97.072502,27.839701,8775237,TCOON,IAN,2022,3720.0
2022-09-27 15:00:00,0.564,-0.447,-1.011,-97.072502,27.839701,8775237,TCOON,IAN,2022,3780.0
2022-09-27 16:00:00,0.692,-0.446,-1.138,-97.072502,27.839701,8775237,TCOON,IAN,2022,3840.0
2022-09-27 17:00:00,0.863,-0.366,-1.229,-97.072502,27.839701,8775237,TCOON,IAN,2022,3900.0
2022-09-27 18:00:00,0.768,-0.229,-0.997,-97.072502,27.839701,8775237,TCOON,IAN,2022,3960.0
2022-09-27 19:00:00,0.965,-0.054,-1.019,-97.072502,27.839701,8775237,TCOON,IAN,2022,4020.0
2022-09-27 20:00:00,1.175,0.128,-1.0470000000000002,-97.072502,27.839701,8775237,TCOON,IAN,2022,4080.0
2022-09-27 21:00:00,1.191,0.303,-0.8880000000000001,-97.072502,27.839701,8775237,TCOON,IAN,2022,4140.0
2022-09-27 22:00:00,1.286,0.412,-0.8740000000000001,-97.072502,27.839701,8775237,TCOON,IAN,2022,4200.0
2022-09-27 23:00:00,1.385,0.461,-0.924,-97.072502,27.839701,8775237,TCOON,IAN,2022,4260.0
2022-09-28 00:00:00,1.322,0.436,-0.8860000000000001,-97.072502,27.839701,8775237,TCOON,IAN,2022,4320.0
2022-09-28 01:00:00,1.273,0.372,-0.901,-97.072502,27.839701,8775237,TCOON,IAN,2022,4380.0
2022-09-28 02:00:00,1.358,0.292,-1.066,-97.072502,27.839701,8775237,TCOON,IAN,2022,4440.0
2022-09-28 03:00:00,1.28,0.221,-1.059,-97.072502,27.839701,8775237,TCOON,IAN,2022,4500.0
2022-09-28 04:00:00,1.355,0.155,-1.2,-97.072502,27.839701,8775237,TCOON,IAN,2022,4560.0
2022-09-28 05:00:00,1.302,0.105,-1.197,-97.072502,27.839701,8775237,TCOON,IAN,2022,4620.0
2022-09-28 06:00:00,1.348,0.072,-1.276,-97.072502,27.839701,8775237,TCOON,IAN,2022,4680.0
2022-09-28 07:00:00,1.417,0.076,-1.341,-97.072502,27.839701,8775237,TCOON,IAN,2022,4740.0
2022-09-28 08:00:00,1.473,0.085,-1.388,-97.072502,27.839701,8775237,TCOON,IAN,2022,4800.0
2022-09-28 09:00:00,1.417,0.068,-1.349,-97.072502,27.839701,8775237,TCOON,IAN,2022,4860.0
2022-09-28 10:00:00,1.312,0.003,-1.3090000000000002,-97.072502,27.839701,8775237,TCOON,IAN,2022,4920.0
2022-09-28 11:00:00,1.243,-0.108,-1.3510000000000002,-97.072502,27.839701,8775237,TCOON,IAN,2022,4980.0
2022-09-28 12:00:00,1.145,-0.259,-1.404,-97.072502,27.839701,8775237,TCOON,IAN,2022,5040.0
2022-09-28 13:00:00,0.945,-0.412,-1.357,-97.072502,27.839701,8775237,TCOON,IAN,2022,5100.0
2022-09-28 14:00:00,0.837,-0.544,-1.381,-97.072502,27.839701,8775237,TCOON,IAN,2022,5160.0
2022-09-28 15:00:00,0.804,-0.641,-1.445,-97.072502,27.839701,8775237,TCOON,IAN,2022,5220.0
2022-09-28 16:00:00,0.656,-0.689,-1.345,-97.072502,27.839701,8775237,TCOON,IAN,2022,5280.0
2022-09-28 17:00:00,0.853,-0.652,-1.505,-97.072502,27.839701,8775237,TCOON,IAN,2022,5340.0
2022-09-28 18:00:00,0.627,-0.53,-1.157,-97.072502,27.839701,8775237,TCOON,IAN,2022,5400.0
2022-09-28 19:00:00,0.915,-0.345,-1.26,-97.072502,27.839701,8775237,TCOON,IAN,2022,5460.0
2022-09-28 20:00:00,1.076,-0.14,-1.2160000000000002,-97.072502,27.839701,8775237,TCOON,IAN,2022,5520.0
2022-09-28 21:00:00,1.378,0.056,-1.3219999999999998,-97.072502,27.839701,8775237,TCOON,IAN,2022,5580.0
2022-09-28 22:00:00,1.391,0.241,-1.15,-97.072502,27.839701,8775237,TCOON,IAN,2022,5640.0
2022-09-28 23:00:00,1.467,0.381,-1.086,-97.072502,27.839701,8775237,TCOON,IAN,2022,5700.0
2022-09-29 00:00:00,1.473,0.466,-1.007,-97.072502,27.839701,8775237,TCOON,IAN,2022,5760.0
2022-09-29 01:00:00,1.542,0.487,-1.0550000000000002,-97.072502,27.839701,8775237,TCOON,IAN,2022,5820.0
2022-09-29 02:00:00,1.506,0.483,-1.023,-97.072502,27.839701,8775237,TCOON,IAN,2022,5880.0
2022-09-29 03:00:00,1.539,0.438,-1.101,-97.072502,27.839701,8775237,TCOON,IAN,2022,5940.0
2022-09-29 04:00:00,1.604,0.39,-1.214,-97.072502,27.839701,8775237,TCOON,IAN,2022,6000.0
2022-09-29 05:00:00,1.585,0.322,-1.263,-97.072502,27.839701,8775237,TCOON,IAN,2022,6060.0
2022-09-29 06:00:00,1.549,0.257,-1.2919999999999998,-97.072502,27.839701,8775237,TCOON,IAN,2022,6120.0
2022-09-29 07:00:00,1.555,0.226,-1.329,-97.072502,27.839701,8775237,TCOON,IAN,2022,6180.0
2022-09-29 08:00:00,1.581,0.224,-1.357,-97.072502,27.839701,8775237,TCOON,IAN,2022,6240.0
2022-09-29 09:00:00,1.526,0.21,-1.316,-97.072502,27.839701,8775237,TCOON,IAN,2022,6300.0
2022-09-29 10:00:00,1.486,0.143,-1.343,-97.072502,27.839701,8775237,TCOON,IAN,2022,6360.0
2022-09-29 11:00:00,1.378,0.006,-1.372,-97.072502,27.839701,8775237,TCOON,IAN,2022,6420.0
2022-09-29 12:00:00,1.184,-0.196,-1.38,-97.072502,27.839701,8775237,TCOON,IAN,2022,6480.0
2022-09-29 13:00:00,0.997,-0.391,-1.388,-97.072502,27.839701,8775237,TCOON,IAN,2022,6540.0
2022-09-29 14:00:00,0.843,-0.548,-1.391,-97.072502,27.839701,8775237,TCOON,IAN,2022,6600.0
2022-09-29 15:00:00,0.679,-0.676,-1.355,-97.072502,27.839701,8775237,TCOON,IAN,2022,6660.0
2022-09-29 16:00:00,0.61,-0.762,-1.372,-97.072502,27.839701,8775237,TCOON,IAN,2022,6720.0
2022-09-29 17:00:00,0.6,-0.775,-1.375,-97.072502,27.839701,8775237,TCOON,IAN,2022,6780.0
2022-09-29 18:00:00,0.719,-0.709,-1.428,-97.072502,27.839701,8775237,TCOON,IAN,2022,6840.0
2022-09-29 19:00:00,0.866,-0.571,-1.4369999999999998,-97.072502,27.839701,8775237,TCOON,IAN,2022,6900.0
2022-09-29 20:00:00,0.961,-0.38,-1.341,-97.072502,27.839701,8775237,TCOON,IAN,2022,6960.0
2022-09-29 21:00:00,1.198,-0.164,-1.362,-97.072502,27.839701,8775237,TCOON,IAN,2022,7020.0
2022-09-29 22:00:00,1.398,0.041,-1.357,-97.072502,27.839701,8775237,TCOON,IAN,2022,7080.0
2022-09-29 23:00:00,1.499,0.252,-1.247,-97.072502,27.839701,8775237,TCOON,IAN,2022,7140.0
2022-09-30 00:00:00,1.591,0.393,-1.198,-97.072502,27.839701,8775237,TCOON,IAN,2022,7200.0
2022-09-30 01:00:00,1.67,0.48,-1.19,-97.072502,27.839701,8775237,TCOON,IAN,2022,7260.0
2022-09-30 02:00:00,1.598,0.516,-1.082,-97.072502,27.839701,8775237,TCOON,IAN,2022,7320.0
2022-09-30 03:00:00,1.686,0.511,-1.1749999999999998,-97.072502,27.839701,8775237,TCOON,IAN,2022,7380.0
2022-09-30 04:00:00,1.722,0.484,-1.238,-97.072502,27.839701,8775237,TCOON,IAN,2022,7440.0
2022-09-30 05:00:00,1.801,0.463,-1.338,-97.072502,27.839701,8775237,TCOON,IAN,2022,7500.0
2022-09-30 06:00:00,1.739,0.422,-1.3170000000000002,-97.072502,27.839701,8775237,TCOON,IAN,2022,7560.0
2022-09-30 07:00:00,1.709,0.362,-1.347,-97.072502,27.839701,8775237,TCOON,IAN,2022,7620.0
2022-09-30 08:00:00,1.677,0.307,-1.37,-97.072502,27.839701,8775237,TCOON,IAN,2022,7680.0
2022-09-30 09:00:00,1.64,0.253,-1.387,-97.072502,27.839701,8775237,TCOON,IAN,2022,7740.0
2022-09-30 10:00:00,1.673,0.18,-1.493,-97.072502,27.839701,8775237,TCOON,IAN,2022,7800.0
2022-09-30 11:00:00,1.558,0.073,-1.485,-97.072502,27.839701,8775237,TCOON,IAN,2022,7860.0
2022-09-30 12:00:00,1.388,-0.091,-1.479,-97.072502,27.839701,8775237,TCOON,IAN,2022,7920.0
2022-09-30 13:00:00,1.234,-0.292,-1.526,-97.072502,27.839701,8775237,TCOON,IAN,2022,7980.0
2022-09-30 14:00:00,0.997,-0.498,-1.495,-97.072502,27.839701,8775237,TCOON,IAN,2022,8040.0
2022-09-30 15:00:00,0.761,-0.67,-1.431,-97.072502,27.839701,8775237,TCOON,IAN,2022,8100.0
2022-09-30 16:00:00,0.6,-0.808,-1.408,-97.072502,27.839701,8775237,TCOON,IAN,2022,8160.0
2022-09-30 17:00:00,0.551,-0.888,-1.439,-97.072502,27.839701,8775237,TCOON,IAN,2022,8220.0
2022-09-30 18:00:00,0.538,-0.902,-1.44,-97.072502,27.839701,8775237,TCOON,IAN,2022,8280.0
2022-09-30 19:00:00,0.614,-0.829,-1.443,-97.072502,27.839701,8775237,TCOON,IAN,2022,8340.0
2022-09-30 20:00:00,0.709,-0.706,-1.415,-97.072502,27.839701,8775237,TCOON,IAN,2022,8400.0
2022-09-30 21:00:00,0.922,-0.469,-1.391,-97.072502,27.839701,8775237,TCOON,IAN,2022,8460.0
2022-09-30 22:00:00,1.096,-0.241,-1.3370000000000002,-97.072502,27.839701,8775237,TCOON,IAN,2022,8520.0
2022-09-30 23:00:00,1.319,-0.01,-1.329,-97.072502,27.839701,8775237,TCOON,IAN,2022,8580.0
2022-10-01 00:00:00,1.371,0.223,-1.148,-97.072502,27.839701,8775237,TCOON,IAN,2022,8640.0
2022-10-01 01:00:00,1.398,0.407,-0.991,-97.072502,27.839701,8775237,TCOON,IAN,2022,8700.0
2022-10-01 02:00:00,1.499,0.523,-0.976,-97.072502,27.839701,8775237,TCOON,IAN,2022,8760.0
2022-10-01 03:00:00,1.535,0.59,-0.945,-97.072502,27.839701,8775237,TCOON,IAN,2022,8820.0
2022-10-01 04:00:00,1.509,0.611,-0.8979999999999999,-97.072502,27.839701,8775237,TCOON,IAN,2022,8880.0
2022-10-01 05:00:00,1.568,0.611,-0.957,-97.072502,27.839701,8775237,TCOON,IAN,2022,8940.0
2022-10-01 06:00:00,1.562,0.594,-0.968,-97.072502,27.839701,8775237,TCOON,IAN,2022,9000.0
2022-10-01 07:00:00,1.535,0.542,-0.993,-97.072502,27.839701,8775237,TCOON,IAN,2022,9060.0
2022-10-01 08:00:00,1.506,0.464,-1.042,-97.072502,27.839701,8775237,TCOON,IAN,2022,9120.0
2022-10-01 09:00:00,1.516,0.375,-1.141,-97.072502,27.839701,8775237,TCOON,IAN,2022,9180.0
2022-10-01 10:00:00,1.424,0.28,-1.144,-97.072502,27.839701,8775237,TCOON,IAN,2022,9240.0
2022-10-01 11:00:00,1.302,0.167,-1.135,-97.072502,27.839701,8775237,TCOON,IAN,2022,9300.0
2022-10-01 12:00:00,1.152,0.018,-1.134,-97.072502,27.839701,8775237,TCOON,IAN,2022,9360.0
2022-10-01 13:00:00,0.928,-0.186,-1.114,-97.072502,27.839701,8775237,TCOON,IAN,2022,9420.0
2022-10-01 14:00:00,0.919,-0.414,-1.333,-97.072502,27.839701,8775237,TCOON,IAN,2022,9480.0
2022-10-01 15:00:00,0.597,-0.638,-1.235,-97.072502,27.839701,8775237,TCOON,IAN,2022,9540.0
2022-10-01 16:00:00,0.449,-0.812,-1.261,-97.072502,27.839701,8775237,TCOON,IAN,2022,9600.0
2022-10-01 17:00:00,0.22,-0.944,-1.164,-97.072502,27.839701,8775237,TCOON,IAN,2022,9660.0
2022-10-01 18:00:00,0.164,-1.015,-1.1789999999999998,-97.072502,27.839701,8775237,TCOON,IAN,2022,9720.0
2022-10-01 19:00:00,0.095,-1.041,-1.136,-97.072502,27.839701,8775237,TCOON,IAN,2022,9780.0
2022-10-01 20:00:00,0.203,-0.988,-1.191,-97.072502,27.839701,8775237,TCOON,IAN,2022,9840.0
2022-10-01 21:00:00,0.299,-0.838,-1.137,-97.072502,27.839701,8775237,TCOON,IAN,2022,9900.0
2022-10-01 22:00:00,0.469,-0.616,-1.085,-97.072502,27.839701,8775237,TCOON,IAN,2022,9960.0
2022-10-01 23:00:00,0.669,-0.351,-1.02,-97.072502,27.839701,8775237,TCOON,IAN,2022,10020.0
2022-09-25 01:00:00,0.413,-0.469,-0.8819999999999999,-97.039101,27.836599,8775241,TCOON,IAN,2022,60.0
2022-09-25 02:00:00,0.39,-0.564,-0.954,-97.039101,27.836599,8775241,TCOON,IAN,2022,120.0
2022-09-25 03:00:00,0.476,-0.561,-1.037,-97.039101,27.836599,8775241,TCOON,IAN,2022,180.0
2022-09-25 04:00:00,0.545,-0.454,-0.999,-97.039101,27.836599,8775241,TCOON,IAN,2022,240.0
2022-09-25 05:00:00,0.741,-0.28,-1.021,-97.039101,27.836599,8775241,TCOON,IAN,2022,300.0
2022-09-25 06:00:00,1.007,-0.085,-1.092,-97.039101,27.836599,8775241,TCOON,IAN,2022,360.0
2022-09-25 07:00:00,1.027,0.086,-0.941,-97.039101,27.836599,8775241,TCOON,IAN,2022,420.0
2022-09-25 08:00:00,1.188,0.204,-0.984,-97.039101,27.836599,8775241,TCOON,IAN,2022,480.0
2022-09-25 09:00:00,1.171,0.264,-0.907,-97.039101,27.836599,8775241,TCOON,IAN,2022,540.0
2022-09-25 10:00:00,1.181,0.26,-0.921,-97.039101,27.836599,8775241,TCOON,IAN,2022,600.0
2022-09-25 11:00:00,1.093,0.198,-0.895,-97.039101,27.836599,8775241,TCOON,IAN,2022,660.0
2022-09-25 12:00:00,1.02,0.093,-0.927,-97.039101,27.836599,8775241,TCOON,IAN,2022,720.0
2022-09-25 13:00:00,0.833,0.003,-0.83,-97.039101,27.836599,8775241,TCOON,IAN,2022,780.0
2022-09-25 14:00:00,0.725,-0.057,-0.782,-97.039101,27.836599,8775241,TCOON,IAN,2022,840.0
2022-09-25 15:00:00,0.784,-0.071,-0.855,-97.039101,27.836599,8775241,TCOON,IAN,2022,900.0
2022-09-25 16:00:00,0.745,-0.032,-0.777,-97.039101,27.836599,8775241,TCOON,IAN,2022,960.0
2022-09-25 17:00:00,0.764,0.064,-0.7,-97.039101,27.836599,8775241,TCOON,IAN,2022,1020.0
2022-09-25 18:00:00,0.902,0.194,-0.708,-97.039101,27.836599,8775241,TCOON,IAN,2022,1080.0
2022-09-25 19:00:00,0.942,0.325,-0.617,-97.039101,27.836599,8775241,TCOON,IAN,2022,1140.0
2022-09-25 20:00:00,1.079,0.401,-0.6779999999999999,-97.039101,27.836599,8775241,TCOON,IAN,2022,1200.0
2022-09-25 21:00:00,1.047,0.388,-0.6589999999999999,-97.039101,27.836599,8775241,TCOON,IAN,2022,1260.0
2022-09-25 22:00:00,0.935,0.289,-0.6460000000000001,-97.039101,27.836599,8775241,TCOON,IAN,2022,1320.0
2022-09-25 23:00:00,0.801,0.134,-0.667,-97.039101,27.836599,8775241,TCOON,IAN,2022,1380.0
2022-09-26 00:00:00,0.692,-0.019,-0.711,-97.039101,27.836599,8775241,TCOON,IAN,2022,1440.0
2022-09-26 01:00:00,0.617,-0.179,-0.796,-97.039101,27.836599,8775241,TCOON,IAN,2022,1500.0
2022-09-26 02:00:00,0.525,-0.321,-0.8460000000000001,-97.039101,27.836599,8775241,TCOON,IAN,2022,1560.0
2022-09-26 03:00:00,0.499,-0.401,-0.9,-97.039101,27.836599,8775241,TCOON,IAN,2022,1620.0
2022-09-26 04:00:00,0.61,-0.392,-1.002,-97.039101,27.836599,8775241,TCOON,IAN,2022,1680.0
2022-09-26 05:00:00,0.817,-0.302,-1.119,-97.039101,27.836599,8775241,TCOON,IAN,2022,1740.0
2022-09-26 06:00:00,0.961,-0.15,-1.111,-97.039101,27.836599,8775241,TCOON,IAN,2022,1800.0
2022-09-26 07:00:00,1.063,0.006,-1.057,-97.039101,27.836599,8775241,TCOON,IAN,2022,1860.0
2022-09-26 08:00:00,1.22,0.125,-1.095,-97.039101,27.836599,8775241,TCOON,IAN,2022,1920.0
2022-09-26 09:00:00,1.227,0.151,-1.076,-97.039101,27.836599,8775241,TCOON,IAN,2022,1980.0
2022-09-26 10:00:00,1.211,0.13,-1.081,-97.039101,27.836599,8775241,TCOON,IAN,2022,2040.0
2022-09-26 11:00:00,1.168,0.052,-1.116,-97.039101,27.836599,8775241,TCOON,IAN,2022,2100.0
2022-09-26 12:00:00,1.119,-0.042,-1.161,-97.039101,27.836599,8775241,TCOON,IAN,2022,2160.0
2022-09-26 13:00:00,0.951,-0.161,-1.112,-97.039101,27.836599,8775241,TCOON,IAN,2022,2220.0
2022-09-26 14:00:00,0.902,-0.228,-1.13,-97.039101,27.836599,8775241,TCOON,IAN,2022,2280.0
2022-09-26 15:00:00,0.709,-0.266,-0.975,-97.039101,27.836599,8775241,TCOON,IAN,2022,2340.0
2022-09-26 16:00:00,0.771,-0.225,-0.996,-97.039101,27.836599,8775241,TCOON,IAN,2022,2400.0
2022-09-26 17:00:00,0.892,-0.125,-1.017,-97.039101,27.836599,8775241,TCOON,IAN,2022,2460.0
2022-09-26 18:00:00,1.175,0.044,-1.131,-97.039101,27.836599,8775241,TCOON,IAN,2022,2520.0
2022-09-26 19:00:00,1.299,0.217,-1.082,-97.039101,27.836599,8775241,TCOON,IAN,2022,2580.0
2022-09-26 20:00:00,1.46,0.381,-1.079,-97.039101,27.836599,8775241,TCOON,IAN,2022,2640.0
2022-09-26 21:00:00,1.407,0.47,-0.937,-97.039101,27.836599,8775241,TCOON,IAN,2022,2700.0
2022-09-26 22:00:00,1.447,0.473,-0.974,-97.039101,27.836599,8775241,TCOON,IAN,2022,2760.0
2022-09-26 23:00:00,1.171,0.385,-0.786,-97.039101,27.836599,8775241,TCOON,IAN,2022,2820.0
2022-09-27 00:00:00,1.155,0.27,-0.885,-97.039101,27.836599,8775241,TCOON,IAN,2022,2880.0
2022-09-27 01:00:00,1.03,0.128,-0.902,-97.039101,27.836599,8775241,TCOON,IAN,2022,2940.0
2022-09-27 02:00:00,0.942,-0.009,-0.951,-97.039101,27.836599,8775241,TCOON,IAN,2022,3000.0
2022-09-27 03:00:00,0.807,-0.115,-0.922,-97.039101,27.836599,8775241,TCOON,IAN,2022,3060.0
2022-09-27 04:00:00,0.909,-0.174,-1.083,-97.039101,27.836599,8775241,TCOON,IAN,2022,3120.0
2022-09-27 05:00:00,0.745,-0.178,-0.923,-97.039101,27.836599,8775241,TCOON,IAN,2022,3180.0
2022-09-27 06:00:00,0.971,-0.116,-1.087,-97.039101,27.836599,8775241,TCOON,IAN,2022,3240.0
2022-09-27 07:00:00,1.02,-0.016,-1.036,-97.039101,27.836599,8775241,TCOON,IAN,2022,3300.0
2022-09-27 08:00:00,1.086,0.059,-1.027,-97.039101,27.836599,8775241,TCOON,IAN,2022,3360.0
2022-09-27 09:00:00,1.122,0.075,-1.0470000000000002,-97.039101,27.836599,8775241,TCOON,IAN,2022,3420.0
2022-09-27 10:00:00,1.198,0.004,-1.194,-97.039101,27.836599,8775241,TCOON,IAN,2022,3480.0
2022-09-27 11:00:00,1.014,-0.114,-1.128,-97.039101,27.836599,8775241,TCOON,IAN,2022,3540.0
2022-09-27 12:00:00,0.942,-0.258,-1.2,-97.039101,27.836599,8775241,TCOON,IAN,2022,3600.0
2022-09-27 13:00:00,0.761,-0.402,-1.163,-97.039101,27.836599,8775241,TCOON,IAN,2022,3660.0
2022-09-27 14:00:00,0.814,-0.525,-1.339,-97.039101,27.836599,8775241,TCOON,IAN,2022,3720.0
2022-09-27 15:00:00,0.597,-0.583,-1.18,-97.039101,27.836599,8775241,TCOON,IAN,2022,3780.0
2022-09-27 16:00:00,0.732,-0.556,-1.288,-97.039101,27.836599,8775241,TCOON,IAN,2022,3840.0
2022-09-27 17:00:00,0.942,-0.422,-1.364,-97.039101,27.836599,8775241,TCOON,IAN,2022,3900.0
2022-09-27 18:00:00,0.801,-0.215,-1.016,-97.039101,27.836599,8775241,TCOON,IAN,2022,3960.0
2022-09-27 19:00:00,1.017,0.042,-0.975,-97.039101,27.836599,8775241,TCOON,IAN,2022,4020.0
2022-09-27 20:00:00,1.424,0.286,-1.138,-97.039101,27.836599,8775241,TCOON,IAN,2022,4080.0
2022-09-27 21:00:00,1.503,0.494,-1.009,-97.039101,27.836599,8775241,TCOON,IAN,2022,4140.0
2022-09-27 22:00:00,1.532,0.615,-0.917,-97.039101,27.836599,8775241,TCOON,IAN,2022,4200.0
2022-09-27 23:00:00,1.519,0.653,-0.8659999999999999,-97.039101,27.836599,8775241,TCOON,IAN,2022,4260.0
2022-09-28 00:00:00,1.463,0.59,-0.8730000000000001,-97.039101,27.836599,8775241,TCOON,IAN,2022,4320.0
2022-09-28 01:00:00,1.348,0.483,-0.8650000000000001,-97.039101,27.836599,8775241,TCOON,IAN,2022,4380.0
2022-09-28 02:00:00,1.417,0.354,-1.0630000000000002,-97.039101,27.836599,8775241,TCOON,IAN,2022,4440.0
2022-09-28 03:00:00,1.319,0.245,-1.0739999999999998,-97.039101,27.836599,8775241,TCOON,IAN,2022,4500.0
2022-09-28 04:00:00,1.401,0.141,-1.26,-97.039101,27.836599,8775241,TCOON,IAN,2022,4560.0
2022-09-28 05:00:00,1.358,0.066,-1.292,-97.039101,27.836599,8775241,TCOON,IAN,2022,4620.0
2022-09-28 06:00:00,1.463,0.024,-1.439,-97.039101,27.836599,8775241,TCOON,IAN,2022,4680.0
2022-09-28 07:00:00,1.522,0.046,-1.476,-97.039101,27.836599,8775241,TCOON,IAN,2022,4740.0
2022-09-28 08:00:00,1.601,0.067,-1.534,-97.039101,27.836599,8775241,TCOON,IAN,2022,4800.0
2022-09-28 09:00:00,1.493,0.042,-1.451,-97.039101,27.836599,8775241,TCOON,IAN,2022,4860.0
2022-09-28 10:00:00,1.339,-0.05,-1.389,-97.039101,27.836599,8775241,TCOON,IAN,2022,4920.0
2022-09-28 11:00:00,1.148,-0.202,-1.35,-97.039101,27.836599,8775241,TCOON,IAN,2022,4980.0
2022-09-28 12:00:00,1.063,-0.401,-1.464,-97.039101,27.836599,8775241,TCOON,IAN,2022,5040.0
2022-09-28 13:00:00,0.912,-0.593,-1.505,-97.039101,27.836599,8775241,TCOON,IAN,2022,5100.0
2022-09-28 14:00:00,0.774,-0.751,-1.525,-97.039101,27.836599,8775241,TCOON,IAN,2022,5160.0
2022-09-28 15:00:00,0.679,-0.861,-1.54,-97.039101,27.836599,8775241,TCOON,IAN,2022,5220.0
2022-09-28 16:00:00,0.512,-0.89,-1.402,-97.039101,27.836599,8775241,TCOON,IAN,2022,5280.0
2022-09-28 17:00:00,0.781,-0.813,-1.594,-97.039101,27.836599,8775241,TCOON,IAN,2022,5340.0
2022-09-28 18:00:00,0.958,-0.619,-1.577,-97.039101,27.836599,8775241,TCOON,IAN,2022,5400.0
2022-09-28 19:00:00,1.063,-0.345,-1.408,-97.039101,27.836599,8775241,TCOON,IAN,2022,5460.0
2022-09-28 20:00:00,1.325,-0.051,-1.376,-97.039101,27.836599,8775241,TCOON,IAN,2022,5520.0
2022-09-28 21:00:00,1.526,0.213,-1.313,-97.039101,27.836599,8775241,TCOON,IAN,2022,5580.0
2022-09-28 22:00:00,1.67,0.432,-1.238,-97.039101,27.836599,8775241,TCOON,IAN,2022,5640.0
2022-09-28 23:00:00,1.627,0.593,-1.034,-97.039101,27.836599,8775241,TCOON,IAN,2022,5700.0
2022-09-29 00:00:00,1.627,0.684,-0.943,-97.039101,27.836599,8775241,TCOON,IAN,2022,5760.0
2022-09-29 01:00:00,1.663,0.687,-0.976,-97.039101,27.836599,8775241,TCOON,IAN,2022,5820.0
2022-09-29 02:00:00,1.614,0.655,-0.959,-97.039101,27.836599,8775241,TCOON,IAN,2022,5880.0
2022-09-29 03:00:00,1.565,0.571,-0.994,-97.039101,27.836599,8775241,TCOON,IAN,2022,5940.0
2022-09-29 04:00:00,1.634,0.486,-1.148,-97.039101,27.836599,8775241,TCOON,IAN,2022,6000.0
2022-09-29 05:00:00,1.637,0.373,-1.264,-97.039101,27.836599,8775241,TCOON,IAN,2022,6060.0
2022-09-29 06:00:00,1.575,0.272,-1.303,-97.039101,27.836599,8775241,TCOON,IAN,2022,6120.0
2022-09-29 07:00:00,1.581,0.227,-1.354,-97.039101,27.836599,8775241,TCOON,IAN,2022,6180.0
2022-09-29 08:00:00,1.667,0.222,-1.445,-97.039101,27.836599,8775241,TCOON,IAN,2022,6240.0
2022-09-29 09:00:00,1.591,0.193,-1.398,-97.039101,27.836599,8775241,TCOON,IAN,2022,6300.0
2022-09-29 10:00:00,1.532,0.085,-1.447,-97.039101,27.836599,8775241,TCOON,IAN,2022,6360.0
2022-09-29 11:00:00,1.322,-0.115,-1.437,-97.039101,27.836599,8775241,TCOON,IAN,2022,6420.0
2022-09-29 12:00:00,1.096,-0.38,-1.476,-97.039101,27.836599,8775241,TCOON,IAN,2022,6480.0
2022-09-29 13:00:00,0.902,-0.622,-1.524,-97.039101,27.836599,8775241,TCOON,IAN,2022,6540.0
2022-09-29 14:00:00,0.614,-0.813,-1.427,-97.039101,27.836599,8775241,TCOON,IAN,2022,6600.0
2022-09-29 15:00:00,0.509,-0.959,-1.468,-97.039101,27.836599,8775241,TCOON,IAN,2022,6660.0
2022-09-29 16:00:00,0.44,-1.046,-1.486,-97.039101,27.836599,8775241,TCOON,IAN,2022,6720.0
2022-09-29 17:00:00,0.394,-1.032,-1.4260000000000002,-97.039101,27.836599,8775241,TCOON,IAN,2022,6780.0
2022-09-29 18:00:00,0.489,-0.909,-1.398,-97.039101,27.836599,8775241,TCOON,IAN,2022,6840.0
2022-09-29 19:00:00,0.896,-0.689,-1.585,-97.039101,27.836599,8775241,TCOON,IAN,2022,6900.0
2022-09-29 20:00:00,1.076,-0.409,-1.485,-97.039101,27.836599,8775241,TCOON,IAN,2022,6960.0
2022-09-29 21:00:00,1.476,-0.096,-1.572,-97.039101,27.836599,8775241,TCOON,IAN,2022,7020.0
2022-09-29 22:00:00,1.631,0.189,-1.442,-97.039101,27.836599,8775241,TCOON,IAN,2022,7080.0
2022-09-29 23:00:00,1.742,0.438,-1.304,-97.039101,27.836599,8775241,TCOON,IAN,2022,7140.0
2022-09-30 00:00:00,1.864,0.599,-1.265,-97.039101,27.836599,8775241,TCOON,IAN,2022,7200.0
2022-09-30 01:00:00,1.926,0.695,-1.231,-97.039101,27.836599,8775241,TCOON,IAN,2022,7260.0
2022-09-30 02:00:00,1.86,0.718,-1.142,-97.039101,27.836599,8775241,TCOON,IAN,2022,7320.0
2022-09-30 03:00:00,1.936,0.686,-1.25,-97.039101,27.836599,8775241,TCOON,IAN,2022,7380.0
2022-09-30 04:00:00,1.949,0.63,-1.319,-97.039101,27.836599,8775241,TCOON,IAN,2022,7440.0
2022-09-30 05:00:00,2.005,0.582,-1.423,-97.039101,27.836599,8775241,TCOON,IAN,2022,7500.0
2022-09-30 06:00:00,1.913,0.506,-1.407,-97.039101,27.836599,8775241,TCOON,IAN,2022,7560.0
2022-09-30 07:00:00,1.85,0.412,-1.4380000000000002,-97.039101,27.836599,8775241,TCOON,IAN,2022,7620.0
2022-09-30 08:00:00,1.752,0.325,-1.427,-97.039101,27.836599,8775241,TCOON,IAN,2022,7680.0
2022-09-30 09:00:00,1.844,0.24,-1.604,-97.039101,27.836599,8775241,TCOON,IAN,2022,7740.0
2022-09-30 10:00:00,1.713,0.124,-1.589,-97.039101,27.836599,8775241,TCOON,IAN,2022,7800.0
2022-09-30 11:00:00,1.565,-0.032,-1.597,-97.039101,27.836599,8775241,TCOON,IAN,2022,7860.0
2022-09-30 12:00:00,1.329,-0.247,-1.576,-97.039101,27.836599,8775241,TCOON,IAN,2022,7920.0
2022-09-30 13:00:00,1.132,-0.505,-1.637,-97.039101,27.836599,8775241,TCOON,IAN,2022,7980.0
2022-09-30 14:00:00,0.85,-0.763,-1.613,-97.039101,27.836599,8775241,TCOON,IAN,2022,8040.0
2022-09-30 15:00:00,0.535,-0.97,-1.505,-97.039101,27.836599,8775241,TCOON,IAN,2022,8100.0
2022-09-30 16:00:00,0.364,-1.127,-1.491,-97.039101,27.836599,8775241,TCOON,IAN,2022,8160.0
2022-09-30 17:00:00,0.266,-1.204,-1.47,-97.039101,27.836599,8775241,TCOON,IAN,2022,8220.0
2022-09-30 18:00:00,0.285,-1.175,-1.46,-97.039101,27.836599,8775241,TCOON,IAN,2022,8280.0
2022-09-30 19:00:00,0.443,-1.044,-1.487,-97.039101,27.836599,8775241,TCOON,IAN,2022,8340.0
2022-09-30 20:00:00,0.594,-0.808,-1.402,-97.039101,27.836599,8775241,TCOON,IAN,2022,8400.0
2022-09-30 21:00:00,0.778,-0.504,-1.282,-97.039101,27.836599,8775241,TCOON,IAN,2022,8460.0
2022-09-30 22:00:00,1.234,-0.176,-1.41,-97.039101,27.836599,8775241,TCOON,IAN,2022,8520.0
2022-09-30 23:00:00,1.476,0.151,-1.325,-97.039101,27.836599,8775241,TCOON,IAN,2022,8580.0
2022-10-01 00:00:00,1.634,0.431,-1.2029999999999998,-97.039101,27.836599,8775241,TCOON,IAN,2022,8640.0
2022-10-01 01:00:00,1.713,0.648,-1.065,-97.039101,27.836599,8775241,TCOON,IAN,2022,8700.0
2022-10-01 02:00:00,1.736,0.781,-0.955,-97.039101,27.836599,8775241,TCOON,IAN,2022,8760.0
2022-10-01 03:00:00,1.778,0.843,-0.935,-97.039101,27.836599,8775241,TCOON,IAN,2022,8820.0
2022-10-01 04:00:00,1.726,0.845,-0.881,-97.039101,27.836599,8775241,TCOON,IAN,2022,8880.0
2022-10-01 05:00:00,1.732,0.82,-0.912,-97.039101,27.836599,8775241,TCOON,IAN,2022,8940.0
2022-10-01 06:00:00,1.663,0.774,-0.889,-97.039101,27.836599,8775241,TCOON,IAN,2022,9000.0
2022-10-01 07:00:00,1.604,0.678,-0.926,-97.039101,27.836599,8775241,TCOON,IAN,2022,9060.0
2022-10-01 08:00:00,1.588,0.554,-1.034,-97.039101,27.836599,8775241,TCOON,IAN,2022,9120.0
2022-10-01 09:00:00,1.568,0.415,-1.153,-97.039101,27.836599,8775241,TCOON,IAN,2022,9180.0
2022-10-01 10:00:00,1.437,0.268,-1.169,-97.039101,27.836599,8775241,TCOON,IAN,2022,9240.0
2022-10-01 11:00:00,1.309,0.095,-1.214,-97.039101,27.836599,8775241,TCOON,IAN,2022,9300.0
2022-10-01 12:00:00,1.01,-0.116,-1.126,-97.039101,27.836599,8775241,TCOON,IAN,2022,9360.0
2022-10-01 13:00:00,0.751,-0.375,-1.126,-97.039101,27.836599,8775241,TCOON,IAN,2022,9420.0
2022-10-01 14:00:00,0.43,-0.667,-1.097,-97.039101,27.836599,8775241,TCOON,IAN,2022,9480.0
2022-10-01 15:00:00,0.276,-0.946,-1.222,-97.039101,27.836599,8775241,TCOON,IAN,2022,9540.0
2022-10-01 16:00:00,0.03,-1.152,-1.182,-97.039101,27.836599,8775241,TCOON,IAN,2022,9600.0
2022-10-01 17:00:00,-0.138,-1.299,-1.161,-97.039101,27.836599,8775241,TCOON,IAN,2022,9660.0
2022-10-01 18:00:00,-0.246,-1.357,-1.111,-97.039101,27.836599,8775241,TCOON,IAN,2022,9720.0
2022-10-01 19:00:00,-0.167,-1.345,-1.178,-97.039101,27.836599,8775241,TCOON,IAN,2022,9780.0
2022-10-01 20:00:00,-0.016,-1.233,-1.217,-97.039101,27.836599,8775241,TCOON,IAN,2022,9840.0
2022-10-01 21:00:00,0.171,-1.002,-1.173,-97.039101,27.836599,8775241,TCOON,IAN,2022,9900.0
2022-10-01 22:00:00,0.436,-0.681,-1.117,-97.039101,27.836599,8775241,TCOON,IAN,2022,9960.0
2022-10-01 23:00:00,0.741,-0.322,-1.063,-97.039101,27.836599,8775241,TCOON,IAN,2022,10020.0
2022-09-25 01:00:00,1.06,0.132,-0.928,-97.485944,27.83275,8775244,TCOON,IAN,2022,60.0
2022-09-25 02:00:00,0.968,0.128,-0.84,-97.485944,27.83275,8775244,TCOON,IAN,2022,120.0
2022-09-25 03:00:00,0.883,0.121,-0.762,-97.485944,27.83275,8775244,TCOON,IAN,2022,180.0
2022-09-25 04:00:00,0.827,0.108,-0.719,-97.485944,27.83275,8775244,TCOON,IAN,2022,240.0
2022-09-25 05:00:00,0.748,0.096,-0.652,-97.485944,27.83275,8775244,TCOON,IAN,2022,300.0
2022-09-25 06:00:00,0.682,0.083,-0.5990000000000001,-97.485944,27.83275,8775244,TCOON,IAN,2022,360.0
2022-09-25 07:00:00,0.627,0.069,-0.558,-97.485944,27.83275,8775244,TCOON,IAN,2022,420.0
2022-09-25 08:00:00,0.577,0.055,-0.5219999999999999,-97.485944,27.83275,8775244,TCOON,IAN,2022,480.0
2022-09-25 09:00:00,0.545,0.04,-0.505,-97.485944,27.83275,8775244,TCOON,IAN,2022,540.0
2022-09-25 10:00:00,0.584,0.026,-0.5579999999999999,-97.485944,27.83275,8775244,TCOON,IAN,2022,600.0
2022-09-25 11:00:00,0.669,0.013,-0.656,-97.485944,27.83275,8775244,TCOON,IAN,2022,660.0
2022-09-25 12:00:00,0.738,0.002,-0.736,-97.485944,27.83275,8775244,TCOON,IAN,2022,720.0
2022-09-25 13:00:00,0.807,0.002,-0.805,-97.485944,27.83275,8775244,TCOON,IAN,2022,780.0
2022-09-25 14:00:00,0.81,0.006,-0.804,-97.485944,27.83275,8775244,TCOON,IAN,2022,840.0
2022-09-25 15:00:00,0.797,0.016,-0.781,-97.485944,27.83275,8775244,TCOON,IAN,2022,900.0
2022-09-25 16:00:00,0.774,0.025,-0.749,-97.485944,27.83275,8775244,TCOON,IAN,2022,960.0
2022-09-25 17:00:00,0.696,0.034,-0.6619999999999999,-97.485944,27.83275,8775244,TCOON,IAN,2022,1020.0
2022-09-25 18:00:00,0.689,0.034,-0.6549999999999999,-97.485944,27.83275,8775244,TCOON,IAN,2022,1080.0
2022-09-25 19:00:00,0.696,0.031,-0.6649999999999999,-97.485944,27.83275,8775244,TCOON,IAN,2022,1140.0
2022-09-25 20:00:00,0.696,0.024,-0.6719999999999999,-97.485944,27.83275,8775244,TCOON,IAN,2022,1200.0
2022-09-25 21:00:00,0.732,0.023,-0.709,-97.485944,27.83275,8775244,TCOON,IAN,2022,1260.0
2022-09-25 22:00:00,0.82,0.028,-0.7919999999999999,-97.485944,27.83275,8775244,TCOON,IAN,2022,1320.0
2022-09-25 23:00:00,0.853,0.04,-0.813,-97.485944,27.83275,8775244,TCOON,IAN,2022,1380.0
2022-09-26 00:00:00,0.889,0.051,-0.838,-97.485944,27.83275,8775244,TCOON,IAN,2022,1440.0
2022-09-26 01:00:00,0.817,0.066,-0.7509999999999999,-97.485944,27.83275,8775244,TCOON,IAN,2022,1500.0
2022-09-26 02:00:00,0.761,0.082,-0.679,-97.485944,27.83275,8775244,TCOON,IAN,2022,1560.0
2022-09-26 03:00:00,0.725,0.098,-0.627,-97.485944,27.83275,8775244,TCOON,IAN,2022,1620.0
2022-09-26 04:00:00,0.64,0.107,-0.533,-97.485944,27.83275,8775244,TCOON,IAN,2022,1680.0
2022-09-26 05:00:00,0.554,0.102,-0.452,-97.485944,27.83275,8775244,TCOON,IAN,2022,1740.0
2022-09-26 06:00:00,0.479,0.09,-0.389,-97.485944,27.83275,8775244,TCOON,IAN,2022,1800.0
2022-09-26 07:00:00,0.433,0.079,-0.354,-97.485944,27.83275,8775244,TCOON,IAN,2022,1860.0
2022-09-26 08:00:00,0.436,0.067,-0.369,-97.485944,27.83275,8775244,TCOON,IAN,2022,1920.0
2022-09-26 09:00:00,0.469,0.054,-0.415,-97.485944,27.83275,8775244,TCOON,IAN,2022,1980.0
2022-09-26 10:00:00,0.525,0.041,-0.484,-97.485944,27.83275,8775244,TCOON,IAN,2022,2040.0
2022-09-26 11:00:00,0.61,0.029,-0.581,-97.485944,27.83275,8775244,TCOON,IAN,2022,2100.0
2022-09-26 12:00:00,0.686,0.018,-0.668,-97.485944,27.83275,8775244,TCOON,IAN,2022,2160.0
2022-09-26 13:00:00,0.751,0.014,-0.737,-97.485944,27.83275,8775244,TCOON,IAN,2022,2220.0
2022-09-26 14:00:00,0.804,0.017,-0.787,-97.485944,27.83275,8775244,TCOON,IAN,2022,2280.0
2022-09-26 15:00:00,0.827,0.025,-0.8019999999999999,-97.485944,27.83275,8775244,TCOON,IAN,2022,2340.0
2022-09-26 16:00:00,0.801,0.024,-0.777,-97.485944,27.83275,8775244,TCOON,IAN,2022,2400.0
2022-09-26 17:00:00,0.741,0.02,-0.721,-97.485944,27.83275,8775244,TCOON,IAN,2022,2460.0
2022-09-26 18:00:00,0.696,0.011,-0.6849999999999999,-97.485944,27.83275,8775244,TCOON,IAN,2022,2520.0
2022-09-26 19:00:00,0.692,0.002,-0.69,-97.485944,27.83275,8775244,TCOON,IAN,2022,2580.0
2022-09-26 20:00:00,0.715,-0.007,-0.722,-97.485944,27.83275,8775244,TCOON,IAN,2022,2640.0
2022-09-26 21:00:00,0.774,-0.017,-0.791,-97.485944,27.83275,8775244,TCOON,IAN,2022,2700.0
2022-09-26 22:00:00,0.945,-0.025,-0.97,-97.485944,27.83275,8775244,TCOON,IAN,2022,2760.0
2022-09-26 23:00:00,0.85,-0.023,-0.873,-97.485944,27.83275,8775244,TCOON,IAN,2022,2820.0
2022-09-27 00:00:00,0.951,-0.018,-0.969,-97.485944,27.83275,8775244,TCOON,IAN,2022,2880.0
2022-09-27 01:00:00,0.948,-0.007,-0.955,-97.485944,27.83275,8775244,TCOON,IAN,2022,2940.0
2022-09-27 02:00:00,1.02,0.005,-1.015,-97.485944,27.83275,8775244,TCOON,IAN,2022,3000.0
2022-09-27 03:00:00,0.948,0.02,-0.928,-97.485944,27.83275,8775244,TCOON,IAN,2022,3060.0
2022-09-27 04:00:00,0.843,0.037,-0.8059999999999999,-97.485944,27.83275,8775244,TCOON,IAN,2022,3120.0
2022-09-27 05:00:00,0.768,0.054,-0.714,-97.485944,27.83275,8775244,TCOON,IAN,2022,3180.0
2022-09-27 06:00:00,0.764,0.069,-0.6950000000000001,-97.485944,27.83275,8775244,TCOON,IAN,2022,3240.0
2022-09-27 07:00:00,0.758,0.07,-0.688,-97.485944,27.83275,8775244,TCOON,IAN,2022,3300.0
2022-09-27 08:00:00,0.751,0.066,-0.685,-97.485944,27.83275,8775244,TCOON,IAN,2022,3360.0
2022-09-27 09:00:00,0.807,0.055,-0.752,-97.485944,27.83275,8775244,TCOON,IAN,2022,3420.0
2022-09-27 10:00:00,0.761,0.046,-0.715,-97.485944,27.83275,8775244,TCOON,IAN,2022,3480.0
2022-09-27 11:00:00,0.784,0.037,-0.747,-97.485944,27.83275,8775244,TCOON,IAN,2022,3540.0
2022-09-27 12:00:00,0.843,0.029,-0.814,-97.485944,27.83275,8775244,TCOON,IAN,2022,3600.0
2022-09-27 13:00:00,0.879,0.023,-0.856,-97.485944,27.83275,8775244,TCOON,IAN,2022,3660.0
2022-09-27 14:00:00,0.892,0.018,-0.874,-97.485944,27.83275,8775244,TCOON,IAN,2022,3720.0
2022-09-27 15:00:00,0.883,0.012,-0.871,-97.485944,27.83275,8775244,TCOON,IAN,2022,3780.0
2022-09-27 16:00:00,0.83,0.004,-0.826,-97.485944,27.83275,8775244,TCOON,IAN,2022,3840.0
2022-09-27 17:00:00,0.778,-0.005,-0.783,-97.485944,27.83275,8775244,TCOON,IAN,2022,3900.0
2022-09-27 18:00:00,0.755,-0.015,-0.77,-97.485944,27.83275,8775244,TCOON,IAN,2022,3960.0
2022-09-27 19:00:00,0.768,-0.025,-0.793,-97.485944,27.83275,8775244,TCOON,IAN,2022,4020.0
2022-09-27 20:00:00,0.781,-0.036,-0.8170000000000001,-97.485944,27.83275,8775244,TCOON,IAN,2022,4080.0
2022-09-27 21:00:00,0.807,-0.047,-0.8540000000000001,-97.485944,27.83275,8775244,TCOON,IAN,2022,4140.0
2022-09-27 22:00:00,0.942,-0.058,-1.0,-97.485944,27.83275,8775244,TCOON,IAN,2022,4200.0
2022-09-27 23:00:00,1.027,-0.069,-1.096,-97.485944,27.83275,8775244,TCOON,IAN,2022,4260.0
2022-09-28 00:00:00,1.115,-0.078,-1.193,-97.485944,27.83275,8775244,TCOON,IAN,2022,4320.0
2022-09-28 01:00:00,1.158,-0.076,-1.234,-97.485944,27.83275,8775244,TCOON,IAN,2022,4380.0
2022-09-28 02:00:00,1.191,-0.071,-1.262,-97.485944,27.83275,8775244,TCOON,IAN,2022,4440.0
2022-09-28 03:00:00,1.201,-0.061,-1.262,-97.485944,27.83275,8775244,TCOON,IAN,2022,4500.0
2022-09-28 04:00:00,1.204,-0.048,-1.252,-97.485944,27.83275,8775244,TCOON,IAN,2022,4560.0
2022-09-28 05:00:00,1.211,-0.033,-1.244,-97.485944,27.83275,8775244,TCOON,IAN,2022,4620.0
2022-09-28 06:00:00,1.207,-0.015,-1.222,-97.485944,27.83275,8775244,TCOON,IAN,2022,4680.0
2022-09-28 07:00:00,1.178,0.005,-1.173,-97.485944,27.83275,8775244,TCOON,IAN,2022,4740.0
2022-09-28 08:00:00,1.161,0.025,-1.136,-97.485944,27.83275,8775244,TCOON,IAN,2022,4800.0
2022-09-28 09:00:00,1.142,0.045,-1.097,-97.485944,27.83275,8775244,TCOON,IAN,2022,4860.0
2022-09-28 10:00:00,1.145,0.062,-1.083,-97.485944,27.83275,8775244,TCOON,IAN,2022,4920.0
2022-09-28 11:00:00,1.184,0.074,-1.11,-97.485944,27.83275,8775244,TCOON,IAN,2022,4980.0
2022-09-28 12:00:00,1.22,0.079,-1.141,-97.485944,27.83275,8775244,TCOON,IAN,2022,5040.0
2022-09-28 13:00:00,1.234,0.076,-1.158,-97.485944,27.83275,8775244,TCOON,IAN,2022,5100.0
2022-09-28 14:00:00,1.161,0.067,-1.094,-97.485944,27.83275,8775244,TCOON,IAN,2022,5160.0
2022-09-28 15:00:00,1.142,0.059,-1.083,-97.485944,27.83275,8775244,TCOON,IAN,2022,5220.0
2022-09-28 16:00:00,1.093,0.048,-1.045,-97.485944,27.83275,8775244,TCOON,IAN,2022,5280.0
2022-09-28 17:00:00,1.043,0.037,-1.006,-97.485944,27.83275,8775244,TCOON,IAN,2022,5340.0
2022-09-28 18:00:00,1.053,0.025,-1.028,-97.485944,27.83275,8775244,TCOON,IAN,2022,5400.0
2022-09-28 19:00:00,1.043,0.012,-1.031,-97.485944,27.83275,8775244,TCOON,IAN,2022,5460.0
2022-09-28 20:00:00,1.037,-0.001,-1.0379999999999998,-97.485944,27.83275,8775244,TCOON,IAN,2022,5520.0
2022-09-28 21:00:00,1.043,-0.014,-1.057,-97.485944,27.83275,8775244,TCOON,IAN,2022,5580.0
2022-09-28 22:00:00,1.06,-0.027,-1.087,-97.485944,27.83275,8775244,TCOON,IAN,2022,5640.0
2022-09-28 23:00:00,1.122,-0.04,-1.162,-97.485944,27.83275,8775244,TCOON,IAN,2022,5700.0
2022-09-29 00:00:00,1.175,-0.053,-1.228,-97.485944,27.83275,8775244,TCOON,IAN,2022,5760.0
2022-09-29 01:00:00,1.227,-0.065,-1.292,-97.485944,27.83275,8775244,TCOON,IAN,2022,5820.0
2022-09-29 02:00:00,1.28,-0.075,-1.355,-97.485944,27.83275,8775244,TCOON,IAN,2022,5880.0
2022-09-29 03:00:00,1.332,-0.078,-1.41,-97.485944,27.83275,8775244,TCOON,IAN,2022,5940.0
2022-09-29 04:00:00,1.362,-0.074,-1.4360000000000002,-97.485944,27.83275,8775244,TCOON,IAN,2022,6000.0
2022-09-29 05:00:00,1.375,-0.062,-1.437,-97.485944,27.83275,8775244,TCOON,IAN,2022,6060.0
2022-09-29 06:00:00,1.365,-0.05,-1.415,-97.485944,27.83275,8775244,TCOON,IAN,2022,6120.0
2022-09-29 07:00:00,1.345,-0.035,-1.38,-97.485944,27.83275,8775244,TCOON,IAN,2022,6180.0
2022-09-29 08:00:00,1.316,-0.017,-1.333,-97.485944,27.83275,8775244,TCOON,IAN,2022,6240.0
2022-09-29 09:00:00,1.325,0.003,-1.322,-97.485944,27.83275,8775244,TCOON,IAN,2022,6300.0
2022-09-29 10:00:00,1.316,0.026,-1.29,-97.485944,27.83275,8775244,TCOON,IAN,2022,6360.0
2022-09-29 11:00:00,1.319,0.05,-1.269,-97.485944,27.83275,8775244,TCOON,IAN,2022,6420.0
2022-09-29 12:00:00,1.312,0.075,-1.237,-97.485944,27.83275,8775244,TCOON,IAN,2022,6480.0
2022-09-29 13:00:00,1.286,0.098,-1.188,-97.485944,27.83275,8775244,TCOON,IAN,2022,6540.0
2022-09-29 14:00:00,1.247,0.117,-1.13,-97.485944,27.83275,8775244,TCOON,IAN,2022,6600.0
2022-09-29 15:00:00,1.145,0.118,-1.027,-97.485944,27.83275,8775244,TCOON,IAN,2022,6660.0
2022-09-29 16:00:00,1.056,0.112,-0.944,-97.485944,27.83275,8775244,TCOON,IAN,2022,6720.0
2022-09-29 17:00:00,0.961,0.099,-0.862,-97.485944,27.83275,8775244,TCOON,IAN,2022,6780.0
2022-09-29 18:00:00,0.899,0.087,-0.812,-97.485944,27.83275,8775244,TCOON,IAN,2022,6840.0
2022-09-29 19:00:00,0.837,0.073,-0.764,-97.485944,27.83275,8775244,TCOON,IAN,2022,6900.0
2022-09-29 20:00:00,0.797,0.058,-0.739,-97.485944,27.83275,8775244,TCOON,IAN,2022,6960.0
2022-09-29 21:00:00,0.83,0.043,-0.7869999999999999,-97.485944,27.83275,8775244,TCOON,IAN,2022,7020.0
2022-09-29 22:00:00,0.869,0.028,-0.841,-97.485944,27.83275,8775244,TCOON,IAN,2022,7080.0
2022-09-29 23:00:00,0.922,0.014,-0.908,-97.485944,27.83275,8775244,TCOON,IAN,2022,7140.0
2022-09-30 00:00:00,0.968,-0.001,-0.969,-97.485944,27.83275,8775244,TCOON,IAN,2022,7200.0
2022-09-30 01:00:00,1.063,-0.015,-1.0779999999999998,-97.485944,27.83275,8775244,TCOON,IAN,2022,7260.0
2022-09-30 02:00:00,1.148,-0.029,-1.1769999999999998,-97.485944,27.83275,8775244,TCOON,IAN,2022,7320.0
2022-09-30 03:00:00,1.234,-0.042,-1.276,-97.485944,27.83275,8775244,TCOON,IAN,2022,7380.0
2022-09-30 04:00:00,1.299,-0.049,-1.348,-97.485944,27.83275,8775244,TCOON,IAN,2022,7440.0
2022-09-30 05:00:00,1.352,-0.046,-1.398,-97.485944,27.83275,8775244,TCOON,IAN,2022,7500.0
2022-09-30 06:00:00,1.411,-0.034,-1.445,-97.485944,27.83275,8775244,TCOON,IAN,2022,7560.0
2022-09-30 07:00:00,1.48,-0.022,-1.502,-97.485944,27.83275,8775244,TCOON,IAN,2022,7620.0
2022-09-30 08:00:00,1.522,-0.006,-1.528,-97.485944,27.83275,8775244,TCOON,IAN,2022,7680.0
2022-09-30 09:00:00,1.526,0.012,-1.514,-97.485944,27.83275,8775244,TCOON,IAN,2022,7740.0
2022-09-30 10:00:00,1.516,0.034,-1.482,-97.485944,27.83275,8775244,TCOON,IAN,2022,7800.0
2022-09-30 11:00:00,1.522,0.059,-1.463,-97.485944,27.83275,8775244,TCOON,IAN,2022,7860.0
2022-09-30 12:00:00,1.558,0.085,-1.473,-97.485944,27.83275,8775244,TCOON,IAN,2022,7920.0
2022-09-30 13:00:00,1.542,0.111,-1.431,-97.485944,27.83275,8775244,TCOON,IAN,2022,7980.0
2022-09-30 14:00:00,1.49,0.134,-1.356,-97.485944,27.83275,8775244,TCOON,IAN,2022,8040.0
2022-09-30 15:00:00,1.404,0.147,-1.257,-97.485944,27.83275,8775244,TCOON,IAN,2022,8100.0
2022-09-30 16:00:00,1.319,0.143,-1.176,-97.485944,27.83275,8775244,TCOON,IAN,2022,8160.0
2022-09-30 17:00:00,1.237,0.129,-1.108,-97.485944,27.83275,8775244,TCOON,IAN,2022,8220.0
2022-09-30 18:00:00,1.106,0.116,-0.99,-97.485944,27.83275,8775244,TCOON,IAN,2022,8280.0
2022-09-30 19:00:00,1.027,0.102,-0.925,-97.485944,27.83275,8775244,TCOON,IAN,2022,8340.0
2022-09-30 20:00:00,0.978,0.087,-0.891,-97.485944,27.83275,8775244,TCOON,IAN,2022,8400.0
2022-09-30 21:00:00,0.988,0.072,-0.916,-97.485944,27.83275,8775244,TCOON,IAN,2022,8460.0
2022-09-30 22:00:00,0.997,0.056,-0.941,-97.485944,27.83275,8775244,TCOON,IAN,2022,8520.0
2022-09-30 23:00:00,1.02,0.04,-0.98,-97.485944,27.83275,8775244,TCOON,IAN,2022,8580.0
2022-10-01 00:00:00,1.001,0.025,-0.976,-97.485944,27.83275,8775244,TCOON,IAN,2022,8640.0
2022-10-01 01:00:00,1.01,0.009,-1.001,-97.485944,27.83275,8775244,TCOON,IAN,2022,8700.0
2022-10-01 02:00:00,1.086,-0.006,-1.092,-97.485944,27.83275,8775244,TCOON,IAN,2022,8760.0
2022-10-01 03:00:00,1.181,-0.02,-1.201,-97.485944,27.83275,8775244,TCOON,IAN,2022,8820.0
2022-10-01 04:00:00,1.296,-0.034,-1.33,-97.485944,27.83275,8775244,TCOON,IAN,2022,8880.0
2022-10-01 05:00:00,1.404,-0.046,-1.45,-97.485944,27.83275,8775244,TCOON,IAN,2022,8940.0
2022-10-01 06:00:00,1.483,-0.046,-1.529,-97.485944,27.83275,8775244,TCOON,IAN,2022,9000.0
2022-10-01 07:00:00,1.545,-0.042,-1.587,-97.485944,27.83275,8775244,TCOON,IAN,2022,9060.0
2022-10-01 08:00:00,1.585,-0.029,-1.614,-97.485944,27.83275,8775244,TCOON,IAN,2022,9120.0
2022-10-01 09:00:00,1.588,-0.015,-1.603,-97.485944,27.83275,8775244,TCOON,IAN,2022,9180.0
2022-10-01 10:00:00,1.545,0.003,-1.542,-97.485944,27.83275,8775244,TCOON,IAN,2022,9240.0
2022-10-01 11:00:00,1.516,0.025,-1.491,-97.485944,27.83275,8775244,TCOON,IAN,2022,9300.0
2022-10-01 12:00:00,1.476,0.05,-1.426,-97.485944,27.83275,8775244,TCOON,IAN,2022,9360.0
2022-10-01 13:00:00,1.424,0.078,-1.346,-97.485944,27.83275,8775244,TCOON,IAN,2022,9420.0
2022-10-01 14:00:00,1.299,0.107,-1.192,-97.485944,27.83275,8775244,TCOON,IAN,2022,9480.0
2022-10-01 15:00:00,1.207,0.132,-1.0750000000000002,-97.485944,27.83275,8775244,TCOON,IAN,2022,9540.0
2022-10-01 16:00:00,1.181,0.146,-1.035,-97.485944,27.83275,8775244,TCOON,IAN,2022,9600.0
2022-10-01 17:00:00,1.145,0.142,-1.003,-97.485944,27.83275,8775244,TCOON,IAN,2022,9660.0
2022-10-01 18:00:00,1.079,0.127,-0.952,-97.485944,27.83275,8775244,TCOON,IAN,2022,9720.0
2022-10-01 19:00:00,1.007,0.114,-0.8929999999999999,-97.485944,27.83275,8775244,TCOON,IAN,2022,9780.0
2022-10-01 20:00:00,0.925,0.1,-0.8250000000000001,-97.485944,27.83275,8775244,TCOON,IAN,2022,9840.0
2022-10-01 21:00:00,0.833,0.085,-0.748,-97.485944,27.83275,8775244,TCOON,IAN,2022,9900.0
2022-10-01 22:00:00,0.784,0.069,-0.7150000000000001,-97.485944,27.83275,8775244,TCOON,IAN,2022,9960.0
2022-10-01 23:00:00,0.719,0.053,-0.6659999999999999,-97.485944,27.83275,8775244,TCOON,IAN,2022,10020.0
2022-09-25 01:00:00,0.774,0.059,-0.7150000000000001,-97.2033,27.8217,8775283,TCOON,IAN,2022,60.0
2022-09-25 02:00:00,0.725,0.007,-0.718,-97.2033,27.8217,8775283,TCOON,IAN,2022,120.0
2022-09-25 03:00:00,0.666,-0.045,-0.7110000000000001,-97.2033,27.8217,8775283,TCOON,IAN,2022,180.0
2022-09-25 04:00:00,0.617,-0.091,-0.708,-97.2033,27.8217,8775283,TCOON,IAN,2022,240.0
2022-09-25 05:00:00,0.551,-0.117,-0.668,-97.2033,27.8217,8775283,TCOON,IAN,2022,300.0
2022-09-25 06:00:00,0.515,-0.145,-0.66,-97.2033,27.8217,8775283,TCOON,IAN,2022,360.0
2022-09-25 07:00:00,0.528,-0.144,-0.672,-97.2033,27.8217,8775283,TCOON,IAN,2022,420.0
2022-09-25 08:00:00,0.554,-0.121,-0.675,-97.2033,27.8217,8775283,TCOON,IAN,2022,480.0
2022-09-25 09:00:00,0.63,-0.079,-0.709,-97.2033,27.8217,8775283,TCOON,IAN,2022,540.0
2022-09-25 10:00:00,0.696,-0.037,-0.733,-97.2033,27.8217,8775283,TCOON,IAN,2022,600.0
2022-09-25 11:00:00,0.705,0.003,-0.702,-97.2033,27.8217,8775283,TCOON,IAN,2022,660.0
2022-09-25 12:00:00,0.755,0.034,-0.721,-97.2033,27.8217,8775283,TCOON,IAN,2022,720.0
2022-09-25 13:00:00,0.768,0.053,-0.715,-97.2033,27.8217,8775283,TCOON,IAN,2022,780.0
2022-09-25 14:00:00,0.732,0.06,-0.6719999999999999,-97.2033,27.8217,8775283,TCOON,IAN,2022,840.0
2022-09-25 15:00:00,0.643,0.054,-0.589,-97.2033,27.8217,8775283,TCOON,IAN,2022,900.0
2022-09-25 16:00:00,0.735,0.039,-0.696,-97.2033,27.8217,8775283,TCOON,IAN,2022,960.0
2022-09-25 17:00:00,0.594,0.026,-0.568,-97.2033,27.8217,8775283,TCOON,IAN,2022,1020.0
2022-09-25 18:00:00,0.64,0.025,-0.615,-97.2033,27.8217,8775283,TCOON,IAN,2022,1080.0
2022-09-25 19:00:00,0.656,0.041,-0.615,-97.2033,27.8217,8775283,TCOON,IAN,2022,1140.0
2022-09-25 20:00:00,0.597,0.072,-0.525,-97.2033,27.8217,8775283,TCOON,IAN,2022,1200.0
2022-09-25 21:00:00,0.591,0.108,-0.483,-97.2033,27.8217,8775283,TCOON,IAN,2022,1260.0
2022-09-25 22:00:00,0.636,0.14,-0.496,-97.2033,27.8217,8775283,TCOON,IAN,2022,1320.0
2022-09-25 23:00:00,0.669,0.161,-0.508,-97.2033,27.8217,8775283,TCOON,IAN,2022,1380.0
2022-09-26 00:00:00,0.663,0.167,-0.496,-97.2033,27.8217,8775283,TCOON,IAN,2022,1440.0
2022-09-26 01:00:00,0.646,0.15,-0.496,-97.2033,27.8217,8775283,TCOON,IAN,2022,1500.0
2022-09-26 02:00:00,0.607,0.111,-0.496,-97.2033,27.8217,8775283,TCOON,IAN,2022,1560.0
2022-09-26 16:00:00,0.715,-0.045,-0.76,-97.2033,27.8217,8775283,TCOON,IAN,2022,2400.0
2022-09-26 17:00:00,0.686,-0.069,-0.7550000000000001,-97.2033,27.8217,8775283,TCOON,IAN,2022,2460.0
2022-09-26 18:00:00,0.715,-0.082,-0.7969999999999999,-97.2033,27.8217,8775283,TCOON,IAN,2022,2520.0
2022-09-26 19:00:00,0.673,-0.074,-0.747,-97.2033,27.8217,8775283,TCOON,IAN,2022,2580.0
2022-09-26 20:00:00,0.705,-0.042,-0.747,-97.2033,27.8217,8775283,TCOON,IAN,2022,2640.0
2022-09-26 21:00:00,0.735,0.004,-0.731,-97.2033,27.8217,8775283,TCOON,IAN,2022,2700.0
2022-09-26 22:00:00,0.784,0.053,-0.731,-97.2033,27.8217,8775283,TCOON,IAN,2022,2760.0
2022-09-26 23:00:00,0.935,0.096,-0.8390000000000001,-97.2033,27.8217,8775283,TCOON,IAN,2022,2820.0
2022-09-27 00:00:00,0.912,0.13,-0.782,-97.2033,27.8217,8775283,TCOON,IAN,2022,2880.0
2022-09-27 01:00:00,0.909,0.152,-0.757,-97.2033,27.8217,8775283,TCOON,IAN,2022,2940.0
2022-09-27 02:00:00,0.866,0.157,-0.709,-97.2033,27.8217,8775283,TCOON,IAN,2022,3000.0
2022-09-27 03:00:00,0.86,0.143,-0.717,-97.2033,27.8217,8775283,TCOON,IAN,2022,3060.0
2022-09-27 04:00:00,0.827,0.111,-0.716,-97.2033,27.8217,8775283,TCOON,IAN,2022,3120.0
2022-09-27 05:00:00,0.725,0.074,-0.651,-97.2033,27.8217,8775283,TCOON,IAN,2022,3180.0
2022-09-27 06:00:00,0.692,0.039,-0.6529999999999999,-97.2033,27.8217,8775283,TCOON,IAN,2022,3240.0
2022-09-27 07:00:00,0.614,0.013,-0.601,-97.2033,27.8217,8775283,TCOON,IAN,2022,3300.0
2022-09-27 08:00:00,0.656,-0.002,-0.658,-97.2033,27.8217,8775283,TCOON,IAN,2022,3360.0
2022-09-27 09:00:00,0.669,-0.006,-0.675,-97.2033,27.8217,8775283,TCOON,IAN,2022,3420.0
2022-09-27 10:00:00,0.732,-0.004,-0.736,-97.2033,27.8217,8775283,TCOON,IAN,2022,3480.0
2022-09-27 11:00:00,0.741,-0.004,-0.745,-97.2033,27.8217,8775283,TCOON,IAN,2022,3540.0
2022-09-27 12:00:00,0.774,-0.015,-0.789,-97.2033,27.8217,8775283,TCOON,IAN,2022,3600.0
2022-09-27 13:00:00,0.771,-0.042,-0.8130000000000001,-97.2033,27.8217,8775283,TCOON,IAN,2022,3660.0
2022-09-27 14:00:00,0.732,-0.08,-0.8119999999999999,-97.2033,27.8217,8775283,TCOON,IAN,2022,3720.0
2022-09-27 15:00:00,0.722,-0.098,-0.82,-97.2033,27.8217,8775283,TCOON,IAN,2022,3780.0
2022-09-27 16:00:00,0.702,-0.169,-0.871,-97.2033,27.8217,8775283,TCOON,IAN,2022,3840.0
2022-09-27 17:00:00,0.61,-0.204,-0.814,-97.2033,27.8217,8775283,TCOON,IAN,2022,3900.0
2022-09-27 18:00:00,0.591,-0.224,-0.815,-97.2033,27.8217,8775283,TCOON,IAN,2022,3960.0
2022-09-27 19:00:00,0.636,-0.227,-0.863,-97.2033,27.8217,8775283,TCOON,IAN,2022,4020.0
2022-09-27 20:00:00,0.659,-0.197,-0.8560000000000001,-97.2033,27.8217,8775283,TCOON,IAN,2022,4080.0
2022-09-27 21:00:00,0.725,-0.143,-0.868,-97.2033,27.8217,8775283,TCOON,IAN,2022,4140.0
2022-09-27 22:00:00,0.833,-0.079,-0.912,-97.2033,27.8217,8775283,TCOON,IAN,2022,4200.0
2022-09-27 23:00:00,0.902,-0.018,-0.92,-97.2033,27.8217,8775283,TCOON,IAN,2022,4260.0
2022-09-28 00:00:00,1.007,0.043,-0.964,-97.2033,27.8217,8775283,TCOON,IAN,2022,4320.0
2022-09-28 01:00:00,1.063,0.093,-0.97,-97.2033,27.8217,8775283,TCOON,IAN,2022,4380.0
2022-09-28 02:00:00,1.093,0.134,-0.959,-97.2033,27.8217,8775283,TCOON,IAN,2022,4440.0
2022-09-28 03:00:00,1.142,0.161,-0.981,-97.2033,27.8217,8775283,TCOON,IAN,2022,4500.0
2022-09-28 04:00:00,1.145,0.177,-0.968,-97.2033,27.8217,8775283,TCOON,IAN,2022,4560.0
2022-09-28 05:00:00,1.188,0.179,-1.009,-97.2033,27.8217,8775283,TCOON,IAN,2022,4620.0
2022-09-28 06:00:00,1.198,0.168,-1.03,-97.2033,27.8217,8775283,TCOON,IAN,2022,4680.0
2022-09-28 07:00:00,1.207,0.147,-1.06,-97.2033,27.8217,8775283,TCOON,IAN,2022,4740.0
2022-09-28 08:00:00,1.217,0.125,-1.092,-97.2033,27.8217,8775283,TCOON,IAN,2022,4800.0
2022-09-28 09:00:00,1.217,0.104,-1.113,-97.2033,27.8217,8775283,TCOON,IAN,2022,4860.0
2022-09-28 10:00:00,1.207,0.083,-1.124,-97.2033,27.8217,8775283,TCOON,IAN,2022,4920.0
2022-09-28 11:00:00,1.194,0.056,-1.138,-97.2033,27.8217,8775283,TCOON,IAN,2022,4980.0
2022-09-28 12:00:00,1.145,0.019,-1.126,-97.2033,27.8217,8775283,TCOON,IAN,2022,5040.0
2022-09-28 13:00:00,1.073,-0.027,-1.1,-97.2033,27.8217,8775283,TCOON,IAN,2022,5100.0
2022-09-28 14:00:00,1.066,-0.079,-1.145,-97.2033,27.8217,8775283,TCOON,IAN,2022,5160.0
2022-09-28 15:00:00,1.07,-0.128,-1.198,-97.2033,27.8217,8775283,TCOON,IAN,2022,5220.0
2022-09-28 16:00:00,0.869,-0.196,-1.065,-97.2033,27.8217,8775283,TCOON,IAN,2022,5280.0
2022-09-28 17:00:00,0.833,-0.247,-1.08,-97.2033,27.8217,8775283,TCOON,IAN,2022,5340.0
2022-09-28 18:00:00,0.758,-0.289,-1.047,-97.2033,27.8217,8775283,TCOON,IAN,2022,5400.0
2022-09-28 19:00:00,0.705,-0.313,-1.018,-97.2033,27.8217,8775283,TCOON,IAN,2022,5460.0
2022-09-28 20:00:00,0.787,-0.317,-1.104,-97.2033,27.8217,8775283,TCOON,IAN,2022,5520.0
2022-09-28 21:00:00,0.764,-0.286,-1.05,-97.2033,27.8217,8775283,TCOON,IAN,2022,5580.0
2022-09-28 22:00:00,0.942,-0.226,-1.168,-97.2033,27.8217,8775283,TCOON,IAN,2022,5640.0
2022-09-28 23:00:00,0.968,-0.159,-1.127,-97.2033,27.8217,8775283,TCOON,IAN,2022,5700.0
2022-09-29 00:00:00,1.129,-0.089,-1.218,-97.2033,27.8217,8775283,TCOON,IAN,2022,5760.0
2022-09-29 01:00:00,1.184,-0.023,-1.207,-97.2033,27.8217,8775283,TCOON,IAN,2022,5820.0
2022-09-29 02:00:00,1.253,0.04,-1.213,-97.2033,27.8217,8775283,TCOON,IAN,2022,5880.0
2022-09-29 03:00:00,1.289,0.097,-1.192,-97.2033,27.8217,8775283,TCOON,IAN,2022,5940.0
2022-09-29 04:00:00,1.332,0.142,-1.1900000000000002,-97.2033,27.8217,8775283,TCOON,IAN,2022,6000.0
2022-09-29 05:00:00,1.378,0.178,-1.2,-97.2033,27.8217,8775283,TCOON,IAN,2022,6060.0
2022-09-29 06:00:00,1.391,0.202,-1.189,-97.2033,27.8217,8775283,TCOON,IAN,2022,6120.0
2022-09-29 07:00:00,1.398,0.216,-1.182,-97.2033,27.8217,8775283,TCOON,IAN,2022,6180.0
2022-09-29 08:00:00,1.401,0.224,-1.177,-97.2033,27.8217,8775283,TCOON,IAN,2022,6240.0
2022-09-29 09:00:00,1.417,0.226,-1.191,-97.2033,27.8217,8775283,TCOON,IAN,2022,6300.0
2022-09-29 10:00:00,1.391,0.221,-1.17,-97.2033,27.8217,8775283,TCOON,IAN,2022,6360.0
2022-09-29 11:00:00,1.365,0.199,-1.166,-97.2033,27.8217,8775283,TCOON,IAN,2022,6420.0
2022-09-29 12:00:00,1.302,0.156,-1.146,-97.2033,27.8217,8775283,TCOON,IAN,2022,6480.0
2022-09-29 13:00:00,1.24,0.098,-1.142,-97.2033,27.8217,8775283,TCOON,IAN,2022,6540.0
2022-09-29 14:00:00,1.122,0.034,-1.088,-97.2033,27.8217,8775283,TCOON,IAN,2022,6600.0
2022-09-29 15:00:00,1.05,-0.034,-1.084,-97.2033,27.8217,8775283,TCOON,IAN,2022,6660.0
2022-09-29 16:00:00,0.958,-0.102,-1.06,-97.2033,27.8217,8775283,TCOON,IAN,2022,6720.0
2022-09-29 17:00:00,0.764,-0.114,-0.878,-97.2033,27.8217,8775283,TCOON,IAN,2022,6780.0
2022-09-29 18:00:00,0.83,-0.231,-1.061,-97.2033,27.8217,8775283,TCOON,IAN,2022,6840.0
2022-09-29 19:00:00,0.784,-0.274,-1.058,-97.2033,27.8217,8775283,TCOON,IAN,2022,6900.0
2022-09-29 20:00:00,0.758,-0.305,-1.063,-97.2033,27.8217,8775283,TCOON,IAN,2022,6960.0
2022-09-29 21:00:00,0.751,-0.312,-1.063,-97.2033,27.8217,8775283,TCOON,IAN,2022,7020.0
2022-09-29 22:00:00,0.787,-0.286,-1.073,-97.2033,27.8217,8775283,TCOON,IAN,2022,7080.0
2022-09-29 23:00:00,0.869,-0.225,-1.094,-97.2033,27.8217,8775283,TCOON,IAN,2022,7140.0
2022-09-30 00:00:00,0.968,-0.165,-1.133,-97.2033,27.8217,8775283,TCOON,IAN,2022,7200.0
2022-09-30 01:00:00,1.093,-0.087,-1.18,-97.2033,27.8217,8775283,TCOON,IAN,2022,7260.0
2022-09-30 02:00:00,1.188,-0.019,-1.207,-97.2033,27.8217,8775283,TCOON,IAN,2022,7320.0
2022-09-30 03:00:00,1.26,0.046,-1.214,-97.2033,27.8217,8775283,TCOON,IAN,2022,7380.0
2022-09-30 04:00:00,1.365,0.105,-1.26,-97.2033,27.8217,8775283,TCOON,IAN,2022,7440.0
2022-09-30 05:00:00,1.444,0.154,-1.29,-97.2033,27.8217,8775283,TCOON,IAN,2022,7500.0
2022-09-30 06:00:00,1.49,0.197,-1.293,-97.2033,27.8217,8775283,TCOON,IAN,2022,7560.0
2022-09-30 07:00:00,1.585,0.229,-1.356,-97.2033,27.8217,8775283,TCOON,IAN,2022,7620.0
2022-09-30 08:00:00,1.585,0.252,-1.333,-97.2033,27.8217,8775283,TCOON,IAN,2022,7680.0
2022-09-30 09:00:00,1.604,0.264,-1.34,-97.2033,27.8217,8775283,TCOON,IAN,2022,7740.0
2022-09-30 10:00:00,1.601,0.266,-1.335,-97.2033,27.8217,8775283,TCOON,IAN,2022,7800.0
2022-09-30 11:00:00,1.604,0.249,-1.355,-97.2033,27.8217,8775283,TCOON,IAN,2022,7860.0
2022-09-30 12:00:00,1.529,0.21,-1.319,-97.2033,27.8217,8775283,TCOON,IAN,2022,7920.0
2022-09-30 13:00:00,1.476,0.154,-1.322,-97.2033,27.8217,8775283,TCOON,IAN,2022,7980.0
2022-09-30 14:00:00,1.385,0.089,-1.296,-97.2033,27.8217,8775283,TCOON,IAN,2022,8040.0
2022-09-30 15:00:00,1.319,0.018,-1.301,-97.2033,27.8217,8775283,TCOON,IAN,2022,8100.0
2022-09-30 16:00:00,1.198,-0.056,-1.254,-97.2033,27.8217,8775283,TCOON,IAN,2022,8160.0
2022-09-30 17:00:00,1.083,-0.129,-1.212,-97.2033,27.8217,8775283,TCOON,IAN,2022,8220.0
2022-09-30 18:00:00,0.978,-0.21,-1.188,-97.2033,27.8217,8775283,TCOON,IAN,2022,8280.0
2022-09-30 19:00:00,0.915,-0.261,-1.1760000000000002,-97.2033,27.8217,8775283,TCOON,IAN,2022,8340.0
2022-09-30 20:00:00,0.837,-0.311,-1.148,-97.2033,27.8217,8775283,TCOON,IAN,2022,8400.0
2022-09-30 21:00:00,0.794,-0.346,-1.14,-97.2033,27.8217,8775283,TCOON,IAN,2022,8460.0
2022-09-30 22:00:00,0.755,-0.356,-1.111,-97.2033,27.8217,8775283,TCOON,IAN,2022,8520.0
2022-09-30 23:00:00,0.755,-0.336,-1.091,-97.2033,27.8217,8775283,TCOON,IAN,2022,8580.0
2022-10-01 00:00:00,0.85,-0.274,-1.124,-97.2033,27.8217,8775283,TCOON,IAN,2022,8640.0
2022-10-01 01:00:00,0.906,-0.203,-1.109,-97.2033,27.8217,8775283,TCOON,IAN,2022,8700.0
2022-10-01 02:00:00,1.017,-0.128,-1.145,-97.2033,27.8217,8775283,TCOON,IAN,2022,8760.0
2022-10-01 03:00:00,1.102,-0.065,-1.167,-97.2033,27.8217,8775283,TCOON,IAN,2022,8820.0
2022-10-01 04:00:00,1.191,0.022,-1.169,-97.2033,27.8217,8775283,TCOON,IAN,2022,8880.0
2022-10-01 05:00:00,1.237,0.092,-1.145,-97.2033,27.8217,8775283,TCOON,IAN,2022,8940.0
2022-10-01 06:00:00,1.286,0.151,-1.135,-97.2033,27.8217,8775283,TCOON,IAN,2022,9000.0
2022-10-01 07:00:00,1.322,0.204,-1.118,-97.2033,27.8217,8775283,TCOON,IAN,2022,9060.0
2022-10-01 08:00:00,1.348,0.246,-1.102,-97.2033,27.8217,8775283,TCOON,IAN,2022,9120.0
2022-10-01 09:00:00,1.375,0.276,-1.099,-97.2033,27.8217,8775283,TCOON,IAN,2022,9180.0
2022-10-01 10:00:00,1.385,0.293,-1.092,-97.2033,27.8217,8775283,TCOON,IAN,2022,9240.0
2022-10-01 11:00:00,1.391,0.293,-1.098,-97.2033,27.8217,8775283,TCOON,IAN,2022,9300.0
2022-10-01 12:00:00,1.391,0.269,-1.122,-97.2033,27.8217,8775283,TCOON,IAN,2022,9360.0
2022-10-01 13:00:00,1.302,0.218,-1.084,-97.2033,27.8217,8775283,TCOON,IAN,2022,9420.0
2022-10-01 14:00:00,1.175,0.153,-1.022,-97.2033,27.8217,8775283,TCOON,IAN,2022,9480.0
2022-10-01 15:00:00,1.152,0.079,-1.073,-97.2033,27.8217,8775283,TCOON,IAN,2022,9540.0
2022-10-01 16:00:00,0.961,0.001,-0.96,-97.2033,27.8217,8775283,TCOON,IAN,2022,9600.0
2022-10-01 17:00:00,0.853,-0.078,-0.931,-97.2033,27.8217,8775283,TCOON,IAN,2022,9660.0
2022-10-01 18:00:00,0.761,-0.136,-0.897,-97.2033,27.8217,8775283,TCOON,IAN,2022,9720.0
2022-10-01 19:00:00,0.676,-0.234,-0.91,-97.2033,27.8217,8775283,TCOON,IAN,2022,9780.0
2022-10-01 20:00:00,0.568,-0.298,-0.8659999999999999,-97.2033,27.8217,8775283,TCOON,IAN,2022,9840.0
2022-10-01 21:00:00,0.535,-0.352,-0.887,-97.2033,27.8217,8775283,TCOON,IAN,2022,9900.0
2022-10-01 22:00:00,0.459,-0.392,-0.851,-97.2033,27.8217,8775283,TCOON,IAN,2022,9960.0
2022-10-01 23:00:00,0.453,-0.41,-0.863,-97.2033,27.8217,8775283,TCOON,IAN,2022,10020.0
2022-09-25 01:00:00,0.728,0.082,-0.646,-97.39,27.811694,8775296,TCOON,IAN,2022,60.0
2022-09-25 02:00:00,0.656,0.027,-0.629,-97.39,27.811694,8775296,TCOON,IAN,2022,120.0
2022-09-25 03:00:00,0.577,-0.028,-0.605,-97.39,27.811694,8775296,TCOON,IAN,2022,180.0
2022-09-25 04:00:00,0.515,-0.081,-0.596,-97.39,27.811694,8775296,TCOON,IAN,2022,240.0
2022-09-25 05:00:00,0.466,-0.124,-0.5900000000000001,-97.39,27.811694,8775296,TCOON,IAN,2022,300.0
2022-09-25 06:00:00,0.4,-0.151,-0.551,-97.39,27.811694,8775296,TCOON,IAN,2022,360.0
2022-09-25 07:00:00,0.397,-0.162,-0.559,-97.39,27.811694,8775296,TCOON,IAN,2022,420.0
2022-09-25 08:00:00,0.44,-0.145,-0.585,-97.39,27.811694,8775296,TCOON,IAN,2022,480.0
2022-09-25 09:00:00,0.512,-0.102,-0.614,-97.39,27.811694,8775296,TCOON,IAN,2022,540.0
2022-09-25 10:00:00,0.577,-0.052,-0.629,-97.39,27.811694,8775296,TCOON,IAN,2022,600.0
2022-09-25 11:00:00,0.614,-0.004,-0.618,-97.39,27.811694,8775296,TCOON,IAN,2022,660.0
2022-09-25 12:00:00,0.696,0.034,-0.6619999999999999,-97.39,27.811694,8775296,TCOON,IAN,2022,720.0
2022-09-25 13:00:00,0.689,0.058,-0.6309999999999999,-97.39,27.811694,8775296,TCOON,IAN,2022,780.0
2022-09-25 14:00:00,0.61,0.067,-0.5429999999999999,-97.39,27.811694,8775296,TCOON,IAN,2022,840.0
2022-09-25 15:00:00,0.63,0.06,-0.5700000000000001,-97.39,27.811694,8775296,TCOON,IAN,2022,900.0
2022-09-25 16:00:00,0.587,0.042,-0.5449999999999999,-97.39,27.811694,8775296,TCOON,IAN,2022,960.0
2022-09-25 17:00:00,0.568,0.023,-0.5449999999999999,-97.39,27.811694,8775296,TCOON,IAN,2022,1020.0
2022-09-25 18:00:00,0.515,0.013,-0.502,-97.39,27.811694,8775296,TCOON,IAN,2022,1080.0
2022-09-25 19:00:00,0.476,0.02,-0.4559999999999999,-97.39,27.811694,8775296,TCOON,IAN,2022,1140.0
2022-09-25 20:00:00,0.463,0.055,-0.408,-97.39,27.811694,8775296,TCOON,IAN,2022,1200.0
2022-09-25 21:00:00,0.492,0.097,-0.395,-97.39,27.811694,8775296,TCOON,IAN,2022,1260.0
2022-09-25 22:00:00,0.502,0.137,-0.365,-97.39,27.811694,8775296,TCOON,IAN,2022,1320.0
2022-09-25 23:00:00,0.564,0.168,-0.3959999999999999,-97.39,27.811694,8775296,TCOON,IAN,2022,1380.0
2022-09-26 00:00:00,0.6,0.182,-0.418,-97.39,27.811694,8775296,TCOON,IAN,2022,1440.0
2022-09-26 01:00:00,0.577,0.172,-0.4049999999999999,-97.39,27.811694,8775296,TCOON,IAN,2022,1500.0
2022-09-26 02:00:00,0.515,0.135,-0.38,-97.39,27.811694,8775296,TCOON,IAN,2022,1560.0
2022-09-26 03:00:00,0.453,0.083,-0.37,-97.39,27.811694,8775296,TCOON,IAN,2022,1620.0
2022-09-26 04:00:00,0.407,0.029,-0.3779999999999999,-97.39,27.811694,8775296,TCOON,IAN,2022,1680.0
2022-09-26 05:00:00,0.367,-0.019,-0.386,-97.39,27.811694,8775296,TCOON,IAN,2022,1740.0
2022-09-26 06:00:00,0.344,-0.057,-0.4009999999999999,-97.39,27.811694,8775296,TCOON,IAN,2022,1800.0
2022-09-26 07:00:00,0.381,-0.083,-0.464,-97.39,27.811694,8775296,TCOON,IAN,2022,1860.0
2022-09-26 08:00:00,0.41,-0.089,-0.499,-97.39,27.811694,8775296,TCOON,IAN,2022,1920.0
2022-09-26 09:00:00,0.453,-0.072,-0.525,-97.39,27.811694,8775296,TCOON,IAN,2022,1980.0
2022-09-26 10:00:00,0.528,-0.037,-0.5650000000000001,-97.39,27.811694,8775296,TCOON,IAN,2022,2040.0
2022-09-26 11:00:00,0.577,-0.004,-0.581,-97.39,27.811694,8775296,TCOON,IAN,2022,2100.0
2022-09-26 12:00:00,0.594,0.022,-0.572,-97.39,27.811694,8775296,TCOON,IAN,2022,2160.0
2022-09-26 13:00:00,0.65,0.033,-0.617,-97.39,27.811694,8775296,TCOON,IAN,2022,2220.0
2022-09-26 14:00:00,0.656,0.026,-0.63,-97.39,27.811694,8775296,TCOON,IAN,2022,2280.0
2022-09-26 15:00:00,0.627,-0.006,-0.633,-97.39,27.811694,8775296,TCOON,IAN,2022,2340.0
2022-09-26 16:00:00,0.607,-0.039,-0.646,-97.39,27.811694,8775296,TCOON,IAN,2022,2400.0
2022-09-26 17:00:00,0.564,-0.071,-0.6349999999999999,-97.39,27.811694,8775296,TCOON,IAN,2022,2460.0
2022-09-26 18:00:00,0.545,-0.092,-0.637,-97.39,27.811694,8775296,TCOON,IAN,2022,2520.0
2022-09-26 19:00:00,0.551,-0.095,-0.646,-97.39,27.811694,8775296,TCOON,IAN,2022,2580.0
2022-09-26 20:00:00,0.551,-0.069,-0.6200000000000001,-97.39,27.811694,8775296,TCOON,IAN,2022,2640.0
2022-09-26 21:00:00,0.607,-0.018,-0.625,-97.39,27.811694,8775296,TCOON,IAN,2022,2700.0
2022-09-26 22:00:00,0.679,0.037,-0.642,-97.39,27.811694,8775296,TCOON,IAN,2022,2760.0
2022-09-26 23:00:00,0.748,0.088,-0.66,-97.39,27.811694,8775296,TCOON,IAN,2022,2820.0
2022-09-27 00:00:00,0.748,0.129,-0.619,-97.39,27.811694,8775296,TCOON,IAN,2022,2880.0
2022-09-27 01:00:00,0.84,0.157,-0.6829999999999999,-97.39,27.811694,8775296,TCOON,IAN,2022,2940.0
2022-09-27 02:00:00,0.823,0.168,-0.6549999999999999,-97.39,27.811694,8775296,TCOON,IAN,2022,3000.0
2022-09-27 03:00:00,0.758,0.159,-0.599,-97.39,27.811694,8775296,TCOON,IAN,2022,3060.0
2022-09-27 04:00:00,0.715,0.127,-0.588,-97.39,27.811694,8775296,TCOON,IAN,2022,3120.0
2022-09-27 05:00:00,0.587,0.084,-0.503,-97.39,27.811694,8775296,TCOON,IAN,2022,3180.0
2022-09-27 06:00:00,0.561,0.045,-0.516,-97.39,27.811694,8775296,TCOON,IAN,2022,3240.0
2022-09-27 07:00:00,0.505,0.012,-0.493,-97.39,27.811694,8775296,TCOON,IAN,2022,3300.0
2022-09-27 08:00:00,0.525,-0.007,-0.532,-97.39,27.811694,8775296,TCOON,IAN,2022,3360.0
2022-09-27 09:00:00,0.522,-0.012,-0.534,-97.39,27.811694,8775296,TCOON,IAN,2022,3420.0
2022-09-27 10:00:00,0.551,-0.004,-0.555,-97.39,27.811694,8775296,TCOON,IAN,2022,3480.0
2022-09-27 11:00:00,0.607,0.007,-0.6,-97.39,27.811694,8775296,TCOON,IAN,2022,3540.0
2022-09-27 12:00:00,0.669,0.004,-0.665,-97.39,27.811694,8775296,TCOON,IAN,2022,3600.0
2022-09-27 13:00:00,0.673,-0.02,-0.6930000000000001,-97.39,27.811694,8775296,TCOON,IAN,2022,3660.0
2022-09-27 14:00:00,0.676,-0.06,-0.736,-97.39,27.811694,8775296,TCOON,IAN,2022,3720.0
2022-09-27 15:00:00,0.63,-0.105,-0.735,-97.39,27.811694,8775296,TCOON,IAN,2022,3780.0
2022-09-27 16:00:00,0.604,-0.153,-0.757,-97.39,27.811694,8775296,TCOON,IAN,2022,3840.0
2022-09-27 17:00:00,0.574,-0.197,-0.7709999999999999,-97.39,27.811694,8775296,TCOON,IAN,2022,3900.0
2022-09-27 18:00:00,0.564,-0.229,-0.7929999999999999,-97.39,27.811694,8775296,TCOON,IAN,2022,3960.0
2022-09-27 19:00:00,0.538,-0.246,-0.784,-97.39,27.811694,8775296,TCOON,IAN,2022,4020.0
2022-09-27 20:00:00,0.574,-0.235,-0.8089999999999999,-97.39,27.811694,8775296,TCOON,IAN,2022,4080.0
2022-09-27 21:00:00,0.633,-0.181,-0.8140000000000001,-97.39,27.811694,8775296,TCOON,IAN,2022,4140.0
2022-09-27 22:00:00,0.725,-0.114,-0.839,-97.39,27.811694,8775296,TCOON,IAN,2022,4200.0
2022-09-27 23:00:00,0.801,-0.043,-0.8440000000000001,-97.39,27.811694,8775296,TCOON,IAN,2022,4260.0
2022-09-28 00:00:00,0.873,0.023,-0.85,-97.39,27.811694,8775296,TCOON,IAN,2022,4320.0
2022-09-28 01:00:00,0.955,0.081,-0.874,-97.39,27.811694,8775296,TCOON,IAN,2022,4380.0
2022-09-28 02:00:00,1.03,0.127,-0.903,-97.39,27.811694,8775296,TCOON,IAN,2022,4440.0
2022-09-28 03:00:00,1.04,0.16,-0.88,-97.39,27.811694,8775296,TCOON,IAN,2022,4500.0
2022-09-28 04:00:00,1.056,0.178,-0.8780000000000001,-97.39,27.811694,8775296,TCOON,IAN,2022,4560.0
2022-09-28 05:00:00,1.066,0.185,-0.881,-97.39,27.811694,8775296,TCOON,IAN,2022,4620.0
2022-09-28 06:00:00,1.073,0.176,-0.897,-97.39,27.811694,8775296,TCOON,IAN,2022,4680.0
2022-09-28 07:00:00,1.066,0.155,-0.911,-97.39,27.811694,8775296,TCOON,IAN,2022,4740.0
2022-09-28 08:00:00,1.106,0.13,-0.976,-97.39,27.811694,8775296,TCOON,IAN,2022,4800.0
2022-09-28 09:00:00,1.076,0.109,-0.967,-97.39,27.811694,8775296,TCOON,IAN,2022,4860.0
2022-09-28 10:00:00,1.05,0.091,-0.959,-97.39,27.811694,8775296,TCOON,IAN,2022,4920.0
2022-09-28 11:00:00,1.04,0.072,-0.968,-97.39,27.811694,8775296,TCOON,IAN,2022,4980.0
2022-09-28 12:00:00,1.033,0.043,-0.99,-97.39,27.811694,8775296,TCOON,IAN,2022,5040.0
2022-09-28 13:00:00,1.004,0.0,-1.004,-97.39,27.811694,8775296,TCOON,IAN,2022,5100.0
2022-09-28 14:00:00,0.978,-0.051,-1.029,-97.39,27.811694,8775296,TCOON,IAN,2022,5160.0
2022-09-28 15:00:00,0.906,-0.11,-1.016,-97.39,27.811694,8775296,TCOON,IAN,2022,5220.0
2022-09-28 16:00:00,0.866,-0.168,-1.034,-97.39,27.811694,8775296,TCOON,IAN,2022,5280.0
2022-09-28 17:00:00,0.804,-0.225,-1.029,-97.39,27.811694,8775296,TCOON,IAN,2022,5340.0
2022-09-28 18:00:00,0.774,-0.277,-1.0510000000000002,-97.39,27.811694,8775296,TCOON,IAN,2022,5400.0
2022-09-28 19:00:00,0.732,-0.316,-1.048,-97.39,27.811694,8775296,TCOON,IAN,2022,5460.0
2022-09-28 20:00:00,0.686,-0.338,-1.024,-97.39,27.811694,8775296,TCOON,IAN,2022,5520.0
2022-09-28 21:00:00,0.702,-0.327,-1.029,-97.39,27.811694,8775296,TCOON,IAN,2022,5580.0
2022-09-28 22:00:00,0.801,-0.271,-1.072,-97.39,27.811694,8775296,TCOON,IAN,2022,5640.0
2022-09-28 23:00:00,0.892,-0.201,-1.093,-97.39,27.811694,8775296,TCOON,IAN,2022,5700.0
2022-09-29 00:00:00,0.984,-0.126,-1.11,-97.39,27.811694,8775296,TCOON,IAN,2022,5760.0
2022-09-29 01:00:00,1.066,-0.05,-1.116,-97.39,27.811694,8775296,TCOON,IAN,2022,5820.0
2022-09-29 02:00:00,1.161,0.017,-1.144,-97.39,27.811694,8775296,TCOON,IAN,2022,5880.0
2022-09-29 03:00:00,1.165,0.078,-1.087,-97.39,27.811694,8775296,TCOON,IAN,2022,5940.0
2022-09-29 04:00:00,1.204,0.129,-1.075,-97.39,27.811694,8775296,TCOON,IAN,2022,6000.0
2022-09-29 05:00:00,1.237,0.168,-1.0690000000000002,-97.39,27.811694,8775296,TCOON,IAN,2022,6060.0
2022-09-29 06:00:00,1.283,0.2,-1.083,-97.39,27.811694,8775296,TCOON,IAN,2022,6120.0
2022-09-29 07:00:00,1.234,0.218,-1.016,-97.39,27.811694,8775296,TCOON,IAN,2022,6180.0
2022-09-29 08:00:00,1.273,0.225,-1.0479999999999998,-97.39,27.811694,8775296,TCOON,IAN,2022,6240.0
2022-09-29 09:00:00,1.302,0.229,-1.073,-97.39,27.811694,8775296,TCOON,IAN,2022,6300.0
2022-09-29 10:00:00,1.234,0.229,-1.005,-97.39,27.811694,8775296,TCOON,IAN,2022,6360.0
2022-09-29 11:00:00,1.227,0.221,-1.006,-97.39,27.811694,8775296,TCOON,IAN,2022,6420.0
2022-09-29 12:00:00,1.198,0.19,-1.008,-97.39,27.811694,8775296,TCOON,IAN,2022,6480.0
2022-09-29 13:00:00,1.152,0.134,-1.0179999999999998,-97.39,27.811694,8775296,TCOON,IAN,2022,6540.0
2022-09-29 14:00:00,1.05,0.068,-0.982,-97.39,27.811694,8775296,TCOON,IAN,2022,6600.0
2022-09-29 15:00:00,0.958,-0.0,-0.958,-97.39,27.811694,8775296,TCOON,IAN,2022,6660.0
2022-09-29 16:00:00,0.791,-0.071,-0.862,-97.39,27.811694,8775296,TCOON,IAN,2022,6720.0
2022-09-29 17:00:00,0.774,-0.14,-0.914,-97.39,27.811694,8775296,TCOON,IAN,2022,6780.0
2022-09-29 18:00:00,0.771,-0.203,-0.974,-97.39,27.811694,8775296,TCOON,IAN,2022,6840.0
2022-09-29 19:00:00,0.682,-0.261,-0.943,-97.39,27.811694,8775296,TCOON,IAN,2022,6900.0
2022-09-29 20:00:00,0.64,-0.305,-0.945,-97.39,27.811694,8775296,TCOON,IAN,2022,6960.0
2022-09-29 21:00:00,0.61,-0.329,-0.939,-97.39,27.811694,8775296,TCOON,IAN,2022,7020.0
2022-09-29 22:00:00,0.653,-0.326,-0.979,-97.39,27.811694,8775296,TCOON,IAN,2022,7080.0
2022-09-29 23:00:00,0.725,-0.275,-1.0,-97.39,27.811694,8775296,TCOON,IAN,2022,7140.0
2022-09-30 00:00:00,0.82,-0.202,-1.022,-97.39,27.811694,8775296,TCOON,IAN,2022,7200.0
2022-09-30 01:00:00,0.928,-0.127,-1.0550000000000002,-97.39,27.811694,8775296,TCOON,IAN,2022,7260.0
2022-09-30 02:00:00,1.043,-0.049,-1.092,-97.39,27.811694,8775296,TCOON,IAN,2022,7320.0
2022-09-30 03:00:00,1.125,0.02,-1.105,-97.39,27.811694,8775296,TCOON,IAN,2022,7380.0
2022-09-30 04:00:00,1.207,0.083,-1.124,-97.39,27.811694,8775296,TCOON,IAN,2022,7440.0
2022-09-30 05:00:00,1.283,0.137,-1.146,-97.39,27.811694,8775296,TCOON,IAN,2022,7500.0
2022-09-30 06:00:00,1.335,0.183,-1.152,-97.39,27.811694,8775296,TCOON,IAN,2022,7560.0
2022-09-30 07:00:00,1.424,0.222,-1.202,-97.39,27.811694,8775296,TCOON,IAN,2022,7620.0
2022-09-30 08:00:00,1.44,0.251,-1.189,-97.39,27.811694,8775296,TCOON,IAN,2022,7680.0
2022-09-30 09:00:00,1.437,0.268,-1.169,-97.39,27.811694,8775296,TCOON,IAN,2022,7740.0
2022-09-30 10:00:00,1.486,0.276,-1.21,-97.39,27.811694,8775296,TCOON,IAN,2022,7800.0
2022-09-30 11:00:00,1.453,0.27,-1.183,-97.39,27.811694,8775296,TCOON,IAN,2022,7860.0
2022-09-30 12:00:00,1.457,0.241,-1.2160000000000002,-97.39,27.811694,8775296,TCOON,IAN,2022,7920.0
2022-09-30 13:00:00,1.378,0.19,-1.188,-97.39,27.811694,8775296,TCOON,IAN,2022,7980.0
2022-09-30 14:00:00,1.302,0.126,-1.1760000000000002,-97.39,27.811694,8775296,TCOON,IAN,2022,8040.0
2022-09-30 15:00:00,1.204,0.056,-1.148,-97.39,27.811694,8775296,TCOON,IAN,2022,8100.0
2022-09-30 16:00:00,1.125,-0.018,-1.143,-97.39,27.811694,8775296,TCOON,IAN,2022,8160.0
2022-09-30 17:00:00,1.024,-0.093,-1.117,-97.39,27.811694,8775296,TCOON,IAN,2022,8220.0
2022-09-30 18:00:00,0.902,-0.165,-1.067,-97.39,27.811694,8775296,TCOON,IAN,2022,8280.0
2022-09-30 19:00:00,0.81,-0.235,-1.045,-97.39,27.811694,8775296,TCOON,IAN,2022,8340.0
2022-09-30 20:00:00,0.768,-0.294,-1.062,-97.39,27.811694,8775296,TCOON,IAN,2022,8400.0
2022-09-30 21:00:00,0.705,-0.341,-1.046,-97.39,27.811694,8775296,TCOON,IAN,2022,8460.0
2022-09-30 22:00:00,0.679,-0.371,-1.05,-97.39,27.811694,8775296,TCOON,IAN,2022,8520.0
2022-09-30 23:00:00,0.679,-0.373,-1.052,-97.39,27.811694,8775296,TCOON,IAN,2022,8580.0
2022-10-01 00:00:00,0.735,-0.329,-1.064,-97.39,27.811694,8775296,TCOON,IAN,2022,8640.0
2022-10-01 01:00:00,0.804,-0.253,-1.057,-97.39,27.811694,8775296,TCOON,IAN,2022,8700.0
2022-10-01 02:00:00,0.889,-0.175,-1.064,-97.39,27.811694,8775296,TCOON,IAN,2022,8760.0
2022-10-01 03:00:00,1.004,-0.091,-1.095,-97.39,27.811694,8775296,TCOON,IAN,2022,8820.0
2022-10-01 04:00:00,1.122,-0.013,-1.135,-97.39,27.811694,8775296,TCOON,IAN,2022,8880.0
2022-10-01 05:00:00,1.191,0.061,-1.13,-97.39,27.811694,8775296,TCOON,IAN,2022,8940.0
2022-10-01 06:00:00,1.247,0.126,-1.121,-97.39,27.811694,8775296,TCOON,IAN,2022,9000.0
2022-10-01 07:00:00,1.293,0.185,-1.108,-97.39,27.811694,8775296,TCOON,IAN,2022,9060.0
2022-10-01 08:00:00,1.335,0.234,-1.101,-97.39,27.811694,8775296,TCOON,IAN,2022,9120.0
2022-10-01 09:00:00,1.309,0.272,-1.037,-97.39,27.811694,8775296,TCOON,IAN,2022,9180.0
2022-10-01 10:00:00,1.335,0.298,-1.037,-97.39,27.811694,8775296,TCOON,IAN,2022,9240.0
2022-10-01 11:00:00,1.319,0.307,-1.012,-97.39,27.811694,8775296,TCOON,IAN,2022,9300.0
2022-10-01 12:00:00,1.276,0.295,-0.981,-97.39,27.811694,8775296,TCOON,IAN,2022,9360.0
2022-10-01 13:00:00,1.217,0.254,-0.963,-97.39,27.811694,8775296,TCOON,IAN,2022,9420.0
2022-10-01 14:00:00,1.083,0.192,-0.891,-97.39,27.811694,8775296,TCOON,IAN,2022,9480.0
2022-10-01 15:00:00,1.01,0.12,-0.89,-97.39,27.811694,8775296,TCOON,IAN,2022,9540.0
2022-10-01 16:00:00,0.922,0.043,-0.879,-97.39,27.811694,8775296,TCOON,IAN,2022,9600.0
2022-10-01 17:00:00,0.86,-0.036,-0.896,-97.39,27.811694,8775296,TCOON,IAN,2022,9660.0
2022-10-01 18:00:00,0.781,-0.116,-0.897,-97.39,27.811694,8775296,TCOON,IAN,2022,9720.0
2022-10-01 19:00:00,0.656,-0.192,-0.8480000000000001,-97.39,27.811694,8775296,TCOON,IAN,2022,9780.0
2022-10-01 20:00:00,0.551,-0.263,-0.8140000000000001,-97.39,27.811694,8775296,TCOON,IAN,2022,9840.0
2022-10-01 21:00:00,0.482,-0.328,-0.81,-97.39,27.811694,8775296,TCOON,IAN,2022,9900.0
2022-10-01 22:00:00,0.42,-0.38,-0.8,-97.39,27.811694,8775296,TCOON,IAN,2022,9960.0
2022-10-01 23:00:00,0.361,-0.418,-0.7789999999999999,-97.39,27.811694,8775296,TCOON,IAN,2022,10020.0
2022-09-25 01:00:00,0.928,0.095,-0.8330000000000001,-97.236694,27.633306,8775792,TCOON,IAN,2022,60.0
2022-09-25 02:00:00,0.892,0.05,-0.842,-97.236694,27.633306,8775792,TCOON,IAN,2022,120.0
2022-09-25 03:00:00,0.843,0.005,-0.838,-97.236694,27.633306,8775792,TCOON,IAN,2022,180.0
2022-09-25 04:00:00,0.797,-0.038,-0.8350000000000001,-97.236694,27.633306,8775792,TCOON,IAN,2022,240.0
2022-09-25 05:00:00,0.758,-0.075,-0.833,-97.236694,27.633306,8775792,TCOON,IAN,2022,300.0
2022-09-25 06:00:00,0.761,-0.104,-0.865,-97.236694,27.633306,8775792,TCOON,IAN,2022,360.0
2022-09-25 07:00:00,0.761,-0.122,-0.883,-97.236694,27.633306,8775792,TCOON,IAN,2022,420.0
2022-09-25 08:00:00,0.774,-0.12,-0.894,-97.236694,27.633306,8775792,TCOON,IAN,2022,480.0
2022-09-25 09:00:00,0.801,-0.097,-0.898,-97.236694,27.633306,8775792,TCOON,IAN,2022,540.0
2022-09-25 10:00:00,0.827,-0.06,-0.887,-97.236694,27.633306,8775792,TCOON,IAN,2022,600.0
2022-09-25 11:00:00,0.837,-0.018,-0.855,-97.236694,27.633306,8775792,TCOON,IAN,2022,660.0
2022-09-25 12:00:00,0.873,0.021,-0.852,-97.236694,27.633306,8775792,TCOON,IAN,2022,720.0
2022-09-25 13:00:00,0.869,0.05,-0.819,-97.236694,27.633306,8775792,TCOON,IAN,2022,780.0
2022-09-25 14:00:00,0.886,0.066,-0.8200000000000001,-97.236694,27.633306,8775792,TCOON,IAN,2022,840.0
2022-09-25 15:00:00,0.889,0.066,-0.823,-97.236694,27.633306,8775792,TCOON,IAN,2022,900.0
2022-09-25 16:00:00,0.866,0.056,-0.8099999999999999,-97.236694,27.633306,8775792,TCOON,IAN,2022,960.0
2022-09-25 17:00:00,0.804,0.039,-0.765,-97.236694,27.633306,8775792,TCOON,IAN,2022,1020.0
2022-09-25 18:00:00,0.784,0.026,-0.758,-97.236694,27.633306,8775792,TCOON,IAN,2022,1080.0
2022-09-25 19:00:00,0.745,0.024,-0.721,-97.236694,27.633306,8775792,TCOON,IAN,2022,1140.0
2022-09-25 20:00:00,0.787,0.042,-0.745,-97.236694,27.633306,8775792,TCOON,IAN,2022,1200.0
2022-09-25 21:00:00,0.774,0.07,-0.704,-97.236694,27.633306,8775792,TCOON,IAN,2022,1260.0
2022-09-25 22:00:00,0.764,0.105,-0.659,-97.236694,27.633306,8775792,TCOON,IAN,2022,1320.0
2022-09-25 23:00:00,0.751,0.133,-0.618,-97.236694,27.633306,8775792,TCOON,IAN,2022,1380.0
2022-09-26 00:00:00,0.748,0.15,-0.598,-97.236694,27.633306,8775792,TCOON,IAN,2022,1440.0
2022-09-26 01:00:00,0.722,0.153,-0.569,-97.236694,27.633306,8775792,TCOON,IAN,2022,1500.0
2022-09-26 02:00:00,0.732,0.134,-0.598,-97.236694,27.633306,8775792,TCOON,IAN,2022,1560.0
2022-09-26 03:00:00,0.722,0.1,-0.622,-97.236694,27.633306,8775792,TCOON,IAN,2022,1620.0
2022-09-26 04:00:00,0.699,0.056,-0.6429999999999999,-97.236694,27.633306,8775792,TCOON,IAN,2022,1680.0
2022-09-26 05:00:00,0.692,0.012,-0.6799999999999999,-97.236694,27.633306,8775792,TCOON,IAN,2022,1740.0
2022-09-26 06:00:00,0.689,-0.024,-0.713,-97.236694,27.633306,8775792,TCOON,IAN,2022,1800.0
2022-09-26 07:00:00,0.673,-0.052,-0.7250000000000001,-97.236694,27.633306,8775792,TCOON,IAN,2022,1860.0
2022-09-26 09:00:00,0.715,-0.063,-0.778,-97.236694,27.633306,8775792,TCOON,IAN,2022,1980.0
2022-09-26 10:00:00,0.741,-0.043,-0.784,-97.236694,27.633306,8775792,TCOON,IAN,2022,2040.0
2022-09-26 11:00:00,0.781,-0.016,-0.797,-97.236694,27.633306,8775792,TCOON,IAN,2022,2100.0
2022-09-26 12:00:00,0.837,0.012,-0.825,-97.236694,27.633306,8775792,TCOON,IAN,2022,2160.0
2022-09-26 13:00:00,0.879,0.03,-0.849,-97.236694,27.633306,8775792,TCOON,IAN,2022,2220.0
2022-09-26 14:00:00,0.892,0.034,-0.858,-97.236694,27.633306,8775792,TCOON,IAN,2022,2280.0
2022-09-26 15:00:00,0.906,0.016,-0.89,-97.236694,27.633306,8775792,TCOON,IAN,2022,2340.0
2022-09-26 16:00:00,0.886,-0.009,-0.895,-97.236694,27.633306,8775792,TCOON,IAN,2022,2400.0
2022-09-26 17:00:00,0.84,-0.037,-0.877,-97.236694,27.633306,8775792,TCOON,IAN,2022,2460.0
2022-09-26 18:00:00,0.83,-0.057,-0.887,-97.236694,27.633306,8775792,TCOON,IAN,2022,2520.0
2022-09-26 19:00:00,0.804,-0.068,-0.8720000000000001,-97.236694,27.633306,8775792,TCOON,IAN,2022,2580.0
2022-09-26 20:00:00,0.82,-0.059,-0.879,-97.236694,27.633306,8775792,TCOON,IAN,2022,2640.0
2022-09-26 21:00:00,0.837,-0.029,-0.866,-97.236694,27.633306,8775792,TCOON,IAN,2022,2700.0
2022-09-26 22:00:00,0.853,0.013,-0.84,-97.236694,27.633306,8775792,TCOON,IAN,2022,2760.0
2022-09-26 23:00:00,0.919,0.059,-0.8600000000000001,-97.236694,27.633306,8775792,TCOON,IAN,2022,2820.0
2022-09-27 00:00:00,0.909,0.098,-0.811,-97.236694,27.633306,8775792,TCOON,IAN,2022,2880.0
2022-09-27 01:00:00,0.945,0.126,-0.819,-97.236694,27.633306,8775792,TCOON,IAN,2022,2940.0
2022-09-27 02:00:00,0.945,0.143,-0.8019999999999999,-97.236694,27.633306,8775792,TCOON,IAN,2022,3000.0
2022-09-27 03:00:00,0.965,0.145,-0.82,-97.236694,27.633306,8775792,TCOON,IAN,2022,3060.0
2022-09-27 04:00:00,0.955,0.13,-0.825,-97.236694,27.633306,8775792,TCOON,IAN,2022,3120.0
2022-09-27 05:00:00,0.938,0.099,-0.839,-97.236694,27.633306,8775792,TCOON,IAN,2022,3180.0
2022-09-27 06:00:00,0.945,0.063,-0.8819999999999999,-97.236694,27.633306,8775792,TCOON,IAN,2022,3240.0
2022-09-27 07:00:00,0.948,0.028,-0.92,-97.236694,27.633306,8775792,TCOON,IAN,2022,3300.0
2022-09-27 08:00:00,0.935,0.004,-0.931,-97.236694,27.633306,8775792,TCOON,IAN,2022,3360.0
2022-09-27 09:00:00,0.902,-0.007,-0.909,-97.236694,27.633306,8775792,TCOON,IAN,2022,3420.0
2022-09-27 10:00:00,0.919,-0.006,-0.925,-97.236694,27.633306,8775792,TCOON,IAN,2022,3480.0
2022-09-27 11:00:00,0.928,-0.0,-0.928,-97.236694,27.633306,8775792,TCOON,IAN,2022,3540.0
2022-09-27 12:00:00,0.928,0.002,-0.926,-97.236694,27.633306,8775792,TCOON,IAN,2022,3600.0
2022-09-27 13:00:00,0.915,-0.011,-0.926,-97.236694,27.633306,8775792,TCOON,IAN,2022,3660.0
2022-09-27 15:00:00,0.906,-0.067,-0.973,-97.236694,27.633306,8775792,TCOON,IAN,2022,3780.0
2022-09-27 16:00:00,0.902,-0.102,-1.004,-97.236694,27.633306,8775792,TCOON,IAN,2022,3840.0
2022-09-27 17:00:00,0.886,-0.135,-1.021,-97.236694,27.633306,8775792,TCOON,IAN,2022,3900.0
2022-09-27 18:00:00,0.846,-0.166,-1.012,-97.236694,27.633306,8775792,TCOON,IAN,2022,3960.0
2022-09-27 19:00:00,0.83,-0.186,-1.016,-97.236694,27.633306,8775792,TCOON,IAN,2022,4020.0
2022-09-27 20:00:00,0.827,-0.189,-1.016,-97.236694,27.633306,8775792,TCOON,IAN,2022,4080.0
2022-09-27 21:00:00,0.84,-0.163,-1.003,-97.236694,27.633306,8775792,TCOON,IAN,2022,4140.0
2022-09-27 22:00:00,0.873,-0.118,-0.991,-97.236694,27.633306,8775792,TCOON,IAN,2022,4200.0
2022-09-27 23:00:00,0.899,-0.062,-0.961,-97.236694,27.633306,8775792,TCOON,IAN,2022,4260.0
2022-09-28 00:00:00,0.922,-0.003,-0.925,-97.236694,27.633306,8775792,TCOON,IAN,2022,4320.0
2022-09-28 01:00:00,0.981,0.052,-0.929,-97.236694,27.633306,8775792,TCOON,IAN,2022,4380.0
2022-09-28 02:00:00,0.997,0.095,-0.902,-97.236694,27.633306,8775792,TCOON,IAN,2022,4440.0
2022-09-28 03:00:00,1.04,0.128,-0.912,-97.236694,27.633306,8775792,TCOON,IAN,2022,4500.0
2022-09-28 04:00:00,1.079,0.15,-0.929,-97.236694,27.633306,8775792,TCOON,IAN,2022,4560.0
2022-09-28 05:00:00,1.119,0.162,-0.957,-97.236694,27.633306,8775792,TCOON,IAN,2022,4620.0
2022-09-28 06:00:00,1.132,0.16,-0.972,-97.236694,27.633306,8775792,TCOON,IAN,2022,4680.0
2022-09-28 07:00:00,1.168,0.149,-1.019,-97.236694,27.633306,8775792,TCOON,IAN,2022,4740.0
2022-09-28 08:00:00,1.198,0.128,-1.0699999999999998,-97.236694,27.633306,8775792,TCOON,IAN,2022,4800.0
2022-09-28 09:00:00,1.23,0.106,-1.124,-97.236694,27.633306,8775792,TCOON,IAN,2022,4860.0
2022-09-28 10:00:00,1.266,0.087,-1.179,-97.236694,27.633306,8775792,TCOON,IAN,2022,4920.0
2022-09-28 11:00:00,1.27,0.068,-1.202,-97.236694,27.633306,8775792,TCOON,IAN,2022,4980.0
2022-09-28 12:00:00,1.263,0.044,-1.219,-97.236694,27.633306,8775792,TCOON,IAN,2022,5040.0
2022-09-28 13:00:00,1.25,0.013,-1.237,-97.236694,27.633306,8775792,TCOON,IAN,2022,5100.0
2022-09-28 14:00:00,1.22,-0.027,-1.247,-97.236694,27.633306,8775792,TCOON,IAN,2022,5160.0
2022-09-28 15:00:00,1.181,-0.071,-1.252,-97.236694,27.633306,8775792,TCOON,IAN,2022,5220.0
2022-09-28 16:00:00,1.142,-0.114,-1.256,-97.236694,27.633306,8775792,TCOON,IAN,2022,5280.0
2022-09-28 17:00:00,1.099,-0.158,-1.257,-97.236694,27.633306,8775792,TCOON,IAN,2022,5340.0
2022-09-28 18:00:00,1.001,-0.2,-1.2009999999999998,-97.236694,27.633306,8775792,TCOON,IAN,2022,5400.0
2022-09-28 19:00:00,0.961,-0.236,-1.197,-97.236694,27.633306,8775792,TCOON,IAN,2022,5460.0
2022-09-28 20:00:00,0.955,-0.261,-1.216,-97.236694,27.633306,8775792,TCOON,IAN,2022,5520.0
2022-09-28 21:00:00,0.968,-0.266,-1.234,-97.236694,27.633306,8775792,TCOON,IAN,2022,5580.0
2022-09-28 22:00:00,1.004,-0.24,-1.244,-97.236694,27.633306,8775792,TCOON,IAN,2022,5640.0
2022-09-28 23:00:00,1.037,-0.193,-1.23,-97.236694,27.633306,8775792,TCOON,IAN,2022,5700.0
2022-09-29 00:00:00,1.056,-0.134,-1.19,-97.236694,27.633306,8775792,TCOON,IAN,2022,5760.0
2022-09-29 01:00:00,1.099,-0.072,-1.171,-97.236694,27.633306,8775792,TCOON,IAN,2022,5820.0
2022-09-29 02:00:00,1.148,-0.007,-1.1549999999999998,-97.236694,27.633306,8775792,TCOON,IAN,2022,5880.0
2022-09-29 03:00:00,1.198,0.049,-1.149,-97.236694,27.633306,8775792,TCOON,IAN,2022,5940.0
2022-09-29 04:00:00,1.243,0.096,-1.147,-97.236694,27.633306,8775792,TCOON,IAN,2022,6000.0
2022-09-29 05:00:00,1.296,0.135,-1.161,-97.236694,27.633306,8775792,TCOON,IAN,2022,6060.0
2022-09-29 06:00:00,1.322,0.164,-1.158,-97.236694,27.633306,8775792,TCOON,IAN,2022,6120.0
2022-09-29 07:00:00,1.348,0.184,-1.164,-97.236694,27.633306,8775792,TCOON,IAN,2022,6180.0
2022-09-29 08:00:00,1.391,0.195,-1.196,-97.236694,27.633306,8775792,TCOON,IAN,2022,6240.0
2022-09-29 09:00:00,1.404,0.198,-1.206,-97.236694,27.633306,8775792,TCOON,IAN,2022,6300.0
2022-09-29 10:00:00,1.417,0.199,-1.218,-97.236694,27.633306,8775792,TCOON,IAN,2022,6360.0
2022-09-29 11:00:00,1.421,0.194,-1.227,-97.236694,27.633306,8775792,TCOON,IAN,2022,6420.0
2022-09-29 12:00:00,1.404,0.174,-1.23,-97.236694,27.633306,8775792,TCOON,IAN,2022,6480.0
2022-09-29 13:00:00,1.411,0.136,-1.275,-97.236694,27.633306,8775792,TCOON,IAN,2022,6540.0
2022-09-29 14:00:00,1.358,0.084,-1.274,-97.236694,27.633306,8775792,TCOON,IAN,2022,6600.0
2022-09-29 15:00:00,1.312,0.025,-1.287,-97.236694,27.633306,8775792,TCOON,IAN,2022,6660.0
2022-09-29 16:00:00,1.253,-0.033,-1.2859999999999998,-97.236694,27.633306,8775792,TCOON,IAN,2022,6720.0
2022-09-29 17:00:00,1.155,-0.087,-1.242,-97.236694,27.633306,8775792,TCOON,IAN,2022,6780.0
2022-09-29 18:00:00,1.073,-0.137,-1.21,-97.236694,27.633306,8775792,TCOON,IAN,2022,6840.0
2022-09-29 19:00:00,1.014,-0.184,-1.198,-97.236694,27.633306,8775792,TCOON,IAN,2022,6900.0
2022-09-29 20:00:00,0.988,-0.225,-1.213,-97.236694,27.633306,8775792,TCOON,IAN,2022,6960.0
2022-09-29 21:00:00,0.994,-0.254,-1.248,-97.236694,27.633306,8775792,TCOON,IAN,2022,7020.0
2022-09-29 22:00:00,0.978,-0.264,-1.242,-97.236694,27.633306,8775792,TCOON,IAN,2022,7080.0
2022-09-29 23:00:00,0.988,-0.241,-1.229,-97.236694,27.633306,8775792,TCOON,IAN,2022,7140.0
2022-09-30 00:00:00,1.017,-0.196,-1.213,-97.236694,27.633306,8775792,TCOON,IAN,2022,7200.0
2022-09-30 01:00:00,1.066,-0.135,-1.201,-97.236694,27.633306,8775792,TCOON,IAN,2022,7260.0
2022-09-30 02:00:00,1.145,-0.07,-1.215,-97.236694,27.633306,8775792,TCOON,IAN,2022,7320.0
2022-09-30 03:00:00,1.211,-0.005,-1.216,-97.236694,27.633306,8775792,TCOON,IAN,2022,7380.0
2022-09-30 04:00:00,1.28,0.054,-1.226,-97.236694,27.633306,8775792,TCOON,IAN,2022,7440.0
2022-09-30 05:00:00,1.358,0.102,-1.256,-97.236694,27.633306,8775792,TCOON,IAN,2022,7500.0
2022-09-30 06:00:00,1.414,0.145,-1.269,-97.236694,27.633306,8775792,TCOON,IAN,2022,7560.0
2022-09-30 07:00:00,1.463,0.179,-1.284,-97.236694,27.633306,8775792,TCOON,IAN,2022,7620.0
2022-09-30 08:00:00,1.506,0.206,-1.3,-97.236694,27.633306,8775792,TCOON,IAN,2022,7680.0
2022-09-30 09:00:00,1.549,0.226,-1.323,-97.236694,27.633306,8775792,TCOON,IAN,2022,7740.0
2022-09-30 10:00:00,1.572,0.235,-1.3370000000000002,-97.236694,27.633306,8775792,TCOON,IAN,2022,7800.0
2022-09-30 11:00:00,1.575,0.234,-1.341,-97.236694,27.633306,8775792,TCOON,IAN,2022,7860.0
2022-09-30 12:00:00,1.575,0.217,-1.358,-97.236694,27.633306,8775792,TCOON,IAN,2022,7920.0
2022-09-30 13:00:00,1.555,0.182,-1.373,-97.236694,27.633306,8775792,TCOON,IAN,2022,7980.0
2022-09-30 14:00:00,1.519,0.134,-1.3849999999999998,-97.236694,27.633306,8775792,TCOON,IAN,2022,8040.0
2022-09-30 15:00:00,1.483,0.075,-1.408,-97.236694,27.633306,8775792,TCOON,IAN,2022,8100.0
2022-09-30 16:00:00,1.417,0.013,-1.404,-97.236694,27.633306,8775792,TCOON,IAN,2022,8160.0
2022-09-30 17:00:00,1.299,-0.047,-1.346,-97.236694,27.633306,8775792,TCOON,IAN,2022,8220.0
2022-09-30 18:00:00,1.211,-0.103,-1.314,-97.236694,27.633306,8775792,TCOON,IAN,2022,8280.0
2022-09-30 19:00:00,1.129,-0.155,-1.284,-97.236694,27.633306,8775792,TCOON,IAN,2022,8340.0
2022-09-30 20:00:00,1.106,-0.206,-1.312,-97.236694,27.633306,8775792,TCOON,IAN,2022,8400.0
2022-09-30 21:00:00,1.073,-0.25,-1.323,-97.236694,27.633306,8775792,TCOON,IAN,2022,8460.0
2022-09-30 22:00:00,1.037,-0.281,-1.318,-97.236694,27.633306,8775792,TCOON,IAN,2022,8520.0
2022-09-30 23:00:00,1.02,-0.296,-1.316,-97.236694,27.633306,8775792,TCOON,IAN,2022,8580.0
2022-10-01 00:00:00,1.001,-0.28,-1.281,-97.236694,27.633306,8775792,TCOON,IAN,2022,8640.0
2022-10-01 01:00:00,1.014,-0.234,-1.248,-97.236694,27.633306,8775792,TCOON,IAN,2022,8700.0
2022-10-01 02:00:00,1.033,-0.172,-1.2049999999999998,-97.236694,27.633306,8775792,TCOON,IAN,2022,8760.0
2022-10-01 03:00:00,1.086,-0.103,-1.189,-97.236694,27.633306,8775792,TCOON,IAN,2022,8820.0
2022-10-01 04:00:00,1.138,-0.036,-1.174,-97.236694,27.633306,8775792,TCOON,IAN,2022,8880.0
2022-10-01 05:00:00,1.181,0.034,-1.147,-97.236694,27.633306,8775792,TCOON,IAN,2022,8940.0
2022-10-01 06:00:00,1.24,0.09,-1.15,-97.236694,27.633306,8775792,TCOON,IAN,2022,9000.0
2022-10-01 07:00:00,1.293,0.142,-1.151,-97.236694,27.633306,8775792,TCOON,IAN,2022,9060.0
2022-10-01 08:00:00,1.339,0.186,-1.153,-97.236694,27.633306,8775792,TCOON,IAN,2022,9120.0
2022-10-01 09:00:00,1.378,0.221,-1.1569999999999998,-97.236694,27.633306,8775792,TCOON,IAN,2022,9180.0
2022-10-01 10:00:00,1.398,0.247,-1.1509999999999998,-97.236694,27.633306,8775792,TCOON,IAN,2022,9240.0
2022-10-01 12:00:00,1.411,0.259,-1.152,-97.236694,27.633306,8775792,TCOON,IAN,2022,9360.0
2022-10-01 13:00:00,1.388,0.235,-1.153,-97.236694,27.633306,8775792,TCOON,IAN,2022,9420.0
2022-10-01 14:00:00,1.365,0.191,-1.174,-97.236694,27.633306,8775792,TCOON,IAN,2022,9480.0
2022-10-01 15:00:00,1.316,0.134,-1.182,-97.236694,27.633306,8775792,TCOON,IAN,2022,9540.0
2022-10-01 16:00:00,1.253,0.068,-1.1849999999999998,-97.236694,27.633306,8775792,TCOON,IAN,2022,9600.0
2022-10-01 17:00:00,1.165,0.002,-1.163,-97.236694,27.633306,8775792,TCOON,IAN,2022,9660.0
2022-10-01 18:00:00,1.079,-0.062,-1.141,-97.236694,27.633306,8775792,TCOON,IAN,2022,9720.0
2022-10-01 19:00:00,1.027,-0.121,-1.148,-97.236694,27.633306,8775792,TCOON,IAN,2022,9780.0
2022-10-01 20:00:00,0.961,-0.176,-1.137,-97.236694,27.633306,8775792,TCOON,IAN,2022,9840.0
2022-10-01 21:00:00,0.896,-0.23,-1.126,-97.236694,27.633306,8775792,TCOON,IAN,2022,9900.0
2022-10-01 22:00:00,0.85,-0.276,-1.126,-97.236694,27.633306,8775792,TCOON,IAN,2022,9960.0
2022-10-01 23:00:00,0.801,-0.314,-1.115,-97.236694,27.633306,8775792,TCOON,IAN,2022,10020.0
2022-09-25 01:00:00,0.846,0.064,-0.782,-97.318111,27.484361,8776139,TCOON,IAN,2022,60.0
2022-09-25 02:00:00,0.843,0.068,-0.7749999999999999,-97.318111,27.484361,8776139,TCOON,IAN,2022,120.0
2022-09-25 03:00:00,0.837,0.067,-0.77,-97.318111,27.484361,8776139,TCOON,IAN,2022,180.0
2022-09-25 04:00:00,0.837,0.056,-0.7809999999999999,-97.318111,27.484361,8776139,TCOON,IAN,2022,240.0
2022-09-25 05:00:00,0.823,0.045,-0.7779999999999999,-97.318111,27.484361,8776139,TCOON,IAN,2022,300.0
2022-09-25 06:00:00,0.804,0.037,-0.767,-97.318111,27.484361,8776139,TCOON,IAN,2022,360.0
2022-09-25 07:00:00,0.807,0.031,-0.776,-97.318111,27.484361,8776139,TCOON,IAN,2022,420.0
2022-09-25 08:00:00,0.797,0.027,-0.77,-97.318111,27.484361,8776139,TCOON,IAN,2022,480.0
2022-09-25 09:00:00,0.794,0.024,-0.77,-97.318111,27.484361,8776139,TCOON,IAN,2022,540.0
2022-09-25 10:00:00,0.794,0.023,-0.771,-97.318111,27.484361,8776139,TCOON,IAN,2022,600.0
2022-09-25 11:00:00,0.787,0.024,-0.763,-97.318111,27.484361,8776139,TCOON,IAN,2022,660.0
2022-09-25 12:00:00,0.794,0.027,-0.767,-97.318111,27.484361,8776139,TCOON,IAN,2022,720.0
2022-09-25 13:00:00,0.794,0.033,-0.761,-97.318111,27.484361,8776139,TCOON,IAN,2022,780.0
2022-09-25 15:00:00,0.817,0.055,-0.7619999999999999,-97.318111,27.484361,8776139,TCOON,IAN,2022,900.0
2022-09-25 16:00:00,0.814,0.063,-0.7509999999999999,-97.318111,27.484361,8776139,TCOON,IAN,2022,960.0
2022-09-25 17:00:00,0.817,0.066,-0.7509999999999999,-97.318111,27.484361,8776139,TCOON,IAN,2022,1020.0
2022-09-25 18:00:00,0.801,0.059,-0.742,-97.318111,27.484361,8776139,TCOON,IAN,2022,1080.0
2022-09-25 19:00:00,0.764,0.049,-0.715,-97.318111,27.484361,8776139,TCOON,IAN,2022,1140.0
2022-09-25 20:00:00,0.738,0.038,-0.7,-97.318111,27.484361,8776139,TCOON,IAN,2022,1200.0
2022-09-25 21:00:00,0.699,0.03,-0.6689999999999999,-97.318111,27.484361,8776139,TCOON,IAN,2022,1260.0
2022-09-25 22:00:00,0.679,0.03,-0.649,-97.318111,27.484361,8776139,TCOON,IAN,2022,1320.0
2022-09-25 23:00:00,0.663,0.037,-0.626,-97.318111,27.484361,8776139,TCOON,IAN,2022,1380.0
2022-09-26 00:00:00,0.676,0.046,-0.63,-97.318111,27.484361,8776139,TCOON,IAN,2022,1440.0
2022-09-26 01:00:00,0.686,0.057,-0.629,-97.318111,27.484361,8776139,TCOON,IAN,2022,1500.0
2022-09-26 02:00:00,0.554,0.066,-0.488,-97.318111,27.484361,8776139,TCOON,IAN,2022,1560.0
2022-09-26 03:00:00,0.712,0.072,-0.64,-97.318111,27.484361,8776139,TCOON,IAN,2022,1620.0
2022-09-26 04:00:00,0.719,0.073,-0.646,-97.318111,27.484361,8776139,TCOON,IAN,2022,1680.0
2022-09-26 06:00:00,0.715,0.054,-0.6609999999999999,-97.318111,27.484361,8776139,TCOON,IAN,2022,1800.0
2022-09-26 09:00:00,0.646,0.021,-0.625,-97.318111,27.484361,8776139,TCOON,IAN,2022,1980.0
2022-09-26 10:00:00,0.705,0.018,-0.6869999999999999,-97.318111,27.484361,8776139,TCOON,IAN,2022,2040.0
2022-09-26 11:00:00,0.696,0.019,-0.6769999999999999,-97.318111,27.484361,8776139,TCOON,IAN,2022,2100.0
2022-09-26 12:00:00,0.702,0.022,-0.6799999999999999,-97.318111,27.484361,8776139,TCOON,IAN,2022,2160.0
2022-09-26 13:00:00,0.715,0.029,-0.6859999999999999,-97.318111,27.484361,8776139,TCOON,IAN,2022,2220.0
2022-09-26 14:00:00,0.725,0.038,-0.6869999999999999,-97.318111,27.484361,8776139,TCOON,IAN,2022,2280.0
2022-09-26 15:00:00,0.748,0.047,-0.701,-97.318111,27.484361,8776139,TCOON,IAN,2022,2340.0
2022-09-26 16:00:00,0.738,0.051,-0.6869999999999999,-97.318111,27.484361,8776139,TCOON,IAN,2022,2400.0
2022-09-26 17:00:00,0.741,0.049,-0.692,-97.318111,27.484361,8776139,TCOON,IAN,2022,2460.0
2022-09-26 18:00:00,0.748,0.042,-0.706,-97.318111,27.484361,8776139,TCOON,IAN,2022,2520.0
2022-09-26 19:00:00,0.738,0.034,-0.704,-97.318111,27.484361,8776139,TCOON,IAN,2022,2580.0
2022-09-26 20:00:00,0.719,0.025,-0.694,-97.318111,27.484361,8776139,TCOON,IAN,2022,2640.0
2022-09-26 21:00:00,0.702,0.017,-0.6849999999999999,-97.318111,27.484361,8776139,TCOON,IAN,2022,2700.0
2022-09-26 22:00:00,0.692,0.012,-0.6799999999999999,-97.318111,27.484361,8776139,TCOON,IAN,2022,2760.0
2022-09-26 23:00:00,0.702,0.012,-0.69,-97.318111,27.484361,8776139,TCOON,IAN,2022,2820.0
2022-09-27 00:00:00,0.715,0.021,-0.694,-97.318111,27.484361,8776139,TCOON,IAN,2022,2880.0
2022-09-27 01:00:00,0.735,0.037,-0.698,-97.318111,27.484361,8776139,TCOON,IAN,2022,2940.0
2022-09-27 02:00:00,0.771,0.049,-0.722,-97.318111,27.484361,8776139,TCOON,IAN,2022,3000.0
2022-09-27 03:00:00,0.804,0.058,-0.746,-97.318111,27.484361,8776139,TCOON,IAN,2022,3060.0
2022-09-27 04:00:00,0.84,0.063,-0.7769999999999999,-97.318111,27.484361,8776139,TCOON,IAN,2022,3120.0
2022-09-27 05:00:00,0.856,0.064,-0.792,-97.318111,27.484361,8776139,TCOON,IAN,2022,3180.0
2022-09-27 06:00:00,0.843,0.062,-0.7809999999999999,-97.318111,27.484361,8776139,TCOON,IAN,2022,3240.0
2022-09-27 07:00:00,0.86,0.056,-0.8039999999999999,-97.318111,27.484361,8776139,TCOON,IAN,2022,3300.0
2022-09-27 08:00:00,0.873,0.044,-0.829,-97.318111,27.484361,8776139,TCOON,IAN,2022,3360.0
2022-09-27 09:00:00,0.863,0.03,-0.833,-97.318111,27.484361,8776139,TCOON,IAN,2022,3420.0
2022-09-27 10:00:00,0.889,0.019,-0.87,-97.318111,27.484361,8776139,TCOON,IAN,2022,3480.0
2022-09-27 11:00:00,0.879,0.013,-0.866,-97.318111,27.484361,8776139,TCOON,IAN,2022,3540.0
2022-09-27 12:00:00,0.85,0.014,-0.836,-97.318111,27.484361,8776139,TCOON,IAN,2022,3600.0
2022-09-27 13:00:00,0.873,0.019,-0.854,-97.318111,27.484361,8776139,TCOON,IAN,2022,3660.0
2022-09-27 14:00:00,0.856,0.025,-0.831,-97.318111,27.484361,8776139,TCOON,IAN,2022,3720.0
2022-09-27 15:00:00,0.843,0.029,-0.814,-97.318111,27.484361,8776139,TCOON,IAN,2022,3780.0
2022-09-27 16:00:00,0.827,0.03,-0.7969999999999999,-97.318111,27.484361,8776139,TCOON,IAN,2022,3840.0
2022-09-27 17:00:00,0.83,0.029,-0.8009999999999999,-97.318111,27.484361,8776139,TCOON,IAN,2022,3900.0
2022-09-27 18:00:00,0.807,0.024,-0.783,-97.318111,27.484361,8776139,TCOON,IAN,2022,3960.0
2022-09-27 19:00:00,0.784,0.018,-0.766,-97.318111,27.484361,8776139,TCOON,IAN,2022,4020.0
2022-09-27 20:00:00,0.751,0.01,-0.741,-97.318111,27.484361,8776139,TCOON,IAN,2022,4080.0
2022-09-27 21:00:00,0.741,0.002,-0.739,-97.318111,27.484361,8776139,TCOON,IAN,2022,4140.0
2022-09-27 22:00:00,0.725,-0.004,-0.729,-97.318111,27.484361,8776139,TCOON,IAN,2022,4200.0
2022-09-27 23:00:00,0.719,-0.007,-0.726,-97.318111,27.484361,8776139,TCOON,IAN,2022,4260.0
2022-09-28 00:00:00,0.732,-0.008,-0.74,-97.318111,27.484361,8776139,TCOON,IAN,2022,4320.0
2022-09-28 01:00:00,0.735,-0.004,-0.739,-97.318111,27.484361,8776139,TCOON,IAN,2022,4380.0
2022-09-28 02:00:00,0.751,0.007,-0.744,-97.318111,27.484361,8776139,TCOON,IAN,2022,4440.0
2022-09-28 03:00:00,0.682,0.025,-0.657,-97.318111,27.484361,8776139,TCOON,IAN,2022,4500.0
2022-09-28 04:00:00,0.81,0.039,-0.771,-97.318111,27.484361,8776139,TCOON,IAN,2022,4560.0
2022-09-28 05:00:00,0.846,0.048,-0.7979999999999999,-97.318111,27.484361,8776139,TCOON,IAN,2022,4620.0
2022-09-28 06:00:00,0.892,0.052,-0.84,-97.318111,27.484361,8776139,TCOON,IAN,2022,4680.0
2022-09-28 07:00:00,0.935,0.052,-0.883,-97.318111,27.484361,8776139,TCOON,IAN,2022,4740.0
2022-09-28 08:00:00,0.945,0.05,-0.8949999999999999,-97.318111,27.484361,8776139,TCOON,IAN,2022,4800.0
2022-09-28 09:00:00,0.965,0.047,-0.918,-97.318111,27.484361,8776139,TCOON,IAN,2022,4860.0
2022-09-28 10:00:00,0.984,0.043,-0.941,-97.318111,27.484361,8776139,TCOON,IAN,2022,4920.0
2022-09-28 11:00:00,0.997,0.038,-0.959,-97.318111,27.484361,8776139,TCOON,IAN,2022,4980.0
2022-09-28 12:00:00,1.017,0.033,-0.984,-97.318111,27.484361,8776139,TCOON,IAN,2022,5040.0
2022-09-28 13:00:00,1.043,0.03,-1.013,-97.318111,27.484361,8776139,TCOON,IAN,2022,5100.0
2022-09-28 15:00:00,1.05,0.019,-1.031,-97.318111,27.484361,8776139,TCOON,IAN,2022,5220.0
2022-09-28 16:00:00,1.04,0.013,-1.027,-97.318111,27.484361,8776139,TCOON,IAN,2022,5280.0
2022-09-28 17:00:00,1.033,0.009,-1.024,-97.318111,27.484361,8776139,TCOON,IAN,2022,5340.0
2022-09-28 18:00:00,1.014,0.007,-1.007,-97.318111,27.484361,8776139,TCOON,IAN,2022,5400.0
2022-09-28 19:00:00,0.988,0.005,-0.983,-97.318111,27.484361,8776139,TCOON,IAN,2022,5460.0
2022-09-28 20:00:00,0.965,0.002,-0.963,-97.318111,27.484361,8776139,TCOON,IAN,2022,5520.0
2022-09-28 21:00:00,0.922,-0.002,-0.924,-97.318111,27.484361,8776139,TCOON,IAN,2022,5580.0
2022-09-28 22:00:00,0.896,-0.007,-0.903,-97.318111,27.484361,8776139,TCOON,IAN,2022,5640.0
2022-09-28 23:00:00,0.892,-0.012,-0.904,-97.318111,27.484361,8776139,TCOON,IAN,2022,5700.0
2022-09-29 00:00:00,0.886,-0.016,-0.902,-97.318111,27.484361,8776139,TCOON,IAN,2022,5760.0
2022-09-29 01:00:00,0.883,-0.018,-0.901,-97.318111,27.484361,8776139,TCOON,IAN,2022,5820.0
2022-09-29 02:00:00,0.899,-0.016,-0.915,-97.318111,27.484361,8776139,TCOON,IAN,2022,5880.0
2022-09-29 03:00:00,0.925,-0.01,-0.935,-97.318111,27.484361,8776139,TCOON,IAN,2022,5940.0
2022-09-29 04:00:00,0.955,0.004,-0.951,-97.318111,27.484361,8776139,TCOON,IAN,2022,6000.0
2022-09-29 05:00:00,0.997,0.022,-0.975,-97.318111,27.484361,8776139,TCOON,IAN,2022,6060.0
2022-09-29 06:00:00,1.043,0.036,-1.007,-97.318111,27.484361,8776139,TCOON,IAN,2022,6120.0
2022-09-29 07:00:00,1.086,0.045,-1.041,-97.318111,27.484361,8776139,TCOON,IAN,2022,6180.0
2022-09-29 08:00:00,1.119,0.048,-1.071,-97.318111,27.484361,8776139,TCOON,IAN,2022,6240.0
2022-09-29 09:00:00,1.135,0.048,-1.087,-97.318111,27.484361,8776139,TCOON,IAN,2022,6300.0
2022-09-29 10:00:00,1.152,0.047,-1.105,-97.318111,27.484361,8776139,TCOON,IAN,2022,6360.0
2022-09-29 11:00:00,1.161,0.046,-1.115,-97.318111,27.484361,8776139,TCOON,IAN,2022,6420.0
2022-09-29 12:00:00,1.168,0.045,-1.123,-97.318111,27.484361,8776139,TCOON,IAN,2022,6480.0
2022-09-29 13:00:00,1.168,0.045,-1.123,-97.318111,27.484361,8776139,TCOON,IAN,2022,6540.0
2022-09-29 14:00:00,1.168,0.045,-1.123,-97.318111,27.484361,8776139,TCOON,IAN,2022,6600.0
2022-09-29 15:00:00,1.171,0.045,-1.126,-97.318111,27.484361,8776139,TCOON,IAN,2022,6660.0
2022-09-29 16:00:00,1.168,0.04,-1.128,-97.318111,27.484361,8776139,TCOON,IAN,2022,6720.0
2022-09-29 17:00:00,1.152,0.027,-1.125,-97.318111,27.484361,8776139,TCOON,IAN,2022,6780.0
2022-09-29 18:00:00,1.148,0.013,-1.135,-97.318111,27.484361,8776139,TCOON,IAN,2022,6840.0
2022-09-29 19:00:00,1.096,0.004,-1.092,-97.318111,27.484361,8776139,TCOON,IAN,2022,6900.0
2022-09-29 20:00:00,1.037,-0.002,-1.039,-97.318111,27.484361,8776139,TCOON,IAN,2022,6960.0
2022-09-29 21:00:00,0.971,-0.005,-0.976,-97.318111,27.484361,8776139,TCOON,IAN,2022,7020.0
2022-09-29 22:00:00,0.938,-0.008,-0.946,-97.318111,27.484361,8776139,TCOON,IAN,2022,7080.0
2022-09-29 23:00:00,0.909,-0.011,-0.92,-97.318111,27.484361,8776139,TCOON,IAN,2022,7140.0
2022-09-30 00:00:00,0.892,-0.013,-0.905,-97.318111,27.484361,8776139,TCOON,IAN,2022,7200.0
2022-09-30 01:00:00,0.896,-0.015,-0.911,-97.318111,27.484361,8776139,TCOON,IAN,2022,7260.0
2022-09-30 02:00:00,0.925,-0.016,-0.941,-97.318111,27.484361,8776139,TCOON,IAN,2022,7320.0
2022-09-30 03:00:00,0.978,-0.013,-0.991,-97.318111,27.484361,8776139,TCOON,IAN,2022,7380.0
2022-09-30 04:00:00,1.03,-0.007,-1.037,-97.318111,27.484361,8776139,TCOON,IAN,2022,7440.0
2022-09-30 05:00:00,1.086,0.007,-1.0790000000000002,-97.318111,27.484361,8776139,TCOON,IAN,2022,7500.0
2022-09-30 06:00:00,1.138,0.027,-1.111,-97.318111,27.484361,8776139,TCOON,IAN,2022,7560.0
2022-09-30 07:00:00,1.181,0.042,-1.139,-97.318111,27.484361,8776139,TCOON,IAN,2022,7620.0
2022-09-30 08:00:00,1.217,0.052,-1.165,-97.318111,27.484361,8776139,TCOON,IAN,2022,7680.0
2022-09-30 09:00:00,1.243,0.057,-1.1860000000000002,-97.318111,27.484361,8776139,TCOON,IAN,2022,7740.0
2022-09-30 10:00:00,1.26,0.058,-1.202,-97.318111,27.484361,8776139,TCOON,IAN,2022,7800.0
2022-09-30 11:00:00,1.26,0.059,-1.201,-97.318111,27.484361,8776139,TCOON,IAN,2022,7860.0
2022-09-30 12:00:00,1.273,0.059,-1.214,-97.318111,27.484361,8776139,TCOON,IAN,2022,7920.0
2022-09-30 13:00:00,1.283,0.059,-1.224,-97.318111,27.484361,8776139,TCOON,IAN,2022,7980.0
2022-09-30 15:00:00,1.286,0.06,-1.226,-97.318111,27.484361,8776139,TCOON,IAN,2022,8100.0
2022-09-30 16:00:00,1.273,0.057,-1.216,-97.318111,27.484361,8776139,TCOON,IAN,2022,8160.0
2022-09-30 17:00:00,1.257,0.049,-1.208,-97.318111,27.484361,8776139,TCOON,IAN,2022,8220.0
2022-09-30 18:00:00,1.243,0.032,-1.211,-97.318111,27.484361,8776139,TCOON,IAN,2022,8280.0
2022-09-30 19:00:00,1.204,0.019,-1.185,-97.318111,27.484361,8776139,TCOON,IAN,2022,8340.0
2022-09-30 20:00:00,1.158,0.011,-1.147,-97.318111,27.484361,8776139,TCOON,IAN,2022,8400.0
2022-09-30 21:00:00,1.122,0.006,-1.116,-97.318111,27.484361,8776139,TCOON,IAN,2022,8460.0
2022-09-30 22:00:00,1.073,0.003,-1.07,-97.318111,27.484361,8776139,TCOON,IAN,2022,8520.0
2022-09-30 23:00:00,1.047,0.0,-1.047,-97.318111,27.484361,8776139,TCOON,IAN,2022,8580.0
2022-10-01 00:00:00,0.988,-0.002,-0.99,-97.318111,27.484361,8776139,TCOON,IAN,2022,8640.0
2022-10-01 01:00:00,0.955,-0.005,-0.96,-97.318111,27.484361,8776139,TCOON,IAN,2022,8700.0
2022-10-01 02:00:00,0.942,-0.007,-0.949,-97.318111,27.484361,8776139,TCOON,IAN,2022,8760.0
2022-10-01 03:00:00,0.958,-0.009,-0.967,-97.318111,27.484361,8776139,TCOON,IAN,2022,8820.0
2022-10-01 04:00:00,0.984,-0.007,-0.991,-97.318111,27.484361,8776139,TCOON,IAN,2022,8880.0
2022-10-01 05:00:00,1.017,-0.003,-1.0199999999999998,-97.318111,27.484361,8776139,TCOON,IAN,2022,8940.0
2022-10-01 06:00:00,1.063,0.007,-1.056,-97.318111,27.484361,8776139,TCOON,IAN,2022,9000.0
2022-10-01 07:00:00,1.099,0.026,-1.073,-97.318111,27.484361,8776139,TCOON,IAN,2022,9060.0
2022-10-01 08:00:00,1.132,0.044,-1.088,-97.318111,27.484361,8776139,TCOON,IAN,2022,9120.0
2022-10-01 09:00:00,1.158,0.057,-1.101,-97.318111,27.484361,8776139,TCOON,IAN,2022,9180.0
2022-10-01 10:00:00,1.175,0.064,-1.111,-97.318111,27.484361,8776139,TCOON,IAN,2022,9240.0
2022-10-01 11:00:00,1.194,0.068,-1.126,-97.318111,27.484361,8776139,TCOON,IAN,2022,9300.0
2022-10-01 12:00:00,1.211,0.069,-1.142,-97.318111,27.484361,8776139,TCOON,IAN,2022,9360.0
2022-10-01 13:00:00,1.217,0.071,-1.146,-97.318111,27.484361,8776139,TCOON,IAN,2022,9420.0
2022-10-01 14:00:00,1.063,0.072,-0.991,-97.318111,27.484361,8776139,TCOON,IAN,2022,9480.0
2022-10-01 15:00:00,1.214,0.072,-1.142,-97.318111,27.484361,8776139,TCOON,IAN,2022,9540.0
2022-10-01 16:00:00,1.26,0.071,-1.189,-97.318111,27.484361,8776139,TCOON,IAN,2022,9600.0
2022-10-01 17:00:00,1.211,0.066,-1.145,-97.318111,27.484361,8776139,TCOON,IAN,2022,9660.0
2022-10-01 18:00:00,1.184,0.053,-1.131,-97.318111,27.484361,8776139,TCOON,IAN,2022,9720.0
2022-10-01 19:00:00,1.135,0.035,-1.1,-97.318111,27.484361,8776139,TCOON,IAN,2022,9780.0
2022-10-01 20:00:00,1.083,0.023,-1.06,-97.318111,27.484361,8776139,TCOON,IAN,2022,9840.0
2022-10-01 21:00:00,1.047,0.014,-1.033,-97.318111,27.484361,8776139,TCOON,IAN,2022,9900.0
2022-10-01 22:00:00,0.997,0.009,-0.988,-97.318111,27.484361,8776139,TCOON,IAN,2022,9960.0
2022-10-01 23:00:00,0.955,0.006,-0.949,-97.318111,27.484361,8776139,TCOON,IAN,2022,10020.0
2022-09-25 01:00:00,0.787,0.06,-0.7270000000000001,-97.405167,27.297,8776604,TCOON,IAN,2022,60.0
2022-09-25 02:00:00,0.823,0.061,-0.762,-97.405167,27.297,8776604,TCOON,IAN,2022,120.0
2022-09-25 03:00:00,0.823,0.063,-0.76,-97.405167,27.297,8776604,TCOON,IAN,2022,180.0
2022-09-25 04:00:00,0.83,0.064,-0.766,-97.405167,27.297,8776604,TCOON,IAN,2022,240.0
2022-09-25 05:00:00,0.833,0.063,-0.77,-97.405167,27.297,8776604,TCOON,IAN,2022,300.0
2022-09-25 06:00:00,0.85,0.057,-0.7929999999999999,-97.405167,27.297,8776604,TCOON,IAN,2022,360.0
2022-09-25 07:00:00,0.86,0.053,-0.8069999999999999,-97.405167,27.297,8776604,TCOON,IAN,2022,420.0
2022-09-25 08:00:00,0.817,0.052,-0.7649999999999999,-97.405167,27.297,8776604,TCOON,IAN,2022,480.0
2022-09-25 09:00:00,0.827,0.051,-0.7759999999999999,-97.405167,27.297,8776604,TCOON,IAN,2022,540.0
2022-09-25 10:00:00,0.814,0.049,-0.7649999999999999,-97.405167,27.297,8776604,TCOON,IAN,2022,600.0
2022-09-25 11:00:00,0.823,0.047,-0.7759999999999999,-97.405167,27.297,8776604,TCOON,IAN,2022,660.0
2022-09-25 12:00:00,0.827,0.046,-0.7809999999999999,-97.405167,27.297,8776604,TCOON,IAN,2022,720.0
2022-09-25 13:00:00,0.81,0.045,-0.765,-97.405167,27.297,8776604,TCOON,IAN,2022,780.0
2022-09-25 14:00:00,0.791,0.044,-0.747,-97.405167,27.297,8776604,TCOON,IAN,2022,840.0
2022-09-25 15:00:00,0.745,0.045,-0.7,-97.405167,27.297,8776604,TCOON,IAN,2022,900.0
2022-09-25 16:00:00,0.758,0.047,-0.711,-97.405167,27.297,8776604,TCOON,IAN,2022,960.0
2022-09-25 17:00:00,0.774,0.048,-0.726,-97.405167,27.297,8776604,TCOON,IAN,2022,1020.0
2022-09-25 18:00:00,0.764,0.047,-0.717,-97.405167,27.297,8776604,TCOON,IAN,2022,1080.0
2022-09-25 19:00:00,0.738,0.043,-0.695,-97.405167,27.297,8776604,TCOON,IAN,2022,1140.0
2022-09-25 20:00:00,0.702,0.039,-0.6629999999999999,-97.405167,27.297,8776604,TCOON,IAN,2022,1200.0
2022-09-25 21:00:00,0.705,0.037,-0.6679999999999999,-97.405167,27.297,8776604,TCOON,IAN,2022,1260.0
2022-09-25 22:00:00,0.725,0.038,-0.6869999999999999,-97.405167,27.297,8776604,TCOON,IAN,2022,1320.0
2022-09-25 23:00:00,0.761,0.04,-0.721,-97.405167,27.297,8776604,TCOON,IAN,2022,1380.0
2022-09-26 00:00:00,0.764,0.044,-0.72,-97.405167,27.297,8776604,TCOON,IAN,2022,1440.0
2022-09-26 01:00:00,0.764,0.049,-0.715,-97.405167,27.297,8776604,TCOON,IAN,2022,1500.0
2022-09-26 02:00:00,0.784,0.051,-0.733,-97.405167,27.297,8776604,TCOON,IAN,2022,1560.0
2022-09-26 03:00:00,0.784,0.051,-0.733,-97.405167,27.297,8776604,TCOON,IAN,2022,1620.0
2022-09-26 04:00:00,0.778,0.053,-0.725,-97.405167,27.297,8776604,TCOON,IAN,2022,1680.0
2022-09-26 05:00:00,0.768,0.055,-0.713,-97.405167,27.297,8776604,TCOON,IAN,2022,1740.0
2022-09-26 06:00:00,0.768,0.056,-0.712,-97.405167,27.297,8776604,TCOON,IAN,2022,1800.0
2022-09-26 07:00:00,0.771,0.054,-0.717,-97.405167,27.297,8776604,TCOON,IAN,2022,1860.0
2022-09-26 08:00:00,0.758,0.05,-0.708,-97.405167,27.297,8776604,TCOON,IAN,2022,1920.0
2022-09-26 09:00:00,0.748,0.046,-0.702,-97.405167,27.297,8776604,TCOON,IAN,2022,1980.0
2022-09-26 10:00:00,0.758,0.044,-0.714,-97.405167,27.297,8776604,TCOON,IAN,2022,2040.0
2022-09-26 11:00:00,0.764,0.044,-0.72,-97.405167,27.297,8776604,TCOON,IAN,2022,2100.0
2022-09-26 12:00:00,0.764,0.044,-0.72,-97.405167,27.297,8776604,TCOON,IAN,2022,2160.0
2022-09-26 13:00:00,0.735,0.044,-0.691,-97.405167,27.297,8776604,TCOON,IAN,2022,2220.0
2022-09-26 14:00:00,0.735,0.043,-0.692,-97.405167,27.297,8776604,TCOON,IAN,2022,2280.0
2022-09-26 15:00:00,0.715,0.043,-0.6719999999999999,-97.405167,27.297,8776604,TCOON,IAN,2022,2340.0
2022-09-26 16:00:00,0.712,0.043,-0.6689999999999999,-97.405167,27.297,8776604,TCOON,IAN,2022,2400.0
2022-09-26 17:00:00,0.728,0.043,-0.6849999999999999,-97.405167,27.297,8776604,TCOON,IAN,2022,2460.0
2022-09-26 18:00:00,0.722,0.041,-0.6809999999999999,-97.405167,27.297,8776604,TCOON,IAN,2022,2520.0
2022-09-26 19:00:00,0.686,0.036,-0.65,-97.405167,27.297,8776604,TCOON,IAN,2022,2580.0
2022-09-26 20:00:00,0.686,0.032,-0.654,-97.405167,27.297,8776604,TCOON,IAN,2022,2640.0
2022-09-26 21:00:00,0.712,0.029,-0.6829999999999999,-97.405167,27.297,8776604,TCOON,IAN,2022,2700.0
2022-09-26 22:00:00,0.725,0.028,-0.697,-97.405167,27.297,8776604,TCOON,IAN,2022,2760.0
2022-09-26 23:00:00,0.728,0.026,-0.702,-97.405167,27.297,8776604,TCOON,IAN,2022,2820.0
2022-09-27 00:00:00,0.725,0.026,-0.699,-97.405167,27.297,8776604,TCOON,IAN,2022,2880.0
2022-09-27 01:00:00,0.751,0.027,-0.724,-97.405167,27.297,8776604,TCOON,IAN,2022,2940.0
2022-09-27 02:00:00,0.781,0.03,-0.751,-97.405167,27.297,8776604,TCOON,IAN,2022,3000.0
2022-09-27 03:00:00,0.768,0.035,-0.733,-97.405167,27.297,8776604,TCOON,IAN,2022,3060.0
2022-09-27 04:00:00,0.771,0.037,-0.734,-97.405167,27.297,8776604,TCOON,IAN,2022,3120.0
2022-09-27 05:00:00,0.787,0.038,-0.749,-97.405167,27.297,8776604,TCOON,IAN,2022,3180.0
2022-09-27 06:00:00,0.797,0.038,-0.759,-97.405167,27.297,8776604,TCOON,IAN,2022,3240.0
2022-09-27 07:00:00,0.801,0.039,-0.762,-97.405167,27.297,8776604,TCOON,IAN,2022,3300.0
2022-09-27 08:00:00,0.778,0.039,-0.739,-97.405167,27.297,8776604,TCOON,IAN,2022,3360.0
2022-09-27 09:00:00,0.794,0.039,-0.755,-97.405167,27.297,8776604,TCOON,IAN,2022,3420.0
2022-09-27 10:00:00,0.787,0.038,-0.749,-97.405167,27.297,8776604,TCOON,IAN,2022,3480.0
2022-09-27 11:00:00,0.755,0.036,-0.719,-97.405167,27.297,8776604,TCOON,IAN,2022,3540.0
2022-09-27 12:00:00,0.751,0.035,-0.716,-97.405167,27.297,8776604,TCOON,IAN,2022,3600.0
2022-09-27 13:00:00,0.741,0.036,-0.705,-97.405167,27.297,8776604,TCOON,IAN,2022,3660.0
2022-09-27 14:00:00,0.745,0.038,-0.707,-97.405167,27.297,8776604,TCOON,IAN,2022,3720.0
2022-09-27 15:00:00,0.732,0.039,-0.693,-97.405167,27.297,8776604,TCOON,IAN,2022,3780.0
2022-09-27 16:00:00,0.702,0.039,-0.6629999999999999,-97.405167,27.297,8776604,TCOON,IAN,2022,3840.0
2022-09-27 17:00:00,0.709,0.036,-0.6729999999999999,-97.405167,27.297,8776604,TCOON,IAN,2022,3900.0
2022-09-27 18:00:00,0.699,0.031,-0.6679999999999999,-97.405167,27.297,8776604,TCOON,IAN,2022,3960.0
2022-09-27 19:00:00,0.702,0.026,-0.6759999999999999,-97.405167,27.297,8776604,TCOON,IAN,2022,4020.0
2022-09-27 20:00:00,0.732,0.023,-0.709,-97.405167,27.297,8776604,TCOON,IAN,2022,4080.0
2022-09-27 21:00:00,0.748,0.021,-0.727,-97.405167,27.297,8776604,TCOON,IAN,2022,4140.0
2022-09-27 22:00:00,0.774,0.018,-0.756,-97.405167,27.297,8776604,TCOON,IAN,2022,4200.0
2022-09-27 23:00:00,0.781,0.014,-0.767,-97.405167,27.297,8776604,TCOON,IAN,2022,4260.0
2022-09-28 00:00:00,0.748,0.011,-0.737,-97.405167,27.297,8776604,TCOON,IAN,2022,4320.0
2022-09-28 01:00:00,0.774,0.009,-0.765,-97.405167,27.297,8776604,TCOON,IAN,2022,4380.0
2022-09-28 02:00:00,0.807,0.009,-0.798,-97.405167,27.297,8776604,TCOON,IAN,2022,4440.0
2022-09-28 03:00:00,0.83,0.011,-0.819,-97.405167,27.297,8776604,TCOON,IAN,2022,4500.0
2022-09-28 04:00:00,0.833,0.015,-0.818,-97.405167,27.297,8776604,TCOON,IAN,2022,4560.0
2022-09-28 05:00:00,0.82,0.018,-0.8019999999999999,-97.405167,27.297,8776604,TCOON,IAN,2022,4620.0
2022-09-28 06:00:00,0.827,0.019,-0.8079999999999999,-97.405167,27.297,8776604,TCOON,IAN,2022,4680.0
2022-09-28 07:00:00,0.85,0.019,-0.831,-97.405167,27.297,8776604,TCOON,IAN,2022,4740.0
2022-09-28 08:00:00,0.876,0.019,-0.857,-97.405167,27.297,8776604,TCOON,IAN,2022,4800.0
2022-09-28 09:00:00,0.892,0.021,-0.871,-97.405167,27.297,8776604,TCOON,IAN,2022,4860.0
2022-09-28 10:00:00,0.906,0.023,-0.883,-97.405167,27.297,8776604,TCOON,IAN,2022,4920.0
2022-09-28 11:00:00,0.896,0.025,-0.871,-97.405167,27.297,8776604,TCOON,IAN,2022,4980.0
2022-09-28 12:00:00,0.902,0.029,-0.873,-97.405167,27.297,8776604,TCOON,IAN,2022,5040.0
2022-09-28 13:00:00,0.883,0.032,-0.851,-97.405167,27.297,8776604,TCOON,IAN,2022,5100.0
2022-09-28 14:00:00,0.853,0.034,-0.819,-97.405167,27.297,8776604,TCOON,IAN,2022,5160.0
2022-09-28 15:00:00,0.843,0.035,-0.8079999999999999,-97.405167,27.297,8776604,TCOON,IAN,2022,5220.0
2022-09-28 16:00:00,0.869,0.035,-0.834,-97.405167,27.297,8776604,TCOON,IAN,2022,5280.0
2022-09-28 17:00:00,0.84,0.033,-0.8069999999999999,-97.405167,27.297,8776604,TCOON,IAN,2022,5340.0
2022-09-28 18:00:00,0.833,0.031,-0.8019999999999999,-97.405167,27.297,8776604,TCOON,IAN,2022,5400.0
2022-09-28 19:00:00,0.817,0.029,-0.7879999999999999,-97.405167,27.297,8776604,TCOON,IAN,2022,5460.0
2022-09-28 20:00:00,0.814,0.026,-0.7879999999999999,-97.405167,27.297,8776604,TCOON,IAN,2022,5520.0
2022-09-28 21:00:00,0.833,0.021,-0.8119999999999999,-97.405167,27.297,8776604,TCOON,IAN,2022,5580.0
2022-09-28 22:00:00,0.863,0.016,-0.847,-97.405167,27.297,8776604,TCOON,IAN,2022,5640.0
2022-09-28 23:00:00,0.883,0.013,-0.87,-97.405167,27.297,8776604,TCOON,IAN,2022,5700.0
2022-09-29 00:00:00,0.896,0.011,-0.885,-97.405167,27.297,8776604,TCOON,IAN,2022,5760.0
2022-09-29 01:00:00,0.906,0.009,-0.897,-97.405167,27.297,8776604,TCOON,IAN,2022,5820.0
2022-09-29 02:00:00,0.935,0.008,-0.927,-97.405167,27.297,8776604,TCOON,IAN,2022,5880.0
2022-09-29 03:00:00,0.945,0.007,-0.938,-97.405167,27.297,8776604,TCOON,IAN,2022,5940.0
2022-09-29 04:00:00,0.968,0.006,-0.962,-97.405167,27.297,8776604,TCOON,IAN,2022,6000.0
2022-09-29 05:00:00,0.978,0.006,-0.972,-97.405167,27.297,8776604,TCOON,IAN,2022,6060.0
2022-09-29 06:00:00,0.978,0.008,-0.97,-97.405167,27.297,8776604,TCOON,IAN,2022,6120.0
2022-09-29 07:00:00,0.991,0.011,-0.98,-97.405167,27.297,8776604,TCOON,IAN,2022,6180.0
2022-09-29 08:00:00,1.007,0.012,-0.995,-97.405167,27.297,8776604,TCOON,IAN,2022,6240.0
2022-09-29 09:00:00,1.02,0.011,-1.009,-97.405167,27.297,8776604,TCOON,IAN,2022,6300.0
2022-09-29 10:00:00,1.02,0.012,-1.008,-97.405167,27.297,8776604,TCOON,IAN,2022,6360.0
2022-09-29 11:00:00,1.027,0.014,-1.013,-97.405167,27.297,8776604,TCOON,IAN,2022,6420.0
2022-09-29 12:00:00,1.037,0.019,-1.018,-97.405167,27.297,8776604,TCOON,IAN,2022,6480.0
2022-09-29 13:00:00,1.037,0.023,-1.014,-97.405167,27.297,8776604,TCOON,IAN,2022,6540.0
2022-09-29 14:00:00,1.037,0.029,-1.008,-97.405167,27.297,8776604,TCOON,IAN,2022,6600.0
2022-09-29 15:00:00,1.024,0.033,-0.991,-97.405167,27.297,8776604,TCOON,IAN,2022,6660.0
2022-09-29 16:00:00,1.02,0.035,-0.985,-97.405167,27.297,8776604,TCOON,IAN,2022,6720.0
2022-09-29 17:00:00,1.02,0.036,-0.984,-97.405167,27.297,8776604,TCOON,IAN,2022,6780.0
2022-09-29 18:00:00,0.984,0.035,-0.949,-97.405167,27.297,8776604,TCOON,IAN,2022,6840.0
2022-09-29 19:00:00,0.968,0.031,-0.937,-97.405167,27.297,8776604,TCOON,IAN,2022,6900.0
2022-09-29 20:00:00,0.968,0.028,-0.94,-97.405167,27.297,8776604,TCOON,IAN,2022,6960.0
2022-09-29 21:00:00,0.981,0.026,-0.955,-97.405167,27.297,8776604,TCOON,IAN,2022,7020.0
2022-09-29 22:00:00,0.978,0.024,-0.954,-97.405167,27.297,8776604,TCOON,IAN,2022,7080.0
2022-09-29 23:00:00,0.984,0.021,-0.963,-97.405167,27.297,8776604,TCOON,IAN,2022,7140.0
2022-09-30 00:00:00,0.997,0.017,-0.98,-97.405167,27.297,8776604,TCOON,IAN,2022,7200.0
2022-09-30 01:00:00,1.02,0.015,-1.005,-97.405167,27.297,8776604,TCOON,IAN,2022,7260.0
2022-09-30 02:00:00,1.033,0.013,-1.02,-97.405167,27.297,8776604,TCOON,IAN,2022,7320.0
2022-09-30 03:00:00,1.04,0.011,-1.029,-97.405167,27.297,8776604,TCOON,IAN,2022,7380.0
2022-09-30 04:00:00,1.033,0.011,-1.022,-97.405167,27.297,8776604,TCOON,IAN,2022,7440.0
2022-09-30 05:00:00,1.03,0.012,-1.018,-97.405167,27.297,8776604,TCOON,IAN,2022,7500.0
2022-09-30 06:00:00,1.03,0.013,-1.017,-97.405167,27.297,8776604,TCOON,IAN,2022,7560.0
2022-09-30 07:00:00,1.037,0.015,-1.022,-97.405167,27.297,8776604,TCOON,IAN,2022,7620.0
2022-09-30 08:00:00,1.047,0.019,-1.028,-97.405167,27.297,8776604,TCOON,IAN,2022,7680.0
2022-09-30 09:00:00,1.053,0.02,-1.033,-97.405167,27.297,8776604,TCOON,IAN,2022,7740.0
2022-09-30 10:00:00,1.076,0.021,-1.0550000000000002,-97.405167,27.297,8776604,TCOON,IAN,2022,7800.0
2022-09-30 11:00:00,1.07,0.023,-1.0470000000000002,-97.405167,27.297,8776604,TCOON,IAN,2022,7860.0
2022-09-30 12:00:00,1.06,0.027,-1.033,-97.405167,27.297,8776604,TCOON,IAN,2022,7920.0
2022-09-30 13:00:00,1.079,0.031,-1.048,-97.405167,27.297,8776604,TCOON,IAN,2022,7980.0
2022-09-30 14:00:00,1.066,0.036,-1.03,-97.405167,27.297,8776604,TCOON,IAN,2022,8040.0
2022-09-30 15:00:00,1.056,0.041,-1.015,-97.405167,27.297,8776604,TCOON,IAN,2022,8100.0
2022-09-30 16:00:00,1.056,0.045,-1.011,-97.405167,27.297,8776604,TCOON,IAN,2022,8160.0
2022-09-30 17:00:00,1.06,0.047,-1.013,-97.405167,27.297,8776604,TCOON,IAN,2022,8220.0
2022-09-30 18:00:00,1.089,0.048,-1.041,-97.405167,27.297,8776604,TCOON,IAN,2022,8280.0
2022-09-30 19:00:00,1.106,0.045,-1.0610000000000002,-97.405167,27.297,8776604,TCOON,IAN,2022,8340.0
2022-09-30 20:00:00,1.099,0.04,-1.059,-97.405167,27.297,8776604,TCOON,IAN,2022,8400.0
2022-09-30 21:00:00,1.089,0.039,-1.05,-97.405167,27.297,8776604,TCOON,IAN,2022,8460.0
2022-09-30 22:00:00,1.053,0.038,-1.015,-97.405167,27.297,8776604,TCOON,IAN,2022,8520.0
2022-09-30 23:00:00,1.027,0.036,-0.991,-97.405167,27.297,8776604,TCOON,IAN,2022,8580.0
2022-10-01 00:00:00,1.004,0.032,-0.972,-97.405167,27.297,8776604,TCOON,IAN,2022,8640.0
2022-10-01 01:00:00,1.024,0.028,-0.996,-97.405167,27.297,8776604,TCOON,IAN,2022,8700.0
2022-10-01 02:00:00,1.047,0.026,-1.021,-97.405167,27.297,8776604,TCOON,IAN,2022,8760.0
2022-10-01 03:00:00,1.056,0.024,-1.032,-97.405167,27.297,8776604,TCOON,IAN,2022,8820.0
2022-10-01 04:00:00,1.076,0.023,-1.0530000000000002,-97.405167,27.297,8776604,TCOON,IAN,2022,8880.0
2022-10-01 05:00:00,1.06,0.022,-1.038,-97.405167,27.297,8776604,TCOON,IAN,2022,8940.0
2022-10-01 06:00:00,1.02,0.02,-1.0,-97.405167,27.297,8776604,TCOON,IAN,2022,9000.0
2022-10-01 07:00:00,1.066,0.019,-1.0470000000000002,-97.405167,27.297,8776604,TCOON,IAN,2022,9060.0
2022-10-01 09:00:00,1.063,0.024,-1.039,-97.405167,27.297,8776604,TCOON,IAN,2022,9180.0
2022-10-01 10:00:00,1.073,0.028,-1.045,-97.405167,27.297,8776604,TCOON,IAN,2022,9240.0
2022-10-01 11:00:00,1.083,0.03,-1.053,-97.405167,27.297,8776604,TCOON,IAN,2022,9300.0
2022-10-01 12:00:00,1.089,0.032,-1.057,-97.405167,27.297,8776604,TCOON,IAN,2022,9360.0
2022-10-01 13:00:00,1.099,0.035,-1.064,-97.405167,27.297,8776604,TCOON,IAN,2022,9420.0
2022-10-01 14:00:00,1.119,0.039,-1.08,-97.405167,27.297,8776604,TCOON,IAN,2022,9480.0
2022-10-01 15:00:00,1.112,0.043,-1.0690000000000002,-97.405167,27.297,8776604,TCOON,IAN,2022,9540.0
2022-10-01 16:00:00,1.099,0.048,-1.051,-97.405167,27.297,8776604,TCOON,IAN,2022,9600.0
2022-10-01 17:00:00,1.093,0.052,-1.041,-97.405167,27.297,8776604,TCOON,IAN,2022,9660.0
2022-10-01 18:00:00,1.086,0.055,-1.031,-97.405167,27.297,8776604,TCOON,IAN,2022,9720.0
2022-10-01 19:00:00,1.089,0.054,-1.035,-97.405167,27.297,8776604,TCOON,IAN,2022,9780.0
2022-10-01 20:00:00,1.093,0.05,-1.043,-97.405167,27.297,8776604,TCOON,IAN,2022,9840.0
2022-10-01 21:00:00,1.099,0.045,-1.054,-97.405167,27.297,8776604,TCOON,IAN,2022,9900.0
2022-10-01 22:00:00,1.119,0.044,-1.075,-97.405167,27.297,8776604,TCOON,IAN,2022,9960.0
2022-10-01 23:00:00,1.125,0.043,-1.082,-97.405167,27.297,8776604,TCOON,IAN,2022,10020.0
2022-09-25 01:00:00,0.938,0.064,-0.8739999999999999,-97.4706,26.801194,8777812,TCOON,IAN,2022,60.0
2022-09-25 02:00:00,0.814,0.06,-0.754,-97.4706,26.801194,8777812,TCOON,IAN,2022,120.0
2022-09-25 03:00:00,0.886,0.059,-0.827,-97.4706,26.801194,8777812,TCOON,IAN,2022,180.0
2022-09-25 04:00:00,0.866,0.06,-0.806,-97.4706,26.801194,8777812,TCOON,IAN,2022,240.0
2022-09-25 05:00:00,0.86,0.061,-0.7989999999999999,-97.4706,26.801194,8777812,TCOON,IAN,2022,300.0
2022-09-25 06:00:00,0.873,0.061,-0.812,-97.4706,26.801194,8777812,TCOON,IAN,2022,360.0
2022-09-25 07:00:00,0.889,0.06,-0.829,-97.4706,26.801194,8777812,TCOON,IAN,2022,420.0
2022-09-25 08:00:00,0.873,0.057,-0.816,-97.4706,26.801194,8777812,TCOON,IAN,2022,480.0
2022-09-25 09:00:00,0.797,0.053,-0.744,-97.4706,26.801194,8777812,TCOON,IAN,2022,540.0
2022-09-25 10:00:00,0.735,0.052,-0.6829999999999999,-97.4706,26.801194,8777812,TCOON,IAN,2022,600.0
2022-09-25 11:00:00,0.738,0.053,-0.6849999999999999,-97.4706,26.801194,8777812,TCOON,IAN,2022,660.0
2022-09-25 13:00:00,0.741,0.049,-0.692,-97.4706,26.801194,8777812,TCOON,IAN,2022,780.0
2022-09-25 14:00:00,0.728,0.044,-0.6839999999999999,-97.4706,26.801194,8777812,TCOON,IAN,2022,840.0
2022-09-25 15:00:00,0.719,0.04,-0.6789999999999999,-97.4706,26.801194,8777812,TCOON,IAN,2022,900.0
2022-09-25 16:00:00,0.696,0.035,-0.6609999999999999,-97.4706,26.801194,8777812,TCOON,IAN,2022,960.0
2022-09-25 17:00:00,0.692,0.031,-0.6609999999999999,-97.4706,26.801194,8777812,TCOON,IAN,2022,1020.0
2022-09-25 18:00:00,0.705,0.032,-0.6729999999999999,-97.4706,26.801194,8777812,TCOON,IAN,2022,1080.0
2022-09-25 19:00:00,0.676,0.038,-0.638,-97.4706,26.801194,8777812,TCOON,IAN,2022,1140.0
2022-09-25 20:00:00,0.696,0.045,-0.6509999999999999,-97.4706,26.801194,8777812,TCOON,IAN,2022,1200.0
2022-09-25 21:00:00,0.738,0.05,-0.688,-97.4706,26.801194,8777812,TCOON,IAN,2022,1260.0
2022-09-25 22:00:00,0.774,0.051,-0.723,-97.4706,26.801194,8777812,TCOON,IAN,2022,1320.0
2022-09-25 23:00:00,0.817,0.049,-0.7679999999999999,-97.4706,26.801194,8777812,TCOON,IAN,2022,1380.0
2022-09-26 00:00:00,0.827,0.048,-0.7789999999999999,-97.4706,26.801194,8777812,TCOON,IAN,2022,1440.0
2022-09-26 01:00:00,0.817,0.047,-0.7699999999999999,-97.4706,26.801194,8777812,TCOON,IAN,2022,1500.0
2022-09-26 02:00:00,0.778,0.047,-0.731,-97.4706,26.801194,8777812,TCOON,IAN,2022,1560.0
2022-09-26 03:00:00,0.728,0.048,-0.6799999999999999,-97.4706,26.801194,8777812,TCOON,IAN,2022,1620.0
2022-09-26 04:00:00,0.679,0.046,-0.633,-97.4706,26.801194,8777812,TCOON,IAN,2022,1680.0
2022-09-26 05:00:00,0.669,0.048,-0.621,-97.4706,26.801194,8777812,TCOON,IAN,2022,1740.0
2022-09-26 06:00:00,0.65,0.049,-0.601,-97.4706,26.801194,8777812,TCOON,IAN,2022,1800.0
2022-09-26 07:00:00,0.633,0.051,-0.582,-97.4706,26.801194,8777812,TCOON,IAN,2022,1860.0
2022-09-26 08:00:00,0.627,0.052,-0.575,-97.4706,26.801194,8777812,TCOON,IAN,2022,1920.0
2022-09-26 09:00:00,0.623,0.052,-0.571,-97.4706,26.801194,8777812,TCOON,IAN,2022,1980.0
2022-09-26 10:00:00,0.617,0.052,-0.565,-97.4706,26.801194,8777812,TCOON,IAN,2022,2040.0
2022-09-26 11:00:00,0.591,0.051,-0.5399999999999999,-97.4706,26.801194,8777812,TCOON,IAN,2022,2100.0
2022-09-26 12:00:00,0.587,0.052,-0.5349999999999999,-97.4706,26.801194,8777812,TCOON,IAN,2022,2160.0
2022-09-26 13:00:00,0.558,0.048,-0.51,-97.4706,26.801194,8777812,TCOON,IAN,2022,2220.0
2022-09-26 14:00:00,0.502,0.043,-0.459,-97.4706,26.801194,8777812,TCOON,IAN,2022,2280.0
2022-09-26 15:00:00,0.463,0.036,-0.427,-97.4706,26.801194,8777812,TCOON,IAN,2022,2340.0
2022-09-26 16:00:00,0.446,0.032,-0.414,-97.4706,26.801194,8777812,TCOON,IAN,2022,2400.0
2022-09-26 17:00:00,0.374,0.03,-0.344,-97.4706,26.801194,8777812,TCOON,IAN,2022,2460.0
2022-09-26 18:00:00,0.371,0.03,-0.3409999999999999,-97.4706,26.801194,8777812,TCOON,IAN,2022,2520.0
2022-09-26 19:00:00,0.377,0.031,-0.346,-97.4706,26.801194,8777812,TCOON,IAN,2022,2580.0
2022-09-26 20:00:00,0.413,0.031,-0.382,-97.4706,26.801194,8777812,TCOON,IAN,2022,2640.0
2022-09-26 21:00:00,0.489,0.03,-0.4589999999999999,-97.4706,26.801194,8777812,TCOON,IAN,2022,2700.0
2022-09-26 22:00:00,0.594,0.033,-0.5609999999999999,-97.4706,26.801194,8777812,TCOON,IAN,2022,2760.0
2022-09-26 23:00:00,0.653,0.035,-0.618,-97.4706,26.801194,8777812,TCOON,IAN,2022,2820.0
2022-09-27 00:00:00,0.686,0.035,-0.651,-97.4706,26.801194,8777812,TCOON,IAN,2022,2880.0
2022-09-27 01:00:00,0.666,0.033,-0.633,-97.4706,26.801194,8777812,TCOON,IAN,2022,2940.0
2022-09-27 02:00:00,0.653,0.031,-0.622,-97.4706,26.801194,8777812,TCOON,IAN,2022,3000.0
2022-09-27 03:00:00,0.633,0.031,-0.602,-97.4706,26.801194,8777812,TCOON,IAN,2022,3060.0
2022-09-27 04:00:00,0.597,0.031,-0.566,-97.4706,26.801194,8777812,TCOON,IAN,2022,3120.0
2022-09-27 05:00:00,0.568,0.033,-0.5349999999999999,-97.4706,26.801194,8777812,TCOON,IAN,2022,3180.0
2022-09-27 06:00:00,0.522,0.032,-0.49,-97.4706,26.801194,8777812,TCOON,IAN,2022,3240.0
2022-09-27 07:00:00,0.476,0.034,-0.4419999999999999,-97.4706,26.801194,8777812,TCOON,IAN,2022,3300.0
2022-09-27 08:00:00,0.417,0.037,-0.38,-97.4706,26.801194,8777812,TCOON,IAN,2022,3360.0
2022-09-27 09:00:00,0.433,0.041,-0.392,-97.4706,26.801194,8777812,TCOON,IAN,2022,3420.0
2022-09-27 10:00:00,0.495,0.044,-0.451,-97.4706,26.801194,8777812,TCOON,IAN,2022,3480.0
2022-09-27 11:00:00,0.495,0.046,-0.449,-97.4706,26.801194,8777812,TCOON,IAN,2022,3540.0
2022-09-27 12:00:00,0.489,0.047,-0.442,-97.4706,26.801194,8777812,TCOON,IAN,2022,3600.0
2022-09-27 13:00:00,0.515,0.042,-0.473,-97.4706,26.801194,8777812,TCOON,IAN,2022,3660.0
2022-09-27 14:00:00,0.502,0.034,-0.4679999999999999,-97.4706,26.801194,8777812,TCOON,IAN,2022,3720.0
2022-09-27 15:00:00,0.472,0.03,-0.4419999999999999,-97.4706,26.801194,8777812,TCOON,IAN,2022,3780.0
2022-09-27 16:00:00,0.499,0.026,-0.473,-97.4706,26.801194,8777812,TCOON,IAN,2022,3840.0
2022-09-27 17:00:00,0.469,0.025,-0.4439999999999999,-97.4706,26.801194,8777812,TCOON,IAN,2022,3900.0
2022-09-27 18:00:00,0.413,0.023,-0.3899999999999999,-97.4706,26.801194,8777812,TCOON,IAN,2022,3960.0
2022-09-27 19:00:00,0.413,0.02,-0.3929999999999999,-97.4706,26.801194,8777812,TCOON,IAN,2022,4020.0
2022-09-27 20:00:00,0.449,0.016,-0.433,-97.4706,26.801194,8777812,TCOON,IAN,2022,4080.0
2022-09-27 21:00:00,0.466,0.012,-0.454,-97.4706,26.801194,8777812,TCOON,IAN,2022,4140.0
2022-09-27 22:00:00,0.522,0.011,-0.511,-97.4706,26.801194,8777812,TCOON,IAN,2022,4200.0
2022-09-27 23:00:00,0.525,0.016,-0.509,-97.4706,26.801194,8777812,TCOON,IAN,2022,4260.0
2022-09-28 00:00:00,0.531,0.018,-0.513,-97.4706,26.801194,8777812,TCOON,IAN,2022,4320.0
2022-09-28 01:00:00,0.538,0.018,-0.52,-97.4706,26.801194,8777812,TCOON,IAN,2022,4380.0
2022-09-28 02:00:00,0.551,0.015,-0.536,-97.4706,26.801194,8777812,TCOON,IAN,2022,4440.0
2022-09-28 04:00:00,0.61,0.013,-0.597,-97.4706,26.801194,8777812,TCOON,IAN,2022,4560.0
2022-09-28 05:00:00,0.617,0.012,-0.605,-97.4706,26.801194,8777812,TCOON,IAN,2022,4620.0
2022-09-28 06:00:00,0.627,0.013,-0.614,-97.4706,26.801194,8777812,TCOON,IAN,2022,4680.0
2022-09-28 07:00:00,0.646,0.017,-0.629,-97.4706,26.801194,8777812,TCOON,IAN,2022,4740.0
2022-09-28 08:00:00,0.676,0.022,-0.654,-97.4706,26.801194,8777812,TCOON,IAN,2022,4800.0
2022-09-28 09:00:00,0.682,0.027,-0.655,-97.4706,26.801194,8777812,TCOON,IAN,2022,4860.0
2022-09-28 10:00:00,0.676,0.031,-0.645,-97.4706,26.801194,8777812,TCOON,IAN,2022,4920.0
2022-09-28 11:00:00,0.663,0.036,-0.627,-97.4706,26.801194,8777812,TCOON,IAN,2022,4980.0
2022-09-28 12:00:00,0.646,0.04,-0.606,-97.4706,26.801194,8777812,TCOON,IAN,2022,5040.0
2022-09-28 13:00:00,0.614,0.041,-0.573,-97.4706,26.801194,8777812,TCOON,IAN,2022,5100.0
2022-09-28 14:00:00,0.538,0.039,-0.499,-97.4706,26.801194,8777812,TCOON,IAN,2022,5160.0
2022-09-28 15:00:00,0.489,0.037,-0.452,-97.4706,26.801194,8777812,TCOON,IAN,2022,5220.0
2022-09-28 16:00:00,0.525,0.034,-0.491,-97.4706,26.801194,8777812,TCOON,IAN,2022,5280.0
2022-09-28 17:00:00,0.564,0.033,-0.5309999999999999,-97.4706,26.801194,8777812,TCOON,IAN,2022,5340.0
2022-09-28 18:00:00,0.617,0.03,-0.587,-97.4706,26.801194,8777812,TCOON,IAN,2022,5400.0
2022-09-28 19:00:00,0.604,0.026,-0.578,-97.4706,26.801194,8777812,TCOON,IAN,2022,5460.0
2022-09-28 20:00:00,0.568,0.021,-0.5469999999999999,-97.4706,26.801194,8777812,TCOON,IAN,2022,5520.0
2022-09-28 21:00:00,0.574,0.016,-0.5579999999999999,-97.4706,26.801194,8777812,TCOON,IAN,2022,5580.0
2022-09-28 22:00:00,0.6,0.011,-0.589,-97.4706,26.801194,8777812,TCOON,IAN,2022,5640.0
2022-09-28 23:00:00,0.65,0.009,-0.641,-97.4706,26.801194,8777812,TCOON,IAN,2022,5700.0
2022-09-29 00:00:00,0.709,0.012,-0.697,-97.4706,26.801194,8777812,TCOON,IAN,2022,5760.0
2022-09-29 01:00:00,0.741,0.015,-0.726,-97.4706,26.801194,8777812,TCOON,IAN,2022,5820.0
2022-09-29 02:00:00,0.768,0.014,-0.754,-97.4706,26.801194,8777812,TCOON,IAN,2022,5880.0
2022-09-29 03:00:00,0.784,0.01,-0.774,-97.4706,26.801194,8777812,TCOON,IAN,2022,5940.0
2022-09-29 06:00:00,0.794,0.006,-0.788,-97.4706,26.801194,8777812,TCOON,IAN,2022,6120.0
2022-09-29 07:00:00,0.817,0.006,-0.8109999999999999,-97.4706,26.801194,8777812,TCOON,IAN,2022,6180.0
2022-09-29 08:00:00,0.823,0.008,-0.815,-97.4706,26.801194,8777812,TCOON,IAN,2022,6240.0
2022-09-29 09:00:00,0.814,0.013,-0.8009999999999999,-97.4706,26.801194,8777812,TCOON,IAN,2022,6300.0
2022-09-29 10:00:00,0.797,0.019,-0.778,-97.4706,26.801194,8777812,TCOON,IAN,2022,6360.0
2022-09-29 11:00:00,0.784,0.025,-0.759,-97.4706,26.801194,8777812,TCOON,IAN,2022,6420.0
2022-09-29 12:00:00,0.781,0.031,-0.75,-97.4706,26.801194,8777812,TCOON,IAN,2022,6480.0
2022-09-29 13:00:00,0.761,0.036,-0.725,-97.4706,26.801194,8777812,TCOON,IAN,2022,6540.0
2022-09-29 14:00:00,0.751,0.038,-0.713,-97.4706,26.801194,8777812,TCOON,IAN,2022,6600.0
2022-09-29 15:00:00,0.705,0.036,-0.6689999999999999,-97.4706,26.801194,8777812,TCOON,IAN,2022,6660.0
2022-09-29 16:00:00,0.673,0.036,-0.637,-97.4706,26.801194,8777812,TCOON,IAN,2022,6720.0
2022-09-29 17:00:00,0.65,0.037,-0.613,-97.4706,26.801194,8777812,TCOON,IAN,2022,6780.0
2022-09-29 18:00:00,0.636,0.038,-0.598,-97.4706,26.801194,8777812,TCOON,IAN,2022,6840.0
2022-09-29 19:00:00,0.617,0.038,-0.579,-97.4706,26.801194,8777812,TCOON,IAN,2022,6900.0
2022-09-29 20:00:00,0.636,0.037,-0.599,-97.4706,26.801194,8777812,TCOON,IAN,2022,6960.0
2022-09-29 21:00:00,0.656,0.035,-0.621,-97.4706,26.801194,8777812,TCOON,IAN,2022,7020.0
2022-09-29 22:00:00,0.65,0.032,-0.618,-97.4706,26.801194,8777812,TCOON,IAN,2022,7080.0
2022-09-29 23:00:00,0.689,0.027,-0.6619999999999999,-97.4706,26.801194,8777812,TCOON,IAN,2022,7140.0
2022-09-30 00:00:00,0.748,0.025,-0.723,-97.4706,26.801194,8777812,TCOON,IAN,2022,7200.0
2022-09-30 01:00:00,0.781,0.028,-0.753,-97.4706,26.801194,8777812,TCOON,IAN,2022,7260.0
2022-09-30 02:00:00,0.843,0.03,-0.813,-97.4706,26.801194,8777812,TCOON,IAN,2022,7320.0
2022-09-30 03:00:00,0.876,0.028,-0.848,-97.4706,26.801194,8777812,TCOON,IAN,2022,7380.0
2022-09-30 04:00:00,0.915,0.024,-0.891,-97.4706,26.801194,8777812,TCOON,IAN,2022,7440.0
2022-09-30 05:00:00,0.909,0.023,-0.886,-97.4706,26.801194,8777812,TCOON,IAN,2022,7500.0
2022-09-30 07:00:00,0.922,0.022,-0.9,-97.4706,26.801194,8777812,TCOON,IAN,2022,7620.0
2022-09-30 08:00:00,0.922,0.022,-0.9,-97.4706,26.801194,8777812,TCOON,IAN,2022,7680.0
2022-09-30 09:00:00,0.928,0.025,-0.903,-97.4706,26.801194,8777812,TCOON,IAN,2022,7740.0
2022-09-30 10:00:00,0.925,0.031,-0.894,-97.4706,26.801194,8777812,TCOON,IAN,2022,7800.0
2022-09-30 11:00:00,0.906,0.037,-0.869,-97.4706,26.801194,8777812,TCOON,IAN,2022,7860.0
2022-09-30 12:00:00,0.886,0.043,-0.843,-97.4706,26.801194,8777812,TCOON,IAN,2022,7920.0
2022-09-30 13:00:00,0.879,0.048,-0.831,-97.4706,26.801194,8777812,TCOON,IAN,2022,7980.0
2022-09-30 14:00:00,0.889,0.051,-0.838,-97.4706,26.801194,8777812,TCOON,IAN,2022,8040.0
2022-09-30 15:00:00,0.883,0.051,-0.832,-97.4706,26.801194,8777812,TCOON,IAN,2022,8100.0
2022-09-30 16:00:00,0.856,0.05,-0.8059999999999999,-97.4706,26.801194,8777812,TCOON,IAN,2022,8160.0
2022-09-30 17:00:00,0.86,0.05,-0.8099999999999999,-97.4706,26.801194,8777812,TCOON,IAN,2022,8220.0
2022-09-30 18:00:00,0.883,0.051,-0.832,-97.4706,26.801194,8777812,TCOON,IAN,2022,8280.0
2022-09-30 19:00:00,0.86,0.051,-0.8089999999999999,-97.4706,26.801194,8777812,TCOON,IAN,2022,8340.0
2022-09-30 20:00:00,0.869,0.051,-0.818,-97.4706,26.801194,8777812,TCOON,IAN,2022,8400.0
2022-09-30 21:00:00,0.892,0.05,-0.842,-97.4706,26.801194,8777812,TCOON,IAN,2022,8460.0
2022-09-30 22:00:00,0.889,0.048,-0.841,-97.4706,26.801194,8777812,TCOON,IAN,2022,8520.0
2022-09-30 23:00:00,0.935,0.044,-0.891,-97.4706,26.801194,8777812,TCOON,IAN,2022,8580.0
2022-10-01 00:00:00,0.945,0.038,-0.907,-97.4706,26.801194,8777812,TCOON,IAN,2022,8640.0
2022-10-01 01:00:00,0.951,0.034,-0.917,-97.4706,26.801194,8777812,TCOON,IAN,2022,8700.0
2022-10-01 02:00:00,0.997,0.034,-0.963,-97.4706,26.801194,8777812,TCOON,IAN,2022,8760.0
2022-10-01 03:00:00,1.03,0.037,-0.993,-97.4706,26.801194,8777812,TCOON,IAN,2022,8820.0
2022-10-01 04:00:00,1.04,0.035,-1.005,-97.4706,26.801194,8777812,TCOON,IAN,2022,8880.0
2022-10-01 05:00:00,1.047,0.032,-1.015,-97.4706,26.801194,8777812,TCOON,IAN,2022,8940.0
2022-10-01 06:00:00,1.053,0.031,-1.022,-97.4706,26.801194,8777812,TCOON,IAN,2022,9000.0
2022-10-01 07:00:00,1.07,0.031,-1.039,-97.4706,26.801194,8777812,TCOON,IAN,2022,9060.0
2022-10-01 08:00:00,1.076,0.031,-1.0450000000000002,-97.4706,26.801194,8777812,TCOON,IAN,2022,9120.0
2022-10-01 09:00:00,1.076,0.031,-1.0450000000000002,-97.4706,26.801194,8777812,TCOON,IAN,2022,9180.0
2022-10-01 10:00:00,1.073,0.032,-1.041,-97.4706,26.801194,8777812,TCOON,IAN,2022,9240.0
2022-10-01 11:00:00,1.066,0.037,-1.029,-97.4706,26.801194,8777812,TCOON,IAN,2022,9300.0
2022-10-01 12:00:00,1.056,0.042,-1.014,-97.4706,26.801194,8777812,TCOON,IAN,2022,9360.0
2022-10-01 13:00:00,1.056,0.048,-1.008,-97.4706,26.801194,8777812,TCOON,IAN,2022,9420.0
2022-10-01 14:00:00,1.063,0.053,-1.01,-97.4706,26.801194,8777812,TCOON,IAN,2022,9480.0
2022-10-01 15:00:00,1.043,0.053,-0.99,-97.4706,26.801194,8777812,TCOON,IAN,2022,9540.0
2022-10-01 16:00:00,1.024,0.052,-0.972,-97.4706,26.801194,8777812,TCOON,IAN,2022,9600.0
2022-10-01 17:00:00,1.007,0.052,-0.9549999999999998,-97.4706,26.801194,8777812,TCOON,IAN,2022,9660.0
2022-10-01 18:00:00,1.024,0.054,-0.97,-97.4706,26.801194,8777812,TCOON,IAN,2022,9720.0
2022-10-01 19:00:00,0.988,0.055,-0.933,-97.4706,26.801194,8777812,TCOON,IAN,2022,9780.0
2022-10-01 20:00:00,0.974,0.055,-0.919,-97.4706,26.801194,8777812,TCOON,IAN,2022,9840.0
2022-10-01 21:00:00,0.958,0.054,-0.904,-97.4706,26.801194,8777812,TCOON,IAN,2022,9900.0
2022-10-01 22:00:00,0.778,0.054,-0.724,-97.4706,26.801194,8777812,TCOON,IAN,2022,9960.0
2022-10-01 23:00:00,0.932,0.051,-0.881,-97.4706,26.801194,8777812,TCOON,IAN,2022,10020.0
2022-09-25 01:00:00,0.827,0.061,-0.766,-97.424379,26.557639,8778490,TCOON,IAN,2022,60.0
2022-09-25 02:00:00,0.827,0.06,-0.7669999999999999,-97.424379,26.557639,8778490,TCOON,IAN,2022,120.0
2022-09-25 03:00:00,0.807,0.06,-0.7470000000000001,-97.424379,26.557639,8778490,TCOON,IAN,2022,180.0
2022-09-25 04:00:00,0.797,0.058,-0.739,-97.424379,26.557639,8778490,TCOON,IAN,2022,240.0
2022-09-25 05:00:00,0.784,0.054,-0.73,-97.424379,26.557639,8778490,TCOON,IAN,2022,300.0
2022-09-25 06:00:00,0.764,0.051,-0.713,-97.424379,26.557639,8778490,TCOON,IAN,2022,360.0
2022-09-25 07:00:00,0.771,0.049,-0.722,-97.424379,26.557639,8778490,TCOON,IAN,2022,420.0
2022-09-25 08:00:00,0.784,0.05,-0.734,-97.424379,26.557639,8778490,TCOON,IAN,2022,480.0
2022-09-25 09:00:00,0.823,0.052,-0.7709999999999999,-97.424379,26.557639,8778490,TCOON,IAN,2022,540.0
2022-09-25 10:00:00,0.827,0.05,-0.7769999999999999,-97.424379,26.557639,8778490,TCOON,IAN,2022,600.0
2022-09-25 11:00:00,0.81,0.047,-0.763,-97.424379,26.557639,8778490,TCOON,IAN,2022,660.0
2022-09-25 12:00:00,0.807,0.044,-0.763,-97.424379,26.557639,8778490,TCOON,IAN,2022,720.0
2022-09-25 13:00:00,0.797,0.04,-0.757,-97.424379,26.557639,8778490,TCOON,IAN,2022,780.0
2022-09-25 14:00:00,0.778,0.037,-0.741,-97.424379,26.557639,8778490,TCOON,IAN,2022,840.0
2022-09-25 15:00:00,0.761,0.034,-0.727,-97.424379,26.557639,8778490,TCOON,IAN,2022,900.0
2022-09-25 16:00:00,0.738,0.038,-0.7,-97.424379,26.557639,8778490,TCOON,IAN,2022,960.0
2022-09-25 17:00:00,0.728,0.042,-0.6859999999999999,-97.424379,26.557639,8778490,TCOON,IAN,2022,1020.0
2022-09-25 18:00:00,0.715,0.046,-0.6689999999999999,-97.424379,26.557639,8778490,TCOON,IAN,2022,1080.0
2022-09-25 19:00:00,0.751,0.052,-0.699,-97.424379,26.557639,8778490,TCOON,IAN,2022,1140.0
2022-09-25 20:00:00,0.725,0.049,-0.6759999999999999,-97.424379,26.557639,8778490,TCOON,IAN,2022,1200.0
2022-09-25 21:00:00,0.81,0.049,-0.761,-97.424379,26.557639,8778490,TCOON,IAN,2022,1260.0
2022-09-25 22:00:00,0.784,0.049,-0.735,-97.424379,26.557639,8778490,TCOON,IAN,2022,1320.0
2022-09-25 23:00:00,0.768,0.048,-0.72,-97.424379,26.557639,8778490,TCOON,IAN,2022,1380.0
2022-09-26 00:00:00,0.755,0.05,-0.705,-97.424379,26.557639,8778490,TCOON,IAN,2022,1440.0
2022-09-26 01:00:00,0.741,0.049,-0.692,-97.424379,26.557639,8778490,TCOON,IAN,2022,1500.0
2022-09-26 02:00:00,0.741,0.046,-0.695,-97.424379,26.557639,8778490,TCOON,IAN,2022,1560.0
2022-09-26 03:00:00,0.745,0.048,-0.697,-97.424379,26.557639,8778490,TCOON,IAN,2022,1620.0
2022-09-26 04:00:00,0.722,0.049,-0.6729999999999999,-97.424379,26.557639,8778490,TCOON,IAN,2022,1680.0
2022-09-26 05:00:00,0.705,0.052,-0.6529999999999999,-97.424379,26.557639,8778490,TCOON,IAN,2022,1740.0
2022-09-26 06:00:00,0.682,0.053,-0.629,-97.424379,26.557639,8778490,TCOON,IAN,2022,1800.0
2022-09-26 07:00:00,0.699,0.051,-0.6479999999999999,-97.424379,26.557639,8778490,TCOON,IAN,2022,1860.0
2022-09-26 08:00:00,0.705,0.049,-0.6559999999999999,-97.424379,26.557639,8778490,TCOON,IAN,2022,1920.0
2022-09-26 09:00:00,0.715,0.05,-0.6649999999999999,-97.424379,26.557639,8778490,TCOON,IAN,2022,1980.0
2022-09-26 11:00:00,0.745,0.044,-0.701,-97.424379,26.557639,8778490,TCOON,IAN,2022,2100.0
2022-09-26 12:00:00,0.758,0.04,-0.718,-97.424379,26.557639,8778490,TCOON,IAN,2022,2160.0
2022-09-26 13:00:00,0.755,0.031,-0.724,-97.424379,26.557639,8778490,TCOON,IAN,2022,2220.0
2022-09-26 14:00:00,0.764,0.028,-0.736,-97.424379,26.557639,8778490,TCOON,IAN,2022,2280.0
2022-09-26 15:00:00,0.774,0.03,-0.744,-97.424379,26.557639,8778490,TCOON,IAN,2022,2340.0
2022-09-26 16:00:00,0.761,0.032,-0.729,-97.424379,26.557639,8778490,TCOON,IAN,2022,2400.0
2022-09-26 17:00:00,0.771,0.033,-0.738,-97.424379,26.557639,8778490,TCOON,IAN,2022,2460.0
2022-09-26 18:00:00,0.758,0.031,-0.727,-97.424379,26.557639,8778490,TCOON,IAN,2022,2520.0
2022-09-26 19:00:00,0.715,0.03,-0.6849999999999999,-97.424379,26.557639,8778490,TCOON,IAN,2022,2580.0
2022-09-26 20:00:00,0.715,0.035,-0.6799999999999999,-97.424379,26.557639,8778490,TCOON,IAN,2022,2640.0
2022-09-26 21:00:00,0.696,0.035,-0.6609999999999999,-97.424379,26.557639,8778490,TCOON,IAN,2022,2700.0
2022-09-26 22:00:00,0.676,0.035,-0.641,-97.424379,26.557639,8778490,TCOON,IAN,2022,2760.0
2022-09-26 23:00:00,0.682,0.033,-0.649,-97.424379,26.557639,8778490,TCOON,IAN,2022,2820.0
2022-09-27 00:00:00,0.696,0.032,-0.6639999999999999,-97.424379,26.557639,8778490,TCOON,IAN,2022,2880.0
2022-09-27 01:00:00,0.732,0.032,-0.7,-97.424379,26.557639,8778490,TCOON,IAN,2022,2940.0
2022-09-27 02:00:00,0.702,0.035,-0.6669999999999999,-97.424379,26.557639,8778490,TCOON,IAN,2022,3000.0
2022-09-27 03:00:00,0.682,0.036,-0.646,-97.424379,26.557639,8778490,TCOON,IAN,2022,3060.0
2022-09-27 04:00:00,0.65,0.034,-0.616,-97.424379,26.557639,8778490,TCOON,IAN,2022,3120.0
2022-09-27 05:00:00,0.623,0.037,-0.586,-97.424379,26.557639,8778490,TCOON,IAN,2022,3180.0
2022-09-27 06:00:00,0.627,0.04,-0.587,-97.424379,26.557639,8778490,TCOON,IAN,2022,3240.0
2022-09-27 07:00:00,0.62,0.044,-0.576,-97.424379,26.557639,8778490,TCOON,IAN,2022,3300.0
2022-09-27 08:00:00,0.61,0.046,-0.564,-97.424379,26.557639,8778490,TCOON,IAN,2022,3360.0
2022-09-27 09:00:00,0.607,0.046,-0.5609999999999999,-97.424379,26.557639,8778490,TCOON,IAN,2022,3420.0
2022-09-27 10:00:00,0.587,0.044,-0.5429999999999999,-97.424379,26.557639,8778490,TCOON,IAN,2022,3480.0
2022-09-27 11:00:00,0.61,0.038,-0.572,-97.424379,26.557639,8778490,TCOON,IAN,2022,3540.0
2022-09-27 12:00:00,0.61,0.029,-0.581,-97.424379,26.557639,8778490,TCOON,IAN,2022,3600.0
2022-09-27 13:00:00,0.62,0.025,-0.595,-97.424379,26.557639,8778490,TCOON,IAN,2022,3660.0
2022-09-27 14:00:00,0.6,0.021,-0.579,-97.424379,26.557639,8778490,TCOON,IAN,2022,3720.0
2022-09-27 15:00:00,0.607,0.022,-0.585,-97.424379,26.557639,8778490,TCOON,IAN,2022,3780.0
2022-09-27 16:00:00,0.61,0.02,-0.59,-97.424379,26.557639,8778490,TCOON,IAN,2022,3840.0
2022-09-27 17:00:00,0.712,0.015,-0.697,-97.424379,26.557639,8778490,TCOON,IAN,2022,3900.0
2022-09-27 18:00:00,0.646,0.012,-0.634,-97.424379,26.557639,8778490,TCOON,IAN,2022,3960.0
2022-09-27 19:00:00,0.663,0.009,-0.654,-97.424379,26.557639,8778490,TCOON,IAN,2022,4020.0
2022-09-27 20:00:00,0.623,0.01,-0.613,-97.424379,26.557639,8778490,TCOON,IAN,2022,4080.0
2022-09-27 21:00:00,0.686,0.017,-0.669,-97.424379,26.557639,8778490,TCOON,IAN,2022,4140.0
2022-09-27 22:00:00,0.715,0.017,-0.698,-97.424379,26.557639,8778490,TCOON,IAN,2022,4200.0
2022-09-27 23:00:00,0.741,0.016,-0.725,-97.424379,26.557639,8778490,TCOON,IAN,2022,4260.0
2022-09-28 00:00:00,0.764,0.015,-0.749,-97.424379,26.557639,8778490,TCOON,IAN,2022,4320.0
2022-09-28 01:00:00,0.781,0.013,-0.768,-97.424379,26.557639,8778490,TCOON,IAN,2022,4380.0
2022-09-28 02:00:00,0.725,0.014,-0.711,-97.424379,26.557639,8778490,TCOON,IAN,2022,4440.0
2022-09-28 03:00:00,0.778,0.014,-0.764,-97.424379,26.557639,8778490,TCOON,IAN,2022,4500.0
2022-09-28 04:00:00,0.774,0.018,-0.756,-97.424379,26.557639,8778490,TCOON,IAN,2022,4560.0
2022-09-28 05:00:00,0.804,0.022,-0.782,-97.424379,26.557639,8778490,TCOON,IAN,2022,4620.0
2022-09-28 06:00:00,0.781,0.027,-0.754,-97.424379,26.557639,8778490,TCOON,IAN,2022,4680.0
2022-09-28 07:00:00,0.787,0.032,-0.755,-97.424379,26.557639,8778490,TCOON,IAN,2022,4740.0
2022-09-28 08:00:00,0.804,0.037,-0.767,-97.424379,26.557639,8778490,TCOON,IAN,2022,4800.0
2022-09-28 09:00:00,0.83,0.043,-0.7869999999999999,-97.424379,26.557639,8778490,TCOON,IAN,2022,4860.0
2022-09-28 10:00:00,0.82,0.047,-0.7729999999999999,-97.424379,26.557639,8778490,TCOON,IAN,2022,4920.0
2022-09-28 11:00:00,0.827,0.046,-0.7809999999999999,-97.424379,26.557639,8778490,TCOON,IAN,2022,4980.0
2022-09-28 12:00:00,0.846,0.041,-0.8049999999999999,-97.424379,26.557639,8778490,TCOON,IAN,2022,5040.0
2022-09-28 13:00:00,0.863,0.037,-0.826,-97.424379,26.557639,8778490,TCOON,IAN,2022,5100.0
2022-09-28 14:00:00,0.833,0.033,-0.7999999999999999,-97.424379,26.557639,8778490,TCOON,IAN,2022,5160.0
2022-09-28 15:00:00,0.837,0.029,-0.8079999999999999,-97.424379,26.557639,8778490,TCOON,IAN,2022,5220.0
2022-09-28 16:00:00,0.856,0.024,-0.832,-97.424379,26.557639,8778490,TCOON,IAN,2022,5280.0
2022-09-28 17:00:00,0.778,0.017,-0.761,-97.424379,26.557639,8778490,TCOON,IAN,2022,5340.0
2022-09-28 18:00:00,0.768,0.012,-0.756,-97.424379,26.557639,8778490,TCOON,IAN,2022,5400.0
2022-09-28 19:00:00,0.787,0.008,-0.779,-97.424379,26.557639,8778490,TCOON,IAN,2022,5460.0
2022-09-28 20:00:00,0.814,0.005,-0.8089999999999999,-97.424379,26.557639,8778490,TCOON,IAN,2022,5520.0
2022-09-28 21:00:00,0.856,0.004,-0.852,-97.424379,26.557639,8778490,TCOON,IAN,2022,5580.0
2022-09-28 22:00:00,0.83,0.011,-0.819,-97.424379,26.557639,8778490,TCOON,IAN,2022,5640.0
2022-09-28 23:00:00,0.846,0.012,-0.834,-97.424379,26.557639,8778490,TCOON,IAN,2022,5700.0
2022-09-29 00:00:00,0.863,0.011,-0.852,-97.424379,26.557639,8778490,TCOON,IAN,2022,5760.0
2022-09-29 01:00:00,0.86,0.01,-0.85,-97.424379,26.557639,8778490,TCOON,IAN,2022,5820.0
2022-09-29 02:00:00,0.869,0.009,-0.86,-97.424379,26.557639,8778490,TCOON,IAN,2022,5880.0
2022-09-29 03:00:00,0.899,0.009,-0.89,-97.424379,26.557639,8778490,TCOON,IAN,2022,5940.0
2022-09-29 04:00:00,0.899,0.009,-0.89,-97.424379,26.557639,8778490,TCOON,IAN,2022,6000.0
2022-09-29 05:00:00,0.919,0.01,-0.909,-97.424379,26.557639,8778490,TCOON,IAN,2022,6060.0
2022-09-29 06:00:00,0.896,0.014,-0.882,-97.424379,26.557639,8778490,TCOON,IAN,2022,6120.0
2022-09-29 07:00:00,0.902,0.021,-0.881,-97.424379,26.557639,8778490,TCOON,IAN,2022,6180.0
2022-09-29 08:00:00,0.902,0.029,-0.873,-97.424379,26.557639,8778490,TCOON,IAN,2022,6240.0
2022-09-29 09:00:00,0.942,0.035,-0.907,-97.424379,26.557639,8778490,TCOON,IAN,2022,6300.0
2022-09-29 10:00:00,0.974,0.041,-0.933,-97.424379,26.557639,8778490,TCOON,IAN,2022,6360.0
2022-09-29 11:00:00,0.968,0.046,-0.922,-97.424379,26.557639,8778490,TCOON,IAN,2022,6420.0
2022-09-29 12:00:00,0.968,0.047,-0.921,-97.424379,26.557639,8778490,TCOON,IAN,2022,6480.0
2022-09-29 13:00:00,0.961,0.043,-0.918,-97.424379,26.557639,8778490,TCOON,IAN,2022,6540.0
2022-09-29 14:00:00,0.945,0.043,-0.902,-97.424379,26.557639,8778490,TCOON,IAN,2022,6600.0
2022-09-29 15:00:00,0.925,0.042,-0.883,-97.424379,26.557639,8778490,TCOON,IAN,2022,6660.0
2022-09-29 16:00:00,0.922,0.041,-0.881,-97.424379,26.557639,8778490,TCOON,IAN,2022,6720.0
2022-09-29 17:00:00,0.883,0.038,-0.845,-97.424379,26.557639,8778490,TCOON,IAN,2022,6780.0
2022-09-29 18:00:00,0.896,0.034,-0.862,-97.424379,26.557639,8778490,TCOON,IAN,2022,6840.0
2022-09-29 19:00:00,0.876,0.03,-0.846,-97.424379,26.557639,8778490,TCOON,IAN,2022,6900.0
2022-09-29 20:00:00,0.846,0.025,-0.821,-97.424379,26.557639,8778490,TCOON,IAN,2022,6960.0
2022-09-29 21:00:00,0.843,0.022,-0.821,-97.424379,26.557639,8778490,TCOON,IAN,2022,7020.0
2022-09-29 22:00:00,0.876,0.022,-0.854,-97.424379,26.557639,8778490,TCOON,IAN,2022,7080.0
2022-09-29 23:00:00,0.883,0.028,-0.855,-97.424379,26.557639,8778490,TCOON,IAN,2022,7140.0
2022-09-30 00:00:00,0.899,0.028,-0.871,-97.424379,26.557639,8778490,TCOON,IAN,2022,7200.0
2022-09-30 01:00:00,0.906,0.027,-0.879,-97.424379,26.557639,8778490,TCOON,IAN,2022,7260.0
2022-09-30 02:00:00,0.889,0.026,-0.863,-97.424379,26.557639,8778490,TCOON,IAN,2022,7320.0
2022-09-30 03:00:00,0.912,0.025,-0.887,-97.424379,26.557639,8778490,TCOON,IAN,2022,7380.0
2022-09-30 04:00:00,0.961,0.025,-0.936,-97.424379,26.557639,8778490,TCOON,IAN,2022,7440.0
2022-09-30 05:00:00,0.961,0.025,-0.936,-97.424379,26.557639,8778490,TCOON,IAN,2022,7500.0
2022-09-30 06:00:00,0.968,0.027,-0.941,-97.424379,26.557639,8778490,TCOON,IAN,2022,7560.0
2022-09-30 07:00:00,0.988,0.032,-0.956,-97.424379,26.557639,8778490,TCOON,IAN,2022,7620.0
2022-09-30 08:00:00,1.001,0.04,-0.961,-97.424379,26.557639,8778490,TCOON,IAN,2022,7680.0
2022-09-30 09:00:00,1.004,0.047,-0.957,-97.424379,26.557639,8778490,TCOON,IAN,2022,7740.0
2022-09-30 10:00:00,1.017,0.053,-0.964,-97.424379,26.557639,8778490,TCOON,IAN,2022,7800.0
2022-09-30 11:00:00,1.033,0.058,-0.975,-97.424379,26.557639,8778490,TCOON,IAN,2022,7860.0
2022-09-30 12:00:00,1.043,0.061,-0.982,-97.424379,26.557639,8778490,TCOON,IAN,2022,7920.0
2022-09-30 13:00:00,1.04,0.058,-0.982,-97.424379,26.557639,8778490,TCOON,IAN,2022,7980.0
2022-09-30 14:00:00,1.007,0.057,-0.9499999999999998,-97.424379,26.557639,8778490,TCOON,IAN,2022,8040.0
2022-09-30 15:00:00,0.994,0.058,-0.936,-97.424379,26.557639,8778490,TCOON,IAN,2022,8100.0
2022-09-30 16:00:00,1.004,0.057,-0.947,-97.424379,26.557639,8778490,TCOON,IAN,2022,8160.0
2022-09-30 17:00:00,1.001,0.055,-0.9459999999999998,-97.424379,26.557639,8778490,TCOON,IAN,2022,8220.0
2022-09-30 18:00:00,0.978,0.052,-0.926,-97.424379,26.557639,8778490,TCOON,IAN,2022,8280.0
2022-09-30 19:00:00,0.955,0.048,-0.907,-97.424379,26.557639,8778490,TCOON,IAN,2022,8340.0
2022-09-30 20:00:00,0.948,0.043,-0.905,-97.424379,26.557639,8778490,TCOON,IAN,2022,8400.0
2022-09-30 21:00:00,0.965,0.038,-0.927,-97.424379,26.557639,8778490,TCOON,IAN,2022,8460.0
2022-09-30 22:00:00,0.945,0.033,-0.912,-97.424379,26.557639,8778490,TCOON,IAN,2022,8520.0
2022-09-30 23:00:00,0.971,0.03,-0.941,-97.424379,26.557639,8778490,TCOON,IAN,2022,8580.0
2022-10-01 00:00:00,1.001,0.034,-0.967,-97.424379,26.557639,8778490,TCOON,IAN,2022,8640.0
2022-10-01 01:00:00,1.03,0.037,-0.993,-97.424379,26.557639,8778490,TCOON,IAN,2022,8700.0
2022-10-01 02:00:00,1.05,0.035,-1.015,-97.424379,26.557639,8778490,TCOON,IAN,2022,8760.0
2022-10-01 03:00:00,1.05,0.035,-1.015,-97.424379,26.557639,8778490,TCOON,IAN,2022,8820.0
2022-10-01 04:00:00,1.063,0.034,-1.029,-97.424379,26.557639,8778490,TCOON,IAN,2022,8880.0
2022-10-01 05:00:00,1.076,0.035,-1.041,-97.424379,26.557639,8778490,TCOON,IAN,2022,8940.0
2022-10-01 06:00:00,1.089,0.035,-1.054,-97.424379,26.557639,8778490,TCOON,IAN,2022,9000.0
2022-10-01 07:00:00,1.099,0.035,-1.064,-97.424379,26.557639,8778490,TCOON,IAN,2022,9060.0
2022-10-01 08:00:00,1.119,0.039,-1.08,-97.424379,26.557639,8778490,TCOON,IAN,2022,9120.0
2022-10-01 09:00:00,1.129,0.046,-1.083,-97.424379,26.557639,8778490,TCOON,IAN,2022,9180.0
2022-10-01 10:00:00,1.109,0.053,-1.056,-97.424379,26.557639,8778490,TCOON,IAN,2022,9240.0
2022-10-01 11:00:00,1.132,0.058,-1.0739999999999998,-97.424379,26.557639,8778490,TCOON,IAN,2022,9300.0
2022-10-01 12:00:00,1.132,0.062,-1.0699999999999998,-97.424379,26.557639,8778490,TCOON,IAN,2022,9360.0
2022-10-01 13:00:00,1.119,0.06,-1.059,-97.424379,26.557639,8778490,TCOON,IAN,2022,9420.0
2022-10-01 14:00:00,1.093,0.059,-1.034,-97.424379,26.557639,8778490,TCOON,IAN,2022,9480.0
2022-10-01 15:00:00,1.102,0.061,-1.041,-97.424379,26.557639,8778490,TCOON,IAN,2022,9540.0
2022-10-01 16:00:00,1.089,0.06,-1.029,-97.424379,26.557639,8778490,TCOON,IAN,2022,9600.0
2022-10-01 17:00:00,1.093,0.06,-1.033,-97.424379,26.557639,8778490,TCOON,IAN,2022,9660.0
2022-10-01 18:00:00,1.04,0.058,-0.982,-97.424379,26.557639,8778490,TCOON,IAN,2022,9720.0
2022-10-01 19:00:00,1.033,0.055,-0.978,-97.424379,26.557639,8778490,TCOON,IAN,2022,9780.0
2022-10-01 20:00:00,1.024,0.051,-0.973,-97.424379,26.557639,8778490,TCOON,IAN,2022,9840.0
2022-10-01 21:00:00,1.027,0.045,-0.982,-97.424379,26.557639,8778490,TCOON,IAN,2022,9900.0
2022-10-01 22:00:00,0.997,0.039,-0.958,-97.424379,26.557639,8778490,TCOON,IAN,2022,9960.0
2022-10-01 23:00:00,1.014,0.034,-0.98,-97.424379,26.557639,8778490,TCOON,IAN,2022,10020.0
2022-09-25 01:00:00,1.079,0.066,-1.013,-97.285278,26.2625,8779280,TCOON,IAN,2022,60.0
2022-09-25 02:00:00,1.02,0.029,-0.991,-97.285278,26.2625,8779280,TCOON,IAN,2022,120.0
2022-09-25 03:00:00,0.965,-0.008,-0.973,-97.285278,26.2625,8779280,TCOON,IAN,2022,180.0
2022-09-25 04:00:00,0.892,-0.044,-0.936,-97.285278,26.2625,8779280,TCOON,IAN,2022,240.0
2022-09-25 05:00:00,0.846,-0.076,-0.922,-97.285278,26.2625,8779280,TCOON,IAN,2022,300.0
2022-09-25 06:00:00,0.83,-0.1,-0.93,-97.285278,26.2625,8779280,TCOON,IAN,2022,360.0
2022-09-25 07:00:00,0.807,-0.113,-0.92,-97.285278,26.2625,8779280,TCOON,IAN,2022,420.0
2022-09-25 08:00:00,0.833,-0.1,-0.933,-97.285278,26.2625,8779280,TCOON,IAN,2022,480.0
2022-09-25 09:00:00,0.879,-0.046,-0.925,-97.285278,26.2625,8779280,TCOON,IAN,2022,540.0
2022-09-25 10:00:00,0.915,-0.003,-0.918,-97.285278,26.2625,8779280,TCOON,IAN,2022,600.0
2022-09-25 11:00:00,0.981,0.031,-0.95,-97.285278,26.2625,8779280,TCOON,IAN,2022,660.0
2022-09-25 12:00:00,1.04,0.059,-0.981,-97.285278,26.2625,8779280,TCOON,IAN,2022,720.0
2022-09-25 13:00:00,1.053,0.076,-0.977,-97.285278,26.2625,8779280,TCOON,IAN,2022,780.0
2022-09-25 14:00:00,1.02,0.077,-0.943,-97.285278,26.2625,8779280,TCOON,IAN,2022,840.0
2022-09-25 15:00:00,0.988,0.054,-0.934,-97.285278,26.2625,8779280,TCOON,IAN,2022,900.0
2022-09-25 16:00:00,0.932,0.029,-0.903,-97.285278,26.2625,8779280,TCOON,IAN,2022,960.0
2022-09-25 17:00:00,0.889,0.01,-0.879,-97.285278,26.2625,8779280,TCOON,IAN,2022,1020.0
2022-09-25 18:00:00,0.83,0.004,-0.826,-97.285278,26.2625,8779280,TCOON,IAN,2022,1080.0
2022-09-25 19:00:00,0.814,0.028,-0.7859999999999999,-97.285278,26.2625,8779280,TCOON,IAN,2022,1140.0
2022-09-25 20:00:00,0.827,0.062,-0.7649999999999999,-97.285278,26.2625,8779280,TCOON,IAN,2022,1200.0
2022-09-25 21:00:00,0.879,0.097,-0.782,-97.285278,26.2625,8779280,TCOON,IAN,2022,1260.0
2022-09-25 22:00:00,0.935,0.13,-0.805,-97.285278,26.2625,8779280,TCOON,IAN,2022,1320.0
2022-09-25 23:00:00,0.981,0.156,-0.825,-97.285278,26.2625,8779280,TCOON,IAN,2022,1380.0
2022-09-26 00:00:00,1.007,0.169,-0.8379999999999999,-97.285278,26.2625,8779280,TCOON,IAN,2022,1440.0
2022-09-26 01:00:00,1.001,0.154,-0.8469999999999999,-97.285278,26.2625,8779280,TCOON,IAN,2022,1500.0
2022-09-26 02:00:00,0.951,0.104,-0.847,-97.285278,26.2625,8779280,TCOON,IAN,2022,1560.0
2022-09-26 03:00:00,0.876,0.066,-0.81,-97.285278,26.2625,8779280,TCOON,IAN,2022,1620.0
2022-09-26 04:00:00,0.833,0.029,-0.8039999999999999,-97.285278,26.2625,8779280,TCOON,IAN,2022,1680.0
2022-09-26 05:00:00,0.784,-0.005,-0.789,-97.285278,26.2625,8779280,TCOON,IAN,2022,1740.0
2022-09-26 06:00:00,0.728,-0.035,-0.763,-97.285278,26.2625,8779280,TCOON,IAN,2022,1800.0
2022-09-26 07:00:00,0.728,-0.057,-0.785,-97.285278,26.2625,8779280,TCOON,IAN,2022,1860.0
2022-09-26 08:00:00,0.768,-0.063,-0.831,-97.285278,26.2625,8779280,TCOON,IAN,2022,1920.0
2022-09-26 09:00:00,0.833,-0.038,-0.871,-97.285278,26.2625,8779280,TCOON,IAN,2022,1980.0
2022-09-26 10:00:00,0.902,0.003,-0.899,-97.285278,26.2625,8779280,TCOON,IAN,2022,2040.0
2022-09-26 11:00:00,0.955,0.031,-0.924,-97.285278,26.2625,8779280,TCOON,IAN,2022,2100.0
2022-09-26 12:00:00,0.997,0.05,-0.947,-97.285278,26.2625,8779280,TCOON,IAN,2022,2160.0
2022-09-26 13:00:00,1.007,0.049,-0.958,-97.285278,26.2625,8779280,TCOON,IAN,2022,2220.0
2022-09-26 14:00:00,0.984,0.022,-0.962,-97.285278,26.2625,8779280,TCOON,IAN,2022,2280.0
2022-09-26 15:00:00,0.951,-0.004,-0.955,-97.285278,26.2625,8779280,TCOON,IAN,2022,2340.0
2022-09-26 16:00:00,0.879,-0.031,-0.91,-97.285278,26.2625,8779280,TCOON,IAN,2022,2400.0
2022-09-26 17:00:00,0.85,-0.055,-0.905,-97.285278,26.2625,8779280,TCOON,IAN,2022,2460.0
2022-09-26 18:00:00,0.863,-0.071,-0.934,-97.285278,26.2625,8779280,TCOON,IAN,2022,2520.0
2022-09-26 19:00:00,0.843,-0.071,-0.914,-97.285278,26.2625,8779280,TCOON,IAN,2022,2580.0
2022-09-26 20:00:00,0.817,-0.031,-0.848,-97.285278,26.2625,8779280,TCOON,IAN,2022,2640.0
2022-09-26 21:00:00,0.912,0.013,-0.899,-97.285278,26.2625,8779280,TCOON,IAN,2022,2700.0
2022-09-26 22:00:00,0.991,0.054,-0.937,-97.285278,26.2625,8779280,TCOON,IAN,2022,2760.0
2022-09-26 23:00:00,1.086,0.095,-0.991,-97.285278,26.2625,8779280,TCOON,IAN,2022,2820.0
2022-09-27 00:00:00,1.138,0.131,-1.007,-97.285278,26.2625,8779280,TCOON,IAN,2022,2880.0
2022-09-27 01:00:00,1.168,0.155,-1.013,-97.285278,26.2625,8779280,TCOON,IAN,2022,2940.0
2022-09-27 02:00:00,1.178,0.163,-1.015,-97.285278,26.2625,8779280,TCOON,IAN,2022,3000.0
2022-09-27 03:00:00,1.089,0.144,-0.945,-97.285278,26.2625,8779280,TCOON,IAN,2022,3060.0
2022-09-27 04:00:00,0.988,0.098,-0.89,-97.285278,26.2625,8779280,TCOON,IAN,2022,3120.0
2022-09-27 05:00:00,0.922,0.064,-0.8580000000000001,-97.285278,26.2625,8779280,TCOON,IAN,2022,3180.0
2022-09-27 06:00:00,0.866,0.034,-0.832,-97.285278,26.2625,8779280,TCOON,IAN,2022,3240.0
2022-09-27 07:00:00,0.817,0.011,-0.8059999999999999,-97.285278,26.2625,8779280,TCOON,IAN,2022,3300.0
2022-09-27 08:00:00,0.778,-0.004,-0.782,-97.285278,26.2625,8779280,TCOON,IAN,2022,3360.0
2022-09-27 09:00:00,0.748,-0.004,-0.752,-97.285278,26.2625,8779280,TCOON,IAN,2022,3420.0
2022-09-27 10:00:00,0.741,0.015,-0.726,-97.285278,26.2625,8779280,TCOON,IAN,2022,3480.0
2022-09-27 11:00:00,0.82,0.03,-0.7899999999999999,-97.285278,26.2625,8779280,TCOON,IAN,2022,3540.0
2022-09-27 12:00:00,0.81,0.029,-0.781,-97.285278,26.2625,8779280,TCOON,IAN,2022,3600.0
2022-09-27 13:00:00,0.791,0.0,-0.791,-97.285278,26.2625,8779280,TCOON,IAN,2022,3660.0
2022-09-27 14:00:00,0.764,-0.03,-0.794,-97.285278,26.2625,8779280,TCOON,IAN,2022,3720.0
2022-09-27 15:00:00,0.748,-0.062,-0.81,-97.285278,26.2625,8779280,TCOON,IAN,2022,3780.0
2022-09-27 16:00:00,0.715,-0.094,-0.8089999999999999,-97.285278,26.2625,8779280,TCOON,IAN,2022,3840.0
2022-09-27 17:00:00,0.63,-0.124,-0.754,-97.285278,26.2625,8779280,TCOON,IAN,2022,3900.0
2022-09-27 18:00:00,0.64,-0.151,-0.791,-97.285278,26.2625,8779280,TCOON,IAN,2022,3960.0
2022-09-27 19:00:00,0.646,-0.17,-0.8160000000000001,-97.285278,26.2625,8779280,TCOON,IAN,2022,4020.0
2022-09-27 20:00:00,0.663,-0.167,-0.8300000000000001,-97.285278,26.2625,8779280,TCOON,IAN,2022,4080.0
2022-09-27 21:00:00,0.735,-0.111,-0.846,-97.285278,26.2625,8779280,TCOON,IAN,2022,4140.0
2022-09-27 22:00:00,0.791,-0.054,-0.8450000000000001,-97.285278,26.2625,8779280,TCOON,IAN,2022,4200.0
2022-09-27 23:00:00,0.869,-0.003,-0.872,-97.285278,26.2625,8779280,TCOON,IAN,2022,4260.0
2022-09-28 00:00:00,0.971,0.049,-0.922,-97.285278,26.2625,8779280,TCOON,IAN,2022,4320.0
2022-09-28 01:00:00,1.043,0.098,-0.945,-97.285278,26.2625,8779280,TCOON,IAN,2022,4380.0
2022-09-28 02:00:00,1.109,0.139,-0.97,-97.285278,26.2625,8779280,TCOON,IAN,2022,4440.0
2022-09-28 03:00:00,1.152,0.168,-0.984,-97.285278,26.2625,8779280,TCOON,IAN,2022,4500.0
2022-09-28 04:00:00,1.171,0.184,-0.987,-97.285278,26.2625,8779280,TCOON,IAN,2022,4560.0
2022-09-28 05:00:00,1.175,0.183,-0.992,-97.285278,26.2625,8779280,TCOON,IAN,2022,4620.0
2022-09-28 06:00:00,1.175,0.155,-1.02,-97.285278,26.2625,8779280,TCOON,IAN,2022,4680.0
2022-09-28 07:00:00,1.181,0.122,-1.0590000000000002,-97.285278,26.2625,8779280,TCOON,IAN,2022,4740.0
2022-09-28 08:00:00,1.184,0.101,-1.083,-97.285278,26.2625,8779280,TCOON,IAN,2022,4800.0
2022-09-28 09:00:00,1.188,0.084,-1.104,-97.285278,26.2625,8779280,TCOON,IAN,2022,4860.0
2022-09-28 10:00:00,1.207,0.073,-1.134,-97.285278,26.2625,8779280,TCOON,IAN,2022,4920.0
2022-09-28 11:00:00,1.23,0.059,-1.171,-97.285278,26.2625,8779280,TCOON,IAN,2022,4980.0
2022-09-28 12:00:00,1.234,0.036,-1.198,-97.285278,26.2625,8779280,TCOON,IAN,2022,5040.0
2022-09-28 13:00:00,1.201,0.007,-1.1940000000000002,-97.285278,26.2625,8779280,TCOON,IAN,2022,5100.0
2022-09-28 14:00:00,1.171,-0.027,-1.198,-97.285278,26.2625,8779280,TCOON,IAN,2022,5160.0
2022-09-28 15:00:00,1.109,-0.064,-1.173,-97.285278,26.2625,8779280,TCOON,IAN,2022,5220.0
2022-09-28 16:00:00,1.024,-0.101,-1.125,-97.285278,26.2625,8779280,TCOON,IAN,2022,5280.0
2022-09-28 17:00:00,0.945,-0.137,-1.082,-97.285278,26.2625,8779280,TCOON,IAN,2022,5340.0
2022-09-28 18:00:00,0.889,-0.171,-1.06,-97.285278,26.2625,8779280,TCOON,IAN,2022,5400.0
2022-09-28 19:00:00,0.823,-0.202,-1.025,-97.285278,26.2625,8779280,TCOON,IAN,2022,5460.0
2022-09-28 20:00:00,0.794,-0.225,-1.019,-97.285278,26.2625,8779280,TCOON,IAN,2022,5520.0
2022-09-28 21:00:00,0.81,-0.231,-1.041,-97.285278,26.2625,8779280,TCOON,IAN,2022,5580.0
2022-09-28 22:00:00,0.843,-0.181,-1.024,-97.285278,26.2625,8779280,TCOON,IAN,2022,5640.0
2022-09-28 23:00:00,0.928,-0.114,-1.042,-97.285278,26.2625,8779280,TCOON,IAN,2022,5700.0
2022-09-29 00:00:00,1.03,-0.06,-1.09,-97.285278,26.2625,8779280,TCOON,IAN,2022,5760.0
2022-09-29 01:00:00,1.132,-0.005,-1.1369999999999998,-97.285278,26.2625,8779280,TCOON,IAN,2022,5820.0
2022-09-29 02:00:00,1.22,0.049,-1.171,-97.285278,26.2625,8779280,TCOON,IAN,2022,5880.0
2022-09-29 03:00:00,1.293,0.1,-1.1929999999999998,-97.285278,26.2625,8779280,TCOON,IAN,2022,5940.0
2022-09-29 04:00:00,1.342,0.144,-1.1980000000000002,-97.285278,26.2625,8779280,TCOON,IAN,2022,6000.0
2022-09-29 05:00:00,1.388,0.181,-1.207,-97.285278,26.2625,8779280,TCOON,IAN,2022,6060.0
2022-09-29 06:00:00,1.421,0.206,-1.215,-97.285278,26.2625,8779280,TCOON,IAN,2022,6120.0
2022-09-29 07:00:00,1.424,0.218,-1.206,-97.285278,26.2625,8779280,TCOON,IAN,2022,6180.0
2022-09-29 08:00:00,1.43,0.225,-1.2049999999999998,-97.285278,26.2625,8779280,TCOON,IAN,2022,6240.0
2022-09-29 09:00:00,1.424,0.224,-1.2,-97.285278,26.2625,8779280,TCOON,IAN,2022,6300.0
2022-09-29 10:00:00,1.407,0.216,-1.191,-97.285278,26.2625,8779280,TCOON,IAN,2022,6360.0
2022-09-29 11:00:00,1.385,0.201,-1.184,-97.285278,26.2625,8779280,TCOON,IAN,2022,6420.0
2022-09-29 12:00:00,1.368,0.163,-1.205,-97.285278,26.2625,8779280,TCOON,IAN,2022,6480.0
2022-09-29 13:00:00,1.283,0.12,-1.1629999999999998,-97.285278,26.2625,8779280,TCOON,IAN,2022,6540.0
2022-09-29 14:00:00,1.198,0.078,-1.12,-97.285278,26.2625,8779280,TCOON,IAN,2022,6600.0
2022-09-29 15:00:00,1.135,0.033,-1.102,-97.285278,26.2625,8779280,TCOON,IAN,2022,6660.0
2022-09-29 16:00:00,1.043,-0.013,-1.0559999999999998,-97.285278,26.2625,8779280,TCOON,IAN,2022,6720.0
2022-09-29 17:00:00,0.961,-0.057,-1.018,-97.285278,26.2625,8779280,TCOON,IAN,2022,6780.0
2022-09-29 18:00:00,0.902,-0.099,-1.001,-97.285278,26.2625,8779280,TCOON,IAN,2022,6840.0
2022-09-29 19:00:00,0.863,-0.137,-1.0,-97.285278,26.2625,8779280,TCOON,IAN,2022,6900.0
2022-09-29 20:00:00,0.804,-0.171,-0.975,-97.285278,26.2625,8779280,TCOON,IAN,2022,6960.0
2022-09-29 21:00:00,0.764,-0.196,-0.96,-97.285278,26.2625,8779280,TCOON,IAN,2022,7020.0
2022-09-29 22:00:00,0.768,-0.205,-0.973,-97.285278,26.2625,8779280,TCOON,IAN,2022,7080.0
2022-09-29 23:00:00,0.833,-0.16,-0.993,-97.285278,26.2625,8779280,TCOON,IAN,2022,7140.0
2022-09-30 00:00:00,0.932,-0.092,-1.024,-97.285278,26.2625,8779280,TCOON,IAN,2022,7200.0
2022-09-30 01:00:00,1.053,-0.037,-1.09,-97.285278,26.2625,8779280,TCOON,IAN,2022,7260.0
2022-09-30 02:00:00,1.184,0.019,-1.165,-97.285278,26.2625,8779280,TCOON,IAN,2022,7320.0
2022-09-30 03:00:00,1.302,0.075,-1.227,-97.285278,26.2625,8779280,TCOON,IAN,2022,7380.0
2022-09-30 04:00:00,1.394,0.127,-1.267,-97.285278,26.2625,8779280,TCOON,IAN,2022,7440.0
2022-09-30 05:00:00,1.496,0.174,-1.322,-97.285278,26.2625,8779280,TCOON,IAN,2022,7500.0
2022-09-30 06:00:00,1.549,0.215,-1.334,-97.285278,26.2625,8779280,TCOON,IAN,2022,7560.0
2022-09-30 07:00:00,1.608,0.247,-1.3610000000000002,-97.285278,26.2625,8779280,TCOON,IAN,2022,7620.0
2022-09-30 08:00:00,1.667,0.268,-1.399,-97.285278,26.2625,8779280,TCOON,IAN,2022,7680.0
2022-09-30 09:00:00,1.703,0.283,-1.4200000000000002,-97.285278,26.2625,8779280,TCOON,IAN,2022,7740.0
2022-09-30 10:00:00,1.742,0.288,-1.454,-97.285278,26.2625,8779280,TCOON,IAN,2022,7800.0
2022-09-30 11:00:00,1.693,0.273,-1.42,-97.285278,26.2625,8779280,TCOON,IAN,2022,7860.0
2022-09-30 12:00:00,1.677,0.229,-1.448,-97.285278,26.2625,8779280,TCOON,IAN,2022,7920.0
2022-09-30 13:00:00,1.591,0.181,-1.41,-97.285278,26.2625,8779280,TCOON,IAN,2022,7980.0
2022-09-30 14:00:00,1.519,0.137,-1.382,-97.285278,26.2625,8779280,TCOON,IAN,2022,8040.0
2022-09-30 15:00:00,1.434,0.09,-1.344,-97.285278,26.2625,8779280,TCOON,IAN,2022,8100.0
2022-09-30 16:00:00,1.368,0.042,-1.326,-97.285278,26.2625,8779280,TCOON,IAN,2022,8160.0
2022-09-30 17:00:00,1.28,-0.006,-1.286,-97.285278,26.2625,8779280,TCOON,IAN,2022,8220.0
2022-09-30 18:00:00,1.191,-0.053,-1.244,-97.285278,26.2625,8779280,TCOON,IAN,2022,8280.0
2022-09-30 19:00:00,1.115,-0.097,-1.212,-97.285278,26.2625,8779280,TCOON,IAN,2022,8340.0
2022-09-30 20:00:00,1.047,-0.138,-1.185,-97.285278,26.2625,8779280,TCOON,IAN,2022,8400.0
2022-09-30 21:00:00,0.991,-0.174,-1.165,-97.285278,26.2625,8779280,TCOON,IAN,2022,8460.0
2022-09-30 22:00:00,0.955,-0.204,-1.159,-97.285278,26.2625,8779280,TCOON,IAN,2022,8520.0
2022-09-30 23:00:00,0.951,-0.221,-1.172,-97.285278,26.2625,8779280,TCOON,IAN,2022,8580.0
2022-10-01 00:00:00,1.047,-0.196,-1.243,-97.285278,26.2625,8779280,TCOON,IAN,2022,8640.0
2022-10-01 01:00:00,1.135,-0.125,-1.26,-97.285278,26.2625,8779280,TCOON,IAN,2022,8700.0
2022-10-01 02:00:00,1.23,-0.061,-1.291,-97.285278,26.2625,8779280,TCOON,IAN,2022,8760.0
2022-10-01 03:00:00,1.332,-0.002,-1.334,-97.285278,26.2625,8779280,TCOON,IAN,2022,8820.0
2022-10-01 04:00:00,1.427,0.059,-1.368,-97.285278,26.2625,8779280,TCOON,IAN,2022,8880.0
2022-10-01 05:00:00,1.512,0.118,-1.394,-97.285278,26.2625,8779280,TCOON,IAN,2022,8940.0
2022-10-01 06:00:00,1.591,0.174,-1.417,-97.285278,26.2625,8779280,TCOON,IAN,2022,9000.0
2022-10-01 07:00:00,1.65,0.225,-1.4249999999999998,-97.285278,26.2625,8779280,TCOON,IAN,2022,9060.0
2022-10-01 08:00:00,1.709,0.268,-1.441,-97.285278,26.2625,8779280,TCOON,IAN,2022,9120.0
2022-10-01 09:00:00,1.732,0.3,-1.432,-97.285278,26.2625,8779280,TCOON,IAN,2022,9180.0
2022-10-01 10:00:00,1.739,0.321,-1.418,-97.285278,26.2625,8779280,TCOON,IAN,2022,9240.0
2022-10-01 11:00:00,1.726,0.326,-1.4,-97.285278,26.2625,8779280,TCOON,IAN,2022,9300.0
2022-10-01 12:00:00,1.67,0.299,-1.371,-97.285278,26.2625,8779280,TCOON,IAN,2022,9360.0
2022-10-01 13:00:00,1.585,0.239,-1.346,-97.285278,26.2625,8779280,TCOON,IAN,2022,9420.0
2022-10-01 14:00:00,1.49,0.188,-1.302,-97.285278,26.2625,8779280,TCOON,IAN,2022,9480.0
2022-10-01 15:00:00,1.404,0.14,-1.2639999999999998,-97.285278,26.2625,8779280,TCOON,IAN,2022,9540.0
2022-10-01 16:00:00,1.352,0.09,-1.262,-97.285278,26.2625,8779280,TCOON,IAN,2022,9600.0
2022-10-01 17:00:00,1.276,0.038,-1.238,-97.285278,26.2625,8779280,TCOON,IAN,2022,9660.0
2022-10-01 18:00:00,1.178,-0.012,-1.19,-97.285278,26.2625,8779280,TCOON,IAN,2022,9720.0
2022-10-01 19:00:00,1.106,-0.061,-1.167,-97.285278,26.2625,8779280,TCOON,IAN,2022,9780.0
2022-10-01 20:00:00,1.027,-0.107,-1.134,-97.285278,26.2625,8779280,TCOON,IAN,2022,9840.0
2022-10-01 21:00:00,0.942,-0.15,-1.092,-97.285278,26.2625,8779280,TCOON,IAN,2022,9900.0
2022-10-01 22:00:00,0.876,-0.189,-1.065,-97.285278,26.2625,8779280,TCOON,IAN,2022,9960.0
2022-10-01 23:00:00,0.823,-0.223,-1.046,-97.285278,26.2625,8779280,TCOON,IAN,2022,10020.0
2022-09-25 01:00:00,0.335,-0.477,-0.812,-97.154722,26.0675,8779749,TCOON,IAN,2022,60.0
2022-09-25 02:00:00,0.282,-0.543,-0.825,-97.154722,26.0675,8779749,TCOON,IAN,2022,120.0
2022-09-25 03:00:00,0.39,-0.519,-0.909,-97.154722,26.0675,8779749,TCOON,IAN,2022,180.0
2022-09-25 04:00:00,0.449,-0.42,-0.869,-97.154722,26.0675,8779749,TCOON,IAN,2022,240.0
2022-09-25 05:00:00,0.61,-0.258,-0.868,-97.154722,26.0675,8779749,TCOON,IAN,2022,300.0
2022-09-25 06:00:00,0.784,-0.078,-0.862,-97.154722,26.0675,8779749,TCOON,IAN,2022,360.0
2022-09-25 07:00:00,0.938,0.09,-0.848,-97.154722,26.0675,8779749,TCOON,IAN,2022,420.0
2022-09-25 08:00:00,1.024,0.209,-0.8150000000000001,-97.154722,26.0675,8779749,TCOON,IAN,2022,480.0
2022-09-25 09:00:00,1.043,0.256,-0.7869999999999999,-97.154722,26.0675,8779749,TCOON,IAN,2022,540.0
2022-09-25 10:00:00,1.06,0.231,-0.8290000000000001,-97.154722,26.0675,8779749,TCOON,IAN,2022,600.0
2022-09-25 11:00:00,0.955,0.163,-0.7919999999999999,-97.154722,26.0675,8779749,TCOON,IAN,2022,660.0
2022-09-25 12:00:00,0.879,0.078,-0.801,-97.154722,26.0675,8779749,TCOON,IAN,2022,720.0
2022-09-25 13:00:00,0.741,-0.002,-0.743,-97.154722,26.0675,8779749,TCOON,IAN,2022,780.0
2022-09-25 14:00:00,0.643,-0.069,-0.712,-97.154722,26.0675,8779749,TCOON,IAN,2022,840.0
2022-09-25 15:00:00,0.679,-0.072,-0.751,-97.154722,26.0675,8779749,TCOON,IAN,2022,900.0
2022-09-25 16:00:00,0.728,-0.01,-0.738,-97.154722,26.0675,8779749,TCOON,IAN,2022,960.0
2022-09-25 17:00:00,0.764,0.092,-0.672,-97.154722,26.0675,8779749,TCOON,IAN,2022,1020.0
2022-09-25 18:00:00,0.896,0.208,-0.6880000000000001,-97.154722,26.0675,8779749,TCOON,IAN,2022,1080.0
2022-09-25 19:00:00,1.024,0.332,-0.692,-97.154722,26.0675,8779749,TCOON,IAN,2022,1140.0
2022-09-25 20:00:00,0.984,0.39,-0.594,-97.154722,26.0675,8779749,TCOON,IAN,2022,1200.0
2022-09-25 21:00:00,1.014,0.37,-0.644,-97.154722,26.0675,8779749,TCOON,IAN,2022,1260.0
2022-09-25 22:00:00,0.974,0.274,-0.7,-97.154722,26.0675,8779749,TCOON,IAN,2022,1320.0
2022-09-25 23:00:00,0.85,0.128,-0.722,-97.154722,26.0675,8779749,TCOON,IAN,2022,1380.0
2022-09-26 00:00:00,0.643,-0.036,-0.679,-97.154722,26.0675,8779749,TCOON,IAN,2022,1440.0
2022-09-26 01:00:00,0.545,-0.197,-0.742,-97.154722,26.0675,8779749,TCOON,IAN,2022,1500.0
2022-09-26 02:00:00,0.486,-0.329,-0.815,-97.154722,26.0675,8779749,TCOON,IAN,2022,1560.0
2022-09-26 03:00:00,0.522,-0.376,-0.898,-97.154722,26.0675,8779749,TCOON,IAN,2022,1620.0
2022-09-26 04:00:00,0.561,-0.361,-0.922,-97.154722,26.0675,8779749,TCOON,IAN,2022,1680.0
2022-09-26 05:00:00,0.699,-0.265,-0.964,-97.154722,26.0675,8779749,TCOON,IAN,2022,1740.0
2022-09-26 06:00:00,0.876,-0.126,-1.002,-97.154722,26.0675,8779749,TCOON,IAN,2022,1800.0
2022-09-26 07:00:00,1.05,0.013,-1.037,-97.154722,26.0675,8779749,TCOON,IAN,2022,1860.0
2022-09-26 08:00:00,1.135,0.105,-1.03,-97.154722,26.0675,8779749,TCOON,IAN,2022,1920.0
2022-09-26 09:00:00,1.171,0.156,-1.015,-97.154722,26.0675,8779749,TCOON,IAN,2022,1980.0
2022-09-26 10:00:00,1.26,0.122,-1.138,-97.154722,26.0675,8779749,TCOON,IAN,2022,2040.0
2022-09-26 11:00:00,1.132,0.03,-1.102,-97.154722,26.0675,8779749,TCOON,IAN,2022,2100.0
2022-09-26 12:00:00,1.112,-0.072,-1.1840000000000002,-97.154722,26.0675,8779749,TCOON,IAN,2022,2160.0
2022-09-26 13:00:00,1.155,-0.162,-1.317,-97.154722,26.0675,8779749,TCOON,IAN,2022,2220.0
2022-09-26 14:00:00,0.902,-0.245,-1.147,-97.154722,26.0675,8779749,TCOON,IAN,2022,2280.0
2022-09-26 15:00:00,0.974,-0.266,-1.24,-97.154722,26.0675,8779749,TCOON,IAN,2022,2340.0
2022-09-26 16:00:00,0.86,-0.208,-1.068,-97.154722,26.0675,8779749,TCOON,IAN,2022,2400.0
2022-09-26 17:00:00,1.063,-0.086,-1.149,-97.154722,26.0675,8779749,TCOON,IAN,2022,2460.0
2022-09-26 18:00:00,1.181,0.062,-1.119,-97.154722,26.0675,8779749,TCOON,IAN,2022,2520.0
2022-09-26 19:00:00,1.339,0.239,-1.1,-97.154722,26.0675,8779749,TCOON,IAN,2022,2580.0
2022-09-26 20:00:00,1.427,0.38,-1.0470000000000002,-97.154722,26.0675,8779749,TCOON,IAN,2022,2640.0
2022-09-26 21:00:00,1.529,0.456,-1.073,-97.154722,26.0675,8779749,TCOON,IAN,2022,2700.0
2022-09-26 22:00:00,1.352,0.451,-0.901,-97.154722,26.0675,8779749,TCOON,IAN,2022,2760.0
2022-09-26 23:00:00,1.342,0.367,-0.975,-97.154722,26.0675,8779749,TCOON,IAN,2022,2820.0
2022-09-27 00:00:00,1.194,0.243,-0.951,-97.154722,26.0675,8779749,TCOON,IAN,2022,2880.0
2022-09-27 01:00:00,1.014,0.117,-0.897,-97.154722,26.0675,8779749,TCOON,IAN,2022,2940.0
2022-09-27 02:00:00,0.856,-0.015,-0.871,-97.154722,26.0675,8779749,TCOON,IAN,2022,3000.0
2022-09-27 03:00:00,0.823,-0.124,-0.947,-97.154722,26.0675,8779749,TCOON,IAN,2022,3060.0
2022-09-27 04:00:00,0.64,-0.166,-0.806,-97.154722,26.0675,8779749,TCOON,IAN,2022,3120.0
2022-09-27 05:00:00,0.778,-0.149,-0.927,-97.154722,26.0675,8779749,TCOON,IAN,2022,3180.0
2022-09-27 06:00:00,0.84,-0.084,-0.924,-97.154722,26.0675,8779749,TCOON,IAN,2022,3240.0
2022-09-27 07:00:00,0.892,-0.005,-0.897,-97.154722,26.0675,8779749,TCOON,IAN,2022,3300.0
2022-09-27 08:00:00,0.971,0.048,-0.923,-97.154722,26.0675,8779749,TCOON,IAN,2022,3360.0
2022-09-27 09:00:00,1.056,0.053,-1.003,-97.154722,26.0675,8779749,TCOON,IAN,2022,3420.0
2022-09-27 10:00:00,0.837,0.003,-0.834,-97.154722,26.0675,8779749,TCOON,IAN,2022,3480.0
2022-09-27 11:00:00,0.833,-0.122,-0.955,-97.154722,26.0675,8779749,TCOON,IAN,2022,3540.0
2022-09-27 12:00:00,0.873,-0.286,-1.159,-97.154722,26.0675,8779749,TCOON,IAN,2022,3600.0
2022-09-27 13:00:00,0.505,-0.428,-0.933,-97.154722,26.0675,8779749,TCOON,IAN,2022,3660.0
2022-09-27 14:00:00,0.371,-0.52,-0.891,-97.154722,26.0675,8779749,TCOON,IAN,2022,3720.0
2022-09-27 15:00:00,0.466,-0.575,-1.041,-97.154722,26.0675,8779749,TCOON,IAN,2022,3780.0
2022-09-27 16:00:00,0.397,-0.532,-0.929,-97.154722,26.0675,8779749,TCOON,IAN,2022,3840.0
2022-09-27 17:00:00,0.535,-0.393,-0.928,-97.154722,26.0675,8779749,TCOON,IAN,2022,3900.0
2022-09-27 18:00:00,0.768,-0.181,-0.949,-97.154722,26.0675,8779749,TCOON,IAN,2022,3960.0
2022-09-27 19:00:00,0.948,0.05,-0.8979999999999999,-97.154722,26.0675,8779749,TCOON,IAN,2022,4020.0
2022-09-27 20:00:00,1.161,0.299,-0.8620000000000001,-97.154722,26.0675,8779749,TCOON,IAN,2022,4080.0
2022-09-27 21:00:00,1.368,0.485,-0.8830000000000001,-97.154722,26.0675,8779749,TCOON,IAN,2022,4140.0
2022-09-27 22:00:00,1.417,0.597,-0.8200000000000001,-97.154722,26.0675,8779749,TCOON,IAN,2022,4200.0
2022-09-27 23:00:00,1.519,0.615,-0.904,-97.154722,26.0675,8779749,TCOON,IAN,2022,4260.0
2022-09-28 00:00:00,1.47,0.556,-0.914,-97.154722,26.0675,8779749,TCOON,IAN,2022,4320.0
2022-09-28 01:00:00,1.381,0.459,-0.922,-97.154722,26.0675,8779749,TCOON,IAN,2022,4380.0
2022-09-28 02:00:00,1.362,0.351,-1.011,-97.154722,26.0675,8779749,TCOON,IAN,2022,4440.0
2022-09-28 03:00:00,1.319,0.226,-1.093,-97.154722,26.0675,8779749,TCOON,IAN,2022,4500.0
2022-09-28 04:00:00,1.257,0.132,-1.125,-97.154722,26.0675,8779749,TCOON,IAN,2022,4560.0
2022-09-28 05:00:00,1.312,0.084,-1.228,-97.154722,26.0675,8779749,TCOON,IAN,2022,4620.0
2022-09-28 06:00:00,1.368,0.062,-1.306,-97.154722,26.0675,8779749,TCOON,IAN,2022,4680.0
2022-09-28 07:00:00,1.28,0.057,-1.223,-97.154722,26.0675,8779749,TCOON,IAN,2022,4740.0
2022-09-28 08:00:00,1.312,0.063,-1.249,-97.154722,26.0675,8779749,TCOON,IAN,2022,4800.0
2022-09-28 09:00:00,1.407,0.029,-1.378,-97.154722,26.0675,8779749,TCOON,IAN,2022,4860.0
2022-09-28 10:00:00,1.339,-0.062,-1.401,-97.154722,26.0675,8779749,TCOON,IAN,2022,4920.0
2022-09-28 11:00:00,1.053,-0.208,-1.261,-97.154722,26.0675,8779749,TCOON,IAN,2022,4980.0
2022-09-28 12:00:00,1.056,-0.414,-1.47,-97.154722,26.0675,8779749,TCOON,IAN,2022,5040.0
2022-09-28 13:00:00,0.715,-0.611,-1.326,-97.154722,26.0675,8779749,TCOON,IAN,2022,5100.0
2022-09-28 14:00:00,0.525,-0.75,-1.275,-97.154722,26.0675,8779749,TCOON,IAN,2022,5160.0
2022-09-28 16:00:00,0.397,-0.869,-1.266,-97.154722,26.0675,8779749,TCOON,IAN,2022,5280.0
2022-09-28 17:00:00,0.42,-0.771,-1.191,-97.154722,26.0675,8779749,TCOON,IAN,2022,5340.0
2022-09-28 18:00:00,0.6,-0.579,-1.1789999999999998,-97.154722,26.0675,8779749,TCOON,IAN,2022,5400.0
2022-09-28 19:00:00,0.814,-0.325,-1.139,-97.154722,26.0675,8779749,TCOON,IAN,2022,5460.0
2022-09-28 20:00:00,1.119,-0.042,-1.161,-97.154722,26.0675,8779749,TCOON,IAN,2022,5520.0
2022-09-28 21:00:00,1.309,0.224,-1.085,-97.154722,26.0675,8779749,TCOON,IAN,2022,5580.0
2022-09-28 22:00:00,1.447,0.423,-1.024,-97.154722,26.0675,8779749,TCOON,IAN,2022,5640.0
2022-09-28 23:00:00,1.634,0.58,-1.0539999999999998,-97.154722,26.0675,8779749,TCOON,IAN,2022,5700.0
2022-09-29 00:00:00,1.657,0.648,-1.009,-97.154722,26.0675,8779749,TCOON,IAN,2022,5760.0
2022-09-29 01:00:00,1.627,0.643,-0.984,-97.154722,26.0675,8779749,TCOON,IAN,2022,5820.0
2022-09-29 02:00:00,1.663,0.622,-1.041,-97.154722,26.0675,8779749,TCOON,IAN,2022,5880.0
2022-09-29 03:00:00,1.65,0.562,-1.088,-97.154722,26.0675,8779749,TCOON,IAN,2022,5940.0
2022-09-29 04:00:00,1.568,0.448,-1.12,-97.154722,26.0675,8779749,TCOON,IAN,2022,6000.0
2022-09-29 05:00:00,1.516,0.358,-1.158,-97.154722,26.0675,8779749,TCOON,IAN,2022,6060.0
2022-09-29 06:00:00,1.535,0.313,-1.222,-97.154722,26.0675,8779749,TCOON,IAN,2022,6120.0
2022-09-29 07:00:00,1.499,0.255,-1.2440000000000002,-97.154722,26.0675,8779749,TCOON,IAN,2022,6180.0
2022-09-29 08:00:00,1.535,0.222,-1.313,-97.154722,26.0675,8779749,TCOON,IAN,2022,6240.0
2022-09-29 09:00:00,1.427,0.176,-1.251,-97.154722,26.0675,8779749,TCOON,IAN,2022,6300.0
2022-09-29 10:00:00,1.398,0.057,-1.341,-97.154722,26.0675,8779749,TCOON,IAN,2022,6360.0
2022-09-29 11:00:00,1.22,-0.14,-1.36,-97.154722,26.0675,8779749,TCOON,IAN,2022,6420.0
2022-09-29 12:00:00,1.043,-0.365,-1.408,-97.154722,26.0675,8779749,TCOON,IAN,2022,6480.0
2022-09-29 13:00:00,0.741,-0.617,-1.358,-97.154722,26.0675,8779749,TCOON,IAN,2022,6540.0
2022-09-29 14:00:00,0.545,-0.83,-1.375,-97.154722,26.0675,8779749,TCOON,IAN,2022,6600.0
2022-09-29 15:00:00,0.371,-0.952,-1.323,-97.154722,26.0675,8779749,TCOON,IAN,2022,6660.0
2022-09-29 16:00:00,0.341,-1.016,-1.357,-97.154722,26.0675,8779749,TCOON,IAN,2022,6720.0
2022-09-29 17:00:00,0.299,-1.002,-1.301,-97.154722,26.0675,8779749,TCOON,IAN,2022,6780.0
2022-09-29 18:00:00,0.459,-0.865,-1.324,-97.154722,26.0675,8779749,TCOON,IAN,2022,6840.0
2022-09-29 19:00:00,0.676,-0.645,-1.3210000000000002,-97.154722,26.0675,8779749,TCOON,IAN,2022,6900.0
2022-09-29 20:00:00,0.876,-0.372,-1.248,-97.154722,26.0675,8779749,TCOON,IAN,2022,6960.0
2022-09-29 21:00:00,1.188,-0.077,-1.265,-97.154722,26.0675,8779749,TCOON,IAN,2022,7020.0
2022-09-29 22:00:00,1.407,0.211,-1.196,-97.154722,26.0675,8779749,TCOON,IAN,2022,7080.0
2022-09-29 23:00:00,1.621,0.43,-1.191,-97.154722,26.0675,8779749,TCOON,IAN,2022,7140.0
2022-09-30 00:00:00,1.749,0.598,-1.1510000000000002,-97.154722,26.0675,8779749,TCOON,IAN,2022,7200.0
2022-09-30 01:00:00,1.801,0.682,-1.1189999999999998,-97.154722,26.0675,8779749,TCOON,IAN,2022,7260.0
2022-09-30 02:00:00,1.883,0.687,-1.196,-97.154722,26.0675,8779749,TCOON,IAN,2022,7320.0
2022-09-30 03:00:00,1.923,0.678,-1.245,-97.154722,26.0675,8779749,TCOON,IAN,2022,7380.0
2022-09-30 04:00:00,1.995,0.651,-1.344,-97.154722,26.0675,8779749,TCOON,IAN,2022,7440.0
2022-09-30 05:00:00,1.942,0.572,-1.37,-97.154722,26.0675,8779749,TCOON,IAN,2022,7500.0
2022-09-30 06:00:00,1.949,0.5,-1.449,-97.154722,26.0675,8779749,TCOON,IAN,2022,7560.0
2022-09-30 07:00:00,1.896,0.446,-1.45,-97.154722,26.0675,8779749,TCOON,IAN,2022,7620.0
2022-09-30 08:00:00,1.896,0.361,-1.535,-97.154722,26.0675,8779749,TCOON,IAN,2022,7680.0
2022-09-30 09:00:00,1.827,0.255,-1.572,-97.154722,26.0675,8779749,TCOON,IAN,2022,7740.0
2022-09-30 10:00:00,1.739,0.141,-1.598,-97.154722,26.0675,8779749,TCOON,IAN,2022,7800.0
2022-09-30 11:00:00,1.588,-0.031,-1.619,-97.154722,26.0675,8779749,TCOON,IAN,2022,7860.0
2022-09-30 12:00:00,1.345,-0.257,-1.602,-97.154722,26.0675,8779749,TCOON,IAN,2022,7920.0
2022-09-30 13:00:00,1.096,-0.49,-1.586,-97.154722,26.0675,8779749,TCOON,IAN,2022,7980.0
2022-09-30 14:00:00,0.814,-0.743,-1.557,-97.154722,26.0675,8779749,TCOON,IAN,2022,8040.0
2022-09-30 15:00:00,0.64,-0.952,-1.592,-97.154722,26.0675,8779749,TCOON,IAN,2022,8100.0
2022-09-30 16:00:00,0.44,-1.086,-1.526,-97.154722,26.0675,8779749,TCOON,IAN,2022,8160.0
2022-09-30 18:00:00,0.358,-1.117,-1.475,-97.154722,26.0675,8779749,TCOON,IAN,2022,8280.0
2022-09-30 19:00:00,0.486,-0.985,-1.471,-97.154722,26.0675,8779749,TCOON,IAN,2022,8340.0
2022-09-30 20:00:00,0.686,-0.751,-1.437,-97.154722,26.0675,8779749,TCOON,IAN,2022,8400.0
2022-09-30 21:00:00,0.968,-0.455,-1.423,-97.154722,26.0675,8779749,TCOON,IAN,2022,8460.0
2022-09-30 22:00:00,1.247,-0.138,-1.3850000000000002,-97.154722,26.0675,8779749,TCOON,IAN,2022,8520.0
2022-09-30 23:00:00,1.453,0.171,-1.282,-97.154722,26.0675,8779749,TCOON,IAN,2022,8580.0
2022-10-01 00:00:00,1.657,0.445,-1.212,-97.154722,26.0675,8779749,TCOON,IAN,2022,8640.0
2022-10-01 01:00:00,1.824,0.655,-1.169,-97.154722,26.0675,8779749,TCOON,IAN,2022,8700.0
2022-10-01 02:00:00,1.929,0.771,-1.158,-97.154722,26.0675,8779749,TCOON,IAN,2022,8760.0
2022-10-01 03:00:00,1.965,0.827,-1.138,-97.154722,26.0675,8779749,TCOON,IAN,2022,8820.0
2022-10-01 04:00:00,2.014,0.847,-1.1669999999999998,-97.154722,26.0675,8779749,TCOON,IAN,2022,8880.0
2022-10-01 05:00:00,1.939,0.829,-1.11,-97.154722,26.0675,8779749,TCOON,IAN,2022,8940.0
2022-10-01 06:00:00,1.955,0.763,-1.1920000000000002,-97.154722,26.0675,8779749,TCOON,IAN,2022,9000.0
2022-10-01 07:00:00,1.932,0.68,-1.2519999999999998,-97.154722,26.0675,8779749,TCOON,IAN,2022,9060.0
2022-10-01 08:00:00,1.85,0.577,-1.273,-97.154722,26.0675,8779749,TCOON,IAN,2022,9120.0
2022-10-01 09:00:00,1.752,0.445,-1.307,-97.154722,26.0675,8779749,TCOON,IAN,2022,9180.0
2022-10-01 10:00:00,1.631,0.286,-1.345,-97.154722,26.0675,8779749,TCOON,IAN,2022,9240.0
2022-10-01 11:00:00,1.493,0.108,-1.385,-97.154722,26.0675,8779749,TCOON,IAN,2022,9300.0
2022-10-01 12:00:00,1.234,-0.119,-1.353,-97.154722,26.0675,8779749,TCOON,IAN,2022,9360.0
2022-10-01 13:00:00,0.971,-0.376,-1.347,-97.154722,26.0675,8779749,TCOON,IAN,2022,9420.0
2022-10-01 14:00:00,0.719,-0.654,-1.373,-97.154722,26.0675,8779749,TCOON,IAN,2022,9480.0
2022-10-01 15:00:00,0.479,-0.916,-1.395,-97.154722,26.0675,8779749,TCOON,IAN,2022,9540.0
2022-10-01 16:00:00,0.213,-1.113,-1.326,-97.154722,26.0675,8779749,TCOON,IAN,2022,9600.0
2022-10-01 17:00:00,0.102,-1.261,-1.363,-97.154722,26.0675,8779749,TCOON,IAN,2022,9660.0
2022-10-01 18:00:00,-0.046,-1.326,-1.28,-97.154722,26.0675,8779749,TCOON,IAN,2022,9720.0
2022-10-01 19:00:00,-0.033,-1.299,-1.266,-97.154722,26.0675,8779749,TCOON,IAN,2022,9780.0
2022-10-01 20:00:00,0.102,-1.166,-1.268,-97.154722,26.0675,8779749,TCOON,IAN,2022,9840.0
2022-10-01 21:00:00,0.351,-0.939,-1.29,-97.154722,26.0675,8779749,TCOON,IAN,2022,9900.0
2022-10-01 22:00:00,0.614,-0.636,-1.25,-97.154722,26.0675,8779749,TCOON,IAN,2022,9960.0
2022-10-01 23:00:00,0.827,-0.303,-1.13,-97.154722,26.0675,8779749,TCOON,IAN,2022,10020.0
2022-09-25 01:00:00,0.799,0.197,-0.6020000000000001,-64.69839,17.752867,9751364,NOAA_NOS,IAN,2022,60.0
2022-09-25 02:00:00,0.752,0.129,-0.623,-64.69839,17.752867,9751364,NOAA_NOS,IAN,2022,120.0
2022-09-25 03:00:00,0.713,0.08,-0.633,-64.69839,17.752867,9751364,NOAA_NOS,IAN,2022,180.0
2022-09-25 04:00:00,0.608,0.012,-0.596,-64.69839,17.752867,9751364,NOAA_NOS,IAN,2022,240.0
2022-09-25 05:00:00,0.508,-0.037,-0.545,-64.69839,17.752867,9751364,NOAA_NOS,IAN,2022,300.0
2022-09-25 06:00:00,0.517,-0.061,-0.5780000000000001,-64.69839,17.752867,9751364,NOAA_NOS,IAN,2022,360.0
2022-09-25 07:00:00,0.536,-0.06,-0.5960000000000001,-64.69839,17.752867,9751364,NOAA_NOS,IAN,2022,420.0
2022-09-25 08:00:00,0.57,-0.044,-0.614,-64.69839,17.752867,9751364,NOAA_NOS,IAN,2022,480.0
2022-09-25 09:00:00,0.584,-0.0,-0.584,-64.69839,17.752867,9751364,NOAA_NOS,IAN,2022,540.0
2022-09-25 10:00:00,0.646,0.025,-0.621,-64.69839,17.752867,9751364,NOAA_NOS,IAN,2022,600.0
2022-09-25 11:00:00,0.68,0.055,-0.625,-64.69839,17.752867,9751364,NOAA_NOS,IAN,2022,660.0
2022-09-25 12:00:00,0.704,0.053,-0.6509999999999999,-64.69839,17.752867,9751364,NOAA_NOS,IAN,2022,720.0
2022-09-25 13:00:00,0.622,0.036,-0.586,-64.69839,17.752867,9751364,NOAA_NOS,IAN,2022,780.0
2022-09-25 14:00:00,0.603,-0.013,-0.616,-64.69839,17.752867,9751364,NOAA_NOS,IAN,2022,840.0
2022-09-25 15:00:00,0.546,-0.065,-0.611,-64.69839,17.752867,9751364,NOAA_NOS,IAN,2022,900.0
2022-09-25 16:00:00,0.474,-0.113,-0.587,-64.69839,17.752867,9751364,NOAA_NOS,IAN,2022,960.0
2022-09-25 17:00:00,0.508,-0.137,-0.645,-64.69839,17.752867,9751364,NOAA_NOS,IAN,2022,1020.0
2022-09-25 18:00:00,0.527,-0.14,-0.667,-64.69839,17.752867,9751364,NOAA_NOS,IAN,2022,1080.0
2022-09-25 19:00:00,0.221,-0.114,-0.335,-64.69839,17.752867,9751364,NOAA_NOS,IAN,2022,1140.0
2022-09-25 20:00:00,0.312,-0.063,-0.375,-64.69839,17.752867,9751364,NOAA_NOS,IAN,2022,1200.0
2022-09-25 21:00:00,0.316,-0.007,-0.323,-64.69839,17.752867,9751364,NOAA_NOS,IAN,2022,1260.0
2022-09-25 22:00:00,0.823,0.053,-0.7699999999999999,-64.69839,17.752867,9751364,NOAA_NOS,IAN,2022,1320.0
2022-09-25 23:00:00,0.857,0.097,-0.76,-64.69839,17.752867,9751364,NOAA_NOS,IAN,2022,1380.0
2022-09-26 00:00:00,0.914,0.115,-0.799,-64.69839,17.752867,9751364,NOAA_NOS,IAN,2022,1440.0
2022-09-26 01:00:00,0.833,0.108,-0.725,-64.69839,17.752867,9751364,NOAA_NOS,IAN,2022,1500.0
2022-09-26 02:00:00,0.771,0.075,-0.6960000000000001,-64.69839,17.752867,9751364,NOAA_NOS,IAN,2022,1560.0
2022-09-26 03:00:00,0.656,0.027,-0.629,-64.69839,17.752867,9751364,NOAA_NOS,IAN,2022,1620.0
2022-09-26 04:00:00,0.618,-0.02,-0.638,-64.69839,17.752867,9751364,NOAA_NOS,IAN,2022,1680.0
2022-09-26 05:00:00,0.603,-0.06,-0.663,-64.69839,17.752867,9751364,NOAA_NOS,IAN,2022,1740.0
2022-09-26 06:00:00,0.599,-0.075,-0.6739999999999999,-64.69839,17.752867,9751364,NOAA_NOS,IAN,2022,1800.0
2022-09-26 07:00:00,0.627,-0.075,-0.702,-64.69839,17.752867,9751364,NOAA_NOS,IAN,2022,1860.0
2022-09-26 08:00:00,0.67,-0.048,-0.7180000000000001,-64.69839,17.752867,9751364,NOAA_NOS,IAN,2022,1920.0
2022-09-26 09:00:00,0.689,0.002,-0.6869999999999999,-64.69839,17.752867,9751364,NOAA_NOS,IAN,2022,1980.0
2022-09-26 10:00:00,0.732,0.059,-0.673,-64.69839,17.752867,9751364,NOAA_NOS,IAN,2022,2040.0
2022-09-26 11:00:00,0.838,0.103,-0.735,-64.69839,17.752867,9751364,NOAA_NOS,IAN,2022,2100.0
2022-09-26 12:00:00,0.895,0.126,-0.769,-64.69839,17.752867,9751364,NOAA_NOS,IAN,2022,2160.0
2022-09-26 13:00:00,0.895,0.128,-0.767,-64.69839,17.752867,9751364,NOAA_NOS,IAN,2022,2220.0
2022-09-26 14:00:00,0.876,0.1,-0.776,-64.69839,17.752867,9751364,NOAA_NOS,IAN,2022,2280.0
2022-09-26 15:00:00,0.766,0.051,-0.715,-64.69839,17.752867,9751364,NOAA_NOS,IAN,2022,2340.0
2022-09-26 16:00:00,0.532,-0.0,-0.532,-64.69839,17.752867,9751364,NOAA_NOS,IAN,2022,2400.0
2022-09-26 17:00:00,0.68,-0.043,-0.7230000000000001,-64.69839,17.752867,9751364,NOAA_NOS,IAN,2022,2460.0
2022-09-26 18:00:00,0.713,-0.072,-0.7849999999999999,-64.69839,17.752867,9751364,NOAA_NOS,IAN,2022,2520.0
2022-09-26 19:00:00,0.704,-0.079,-0.7829999999999999,-64.69839,17.752867,9751364,NOAA_NOS,IAN,2022,2580.0
2022-09-26 20:00:00,0.752,-0.069,-0.821,-64.69839,17.752867,9751364,NOAA_NOS,IAN,2022,2640.0
2022-09-26 21:00:00,0.823,-0.034,-0.857,-64.69839,17.752867,9751364,NOAA_NOS,IAN,2022,2700.0
2022-09-26 22:00:00,0.876,0.014,-0.862,-64.69839,17.752867,9751364,NOAA_NOS,IAN,2022,2760.0
2022-09-26 23:00:00,0.933,0.046,-0.887,-64.69839,17.752867,9751364,NOAA_NOS,IAN,2022,2820.0
2022-09-27 00:00:00,0.914,0.061,-0.853,-64.69839,17.752867,9751364,NOAA_NOS,IAN,2022,2880.0
2022-09-27 01:00:00,0.823,0.043,-0.7799999999999999,-64.69839,17.752867,9751364,NOAA_NOS,IAN,2022,2940.0
2022-09-27 02:00:00,0.718,0.003,-0.715,-64.69839,17.752867,9751364,NOAA_NOS,IAN,2022,3000.0
2022-09-27 03:00:00,0.632,-0.061,-0.6930000000000001,-64.69839,17.752867,9751364,NOAA_NOS,IAN,2022,3060.0
2022-09-27 04:00:00,0.536,-0.124,-0.66,-64.69839,17.752867,9751364,NOAA_NOS,IAN,2022,3120.0
2022-09-27 05:00:00,0.455,-0.167,-0.622,-64.69839,17.752867,9751364,NOAA_NOS,IAN,2022,3180.0
2022-09-27 06:00:00,0.436,-0.182,-0.618,-64.69839,17.752867,9751364,NOAA_NOS,IAN,2022,3240.0
2022-09-27 07:00:00,0.441,-0.165,-0.606,-64.69839,17.752867,9751364,NOAA_NOS,IAN,2022,3300.0
2022-09-27 08:00:00,0.489,-0.123,-0.612,-64.69839,17.752867,9751364,NOAA_NOS,IAN,2022,3360.0
2022-09-27 09:00:00,0.579,-0.048,-0.627,-64.69839,17.752867,9751364,NOAA_NOS,IAN,2022,3420.0
2022-09-27 10:00:00,0.656,0.041,-0.615,-64.69839,17.752867,9751364,NOAA_NOS,IAN,2022,3480.0
2022-09-27 11:00:00,0.766,0.13,-0.636,-64.69839,17.752867,9751364,NOAA_NOS,IAN,2022,3540.0
2022-09-27 12:00:00,0.871,0.197,-0.6739999999999999,-64.69839,17.752867,9751364,NOAA_NOS,IAN,2022,3600.0
2022-09-27 13:00:00,0.895,0.236,-0.659,-64.69839,17.752867,9751364,NOAA_NOS,IAN,2022,3660.0
2022-09-27 14:00:00,0.881,0.241,-0.64,-64.69839,17.752867,9751364,NOAA_NOS,IAN,2022,3720.0
2022-09-27 15:00:00,0.833,0.208,-0.625,-64.69839,17.752867,9751364,NOAA_NOS,IAN,2022,3780.0
2022-09-27 16:00:00,0.728,0.151,-0.577,-64.69839,17.752867,9751364,NOAA_NOS,IAN,2022,3840.0
2022-09-27 17:00:00,0.675,0.089,-0.5860000000000001,-64.69839,17.752867,9751364,NOAA_NOS,IAN,2022,3900.0
2022-09-27 18:00:00,0.637,0.034,-0.603,-64.69839,17.752867,9751364,NOAA_NOS,IAN,2022,3960.0
2022-09-27 19:00:00,0.603,-0.006,-0.609,-64.69839,17.752867,9751364,NOAA_NOS,IAN,2022,4020.0
2022-09-27 20:00:00,0.584,-0.035,-0.619,-64.69839,17.752867,9751364,NOAA_NOS,IAN,2022,4080.0
2022-09-27 21:00:00,0.675,-0.047,-0.7220000000000001,-64.69839,17.752867,9751364,NOAA_NOS,IAN,2022,4140.0
2022-09-27 22:00:00,0.742,-0.045,-0.787,-64.69839,17.752867,9751364,NOAA_NOS,IAN,2022,4200.0
2022-09-27 23:00:00,0.771,-0.037,-0.808,-64.69839,17.752867,9751364,NOAA_NOS,IAN,2022,4260.0
2022-09-28 00:00:00,0.742,-0.036,-0.778,-64.69839,17.752867,9751364,NOAA_NOS,IAN,2022,4320.0
2022-09-28 01:00:00,0.704,-0.05,-0.754,-64.69839,17.752867,9751364,NOAA_NOS,IAN,2022,4380.0
2022-09-28 02:00:00,0.608,-0.076,-0.6839999999999999,-64.69839,17.752867,9751364,NOAA_NOS,IAN,2022,4440.0
2022-09-28 03:00:00,0.527,-0.121,-0.648,-64.69839,17.752867,9751364,NOAA_NOS,IAN,2022,4500.0
2022-09-28 04:00:00,0.402,-0.176,-0.5780000000000001,-64.69839,17.752867,9751364,NOAA_NOS,IAN,2022,4560.0
2022-09-28 05:00:00,0.345,-0.218,-0.563,-64.69839,17.752867,9751364,NOAA_NOS,IAN,2022,4620.0
2022-09-28 06:00:00,0.316,-0.235,-0.5509999999999999,-64.69839,17.752867,9751364,NOAA_NOS,IAN,2022,4680.0
2022-09-28 07:00:00,0.374,-0.22,-0.594,-64.69839,17.752867,9751364,NOAA_NOS,IAN,2022,4740.0
2022-09-28 08:00:00,0.436,-0.174,-0.61,-64.69839,17.752867,9751364,NOAA_NOS,IAN,2022,4800.0
2022-09-28 09:00:00,0.541,-0.105,-0.646,-64.69839,17.752867,9751364,NOAA_NOS,IAN,2022,4860.0
2022-09-28 10:00:00,0.651,-0.01,-0.661,-64.69839,17.752867,9751364,NOAA_NOS,IAN,2022,4920.0
2022-09-28 11:00:00,0.761,0.09,-0.671,-64.69839,17.752867,9751364,NOAA_NOS,IAN,2022,4980.0
2022-09-28 12:00:00,0.852,0.182,-0.6699999999999999,-64.69839,17.752867,9751364,NOAA_NOS,IAN,2022,5040.0
2022-09-28 13:00:00,0.962,0.249,-0.713,-64.69839,17.752867,9751364,NOAA_NOS,IAN,2022,5100.0
2022-09-28 14:00:00,1.01,0.285,-0.7250000000000001,-64.69839,17.752867,9751364,NOAA_NOS,IAN,2022,5160.0
2022-09-28 15:00:00,0.924,0.288,-0.6360000000000001,-64.69839,17.752867,9751364,NOAA_NOS,IAN,2022,5220.0
2022-09-28 16:00:00,0.412,0.255,-0.1569999999999999,-64.69839,17.752867,9751364,NOAA_NOS,IAN,2022,5280.0
2022-09-28 17:00:00,0.417,0.205,-0.212,-64.69839,17.752867,9751364,NOAA_NOS,IAN,2022,5340.0
2022-09-28 18:00:00,0.369,0.152,-0.217,-64.69839,17.752867,9751364,NOAA_NOS,IAN,2022,5400.0
2022-09-28 19:00:00,0.374,0.103,-0.271,-64.69839,17.752867,9751364,NOAA_NOS,IAN,2022,5460.0
2022-09-28 20:00:00,0.732,0.065,-0.667,-64.69839,17.752867,9751364,NOAA_NOS,IAN,2022,5520.0
2022-09-28 21:00:00,0.713,0.031,-0.6819999999999999,-64.69839,17.752867,9751364,NOAA_NOS,IAN,2022,5580.0
2022-09-28 22:00:00,0.689,0.008,-0.6809999999999999,-64.69839,17.752867,9751364,NOAA_NOS,IAN,2022,5640.0
2022-09-28 23:00:00,0.627,-0.014,-0.641,-64.69839,17.752867,9751364,NOAA_NOS,IAN,2022,5700.0
2022-09-29 00:00:00,0.565,-0.039,-0.604,-64.69839,17.752867,9751364,NOAA_NOS,IAN,2022,5760.0
2022-09-29 01:00:00,0.666,-0.08,-0.746,-64.69839,17.752867,9751364,NOAA_NOS,IAN,2022,5820.0
2022-09-29 02:00:00,0.599,-0.133,-0.732,-64.69839,17.752867,9751364,NOAA_NOS,IAN,2022,5880.0
2022-09-29 03:00:00,0.503,-0.197,-0.7,-64.69839,17.752867,9751364,NOAA_NOS,IAN,2022,5940.0
2022-09-29 04:00:00,0.331,-0.268,-0.599,-64.69839,17.752867,9751364,NOAA_NOS,IAN,2022,6000.0
2022-09-29 05:00:00,0.182,-0.331,-0.513,-64.69839,17.752867,9751364,NOAA_NOS,IAN,2022,6060.0
2022-09-29 06:00:00,0.101,-0.362,-0.4629999999999999,-64.69839,17.752867,9751364,NOAA_NOS,IAN,2022,6120.0
2022-09-29 07:00:00,0.087,-0.357,-0.4439999999999999,-64.69839,17.752867,9751364,NOAA_NOS,IAN,2022,6180.0
2022-09-29 08:00:00,0.139,-0.31,-0.449,-64.69839,17.752867,9751364,NOAA_NOS,IAN,2022,6240.0
2022-09-29 09:00:00,0.225,-0.228,-0.453,-64.69839,17.752867,9751364,NOAA_NOS,IAN,2022,6300.0
2022-09-29 10:00:00,0.407,-0.12,-0.5269999999999999,-64.69839,17.752867,9751364,NOAA_NOS,IAN,2022,6360.0
2022-09-29 11:00:00,0.603,0.004,-0.599,-64.69839,17.752867,9751364,NOAA_NOS,IAN,2022,6420.0
2022-09-29 12:00:00,0.78,0.127,-0.653,-64.69839,17.752867,9751364,NOAA_NOS,IAN,2022,6480.0
2022-09-29 13:00:00,0.909,0.236,-0.673,-64.69839,17.752867,9751364,NOAA_NOS,IAN,2022,6540.0
2022-09-29 14:00:00,0.948,0.315,-0.633,-64.69839,17.752867,9751364,NOAA_NOS,IAN,2022,6600.0
2022-09-29 15:00:00,0.919,0.362,-0.557,-64.69839,17.752867,9751364,NOAA_NOS,IAN,2022,6660.0
2022-09-29 16:00:00,0.895,0.369,-0.526,-64.69839,17.752867,9751364,NOAA_NOS,IAN,2022,6720.0
2022-09-29 17:00:00,0.866,0.342,-0.524,-64.69839,17.752867,9751364,NOAA_NOS,IAN,2022,6780.0
2022-09-29 18:00:00,0.905,0.299,-0.6060000000000001,-64.69839,17.752867,9751364,NOAA_NOS,IAN,2022,6840.0
2022-09-29 19:00:00,0.799,0.245,-0.554,-64.69839,17.752867,9751364,NOAA_NOS,IAN,2022,6900.0
2022-09-29 20:00:00,0.752,0.191,-0.5609999999999999,-64.69839,17.752867,9751364,NOAA_NOS,IAN,2022,6960.0
2022-09-29 21:00:00,0.651,0.132,-0.519,-64.69839,17.752867,9751364,NOAA_NOS,IAN,2022,7020.0
2022-09-29 22:00:00,0.622,0.07,-0.552,-64.69839,17.752867,9751364,NOAA_NOS,IAN,2022,7080.0
2022-09-29 23:00:00,0.599,0.015,-0.584,-64.69839,17.752867,9751364,NOAA_NOS,IAN,2022,7140.0
2022-09-30 00:00:00,0.599,-0.043,-0.642,-64.69839,17.752867,9751364,NOAA_NOS,IAN,2022,7200.0
2022-09-30 01:00:00,0.508,-0.098,-0.606,-64.69839,17.752867,9751364,NOAA_NOS,IAN,2022,7260.0
2022-09-30 02:00:00,0.445,-0.159,-0.604,-64.69839,17.752867,9751364,NOAA_NOS,IAN,2022,7320.0
2022-09-30 03:00:00,0.312,-0.223,-0.535,-64.69839,17.752867,9751364,NOAA_NOS,IAN,2022,7380.0
2022-09-30 04:00:00,0.182,-0.292,-0.474,-64.69839,17.752867,9751364,NOAA_NOS,IAN,2022,7440.0
2022-09-30 05:00:00,0.101,-0.359,-0.4599999999999999,-64.69839,17.752867,9751364,NOAA_NOS,IAN,2022,7500.0
2022-09-30 06:00:00,0.063,-0.406,-0.469,-64.69839,17.752867,9751364,NOAA_NOS,IAN,2022,7560.0
2022-09-30 07:00:00,-0.019,-0.421,-0.4019999999999999,-64.69839,17.752867,9751364,NOAA_NOS,IAN,2022,7620.0
2022-09-30 08:00:00,-0.019,-0.399,-0.38,-64.69839,17.752867,9751364,NOAA_NOS,IAN,2022,7680.0
2022-09-30 09:00:00,0.01,-0.333,-0.343,-64.69839,17.752867,9751364,NOAA_NOS,IAN,2022,7740.0
2022-09-30 10:00:00,0.125,-0.239,-0.364,-64.69839,17.752867,9751364,NOAA_NOS,IAN,2022,7800.0
2022-09-30 11:00:00,0.292,-0.118,-0.41,-64.69839,17.752867,9751364,NOAA_NOS,IAN,2022,7860.0
2022-09-30 12:00:00,0.532,0.015,-0.517,-64.69839,17.752867,9751364,NOAA_NOS,IAN,2022,7920.0
2022-09-30 13:00:00,0.771,0.147,-0.624,-64.69839,17.752867,9751364,NOAA_NOS,IAN,2022,7980.0
2022-09-30 14:00:00,0.948,0.259,-0.689,-64.69839,17.752867,9751364,NOAA_NOS,IAN,2022,8040.0
2022-09-30 15:00:00,1.005,0.345,-0.6599999999999999,-64.69839,17.752867,9751364,NOAA_NOS,IAN,2022,8100.0
2022-09-30 16:00:00,0.962,0.397,-0.565,-64.69839,17.752867,9751364,NOAA_NOS,IAN,2022,8160.0
2022-09-30 17:00:00,0.972,0.415,-0.5569999999999999,-64.69839,17.752867,9751364,NOAA_NOS,IAN,2022,8220.0
2022-09-30 18:00:00,1.01,0.403,-0.607,-64.69839,17.752867,9751364,NOAA_NOS,IAN,2022,8280.0
2022-09-30 19:00:00,0.933,0.376,-0.557,-64.69839,17.752867,9751364,NOAA_NOS,IAN,2022,8340.0
2022-09-30 20:00:00,0.852,0.335,-0.5169999999999999,-64.69839,17.752867,9751364,NOAA_NOS,IAN,2022,8400.0
2022-09-30 21:00:00,0.756,0.283,-0.473,-64.69839,17.752867,9751364,NOAA_NOS,IAN,2022,8460.0
2022-09-30 22:00:00,0.656,0.216,-0.44,-64.69839,17.752867,9751364,NOAA_NOS,IAN,2022,8520.0
2022-09-30 23:00:00,0.622,0.139,-0.483,-64.69839,17.752867,9751364,NOAA_NOS,IAN,2022,8580.0
2022-10-01 00:00:00,0.618,0.05,-0.568,-64.69839,17.752867,9751364,NOAA_NOS,IAN,2022,8640.0
2022-10-01 01:00:00,0.579,-0.042,-0.621,-64.69839,17.752867,9751364,NOAA_NOS,IAN,2022,8700.0
2022-10-01 02:00:00,0.479,-0.134,-0.613,-64.69839,17.752867,9751364,NOAA_NOS,IAN,2022,8760.0
2022-10-01 03:00:00,0.383,-0.233,-0.616,-64.69839,17.752867,9751364,NOAA_NOS,IAN,2022,8820.0
2022-10-01 04:00:00,0.211,-0.317,-0.528,-64.69839,17.752867,9751364,NOAA_NOS,IAN,2022,8880.0
2022-10-01 05:00:00,0.115,-0.384,-0.499,-64.69839,17.752867,9751364,NOAA_NOS,IAN,2022,8940.0
2022-10-01 06:00:00,0.01,-0.439,-0.449,-64.69839,17.752867,9751364,NOAA_NOS,IAN,2022,9000.0
2022-10-01 07:00:00,-0.057,-0.46,-0.403,-64.69839,17.752867,9751364,NOAA_NOS,IAN,2022,9060.0
2022-10-01 08:00:00,-0.023,-0.454,-0.431,-64.69839,17.752867,9751364,NOAA_NOS,IAN,2022,9120.0
2022-10-01 09:00:00,-0.038,-0.429,-0.391,-64.69839,17.752867,9751364,NOAA_NOS,IAN,2022,9180.0
2022-10-01 10:00:00,-0.028,-0.371,-0.3429999999999999,-64.69839,17.752867,9751364,NOAA_NOS,IAN,2022,9240.0
2022-10-01 11:00:00,0.12,-0.276,-0.396,-64.69839,17.752867,9751364,NOAA_NOS,IAN,2022,9300.0
2022-10-01 12:00:00,0.335,-0.155,-0.49,-64.69839,17.752867,9751364,NOAA_NOS,IAN,2022,9360.0
2022-10-01 13:00:00,0.498,-0.009,-0.507,-64.69839,17.752867,9751364,NOAA_NOS,IAN,2022,9420.0
2022-10-01 14:00:00,0.732,0.145,-0.587,-64.69839,17.752867,9751364,NOAA_NOS,IAN,2022,9480.0
2022-10-01 15:00:00,0.843,0.286,-0.5569999999999999,-64.69839,17.752867,9751364,NOAA_NOS,IAN,2022,9540.0
2022-10-01 16:00:00,0.948,0.388,-0.5599999999999999,-64.69839,17.752867,9751364,NOAA_NOS,IAN,2022,9600.0
2022-10-01 17:00:00,0.967,0.446,-0.5209999999999999,-64.69839,17.752867,9751364,NOAA_NOS,IAN,2022,9660.0
2022-10-01 18:00:00,0.938,0.469,-0.469,-64.69839,17.752867,9751364,NOAA_NOS,IAN,2022,9720.0
2022-10-01 19:00:00,0.919,0.457,-0.462,-64.69839,17.752867,9751364,NOAA_NOS,IAN,2022,9780.0
2022-10-01 20:00:00,0.886,0.419,-0.467,-64.69839,17.752867,9751364,NOAA_NOS,IAN,2022,9840.0
2022-10-01 21:00:00,0.785,0.368,-0.417,-64.69839,17.752867,9751364,NOAA_NOS,IAN,2022,9900.0
2022-10-01 22:00:00,0.618,0.303,-0.315,-64.69839,17.752867,9751364,NOAA_NOS,IAN,2022,9960.0
2022-10-01 23:00:00,0.603,0.228,-0.375,-64.69839,17.752867,9751364,NOAA_NOS,IAN,2022,10020.0
2022-09-25 01:00:00,0.755,0.212,-0.543,-64.727833,18.312609,9751381,NOAA_NOS,IAN,2022,60.0
2022-09-25 02:00:00,0.696,0.139,-0.5569999999999999,-64.727833,18.312609,9751381,NOAA_NOS,IAN,2022,120.0
2022-09-25 03:00:00,0.584,0.092,-0.492,-64.727833,18.312609,9751381,NOAA_NOS,IAN,2022,180.0
2022-09-25 04:00:00,0.492,-0.005,-0.497,-64.727833,18.312609,9751381,NOAA_NOS,IAN,2022,240.0
2022-09-25 05:00:00,0.361,-0.067,-0.428,-64.727833,18.312609,9751381,NOAA_NOS,IAN,2022,300.0
2022-09-25 06:00:00,0.312,-0.094,-0.406,-64.727833,18.312609,9751381,NOAA_NOS,IAN,2022,360.0
2022-09-25 07:00:00,0.24,-0.081,-0.321,-64.727833,18.312609,9751381,NOAA_NOS,IAN,2022,420.0
2022-09-25 08:00:00,0.256,-0.054,-0.31,-64.727833,18.312609,9751381,NOAA_NOS,IAN,2022,480.0
2022-09-25 09:00:00,0.279,0.006,-0.273,-64.727833,18.312609,9751381,NOAA_NOS,IAN,2022,540.0
2022-09-25 10:00:00,0.331,0.042,-0.289,-64.727833,18.312609,9751381,NOAA_NOS,IAN,2022,600.0
2022-09-25 11:00:00,0.394,0.076,-0.318,-64.727833,18.312609,9751381,NOAA_NOS,IAN,2022,660.0
2022-09-25 12:00:00,0.509,0.08,-0.429,-64.727833,18.312609,9751381,NOAA_NOS,IAN,2022,720.0
2022-09-25 13:00:00,0.551,0.063,-0.488,-64.727833,18.312609,9751381,NOAA_NOS,IAN,2022,780.0
2022-09-25 14:00:00,0.531,0.002,-0.529,-64.727833,18.312609,9751381,NOAA_NOS,IAN,2022,840.0
2022-09-25 15:00:00,0.41,-0.062,-0.472,-64.727833,18.312609,9751381,NOAA_NOS,IAN,2022,900.0
2022-09-25 16:00:00,0.361,-0.12,-0.481,-64.727833,18.312609,9751381,NOAA_NOS,IAN,2022,960.0
2022-09-25 17:00:00,0.302,-0.155,-0.4569999999999999,-64.727833,18.312609,9751381,NOAA_NOS,IAN,2022,1020.0
2022-09-25 18:00:00,0.249,-0.166,-0.415,-64.727833,18.312609,9751381,NOAA_NOS,IAN,2022,1080.0
2022-09-25 19:00:00,0.256,-0.137,-0.393,-64.727833,18.312609,9751381,NOAA_NOS,IAN,2022,1140.0
2022-09-25 20:00:00,0.348,-0.077,-0.425,-64.727833,18.312609,9751381,NOAA_NOS,IAN,2022,1200.0
2022-09-25 21:00:00,0.472,-0.01,-0.482,-64.727833,18.312609,9751381,NOAA_NOS,IAN,2022,1260.0
2022-09-25 22:00:00,0.528,0.061,-0.467,-64.727833,18.312609,9751381,NOAA_NOS,IAN,2022,1320.0
2022-09-25 23:00:00,0.623,0.115,-0.508,-64.727833,18.312609,9751381,NOAA_NOS,IAN,2022,1380.0
2022-09-26 00:00:00,0.735,0.139,-0.596,-64.727833,18.312609,9751381,NOAA_NOS,IAN,2022,1440.0
2022-09-26 01:00:00,0.764,0.133,-0.631,-64.727833,18.312609,9751381,NOAA_NOS,IAN,2022,1500.0
2022-09-26 02:00:00,0.748,0.091,-0.657,-64.727833,18.312609,9751381,NOAA_NOS,IAN,2022,1560.0
2022-09-26 03:00:00,0.61,0.03,-0.58,-64.727833,18.312609,9751381,NOAA_NOS,IAN,2022,1620.0
2022-09-26 04:00:00,0.499,-0.029,-0.528,-64.727833,18.312609,9751381,NOAA_NOS,IAN,2022,1680.0
2022-09-26 05:00:00,0.371,-0.078,-0.449,-64.727833,18.312609,9751381,NOAA_NOS,IAN,2022,1740.0
2022-09-26 06:00:00,0.295,-0.1,-0.395,-64.727833,18.312609,9751381,NOAA_NOS,IAN,2022,1800.0
2022-09-26 07:00:00,0.233,-0.101,-0.334,-64.727833,18.312609,9751381,NOAA_NOS,IAN,2022,1860.0
2022-09-26 08:00:00,0.285,-0.065,-0.35,-64.727833,18.312609,9751381,NOAA_NOS,IAN,2022,1920.0
2022-09-26 09:00:00,0.331,-0.003,-0.334,-64.727833,18.312609,9751381,NOAA_NOS,IAN,2022,1980.0
2022-09-26 10:00:00,0.43,0.066,-0.364,-64.727833,18.312609,9751381,NOAA_NOS,IAN,2022,2040.0
2022-09-26 11:00:00,0.558,0.122,-0.436,-64.727833,18.312609,9751381,NOAA_NOS,IAN,2022,2100.0
2022-09-26 12:00:00,0.656,0.154,-0.502,-64.727833,18.312609,9751381,NOAA_NOS,IAN,2022,2160.0
2022-09-26 13:00:00,0.712,0.158,-0.5539999999999999,-64.727833,18.312609,9751381,NOAA_NOS,IAN,2022,2220.0
2022-09-26 14:00:00,0.745,0.124,-0.621,-64.727833,18.312609,9751381,NOAA_NOS,IAN,2022,2280.0
2022-09-26 15:00:00,0.682,0.064,-0.6180000000000001,-64.727833,18.312609,9751381,NOAA_NOS,IAN,2022,2340.0
2022-09-26 16:00:00,0.63,0.001,-0.629,-64.727833,18.312609,9751381,NOAA_NOS,IAN,2022,2400.0
2022-09-26 17:00:00,0.571,-0.054,-0.625,-64.727833,18.312609,9751381,NOAA_NOS,IAN,2022,2460.0
2022-09-26 18:00:00,0.479,-0.093,-0.572,-64.727833,18.312609,9751381,NOAA_NOS,IAN,2022,2520.0
2022-09-26 19:00:00,0.469,-0.105,-0.574,-64.727833,18.312609,9751381,NOAA_NOS,IAN,2022,2580.0
2022-09-26 20:00:00,0.476,-0.091,-0.567,-64.727833,18.312609,9751381,NOAA_NOS,IAN,2022,2640.0
2022-09-26 21:00:00,0.531,-0.046,-0.5770000000000001,-64.727833,18.312609,9751381,NOAA_NOS,IAN,2022,2700.0
2022-09-26 22:00:00,0.561,0.015,-0.546,-64.727833,18.312609,9751381,NOAA_NOS,IAN,2022,2760.0
2022-09-26 23:00:00,0.673,0.054,-0.619,-64.727833,18.312609,9751381,NOAA_NOS,IAN,2022,2820.0
2022-09-27 00:00:00,0.699,0.078,-0.621,-64.727833,18.312609,9751381,NOAA_NOS,IAN,2022,2880.0
2022-09-27 01:00:00,0.817,0.066,-0.7509999999999999,-64.727833,18.312609,9751381,NOAA_NOS,IAN,2022,2940.0
2022-09-27 02:00:00,0.787,0.023,-0.764,-64.727833,18.312609,9751381,NOAA_NOS,IAN,2022,3000.0
2022-09-27 03:00:00,0.643,-0.05,-0.6930000000000001,-64.727833,18.312609,9751381,NOAA_NOS,IAN,2022,3060.0
2022-09-27 04:00:00,0.574,-0.124,-0.698,-64.727833,18.312609,9751381,NOAA_NOS,IAN,2022,3120.0
2022-09-27 05:00:00,0.404,-0.178,-0.5820000000000001,-64.727833,18.312609,9751381,NOAA_NOS,IAN,2022,3180.0
2022-09-27 06:00:00,0.335,-0.202,-0.537,-64.727833,18.312609,9751381,NOAA_NOS,IAN,2022,3240.0
2022-09-27 07:00:00,0.279,-0.191,-0.47,-64.727833,18.312609,9751381,NOAA_NOS,IAN,2022,3300.0
2022-09-27 08:00:00,0.24,-0.147,-0.387,-64.727833,18.312609,9751381,NOAA_NOS,IAN,2022,3360.0
2022-09-27 09:00:00,0.335,-0.061,-0.396,-64.727833,18.312609,9751381,NOAA_NOS,IAN,2022,3420.0
2022-09-27 10:00:00,0.397,0.04,-0.357,-64.727833,18.312609,9751381,NOAA_NOS,IAN,2022,3480.0
2022-09-27 11:00:00,0.463,0.141,-0.322,-64.727833,18.312609,9751381,NOAA_NOS,IAN,2022,3540.0
2022-09-27 12:00:00,0.653,0.219,-0.434,-64.727833,18.312609,9751381,NOAA_NOS,IAN,2022,3600.0
2022-09-27 13:00:00,0.719,0.266,-0.4529999999999999,-64.727833,18.312609,9751381,NOAA_NOS,IAN,2022,3660.0
2022-09-27 14:00:00,0.807,0.27,-0.537,-64.727833,18.312609,9751381,NOAA_NOS,IAN,2022,3720.0
2022-09-27 15:00:00,0.732,0.227,-0.505,-64.727833,18.312609,9751381,NOAA_NOS,IAN,2022,3780.0
2022-09-27 16:00:00,0.666,0.158,-0.508,-64.727833,18.312609,9751381,NOAA_NOS,IAN,2022,3840.0
2022-09-27 17:00:00,0.581,0.084,-0.4969999999999999,-64.727833,18.312609,9751381,NOAA_NOS,IAN,2022,3900.0
2022-09-27 18:00:00,0.525,0.016,-0.509,-64.727833,18.312609,9751381,NOAA_NOS,IAN,2022,3960.0
2022-09-27 19:00:00,0.456,-0.035,-0.491,-64.727833,18.312609,9751381,NOAA_NOS,IAN,2022,4020.0
2022-09-27 20:00:00,0.394,-0.065,-0.459,-64.727833,18.312609,9751381,NOAA_NOS,IAN,2022,4080.0
2022-09-27 21:00:00,0.354,-0.068,-0.422,-64.727833,18.312609,9751381,NOAA_NOS,IAN,2022,4140.0
2022-09-27 22:00:00,0.39,-0.055,-0.445,-64.727833,18.312609,9751381,NOAA_NOS,IAN,2022,4200.0
2022-09-27 23:00:00,0.413,-0.037,-0.4499999999999999,-64.727833,18.312609,9751381,NOAA_NOS,IAN,2022,4260.0
2022-09-28 00:00:00,0.482,-0.026,-0.508,-64.727833,18.312609,9751381,NOAA_NOS,IAN,2022,4320.0
2022-09-28 01:00:00,0.515,-0.03,-0.545,-64.727833,18.312609,9751381,NOAA_NOS,IAN,2022,4380.0
2022-09-28 02:00:00,0.528,-0.052,-0.5800000000000001,-64.727833,18.312609,9751381,NOAA_NOS,IAN,2022,4440.0
2022-09-28 03:00:00,0.472,-0.102,-0.574,-64.727833,18.312609,9751381,NOAA_NOS,IAN,2022,4500.0
2022-09-28 04:00:00,0.404,-0.167,-0.5710000000000001,-64.727833,18.312609,9751381,NOAA_NOS,IAN,2022,4560.0
2022-09-28 05:00:00,0.285,-0.221,-0.506,-64.727833,18.312609,9751381,NOAA_NOS,IAN,2022,4620.0
2022-09-28 06:00:00,0.194,-0.249,-0.443,-64.727833,18.312609,9751381,NOAA_NOS,IAN,2022,4680.0
2022-09-28 07:00:00,0.138,-0.245,-0.383,-64.727833,18.312609,9751381,NOAA_NOS,IAN,2022,4740.0
2022-09-28 08:00:00,0.154,-0.204,-0.358,-64.727833,18.312609,9751381,NOAA_NOS,IAN,2022,4800.0
2022-09-28 09:00:00,0.217,-0.13,-0.347,-64.727833,18.312609,9751381,NOAA_NOS,IAN,2022,4860.0
2022-09-28 10:00:00,0.282,-0.024,-0.306,-64.727833,18.312609,9751381,NOAA_NOS,IAN,2022,4920.0
2022-09-28 11:00:00,0.456,0.088,-0.368,-64.727833,18.312609,9751381,NOAA_NOS,IAN,2022,4980.0
2022-09-28 12:00:00,0.584,0.193,-0.3909999999999999,-64.727833,18.312609,9751381,NOAA_NOS,IAN,2022,5040.0
2022-09-28 13:00:00,0.771,0.271,-0.5,-64.727833,18.312609,9751381,NOAA_NOS,IAN,2022,5100.0
2022-09-28 14:00:00,0.883,0.315,-0.5680000000000001,-64.727833,18.312609,9751381,NOAA_NOS,IAN,2022,5160.0
2022-09-28 15:00:00,0.912,0.315,-0.597,-64.727833,18.312609,9751381,NOAA_NOS,IAN,2022,5220.0
2022-09-28 16:00:00,0.876,0.274,-0.602,-64.727833,18.312609,9751381,NOAA_NOS,IAN,2022,5280.0
2022-09-28 17:00:00,0.84,0.212,-0.628,-64.727833,18.312609,9751381,NOAA_NOS,IAN,2022,5340.0
2022-09-28 18:00:00,0.725,0.147,-0.578,-64.727833,18.312609,9751381,NOAA_NOS,IAN,2022,5400.0
2022-09-28 19:00:00,0.636,0.089,-0.547,-64.727833,18.312609,9751381,NOAA_NOS,IAN,2022,5460.0
2022-09-28 20:00:00,0.528,0.04,-0.488,-64.727833,18.312609,9751381,NOAA_NOS,IAN,2022,5520.0
2022-09-28 21:00:00,0.446,0.003,-0.443,-64.727833,18.312609,9751381,NOAA_NOS,IAN,2022,5580.0
2022-09-28 22:00:00,0.384,-0.011,-0.395,-64.727833,18.312609,9751381,NOAA_NOS,IAN,2022,5640.0
2022-09-28 23:00:00,0.443,-0.023,-0.466,-64.727833,18.312609,9751381,NOAA_NOS,IAN,2022,5700.0
2022-09-29 00:00:00,0.397,-0.037,-0.434,-64.727833,18.312609,9751381,NOAA_NOS,IAN,2022,5760.0
2022-09-29 01:00:00,0.407,-0.067,-0.474,-64.727833,18.312609,9751381,NOAA_NOS,IAN,2022,5820.0
2022-09-29 02:00:00,0.44,-0.111,-0.551,-64.727833,18.312609,9751381,NOAA_NOS,IAN,2022,5880.0
2022-09-29 03:00:00,0.427,-0.172,-0.599,-64.727833,18.312609,9751381,NOAA_NOS,IAN,2022,5940.0
2022-09-29 04:00:00,0.325,-0.248,-0.573,-64.727833,18.312609,9751381,NOAA_NOS,IAN,2022,6000.0
2022-09-29 05:00:00,0.256,-0.321,-0.577,-64.727833,18.312609,9751381,NOAA_NOS,IAN,2022,6060.0
2022-09-29 06:00:00,0.148,-0.362,-0.51,-64.727833,18.312609,9751381,NOAA_NOS,IAN,2022,6120.0
2022-09-29 07:00:00,0.121,-0.367,-0.488,-64.727833,18.312609,9751381,NOAA_NOS,IAN,2022,6180.0
2022-09-29 08:00:00,0.062,-0.328,-0.39,-64.727833,18.312609,9751381,NOAA_NOS,IAN,2022,6240.0
2022-09-29 09:00:00,0.069,-0.251,-0.32,-64.727833,18.312609,9751381,NOAA_NOS,IAN,2022,6300.0
2022-09-29 10:00:00,0.151,-0.138,-0.289,-64.727833,18.312609,9751381,NOAA_NOS,IAN,2022,6360.0
2022-09-29 11:00:00,0.331,-0.005,-0.336,-64.727833,18.312609,9751381,NOAA_NOS,IAN,2022,6420.0
2022-09-29 12:00:00,0.476,0.129,-0.347,-64.727833,18.312609,9751381,NOAA_NOS,IAN,2022,6480.0
2022-09-29 13:00:00,0.653,0.251,-0.402,-64.727833,18.312609,9751381,NOAA_NOS,IAN,2022,6540.0
2022-09-29 14:00:00,0.84,0.341,-0.4989999999999999,-64.727833,18.312609,9751381,NOAA_NOS,IAN,2022,6600.0
2022-09-29 15:00:00,0.896,0.394,-0.502,-64.727833,18.312609,9751381,NOAA_NOS,IAN,2022,6660.0
2022-09-29 16:00:00,0.906,0.397,-0.509,-64.727833,18.312609,9751381,NOAA_NOS,IAN,2022,6720.0
2022-09-29 17:00:00,0.906,0.361,-0.545,-64.727833,18.312609,9751381,NOAA_NOS,IAN,2022,6780.0
2022-09-29 18:00:00,0.856,0.307,-0.5489999999999999,-64.727833,18.312609,9751381,NOAA_NOS,IAN,2022,6840.0
2022-09-29 19:00:00,0.791,0.241,-0.55,-64.727833,18.312609,9751381,NOAA_NOS,IAN,2022,6900.0
2022-09-29 20:00:00,0.617,0.174,-0.443,-64.727833,18.312609,9751381,NOAA_NOS,IAN,2022,6960.0
2022-09-29 21:00:00,0.548,0.106,-0.442,-64.727833,18.312609,9751381,NOAA_NOS,IAN,2022,7020.0
2022-09-29 22:00:00,0.535,0.045,-0.49,-64.727833,18.312609,9751381,NOAA_NOS,IAN,2022,7080.0
2022-09-29 23:00:00,0.394,-0.003,-0.397,-64.727833,18.312609,9751381,NOAA_NOS,IAN,2022,7140.0
2022-09-30 00:00:00,0.371,-0.049,-0.42,-64.727833,18.312609,9751381,NOAA_NOS,IAN,2022,7200.0
2022-09-30 01:00:00,0.305,-0.092,-0.397,-64.727833,18.312609,9751381,NOAA_NOS,IAN,2022,7260.0
2022-09-30 02:00:00,0.302,-0.142,-0.4439999999999999,-64.727833,18.312609,9751381,NOAA_NOS,IAN,2022,7320.0
2022-09-30 03:00:00,0.269,-0.195,-0.464,-64.727833,18.312609,9751381,NOAA_NOS,IAN,2022,7380.0
2022-09-30 04:00:00,0.18,-0.262,-0.442,-64.727833,18.312609,9751381,NOAA_NOS,IAN,2022,7440.0
2022-09-30 05:00:00,0.161,-0.336,-0.497,-64.727833,18.312609,9751381,NOAA_NOS,IAN,2022,7500.0
2022-09-30 06:00:00,0.121,-0.392,-0.513,-64.727833,18.312609,9751381,NOAA_NOS,IAN,2022,7560.0
2022-09-30 07:00:00,0.069,-0.419,-0.488,-64.727833,18.312609,9751381,NOAA_NOS,IAN,2022,7620.0
2022-09-30 08:00:00,0.003,-0.408,-0.411,-64.727833,18.312609,9751381,NOAA_NOS,IAN,2022,7680.0
2022-09-30 09:00:00,-0.092,-0.351,-0.259,-64.727833,18.312609,9751381,NOAA_NOS,IAN,2022,7740.0
2022-09-30 10:00:00,0.023,-0.26,-0.283,-64.727833,18.312609,9751381,NOAA_NOS,IAN,2022,7800.0
2022-09-30 11:00:00,0.187,-0.132,-0.319,-64.727833,18.312609,9751381,NOAA_NOS,IAN,2022,7860.0
2022-09-30 12:00:00,0.308,0.011,-0.297,-64.727833,18.312609,9751381,NOAA_NOS,IAN,2022,7920.0
2022-09-30 13:00:00,0.518,0.154,-0.364,-64.727833,18.312609,9751381,NOAA_NOS,IAN,2022,7980.0
2022-09-30 14:00:00,0.663,0.278,-0.385,-64.727833,18.312609,9751381,NOAA_NOS,IAN,2022,8040.0
2022-09-30 15:00:00,0.833,0.377,-0.4559999999999999,-64.727833,18.312609,9751381,NOAA_NOS,IAN,2022,8100.0
2022-09-30 16:00:00,0.892,0.432,-0.46,-64.727833,18.312609,9751381,NOAA_NOS,IAN,2022,8160.0
2022-09-30 17:00:00,0.948,0.445,-0.5029999999999999,-64.727833,18.312609,9751381,NOAA_NOS,IAN,2022,8220.0
2022-09-30 18:00:00,0.968,0.426,-0.542,-64.727833,18.312609,9751381,NOAA_NOS,IAN,2022,8280.0
2022-09-30 19:00:00,0.906,0.389,-0.517,-64.727833,18.312609,9751381,NOAA_NOS,IAN,2022,8340.0
2022-09-30 20:00:00,0.728,0.333,-0.3949999999999999,-64.727833,18.312609,9751381,NOAA_NOS,IAN,2022,8400.0
2022-09-30 21:00:00,0.594,0.267,-0.3269999999999999,-64.727833,18.312609,9751381,NOAA_NOS,IAN,2022,8460.0
2022-09-30 22:00:00,0.512,0.189,-0.323,-64.727833,18.312609,9751381,NOAA_NOS,IAN,2022,8520.0
2022-09-30 23:00:00,0.364,0.114,-0.25,-64.727833,18.312609,9751381,NOAA_NOS,IAN,2022,8580.0
2022-10-01 00:00:00,0.295,0.034,-0.261,-64.727833,18.312609,9751381,NOAA_NOS,IAN,2022,8640.0
2022-10-01 01:00:00,0.279,-0.049,-0.328,-64.727833,18.312609,9751381,NOAA_NOS,IAN,2022,8700.0
2022-10-01 02:00:00,0.207,-0.129,-0.3359999999999999,-64.727833,18.312609,9751381,NOAA_NOS,IAN,2022,8760.0
2022-10-01 03:00:00,0.194,-0.217,-0.411,-64.727833,18.312609,9751381,NOAA_NOS,IAN,2022,8820.0
2022-10-01 04:00:00,0.131,-0.288,-0.419,-64.727833,18.312609,9751381,NOAA_NOS,IAN,2022,8880.0
2022-10-01 05:00:00,0.056,-0.352,-0.408,-64.727833,18.312609,9751381,NOAA_NOS,IAN,2022,8940.0
2022-10-01 06:00:00,0.075,-0.412,-0.487,-64.727833,18.312609,9751381,NOAA_NOS,IAN,2022,9000.0
2022-10-01 07:00:00,0.03,-0.443,-0.473,-64.727833,18.312609,9751381,NOAA_NOS,IAN,2022,9060.0
2022-10-01 08:00:00,0.033,-0.451,-0.484,-64.727833,18.312609,9751381,NOAA_NOS,IAN,2022,9120.0
2022-10-01 09:00:00,-0.052,-0.441,-0.389,-64.727833,18.312609,9751381,NOAA_NOS,IAN,2022,9180.0
2022-10-01 10:00:00,0.013,-0.392,-0.405,-64.727833,18.312609,9751381,NOAA_NOS,IAN,2022,9240.0
2022-10-01 11:00:00,0.026,-0.299,-0.325,-64.727833,18.312609,9751381,NOAA_NOS,IAN,2022,9300.0
2022-10-01 12:00:00,0.102,-0.172,-0.2739999999999999,-64.727833,18.312609,9751381,NOAA_NOS,IAN,2022,9360.0
2022-10-01 13:00:00,0.243,-0.016,-0.259,-64.727833,18.312609,9751381,NOAA_NOS,IAN,2022,9420.0
2022-10-01 14:00:00,0.42,0.151,-0.269,-64.727833,18.312609,9751381,NOAA_NOS,IAN,2022,9480.0
2022-10-01 15:00:00,0.623,0.307,-0.316,-64.727833,18.312609,9751381,NOAA_NOS,IAN,2022,9540.0
2022-10-01 16:00:00,0.797,0.421,-0.376,-64.727833,18.312609,9751381,NOAA_NOS,IAN,2022,9600.0
2022-10-01 17:00:00,0.889,0.479,-0.41,-64.727833,18.312609,9751381,NOAA_NOS,IAN,2022,9660.0
2022-10-01 18:00:00,0.968,0.498,-0.47,-64.727833,18.312609,9751381,NOAA_NOS,IAN,2022,9720.0
2022-10-01 19:00:00,0.915,0.477,-0.438,-64.727833,18.312609,9751381,NOAA_NOS,IAN,2022,9780.0
2022-10-01 20:00:00,0.899,0.426,-0.473,-64.727833,18.312609,9751381,NOAA_NOS,IAN,2022,9840.0
2022-10-01 21:00:00,0.774,0.361,-0.413,-64.727833,18.312609,9751381,NOAA_NOS,IAN,2022,9900.0
2022-10-01 22:00:00,0.568,0.283,-0.285,-64.727833,18.312609,9751381,NOAA_NOS,IAN,2022,9960.0
2022-10-01 23:00:00,0.505,0.199,-0.306,-64.727833,18.312609,9751381,NOAA_NOS,IAN,2022,10020.0
2022-09-25 01:00:00,0.883,0.158,-0.725,-64.753799,17.6947,9751401,NOAA_NOS,IAN,2022,60.0
2022-09-25 02:00:00,0.889,0.103,-0.786,-64.753799,17.6947,9751401,NOAA_NOS,IAN,2022,120.0
2022-09-25 03:00:00,0.827,0.076,-0.751,-64.753799,17.6947,9751401,NOAA_NOS,IAN,2022,180.0
2022-09-25 04:00:00,0.774,0.036,-0.738,-64.753799,17.6947,9751401,NOAA_NOS,IAN,2022,240.0
2022-09-25 05:00:00,0.682,0.0,-0.682,-64.753799,17.6947,9751401,NOAA_NOS,IAN,2022,300.0
2022-09-25 06:00:00,0.604,-0.013,-0.617,-64.753799,17.6947,9751401,NOAA_NOS,IAN,2022,360.0
2022-09-25 07:00:00,0.548,-0.016,-0.5640000000000001,-64.753799,17.6947,9751401,NOAA_NOS,IAN,2022,420.0
2022-09-25 08:00:00,0.509,-0.019,-0.528,-64.753799,17.6947,9751401,NOAA_NOS,IAN,2022,480.0
2022-09-25 09:00:00,0.472,0.003,-0.469,-64.753799,17.6947,9751401,NOAA_NOS,IAN,2022,540.0
2022-09-25 10:00:00,0.476,0.007,-0.469,-64.753799,17.6947,9751401,NOAA_NOS,IAN,2022,600.0
2022-09-25 11:00:00,0.528,0.019,-0.509,-64.753799,17.6947,9751401,NOAA_NOS,IAN,2022,660.0
2022-09-25 12:00:00,0.571,0.005,-0.566,-64.753799,17.6947,9751401,NOAA_NOS,IAN,2022,720.0
2022-09-25 13:00:00,0.551,-0.009,-0.56,-64.753799,17.6947,9751401,NOAA_NOS,IAN,2022,780.0
2022-09-25 14:00:00,0.581,-0.045,-0.626,-64.753799,17.6947,9751401,NOAA_NOS,IAN,2022,840.0
2022-09-25 15:00:00,0.564,-0.076,-0.6399999999999999,-64.753799,17.6947,9751401,NOAA_NOS,IAN,2022,900.0
2022-09-25 16:00:00,0.486,-0.1,-0.586,-64.753799,17.6947,9751401,NOAA_NOS,IAN,2022,960.0
2022-09-25 17:00:00,0.489,-0.102,-0.591,-64.753799,17.6947,9751401,NOAA_NOS,IAN,2022,1020.0
2022-09-25 18:00:00,0.446,-0.09,-0.536,-64.753799,17.6947,9751401,NOAA_NOS,IAN,2022,1080.0
2022-09-25 19:00:00,0.453,-0.064,-0.517,-64.753799,17.6947,9751401,NOAA_NOS,IAN,2022,1140.0
2022-09-25 20:00:00,0.518,-0.026,-0.544,-64.753799,17.6947,9751401,NOAA_NOS,IAN,2022,1200.0
2022-09-25 21:00:00,0.591,0.009,-0.582,-64.753799,17.6947,9751401,NOAA_NOS,IAN,2022,1260.0
2022-09-25 22:00:00,0.669,0.044,-0.625,-64.753799,17.6947,9751401,NOAA_NOS,IAN,2022,1320.0
2022-09-25 23:00:00,0.722,0.065,-0.657,-64.753799,17.6947,9751401,NOAA_NOS,IAN,2022,1380.0
2022-09-26 00:00:00,0.801,0.067,-0.734,-64.753799,17.6947,9751401,NOAA_NOS,IAN,2022,1440.0
2022-09-26 01:00:00,0.81,0.057,-0.753,-64.753799,17.6947,9751401,NOAA_NOS,IAN,2022,1500.0
2022-09-26 02:00:00,0.784,0.034,-0.75,-64.753799,17.6947,9751401,NOAA_NOS,IAN,2022,1560.0
2022-09-26 03:00:00,0.745,0.008,-0.737,-64.753799,17.6947,9751401,NOAA_NOS,IAN,2022,1620.0
2022-09-26 04:00:00,0.689,-0.013,-0.702,-64.753799,17.6947,9751401,NOAA_NOS,IAN,2022,1680.0
2022-09-26 05:00:00,0.64,-0.029,-0.669,-64.753799,17.6947,9751401,NOAA_NOS,IAN,2022,1740.0
2022-09-26 06:00:00,0.558,-0.027,-0.5850000000000001,-64.753799,17.6947,9751401,NOAA_NOS,IAN,2022,1800.0
2022-09-26 07:00:00,0.541,-0.022,-0.5630000000000001,-64.753799,17.6947,9751401,NOAA_NOS,IAN,2022,1860.0
2022-09-26 08:00:00,0.531,-0.006,-0.537,-64.753799,17.6947,9751401,NOAA_NOS,IAN,2022,1920.0
2022-09-26 09:00:00,0.61,0.024,-0.586,-64.753799,17.6947,9751401,NOAA_NOS,IAN,2022,1980.0
2022-09-26 10:00:00,0.669,0.053,-0.616,-64.753799,17.6947,9751401,NOAA_NOS,IAN,2022,2040.0
2022-09-26 11:00:00,0.781,0.074,-0.7070000000000001,-64.753799,17.6947,9751401,NOAA_NOS,IAN,2022,2100.0
2022-09-26 12:00:00,0.827,0.077,-0.75,-64.753799,17.6947,9751401,NOAA_NOS,IAN,2022,2160.0
2022-09-26 13:00:00,0.82,0.07,-0.75,-64.753799,17.6947,9751401,NOAA_NOS,IAN,2022,2220.0
2022-09-26 14:00:00,0.853,0.05,-0.8029999999999999,-64.753799,17.6947,9751401,NOAA_NOS,IAN,2022,2280.0
2022-09-26 15:00:00,0.84,0.021,-0.819,-64.753799,17.6947,9751401,NOAA_NOS,IAN,2022,2340.0
2022-09-26 16:00:00,0.781,-0.003,-0.784,-64.753799,17.6947,9751401,NOAA_NOS,IAN,2022,2400.0
2022-09-26 17:00:00,0.689,-0.018,-0.707,-64.753799,17.6947,9751401,NOAA_NOS,IAN,2022,2460.0
2022-09-26 18:00:00,0.653,-0.025,-0.678,-64.753799,17.6947,9751401,NOAA_NOS,IAN,2022,2520.0
2022-09-26 19:00:00,0.64,-0.02,-0.66,-64.753799,17.6947,9751401,NOAA_NOS,IAN,2022,2580.0
2022-09-26 20:00:00,0.709,-0.014,-0.723,-64.753799,17.6947,9751401,NOAA_NOS,IAN,2022,2640.0
2022-09-26 21:00:00,0.735,0.003,-0.732,-64.753799,17.6947,9751401,NOAA_NOS,IAN,2022,2700.0
2022-09-26 22:00:00,0.774,0.026,-0.748,-64.753799,17.6947,9751401,NOAA_NOS,IAN,2022,2760.0
2022-09-26 23:00:00,0.83,0.032,-0.7979999999999999,-64.753799,17.6947,9751401,NOAA_NOS,IAN,2022,2820.0
2022-09-27 00:00:00,0.879,0.023,-0.856,-64.753799,17.6947,9751401,NOAA_NOS,IAN,2022,2880.0
2022-09-27 01:00:00,0.827,-0.009,-0.836,-64.753799,17.6947,9751401,NOAA_NOS,IAN,2022,2940.0
2022-09-27 02:00:00,0.771,-0.05,-0.8210000000000001,-64.753799,17.6947,9751401,NOAA_NOS,IAN,2022,3000.0
2022-09-27 03:00:00,0.741,-0.099,-0.84,-64.753799,17.6947,9751401,NOAA_NOS,IAN,2022,3060.0
2022-09-27 04:00:00,0.676,-0.139,-0.8150000000000001,-64.753799,17.6947,9751401,NOAA_NOS,IAN,2022,3120.0
2022-09-27 05:00:00,0.522,-0.155,-0.677,-64.753799,17.6947,9751401,NOAA_NOS,IAN,2022,3180.0
2022-09-27 06:00:00,0.456,-0.146,-0.602,-64.753799,17.6947,9751401,NOAA_NOS,IAN,2022,3240.0
2022-09-27 07:00:00,0.456,-0.113,-0.5690000000000001,-64.753799,17.6947,9751401,NOAA_NOS,IAN,2022,3300.0
2022-09-27 08:00:00,0.486,-0.071,-0.5569999999999999,-64.753799,17.6947,9751401,NOAA_NOS,IAN,2022,3360.0
2022-09-27 09:00:00,0.558,-0.011,-0.5690000000000001,-64.753799,17.6947,9751401,NOAA_NOS,IAN,2022,3420.0
2022-09-27 10:00:00,0.604,0.054,-0.5499999999999999,-64.753799,17.6947,9751401,NOAA_NOS,IAN,2022,3480.0
2022-09-27 11:00:00,0.65,0.115,-0.535,-64.753799,17.6947,9751401,NOAA_NOS,IAN,2022,3540.0
2022-09-27 12:00:00,0.686,0.158,-0.528,-64.753799,17.6947,9751401,NOAA_NOS,IAN,2022,3600.0
2022-09-27 13:00:00,0.764,0.18,-0.5840000000000001,-64.753799,17.6947,9751401,NOAA_NOS,IAN,2022,3660.0
2022-09-27 14:00:00,0.778,0.182,-0.5960000000000001,-64.753799,17.6947,9751401,NOAA_NOS,IAN,2022,3720.0
2022-09-27 15:00:00,0.797,0.162,-0.635,-64.753799,17.6947,9751401,NOAA_NOS,IAN,2022,3780.0
2022-09-27 16:00:00,0.814,0.129,-0.6849999999999999,-64.753799,17.6947,9751401,NOAA_NOS,IAN,2022,3840.0
2022-09-27 17:00:00,0.745,0.098,-0.647,-64.753799,17.6947,9751401,NOAA_NOS,IAN,2022,3900.0
2022-09-27 18:00:00,0.676,0.071,-0.6050000000000001,-64.753799,17.6947,9751401,NOAA_NOS,IAN,2022,3960.0
2022-09-27 19:00:00,0.61,0.052,-0.5579999999999999,-64.753799,17.6947,9751401,NOAA_NOS,IAN,2022,4020.0
2022-09-27 20:00:00,0.587,0.03,-0.5569999999999999,-64.753799,17.6947,9751401,NOAA_NOS,IAN,2022,4080.0
2022-09-27 21:00:00,0.587,0.007,-0.58,-64.753799,17.6947,9751401,NOAA_NOS,IAN,2022,4140.0
2022-09-27 22:00:00,0.581,-0.014,-0.595,-64.753799,17.6947,9751401,NOAA_NOS,IAN,2022,4200.0
2022-09-27 23:00:00,0.541,-0.036,-0.5770000000000001,-64.753799,17.6947,9751401,NOAA_NOS,IAN,2022,4260.0
2022-09-28 00:00:00,0.571,-0.062,-0.633,-64.753799,17.6947,9751401,NOAA_NOS,IAN,2022,4320.0
2022-09-28 01:00:00,0.564,-0.097,-0.6609999999999999,-64.753799,17.6947,9751401,NOAA_NOS,IAN,2022,4380.0
2022-09-28 02:00:00,0.571,-0.133,-0.704,-64.753799,17.6947,9751401,NOAA_NOS,IAN,2022,4440.0
2022-09-28 03:00:00,0.522,-0.172,-0.694,-64.753799,17.6947,9751401,NOAA_NOS,IAN,2022,4500.0
2022-09-28 04:00:00,0.492,-0.208,-0.7,-64.753799,17.6947,9751401,NOAA_NOS,IAN,2022,4560.0
2022-09-28 05:00:00,0.436,-0.222,-0.658,-64.753799,17.6947,9751401,NOAA_NOS,IAN,2022,4620.0
2022-09-28 06:00:00,0.338,-0.21,-0.548,-64.753799,17.6947,9751401,NOAA_NOS,IAN,2022,4680.0
2022-09-28 07:00:00,0.318,-0.172,-0.49,-64.753799,17.6947,9751401,NOAA_NOS,IAN,2022,4740.0
2022-09-28 08:00:00,0.348,-0.115,-0.4629999999999999,-64.753799,17.6947,9751401,NOAA_NOS,IAN,2022,4800.0
2022-09-28 09:00:00,0.44,-0.051,-0.491,-64.753799,17.6947,9751401,NOAA_NOS,IAN,2022,4860.0
2022-09-28 10:00:00,0.535,0.022,-0.513,-64.753799,17.6947,9751401,NOAA_NOS,IAN,2022,4920.0
2022-09-28 11:00:00,0.614,0.093,-0.521,-64.753799,17.6947,9751401,NOAA_NOS,IAN,2022,4980.0
2022-09-28 12:00:00,0.748,0.155,-0.593,-64.753799,17.6947,9751401,NOAA_NOS,IAN,2022,5040.0
2022-09-28 13:00:00,0.853,0.195,-0.6579999999999999,-64.753799,17.6947,9751401,NOAA_NOS,IAN,2022,5100.0
2022-09-28 14:00:00,0.915,0.217,-0.6980000000000001,-64.753799,17.6947,9751401,NOAA_NOS,IAN,2022,5160.0
2022-09-28 15:00:00,0.938,0.222,-0.716,-64.753799,17.6947,9751401,NOAA_NOS,IAN,2022,5220.0
2022-09-28 16:00:00,0.892,0.208,-0.684,-64.753799,17.6947,9751401,NOAA_NOS,IAN,2022,5280.0
2022-09-28 17:00:00,0.889,0.187,-0.702,-64.753799,17.6947,9751401,NOAA_NOS,IAN,2022,5340.0
2022-09-28 18:00:00,0.774,0.167,-0.607,-64.753799,17.6947,9751401,NOAA_NOS,IAN,2022,5400.0
2022-09-28 19:00:00,0.768,0.148,-0.62,-64.753799,17.6947,9751401,NOAA_NOS,IAN,2022,5460.0
2022-09-28 20:00:00,0.778,0.131,-0.647,-64.753799,17.6947,9751401,NOAA_NOS,IAN,2022,5520.0
2022-09-28 21:00:00,0.751,0.1,-0.651,-64.753799,17.6947,9751401,NOAA_NOS,IAN,2022,5580.0
2022-09-28 22:00:00,0.722,0.064,-0.6579999999999999,-64.753799,17.6947,9751401,NOAA_NOS,IAN,2022,5640.0
2022-09-28 23:00:00,0.699,0.015,-0.6839999999999999,-64.753799,17.6947,9751401,NOAA_NOS,IAN,2022,5700.0
2022-09-29 00:00:00,0.663,-0.041,-0.7040000000000001,-64.753799,17.6947,9751401,NOAA_NOS,IAN,2022,5760.0
2022-09-29 01:00:00,0.6,-0.111,-0.711,-64.753799,17.6947,9751401,NOAA_NOS,IAN,2022,5820.0
2022-09-29 02:00:00,0.482,-0.185,-0.667,-64.753799,17.6947,9751401,NOAA_NOS,IAN,2022,5880.0
2022-09-29 03:00:00,0.387,-0.255,-0.642,-64.753799,17.6947,9751401,NOAA_NOS,IAN,2022,5940.0
2022-09-29 04:00:00,0.331,-0.317,-0.648,-64.753799,17.6947,9751401,NOAA_NOS,IAN,2022,6000.0
2022-09-29 05:00:00,0.233,-0.357,-0.59,-64.753799,17.6947,9751401,NOAA_NOS,IAN,2022,6060.0
2022-09-29 06:00:00,0.187,-0.362,-0.5489999999999999,-64.753799,17.6947,9751401,NOAA_NOS,IAN,2022,6120.0
2022-09-29 07:00:00,0.161,-0.329,-0.49,-64.753799,17.6947,9751401,NOAA_NOS,IAN,2022,6180.0
2022-09-29 08:00:00,0.19,-0.261,-0.451,-64.753799,17.6947,9751401,NOAA_NOS,IAN,2022,6240.0
2022-09-29 09:00:00,0.22,-0.171,-0.391,-64.753799,17.6947,9751401,NOAA_NOS,IAN,2022,6300.0
2022-09-29 10:00:00,0.322,-0.073,-0.395,-64.753799,17.6947,9751401,NOAA_NOS,IAN,2022,6360.0
2022-09-29 11:00:00,0.459,0.029,-0.43,-64.753799,17.6947,9751401,NOAA_NOS,IAN,2022,6420.0
2022-09-29 12:00:00,0.604,0.124,-0.48,-64.753799,17.6947,9751401,NOAA_NOS,IAN,2022,6480.0
2022-09-29 13:00:00,0.702,0.203,-0.4989999999999999,-64.753799,17.6947,9751401,NOAA_NOS,IAN,2022,6540.0
2022-09-29 14:00:00,0.728,0.257,-0.471,-64.753799,17.6947,9751401,NOAA_NOS,IAN,2022,6600.0
2022-09-29 15:00:00,0.784,0.293,-0.491,-64.753799,17.6947,9751401,NOAA_NOS,IAN,2022,6660.0
2022-09-29 16:00:00,0.817,0.306,-0.5109999999999999,-64.753799,17.6947,9751401,NOAA_NOS,IAN,2022,6720.0
2022-09-29 17:00:00,0.84,0.3,-0.54,-64.753799,17.6947,9751401,NOAA_NOS,IAN,2022,6780.0
2022-09-29 18:00:00,0.965,0.288,-0.677,-64.753799,17.6947,9751401,NOAA_NOS,IAN,2022,6840.0
2022-09-29 19:00:00,0.853,0.269,-0.584,-64.753799,17.6947,9751401,NOAA_NOS,IAN,2022,6900.0
2022-09-29 20:00:00,0.81,0.244,-0.5660000000000001,-64.753799,17.6947,9751401,NOAA_NOS,IAN,2022,6960.0
2022-09-29 21:00:00,0.741,0.202,-0.5389999999999999,-64.753799,17.6947,9751401,NOAA_NOS,IAN,2022,7020.0
2022-09-29 22:00:00,0.673,0.138,-0.535,-64.753799,17.6947,9751401,NOAA_NOS,IAN,2022,7080.0
2022-09-29 23:00:00,0.725,0.064,-0.661,-64.753799,17.6947,9751401,NOAA_NOS,IAN,2022,7140.0
2022-09-30 00:00:00,0.607,-0.022,-0.629,-64.753799,17.6947,9751401,NOAA_NOS,IAN,2022,7200.0
2022-09-30 01:00:00,0.525,-0.109,-0.634,-64.753799,17.6947,9751401,NOAA_NOS,IAN,2022,7260.0
2022-09-30 02:00:00,0.404,-0.199,-0.603,-64.753799,17.6947,9751401,NOAA_NOS,IAN,2022,7320.0
2022-09-30 03:00:00,0.328,-0.279,-0.607,-64.753799,17.6947,9751401,NOAA_NOS,IAN,2022,7380.0
2022-09-30 04:00:00,0.24,-0.349,-0.589,-64.753799,17.6947,9751401,NOAA_NOS,IAN,2022,7440.0
2022-09-30 05:00:00,0.184,-0.403,-0.587,-64.753799,17.6947,9751401,NOAA_NOS,IAN,2022,7500.0
2022-09-30 06:00:00,0.157,-0.426,-0.583,-64.753799,17.6947,9751401,NOAA_NOS,IAN,2022,7560.0
2022-09-30 07:00:00,0.062,-0.412,-0.474,-64.753799,17.6947,9751401,NOAA_NOS,IAN,2022,7620.0
2022-09-30 08:00:00,0.033,-0.363,-0.396,-64.753799,17.6947,9751401,NOAA_NOS,IAN,2022,7680.0
2022-09-30 09:00:00,-0.049,-0.279,-0.23,-64.753799,17.6947,9751401,NOAA_NOS,IAN,2022,7740.0
2022-09-30 10:00:00,0.069,-0.182,-0.251,-64.753799,17.6947,9751401,NOAA_NOS,IAN,2022,7800.0
2022-09-30 11:00:00,0.262,-0.076,-0.338,-64.753799,17.6947,9751401,NOAA_NOS,IAN,2022,7860.0
2022-09-30 12:00:00,0.295,0.032,-0.263,-64.753799,17.6947,9751401,NOAA_NOS,IAN,2022,7920.0
2022-09-30 13:00:00,0.528,0.133,-0.395,-64.753799,17.6947,9751401,NOAA_NOS,IAN,2022,7980.0
2022-09-30 14:00:00,0.682,0.216,-0.4660000000000001,-64.753799,17.6947,9751401,NOAA_NOS,IAN,2022,8040.0
2022-09-30 15:00:00,0.781,0.282,-0.499,-64.753799,17.6947,9751401,NOAA_NOS,IAN,2022,8100.0
2022-09-30 16:00:00,0.83,0.328,-0.502,-64.753799,17.6947,9751401,NOAA_NOS,IAN,2022,8160.0
2022-09-30 17:00:00,0.82,0.356,-0.4639999999999999,-64.753799,17.6947,9751401,NOAA_NOS,IAN,2022,8220.0
2022-09-30 18:00:00,0.892,0.369,-0.523,-64.753799,17.6947,9751401,NOAA_NOS,IAN,2022,8280.0
2022-09-30 19:00:00,0.902,0.374,-0.528,-64.753799,17.6947,9751401,NOAA_NOS,IAN,2022,8340.0
2022-09-30 20:00:00,0.81,0.365,-0.445,-64.753799,17.6947,9751401,NOAA_NOS,IAN,2022,8400.0
2022-09-30 21:00:00,0.751,0.342,-0.409,-64.753799,17.6947,9751401,NOAA_NOS,IAN,2022,8460.0
2022-09-30 22:00:00,0.653,0.289,-0.364,-64.753799,17.6947,9751401,NOAA_NOS,IAN,2022,8520.0
2022-09-30 23:00:00,0.646,0.207,-0.439,-64.753799,17.6947,9751401,NOAA_NOS,IAN,2022,8580.0
2022-10-01 00:00:00,0.597,0.099,-0.498,-64.753799,17.6947,9751401,NOAA_NOS,IAN,2022,8640.0
2022-10-01 01:00:00,0.571,-0.022,-0.593,-64.753799,17.6947,9751401,NOAA_NOS,IAN,2022,8700.0
2022-10-01 02:00:00,0.538,-0.147,-0.685,-64.753799,17.6947,9751401,NOAA_NOS,IAN,2022,8760.0
2022-10-01 03:00:00,0.394,-0.272,-0.666,-64.753799,17.6947,9751401,NOAA_NOS,IAN,2022,8820.0
2022-10-01 04:00:00,0.164,-0.375,-0.539,-64.753799,17.6947,9751401,NOAA_NOS,IAN,2022,8880.0
2022-10-01 05:00:00,0.03,-0.444,-0.474,-64.753799,17.6947,9751401,NOAA_NOS,IAN,2022,8940.0
2022-10-01 06:00:00,-0.016,-0.482,-0.4659999999999999,-64.753799,17.6947,9751401,NOAA_NOS,IAN,2022,9000.0
2022-10-01 07:00:00,0.01,-0.476,-0.486,-64.753799,17.6947,9751401,NOAA_NOS,IAN,2022,9060.0
2022-10-01 08:00:00,0.0,-0.438,-0.438,-64.753799,17.6947,9751401,NOAA_NOS,IAN,2022,9120.0
2022-10-01 09:00:00,-0.049,-0.384,-0.335,-64.753799,17.6947,9751401,NOAA_NOS,IAN,2022,9180.0
2022-10-01 10:00:00,0.039,-0.312,-0.351,-64.753799,17.6947,9751401,NOAA_NOS,IAN,2022,9240.0
2022-10-01 11:00:00,0.102,-0.22,-0.322,-64.753799,17.6947,9751401,NOAA_NOS,IAN,2022,9300.0
2022-10-01 12:00:00,0.259,-0.117,-0.376,-64.753799,17.6947,9751401,NOAA_NOS,IAN,2022,9360.0
2022-10-01 13:00:00,0.407,0.001,-0.4059999999999999,-64.753799,17.6947,9751401,NOAA_NOS,IAN,2022,9420.0
2022-10-01 14:00:00,0.623,0.125,-0.498,-64.753799,17.6947,9751401,NOAA_NOS,IAN,2022,9480.0
2022-10-01 15:00:00,0.702,0.235,-0.4669999999999999,-64.753799,17.6947,9751401,NOAA_NOS,IAN,2022,9540.0
2022-10-01 16:00:00,0.745,0.319,-0.426,-64.753799,17.6947,9751401,NOAA_NOS,IAN,2022,9600.0
2022-10-01 17:00:00,0.741,0.378,-0.363,-64.753799,17.6947,9751401,NOAA_NOS,IAN,2022,9660.0
2022-10-01 18:00:00,0.791,0.415,-0.376,-64.753799,17.6947,9751401,NOAA_NOS,IAN,2022,9720.0
2022-10-01 19:00:00,0.856,0.43,-0.426,-64.753799,17.6947,9751401,NOAA_NOS,IAN,2022,9780.0
2022-10-01 20:00:00,0.919,0.425,-0.494,-64.753799,17.6947,9751401,NOAA_NOS,IAN,2022,9840.0
2022-10-01 21:00:00,0.823,0.405,-0.4179999999999999,-64.753799,17.6947,9751401,NOAA_NOS,IAN,2022,9900.0
2022-10-01 22:00:00,0.732,0.364,-0.368,-64.753799,17.6947,9751401,NOAA_NOS,IAN,2022,9960.0
2022-10-01 23:00:00,0.686,0.296,-0.39,-64.753799,17.6947,9751401,NOAA_NOS,IAN,2022,10020.0
2022-09-25 01:00:00,0.722,0.201,-0.5209999999999999,-64.921,18.335833,9751639,NOAA_NOS,IAN,2022,60.0
2022-09-25 02:00:00,0.6,0.129,-0.471,-64.921,18.335833,9751639,NOAA_NOS,IAN,2022,120.0
2022-09-25 03:00:00,0.518,0.072,-0.446,-64.921,18.335833,9751639,NOAA_NOS,IAN,2022,180.0
2022-09-25 04:00:00,0.44,-0.04,-0.48,-64.921,18.335833,9751639,NOAA_NOS,IAN,2022,240.0
2022-09-25 05:00:00,0.335,-0.051,-0.386,-64.921,18.335833,9751639,NOAA_NOS,IAN,2022,300.0
2022-09-25 06:00:00,0.276,-0.064,-0.34,-64.921,18.335833,9751639,NOAA_NOS,IAN,2022,360.0
2022-09-25 07:00:00,0.249,-0.071,-0.32,-64.921,18.335833,9751639,NOAA_NOS,IAN,2022,420.0
2022-09-25 08:00:00,0.217,-0.051,-0.268,-64.921,18.335833,9751639,NOAA_NOS,IAN,2022,480.0
2022-09-25 09:00:00,0.22,0.011,-0.209,-64.921,18.335833,9751639,NOAA_NOS,IAN,2022,540.0
2022-09-25 10:00:00,0.308,0.043,-0.265,-64.921,18.335833,9751639,NOAA_NOS,IAN,2022,600.0
2022-09-25 11:00:00,0.394,0.081,-0.313,-64.921,18.335833,9751639,NOAA_NOS,IAN,2022,660.0
2022-09-25 12:00:00,0.42,0.078,-0.3419999999999999,-64.921,18.335833,9751639,NOAA_NOS,IAN,2022,720.0
2022-09-25 13:00:00,0.417,0.047,-0.37,-64.921,18.335833,9751639,NOAA_NOS,IAN,2022,780.0
2022-09-25 14:00:00,0.361,-0.008,-0.369,-64.921,18.335833,9751639,NOAA_NOS,IAN,2022,840.0
2022-09-25 15:00:00,0.253,-0.07,-0.323,-64.921,18.335833,9751639,NOAA_NOS,IAN,2022,900.0
2022-09-25 16:00:00,0.269,-0.128,-0.397,-64.921,18.335833,9751639,NOAA_NOS,IAN,2022,960.0
2022-09-25 17:00:00,0.148,-0.152,-0.3,-64.921,18.335833,9751639,NOAA_NOS,IAN,2022,1020.0
2022-09-25 18:00:00,0.194,-0.156,-0.35,-64.921,18.335833,9751639,NOAA_NOS,IAN,2022,1080.0
2022-09-25 19:00:00,0.171,-0.124,-0.295,-64.921,18.335833,9751639,NOAA_NOS,IAN,2022,1140.0
2022-09-25 20:00:00,0.328,-0.064,-0.392,-64.921,18.335833,9751639,NOAA_NOS,IAN,2022,1200.0
2022-09-25 21:00:00,0.341,0.002,-0.339,-64.921,18.335833,9751639,NOAA_NOS,IAN,2022,1260.0
2022-09-25 22:00:00,0.453,0.07,-0.383,-64.921,18.335833,9751639,NOAA_NOS,IAN,2022,1320.0
2022-09-25 23:00:00,0.587,0.119,-0.4679999999999999,-64.921,18.335833,9751639,NOAA_NOS,IAN,2022,1380.0
2022-09-26 00:00:00,0.663,0.137,-0.526,-64.921,18.335833,9751639,NOAA_NOS,IAN,2022,1440.0
2022-09-26 01:00:00,0.653,0.12,-0.533,-64.921,18.335833,9751639,NOAA_NOS,IAN,2022,1500.0
2022-09-26 02:00:00,0.548,0.077,-0.471,-64.921,18.335833,9751639,NOAA_NOS,IAN,2022,1560.0
2022-09-26 03:00:00,0.525,0.018,-0.507,-64.921,18.335833,9751639,NOAA_NOS,IAN,2022,1620.0
2022-09-26 04:00:00,0.407,-0.037,-0.4439999999999999,-64.921,18.335833,9751639,NOAA_NOS,IAN,2022,1680.0
2022-09-26 05:00:00,0.312,-0.08,-0.392,-64.921,18.335833,9751639,NOAA_NOS,IAN,2022,1740.0
2022-09-26 06:00:00,0.246,-0.094,-0.3399999999999999,-64.921,18.335833,9751639,NOAA_NOS,IAN,2022,1800.0
2022-09-26 07:00:00,0.187,-0.09,-0.277,-64.921,18.335833,9751639,NOAA_NOS,IAN,2022,1860.0
2022-09-26 08:00:00,0.23,-0.052,-0.282,-64.921,18.335833,9751639,NOAA_NOS,IAN,2022,1920.0
2022-09-26 09:00:00,0.312,0.01,-0.302,-64.921,18.335833,9751639,NOAA_NOS,IAN,2022,1980.0
2022-09-26 10:00:00,0.41,0.076,-0.3339999999999999,-64.921,18.335833,9751639,NOAA_NOS,IAN,2022,2040.0
2022-09-26 11:00:00,0.44,0.122,-0.318,-64.921,18.335833,9751639,NOAA_NOS,IAN,2022,2100.0
2022-09-26 12:00:00,0.607,0.147,-0.4599999999999999,-64.921,18.335833,9751639,NOAA_NOS,IAN,2022,2160.0
2022-09-26 13:00:00,0.577,0.146,-0.4309999999999999,-64.921,18.335833,9751639,NOAA_NOS,IAN,2022,2220.0
2022-09-26 14:00:00,0.61,0.108,-0.502,-64.921,18.335833,9751639,NOAA_NOS,IAN,2022,2280.0
2022-09-26 15:00:00,0.518,0.048,-0.47,-64.921,18.335833,9751639,NOAA_NOS,IAN,2022,2340.0
2022-09-26 16:00:00,0.486,-0.011,-0.497,-64.921,18.335833,9751639,NOAA_NOS,IAN,2022,2400.0
2022-09-26 17:00:00,0.509,-0.059,-0.5680000000000001,-64.921,18.335833,9751639,NOAA_NOS,IAN,2022,2460.0
2022-09-26 18:00:00,0.43,-0.09,-0.52,-64.921,18.335833,9751639,NOAA_NOS,IAN,2022,2520.0
2022-09-26 19:00:00,0.4,-0.094,-0.494,-64.921,18.335833,9751639,NOAA_NOS,IAN,2022,2580.0
2022-09-26 20:00:00,0.407,-0.075,-0.482,-64.921,18.335833,9751639,NOAA_NOS,IAN,2022,2640.0
2022-09-26 21:00:00,0.42,-0.029,-0.449,-64.921,18.335833,9751639,NOAA_NOS,IAN,2022,2700.0
2022-09-26 22:00:00,0.515,0.029,-0.486,-64.921,18.335833,9751639,NOAA_NOS,IAN,2022,2760.0
2022-09-26 23:00:00,0.617,0.064,-0.5529999999999999,-64.921,18.335833,9751639,NOAA_NOS,IAN,2022,2820.0
2022-09-27 00:00:00,0.669,0.082,-0.5870000000000001,-64.921,18.335833,9751639,NOAA_NOS,IAN,2022,2880.0
2022-09-27 01:00:00,0.659,0.061,-0.5980000000000001,-64.921,18.335833,9751639,NOAA_NOS,IAN,2022,2940.0
2022-09-27 02:00:00,0.627,0.013,-0.614,-64.921,18.335833,9751639,NOAA_NOS,IAN,2022,3000.0
2022-09-27 03:00:00,0.551,-0.063,-0.6140000000000001,-64.921,18.335833,9751639,NOAA_NOS,IAN,2022,3060.0
2022-09-27 04:00:00,0.456,-0.136,-0.5920000000000001,-64.921,18.335833,9751639,NOAA_NOS,IAN,2022,3120.0
2022-09-27 05:00:00,0.262,-0.186,-0.448,-64.921,18.335833,9751639,NOAA_NOS,IAN,2022,3180.0
2022-09-27 06:00:00,0.256,-0.203,-0.459,-64.921,18.335833,9751639,NOAA_NOS,IAN,2022,3240.0
2022-09-27 07:00:00,0.233,-0.185,-0.418,-64.921,18.335833,9751639,NOAA_NOS,IAN,2022,3300.0
2022-09-27 08:00:00,0.256,-0.136,-0.392,-64.921,18.335833,9751639,NOAA_NOS,IAN,2022,3360.0
2022-09-27 09:00:00,0.256,-0.049,-0.305,-64.921,18.335833,9751639,NOAA_NOS,IAN,2022,3420.0
2022-09-27 10:00:00,0.299,0.051,-0.248,-64.921,18.335833,9751639,NOAA_NOS,IAN,2022,3480.0
2022-09-27 11:00:00,0.476,0.148,-0.3279999999999999,-64.921,18.335833,9751639,NOAA_NOS,IAN,2022,3540.0
2022-09-27 12:00:00,0.584,0.217,-0.367,-64.921,18.335833,9751639,NOAA_NOS,IAN,2022,3600.0
2022-09-27 13:00:00,0.682,0.257,-0.425,-64.921,18.335833,9751639,NOAA_NOS,IAN,2022,3660.0
2022-09-27 14:00:00,0.702,0.254,-0.4479999999999999,-64.921,18.335833,9751639,NOAA_NOS,IAN,2022,3720.0
2022-09-27 15:00:00,0.62,0.209,-0.411,-64.921,18.335833,9751639,NOAA_NOS,IAN,2022,3780.0
2022-09-27 16:00:00,0.617,0.141,-0.476,-64.921,18.335833,9751639,NOAA_NOS,IAN,2022,3840.0
2022-09-27 17:00:00,0.486,0.069,-0.417,-64.921,18.335833,9751639,NOAA_NOS,IAN,2022,3900.0
2022-09-27 18:00:00,0.397,0.016,-0.381,-64.921,18.335833,9751639,NOAA_NOS,IAN,2022,3960.0
2022-09-27 19:00:00,0.335,-0.027,-0.362,-64.921,18.335833,9751639,NOAA_NOS,IAN,2022,4020.0
2022-09-27 20:00:00,0.341,-0.05,-0.391,-64.921,18.335833,9751639,NOAA_NOS,IAN,2022,4080.0
2022-09-27 21:00:00,0.299,-0.048,-0.347,-64.921,18.335833,9751639,NOAA_NOS,IAN,2022,4140.0
2022-09-27 22:00:00,0.302,-0.036,-0.3379999999999999,-64.921,18.335833,9751639,NOAA_NOS,IAN,2022,4200.0
2022-09-27 23:00:00,0.367,-0.021,-0.388,-64.921,18.335833,9751639,NOAA_NOS,IAN,2022,4260.0
2022-09-28 00:00:00,0.472,-0.017,-0.489,-64.921,18.335833,9751639,NOAA_NOS,IAN,2022,4320.0
2022-09-28 01:00:00,0.489,-0.03,-0.519,-64.921,18.335833,9751639,NOAA_NOS,IAN,2022,4380.0
2022-09-28 02:00:00,0.466,-0.06,-0.526,-64.921,18.335833,9751639,NOAA_NOS,IAN,2022,4440.0
2022-09-28 03:00:00,0.341,-0.115,-0.456,-64.921,18.335833,9751639,NOAA_NOS,IAN,2022,4500.0
2022-09-28 04:00:00,0.308,-0.181,-0.489,-64.921,18.335833,9751639,NOAA_NOS,IAN,2022,4560.0
2022-09-28 05:00:00,0.253,-0.232,-0.485,-64.921,18.335833,9751639,NOAA_NOS,IAN,2022,4620.0
2022-09-28 06:00:00,0.135,-0.254,-0.389,-64.921,18.335833,9751639,NOAA_NOS,IAN,2022,4680.0
2022-09-28 07:00:00,0.098,-0.242,-0.3399999999999999,-64.921,18.335833,9751639,NOAA_NOS,IAN,2022,4740.0
2022-09-28 08:00:00,0.098,-0.192,-0.29,-64.921,18.335833,9751639,NOAA_NOS,IAN,2022,4800.0
2022-09-28 09:00:00,0.174,-0.114,-0.288,-64.921,18.335833,9751639,NOAA_NOS,IAN,2022,4860.0
2022-09-28 10:00:00,0.305,-0.008,-0.313,-64.921,18.335833,9751639,NOAA_NOS,IAN,2022,4920.0
2022-09-28 11:00:00,0.407,0.099,-0.3079999999999999,-64.921,18.335833,9751639,NOAA_NOS,IAN,2022,4980.0
2022-09-28 12:00:00,0.525,0.198,-0.327,-64.921,18.335833,9751639,NOAA_NOS,IAN,2022,5040.0
2022-09-28 13:00:00,0.686,0.266,-0.42,-64.921,18.335833,9751639,NOAA_NOS,IAN,2022,5100.0
2022-09-28 14:00:00,0.738,0.3,-0.438,-64.921,18.335833,9751639,NOAA_NOS,IAN,2022,5160.0
2022-09-28 15:00:00,0.787,0.295,-0.492,-64.921,18.335833,9751639,NOAA_NOS,IAN,2022,5220.0
2022-09-28 16:00:00,0.682,0.251,-0.431,-64.921,18.335833,9751639,NOAA_NOS,IAN,2022,5280.0
2022-09-28 17:00:00,0.692,0.192,-0.4999999999999999,-64.921,18.335833,9751639,NOAA_NOS,IAN,2022,5340.0
2022-09-28 18:00:00,0.545,0.133,-0.412,-64.921,18.335833,9751639,NOAA_NOS,IAN,2022,5400.0
2022-09-28 19:00:00,0.512,0.084,-0.428,-64.921,18.335833,9751639,NOAA_NOS,IAN,2022,5460.0
2022-09-28 20:00:00,0.423,0.045,-0.378,-64.921,18.335833,9751639,NOAA_NOS,IAN,2022,5520.0
2022-09-28 21:00:00,0.338,0.016,-0.322,-64.921,18.335833,9751639,NOAA_NOS,IAN,2022,5580.0
2022-09-28 22:00:00,0.338,0.009,-0.329,-64.921,18.335833,9751639,NOAA_NOS,IAN,2022,5640.0
2022-09-28 23:00:00,0.348,-0.001,-0.349,-64.921,18.335833,9751639,NOAA_NOS,IAN,2022,5700.0
2022-09-29 00:00:00,0.374,-0.02,-0.394,-64.921,18.335833,9751639,NOAA_NOS,IAN,2022,5760.0
2022-09-29 01:00:00,0.387,-0.059,-0.446,-64.921,18.335833,9751639,NOAA_NOS,IAN,2022,5820.0
2022-09-29 02:00:00,0.282,-0.113,-0.3949999999999999,-64.921,18.335833,9751639,NOAA_NOS,IAN,2022,5880.0
2022-09-29 03:00:00,0.302,-0.182,-0.484,-64.921,18.335833,9751639,NOAA_NOS,IAN,2022,5940.0
2022-09-29 04:00:00,0.194,-0.262,-0.456,-64.921,18.335833,9751639,NOAA_NOS,IAN,2022,6000.0
2022-09-29 05:00:00,0.049,-0.335,-0.384,-64.921,18.335833,9751639,NOAA_NOS,IAN,2022,6060.0
2022-09-29 06:00:00,0.0,-0.373,-0.373,-64.921,18.335833,9751639,NOAA_NOS,IAN,2022,6120.0
2022-09-29 07:00:00,-0.052,-0.371,-0.319,-64.921,18.335833,9751639,NOAA_NOS,IAN,2022,6180.0
2022-09-29 08:00:00,0.0,-0.325,-0.325,-64.921,18.335833,9751639,NOAA_NOS,IAN,2022,6240.0
2022-09-29 09:00:00,-0.016,-0.24,-0.2239999999999999,-64.921,18.335833,9751639,NOAA_NOS,IAN,2022,6300.0
2022-09-29 10:00:00,0.056,-0.122,-0.178,-64.921,18.335833,9751639,NOAA_NOS,IAN,2022,6360.0
2022-09-29 11:00:00,0.226,0.011,-0.215,-64.921,18.335833,9751639,NOAA_NOS,IAN,2022,6420.0
2022-09-29 12:00:00,0.351,0.142,-0.209,-64.921,18.335833,9751639,NOAA_NOS,IAN,2022,6480.0
2022-09-29 13:00:00,0.571,0.254,-0.3169999999999999,-64.921,18.335833,9751639,NOAA_NOS,IAN,2022,6540.0
2022-09-29 14:00:00,0.719,0.334,-0.3849999999999999,-64.921,18.335833,9751639,NOAA_NOS,IAN,2022,6600.0
2022-09-29 15:00:00,0.85,0.378,-0.472,-64.921,18.335833,9751639,NOAA_NOS,IAN,2022,6660.0
2022-09-29 16:00:00,0.843,0.375,-0.4679999999999999,-64.921,18.335833,9751639,NOAA_NOS,IAN,2022,6720.0
2022-09-29 17:00:00,0.928,0.337,-0.591,-64.921,18.335833,9751639,NOAA_NOS,IAN,2022,6780.0
2022-09-29 18:00:00,0.627,0.288,-0.339,-64.921,18.335833,9751639,NOAA_NOS,IAN,2022,6840.0
2022-09-29 19:00:00,0.663,0.229,-0.434,-64.921,18.335833,9751639,NOAA_NOS,IAN,2022,6900.0
2022-09-29 20:00:00,0.564,0.181,-0.3829999999999999,-64.921,18.335833,9751639,NOAA_NOS,IAN,2022,6960.0
2022-09-29 21:00:00,0.387,0.119,-0.268,-64.921,18.335833,9751639,NOAA_NOS,IAN,2022,7020.0
2022-09-29 22:00:00,0.42,0.063,-0.357,-64.921,18.335833,9751639,NOAA_NOS,IAN,2022,7080.0
2022-09-29 23:00:00,0.305,0.02,-0.285,-64.921,18.335833,9751639,NOAA_NOS,IAN,2022,7140.0
2022-09-30 00:00:00,0.397,-0.029,-0.426,-64.921,18.335833,9751639,NOAA_NOS,IAN,2022,7200.0
2022-09-30 01:00:00,0.266,-0.078,-0.344,-64.921,18.335833,9751639,NOAA_NOS,IAN,2022,7260.0
2022-09-30 02:00:00,0.259,-0.137,-0.396,-64.921,18.335833,9751639,NOAA_NOS,IAN,2022,7320.0
2022-09-30 03:00:00,0.174,-0.2,-0.374,-64.921,18.335833,9751639,NOAA_NOS,IAN,2022,7380.0
2022-09-30 04:00:00,0.141,-0.273,-0.414,-64.921,18.335833,9751639,NOAA_NOS,IAN,2022,7440.0
2022-09-30 05:00:00,0.085,-0.351,-0.436,-64.921,18.335833,9751639,NOAA_NOS,IAN,2022,7500.0
2022-09-30 06:00:00,0.023,-0.406,-0.429,-64.921,18.335833,9751639,NOAA_NOS,IAN,2022,7560.0
2022-09-30 07:00:00,-0.075,-0.427,-0.352,-64.921,18.335833,9751639,NOAA_NOS,IAN,2022,7620.0
2022-09-30 08:00:00,-0.075,-0.408,-0.3329999999999999,-64.921,18.335833,9751639,NOAA_NOS,IAN,2022,7680.0
2022-09-30 09:00:00,-0.167,-0.343,-0.176,-64.921,18.335833,9751639,NOAA_NOS,IAN,2022,7740.0
2022-09-30 10:00:00,-0.082,-0.244,-0.1619999999999999,-64.921,18.335833,9751639,NOAA_NOS,IAN,2022,7800.0
2022-09-30 11:00:00,0.075,-0.112,-0.187,-64.921,18.335833,9751639,NOAA_NOS,IAN,2022,7860.0
2022-09-30 12:00:00,0.2,0.027,-0.173,-64.921,18.335833,9751639,NOAA_NOS,IAN,2022,7920.0
2022-09-30 13:00:00,0.381,0.163,-0.218,-64.921,18.335833,9751639,NOAA_NOS,IAN,2022,7980.0
2022-09-30 14:00:00,0.627,0.279,-0.348,-64.921,18.335833,9751639,NOAA_NOS,IAN,2022,8040.0
2022-09-30 15:00:00,0.699,0.366,-0.3329999999999999,-64.921,18.335833,9751639,NOAA_NOS,IAN,2022,8100.0
2022-09-30 16:00:00,0.784,0.412,-0.372,-64.921,18.335833,9751639,NOAA_NOS,IAN,2022,8160.0
2022-09-30 17:00:00,0.833,0.42,-0.413,-64.921,18.335833,9751639,NOAA_NOS,IAN,2022,8220.0
2022-09-30 18:00:00,0.715,0.401,-0.3139999999999999,-64.921,18.335833,9751639,NOAA_NOS,IAN,2022,8280.0
2022-09-30 19:00:00,0.745,0.368,-0.377,-64.921,18.335833,9751639,NOAA_NOS,IAN,2022,8340.0
2022-09-30 20:00:00,0.748,0.324,-0.424,-64.921,18.335833,9751639,NOAA_NOS,IAN,2022,8400.0
2022-09-30 21:00:00,0.522,0.266,-0.256,-64.921,18.335833,9751639,NOAA_NOS,IAN,2022,8460.0
2022-09-30 22:00:00,0.486,0.206,-0.28,-64.921,18.335833,9751639,NOAA_NOS,IAN,2022,8520.0
2022-09-30 23:00:00,0.289,0.137,-0.1519999999999999,-64.921,18.335833,9751639,NOAA_NOS,IAN,2022,8580.0
2022-10-01 00:00:00,0.154,0.058,-0.096,-64.921,18.335833,9751639,NOAA_NOS,IAN,2022,8640.0
2022-10-01 01:00:00,0.2,-0.026,-0.226,-64.921,18.335833,9751639,NOAA_NOS,IAN,2022,8700.0
2022-10-01 02:00:00,0.19,-0.113,-0.303,-64.921,18.335833,9751639,NOAA_NOS,IAN,2022,8760.0
2022-10-01 03:00:00,0.102,-0.212,-0.314,-64.921,18.335833,9751639,NOAA_NOS,IAN,2022,8820.0
2022-10-01 04:00:00,0.016,-0.293,-0.309,-64.921,18.335833,9751639,NOAA_NOS,IAN,2022,8880.0
2022-10-01 05:00:00,-0.039,-0.364,-0.325,-64.921,18.335833,9751639,NOAA_NOS,IAN,2022,8940.0
2022-10-01 06:00:00,0.0,-0.429,-0.429,-64.921,18.335833,9751639,NOAA_NOS,IAN,2022,9000.0
2022-10-01 07:00:00,-0.072,-0.457,-0.385,-64.921,18.335833,9751639,NOAA_NOS,IAN,2022,9060.0
2022-10-01 08:00:00,-0.049,-0.459,-0.41,-64.921,18.335833,9751639,NOAA_NOS,IAN,2022,9120.0
2022-10-01 09:00:00,-0.138,-0.437,-0.299,-64.921,18.335833,9751639,NOAA_NOS,IAN,2022,9180.0
2022-10-01 10:00:00,-0.108,-0.38,-0.272,-64.921,18.335833,9751639,NOAA_NOS,IAN,2022,9240.0
2022-10-01 11:00:00,-0.033,-0.281,-0.248,-64.921,18.335833,9751639,NOAA_NOS,IAN,2022,9300.0
2022-10-01 12:00:00,-0.02,-0.152,-0.132,-64.921,18.335833,9751639,NOAA_NOS,IAN,2022,9360.0
2022-10-01 13:00:00,0.203,0.0,-0.203,-64.921,18.335833,9751639,NOAA_NOS,IAN,2022,9420.0
2022-10-01 14:00:00,0.42,0.157,-0.263,-64.921,18.335833,9751639,NOAA_NOS,IAN,2022,9480.0
2022-10-01 15:00:00,0.577,0.302,-0.2749999999999999,-64.921,18.335833,9751639,NOAA_NOS,IAN,2022,9540.0
2022-10-01 16:00:00,0.699,0.406,-0.2929999999999999,-64.921,18.335833,9751639,NOAA_NOS,IAN,2022,9600.0
2022-10-01 17:00:00,0.712,0.457,-0.2549999999999999,-64.921,18.335833,9751639,NOAA_NOS,IAN,2022,9660.0
2022-10-01 18:00:00,0.778,0.473,-0.305,-64.921,18.335833,9751639,NOAA_NOS,IAN,2022,9720.0
2022-10-01 19:00:00,0.804,0.452,-0.352,-64.921,18.335833,9751639,NOAA_NOS,IAN,2022,9780.0
2022-10-01 20:00:00,0.761,0.408,-0.353,-64.921,18.335833,9751639,NOAA_NOS,IAN,2022,9840.0
2022-10-01 21:00:00,0.607,0.354,-0.253,-64.921,18.335833,9751639,NOAA_NOS,IAN,2022,9900.0
2022-10-01 22:00:00,0.446,0.289,-0.157,-64.921,18.335833,9751639,NOAA_NOS,IAN,2022,9960.0
2022-10-01 23:00:00,0.479,0.217,-0.262,-64.921,18.335833,9751639,NOAA_NOS,IAN,2022,10020.0
2022-09-25 01:00:00,0.784,0.346,-0.438,-65.302997,18.299317,9752235,NOAA_NOS,IAN,2022,60.0
2022-09-25 02:00:00,0.673,0.226,-0.447,-65.302997,18.299317,9752235,NOAA_NOS,IAN,2022,120.0
2022-09-25 03:00:00,0.486,0.098,-0.388,-65.302997,18.299317,9752235,NOAA_NOS,IAN,2022,180.0
2022-09-25 04:00:00,0.335,-0.086,-0.421,-65.302997,18.299317,9752235,NOAA_NOS,IAN,2022,240.0
2022-09-25 05:00:00,0.187,-0.178,-0.365,-65.302997,18.299317,9752235,NOAA_NOS,IAN,2022,300.0
2022-09-25 06:00:00,0.023,-0.243,-0.266,-65.302997,18.299317,9752235,NOAA_NOS,IAN,2022,360.0
2022-09-25 07:00:00,0.072,-0.212,-0.284,-65.302997,18.299317,9752235,NOAA_NOS,IAN,2022,420.0
2022-09-25 08:00:00,0.085,-0.146,-0.2309999999999999,-65.302997,18.299317,9752235,NOAA_NOS,IAN,2022,480.0
2022-09-25 09:00:00,0.157,-0.008,-0.165,-65.302997,18.299317,9752235,NOAA_NOS,IAN,2022,540.0
2022-09-25 10:00:00,0.344,0.1,-0.2439999999999999,-65.302997,18.299317,9752235,NOAA_NOS,IAN,2022,600.0
2022-09-25 11:00:00,0.502,0.205,-0.297,-65.302997,18.299317,9752235,NOAA_NOS,IAN,2022,660.0
2022-09-25 12:00:00,0.515,0.244,-0.271,-65.302997,18.299317,9752235,NOAA_NOS,IAN,2022,720.0
2022-09-25 13:00:00,0.591,0.219,-0.372,-65.302997,18.299317,9752235,NOAA_NOS,IAN,2022,780.0
2022-09-25 14:00:00,0.528,0.102,-0.426,-65.302997,18.299317,9752235,NOAA_NOS,IAN,2022,840.0
2022-09-25 15:00:00,0.325,-0.021,-0.346,-65.302997,18.299317,9752235,NOAA_NOS,IAN,2022,900.0
2022-09-25 16:00:00,0.161,-0.176,-0.3369999999999999,-65.302997,18.299317,9752235,NOAA_NOS,IAN,2022,960.0
2022-09-25 17:00:00,0.046,-0.272,-0.318,-65.302997,18.299317,9752235,NOAA_NOS,IAN,2022,1020.0
2022-09-25 18:00:00,0.016,-0.33,-0.346,-65.302997,18.299317,9752235,NOAA_NOS,IAN,2022,1080.0
2022-09-25 19:00:00,0.046,-0.3,-0.346,-65.302997,18.299317,9752235,NOAA_NOS,IAN,2022,1140.0
2022-09-25 20:00:00,0.187,-0.2,-0.387,-65.302997,18.299317,9752235,NOAA_NOS,IAN,2022,1200.0
2022-09-25 21:00:00,0.361,-0.058,-0.419,-65.302997,18.299317,9752235,NOAA_NOS,IAN,2022,1260.0
2022-09-25 22:00:00,0.554,0.097,-0.4570000000000001,-65.302997,18.299317,9752235,NOAA_NOS,IAN,2022,1320.0
2022-09-25 23:00:00,0.728,0.226,-0.502,-65.302997,18.299317,9752235,NOAA_NOS,IAN,2022,1380.0
2022-09-26 00:00:00,0.833,0.306,-0.5269999999999999,-65.302997,18.299317,9752235,NOAA_NOS,IAN,2022,1440.0
2022-09-26 01:00:00,0.735,0.3,-0.435,-65.302997,18.299317,9752235,NOAA_NOS,IAN,2022,1500.0
2022-09-26 02:00:00,0.682,0.225,-0.4570000000000001,-65.302997,18.299317,9752235,NOAA_NOS,IAN,2022,1560.0
2022-09-26 03:00:00,0.522,0.092,-0.43,-65.302997,18.299317,9752235,NOAA_NOS,IAN,2022,1620.0
2022-09-26 04:00:00,0.397,-0.054,-0.451,-65.302997,18.299317,9752235,NOAA_NOS,IAN,2022,1680.0
2022-09-26 05:00:00,0.24,-0.183,-0.423,-65.302997,18.299317,9752235,NOAA_NOS,IAN,2022,1740.0
2022-09-26 06:00:00,0.108,-0.269,-0.377,-65.302997,18.299317,9752235,NOAA_NOS,IAN,2022,1800.0
2022-09-26 07:00:00,0.135,-0.273,-0.408,-65.302997,18.299317,9752235,NOAA_NOS,IAN,2022,1860.0
2022-09-26 08:00:00,0.213,-0.21,-0.423,-65.302997,18.299317,9752235,NOAA_NOS,IAN,2022,1920.0
2022-09-26 09:00:00,0.361,-0.078,-0.439,-65.302997,18.299317,9752235,NOAA_NOS,IAN,2022,1980.0
2022-09-26 10:00:00,0.499,0.079,-0.42,-65.302997,18.299317,9752235,NOAA_NOS,IAN,2022,2040.0
2022-09-26 11:00:00,0.699,0.221,-0.478,-65.302997,18.299317,9752235,NOAA_NOS,IAN,2022,2100.0
2022-09-26 12:00:00,0.741,0.322,-0.419,-65.302997,18.299317,9752235,NOAA_NOS,IAN,2022,2160.0
2022-09-26 13:00:00,0.843,0.342,-0.5009999999999999,-65.302997,18.299317,9752235,NOAA_NOS,IAN,2022,2220.0
2022-09-26 14:00:00,0.814,0.293,-0.5209999999999999,-65.302997,18.299317,9752235,NOAA_NOS,IAN,2022,2280.0
2022-09-26 15:00:00,0.656,0.164,-0.492,-65.302997,18.299317,9752235,NOAA_NOS,IAN,2022,2340.0
2022-09-26 16:00:00,0.351,0.015,-0.3359999999999999,-65.302997,18.299317,9752235,NOAA_NOS,IAN,2022,2400.0
2022-09-26 17:00:00,0.302,-0.139,-0.441,-65.302997,18.299317,9752235,NOAA_NOS,IAN,2022,2460.0
2022-09-26 18:00:00,0.157,-0.252,-0.409,-65.302997,18.299317,9752235,NOAA_NOS,IAN,2022,2520.0
2022-09-26 19:00:00,0.154,-0.299,-0.4529999999999999,-65.302997,18.299317,9752235,NOAA_NOS,IAN,2022,2580.0
2022-09-26 20:00:00,0.249,-0.268,-0.517,-65.302997,18.299317,9752235,NOAA_NOS,IAN,2022,2640.0
2022-09-26 21:00:00,0.269,-0.167,-0.436,-65.302997,18.299317,9752235,NOAA_NOS,IAN,2022,2700.0
2022-09-26 22:00:00,0.463,-0.025,-0.488,-65.302997,18.299317,9752235,NOAA_NOS,IAN,2022,2760.0
2022-09-26 23:00:00,0.591,0.112,-0.479,-65.302997,18.299317,9752235,NOAA_NOS,IAN,2022,2820.0
2022-09-27 00:00:00,0.682,0.216,-0.4660000000000001,-65.302997,18.299317,9752235,NOAA_NOS,IAN,2022,2880.0
2022-09-27 01:00:00,0.732,0.246,-0.486,-65.302997,18.299317,9752235,NOAA_NOS,IAN,2022,2940.0
2022-09-27 02:00:00,0.692,0.198,-0.4939999999999999,-65.302997,18.299317,9752235,NOAA_NOS,IAN,2022,3000.0
2022-09-27 03:00:00,0.591,0.075,-0.516,-65.302997,18.299317,9752235,NOAA_NOS,IAN,2022,3060.0
2022-09-27 04:00:00,0.427,-0.079,-0.506,-65.302997,18.299317,9752235,NOAA_NOS,IAN,2022,3120.0
2022-09-27 05:00:00,0.157,-0.229,-0.386,-65.302997,18.299317,9752235,NOAA_NOS,IAN,2022,3180.0
2022-09-27 06:00:00,0.085,-0.335,-0.42,-65.302997,18.299317,9752235,NOAA_NOS,IAN,2022,3240.0
2022-09-27 07:00:00,-0.059,-0.372,-0.313,-65.302997,18.299317,9752235,NOAA_NOS,IAN,2022,3300.0
2022-09-27 08:00:00,-0.016,-0.322,-0.306,-65.302997,18.299317,9752235,NOAA_NOS,IAN,2022,3360.0
2022-09-27 09:00:00,0.108,-0.189,-0.297,-65.302997,18.299317,9752235,NOAA_NOS,IAN,2022,3420.0
2022-09-27 10:00:00,0.279,-0.006,-0.285,-65.302997,18.299317,9752235,NOAA_NOS,IAN,2022,3480.0
2022-09-27 11:00:00,0.531,0.194,-0.337,-65.302997,18.299317,9752235,NOAA_NOS,IAN,2022,3540.0
2022-09-27 12:00:00,0.709,0.357,-0.352,-65.302997,18.299317,9752235,NOAA_NOS,IAN,2022,3600.0
2022-09-27 13:00:00,0.846,0.459,-0.3869999999999999,-65.302997,18.299317,9752235,NOAA_NOS,IAN,2022,3660.0
2022-09-27 14:00:00,0.896,0.463,-0.433,-65.302997,18.299317,9752235,NOAA_NOS,IAN,2022,3720.0
2022-09-27 15:00:00,0.761,0.384,-0.377,-65.302997,18.299317,9752235,NOAA_NOS,IAN,2022,3780.0
2022-09-27 16:00:00,0.61,0.232,-0.378,-65.302997,18.299317,9752235,NOAA_NOS,IAN,2022,3840.0
2022-09-27 17:00:00,0.472,0.056,-0.416,-65.302997,18.299317,9752235,NOAA_NOS,IAN,2022,3900.0
2022-09-27 18:00:00,0.295,-0.108,-0.4029999999999999,-65.302997,18.299317,9752235,NOAA_NOS,IAN,2022,3960.0
2022-09-27 19:00:00,0.207,-0.227,-0.434,-65.302997,18.299317,9752235,NOAA_NOS,IAN,2022,4020.0
2022-09-27 20:00:00,0.164,-0.269,-0.433,-65.302997,18.299317,9752235,NOAA_NOS,IAN,2022,4080.0
2022-09-27 21:00:00,0.095,-0.246,-0.3409999999999999,-65.302997,18.299317,9752235,NOAA_NOS,IAN,2022,4140.0
2022-09-27 22:00:00,0.246,-0.155,-0.401,-65.302997,18.299317,9752235,NOAA_NOS,IAN,2022,4200.0
2022-09-27 23:00:00,0.322,-0.041,-0.363,-65.302997,18.299317,9752235,NOAA_NOS,IAN,2022,4260.0
2022-09-28 00:00:00,0.495,0.069,-0.426,-65.302997,18.299317,9752235,NOAA_NOS,IAN,2022,4320.0
2022-09-28 01:00:00,0.574,0.138,-0.4359999999999999,-65.302997,18.299317,9752235,NOAA_NOS,IAN,2022,4380.0
2022-09-28 02:00:00,0.623,0.14,-0.483,-65.302997,18.299317,9752235,NOAA_NOS,IAN,2022,4440.0
2022-09-28 03:00:00,0.463,0.069,-0.394,-65.302997,18.299317,9752235,NOAA_NOS,IAN,2022,4500.0
2022-09-28 04:00:00,0.318,-0.066,-0.384,-65.302997,18.299317,9752235,NOAA_NOS,IAN,2022,4560.0
2022-09-28 05:00:00,0.174,-0.21,-0.384,-65.302997,18.299317,9752235,NOAA_NOS,IAN,2022,4620.0
2022-09-28 06:00:00,-0.033,-0.339,-0.306,-65.302997,18.299317,9752235,NOAA_NOS,IAN,2022,4680.0
2022-09-28 07:00:00,-0.105,-0.41,-0.305,-65.302997,18.299317,9752235,NOAA_NOS,IAN,2022,4740.0
2022-09-28 08:00:00,-0.18,-0.4,-0.22,-65.302997,18.299317,9752235,NOAA_NOS,IAN,2022,4800.0
2022-09-28 09:00:00,0.016,-0.307,-0.323,-65.302997,18.299317,9752235,NOAA_NOS,IAN,2022,4860.0
2022-09-28 10:00:00,0.171,-0.131,-0.302,-65.302997,18.299317,9752235,NOAA_NOS,IAN,2022,4920.0
2022-09-28 11:00:00,0.449,0.075,-0.374,-65.302997,18.299317,9752235,NOAA_NOS,IAN,2022,4980.0
2022-09-28 12:00:00,0.682,0.289,-0.393,-65.302997,18.299317,9752235,NOAA_NOS,IAN,2022,5040.0
2022-09-28 13:00:00,0.906,0.454,-0.452,-65.302997,18.299317,9752235,NOAA_NOS,IAN,2022,5100.0
2022-09-28 14:00:00,0.994,0.538,-0.4559999999999999,-65.302997,18.299317,9752235,NOAA_NOS,IAN,2022,5160.0
2022-09-28 15:00:00,0.984,0.53,-0.4539999999999999,-65.302997,18.299317,9752235,NOAA_NOS,IAN,2022,5220.0
2022-09-28 16:00:00,0.886,0.429,-0.457,-65.302997,18.299317,9752235,NOAA_NOS,IAN,2022,5280.0
2022-09-28 17:00:00,0.702,0.272,-0.4299999999999999,-65.302997,18.299317,9752235,NOAA_NOS,IAN,2022,5340.0
2022-09-28 18:00:00,0.551,0.096,-0.455,-65.302997,18.299317,9752235,NOAA_NOS,IAN,2022,5400.0
2022-09-28 19:00:00,0.351,-0.069,-0.42,-65.302997,18.299317,9752235,NOAA_NOS,IAN,2022,5460.0
2022-09-28 20:00:00,0.23,-0.177,-0.407,-65.302997,18.299317,9752235,NOAA_NOS,IAN,2022,5520.0
2022-09-28 21:00:00,0.138,-0.22,-0.358,-65.302997,18.299317,9752235,NOAA_NOS,IAN,2022,5580.0
2022-09-28 22:00:00,0.259,-0.187,-0.446,-65.302997,18.299317,9752235,NOAA_NOS,IAN,2022,5640.0
2022-09-28 23:00:00,0.341,-0.117,-0.458,-65.302997,18.299317,9752235,NOAA_NOS,IAN,2022,5700.0
2022-09-29 00:00:00,0.43,-0.022,-0.452,-65.302997,18.299317,9752235,NOAA_NOS,IAN,2022,5760.0
2022-09-29 01:00:00,0.561,0.043,-0.518,-65.302997,18.299317,9752235,NOAA_NOS,IAN,2022,5820.0
2022-09-29 02:00:00,0.518,0.069,-0.449,-65.302997,18.299317,9752235,NOAA_NOS,IAN,2022,5880.0
2022-09-29 03:00:00,0.469,0.015,-0.4539999999999999,-65.302997,18.299317,9752235,NOAA_NOS,IAN,2022,5940.0
2022-09-29 04:00:00,0.358,-0.097,-0.4549999999999999,-65.302997,18.299317,9752235,NOAA_NOS,IAN,2022,6000.0
2022-09-29 05:00:00,0.161,-0.245,-0.406,-65.302997,18.299317,9752235,NOAA_NOS,IAN,2022,6060.0
2022-09-29 06:00:00,0.056,-0.376,-0.432,-65.302997,18.299317,9752235,NOAA_NOS,IAN,2022,6120.0
2022-09-29 07:00:00,-0.154,-0.477,-0.3229999999999999,-65.302997,18.299317,9752235,NOAA_NOS,IAN,2022,6180.0
2022-09-29 08:00:00,-0.164,-0.502,-0.3379999999999999,-65.302997,18.299317,9752235,NOAA_NOS,IAN,2022,6240.0
2022-09-29 09:00:00,-0.243,-0.439,-0.196,-65.302997,18.299317,9752235,NOAA_NOS,IAN,2022,6300.0
2022-09-29 10:00:00,-0.069,-0.296,-0.2269999999999999,-65.302997,18.299317,9752235,NOAA_NOS,IAN,2022,6360.0
2022-09-29 11:00:00,0.148,-0.089,-0.237,-65.302997,18.299317,9752235,NOAA_NOS,IAN,2022,6420.0
2022-09-29 12:00:00,0.41,0.145,-0.265,-65.302997,18.299317,9752235,NOAA_NOS,IAN,2022,6480.0
2022-09-29 13:00:00,0.699,0.37,-0.3289999999999999,-65.302997,18.299317,9752235,NOAA_NOS,IAN,2022,6540.0
2022-09-29 14:00:00,0.82,0.542,-0.2779999999999999,-65.302997,18.299317,9752235,NOAA_NOS,IAN,2022,6600.0
2022-09-29 15:00:00,0.981,0.618,-0.363,-65.302997,18.299317,9752235,NOAA_NOS,IAN,2022,6660.0
2022-09-29 16:00:00,0.968,0.606,-0.362,-65.302997,18.299317,9752235,NOAA_NOS,IAN,2022,6720.0
2022-09-29 17:00:00,0.843,0.5,-0.3429999999999999,-65.302997,18.299317,9752235,NOAA_NOS,IAN,2022,6780.0
2022-09-29 18:00:00,0.807,0.346,-0.4610000000000001,-65.302997,18.299317,9752235,NOAA_NOS,IAN,2022,6840.0
2022-09-29 19:00:00,0.574,0.155,-0.4189999999999999,-65.302997,18.299317,9752235,NOAA_NOS,IAN,2022,6900.0
2022-09-29 20:00:00,0.466,-0.006,-0.472,-65.302997,18.299317,9752235,NOAA_NOS,IAN,2022,6960.0
2022-09-29 21:00:00,0.207,-0.124,-0.3309999999999999,-65.302997,18.299317,9752235,NOAA_NOS,IAN,2022,7020.0
2022-09-29 22:00:00,0.249,-0.17,-0.419,-65.302997,18.299317,9752235,NOAA_NOS,IAN,2022,7080.0
2022-09-29 23:00:00,0.289,-0.159,-0.4479999999999999,-65.302997,18.299317,9752235,NOAA_NOS,IAN,2022,7140.0
2022-09-30 00:00:00,0.338,-0.118,-0.456,-65.302997,18.299317,9752235,NOAA_NOS,IAN,2022,7200.0
2022-09-30 01:00:00,0.381,-0.05,-0.431,-65.302997,18.299317,9752235,NOAA_NOS,IAN,2022,7260.0
2022-09-30 02:00:00,0.394,-0.009,-0.403,-65.302997,18.299317,9752235,NOAA_NOS,IAN,2022,7320.0
2022-09-30 03:00:00,0.351,-0.006,-0.357,-65.302997,18.299317,9752235,NOAA_NOS,IAN,2022,7380.0
2022-09-30 04:00:00,0.328,-0.081,-0.409,-65.302997,18.299317,9752235,NOAA_NOS,IAN,2022,7440.0
2022-09-30 05:00:00,0.167,-0.201,-0.368,-65.302997,18.299317,9752235,NOAA_NOS,IAN,2022,7500.0
2022-09-30 06:00:00,0.007,-0.34,-0.347,-65.302997,18.299317,9752235,NOAA_NOS,IAN,2022,7560.0
2022-09-30 07:00:00,-0.148,-0.461,-0.313,-65.302997,18.299317,9752235,NOAA_NOS,IAN,2022,7620.0
2022-09-30 08:00:00,-0.21,-0.542,-0.3320000000000001,-65.302997,18.299317,9752235,NOAA_NOS,IAN,2022,7680.0
2022-09-30 09:00:00,-0.427,-0.535,-0.108,-65.302997,18.299317,9752235,NOAA_NOS,IAN,2022,7740.0
2022-09-30 10:00:00,-0.207,-0.446,-0.239,-65.302997,18.299317,9752235,NOAA_NOS,IAN,2022,7800.0
2022-09-30 11:00:00,-0.069,-0.27,-0.201,-65.302997,18.299317,9752235,NOAA_NOS,IAN,2022,7860.0
2022-09-30 12:00:00,0.213,-0.045,-0.258,-65.302997,18.299317,9752235,NOAA_NOS,IAN,2022,7920.0
2022-09-30 13:00:00,0.479,0.201,-0.2779999999999999,-65.302997,18.299317,9752235,NOAA_NOS,IAN,2022,7980.0
2022-09-30 14:00:00,0.722,0.421,-0.301,-65.302997,18.299317,9752235,NOAA_NOS,IAN,2022,8040.0
2022-09-30 15:00:00,0.899,0.588,-0.311,-65.302997,18.299317,9752235,NOAA_NOS,IAN,2022,8100.0
2022-09-30 16:00:00,0.928,0.653,-0.275,-65.302997,18.299317,9752235,NOAA_NOS,IAN,2022,8160.0
2022-09-30 17:00:00,0.928,0.638,-0.29,-65.302997,18.299317,9752235,NOAA_NOS,IAN,2022,8220.0
2022-09-30 18:00:00,0.771,0.54,-0.2309999999999999,-65.302997,18.299317,9752235,NOAA_NOS,IAN,2022,8280.0
2022-09-30 19:00:00,0.636,0.397,-0.239,-65.302997,18.299317,9752235,NOAA_NOS,IAN,2022,8340.0
2022-09-30 20:00:00,0.518,0.234,-0.284,-65.302997,18.299317,9752235,NOAA_NOS,IAN,2022,8400.0
2022-09-30 21:00:00,0.358,0.07,-0.288,-65.302997,18.299317,9752235,NOAA_NOS,IAN,2022,8460.0
2022-09-30 22:00:00,0.213,-0.037,-0.25,-65.302997,18.299317,9752235,NOAA_NOS,IAN,2022,8520.0
2022-09-30 23:00:00,0.125,-0.097,-0.222,-65.302997,18.299317,9752235,NOAA_NOS,IAN,2022,8580.0
2022-10-01 00:00:00,0.184,-0.117,-0.301,-65.302997,18.299317,9752235,NOAA_NOS,IAN,2022,8640.0
2022-10-01 01:00:00,0.22,-0.11,-0.33,-65.302997,18.299317,9752235,NOAA_NOS,IAN,2022,8700.0
2022-10-01 02:00:00,0.272,-0.079,-0.351,-65.302997,18.299317,9752235,NOAA_NOS,IAN,2022,8760.0
2022-10-01 03:00:00,0.312,-0.084,-0.396,-65.302997,18.299317,9752235,NOAA_NOS,IAN,2022,8820.0
2022-10-01 04:00:00,0.272,-0.099,-0.371,-65.302997,18.299317,9752235,NOAA_NOS,IAN,2022,8880.0
2022-10-01 05:00:00,0.226,-0.167,-0.393,-65.302997,18.299317,9752235,NOAA_NOS,IAN,2022,8940.0
2022-10-01 06:00:00,0.102,-0.282,-0.3839999999999999,-65.302997,18.299317,9752235,NOAA_NOS,IAN,2022,9000.0
2022-10-01 07:00:00,-0.033,-0.398,-0.365,-65.302997,18.299317,9752235,NOAA_NOS,IAN,2022,9060.0
2022-10-01 08:00:00,-0.203,-0.509,-0.306,-65.302997,18.299317,9752235,NOAA_NOS,IAN,2022,9120.0
2022-10-01 09:00:00,-0.213,-0.592,-0.379,-65.302997,18.299317,9752235,NOAA_NOS,IAN,2022,9180.0
2022-10-01 10:00:00,-0.269,-0.581,-0.3119999999999999,-65.302997,18.299317,9752235,NOAA_NOS,IAN,2022,9240.0
2022-10-01 11:00:00,-0.154,-0.476,-0.3219999999999999,-65.302997,18.299317,9752235,NOAA_NOS,IAN,2022,9300.0
2022-10-01 12:00:00,-0.02,-0.292,-0.2719999999999999,-65.302997,18.299317,9752235,NOAA_NOS,IAN,2022,9360.0
2022-10-01 13:00:00,0.23,-0.05,-0.28,-65.302997,18.299317,9752235,NOAA_NOS,IAN,2022,9420.0
2022-10-01 14:00:00,0.505,0.226,-0.279,-65.302997,18.299317,9752235,NOAA_NOS,IAN,2022,9480.0
2022-10-01 15:00:00,0.794,0.48,-0.314,-65.302997,18.299317,9752235,NOAA_NOS,IAN,2022,9540.0
2022-10-01 16:00:00,0.948,0.644,-0.3039999999999999,-65.302997,18.299317,9752235,NOAA_NOS,IAN,2022,9600.0
2022-10-01 17:00:00,0.981,0.694,-0.287,-65.302997,18.299317,9752235,NOAA_NOS,IAN,2022,9660.0
2022-10-01 18:00:00,0.942,0.674,-0.2679999999999999,-65.302997,18.299317,9752235,NOAA_NOS,IAN,2022,9720.0
2022-10-01 19:00:00,0.85,0.565,-0.285,-65.302997,18.299317,9752235,NOAA_NOS,IAN,2022,9780.0
2022-10-01 20:00:00,0.705,0.408,-0.297,-65.302997,18.299317,9752235,NOAA_NOS,IAN,2022,9840.0
2022-10-01 21:00:00,0.502,0.242,-0.26,-65.302997,18.299317,9752235,NOAA_NOS,IAN,2022,9900.0
2022-10-01 22:00:00,0.331,0.083,-0.248,-65.302997,18.299317,9752235,NOAA_NOS,IAN,2022,9960.0
2022-10-01 23:00:00,0.253,-0.014,-0.267,-65.302997,18.299317,9752235,NOAA_NOS,IAN,2022,10020.0
2022-09-25 01:00:00,0.715,0.164,-0.5509999999999999,-65.471389,18.088886,9752695,NOAA_NOS,IAN,2022,60.0
2022-09-25 02:00:00,0.63,0.112,-0.518,-65.471389,18.088886,9752695,NOAA_NOS,IAN,2022,120.0
2022-09-25 03:00:00,0.568,0.08,-0.4879999999999999,-65.471389,18.088886,9752695,NOAA_NOS,IAN,2022,180.0
2022-09-25 04:00:00,0.551,0.035,-0.516,-65.471389,18.088886,9752695,NOAA_NOS,IAN,2022,240.0
2022-09-25 05:00:00,0.522,0.002,-0.52,-65.471389,18.088886,9752695,NOAA_NOS,IAN,2022,300.0
2022-09-25 06:00:00,0.486,-0.021,-0.507,-65.471389,18.088886,9752695,NOAA_NOS,IAN,2022,360.0
2022-09-25 07:00:00,0.43,-0.026,-0.456,-65.471389,18.088886,9752695,NOAA_NOS,IAN,2022,420.0
2022-09-25 08:00:00,0.377,-0.026,-0.403,-65.471389,18.088886,9752695,NOAA_NOS,IAN,2022,480.0
2022-09-25 09:00:00,0.361,-0.005,-0.366,-65.471389,18.088886,9752695,NOAA_NOS,IAN,2022,540.0
2022-09-25 10:00:00,0.39,0.002,-0.388,-65.471389,18.088886,9752695,NOAA_NOS,IAN,2022,600.0
2022-09-25 11:00:00,0.427,0.019,-0.408,-65.471389,18.088886,9752695,NOAA_NOS,IAN,2022,660.0
2022-09-25 12:00:00,0.423,0.009,-0.414,-65.471389,18.088886,9752695,NOAA_NOS,IAN,2022,720.0
2022-09-25 13:00:00,0.381,-0.001,-0.382,-65.471389,18.088886,9752695,NOAA_NOS,IAN,2022,780.0
2022-09-25 14:00:00,0.371,-0.034,-0.405,-65.471389,18.088886,9752695,NOAA_NOS,IAN,2022,840.0
2022-09-25 15:00:00,0.305,-0.064,-0.369,-65.471389,18.088886,9752695,NOAA_NOS,IAN,2022,900.0
2022-09-25 16:00:00,0.266,-0.091,-0.357,-65.471389,18.088886,9752695,NOAA_NOS,IAN,2022,960.0
2022-09-25 17:00:00,0.259,-0.097,-0.356,-65.471389,18.088886,9752695,NOAA_NOS,IAN,2022,1020.0
2022-09-25 18:00:00,0.276,-0.09,-0.366,-65.471389,18.088886,9752695,NOAA_NOS,IAN,2022,1080.0
2022-09-25 19:00:00,0.374,-0.069,-0.443,-65.471389,18.088886,9752695,NOAA_NOS,IAN,2022,1140.0
2022-09-25 20:00:00,0.463,-0.033,-0.496,-65.471389,18.088886,9752695,NOAA_NOS,IAN,2022,1200.0
2022-09-25 21:00:00,0.577,0.002,-0.575,-65.471389,18.088886,9752695,NOAA_NOS,IAN,2022,1260.0
2022-09-25 22:00:00,0.653,0.039,-0.614,-65.471389,18.088886,9752695,NOAA_NOS,IAN,2022,1320.0
2022-09-25 23:00:00,0.755,0.062,-0.6930000000000001,-65.471389,18.088886,9752695,NOAA_NOS,IAN,2022,1380.0
2022-09-26 00:00:00,0.787,0.069,-0.718,-65.471389,18.088886,9752695,NOAA_NOS,IAN,2022,1440.0
2022-09-26 01:00:00,0.735,0.063,-0.6719999999999999,-65.471389,18.088886,9752695,NOAA_NOS,IAN,2022,1500.0
2022-09-26 02:00:00,0.653,0.043,-0.61,-65.471389,18.088886,9752695,NOAA_NOS,IAN,2022,1560.0
2022-09-26 11:00:00,0.745,0.069,-0.6759999999999999,-65.471389,18.088886,9752695,NOAA_NOS,IAN,2022,2100.0
2022-09-26 12:00:00,0.751,0.078,-0.673,-65.471389,18.088886,9752695,NOAA_NOS,IAN,2022,2160.0
2022-09-26 13:00:00,0.764,0.077,-0.687,-65.471389,18.088886,9752695,NOAA_NOS,IAN,2022,2220.0
2022-09-26 14:00:00,0.715,0.06,-0.655,-65.471389,18.088886,9752695,NOAA_NOS,IAN,2022,2280.0
2022-09-26 15:00:00,0.653,0.033,-0.62,-65.471389,18.088886,9752695,NOAA_NOS,IAN,2022,2340.0
2022-09-26 16:00:00,0.541,0.008,-0.533,-65.471389,18.088886,9752695,NOAA_NOS,IAN,2022,2400.0
2022-09-26 17:00:00,0.525,-0.01,-0.535,-65.471389,18.088886,9752695,NOAA_NOS,IAN,2022,2460.0
2022-09-26 18:00:00,0.515,-0.021,-0.536,-65.471389,18.088886,9752695,NOAA_NOS,IAN,2022,2520.0
2022-09-26 19:00:00,0.505,-0.021,-0.526,-65.471389,18.088886,9752695,NOAA_NOS,IAN,2022,2580.0
2022-09-26 20:00:00,0.528,-0.019,-0.547,-65.471389,18.088886,9752695,NOAA_NOS,IAN,2022,2640.0
2022-09-26 21:00:00,0.568,-0.004,-0.572,-65.471389,18.088886,9752695,NOAA_NOS,IAN,2022,2700.0
2022-09-26 22:00:00,0.623,0.019,-0.604,-65.471389,18.088886,9752695,NOAA_NOS,IAN,2022,2760.0
2022-09-26 23:00:00,0.669,0.027,-0.642,-65.471389,18.088886,9752695,NOAA_NOS,IAN,2022,2820.0
2022-09-27 00:00:00,0.709,0.022,-0.6869999999999999,-65.471389,18.088886,9752695,NOAA_NOS,IAN,2022,2880.0
2022-09-27 01:00:00,0.627,-0.007,-0.634,-65.471389,18.088886,9752695,NOAA_NOS,IAN,2022,2940.0
2022-09-27 02:00:00,0.568,-0.044,-0.612,-65.471389,18.088886,9752695,NOAA_NOS,IAN,2022,3000.0
2022-09-27 03:00:00,0.476,-0.092,-0.568,-65.471389,18.088886,9752695,NOAA_NOS,IAN,2022,3060.0
2022-09-27 04:00:00,0.358,-0.132,-0.49,-65.471389,18.088886,9752695,NOAA_NOS,IAN,2022,3120.0
2022-09-27 05:00:00,0.236,-0.15,-0.386,-65.471389,18.088886,9752695,NOAA_NOS,IAN,2022,3180.0
2022-09-27 06:00:00,0.276,-0.145,-0.421,-65.471389,18.088886,9752695,NOAA_NOS,IAN,2022,3240.0
2022-09-27 07:00:00,0.236,-0.117,-0.353,-65.471389,18.088886,9752695,NOAA_NOS,IAN,2022,3300.0
2022-09-27 08:00:00,0.24,-0.078,-0.318,-65.471389,18.088886,9752695,NOAA_NOS,IAN,2022,3360.0
2022-09-27 09:00:00,0.348,-0.021,-0.369,-65.471389,18.088886,9752695,NOAA_NOS,IAN,2022,3420.0
2022-09-27 10:00:00,0.436,0.044,-0.392,-65.471389,18.088886,9752695,NOAA_NOS,IAN,2022,3480.0
2022-09-27 11:00:00,0.558,0.109,-0.449,-65.471389,18.088886,9752695,NOAA_NOS,IAN,2022,3540.0
2022-09-27 12:00:00,0.594,0.156,-0.4379999999999999,-65.471389,18.088886,9752695,NOAA_NOS,IAN,2022,3600.0
2022-09-27 13:00:00,0.627,0.183,-0.444,-65.471389,18.088886,9752695,NOAA_NOS,IAN,2022,3660.0
2022-09-27 14:00:00,0.646,0.19,-0.456,-65.471389,18.088886,9752695,NOAA_NOS,IAN,2022,3720.0
2022-09-27 15:00:00,0.61,0.173,-0.437,-65.471389,18.088886,9752695,NOAA_NOS,IAN,2022,3780.0
2022-09-27 16:00:00,0.574,0.142,-0.4319999999999999,-65.471389,18.088886,9752695,NOAA_NOS,IAN,2022,3840.0
2022-09-27 17:00:00,0.509,0.107,-0.402,-65.471389,18.088886,9752695,NOAA_NOS,IAN,2022,3900.0
2022-09-27 18:00:00,0.469,0.077,-0.3919999999999999,-65.471389,18.088886,9752695,NOAA_NOS,IAN,2022,3960.0
2022-09-27 19:00:00,0.479,0.052,-0.427,-65.471389,18.088886,9752695,NOAA_NOS,IAN,2022,4020.0
2022-09-27 20:00:00,0.479,0.025,-0.4539999999999999,-65.471389,18.088886,9752695,NOAA_NOS,IAN,2022,4080.0
2022-09-27 21:00:00,0.449,-0.003,-0.452,-65.471389,18.088886,9752695,NOAA_NOS,IAN,2022,4140.0
2022-09-27 22:00:00,0.502,-0.025,-0.527,-65.471389,18.088886,9752695,NOAA_NOS,IAN,2022,4200.0
2022-09-27 23:00:00,0.581,-0.045,-0.626,-65.471389,18.088886,9752695,NOAA_NOS,IAN,2022,4260.0
2022-09-28 00:00:00,0.623,-0.068,-0.6910000000000001,-65.471389,18.088886,9752695,NOAA_NOS,IAN,2022,4320.0
2022-09-28 01:00:00,0.548,-0.099,-0.647,-65.471389,18.088886,9752695,NOAA_NOS,IAN,2022,4380.0
2022-09-28 02:00:00,0.472,-0.13,-0.602,-65.471389,18.088886,9752695,NOAA_NOS,IAN,2022,4440.0
2022-09-28 03:00:00,0.384,-0.165,-0.549,-65.471389,18.088886,9752695,NOAA_NOS,IAN,2022,4500.0
2022-09-28 04:00:00,0.282,-0.198,-0.48,-65.471389,18.088886,9752695,NOAA_NOS,IAN,2022,4560.0
2022-09-28 05:00:00,0.266,-0.214,-0.48,-65.471389,18.088886,9752695,NOAA_NOS,IAN,2022,4620.0
2022-09-28 06:00:00,0.164,-0.205,-0.369,-65.471389,18.088886,9752695,NOAA_NOS,IAN,2022,4680.0
2022-09-28 07:00:00,0.164,-0.172,-0.3359999999999999,-65.471389,18.088886,9752695,NOAA_NOS,IAN,2022,4740.0
2022-09-28 08:00:00,0.19,-0.119,-0.309,-65.471389,18.088886,9752695,NOAA_NOS,IAN,2022,4800.0
2022-09-28 09:00:00,0.308,-0.06,-0.368,-65.471389,18.088886,9752695,NOAA_NOS,IAN,2022,4860.0
2022-09-28 12:00:00,0.702,0.146,-0.5559999999999999,-65.471389,18.088886,9752695,NOAA_NOS,IAN,2022,5040.0
2022-09-28 13:00:00,0.801,0.191,-0.6100000000000001,-65.471389,18.088886,9752695,NOAA_NOS,IAN,2022,5100.0
2022-09-28 14:00:00,0.883,0.219,-0.664,-65.471389,18.088886,9752695,NOAA_NOS,IAN,2022,5160.0
2022-09-28 15:00:00,0.827,0.229,-0.598,-65.471389,18.088886,9752695,NOAA_NOS,IAN,2022,5220.0
2022-09-28 16:00:00,0.719,0.218,-0.501,-65.471389,18.088886,9752695,NOAA_NOS,IAN,2022,5280.0
2022-09-28 17:00:00,0.692,0.197,-0.4949999999999999,-65.471389,18.088886,9752695,NOAA_NOS,IAN,2022,5340.0
2022-09-28 18:00:00,0.61,0.175,-0.435,-65.471389,18.088886,9752695,NOAA_NOS,IAN,2022,5400.0
2022-09-28 19:00:00,0.591,0.153,-0.4379999999999999,-65.471389,18.088886,9752695,NOAA_NOS,IAN,2022,5460.0
2022-09-28 20:00:00,0.571,0.13,-0.4409999999999999,-65.471389,18.088886,9752695,NOAA_NOS,IAN,2022,5520.0
2022-09-28 21:00:00,0.525,0.094,-0.431,-65.471389,18.088886,9752695,NOAA_NOS,IAN,2022,5580.0
2022-09-28 22:00:00,0.492,0.054,-0.438,-65.471389,18.088886,9752695,NOAA_NOS,IAN,2022,5640.0
2022-09-28 23:00:00,0.531,0.006,-0.525,-65.471389,18.088886,9752695,NOAA_NOS,IAN,2022,5700.0
2022-09-29 00:00:00,0.538,-0.05,-0.5880000000000001,-65.471389,18.088886,9752695,NOAA_NOS,IAN,2022,5760.0
2022-09-29 01:00:00,0.528,-0.116,-0.644,-65.471389,18.088886,9752695,NOAA_NOS,IAN,2022,5820.0
2022-09-29 02:00:00,0.456,-0.185,-0.641,-65.471389,18.088886,9752695,NOAA_NOS,IAN,2022,5880.0
2022-09-29 03:00:00,0.358,-0.25,-0.608,-65.471389,18.088886,9752695,NOAA_NOS,IAN,2022,5940.0
2022-09-29 04:00:00,0.197,-0.308,-0.505,-65.471389,18.088886,9752695,NOAA_NOS,IAN,2022,6000.0
2022-09-29 05:00:00,0.121,-0.347,-0.4679999999999999,-65.471389,18.088886,9752695,NOAA_NOS,IAN,2022,6060.0
2022-09-29 06:00:00,0.056,-0.352,-0.408,-65.471389,18.088886,9752695,NOAA_NOS,IAN,2022,6120.0
2022-09-29 07:00:00,0.023,-0.322,-0.345,-65.471389,18.088886,9752695,NOAA_NOS,IAN,2022,6180.0
2022-09-29 08:00:00,0.079,-0.258,-0.337,-65.471389,18.088886,9752695,NOAA_NOS,IAN,2022,6240.0
2022-09-29 09:00:00,0.066,-0.173,-0.239,-65.471389,18.088886,9752695,NOAA_NOS,IAN,2022,6300.0
2022-09-29 12:00:00,0.492,0.117,-0.375,-65.471389,18.088886,9752695,NOAA_NOS,IAN,2022,6480.0
2022-09-29 13:00:00,0.627,0.199,-0.428,-65.471389,18.088886,9752695,NOAA_NOS,IAN,2022,6540.0
2022-09-29 14:00:00,0.673,0.257,-0.416,-65.471389,18.088886,9752695,NOAA_NOS,IAN,2022,6600.0
2022-09-29 15:00:00,0.751,0.299,-0.452,-65.471389,18.088886,9752695,NOAA_NOS,IAN,2022,6660.0
2022-09-29 16:00:00,0.774,0.317,-0.457,-65.471389,18.088886,9752695,NOAA_NOS,IAN,2022,6720.0
2022-09-29 17:00:00,0.682,0.313,-0.369,-65.471389,18.088886,9752695,NOAA_NOS,IAN,2022,6780.0
2022-09-29 18:00:00,0.725,0.301,-0.424,-65.471389,18.088886,9752695,NOAA_NOS,IAN,2022,6840.0
2022-09-29 19:00:00,0.656,0.28,-0.376,-65.471389,18.088886,9752695,NOAA_NOS,IAN,2022,6900.0
2022-09-29 20:00:00,0.646,0.25,-0.396,-65.471389,18.088886,9752695,NOAA_NOS,IAN,2022,6960.0
2022-09-29 21:00:00,0.554,0.202,-0.352,-65.471389,18.088886,9752695,NOAA_NOS,IAN,2022,7020.0
2022-09-29 22:00:00,0.561,0.133,-0.428,-65.471389,18.088886,9752695,NOAA_NOS,IAN,2022,7080.0
2022-09-29 23:00:00,0.528,0.055,-0.473,-65.471389,18.088886,9752695,NOAA_NOS,IAN,2022,7140.0
2022-09-30 00:00:00,0.561,-0.032,-0.5930000000000001,-65.471389,18.088886,9752695,NOAA_NOS,IAN,2022,7200.0
2022-09-30 12:00:00,0.377,0.026,-0.351,-65.471389,18.088886,9752695,NOAA_NOS,IAN,2022,7920.0
2022-09-30 13:00:00,0.561,0.128,-0.433,-65.471389,18.088886,9752695,NOAA_NOS,IAN,2022,7980.0
2022-09-30 14:00:00,0.659,0.215,-0.444,-65.471389,18.088886,9752695,NOAA_NOS,IAN,2022,8040.0
2022-09-30 15:00:00,0.784,0.285,-0.499,-65.471389,18.088886,9752695,NOAA_NOS,IAN,2022,8100.0
2022-09-30 16:00:00,0.787,0.336,-0.451,-65.471389,18.088886,9752695,NOAA_NOS,IAN,2022,8160.0
2022-09-30 17:00:00,0.804,0.368,-0.436,-65.471389,18.088886,9752695,NOAA_NOS,IAN,2022,8220.0
2022-09-30 18:00:00,0.748,0.383,-0.365,-65.471389,18.088886,9752695,NOAA_NOS,IAN,2022,8280.0
2022-09-30 19:00:00,0.699,0.388,-0.3109999999999999,-65.471389,18.088886,9752695,NOAA_NOS,IAN,2022,8340.0
2022-09-30 20:00:00,0.627,0.377,-0.25,-65.471389,18.088886,9752695,NOAA_NOS,IAN,2022,8400.0
2022-09-30 21:00:00,0.574,0.349,-0.2249999999999999,-65.471389,18.088886,9752695,NOAA_NOS,IAN,2022,8460.0
2022-09-30 22:00:00,0.509,0.291,-0.218,-65.471389,18.088886,9752695,NOAA_NOS,IAN,2022,8520.0
2022-09-30 23:00:00,0.394,0.203,-0.191,-65.471389,18.088886,9752695,NOAA_NOS,IAN,2022,8580.0
2022-10-01 00:00:00,0.371,0.092,-0.279,-65.471389,18.088886,9752695,NOAA_NOS,IAN,2022,8640.0
2022-10-01 01:00:00,0.354,-0.031,-0.385,-65.471389,18.088886,9752695,NOAA_NOS,IAN,2022,8700.0
2022-10-01 02:00:00,0.351,-0.154,-0.505,-65.471389,18.088886,9752695,NOAA_NOS,IAN,2022,8760.0
2022-10-01 03:00:00,0.285,-0.276,-0.5609999999999999,-65.471389,18.088886,9752695,NOAA_NOS,IAN,2022,8820.0
2022-10-01 04:00:00,0.151,-0.371,-0.522,-65.471389,18.088886,9752695,NOAA_NOS,IAN,2022,8880.0
2022-10-01 05:00:00,0.003,-0.435,-0.438,-65.471389,18.088886,9752695,NOAA_NOS,IAN,2022,8940.0
2022-10-01 06:00:00,-0.046,-0.469,-0.423,-65.471389,18.088886,9752695,NOAA_NOS,IAN,2022,9000.0
2022-10-01 07:00:00,-0.135,-0.46,-0.325,-65.471389,18.088886,9752695,NOAA_NOS,IAN,2022,9060.0
2022-10-01 08:00:00,-0.115,-0.423,-0.308,-65.471389,18.088886,9752695,NOAA_NOS,IAN,2022,9120.0
2022-10-01 11:00:00,-0.016,-0.221,-0.205,-65.471389,18.088886,9752695,NOAA_NOS,IAN,2022,9300.0
2022-10-01 12:00:00,0.098,-0.121,-0.219,-65.471389,18.088886,9752695,NOAA_NOS,IAN,2022,9360.0
2022-10-01 13:00:00,0.331,-0.006,-0.337,-65.471389,18.088886,9752695,NOAA_NOS,IAN,2022,9420.0
2022-10-01 14:00:00,0.564,0.118,-0.4459999999999999,-65.471389,18.088886,9752695,NOAA_NOS,IAN,2022,9480.0
2022-10-01 15:00:00,0.692,0.231,-0.4609999999999999,-65.471389,18.088886,9752695,NOAA_NOS,IAN,2022,9540.0
2022-10-01 16:00:00,0.741,0.321,-0.42,-65.471389,18.088886,9752695,NOAA_NOS,IAN,2022,9600.0
2022-10-01 17:00:00,0.804,0.386,-0.418,-65.471389,18.088886,9752695,NOAA_NOS,IAN,2022,9660.0
2022-10-01 18:00:00,0.889,0.428,-0.461,-65.471389,18.088886,9752695,NOAA_NOS,IAN,2022,9720.0
2022-10-01 19:00:00,0.833,0.443,-0.3899999999999999,-65.471389,18.088886,9752695,NOAA_NOS,IAN,2022,9780.0
2022-10-01 20:00:00,0.791,0.437,-0.354,-65.471389,18.088886,9752695,NOAA_NOS,IAN,2022,9840.0
2022-10-01 21:00:00,0.712,0.415,-0.297,-65.471389,18.088886,9752695,NOAA_NOS,IAN,2022,9900.0
2022-10-01 22:00:00,0.617,0.368,-0.249,-65.471389,18.088886,9752695,NOAA_NOS,IAN,2022,9960.0
2022-10-01 23:00:00,0.518,0.292,-0.226,-65.471389,18.088886,9752695,NOAA_NOS,IAN,2022,10020.0
2022-09-25 01:00:00,0.801,0.534,-0.267,-66.116389,18.458357,9755371,NOAA_NOS,IAN,2022,60.0
2022-09-25 02:00:00,0.61,0.334,-0.2759999999999999,-66.116389,18.458357,9755371,NOAA_NOS,IAN,2022,120.0
2022-09-25 03:00:00,0.492,0.066,-0.426,-66.116389,18.458357,9755371,NOAA_NOS,IAN,2022,180.0
2022-09-25 04:00:00,0.335,-0.192,-0.527,-66.116389,18.458357,9755371,NOAA_NOS,IAN,2022,240.0
2022-09-25 05:00:00,0.135,-0.396,-0.531,-66.116389,18.458357,9755371,NOAA_NOS,IAN,2022,300.0
2022-09-25 06:00:00,-0.033,-0.485,-0.4519999999999999,-66.116389,18.458357,9755371,NOAA_NOS,IAN,2022,360.0
2022-09-25 07:00:00,-0.112,-0.437,-0.325,-66.116389,18.458357,9755371,NOAA_NOS,IAN,2022,420.0
2022-09-25 08:00:00,-0.033,-0.274,-0.241,-66.116389,18.458357,9755371,NOAA_NOS,IAN,2022,480.0
2022-09-25 09:00:00,0.174,-0.034,-0.208,-66.116389,18.458357,9755371,NOAA_NOS,IAN,2022,540.0
2022-09-25 10:00:00,0.361,0.204,-0.157,-66.116389,18.458357,9755371,NOAA_NOS,IAN,2022,600.0
2022-09-25 11:00:00,0.597,0.392,-0.2049999999999999,-66.116389,18.458357,9755371,NOAA_NOS,IAN,2022,660.0
2022-09-25 12:00:00,0.719,0.483,-0.236,-66.116389,18.458357,9755371,NOAA_NOS,IAN,2022,720.0
2022-09-25 13:00:00,0.745,0.438,-0.307,-66.116389,18.458357,9755371,NOAA_NOS,IAN,2022,780.0
2022-09-25 14:00:00,0.663,0.257,-0.406,-66.116389,18.458357,9755371,NOAA_NOS,IAN,2022,840.0
2022-09-25 15:00:00,0.469,0.009,-0.4599999999999999,-66.116389,18.458357,9755371,NOAA_NOS,IAN,2022,900.0
2022-09-25 16:00:00,0.24,-0.252,-0.492,-66.116389,18.458357,9755371,NOAA_NOS,IAN,2022,960.0
2022-09-25 17:00:00,0.016,-0.467,-0.483,-66.116389,18.458357,9755371,NOAA_NOS,IAN,2022,1020.0
2022-09-25 18:00:00,-0.174,-0.575,-0.4009999999999999,-66.116389,18.458357,9755371,NOAA_NOS,IAN,2022,1080.0
2022-09-25 19:00:00,-0.171,-0.544,-0.373,-66.116389,18.458357,9755371,NOAA_NOS,IAN,2022,1140.0
2022-09-25 20:00:00,-0.026,-0.368,-0.3419999999999999,-66.116389,18.458357,9755371,NOAA_NOS,IAN,2022,1200.0
2022-09-25 21:00:00,0.177,-0.114,-0.291,-66.116389,18.458357,9755371,NOAA_NOS,IAN,2022,1260.0
2022-09-25 22:00:00,0.469,0.166,-0.3029999999999999,-66.116389,18.458357,9755371,NOAA_NOS,IAN,2022,1320.0
2022-09-25 23:00:00,0.686,0.409,-0.2770000000000001,-66.116389,18.458357,9755371,NOAA_NOS,IAN,2022,1380.0
2022-09-26 00:00:00,0.837,0.553,-0.2839999999999999,-66.116389,18.458357,9755371,NOAA_NOS,IAN,2022,1440.0
2022-09-26 01:00:00,0.883,0.557,-0.3259999999999999,-66.116389,18.458357,9755371,NOAA_NOS,IAN,2022,1500.0
2022-09-26 02:00:00,0.784,0.412,-0.372,-66.116389,18.458357,9755371,NOAA_NOS,IAN,2022,1560.0
2022-09-26 03:00:00,0.531,0.172,-0.359,-66.116389,18.458357,9755371,NOAA_NOS,IAN,2022,1620.0
2022-09-26 04:00:00,0.318,-0.108,-0.426,-66.116389,18.458357,9755371,NOAA_NOS,IAN,2022,1680.0
2022-09-26 05:00:00,0.072,-0.356,-0.428,-66.116389,18.458357,9755371,NOAA_NOS,IAN,2022,1740.0
2022-09-26 06:00:00,-0.095,-0.516,-0.421,-66.116389,18.458357,9755371,NOAA_NOS,IAN,2022,1800.0
2022-09-26 07:00:00,-0.177,-0.541,-0.364,-66.116389,18.458357,9755371,NOAA_NOS,IAN,2022,1860.0
2022-09-26 08:00:00,-0.098,-0.41,-0.3119999999999999,-66.116389,18.458357,9755371,NOAA_NOS,IAN,2022,1920.0
2022-09-26 09:00:00,0.075,-0.17,-0.245,-66.116389,18.458357,9755371,NOAA_NOS,IAN,2022,1980.0
2022-09-26 10:00:00,0.348,0.123,-0.2249999999999999,-66.116389,18.458357,9755371,NOAA_NOS,IAN,2022,2040.0
2022-09-26 11:00:00,0.564,0.388,-0.1759999999999999,-66.116389,18.458357,9755371,NOAA_NOS,IAN,2022,2100.0
2022-09-26 12:00:00,0.837,0.576,-0.261,-66.116389,18.458357,9755371,NOAA_NOS,IAN,2022,2160.0
2022-09-26 13:00:00,0.925,0.631,-0.294,-66.116389,18.458357,9755371,NOAA_NOS,IAN,2022,2220.0
2022-09-26 14:00:00,0.961,0.528,-0.4329999999999999,-66.116389,18.458357,9755371,NOAA_NOS,IAN,2022,2280.0
2022-09-26 15:00:00,0.823,0.296,-0.5269999999999999,-66.116389,18.458357,9755371,NOAA_NOS,IAN,2022,2340.0
2022-09-26 16:00:00,0.581,0.003,-0.578,-66.116389,18.458357,9755371,NOAA_NOS,IAN,2022,2400.0
2022-09-26 17:00:00,0.344,-0.283,-0.627,-66.116389,18.458357,9755371,NOAA_NOS,IAN,2022,2460.0
2022-09-26 18:00:00,0.184,-0.499,-0.683,-66.116389,18.458357,9755371,NOAA_NOS,IAN,2022,2520.0
2022-09-26 19:00:00,-0.02,-0.593,-0.573,-66.116389,18.458357,9755371,NOAA_NOS,IAN,2022,2580.0
2022-09-26 20:00:00,-0.062,-0.529,-0.467,-66.116389,18.458357,9755371,NOAA_NOS,IAN,2022,2640.0
2022-09-26 21:00:00,0.03,-0.329,-0.359,-66.116389,18.458357,9755371,NOAA_NOS,IAN,2022,2700.0
2022-09-26 22:00:00,0.249,-0.055,-0.304,-66.116389,18.458357,9755371,NOAA_NOS,IAN,2022,2760.0
2022-09-26 23:00:00,0.587,0.213,-0.374,-66.116389,18.458357,9755371,NOAA_NOS,IAN,2022,2820.0
2022-09-27 00:00:00,0.833,0.424,-0.409,-66.116389,18.458357,9755371,NOAA_NOS,IAN,2022,2880.0
2022-09-27 01:00:00,0.951,0.515,-0.4359999999999999,-66.116389,18.458357,9755371,NOAA_NOS,IAN,2022,2940.0
2022-09-27 02:00:00,0.906,0.453,-0.453,-66.116389,18.458357,9755371,NOAA_NOS,IAN,2022,3000.0
2022-09-27 03:00:00,0.646,0.252,-0.394,-66.116389,18.458357,9755371,NOAA_NOS,IAN,2022,3060.0
2022-09-27 04:00:00,0.371,-0.031,-0.402,-66.116389,18.458357,9755371,NOAA_NOS,IAN,2022,3120.0
2022-09-27 05:00:00,0.151,-0.317,-0.4679999999999999,-66.116389,18.458357,9755371,NOAA_NOS,IAN,2022,3180.0
2022-09-27 06:00:00,-0.066,-0.54,-0.474,-66.116389,18.458357,9755371,NOAA_NOS,IAN,2022,3240.0
2022-09-27 07:00:00,-0.249,-0.641,-0.392,-66.116389,18.458357,9755371,NOAA_NOS,IAN,2022,3300.0
2022-09-27 08:00:00,-0.308,-0.581,-0.2729999999999999,-66.116389,18.458357,9755371,NOAA_NOS,IAN,2022,3360.0
2022-09-27 09:00:00,-0.187,-0.362,-0.175,-66.116389,18.458357,9755371,NOAA_NOS,IAN,2022,3420.0
2022-09-27 10:00:00,0.075,-0.046,-0.121,-66.116389,18.458357,9755371,NOAA_NOS,IAN,2022,3480.0
2022-09-27 11:00:00,0.381,0.29,-0.091,-66.116389,18.458357,9755371,NOAA_NOS,IAN,2022,3540.0
2022-09-27 12:00:00,0.722,0.576,-0.146,-66.116389,18.458357,9755371,NOAA_NOS,IAN,2022,3600.0
2022-09-27 13:00:00,0.948,0.749,-0.1989999999999999,-66.116389,18.458357,9755371,NOAA_NOS,IAN,2022,3660.0
2022-09-27 14:00:00,1.03,0.76,-0.27,-66.116389,18.458357,9755371,NOAA_NOS,IAN,2022,3720.0
2022-09-27 15:00:00,0.968,0.6,-0.368,-66.116389,18.458357,9755371,NOAA_NOS,IAN,2022,3780.0
2022-09-27 16:00:00,0.696,0.318,-0.3779999999999999,-66.116389,18.458357,9755371,NOAA_NOS,IAN,2022,3840.0
2022-09-27 17:00:00,0.41,-0.008,-0.418,-66.116389,18.458357,9755371,NOAA_NOS,IAN,2022,3900.0
2022-09-27 18:00:00,0.259,-0.309,-0.5680000000000001,-66.116389,18.458357,9755371,NOAA_NOS,IAN,2022,3960.0
2022-09-27 19:00:00,0.072,-0.521,-0.593,-66.116389,18.458357,9755371,NOAA_NOS,IAN,2022,4020.0
2022-09-27 20:00:00,-0.112,-0.59,-0.478,-66.116389,18.458357,9755371,NOAA_NOS,IAN,2022,4080.0
2022-09-27 21:00:00,-0.187,-0.497,-0.31,-66.116389,18.458357,9755371,NOAA_NOS,IAN,2022,4140.0
2022-09-27 22:00:00,0.052,-0.286,-0.3379999999999999,-66.116389,18.458357,9755371,NOAA_NOS,IAN,2022,4200.0
2022-09-27 23:00:00,0.259,-0.022,-0.281,-66.116389,18.458357,9755371,NOAA_NOS,IAN,2022,4260.0
2022-09-28 00:00:00,0.495,0.221,-0.274,-66.116389,18.458357,9755371,NOAA_NOS,IAN,2022,4320.0
2022-09-28 01:00:00,0.709,0.388,-0.3209999999999999,-66.116389,18.458357,9755371,NOAA_NOS,IAN,2022,4380.0
2022-09-28 02:00:00,0.755,0.426,-0.329,-66.116389,18.458357,9755371,NOAA_NOS,IAN,2022,4440.0
2022-09-28 03:00:00,0.643,0.31,-0.333,-66.116389,18.458357,9755371,NOAA_NOS,IAN,2022,4500.0
2022-09-28 04:00:00,0.43,0.073,-0.357,-66.116389,18.458357,9755371,NOAA_NOS,IAN,2022,4560.0
2022-09-28 05:00:00,0.19,-0.216,-0.406,-66.116389,18.458357,9755371,NOAA_NOS,IAN,2022,4620.0
2022-09-28 06:00:00,-0.072,-0.483,-0.411,-66.116389,18.458357,9755371,NOAA_NOS,IAN,2022,4680.0
2022-09-28 07:00:00,-0.272,-0.663,-0.391,-66.116389,18.458357,9755371,NOAA_NOS,IAN,2022,4740.0
2022-09-28 08:00:00,-0.358,-0.699,-0.3409999999999999,-66.116389,18.458357,9755371,NOAA_NOS,IAN,2022,4800.0
2022-09-28 09:00:00,-0.249,-0.557,-0.308,-66.116389,18.458357,9755371,NOAA_NOS,IAN,2022,4860.0
2022-09-28 10:00:00,-0.085,-0.27,-0.185,-66.116389,18.458357,9755371,NOAA_NOS,IAN,2022,4920.0
2022-09-28 11:00:00,0.289,0.092,-0.1969999999999999,-66.116389,18.458357,9755371,NOAA_NOS,IAN,2022,4980.0
2022-09-28 12:00:00,0.669,0.449,-0.22,-66.116389,18.458357,9755371,NOAA_NOS,IAN,2022,5040.0
2022-09-28 13:00:00,1.01,0.734,-0.276,-66.116389,18.458357,9755371,NOAA_NOS,IAN,2022,5100.0
2022-09-28 14:00:00,1.237,0.876,-0.3610000000000001,-66.116389,18.458357,9755371,NOAA_NOS,IAN,2022,5160.0
2022-09-28 15:00:00,1.266,0.84,-0.426,-66.116389,18.458357,9755371,NOAA_NOS,IAN,2022,5220.0
2022-09-28 16:00:00,1.079,0.636,-0.4429999999999999,-66.116389,18.458357,9755371,NOAA_NOS,IAN,2022,5280.0
2022-09-28 17:00:00,0.85,0.327,-0.5229999999999999,-66.116389,18.458357,9755371,NOAA_NOS,IAN,2022,5340.0
2022-09-28 18:00:00,0.574,-0.014,-0.588,-66.116389,18.458357,9755371,NOAA_NOS,IAN,2022,5400.0
2022-09-28 19:00:00,0.374,-0.315,-0.6890000000000001,-66.116389,18.458357,9755371,NOAA_NOS,IAN,2022,5460.0
2022-09-28 20:00:00,0.131,-0.509,-0.64,-66.116389,18.458357,9755371,NOAA_NOS,IAN,2022,5520.0
2022-09-28 21:00:00,0.016,-0.552,-0.5680000000000001,-66.116389,18.458357,9755371,NOAA_NOS,IAN,2022,5580.0
2022-09-28 22:00:00,0.102,-0.44,-0.542,-66.116389,18.458357,9755371,NOAA_NOS,IAN,2022,5640.0
2022-09-28 23:00:00,0.138,-0.228,-0.366,-66.116389,18.458357,9755371,NOAA_NOS,IAN,2022,5700.0
2022-09-29 00:00:00,0.358,0.017,-0.3409999999999999,-66.116389,18.458357,9755371,NOAA_NOS,IAN,2022,5760.0
2022-09-29 01:00:00,0.466,0.222,-0.244,-66.116389,18.458357,9755371,NOAA_NOS,IAN,2022,5820.0
2022-09-29 02:00:00,0.636,0.332,-0.304,-66.116389,18.458357,9755371,NOAA_NOS,IAN,2022,5880.0
2022-09-29 03:00:00,0.63,0.3,-0.33,-66.116389,18.458357,9755371,NOAA_NOS,IAN,2022,5940.0
2022-09-29 04:00:00,0.522,0.125,-0.397,-66.116389,18.458357,9755371,NOAA_NOS,IAN,2022,6000.0
2022-09-29 05:00:00,0.312,-0.133,-0.445,-66.116389,18.458357,9755371,NOAA_NOS,IAN,2022,6060.0
2022-09-29 06:00:00,0.072,-0.408,-0.48,-66.116389,18.458357,9755371,NOAA_NOS,IAN,2022,6120.0
2022-09-29 07:00:00,-0.256,-0.638,-0.382,-66.116389,18.458357,9755371,NOAA_NOS,IAN,2022,6180.0
2022-09-29 08:00:00,-0.469,-0.754,-0.285,-66.116389,18.458357,9755371,NOAA_NOS,IAN,2022,6240.0
2022-09-29 09:00:00,-0.476,-0.722,-0.246,-66.116389,18.458357,9755371,NOAA_NOS,IAN,2022,6300.0
2022-09-29 10:00:00,-0.328,-0.517,-0.189,-66.116389,18.458357,9755371,NOAA_NOS,IAN,2022,6360.0
2022-09-29 11:00:00,-0.023,-0.192,-0.169,-66.116389,18.458357,9755371,NOAA_NOS,IAN,2022,6420.0
2022-09-29 12:00:00,0.246,0.192,-0.0539999999999999,-66.116389,18.458357,9755371,NOAA_NOS,IAN,2022,6480.0
2022-09-29 13:00:00,0.673,0.562,-0.1109999999999999,-66.116389,18.458357,9755371,NOAA_NOS,IAN,2022,6540.0
2022-09-29 14:00:00,1.017,0.841,-0.1759999999999999,-66.116389,18.458357,9755371,NOAA_NOS,IAN,2022,6600.0
2022-09-29 15:00:00,1.22,0.96,-0.26,-66.116389,18.458357,9755371,NOAA_NOS,IAN,2022,6660.0
2022-09-29 16:00:00,1.273,0.902,-0.3709999999999999,-66.116389,18.458357,9755371,NOAA_NOS,IAN,2022,6720.0
2022-09-29 17:00:00,1.155,0.683,-0.472,-66.116389,18.458357,9755371,NOAA_NOS,IAN,2022,6780.0
2022-09-29 18:00:00,0.925,0.364,-0.561,-66.116389,18.458357,9755371,NOAA_NOS,IAN,2022,6840.0
2022-09-29 19:00:00,0.617,0.016,-0.601,-66.116389,18.458357,9755371,NOAA_NOS,IAN,2022,6900.0
2022-09-29 20:00:00,0.328,-0.286,-0.614,-66.116389,18.458357,9755371,NOAA_NOS,IAN,2022,6960.0
2022-09-29 21:00:00,0.072,-0.466,-0.538,-66.116389,18.458357,9755371,NOAA_NOS,IAN,2022,7020.0
2022-09-29 22:00:00,-0.026,-0.493,-0.4669999999999999,-66.116389,18.458357,9755371,NOAA_NOS,IAN,2022,7080.0
2022-09-29 23:00:00,0.026,-0.383,-0.409,-66.116389,18.458357,9755371,NOAA_NOS,IAN,2022,7140.0
2022-09-30 00:00:00,0.125,-0.189,-0.314,-66.116389,18.458357,9755371,NOAA_NOS,IAN,2022,7200.0
2022-09-30 01:00:00,0.269,0.026,-0.243,-66.116389,18.458357,9755371,NOAA_NOS,IAN,2022,7260.0
2022-09-30 02:00:00,0.344,0.202,-0.1419999999999999,-66.116389,18.458357,9755371,NOAA_NOS,IAN,2022,7320.0
2022-09-30 03:00:00,0.486,0.269,-0.2169999999999999,-66.116389,18.458357,9755371,NOAA_NOS,IAN,2022,7380.0
2022-09-30 04:00:00,0.525,0.193,-0.332,-66.116389,18.458357,9755371,NOAA_NOS,IAN,2022,7440.0
2022-09-30 05:00:00,0.299,-0.006,-0.305,-66.116389,18.458357,9755371,NOAA_NOS,IAN,2022,7500.0
2022-09-30 06:00:00,0.023,-0.268,-0.291,-66.116389,18.458357,9755371,NOAA_NOS,IAN,2022,7560.0
2022-09-30 07:00:00,-0.285,-0.535,-0.25,-66.116389,18.458357,9755371,NOAA_NOS,IAN,2022,7620.0
2022-09-30 08:00:00,-0.541,-0.738,-0.1969999999999999,-66.116389,18.458357,9755371,NOAA_NOS,IAN,2022,7680.0
2022-09-30 09:00:00,-0.682,-0.807,-0.125,-66.116389,18.458357,9755371,NOAA_NOS,IAN,2022,7740.0
2022-09-30 10:00:00,-0.627,-0.714,-0.0869999999999999,-66.116389,18.458357,9755371,NOAA_NOS,IAN,2022,7800.0
2022-09-30 11:00:00,-0.404,-0.455,-0.0509999999999999,-66.116389,18.458357,9755371,NOAA_NOS,IAN,2022,7860.0
2022-09-30 12:00:00,-0.069,-0.095,-0.0259999999999999,-66.116389,18.458357,9755371,NOAA_NOS,IAN,2022,7920.0
2022-09-30 13:00:00,0.289,0.296,0.007,-66.116389,18.458357,9755371,NOAA_NOS,IAN,2022,7980.0
2022-09-30 14:00:00,0.646,0.653,0.007,-66.116389,18.458357,9755371,NOAA_NOS,IAN,2022,8040.0
2022-09-30 15:00:00,1.014,0.907,-0.1069999999999999,-66.116389,18.458357,9755371,NOAA_NOS,IAN,2022,8100.0
2022-09-30 16:00:00,1.181,0.995,-0.186,-66.116389,18.458357,9755371,NOAA_NOS,IAN,2022,8160.0
2022-09-30 17:00:00,1.26,0.908,-0.352,-66.116389,18.458357,9755371,NOAA_NOS,IAN,2022,8220.0
2022-09-30 18:00:00,1.125,0.684,-0.4409999999999999,-66.116389,18.458357,9755371,NOAA_NOS,IAN,2022,8280.0
2022-09-30 19:00:00,0.886,0.383,-0.503,-66.116389,18.458357,9755371,NOAA_NOS,IAN,2022,8340.0
2022-09-30 20:00:00,0.676,0.06,-0.6160000000000001,-66.116389,18.458357,9755371,NOAA_NOS,IAN,2022,8400.0
2022-09-30 21:00:00,0.384,-0.227,-0.611,-66.116389,18.458357,9755371,NOAA_NOS,IAN,2022,8460.0
2022-09-30 22:00:00,0.141,-0.394,-0.535,-66.116389,18.458357,9755371,NOAA_NOS,IAN,2022,8520.0
2022-09-30 23:00:00,0.049,-0.418,-0.4669999999999999,-66.116389,18.458357,9755371,NOAA_NOS,IAN,2022,8580.0
2022-10-01 00:00:00,0.052,-0.336,-0.388,-66.116389,18.458357,9755371,NOAA_NOS,IAN,2022,8640.0
2022-10-01 01:00:00,0.151,-0.171,-0.322,-66.116389,18.458357,9755371,NOAA_NOS,IAN,2022,8700.0
2022-10-01 02:00:00,0.217,0.004,-0.213,-66.116389,18.458357,9755371,NOAA_NOS,IAN,2022,8760.0
2022-10-01 03:00:00,0.331,0.13,-0.201,-66.116389,18.458357,9755371,NOAA_NOS,IAN,2022,8820.0
2022-10-01 04:00:00,0.446,0.186,-0.26,-66.116389,18.458357,9755371,NOAA_NOS,IAN,2022,8880.0
2022-10-01 05:00:00,0.423,0.116,-0.307,-66.116389,18.458357,9755371,NOAA_NOS,IAN,2022,8940.0
2022-10-01 06:00:00,0.289,-0.084,-0.373,-66.116389,18.458357,9755371,NOAA_NOS,IAN,2022,9000.0
2022-10-01 07:00:00,-0.023,-0.343,-0.32,-66.116389,18.458357,9755371,NOAA_NOS,IAN,2022,9060.0
2022-10-01 08:00:00,-0.302,-0.61,-0.308,-66.116389,18.458357,9755371,NOAA_NOS,IAN,2022,9120.0
2022-10-01 09:00:00,-0.535,-0.821,-0.2859999999999999,-66.116389,18.458357,9755371,NOAA_NOS,IAN,2022,9180.0
2022-10-01 10:00:00,-0.636,-0.87,-0.2339999999999999,-66.116389,18.458357,9755371,NOAA_NOS,IAN,2022,9240.0
2022-10-01 11:00:00,-0.482,-0.736,-0.254,-66.116389,18.458357,9755371,NOAA_NOS,IAN,2022,9300.0
2022-10-01 12:00:00,-0.305,-0.453,-0.148,-66.116389,18.458357,9755371,NOAA_NOS,IAN,2022,9360.0
2022-10-01 13:00:00,-0.003,-0.065,-0.062,-66.116389,18.458357,9755371,NOAA_NOS,IAN,2022,9420.0
2022-10-01 14:00:00,0.348,0.364,0.016,-66.116389,18.458357,9755371,NOAA_NOS,IAN,2022,9480.0
2022-10-01 15:00:00,0.801,0.744,-0.057,-66.116389,18.458357,9755371,NOAA_NOS,IAN,2022,9540.0
2022-10-01 16:00:00,1.093,0.988,-0.1049999999999999,-66.116389,18.458357,9755371,NOAA_NOS,IAN,2022,9600.0
2022-10-01 17:00:00,1.332,1.033,-0.2990000000000001,-66.116389,18.458357,9755371,NOAA_NOS,IAN,2022,9660.0
2022-10-01 18:00:00,1.25,0.918,-0.3319999999999999,-66.116389,18.458357,9755371,NOAA_NOS,IAN,2022,9720.0
2022-10-01 19:00:00,1.06,0.675,-0.385,-66.116389,18.458357,9755371,NOAA_NOS,IAN,2022,9780.0
2022-10-01 21:00:00,0.561,0.041,-0.52,-66.116389,18.458357,9755371,NOAA_NOS,IAN,2022,9900.0
2022-10-01 22:00:00,0.331,-0.21,-0.541,-66.116389,18.458357,9755371,NOAA_NOS,IAN,2022,9960.0
2022-10-01 23:00:00,0.141,-0.334,-0.475,-66.116389,18.458357,9755371,NOAA_NOS,IAN,2022,10020.0
2022-09-25 01:00:00,0.705,0.154,-0.5509999999999999,-67.046402,17.9701,9759110,NOAA_NOS,IAN,2022,60.0
2022-09-25 02:00:00,0.698,0.11,-0.588,-67.046402,17.9701,9759110,NOAA_NOS,IAN,2022,120.0
2022-09-25 03:00:00,0.682,0.094,-0.5880000000000001,-67.046402,17.9701,9759110,NOAA_NOS,IAN,2022,180.0
2022-09-25 04:00:00,0.646,0.028,-0.618,-67.046402,17.9701,9759110,NOAA_NOS,IAN,2022,240.0
2022-09-25 05:00:00,0.531,0.061,-0.47,-67.046402,17.9701,9759110,NOAA_NOS,IAN,2022,300.0
2022-09-25 06:00:00,0.488,-0.002,-0.49,-67.046402,17.9701,9759110,NOAA_NOS,IAN,2022,360.0
2022-09-25 07:00:00,0.524,-0.052,-0.5760000000000001,-67.046402,17.9701,9759110,NOAA_NOS,IAN,2022,420.0
2022-09-25 08:00:00,0.465,0.009,-0.456,-67.046402,17.9701,9759110,NOAA_NOS,IAN,2022,480.0
2022-09-25 09:00:00,0.433,-0.002,-0.435,-67.046402,17.9701,9759110,NOAA_NOS,IAN,2022,540.0
2022-09-25 10:00:00,0.383,-0.032,-0.415,-67.046402,17.9701,9759110,NOAA_NOS,IAN,2022,600.0
2022-09-25 11:00:00,0.383,0.022,-0.361,-67.046402,17.9701,9759110,NOAA_NOS,IAN,2022,660.0
2022-09-25 12:00:00,0.472,-0.005,-0.477,-67.046402,17.9701,9759110,NOAA_NOS,IAN,2022,720.0
2022-09-25 13:00:00,0.505,-0.036,-0.541,-67.046402,17.9701,9759110,NOAA_NOS,IAN,2022,780.0
2022-09-25 14:00:00,0.511,-0.031,-0.542,-67.046402,17.9701,9759110,NOAA_NOS,IAN,2022,840.0
2022-09-25 15:00:00,0.551,-0.053,-0.6040000000000001,-67.046402,17.9701,9759110,NOAA_NOS,IAN,2022,900.0
2022-09-25 16:00:00,0.551,-0.091,-0.642,-67.046402,17.9701,9759110,NOAA_NOS,IAN,2022,960.0
2022-09-25 17:00:00,0.564,-0.084,-0.6479999999999999,-67.046402,17.9701,9759110,NOAA_NOS,IAN,2022,1020.0
2022-09-25 18:00:00,0.587,-0.065,-0.6519999999999999,-67.046402,17.9701,9759110,NOAA_NOS,IAN,2022,1080.0
2022-09-25 19:00:00,0.633,-0.05,-0.683,-67.046402,17.9701,9759110,NOAA_NOS,IAN,2022,1140.0
2022-09-25 20:00:00,0.639,-0.022,-0.661,-67.046402,17.9701,9759110,NOAA_NOS,IAN,2022,1200.0
2022-09-25 21:00:00,0.692,0.01,-0.6819999999999999,-67.046402,17.9701,9759110,NOAA_NOS,IAN,2022,1260.0
2022-09-25 22:00:00,0.721,0.042,-0.6789999999999999,-67.046402,17.9701,9759110,NOAA_NOS,IAN,2022,1320.0
2022-09-25 23:00:00,0.757,0.051,-0.706,-67.046402,17.9701,9759110,NOAA_NOS,IAN,2022,1380.0
2022-09-26 00:00:00,0.774,0.056,-0.718,-67.046402,17.9701,9759110,NOAA_NOS,IAN,2022,1440.0
2022-09-26 01:00:00,0.754,0.053,-0.701,-67.046402,17.9701,9759110,NOAA_NOS,IAN,2022,1500.0
2022-09-26 02:00:00,0.728,0.037,-0.691,-67.046402,17.9701,9759110,NOAA_NOS,IAN,2022,1560.0
2022-09-26 03:00:00,0.688,0.014,-0.6739999999999999,-67.046402,17.9701,9759110,NOAA_NOS,IAN,2022,1620.0
2022-09-26 04:00:00,0.639,-0.0,-0.639,-67.046402,17.9701,9759110,NOAA_NOS,IAN,2022,1680.0
2022-09-26 05:00:00,0.541,-0.014,-0.555,-67.046402,17.9701,9759110,NOAA_NOS,IAN,2022,1740.0
2022-09-26 06:00:00,0.551,-0.019,-0.5700000000000001,-67.046402,17.9701,9759110,NOAA_NOS,IAN,2022,1800.0
2022-09-26 07:00:00,0.557,-0.014,-0.5710000000000001,-67.046402,17.9701,9759110,NOAA_NOS,IAN,2022,1860.0
2022-09-26 08:00:00,0.541,-0.003,-0.544,-67.046402,17.9701,9759110,NOAA_NOS,IAN,2022,1920.0
2022-09-26 09:00:00,0.567,0.012,-0.5549999999999999,-67.046402,17.9701,9759110,NOAA_NOS,IAN,2022,1980.0
2022-09-26 10:00:00,0.6,0.036,-0.564,-67.046402,17.9701,9759110,NOAA_NOS,IAN,2022,2040.0
2022-09-26 11:00:00,0.613,0.056,-0.5569999999999999,-67.046402,17.9701,9759110,NOAA_NOS,IAN,2022,2100.0
2022-09-26 12:00:00,0.682,0.056,-0.626,-67.046402,17.9701,9759110,NOAA_NOS,IAN,2022,2160.0
2022-09-26 13:00:00,0.734,0.055,-0.6789999999999999,-67.046402,17.9701,9759110,NOAA_NOS,IAN,2022,2220.0
2022-09-26 14:00:00,0.757,0.041,-0.716,-67.046402,17.9701,9759110,NOAA_NOS,IAN,2022,2280.0
2022-09-26 15:00:00,0.698,0.025,-0.6729999999999999,-67.046402,17.9701,9759110,NOAA_NOS,IAN,2022,2340.0
2022-09-26 16:00:00,0.675,0.006,-0.669,-67.046402,17.9701,9759110,NOAA_NOS,IAN,2022,2400.0
2022-09-26 17:00:00,0.679,-0.001,-0.68,-67.046402,17.9701,9759110,NOAA_NOS,IAN,2022,2460.0
2022-09-26 18:00:00,0.731,-0.004,-0.735,-67.046402,17.9701,9759110,NOAA_NOS,IAN,2022,2520.0
2022-09-26 19:00:00,0.728,0.0,-0.728,-67.046402,17.9701,9759110,NOAA_NOS,IAN,2022,2580.0
2022-09-26 20:00:00,0.803,0.004,-0.799,-67.046402,17.9701,9759110,NOAA_NOS,IAN,2022,2640.0
2022-09-26 21:00:00,0.902,0.014,-0.888,-67.046402,17.9701,9759110,NOAA_NOS,IAN,2022,2700.0
2022-09-26 22:00:00,0.852,0.028,-0.824,-67.046402,17.9701,9759110,NOAA_NOS,IAN,2022,2760.0
2022-09-26 23:00:00,0.79,0.03,-0.76,-67.046402,17.9701,9759110,NOAA_NOS,IAN,2022,2820.0
2022-09-27 00:00:00,0.797,0.018,-0.779,-67.046402,17.9701,9759110,NOAA_NOS,IAN,2022,2880.0
2022-09-27 01:00:00,0.836,-0.016,-0.852,-67.046402,17.9701,9759110,NOAA_NOS,IAN,2022,2940.0
2022-09-27 02:00:00,0.757,-0.056,-0.8130000000000001,-67.046402,17.9701,9759110,NOAA_NOS,IAN,2022,3000.0
2022-09-27 03:00:00,0.718,-0.103,-0.821,-67.046402,17.9701,9759110,NOAA_NOS,IAN,2022,3060.0
2022-09-27 04:00:00,0.643,-0.137,-0.78,-67.046402,17.9701,9759110,NOAA_NOS,IAN,2022,3120.0
2022-09-27 05:00:00,0.524,-0.151,-0.675,-67.046402,17.9701,9759110,NOAA_NOS,IAN,2022,3180.0
2022-09-27 06:00:00,0.439,-0.14,-0.579,-67.046402,17.9701,9759110,NOAA_NOS,IAN,2022,3240.0
2022-09-27 07:00:00,0.423,-0.108,-0.531,-67.046402,17.9701,9759110,NOAA_NOS,IAN,2022,3300.0
2022-09-27 08:00:00,0.475,-0.067,-0.542,-67.046402,17.9701,9759110,NOAA_NOS,IAN,2022,3360.0
2022-09-27 09:00:00,0.436,-0.015,-0.451,-67.046402,17.9701,9759110,NOAA_NOS,IAN,2022,3420.0
2022-09-27 10:00:00,0.495,0.044,-0.451,-67.046402,17.9701,9759110,NOAA_NOS,IAN,2022,3480.0
2022-09-27 11:00:00,0.495,0.101,-0.394,-67.046402,17.9701,9759110,NOAA_NOS,IAN,2022,3540.0
2022-09-27 12:00:00,0.57,0.142,-0.4279999999999999,-67.046402,17.9701,9759110,NOAA_NOS,IAN,2022,3600.0
2022-09-27 13:00:00,0.725,0.165,-0.5599999999999999,-67.046402,17.9701,9759110,NOAA_NOS,IAN,2022,3660.0
2022-09-27 14:00:00,0.784,0.169,-0.615,-67.046402,17.9701,9759110,NOAA_NOS,IAN,2022,3720.0
2022-09-27 15:00:00,0.705,0.158,-0.5469999999999999,-67.046402,17.9701,9759110,NOAA_NOS,IAN,2022,3780.0
2022-09-27 16:00:00,0.679,0.136,-0.543,-67.046402,17.9701,9759110,NOAA_NOS,IAN,2022,3840.0
2022-09-27 17:00:00,0.616,0.111,-0.505,-67.046402,17.9701,9759110,NOAA_NOS,IAN,2022,3900.0
2022-09-27 18:00:00,0.633,0.091,-0.542,-67.046402,17.9701,9759110,NOAA_NOS,IAN,2022,3960.0
2022-09-27 19:00:00,0.626,0.073,-0.553,-67.046402,17.9701,9759110,NOAA_NOS,IAN,2022,4020.0
2022-09-27 20:00:00,0.59,0.05,-0.5399999999999999,-67.046402,17.9701,9759110,NOAA_NOS,IAN,2022,4080.0
2022-09-27 21:00:00,0.616,0.021,-0.595,-67.046402,17.9701,9759110,NOAA_NOS,IAN,2022,4140.0
2022-09-27 22:00:00,0.597,-0.009,-0.606,-67.046402,17.9701,9759110,NOAA_NOS,IAN,2022,4200.0
2022-09-27 23:00:00,0.58,-0.037,-0.617,-67.046402,17.9701,9759110,NOAA_NOS,IAN,2022,4260.0
2022-09-28 00:00:00,0.57,-0.07,-0.6399999999999999,-67.046402,17.9701,9759110,NOAA_NOS,IAN,2022,4320.0
2022-09-28 01:00:00,0.577,-0.108,-0.6849999999999999,-67.046402,17.9701,9759110,NOAA_NOS,IAN,2022,4380.0
2022-09-28 02:00:00,0.58,-0.145,-0.725,-67.046402,17.9701,9759110,NOAA_NOS,IAN,2022,4440.0
2022-09-28 03:00:00,0.475,-0.18,-0.655,-67.046402,17.9701,9759110,NOAA_NOS,IAN,2022,4500.0
2022-09-28 04:00:00,0.344,-0.208,-0.5519999999999999,-67.046402,17.9701,9759110,NOAA_NOS,IAN,2022,4560.0
2022-09-28 05:00:00,0.357,-0.217,-0.574,-67.046402,17.9701,9759110,NOAA_NOS,IAN,2022,4620.0
2022-09-28 06:00:00,0.324,-0.198,-0.522,-67.046402,17.9701,9759110,NOAA_NOS,IAN,2022,4680.0
2022-09-28 07:00:00,0.337,-0.158,-0.495,-67.046402,17.9701,9759110,NOAA_NOS,IAN,2022,4740.0
2022-09-28 08:00:00,0.298,-0.099,-0.397,-67.046402,17.9701,9759110,NOAA_NOS,IAN,2022,4800.0
2022-09-28 09:00:00,0.301,-0.041,-0.3419999999999999,-67.046402,17.9701,9759110,NOAA_NOS,IAN,2022,4860.0
2022-09-28 10:00:00,0.39,0.023,-0.367,-67.046402,17.9701,9759110,NOAA_NOS,IAN,2022,4920.0
2022-09-28 11:00:00,0.459,0.085,-0.374,-67.046402,17.9701,9759110,NOAA_NOS,IAN,2022,4980.0
2022-09-28 12:00:00,0.544,0.137,-0.407,-67.046402,17.9701,9759110,NOAA_NOS,IAN,2022,5040.0
2022-09-28 13:00:00,0.688,0.171,-0.5169999999999999,-67.046402,17.9701,9759110,NOAA_NOS,IAN,2022,5100.0
2022-09-28 14:00:00,0.77,0.19,-0.5800000000000001,-67.046402,17.9701,9759110,NOAA_NOS,IAN,2022,5160.0
2022-09-28 15:00:00,0.793,0.198,-0.595,-67.046402,17.9701,9759110,NOAA_NOS,IAN,2022,5220.0
2022-09-28 16:00:00,0.797,0.192,-0.605,-67.046402,17.9701,9759110,NOAA_NOS,IAN,2022,5280.0
2022-09-28 17:00:00,0.748,0.181,-0.567,-67.046402,17.9701,9759110,NOAA_NOS,IAN,2022,5340.0
2022-09-28 18:00:00,0.78,0.171,-0.609,-67.046402,17.9701,9759110,NOAA_NOS,IAN,2022,5400.0
2022-09-28 19:00:00,0.675,0.163,-0.512,-67.046402,17.9701,9759110,NOAA_NOS,IAN,2022,5460.0
2022-09-28 20:00:00,0.61,0.151,-0.4589999999999999,-67.046402,17.9701,9759110,NOAA_NOS,IAN,2022,5520.0
2022-09-28 21:00:00,0.639,0.122,-0.517,-67.046402,17.9701,9759110,NOAA_NOS,IAN,2022,5580.0
2022-09-28 22:00:00,0.6,0.081,-0.519,-67.046402,17.9701,9759110,NOAA_NOS,IAN,2022,5640.0
2022-09-28 23:00:00,0.603,0.027,-0.576,-67.046402,17.9701,9759110,NOAA_NOS,IAN,2022,5700.0
2022-09-29 00:00:00,0.616,-0.038,-0.654,-67.046402,17.9701,9759110,NOAA_NOS,IAN,2022,5760.0
2022-09-29 01:00:00,0.57,-0.116,-0.6859999999999999,-67.046402,17.9701,9759110,NOAA_NOS,IAN,2022,5820.0
2022-09-29 02:00:00,0.597,-0.195,-0.792,-67.046402,17.9701,9759110,NOAA_NOS,IAN,2022,5880.0
2022-09-29 03:00:00,0.419,-0.266,-0.685,-67.046402,17.9701,9759110,NOAA_NOS,IAN,2022,5940.0
2022-09-29 04:00:00,0.334,-0.326,-0.66,-67.046402,17.9701,9759110,NOAA_NOS,IAN,2022,6000.0
2022-09-29 05:00:00,0.236,-0.361,-0.597,-67.046402,17.9701,9759110,NOAA_NOS,IAN,2022,6060.0
2022-09-29 06:00:00,0.216,-0.359,-0.575,-67.046402,17.9701,9759110,NOAA_NOS,IAN,2022,6120.0
2022-09-29 07:00:00,0.177,-0.319,-0.496,-67.046402,17.9701,9759110,NOAA_NOS,IAN,2022,6180.0
2022-09-29 08:00:00,0.18,-0.247,-0.427,-67.046402,17.9701,9759110,NOAA_NOS,IAN,2022,6240.0
2022-09-29 09:00:00,0.226,-0.155,-0.381,-67.046402,17.9701,9759110,NOAA_NOS,IAN,2022,6300.0
2022-09-29 10:00:00,0.229,-0.06,-0.289,-67.046402,17.9701,9759110,NOAA_NOS,IAN,2022,6360.0
2022-09-29 11:00:00,0.37,0.037,-0.333,-67.046402,17.9701,9759110,NOAA_NOS,IAN,2022,6420.0
2022-09-29 12:00:00,0.475,0.123,-0.352,-67.046402,17.9701,9759110,NOAA_NOS,IAN,2022,6480.0
2022-09-29 13:00:00,0.531,0.193,-0.338,-67.046402,17.9701,9759110,NOAA_NOS,IAN,2022,6540.0
2022-09-29 14:00:00,0.636,0.238,-0.398,-67.046402,17.9701,9759110,NOAA_NOS,IAN,2022,6600.0
2022-09-29 15:00:00,0.646,0.271,-0.375,-67.046402,17.9701,9759110,NOAA_NOS,IAN,2022,6660.0
2022-09-29 16:00:00,0.672,0.286,-0.386,-67.046402,17.9701,9759110,NOAA_NOS,IAN,2022,6720.0
2022-09-29 17:00:00,0.675,0.287,-0.388,-67.046402,17.9701,9759110,NOAA_NOS,IAN,2022,6780.0
2022-09-29 18:00:00,0.741,0.284,-0.457,-67.046402,17.9701,9759110,NOAA_NOS,IAN,2022,6840.0
2022-09-29 19:00:00,0.77,0.278,-0.492,-67.046402,17.9701,9759110,NOAA_NOS,IAN,2022,6900.0
2022-09-29 20:00:00,0.744,0.264,-0.48,-67.046402,17.9701,9759110,NOAA_NOS,IAN,2022,6960.0
2022-09-29 21:00:00,0.669,0.228,-0.441,-67.046402,17.9701,9759110,NOAA_NOS,IAN,2022,7020.0
2022-09-29 22:00:00,0.636,0.163,-0.473,-67.046402,17.9701,9759110,NOAA_NOS,IAN,2022,7080.0
2022-09-29 23:00:00,0.649,0.082,-0.5670000000000001,-67.046402,17.9701,9759110,NOAA_NOS,IAN,2022,7140.0
2022-09-30 00:00:00,0.541,-0.012,-0.553,-67.046402,17.9701,9759110,NOAA_NOS,IAN,2022,7200.0
2022-09-30 01:00:00,0.528,-0.11,-0.638,-67.046402,17.9701,9759110,NOAA_NOS,IAN,2022,7260.0
2022-09-30 02:00:00,0.416,-0.21,-0.626,-67.046402,17.9701,9759110,NOAA_NOS,IAN,2022,7320.0
2022-09-30 03:00:00,0.318,-0.295,-0.613,-67.046402,17.9701,9759110,NOAA_NOS,IAN,2022,7380.0
2022-09-30 04:00:00,0.15,-0.365,-0.515,-67.046402,17.9701,9759110,NOAA_NOS,IAN,2022,7440.0
2022-09-30 05:00:00,-0.001,-0.414,-0.413,-67.046402,17.9701,9759110,NOAA_NOS,IAN,2022,7500.0
2022-09-30 06:00:00,-0.014,-0.429,-0.415,-67.046402,17.9701,9759110,NOAA_NOS,IAN,2022,7560.0
2022-09-30 07:00:00,0.029,-0.404,-0.433,-67.046402,17.9701,9759110,NOAA_NOS,IAN,2022,7620.0
2022-09-30 08:00:00,0.062,-0.345,-0.407,-67.046402,17.9701,9759110,NOAA_NOS,IAN,2022,7680.0
2022-09-30 09:00:00,0.072,-0.256,-0.328,-67.046402,17.9701,9759110,NOAA_NOS,IAN,2022,7740.0
2022-09-30 10:00:00,0.098,-0.158,-0.256,-67.046402,17.9701,9759110,NOAA_NOS,IAN,2022,7800.0
2022-09-30 11:00:00,0.295,-0.058,-0.353,-67.046402,17.9701,9759110,NOAA_NOS,IAN,2022,7860.0
2022-09-30 12:00:00,0.396,0.039,-0.357,-67.046402,17.9701,9759110,NOAA_NOS,IAN,2022,7920.0
2022-09-30 13:00:00,0.482,0.129,-0.353,-67.046402,17.9701,9759110,NOAA_NOS,IAN,2022,7980.0
2022-09-30 14:00:00,0.662,0.201,-0.461,-67.046402,17.9701,9759110,NOAA_NOS,IAN,2022,8040.0
2022-09-30 15:00:00,0.78,0.257,-0.523,-67.046402,17.9701,9759110,NOAA_NOS,IAN,2022,8100.0
2022-09-30 16:00:00,0.77,0.3,-0.47,-67.046402,17.9701,9759110,NOAA_NOS,IAN,2022,8160.0
2022-09-30 17:00:00,0.79,0.331,-0.459,-67.046402,17.9701,9759110,NOAA_NOS,IAN,2022,8220.0
2022-09-30 18:00:00,0.852,0.355,-0.497,-67.046402,17.9701,9759110,NOAA_NOS,IAN,2022,8280.0
2022-09-30 19:00:00,0.882,0.37,-0.512,-67.046402,17.9701,9759110,NOAA_NOS,IAN,2022,8340.0
2022-09-30 20:00:00,0.849,0.378,-0.471,-67.046402,17.9701,9759110,NOAA_NOS,IAN,2022,8400.0
2022-09-30 21:00:00,0.78,0.368,-0.412,-67.046402,17.9701,9759110,NOAA_NOS,IAN,2022,8460.0
2022-09-30 22:00:00,0.623,0.324,-0.299,-67.046402,17.9701,9759110,NOAA_NOS,IAN,2022,8520.0
2022-09-30 23:00:00,0.659,0.239,-0.42,-67.046402,17.9701,9759110,NOAA_NOS,IAN,2022,8580.0
2022-10-01 00:00:00,0.62,0.126,-0.494,-67.046402,17.9701,9759110,NOAA_NOS,IAN,2022,8640.0
2022-10-01 01:00:00,0.511,-0.005,-0.516,-67.046402,17.9701,9759110,NOAA_NOS,IAN,2022,8700.0
2022-10-01 02:00:00,0.403,-0.145,-0.548,-67.046402,17.9701,9759110,NOAA_NOS,IAN,2022,8760.0
2022-10-01 03:00:00,0.314,-0.283,-0.597,-67.046402,17.9701,9759110,NOAA_NOS,IAN,2022,8820.0
2022-10-01 04:00:00,0.118,-0.391,-0.509,-67.046402,17.9701,9759110,NOAA_NOS,IAN,2022,8880.0
2022-10-01 05:00:00,0.108,-0.465,-0.5730000000000001,-67.046402,17.9701,9759110,NOAA_NOS,IAN,2022,8940.0
2022-10-01 06:00:00,0.055,-0.496,-0.551,-67.046402,17.9701,9759110,NOAA_NOS,IAN,2022,9000.0
2022-10-01 07:00:00,0.003,-0.477,-0.48,-67.046402,17.9701,9759110,NOAA_NOS,IAN,2022,9060.0
2022-10-01 08:00:00,-0.037,-0.423,-0.386,-67.046402,17.9701,9759110,NOAA_NOS,IAN,2022,9120.0
2022-10-01 09:00:00,-0.004,-0.353,-0.349,-67.046402,17.9701,9759110,NOAA_NOS,IAN,2022,9180.0
2022-10-01 10:00:00,0.052,-0.274,-0.326,-67.046402,17.9701,9759110,NOAA_NOS,IAN,2022,9240.0
2022-10-01 11:00:00,0.154,-0.187,-0.3409999999999999,-67.046402,17.9701,9759110,NOAA_NOS,IAN,2022,9300.0
2022-10-01 12:00:00,0.282,-0.093,-0.375,-67.046402,17.9701,9759110,NOAA_NOS,IAN,2022,9360.0
2022-10-01 13:00:00,0.419,0.011,-0.408,-67.046402,17.9701,9759110,NOAA_NOS,IAN,2022,9420.0
2022-10-01 14:00:00,0.452,0.115,-0.337,-67.046402,17.9701,9759110,NOAA_NOS,IAN,2022,9480.0
2022-10-01 15:00:00,0.61,0.206,-0.404,-67.046402,17.9701,9759110,NOAA_NOS,IAN,2022,9540.0
2022-10-01 16:00:00,0.646,0.282,-0.364,-67.046402,17.9701,9759110,NOAA_NOS,IAN,2022,9600.0
2022-10-01 17:00:00,0.692,0.343,-0.3489999999999999,-67.046402,17.9701,9759110,NOAA_NOS,IAN,2022,9660.0
2022-10-01 18:00:00,0.751,0.389,-0.362,-67.046402,17.9701,9759110,NOAA_NOS,IAN,2022,9720.0
2022-10-01 19:00:00,0.787,0.415,-0.372,-67.046402,17.9701,9759110,NOAA_NOS,IAN,2022,9780.0
2022-10-01 20:00:00,0.869,0.423,-0.446,-67.046402,17.9701,9759110,NOAA_NOS,IAN,2022,9840.0
2022-10-01 21:00:00,0.81,0.424,-0.386,-67.046402,17.9701,9759110,NOAA_NOS,IAN,2022,9900.0
2022-10-01 22:00:00,0.734,0.392,-0.3419999999999999,-67.046402,17.9701,9759110,NOAA_NOS,IAN,2022,9960.0
2022-10-01 23:00:00,0.669,0.323,-0.346,-67.046402,17.9701,9759110,NOAA_NOS,IAN,2022,10020.0
2022-09-25 01:00:00,1.007,0.409,-0.5979999999999999,-67.162142,18.215469,9759394,NOAA_NOS,IAN,2022,60.0
2022-09-25 02:00:00,0.761,0.225,-0.536,-67.162142,18.215469,9759394,NOAA_NOS,IAN,2022,120.0
2022-09-25 03:00:00,0.548,0.012,-0.536,-67.162142,18.215469,9759394,NOAA_NOS,IAN,2022,180.0
2022-09-25 04:00:00,0.308,-0.154,-0.4619999999999999,-67.162142,18.215469,9759394,NOAA_NOS,IAN,2022,240.0
2022-09-25 05:00:00,0.075,-0.28,-0.355,-67.162142,18.215469,9759394,NOAA_NOS,IAN,2022,300.0
2022-09-25 06:00:00,-0.118,-0.36,-0.242,-67.162142,18.215469,9759394,NOAA_NOS,IAN,2022,360.0
2022-09-25 07:00:00,-0.154,-0.294,-0.1399999999999999,-67.162142,18.215469,9759394,NOAA_NOS,IAN,2022,420.0
2022-09-25 08:00:00,0.036,-0.169,-0.205,-67.162142,18.215469,9759394,NOAA_NOS,IAN,2022,480.0
2022-09-25 09:00:00,0.371,-0.009,-0.38,-67.162142,18.215469,9759394,NOAA_NOS,IAN,2022,540.0
2022-09-25 10:00:00,0.545,0.195,-0.35,-67.162142,18.215469,9759394,NOAA_NOS,IAN,2022,600.0
2022-09-25 11:00:00,0.741,0.32,-0.421,-67.162142,18.215469,9759394,NOAA_NOS,IAN,2022,660.0
2022-09-25 12:00:00,0.807,0.337,-0.47,-67.162142,18.215469,9759394,NOAA_NOS,IAN,2022,720.0
2022-09-25 13:00:00,0.817,0.291,-0.526,-67.162142,18.215469,9759394,NOAA_NOS,IAN,2022,780.0
2022-09-25 14:00:00,0.702,0.153,-0.5489999999999999,-67.162142,18.215469,9759394,NOAA_NOS,IAN,2022,840.0
2022-09-25 15:00:00,0.381,-0.049,-0.43,-67.162142,18.215469,9759394,NOAA_NOS,IAN,2022,900.0
2022-09-25 16:00:00,0.197,-0.242,-0.439,-67.162142,18.215469,9759394,NOAA_NOS,IAN,2022,960.0
2022-09-25 17:00:00,0.013,-0.39,-0.403,-67.162142,18.215469,9759394,NOAA_NOS,IAN,2022,1020.0
2022-09-25 18:00:00,-0.118,-0.453,-0.335,-67.162142,18.215469,9759394,NOAA_NOS,IAN,2022,1080.0
2022-09-25 19:00:00,-0.069,-0.396,-0.327,-67.162142,18.215469,9759394,NOAA_NOS,IAN,2022,1140.0
2022-09-25 20:00:00,0.016,-0.236,-0.252,-67.162142,18.215469,9759394,NOAA_NOS,IAN,2022,1200.0
2022-09-25 21:00:00,0.351,-0.037,-0.3879999999999999,-67.162142,18.215469,9759394,NOAA_NOS,IAN,2022,1260.0
2022-09-25 22:00:00,0.758,0.173,-0.585,-67.162142,18.215469,9759394,NOAA_NOS,IAN,2022,1320.0
2022-09-25 23:00:00,0.981,0.346,-0.635,-67.162142,18.215469,9759394,NOAA_NOS,IAN,2022,1380.0
2022-09-26 00:00:00,1.198,0.431,-0.7669999999999999,-67.162142,18.215469,9759394,NOAA_NOS,IAN,2022,1440.0
2022-09-26 01:00:00,1.217,0.408,-0.8090000000000002,-67.162142,18.215469,9759394,NOAA_NOS,IAN,2022,1500.0
2022-09-26 02:00:00,1.083,0.281,-0.8019999999999999,-67.162142,18.215469,9759394,NOAA_NOS,IAN,2022,1560.0
2022-09-26 03:00:00,0.879,0.091,-0.788,-67.162142,18.215469,9759394,NOAA_NOS,IAN,2022,1620.0
2022-09-26 04:00:00,0.571,-0.12,-0.691,-67.162142,18.215469,9759394,NOAA_NOS,IAN,2022,1680.0
2022-09-26 05:00:00,0.322,-0.297,-0.619,-67.162142,18.215469,9759394,NOAA_NOS,IAN,2022,1740.0
2022-09-26 06:00:00,0.161,-0.395,-0.556,-67.162142,18.215469,9759394,NOAA_NOS,IAN,2022,1800.0
2022-09-26 07:00:00,0.056,-0.388,-0.444,-67.162142,18.215469,9759394,NOAA_NOS,IAN,2022,1860.0
2022-09-26 08:00:00,0.19,-0.271,-0.461,-67.162142,18.215469,9759394,NOAA_NOS,IAN,2022,1920.0
2022-09-26 09:00:00,0.41,-0.079,-0.489,-67.162142,18.215469,9759394,NOAA_NOS,IAN,2022,1980.0
2022-09-26 10:00:00,0.636,0.143,-0.493,-67.162142,18.215469,9759394,NOAA_NOS,IAN,2022,2040.0
2022-09-26 11:00:00,0.978,0.333,-0.645,-67.162142,18.215469,9759394,NOAA_NOS,IAN,2022,2100.0
2022-09-26 12:00:00,1.161,0.451,-0.71,-67.162142,18.215469,9759394,NOAA_NOS,IAN,2022,2160.0
2022-09-26 13:00:00,1.224,0.466,-0.758,-67.162142,18.215469,9759394,NOAA_NOS,IAN,2022,2220.0
2022-09-26 14:00:00,1.168,0.364,-0.8039999999999999,-67.162142,18.215469,9759394,NOAA_NOS,IAN,2022,2280.0
2022-09-26 15:00:00,0.879,0.177,-0.702,-67.162142,18.215469,9759394,NOAA_NOS,IAN,2022,2340.0
2022-09-26 16:00:00,0.584,-0.047,-0.631,-67.162142,18.215469,9759394,NOAA_NOS,IAN,2022,2400.0
2022-09-26 17:00:00,0.374,-0.252,-0.626,-67.162142,18.215469,9759394,NOAA_NOS,IAN,2022,2460.0
2022-09-26 18:00:00,0.148,-0.394,-0.542,-67.162142,18.215469,9759394,NOAA_NOS,IAN,2022,2520.0
2022-09-26 19:00:00,-0.003,-0.432,-0.429,-67.162142,18.215469,9759394,NOAA_NOS,IAN,2022,2580.0
2022-09-26 20:00:00,0.098,-0.358,-0.4559999999999999,-67.162142,18.215469,9759394,NOAA_NOS,IAN,2022,2640.0
2022-09-26 21:00:00,0.335,-0.195,-0.53,-67.162142,18.215469,9759394,NOAA_NOS,IAN,2022,2700.0
2022-09-26 22:00:00,0.522,0.018,-0.504,-67.162142,18.215469,9759394,NOAA_NOS,IAN,2022,2760.0
2022-09-26 23:00:00,0.745,0.213,-0.532,-67.162142,18.215469,9759394,NOAA_NOS,IAN,2022,2820.0
2022-09-27 00:00:00,1.017,0.352,-0.6649999999999999,-67.162142,18.215469,9759394,NOAA_NOS,IAN,2022,2880.0
2022-09-27 01:00:00,1.22,0.386,-0.834,-67.162142,18.215469,9759394,NOAA_NOS,IAN,2022,2940.0
2022-09-27 02:00:00,1.188,0.302,-0.8859999999999999,-67.162142,18.215469,9759394,NOAA_NOS,IAN,2022,3000.0
2022-09-27 03:00:00,0.915,0.123,-0.792,-67.162142,18.215469,9759394,NOAA_NOS,IAN,2022,3060.0
2022-09-27 04:00:00,0.676,-0.103,-0.779,-67.162142,18.215469,9759394,NOAA_NOS,IAN,2022,3120.0
2022-09-27 05:00:00,0.371,-0.315,-0.6859999999999999,-67.162142,18.215469,9759394,NOAA_NOS,IAN,2022,3180.0
2022-09-27 06:00:00,0.187,-0.464,-0.651,-67.162142,18.215469,9759394,NOAA_NOS,IAN,2022,3240.0
2022-09-27 07:00:00,0.056,-0.505,-0.561,-67.162142,18.215469,9759394,NOAA_NOS,IAN,2022,3300.0
2022-09-27 08:00:00,0.033,-0.423,-0.4559999999999999,-67.162142,18.215469,9759394,NOAA_NOS,IAN,2022,3360.0
2022-09-27 09:00:00,0.24,-0.232,-0.472,-67.162142,18.215469,9759394,NOAA_NOS,IAN,2022,3420.0
2022-09-27 10:00:00,0.502,0.024,-0.478,-67.162142,18.215469,9759394,NOAA_NOS,IAN,2022,3480.0
2022-09-27 11:00:00,0.732,0.284,-0.448,-67.162142,18.215469,9759394,NOAA_NOS,IAN,2022,3540.0
2022-09-27 12:00:00,1.086,0.492,-0.5940000000000001,-67.162142,18.215469,9759394,NOAA_NOS,IAN,2022,3600.0
2022-09-27 13:00:00,1.243,0.599,-0.6440000000000001,-67.162142,18.215469,9759394,NOAA_NOS,IAN,2022,3660.0
2022-09-27 14:00:00,1.253,0.58,-0.6729999999999999,-67.162142,18.215469,9759394,NOAA_NOS,IAN,2022,3720.0
2022-09-27 15:00:00,1.188,0.44,-0.748,-67.162142,18.215469,9759394,NOAA_NOS,IAN,2022,3780.0
2022-09-27 16:00:00,0.833,0.218,-0.615,-67.162142,18.215469,9759394,NOAA_NOS,IAN,2022,3840.0
2022-09-27 17:00:00,0.538,-0.029,-0.5670000000000001,-67.162142,18.215469,9759394,NOAA_NOS,IAN,2022,3900.0
2022-09-27 18:00:00,0.305,-0.246,-0.5509999999999999,-67.162142,18.215469,9759394,NOAA_NOS,IAN,2022,3960.0
2022-09-27 19:00:00,0.131,-0.381,-0.512,-67.162142,18.215469,9759394,NOAA_NOS,IAN,2022,4020.0
2022-09-27 20:00:00,0.069,-0.407,-0.476,-67.162142,18.215469,9759394,NOAA_NOS,IAN,2022,4080.0
2022-09-27 21:00:00,0.039,-0.324,-0.363,-67.162142,18.215469,9759394,NOAA_NOS,IAN,2022,4140.0
2022-09-27 22:00:00,0.243,-0.164,-0.407,-67.162142,18.215469,9759394,NOAA_NOS,IAN,2022,4200.0
2022-09-27 23:00:00,0.489,0.027,-0.4619999999999999,-67.162142,18.215469,9759394,NOAA_NOS,IAN,2022,4260.0
2022-09-28 00:00:00,0.82,0.19,-0.6299999999999999,-67.162142,18.215469,9759394,NOAA_NOS,IAN,2022,4320.0
2022-09-28 01:00:00,1.03,0.284,-0.746,-67.162142,18.215469,9759394,NOAA_NOS,IAN,2022,4380.0
2022-09-28 02:00:00,0.932,0.274,-0.658,-67.162142,18.215469,9759394,NOAA_NOS,IAN,2022,4440.0
2022-09-28 03:00:00,0.856,0.156,-0.7,-67.162142,18.215469,9759394,NOAA_NOS,IAN,2022,4500.0
2022-09-28 04:00:00,0.656,-0.04,-0.6960000000000001,-67.162142,18.215469,9759394,NOAA_NOS,IAN,2022,4560.0
2022-09-28 05:00:00,0.348,-0.261,-0.609,-67.162142,18.215469,9759394,NOAA_NOS,IAN,2022,4620.0
2022-09-28 06:00:00,0.144,-0.443,-0.587,-67.162142,18.215469,9759394,NOAA_NOS,IAN,2022,4680.0
2022-09-28 07:00:00,-0.049,-0.546,-0.497,-67.162142,18.215469,9759394,NOAA_NOS,IAN,2022,4740.0
2022-09-28 08:00:00,-0.184,-0.528,-0.344,-67.162142,18.215469,9759394,NOAA_NOS,IAN,2022,4800.0
2022-09-28 09:00:00,-0.03,-0.384,-0.354,-67.162142,18.215469,9759394,NOAA_NOS,IAN,2022,4860.0
2022-09-28 10:00:00,0.141,-0.141,-0.282,-67.162142,18.215469,9759394,NOAA_NOS,IAN,2022,4920.0
2022-09-28 11:00:00,0.423,0.143,-0.28,-67.162142,18.215469,9759394,NOAA_NOS,IAN,2022,4980.0
2022-09-28 12:00:00,0.774,0.412,-0.362,-67.162142,18.215469,9759394,NOAA_NOS,IAN,2022,5040.0
2022-09-28 13:00:00,1.089,0.609,-0.48,-67.162142,18.215469,9759394,NOAA_NOS,IAN,2022,5100.0
2022-09-28 14:00:00,1.207,0.686,-0.521,-67.162142,18.215469,9759394,NOAA_NOS,IAN,2022,5160.0
2022-09-28 15:00:00,1.224,0.632,-0.592,-67.162142,18.215469,9759394,NOAA_NOS,IAN,2022,5220.0
2022-09-28 16:00:00,1.076,0.461,-0.615,-67.162142,18.215469,9759394,NOAA_NOS,IAN,2022,5280.0
2022-09-28 17:00:00,0.823,0.222,-0.601,-67.162142,18.215469,9759394,NOAA_NOS,IAN,2022,5340.0
2022-09-28 18:00:00,0.512,-0.029,-0.541,-67.162142,18.215469,9759394,NOAA_NOS,IAN,2022,5400.0
2022-09-28 19:00:00,0.269,-0.237,-0.506,-67.162142,18.215469,9759394,NOAA_NOS,IAN,2022,5460.0
2022-09-28 20:00:00,0.013,-0.351,-0.364,-67.162142,18.215469,9759394,NOAA_NOS,IAN,2022,5520.0
2022-09-28 21:00:00,-0.052,-0.358,-0.306,-67.162142,18.215469,9759394,NOAA_NOS,IAN,2022,5580.0
2022-09-28 22:00:00,0.095,-0.263,-0.358,-67.162142,18.215469,9759394,NOAA_NOS,IAN,2022,5640.0
2022-09-28 23:00:00,0.213,-0.108,-0.321,-67.162142,18.215469,9759394,NOAA_NOS,IAN,2022,5700.0
2022-09-29 00:00:00,0.525,0.056,-0.469,-67.162142,18.215469,9759394,NOAA_NOS,IAN,2022,5760.0
2022-09-29 01:00:00,0.83,0.177,-0.653,-67.162142,18.215469,9759394,NOAA_NOS,IAN,2022,5820.0
2022-09-29 02:00:00,0.938,0.215,-0.723,-67.162142,18.215469,9759394,NOAA_NOS,IAN,2022,5880.0
2022-09-29 03:00:00,0.843,0.143,-0.7,-67.162142,18.215469,9759394,NOAA_NOS,IAN,2022,5940.0
2022-09-29 04:00:00,0.666,-0.026,-0.6920000000000001,-67.162142,18.215469,9759394,NOAA_NOS,IAN,2022,6000.0
2022-09-29 05:00:00,0.43,-0.235,-0.665,-67.162142,18.215469,9759394,NOAA_NOS,IAN,2022,6060.0
2022-09-29 06:00:00,0.2,-0.442,-0.642,-67.162142,18.215469,9759394,NOAA_NOS,IAN,2022,6120.0
2022-09-29 07:00:00,0.026,-0.59,-0.616,-67.162142,18.215469,9759394,NOAA_NOS,IAN,2022,6180.0
2022-09-29 08:00:00,-0.167,-0.633,-0.4659999999999999,-67.162142,18.215469,9759394,NOAA_NOS,IAN,2022,6240.0
2022-09-29 09:00:00,-0.259,-0.555,-0.296,-67.162142,18.215469,9759394,NOAA_NOS,IAN,2022,6300.0
2022-09-29 10:00:00,-0.213,-0.355,-0.142,-67.162142,18.215469,9759394,NOAA_NOS,IAN,2022,6360.0
2022-09-29 11:00:00,0.174,-0.077,-0.251,-67.162142,18.215469,9759394,NOAA_NOS,IAN,2022,6420.0
2022-09-29 12:00:00,0.476,0.229,-0.2469999999999999,-67.162142,18.215469,9759394,NOAA_NOS,IAN,2022,6480.0
2022-09-29 13:00:00,0.84,0.509,-0.3309999999999999,-67.162142,18.215469,9759394,NOAA_NOS,IAN,2022,6540.0
2022-09-29 14:00:00,1.03,0.699,-0.331,-67.162142,18.215469,9759394,NOAA_NOS,IAN,2022,6600.0
2022-09-29 15:00:00,1.089,0.76,-0.3289999999999999,-67.162142,18.215469,9759394,NOAA_NOS,IAN,2022,6660.0
2022-09-29 16:00:00,1.099,0.694,-0.405,-67.162142,18.215469,9759394,NOAA_NOS,IAN,2022,6720.0
2022-09-29 17:00:00,0.942,0.516,-0.4259999999999999,-67.162142,18.215469,9759394,NOAA_NOS,IAN,2022,6780.0
2022-09-29 18:00:00,0.696,0.273,-0.4229999999999999,-67.162142,18.215469,9759394,NOAA_NOS,IAN,2022,6840.0
2022-09-29 19:00:00,0.469,0.022,-0.4469999999999999,-67.162142,18.215469,9759394,NOAA_NOS,IAN,2022,6900.0
2022-09-29 20:00:00,0.174,-0.183,-0.357,-67.162142,18.215469,9759394,NOAA_NOS,IAN,2022,6960.0
2022-09-29 21:00:00,0.003,-0.292,-0.295,-67.162142,18.215469,9759394,NOAA_NOS,IAN,2022,7020.0
2022-09-29 22:00:00,-0.062,-0.296,-0.2339999999999999,-67.162142,18.215469,9759394,NOAA_NOS,IAN,2022,7080.0
2022-09-29 23:00:00,0.023,-0.218,-0.241,-67.162142,18.215469,9759394,NOAA_NOS,IAN,2022,7140.0
2022-09-30 00:00:00,0.197,-0.09,-0.287,-67.162142,18.215469,9759394,NOAA_NOS,IAN,2022,7200.0
2022-09-30 01:00:00,0.528,0.042,-0.486,-67.162142,18.215469,9759394,NOAA_NOS,IAN,2022,7260.0
2022-09-30 02:00:00,0.597,0.131,-0.4659999999999999,-67.162142,18.215469,9759394,NOAA_NOS,IAN,2022,7320.0
2022-09-30 03:00:00,0.801,0.131,-0.67,-67.162142,18.215469,9759394,NOAA_NOS,IAN,2022,7380.0
2022-09-30 04:00:00,0.679,0.029,-0.65,-67.162142,18.215469,9759394,NOAA_NOS,IAN,2022,7440.0
2022-09-30 05:00:00,0.551,-0.152,-0.7030000000000001,-67.162142,18.215469,9759394,NOAA_NOS,IAN,2022,7500.0
2022-09-30 06:00:00,0.305,-0.359,-0.6639999999999999,-67.162142,18.215469,9759394,NOAA_NOS,IAN,2022,7560.0
2022-09-30 07:00:00,0.0,-0.545,-0.545,-67.162142,18.215469,9759394,NOAA_NOS,IAN,2022,7620.0
2022-09-30 08:00:00,-0.085,-0.661,-0.5760000000000001,-67.162142,18.215469,9759394,NOAA_NOS,IAN,2022,7680.0
2022-09-30 09:00:00,-0.128,-0.663,-0.535,-67.162142,18.215469,9759394,NOAA_NOS,IAN,2022,7740.0
2022-09-30 10:00:00,-0.151,-0.538,-0.387,-67.162142,18.215469,9759394,NOAA_NOS,IAN,2022,7800.0
2022-09-30 11:00:00,-0.089,-0.302,-0.213,-67.162142,18.215469,9759394,NOAA_NOS,IAN,2022,7860.0
2022-09-30 12:00:00,0.203,-0.004,-0.207,-67.162142,18.215469,9759394,NOAA_NOS,IAN,2022,7920.0
2022-09-30 13:00:00,0.581,0.304,-0.2769999999999999,-67.162142,18.215469,9759394,NOAA_NOS,IAN,2022,7980.0
2022-09-30 14:00:00,0.86,0.567,-0.293,-67.162142,18.215469,9759394,NOAA_NOS,IAN,2022,8040.0
2022-09-30 15:00:00,1.191,0.739,-0.452,-67.162142,18.215469,9759394,NOAA_NOS,IAN,2022,8100.0
2022-09-30 16:00:00,1.253,0.782,-0.4709999999999998,-67.162142,18.215469,9759394,NOAA_NOS,IAN,2022,8160.0
2022-09-30 17:00:00,1.115,0.701,-0.414,-67.162142,18.215469,9759394,NOAA_NOS,IAN,2022,8220.0
2022-09-30 18:00:00,0.948,0.53,-0.4179999999999999,-67.162142,18.215469,9759394,NOAA_NOS,IAN,2022,8280.0
2022-09-30 19:00:00,0.643,0.309,-0.334,-67.162142,18.215469,9759394,NOAA_NOS,IAN,2022,8340.0
2022-09-30 20:00:00,0.443,0.084,-0.359,-67.162142,18.215469,9759394,NOAA_NOS,IAN,2022,8400.0
2022-09-30 21:00:00,0.305,-0.105,-0.41,-67.162142,18.215469,9759394,NOAA_NOS,IAN,2022,8460.0
2022-09-30 22:00:00,0.128,-0.203,-0.331,-67.162142,18.215469,9759394,NOAA_NOS,IAN,2022,8520.0
2022-09-30 23:00:00,0.082,-0.215,-0.297,-67.162142,18.215469,9759394,NOAA_NOS,IAN,2022,8580.0
2022-10-01 00:00:00,0.039,-0.166,-0.205,-67.162142,18.215469,9759394,NOAA_NOS,IAN,2022,8640.0
2022-10-01 01:00:00,0.213,-0.069,-0.282,-67.162142,18.215469,9759394,NOAA_NOS,IAN,2022,8700.0
2022-10-01 02:00:00,0.509,0.018,-0.491,-67.162142,18.215469,9759394,NOAA_NOS,IAN,2022,8760.0
2022-10-01 03:00:00,0.607,0.059,-0.548,-67.162142,18.215469,9759394,NOAA_NOS,IAN,2022,8820.0
2022-10-01 04:00:00,0.682,0.043,-0.639,-67.162142,18.215469,9759394,NOAA_NOS,IAN,2022,8880.0
2022-10-01 05:00:00,0.653,-0.059,-0.712,-67.162142,18.215469,9759394,NOAA_NOS,IAN,2022,8940.0
2022-10-01 06:00:00,0.502,-0.232,-0.734,-67.162142,18.215469,9759394,NOAA_NOS,IAN,2022,9000.0
2022-10-01 07:00:00,0.276,-0.424,-0.7,-67.162142,18.215469,9759394,NOAA_NOS,IAN,2022,9060.0
2022-10-01 08:00:00,0.052,-0.599,-0.651,-67.162142,18.215469,9759394,NOAA_NOS,IAN,2022,9120.0
2022-10-01 09:00:00,-0.102,-0.715,-0.613,-67.162142,18.215469,9759394,NOAA_NOS,IAN,2022,9180.0
2022-10-01 10:00:00,-0.24,-0.699,-0.4589999999999999,-67.162142,18.215469,9759394,NOAA_NOS,IAN,2022,9240.0
2022-10-01 11:00:00,-0.253,-0.55,-0.297,-67.162142,18.215469,9759394,NOAA_NOS,IAN,2022,9300.0
2022-10-01 12:00:00,-0.082,-0.303,-0.2209999999999999,-67.162142,18.215469,9759394,NOAA_NOS,IAN,2022,9360.0
2022-10-01 13:00:00,0.197,0.015,-0.182,-67.162142,18.215469,9759394,NOAA_NOS,IAN,2022,9420.0
2022-10-01 14:00:00,0.587,0.351,-0.236,-67.162142,18.215469,9759394,NOAA_NOS,IAN,2022,9480.0
2022-10-01 15:00:00,0.925,0.633,-0.292,-67.162142,18.215469,9759394,NOAA_NOS,IAN,2022,9540.0
2022-10-01 16:00:00,1.096,0.797,-0.299,-67.162142,18.215469,9759394,NOAA_NOS,IAN,2022,9600.0
2022-10-01 17:00:00,1.181,0.812,-0.369,-67.162142,18.215469,9759394,NOAA_NOS,IAN,2022,9660.0
2022-10-01 18:00:00,1.135,0.716,-0.419,-67.162142,18.215469,9759394,NOAA_NOS,IAN,2022,9720.0
2022-10-01 19:00:00,0.961,0.532,-0.4289999999999999,-67.162142,18.215469,9759394,NOAA_NOS,IAN,2022,9780.0
2022-10-01 20:00:00,0.735,0.302,-0.433,-67.162142,18.215469,9759394,NOAA_NOS,IAN,2022,9840.0
2022-10-01 21:00:00,0.41,0.083,-0.3269999999999999,-67.162142,18.215469,9759394,NOAA_NOS,IAN,2022,9900.0
2022-10-01 22:00:00,0.233,-0.083,-0.316,-67.162142,18.215469,9759394,NOAA_NOS,IAN,2022,9960.0
2022-10-01 23:00:00,0.105,-0.16,-0.265,-67.162142,18.215469,9759394,NOAA_NOS,IAN,2022,10020.0
2022-09-25 01:00:00,0.564,0.221,-0.3429999999999999,-67.9385,18.08991,9759938,NOAA_NOS,IAN,2022,60.0
2022-09-25 02:00:00,0.505,0.167,-0.3379999999999999,-67.9385,18.08991,9759938,NOAA_NOS,IAN,2022,120.0
2022-09-25 03:00:00,0.463,0.085,-0.378,-67.9385,18.08991,9759938,NOAA_NOS,IAN,2022,180.0
2022-09-25 04:00:00,0.384,0.004,-0.38,-67.9385,18.08991,9759938,NOAA_NOS,IAN,2022,240.0
2022-09-25 05:00:00,0.371,-0.053,-0.424,-67.9385,18.08991,9759938,NOAA_NOS,IAN,2022,300.0
2022-09-25 06:00:00,0.302,-0.086,-0.388,-67.9385,18.08991,9759938,NOAA_NOS,IAN,2022,360.0
2022-09-25 07:00:00,0.351,-0.099,-0.4499999999999999,-67.9385,18.08991,9759938,NOAA_NOS,IAN,2022,420.0
2022-09-25 08:00:00,0.338,-0.076,-0.414,-67.9385,18.08991,9759938,NOAA_NOS,IAN,2022,480.0
2022-09-25 09:00:00,0.151,-0.024,-0.175,-67.9385,18.08991,9759938,NOAA_NOS,IAN,2022,540.0
2022-09-25 10:00:00,0.167,0.022,-0.145,-67.9385,18.08991,9759938,NOAA_NOS,IAN,2022,600.0
2022-09-25 11:00:00,0.358,0.065,-0.293,-67.9385,18.08991,9759938,NOAA_NOS,IAN,2022,660.0
2022-09-25 12:00:00,0.335,0.077,-0.258,-67.9385,18.08991,9759938,NOAA_NOS,IAN,2022,720.0
2022-09-25 13:00:00,0.335,0.061,-0.274,-67.9385,18.08991,9759938,NOAA_NOS,IAN,2022,780.0
2022-09-25 14:00:00,0.236,0.017,-0.2189999999999999,-67.9385,18.08991,9759938,NOAA_NOS,IAN,2022,840.0
2022-09-25 15:00:00,0.2,-0.041,-0.241,-67.9385,18.08991,9759938,NOAA_NOS,IAN,2022,900.0
2022-09-25 16:00:00,0.194,-0.104,-0.298,-67.9385,18.08991,9759938,NOAA_NOS,IAN,2022,960.0
2022-09-25 17:00:00,0.184,-0.142,-0.3259999999999999,-67.9385,18.08991,9759938,NOAA_NOS,IAN,2022,1020.0
2022-09-25 18:00:00,0.315,-0.151,-0.4659999999999999,-67.9385,18.08991,9759938,NOAA_NOS,IAN,2022,1080.0
2022-09-25 19:00:00,0.276,-0.134,-0.41,-67.9385,18.08991,9759938,NOAA_NOS,IAN,2022,1140.0
2022-09-25 20:00:00,0.331,-0.081,-0.412,-67.9385,18.08991,9759938,NOAA_NOS,IAN,2022,1200.0
2022-09-25 21:00:00,0.367,-0.016,-0.383,-67.9385,18.08991,9759938,NOAA_NOS,IAN,2022,1260.0
2022-09-25 22:00:00,0.459,0.058,-0.401,-67.9385,18.08991,9759938,NOAA_NOS,IAN,2022,1320.0
2022-09-25 23:00:00,0.627,0.111,-0.516,-67.9385,18.08991,9759938,NOAA_NOS,IAN,2022,1380.0
2022-09-26 00:00:00,0.728,0.14,-0.588,-67.9385,18.08991,9759938,NOAA_NOS,IAN,2022,1440.0
2022-09-26 01:00:00,0.709,0.14,-0.569,-67.9385,18.08991,9759938,NOAA_NOS,IAN,2022,1500.0
2022-09-26 02:00:00,0.814,0.102,-0.712,-67.9385,18.08991,9759938,NOAA_NOS,IAN,2022,1560.0
2022-09-26 03:00:00,0.886,0.047,-0.839,-67.9385,18.08991,9759938,NOAA_NOS,IAN,2022,1620.0
2022-09-26 04:00:00,0.614,-0.013,-0.627,-67.9385,18.08991,9759938,NOAA_NOS,IAN,2022,1680.0
2022-09-26 05:00:00,0.44,-0.068,-0.508,-67.9385,18.08991,9759938,NOAA_NOS,IAN,2022,1740.0
2022-09-26 06:00:00,0.44,-0.1,-0.54,-67.9385,18.08991,9759938,NOAA_NOS,IAN,2022,1800.0
2022-09-26 07:00:00,0.528,-0.104,-0.632,-67.9385,18.08991,9759938,NOAA_NOS,IAN,2022,1860.0
2022-09-26 08:00:00,0.525,-0.078,-0.603,-67.9385,18.08991,9759938,NOAA_NOS,IAN,2022,1920.0
2022-09-26 09:00:00,0.554,-0.024,-0.5780000000000001,-67.9385,18.08991,9759938,NOAA_NOS,IAN,2022,1980.0
2022-09-26 10:00:00,0.535,0.045,-0.49,-67.9385,18.08991,9759938,NOAA_NOS,IAN,2022,2040.0
2022-09-26 11:00:00,0.584,0.106,-0.478,-67.9385,18.08991,9759938,NOAA_NOS,IAN,2022,2100.0
2022-09-26 12:00:00,0.81,0.142,-0.668,-67.9385,18.08991,9759938,NOAA_NOS,IAN,2022,2160.0
2022-09-26 13:00:00,0.814,0.153,-0.6609999999999999,-67.9385,18.08991,9759938,NOAA_NOS,IAN,2022,2220.0
2022-09-26 14:00:00,0.751,0.125,-0.626,-67.9385,18.08991,9759938,NOAA_NOS,IAN,2022,2280.0
2022-09-26 15:00:00,0.659,0.076,-0.5830000000000001,-67.9385,18.08991,9759938,NOAA_NOS,IAN,2022,2340.0
2022-09-26 16:00:00,0.666,0.012,-0.654,-67.9385,18.08991,9759938,NOAA_NOS,IAN,2022,2400.0
2022-09-26 17:00:00,0.699,-0.043,-0.742,-67.9385,18.08991,9759938,NOAA_NOS,IAN,2022,2460.0
2022-09-26 18:00:00,0.735,-0.084,-0.819,-67.9385,18.08991,9759938,NOAA_NOS,IAN,2022,2520.0
2022-09-26 19:00:00,0.597,-0.097,-0.694,-67.9385,18.08991,9759938,NOAA_NOS,IAN,2022,2580.0
2022-09-26 20:00:00,0.469,-0.084,-0.5529999999999999,-67.9385,18.08991,9759938,NOAA_NOS,IAN,2022,2640.0
2022-09-26 21:00:00,0.574,-0.044,-0.618,-67.9385,18.08991,9759938,NOAA_NOS,IAN,2022,2700.0
2022-09-26 22:00:00,0.587,0.013,-0.574,-67.9385,18.08991,9759938,NOAA_NOS,IAN,2022,2760.0
2022-09-26 23:00:00,0.653,0.06,-0.593,-67.9385,18.08991,9759938,NOAA_NOS,IAN,2022,2820.0
2022-09-27 00:00:00,0.705,0.087,-0.618,-67.9385,18.08991,9759938,NOAA_NOS,IAN,2022,2880.0
2022-09-27 01:00:00,0.741,0.075,-0.666,-67.9385,18.08991,9759938,NOAA_NOS,IAN,2022,2940.0
2022-09-27 02:00:00,0.584,0.032,-0.5519999999999999,-67.9385,18.08991,9759938,NOAA_NOS,IAN,2022,3000.0
2022-09-27 03:00:00,0.436,-0.039,-0.475,-67.9385,18.08991,9759938,NOAA_NOS,IAN,2022,3060.0
2022-09-27 04:00:00,0.377,-0.115,-0.492,-67.9385,18.08991,9759938,NOAA_NOS,IAN,2022,3120.0
2022-09-27 05:00:00,0.397,-0.176,-0.573,-67.9385,18.08991,9759938,NOAA_NOS,IAN,2022,3180.0
2022-09-27 06:00:00,0.538,-0.207,-0.745,-67.9385,18.08991,9759938,NOAA_NOS,IAN,2022,3240.0
2022-09-27 07:00:00,0.486,-0.2,-0.6859999999999999,-67.9385,18.08991,9759938,NOAA_NOS,IAN,2022,3300.0
2022-09-27 08:00:00,0.423,-0.156,-0.579,-67.9385,18.08991,9759938,NOAA_NOS,IAN,2022,3360.0
2022-09-27 09:00:00,0.433,-0.078,-0.511,-67.9385,18.08991,9759938,NOAA_NOS,IAN,2022,3420.0
2022-09-27 10:00:00,0.456,0.023,-0.433,-67.9385,18.08991,9759938,NOAA_NOS,IAN,2022,3480.0
2022-09-27 11:00:00,0.367,0.128,-0.239,-67.9385,18.08991,9759938,NOAA_NOS,IAN,2022,3540.0
2022-09-27 12:00:00,0.741,0.212,-0.529,-67.9385,18.08991,9759938,NOAA_NOS,IAN,2022,3600.0
2022-09-27 13:00:00,0.728,0.262,-0.4659999999999999,-67.9385,18.08991,9759938,NOAA_NOS,IAN,2022,3660.0
2022-09-27 14:00:00,0.712,0.271,-0.4409999999999999,-67.9385,18.08991,9759938,NOAA_NOS,IAN,2022,3720.0
2022-09-27 15:00:00,0.873,0.236,-0.637,-67.9385,18.08991,9759938,NOAA_NOS,IAN,2022,3780.0
2022-09-27 16:00:00,0.715,0.172,-0.5429999999999999,-67.9385,18.08991,9759938,NOAA_NOS,IAN,2022,3840.0
2022-09-27 17:00:00,0.561,0.096,-0.4650000000000001,-67.9385,18.08991,9759938,NOAA_NOS,IAN,2022,3900.0
2022-09-27 18:00:00,0.564,0.027,-0.5369999999999999,-67.9385,18.08991,9759938,NOAA_NOS,IAN,2022,3960.0
2022-09-27 19:00:00,0.554,-0.025,-0.5790000000000001,-67.9385,18.08991,9759938,NOAA_NOS,IAN,2022,4020.0
2022-09-27 20:00:00,0.489,-0.058,-0.547,-67.9385,18.08991,9759938,NOAA_NOS,IAN,2022,4080.0
2022-09-27 21:00:00,0.463,-0.068,-0.531,-67.9385,18.08991,9759938,NOAA_NOS,IAN,2022,4140.0
2022-09-27 22:00:00,0.417,-0.058,-0.475,-67.9385,18.08991,9759938,NOAA_NOS,IAN,2022,4200.0
2022-09-27 23:00:00,0.413,-0.037,-0.4499999999999999,-67.9385,18.08991,9759938,NOAA_NOS,IAN,2022,4260.0
2022-09-28 00:00:00,0.456,-0.023,-0.479,-67.9385,18.08991,9759938,NOAA_NOS,IAN,2022,4320.0
2022-09-28 01:00:00,0.489,-0.024,-0.513,-67.9385,18.08991,9759938,NOAA_NOS,IAN,2022,4380.0
2022-09-28 02:00:00,0.407,-0.047,-0.4539999999999999,-67.9385,18.08991,9759938,NOAA_NOS,IAN,2022,4440.0
2022-09-28 03:00:00,0.338,-0.095,-0.433,-67.9385,18.08991,9759938,NOAA_NOS,IAN,2022,4500.0
2022-09-28 04:00:00,0.217,-0.156,-0.373,-67.9385,18.08991,9759938,NOAA_NOS,IAN,2022,4560.0
2022-09-28 05:00:00,0.138,-0.212,-0.35,-67.9385,18.08991,9759938,NOAA_NOS,IAN,2022,4620.0
2022-09-28 06:00:00,0.154,-0.241,-0.395,-67.9385,18.08991,9759938,NOAA_NOS,IAN,2022,4680.0
2022-09-28 07:00:00,0.19,-0.24,-0.43,-67.9385,18.08991,9759938,NOAA_NOS,IAN,2022,4740.0
2022-09-28 08:00:00,0.243,-0.199,-0.442,-67.9385,18.08991,9759938,NOAA_NOS,IAN,2022,4800.0
2022-09-28 09:00:00,0.341,-0.128,-0.469,-67.9385,18.08991,9759938,NOAA_NOS,IAN,2022,4860.0
2022-09-28 10:00:00,0.312,-0.028,-0.34,-67.9385,18.08991,9759938,NOAA_NOS,IAN,2022,4920.0
2022-09-28 11:00:00,0.479,0.083,-0.3959999999999999,-67.9385,18.08991,9759938,NOAA_NOS,IAN,2022,4980.0
2022-09-28 12:00:00,0.545,0.185,-0.36,-67.9385,18.08991,9759938,NOAA_NOS,IAN,2022,5040.0
2022-09-28 13:00:00,0.686,0.261,-0.425,-67.9385,18.08991,9759938,NOAA_NOS,IAN,2022,5100.0
2022-09-28 14:00:00,0.82,0.302,-0.518,-67.9385,18.08991,9759938,NOAA_NOS,IAN,2022,5160.0
2022-09-28 15:00:00,0.778,0.303,-0.475,-67.9385,18.08991,9759938,NOAA_NOS,IAN,2022,5220.0
2022-09-28 16:00:00,0.784,0.265,-0.519,-67.9385,18.08991,9759938,NOAA_NOS,IAN,2022,5280.0
2022-09-28 17:00:00,0.725,0.204,-0.521,-67.9385,18.08991,9759938,NOAA_NOS,IAN,2022,5340.0
2022-09-28 18:00:00,0.696,0.139,-0.5569999999999999,-67.9385,18.08991,9759938,NOAA_NOS,IAN,2022,5400.0
2022-09-28 19:00:00,0.738,0.083,-0.655,-67.9385,18.08991,9759938,NOAA_NOS,IAN,2022,5460.0
2022-09-28 20:00:00,0.787,0.04,-0.747,-67.9385,18.08991,9759938,NOAA_NOS,IAN,2022,5520.0
2022-09-28 21:00:00,0.715,0.009,-0.706,-67.9385,18.08991,9759938,NOAA_NOS,IAN,2022,5580.0
2022-09-28 22:00:00,0.561,-0.007,-0.5680000000000001,-67.9385,18.08991,9759938,NOAA_NOS,IAN,2022,5640.0
2022-09-28 23:00:00,0.515,-0.016,-0.531,-67.9385,18.08991,9759938,NOAA_NOS,IAN,2022,5700.0
2022-09-29 00:00:00,0.561,-0.03,-0.5910000000000001,-67.9385,18.08991,9759938,NOAA_NOS,IAN,2022,5760.0
2022-09-29 01:00:00,0.636,-0.06,-0.696,-67.9385,18.08991,9759938,NOAA_NOS,IAN,2022,5820.0
2022-09-29 02:00:00,0.541,-0.107,-0.648,-67.9385,18.08991,9759938,NOAA_NOS,IAN,2022,5880.0
2022-09-29 03:00:00,0.407,-0.171,-0.578,-67.9385,18.08991,9759938,NOAA_NOS,IAN,2022,5940.0
2022-09-29 04:00:00,0.187,-0.249,-0.436,-67.9385,18.08991,9759938,NOAA_NOS,IAN,2022,6000.0
2022-09-29 05:00:00,0.161,-0.32,-0.481,-67.9385,18.08991,9759938,NOAA_NOS,IAN,2022,6060.0
2022-09-29 06:00:00,0.105,-0.365,-0.47,-67.9385,18.08991,9759938,NOAA_NOS,IAN,2022,6120.0
2022-09-29 07:00:00,0.095,-0.37,-0.4649999999999999,-67.9385,18.08991,9759938,NOAA_NOS,IAN,2022,6180.0
2022-09-29 08:00:00,0.194,-0.331,-0.525,-67.9385,18.08991,9759938,NOAA_NOS,IAN,2022,6240.0
2022-09-29 09:00:00,0.226,-0.249,-0.475,-67.9385,18.08991,9759938,NOAA_NOS,IAN,2022,6300.0
2022-09-29 10:00:00,0.233,-0.136,-0.369,-67.9385,18.08991,9759938,NOAA_NOS,IAN,2022,6360.0
2022-09-29 11:00:00,0.335,-0.0,-0.335,-67.9385,18.08991,9759938,NOAA_NOS,IAN,2022,6420.0
2022-09-29 12:00:00,0.443,0.135,-0.308,-67.9385,18.08991,9759938,NOAA_NOS,IAN,2022,6480.0
2022-09-29 13:00:00,0.587,0.254,-0.3329999999999999,-67.9385,18.08991,9759938,NOAA_NOS,IAN,2022,6540.0
2022-09-29 14:00:00,0.764,0.339,-0.425,-67.9385,18.08991,9759938,NOAA_NOS,IAN,2022,6600.0
2022-09-29 15:00:00,0.837,0.384,-0.4529999999999999,-67.9385,18.08991,9759938,NOAA_NOS,IAN,2022,6660.0
2022-09-29 16:00:00,0.778,0.386,-0.392,-67.9385,18.08991,9759938,NOAA_NOS,IAN,2022,6720.0
2022-09-29 17:00:00,0.83,0.352,-0.478,-67.9385,18.08991,9759938,NOAA_NOS,IAN,2022,6780.0
2022-09-29 18:00:00,0.899,0.295,-0.6040000000000001,-67.9385,18.08991,9759938,NOAA_NOS,IAN,2022,6840.0
2022-09-29 19:00:00,0.925,0.234,-0.6910000000000001,-67.9385,18.08991,9759938,NOAA_NOS,IAN,2022,6900.0
2022-09-29 20:00:00,0.889,0.171,-0.718,-67.9385,18.08991,9759938,NOAA_NOS,IAN,2022,6960.0
2022-09-29 21:00:00,0.81,0.112,-0.6980000000000001,-67.9385,18.08991,9759938,NOAA_NOS,IAN,2022,7020.0
2022-09-29 22:00:00,0.715,0.053,-0.6619999999999999,-67.9385,18.08991,9759938,NOAA_NOS,IAN,2022,7080.0
2022-09-29 23:00:00,0.656,0.003,-0.653,-67.9385,18.08991,9759938,NOAA_NOS,IAN,2022,7140.0
2022-09-30 00:00:00,0.499,-0.042,-0.541,-67.9385,18.08991,9759938,NOAA_NOS,IAN,2022,7200.0
2022-09-30 01:00:00,0.509,-0.09,-0.599,-67.9385,18.08991,9759938,NOAA_NOS,IAN,2022,7260.0
2022-09-30 02:00:00,0.548,-0.143,-0.6910000000000001,-67.9385,18.08991,9759938,NOAA_NOS,IAN,2022,7320.0
2022-09-30 03:00:00,0.42,-0.204,-0.624,-67.9385,18.08991,9759938,NOAA_NOS,IAN,2022,7380.0
2022-09-30 04:00:00,0.23,-0.272,-0.502,-67.9385,18.08991,9759938,NOAA_NOS,IAN,2022,7440.0
2022-09-30 05:00:00,0.092,-0.345,-0.4369999999999999,-67.9385,18.08991,9759938,NOAA_NOS,IAN,2022,7500.0
2022-09-30 06:00:00,-0.036,-0.4,-0.364,-67.9385,18.08991,9759938,NOAA_NOS,IAN,2022,7560.0
2022-09-30 07:00:00,0.013,-0.422,-0.435,-67.9385,18.08991,9759938,NOAA_NOS,IAN,2022,7620.0
2022-09-30 08:00:00,0.062,-0.405,-0.467,-67.9385,18.08991,9759938,NOAA_NOS,IAN,2022,7680.0
2022-09-30 09:00:00,0.203,-0.344,-0.5469999999999999,-67.9385,18.08991,9759938,NOAA_NOS,IAN,2022,7740.0
2022-09-30 10:00:00,0.144,-0.247,-0.391,-67.9385,18.08991,9759938,NOAA_NOS,IAN,2022,7800.0
2022-09-30 11:00:00,0.338,-0.123,-0.461,-67.9385,18.08991,9759938,NOAA_NOS,IAN,2022,7860.0
2022-09-30 12:00:00,0.4,0.019,-0.381,-67.9385,18.08991,9759938,NOAA_NOS,IAN,2022,7920.0
2022-09-30 13:00:00,0.558,0.156,-0.402,-67.9385,18.08991,9759938,NOAA_NOS,IAN,2022,7980.0
2022-09-30 14:00:00,0.787,0.273,-0.514,-67.9385,18.08991,9759938,NOAA_NOS,IAN,2022,8040.0
2022-09-30 15:00:00,0.85,0.361,-0.489,-67.9385,18.08991,9759938,NOAA_NOS,IAN,2022,8100.0
2022-09-30 16:00:00,0.876,0.412,-0.464,-67.9385,18.08991,9759938,NOAA_NOS,IAN,2022,8160.0
2022-09-30 17:00:00,0.892,0.423,-0.469,-67.9385,18.08991,9759938,NOAA_NOS,IAN,2022,8220.0
2022-09-30 18:00:00,1.037,0.405,-0.6319999999999999,-67.9385,18.08991,9759938,NOAA_NOS,IAN,2022,8280.0
2022-09-30 19:00:00,0.938,0.369,-0.569,-67.9385,18.08991,9759938,NOAA_NOS,IAN,2022,8340.0
2022-09-30 20:00:00,0.981,0.324,-0.657,-67.9385,18.08991,9759938,NOAA_NOS,IAN,2022,8400.0
2022-09-30 21:00:00,0.951,0.269,-0.6819999999999999,-67.9385,18.08991,9759938,NOAA_NOS,IAN,2022,8460.0
2022-09-30 22:00:00,0.853,0.206,-0.647,-67.9385,18.08991,9759938,NOAA_NOS,IAN,2022,8520.0
2022-09-30 23:00:00,0.751,0.131,-0.62,-67.9385,18.08991,9759938,NOAA_NOS,IAN,2022,8580.0
2022-10-01 00:00:00,0.6,0.051,-0.5489999999999999,-67.9385,18.08991,9759938,NOAA_NOS,IAN,2022,8640.0
2022-10-01 01:00:00,0.492,-0.031,-0.523,-67.9385,18.08991,9759938,NOAA_NOS,IAN,2022,8700.0
2022-10-01 02:00:00,0.417,-0.121,-0.538,-67.9385,18.08991,9759938,NOAA_NOS,IAN,2022,8760.0
2022-10-01 03:00:00,0.43,-0.216,-0.646,-67.9385,18.08991,9759938,NOAA_NOS,IAN,2022,8820.0
2022-10-01 04:00:00,0.308,-0.297,-0.605,-67.9385,18.08991,9759938,NOAA_NOS,IAN,2022,8880.0
2022-10-01 05:00:00,0.194,-0.371,-0.565,-67.9385,18.08991,9759938,NOAA_NOS,IAN,2022,8940.0
2022-10-01 06:00:00,0.072,-0.428,-0.5,-67.9385,18.08991,9759938,NOAA_NOS,IAN,2022,9000.0
2022-10-01 07:00:00,0.023,-0.454,-0.477,-67.9385,18.08991,9759938,NOAA_NOS,IAN,2022,9060.0
2022-10-01 08:00:00,0.052,-0.449,-0.501,-67.9385,18.08991,9759938,NOAA_NOS,IAN,2022,9120.0
2022-10-01 09:00:00,0.089,-0.422,-0.511,-67.9385,18.08991,9759938,NOAA_NOS,IAN,2022,9180.0
2022-10-01 10:00:00,0.167,-0.362,-0.529,-67.9385,18.08991,9759938,NOAA_NOS,IAN,2022,9240.0
2022-10-01 11:00:00,0.312,-0.268,-0.5800000000000001,-67.9385,18.08991,9759938,NOAA_NOS,IAN,2022,9300.0
2022-10-01 12:00:00,0.358,-0.145,-0.503,-67.9385,18.08991,9759938,NOAA_NOS,IAN,2022,9360.0
2022-10-01 13:00:00,0.43,0.003,-0.427,-67.9385,18.08991,9759938,NOAA_NOS,IAN,2022,9420.0
2022-10-01 14:00:00,0.574,0.156,-0.4179999999999999,-67.9385,18.08991,9759938,NOAA_NOS,IAN,2022,9480.0
2022-10-01 15:00:00,0.741,0.29,-0.451,-67.9385,18.08991,9759938,NOAA_NOS,IAN,2022,9540.0
2022-10-01 16:00:00,0.84,0.392,-0.4479999999999999,-67.9385,18.08991,9759938,NOAA_NOS,IAN,2022,9600.0
2022-10-01 17:00:00,0.873,0.452,-0.421,-67.9385,18.08991,9759938,NOAA_NOS,IAN,2022,9660.0
2022-10-01 18:00:00,0.955,0.471,-0.484,-67.9385,18.08991,9759938,NOAA_NOS,IAN,2022,9720.0
2022-10-01 19:00:00,1.06,0.452,-0.6080000000000001,-67.9385,18.08991,9759938,NOAA_NOS,IAN,2022,9780.0
2022-10-01 20:00:00,1.063,0.41,-0.653,-67.9385,18.08991,9759938,NOAA_NOS,IAN,2022,9840.0
2022-10-01 21:00:00,1.024,0.36,-0.664,-67.9385,18.08991,9759938,NOAA_NOS,IAN,2022,9900.0
2022-10-01 22:00:00,0.981,0.293,-0.688,-67.9385,18.08991,9759938,NOAA_NOS,IAN,2022,9960.0
2022-10-01 23:00:00,0.814,0.213,-0.601,-67.9385,18.08991,9759938,NOAA_NOS,IAN,2022,10020.0
